source_file,ref_formid,base_formid,base_editorid,base_signature,pos_x,pos_y,pos_z,rot_z
Backpacks of the Commonwealth.esp,2D01F992,0004D207,CartWheeledGarage01,STAT,-57972.046875,-53794.464844,2880.000000,2.8648
Backpacks of the Commonwealth.esp,2D0D7695,0007C702,DN088_SafeDoor01,DOOR,-115862.000000,-108330.328125,12104.705078,97.4029
Backpacks of the Commonwealth.esp,2D0DBAE9,0018E97F,BunExtShutter01,STAT,-115369.531250,-107796.242187,12036.786133,90.0001
Backpacks of the Commonwealth.esp,2D0DBAE8,00094731,SecurityGateSmLatch01,DOOR,-115413.421875,-107513.625000,12037.056641,45.8367
Backpacks of the Commonwealth.esp,2D0D7696,00026F01,SafeNoDoor,STAT,-115861.531250,-108330.203125,12104.864258,97.4029
Backpacks of the Commonwealth.esp,2D0BDCAD,2D09B9EC,backpack_pot_BPNukaGold,ALCH,-116087.570312,-108414.882812,12047.800781,63.0254
Backpacks of the Commonwealth.esp,2D0685BC,000F2B91,LvlFeralGhoulGlowingOneAmbush,NPC_,-115250.210937,-106969.148437,11833.734375,34.3775
Backpacks of the Commonwealth.esp,2D0685BB,000F2B91,LvlFeralGhoulGlowingOneAmbush,NPC_,-114931.093750,-107630.187500,11858.510742,80.2142
Backpacks of the Commonwealth.esp,2D05FCB4,2D04B806,backpack_npc_BPGhoul_encFeralGhoulGlowing03AmbushLegendary,NPC_,-115839.210937,-107897.187500,12048.335938,35.3409
Backpacks of the Commonwealth.esp,2D009C6A,2D00DB9E,backpack_pBookBackpacksArmoredInfantry,BOOK,-55573.113281,68108.812500,6880.625977,285.5156
Backpacks of the Commonwealth.esp,2D023E1C,0008BB1A,NpcBenchShortFederalistSit01Static,STAT,-44578.882812,85783.101562,605.568970,91.6733
Backpacks of the Commonwealth.esp,2D023E1B,0001A4B9,Newspaper01,MISC,-44581.257812,85797.765625,647.192932,0.8973
Backpacks of the Commonwealth.esp,2D023E1A,000286F5,Newspaper,MISC,-44580.804688,85808.921875,649.838135,104.0960
Backpacks of the Commonwealth.esp,2D023E19,000286F5,Newspaper,MISC,-44582.449219,85790.507812,651.558899,280.7497
Backpacks of the Commonwealth.esp,2D023E18,000286F5,Newspaper,MISC,-44580.195312,85798.148438,649.838135,281.7129
Backpacks of the Commonwealth.esp,2D023E17,000286F5,Newspaper,MISC,-44582.804688,85804.898438,652.101746,104.0962
Backpacks of the Commonwealth.esp,2D023E16,000286F5,Newspaper,MISC,-44585.339844,85789.828125,649.384033,104.0960
Backpacks of the Commonwealth.esp,2D00B56E,0003712A,NpcChairFederalistOfficeSit01Static,STAT,3948.045410,-24815.384766,8858.163086,277.7043
Backpacks of the Commonwealth.esp,2D005536,2D005537,backpack_modelPosterBPFactory,STAT,22417.884766,-28172.265625,929.000793,18.6440
Backpacks of the Commonwealth.esp,2D004D9A,00047E3D,VineDecalLarge03,STAT,22089.486328,-28238.064453,1086.445435,0.0197
Backpacks of the Commonwealth.esp,2D004D99,000457C3,VineHanging02,STAT,21932.556641,-28265.490234,1131.285400,358.6463
Backpacks of the Commonwealth.esp,2D004D98,0004D320,VineHanging07,STAT,21814.681641,-28208.990234,1255.085693,62.0620
Backpacks of the Commonwealth.esp,2D004D97,0010EBAB,DecoMainA1x1Cor03,STAT,21870.257812,-28231.609375,928.000000,359.0368
Backpacks of the Commonwealth.esp,2D004D96,0010EBAB,DecoMainA1x1Cor03,STAT,21870.226562,-28210.160156,928.000000,89.0368
Backpacks of the Commonwealth.esp,2D004D95,0010EBAB,DecoMainA1x1Cor03,STAT,21870.257812,-28231.609375,672.000000,359.0368
Backpacks of the Commonwealth.esp,2D004D94,0010EBAB,DecoMainA1x1Cor03,STAT,21870.226562,-28210.160156,672.000000,89.0368
Backpacks of the Commonwealth.esp,2D004D93,0010EBAB,DecoMainA1x1Cor03,STAT,21852.035156,-28220.757812,1155.763184,0.0000
Backpacks of the Commonwealth.esp,2D004D90,0010EBAB,DecoMainA1x1Cor03,STAT,22234.132812,-28222.062500,416.664673,266.6535
Backpacks of the Commonwealth.esp,2D004D8F,0010EBAB,DecoMainA1x1Cor03,STAT,22272.847656,-28200.968750,416.664673,176.6535
Backpacks of the Commonwealth.esp,2D004D8E,0010EBAB,DecoMainA1x1Cor03,STAT,22273.777344,-28222.398437,416.664673,266.6535
Backpacks of the Commonwealth.esp,2D004D8B,0012B52A,defaultLightCool02GoboCageBulb,LIGH,22195.802734,-28340.925781,989.154602,86.6788
Backpacks of the Commonwealth.esp,2D004D89,0019A6AE,HighTechDebris01,STAT,22320.000000,-28608.000000,591.776672,146.1043
Backpacks of the Commonwealth.esp,2D004D88,0010EBAB,DecoMainA1x1Cor03,STAT,22273.777344,-28222.398437,928.000000,266.6535
Backpacks of the Commonwealth.esp,2D004D87,0010EBAB,DecoMainA1x1Cor03,STAT,22272.847656,-28200.968750,928.000000,176.6535
Backpacks of the Commonwealth.esp,2D004D86,0010EBAB,DecoMainA1x1Cor03,STAT,22273.777344,-28222.398437,672.000000,266.6535
Backpacks of the Commonwealth.esp,2D004D85,0010EBAB,DecoMainA1x1Cor03,STAT,22272.847656,-28200.968750,672.000000,176.6535
Backpacks of the Commonwealth.esp,2D004D82,0012BDAF,DecoMainA1x1AngleBDoorDouble01Full,STAT,22064.000000,-28048.000000,673.000000,314.1634
Backpacks of the Commonwealth.esp,2D004D3C,0008F5A5,CeilingCageLightShortOn,STAT,22068.173828,-28229.375000,868.274902,341.8484
Backpacks of the Commonwealth.esp,2D004D3B,0012B52A,defaultLightCool02GoboCageBulb,LIGH,22068.173828,-28229.375000,859.518799,84.9804
Backpacks of the Commonwealth.esp,2D004D3A,00056723,defaultLightCool02NS,LIGH,22083.972656,-28377.593750,861.825256,84.9804
Backpacks of the Commonwealth.esp,2D004D37,0003D773,HitDoorSm01,DOOR,24096.000000,-25456.000000,656.000000,297.9381
Backpacks of the Commonwealth.esp,2D08ECAE,2D09313D,backpack_npc_BPActorMutantEncSuperMutant09RifleLegendary,NPC_,4512.024414,-45817.398438,1480.171875,0.0000
Backpacks of the Commonwealth.esp,2D023E1F,2D006B1F,Backpack_Armor_BPRaider,ARMO,-85035.523438,23865.839844,4240.324219,348.4004
Backpacks of the Commonwealth.esp,2D023E15,2D00636D,Backpack_Armor_BPMailBag,ARMO,-44562.917969,85769.445312,639.351501,282.1230
Backpacks of the Commonwealth.esp,2D01F993,2D052F5B,Backpack_Armor_BPRadio,ARMO,-57967.062500,-53809.949219,2945.495605,0.9271
Backpacks of the Commonwealth.esp,2D05FCB5,2D020C1F,Backpack_Armor_BPBattery,ARMO,-115857.781250,-108330.726562,12129.596680,183.1304
Backpacks of the Commonwealth.esp,2D052F59,2D04A763,Backpack_Armor_BPBedroll,ARMO,43581.601562,91607.437500,3895.164551,287.4927
Backpacks of the Commonwealth.esp,2D052F48,2D041D7E,Backpack_Armor_BPShoulder,ARMO,-67265.523437,76766.140625,6635.819336,297.3509
Backpacks of the Commonwealth.esp,2D03EAEC,0001F65A,RoofHatch01,DOOR,22738.351562,-27934.562500,601.453491,286.7954
Backpacks of the Commonwealth.esp,2D00B56F,2D03E0CA,Backpack_Armor_BPWastelander,ARMO,3921.547852,-24830.433594,8849.951172,182.1330
Backpacks of the Commonwealth.esp,2D00B55C,2D00B745,Backpack_Armor_BPMilitary,ARMO,26804.148437,-85445.718750,1347.250977,176.4539
Backpacks of the Commonwealth.esp,2D006DDD,0000003B,XMarker,STAT,22078.324219,-28385.904297,679.998230,0.0000
Backpacks of the Commonwealth.esp,2D006DDC,00000010,MapMarker,STAT,22079.261719,-28266.437500,681.359070,0.0000
Backpacks of the Commonwealth.esp,2D0066FC,00000034,XMarkerHeading,STAT,22062.753906,-28284.017578,694.113342,183.3465
Backpacks of the Commonwealth.esp,2D0055E7,0019EFC2,PaintedWoodDoorA01,DOOR,22081.968750,-28069.373047,679.999634,0.0000
Backpacks of the Commonwealth.esp,2D004D3D,00077CFE,PaintedWoodDoorDoubleLoadB01,DOOR,22066.164062,-28173.197266,680.118835,0.0000
Backpacks of the Commonwealth.esp,2D003E66,2D002E76,Backpack_Armor_BPLeather,ARMO,-50089.625000,54917.132812,4778.986816,327.7337
Backpacks of the Commonwealth.esp,2D00B560,2D007C2C,Backpack_Armor_BPWoodsman,ARMO,1867.496216,2159.218750,2508.460693,180.3465
Backpacks of the Commonwealth.esp,2D00FA54,00160B3B,DN144LvlDeathclaw,NPC_,2149.782471,1387.797363,2496.000000,87.8313
Backpacks of the Commonwealth.esp,2D009C6D,2D00DB9F,backpack_pBookBackpacksFuture,BOOK,524.493713,-801.262390,312.676422,303.6676
Backpacks of the Commonwealth.esp,2D005795,2D0640B7,backpack_x_BobbleHead_BPVaultCC100Charisma,MISC,3702.918457,-1193.677612,780.813599,68.7550
Backpacks of the Commonwealth.esp,2D00B54C,0018B21C,WoodCrate01Dest,MSTT,1338.440063,186.764221,-2806.812744,2.8648
Backpacks of the Commonwealth.esp,2D00B54D,2D0026E1,Backpack_Armor_BPMakeshift,ARMO,1318.865234,181.757980,-2750.734131,91.6732
Backpacks of the Commonwealth.esp,2D0A42A1,2D00AD66,Backpack_Armor_BPMountaineer,ARMO,2233.989990,2899.489502,292.265442,268.5266
Backpacks of the Commonwealth.esp,2D00B55B,2D002E9A,Backpack_Armor_BPScribe,ARMO,2240.953369,3683.207520,243.383621,17.4868
Backpacks of the Commonwealth.esp,2D00FA52,2D000F9C,Backpack_Armor_BPSquire,ARMO,-17852.593750,2436.138428,-445.315704,0.0000
Backpacks of the Commonwealth.esp,2D01B58C,0003251F,DefaultSetStageTriggerPlayerOnly,ACTI,-3953.154053,-2992.449219,-193.495789,0.0000
Backpacks of the Commonwealth.esp,2D01B554,2D01B589,backpack_x_BPVaultFancyBureauDoor01,DOOR,-3902.916748,-4054.169434,-278.345856,120.3211
Backpacks of the Commonwealth.esp,2D01B553,0009F42A,Prewar_Fancy_Bureau01,CONT,-3902.916748,-4054.169434,-278.345856,120.3211
Backpacks of the Commonwealth.esp,2D04A604,2D09B9EC,backpack_pot_BPNukaGold,ALCH,-3651.367187,-6893.757812,-837.677246,85.9437
Backpacks of the Commonwealth.esp,2D030BD1,2D030BCF,backpack_npc_Loot_CorpseGunnerJames,NPC_,-3751.526611,-3199.741455,-240.336014,177.6170
Backpacks of the Commonwealth.esp,2D030BC9,001AB88D,HighPoweredMagnet,MISC,-3317.979980,-7603.632812,-606.636597,0.0000
Backpacks of the Commonwealth.esp,2D030BC8,001AB88D,HighPoweredMagnet,MISC,-3791.052490,-3819.279541,-449.335297,0.0000
Backpacks of the Commonwealth.esp,2D0282F8,001A6E52,NpcChairHighTechOfficeChairDirtySit01,FURN,-3743.611572,-3534.677246,-526.331482,108.8620
Backpacks of the Commonwealth.esp,2D0282F7,2D0282F6,backpack_t_BPVaultSuit95TerminalWarning,TERM,-3684.932373,-3678.907715,-522.453613,183.3465
Backpacks of the Commonwealth.esp,2D0282F4,001655BA,CafeCounterBar01,STAT,-3682.345215,-3677.992920,-535.763428,181.6733
Backpacks of the Commonwealth.esp,2D01B587,00035A10,WaxCandlePuddle03,STAT,-3798.277832,-3941.312744,-229.337738,22.3449
Backpacks of the Commonwealth.esp,2D01B586,00035A10,WaxCandlePuddle03,STAT,-3796.635254,-3936.431641,-229.337738,247.3454
Backpacks of the Commonwealth.esp,2D01B585,00035A10,WaxCandlePuddle03,STAT,-3803.912598,-3942.297119,-229.337738,22.3449
Backpacks of the Commonwealth.esp,2D01B584,00035A0D,WaxCandlePuddle01,STAT,-3793.344727,-3934.484131,-229.337738,265.1064
Backpacks of the Commonwealth.esp,2D01B583,00035A0D,WaxCandlePuddle01,STAT,-3804.862305,-3946.000977,-229.337738,40.1070
Backpacks of the Commonwealth.esp,2D01B582,0002FACD,WaxCandle05Off,STAT,-3797.007568,-3936.367432,-229.337738,265.1064
Backpacks of the Commonwealth.esp,2D01B581,0002FA29,WaxCandle05,STAT,-3803.604004,-3942.079102,-229.337738,40.1070
Backpacks of the Commonwealth.esp,2D01B580,0002FA27,WaxCandle04,STAT,-3798.277832,-3941.312744,-229.337738,220.1071
Backpacks of the Commonwealth.esp,2D01B57F,0002FA27,WaxCandle04,STAT,-3789.282959,-3936.679443,-229.337738,265.1064
Backpacks of the Commonwealth.esp,2D01B57E,0002FA27,WaxCandle04,STAT,-3809.286377,-3947.320312,-229.337738,40.1070
Backpacks of the Commonwealth.esp,2D01B57D,0002FA50,WaxCandle03,STAT,-3793.281982,-3934.339600,-229.337738,310.1071
Backpacks of the Commonwealth.esp,2D01B57C,0002FA4E,WaxCandle01,STAT,-3804.804443,-3946.147461,-229.337738,40.1070
Backpacks of the Commonwealth.esp,2D01B57A,0003A32A,defaultLightCandle01FlickerNS,LIGH,-3802.131348,-3937.749268,-210.434158,40.1070
Backpacks of the Commonwealth.esp,2D01B573,0002FA27,WaxCandle04,STAT,-3829.030762,-4098.009766,-141.668930,177.6169
Backpacks of the Commonwealth.esp,2D01B572,0002FA27,WaxCandle04,STAT,-3860.711426,-4099.329590,-141.668930,177.6169
Backpacks of the Commonwealth.esp,2D01B571,000D83A6,FancyLightCandleHolder01,STAT,-3844.077637,-4116.937988,-147.249191,177.6169
Backpacks of the Commonwealth.esp,2D01B56F,000995B4,DefaultCandleLight01NS,LIGH,-3841.466309,-4055.335937,-138.242599,177.6169
Backpacks of the Commonwealth.esp,2D00E7B7,2D05B78B,Backpack_Armor_BPVault,ARMO,-3891.028320,-4065.006592,-209.285126,25.5380
Backpacks of the Commonwealth.esp,2D01B58E,2D05B78B,Backpack_Armor_BPVault,ARMO,-3891.028320,-4065.006592,-209.285126,25.5380
Backpacks of the Commonwealth.esp,2D0282FD,2D023E66,backpack_Armor_zVaultSuit95,ARMO,-3917.316406,-4046.557373,-210.369644,28.6479
Backpacks of the Commonwealth.esp,2D023E68,2D023E66,backpack_Armor_zVaultSuit95,ARMO,-3917.316406,-4046.557373,-210.369644,28.6479
Backpacks of the Commonwealth.esp,2D01B588,000AC5E9,VltDoorRes01A,DOOR,-3891.613525,-3120.400879,-271.291290,180.0000
Backpacks of the Commonwealth.esp,2D0170D5,2D0170CC,backpack_npc_BPAssaultron_EncAssaultron03Legendary,NPC_,-3605.460449,-3957.584473,-269.810944,0.0000
Backpacks of the Commonwealth.esp,2D00B550,000267C3,LvlFeralGhoulBoss1200,NPC_,-451.956268,2873.009766,-181.329956,97.4031
Backpacks of the Commonwealth.esp,2D00B56D,2D04EBCF,Backpack_Armor_BPDuffle,ARMO,-98.035950,3320.222412,-122.548325,72.8113
Backpacks of the Commonwealth.esp,2D023E6E,2D023E6B,backpack_Armor_zVaultSuit75,ARMO,572.363220,-2113.068115,2232.000000,0.0000
Backpacks of the Commonwealth.esp,2D00FA53,2D00D3F4,Backpack_Armor_BPStealth,ARMO,1227.607910,1570.539185,6702.839844,177.9652
Backpacks of the Commonwealth.esp,2D005794,2D06C96D,backpack_x_BobbleHead_BPVaultCC100Guns,MISC,-2939.045410,-5465.175781,78.275108,0.0000
Backpacks of the Commonwealth.esp,2D00B290,0003251F,DefaultSetStageTriggerPlayerOnly,ACTI,768.000000,4396.416504,256.000000,0.0000
Backpacks of the Commonwealth.esp,2D041CF0,0003251F,DefaultSetStageTriggerPlayerOnly,ACTI,758.902039,4475.092773,859.299255,0.0000
Backpacks of the Commonwealth.esp,2D00B28F,0003251F,DefaultSetStageTriggerPlayerOnly,ACTI,761.856934,4467.015625,499.098389,0.0000
Backpacks of the Commonwealth.esp,2D008599,000517B0,DefaultLightWhite01NS,LIGH,550.687500,2689.145264,128.723572,46.5356
Backpacks of the Commonwealth.esp,2D008597,000FDEE8,defaultLightWarm01NSNonSpec,LIGH,568.933594,2678.531006,21.698290,119.7153
Backpacks of the Commonwealth.esp,2D0A429F,2D09B9EC,backpack_pot_BPNukaGold,ALCH,-559.322205,2543.951660,-130.414902,269.9298
Backpacks of the Commonwealth.esp,2D09FE4D,2D06C975,backpack_x_BobbleHead_BPVaultCC100Energy,MISC,1335.785889,1431.238892,24.328918,326.5860
Backpacks of the Commonwealth.esp,2D09FE4C,000978CA,FancyTableRectangle01,STAT,1339.449829,1429.098389,-32.171082,49.2743
Backpacks of the Commonwealth.esp,2D005791,0004CD67,HighTechRoundTable01_Dirty,STAT,1382.451416,1624.317261,-32.171066,0.0000
Backpacks of the Commonwealth.esp,2D0640BA,0008E7C5,OilLampOn,STAT,-6.714832,5711.378906,820.526001,211.9945
Backpacks of the Commonwealth.esp,2D0640B9,06046BEC,DLC04OilLampLight01NSFlicker,LIGH,-6.515530,5711.320312,834.419128,97.4029
Backpacks of the Commonwealth.esp,2D0640B8,000EA1B8,ModernDomesticTableSmall01,STAT,-6.828053,5708.363281,764.838501,269.2903
Backpacks of the Commonwealth.esp,2D0640B6,000347E7,BonesRibCagePelvis,MISC,590.509766,1673.061401,-25.937855,319.8930
Backpacks of the Commonwealth.esp,2D0640B5,2D046151,backpack_keyx_kBPRoomSecretSafeKey,KEYM,205.379395,4168.522461,878.334473,286.6639
Backpacks of the Commonwealth.esp,2D0640B2,00043341,ShackBalconyRailing03,STAT,1091.720947,2163.893311,187.756882,122.7047
Backpacks of the Commonwealth.esp,2D0640B1,00034701,ShackBalconyRailing01,STAT,1080.192505,3146.968750,51.079918,0.1233
Backpacks of the Commonwealth.esp,2D0640B0,000E0BAF,workshop_ShackBridge01,STAT,1050.365234,3012.751465,46.279282,63.0254
Backpacks of the Commonwealth.esp,2D0640AE,001EC1DD,ShackMidRoof01B,STAT,1231.978760,3084.342041,-79.957153,270.0001
Backpacks of the Commonwealth.esp,2D0640AD,001EC1DD,ShackMidRoof01B,STAT,1189.115479,2804.596436,-133.717606,270.0000
Backpacks of the Commonwealth.esp,2D0640AC,00043341,ShackBalconyRailing03,STAT,1241.192139,2436.085205,309.238831,357.6173
Backpacks of the Commonwealth.esp,2D0640AB,00043341,ShackBalconyRailing03,STAT,1124.199951,2434.103760,242.474442,357.6173
Backpacks of the Commonwealth.esp,2D0640AA,00043341,ShackBalconyRailing03,STAT,1365.330200,2174.401367,357.900665,179.8346
Backpacks of the Commonwealth.esp,2D0640A9,00043341,ShackBalconyRailing03,STAT,1352.987671,2164.872803,361.377869,265.9440
Backpacks of the Commonwealth.esp,2D0640A8,00043340,ShackBalconyRailing02,STAT,1135.011597,2161.326904,239.686218,179.7576
Backpacks of the Commonwealth.esp,2D0640A7,00043341,ShackBalconyRailing03,STAT,1261.063599,2168.387207,310.638611,178.7943
Backpacks of the Commonwealth.esp,2D0640A6,00043340,ShackBalconyRailing02,STAT,1050.362915,1898.110107,-6.596535,93.9432
Backpacks of the Commonwealth.esp,2D0640A4,00043340,ShackBalconyRailing02,STAT,1078.105957,1974.849243,78.980515,94.9064
Backpacks of the Commonwealth.esp,2D0640A5,00043341,ShackBalconyRailing03,STAT,1080.798584,2112.639893,136.176224,93.9432
Backpacks of the Commonwealth.esp,2D0640A3,00043340,ShackBalconyRailing02,STAT,825.811829,2257.599365,-35.745705,276.3265
Backpacks of the Commonwealth.esp,2D0640A2,00043341,ShackBalconyRailing03,STAT,821.936523,2385.679932,-45.143173,271.5602
Backpacks of the Commonwealth.esp,2D0640A1,00043340,ShackBalconyRailing02,STAT,828.154846,2513.219727,-65.087952,276.3265
Backpacks of the Commonwealth.esp,2D0640A0,00043340,ShackBalconyRailing02,STAT,958.814331,2500.235107,-146.080261,94.9065
Backpacks of the Commonwealth.esp,2D06409F,00043341,ShackBalconyRailing03,STAT,950.917419,2369.441650,-131.325638,93.9432
Backpacks of the Commonwealth.esp,2D06409E,00043340,ShackBalconyRailing02,STAT,959.497437,2245.620117,-123.678650,93.9432
Backpacks of the Commonwealth.esp,2D06409D,00029076,ShackWallOuter03,STAT,1060.867920,2810.369873,-136.610748,90.0000
Backpacks of the Commonwealth.esp,2D05B795,00165012,OfficePaperDebris03,STAT,-679.677979,2061.652100,-160.171066,0.0000
Backpacks of the Commonwealth.esp,2D05B794,001AB88D,HighPoweredMagnet,MISC,-745.657715,2055.625000,-104.171059,0.0000
Backpacks of the Commonwealth.esp,2D05B793,000A0E3A,Loot_CorpseTraderMale,NPC_,78.847664,3274.374023,139.054611,0.0000
Backpacks of the Commonwealth.esp,2D008596,00004E3B,CageBulb01,STAT,550.687500,2689.145264,138.048950,0.0000
Backpacks of the Commonwealth.esp,2D008593,001487C1,WorkbenchChemistryB,FURN,-4.994141,3302.292969,106.432571,180.0002
Backpacks of the Commonwealth.esp,2D00B27F,000347E1,BonesSkull,MISC,673.123962,1658.872070,-26.352573,331.0047
Backpacks of the Commonwealth.esp,2D057332,000A0E31,Loot_CorpseRaiderFemale01,NPC_,1532.328247,3031.576172,206.803284,0.0000
Backpacks of the Commonwealth.esp,2D057331,00097339,Loot_CorpseRaiderMale05,NPC_,457.436157,3539.395752,196.273514,189.0761
Backpacks of the Commonwealth.esp,2D052EC5,001111C6,NpcChairTheaterTilt03,STAT,46.096855,2334.335449,-160.171021,146.5860
Backpacks of the Commonwealth.esp,2D052EC4,001111CA,NpcChairTheaterTilt01,STAT,-20.680424,2290.280273,-160.171021,146.5860
Backpacks of the Commonwealth.esp,2D052EC3,001111CB,NpcChairTheaterTilt02,STAT,12.708218,2312.307861,-160.171021,146.5860
Backpacks of the Commonwealth.esp,2D00858F,00062317,Shack_Single_Plywood02,STAT,865.451172,5902.097168,902.240356,6.3028
Backpacks of the Commonwealth.esp,2D00858D,000E6B2E,AmmoFatManMiniNuke,AMMO,1580.922363,2875.945068,215.994888,23.6438
Backpacks of the Commonwealth.esp,2D008582,002098D0,CombatZoneMainPlatform01,STAT,760.089844,2972.160156,-0.171066,0.0000
Backpacks of the Commonwealth.esp,2D008581,001C501B,ShackMidFloor01B,STAT,512.547852,2814.118652,-127.794670,90.0001
Backpacks of the Commonwealth.esp,2D008580,001C501B,ShackMidFloor01B,STAT,-244.402344,3306.992676,110.271339,90.0000
Backpacks of the Commonwealth.esp,2D00857F,000F7C37,BldDecoSmFlrPlatChunk01_NoDropCeil,STAT,-420.497070,2638.708496,-158.956070,0.0000
Backpacks of the Commonwealth.esp,2D008576,00060CB4,Loot_AmmoBox,CONT,101.677734,2513.017090,429.845642,84.7978
Backpacks of the Commonwealth.esp,2D052EB6,00097336,Loot_CorpseRaiderMale04,NPC_,312.855408,3233.863037,180.890747,18.1522
Backpacks of the Commonwealth.esp,2D04A5D2,0002C1B8,FenceChainlinkHalf01,STAT,946.755798,1792.026245,13.920996,123.3213
Backpacks of the Commonwealth.esp,2D060E0F,000223DD,FenceChainlinkGate01R,STAT,872.455994,1678.244385,-60.015022,183.3465
Backpacks of the Commonwealth.esp,2D052EB5,000CE94B,JunkWallGate01,DOOR,719.562927,3048.425537,-116.746567,0.0000
Backpacks of the Commonwealth.esp,2D04EA49,000A0E38,Loot_CorpseGunnerMale,NPC_,795.813049,4498.501953,213.975128,183.3465
Backpacks of the Commonwealth.esp,2D04EA4C,00097335,Loot_CorpseRaiderMale03,NPC_,792.731995,4460.470703,224.673294,0.0000
Backpacks of the Commonwealth.esp,2D04EA4A,000A0E3B,Loot_CorpseTraderFemale,NPC_,698.429871,4484.832520,221.569229,171.8874
Backpacks of the Commonwealth.esp,2D04EA5A,00059B27,AlarmClock,MISC,-774.092957,2093.083496,-104.171066,246.3719
Backpacks of the Commonwealth.esp,2D04EA59,00165022,OfficePaperDebris07,STAT,-729.836304,2005.807007,-104.171051,0.0000
Backpacks of the Commonwealth.esp,2D04EA58,00165025,OfficePaperDebrisSinglePg02,STAT,-648.699829,2188.655029,-129.021011,0.0000
Backpacks of the Commonwealth.esp,2D04EA57,00165012,OfficePaperDebris03,STAT,-622.269897,2549.689453,-159.192505,114.5916
Backpacks of the Commonwealth.esp,2D04EA56,0016501E,OfficePaperDebris06,STAT,-544.251404,2463.584473,-103.427048,80.2141
Backpacks of the Commonwealth.esp,2D04EA55,00165014,OfficePaperDebris04,STAT,-562.329651,2474.858154,-102.558617,28.6479
Backpacks of the Commonwealth.esp,2D04EA54,00165015,OfficePaperDebris05,STAT,-569.545105,2399.550537,-103.437042,97.4029
Backpacks of the Commonwealth.esp,2D04EA53,00165012,OfficePaperDebris03,STAT,-591.563782,2305.094971,-159.714874,0.0000
Backpacks of the Commonwealth.esp,2D04EA52,0003A9F2,OfficePaperDebris01,STAT,-474.919495,2339.901367,-158.780014,0.0000
Backpacks of the Commonwealth.esp,2D04EA50,2D04EA4E,backpack_t_BPLoreTerminal,TERM,-567.304932,2435.279053,-159.657944,103.1324
Backpacks of the Commonwealth.esp,2D04EA4D,0012EA9B,WorkbenchArmorA,FURN,-414.834991,2553.126221,-160.171066,85.9437
Backpacks of the Commonwealth.esp,2D04EA48,000347E1,BonesSkull,MISC,690.358276,4534.443359,220.795212,188.1121
Backpacks of the Commonwealth.esp,2D04A5DB,2D04A5D8,backpack_x_BPRoomSignFrameMetalRectPoster01NukaCola,STAT,322.398529,4769.769043,980.331055,180.0000
Backpacks of the Commonwealth.esp,2D04A5D7,00129257,SignFrameMetalRectPoster01NukaCola,STAT,962.140930,5251.428711,1026.795410,90.0000
Backpacks of the Commonwealth.esp,2D04A5CE,00044F3C,BillboardBldgSmCornerD01,STAT,263.003113,5187.789551,1033.809570,135.5100
Backpacks of the Commonwealth.esp,2D04A5D4,2D00579E,backpack_r_GRSpotLongCoolC,LIGH,337.985291,5277.252441,1089.079834,90.0000
Backpacks of the Commonwealth.esp,2D04A5D3,001A6E1F,HighTechLightCeiling04_Clean_On,STAT,338.477722,5277.020020,1206.585449,85.9438
Backpacks of the Commonwealth.esp,2D04A5CC,00114102,SignTheaterPoster03,STAT,580.221375,5139.731934,1026.876709,180.0000
Backpacks of the Commonwealth.esp,2D04A5CA,000347E1,BonesSkull,MISC,676.507690,4491.347656,211.733856,143.2394
Backpacks of the Commonwealth.esp,2D04A5C9,000347EA,BonesRightFoot,MISC,844.529175,4478.704102,208.112213,0.0000
Backpacks of the Commonwealth.esp,2D04A5C8,000347ED,BonesSpine,MISC,699.901184,4436.060547,200.609085,28.6479
Backpacks of the Commonwealth.esp,2D04A5C7,000347EC,BonesSkullUpper,MISC,814.873047,4437.873535,194.638535,0.0000
Backpacks of the Commonwealth.esp,2D04A5C6,000347E6,BonesRibCage,MISC,732.430298,4471.137695,208.060608,0.0000
Backpacks of the Commonwealth.esp,2D04A5C5,000347E8,BonesRightArm,MISC,747.626892,4525.625488,217.481598,276.5768
Backpacks of the Commonwealth.esp,2D04A5C4,00023736,Stimpak,ALCH,1543.670044,3014.318115,190.882812,45.8366
Backpacks of the Commonwealth.esp,2D04A5C3,00043341,ShackBalconyRailing03,STAT,1692.119507,3013.967041,193.994904,88.3271
Backpacks of the Commonwealth.esp,2D04A5C2,000347E1,BonesSkull,MISC,1612.691650,2979.636230,188.233688,0.0000
Backpacks of the Commonwealth.esp,2D04A5C1,000347E4,BonesRightLeg,MISC,1543.497803,3062.701660,210.339340,31.5569
Backpacks of the Commonwealth.esp,2D04A5C0,000347E5,BonesLeftLeg,MISC,1566.501587,3058.686279,-4.403731,312.7696
Backpacks of the Commonwealth.esp,2D04A5BF,000347ED,BonesSpine,MISC,1580.746460,3011.312988,203.195267,106.6726
Backpacks of the Commonwealth.esp,2D04A5BE,00188C9D,BonesPelvis,MISC,1597.134521,3018.510010,192.674698,0.0000
Backpacks of the Commonwealth.esp,2D04A5BD,00188C98,BonesRibCage02,MISC,1576.384644,2992.317383,192.542206,97.3330
Backpacks of the Commonwealth.esp,2D008575,0001E953,DebrisInteriorWoodPile01Trash,STAT,-265.155273,2575.390137,351.546936,177.1351
Backpacks of the Commonwealth.esp,2D008574,000679F0,BldConcSmDmgCeilBg09,STAT,-50.924805,2289.970215,319.828979,0.0000
Backpacks of the Commonwealth.esp,2D008573,000679EE,BldConcSmDmgCeilBg07,STAT,-234.913086,2486.319580,319.828979,0.0000
Backpacks of the Commonwealth.esp,2D04A5B8,00094731,SecurityGateSmLatch01,DOOR,-322.931183,2334.676514,-161.872696,93.3465
Backpacks of the Commonwealth.esp,2D04A5B7,0001B42F,SecurityGateFencingExSm01,STAT,-326.613647,2206.790039,-157.782074,93.3465
Backpacks of the Commonwealth.esp,2D008572,000679EE,BldConcSmDmgCeilBg07,STAT,1632.588867,2349.656250,319.828918,0.0000
Backpacks of the Commonwealth.esp,2D04A5B1,0001A838,BldWoodPSmFlrPlatChunk06,STAT,-1180.460938,2393.277588,21.354088,97.0254
Backpacks of the Commonwealth.esp,2D046150,2D04614F,backpack_x_Loot_Prewar_SafeLotsaCash,CONT,-1290.687744,2292.217041,14.270490,211.9945
Backpacks of the Commonwealth.esp,2D041CFC,0013296F,MagazineRack,STAT,-1265.573486,2266.806885,18.555977,46.8001
Backpacks of the Commonwealth.esp,2D041CE8,2D041CE7,backpack_x_Loot_Prewar_Safe,CONT,937.365845,5632.104004,877.086914,73.5214
Backpacks of the Commonwealth.esp,2D041CFE,0015799C,BookBurnt01,MISC,-1258.081055,2265.029297,74.783226,78.7802
Backpacks of the Commonwealth.esp,2D041CFD,0015799C,BookBurnt01,MISC,-1277.609375,2258.462402,114.658203,78.7802
Backpacks of the Commonwealth.esp,2D041CFB,0001A829,BldWoodPSmFlrPlat01,STAT,-1187.603027,2311.834229,14.270490,0.0000
Backpacks of the Commonwealth.esp,2D041CFA,0001A838,BldWoodPSmFlrPlatChunk06,STAT,-1225.259521,2190.683838,89.021248,92.0642
Backpacks of the Commonwealth.esp,2D003E61,001C9D4E,SignRoad_Caution_NoPost01,STAT,874.144592,4634.712891,909.854614,180.0000
Backpacks of the Commonwealth.esp,2D041CF9,001111CB,NpcChairTheaterTilt02,STAT,1579.688232,3582.629395,18.582687,358.0330
Backpacks of the Commonwealth.esp,2D041CF8,00034701,ShackBalconyRailing01,STAT,1298.017456,3371.655762,154.286713,90.0000
Backpacks of the Commonwealth.esp,2D041CF7,000347E1,BonesSkull,MISC,718.774048,4534.688477,222.377716,91.6734
Backpacks of the Commonwealth.esp,2D041CF6,0018B9C6,BonesLeftFootStatic,STAT,700.612122,4421.006836,190.296890,17.1897
Backpacks of the Commonwealth.esp,2D041CF5,0018B9C7,BonesLeftLegStatic,STAT,827.139038,4517.968750,215.079483,115.9098
Backpacks of the Commonwealth.esp,2D041CF4,0018B9C9,BonesRibCagePelvisStatic,STAT,686.507996,4519.210938,176.317383,74.4852
Backpacks of the Commonwealth.esp,2D008571,00237FF4,AMBIntSpotGenericRumbleA2DLPmarker,SOUN,373.367188,5387.475586,650.134277,0.0000
Backpacks of the Commonwealth.esp,2D008570,002388D1,AMBIntSpotRGenericDirtFallmarker,SOUN,36.253906,5039.882812,1110.956909,0.0000
Backpacks of the Commonwealth.esp,2D041CEE,0011033C,SimpleElevatorMaster,ACTI,654.925781,4665.829102,801.831055,0.0000
Backpacks of the Commonwealth.esp,2D00856F,00237E69,AMBIntGenericWindDraftSpotALPmarker,SOUN,283.155273,6002.973145,952.994751,0.0000
Backpacks of the Commonwealth.esp,2D00856E,002388C6,AMBIntGenericSpotABuzz2DLPmarker,SOUN,695.863281,2566.977783,723.792480,78.5803
Backpacks of the Commonwealth.esp,2D00856D,002388D1,AMBIntSpotRGenericDirtFallmarker,SOUN,703.751953,3351.783691,696.535400,263.6878
Backpacks of the Commonwealth.esp,2D041CEB,000C9728,UtilMetalElevatorDoorLeftStatic,STAT,777.107361,4611.537598,801.831055,0.0000
Backpacks of the Commonwealth.esp,2D041CE5,00043341,ShackBalconyRailing03,STAT,1291.431763,3361.559814,190.580536,180.0003
Backpacks of the Commonwealth.esp,2D041CE4,00043341,ShackBalconyRailing03,STAT,1302.587158,3235.772217,286.540039,265.9440
Backpacks of the Commonwealth.esp,2D041CE2,00043340,ShackBalconyRailing02,STAT,1318.788574,3108.676270,296.136658,270.7103
Backpacks of the Commonwealth.esp,2D041CE1,00043340,ShackBalconyRailing02,STAT,1296.690918,3363.327148,266.598480,270.7103
Backpacks of the Commonwealth.esp,2D041CE0,00029068,ShackWallOuterCap01A,STAT,1489.257446,3099.131348,207.726151,0.0000
Backpacks of the Commonwealth.esp,2D041CDF,0001D2D7,MuseumDivider01,STAT,119.773834,5589.355469,799.628784,355.9892
Backpacks of the Commonwealth.esp,2D041CDE,0001D2D7,MuseumDivider01,STAT,659.453430,5859.080566,799.317688,355.9437
Backpacks of the Commonwealth.esp,2D01B53D,00032B2D,ShackWallHalfB01,STAT,1188.469360,3057.698975,-14.772487,140.1552
Backpacks of the Commonwealth.esp,2D0282B9,000E6F2F,IndTrack1WayLong01,STAT,-550.000000,1973.067383,-161.750504,0.0000
Backpacks of the Commonwealth.esp,2D00856C,00237FF6,AMBIntSpotGenericRumbleC2DLPmarker,SOUN,209.020508,3907.023437,63.062836,0.0000
Backpacks of the Commonwealth.esp,2D00856B,0008BBBA,IntGenericWoodMedium,ASPC,306.629883,5201.991699,1012.482178,0.0000
Backpacks of the Commonwealth.esp,2D00856A,002313D5,AMBIntHighTechSpotRBRumbleMetal2Dmarker,SOUN,827.936523,1304.734863,1063.577759,0.0000
Backpacks of the Commonwealth.esp,2D003E64,0018B215,SignOutOfOrder,STAT,659.411133,4635.246094,895.791260,0.0000
Backpacks of the Commonwealth.esp,2D003E63,001C90E0,SignRoad_WrongWay_NoPost01,STAT,765.164062,4638.780762,1021.516663,180.0000
Backpacks of the Commonwealth.esp,2D0282B1,0004CEC0,CaveMoundDirtLow01,STAT,1108.287109,4295.776855,143.209503,0.0000
Backpacks of the Commonwealth.esp,2D0282B0,0004CEC0,CaveMoundDirtLow01,STAT,465.768005,4298.526855,145.176605,0.0000
Backpacks of the Commonwealth.esp,2D0170F4,000D450E,BldDecoSmBrokeWallRailHeight01,STAT,776.696716,4606.217773,1024.658569,91.6732
Backpacks of the Commonwealth.esp,2D012C7B,001111C3,NpcChairTheaterEnd01,FURN,409.475128,2597.372803,-69.378387,160.8349
Backpacks of the Commonwealth.esp,2D012C7A,001C5017,ShackWallFlat05,STAT,1759.537720,2295.846924,-138.750107,265.9437
Backpacks of the Commonwealth.esp,2D008598,000560DC,defaultLightWarm01NS,LIGH,568.933594,2678.531006,72.038597,46.5356
Backpacks of the Commonwealth.esp,2D008A66,00115B43,CombatZoneStage01,STAT,760.089844,1819.182617,-160.100006,0.0000
Backpacks of the Commonwealth.esp,2D020C07,00076C00,BldWoodBSmFlrOnly01,STAT,776.000000,1692.000000,-32.171066,0.0000
Backpacks of the Commonwealth.esp,2D003E62,001C9100,SignRoad_NoEnter_NoPost01,STAT,835.426697,4628.117188,815.962830,180.0001
Backpacks of the Commonwealth.esp,2D00859D,0001A855,BldWoodPSmFlrPlatTrimSingle01,STAT,520.170776,1434.994629,-30.292099,270.0000
Backpacks of the Commonwealth.esp,2D008822,0001C8F4,BldWoodPSmFlrPlatTrimISingle01,STAT,520.170776,1434.994629,-30.470192,270.0000
Backpacks of the Commonwealth.esp,2D012C78,000211F5,WoodCrate01,STAT,947.714661,1380.947754,-32.171097,229.1831
Backpacks of the Commonwealth.esp,2D008758,0001CA18,BldWoodPBgWallPlugABotDoor01,STAT,1846.089844,2332.996094,-166.543198,0.0000
Backpacks of the Commonwealth.esp,2D003E5E,001CD104,SignRoad_DeadEnd_NoPost01,STAT,632.288696,4644.561523,991.067688,180.0000
Backpacks of the Commonwealth.esp,2D00E7DE,000039DC,CinderBlockStairs01,STAT,656.000000,2024.000000,-128.000000,177.4344
Backpacks of the Commonwealth.esp,2D060E01,00082550,ShackBridgeFree02,STAT,1238.581909,2305.186035,247.710098,268.1968
Backpacks of the Commonwealth.esp,2D013BDC,06046BEC,DLC04OilLampLight01NSFlicker,LIGH,933.025391,4687.928711,869.580627,0.0000
Backpacks of the Commonwealth.esp,2D013BDB,0008E7C5,OilLampOn,STAT,932.994019,4687.723145,855.687500,114.5916
Backpacks of the Commonwealth.esp,2D013BDA,000EA1B8,ModernDomesticTableSmall01,STAT,936.000000,4688.000000,800.000000,171.8874
Backpacks of the Commonwealth.esp,2D060E49,0004835D,NukaCola,ALCH,-575.376221,2484.644287,-105.344849,0.0000
Backpacks of the Commonwealth.esp,2D060E47,0003377B,Mentats,ALCH,-595.160095,2407.000732,-103.668182,148.9690
Backpacks of the Commonwealth.esp,2D060E44,000FD395,OfficeBoxPapers01Prewar,STAT,-779.070190,2034.609009,-104.171082,0.0000
Backpacks of the Commonwealth.esp,2D060E43,001AAE04,OfficeBoxPapersOpen09,MSTT,-736.511108,1992.419189,-104.171082,68.7549
Backpacks of the Commonwealth.esp,2D060E42,00140AF0,FolderPapers01,MISC,-705.328552,2000.433838,-104.171074,331.3521
Backpacks of the Commonwealth.esp,2D060E41,0001D971,BlackWireSpline01,BNDS,-449.446991,1995.211426,-88.946228,0.0000
Backpacks of the Commonwealth.esp,2D060E40,00035A21,RedWireSpline01,BNDS,-613.119629,2004.021240,-122.449036,0.0000
Backpacks of the Commonwealth.esp,2D060E3F,00035A21,RedWireSpline01,BNDS,-491.180023,2030.114014,-121.879097,0.0000
Backpacks of the Commonwealth.esp,2D060E3D,000C01C6,WorkshopPowerConnectorWall01,ACTI,-516.658508,2006.543701,-136.154663,269.2904
Backpacks of the Commonwealth.esp,2D060E3C,000C01C6,WorkshopPowerConnectorWall01,ACTI,-577.611938,2012.100952,-136.154663,97.4030
Backpacks of the Commonwealth.esp,2D060E37,000039DC,CinderBlockStairs01,STAT,824.943787,2030.415405,-127.207756,177.4344
Backpacks of the Commonwealth.esp,2D060E36,0003A9ED,OfficeBoxPapers03,STAT,-783.982971,2148.408203,-116.565453,55.0037
Backpacks of the Commonwealth.esp,2D060E35,0003A9ED,OfficeBoxPapers03,STAT,-796.661377,2143.777588,-138.280258,125.4776
Backpacks of the Commonwealth.esp,2D060E34,0003A9ED,OfficeBoxPapers03,STAT,-798.646545,2144.037109,-160.171051,155.8445
Backpacks of the Commonwealth.esp,2D060E33,0003A9ED,OfficeBoxPapers03,STAT,-763.161865,2124.335205,-138.293594,112.2996
Backpacks of the Commonwealth.esp,2D060E32,0003A9ED,OfficeBoxPapers03,STAT,-750.129089,2135.777588,-116.029984,135.7909
Backpacks of the Commonwealth.esp,2D060E31,0003A9ED,OfficeBoxPapers03,STAT,-717.595764,2156.721436,-116.565453,60.7333
Backpacks of the Commonwealth.esp,2D060E30,0003A9ED,OfficeBoxPapers03,STAT,-710.276184,2148.078125,-138.280258,159.8551
Backpacks of the Commonwealth.esp,2D060E2F,0003A9ED,OfficeBoxPapers03,STAT,-712.225525,2148.534668,-160.171051,161.5741
Backpacks of the Commonwealth.esp,2D060E2E,0003A9ED,OfficeBoxPapers03,STAT,-743.621887,2128.687256,-160.171051,146.6771
Backpacks of the Commonwealth.esp,2D060E2D,0003A9ED,OfficeBoxPapers03,STAT,-777.293884,2118.864258,-160.171051,236.6314
Backpacks of the Commonwealth.esp,2D060E2C,000347D4,MS07aBloodTracks,ACTI,601.655090,1868.881226,-27.269493,92.6367
Backpacks of the Commonwealth.esp,2D060E2B,0600BE56,FenceChainlinkSquare01,STAT,1397.030518,1882.667725,-30.572853,0.0001
Backpacks of the Commonwealth.esp,2D060E2A,0600BE56,FenceChainlinkSquare01,STAT,207.753906,1808.329712,-30.572853,161.3919
Backpacks of the Commonwealth.esp,2D060E27,0600BE56,FenceChainlinkSquare01,STAT,435.419006,1693.361572,-30.572853,206.2650
Backpacks of the Commonwealth.esp,2D060E25,0600BE56,FenceChainlinkSquare01,STAT,919.306152,1325.850220,-30.572853,183.3471
Backpacks of the Commonwealth.esp,2D060E24,0600BE56,FenceChainlinkSquare01,STAT,917.727051,1323.109497,-30.572853,12.4230
Backpacks of the Commonwealth.esp,2D060E23,0600BE56,FenceChainlinkSquare01,STAT,1160.893433,1268.095581,-30.572853,332.3158
Backpacks of the Commonwealth.esp,2D060E22,0600BE56,FenceChainlinkSquare01,STAT,1391.583374,1388.876709,-30.572853,280.7496
Backpacks of the Commonwealth.esp,2D060E1C,000347E7,BonesRibCagePelvis,MISC,1018.477783,1463.352173,-21.346642,319.8930
Backpacks of the Commonwealth.esp,2D060E1B,0018B9C6,BonesLeftFootStatic,STAT,921.352417,1578.264893,-28.282864,17.1897
Backpacks of the Commonwealth.esp,2D060E1A,0018B9CB,BonesRightFootStatic,STAT,893.397766,1502.010742,-33.230881,357.1362
Backpacks of the Commonwealth.esp,2D060E19,0018B9CA,BonesRightArmStatic,STAT,894.917297,1402.979492,-36.805588,42.9720
Backpacks of the Commonwealth.esp,2D060E18,0018B9C5,BonesHandRightStatic,STAT,909.654602,1438.026367,-37.099289,355.7039
Backpacks of the Commonwealth.esp,2D060E17,0018B9CC,BonesRightLegStatic,STAT,981.157715,1401.021851,-17.483795,187.0064
Backpacks of the Commonwealth.esp,2D060E16,0018B9C7,BonesLeftLegStatic,STAT,970.180176,1500.033203,-27.392893,103.2360
Backpacks of the Commonwealth.esp,2D060E15,0018B9C4,BonesHandLeftStatic,STAT,905.383423,1445.353882,-34.658127,144.6730
Backpacks of the Commonwealth.esp,2D060E14,0018B9D0,BonesLeftArmStatic,STAT,842.676086,1404.588867,-36.080490,319.8930
Backpacks of the Commonwealth.esp,2D060E13,0018B9CD,BonesSkullStatic,STAT,903.060303,1381.868164,-23.127983,1.7831
Backpacks of the Commonwealth.esp,2D060E12,0018B9C9,BonesRibCagePelvisStatic,STAT,1025.232056,1524.211548,-22.251266,74.4852
Backpacks of the Commonwealth.esp,2D060E0E,00032B2D,ShackWallHalfB01,STAT,1063.189819,2316.622070,100.901756,179.3798
Backpacks of the Commonwealth.esp,2D060E0D,000039DC,CinderBlockStairs01,STAT,983.792236,2484.196777,77.590919,177.4344
Backpacks of the Commonwealth.esp,2D060E0C,000E0BAF,workshop_ShackBridge01,STAT,947.743713,1898.649048,6.941284,11.8830
Backpacks of the Commonwealth.esp,2D060E0A,000EA1B8,ModernDomesticTableSmall01,STAT,931.291687,4863.363770,799.067688,74.4845
Backpacks of the Commonwealth.esp,2D060E09,00043341,ShackBalconyRailing03,STAT,984.436584,2327.698242,165.006958,180.0004
Backpacks of the Commonwealth.esp,2D060E08,001C501B,ShackMidFloor01B,STAT,1051.919434,2337.151855,146.647507,270.0000
Backpacks of the Commonwealth.esp,2D060E07,00032B2D,ShackWallHalfB01,STAT,1051.990356,2082.271484,69.662376,180.0000
Backpacks of the Commonwealth.esp,2D060E06,00032B2D,ShackWallHalfB01,STAT,1056.729614,2345.779785,100.901756,87.6366
Backpacks of the Commonwealth.esp,2D05C9A9,0008A5E0,TrashEdge02,STAT,757.374329,3376.804687,-22.678305,358.0402
Backpacks of the Commonwealth.esp,2D05C9A7,0008F5A7,CeilingLamp01ShortOn,STAT,-661.054810,2080.629150,58.155281,0.0000
Backpacks of the Commonwealth.esp,2D05C9A6,001011B8,defaultLightCool01NSNonSpec,LIGH,-661.108398,2079.542725,37.649506,0.0000
Backpacks of the Commonwealth.esp,2D05C9A4,001011B8,defaultLightCool01NSNonSpec,LIGH,-455.858246,2079.542725,37.649506,0.0000
Backpacks of the Commonwealth.esp,2D05C9A3,0008F5A7,CeilingLamp01ShortOn,STAT,-455.804626,2080.629150,58.155281,0.0000
Backpacks of the Commonwealth.esp,2D05C9A2,0008F5A7,CeilingLamp01ShortOn,STAT,-548.346497,2007.118042,55.683704,0.0000
Backpacks of the Commonwealth.esp,2D05C9A1,00054CB2,StandingTerminal01,STAT,-397.306458,2012.115356,-160.171066,143.2395
Backpacks of the Commonwealth.esp,2D05C9A0,00120630,InstituteCanister01,STAT,-774.728333,2065.572998,-103.758110,0.0000
Backpacks of the Commonwealth.esp,2D05C99F,000DB869,InstituteTable01,STAT,-746.994873,2028.526245,-160.171066,229.1832
Backpacks of the Commonwealth.esp,2D05C99D,0014EC21,InstituteControlPanel06,STAT,-640.382874,2007.329224,-160.171051,183.3466
Backpacks of the Commonwealth.esp,2D05C99C,0014EC1D,InstituteControlPanel02,STAT,-490.983459,2068.189453,-160.171082,166.1578
Backpacks of the Commonwealth.esp,2D05C99A,0008E7C5,OilLampOn,STAT,-459.357727,2682.260010,-84.945946,0.0000
Backpacks of the Commonwealth.esp,2D05C999,0301A3F3,DLC03LightOilLamp,LIGH,-558.163025,2399.629150,-92.940826,0.0000
Backpacks of the Commonwealth.esp,2D05C998,0008E7C5,OilLampOn,STAT,-558.404907,2399.521484,-106.205803,0.0000
Backpacks of the Commonwealth.esp,2D05C995,0008ADFA,defaultLightFire01NSFlicker,LIGH,-460.220886,2682.068115,-65.700241,0.0000
Backpacks of the Commonwealth.esp,2D05C994,001011B8,defaultLightCool01NSNonSpec,LIGH,-591.465698,2330.840820,29.305660,0.0000
Backpacks of the Commonwealth.esp,2D05C993,2D05C98E,backpack_st_InstituteTerrarium01GlobeHalf01,STAT,-547.895691,2007.431030,-123.756516,0.0000
Backpacks of the Commonwealth.esp,2D05C992,001340D3,NpcBedMetalLay01,FURN,-599.684692,2645.000488,-154.670959,86.9580
Backpacks of the Commonwealth.esp,2D05C991,0011033C,SimpleElevatorMaster,ACTI,-547.538757,1947.464478,-192.986938,0.0000
Backpacks of the Commonwealth.esp,2D05C98F,2D025098,backpack_r_GRSpotShortBlue,LIGH,-548.546143,2007.798706,54.104206,270.0000
Backpacks of the Commonwealth.esp,2D05C983,001203FA,InstituteTerrarium01Base02,STAT,-547.895691,2007.376221,-162.532654,274.0564
Backpacks of the Commonwealth.esp,2D058530,00043340,ShackBalconyRailing02,STAT,1290.105225,3357.507568,102.725639,180.0000
Backpacks of the Commonwealth.esp,2D047393,0009F42B,FancyBureauEmpty01,STAT,1294.609497,2685.995850,165.449280,87.6625
Backpacks of the Commonwealth.esp,2D047392,00043340,ShackBalconyRailing02,STAT,1454.722534,3109.919922,210.884064,88.3271
Backpacks of the Commonwealth.esp,2D047391,00043341,ShackBalconyRailing03,STAT,1434.221802,3232.315430,202.948608,88.3271
Backpacks of the Commonwealth.esp,2D047390,0003476B,ShackBridgeFree01,STAT,1273.468994,3565.356934,15.941721,351.2777
Backpacks of the Commonwealth.esp,2D04738F,000E0BAF,workshop_ShackBridge01,STAT,1312.982178,3567.246582,32.514801,0.0000
Backpacks of the Commonwealth.esp,2D04738E,000FA5E3,BldColonMdWallPillar01,STAT,325.163330,2036.697021,-139.281662,0.0000
Backpacks of the Commonwealth.esp,2D03A68D,0600BE56,FenceChainlinkSquare01,STAT,438.418396,1691.187378,-30.572853,91.6734
Backpacks of the Commonwealth.esp,2D03A68B,0600BE56,FenceChainlinkSquare01,STAT,1395.198242,1881.884399,-30.572853,194.8061
Backpacks of the Commonwealth.esp,2D03622F,00043340,ShackBalconyRailing02,STAT,1429.574463,3363.268799,188.226288,89.2903
Backpacks of the Commonwealth.esp,2D03622E,000039DC,CinderBlockStairs01,STAT,1394.746216,2523.897461,291.232697,91.4907
Backpacks of the Commonwealth.esp,2D03622C,0600BE56,FenceChainlinkSquare01,STAT,1148.383911,1947.335449,-30.572853,142.2765
Backpacks of the Commonwealth.esp,2D036224,0600BE56,FenceChainlinkSquare01,STAT,1394.475952,1883.418213,-30.572853,80.2142
Backpacks of the Commonwealth.esp,2D036221,001164A2,CombatZoneHugeCloth01,STAT,776.089844,1367.599854,516.881531,0.0000
Backpacks of the Commonwealth.esp,2D03621F,001164A2,CombatZoneHugeCloth01,STAT,776.089844,837.438477,-35.866928,0.0000
Backpacks of the Commonwealth.esp,2D03621E,001111CB,NpcChairTheaterTilt02,STAT,563.736511,3456.377197,0.650131,288.8621
Backpacks of the Commonwealth.esp,2D03621D,0011129A,NpcChairTheaterTiltEnd01,STAT,534.206360,3428.710937,-15.360470,311.7804
Backpacks of the Commonwealth.esp,2D03621C,00043340,ShackBalconyRailing02,STAT,1159.500122,3403.031250,137.562408,180.0000
Backpacks of the Commonwealth.esp,2D03621B,00043340,ShackBalconyRailing02,STAT,1036.560181,3386.112061,130.661774,180.0000
Backpacks of the Commonwealth.esp,2D036219,001E716D,ShackWallHalfL02,STAT,170.406860,2567.187744,-272.171082,270.0000
Backpacks of the Commonwealth.esp,2D036218,0001A7FF,BldWoodPSmStairsBlockShort02,STAT,422.601196,2505.691162,-200.055191,180.0000
Backpacks of the Commonwealth.esp,2D036217,0001A7FF,BldWoodPSmStairsBlockShort02,STAT,582.835266,2687.002686,-200.055191,89.2902
Backpacks of the Commonwealth.esp,2D036216,00033795,ShackBalconyFloor04,STAT,355.168030,2776.373779,-59.826054,0.0000
Backpacks of the Commonwealth.esp,2D036215,001C501B,ShackMidFloor01B,STAT,423.802795,2684.353760,-60.826054,270.0000
Backpacks of the Commonwealth.esp,2D036214,0001A7FF,BldWoodPSmStairsBlockShort02,STAT,544.982849,2935.154053,-200.055191,89.2902
Backpacks of the Commonwealth.esp,2D036213,000349F5,ShackBridgeFree01Support01,STAT,1237.873657,2535.042236,281.747498,85.9438
Backpacks of the Commonwealth.esp,2D036212,000E0BAF,workshop_ShackBridge01,STAT,1355.375732,2478.144043,293.853271,0.0000
Backpacks of the Commonwealth.esp,2D036211,00082550,ShackBridgeFree02,STAT,962.943054,2071.401611,81.767670,182.8325
Backpacks of the Commonwealth.esp,2D03620A,001C5018,workshop_ShackWallFlat05,STAT,1093.108276,3177.446777,-47.912430,91.6733
Backpacks of the Commonwealth.esp,2D031DB5,001C5017,ShackWallFlat05,STAT,738.382141,4542.075684,336.422852,0.0000
Backpacks of the Commonwealth.esp,2D031DB4,001C5017,ShackWallFlat05,STAT,738.382141,4525.779785,336.422852,0.0000
Backpacks of the Commonwealth.esp,2D031DB3,001C5017,ShackWallFlat05,STAT,738.382141,4533.426758,336.422852,0.0000
Backpacks of the Commonwealth.esp,2D02D961,000D4560,BldDecoSmBrokeWallChunk05,STAT,771.167664,4430.906738,662.298584,90.2597
Backpacks of the Commonwealth.esp,2D02D959,00034730,ShackFreeColumnInt01,STAT,985.337036,3060.187256,-65.876518,0.0000
Backpacks of the Commonwealth.esp,2D02D958,001C5017,ShackWallFlat05,STAT,1096.222046,3376.004639,-47.912521,1.6733
Backpacks of the Commonwealth.esp,2D029506,0002F2CA,UtilElevatorSingleMid01,STAT,766.050842,4491.822754,1426.468384,90.7101
Backpacks of the Commonwealth.esp,2D029505,0002F2CA,UtilElevatorSingleMid01,STAT,766.050842,4491.822754,1191.666260,90.7101
Backpacks of the Commonwealth.esp,2D029504,0002F2CA,UtilElevatorSingleMid01,STAT,766.050842,4491.822754,965.116333,90.7101
Backpacks of the Commonwealth.esp,2D029502,0002F2CA,UtilElevatorSingleMid01,STAT,766.050842,4491.822754,528.288025,90.7101
Backpacks of the Commonwealth.esp,2D029501,0002F2CA,UtilElevatorSingleMid01,STAT,766.050842,4491.822754,390.818939,90.7101
Backpacks of the Commonwealth.esp,2D0250A9,0001A834,BldWoodPSmFlrPlatChunk02,STAT,741.035095,4560.418945,227.183960,93.9197
Backpacks of the Commonwealth.esp,2D0250A3,001C501B,ShackMidFloor01B,STAT,786.496338,4626.661133,201.061539,90.0000
Backpacks of the Commonwealth.esp,2D0250A2,001C501B,ShackMidFloor01B,STAT,786.496338,4499.016113,173.772369,90.0000
Backpacks of the Commonwealth.esp,2D0250A1,001C501B,ShackMidFloor01B,STAT,786.496338,4507.329590,187.559021,90.0000
Backpacks of the Commonwealth.esp,2D0250A0,000E0B98,workshop_ShackWallFlatEnd01,STAT,857.974792,4427.243164,184.028183,271.6734
Backpacks of the Commonwealth.esp,2D02509E,0010ADBA,DefaultLightWhite01SpotNS,LIGH,628.256653,5496.910645,1149.548340,312.0825
Backpacks of the Commonwealth.esp,2D02509D,000F9234,HighTechLightCeiling01,STAT,953.241211,5316.237793,1106.264771,234.8752
Backpacks of the Commonwealth.esp,2D02509C,0001D0B7,EmergencyLightOn01,STAT,962.131958,5740.337402,1039.219727,86.9073
Backpacks of the Commonwealth.esp,2D02509B,000F9234,HighTechLightCeiling01,STAT,956.700745,5725.151855,1040.673706,144.5464
Backpacks of the Commonwealth.esp,2D02509A,0008E797,defaultLightCool03NS,LIGH,615.604980,5353.276367,961.455505,269.2896
Backpacks of the Commonwealth.esp,2D025099,2D025098,backpack_r_GRSpotShortBlue,LIGH,931.571960,5715.398926,1026.189575,180.0000
Backpacks of the Commonwealth.esp,2D025097,0010B0F2,defaultLightCandle02FlickerNSDimmer,LIGH,52.442719,5358.750977,1132.062622,264.2705
Backpacks of the Commonwealth.esp,2D025096,0002F2CE,UtilElevatorSingleTop01,STAT,766.050842,4491.822754,1412.723267,90.7101
Backpacks of the Commonwealth.esp,2D025095,0002F2CA,UtilElevatorSingleMid01,STAT,766.050842,4491.822754,1208.299438,90.7101
Backpacks of the Commonwealth.esp,2D025094,000D455F,BldDecoSmBrokeWallChunk04,STAT,768.364990,4470.192383,640.997498,91.6732
Backpacks of the Commonwealth.esp,2D025091,0018C56F,WorkshopNpcBedMetalLay01,FURN,886.797241,4771.326172,799.067688,85.9437
Backpacks of the Commonwealth.esp,2D02508E,000E0B98,workshop_ShackWallFlatEnd01,STAT,879.368835,4551.820312,416.938354,271.6734
Backpacks of the Commonwealth.esp,2D02508A,000D445B,BldDecoSmFlrOnly05,STAT,772.051514,4726.971191,801.831055,0.0000
Backpacks of the Commonwealth.esp,2D025089,000D455F,BldDecoSmBrokeWallChunk04,STAT,745.383728,4555.819336,785.038879,91.6732
Backpacks of the Commonwealth.esp,2D025088,000D4560,BldDecoSmBrokeWallChunk05,STAT,766.815918,4567.658203,480.745453,270.0207
Backpacks of the Commonwealth.esp,2D025087,000D455F,BldDecoSmBrokeWallChunk04,STAT,769.310181,4587.662109,792.944824,91.6733
Backpacks of the Commonwealth.esp,2D025084,000C972B,UtilMetalElevatorOutFrameStatic,STAT,760.448669,4608.381348,800.020752,179.6169
Backpacks of the Commonwealth.esp,2D025083,0002F2CA,UtilElevatorSingleMid01,STAT,766.050842,4491.822754,1003.935974,90.7101
Backpacks of the Commonwealth.esp,2D020C2C,0001A834,BldWoodPSmFlrPlatChunk02,STAT,741.035095,4636.153320,227.183960,93.9197
Backpacks of the Commonwealth.esp,2D020C29,0002F2CA,UtilElevatorSingleMid01,STAT,766.050842,4491.822754,389.600067,90.7101
Backpacks of the Commonwealth.esp,2D020C27,000D4457,BldDecoSmFlrOnly02,STAT,772.202881,4701.077637,798.067688,0.0001
Backpacks of the Commonwealth.esp,2D020C26,0002F2CA,UtilElevatorSingleMid01,STAT,766.050842,4491.822754,594.413879,90.7101
Backpacks of the Commonwealth.esp,2D020C24,0002F2C4,UtilElevatorRightMid01,STAT,766.050842,4491.822754,799.067749,90.7101
Backpacks of the Commonwealth.esp,2D020C22,000E8E10,OldElevatorCar02,STAT,761.095703,4508.230469,170.733093,177.6170
Backpacks of the Commonwealth.esp,2D020C1E,00034730,ShackFreeColumnInt01,STAT,1347.616943,2184.906738,112.142258,0.0000
Backpacks of the Commonwealth.esp,2D020C1C,001C5017,ShackWallFlat05,STAT,60.797920,3725.647705,-90.674278,90.0001
Backpacks of the Commonwealth.esp,2D020C18,0003476B,ShackBridgeFree01,STAT,-12.564926,3595.093994,106.734528,180.0000
Backpacks of the Commonwealth.esp,2D020C17,001C501B,ShackMidFloor01B,STAT,191.338699,3732.712402,63.204338,90.0000
Backpacks of the Commonwealth.esp,2D020C15,000F7C33,BldDecoSmFlrPlatChunk04_NoDropCeil,STAT,1513.804077,3684.684082,15.916129,73.1654
Backpacks of the Commonwealth.esp,2D020C10,001111C7,NpcChairTheaterTilt04,STAT,357.951447,3444.561035,1.218283,174.4337
Backpacks of the Commonwealth.esp,2D020C0F,001111C6,NpcChairTheaterTilt03,STAT,397.751801,3448.553955,1.218283,174.4337
Backpacks of the Commonwealth.esp,2D020C0E,001111CB,NpcChairTheaterTilt02,STAT,437.551788,3452.548096,1.218283,174.4337
Backpacks of the Commonwealth.esp,2D020C0D,0011129A,NpcChairTheaterTiltEnd01,STAT,477.352142,3456.541016,1.218283,174.4337
Backpacks of the Commonwealth.esp,2D020C0C,001C5017,ShackWallFlat05,STAT,-135.910156,3710.781250,-96.171066,0.0000
Backpacks of the Commonwealth.esp,2D020C0B,001C5017,ShackWallFlat05,STAT,120.089844,3710.781250,-95.171066,0.0000
Backpacks of the Commonwealth.esp,2D020C0A,001C5017,ShackWallFlat05,STAT,376.089844,3710.781250,-95.171066,0.0000
Backpacks of the Commonwealth.esp,2D020C09,0001A834,BldWoodPSmFlrPlatChunk02,STAT,1935.836060,918.352722,1112.277588,295.3425
Backpacks of the Commonwealth.esp,2D020C08,00082CD2,BldBrickBgWall02,STAT,-248.399551,927.987549,863.828918,0.0000
Backpacks of the Commonwealth.esp,2D020C06,0008954A,TrashClump01,STAT,1868.331787,2352.189941,-87.339859,343.7969
Backpacks of the Commonwealth.esp,2D020C03,00082D47,BldBrickMdWall02,STAT,1799.973022,1689.424805,-32.171066,180.0000
Backpacks of the Commonwealth.esp,2D020C02,00082D47,BldBrickMdWall02,STAT,1799.973022,1436.213379,-32.171066,180.0000
Backpacks of the Commonwealth.esp,2D020C01,00082D4B,BldBrickMdWall04,STAT,-247.910156,1689.069092,-32.171066,0.0000
Backpacks of the Commonwealth.esp,2D020C00,00082D4B,BldBrickMdWall04,STAT,-247.910156,1434.478638,-32.171066,0.0000
Backpacks of the Commonwealth.esp,2D020BFF,0004835A,NukaColaEmpty,MISC,469.210907,2965.221191,426.195129,340.4282
Backpacks of the Commonwealth.esp,2D020BFD,0004835A,NukaColaEmpty,MISC,454.056519,2955.057617,460.603912,263.5606
Backpacks of the Commonwealth.esp,2D020BFC,0004835A,NukaColaEmpty,MISC,420.896210,2947.654785,467.695862,340.4282
Backpacks of the Commonwealth.esp,2D020BFB,0004835A,NukaColaEmpty,MISC,420.246643,2956.141846,467.695862,82.0661
Backpacks of the Commonwealth.esp,2D020BFA,0004835A,NukaColaEmpty,MISC,430.655731,2966.704346,460.603912,160.4282
Backpacks of the Commonwealth.esp,2D020BF9,0004835A,NukaColaEmpty,MISC,435.804718,2957.650879,460.603912,34.3775
Backpacks of the Commonwealth.esp,2D020BF8,0004835A,NukaColaEmpty,MISC,429.346283,2973.919922,460.603912,103.1324
Backpacks of the Commonwealth.esp,2D020BF7,0004835A,NukaColaEmpty,MISC,423.260132,2961.479736,460.603912,160.4282
Backpacks of the Commonwealth.esp,2D020BF6,0004835F,NukaColaQuantum,ALCH,416.080536,2988.228760,459.781738,63.0254
Backpacks of the Commonwealth.esp,2D020BF5,0004835F,NukaColaQuantum,ALCH,400.397369,2981.735596,459.781738,131.7803
Backpacks of the Commonwealth.esp,2D020BF4,0004835F,NukaColaQuantum,ALCH,402.847412,2994.779541,459.781738,296.9747
Backpacks of the Commonwealth.esp,2D020BF3,0019593D,CafeTable02,STAT,423.710693,2969.226074,415.828918,0.0000
Backpacks of the Commonwealth.esp,2D01C79F,0001F88B,NpcChairFederalistOfficeSit01,FURN,261.281464,2992.625000,415.828918,183.3465
Backpacks of the Commonwealth.esp,2D01C79D,0014EC1D,InstituteControlPanel02,STAT,369.078491,2975.099609,415.828918,171.8874
Backpacks of the Commonwealth.esp,2D01C79C,0014EC20,InstituteControlPanel05,STAT,316.348328,2970.741943,415.828918,177.6169
Backpacks of the Commonwealth.esp,2D01833D,2D00B56A,backpack_keyx_kBPRoomLobbyey,KEYM,5.201248,5143.026367,965.672363,262.8984
Backpacks of the Commonwealth.esp,2D018082,0004835A,NukaColaEmpty,MISC,-598.328308,2371.166260,-155.776367,193.5508
Backpacks of the Commonwealth.esp,2D018081,0004835A,NukaColaEmpty,MISC,-594.951111,2355.385010,-148.628784,115.2377
Backpacks of the Commonwealth.esp,2D013C12,0004835A,NukaColaEmpty,MISC,-732.613586,2036.637695,-105.813286,35.3413
Backpacks of the Commonwealth.esp,2D013C11,0004835A,NukaColaEmpty,MISC,-739.913513,2020.250244,-105.813225,92.6366
Backpacks of the Commonwealth.esp,2D013C10,0004835A,NukaColaEmpty,MISC,-750.239563,2028.795044,-105.813217,240.6423
Backpacks of the Commonwealth.esp,2D013C0F,06024544,DLC04_NukaCola_Victory,ALCH,-561.871765,2542.092285,-145.578186,303.9806
Backpacks of the Commonwealth.esp,2D013C0E,0004835F,NukaColaQuantum,ALCH,-552.770203,2524.758301,-120.595512,91.6732
Backpacks of the Commonwealth.esp,2D013C0D,00048360,NukaColaCherry,ALCH,-560.878113,2542.241455,-120.885162,252.1014
Backpacks of the Commonwealth.esp,2D013C0C,000AB726,PlayerHouse_Ruin_KitchenRefrigerator02_Static_BareMetal,STAT,-553.273987,2535.284180,-160.171066,63.0255
Backpacks of the Commonwealth.esp,2D013C0B,0004835A,NukaColaEmpty,MISC,-571.875427,2499.360352,-105.338409,252.1014
Backpacks of the Commonwealth.esp,2D013C0A,0004835A,NukaColaEmpty,MISC,-561.549377,2490.815430,-105.338440,92.6366
Backpacks of the Commonwealth.esp,2D013C09,001111C6,NpcChairTheaterTilt03,STAT,322.577209,4211.059082,157.887787,157.0817
Backpacks of the Commonwealth.esp,2D013C08,001111CB,NpcChairTheaterTilt02,STAT,357.854614,4225.973633,157.887787,157.0817
Backpacks of the Commonwealth.esp,2D013C07,001111C8,NpcChairTheaterEmpty01,STAT,393.900146,4241.213867,157.887787,157.0817
Backpacks of the Commonwealth.esp,2D013C06,0011129A,NpcChairTheaterTiltEnd01,STAT,430.742554,4256.790527,157.887787,157.0817
Backpacks of the Commonwealth.esp,2D013C05,001111CA,NpcChairTheaterTilt01,STAT,472.798035,4274.133789,157.549469,157.0817
Backpacks of the Commonwealth.esp,2D013BFD,2D013BFC,backpack_SpotLightAudience,LIGH,234.675735,3848.970947,642.495056,180.2386
Backpacks of the Commonwealth.esp,2D013BFB,2D013BFC,backpack_SpotLightAudience,LIGH,1324.048828,3848.970947,642.495056,180.2386
Backpacks of the Commonwealth.esp,2D013BFA,000211F5,WoodCrate01,STAT,1216.585449,1407.884521,-32.171097,63.9888
Backpacks of the Commonwealth.esp,2D013BF9,000211F5,WoodCrate01,STAT,1084.062500,1348.247559,-32.171097,103.1324
Backpacks of the Commonwealth.esp,2D013BF5,2D013BF6,backpack_SpotLightCombatZoneSmall,LIGH,644.996765,3659.531250,1163.318604,176.3007
Backpacks of the Commonwealth.esp,2D013BF4,00118EDB,SpotLightCombatZoneSmallUpper,LIGH,1028.051270,1965.428589,996.328308,177.8164
Backpacks of the Commonwealth.esp,2D013BF2,0600BE56,FenceChainlinkSquare01,STAT,430.251282,1436.015625,-30.572853,22.9185
Backpacks of the Commonwealth.esp,2D013BF1,00001E1A,FenceChainlinkPost01,STAT,661.755310,1341.953613,-30.572853,17.1891
Backpacks of the Commonwealth.esp,2D00FA68,000D445B,BldDecoSmFlrOnly05,STAT,517.829285,3255.061523,-47.685299,90.0000
Backpacks of the Commonwealth.esp,2D00FA67,000D4456,BldDecoSmFlrOnly01,STAT,9.350067,3504.739746,5.540100,90.0000
Backpacks of the Commonwealth.esp,2D00FA66,000D4456,BldDecoSmFlrOnly01,STAT,264.796814,3504.739746,5.540100,90.0000
Backpacks of the Commonwealth.esp,2D00FA65,000D4457,BldDecoSmFlrOnly02,STAT,9.131927,3755.101807,58.765434,90.0000
Backpacks of the Commonwealth.esp,2D00FA64,000D4457,BldDecoSmFlrOnly02,STAT,-218.293488,3651.432129,58.765434,90.0000
Backpacks of the Commonwealth.esp,2D00FA63,000D4456,BldDecoSmFlrOnly01,STAT,9.047391,4004.551270,111.990845,90.0000
Backpacks of the Commonwealth.esp,2D00FA62,000D4457,BldDecoSmFlrOnly02,STAT,264.789917,3755.101807,58.765434,90.0000
Backpacks of the Commonwealth.esp,2D00FA61,000D4456,BldDecoSmFlrOnly01,STAT,264.908386,4004.551270,111.990845,90.0000
Backpacks of the Commonwealth.esp,2D00C318,0001D0B7,EmergencyLightOn01,STAT,962.131958,5302.692383,1104.810791,86.9073
Backpacks of the Commonwealth.esp,2D00C316,000F9234,HighTechLightCeiling01,STAT,955.022888,5288.528320,1106.264771,126.2637
Backpacks of the Commonwealth.esp,2D00C315,0001D0B7,EmergencyLightOn01,STAT,611.720825,5474.687012,1154.637695,275.0192
Backpacks of the Commonwealth.esp,2D00C314,0002B76C,EmergencyLightBeamSet01,MSTT,611.720825,5474.687012,1154.637695,275.0192
Backpacks of the Commonwealth.esp,2D00C313,0008E797,defaultLightCool03NS,LIGH,619.182739,5237.465820,1066.100098,269.2896
Backpacks of the Commonwealth.esp,2D00C310,2D00C319,backpack_r_GRSpotShortGreen,LIGH,944.315430,5322.638672,1097.120239,167.0376
Backpacks of the Commonwealth.esp,2D00C30F,0001D0B7,EmergencyLightOn01,STAT,739.045593,5545.921387,1049.697021,275.0198
Backpacks of the Commonwealth.esp,2D00B569,2D00B566,backpack_t_BPRoomTerminalWallEmbedded,TERM,631.914368,5104.347656,800.299988,183.3465
Backpacks of the Commonwealth.esp,2D00B563,00034F2F,SignRoad_Stop01,STAT,954.700012,4418.377930,160.000000,143.2395
Backpacks of the Commonwealth.esp,2D00B28D,0010181D,ExitSignRed,LIGH,-282.704315,2337.673340,35.443287,0.0000
Backpacks of the Commonwealth.esp,2D00B28C,00027697,ExitSignRedSpot,LIGH,-306.779755,2341.450684,25.911583,0.0000
Backpacks of the Commonwealth.esp,2D00B289,00018FAA,ExitSignOn01,STAT,-309.400269,2339.611816,38.604904,270.3269
Backpacks of the Commonwealth.esp,2D00B288,0004A13F,MeatBrahmin,ALCH,935.404785,1478.598267,-32.060043,0.0000
Backpacks of the Commonwealth.esp,2D00B287,000366C0,WaterPurified,ALCH,927.546387,4843.464844,854.755188,0.0000
Backpacks of the Commonwealth.esp,2D00B283,00059B14,TeddyBear,MISC,1572.956299,2873.354736,224.302292,145.1731
Backpacks of the Commonwealth.esp,2D00B282,00058AA8,PsychoJet,ALCH,1554.756714,2800.552002,192.245956,40.1070
Backpacks of the Commonwealth.esp,2D00B281,00059B14,TeddyBear,MISC,1564.100708,2876.136475,201.708542,51.5662
Backpacks of the Commonwealth.esp,2D00B280,00059B14,TeddyBear,MISC,1575.221191,2860.210205,201.695541,10.5759
Backpacks of the Commonwealth.esp,2D00B27E,0018B9C7,BonesLeftLegStatic,STAT,1001.135376,1571.016479,-25.496666,103.6650
Backpacks of the Commonwealth.esp,2D00B27D,001C9E92,AlarmClock_Rare,MISC,948.973877,4855.471191,854.755188,57.2958
Backpacks of the Commonwealth.esp,2D00B27B,0003377D,Psycho,ALCH,930.049194,4871.335449,824.145813,22.9183
Backpacks of the Commonwealth.esp,2D00B27A,000330F0,PorknBeans,ALCH,935.245605,4852.500000,824.145813,0.0000
Backpacks of the Commonwealth.esp,2D00B279,0002FBE4,BlamcoMacAndCheese,ALCH,935.660217,4882.424316,854.755188,314.1634
Backpacks of the Commonwealth.esp,2D00B278,00115466,SignTheaterPoster04,STAT,973.999878,4672.656738,1058.306885,90.0000
Backpacks of the Commonwealth.esp,2D00B277,00114100,SignTheaterPoster02,STAT,974.000000,4793.847168,1059.087280,90.0000
Backpacks of the Commonwealth.esp,2D00B276,001140FE,SignTheaterPoster01,STAT,974.000000,4982.785156,1049.116699,90.0000
Backpacks of the Commonwealth.esp,2D00B274,001C5017,ShackWallFlat05,STAT,1336.416504,3040.455566,-47.912521,180.0000
Backpacks of the Commonwealth.esp,2D00B264,0004D7A8,UtilSmRoomPillar01,STAT,842.079895,4385.641113,61.730946,0.0000
Backpacks of the Commonwealth.esp,2D00B263,0004D7A8,UtilSmRoomPillar01,STAT,684.620300,4385.641113,61.730946,0.0000
Backpacks of the Commonwealth.esp,2D00B261,0001E1DF,BldWoodPMdWallMusMuralPillar02,STAT,761.138855,4356.004883,154.101074,270.0000
Backpacks of the Commonwealth.esp,2D00ABEE,00000032,COCMarkerHeading,STAT,339.446838,5817.218750,799.317688,177.6170
Backpacks of the Commonwealth.esp,2D00ABED,001A6DBF,HighTechLightCeiling04_Dirty_Cream,STAT,-72.000000,5023.895508,1170.419922,0.9638
Backpacks of the Commonwealth.esp,2D00ABEC,001A6DBF,HighTechLightCeiling04_Dirty_Cream,STAT,240.000000,5023.895508,1156.393555,0.9638
Backpacks of the Commonwealth.esp,2D00ABEB,001A6DBF,HighTechLightCeiling04_Dirty_Cream,STAT,560.000000,5023.895508,1158.425903,0.9638
Backpacks of the Commonwealth.esp,2D00ABEA,001A6E1F,HighTechLightCeiling04_Clean_On,STAT,933.548279,4864.208496,1156.185303,85.9438
Backpacks of the Commonwealth.esp,2D00ABE9,2D00579E,backpack_r_GRSpotLongCoolC,LIGH,933.055847,4864.440918,1038.679687,90.0000
Backpacks of the Commonwealth.esp,2D00ABE6,00056721,defaultLightCool01,LIGH,299.022644,4562.052734,446.916595,268.3269
Backpacks of the Commonwealth.esp,2D00ABE5,00056721,defaultLightCool01,LIGH,334.532745,4558.258789,446.916595,268.3269
Backpacks of the Commonwealth.esp,2D00ABE4,000FA604,FancyLightSingle01,STAT,970.097656,5033.674805,1026.014893,86.9071
Backpacks of the Commonwealth.esp,2D00ABE3,0001D0D1,FancyLightOn01,STAT,314.728973,4768.895508,1070.508057,183.3466
Backpacks of the Commonwealth.esp,2D00ABE2,2D001F3A,backpack_pBookBackpacksWilderness,BOOK,926.691467,4865.338867,855.136536,189.0761
Backpacks of the Commonwealth.esp,2D00A59E,000D4456,BldDecoSmFlrOnly01,STAT,1031.168579,3502.753174,5.540054,90.0000
Backpacks of the Commonwealth.esp,2D00A59D,000D4457,BldDecoSmFlrOnly02,STAT,1031.168579,3753.158936,58.765434,90.0000
Backpacks of the Commonwealth.esp,2D00A59C,000D4457,BldDecoSmFlrOnly02,STAT,1286.913086,3752.625732,58.765434,90.0000
Backpacks of the Commonwealth.esp,2D00A59B,000D4456,BldDecoSmFlrOnly01,STAT,1286.737061,3502.322998,5.540054,90.0000
Backpacks of the Commonwealth.esp,2D00A59A,000D4456,BldDecoSmFlrOnly01,STAT,775.658386,3503.309570,5.540054,90.0000
Backpacks of the Commonwealth.esp,2D00A598,000D4457,BldDecoSmFlrOnly02,STAT,775.834290,3753.612305,58.765434,90.0000
Backpacks of the Commonwealth.esp,2D00A595,0001A802,BldWoodPSmStairsBlockTiny02,STAT,1497.723511,3921.022949,27.706676,180.0000
Backpacks of the Commonwealth.esp,2D00A594,0001A802,BldWoodPSmStairsBlockTiny02,STAT,1241.784058,3921.022949,27.706676,180.0000
Backpacks of the Commonwealth.esp,2D00A593,0001A802,BldWoodPSmStairsBlockTiny02,STAT,985.784119,3921.022949,27.706676,180.0000
Backpacks of the Commonwealth.esp,2D00A592,0001A802,BldWoodPSmStairsBlockTiny02,STAT,729.784119,3921.022949,27.706676,180.0000
Backpacks of the Commonwealth.esp,2D00A591,001111CA,NpcChairTheaterTilt01,STAT,274.874908,4026.906982,119.073509,180.0000
Backpacks of the Commonwealth.esp,2D00A58F,000D4457,BldDecoSmFlrOnly02,STAT,80.000000,4256.000000,160.000000,0.0001
Backpacks of the Commonwealth.esp,2D00A58E,000D4457,BldDecoSmFlrOnly02,STAT,1360.000000,4272.000000,160.000000,0.0001
Backpacks of the Commonwealth.esp,2D00A58D,000D4457,BldDecoSmFlrOnly02,STAT,336.000000,4256.000000,160.000000,0.0001
Backpacks of the Commonwealth.esp,2D00A58C,000D4457,BldDecoSmFlrOnly02,STAT,1104.000000,4272.000000,160.000000,0.0001
Backpacks of the Commonwealth.esp,2D00A58B,000D4457,BldDecoSmFlrOnly02,STAT,592.000000,4264.000000,160.000000,0.0001
Backpacks of the Commonwealth.esp,2D00A58A,000D4457,BldDecoSmFlrOnly02,STAT,848.000000,4256.000000,160.000000,0.0001
Backpacks of the Commonwealth.esp,2D009DED,0001B7B1,BldWoodPMdWallPillarWall01,STAT,186.333008,4741.855469,791.067688,270.0001
Backpacks of the Commonwealth.esp,2D009DEC,0001B7B1,BldWoodPMdWallPillarWall01,STAT,454.848724,4748.436523,791.067688,270.0001
Backpacks of the Commonwealth.esp,2D008EB7,0001B7E3,BldWoodPMdWall01,STAT,0.000000,4751.895508,799.067688,225.0001
Backpacks of the Commonwealth.esp,2D008EB4,0001B7E3,BldWoodPMdWall01,STAT,-64.000000,4256.000000,160.000000,180.0000
Backpacks of the Commonwealth.esp,2D008EB3,0001B7E3,BldWoodPMdWall01,STAT,172.444336,4718.333008,799.067688,270.0001
Backpacks of the Commonwealth.esp,2D008EAE,0001B7E3,BldWoodPMdWall01,STAT,320.000000,4879.895508,799.067688,270.0000
Backpacks of the Commonwealth.esp,2D008EAD,000D4440,BldDecoSmCeilOnly04,STAT,-176.000000,4735.895508,927.067688,0.0001
Backpacks of the Commonwealth.esp,2D008EAC,000D4440,BldDecoSmCeilOnly04,STAT,-176.000000,4991.895508,927.067688,0.0001
Backpacks of the Commonwealth.esp,2D008EAB,000D4440,BldDecoSmCeilOnly04,STAT,80.000000,4735.895508,927.067688,0.0001
Backpacks of the Commonwealth.esp,2D008EAA,000D4440,BldDecoSmCeilOnly04,STAT,80.000000,4991.895508,927.067688,0.0001
Backpacks of the Commonwealth.esp,2D008EA9,000D443C,BldDecoSmCeilOnly01,STAT,336.000000,4991.895508,927.067688,0.0001
Backpacks of the Commonwealth.esp,2D008EA8,000D443C,BldDecoSmCeilOnly01,STAT,336.000000,4735.895508,927.067688,0.0001
Backpacks of the Commonwealth.esp,2D008EA7,000D4440,BldDecoSmCeilOnly04,STAT,592.000000,4735.895508,927.067688,0.0001
Backpacks of the Commonwealth.esp,2D008EA6,000D443C,BldDecoSmCeilOnly01,STAT,848.000000,4735.895508,927.067688,0.0001
Backpacks of the Commonwealth.esp,2D008EA5,0001B7DC,BldWoodPMdWallScktBBot01,STAT,768.000000,4719.895508,799.067688,270.0000
Backpacks of the Commonwealth.esp,2D008EA4,0001B7E6,BldWoodPMdWall03,STAT,1008.000000,4719.085449,799.067688,270.0000
Backpacks of the Commonwealth.esp,2D008EA3,0001B7E3,BldWoodPMdWall01,STAT,-96.000000,4719.895508,799.067688,270.0000
Backpacks of the Commonwealth.esp,2D008EA2,0001B7E3,BldWoodPMdWall01,STAT,640.000000,4767.895508,799.067688,315.0001
Backpacks of the Commonwealth.esp,2D008EA1,0001B7E3,BldWoodPMdWall01,STAT,-32.000000,4719.895508,799.067688,315.0001
Backpacks of the Commonwealth.esp,2D008EA0,000367EC,BldWoodPSmCeilOnly128Up01,STAT,-352.000000,4847.895508,751.067688,270.0000
Backpacks of the Commonwealth.esp,2D008E9F,000367EB,BldWoodPSmWall128Up02,STAT,-336.000000,4847.895508,799.067688,90.0000
Backpacks of the Commonwealth.esp,2D008E9E,0001A804,BldWoodPSmStairsShort01,STAT,-336.813477,4847.895508,799.067688,90.0000
Backpacks of the Commonwealth.esp,2D008E9D,0001B7DC,BldWoodPMdWallScktBBot01,STAT,-80.000000,4847.895508,799.067688,0.0000
Backpacks of the Commonwealth.esp,2D008E9C,0008029E,DebrisPileSmallWood01,STAT,-102.366211,4806.555664,799.317688,30.3668
Backpacks of the Commonwealth.esp,2D008E9B,0008029F,DebrisPileSmallWood02,STAT,-74.300781,5000.857422,799.317688,57.8687
Backpacks of the Commonwealth.esp,2D008E9A,0001A834,BldWoodPSmFlrPlatChunk02,STAT,-304.000000,4879.895508,959.067688,266.0001
Backpacks of the Commonwealth.esp,2D008E99,000367EA,BldWoodPSmWall128Up01,STAT,-336.813477,4847.895508,799.067688,270.0000
Backpacks of the Commonwealth.esp,2D008E98,0001D1A0,DebrisPile01Trash,STAT,-368.813477,4879.895508,879.067688,0.0000
Backpacks of the Commonwealth.esp,2D008E97,0001D1A0,DebrisPile01Trash,STAT,-304.813477,4799.895508,847.067688,0.0000
Backpacks of the Commonwealth.esp,2D008E96,0001D1A0,DebrisPile01Trash,STAT,-384.813477,4783.895508,895.067688,0.0000
Backpacks of the Commonwealth.esp,2D008E95,0007ED8E,DebrisPileLargeWood01,STAT,-232.666992,4844.861816,799.067688,307.2879
Backpacks of the Commonwealth.esp,2D008E94,0001D1A0,DebrisPile01Trash,STAT,-288.813477,4911.895508,847.067688,0.0000
Backpacks of the Commonwealth.esp,2D008E93,0001CA24,BldWoodPBgWallPlugBBotDblDoor01,STAT,-208.000000,4847.895508,799.067688,0.0000
Backpacks of the Commonwealth.esp,2D008E92,000D4457,BldDecoSmFlrOnly02,STAT,-176.000000,4735.895508,799.067688,0.0001
Backpacks of the Commonwealth.esp,2D008E91,000D4457,BldDecoSmFlrOnly02,STAT,-176.000000,4991.895508,799.067688,0.0001
Backpacks of the Commonwealth.esp,2D008E90,0001B7E3,BldWoodPMdWall01,STAT,-32.000000,4959.895508,799.067688,45.0000
Backpacks of the Commonwealth.esp,2D008E8F,0001B7E6,BldWoodPMdWall03,STAT,864.000000,4735.895508,799.067688,180.0001
Backpacks of the Commonwealth.esp,2D008E8E,000D4457,BldDecoSmFlrOnly02,STAT,80.000000,4735.895508,799.067688,0.0001
Backpacks of the Commonwealth.esp,2D008E8D,000D4457,BldDecoSmFlrOnly02,STAT,336.000000,4735.895508,799.067688,0.0001
Backpacks of the Commonwealth.esp,2D008E8C,000D4457,BldDecoSmFlrOnly02,STAT,80.000000,4991.895508,799.067688,0.0001
Backpacks of the Commonwealth.esp,2D008E8B,0001B7E3,BldWoodPMdWall01,STAT,80.000000,5007.895508,799.067688,90.0001
Backpacks of the Commonwealth.esp,2D008E8A,000D4457,BldDecoSmFlrOnly02,STAT,848.000000,4735.895508,799.067688,0.0001
Backpacks of the Commonwealth.esp,2D008E89,000D4457,BldDecoSmFlrOnly02,STAT,592.000000,4735.895508,799.067688,0.0001
Backpacks of the Commonwealth.esp,2D008E88,000D445A,BldDecoSmFlrOnly04,STAT,336.000000,4991.895508,799.067688,90.0000
Backpacks of the Commonwealth.esp,2D008E86,0001B7DC,BldWoodPMdWallScktBBot01,STAT,336.000000,5007.895508,799.067688,90.0001
Backpacks of the Commonwealth.esp,2D008E81,000F7C42,ExitSignWallOn01,STAT,336.000000,5119.895508,1023.067688,180.0000
Backpacks of the Commonwealth.esp,2D008E80,0001CA24,BldWoodPBgWallPlugBBotDblDoor01,STAT,336.000000,5126.376465,797.993774,90.0000
Backpacks of the Commonwealth.esp,2D008E7F,0001E1DF,BldWoodPMdWallMusMuralPillar02,STAT,336.000000,5135.895508,799.067688,270.0000
Backpacks of the Commonwealth.esp,2D008E7E,0001D930,BldWoodPDbDoor01,DOOR,336.000000,5125.772461,797.993774,90.0000
Backpacks of the Commonwealth.esp,2D008E7C,000D4440,BldDecoSmCeilOnly04,STAT,592.000000,4991.895508,927.067688,0.0001
Backpacks of the Commonwealth.esp,2D008E7B,000D443C,BldDecoSmCeilOnly01,STAT,848.000000,4991.895508,927.067688,0.0001
Backpacks of the Commonwealth.esp,2D008E7A,00021E7A,Prewar_TrashCan,CONT,933.797119,5074.151855,799.067688,44.1635
Backpacks of the Commonwealth.esp,2D008E79,00017C0D,CigaretteMachine01,CONT,947.033508,4961.968262,799.067749,90.0001
Backpacks of the Commonwealth.esp,2D008E78,0001B7E6,BldWoodPMdWall03,STAT,864.000000,4991.895508,799.067688,180.0001
Backpacks of the Commonwealth.esp,2D008E77,0001B7E3,BldWoodPMdWall01,STAT,848.000000,5007.895508,799.067688,90.0001
Backpacks of the Commonwealth.esp,2D008E76,0001B7E8,BldWoodPMdWall04,STAT,592.000000,5007.895508,799.067688,90.0001
Backpacks of the Commonwealth.esp,2D008E75,000D445A,BldDecoSmFlrOnly04,STAT,592.000000,4991.895508,799.067688,0.0001
Backpacks of the Commonwealth.esp,2D008E74,000D4457,BldDecoSmFlrOnly02,STAT,848.000000,4991.895508,799.067688,0.0001
Backpacks of the Commonwealth.esp,2D008D56,000FDEE8,defaultLightWarm01NSNonSpec,LIGH,1424.000000,2192.000000,0.000000,0.0000
Backpacks of the Commonwealth.esp,2D008D55,000FDEE8,defaultLightWarm01NSNonSpec,LIGH,1424.000000,2192.000000,0.000000,0.0000
Backpacks of the Commonwealth.esp,2D008D54,000560D0,defaultLightCool01NS,LIGH,1424.000000,2192.000000,0.000000,0.0000
Backpacks of the Commonwealth.esp,2D008D53,000560D0,defaultLightCool01NS,LIGH,1424.000000,2192.000000,0.000000,0.0000
Backpacks of the Commonwealth.esp,2D008D52,000560D0,defaultLightCool01NS,LIGH,1424.000000,2192.000000,0.000000,0.0000
Backpacks of the Commonwealth.esp,2D008D51,00027696,ExitSignRedNS,LIGH,1424.000000,2192.000000,0.000000,180.0000
Backpacks of the Commonwealth.esp,2D008D50,00101818,ExitSignRedNSNonSpec,LIGH,1424.000000,2192.000000,0.000000,180.0000
Backpacks of the Commonwealth.esp,2D008D4F,00101818,ExitSignRedNSNonSpec,LIGH,1424.000000,2192.000000,0.000000,180.0000
Backpacks of the Commonwealth.esp,2D008D4E,00101183,defaultLightFire01NSNonSpec,LIGH,1424.000000,2192.000000,0.000000,0.0000
Backpacks of the Commonwealth.esp,2D008D4D,00101183,defaultLightFire01NSNonSpec,LIGH,1424.000000,2192.000000,0.000000,0.0000
Backpacks of the Commonwealth.esp,2D008D4C,00101183,defaultLightFire01NSNonSpec,LIGH,1424.000000,2192.000000,0.000000,0.0000
Backpacks of the Commonwealth.esp,2D008D4B,000FDEE8,defaultLightWarm01NSNonSpec,LIGH,1424.000000,2192.000000,0.000000,0.0000
Backpacks of the Commonwealth.esp,2D008D4A,000FDEE8,defaultLightWarm01NSNonSpec,LIGH,1424.000000,2192.000000,0.000000,0.0000
Backpacks of the Commonwealth.esp,2D008D49,000FDEE8,defaultLightWarm01NSNonSpec,LIGH,1424.000000,2192.000000,0.000000,0.0000
Backpacks of the Commonwealth.esp,2D008D48,000FDEE8,defaultLightWarm01NSNonSpec,LIGH,1424.000000,2192.000000,0.000000,0.0000
Backpacks of the Commonwealth.esp,2D008D47,000C581B,defaultLightFire01NS,LIGH,1424.000000,2192.000000,0.000000,111.4909
Backpacks of the Commonwealth.esp,2D008D46,0010B0B2,defaultLightCandle02FlickerNS,LIGH,1424.000000,2192.000000,0.000000,270.0000
Backpacks of the Commonwealth.esp,2D008D15,0012B52C,defaultLightFire01FlickerGoboWireBarrel,LIGH,1424.000000,2192.000000,0.000000,205.8650
Backpacks of the Commonwealth.esp,2D008D14,000C581B,defaultLightFire01NS,LIGH,1424.000000,2192.000000,0.000000,111.4909
Backpacks of the Commonwealth.esp,2D008CC7,000FDEE8,defaultLightWarm01NSNonSpec,LIGH,1424.000000,2192.000000,0.000000,0.0000
Backpacks of the Commonwealth.esp,2D008CC6,000FDEE8,defaultLightWarm01NSNonSpec,LIGH,1424.000000,2192.000000,0.000000,0.0000
Backpacks of the Commonwealth.esp,2D008CC5,000FDEE8,defaultLightWarm01NSNonSpec,LIGH,1424.000000,2192.000000,0.000000,0.0000
Backpacks of the Commonwealth.esp,2D008CC4,000FDEE8,defaultLightWarm01NSNonSpec,LIGH,1424.000000,2192.000000,0.000000,0.0000
Backpacks of the Commonwealth.esp,2D008CC3,000FDEE8,defaultLightWarm01NSNonSpec,LIGH,1424.000000,2192.000000,0.000000,0.0000
Backpacks of the Commonwealth.esp,2D008CC2,000FDEE8,defaultLightWarm01NSNonSpec,LIGH,1424.000000,2192.000000,0.000000,0.0000
Backpacks of the Commonwealth.esp,2D008CC1,000FDEE8,defaultLightWarm01NSNonSpec,LIGH,1424.000000,2192.000000,0.000000,0.0000
Backpacks of the Commonwealth.esp,2D008CC0,0010B0B4,defaultLightCandle02FlickerNSNonSpec,LIGH,1424.000000,2192.000000,0.000000,0.0000
Backpacks of the Commonwealth.esp,2D008CB2,0010B0B4,defaultLightCandle02FlickerNSNonSpec,LIGH,1424.000000,2192.000000,0.000000,0.0000
Backpacks of the Commonwealth.esp,2D008CA8,00101183,defaultLightFire01NSNonSpec,LIGH,1424.000000,2192.000000,0.000000,270.0000
Backpacks of the Commonwealth.esp,2D008CA7,000C581B,defaultLightFire01NS,LIGH,1424.000000,2192.000000,0.000000,270.0000
Backpacks of the Commonwealth.esp,2D008CA6,0008ADFA,defaultLightFire01NSFlicker,LIGH,1424.000000,2192.000000,0.000000,270.0000
Backpacks of the Commonwealth.esp,2D008CA3,0010B0B4,defaultLightCandle02FlickerNSNonSpec,LIGH,1424.000000,2192.000000,0.000000,0.0000
Backpacks of the Commonwealth.esp,2D008CA2,0010B0B4,defaultLightCandle02FlickerNSNonSpec,LIGH,1424.000000,2192.000000,0.000000,0.0000
Backpacks of the Commonwealth.esp,2D008C99,000D8555,defaultLightCool02NSNonSpec,LIGH,1424.000000,2192.000000,0.000000,0.0000
Backpacks of the Commonwealth.esp,2D008C98,000D8555,defaultLightCool02NSNonSpec,LIGH,1424.000000,2192.000000,0.000000,0.0000
Backpacks of the Commonwealth.esp,2D008C97,00056723,defaultLightCool02NS,LIGH,1424.000000,2192.000000,0.000000,0.0000
Backpacks of the Commonwealth.esp,2D008C95,00101183,defaultLightFire01NSNonSpec,LIGH,1424.000000,2192.000000,0.000000,270.0000
Backpacks of the Commonwealth.esp,2D008C94,000C581B,defaultLightFire01NS,LIGH,1424.000000,2192.000000,0.000000,270.0000
Backpacks of the Commonwealth.esp,2D008C93,0008ADFA,defaultLightFire01NSFlicker,LIGH,1424.000000,2192.000000,0.000000,270.0000
Backpacks of the Commonwealth.esp,2D008C92,0010B0B4,defaultLightCandle02FlickerNSNonSpec,LIGH,1424.000000,2192.000000,0.000000,286.6614
Backpacks of the Commonwealth.esp,2D008C91,0010B0B2,defaultLightCandle02FlickerNS,LIGH,1424.000000,2192.000000,0.000000,286.6614
Backpacks of the Commonwealth.esp,2D008C90,0010B0B2,defaultLightCandle02FlickerNS,LIGH,1424.000000,2192.000000,0.000000,286.6614
Backpacks of the Commonwealth.esp,2D008C8F,0010B0B2,defaultLightCandle02FlickerNS,LIGH,1424.000000,2192.000000,0.000000,286.6614
Backpacks of the Commonwealth.esp,2D008C8B,0010B0B2,defaultLightCandle02FlickerNS,LIGH,1424.000000,2192.000000,0.000000,11.4592
Backpacks of the Commonwealth.esp,2D008C8A,0010B0B2,defaultLightCandle02FlickerNS,LIGH,1424.000000,2192.000000,0.000000,11.4592
Backpacks of the Commonwealth.esp,2D008C70,000FDEE8,defaultLightWarm01NSNonSpec,LIGH,1424.000000,2192.000000,0.000000,0.0000
Backpacks of the Commonwealth.esp,2D008C6C,0010B0B4,defaultLightCandle02FlickerNSNonSpec,LIGH,1424.000000,2192.000000,0.000000,303.8500
Backpacks of the Commonwealth.esp,2D008C6B,0010B0B4,defaultLightCandle02FlickerNSNonSpec,LIGH,1424.000000,2192.000000,0.000000,303.8500
Backpacks of the Commonwealth.esp,2D008C6A,0010B0B4,defaultLightCandle02FlickerNSNonSpec,LIGH,1424.000000,2192.000000,0.000000,303.8500
Backpacks of the Commonwealth.esp,2D008C69,0010B0B2,defaultLightCandle02FlickerNS,LIGH,1424.000000,2192.000000,0.000000,303.8500
Backpacks of the Commonwealth.esp,2D008C68,0010B0B2,defaultLightCandle02FlickerNS,LIGH,1424.000000,2192.000000,0.000000,303.8500
Backpacks of the Commonwealth.esp,2D008C63,001179AA,CageBulbRed01NSNonSpec,LIGH,1424.000000,2192.000000,0.000000,0.0000
Backpacks of the Commonwealth.esp,2D008C62,0010B0B2,defaultLightCandle02FlickerNS,LIGH,1424.000000,2192.000000,0.000000,0.0000
Backpacks of the Commonwealth.esp,2D008C61,0010B0B4,defaultLightCandle02FlickerNSNonSpec,LIGH,1424.000000,2192.000000,0.000000,0.0000
Backpacks of the Commonwealth.esp,2D008C51,0010B0B4,defaultLightCandle02FlickerNSNonSpec,LIGH,1424.000000,2192.000000,0.000000,0.0000
Backpacks of the Commonwealth.esp,2D008C50,0010B0B4,defaultLightCandle02FlickerNSNonSpec,LIGH,1424.000000,2192.000000,0.000000,0.0000
Backpacks of the Commonwealth.esp,2D008C4F,0010B0B2,defaultLightCandle02FlickerNS,LIGH,1424.000000,2192.000000,0.000000,0.0000
Backpacks of the Commonwealth.esp,2D008C35,00101183,defaultLightFire01NSNonSpec,LIGH,1424.000000,2192.000000,0.000000,270.0000
Backpacks of the Commonwealth.esp,2D008C34,00101183,defaultLightFire01NSNonSpec,LIGH,1424.000000,2192.000000,0.000000,270.0000
Backpacks of the Commonwealth.esp,2D008C33,000C581B,defaultLightFire01NS,LIGH,1424.000000,2192.000000,0.000000,270.0000
Backpacks of the Commonwealth.esp,2D008C32,000C581B,defaultLightFire01NS,LIGH,1424.000000,2192.000000,0.000000,270.0000
Backpacks of the Commonwealth.esp,2D008C31,000C581B,defaultLightFire01NS,LIGH,1424.000000,2192.000000,0.000000,270.0000
Backpacks of the Commonwealth.esp,2D008C30,0008ADFA,defaultLightFire01NSFlicker,LIGH,1424.000000,2192.000000,0.000000,270.0000
Backpacks of the Commonwealth.esp,2D008C2D,000FDEE8,defaultLightWarm01NSNonSpec,LIGH,1424.000000,2192.000000,0.000000,0.0000
Backpacks of the Commonwealth.esp,2D008C2C,000FDEE8,defaultLightWarm01NSNonSpec,LIGH,1424.000000,2192.000000,0.000000,0.0000
Backpacks of the Commonwealth.esp,2D008C2B,0010B0B2,defaultLightCandle02FlickerNS,LIGH,1424.000000,2192.000000,0.000000,270.0000
Backpacks of the Commonwealth.esp,2D008C2A,000560DC,defaultLightWarm01NS,LIGH,1424.000000,2192.000000,0.000000,347.0000
Backpacks of the Commonwealth.esp,2D008C27,000FDEE8,defaultLightWarm01NSNonSpec,LIGH,1424.000000,2192.000000,0.000000,0.0000
Backpacks of the Commonwealth.esp,2D008C26,000FDEE8,defaultLightWarm01NSNonSpec,LIGH,1424.000000,2192.000000,0.000000,0.0000
Backpacks of the Commonwealth.esp,2D008C25,000FDEE8,defaultLightWarm01NSNonSpec,LIGH,1424.000000,2192.000000,0.000000,0.0000
Backpacks of the Commonwealth.esp,2D008C20,001179AA,CageBulbRed01NSNonSpec,LIGH,1040.859375,2835.317383,-13.963318,0.0000
Backpacks of the Commonwealth.esp,2D008C1F,001179AA,CageBulbRed01NSNonSpec,LIGH,1395.636719,2061.666504,42.262001,0.0000
Backpacks of the Commonwealth.esp,2D008C1E,001179A5,CageBulbRed01NS,LIGH,1574.236328,2288.005371,-44.939804,0.0000
Backpacks of the Commonwealth.esp,2D008C1D,001111CB,NpcChairTheaterTilt02,STAT,594.133057,2971.698730,394.201660,3.3465
Backpacks of the Commonwealth.esp,2D008C1C,0011129A,NpcChairTheaterTiltEnd01,STAT,516.831055,2976.219727,394.201660,3.3465
Backpacks of the Commonwealth.esp,2D008C1B,001111C8,NpcChairTheaterEmpty01,STAT,555.899292,2973.934814,394.201660,3.3465
Backpacks of the Commonwealth.esp,2D008C1A,0007ED8E,DebrisPileLargeWood01,STAT,-68.828125,5247.233887,799.067688,307.2879
Backpacks of the Commonwealth.esp,2D008C19,0008029F,DebrisPileSmallWood02,STAT,104.724609,5419.229492,799.317688,57.8687
Backpacks of the Commonwealth.esp,2D008C18,0008029E,DebrisPileSmallWood01,STAT,76.659180,5224.927734,799.317688,30.3668
Backpacks of the Commonwealth.esp,2D008C17,0010B0F2,defaultLightCandle02FlickerNSDimmer,LIGH,411.167145,5259.312500,1132.062622,264.2705
Backpacks of the Commonwealth.esp,2D008C16,0010B0F2,defaultLightCandle02FlickerNSDimmer,LIGH,-269.049347,4858.517578,894.373047,270.0000
Backpacks of the Commonwealth.esp,2D008C15,0010B0B2,defaultLightCandle02FlickerNS,LIGH,314.779022,4815.908691,1084.442383,270.0000
Backpacks of the Commonwealth.esp,2D008C0B,000D4457,BldDecoSmFlrOnly02,STAT,520.089844,3754.145508,58.765434,90.0000
Backpacks of the Commonwealth.esp,2D008C09,001111C9,NpcChairTheaterEmptyEnd01,STAT,1187.257935,2955.237061,-89.680382,230.8997
Backpacks of the Commonwealth.esp,2D008C08,001111CA,NpcChairTheaterTilt01,STAT,1043.266357,2977.108154,-81.075508,179.3335
Backpacks of the Commonwealth.esp,2D008C07,0011129A,NpcChairTheaterTiltEnd01,STAT,988.694824,2886.161133,-92.514557,179.3335
Backpacks of the Commonwealth.esp,2D008C06,001111C7,NpcChairTheaterTilt04,STAT,998.132568,3069.925049,153.155731,180.0000
Backpacks of the Commonwealth.esp,2D008C01,001111C9,NpcChairTheaterEmptyEnd01,STAT,22.048157,3864.479492,84.373665,180.0000
Backpacks of the Commonwealth.esp,2D008C00,0008954E,TrashClump02,STAT,573.660156,3288.502930,-44.604904,325.5618
Backpacks of the Commonwealth.esp,2D008BFF,0011129A,NpcChairTheaterTiltEnd01,STAT,489.149445,3528.214844,7.708147,180.0000
Backpacks of the Commonwealth.esp,2D008BFE,001111CB,NpcChairTheaterTilt02,STAT,449.149445,3528.214844,7.708147,180.0000
Backpacks of the Commonwealth.esp,2D008BFD,001111C6,NpcChairTheaterTilt03,STAT,409.149445,3528.214844,7.708147,180.0000
Backpacks of the Commonwealth.esp,2D008BFC,001111C7,NpcChairTheaterTilt04,STAT,369.149445,3528.214844,7.708147,180.0000
Backpacks of the Commonwealth.esp,2D008BFB,001111C5,NpcChairTheater02,FURN,28.870728,2461.008789,-166.688995,183.7532
Backpacks of the Commonwealth.esp,2D008BFA,001111C4,NpcChairTheater01,FURN,68.787720,2458.390625,-166.688995,183.7532
Backpacks of the Commonwealth.esp,2D008BF9,001111C3,NpcChairTheaterEnd01,FURN,1105.033936,2685.575928,-163.952347,207.8007
Backpacks of the Commonwealth.esp,2D008BF8,001111C4,NpcChairTheater01,FURN,1069.651489,2704.231445,-163.952347,207.8007
Backpacks of the Commonwealth.esp,2D008BF7,001111C5,NpcChairTheater02,FURN,1034.268555,2722.886963,-163.952347,207.8007
Backpacks of the Commonwealth.esp,2D008BF6,0005821A,CigarettePack,MISC,1198.013672,3192.976074,9.249205,359.9383
Backpacks of the Commonwealth.esp,2D008BF5,000366C5,Jet,ALCH,1211.478516,3194.869141,7.931255,50.9932
Backpacks of the Commonwealth.esp,2D008BF4,000BD531,OfficeFileCabinet03,CONT,1211.451172,3184.243652,-47.912491,95.6839
Backpacks of the Commonwealth.esp,2D008BF3,0010693A,Rubble_Flat_Trash_Lg01c,STAT,-169.971680,1252.597656,-32.171066,270.0000
Backpacks of the Commonwealth.esp,2D008BF2,0008A5D7,TrashEdge01,STAT,938.527344,2030.326172,-159.921051,67.0360
Backpacks of the Commonwealth.esp,2D008BF1,0008A5D7,TrashEdge01,STAT,1563.974609,2652.604736,-160.171066,77.9222
Backpacks of the Commonwealth.esp,2D008BF0,0008A5D7,TrashEdge01,STAT,1608.267578,2074.462402,-160.171066,77.9222
Backpacks of the Commonwealth.esp,2D008BEF,0008B5FD,TrashEdge03,STAT,1737.476562,2254.498535,-160.171066,93.3920
Backpacks of the Commonwealth.esp,2D008BEE,0008A5E0,TrashEdge02,STAT,1752.697266,2419.457520,-160.171082,77.9222
Backpacks of the Commonwealth.esp,2D008BED,0008A5D7,TrashEdge01,STAT,1723.305664,2540.005859,-160.171066,124.9047
Backpacks of the Commonwealth.esp,2D008BEC,0008A5D7,TrashEdge01,STAT,1696.873047,2148.198730,-160.171066,106.5701
Backpacks of the Commonwealth.esp,2D008BEB,0008954E,TrashClump02,STAT,1741.075195,2133.029785,-160.171051,119.7482
Backpacks of the Commonwealth.esp,2D008BEA,0008954A,TrashClump01,STAT,1791.033203,2496.201172,-160.171066,63.5983
Backpacks of the Commonwealth.esp,2D008BE9,000F676A,ConstructionBarrier02Dest,MSTT,1545.414062,2511.148926,-143.557129,8.5939
Backpacks of the Commonwealth.esp,2D008BE8,000F676B,SawHorse01Dest,MSTT,1584.368164,2654.108887,-157.913895,356.5622
Backpacks of the Commonwealth.esp,2D008BE7,000C9ADA,SurgicalScalpel,MISC,163.677963,3275.240967,190.390915,356.2935
Backpacks of the Commonwealth.esp,2D008BE5,00059AD8,SurgicalTray01,MISC,97.762695,3462.217773,110.833527,146.7357
Backpacks of the Commonwealth.esp,2D008BE4,000C9ADE,SurgicalCutter,MISC,175.239487,3361.409912,189.485489,37.9589
Backpacks of the Commonwealth.esp,2D008BE3,0000000F,Caps001,MISC,90.635742,2491.952148,433.524475,0.0022
Backpacks of the Commonwealth.esp,2D008BE2,0004835A,NukaColaEmpty,MISC,106.038086,2482.938965,430.178833,0.0000
Backpacks of the Commonwealth.esp,2D008BE1,00048360,NukaColaCherry,ALCH,97.309570,2471.366455,433.282227,322.5692
Backpacks of the Commonwealth.esp,2D008BE0,00059A80,MetalBucket,MISC,1635.668457,2339.930176,351.828918,137.5102
Backpacks of the Commonwealth.esp,2D008BDD,00075F38,PlayerHouse_Ruin_Television01,STAT,-390.394409,2209.697021,-159.362137,97.7477
Backpacks of the Commonwealth.esp,2D008BDC,0006F9DE,NpcChairPlayerHouseRuinKitchenSit03,FURN,-379.752533,2264.298584,-160.171066,264.3161
Backpacks of the Commonwealth.esp,2D008BDB,0001CC63,PictureFrame04,STAT,-432.845703,1965.996094,-4.653889,0.0000
Backpacks of the Commonwealth.esp,2D008BDA,000211DD,BeerBottleEmpty01,MISC,-722.133118,2211.580322,-160.171066,0.0000
Backpacks of the Commonwealth.esp,2D008BD9,000211DD,BeerBottleEmpty01,MISC,-771.084229,2212.920410,-68.751129,0.0000
Backpacks of the Commonwealth.esp,2D008BD8,000211DD,BeerBottleEmpty01,MISC,-724.645020,2200.947754,-160.171066,0.0000
Backpacks of the Commonwealth.esp,2D008BD7,0003A9EB,OfficeBoxPapers01,STAT,-766.216492,2264.559814,-160.171066,295.2555
Backpacks of the Commonwealth.esp,2D008BD6,0003A9EB,OfficeBoxPapers01,STAT,-761.106018,2196.256348,-69.719460,24.6370
Backpacks of the Commonwealth.esp,2D008BD5,0003A9EC,OfficeBoxPapers02,STAT,-804.224792,2318.505127,-160.171066,6.8753
Backpacks of the Commonwealth.esp,2D008BD4,0003A9ED,OfficeBoxPapers03,STAT,-765.589844,2199.338135,-91.450020,293.5368
Backpacks of the Commonwealth.esp,2D008BD3,0003A9ED,OfficeBoxPapers03,STAT,-806.941101,2202.399170,-93.525703,5.1565
Backpacks of the Commonwealth.esp,2D008BD2,0003A9ED,OfficeBoxPapers03,STAT,-756.956543,2223.418701,-115.304428,271.1915
Backpacks of the Commonwealth.esp,2D008BD1,0003A9ED,OfficeBoxPapers03,STAT,-759.501648,2182.541260,-116.029984,346.8218
Backpacks of the Commonwealth.esp,2D008BD0,0003A9ED,OfficeBoxPapers03,STAT,-798.203308,2181.090576,-116.565453,271.7643
Backpacks of the Commonwealth.esp,2D008BCF,0003A9ED,OfficeBoxPapers03,STAT,-802.200378,2216.029053,-115.904488,353.6973
Backpacks of the Commonwealth.esp,2D008BCE,0003A9ED,OfficeBoxPapers03,STAT,-802.657898,2238.915283,-138.307846,357.1351
Backpacks of the Commonwealth.esp,2D008BCD,0003A9ED,OfficeBoxPapers03,STAT,-800.019714,2192.269775,-138.280258,342.2382
Backpacks of the Commonwealth.esp,2D008BCC,0003A9ED,OfficeBoxPapers03,STAT,-764.655945,2218.838623,-139.158829,26.3559
Backpacks of the Commonwealth.esp,2D008BCB,0003A9ED,OfficeBoxPapers03,STAT,-742.463074,2185.352783,-138.293594,323.3306
Backpacks of the Commonwealth.esp,2D008BCA,0003A9ED,OfficeBoxPapers03,STAT,-727.533875,2182.755127,-160.171051,87.6623
Backpacks of the Commonwealth.esp,2D008BC9,0003A9ED,OfficeBoxPapers03,STAT,-748.305359,2226.544678,-160.171051,267.7537
Backpacks of the Commonwealth.esp,2D008BC8,0003A9ED,OfficeBoxPapers03,STAT,-804.780457,2265.466553,-160.171066,346.8218
Backpacks of the Commonwealth.esp,2D008BC7,0003A9ED,OfficeBoxPapers03,STAT,-795.542175,2226.952881,-160.171036,104.8512
Backpacks of the Commonwealth.esp,2D008BC6,0003A9ED,OfficeBoxPapers03,STAT,-761.450378,2191.695557,-160.171051,357.7080
Backpacks of the Commonwealth.esp,2D008BC5,0003A9ED,OfficeBoxPapers03,STAT,-798.585144,2190.873779,-160.171051,12.6051
Backpacks of the Commonwealth.esp,2D008BC4,001A594B,TrashcanMetalOffice01,MSTT,-599.248718,2361.184082,-160.171066,39.5341
Backpacks of the Commonwealth.esp,2D008BC3,0003F432,NpcCouchOfficeSit01,FURN,-656.826599,2194.441895,-160.171066,81.1775
Backpacks of the Commonwealth.esp,2D008BC2,000211CC,CoffeePot01,MISC,-494.247253,2673.019287,-84.233574,0.0000
Backpacks of the Commonwealth.esp,2D008BC1,000211C4,CoffeeCup01,MISC,-552.338867,2499.428711,-103.671082,155.2716
Backpacks of the Commonwealth.esp,2D008BC0,0001D30A,ClockStarburst01,STAT,-806.910156,2529.292236,-8.750931,270.0000
Backpacks of the Commonwealth.esp,2D008BBF,0001F92F,Clipboard01,MISC,-569.588318,2470.961182,-103.221062,97.2203
Backpacks of the Commonwealth.esp,2D008BBE,0005821E,CigarBox,MISC,-577.582520,2405.087891,-101.577446,0.0000
Backpacks of the Commonwealth.esp,2D008BBD,00245D63,CeilingFanLight01Animated,MSTT,-591.503906,2330.556152,62.828934,161.2812
Backpacks of the Commonwealth.esp,2D008BBC,0001F905,DeskFanOffice01,MISC,1229.608398,2628.531982,-82.165749,198.4258
Backpacks of the Commonwealth.esp,2D008BBB,0001F905,DeskFanOffice01,MISC,-531.813477,2484.220703,-103.671059,263.1701
Backpacks of the Commonwealth.esp,2D008BB8,000913FB,PlayerHouse_Ruin_Dresser02,CONT,-456.573425,2666.327881,-160.171066,5.1565
Backpacks of the Commonwealth.esp,2D008BB7,000BD531,OfficeFileCabinet03,CONT,-719.892761,2682.983643,-160.171051,339.3734
Backpacks of the Commonwealth.esp,2D008BB6,000BD52E,OfficeFileCabinet02,CONT,-783.523132,2618.103516,-160.171051,275.5927
Backpacks of the Commonwealth.esp,2D008BB5,00049622,OfficeFileCabinet01_Prewar,CONT,-786.194092,2665.689453,-160.171051,277.4943
Backpacks of the Commonwealth.esp,2D008BB4,00035AE1,PlayerHouse_Ruin_Kitchen_Cabinet01_BareMetal,STAT,133.617187,2497.045654,396.662354,81.8873
Backpacks of the Commonwealth.esp,2D008BB3,0010693A,Rubble_Flat_Trash_Lg01c,STAT,1679.461914,2276.319824,351.828918,249.3735
Backpacks of the Commonwealth.esp,2D008BB2,0008A5E0,TrashEdge02,STAT,1728.114258,2407.880371,351.828918,265.8523
Backpacks of the Commonwealth.esp,2D008BB1,0008A5D7,TrashEdge01,STAT,1663.573242,2488.937500,351.828918,182.7734
Backpacks of the Commonwealth.esp,2D008BB0,0008B671,TrashClump03,STAT,1717.166992,2564.757080,351.828918,161.0011
Backpacks of the Commonwealth.esp,2D008BAF,0008954E,TrashClump02,STAT,1795.708008,2352.608398,351.828918,86.5166
Backpacks of the Commonwealth.esp,2D008BAE,0008954A,TrashClump01,STAT,1798.557617,2490.161133,371.370361,44.1177
Backpacks of the Commonwealth.esp,2D008BAD,000366BF,WaterDirty,ALCH,968.231323,2143.062256,-101.585770,127.1966
Backpacks of the Commonwealth.esp,2D008BAA,00059B2C,TVdinnerTray,MISC,989.531128,2124.882080,-101.444717,39.5340
Backpacks of the Commonwealth.esp,2D008BA2,000211CC,CoffeePot01,MISC,247.409180,2002.952148,417.930725,311.2986
Backpacks of the Commonwealth.esp,2D008BA1,000211DD,BeerBottleEmpty01,MISC,242.697266,1981.834961,417.930725,46.9825
Backpacks of the Commonwealth.esp,2D008BA0,000211DD,BeerBottleEmpty01,MISC,262.029297,1987.475098,417.930725,0.0000
Backpacks of the Commonwealth.esp,2D008B9F,0003A9EB,OfficeBoxPapers01,STAT,320.741211,2038.463867,439.545654,141.5206
Backpacks of the Commonwealth.esp,2D008B9E,00017C0D,CigaretteMachine01,CONT,-2.897461,1992.093750,361.430786,233.3307
Backpacks of the Commonwealth.esp,2D008B9C,0008A5E0,TrashEdge02,STAT,1111.583984,3306.399902,-35.753975,182.9103
Backpacks of the Commonwealth.esp,2D008B9B,0008A5D7,TrashEdge01,STAT,1201.675781,3309.466797,-35.753975,270.0000
Backpacks of the Commonwealth.esp,2D008B9A,0008954E,TrashClump02,STAT,934.951416,3373.756836,-34.860874,178.8750
Backpacks of the Commonwealth.esp,2D008B99,001E716B,ShackWallFlatEnd04,STAT,1700.912109,3414.750488,-39.124260,87.6624
Backpacks of the Commonwealth.esp,2D008B98,0008B671,TrashClump03,STAT,1682.672852,3542.093262,-6.123871,225.1724
Backpacks of the Commonwealth.esp,2D008B8D,0001D184,TrashDecal01,STAT,1491.462891,2775.202637,160.613083,60.7333
Backpacks of the Commonwealth.esp,2D008B8B,00073270,PlayerHouse_Ruin_Stereo02,STAT,1383.385620,2981.097412,268.546967,97.0199
Backpacks of the Commonwealth.esp,2D008B85,000ABFDA,Halloween_SkullPoster,STAT,1659.307617,2233.620117,481.838531,269.3186
Backpacks of the Commonwealth.esp,2D008B82,000ABFFD,Halloween_CatPoster3,SCOL,1463.618530,2104.769043,399.951080,357.9214
Backpacks of the Commonwealth.esp,2D008B79,00059B2C,TVdinnerTray,MISC,254.249023,2955.132324,17.985077,330.2062
Backpacks of the Commonwealth.esp,2D008B77,000366C5,Jet,ALCH,1483.343750,2789.268799,160.087540,28.6479
Backpacks of the Commonwealth.esp,2D008B76,0001F6A3,NpcCouchFederalistSit01,FURN,1561.791016,2787.834473,160.087509,268.8995
Backpacks of the Commonwealth.esp,2D008B75,000CD29D,MetalBox,CONT,1457.626953,2696.606689,160.087540,177.2266
Backpacks of the Commonwealth.esp,2D008B74,00023C34,Bowl_02b_Ceramic_Cracked,MISC,1285.738281,2658.606445,-76.716133,90.2243
Backpacks of the Commonwealth.esp,2D008B73,00017C73,NoodleCup,ALCH,1275.228516,2636.719727,-81.785530,89.9971
Backpacks of the Commonwealth.esp,2D008B72,00023C32,Bowl_02_Ceramic,MISC,1260.767578,2662.774902,-81.780724,190.9573
Backpacks of the Commonwealth.esp,2D008B71,00023C34,Bowl_02b_Ceramic_Cracked,MISC,136.000000,2960.000000,19.627502,84.1485
Backpacks of the Commonwealth.esp,2D008B70,00017C73,NoodleCup,ALCH,151.965820,2986.372559,17.585495,139.8443
Backpacks of the Commonwealth.esp,2D008B6F,00023C38,Bowl_03b_Glass_Cracked,MISC,233.440430,2988.971191,18.598885,173.4774
Backpacks of the Commonwealth.esp,2D008B6E,00023C32,Bowl_02_Ceramic,MISC,114.334961,2987.758301,17.590298,157.1532
Backpacks of the Commonwealth.esp,2D008B6C,00059A71,AbraxoCleaner,MISC,1385.844727,2679.828125,160.090866,169.9927
Backpacks of the Commonwealth.esp,2D008B68,00180A15,CashRegisterContainer,CONT,1219.158203,2255.317383,-82.120895,235.0952
Backpacks of the Commonwealth.esp,2D008B67,000A78FE,DaisyRug,STAT,1275.685547,3099.455322,-47.912468,0.0000
Backpacks of the Commonwealth.esp,2D008B66,000913FA,PlayerHouse_Ruin_Dresser01,CONT,1310.998047,2963.056641,-47.912529,185.0654
Backpacks of the Commonwealth.esp,2D008B65,0007326C,PlayerHouse_Ruin_CoatRack01,MSTT,1267.575195,3027.500732,-47.912445,43.5448
Backpacks of the Commonwealth.esp,2D008B64,0001D184,TrashDecal01,STAT,1485.266602,2872.786621,-47.452393,126.1876
Backpacks of the Commonwealth.esp,2D008B63,00038C22,Loot_Raider_Suitcase_Armor,CONT,1397.850586,2770.345703,-47.912460,254.3933
Backpacks of the Commonwealth.esp,2D008B62,0008B671,TrashClump03,STAT,1447.094727,3383.143066,-19.478235,308.9611
Backpacks of the Commonwealth.esp,2D008B61,0008954E,TrashClump02,STAT,1414.163086,3266.999512,-44.009396,270.0000
Backpacks of the Commonwealth.esp,2D008B60,0008B617,TrashPileWall03,STAT,1472.436523,3302.940918,-39.170540,88.1897
Backpacks of the Commonwealth.esp,2D008B5F,0008B5F6,TrashPileWall01,STAT,1610.767578,3294.935547,-39.170540,270.0000
Backpacks of the Commonwealth.esp,2D008B5C,0008A5E0,TrashEdge02,STAT,571.227539,3434.170898,-7.953875,169.1593
Backpacks of the Commonwealth.esp,2D008B57,0008954E,TrashClump02,STAT,534.769531,3281.962891,-40.306717,270.0000
Backpacks of the Commonwealth.esp,2D008B56,0008954A,TrashClump01,STAT,521.134766,3180.961426,-71.557549,211.0602
Backpacks of the Commonwealth.esp,2D008B55,0008954A,TrashClump01,STAT,936.287109,2885.688477,-117.871803,211.0602
Backpacks of the Commonwealth.esp,2D008B54,0008A5E0,TrashEdge02,STAT,953.856445,2781.413574,-147.995087,38.9155
Backpacks of the Commonwealth.esp,2D008B53,0008A5D7,TrashEdge01,STAT,1055.969727,2769.155273,-150.600647,270.0000
Backpacks of the Commonwealth.esp,2D008B52,0008B5F6,TrashPileWall01,STAT,1317.684570,2751.511719,-155.863693,0.3049
Backpacks of the Commonwealth.esp,2D008B51,0008B648,TrashPileCorIn01,STAT,1292.216797,2882.062988,-144.076736,62.7095
Backpacks of the Commonwealth.esp,2D008B50,0008B5F6,TrashPileWall01,STAT,1170.374023,2895.041504,-129.540939,351.1718
Backpacks of the Commonwealth.esp,2D008B4F,0008954A,TrashClump01,STAT,1150.079102,2994.527832,-64.739082,330.2625
Backpacks of the Commonwealth.esp,2D008B4E,0008954E,TrashClump02,STAT,987.784180,3001.275391,-70.432129,12.6979
Backpacks of the Commonwealth.esp,2D008B4D,0008954A,TrashClump01,STAT,1012.431641,2975.860352,-87.984428,340.9319
Backpacks of the Commonwealth.esp,2D008B4C,00021E7A,Prewar_TrashCan,CONT,1096.153687,2752.248535,-196.918610,347.9076
Backpacks of the Commonwealth.esp,2D008B4B,0004B273,OilCan01,MISC,1229.638672,2219.359375,-155.131119,353.1245
Backpacks of the Commonwealth.esp,2D008B4A,00059A83,Camera,MISC,1198.479492,2642.836914,-82.122192,33.2320
Backpacks of the Commonwealth.esp,2D008B49,0005238F,Broom01,MISC,1413.916992,2163.647461,-108.805367,359.1159
Backpacks of the Commonwealth.esp,2D008B48,000E7D99,StepLadderClosed,STAT,6.837891,5182.481445,800.971130,359.3382
Backpacks of the Commonwealth.esp,2D008B47,000EC8AD,Beaker02,MISC,182.685776,3338.014893,210.450836,148.3960
Backpacks of the Commonwealth.esp,2D008B46,000EC8AB,Beaker,MISC,174.225815,3315.564697,189.754883,91.6732
Backpacks of the Commonwealth.esp,2D008B45,000EAFC1,GlassTtube,MISC,180.798080,3281.927490,191.665863,89.7517
Backpacks of the Commonwealth.esp,2D008B44,000EC8AD,Beaker02,MISC,166.481674,3254.896240,189.877945,108.2889
Backpacks of the Commonwealth.esp,2D008B43,000EC8B3,RingStand,MISC,198.635971,3272.082275,190.170395,118.6022
Backpacks of the Commonwealth.esp,2D008B42,000EAFC1,GlassTtube,MISC,207.602768,3306.249756,193.273956,275.7997
Backpacks of the Commonwealth.esp,2D008B41,000EAFBE,WoodTtubeRack,MISC,196.955307,3306.035400,189.509659,92.6367
Backpacks of the Commonwealth.esp,2D008B40,000EC8B8,BunsenBurner,MISC,180.807846,3339.557861,189.828934,34.3318
Backpacks of the Commonwealth.esp,2D008B3F,000EC8B6,Beaker_Stand,MISC,181.860580,3339.067139,189.841461,163.8658
Backpacks of the Commonwealth.esp,2D008B3D,0001D2D7,MuseumDivider01,STAT,215.916992,5170.928711,799.317688,355.9892
Backpacks of the Commonwealth.esp,2D008B3C,000DEDDF,BottleEmptyBourbon01,MISC,1212.271484,2199.043945,-78.946365,0.0493
Backpacks of the Commonwealth.esp,2D008B3A,00059ADB,HotPlate,MISC,187.833008,2971.669434,17.173943,57.8687
Backpacks of the Commonwealth.esp,2D008B39,000DEDDF,BottleEmptyBourbon01,MISC,1267.134766,2652.064941,-79.023499,179.8489
Backpacks of the Commonwealth.esp,2D008B38,000DF24D,BottleEmpty04,MISC,1441.900391,2530.896729,-124.764854,269.9847
Backpacks of the Commonwealth.esp,2D008B37,000DEDE0,BottleEmptyVodka01,MISC,1298.902344,2644.907715,-79.019241,269.9475
Backpacks of the Commonwealth.esp,2D008B36,000DF223,BottleEmpty03,MISC,1365.663086,2637.940918,-79.016876,90.1758
Backpacks of the Commonwealth.esp,2D008B35,000DF221,BottleEmpty01,MISC,1403.892578,2629.989258,-79.022232,359.8676
Backpacks of the Commonwealth.esp,2D008B34,000DF221,BottleEmpty01,MISC,1457.583984,2441.288086,-103.637314,90.5273
Backpacks of the Commonwealth.esp,2D008B33,000366BF,WaterDirty,ALCH,1445.625000,2388.237793,-103.599823,28.6479
Backpacks of the Commonwealth.esp,2D008B30,000366B9,InstaMash,ALCH,223.176758,3170.763672,7.409847,113.4456
Backpacks of the Commonwealth.esp,2D008B2F,000330B4,FancyLadSnackCakes,ALCH,100.133789,2948.763184,19.217579,270.0774
Backpacks of the Commonwealth.esp,2D008B2E,0002FBF7,DandyBoyApples,ALCH,187.203125,3165.179688,7.741429,291.8180
Backpacks of the Commonwealth.esp,2D008B2C,00059A7E,DogBowl,MISC,1135.103516,2176.366211,-159.921066,91.1003
Backpacks of the Commonwealth.esp,2D008B2B,00059AB5,Cigarette_Off01,MISC,1436.647461,2377.080078,-103.288666,104.2783
Backpacks of the Commonwealth.esp,2D008B2A,00059AB5,Cigarette_Off01,MISC,1431.053711,2372.210938,-103.288963,0.0160
Backpacks of the Commonwealth.esp,2D008B29,00059AB5,Cigarette_Off01,MISC,1433.554688,2378.828125,-103.290138,327.4373
Backpacks of the Commonwealth.esp,2D008B28,0005821A,CigarettePack,MISC,1430.882812,2220.022461,-86.430077,359.9540
Backpacks of the Commonwealth.esp,2D008B27,0005821A,CigarettePack,MISC,1429.673828,2227.963379,-87.796051,300.4123
Backpacks of the Commonwealth.esp,2D008B26,0008E36E,Cigar_Lit01,MISC,1207.018555,2375.065430,-79.606071,0.3444
Backpacks of the Commonwealth.esp,2D008B25,0008E371,Ashtray01_Filled,MISC,1203.730469,2376.217285,-82.135429,33.8045
Backpacks of the Commonwealth.esp,2D008B24,0008E370,Ashtray01,MISC,226.684570,2959.384277,17.173939,0.0000
Backpacks of the Commonwealth.esp,2D008B23,00059B1A,Toaster_01_PostWar,MISC,100.236328,2980.595215,17.173954,323.3307
Backpacks of the Commonwealth.esp,2D008B22,0001F90A,TinCan01,MISC,1457.784180,2454.361328,-103.642128,0.0000
Backpacks of the Commonwealth.esp,2D008B21,0001F908,TinCan02,MISC,1440.158203,2517.626465,-150.116379,60.1606
Backpacks of the Commonwealth.esp,2D008B1D,0001F90A,TinCan01,MISC,261.056641,2983.174072,17.173946,48.1285
Backpacks of the Commonwealth.esp,2D008B1C,00060E7B,OvenMitt,MISC,231.550781,2973.227539,17.173946,304.4231
Backpacks of the Commonwealth.esp,2D008B1B,0003B55B,MilkBottleEmpty,MISC,1443.751953,2403.879883,-103.577316,69.9009
Backpacks of the Commonwealth.esp,2D008B1A,00059ADB,HotPlate,MISC,1445.809570,2366.298340,-103.635033,55.0040
Backpacks of the Commonwealth.esp,2D008B19,000211DD,BeerBottleEmpty01,MISC,1219.166016,2462.695801,-82.145828,0.0000
Backpacks of the Commonwealth.esp,2D008B18,000211C4,CoffeeCup01,MISC,1201.924805,2410.390625,-82.139534,49.8473
Backpacks of the Commonwealth.esp,2D008B17,000211C4,CoffeeCup01,MISC,1216.048828,2304.810547,-82.126854,117.4564
Backpacks of the Commonwealth.esp,2D008B16,000211CC,CoffeePot01,MISC,1445.422852,2424.603516,-103.609840,119.7482
Backpacks of the Commonwealth.esp,2D008B15,000211C4,CoffeeCup01,MISC,1434.450195,2230.431152,-103.671051,347.3949
Backpacks of the Commonwealth.esp,2D008B14,000211C4,CoffeeCup01,MISC,1428.399414,2241.692383,-103.671051,69.3279
Backpacks of the Commonwealth.esp,2D008B13,000211C4,CoffeeCup01,MISC,1437.225586,2254.301758,-103.671051,37.2423
Backpacks of the Commonwealth.esp,2D008B12,000211C4,CoffeeCup01,MISC,1417.184570,2285.396973,-103.671066,80.2141
Backpacks of the Commonwealth.esp,2D008B11,000211C4,CoffeeCup01,MISC,1435.214844,2444.223633,-103.646568,59.5876
Backpacks of the Commonwealth.esp,2D008B10,000211C4,CoffeeCup01,MISC,1447.119141,2453.472656,-103.657349,77.9223
Backpacks of the Commonwealth.esp,2D008B0F,000211DD,BeerBottleEmpty01,MISC,1450.328125,2499.959473,-83.671066,0.0000
Backpacks of the Commonwealth.esp,2D008B0E,000211DD,BeerBottleEmpty01,MISC,1453.564453,2528.046143,-83.671059,0.0000
Backpacks of the Commonwealth.esp,2D008B0D,000211DD,BeerBottleEmpty01,MISC,1450.228516,2552.345215,-83.671066,0.0000
Backpacks of the Commonwealth.esp,2D008B0C,000211DD,BeerBottleEmpty01,MISC,1214.432617,2573.285156,-82.159103,0.0000
Backpacks of the Commonwealth.esp,2D008B0B,000211DD,BeerBottleEmpty01,MISC,1201.572266,2579.413330,-82.159843,0.0000
Backpacks of the Commonwealth.esp,2D008B0A,000211DD,BeerBottleEmpty01,MISC,1218.648438,2589.155762,-82.161026,0.0000
Backpacks of the Commonwealth.esp,2D008B09,001C501B,ShackMidFloor01B,STAT,1740.421875,3047.278809,-47.912521,180.0001
Backpacks of the Commonwealth.esp,2D008B08,001C501B,ShackMidFloor01B,STAT,1740.421875,2791.278809,-47.912521,0.0000
Backpacks of the Commonwealth.esp,2D008B07,0002FBF9,NpcBedGroundSleep01,FURN,1520.847656,2742.364746,-47.912491,268.8997
Backpacks of the Commonwealth.esp,2D008B06,0003F432,NpcCouchOfficeSit01,FURN,1576.402344,3067.990479,-48.079182,253.9114
Backpacks of the Commonwealth.esp,2D008B05,00034730,ShackFreeColumnInt01,STAT,387.311768,2888.064941,-162.102905,347.5305
Backpacks of the Commonwealth.esp,2D008B04,00034730,ShackFreeColumnInt01,STAT,543.880188,2699.726807,24.630630,347.0100
Backpacks of the Commonwealth.esp,2D008B03,0008B671,TrashClump03,STAT,520.129883,2973.640625,-120.235023,248.2031
Backpacks of the Commonwealth.esp,2D008B02,0008B5FD,TrashEdge03,STAT,586.105469,2792.434570,-143.700195,257.6618
Backpacks of the Commonwealth.esp,2D008B01,0008A5E0,TrashEdge02,STAT,583.316406,2703.668945,-159.258301,91.1003
Backpacks of the Commonwealth.esp,2D008B00,0008A5E0,TrashEdge02,STAT,493.847656,2573.357422,-159.921066,346.8219
Backpacks of the Commonwealth.esp,2D008AFF,0008A5D7,TrashEdge01,STAT,357.695312,2604.608398,-159.921066,0.0000
Backpacks of the Commonwealth.esp,2D008AFE,0008B5F6,TrashPileWall01,STAT,439.679474,2922.290039,-147.989075,86.5166
Backpacks of the Commonwealth.esp,2D008AFD,0008B648,TrashPileCorIn01,STAT,364.730469,2770.004395,-159.921082,0.0000
Backpacks of the Commonwealth.esp,2D008AFC,00001DFD,CinderBlockSingle01,STAT,546.168945,2700.761719,-159.921066,181.0546
Backpacks of the Commonwealth.esp,2D008AFB,00034730,ShackFreeColumnInt01,STAT,419.643188,2796.338867,-250.774979,348.5409
Backpacks of the Commonwealth.esp,2D008AFA,00037B5F,ShackMidRoof03Hole01,STAT,424.089844,2812.160156,-59.826054,0.0000
Backpacks of the Commonwealth.esp,2D008AF9,00034730,ShackFreeColumnInt01,STAT,544.065308,2698.901855,-54.230549,348.5409
Backpacks of the Commonwealth.esp,2D008AF8,0005BAA9,ShackBalconyFloor05,STAT,424.089844,3132.160156,-59.826054,0.0000
Backpacks of the Commonwealth.esp,2D008AF7,00033795,ShackBalconyFloor04,STAT,360.089844,3004.160156,-59.826054,0.0000
Backpacks of the Commonwealth.esp,2D008AF6,00033794,ShackBalconyFloor03,STAT,296.089844,2876.160156,-59.826054,0.0000
Backpacks of the Commonwealth.esp,2D008AF5,00037B64,ShackMidRoof02Hole02,STAT,360.089844,3068.160156,-59.826054,180.0000
Backpacks of the Commonwealth.esp,2D008AF3,00035AE7,PlayerHouse_Ruin_Kitchen_Cabinet03_Yellow,STAT,199.984375,3195.979492,92.602936,0.0000
Backpacks of the Commonwealth.esp,2D008AF2,00035AE2,PlayerHouse_Ruin_Kitchen_Cabinet01_Yellow,STAT,201.596680,3193.102051,-25.777649,4.0106
Backpacks of the Commonwealth.esp,2D008AF1,000978CA,FancyTableRectangle01,STAT,1435.660156,2302.138672,-160.171066,49.2743
Backpacks of the Commonwealth.esp,2D008AF0,000978C4,FancyTableConsole02,STAT,1440.860352,2403.630859,-160.171066,2.2918
Backpacks of the Commonwealth.esp,2D008AEF,000AB728,PlayerHouse_Ruin_KitchenRefrigerator02_Static_Yellow,STAT,213.648376,4190.069336,807.365234,324.4766
Backpacks of the Commonwealth.esp,2D008AEE,000AB725,PlayerHouse_Ruin_KitchenRefrigeratorDoor02_Yellow,DOOR,213.648376,4190.069336,807.365234,324.4766
Backpacks of the Commonwealth.esp,2D008AED,00035ADA,PlayerHouse_Ruin_Stove01_Yellow,STAT,275.998047,3164.279297,-59.774536,1.7185
Backpacks of the Commonwealth.esp,2D008AEC,000FFE0B,Pot_FoodLarge,STAT,274.160156,3156.525879,6.492233,145.5308
Backpacks of the Commonwealth.esp,2D008AEB,00001DE4,PondMuddy01,STAT,964.093750,2252.362793,-158.460373,233.7665
Backpacks of the Commonwealth.esp,2D008AEA,00072BDC,PlayerHouse_Ruin_WetBar02,STAT,312.292969,2032.973633,361.430725,137.5095
Backpacks of the Commonwealth.esp,2D008AE9,00072BDC,PlayerHouse_Ruin_WetBar02,STAT,1659.656006,2356.100098,351.828918,46.7998
Backpacks of the Commonwealth.esp,2D008AE7,00073270,PlayerHouse_Ruin_Stereo02,STAT,114.147797,2108.430176,-161.269165,173.0331
Backpacks of the Commonwealth.esp,2D008AE6,0010B0B2,defaultLightCandle02FlickerNS,LIGH,604.131836,2050.573486,136.367157,0.0000
Backpacks of the Commonwealth.esp,2D008AE5,000711B5,PlayerHouse_Ruin_Rug02,STAT,1039.326172,2335.818848,-159.921066,0.5728
Backpacks of the Commonwealth.esp,2D008AE4,00075F4B,PlayerHouse_Ruin_Ottoman01,STAT,322.782227,2140.006836,-160.171066,56.7227
Backpacks of the Commonwealth.esp,2D008AE3,00035AEE,PlayerHouse_Ruin_KitchenBar01_Yellow,STAT,1335.963867,2646.480469,-160.171066,6.8755
Backpacks of the Commonwealth.esp,2D008AE2,0006D4C3,Loot_Prewar_Safe_Wall,CONT,894.028320,5138.267090,885.293213,180.0001
Backpacks of the Commonwealth.esp,2D008AE1,0008954A,TrashClump01,STAT,839.958008,5458.899902,806.992920,0.0000
Backpacks of the Commonwealth.esp,2D008AE0,0004835D,NukaCola,ALCH,742.486328,5409.594238,836.025024,0.0000
Backpacks of the Commonwealth.esp,2D008ADF,000FC9C3,LeadPipe,WEAP,943.102539,5247.118652,879.122375,22.9183
Backpacks of the Commonwealth.esp,2D008ADE,00075806,ShackStairs02,STAT,808.146484,5480.268555,761.770264,89.3814
Backpacks of the Commonwealth.esp,2D008ADD,0008B648,TrashPileCorIn01,STAT,843.540039,5765.663574,775.879150,6.3025
Backpacks of the Commonwealth.esp,2D008ADC,0008B5F6,TrashPileWall01,STAT,897.226562,5677.517578,797.686523,98.5486
Backpacks of the Commonwealth.esp,2D008ADB,00018CD4,MetalBarrelStatic01,STAT,901.527344,5484.776855,799.067688,0.0000
Backpacks of the Commonwealth.esp,2D008ADA,0010ADBA,DefaultLightWhite01SpotNS,LIGH,631.456787,5449.063477,1148.761230,36.3464
Backpacks of the Commonwealth.esp,2D008AD9,0002FCD6,EmergencyLightBeamShort,MSTT,757.432129,5567.946289,1046.471680,273.6475
Backpacks of the Commonwealth.esp,2D008AD8,0002FCD6,EmergencyLightBeamShort,MSTT,754.007263,5523.394043,1045.697754,55.6183
Backpacks of the Commonwealth.esp,2D008AD6,00062303,Shack_Single_Plank02_Brkn,STAT,838.820312,5758.776367,877.067749,349.6867
Backpacks of the Commonwealth.esp,2D008AD5,0001E2D4,BldWoodPDoorStatic01,STAT,925.311523,5780.571777,886.218323,269.9996
Backpacks of the Commonwealth.esp,2D008AD4,00062306,Shack_Single_Plank04,STAT,842.879883,5826.111816,877.067749,0.0000
Backpacks of the Commonwealth.esp,2D008AD3,00062315,Shack_Single_Plywood01_Brkn,STAT,888.493164,5640.413086,877.026367,276.9207
Backpacks of the Commonwealth.esp,2D008AD2,0001E2D4,BldWoodPDoorStatic01,STAT,789.927734,5670.061035,882.767639,270.0001
Backpacks of the Commonwealth.esp,2D008AD1,000349F9,ShackBridge01,STAT,836.101562,5589.408203,883.116821,0.0000
Backpacks of the Commonwealth.esp,2D008AD0,00080DF6,BathroomStallDoorStatic01,STAT,774.458008,5492.514648,691.117065,183.1183
Backpacks of the Commonwealth.esp,2D008ACF,0001E953,DebrisInteriorWoodPile01Trash,STAT,-379.289062,2243.842773,413.675354,84.5825
Backpacks of the Commonwealth.esp,2D008ACE,0001E2D3,BldWoodPDoorStatic02,STAT,-349.673828,2357.889160,335.915710,34.8906
Backpacks of the Commonwealth.esp,2D008ACC,0001E953,DebrisInteriorWoodPile01Trash,STAT,-375.845703,2476.128906,413.675354,274.5078
Backpacks of the Commonwealth.esp,2D008ACB,0001A833,BldWoodPSmFlrPlatChunk01,STAT,-399.412109,2332.385254,442.693298,90.0001
Backpacks of the Commonwealth.esp,2D008ACA,0001E953,DebrisInteriorWoodPile01Trash,STAT,-341.205078,2363.991699,351.828918,197.7617
Backpacks of the Commonwealth.esp,2D008AC9,0001CA18,BldWoodPBgWallPlugABotDoor01,STAT,-327.910156,2332.996094,351.828918,180.0000
Backpacks of the Commonwealth.esp,2D008AC5,00023490,SteamTPipeSm1WayLong01,STAT,1946.030273,2207.625977,-194.273056,156.0269
Backpacks of the Commonwealth.esp,2D008AC4,0001E953,DebrisInteriorWoodPile01Trash,STAT,1896.024414,2189.863281,-98.499687,94.5078
Backpacks of the Commonwealth.esp,2D008AC2,0001E953,DebrisInteriorWoodPile01Trash,STAT,1861.384766,2302.000488,-160.346115,17.7617
Backpacks of the Commonwealth.esp,2D008AC1,0001E2D3,BldWoodPDoorStatic02,STAT,1837.975586,2321.461426,-176.259354,343.0941
Backpacks of the Commonwealth.esp,2D008ABF,0001E953,DebrisInteriorWoodPile01Trash,STAT,1899.467773,2422.149414,413.675354,264.5825
Backpacks of the Commonwealth.esp,2D008ABE,0001E953,DebrisInteriorWoodPile01Trash,STAT,1896.024414,2189.863281,413.675354,94.5078
Backpacks of the Commonwealth.esp,2D008ABD,0008B5F6,TrashPileWall01,STAT,-114.408203,2840.339355,-138.693390,270.0000
Backpacks of the Commonwealth.esp,2D008ABC,0001A80B,BldWoodPSmCeilOnly03,STAT,-696.019165,2078.912842,-159.757507,0.0000
Backpacks of the Commonwealth.esp,2D008ABB,0001A7F8,BldWoodPSmCeilOnly01,STAT,-439.910156,2076.996094,-160.171066,0.0000
Backpacks of the Commonwealth.esp,2D008ABA,0001A7F8,BldWoodPSmCeilOnly01,STAT,-695.910156,2332.996094,-160.171066,0.0000
Backpacks of the Commonwealth.esp,2D008AB9,0001A80B,BldWoodPSmCeilOnly03,STAT,-439.910156,2332.996094,-160.171066,0.0000
Backpacks of the Commonwealth.esp,2D008AB8,0001A7F8,BldWoodPSmCeilOnly01,STAT,-439.910156,2588.996094,-160.171066,0.0000
Backpacks of the Commonwealth.esp,2D008AB7,0001A80C,BldWoodPSmCeilOnly04,STAT,-695.910156,2588.996094,-160.171066,0.0000
Backpacks of the Commonwealth.esp,2D008AB6,00001DFD,CinderBlockSingle01,STAT,1425.760742,2590.070801,-159.921066,358.2810
Backpacks of the Commonwealth.esp,2D008AB4,0001D1B5,TrashDecal04,STAT,589.011719,2374.247559,-127.077576,200.1447
Backpacks of the Commonwealth.esp,2D008AB3,0001D1AF,TrashDecal03,STAT,519.432617,2561.806396,-125.381210,200.1447
Backpacks of the Commonwealth.esp,2D008AB2,0001D1AF,TrashDecal03,STAT,503.017578,2303.759277,-127.077576,200.1447
Backpacks of the Commonwealth.esp,2D008AB1,0001D1AF,TrashDecal03,STAT,747.127930,2380.301758,-127.788330,200.1447
Backpacks of the Commonwealth.esp,2D008AB0,0001D18E,TrashDecal02,STAT,728.420898,2582.369141,-127.788330,200.1447
Backpacks of the Commonwealth.esp,2D008AAF,0001D184,TrashDecal01,STAT,787.151367,2733.137207,-127.788330,0.0000
Backpacks of the Commonwealth.esp,2D008AAE,000039DC,CinderBlockStairs01,STAT,917.039062,2236.611328,-203.127960,268.3265
Backpacks of the Commonwealth.esp,2D008AAD,000039E0,CinderBlockStairs02,STAT,881.249023,2387.806641,-180.634811,269.4726
Backpacks of the Commonwealth.esp,2D008AAC,0008A5D7,TrashEdge01,STAT,826.369141,2462.657715,-159.602386,63.5983
Backpacks of the Commonwealth.esp,2D008AAB,0008A5D7,TrashEdge01,STAT,828.604492,2653.939941,-159.602386,268.3268
Backpacks of the Commonwealth.esp,2D008AAA,0008954A,TrashClump01,STAT,779.795898,2637.130859,-159.602402,267.1808
Backpacks of the Commonwealth.esp,2D008AA9,0008954A,TrashClump01,STAT,892.397461,2730.631836,-159.874496,286.0884
Backpacks of the Commonwealth.esp,2D008AA8,0008B5FD,TrashEdge03,STAT,1015.864258,2714.993652,-159.921066,180.0454
Backpacks of the Commonwealth.esp,2D008AA7,0008B5FD,TrashEdge03,STAT,980.328125,2722.587646,-160.384415,3.9651
Backpacks of the Commonwealth.esp,2D008AA6,0008B618,TrashEdge04,STAT,861.743164,2816.409180,-140.488495,270.0000
Backpacks of the Commonwealth.esp,2D008AA5,0008A5E0,TrashEdge02,STAT,735.269531,2834.788086,-137.012711,184.0563
Backpacks of the Commonwealth.esp,2D008AA4,0008A5D7,TrashEdge01,STAT,620.434570,2821.844727,-139.333221,270.0000
Backpacks of the Commonwealth.esp,2D008AA3,0008A5D7,TrashEdge01,STAT,237.708008,2471.771973,-160.171066,251.1381
Backpacks of the Commonwealth.esp,2D008AA2,0008954A,TrashClump01,STAT,287.532227,2468.231445,-160.171051,111.1538
Backpacks of the Commonwealth.esp,2D008AA1,0008B671,TrashClump03,STAT,392.297852,2524.577637,-157.976822,265.4620
Backpacks of the Commonwealth.esp,2D008AA0,0008954E,TrashClump02,STAT,329.994141,2380.606934,-150.244095,108.2890
Backpacks of the Commonwealth.esp,2D008A9F,0008B5F6,TrashPileWall01,STAT,284.371094,2200.924805,-175.753860,81.0128
Backpacks of the Commonwealth.esp,2D008A9C,0008B648,TrashPileCorIn01,STAT,479.882812,1935.148437,-150.364182,231.0843
Backpacks of the Commonwealth.esp,2D008A9B,0008954E,TrashClump02,STAT,599.617188,2035.740723,-140.534195,32.0856
Backpacks of the Commonwealth.esp,2D008A9A,0008B671,TrashClump03,STAT,736.642578,2040.177734,-156.693237,0.0000
Backpacks of the Commonwealth.esp,2D008A99,0008954A,TrashClump01,STAT,817.153320,2096.889648,-149.377808,0.0000
Backpacks of the Commonwealth.esp,2D008A98,0008B5F6,TrashPileWall01,STAT,736.501953,1989.385254,-162.777908,186.5760
Backpacks of the Commonwealth.esp,2D008A97,0008A5D7,TrashEdge01,STAT,896.191406,2164.000488,-159.602386,63.5983
Backpacks of the Commonwealth.esp,2D008A96,000224FF,ShackSteps01,STAT,832.325195,2558.932129,-167.467468,0.0000
Backpacks of the Commonwealth.esp,2D008A95,00033795,ShackBalconyFloor04,STAT,392.648438,2180.388184,-128.499130,228.7471
Backpacks of the Commonwealth.esp,2D008A94,0006D12F,ShackBridge02,STAT,338.588867,2318.918457,-119.650742,176.5166
Backpacks of the Commonwealth.esp,2D008A93,0008B5F6,TrashPileWall01,STAT,333.549805,2597.191895,-165.027390,63.2075
Backpacks of the Commonwealth.esp,2D008A92,0008B5F6,TrashPileWall01,STAT,543.199219,2045.535645,-170.534897,356.1717
Backpacks of the Commonwealth.esp,2D008A91,0008954A,TrashClump01,STAT,819.247070,2204.225586,-159.602402,134.2545
Backpacks of the Commonwealth.esp,2D008A90,0008A5D7,TrashEdge01,STAT,898.426758,2355.282715,-159.602386,268.3268
Backpacks of the Commonwealth.esp,2D008A8F,0008954A,TrashClump01,STAT,849.618164,2338.473633,-159.602402,267.1808
Backpacks of the Commonwealth.esp,2D008A8E,0006D12F,ShackBridge02,STAT,516.366211,2132.245117,-119.650742,90.0001
Backpacks of the Commonwealth.esp,2D008A8D,0006D12F,ShackBridge02,STAT,771.656250,2136.793945,-119.650742,270.0001
Backpacks of the Commonwealth.esp,2D008A8C,00033795,ShackBalconyFloor04,STAT,705.084961,2238.356934,-127.794670,270.0001
Backpacks of the Commonwealth.esp,2D008A8B,0005BAA9,ShackBalconyFloor05,STAT,833.084961,2238.356934,-127.794670,270.0001
Backpacks of the Commonwealth.esp,2D008A8A,00028BAF,ShackMidRoof01,STAT,510.354492,2300.382812,-336.565857,0.0001
Backpacks of the Commonwealth.esp,2D008A89,001C501B,ShackMidFloor01B,STAT,512.547852,2558.118652,-127.794670,90.0001
Backpacks of the Commonwealth.esp,2D008A88,0003368B,ShackMidFloorHole01,STAT,769.084961,2430.356934,-127.794670,0.0000
Backpacks of the Commonwealth.esp,2D008A87,0003368B,ShackMidFloorHole01,STAT,768.547852,2686.118408,-127.794670,90.0001
Backpacks of the Commonwealth.esp,2D008A86,000978C6,FancyTableCircle01,STAT,249.290039,1998.954102,361.430725,98.5487
Backpacks of the Commonwealth.esp,2D008A85,000469BB,ShackWallFlatEnd02,STAT,-37.578125,1887.246582,361.430847,241.7189
Backpacks of the Commonwealth.esp,2D008A84,00001DFD,CinderBlockSingle01,STAT,1426.731445,2189.335938,-160.171066,182.7736
Backpacks of the Commonwealth.esp,2D008A83,00001DFD,CinderBlockSingle01,STAT,1165.392578,2171.077637,-159.921066,89.9544
Backpacks of the Commonwealth.esp,2D008A82,00001DFD,CinderBlockSingle01,STAT,1166.353516,2673.007812,-159.921066,89.9544
Backpacks of the Commonwealth.esp,2D008A81,000978C6,FancyTableCircle01,STAT,983.212769,2132.496338,-157.921829,98.5487
Backpacks of the Commonwealth.esp,2D008A7F,00001E00,CinderBlockSquare01,STAT,917.808594,2152.967773,-159.921051,0.0000
Backpacks of the Commonwealth.esp,2D008A7E,00001E00,CinderBlockSquare01,STAT,917.037109,2654.787354,-159.921066,0.0000
Backpacks of the Commonwealth.esp,2D008A7D,0010693A,Rubble_Flat_Trash_Lg01c,STAT,1031.116211,2519.245605,-160.171051,270.0000
Backpacks of the Commonwealth.esp,2D008A7C,0010693B,Rubble_Flat_Trash_Sm01,STAT,1588.843750,1325.908203,-32.171097,5.6840
Backpacks of the Commonwealth.esp,2D008A7B,0010693D,Rubble_Flat_Trash_Sm03,STAT,243.352539,1608.284668,-31.749252,305.5234
Backpacks of the Commonwealth.esp,2D008A79,0010693A,Rubble_Flat_Trash_Lg01c,STAT,726.142578,1019.401367,-32.171066,327.8687
Backpacks of the Commonwealth.esp,2D008A78,0010693D,Rubble_Flat_Trash_Sm03,STAT,356.274414,1041.148437,-31.898209,305.5234
Backpacks of the Commonwealth.esp,2D008A77,0010693B,Rubble_Flat_Trash_Sm01,STAT,1066.815430,1124.293457,-32.171066,301.5127
Backpacks of the Commonwealth.esp,2D008A76,0010693A,Rubble_Flat_Trash_Lg01c,STAT,907.251953,1762.370605,-32.171066,270.0000
Backpacks of the Commonwealth.esp,2D008A75,000FA5E3,BldColonMdWallPillar01,STAT,1480.089844,1564.160156,-32.171066,0.0000
Backpacks of the Commonwealth.esp,2D008A74,000FA5E3,BldColonMdWallPillar01,STAT,1480.089844,1244.160156,-32.171066,0.0000
Backpacks of the Commonwealth.esp,2D008A73,000FA5E3,BldColonMdWallPillar01,STAT,136.089844,1244.160156,-32.171066,0.0000
Backpacks of the Commonwealth.esp,2D008A72,000FA5E3,BldColonMdWallPillar01,STAT,136.089844,1564.160156,-32.171066,0.0000
Backpacks of the Commonwealth.esp,2D008A71,0002480E,IndFrame1024Straight01,STAT,1608.060547,1294.088867,1001.249695,0.0000
Backpacks of the Commonwealth.esp,2D008A70,0002480E,IndFrame1024Straight01,STAT,-51.672852,1294.088867,1001.249695,0.0000
Backpacks of the Commonwealth.esp,2D008A6F,000A8C7C,MemDenHangingCloth02,STAT,-54.670898,1808.211914,-32.171066,270.0000
Backpacks of the Commonwealth.esp,2D008A6E,000A8C6F,MemDenHangingCloth01,STAT,1616.975586,1808.212402,-32.171066,270.0000
Backpacks of the Commonwealth.esp,2D008A6D,001164A2,CombatZoneHugeCloth01,STAT,776.089844,837.438477,-35.866928,0.0000
Backpacks of the Commonwealth.esp,2D008A6C,000A8C6F,MemDenHangingCloth01,STAT,-81.580757,1009.870605,-31.992353,180.0001
Backpacks of the Commonwealth.esp,2D008A6B,000A8C7C,MemDenHangingCloth02,STAT,1605.256836,1009.534668,-31.992353,0.0000
Backpacks of the Commonwealth.esp,2D008A6A,0002177C,RWStoneBlockSingle01,STAT,1086.919922,3866.519531,665.762512,0.0000
Backpacks of the Commonwealth.esp,2D008A69,0002177C,RWStoneBlockSingle01,STAT,1087.203125,3826.168457,665.332336,185.6840
Backpacks of the Commonwealth.esp,2D008A68,0002177C,RWStoneBlockSingle01,STAT,463.307617,3826.168457,665.332336,185.6840
Backpacks of the Commonwealth.esp,2D008A67,0002177C,RWStoneBlockSingle01,STAT,463.024414,3866.519531,665.762512,0.0000
Backpacks of the Commonwealth.esp,2D008A65,00004E3D,CageBulbWire02,STAT,1165.758789,2541.000977,84.338524,28.4914
Backpacks of the Commonwealth.esp,2D008A64,001179A5,CageBulbRed01NS,LIGH,1320.697266,2455.991699,43.174858,115.3463
Backpacks of the Commonwealth.esp,2D008A63,001179A5,CageBulbRed01NS,LIGH,1276.170898,2471.156250,37.070431,115.3463
Backpacks of the Commonwealth.esp,2D008A62,001179A5,CageBulbRed01NS,LIGH,1259.083008,2486.938965,38.427586,115.3463
Backpacks of the Commonwealth.esp,2D008A61,001179A5,CageBulbRed01NS,LIGH,1214.087891,2515.732910,48.627083,115.3463
Backpacks of the Commonwealth.esp,2D008A60,00004E3D,CageBulbWire02,STAT,918.341797,2662.535156,58.015541,23.3350
Backpacks of the Commonwealth.esp,2D008A5F,001179A5,CageBulbRed01NS,LIGH,1083.128906,2592.682617,28.132347,110.1897
Backpacks of the Commonwealth.esp,2D008A5E,001179A5,CageBulbRed01NS,LIGH,1038.017578,2603.908691,3.728252,110.1897
Backpacks of the Commonwealth.esp,2D008A5D,001179A5,CageBulbRed01NS,LIGH,1019.500000,2618.058594,18.927895,110.1897
Backpacks of the Commonwealth.esp,2D008A5C,001179A5,CageBulbRed01NS,LIGH,971.414062,2642.472412,10.927742,110.1897
Backpacks of the Commonwealth.esp,2D008A5B,00004E3D,CageBulbWire02,STAT,918.412109,2412.277344,59.477379,89.2252
Backpacks of the Commonwealth.esp,2D008A5A,001179A5,CageBulbRed01NS,LIGH,920.777344,2235.994141,16.520958,176.0800
Backpacks of the Commonwealth.esp,2D008A59,001179A5,CageBulbRed01NS,LIGH,912.348633,2282.309570,10.739371,176.0800
Backpacks of the Commonwealth.esp,2D008A58,001179A5,CageBulbRed01NS,LIGH,917.731445,2304.919922,12.430778,176.0800
Backpacks of the Commonwealth.esp,2D008A57,001179A5,CageBulbRed01NS,LIGH,920.662109,2358.137695,23.238335,176.0800
Backpacks of the Commonwealth.esp,2D008A56,00004E3D,CageBulbWire02,STAT,917.697266,2662.031006,59.477379,89.2252
Backpacks of the Commonwealth.esp,2D008A55,001179A5,CageBulbRed01NS,LIGH,920.062500,2485.747559,16.520958,176.0800
Backpacks of the Commonwealth.esp,2D008A54,001179A5,CageBulbRed01NS,LIGH,911.633789,2532.062744,10.739371,176.0800
Backpacks of the Commonwealth.esp,2D008A53,001179A5,CageBulbRed01NS,LIGH,917.016602,2554.673340,12.430778,176.0800
Backpacks of the Commonwealth.esp,2D008A52,001179A5,CageBulbRed01NS,LIGH,919.947266,2607.891113,23.238335,176.0800
Backpacks of the Commonwealth.esp,2D008A51,00023736,Stimpak,ALCH,-87.000977,3485.820801,170.594238,39.5341
Backpacks of the Commonwealth.esp,2D008A50,00023736,Stimpak,ALCH,-90.878906,3530.745117,170.594238,39.5341
Backpacks of the Commonwealth.esp,2D008A4F,0004B6EA,Loot_Prewar_Medkit_Wall,CONT,-114.714844,3476.836426,227.564499,90.0000
Backpacks of the Commonwealth.esp,2D008A4E,000978C4,FancyTableConsole02,STAT,-84.289062,3500.731445,111.828964,179.9086
Backpacks of the Commonwealth.esp,2D008A49,0007ED5A,defaultLightWarm01NSFlicker,LIGH,3.440430,3630.164551,255.528519,0.0000
Backpacks of the Commonwealth.esp,2D008A48,000FDEE8,defaultLightWarm01NSNonSpec,LIGH,-68.327148,3769.707031,267.126038,0.0000
Backpacks of the Commonwealth.esp,2D008A47,000FDEE8,defaultLightWarm01NSNonSpec,LIGH,-67.149414,3717.626953,262.150513,0.0000
Backpacks of the Commonwealth.esp,2D008A46,000FDEE8,defaultLightWarm01NSNonSpec,LIGH,-75.885742,3696.463867,263.083069,0.0000
Backpacks of the Commonwealth.esp,2D008A45,000FDEE8,defaultLightWarm01NSNonSpec,LIGH,-88.243164,3643.299316,274.160095,0.0000
Backpacks of the Commonwealth.esp,2D008A44,000FDEE8,defaultLightWarm01NSNonSpec,LIGH,-98.573242,3515.567871,267.595947,0.0000
Backpacks of the Commonwealth.esp,2D008A43,000FDEE8,defaultLightWarm01NSNonSpec,LIGH,-93.324219,3468.782715,261.814392,0.0000
Backpacks of the Commonwealth.esp,2D008A42,000FDEE8,defaultLightWarm01NSNonSpec,LIGH,-100.245117,3446.594727,263.505798,0.0000
Backpacks of the Commonwealth.esp,2D008A41,000FDEE8,defaultLightWarm01NSNonSpec,LIGH,-106.802734,3393.703125,274.313354,0.0000
Backpacks of the Commonwealth.esp,2D008A40,00004E3D,CageBulbWire02,STAT,-92.546875,3592.646484,310.552368,277.7289
Backpacks of the Commonwealth.esp,2D008A3F,00004E3D,CageBulbWire02,STAT,-108.262695,3339.535645,310.552368,273.1452
Backpacks of the Commonwealth.esp,2D008A3E,000978CB,FancyCurio01,STAT,1431.075195,2233.683105,-160.171051,5.1566
Backpacks of the Commonwealth.esp,2D008A3D,0009F42B,FancyBureauEmpty01,STAT,1450.672852,2527.806641,-160.171066,355.9892
Backpacks of the Commonwealth.esp,2D008A3C,00100406,BillboardMed01NukaCherry,STAT,969.567383,5537.057617,1004.759155,270.0001
Backpacks of the Commonwealth.esp,2D008A3B,0008954A,TrashClump01,STAT,866.735352,5715.020996,808.169312,279.0751
Backpacks of the Commonwealth.esp,2D008A3A,0008B5FD,TrashEdge03,STAT,839.726562,5791.236816,799.214355,134.2988
Backpacks of the Commonwealth.esp,2D008A39,0008B618,TrashEdge04,STAT,928.143555,5731.995117,799.214355,36.7137
Backpacks of the Commonwealth.esp,2D008A38,0008B618,TrashEdge04,STAT,795.222656,5481.993652,799.214355,175.3696
Backpacks of the Commonwealth.esp,2D008A37,0008B618,TrashEdge04,STAT,865.893555,5835.982910,788.400269,197.3245
Backpacks of the Commonwealth.esp,2D008A36,0008B5FD,TrashEdge03,STAT,916.965820,5423.533691,799.214355,4.6282
Backpacks of the Commonwealth.esp,2D008A35,0008954A,TrashClump01,STAT,830.106445,5535.298828,808.169312,57.7310
Backpacks of the Commonwealth.esp,2D008A34,000F7C41,ExitSignWallOff01,STAT,338.458984,5872.769043,1098.957886,180.0000
Backpacks of the Commonwealth.esp,2D008A33,00027696,ExitSignRedNS,LIGH,341.703888,5844.710449,1085.052368,89.7864
Backpacks of the Commonwealth.esp,2D008A32,00027696,ExitSignRedNS,LIGH,334.471680,5101.862793,1007.966309,89.7864
Backpacks of the Commonwealth.esp,2D008A31,00101818,ExitSignRedNSNonSpec,LIGH,780.311523,4247.862305,256.693359,180.0000
Backpacks of the Commonwealth.esp,2D008A30,00055385,DebrisInteriorWoodWindowBoards05,STAT,740.928711,4371.223145,901.648437,270.0000
Backpacks of the Commonwealth.esp,2D008A2F,00055382,DebrisInteriorWoodWindowBoards03,STAT,820.113281,4374.086914,892.276978,270.0000
Backpacks of the Commonwealth.esp,2D008A2E,00055384,DebrisInteriorWoodWindowBoards02,STAT,712.041992,4375.729980,903.828918,270.0000
Backpacks of the Commonwealth.esp,2D008A2D,001111C9,NpcChairTheaterEmptyEnd01,STAT,1728.089844,2340.160156,372.681763,183.0745
Backpacks of the Commonwealth.esp,2D008A2C,001111C9,NpcChairTheaterEmptyEnd01,STAT,1776.089844,2276.160156,351.828918,301.5126
Backpacks of the Commonwealth.esp,2D008A2B,001111C6,NpcChairTheaterTilt03,STAT,1673.600952,2273.427490,351.828918,270.0000
Backpacks of the Commonwealth.esp,2D008A2A,001111CB,NpcChairTheaterTilt02,STAT,1673.599976,2234.166748,351.828918,270.0000
Backpacks of the Commonwealth.esp,2D008A29,00100621,BldDecoSmRailCornerOut01,STAT,1304.089844,1948.160156,351.828918,180.0001
Backpacks of the Commonwealth.esp,2D008A27,00100619,BldDecoSmRailBroke02,STAT,1549.904907,2094.037109,351.828918,0.0000
Backpacks of the Commonwealth.esp,2D008A26,00100612,BldDecoSmRailStraight05,STAT,1544.089844,2476.160156,351.828918,0.0000
Backpacks of the Commonwealth.esp,2D008A25,00100614,BldDecoSmRailStraightMeetWall02,STAT,1544.089844,2188.160156,351.828918,270.0001
Backpacks of the Commonwealth.esp,2D008A23,000E367D,BldConcRebarChunk05,STAT,668.440430,3173.011719,380.453857,0.0000
Backpacks of the Commonwealth.esp,2D0089F6,0011649A,BldCombatZoneSmFlrPlatTrimEdge01,STAT,1752.089844,3068.159912,415.828918,90.0000
Backpacks of the Commonwealth.esp,2D0089F5,0011649A,BldCombatZoneSmFlrPlatTrimEdge01,STAT,984.089844,3068.159912,415.828918,90.0000
Backpacks of the Commonwealth.esp,2D0089F4,0011649A,BldCombatZoneSmFlrPlatTrimEdge01,STAT,728.089844,3068.160156,415.828918,90.0000
Backpacks of the Commonwealth.esp,2D0089F1,0011129A,NpcChairTheaterTiltEnd01,STAT,904.239258,3350.783203,492.578918,180.0000
Backpacks of the Commonwealth.esp,2D0089F0,0011129A,NpcChairTheaterTiltEnd01,STAT,987.663086,3478.269531,543.828918,180.0000
Backpacks of the Commonwealth.esp,2D0089EF,001111CB,NpcChairTheaterTilt02,STAT,1173.458008,2874.394043,-133.860870,180.0000
Backpacks of the Commonwealth.esp,2D0089EE,001111CA,NpcChairTheaterTilt01,STAT,1213.458008,2874.394043,-133.860870,180.0000
Backpacks of the Commonwealth.esp,2D0089ED,001111CB,NpcChairTheaterTilt02,STAT,1253.458008,2874.394043,-133.860870,180.0000
Backpacks of the Commonwealth.esp,2D0089EC,0011129A,NpcChairTheaterTiltEnd01,STAT,1293.458008,2874.394043,-133.860870,180.0000
Backpacks of the Commonwealth.esp,2D0089EB,0011129A,NpcChairTheaterTiltEnd01,STAT,1094.323242,2874.394043,-133.860870,180.0000
Backpacks of the Commonwealth.esp,2D0089EA,001111CB,NpcChairTheaterTilt02,STAT,1056.022461,2874.394043,-133.860870,180.0000
Backpacks of the Commonwealth.esp,2D0089E9,001111CA,NpcChairTheaterTilt01,STAT,1017.380859,2874.394043,-133.860870,180.0000
Backpacks of the Commonwealth.esp,2D0089E8,001111C8,NpcChairTheaterEmpty01,STAT,-17.951843,3864.479492,84.373665,180.0000
Backpacks of the Commonwealth.esp,2D0089E7,001111CB,NpcChairTheaterTilt02,STAT,-57.951843,3864.479492,84.373665,180.0000
Backpacks of the Commonwealth.esp,2D0089E6,001111CA,NpcChairTheaterTilt01,STAT,-97.951843,3864.479492,84.373665,180.0000
Backpacks of the Commonwealth.esp,2D0089E4,0011129A,NpcChairTheaterTiltEnd01,STAT,1595.122192,3791.409668,64.266068,180.0000
Backpacks of the Commonwealth.esp,2D0089E3,0011129A,NpcChairTheaterTiltEnd01,STAT,1038.132568,3069.925049,153.155731,180.0000
Backpacks of the Commonwealth.esp,2D0089E2,0011129A,NpcChairTheaterTiltEnd01,STAT,563.339600,3507.135498,0.650131,254.4845
Backpacks of the Commonwealth.esp,2D0089E1,001111CB,NpcChairTheaterTilt02,STAT,552.825500,3545.009033,0.650131,254.4845
Backpacks of the Commonwealth.esp,2D0089E0,001111C6,NpcChairTheaterTilt03,STAT,542.323486,3582.839111,0.650131,254.4845
Backpacks of the Commonwealth.esp,2D0089DD,0011129A,NpcChairTheaterTiltEnd01,STAT,1587.495728,3650.200928,35.296936,180.0000
Backpacks of the Commonwealth.esp,2D0089DC,001111CB,NpcChairTheaterTilt02,STAT,1548.234985,3650.200928,35.296936,180.0000
Backpacks of the Commonwealth.esp,2D0089DB,001111C6,NpcChairTheaterTilt03,STAT,1508.234985,3650.200928,35.296936,180.0000
Backpacks of the Commonwealth.esp,2D0089DA,0011129A,NpcChairTheaterTiltEnd01,STAT,1599.171265,3781.656738,54.524918,180.0000
Backpacks of the Commonwealth.esp,2D0089D9,001111CB,NpcChairTheaterTilt02,STAT,1559.171265,3781.656738,54.524918,180.0000
Backpacks of the Commonwealth.esp,2D0089D8,001111C6,NpcChairTheaterTilt03,STAT,1519.171265,3781.657227,54.524918,180.0000
Backpacks of the Commonwealth.esp,2D0089D7,001111CA,NpcChairTheaterTilt01,STAT,1479.171265,3781.657227,54.524918,180.0000
Backpacks of the Commonwealth.esp,2D0089D6,0011129A,NpcChairTheaterTiltEnd01,STAT,1454.779419,4068.594727,120.898376,180.0000
Backpacks of the Commonwealth.esp,2D0089D5,001111CB,NpcChairTheaterTilt02,STAT,1414.779419,4068.594727,120.898376,180.0000
Backpacks of the Commonwealth.esp,2D0089D4,001111C8,NpcChairTheaterEmpty01,STAT,1374.779419,4068.594727,120.898376,180.0000
Backpacks of the Commonwealth.esp,2D0089D3,001111C6,NpcChairTheaterTilt03,STAT,1334.779419,4068.594727,120.898376,180.0000
Backpacks of the Commonwealth.esp,2D0089D2,001111CB,NpcChairTheaterTilt02,STAT,1294.779419,4068.594727,120.898376,180.0000
Backpacks of the Commonwealth.esp,2D0089D1,001111CA,NpcChairTheaterTilt01,STAT,1254.779419,4068.594727,120.898376,180.0000
Backpacks of the Commonwealth.esp,2D0089D0,001111C8,NpcChairTheaterEmpty01,STAT,1214.779419,4068.594727,120.898376,180.0000
Backpacks of the Commonwealth.esp,2D0089CF,001111C6,NpcChairTheaterTilt03,STAT,111.949844,4027.309814,119.411827,180.0000
Backpacks of the Commonwealth.esp,2D0089CE,001111CB,NpcChairTheaterTilt02,STAT,150.250626,4027.309814,119.411827,180.0000
Backpacks of the Commonwealth.esp,2D0089CD,001111C8,NpcChairTheaterEmpty01,STAT,189.385391,4027.309814,119.411827,180.0000
Backpacks of the Commonwealth.esp,2D0089CC,0011129A,NpcChairTheaterTiltEnd01,STAT,229.385391,4027.309814,119.411827,180.0000
Backpacks of the Commonwealth.esp,2D0089CB,001111C9,NpcChairTheaterEmptyEnd01,STAT,41.873047,3422.028320,517.892334,180.0000
Backpacks of the Commonwealth.esp,2D0089CA,001111CA,NpcChairTheaterTilt01,STAT,41.873047,3360.158691,492.404663,180.0000
Backpacks of the Commonwealth.esp,2D0089C9,001111CB,NpcChairTheaterTilt02,STAT,80.514648,3544.788086,569.269897,180.0000
Backpacks of the Commonwealth.esp,2D0089C8,001111CA,NpcChairTheaterTilt01,STAT,80.514648,3483.710449,543.216980,180.0000
Backpacks of the Commonwealth.esp,2D0089C7,001111CB,NpcChairTheaterTilt02,STAT,80.514648,3360.158691,492.404663,180.0000
Backpacks of the Commonwealth.esp,2D0089C6,001111C6,NpcChairTheaterTilt03,STAT,80.514648,3298.295898,466.675415,180.0000
Backpacks of the Commonwealth.esp,2D0089C5,001111C9,NpcChairTheaterEmptyEnd01,STAT,80.514648,3236.413086,441.027954,180.0000
Backpacks of the Commonwealth.esp,2D0089C4,001111C6,NpcChairTheaterTilt03,STAT,118.815430,3544.788086,569.269897,180.0000
Backpacks of the Commonwealth.esp,2D0089C3,001111CB,NpcChairTheaterTilt02,STAT,118.815430,3483.710449,543.216980,180.0000
Backpacks of the Commonwealth.esp,2D0089C2,001111C6,NpcChairTheaterTilt03,STAT,118.815430,3422.028320,517.892334,180.0000
Backpacks of the Commonwealth.esp,2D0089C1,001111C8,NpcChairTheaterEmpty01,STAT,118.815430,3360.158691,492.404663,180.0000
Backpacks of the Commonwealth.esp,2D0089C0,001111CB,NpcChairTheaterTilt02,STAT,118.815430,3298.295898,466.675415,180.0000
Backpacks of the Commonwealth.esp,2D0089BF,0011129A,NpcChairTheaterTiltEnd01,STAT,77.950195,3842.328125,694.327148,180.0000
Backpacks of the Commonwealth.esp,2D0089BE,001111C8,NpcChairTheaterEmpty01,STAT,77.950195,3913.427734,722.802490,180.0000
Backpacks of the Commonwealth.esp,2D0089BD,0011129A,NpcChairTheaterTiltEnd01,STAT,117.950195,3913.427734,722.802490,180.0000
Backpacks of the Commonwealth.esp,2D0089BC,001111C6,NpcChairTheaterTilt03,STAT,117.950195,3970.001953,748.669556,180.0000
Backpacks of the Commonwealth.esp,2D0089BB,0011129A,NpcChairTheaterTiltEnd01,STAT,1476.516602,3913.427734,722.802490,180.0000
Backpacks of the Commonwealth.esp,2D0089BA,0011129A,NpcChairTheaterTiltEnd01,STAT,1476.516602,3842.328125,694.327148,180.0000
Backpacks of the Commonwealth.esp,2D0089B9,0011129A,NpcChairTheaterTiltEnd01,STAT,1277.950195,3730.875977,645.386292,180.0000
Backpacks of the Commonwealth.esp,2D0089B8,0011129A,NpcChairTheaterTiltEnd01,STAT,1476.516602,3174.012695,415.291992,180.0000
Backpacks of the Commonwealth.esp,2D0089B7,0011129A,NpcChairTheaterTiltEnd01,STAT,1437.210938,3970.001465,748.669556,180.0000
Backpacks of the Commonwealth.esp,2D0089B6,001111CB,NpcChairTheaterTilt02,STAT,1437.210938,3913.427734,722.802490,180.0000
Backpacks of the Commonwealth.esp,2D0089B5,001111C8,NpcChairTheaterEmpty01,STAT,1437.210938,3842.328125,694.327148,180.0000
Backpacks of the Commonwealth.esp,2D0089B4,0011129A,NpcChairTheaterTiltEnd01,STAT,1509.210938,3789.804687,670.967102,180.0000
Backpacks of the Commonwealth.esp,2D0089B3,001111CB,NpcChairTheaterTilt02,STAT,1437.210938,3174.012695,415.291992,180.0000
Backpacks of the Commonwealth.esp,2D0089B2,001111C6,NpcChairTheaterTilt03,STAT,1397.950195,3174.012695,415.291992,180.0000
Backpacks of the Commonwealth.esp,2D0089B1,0011129A,NpcChairTheaterTiltEnd01,STAT,1397.950195,3236.413086,441.027954,180.0000
Backpacks of the Commonwealth.esp,2D0089B0,001111C8,NpcChairTheaterEmpty01,STAT,1357.950195,3236.413086,441.027954,180.0000
Backpacks of the Commonwealth.esp,2D0089AF,001111CA,NpcChairTheaterTilt01,STAT,1277.950195,3236.413086,441.027954,180.0000
Backpacks of the Commonwealth.esp,2D0089AE,001111CB,NpcChairTheaterTilt02,STAT,1317.950195,3236.413086,441.027954,180.0000
Backpacks of the Commonwealth.esp,2D0089AD,001111C9,NpcChairTheaterEmptyEnd01,STAT,1197.950195,3236.413086,441.027954,180.0000
Backpacks of the Commonwealth.esp,2D0089AC,001111CB,NpcChairTheaterTilt02,STAT,1157.950195,3236.413086,441.027954,180.0000
Backpacks of the Commonwealth.esp,2D0089AB,001111CA,NpcChairTheaterTilt01,STAT,1117.950195,3236.413086,441.027954,180.0000
Backpacks of the Commonwealth.esp,2D0089AA,0011129A,NpcChairTheaterTiltEnd01,STAT,1357.950195,3298.295898,466.675415,180.0000
Backpacks of the Commonwealth.esp,2D0089A9,001111C8,NpcChairTheaterEmpty01,STAT,1277.950195,3298.295898,466.675415,180.0000
Backpacks of the Commonwealth.esp,2D0089A8,001111CB,NpcChairTheaterTilt02,STAT,1317.950195,3298.295898,466.675415,180.0000
Backpacks of the Commonwealth.esp,2D0089A7,001111C6,NpcChairTheaterTilt03,STAT,1237.950195,3298.295898,466.675415,180.0000
Backpacks of the Commonwealth.esp,2D0089A6,001111CA,NpcChairTheaterTilt01,STAT,1197.950195,3298.295898,466.675415,180.0000
Backpacks of the Commonwealth.esp,2D0089A5,0011129A,NpcChairTheaterTiltEnd01,STAT,197.950195,3298.295898,466.675415,180.0000
Backpacks of the Commonwealth.esp,2D0089A4,001111C8,NpcChairTheaterEmpty01,STAT,157.950195,3298.295898,466.675415,180.0000
Backpacks of the Commonwealth.esp,2D0089A3,0011129A,NpcChairTheaterTiltEnd01,STAT,1397.950195,3360.158691,492.404663,180.0000
Backpacks of the Commonwealth.esp,2D0089A2,001111CB,NpcChairTheaterTilt02,STAT,1357.950195,3360.158691,492.404663,180.0000
Backpacks of the Commonwealth.esp,2D0089A1,001111C9,NpcChairTheaterEmptyEnd01,STAT,1277.950195,3360.158691,492.404663,180.0000
Backpacks of the Commonwealth.esp,2D0089A0,001111C6,NpcChairTheaterTilt03,STAT,1237.950195,3360.158691,492.404663,180.0000
Backpacks of the Commonwealth.esp,2D00899F,001111CB,NpcChairTheaterTilt02,STAT,1197.950195,3360.158691,492.404663,180.0000
Backpacks of the Commonwealth.esp,2D00899E,001111CA,NpcChairTheaterTilt01,STAT,1157.950195,3360.158691,492.404663,180.0000
Backpacks of the Commonwealth.esp,2D00899D,0011129A,NpcChairTheaterTiltEnd01,STAT,157.950195,3360.158691,492.404663,180.0000
Backpacks of the Commonwealth.esp,2D00899C,0011129A,NpcChairTheaterTiltEnd01,STAT,1397.950195,3422.027832,517.892334,180.0000
Backpacks of the Commonwealth.esp,2D00899B,001111C8,NpcChairTheaterEmpty01,STAT,1357.950195,3422.027832,517.892334,180.0000
Backpacks of the Commonwealth.esp,2D00899A,001111C7,NpcChairTheaterTilt04,STAT,1277.950195,3422.027832,517.892334,180.0000
Backpacks of the Commonwealth.esp,2D008999,001111C6,NpcChairTheaterTilt03,STAT,1317.950195,3422.027832,517.892334,180.0000
Backpacks of the Commonwealth.esp,2D008998,0011129A,NpcChairTheaterTiltEnd01,STAT,1157.950195,3422.027832,517.892334,180.0000
Backpacks of the Commonwealth.esp,2D008997,001111C6,NpcChairTheaterTilt03,STAT,1117.950195,3422.027832,517.892334,180.0000
Backpacks of the Commonwealth.esp,2D008996,0011129A,NpcChairTheaterTiltEnd01,STAT,157.950195,3422.028320,517.892334,180.0000
Backpacks of the Commonwealth.esp,2D008995,0011129A,NpcChairTheaterTiltEnd01,STAT,1357.950195,3483.710449,543.216980,180.0000
Backpacks of the Commonwealth.esp,2D008994,001111CB,NpcChairTheaterTilt02,STAT,1277.950195,3483.710449,543.216980,180.0000
Backpacks of the Commonwealth.esp,2D008993,001111C6,NpcChairTheaterTilt03,STAT,1317.950195,3483.710449,543.216980,180.0000
Backpacks of the Commonwealth.esp,2D008992,001111C8,NpcChairTheaterEmpty01,STAT,1237.950195,3483.710449,543.216980,180.0000
Backpacks of the Commonwealth.esp,2D008991,001111CA,NpcChairTheaterTilt01,STAT,1197.950195,3483.710449,543.216980,180.0000
Backpacks of the Commonwealth.esp,2D00898F,001111CB,NpcChairTheaterTilt02,STAT,1157.950195,3483.710449,543.216980,180.0000
Backpacks of the Commonwealth.esp,2D00898E,001111C7,NpcChairTheaterTilt04,STAT,1117.950195,3483.710449,543.216980,180.0000
Backpacks of the Commonwealth.esp,2D00898D,0011129A,NpcChairTheaterTiltEnd01,STAT,157.950195,3483.710449,543.216980,180.0000
Backpacks of the Commonwealth.esp,2D00898C,0011129A,NpcChairTheaterTiltEnd01,STAT,1397.950195,3544.787598,569.269897,180.0000
Backpacks of the Commonwealth.esp,2D00898B,001111C8,NpcChairTheaterEmpty01,STAT,1357.950195,3544.787598,569.269897,180.0000
Backpacks of the Commonwealth.esp,2D00898A,001111C8,NpcChairTheaterEmpty01,STAT,1277.950195,3544.787598,569.269897,180.0000
Backpacks of the Commonwealth.esp,2D008989,001111CB,NpcChairTheaterTilt02,STAT,1317.950195,3544.787598,569.269897,180.0000
Backpacks of the Commonwealth.esp,2D008988,001111C6,NpcChairTheaterTilt03,STAT,1237.950195,3544.787598,569.269897,180.0000
Backpacks of the Commonwealth.esp,2D008987,0011129A,NpcChairTheaterTiltEnd01,STAT,1117.950195,3544.787598,569.269897,180.0000
Backpacks of the Commonwealth.esp,2D008986,0011129A,NpcChairTheaterTiltEnd01,STAT,157.950195,3544.788086,569.269897,180.0000
Backpacks of the Commonwealth.esp,2D008985,0011129A,NpcChairTheaterTiltEnd01,STAT,1277.950195,3608.976074,594.436707,180.0000
Backpacks of the Commonwealth.esp,2D008984,001111CB,NpcChairTheaterTilt02,STAT,1237.950195,3608.976074,594.436707,180.0000
Backpacks of the Commonwealth.esp,2D008983,001111C6,NpcChairTheaterTilt03,STAT,1197.950195,3608.976074,594.436707,180.0000
Backpacks of the Commonwealth.esp,2D008982,001111C8,NpcChairTheaterEmpty01,STAT,1157.950195,3608.976074,594.436707,180.0000
Backpacks of the Commonwealth.esp,2D008981,001111C6,NpcChairTheaterTilt03,STAT,1117.950195,3608.976074,594.436707,180.0000
Backpacks of the Commonwealth.esp,2D008980,0011129A,NpcChairTheaterTiltEnd01,STAT,197.950195,3608.976074,594.436707,180.0000
Backpacks of the Commonwealth.esp,2D00897F,001111CB,NpcChairTheaterTilt02,STAT,157.950195,3608.976074,594.436707,180.0000
Backpacks of the Commonwealth.esp,2D00897E,0011129A,NpcChairTheaterTiltEnd01,STAT,1277.950195,3668.926758,620.491455,180.0000
Backpacks of the Commonwealth.esp,2D00897D,001111C6,NpcChairTheaterTilt03,STAT,1237.950195,3668.926758,620.491455,180.0000
Backpacks of the Commonwealth.esp,2D00897C,001111CA,NpcChairTheaterTilt01,STAT,1157.950195,3668.926758,620.491455,180.0000
Backpacks of the Commonwealth.esp,2D00897B,001111C8,NpcChairTheaterEmpty01,STAT,1117.950195,3668.926758,620.491455,180.0000
Backpacks of the Commonwealth.esp,2D00897A,0011129A,NpcChairTheaterTiltEnd01,STAT,357.950195,3668.927246,620.491455,180.0000
Backpacks of the Commonwealth.esp,2D008979,001111CB,NpcChairTheaterTilt02,STAT,317.950195,3668.927246,620.491455,180.0000
Backpacks of the Commonwealth.esp,2D008978,0011129A,NpcChairTheaterTiltEnd01,STAT,237.950195,3668.927246,620.491455,180.0000
Backpacks of the Commonwealth.esp,2D008977,001111C6,NpcChairTheaterTilt03,STAT,197.950195,3668.927246,620.491455,180.0000
Backpacks of the Commonwealth.esp,2D008976,001111CB,NpcChairTheaterTilt02,STAT,157.950195,3668.927246,620.491455,180.0000
Backpacks of the Commonwealth.esp,2D008975,001111CB,NpcChairTheaterTilt02,STAT,1237.950195,3730.875977,645.386292,180.0000
Backpacks of the Commonwealth.esp,2D008974,0011129A,NpcChairTheaterTiltEnd01,STAT,1117.950195,3730.875977,645.386292,180.0000
Backpacks of the Commonwealth.esp,2D008973,0011129A,NpcChairTheaterTiltEnd01,STAT,317.950195,3730.876465,645.386292,180.0000
Backpacks of the Commonwealth.esp,2D008972,001111CB,NpcChairTheaterTilt02,STAT,277.950195,3730.876465,645.386292,180.0000
Backpacks of the Commonwealth.esp,2D008971,001111CA,NpcChairTheaterTilt01,STAT,237.950195,3730.876465,645.386292,180.0000
Backpacks of the Commonwealth.esp,2D008970,001111CB,NpcChairTheaterTilt02,STAT,197.950195,3730.876465,645.386292,180.0000
Backpacks of the Commonwealth.esp,2D00896F,001111C9,NpcChairTheaterEmptyEnd01,STAT,437.950195,3789.804687,670.967102,180.0000
Backpacks of the Commonwealth.esp,2D00896E,001111C9,NpcChairTheaterEmptyEnd01,STAT,437.950195,3913.427734,722.802490,180.0000
Backpacks of the Commonwealth.esp,2D00896D,001111CB,NpcChairTheaterTilt02,STAT,1397.950195,3970.001465,748.669556,180.0000
Backpacks of the Commonwealth.esp,2D00896C,001111C6,NpcChairTheaterTilt03,STAT,1357.950195,3970.001465,748.669556,180.0000
Backpacks of the Commonwealth.esp,2D00896B,001111C9,NpcChairTheaterEmptyEnd01,STAT,997.950195,3970.001953,748.669556,180.0000
Backpacks of the Commonwealth.esp,2D00896A,001111CA,NpcChairTheaterTilt01,STAT,957.950195,3970.001953,748.669556,180.0000
Backpacks of the Commonwealth.esp,2D008969,001111CB,NpcChairTheaterTilt02,STAT,917.950195,3970.001953,748.669556,180.0000
Backpacks of the Commonwealth.esp,2D008968,001111C7,NpcChairTheaterTilt04,STAT,877.950195,3970.001953,748.669556,180.0000
Backpacks of the Commonwealth.esp,2D008967,001111C9,NpcChairTheaterEmptyEnd01,STAT,837.950195,3970.001465,748.669556,180.0000
Backpacks of the Commonwealth.esp,2D008966,001111CB,NpcChairTheaterTilt02,STAT,637.950195,3970.001465,748.669556,180.0000
Backpacks of the Commonwealth.esp,2D008965,001111CA,NpcChairTheaterTilt01,STAT,557.950195,3970.001953,748.669556,180.0000
Backpacks of the Commonwealth.esp,2D008964,001111C9,NpcChairTheaterEmptyEnd01,STAT,437.950195,3970.001953,748.669556,180.0000
Backpacks of the Commonwealth.esp,2D008963,001111CB,NpcChairTheaterTilt02,STAT,397.950195,3970.001953,748.669556,180.0000
Backpacks of the Commonwealth.esp,2D008962,001111CA,NpcChairTheaterTilt01,STAT,357.950195,3970.001953,748.669556,180.0000
Backpacks of the Commonwealth.esp,2D008961,001111C7,NpcChairTheaterTilt04,STAT,237.950195,3970.001953,748.669556,180.0000
Backpacks of the Commonwealth.esp,2D008960,001111CB,NpcChairTheaterTilt02,STAT,197.950195,3970.001953,748.669556,180.0000
Backpacks of the Commonwealth.esp,2D00895F,001111C8,NpcChairTheaterEmpty01,STAT,157.950195,3970.001953,748.669556,180.0000
Backpacks of the Commonwealth.esp,2D00895E,0011129A,NpcChairTheaterTiltEnd01,STAT,1237.950195,4040.062988,774.328918,180.0000
Backpacks of the Commonwealth.esp,2D00895D,001111CB,NpcChairTheaterTilt02,STAT,1197.950195,4040.062988,774.328918,180.0000
Backpacks of the Commonwealth.esp,2D00895C,001111C6,NpcChairTheaterTilt03,STAT,1157.950195,4040.062988,774.328918,180.0000
Backpacks of the Commonwealth.esp,2D00895B,001111C7,NpcChairTheaterTilt04,STAT,1117.950195,4040.062988,774.328918,180.0000
Backpacks of the Commonwealth.esp,2D00895A,0011129A,NpcChairTheaterTiltEnd01,STAT,957.950195,4040.062988,774.328918,180.0000
Backpacks of the Commonwealth.esp,2D008959,001111CB,NpcChairTheaterTilt02,STAT,917.950195,4040.062988,774.328918,180.0000
Backpacks of the Commonwealth.esp,2D008958,001111C8,NpcChairTheaterEmpty01,STAT,877.950195,4040.062988,774.328918,180.0000
Backpacks of the Commonwealth.esp,2D008957,001111C9,NpcChairTheaterEmptyEnd01,STAT,437.950195,4040.062988,774.328918,180.0000
Backpacks of the Commonwealth.esp,2D008956,001111C6,NpcChairTheaterTilt03,STAT,397.950195,4040.062988,774.328918,180.0000
Backpacks of the Commonwealth.esp,2D008955,001111C6,NpcChairTheaterTilt03,STAT,837.950195,4040.062988,774.328918,180.0000
Backpacks of the Commonwealth.esp,2D008954,001111C9,NpcChairTheaterEmptyEnd01,STAT,557.950195,4040.062988,774.328918,180.0000
Backpacks of the Commonwealth.esp,2D008953,0011129A,NpcChairTheaterTiltEnd01,STAT,597.950195,4040.062988,774.328918,180.0000
Backpacks of the Commonwealth.esp,2D008952,001111CB,NpcChairTheaterTilt02,STAT,317.950195,4040.062988,774.328918,180.0000
Backpacks of the Commonwealth.esp,2D008951,001111CA,NpcChairTheaterTilt01,STAT,357.950195,4040.062988,774.328918,180.0000
Backpacks of the Commonwealth.esp,2D008950,001111CA,NpcChairTheaterTilt01,STAT,237.950195,4040.062988,774.328918,180.0000
Backpacks of the Commonwealth.esp,2D00894F,001111C7,NpcChairTheaterTilt04,STAT,277.950195,4040.062988,774.328918,180.0000
Backpacks of the Commonwealth.esp,2D00894E,0008C7F8,DebrisPileLargeConc01,STAT,275.060547,3878.147949,697.328918,177.0773
Backpacks of the Commonwealth.esp,2D00894D,0008C7F8,DebrisPileLargeConc01,STAT,-73.199219,3187.803223,415.477722,177.0773
Backpacks of the Commonwealth.esp,2D00894C,0008C7FA,DebrisPileLargeConc03,STAT,-154.154297,3399.685547,488.795959,17.7949
Backpacks of the Commonwealth.esp,2D00894B,0008C7F9,DebrisPileLargeConc02,STAT,-133.373047,3472.959473,515.498962,17.7949
Backpacks of the Commonwealth.esp,2D00894A,0008C7F8,DebrisPileLargeConc01,STAT,-88.593750,3753.160156,649.372009,89.4147
Backpacks of the Commonwealth.esp,2D008949,0008C7F8,DebrisPileLargeConc01,STAT,1219.478516,3935.772949,722.828918,177.6500
Backpacks of the Commonwealth.esp,2D008948,0008C7F9,DebrisPileLargeConc02,STAT,1534.989258,3478.343262,522.796326,181.6608
Backpacks of the Commonwealth.esp,2D008947,0008C7F8,DebrisPileLargeConc01,STAT,1586.708008,3763.879395,649.767151,89.4147
Backpacks of the Commonwealth.esp,2D008946,0008C7F9,DebrisPileLargeConc02,STAT,1648.638672,3380.720215,490.331726,16.6490
Backpacks of the Commonwealth.esp,2D008945,0008C7F8,DebrisPileLargeConc01,STAT,1645.569336,3522.860352,547.345764,89.4147
Backpacks of the Commonwealth.esp,2D008944,0008C801,DebrisPileSmallBrick04,STAT,1094.984375,4255.584473,799.828918,273.6102
Backpacks of the Commonwealth.esp,2D008943,0008C800,DebrisPileSmallBrick03,STAT,753.616760,4242.019531,800.199402,205.4282
Backpacks of the Commonwealth.esp,2D008942,0008C802,DebrisPileSmallBrick05,STAT,904.344727,4291.503906,799.828918,148.7053
Backpacks of the Commonwealth.esp,2D008941,0008C801,DebrisPileSmallBrick04,STAT,640.055664,4293.491211,799.828918,205.4282
Backpacks of the Commonwealth.esp,2D00893F,0008C808,DebrisPileLargeBrick01,STAT,415.006836,4331.667969,799.828918,341.6653
Backpacks of the Commonwealth.esp,2D00893E,0008C802,DebrisPileSmallBrick05,STAT,220.385742,4172.468262,799.828918,162.4563
Backpacks of the Commonwealth.esp,2D00893D,0008C801,DebrisPileSmallBrick04,STAT,1282.088867,4169.333008,799.828918,205.4282
Backpacks of the Commonwealth.esp,2D00893C,0008C801,DebrisPileSmallBrick04,STAT,1622.954102,3046.437500,417.172241,140.6839
Backpacks of the Commonwealth.esp,2D00893B,0008C803,DebrisPileSmallConc01,STAT,1432.205078,3102.380615,415.828918,140.6839
Backpacks of the Commonwealth.esp,2D00893A,0008C807,DebrisPileSmallConc05,STAT,1272.457031,3122.305176,415.828918,234.6490
Backpacks of the Commonwealth.esp,2D008939,0008C806,DebrisPileSmallConc04,STAT,96.538086,3087.944336,415.828918,203.1364
Backpacks of the Commonwealth.esp,2D008938,0008C807,DebrisPileSmallConc05,STAT,518.038086,3046.825439,415.828979,182.5099
Backpacks of the Commonwealth.esp,2D008937,0008C803,DebrisPileSmallConc01,STAT,710.324219,3013.606445,415.828979,97.7121
Backpacks of the Commonwealth.esp,2D008936,000E367D,BldConcRebarChunk05,STAT,144.420898,3232.645508,426.333374,0.0000
Backpacks of the Commonwealth.esp,2D008935,000E3680,BldConcRebarChunk08,STAT,236.973633,3274.908691,436.269043,0.0000
Backpacks of the Commonwealth.esp,2D008934,000E3680,BldConcRebarChunk08,STAT,212.652344,3432.919922,503.308655,0.0000
Backpacks of the Commonwealth.esp,2D008933,000E367E,BldConcRebarChunk06,STAT,228.792969,3531.654297,546.359314,0.0000
Backpacks of the Commonwealth.esp,2D008932,000E367D,BldConcRebarChunk05,STAT,209.519531,3162.813477,402.330566,0.0000
Backpacks of the Commonwealth.esp,2D008931,000E367D,BldConcRebarChunk05,STAT,394.930664,3110.164062,400.029419,0.0000
Backpacks of the Commonwealth.esp,2D008930,000E367E,BldConcRebarChunk06,STAT,499.031250,3138.930176,391.959412,0.0000
Backpacks of the Commonwealth.esp,2D00892F,000E367D,BldConcRebarChunk05,STAT,665.669922,3137.085449,391.759827,0.0000
Backpacks of the Commonwealth.esp,2D00892E,000E367D,BldConcRebarChunk05,STAT,894.414062,3152.063477,388.919495,0.0000
Backpacks of the Commonwealth.esp,2D00892D,000E367E,BldConcRebarChunk06,STAT,876.836914,3210.773926,421.101746,0.0000
Backpacks of the Commonwealth.esp,2D00892C,000E367E,BldConcRebarChunk06,STAT,829.095703,3288.493164,445.257324,0.0000
Backpacks of the Commonwealth.esp,2D00892B,000E367F,BldConcRebarChunk07,STAT,872.249023,3368.787598,476.544373,0.0000
Backpacks of the Commonwealth.esp,2D00892A,000E367F,BldConcRebarChunk07,STAT,867.239258,3463.445312,516.153870,0.0000
Backpacks of the Commonwealth.esp,2D008929,000E3681,BldConcRebarChunk09,STAT,886.512695,3516.544922,544.864746,0.0000
Backpacks of the Commonwealth.esp,2D008928,000E367F,BldConcRebarChunk07,STAT,970.529297,3569.512207,563.122437,0.0000
Backpacks of the Commonwealth.esp,2D008927,000E367E,BldConcRebarChunk06,STAT,1067.723633,3595.351562,574.892822,0.0000
Backpacks of the Commonwealth.esp,2D008926,000E367D,BldConcRebarChunk05,STAT,1098.873047,3690.272461,612.528076,0.0000
Backpacks of the Commonwealth.esp,2D008925,000E367F,BldConcRebarChunk07,STAT,1008.007812,3784.991699,649.629700,0.0000
Backpacks of the Commonwealth.esp,2D008924,000E367E,BldConcRebarChunk06,STAT,936.576172,3861.630371,679.172546,0.0000
Backpacks of the Commonwealth.esp,2D008923,000E367D,BldConcRebarChunk05,STAT,774.008789,3896.408691,699.060059,0.0000
Backpacks of the Commonwealth.esp,2D008922,000E3680,BldConcRebarChunk08,STAT,610.554688,3880.531250,695.487061,0.0000
Backpacks of the Commonwealth.esp,2D008921,000E367E,BldConcRebarChunk06,STAT,526.039062,3854.123047,668.622864,90.0000
Backpacks of the Commonwealth.esp,2D008920,000E367F,BldConcRebarChunk07,STAT,522.953125,3777.591309,644.637573,0.0000
Backpacks of the Commonwealth.esp,2D00891F,000E367F,BldConcRebarChunk07,STAT,504.327148,3716.080078,617.644043,0.0000
Backpacks of the Commonwealth.esp,2D00891E,000E367E,BldConcRebarChunk06,STAT,440.536133,3644.688965,582.264526,0.0000
Backpacks of the Commonwealth.esp,2D00891D,000E367D,BldConcRebarChunk05,STAT,301.082031,3601.717285,575.410889,0.0000
Backpacks of the Commonwealth.esp,2D008900,0010693A,Rubble_Flat_Trash_Lg01c,STAT,787.141602,2320.795410,-159.852402,270.0000
Backpacks of the Commonwealth.esp,2D0088FF,00116499,BldCombatZoneSmFlrPlatTrimCorner01,STAT,-39.910156,2444.160156,351.828918,270.0000
Backpacks of the Commonwealth.esp,2D0088FE,00116499,BldCombatZoneSmFlrPlatTrimCorner01,STAT,-39.910156,2188.160156,351.828918,0.0000
Backpacks of the Commonwealth.esp,2D0088FD,00116499,BldCombatZoneSmFlrPlatTrimCorner01,STAT,1560.089844,2460.160156,351.828918,180.0000
Backpacks of the Commonwealth.esp,2D0088FC,00116499,BldCombatZoneSmFlrPlatTrimCorner01,STAT,1560.089844,2204.160156,351.828918,90.0000
Backpacks of the Commonwealth.esp,2D0088FB,0010693A,Rubble_Flat_Trash_Lg01c,STAT,-74.853516,2751.844971,-155.525024,270.0000
Backpacks of the Commonwealth.esp,2D0088FA,0010693A,Rubble_Flat_Trash_Lg01c,STAT,-64.108398,2513.917480,-160.171066,270.0000
Backpacks of the Commonwealth.esp,2D0088F9,0010693A,Rubble_Flat_Trash_Lg01c,STAT,-60.317383,2057.191406,-160.170944,270.0000
Backpacks of the Commonwealth.esp,2D0088F8,0010693B,Rubble_Flat_Trash_Sm01,STAT,462.078125,1860.780273,-160.171066,270.0000
Backpacks of the Commonwealth.esp,2D0088F7,0010693A,Rubble_Flat_Trash_Lg01c,STAT,1027.133789,2056.917480,-160.171066,289.4806
Backpacks of the Commonwealth.esp,2D0088F6,0010693A,Rubble_Flat_Trash_Lg01c,STAT,1301.377930,2662.184082,-160.171066,270.0000
Backpacks of the Commonwealth.esp,2D0088F5,0010693A,Rubble_Flat_Trash_Lg01c,STAT,527.643555,2586.957031,-160.171066,270.0000
Backpacks of the Commonwealth.esp,2D0088F4,0010693E,Rubble_Flat_Trash_Sm04,STAT,777.651367,2871.780762,-127.670937,270.0000
Backpacks of the Commonwealth.esp,2D0088F2,0010693C,Rubble_Flat_Trash_Sm02,STAT,648.335938,3346.766113,-26.532295,270.0000
Backpacks of the Commonwealth.esp,2D0088F0,000560D0,defaultLightCool01NS,LIGH,59.832031,1279.329102,128.353867,0.0000
Backpacks of the Commonwealth.esp,2D0088EE,0001D1AF,TrashDecal03,STAT,467.838867,5474.267578,799.067688,248.8005
Backpacks of the Commonwealth.esp,2D0088ED,00074BB0,NpcChairPlayerHouseRuinSit01,FURN,498.049805,5220.613770,799.317688,343.9572
Backpacks of the Commonwealth.esp,2D0088EC,0010693B,Rubble_Flat_Trash_Sm01,STAT,382.052734,5823.033691,799.067688,291.8179
Backpacks of the Commonwealth.esp,2D0088EB,0010693A,Rubble_Flat_Trash_Lg01c,STAT,155.837891,5498.267578,799.378784,299.8393
Backpacks of the Commonwealth.esp,2D0088EA,0010693B,Rubble_Flat_Trash_Sm01,STAT,83.837891,5202.267578,799.067688,313.0174
Backpacks of the Commonwealth.esp,2D0088E9,0010693A,Rubble_Flat_Trash_Lg01c,STAT,491.837891,5442.267578,799.067688,0.0000
Backpacks of the Commonwealth.esp,2D0088E8,0001E1DF,BldWoodPMdWallMusMuralPillar02,STAT,339.838867,5890.267578,799.067688,90.0000
Backpacks of the Commonwealth.esp,2D0088E7,0001E1DF,BldWoodPMdWallMusMuralPillar02,STAT,766.479309,4605.711914,798.896606,270.0000
Backpacks of the Commonwealth.esp,2D0088E6,0001B9C4,BldWlpSmFlrOnly01,STAT,851.026367,5762.267090,799.067688,270.0000
Backpacks of the Commonwealth.esp,2D0088E5,00064288,BldWlpSmFlrOnly06,STAT,851.025391,5506.267090,799.067688,270.0000
Backpacks of the Commonwealth.esp,2D0088E4,0001B9C4,BldWlpSmFlrOnly01,STAT,851.025391,5250.267090,799.067688,270.0000
Backpacks of the Commonwealth.esp,2D0088E3,00111164,CombatZoneMain01,STAT,760.089844,2972.160156,-0.171066,0.0000
Backpacks of the Commonwealth.esp,2D0088E2,0011649D,MemDenHangingClothNarrow02,STAT,-103.099609,1812.244141,-31.992353,180.0001
Backpacks of the Commonwealth.esp,2D0088E1,0001CBA6,HalfCircleFlag01,STAT,-21.792969,1833.917969,849.725403,0.0000
Backpacks of the Commonwealth.esp,2D0088E0,0001CBA6,HalfCircleFlag01,STAT,506.808594,1833.917969,849.725403,0.0000
Backpacks of the Commonwealth.esp,2D0088DF,0001CBA6,HalfCircleFlag01,STAT,374.788086,1830.493652,849.725403,0.0000
Backpacks of the Commonwealth.esp,2D0088DE,0001CBA6,HalfCircleFlag01,STAT,245.808594,1833.917969,849.725403,0.0000
Backpacks of the Commonwealth.esp,2D0088DD,0001CBA6,HalfCircleFlag01,STAT,111.758789,1830.493652,849.725403,0.0000
Backpacks of the Commonwealth.esp,2D0088DC,0001CBA6,HalfCircleFlag01,STAT,1035.475586,1833.917969,849.725403,0.0000
Backpacks of the Commonwealth.esp,2D0088DB,0001CBA6,HalfCircleFlag01,STAT,905.298828,1830.493652,849.725403,0.0000
Backpacks of the Commonwealth.esp,2D0088DA,0001CBA6,HalfCircleFlag01,STAT,770.167969,1833.917969,849.725403,0.0000
Backpacks of the Commonwealth.esp,2D0088D9,0001CBA6,HalfCircleFlag01,STAT,642.462891,1830.493652,849.725403,0.0000
Backpacks of the Commonwealth.esp,2D0088D8,0001CBA6,HalfCircleFlag01,STAT,1302.327148,1833.917969,849.725403,0.0000
Backpacks of the Commonwealth.esp,2D0088D7,0001CBA6,HalfCircleFlag01,STAT,1168.358398,1830.493652,849.725403,0.0000
Backpacks of the Commonwealth.esp,2D0088D6,0001CBA6,HalfCircleFlag01,STAT,1438.270508,1830.493652,849.725403,0.0000
Backpacks of the Commonwealth.esp,2D0088D5,0001CBA6,HalfCircleFlag01,STAT,1561.215820,1833.917969,849.725403,0.0000
Backpacks of the Commonwealth.esp,2D0088D4,0011649E,MemDenHangingClothNarrow01,STAT,1620.021484,1808.924316,-31.992353,0.0000
Backpacks of the Commonwealth.esp,2D0088D3,0010B0B2,defaultLightCandle02FlickerNS,LIGH,723.413086,3361.041992,94.518196,0.0000
Backpacks of the Commonwealth.esp,2D0088D2,0010B0B2,defaultLightCandle02FlickerNS,LIGH,819.991211,2075.074707,70.644913,0.0000
Backpacks of the Commonwealth.esp,2D0088D0,001179A5,CageBulbRed01NS,LIGH,1216.120117,2393.120117,-1.917385,0.0000
Backpacks of the Commonwealth.esp,2D0088CF,0010B0B2,defaultLightCandle02FlickerNS,LIGH,1081.000000,3163.021973,18.798485,0.0000
Backpacks of the Commonwealth.esp,2D0088CE,001179A5,CageBulbRed01NS,LIGH,922.653320,2416.912109,5.500852,0.0000
Backpacks of the Commonwealth.esp,2D0088CD,000560D0,defaultLightCool01NS,LIGH,733.535156,2751.779297,444.558777,0.0000
Backpacks of the Commonwealth.esp,2D0088CC,00082DD9,BldBrickSmFlrPlatTrimICorner01,STAT,1800.090820,1692.950195,879.828918,0.0001
Backpacks of the Commonwealth.esp,2D0088CB,00082DD5,BldBrickSmFlrPlatTrimEdge01,STAT,2056.090820,1436.950195,879.828918,180.0001
Backpacks of the Commonwealth.esp,2D0088CA,00082DD5,BldBrickSmFlrPlatTrimEdge01,STAT,2056.090820,1180.950195,879.828918,180.0001
Backpacks of the Commonwealth.esp,2D0088C9,00082DD9,BldBrickSmFlrPlatTrimICorner01,STAT,1800.090820,925.786621,879.828918,90.0001
Backpacks of the Commonwealth.esp,2D0088C8,00082DD9,BldBrickSmFlrPlatTrimICorner01,STAT,-247.909180,924.951172,879.828918,180.0001
Backpacks of the Commonwealth.esp,2D0088C7,00082DD5,BldBrickSmFlrPlatTrimEdge01,STAT,-503.909180,1180.951172,879.828918,0.0000
Backpacks of the Commonwealth.esp,2D0088C6,00082DD5,BldBrickSmFlrPlatTrimEdge01,STAT,-503.909180,1436.951172,879.828918,0.0000
Backpacks of the Commonwealth.esp,2D0088C5,00082DD9,BldBrickSmFlrPlatTrimICorner01,STAT,-247.909180,1692.951172,879.828918,270.0001
Backpacks of the Commonwealth.esp,2D0088C4,000FA5E3,BldColonMdWallPillar01,STAT,1087.444336,3852.324219,71.279541,0.0000
Backpacks of the Commonwealth.esp,2D0088C3,000FA5E3,BldColonMdWallPillar01,STAT,464.149414,3852.324219,71.279541,0.0000
Backpacks of the Commonwealth.esp,2D0088C1,0001CC2F,BldWoodPMdWallPillar02,STAT,947.024414,5138.267090,799.067688,0.0000
Backpacks of the Commonwealth.esp,2D0088C0,0001CC30,BldWoodPMdWallPillar03,STAT,947.024414,5874.267090,799.067688,0.0000
Backpacks of the Commonwealth.esp,2D0088BF,000211CC,CoffeePot01,MISC,949.198242,5311.191895,877.067688,225.0000
Backpacks of the Commonwealth.esp,2D0088BE,00077C7F,DinerIntCounterHalfDoor01,STAT,963.025391,5282.267090,799.067688,0.0000
Backpacks of the Commonwealth.esp,2D0088BD,00077C7A,DinerIntCounterDoor02,STAT,963.025391,5794.267090,799.067688,0.0000
Backpacks of the Commonwealth.esp,2D0088BC,00077C78,DinerIntCounterDoor01,STAT,963.025391,5666.267090,799.067688,0.0000
Backpacks of the Commonwealth.esp,2D0088BB,00077C78,DinerIntCounterDoor01,STAT,963.025391,5538.267090,799.067688,0.0000
Backpacks of the Commonwealth.esp,2D0088BA,00077C7A,DinerIntCounterDoor02,STAT,963.025391,5410.267090,799.067688,0.0000
Backpacks of the Commonwealth.esp,2D0088B9,00077C78,DinerIntCounterDoor01,STAT,963.025391,5218.267090,799.067688,0.0000
Backpacks of the Commonwealth.esp,2D0088B8,00076A4C,DinerIntCounterThinHalf01,STAT,963.025391,5154.267090,799.067688,0.0000
Backpacks of the Commonwealth.esp,2D0088B7,0002F432,DinerIntCounterThin01,STAT,963.025391,5282.267090,799.067688,0.0000
Backpacks of the Commonwealth.esp,2D0088B6,0002F432,DinerIntCounterThin01,STAT,963.025391,5410.267090,799.067688,0.0000
Backpacks of the Commonwealth.esp,2D0088B5,0002F432,DinerIntCounterThin01,STAT,963.025391,5538.267090,799.067688,0.0000
Backpacks of the Commonwealth.esp,2D0088B4,0002F432,DinerIntCounterThin01,STAT,963.025391,5794.267090,799.067688,0.0000
Backpacks of the Commonwealth.esp,2D0088B3,0002F432,DinerIntCounterThin01,STAT,963.025391,5666.267090,799.067688,0.0000
Backpacks of the Commonwealth.esp,2D0088B2,00021E7A,Prewar_TrashCan,CONT,165.304688,5832.337891,799.067688,0.0000
Backpacks of the Commonwealth.esp,2D0088B1,00017C0D,CigaretteMachine01,CONT,64.512695,5835.150879,799.067749,0.0000
Backpacks of the Commonwealth.esp,2D0088B0,0006230B,Shack_Single_PlankLng01_Brkn,STAT,861.975586,5907.456543,896.397339,328.4876
Backpacks of the Commonwealth.esp,2D0088AF,0006230D,Shack_Single_PlankLng02_Brkn,STAT,861.975586,5903.456055,924.460815,355.9895
Backpacks of the Commonwealth.esp,2D0088AE,00062308,Shack_Single_Plank05,STAT,861.975586,5903.456055,889.106934,9.7403
Backpacks of the Commonwealth.esp,2D0088AD,00062300,Shack_Single_Plank01,STAT,861.975586,5903.456055,863.655945,14.8969
Backpacks of the Commonwealth.esp,2D0088AC,000E626D,BldGlassNoBarTrans01,STAT,852.606445,5894.477539,884.433472,270.0000
Backpacks of the Commonwealth.esp,2D0088AB,0001CBA5,BldWoodPMdWallMusMural01,STAT,1102.887695,5884.080078,799.067627,270.0000
Backpacks of the Commonwealth.esp,2D0088AA,00043349,PhoneBooth,STAT,-4.162109,5414.430664,799.067688,90.0000
Backpacks of the Commonwealth.esp,2D0088A9,00043349,PhoneBooth,STAT,-4.162109,5478.430664,799.067688,90.0000
Backpacks of the Commonwealth.esp,2D0088A8,0001A850,BldWoodPSmFlrPlatTrimEdge01,STAT,595.024414,5730.267090,1055.067627,0.0001
Backpacks of the Commonwealth.esp,2D0088A7,0001A850,BldWoodPSmFlrPlatTrimEdge01,STAT,595.024414,5474.267090,1055.067627,0.0001
Backpacks of the Commonwealth.esp,2D0088A6,0001A850,BldWoodPSmFlrPlatTrimEdge01,STAT,851.024414,5730.267090,1055.067627,180.0000
Backpacks of the Commonwealth.esp,2D0088A5,0001A850,BldWoodPSmFlrPlatTrimEdge01,STAT,851.024414,5474.267090,1055.067627,180.0000
Backpacks of the Commonwealth.esp,2D0088A4,000E1CC0,BldWoodPBgWallTop01,STAT,851.006836,5762.269531,671.067688,0.0001
Backpacks of the Commonwealth.esp,2D0088A3,000E1CC0,BldWoodPBgWallTop01,STAT,851.006836,5506.269043,671.067688,0.0001
Backpacks of the Commonwealth.esp,2D0088A2,000E1CC0,BldWoodPBgWallTop01,STAT,595.006836,5762.269531,671.067688,180.0000
Backpacks of the Commonwealth.esp,2D0088A1,000E1CC0,BldWoodPBgWallTop01,STAT,595.006836,5506.269531,671.067688,180.0000
Backpacks of the Commonwealth.esp,2D0088A0,0001CC23,BldWoodPMdWallPillarBg01,STAT,723.024414,5890.267090,799.067688,0.0000
Backpacks of the Commonwealth.esp,2D00889F,0001CC23,BldWoodPMdWallPillarBg01,STAT,723.006836,5346.269531,799.067688,0.0000
Backpacks of the Commonwealth.esp,2D00889E,0008B618,TrashEdge04,STAT,224.699219,5560.674805,799.167664,192.0777
Backpacks of the Commonwealth.esp,2D00889D,0001D2D7,MuseumDivider01,STAT,284.466797,5618.157715,807.247620,0.0001
Backpacks of the Commonwealth.esp,2D00889C,000232E1,BldCounter01,STAT,735.673828,5628.794434,799.067688,90.0000
Backpacks of the Commonwealth.esp,2D00889B,0001D2D7,MuseumDivider01,STAT,677.291748,5484.729004,799.067688,270.0000
Backpacks of the Commonwealth.esp,2D00889A,00043349,PhoneBooth,STAT,-4.162109,5542.430664,799.067688,90.0000
Backpacks of the Commonwealth.esp,2D008899,0008A5D7,TrashEdge01,STAT,675.130859,5510.014648,799.167664,270.0000
Backpacks of the Commonwealth.esp,2D008898,0001D2D7,MuseumDivider01,STAT,690.418945,5647.606445,799.067688,270.0000
Backpacks of the Commonwealth.esp,2D008897,0001EE90,BldWoodPDividerPillar01,STAT,723.005859,5378.269531,1055.067627,0.0000
Backpacks of the Commonwealth.esp,2D008896,0001EE90,BldWoodPDividerPillar01,STAT,723.024414,5855.786621,1059.345947,0.0000
Backpacks of the Commonwealth.esp,2D008895,000CF8E1,BldGlassSolid01,STAT,722.934326,5470.575684,896.998718,0.0000
Backpacks of the Commonwealth.esp,2D008894,0001EE94,BldWoodPDivider1Way01,STAT,723.024414,5473.735352,1073.258423,180.0000
Backpacks of the Commonwealth.esp,2D008893,00180A15,CashRegisterContainer,CONT,737.599609,5569.066406,877.091370,270.0000
Backpacks of the Commonwealth.esp,2D008892,00180A15,CashRegisterContainer,CONT,736.444336,5693.994141,877.091370,270.0000
Backpacks of the Commonwealth.esp,2D008891,0001EE90,BldWoodPDividerPillar01,STAT,723.024414,5599.786621,1059.345947,0.0000
Backpacks of the Commonwealth.esp,2D008890,0001EE94,BldWoodPDivider1Way01,STAT,723.023438,5729.734863,1073.258423,0.0000
Backpacks of the Commonwealth.esp,2D00888F,000CF8D0,BldGlassBroke03,STAT,721.976746,5733.447754,896.998718,180.0000
Backpacks of the Commonwealth.esp,2D00888E,0001CA24,BldWoodPBgWallPlugBBotDblDoor01,STAT,-44.161133,5250.267578,799.067688,0.0000
Backpacks of the Commonwealth.esp,2D00888D,0001A804,BldWoodPSmStairsShort01,STAT,-172.974609,5250.267578,799.067688,90.0000
Backpacks of the Commonwealth.esp,2D00888C,0001A7F8,BldWoodPSmCeilOnly01,STAT,-428.974609,5250.267578,927.067688,180.0000
Backpacks of the Commonwealth.esp,2D00888B,0001A7F8,BldWoodPSmCeilOnly01,STAT,-428.974609,5506.267578,927.067688,180.0000
Backpacks of the Commonwealth.esp,2D00888A,000367EC,BldWoodPSmCeilOnly128Up01,STAT,-172.974609,5250.267578,799.067688,270.0000
Backpacks of the Commonwealth.esp,2D008889,000367EB,BldWoodPSmWall128Up02,STAT,-172.974609,5250.267578,799.067688,90.0000
Backpacks of the Commonwealth.esp,2D008888,0001A86C,BldWoodPSmWallCorner01,STAT,-300.974609,5378.267578,927.067688,0.0000
Backpacks of the Commonwealth.esp,2D008887,0001A86C,BldWoodPSmWallCorner01,STAT,-300.974609,5378.267578,927.067688,270.0000
Backpacks of the Commonwealth.esp,2D008886,000367EA,BldWoodPSmWall128Up01,STAT,-172.974609,5250.267578,799.067688,270.0000
Backpacks of the Commonwealth.esp,2D008885,0001A81F,BldWoodPSmFlrOnly01,STAT,-428.974609,5250.267578,927.067688,270.0000
Backpacks of the Commonwealth.esp,2D008884,0001A81F,BldWoodPSmFlrOnly01,STAT,-428.974609,5506.267578,927.067688,270.0000
Backpacks of the Commonwealth.esp,2D008883,0001A889,BldWoodPSmWall01,STAT,-428.974609,5250.267578,927.067688,0.0000
Backpacks of the Commonwealth.esp,2D008882,0001A889,BldWoodPSmWall01,STAT,-428.974609,5506.267578,927.067688,0.0000
Backpacks of the Commonwealth.esp,2D008881,0001A889,BldWoodPSmWall01,STAT,-428.974609,5506.267578,927.067688,90.0000
Backpacks of the Commonwealth.esp,2D008880,0001A889,BldWoodPSmWall01,STAT,-428.974609,5250.267578,927.067688,270.0000
Backpacks of the Commonwealth.esp,2D00887F,0001A884,BldWoodPSmWallScktB01,STAT,-172.974609,5250.267578,799.067688,180.0000
Backpacks of the Commonwealth.esp,2D00887E,0001D1A0,DebrisPile01Trash,STAT,-140.974609,5202.267578,847.067688,0.0000
Backpacks of the Commonwealth.esp,2D00887D,0001A834,BldWoodPSmFlrPlatChunk02,STAT,-268.974609,5266.268066,1007.067688,266.0001
Backpacks of the Commonwealth.esp,2D00887C,0001D1A0,DebrisPile01Trash,STAT,-204.974609,5282.267578,879.067688,0.0000
Backpacks of the Commonwealth.esp,2D00887B,0001D1A0,DebrisPile01Trash,STAT,-220.974609,5186.267578,895.067688,0.0000
Backpacks of the Commonwealth.esp,2D00887A,0001D1A0,DebrisPile01Trash,STAT,-124.974609,5314.267578,847.067688,0.0000
Backpacks of the Commonwealth.esp,2D008879,0001A871,BldWoodPSmWallPlugADoor01,STAT,723.007812,5250.269531,799.067688,180.0000
Backpacks of the Commonwealth.esp,2D008878,0001A80A,BldWoodPSmCeilOnly02,STAT,850.194336,5785.009766,927.067688,0.0000
Backpacks of the Commonwealth.esp,2D008877,0001A80D,BldWoodPSmCeilOnly05,STAT,850.194336,5529.009766,927.067688,0.0000
Backpacks of the Commonwealth.esp,2D008876,0001B7D9,BldWoodPMdWallScktABot02,STAT,851.007812,5250.269043,799.067688,0.0000
Backpacks of the Commonwealth.esp,2D008875,0001B7E3,BldWoodPMdWall01,STAT,851.025391,5250.267090,799.067688,270.0001
Backpacks of the Commonwealth.esp,2D008874,0001B7EA,BldWoodPMdWall05,STAT,851.025391,5250.267090,799.067688,180.0000
Backpacks of the Commonwealth.esp,2D008873,0001B7EC,BldWoodPMdWall07,STAT,851.025391,5506.267090,799.067688,180.0000
Backpacks of the Commonwealth.esp,2D008872,0001B7EA,BldWoodPMdWall05,STAT,851.025391,5762.267090,799.067688,180.0000
Backpacks of the Commonwealth.esp,2D008871,0001B7E4,BldWoodPMdWall02,STAT,83.838867,5250.267578,799.067688,270.0001
Backpacks of the Commonwealth.esp,2D008870,0001B7E8,BldWoodPMdWall04,STAT,595.024414,5250.267090,799.067688,270.0000
Backpacks of the Commonwealth.esp,2D00886F,000F7C41,ExitSignWallOff01,STAT,760.089844,4361.184082,993.592224,180.0000
Backpacks of the Commonwealth.esp,2D00886E,00027696,ExitSignRedNS,LIGH,761.094727,4344.334961,357.144348,180.0000
Backpacks of the Commonwealth.esp,2D00886D,000F7C42,ExitSignWallOn01,STAT,760.089844,4362.790527,368.902832,180.0000
Backpacks of the Commonwealth.esp,2D00886C,0001F88B,NpcChairFederalistOfficeSit01,FURN,-646.698303,2510.200684,-160.017944,143.8124
Backpacks of the Commonwealth.esp,2D00886B,00049DA3,Prewar_Office_Desk_01,CONT,-563.730469,2441.016602,-160.171066,103.1324
Backpacks of the Commonwealth.esp,2D008867,001111C3,NpcChairTheaterEnd01,FURN,108.700806,2455.772461,-166.688995,183.7532
Backpacks of the Commonwealth.esp,2D008866,0004D1E5,PlayerHouse_TableKitchen01,STAT,1028.502441,2283.857422,-158.388992,178.9450
Backpacks of the Commonwealth.esp,2D008863,0002FBF9,NpcBedGroundSleep01,FURN,1635.153320,2477.637207,-160.171066,0.0000
Backpacks of the Commonwealth.esp,2D008862,00025529,SandbagSingle01,STAT,-329.991211,1274.306641,-25.764816,0.0000
Backpacks of the Commonwealth.esp,2D008861,00020D7B,UtilFreePipeBracket02,STAT,-361.312500,1020.160156,47.828934,224.9514
Backpacks of the Commonwealth.esp,2D008860,00020D7B,UtilFreePipeBracket02,STAT,-361.312500,1084.160156,47.828934,224.9514
Backpacks of the Commonwealth.esp,2D00885F,00020D7B,UtilFreePipeBracket02,STAT,-361.312500,1148.160156,47.828934,224.9514
Backpacks of the Commonwealth.esp,2D00885E,00020D7B,UtilFreePipeBracket02,STAT,-361.312500,1212.160156,47.828934,224.9514
Backpacks of the Commonwealth.esp,2D00885D,00020D7B,UtilFreePipeBracket02,STAT,-361.312500,1276.160156,47.828934,224.9514
Backpacks of the Commonwealth.esp,2D00885C,00021F34,RopeSpline01,BNDS,-325.903320,1292.284180,684.498352,0.0000
Backpacks of the Commonwealth.esp,2D00885B,00021F34,RopeSpline01,BNDS,-325.903320,1260.486816,684.498352,0.0000
Backpacks of the Commonwealth.esp,2D00885A,00021F34,RopeSpline01,BNDS,-325.903320,1223.800781,684.498352,0.0000
Backpacks of the Commonwealth.esp,2D008859,00021F34,RopeSpline01,BNDS,-325.903320,1192.003906,684.498352,0.0000
Backpacks of the Commonwealth.esp,2D008858,00021F34,RopeSpline01,BNDS,-325.903320,1161.530762,684.498352,0.0000
Backpacks of the Commonwealth.esp,2D008857,00021F34,RopeSpline01,BNDS,-325.903320,1129.733887,684.498352,0.0000
Backpacks of the Commonwealth.esp,2D008856,00021F34,RopeSpline01,BNDS,-325.903320,1099.964844,684.498352,0.0000
Backpacks of the Commonwealth.esp,2D008855,00021F34,RopeSpline01,BNDS,-325.903320,1068.167969,684.498352,0.0000
Backpacks of the Commonwealth.esp,2D008854,00021F34,RopeSpline01,BNDS,-325.903320,1034.268555,684.498352,0.0000
Backpacks of the Commonwealth.esp,2D008853,00021F34,RopeSpline01,BNDS,1876.881836,1034.268555,684.498352,0.0000
Backpacks of the Commonwealth.esp,2D008852,00021F34,RopeSpline01,BNDS,1876.881836,1099.964844,684.498352,0.0000
Backpacks of the Commonwealth.esp,2D008851,00021F34,RopeSpline01,BNDS,1876.881836,1068.167969,684.498352,0.0000
Backpacks of the Commonwealth.esp,2D008850,00021F34,RopeSpline01,BNDS,1876.881836,1161.530762,684.498352,0.0000
Backpacks of the Commonwealth.esp,2D00884F,00021F34,RopeSpline01,BNDS,1876.881836,1129.733887,684.498352,0.0000
Backpacks of the Commonwealth.esp,2D00884E,00021F34,RopeSpline01,BNDS,1876.881836,1223.800781,684.498352,0.0000
Backpacks of the Commonwealth.esp,2D00884D,00021F34,RopeSpline01,BNDS,1876.881836,1192.003906,684.498352,0.0000
Backpacks of the Commonwealth.esp,2D00884C,00021F34,RopeSpline01,BNDS,1876.881836,1260.486816,684.498352,0.0000
Backpacks of the Commonwealth.esp,2D00884B,00021F34,RopeSpline01,BNDS,1876.881836,1292.284180,684.498352,0.0000
Backpacks of the Commonwealth.esp,2D00884A,00020D7B,UtilFreePipeBracket02,STAT,1912.089844,1276.160156,719.828918,0.0000
Backpacks of the Commonwealth.esp,2D008849,00020D7B,UtilFreePipeBracket02,STAT,1912.089844,1212.160156,719.828918,0.0000
Backpacks of the Commonwealth.esp,2D008848,00020D7B,UtilFreePipeBracket02,STAT,1912.089844,1148.160156,719.828918,0.0000
Backpacks of the Commonwealth.esp,2D008847,00020D7B,UtilFreePipeBracket02,STAT,1912.089844,1084.160156,719.828918,0.0000
Backpacks of the Commonwealth.esp,2D008846,00020D7B,UtilFreePipeBracket02,STAT,1912.089844,1020.160156,719.828918,0.0000
Backpacks of the Commonwealth.esp,2D008845,00020D7B,UtilFreePipeBracket02,STAT,1912.089844,1276.160156,335.828918,0.0000
Backpacks of the Commonwealth.esp,2D008844,00020D7B,UtilFreePipeBracket02,STAT,1912.089844,1212.160156,335.828918,0.0000
Backpacks of the Commonwealth.esp,2D008843,00020D7B,UtilFreePipeBracket02,STAT,1912.089844,1148.160156,335.828918,0.0000
Backpacks of the Commonwealth.esp,2D008842,00020D7B,UtilFreePipeBracket02,STAT,1912.089844,1084.160156,335.828918,0.0000
Backpacks of the Commonwealth.esp,2D008841,00020D7B,UtilFreePipeBracket02,STAT,1912.089844,1020.160156,335.828918,0.0000
Backpacks of the Commonwealth.esp,2D008840,00020D7B,UtilFreePipeBracket02,STAT,1912.089844,1020.160156,47.828934,0.0000
Backpacks of the Commonwealth.esp,2D00883F,00020D7B,UtilFreePipeBracket02,STAT,1912.089844,1148.160156,47.828934,0.0000
Backpacks of the Commonwealth.esp,2D00883E,00020D7B,UtilFreePipeBracket02,STAT,1912.089844,1084.160156,47.828934,0.0000
Backpacks of the Commonwealth.esp,2D00883D,00020D7B,UtilFreePipeBracket02,STAT,1912.089844,1212.160156,47.828934,0.0000
Backpacks of the Commonwealth.esp,2D00883C,00020D7B,UtilFreePipeBracket02,STAT,1912.089844,1276.160156,47.828934,0.0000
Backpacks of the Commonwealth.esp,2D00883B,000394D4,CaveRmFloor256Mid01,STAT,895.427734,3472.489746,-5.789616,90.0000
Backpacks of the Commonwealth.esp,2D00883A,000394D4,CaveRmFloor256Mid01,STAT,639.427734,3472.489746,-5.789612,90.0000
Backpacks of the Commonwealth.esp,2D008836,000F7C36,BldDecoSmFlrPlatChunk03_NoDropCeil,STAT,725.126953,2869.830566,-129.133423,90.0000
Backpacks of the Commonwealth.esp,2D008834,000394D4,CaveRmFloor256Mid01,STAT,831.427734,3002.978516,-105.587234,90.0000
Backpacks of the Commonwealth.esp,2D008833,000394D4,CaveRmFloor256Mid01,STAT,831.427734,3253.384277,-52.361835,90.0000
Backpacks of the Commonwealth.esp,2D008832,000394D4,CaveRmFloor256Mid01,STAT,575.427734,3002.978516,-105.587234,90.0000
Backpacks of the Commonwealth.esp,2D008831,000394D4,CaveRmFloor256Mid01,STAT,575.427734,3253.384277,-52.361835,90.0000
Backpacks of the Commonwealth.esp,2D008830,000394D4,CaveRmFloor256Mid01,STAT,1151.427734,3472.489746,-5.789623,90.0000
Backpacks of the Commonwealth.esp,2D00882F,000394D4,CaveRmFloor256Mid01,STAT,1407.427734,3472.489746,-5.789631,90.0000
Backpacks of the Commonwealth.esp,2D00882B,0004CED4,CaveMoundDirtLow04,STAT,1284.595703,3468.324707,-44.927589,337.0817
Backpacks of the Commonwealth.esp,2D008828,00082D0B,BldBrickBgWallPillarBg01,STAT,1928.089844,1804.950684,863.828918,270.0000
Backpacks of the Commonwealth.esp,2D008827,00082D0B,BldBrickBgWallPillarBg01,STAT,1672.089844,1804.950684,863.828918,270.0000
Backpacks of the Commonwealth.esp,2D008826,00082D0B,BldBrickBgWallPillarBg01,STAT,1928.089844,1804.950684,351.828918,270.0000
Backpacks of the Commonwealth.esp,2D008825,00082D6E,BldBrickMdWallPillarBg01,STAT,1928.089844,1804.950684,-32.171066,270.0000
Backpacks of the Commonwealth.esp,2D008824,0001F484,NpcBenchFederalistSit01,FURN,-239.910156,1788.951172,-32.171066,180.0000
Backpacks of the Commonwealth.esp,2D008823,0001F484,NpcBenchFederalistSit01,FURN,1784.089844,1780.950684,-32.171066,180.0000
Backpacks of the Commonwealth.esp,2D008821,0001C8F4,BldWoodPSmFlrPlatTrimISingle01,STAT,1032.089844,1436.160156,-32.171066,270.0000
Backpacks of the Commonwealth.esp,2D008820,00082CD0,BldBrickBgWall01,STAT,1800.089844,1692.996094,863.828918,90.0000
Backpacks of the Commonwealth.esp,2D00881F,00082CD0,BldBrickBgWall01,STAT,1800.089844,1692.950684,863.828918,180.0000
Backpacks of the Commonwealth.esp,2D00881E,00082D0B,BldBrickBgWallPillarBg01,STAT,1672.089844,1804.950684,351.828918,270.0000
Backpacks of the Commonwealth.esp,2D00881D,00082D6E,BldBrickMdWallPillarBg01,STAT,1672.089844,1804.950684,-32.171066,270.0000
Backpacks of the Commonwealth.esp,2D00881C,00077C78,DinerIntCounterDoor01,STAT,195.317612,3301.325928,111.828934,0.0000
Backpacks of the Commonwealth.esp,2D008810,000711B5,PlayerHouse_Ruin_Rug02,STAT,311.020508,3436.086426,112.929939,60.7335
Backpacks of the Commonwealth.esp,2D00880F,0007BEA5,DinerIntCounterThinFillerB,STAT,503.412109,3569.875977,111.828934,0.0001
Backpacks of the Commonwealth.esp,2D00880E,0007BEA5,DinerIntCounterThinFillerB,STAT,503.412109,3217.875977,111.828934,0.0001
Backpacks of the Commonwealth.esp,2D00880D,0019B5E3,DinerIntCounterThinHalf01Debris01,SCOL,503.412109,3249.875977,111.828934,0.0001
Backpacks of the Commonwealth.esp,2D00880C,0019B5DF,DinerIntCounterThin02Debris01,SCOL,503.412109,3505.875977,111.828934,0.0001
Backpacks of the Commonwealth.esp,2D00880B,0019B5DD,DinerIntCounterThin01Debris02,SCOL,503.412109,3377.875977,111.828934,0.0001
Backpacks of the Commonwealth.esp,2D00880A,00076A50,DinerIntCounter01,STAT,195.317612,3301.325928,111.828934,0.0000
Backpacks of the Commonwealth.esp,2D008806,000399ED,ToolRackGarage01,STAT,-119.281250,3501.664062,228.301712,270.0000
Backpacks of the Commonwealth.esp,2D008805,000399ED,ToolRackGarage01,STAT,-104.134766,3771.743652,225.696503,274.9184
Backpacks of the Commonwealth.esp,2D008804,0003030D,DinerIntCounterHalf01,STAT,79.186523,2968.586914,-60.826054,90.0000
Backpacks of the Commonwealth.esp,2D008803,00076A50,DinerIntCounter01,STAT,207.186523,2968.586914,-60.826054,90.0000
Backpacks of the Commonwealth.esp,2D008802,00083905,Grill01,STAT,10.338867,3006.928711,-58.081844,209.2209
Backpacks of the Commonwealth.esp,2D008801,00082DD5,BldBrickSmFlrPlatTrimEdge01,STAT,-503.910156,1180.996094,359.828918,0.0000
Backpacks of the Commonwealth.esp,2D008800,00082DD5,BldBrickSmFlrPlatTrimEdge01,STAT,-503.910156,1436.996094,359.828918,0.0000
Backpacks of the Commonwealth.esp,2D0087FF,00082DD9,BldBrickSmFlrPlatTrimICorner01,STAT,-247.910156,1692.996094,359.828918,270.0001
Backpacks of the Commonwealth.esp,2D0087FE,00082DD5,BldBrickSmFlrPlatTrimEdge01,STAT,2056.089844,1436.996094,359.828918,180.0001
Backpacks of the Commonwealth.esp,2D0087FD,00082DD9,BldBrickSmFlrPlatTrimICorner01,STAT,1800.089844,1692.996094,359.828918,0.0001
Backpacks of the Commonwealth.esp,2D0087FC,00082DD5,BldBrickSmFlrPlatTrimEdge01,STAT,2056.089844,1180.996094,359.828918,180.0001
Backpacks of the Commonwealth.esp,2D0087FB,00082D6E,BldBrickMdWallPillarBg01,STAT,-135.910156,1804.182617,-32.171066,270.0000
Backpacks of the Commonwealth.esp,2D0087FA,00082D0B,BldBrickBgWallPillarBg01,STAT,-135.910156,1804.182617,351.828918,270.0000
Backpacks of the Commonwealth.esp,2D0087F9,00082D0C,BldBrickBgWallPillarCorner01,STAT,1656.089844,1820.182617,863.828918,180.0000
Backpacks of the Commonwealth.esp,2D0087F8,0001A88C,BldWoodPSmWall03,STAT,-439.910156,2076.996094,-160.171066,270.0000
Backpacks of the Commonwealth.esp,2D0087F7,00023A10,SteamTPipeTiny1Way02,STAT,-855.532227,1944.969727,423.853577,0.0000
Backpacks of the Commonwealth.esp,2D0087F6,00023A0F,SteamTPipeTiny1Way01,STAT,-717.358398,1949.324219,346.101929,0.0000
Backpacks of the Commonwealth.esp,2D0087F5,000D4456,BldDecoSmFlrOnly01,STAT,1784.089844,2716.159668,-160.171066,90.0000
Backpacks of the Commonwealth.esp,2D0087F4,000D4456,BldDecoSmFlrOnly01,STAT,1784.089844,1948.159668,-160.171066,90.0000
Backpacks of the Commonwealth.esp,2D0087F3,0001D1A0,DebrisPile01Trash,STAT,-919.910156,2284.996094,-112.171066,0.0000
Backpacks of the Commonwealth.esp,2D0087F2,0001D1A0,DebrisPile01Trash,STAT,-999.910156,2268.996094,-64.171066,0.0000
Backpacks of the Commonwealth.esp,2D0087F1,0001D1A0,DebrisPile01Trash,STAT,-823.910156,2300.995605,-159.497711,0.0000
Backpacks of the Commonwealth.esp,2D0087F0,0001D1A0,DebrisPile01Trash,STAT,-903.910156,2396.996094,-112.171066,0.0000
Backpacks of the Commonwealth.esp,2D0087EF,0001A834,BldWoodPSmFlrPlatChunk02,STAT,-985.915710,2292.372559,140.640564,266.0001
Backpacks of the Commonwealth.esp,2D0087EE,0001D1A0,DebrisPile01Trash,STAT,-983.910156,2364.996094,-80.171066,0.0000
Backpacks of the Commonwealth.esp,2D0087ED,0001A884,BldWoodPSmWallScktB01,STAT,-951.910156,2332.996094,-160.171066,180.0000
Backpacks of the Commonwealth.esp,2D0087EC,0004E631,BldWoodPSmHallStairs02,SCOL,-951.910156,2332.996094,-160.171066,90.0000
Backpacks of the Commonwealth.esp,2D0087EA,0001A865,BldWoodPSmWall07,STAT,-455.910156,2076.996094,-160.171066,180.0000
Backpacks of the Commonwealth.esp,2D0087E9,0001A882,BldWoodPSmWallScktA01,STAT,-455.910156,2332.996094,-160.171066,180.0000
Backpacks of the Commonwealth.esp,2D0087E8,0001A861,BldWoodPSmWall04,STAT,-455.910156,2588.996094,-160.171066,180.0000
Backpacks of the Commonwealth.esp,2D0087E7,000D4456,BldDecoSmFlrOnly01,STAT,-775.910156,2716.160156,-160.171066,90.0000
Backpacks of the Commonwealth.esp,2D0087E6,000D4456,BldDecoSmFlrOnly01,STAT,-263.910156,2716.160156,-160.171066,90.0000
Backpacks of the Commonwealth.esp,2D0087E5,000D4456,BldDecoSmFlrOnly01,STAT,-519.910156,2716.160156,-160.171066,90.0000
Backpacks of the Commonwealth.esp,2D0087E4,0001A88C,BldWoodPSmWall03,STAT,-695.910156,2588.996094,-160.171066,90.0000
Backpacks of the Commonwealth.esp,2D0087E3,0001A88C,BldWoodPSmWall03,STAT,-439.910156,2588.996094,-160.171066,90.0000
Backpacks of the Commonwealth.esp,2D0087E2,0001A889,BldWoodPSmWall01,STAT,-695.910156,2076.996094,-160.171066,0.0000
Backpacks of the Commonwealth.esp,2D0087E1,0001A889,BldWoodPSmWall01,STAT,-695.910156,2588.996094,-160.171066,0.0000
Backpacks of the Commonwealth.esp,2D0087E0,0001CA24,BldWoodPBgWallPlugBBotDblDoor01,STAT,-823.910156,2332.996094,-160.171066,180.0000
Backpacks of the Commonwealth.esp,2D0087DF,0001A884,BldWoodPSmWallScktB01,STAT,-695.910156,2332.996094,-160.171066,0.0000
Backpacks of the Commonwealth.esp,2D0087DE,000D445A,BldDecoSmFlrOnly04,STAT,-263.910156,1948.996094,-160.171066,90.0000
Backpacks of the Commonwealth.esp,2D0087DD,000D445E,BldDecoSmFlrOnly08,STAT,-775.910156,1948.996094,-160.171066,90.0000
Backpacks of the Commonwealth.esp,2D0087DC,000D4456,BldDecoSmFlrOnly01,STAT,-519.910156,1948.996094,-160.171066,90.0000
Backpacks of the Commonwealth.esp,2D0087DB,000D445D,BldDecoSmFlrOnly07,STAT,-775.910156,2460.996094,-160.171066,90.0000
Backpacks of the Commonwealth.esp,2D0087DA,000D4459,BldDecoSmFlrOnly03,STAT,-775.910156,2204.996094,-160.171066,90.0000
Backpacks of the Commonwealth.esp,2D0087D9,000D445C,BldDecoSmFlrOnly06,STAT,-519.910156,2460.160156,-160.171066,90.0000
Backpacks of the Commonwealth.esp,2D0087D8,000D445A,BldDecoSmFlrOnly04,STAT,-519.910156,2204.160156,-160.171066,90.0000
Backpacks of the Commonwealth.esp,2D0087D5,0001A80B,BldWoodPSmCeilOnly03,STAT,850.194336,5273.009277,927.067688,0.0000
Backpacks of the Commonwealth.esp,2D0087D4,0001CA18,BldWoodPBgWallPlugABotDoor01,STAT,1928.089844,924.996094,991.828918,0.0000
Backpacks of the Commonwealth.esp,2D0087D3,0001CA18,BldWoodPBgWallPlugABotDoor01,STAT,-327.910156,2332.996094,-160.171066,0.0000
Backpacks of the Commonwealth.esp,2D0087D2,00082E0A,BldBrickSmCeilOnly01,STAT,-247.910156,1692.160156,1119.828979,0.0000
Backpacks of the Commonwealth.esp,2D0087D1,00082E0F,BldBrickSmCeilOnly06,STAT,-247.910156,1436.160156,1119.828979,0.0000
Backpacks of the Commonwealth.esp,2D0087D0,00082E0A,BldBrickSmCeilOnly01,STAT,-247.910156,1180.160156,1119.828979,0.0000
Backpacks of the Commonwealth.esp,2D0087CF,00082E0A,BldBrickSmCeilOnly01,STAT,-247.910156,924.160156,1119.828979,0.0000
Backpacks of the Commonwealth.esp,2D0087CE,00082E0A,BldBrickSmCeilOnly01,STAT,264.089844,1692.160156,1119.828979,0.0000
Backpacks of the Commonwealth.esp,2D0087CD,00082E0C,BldBrickSmCeilOnly03,STAT,264.089844,1436.160156,1119.828979,0.0000
Backpacks of the Commonwealth.esp,2D0087CC,00082E0B,BldBrickSmCeilOnly02,STAT,264.089844,1180.160156,1119.828979,0.0000
Backpacks of the Commonwealth.esp,2D0087CB,00082E0A,BldBrickSmCeilOnly01,STAT,264.089844,924.160156,1119.828979,0.0000
Backpacks of the Commonwealth.esp,2D0087CA,00082E0A,BldBrickSmCeilOnly01,STAT,8.089844,1436.160156,1119.828979,0.0000
Backpacks of the Commonwealth.esp,2D0087C9,00082E0D,BldBrickSmCeilOnly04,STAT,8.089844,1692.160156,1119.828979,0.0000
Backpacks of the Commonwealth.esp,2D0087C8,00082E0F,BldBrickSmCeilOnly06,STAT,8.089844,1180.160156,1119.828979,0.0000
Backpacks of the Commonwealth.esp,2D0087C7,00082E0A,BldBrickSmCeilOnly01,STAT,8.089844,924.160156,1119.828979,0.0000
Backpacks of the Commonwealth.esp,2D0087C6,00082E0D,BldBrickSmCeilOnly04,STAT,776.089844,1692.160156,1119.828979,0.0000
Backpacks of the Commonwealth.esp,2D0087C5,00082E0C,BldBrickSmCeilOnly03,STAT,776.089844,1436.160156,1119.828979,0.0000
Backpacks of the Commonwealth.esp,2D0087C4,00082E0B,BldBrickSmCeilOnly02,STAT,776.089844,1180.160156,1119.828979,0.0000
Backpacks of the Commonwealth.esp,2D0087C3,00082E0A,BldBrickSmCeilOnly01,STAT,776.089844,924.160156,1119.828979,0.0000
Backpacks of the Commonwealth.esp,2D0087C2,00082E0A,BldBrickSmCeilOnly01,STAT,520.089844,1436.160156,1119.828979,0.0000
Backpacks of the Commonwealth.esp,2D0087C1,00082E0A,BldBrickSmCeilOnly01,STAT,520.089844,1692.160156,1119.828979,0.0000
Backpacks of the Commonwealth.esp,2D0087C0,00082E0A,BldBrickSmCeilOnly01,STAT,520.089844,1180.160156,1119.828979,0.0000
Backpacks of the Commonwealth.esp,2D0087BF,00082E0C,BldBrickSmCeilOnly03,STAT,520.089844,924.160156,1119.828979,0.0000
Backpacks of the Commonwealth.esp,2D0087BE,00082E0A,BldBrickSmCeilOnly01,STAT,1288.089844,1692.160156,1119.828979,0.0000
Backpacks of the Commonwealth.esp,2D0087BD,00082E0B,BldBrickSmCeilOnly02,STAT,1288.089844,1436.160156,1119.828979,0.0000
Backpacks of the Commonwealth.esp,2D0087BC,00082E0F,BldBrickSmCeilOnly06,STAT,1288.089844,1180.160156,1119.828979,0.0000
Backpacks of the Commonwealth.esp,2D0087BB,00082E0A,BldBrickSmCeilOnly01,STAT,1288.089844,924.160156,1119.828979,0.0000
Backpacks of the Commonwealth.esp,2D0087BA,00082E0D,BldBrickSmCeilOnly04,STAT,1032.089844,1436.160156,1119.828979,0.0000
Backpacks of the Commonwealth.esp,2D0087B9,00082E0B,BldBrickSmCeilOnly02,STAT,1032.089844,1692.160156,1119.828979,0.0000
Backpacks of the Commonwealth.esp,2D0087B8,00082E0B,BldBrickSmCeilOnly02,STAT,1032.089844,1180.160156,1119.828979,0.0000
Backpacks of the Commonwealth.esp,2D0087B7,00082D96,BldBrickSmCeilOnly10,STAT,1032.089844,924.160156,1119.828979,0.0000
Backpacks of the Commonwealth.esp,2D0087B6,00082E0A,BldBrickSmCeilOnly01,STAT,1544.089844,1436.160156,1119.828979,0.0000
Backpacks of the Commonwealth.esp,2D0087B5,00082E0B,BldBrickSmCeilOnly02,STAT,1544.089844,1692.160156,1119.828979,0.0000
Backpacks of the Commonwealth.esp,2D0087B4,00082E0A,BldBrickSmCeilOnly01,STAT,1544.089844,1180.160156,1119.828979,0.0000
Backpacks of the Commonwealth.esp,2D0087B3,00082E0D,BldBrickSmCeilOnly04,STAT,1544.089844,924.160156,1119.828979,0.0000
Backpacks of the Commonwealth.esp,2D0087B2,00082E0D,BldBrickSmCeilOnly04,STAT,1800.089844,1180.160156,1119.828979,0.0000
Backpacks of the Commonwealth.esp,2D0087B1,00082E0A,BldBrickSmCeilOnly01,STAT,1800.089844,924.160156,1119.828979,0.0000
Backpacks of the Commonwealth.esp,2D0087B0,00082E0A,BldBrickSmCeilOnly01,STAT,1800.089844,1436.160156,1119.828979,0.0000
Backpacks of the Commonwealth.esp,2D0087AF,00082E0E,BldBrickSmCeilOnly05,STAT,1800.089844,1692.160156,1119.828979,0.0000
Backpacks of the Commonwealth.esp,2D0087AE,0001B7D8,BldWoodPMdWallScktABot01,STAT,-455.910156,2332.996094,351.828918,180.0000
Backpacks of the Commonwealth.esp,2D0087AD,00082E2A,BldBrickSmWallPillarBg01,STAT,911.419922,4359.678711,783.828918,0.0000
Backpacks of the Commonwealth.esp,2D0087AC,00082E2A,BldBrickSmWallPillarBg01,STAT,911.419922,4359.678711,527.828918,0.0000
Backpacks of the Commonwealth.esp,2D0087AB,00082E2A,BldBrickSmWallPillarBg01,STAT,601.747070,4359.608398,783.828918,0.0000
Backpacks of the Commonwealth.esp,2D0087AA,00082E2A,BldBrickSmWallPillarBg01,STAT,601.747070,4359.608398,527.828918,0.0000
Backpacks of the Commonwealth.esp,2D0087A9,000D4440,BldDecoSmCeilOnly04,STAT,339.006836,5785.009766,927.067688,270.0000
Backpacks of the Commonwealth.esp,2D0087A8,000D443F,BldDecoSmCeilOnly03,STAT,339.006836,5273.009766,927.067688,270.0000
Backpacks of the Commonwealth.esp,2D0087A7,000D443C,BldDecoSmCeilOnly01,STAT,339.006836,5529.009766,927.067688,270.0000
Backpacks of the Commonwealth.esp,2D0087A6,0001CA24,BldWoodPBgWallPlugBBotDblDoor01,STAT,339.838867,5890.267578,799.067688,270.0000
Backpacks of the Commonwealth.esp,2D0087A5,0001B7DC,BldWoodPMdWallScktBBot01,STAT,339.837891,5762.267090,799.067688,90.0000
Backpacks of the Commonwealth.esp,2D0087A4,000D4456,BldDecoSmFlrOnly01,STAT,339.837891,5762.267090,799.067688,270.0000
Backpacks of the Commonwealth.esp,2D0087A3,000D445A,BldDecoSmFlrOnly04,STAT,339.837891,5250.267090,799.067688,270.0000
Backpacks of the Commonwealth.esp,2D0087A2,000D445A,BldDecoSmFlrOnly04,STAT,339.837891,5506.267090,799.067688,270.0000
Backpacks of the Commonwealth.esp,2D0087A1,0001B7DC,BldWoodPMdWallScktBBot01,STAT,339.837891,5250.267090,799.067688,270.0000
Backpacks of the Commonwealth.esp,2D0087A0,000D443C,BldDecoSmCeilOnly01,STAT,594.194336,5785.009766,927.067688,270.0000
Backpacks of the Commonwealth.esp,2D00879F,000D4440,BldDecoSmCeilOnly04,STAT,83.006836,5785.009766,927.067688,270.0000
Backpacks of the Commonwealth.esp,2D00879E,000D4443,BldDecoSmCeilOnly05,STAT,83.007812,5273.010254,927.067688,270.0000
Backpacks of the Commonwealth.esp,2D00879D,000D4440,BldDecoSmCeilOnly04,STAT,594.193359,5529.009766,927.067688,270.0000
Backpacks of the Commonwealth.esp,2D00879C,000D443C,BldDecoSmCeilOnly01,STAT,83.007812,5529.010742,927.067688,270.0000
Backpacks of the Commonwealth.esp,2D00879B,0001B7E6,BldWoodPMdWall03,STAT,83.837891,5762.267090,799.067688,90.0000
Backpacks of the Commonwealth.esp,2D00879A,0001B7E4,BldWoodPMdWall02,STAT,595.025391,5762.267090,799.067688,90.0000
Backpacks of the Commonwealth.esp,2D008799,0001B7E3,BldWoodPMdWall01,STAT,83.837891,5762.267090,799.067688,0.0000
Backpacks of the Commonwealth.esp,2D008798,000D4457,BldDecoSmFlrOnly02,STAT,83.837891,5762.267090,799.067688,270.0000
Backpacks of the Commonwealth.esp,2D008797,000D445A,BldDecoSmFlrOnly04,STAT,595.025391,5762.267090,799.067688,270.0000
Backpacks of the Commonwealth.esp,2D008796,0001B7DC,BldWoodPMdWallScktBBot01,STAT,83.838867,5250.267578,799.067688,0.0000
Backpacks of the Commonwealth.esp,2D008795,000D445B,BldDecoSmFlrOnly05,STAT,83.838867,5250.267578,799.067688,270.0000
Backpacks of the Commonwealth.esp,2D008794,000D445A,BldDecoSmFlrOnly04,STAT,595.024414,5250.267090,799.067688,270.0000
Backpacks of the Commonwealth.esp,2D008793,0001B7E8,BldWoodPMdWall04,STAT,83.838867,5506.268066,799.067688,0.0000
Backpacks of the Commonwealth.esp,2D008792,000D4456,BldDecoSmFlrOnly01,STAT,595.024414,5506.267090,799.067688,270.0000
Backpacks of the Commonwealth.esp,2D008791,0001B7D9,BldWoodPMdWallScktABot02,STAT,595.006836,5250.269531,799.067688,180.0000
Backpacks of the Commonwealth.esp,2D008790,000D445A,BldDecoSmFlrOnly04,STAT,83.838867,5506.268066,799.067688,270.0000
Backpacks of the Commonwealth.esp,2D00878F,0004CEC1,CaveMoundDirtMed01,STAT,994.031250,3073.425293,-129.501785,77.5174
Backpacks of the Commonwealth.esp,2D00878E,0004CED3,CaveMoundDirtLow03,STAT,962.798828,2950.693359,-123.368011,228.5050
Backpacks of the Commonwealth.esp,2D00878D,0004CED3,CaveMoundDirtLow03,STAT,1002.119873,3214.204590,-84.154068,307.0000
Backpacks of the Commonwealth.esp,2D00878C,0004CED4,CaveMoundDirtLow04,STAT,1248.381836,3066.725342,-98.585464,99.1067
Backpacks of the Commonwealth.esp,2D00878B,0004CED3,CaveMoundDirtLow03,STAT,992.169922,3055.825195,-100.509949,99.1067
Backpacks of the Commonwealth.esp,2D00878A,0001E953,DebrisInteriorWoodPile01Trash,STAT,1861.384766,2302.000488,351.828918,17.7617
Backpacks of the Commonwealth.esp,2D008789,0001E2D3,BldWoodPDoorStatic02,STAT,1869.853516,2308.103027,335.915710,214.8906
Backpacks of the Commonwealth.esp,2D008788,0001A833,BldWoodPSmFlrPlatChunk01,STAT,1919.590820,2333.606445,442.693298,270.0000
Backpacks of the Commonwealth.esp,2D008787,00082CD4,BldBrickBgWall03,STAT,-247.910156,1436.951172,863.828918,0.0000
Backpacks of the Commonwealth.esp,2D008786,000245EA,IndCat1Way01,STAT,1032.089844,924.160156,991.828918,90.0000
Backpacks of the Commonwealth.esp,2D008785,000245EA,IndCat1Way01,STAT,1032.089844,1692.160156,991.828918,270.0000
Backpacks of the Commonwealth.esp,2D008784,0011649A,BldCombatZoneSmFlrPlatTrimEdge01,STAT,1528.089844,1692.160156,863.828918,270.0000
Backpacks of the Commonwealth.esp,2D008783,0001A850,BldWoodPSmFlrPlatTrimEdge01,STAT,1528.089844,1948.138672,863.828918,90.0000
Backpacks of the Commonwealth.esp,2D008782,0001A850,BldWoodPSmFlrPlatTrimEdge01,STAT,1272.089844,1948.160156,863.828918,90.0000
Backpacks of the Commonwealth.esp,2D008781,0001A850,BldWoodPSmFlrPlatTrimEdge01,STAT,1016.089844,1948.160156,863.828918,90.0000
Backpacks of the Commonwealth.esp,2D008780,0001A850,BldWoodPSmFlrPlatTrimEdge01,STAT,760.089844,1948.160156,863.828918,90.0000
Backpacks of the Commonwealth.esp,2D00877F,0001A850,BldWoodPSmFlrPlatTrimEdge01,STAT,504.089844,1948.160156,863.828918,90.0000
Backpacks of the Commonwealth.esp,2D00877E,0001A850,BldWoodPSmFlrPlatTrimEdge01,STAT,248.089844,1948.160156,863.828918,90.0000
Backpacks of the Commonwealth.esp,2D00877D,0001A850,BldWoodPSmFlrPlatTrimEdge01,STAT,-7.910156,1948.160156,863.828918,90.0000
Backpacks of the Commonwealth.esp,2D00877C,00034730,ShackFreeColumnInt01,STAT,-80.205078,2272.351074,361.822144,173.0214
Backpacks of the Commonwealth.esp,2D00877B,00032B24,ShackWallHalfL01,STAT,-164.834961,1926.524414,361.430725,241.7189
Backpacks of the Commonwealth.esp,2D00877A,00032B24,ShackWallHalfL01,STAT,46.788086,2076.828613,361.430725,61.7189
Backpacks of the Commonwealth.esp,2D008779,001C501B,ShackMidFloor01B,STAT,-104.747070,2269.661133,356.731323,302.4525
Backpacks of the Commonwealth.esp,2D008778,001C501B,ShackMidFloor01B,STAT,48.709961,2243.455566,363.912354,261.1995
Backpacks of the Commonwealth.esp,2D008777,000F0B65,ShackWallOuterCrnOut05A,STAT,270.615234,2051.792969,361.430725,331.7189
Backpacks of the Commonwealth.esp,2D008776,0002A919,ShackWallFlatEnd01,STAT,54.458984,1935.496094,361.430725,331.7189
Backpacks of the Commonwealth.esp,2D008775,00034FC8,ShackWallOuterSupports01,STAT,-145.650391,1964.064453,360.430725,306.3747
Backpacks of the Commonwealth.esp,2D008774,00034FC8,ShackWallOuterSupports01,STAT,-172.190430,2015.287109,360.430725,336.1988
Backpacks of the Commonwealth.esp,2D008773,001C501B,ShackMidFloor01B,STAT,45.444336,2075.996582,361.430725,241.7189
Backpacks of the Commonwealth.esp,2D008772,00029B14,ShackMidRoof03,STAT,45.444336,2075.996582,361.430725,241.7189
Backpacks of the Commonwealth.esp,2D008771,00029076,ShackWallOuter03,STAT,157.895508,1991.146973,361.430725,331.7189
Backpacks of the Commonwealth.esp,2D008770,000D445B,BldDecoSmFlrOnly05,STAT,760.089844,2204.182129,-160.171066,90.0000
Backpacks of the Commonwealth.esp,2D00876F,000D445A,BldDecoSmFlrOnly04,STAT,760.089844,1948.182129,-160.171066,90.0000
Backpacks of the Commonwealth.esp,2D00876E,000D445B,BldDecoSmFlrOnly05,STAT,504.089844,2204.182129,-160.171066,90.0000
Backpacks of the Commonwealth.esp,2D00876D,000D4456,BldDecoSmFlrOnly01,STAT,504.089844,1948.182129,-160.171066,90.0000
Backpacks of the Commonwealth.esp,2D00876C,00082CD0,BldBrickBgWall01,STAT,1544.089844,1692.996094,863.828918,90.0000
Backpacks of the Commonwealth.esp,2D00876B,00082D45,BldBrickMdWall01,STAT,1528.089844,1948.182129,863.828918,270.0000
Backpacks of the Commonwealth.esp,2D00876A,0001A802,BldWoodPSmStairsBlockTiny02,STAT,1256.089844,4188.159668,95.828934,180.0000
Backpacks of the Commonwealth.esp,2D008769,0001A802,BldWoodPSmStairsBlockTiny02,STAT,1000.089844,4188.159668,95.828934,180.0000
Backpacks of the Commonwealth.esp,2D008768,0001A802,BldWoodPSmStairsBlockTiny02,STAT,232.089844,4188.159668,95.828934,180.0000
Backpacks of the Commonwealth.esp,2D008767,0001A802,BldWoodPSmStairsBlockTiny02,STAT,488.089844,4188.159668,95.828934,180.0000
Backpacks of the Commonwealth.esp,2D008766,0001A802,BldWoodPSmStairsBlockTiny02,STAT,744.089844,4188.159668,95.828934,180.0000
Backpacks of the Commonwealth.esp,2D008765,000D445B,BldDecoSmFlrOnly05,STAT,-7.910156,2204.160156,-160.171066,90.0000
Backpacks of the Commonwealth.esp,2D008764,00082D0B,BldBrickBgWallPillarBg01,STAT,-119.910156,1820.182129,351.828918,270.0000
Backpacks of the Commonwealth.esp,2D008763,0002A919,ShackWallFlatEnd01,STAT,41.089844,3195.160156,-60.826054,90.0000
Backpacks of the Commonwealth.esp,2D008762,000215D4,BldWoodPDbDoor01NoName,DOOR,760.089844,4380.159668,799.828918,90.0000
Backpacks of the Commonwealth.esp,2D008760,00082D11,BldBrickBgWallPlugBBotDblDoor01,STAT,760.089844,4380.160156,799.828918,90.0000
Backpacks of the Commonwealth.esp,2D00875F,0003476B,ShackBridgeFree01,STAT,1602.858154,2170.411377,351.828918,80.7871
Backpacks of the Commonwealth.esp,2D00875E,000EA1BD,NpcStoolModernDomesticSit01,FURN,1135.977539,2575.509521,-160.171066,90.0000
Backpacks of the Commonwealth.esp,2D00875C,0003476B,ShackBridgeFree01,STAT,1544.089844,2668.160156,367.828918,0.0000
Backpacks of the Commonwealth.esp,2D00875B,00034730,ShackFreeColumnInt01,STAT,1416.089844,2590.177002,-145.183762,0.0000
Backpacks of the Commonwealth.esp,2D00875A,00034730,ShackFreeColumnInt01,STAT,1416.089844,2190.176758,-145.183762,0.0000
Backpacks of the Commonwealth.esp,2D008759,0001CA18,BldWoodPBgWallPlugABotDoor01,STAT,1848.089844,2332.996094,351.828918,0.0000
Backpacks of the Commonwealth.esp,2D008757,00034730,ShackFreeColumnInt01,STAT,1168.725586,2661.575684,-145.183762,0.0000
Backpacks of the Commonwealth.esp,2D008756,00034730,ShackFreeColumnInt01,STAT,1167.030273,2161.243652,-145.183762,0.0000
Backpacks of the Commonwealth.esp,2D008755,00034730,ShackFreeColumnInt01,STAT,907.375000,2163.438477,-161.183762,0.0000
Backpacks of the Commonwealth.esp,2D008754,00034730,ShackFreeColumnInt01,STAT,906.680664,2663.941406,-161.183762,0.0000
Backpacks of the Commonwealth.esp,2D008753,00029B06,ShackMidRoof02,STAT,1032.089844,2286.176758,-161.183762,90.0000
Backpacks of the Commonwealth.esp,2D008752,00029B06,ShackMidRoof02,STAT,1032.089844,2542.177002,-161.183762,90.0000
Backpacks of the Commonwealth.esp,2D008751,00029B14,ShackMidRoof03,STAT,1288.089844,2286.176758,-145.183762,90.0000
Backpacks of the Commonwealth.esp,2D008750,00029B14,ShackMidRoof03,STAT,1288.089844,2542.177002,-145.183762,90.0000
Backpacks of the Commonwealth.esp,2D00874F,000232E1,BldCounter01,STAT,1209.067383,2412.766602,-160.171066,90.0000
Backpacks of the Commonwealth.esp,2D00874D,00034FC8,ShackWallOuterSupports01,STAT,1352.089844,3068.182617,-48.171066,0.0000
Backpacks of the Commonwealth.esp,2D00874C,00034FC8,ShackWallOuterSupports01,STAT,1480.089844,2812.182617,-48.171066,90.0000
Backpacks of the Commonwealth.esp,2D00874B,00034FC8,ShackWallOuterSupports01,STAT,1512.089844,2796.182617,-48.171066,0.0000
Backpacks of the Commonwealth.esp,2D00874A,0004CED3,CaveMoundDirtLow03,STAT,444.689453,2831.757324,-149.288788,49.2594
Backpacks of the Commonwealth.esp,2D008749,0004CED3,CaveMoundDirtLow03,STAT,485.151367,3082.631836,-96.171066,12.5900
Backpacks of the Commonwealth.esp,2D008748,001C5019,ShackWallFlat06,STAT,616.089844,2940.182617,-272.171082,90.0000
Backpacks of the Commonwealth.esp,2D008747,001C5017,ShackWallFlat05,STAT,360.089844,2684.182617,-272.171082,180.0000
Backpacks of the Commonwealth.esp,2D008746,001C5017,ShackWallFlat05,STAT,40.280273,2684.182617,-272.171082,180.0000
Backpacks of the Commonwealth.esp,2D008745,001E716D,ShackWallHalfL02,STAT,-87.910156,2684.182617,-272.171082,270.0000
Backpacks of the Commonwealth.esp,2D008744,001E716D,ShackWallHalfL02,STAT,168.089844,2684.182617,-272.171082,270.0000
Backpacks of the Commonwealth.esp,2D008743,00034FC8,ShackWallOuterSupports01,STAT,1352.089844,3532.182617,95.828934,358.3268
Backpacks of the Commonwealth.esp,2D008740,00034702,ShackBalconyFloor01,STAT,329.523438,3131.706055,-56.965149,0.0000
Backpacks of the Commonwealth.esp,2D00873F,00034702,ShackBalconyFloor01,STAT,329.089844,3067.160156,-60.826054,0.0000
Backpacks of the Commonwealth.esp,2D00873E,00033789,ShackBalconyFloor02,STAT,424.089844,2876.160156,-59.826054,0.0000
Backpacks of the Commonwealth.esp,2D00873D,00034730,ShackFreeColumnInt01,STAT,57.089844,2683.160156,-60.826054,0.0000
Backpacks of the Commonwealth.esp,2D00873C,00029B06,ShackMidRoof02,STAT,169.089844,2811.160156,-60.826054,0.0000
Backpacks of the Commonwealth.esp,2D00873B,0001A7FF,BldWoodPSmStairsBlockShort02,STAT,169.089844,2635.160156,-200.055191,180.0000
Backpacks of the Commonwealth.esp,2D00873A,001C501B,ShackMidFloor01B,STAT,169.089844,2811.160156,-60.826054,270.0000
Backpacks of the Commonwealth.esp,2D008739,00028BAC,ShackWallOuterCrnOut01A,STAT,41.089844,2939.160156,-60.826054,90.0000
Backpacks of the Commonwealth.esp,2D008738,00029B06,ShackMidRoof02,STAT,169.089844,3067.160156,-60.826054,180.0000
Backpacks of the Commonwealth.esp,2D008737,0003D563,ShackWallOuter01B,STAT,41.089844,3067.160156,-60.826054,90.0000
Backpacks of the Commonwealth.esp,2D008736,001C5017,ShackWallFlat05,STAT,-135.910156,3340.995605,-96.171066,0.0000
Backpacks of the Commonwealth.esp,2D008735,001C5017,ShackWallFlat05,STAT,120.089844,3340.995605,-95.171066,0.0000
Backpacks of the Commonwealth.esp,2D008734,00032B24,ShackWallHalfL01,STAT,152.089844,3068.159912,-64.171066,180.0000
Backpacks of the Commonwealth.esp,2D008733,001C501B,ShackMidFloor01B,STAT,169.089844,3067.160156,-60.826054,270.0000
Backpacks of the Commonwealth.esp,2D008732,001C5017,ShackWallFlat05,STAT,232.089844,3068.995605,-63.171066,180.0000
Backpacks of the Commonwealth.esp,2D008729,0003476B,ShackBridgeFree01,STAT,363.811249,3108.329590,421.140930,180.0000
Backpacks of the Commonwealth.esp,2D008723,0003476B,ShackBridgeFree01,STAT,34.317383,2935.698242,417.491577,0.0000
Backpacks of the Commonwealth.esp,2D008722,00028BB0,ShackMidFloor01,STAT,32.598633,2409.931641,361.822144,263.0214
Backpacks of the Commonwealth.esp,2D008721,00029AFE,ShackWallOuterCap01Door01,STAT,29.850586,2410.608398,361.822144,173.0214
Backpacks of the Commonwealth.esp,2D008720,00029B14,ShackMidRoof03,STAT,29.850586,2410.608398,361.822144,263.0214
Backpacks of the Commonwealth.esp,2D00871F,001C5017,ShackWallFlat05,STAT,376.089844,3340.995605,-95.171066,0.0000
Backpacks of the Commonwealth.esp,2D00871D,001C5017,ShackWallFlat05,STAT,374.766754,3341.470215,-95.171066,270.0000
Backpacks of the Commonwealth.esp,2D008719,000457B3,ShackWallOuterCrnOut01B,STAT,392.089844,3340.995605,112.828934,0.0000
Backpacks of the Commonwealth.esp,2D008718,00029076,ShackWallOuter03,STAT,392.089844,3468.995605,112.828934,270.0000
Backpacks of the Commonwealth.esp,2D008716,00028BAB,ShackWallOuter01A,STAT,8.089844,3340.995605,111.828934,0.0000
Backpacks of the Commonwealth.esp,2D008715,00029076,ShackWallOuter03,STAT,264.089844,3340.995605,112.828934,0.0000
Backpacks of the Commonwealth.esp,2D008713,00082D6E,BldBrickMdWallPillarBg01,STAT,911.419922,4359.656250,1039.828979,0.0000
Backpacks of the Commonwealth.esp,2D008712,00082D6E,BldBrickMdWallPillarBg01,STAT,1390.089844,4134.159668,863.828918,135.0000
Backpacks of the Commonwealth.esp,2D008711,00082D6E,BldBrickMdWallPillarBg01,STAT,1636.191406,3647.591797,863.828918,171.0000
Backpacks of the Commonwealth.esp,2D008710,00082D6E,BldBrickMdWallPillarBg01,STAT,1656.089844,3100.159668,863.828918,180.0000
Backpacks of the Commonwealth.esp,2D00870F,00082D6E,BldBrickMdWallPillarBg01,STAT,601.747070,4359.585938,1039.828979,0.0000
Backpacks of the Commonwealth.esp,2D00870E,00082D6E,BldBrickMdWallPillarBg01,STAT,129.805664,4141.819824,863.828918,45.0000
Backpacks of the Commonwealth.esp,2D00870D,00082D6E,BldBrickMdWallPillarBg01,STAT,-131.910156,3639.159668,863.828918,9.0000
Backpacks of the Commonwealth.esp,2D00870C,00082D6E,BldBrickMdWallPillarBg01,STAT,-135.910156,3100.160156,863.828918,0.0000
Backpacks of the Commonwealth.esp,2D00870B,000D445C,BldDecoSmFlrOnly06,STAT,1528.089844,1948.160156,-160.171066,90.0000
Backpacks of the Commonwealth.esp,2D00870A,000D4459,BldDecoSmFlrOnly03,STAT,1016.089844,2204.160156,-160.171066,90.0000
Backpacks of the Commonwealth.esp,2D008709,00032B2D,ShackWallHalfB01,STAT,1470.509766,2805.509766,-19.370613,87.6366
Backpacks of the Commonwealth.esp,2D008708,00032B2D,ShackWallHalfB01,STAT,1465.770508,2542.001465,-50.609993,180.0000
Backpacks of the Commonwealth.esp,2D008707,001C5017,ShackWallFlat05,STAT,1557.327148,2548.339600,-47.912521,180.0000
Backpacks of the Commonwealth.esp,2D008706,00034702,ShackBalconyFloor01,STAT,1579.321289,3070.440430,-48.444675,0.0000
Backpacks of the Commonwealth.esp,2D008705,00034702,ShackBalconyFloor01,STAT,1579.321289,2942.440430,-48.444675,90.0000
Backpacks of the Commonwealth.esp,2D008704,0003F432,NpcCouchOfficeSit01,FURN,1147.372070,3343.003418,-32.550953,180.0001
Backpacks of the Commonwealth.esp,2D008703,00029B06,ShackMidRoof02,STAT,1497.297852,3046.375000,-45.602810,270.0000
Backpacks of the Commonwealth.esp,2D008702,00034702,ShackBalconyFloor01,STAT,1548.421875,3111.278809,-46.079189,0.0000
Backpacks of the Commonwealth.esp,2D008701,00034702,ShackBalconyFloor01,STAT,1548.421875,2983.278809,-46.079189,90.0000
Backpacks of the Commonwealth.esp,2D008700,001E716B,ShackWallFlatEnd04,STAT,972.421875,3303.279297,-47.912521,180.0000
Backpacks of the Commonwealth.esp,2D0086FF,00100610,BldDecoSmRailStraight03,STAT,552.089844,3052.160156,415.828918,270.0000
Backpacks of the Commonwealth.esp,2D0086FE,0011649A,BldCombatZoneSmFlrPlatTrimEdge01,STAT,472.089844,3068.160156,415.828918,90.0000
Backpacks of the Commonwealth.esp,2D0086FC,00100619,BldDecoSmRailBroke02,STAT,8.089844,3052.160156,415.828918,270.0000
Backpacks of the Commonwealth.esp,2D0086FB,00100618,BldDecoSmRailBroke01,STAT,40.089844,3052.160156,415.828918,270.0000
Backpacks of the Commonwealth.esp,2D0086FA,0003476B,ShackBridgeFree01,STAT,34.317383,2809.135742,395.953430,0.0000
Backpacks of the Commonwealth.esp,2D0086F9,0003476B,ShackBridgeFree01,STAT,7.529297,2935.911133,417.261902,0.0000
Backpacks of the Commonwealth.esp,2D0086F6,001C5017,ShackWallFlat05,STAT,1487.680664,3653.426025,101.823914,0.0000
Backpacks of the Commonwealth.esp,2D0086F1,001C501B,ShackMidFloor01B,STAT,1100.421875,3175.279297,-47.912521,270.0000
Backpacks of the Commonwealth.esp,2D0086F0,001C501B,ShackMidFloor01B,STAT,1356.421875,3047.279053,-47.912521,270.0000
Backpacks of the Commonwealth.esp,2D0086EC,00028BAB,ShackWallOuter01A,STAT,1100.421875,3303.279297,-47.912521,180.0000
Backpacks of the Commonwealth.esp,2D0086EA,001C5017,ShackWallFlat05,STAT,1100.421875,3287.279297,-47.912521,270.0001
Backpacks of the Commonwealth.esp,2D0086E9,001C5017,ShackWallFlat05,STAT,1484.421875,3287.278809,-47.912521,90.0000
Backpacks of the Commonwealth.esp,2D0086E7,0003476B,ShackBridgeFree01,STAT,1292.421875,3175.278809,160.087479,180.0001
Backpacks of the Commonwealth.esp,2D0086E6,00029B06,ShackMidRoof02,STAT,1484.421875,3303.278809,-47.912521,180.0000
Backpacks of the Commonwealth.esp,2D0086E5,001EC1DD,ShackMidRoof01B,STAT,1100.421875,3175.279297,-47.912521,270.0000
Backpacks of the Commonwealth.esp,2D0086E4,001EC1DD,ShackMidRoof01B,STAT,1356.421875,3047.279053,-48.039238,270.0000
Backpacks of the Commonwealth.esp,2D0086E3,00100611,BldDecoSmRailStraight04,STAT,296.089844,3052.160156,415.828918,270.0000
Backpacks of the Commonwealth.esp,2D0086E2,00100619,BldDecoSmRailBroke02,STAT,808.089844,3052.160156,415.828918,270.0000
Backpacks of the Commonwealth.esp,2D0086E1,00100618,BldDecoSmRailBroke01,STAT,1512.089844,3052.159668,415.828918,270.0000
Backpacks of the Commonwealth.esp,2D0086E0,00100619,BldDecoSmRailBroke02,STAT,1416.089844,3052.159668,415.828918,270.0000
Backpacks of the Commonwealth.esp,2D0086DF,00100618,BldDecoSmRailBroke01,STAT,1160.089844,3052.159668,415.828918,270.0000
Backpacks of the Commonwealth.esp,2D0086DD,00029068,ShackWallOuterCap01A,STAT,1495.811523,2805.765625,159.917084,0.0000
Backpacks of the Commonwealth.esp,2D0086DA,00029B06,ShackMidRoof02,STAT,1484.089844,2791.159668,159.828934,0.0000
Backpacks of the Commonwealth.esp,2D0086D9,001C501B,ShackMidFloor01B,STAT,1484.421875,2791.278809,-47.912521,270.0000
Backpacks of the Commonwealth.esp,2D0086D8,00028BAF,ShackMidRoof01,STAT,1436.421875,2791.278809,-63.912521,0.0000
Backpacks of the Commonwealth.esp,2D0086D7,001C501B,ShackMidFloor01B,STAT,1484.421875,2791.278809,160.087479,270.0000
Backpacks of the Commonwealth.esp,2D0086D6,00034730,ShackFreeColumnInt01,STAT,281.089844,2699.160156,-60.826054,0.0000
Backpacks of the Commonwealth.esp,2D0086D5,00034730,ShackFreeColumnInt01,STAT,1228.421875,3047.278809,-47.912521,270.0000
Backpacks of the Commonwealth.esp,2D0086D4,00043341,ShackBalconyRailing03,STAT,1548.421875,2855.278809,160.087479,180.0000
Backpacks of the Commonwealth.esp,2D0086D3,00043341,ShackBalconyRailing03,STAT,1420.421875,2855.278809,160.087479,180.0000
Backpacks of the Commonwealth.esp,2D0086D2,00043340,ShackBalconyRailing02,STAT,1164.421875,2983.279053,176.087479,180.0000
Backpacks of the Commonwealth.esp,2D0086D1,00034701,ShackBalconyRailing01,STAT,1292.421875,2983.279053,176.087479,90.0000
Backpacks of the Commonwealth.esp,2D0086D0,00029076,ShackWallOuter03,STAT,1356.421875,2791.278809,160.087479,90.0000
Backpacks of the Commonwealth.esp,2D0086CF,00034730,ShackFreeColumnInt01,STAT,1308.421875,2919.278809,-63.912521,270.0000
Backpacks of the Commonwealth.esp,2D0086CE,00034FC8,ShackWallOuterSupports01,STAT,1420.421875,2807.278809,160.087479,90.0000
Backpacks of the Commonwealth.esp,2D0086CC,00029076,ShackWallOuter03,STAT,1546.058105,2239.433838,344.342865,359.2902
Backpacks of the Commonwealth.esp,2D0086C8,000FA5E3,BldColonMdWallPillar01,STAT,1079.169922,2972.159668,-112.171066,0.0000
Backpacks of the Commonwealth.esp,2D0086C7,000FA5E3,BldColonMdWallPillar01,STAT,455.875000,2972.159912,-112.171066,0.0000
Backpacks of the Commonwealth.esp,2D0086C6,0011649A,BldCombatZoneSmFlrPlatTrimEdge01,STAT,1240.089844,3068.159912,415.828918,90.0000
Backpacks of the Commonwealth.esp,2D0086C5,0011649A,BldCombatZoneSmFlrPlatTrimEdge01,STAT,1496.089844,3068.159912,415.828918,90.0000
Backpacks of the Commonwealth.esp,2D0086C4,0011649A,BldCombatZoneSmFlrPlatTrimEdge01,STAT,216.089844,3068.160156,415.828918,90.0000
Backpacks of the Commonwealth.esp,2D0086C3,0011649A,BldCombatZoneSmFlrPlatTrimEdge01,STAT,-39.910156,3068.160156,415.828918,90.0000
Backpacks of the Commonwealth.esp,2D0086C2,001C501B,ShackMidFloor01B,STAT,8.089844,3468.995605,110.828934,90.0000
Backpacks of the Commonwealth.esp,2D0086C1,001EC1DD,ShackMidRoof01B,STAT,264.089844,3468.995605,112.828934,90.0000
Backpacks of the Commonwealth.esp,2D0086C0,000D4456,BldDecoSmFlrOnly01,STAT,520.089844,4004.551270,111.990845,90.0000
Backpacks of the Commonwealth.esp,2D0086BF,000D4456,BldDecoSmFlrOnly01,STAT,520.089844,3503.739746,5.540054,90.0000
Backpacks of the Commonwealth.esp,2D0086BE,000D4456,BldDecoSmFlrOnly01,STAT,776.089844,4004.551270,111.990845,90.0000
Backpacks of the Commonwealth.esp,2D0086BD,00082D4F,BldBrickMdWall07,STAT,-247.910156,924.996094,-32.171066,0.0000
Backpacks of the Commonwealth.esp,2D0086BC,00082CD0,BldBrickBgWall01,STAT,-247.910156,924.951172,351.828918,0.0000
Backpacks of the Commonwealth.esp,2D0086BB,00076C00,BldWoodBSmFlrOnly01,STAT,264.089844,1180.160156,-32.171066,0.0000
Backpacks of the Commonwealth.esp,2D0086BA,00076C00,BldWoodBSmFlrOnly01,STAT,520.089844,1180.160156,-32.171066,0.0000
Backpacks of the Commonwealth.esp,2D0086B9,00076C00,BldWoodBSmFlrOnly01,STAT,776.089844,1180.160156,-32.171066,0.0000
Backpacks of the Commonwealth.esp,2D0086B8,00076C00,BldWoodBSmFlrOnly01,STAT,1032.089844,1180.160156,-32.171066,0.0000
Backpacks of the Commonwealth.esp,2D0086B7,00076C00,BldWoodBSmFlrOnly01,STAT,1288.089844,1180.160156,-32.171066,0.0000
Backpacks of the Commonwealth.esp,2D0086B6,00082D4B,BldBrickMdWall04,STAT,-247.910156,1180.996094,-32.171066,0.0000
Backpacks of the Commonwealth.esp,2D0086B5,00082CDA,BldBrickBgWall07,STAT,-247.910156,1180.951172,351.828918,0.0000
Backpacks of the Commonwealth.esp,2D0086B4,00076C00,BldWoodBSmFlrOnly01,STAT,264.089844,1436.159668,-32.171066,0.0000
Backpacks of the Commonwealth.esp,2D0086B3,00076C00,BldWoodBSmFlrOnly01,STAT,776.089844,1436.160156,-32.171066,0.0000
Backpacks of the Commonwealth.esp,2D0086B2,00076C00,BldWoodBSmFlrOnly01,STAT,1544.089844,1180.160156,-32.171066,0.0000
Backpacks of the Commonwealth.esp,2D0086B1,00082D47,BldBrickMdWall02,STAT,1800.089844,1180.996094,-32.171066,180.0000
Backpacks of the Commonwealth.esp,2D0086B0,00082CD9,BldBrickBgWall06,STAT,1800.089844,1180.950684,351.828918,180.0000
Backpacks of the Commonwealth.esp,2D0086AF,0011649A,BldCombatZoneSmFlrPlatTrimEdge01,STAT,1016.089844,1692.181641,863.828918,270.0000
Backpacks of the Commonwealth.esp,2D0086AE,0011649A,BldCombatZoneSmFlrPlatTrimEdge01,STAT,1272.089844,1692.181641,863.828918,270.0000
Backpacks of the Commonwealth.esp,2D0086AD,0011649A,BldCombatZoneSmFlrPlatTrimEdge01,STAT,504.089844,1692.181641,863.828918,270.0000
Backpacks of the Commonwealth.esp,2D0086AC,0011649A,BldCombatZoneSmFlrPlatTrimEdge01,STAT,760.089844,1692.181641,863.828918,270.0000
Backpacks of the Commonwealth.esp,2D0086AB,0011649A,BldCombatZoneSmFlrPlatTrimEdge01,STAT,248.089844,1692.181641,863.828918,270.0000
Backpacks of the Commonwealth.esp,2D0086AA,0011649A,BldCombatZoneSmFlrPlatTrimEdge01,STAT,-7.910156,1692.181641,863.828918,270.0000
Backpacks of the Commonwealth.esp,2D0086A9,00082CD0,BldBrickBgWall01,STAT,-247.910156,1436.951172,351.828918,0.0000
Backpacks of the Commonwealth.esp,2D0086A8,00076C00,BldWoodBSmFlrOnly01,STAT,1288.089844,1436.160156,-32.171066,0.0000
Backpacks of the Commonwealth.esp,2D0086A7,00082CD0,BldBrickBgWall01,STAT,1800.089844,1436.950684,351.828918,180.0000
Backpacks of the Commonwealth.esp,2D0086A6,00082CDA,BldBrickBgWall07,STAT,1800.089844,1692.950684,351.828918,180.0000
Backpacks of the Commonwealth.esp,2D0086A5,00082CDF,BldBrickBgWall12,STAT,-247.910156,1692.996094,351.828918,0.0000
Backpacks of the Commonwealth.esp,2D0086A4,00076C00,BldWoodBSmFlrOnly01,STAT,264.089844,1692.159668,-32.171066,0.0000
Backpacks of the Commonwealth.esp,2D0086A3,00076C00,BldWoodBSmFlrOnly01,STAT,520.184021,1691.851562,-32.171066,0.0000
Backpacks of the Commonwealth.esp,2D0086A2,00076C00,BldWoodBSmFlrOnly01,STAT,1032.089844,1692.160156,-32.171066,0.0000
Backpacks of the Commonwealth.esp,2D0086A1,00076C00,BldWoodBSmFlrOnly01,STAT,1288.089844,1692.160156,-32.171066,0.0000
Backpacks of the Commonwealth.esp,2D0086A0,00082D0B,BldBrickBgWallPillarBg01,STAT,1656.089844,3100.159668,351.828918,180.0000
Backpacks of the Commonwealth.esp,2D00869F,00082D0B,BldBrickBgWallPillarBg01,STAT,1656.089844,3100.159668,-160.171066,180.0000
Backpacks of the Commonwealth.esp,2D00869E,00082D0B,BldBrickBgWallPillarBg01,STAT,-135.910156,3100.160156,-160.171066,0.0000
Backpacks of the Commonwealth.esp,2D00869D,00082D0B,BldBrickBgWallPillarBg01,STAT,-135.910156,3100.160156,351.828918,0.0000
Backpacks of the Commonwealth.esp,2D00869C,00082D0B,BldBrickBgWallPillarBg01,STAT,1636.191406,3647.591797,351.828918,171.0000
Backpacks of the Commonwealth.esp,2D00869B,00082D0B,BldBrickBgWallPillarBg01,STAT,-131.910156,3639.159668,351.828918,9.0000
Backpacks of the Commonwealth.esp,2D00869A,00082D0B,BldBrickBgWallPillarBg01,STAT,129.805664,4141.819824,351.828918,45.0000
Backpacks of the Commonwealth.esp,2D008699,00082D0B,BldBrickBgWallPillarBg01,STAT,1390.089844,4134.159668,351.828918,135.0000
Backpacks of the Commonwealth.esp,2D008698,00082D0B,BldBrickBgWallPillarBg01,STAT,-131.910156,3639.159668,-160.171066,9.0000
Backpacks of the Commonwealth.esp,2D008697,00082D0B,BldBrickBgWallPillarBg01,STAT,129.805664,4141.819824,-160.171066,45.0000
Backpacks of the Commonwealth.esp,2D008696,00082D0B,BldBrickBgWallPillarBg01,STAT,1636.191406,3647.591797,-160.171066,171.0000
Backpacks of the Commonwealth.esp,2D008695,00082D0B,BldBrickBgWallPillarBg01,STAT,1390.089844,4134.159668,-160.171066,135.0000
Backpacks of the Commonwealth.esp,2D008694,00082D6E,BldBrickMdWallPillarBg01,STAT,601.747070,4359.585938,143.828934,0.0000
Backpacks of the Commonwealth.esp,2D008693,00082D6E,BldBrickMdWallPillarBg01,STAT,911.419922,4359.656250,143.828934,0.0000
Backpacks of the Commonwealth.esp,2D008692,00082D0B,BldBrickBgWallPillarBg01,STAT,-135.910156,2044.160156,351.828918,0.0000
Backpacks of the Commonwealth.esp,2D008691,00082D0B,BldBrickBgWallPillarBg01,STAT,1656.089844,2060.159668,351.828918,0.0000
Backpacks of the Commonwealth.esp,2D008690,00082D0B,BldBrickBgWallPillarBg01,STAT,1656.089844,1820.159668,351.828918,270.0000
Backpacks of the Commonwealth.esp,2D00868F,00082D0B,BldBrickBgWallPillarBg01,STAT,1656.089844,2060.159668,-160.171066,0.0000
Backpacks of the Commonwealth.esp,2D00868E,00082D0B,BldBrickBgWallPillarBg01,STAT,-135.910156,2044.160156,-160.171066,0.0000
Backpacks of the Commonwealth.esp,2D00868D,000D445C,BldDecoSmFlrOnly06,STAT,248.089844,1948.160156,-160.171066,90.0000
Backpacks of the Commonwealth.esp,2D00868C,000D4459,BldDecoSmFlrOnly03,STAT,-7.910156,1948.160156,-160.171066,90.0000
Backpacks of the Commonwealth.esp,2D00868B,000D4456,BldDecoSmFlrOnly01,STAT,1016.089844,1948.160156,-160.171066,90.0000
Backpacks of the Commonwealth.esp,2D00868A,000D445F,BldDecoSmFlrOnly09,STAT,1272.089844,1948.160156,-160.171066,90.0000
Backpacks of the Commonwealth.esp,2D008688,000245EA,IndCat1Way01,STAT,1544.089844,1692.182617,991.828918,270.0000
Backpacks of the Commonwealth.esp,2D008687,000D4457,BldDecoSmFlrOnly02,STAT,-7.910156,2716.159912,-160.171066,90.0000
Backpacks of the Commonwealth.esp,2D008686,00067A4B,BldConcSmFlrPlat01,STAT,1560.089844,2204.160156,351.828918,180.0000
Backpacks of the Commonwealth.esp,2D008685,00067A4B,BldConcSmFlrPlat01,STAT,1560.089844,2460.160156,351.828918,180.0000
Backpacks of the Commonwealth.esp,2D008684,00067A4B,BldConcSmFlrPlat01,STAT,1816.089844,2460.160156,351.828918,180.0000
Backpacks of the Commonwealth.esp,2D008683,00067A4B,BldConcSmFlrPlat01,STAT,1816.089844,2204.160156,351.828918,180.0000
Backpacks of the Commonwealth.esp,2D008682,000D4456,BldDecoSmFlrOnly01,STAT,1784.089844,2204.159668,-160.171066,90.0000
Backpacks of the Commonwealth.esp,2D008681,000D4456,BldDecoSmFlrOnly01,STAT,1784.089844,2460.159668,-160.171066,90.0000
Backpacks of the Commonwealth.esp,2D008680,000D445E,BldDecoSmFlrOnly08,STAT,1528.089844,2204.159668,-160.171066,90.0000
Backpacks of the Commonwealth.esp,2D00867F,000D445A,BldDecoSmFlrOnly04,STAT,1528.089844,2460.159668,-160.171066,90.0000
Backpacks of the Commonwealth.esp,2D00867E,00067A4B,BldConcSmFlrPlat01,STAT,-39.910156,2444.160156,351.828918,0.0000
Backpacks of the Commonwealth.esp,2D00867D,00067A4B,BldConcSmFlrPlat01,STAT,-39.910156,2188.160156,351.828918,0.0000
Backpacks of the Commonwealth.esp,2D00867C,00067A4B,BldConcSmFlrPlat01,STAT,-295.910156,2188.160156,351.828918,0.0000
Backpacks of the Commonwealth.esp,2D00867B,00067A4B,BldConcSmFlrPlat01,STAT,-295.910156,2444.160156,351.828918,0.0000
Backpacks of the Commonwealth.esp,2D00867A,000D445D,BldDecoSmFlrOnly07,STAT,-263.910156,2460.160156,-160.171066,90.0000
Backpacks of the Commonwealth.esp,2D008679,000D445B,BldDecoSmFlrOnly05,STAT,-263.910156,2204.160156,-160.171066,90.0000
Backpacks of the Commonwealth.esp,2D008678,00082D6E,BldBrickMdWallPillarBg01,STAT,1656.089844,2604.996094,863.828918,0.0000
Backpacks of the Commonwealth.esp,2D008677,00082D0B,BldBrickBgWallPillarBg01,STAT,1656.089844,2604.996094,351.828918,0.0000
Backpacks of the Commonwealth.esp,2D008676,00082D0B,BldBrickBgWallPillarBg01,STAT,1656.089844,2604.996094,-160.171066,0.0000
Backpacks of the Commonwealth.esp,2D008675,000D4456,BldDecoSmFlrOnly01,STAT,1272.089844,2716.159668,-160.171066,90.0000
Backpacks of the Commonwealth.esp,2D008674,000D4456,BldDecoSmFlrOnly01,STAT,1272.089844,2460.159668,-160.171066,90.0000
Backpacks of the Commonwealth.esp,2D008673,000D4456,BldDecoSmFlrOnly01,STAT,1528.089844,2716.159668,-160.171066,90.0000
Backpacks of the Commonwealth.esp,2D008672,000D4456,BldDecoSmFlrOnly01,STAT,760.089844,2716.159912,-160.171066,90.0000
Backpacks of the Commonwealth.esp,2D008671,000D445B,BldDecoSmFlrOnly05,STAT,760.089844,2460.160156,-160.171066,90.0000
Backpacks of the Commonwealth.esp,2D008670,000D445A,BldDecoSmFlrOnly04,STAT,1016.089844,2716.159912,-160.171066,90.0000
Backpacks of the Commonwealth.esp,2D00866F,000D445F,BldDecoSmFlrOnly09,STAT,1016.089844,2460.160156,-160.171066,90.0000
Backpacks of the Commonwealth.esp,2D00866E,000D4457,BldDecoSmFlrOnly02,STAT,248.089844,2716.159912,-160.171066,90.0000
Backpacks of the Commonwealth.esp,2D00866D,000D445A,BldDecoSmFlrOnly04,STAT,248.089844,2460.160156,-160.171066,90.0000
Backpacks of the Commonwealth.esp,2D00866C,000D445B,BldDecoSmFlrOnly05,STAT,504.089844,2716.159912,-160.171066,90.0000
Backpacks of the Commonwealth.esp,2D00866B,000D4459,BldDecoSmFlrOnly03,STAT,504.089844,2460.160156,-160.171066,90.0000
Backpacks of the Commonwealth.esp,2D00866A,00082D0B,BldBrickBgWallPillarBg01,STAT,-135.910156,2588.159912,-160.171066,0.0000
Backpacks of the Commonwealth.esp,2D008669,00082D0B,BldBrickBgWallPillarBg01,STAT,-135.910156,2588.159912,351.828918,0.0000
Backpacks of the Commonwealth.esp,2D008668,00082D6E,BldBrickMdWallPillarBg01,STAT,-135.910156,2588.159912,863.828918,0.0000
Backpacks of the Commonwealth.esp,2D008667,000D445B,BldDecoSmFlrOnly05,STAT,-7.910156,2460.160156,-160.171066,90.0000
Backpacks of the Commonwealth.esp,2D008666,00082D0B,BldBrickBgWallPillarBg01,STAT,-135.910156,1804.182617,863.828918,270.0000
Backpacks of the Commonwealth.esp,2D008665,00082D6E,BldBrickMdWallPillarBg01,STAT,-135.910156,2044.160156,863.828918,0.0000
Backpacks of the Commonwealth.esp,2D008664,00082D45,BldBrickMdWall01,STAT,-7.910156,1948.182129,863.828918,270.0000
Backpacks of the Commonwealth.esp,2D008663,00082D45,BldBrickMdWall01,STAT,248.089844,1948.182129,863.828918,270.0000
Backpacks of the Commonwealth.esp,2D008662,00082D45,BldBrickMdWall01,STAT,760.089844,1948.182129,863.828918,270.0000
Backpacks of the Commonwealth.esp,2D008661,00082D45,BldBrickMdWall01,STAT,504.089844,1948.182129,863.828918,270.0000
Backpacks of the Commonwealth.esp,2D008660,00082D45,BldBrickMdWall01,STAT,1016.089844,1948.182129,863.828918,270.0000
Backpacks of the Commonwealth.esp,2D00865F,00082D45,BldBrickMdWall01,STAT,1272.089844,1948.182129,863.828918,270.0000
Backpacks of the Commonwealth.esp,2D00865E,00082D6E,BldBrickMdWallPillarBg01,STAT,1656.089844,2060.159668,863.828918,0.0000
Backpacks of the Commonwealth.esp,2D00865D,000245EA,IndCat1Way01,STAT,-247.910156,924.182617,991.828918,90.0000
Backpacks of the Commonwealth.esp,2D00865C,000245EA,IndCat1Way01,STAT,8.089844,924.182617,991.828918,90.0000
Backpacks of the Commonwealth.esp,2D00865B,000245EA,IndCat1Way01,STAT,520.089844,924.160156,991.828918,90.0000
Backpacks of the Commonwealth.esp,2D00865A,000245EA,IndCat1Way01,STAT,264.089844,924.160156,991.828918,90.0000
Backpacks of the Commonwealth.esp,2D008659,000245E8,IndCat3Way01,STAT,776.089844,924.160156,991.828918,0.0000
Backpacks of the Commonwealth.esp,2D008658,000245EA,IndCat1Way01,STAT,1288.089844,924.182617,991.828918,90.0000
Backpacks of the Commonwealth.esp,2D008657,000245EA,IndCat1Way01,STAT,1544.089844,924.182617,991.828918,90.0000
Backpacks of the Commonwealth.esp,2D008656,000245EA,IndCat1Way01,STAT,1800.089844,924.182617,991.828918,90.0000
Backpacks of the Commonwealth.esp,2D008655,000245EA,IndCat1Way01,STAT,776.089844,1436.160156,991.828918,180.0000
Backpacks of the Commonwealth.esp,2D008654,000245EA,IndCat1Way01,STAT,776.089844,1180.160156,991.828918,180.0000
Backpacks of the Commonwealth.esp,2D008653,000464AF,IndCat1EndCapShort01,STAT,1800.089844,1692.182617,991.828918,270.0000
Backpacks of the Commonwealth.esp,2D008652,000245EA,IndCat1Way01,STAT,1288.089844,1692.182617,991.828918,270.0000
Backpacks of the Commonwealth.esp,2D008651,000245E8,IndCat3Way01,STAT,776.089844,1692.160156,991.828918,180.0000
Backpacks of the Commonwealth.esp,2D008650,000245EA,IndCat1Way01,STAT,264.089844,1692.160156,991.828918,270.0000
Backpacks of the Commonwealth.esp,2D00864F,000245EA,IndCat1Way01,STAT,520.089844,1692.160156,991.828918,270.0000
Backpacks of the Commonwealth.esp,2D00864E,000245EA,IndCat1Way01,STAT,8.089844,1692.182617,991.828918,270.0000
Backpacks of the Commonwealth.esp,2D00864D,000464AF,IndCat1EndCapShort01,STAT,-247.910156,1692.182617,991.828918,90.0001
Backpacks of the Commonwealth.esp,2D00864C,00082CD0,BldBrickBgWall01,STAT,264.089844,934.688477,863.828918,270.0000
Backpacks of the Commonwealth.esp,2D00864B,00082CD2,BldBrickBgWall02,STAT,8.089844,934.688477,863.828918,270.0000
Backpacks of the Commonwealth.esp,2D00864A,00082CD0,BldBrickBgWall01,STAT,520.089844,934.688477,863.828918,270.0000
Backpacks of the Commonwealth.esp,2D008649,00082CDE,BldBrickBgWall11,STAT,776.089844,934.688965,863.828918,270.0000
Backpacks of the Commonwealth.esp,2D008648,00082CDF,BldBrickBgWall12,STAT,1032.089844,934.688965,863.828918,270.0000
Backpacks of the Commonwealth.esp,2D008647,00082CD0,BldBrickBgWall01,STAT,1288.089844,934.688477,863.828918,270.0000
Backpacks of the Commonwealth.esp,2D008646,00082CD2,BldBrickBgWall02,STAT,1544.089844,934.688477,863.828918,270.0000
Backpacks of the Commonwealth.esp,2D008645,00082CD2,BldBrickBgWall02,STAT,1800.089844,934.688477,863.828918,270.0000
Backpacks of the Commonwealth.esp,2D008644,00082CD0,BldBrickBgWall01,STAT,-247.910156,934.688477,863.828918,270.0000
Backpacks of the Commonwealth.esp,2D008643,00082CD2,BldBrickBgWall02,STAT,-247.910156,1181.787109,863.828918,0.0000
Backpacks of the Commonwealth.esp,2D008642,00082CD0,BldBrickBgWall01,STAT,-247.910156,1692.951172,863.828918,0.0000
Backpacks of the Commonwealth.esp,2D008641,00082CD0,BldBrickBgWall01,STAT,-247.910156,1692.951172,863.828918,90.0000
Backpacks of the Commonwealth.esp,2D008640,00082CD0,BldBrickBgWall01,STAT,8.089844,1692.950684,863.828918,90.0000
Backpacks of the Commonwealth.esp,2D00863F,00082CD0,BldBrickBgWall01,STAT,264.089844,1692.950684,863.828918,90.0000
Backpacks of the Commonwealth.esp,2D00863E,00082CD0,BldBrickBgWall01,STAT,520.089844,1692.950684,863.828918,90.0000
Backpacks of the Commonwealth.esp,2D00863D,00082CD0,BldBrickBgWall01,STAT,776.089844,1692.950684,863.828918,90.0000
Backpacks of the Commonwealth.esp,2D00863C,00082CD0,BldBrickBgWall01,STAT,1288.089844,1692.950684,863.828918,90.0000
Backpacks of the Commonwealth.esp,2D00863B,00082CD0,BldBrickBgWall01,STAT,1032.089844,1692.950684,863.828918,90.0000
Backpacks of the Commonwealth.esp,2D00863A,00082CD2,BldBrickBgWall02,STAT,1800.089844,1180.950684,863.828918,180.0000
Backpacks of the Commonwealth.esp,2D008639,00082D18,BldBrickBgWallScktAMid01,STAT,1800.089844,924.950684,863.828918,180.0000
Backpacks of the Commonwealth.esp,2D008638,00082CDA,BldBrickBgWall07,STAT,1800.089844,1436.950684,863.828918,180.0000
Backpacks of the Commonwealth.esp,2D008637,00082D4B,BldBrickMdWall04,STAT,1800.089844,924.996094,-32.171066,180.0000
Backpacks of the Commonwealth.esp,2D008636,00082CD4,BldBrickBgWall03,STAT,1800.089844,924.950684,351.828918,180.0000
Backpacks of the Commonwealth.esp,2D008635,00082D47,BldBrickMdWall02,STAT,1800.089844,1692.950684,-32.171066,90.0000
Backpacks of the Commonwealth.esp,2D008634,00082CD6,BldBrickBgWall04,STAT,1800.089844,1692.973145,351.828918,90.0000
Backpacks of the Commonwealth.esp,2D008633,00076C00,BldWoodBSmFlrOnly01,STAT,8.089844,924.159668,-32.171066,0.0000
Backpacks of the Commonwealth.esp,2D008632,00076C00,BldWoodBSmFlrOnly01,STAT,-247.910156,924.159668,-32.171066,0.0000
Backpacks of the Commonwealth.esp,2D008631,00076C00,BldWoodBSmFlrOnly01,STAT,264.089844,924.160156,-32.171066,0.0000
Backpacks of the Commonwealth.esp,2D008630,00076C00,BldWoodBSmFlrOnly01,STAT,520.089844,924.160156,-32.171066,0.0000
Backpacks of the Commonwealth.esp,2D00862F,00076C00,BldWoodBSmFlrOnly01,STAT,776.089844,924.160156,-32.171066,0.0000
Backpacks of the Commonwealth.esp,2D00862E,00076C00,BldWoodBSmFlrOnly01,STAT,1032.089844,924.160156,-32.171066,0.0000
Backpacks of the Commonwealth.esp,2D00862D,00076C00,BldWoodBSmFlrOnly01,STAT,1288.089844,924.160156,-32.171066,0.0000
Backpacks of the Commonwealth.esp,2D00862C,00076C00,BldWoodBSmFlrOnly01,STAT,1544.089844,924.160156,-32.171066,0.0000
Backpacks of the Commonwealth.esp,2D00862B,00076C00,BldWoodBSmFlrOnly01,STAT,1800.089844,924.160156,-32.171066,0.0000
Backpacks of the Commonwealth.esp,2D00862A,00076C00,BldWoodBSmFlrOnly01,STAT,1800.089844,1436.160156,-32.171066,0.0000
Backpacks of the Commonwealth.esp,2D008629,00076C00,BldWoodBSmFlrOnly01,STAT,1800.089844,1692.160156,-32.171066,0.0000
Backpacks of the Commonwealth.esp,2D008628,00076C00,BldWoodBSmFlrOnly01,STAT,1800.089844,1180.160156,-32.171066,0.0000
Backpacks of the Commonwealth.esp,2D008627,00076C00,BldWoodBSmFlrOnly01,STAT,1544.089844,1436.160156,-32.171066,0.0000
Backpacks of the Commonwealth.esp,2D008626,00076C00,BldWoodBSmFlrOnly01,STAT,1544.089844,1692.160156,-32.171066,0.0000
Backpacks of the Commonwealth.esp,2D008625,00076C00,BldWoodBSmFlrOnly01,STAT,-247.910156,1436.160156,-32.171066,0.0000
Backpacks of the Commonwealth.esp,2D008624,00076C00,BldWoodBSmFlrOnly01,STAT,-247.910156,1692.159668,-32.171066,0.0000
Backpacks of the Commonwealth.esp,2D008623,00076C00,BldWoodBSmFlrOnly01,STAT,-247.910156,1180.159668,-32.171066,0.0000
Backpacks of the Commonwealth.esp,2D008622,00076C00,BldWoodBSmFlrOnly01,STAT,8.089844,1436.159668,-32.171066,0.0000
Backpacks of the Commonwealth.esp,2D008621,00076C00,BldWoodBSmFlrOnly01,STAT,8.089844,1692.159668,-32.171066,0.0000
Backpacks of the Commonwealth.esp,2D008620,00076C00,BldWoodBSmFlrOnly01,STAT,8.089844,1180.159668,-32.171066,0.0000
Backpacks of the Commonwealth.esp,2D00861F,00082CD0,BldBrickBgWall01,STAT,-247.910156,1693.696777,351.828918,90.0000
Backpacks of the Commonwealth.esp,2D00861E,00082D47,BldBrickMdWall02,STAT,-247.910156,1692.160156,-32.171066,90.0000
Backpacks of the Commonwealth.esp,2D00861D,000D4456,BldDecoSmFlrOnly01,STAT,1272.089844,2204.160156,-160.171066,90.0000
Backpacks of the Commonwealth.esp,2D00861C,000D445B,BldDecoSmFlrOnly05,STAT,248.089844,2204.160156,-160.171066,90.0000
Backpacks of the Commonwealth.esp,2D00861A,000D4456,BldDecoSmFlrOnly01,STAT,8.089844,2752.522461,-154.136124,90.0000
Backpacks of the Commonwealth.esp,2D008619,000D445C,BldDecoSmFlrOnly06,STAT,8.089844,3002.928223,-100.910751,90.0000
Backpacks of the Commonwealth.esp,2D008618,000D445C,BldDecoSmFlrOnly06,STAT,8.089844,3255.333984,-47.685299,90.0000
Backpacks of the Commonwealth.esp,2D008616,000D4456,BldDecoSmFlrOnly01,STAT,1544.089844,4004.551270,111.990845,90.0000
Backpacks of the Commonwealth.esp,2D008615,000D4456,BldDecoSmFlrOnly01,STAT,264.089844,2752.522461,-154.136124,90.0000
Backpacks of the Commonwealth.esp,2D008614,000D445B,BldDecoSmFlrOnly05,STAT,264.089844,3002.928223,-100.910751,90.0000
Backpacks of the Commonwealth.esp,2D008613,000D445B,BldDecoSmFlrOnly05,STAT,264.089844,3254.333984,-47.685299,90.0000
Backpacks of the Commonwealth.esp,2D008612,000D4456,BldDecoSmFlrOnly01,STAT,1544.089844,3002.928223,-100.910751,90.0000
Backpacks of the Commonwealth.esp,2D008611,000D4456,BldDecoSmFlrOnly01,STAT,1544.089844,2752.522461,-154.136124,90.0000
Backpacks of the Commonwealth.esp,2D008610,000D4456,BldDecoSmFlrOnly01,STAT,1288.089844,4004.551270,111.990845,90.0000
Backpacks of the Commonwealth.esp,2D00860F,000D4456,BldDecoSmFlrOnly01,STAT,1032.089844,4004.551270,111.990845,90.0000
Backpacks of the Commonwealth.esp,2D00860E,000F7C33,BldDecoSmFlrPlatChunk04_NoDropCeil,STAT,1475.427734,3544.414062,14.800970,90.0000
Backpacks of the Commonwealth.esp,2D00860D,000D4459,BldDecoSmFlrOnly03,STAT,1288.089844,2752.522461,-154.136124,90.0000
Backpacks of the Commonwealth.esp,2D00860C,000D445A,BldDecoSmFlrOnly04,STAT,1288.089844,3002.928223,-100.910751,90.0000
Backpacks of the Commonwealth.esp,2D00860B,000D445A,BldDecoSmFlrOnly04,STAT,1288.089844,3253.333984,-47.685349,90.0000
Backpacks of the Commonwealth.esp,2D00860A,000D445B,BldDecoSmFlrOnly05,STAT,1032.089844,3253.333984,-47.685349,90.0000
Backpacks of the Commonwealth.esp,2D008609,000D445B,BldDecoSmFlrOnly05,STAT,1032.089844,3002.928223,-100.910751,90.0000
Backpacks of the Commonwealth.esp,2D008608,000D4459,BldDecoSmFlrOnly03,STAT,1032.089844,2752.522461,-154.136124,90.0000
Backpacks of the Commonwealth.esp,2D008607,000D4456,BldDecoSmFlrOnly01,STAT,776.089844,2752.522461,-154.136124,90.0000
Backpacks of the Commonwealth.esp,2D008606,000D4456,BldDecoSmFlrOnly01,STAT,520.089844,2752.522461,-154.136124,90.0000
Backpacks of the Commonwealth.esp,2D008605,00029068,ShackWallOuterCap01A,STAT,360.089844,3068.160156,-59.826054,270.0000
Backpacks of the Commonwealth.esp,2D008604,001C501B,ShackMidFloor01B,STAT,264.089844,3468.995605,111.828934,90.0000
Backpacks of the Commonwealth.esp,2D008602,00037B63,ShackMidRoof02Hole01,STAT,8.089844,3468.995605,93.800217,270.0000
Backpacks of the Commonwealth.esp,2D008601,001C5017,ShackWallFlat05,STAT,1484.421875,3287.278809,-47.912521,180.0000
Backpacks of the Commonwealth.esp,2D008600,00082D6E,BldBrickMdWallPillarBg01,STAT,-119.910156,1820.182129,-32.171066,180.0000
Backpacks of the Commonwealth.esp,2D0085FF,00082D6E,BldBrickMdWallPillarBg01,STAT,1656.089844,1820.159668,-32.171066,270.0000
Backpacks of the Commonwealth.esp,2D0085F4,000517B0,DefaultLightWhite01NS,LIGH,733.287781,4579.866211,335.415955,0.0000
Backpacks of the Commonwealth.esp,2D0085F3,000509C8,FancyLightOff02,STAT,691.006836,5346.269043,943.067688,90.0001
Backpacks of the Commonwealth.esp,2D0085F2,000560DC,defaultLightWarm01NS,LIGH,929.877136,4766.842773,879.573547,176.2890
Backpacks of the Commonwealth.esp,2D0085F1,0001D971,BlackWireSpline01,BNDS,647.573242,5222.731445,1129.850220,0.0000
Backpacks of the Commonwealth.esp,2D0085F0,0001D971,BlackWireSpline01,BNDS,647.672852,5228.165527,1133.771973,0.0000
Backpacks of the Commonwealth.esp,2D0085EF,0001D971,BlackWireSpline01,BNDS,651.394531,5222.622559,1132.559570,0.0000
Backpacks of the Commonwealth.esp,2D0085EE,0001D971,BlackWireSpline01,BNDS,651.365234,5227.431152,1129.850220,0.0000
Backpacks of the Commonwealth.esp,2D0085ED,0001D971,BlackWireSpline01,BNDS,651.070312,5225.719238,1124.589355,0.0000
Backpacks of the Commonwealth.esp,2D0085EC,00004E3B,CageBulb01,STAT,647.379883,5221.106934,1053.281128,0.0000
Backpacks of the Commonwealth.esp,2D0085EB,00004E3B,CageBulb01,STAT,647.088867,5228.193359,1058.214355,0.0000
Backpacks of the Commonwealth.esp,2D0085EA,00004E3B,CageBulb01,STAT,654.402344,5219.752441,1056.991943,0.0000
Backpacks of the Commonwealth.esp,2D0085E9,00004E3B,CageBulb01,STAT,653.314453,5225.166992,1040.965332,0.0000
Backpacks of the Commonwealth.esp,2D0085E8,00004E3B,CageBulb01,STAT,654.443359,5228.236328,1053.281128,0.0000
Backpacks of the Commonwealth.esp,2D0085E6,000D83AB,FancyChandelierCandle01,STAT,165.129257,5551.963867,1106.837891,0.0000
Backpacks of the Commonwealth.esp,2D0085E5,000D44D0,BldDecoSmFlrPlatHole04,STAT,595.006836,5273.009766,1183.067627,0.0000
Backpacks of the Commonwealth.esp,2D0085E4,00037213,MetalCableSpline01,BNDS,165.206406,5552.390625,1138.347656,0.0000
Backpacks of the Commonwealth.esp,2D0085E3,000F7C32,BldDecoSmFlrPlatChunk07_NoDropCeil,STAT,596.724609,5343.232910,1223.596680,0.0000
Backpacks of the Commonwealth.esp,2D0085E2,00023A7F,SteamTPipeBg1Way01,STAT,499.704102,5273.734375,1194.779663,270.0000
Backpacks of the Commonwealth.esp,2D0085E1,00023A0F,SteamTPipeTiny1Way01,STAT,445.020508,5310.575684,1185.663330,270.0000
Backpacks of the Commonwealth.esp,2D0085E0,00023A0E,SteamTPipeTiny2Way01,STAT,573.263672,5310.426270,1185.326172,270.0000
Backpacks of the Commonwealth.esp,2D0085DF,00023A0C,SteamTPipeTiny1Way05,STAT,463.902344,5300.996094,1193.728271,270.0000
Backpacks of the Commonwealth.esp,2D0085DE,000F4800,MixingConsole01,STAT,159.975616,1904.568848,361.430725,151.7189
Backpacks of the Commonwealth.esp,2D0085DD,00004E3D,CageBulbWire02,STAT,592.028320,5382.054199,1168.657227,154.3072
Backpacks of the Commonwealth.esp,2D0085DC,0010B0B2,defaultLightCandle02FlickerNS,LIGH,-65.989616,5029.201660,1109.698853,270.0000
Backpacks of the Commonwealth.esp,2D0085DB,00004E3D,CageBulbWire02,STAT,367.583984,5271.867188,1167.984009,209.8835
Backpacks of the Commonwealth.esp,2D0085DA,00004E3C,CageBulbWire01,STAT,146.444336,5400.036133,1150.989990,150.1149
Backpacks of the Commonwealth.esp,2D0085D9,00004E38,CageBulbWire03,STAT,35.848633,5337.532715,1150.989990,275.4032
Backpacks of the Commonwealth.esp,2D0085D8,0001D971,BlackWireSpline01,BNDS,563.837891,5358.484375,1187.619141,0.0000
Backpacks of the Commonwealth.esp,2D0085D7,0008B5F6,TrashPileWall01,STAT,123.167969,2014.296875,-175.753860,147.4760
Backpacks of the Commonwealth.esp,2D0085D6,000494E8,IndFrameCat256Tall02,STAT,1421.547852,1270.030762,870.773926,232.8519
Backpacks of the Commonwealth.esp,2D0085D5,000494E8,IndFrameCat256Tall02,STAT,1165.729492,1270.030762,870.773926,232.8519
Backpacks of the Commonwealth.esp,2D0085D4,000494E8,IndFrameCat256Tall02,STAT,603.008789,1270.030762,870.773926,232.8519
Backpacks of the Commonwealth.esp,2D0085D3,000494E8,IndFrameCat256Tall02,STAT,347.190430,1270.030762,870.773926,232.8519
Backpacks of the Commonwealth.esp,2D0085D2,00037213,MetalCableSpline01,BNDS,1418.791992,1269.266602,1118.684204,0.0000
Backpacks of the Commonwealth.esp,2D0085D1,00037213,MetalCableSpline01,BNDS,914.074219,1269.266602,1118.684204,0.0000
Backpacks of the Commonwealth.esp,2D0085D0,00037213,MetalCableSpline01,BNDS,93.618164,1269.266602,1121.861694,0.0000
Backpacks of the Commonwealth.esp,2D0085CF,00037213,MetalCableSpline01,BNDS,598.335938,1269.266602,1118.752686,0.0000
Backpacks of the Commonwealth.esp,2D0085C2,000FDEE8,defaultLightWarm01NSNonSpec,LIGH,320.000000,4064.000000,288.000000,349.6864
Backpacks of the Commonwealth.esp,2D0085BE,00118996,CombatZoneSignPrewar04,STAT,-265.052734,1803.545410,111.828934,0.0000
Backpacks of the Commonwealth.esp,2D0085BD,00114102,SignTheaterPoster03,STAT,962.932617,5777.056641,998.709595,90.0000
Backpacks of the Commonwealth.esp,2D0085BC,001140FE,SignTheaterPoster01,STAT,961.857422,5367.148926,998.709595,90.0000
Backpacks of the Commonwealth.esp,2D0085B6,00062315,Shack_Single_Plywood01_Brkn,STAT,144.000000,5151.895508,879.067688,91.6733
Backpacks of the Commonwealth.esp,2D0085B3,0010ADBA,DefaultLightWhite01SpotNS,LIGH,794.700012,5536.070801,1055.746094,342.5549
Backpacks of the Commonwealth.esp,2D0085AE,00065C72,Loudspeaker01,STAT,528.089844,3468.182617,247.828934,135.0000
Backpacks of the Commonwealth.esp,2D0085A9,0008E7C5,OilLampOn,STAT,-63.563477,2951.206543,414.985535,36.6693
Backpacks of the Commonwealth.esp,2D0085A7,0008E7C5,OilLampOn,STAT,477.283203,3590.695312,189.718628,41.8259
Backpacks of the Commonwealth.esp,2D0085A3,0004CEC0,CaveMoundDirtLow01,STAT,1108.287109,4295.776855,143.209503,0.0000
Backpacks of the Commonwealth.esp,2D00859F,00000003,NorthMarker,STAT,323.433136,6144.324219,984.032166,270.0000
Backpacks of the Commonwealth.esp,2D00859E,0001A855,BldWoodPSmFlrPlatTrimSingle01,STAT,1032.089844,1436.160156,-31.038120,270.0000
Backpacks of the Commonwealth.esp,2D05C987,2D0098C3,Backpack_Armor_BPFusion,ARMO,-548.500000,2009.902588,-140.000000,2.0001
Backpacks of the Commonwealth.esp,2D01833B,2D018337,backpack_npc_BPGunnerScientist_EncGunner09BossScientist,NPC_,554.164062,3087.563232,415.860962,0.0000
Backpacks of the Commonwealth.esp,2D05B792,0003059E,DecalBloodSplatterSmall,TXST,70.378540,3286.761230,147.365875,0.0000
Backpacks of the Commonwealth.esp,2D05B790,0003059D,DecalBloodSplatterLg,TXST,72.584518,3360.739502,179.295959,0.0000
Backpacks of the Commonwealth.esp,2D013EC9,2D00FA5F,backpack_npc_BPDeathclaw_EncDeathclaw08AmbushLegendary,NPC_,762.433411,3386.012695,5.772400,0.0000
Backpacks of the Commonwealth.esp,2D052EBD,0003059D,DecalBloodSplatterLg,TXST,303.604858,3494.608154,174.160645,0.0000
Backpacks of the Commonwealth.esp,2D052EBC,000BA4BA,DecalBloodSmearSmall,TXST,228.173096,3754.747559,235.869537,73.5225
Backpacks of the Commonwealth.esp,2D052EBB,000BA4B6,DecalBloodHandPrint,TXST,446.873138,3955.514893,198.300812,177.6170
Backpacks of the Commonwealth.esp,2D052EBA,000BA4B6,DecalBloodHandPrint,TXST,390.120239,3287.783936,176.795441,183.3466
Backpacks of the Commonwealth.esp,2D052EB9,000BA4B6,DecalBloodHandPrint,TXST,379.864441,3400.339600,254.098389,177.6170
Backpacks of the Commonwealth.esp,2D04A5BC,0021317D,DecalBloodPuddleLg,TXST,1509.324585,3060.609375,281.653748,0.0000
Backpacks of the Commonwealth.esp,2D04A5BB,000BA4B8,DecalBloodSmear02,TXST,705.872131,2496.742676,34.552689,224.7604
Backpacks of the Commonwealth.esp,2D04A5B9,000BA4B7,DecalBloodSmear01,TXST,731.715210,2750.173340,7.852318,102.7731
Backpacks of the Commonwealth.esp,2D04A5B6,0007CE79,SecurityGateSm01,ACTI,-322.931183,2334.676514,-161.872696,93.3465
Backpacks of the Commonwealth.esp,2D041CF3,0021317C,DecalBloodPuddleMed,TXST,746.337341,4498.273926,274.760742,0.0000
Backpacks of the Commonwealth.esp,2D041CF2,0021317C,DecalBloodPuddleMed,TXST,765.019226,4456.729492,274.760712,0.0000
Backpacks of the Commonwealth.esp,2D041CEA,000C9729,UtilMetalElevatorDoorRightStatic,STAT,763.516479,4611.585449,801.831055,0.0000
Backpacks of the Commonwealth.esp,2D041CED,000A2784,ElevatorCallButtonUtility,ACTI,688.283691,4615.301270,884.334351,180.0000
Backpacks of the Commonwealth.esp,2D041CEC,000539CB,platformhelperfree01,ACTI,738.323303,4616.009766,882.151489,0.0000
Backpacks of the Commonwealth.esp,2D0282B7,0021317C,DecalBloodPuddleMed,TXST,780.725220,4476.721680,392.706909,112.9910
Backpacks of the Commonwealth.esp,2D0282B5,0021CA9C,Decal_moss7,TXST,131.670746,4020.718994,258.974487,116.5650
Backpacks of the Commonwealth.esp,2D0282B4,0021CA9F,Decal_moss8,TXST,270.710907,3906.701904,147.647446,116.5650
Backpacks of the Commonwealth.esp,2D0282B3,0021CAA5,Decal_moss9,TXST,518.312378,3923.339355,159.466797,1.0712
Backpacks of the Commonwealth.esp,2D0282B2,0021CA99,Decal_moss6,TXST,499.362640,4198.964844,168.245544,0.0000
Backpacks of the Commonwealth.esp,2D0084D1,0001A829,BldWoodPSmFlrPlat01,STAT,520.170776,1434.994629,-30.601437,0.0000
Backpacks of the Commonwealth.esp,2D012C79,0021317C,DecalBloodPuddleMed,TXST,1085.061401,1503.274292,76.192093,0.0000
Backpacks of the Commonwealth.esp,2D060E38,0021317C,DecalBloodPuddleMed,TXST,603.157349,2115.058594,76.192093,180.0000
Backpacks of the Commonwealth.esp,2D060E29,000873C1,DecalBloodSmearDryHalf,TXST,555.419983,1956.149292,205.311539,0.0000
Backpacks of the Commonwealth.esp,2D060E28,0021317C,DecalBloodPuddleMed,TXST,602.705750,1685.348145,76.192093,0.0000
Backpacks of the Commonwealth.esp,2D060E21,000873C1,DecalBloodSmearDryHalf,TXST,860.727600,1706.123901,205.311539,0.0000
Backpacks of the Commonwealth.esp,2D060E20,000BA4B8,DecalBloodSmear02,TXST,968.598267,1502.041748,144.394882,0.0000
Backpacks of the Commonwealth.esp,2D060E1F,0021317C,DecalBloodPuddleMed,TXST,879.489685,1458.998413,76.192093,0.0000
Backpacks of the Commonwealth.esp,2D05C990,000539CB,platformhelperfree01,ACTI,-531.855530,1971.737183,-130.299805,0.0000
Backpacks of the Commonwealth.esp,2D05C984,0006D13B,ConButtonStand01,ACTI,-544.525024,2055.586426,-161.658478,274.0564
Backpacks of the Commonwealth.esp,2D03EAED,000787C5,MetalTrapdoorLadder01,DOOR,-744.954285,2506.223877,63.386925,90.0000
Backpacks of the Commonwealth.esp,2D036220,00118EDB,SpotLightCombatZoneSmallUpper,LIGH,439.254883,1281.112183,857.911926,180.0000
Backpacks of the Commonwealth.esp,2D013C04,0021CAA5,Decal_moss9,TXST,761.673096,3491.142822,229.255844,181.0695
Backpacks of the Commonwealth.esp,2D013C01,0021CAA5,Decal_moss9,TXST,1316.408813,3989.958008,159.466797,1.0712
Backpacks of the Commonwealth.esp,2D013C00,0021CA9F,Decal_moss8,TXST,1320.253540,3745.221924,211.114243,11.5023
Backpacks of the Commonwealth.esp,2D013BFF,0021CAA5,Decal_moss9,TXST,1005.936096,3989.322266,159.466797,1.0712
Backpacks of the Commonwealth.esp,2D013BFE,0021CA9F,Decal_moss8,TXST,1009.780823,3744.586182,211.114243,11.5023
Backpacks of the Commonwealth.esp,2D00C30C,00094731,SecurityGateSmLatch01,DOOR,719.041931,5251.864258,799.317688,90.0001
Backpacks of the Commonwealth.esp,2D00BCDB,0001FA5A,RadioTransmitter,ACTI,780.118225,1694.782349,1054.828857,0.0000
Backpacks of the Commonwealth.esp,2D00B294,2D001F10,backpack_snd_RadioSpeaker,ACTI,795.934631,2375.539795,1200.746094,0.0000
Backpacks of the Commonwealth.esp,2D00B291,0000003B,XMarker,STAT,1152.000000,-4352.000000,1280.000000,0.0000
Backpacks of the Commonwealth.esp,2D00B286,000873C1,DecalBloodSmearDryHalf,TXST,621.734619,2266.791260,205.311539,0.0000
Backpacks of the Commonwealth.esp,2D00A5A0,0021CA99,Decal_moss6,TXST,768.320923,3722.943115,96.000000,181.0695
Backpacks of the Commonwealth.esp,2D00A59F,0021CA9C,Decal_moss7,TXST,738.414856,4209.438965,258.974487,116.5650
Backpacks of the Commonwealth.esp,2D0087EB,0001A88C,BldWoodPSmWall03,STAT,-695.910156,2076.996094,-160.171066,270.0000
Backpacks of the Commonwealth.esp,2D008564,0006A518,DecalGrimeSubtle01,TXST,799.875000,858.424316,413.121033,180.0000
Backpacks of the Commonwealth.esp,2D008563,00061971,DecalCrack01,TXST,-228.406250,1444.851074,-32.171066,0.0000
Backpacks of the Commonwealth.esp,2D008562,00061971,DecalCrack01,TXST,-228.406250,1701.492187,-32.171066,0.0000
Backpacks of the Commonwealth.esp,2D008561,00061971,DecalCrack01,TXST,1788.327148,1192.750000,-32.171082,180.0000
Backpacks of the Commonwealth.esp,2D008560,00061971,DecalCrack01,TXST,1788.327148,1449.391113,-32.171082,180.0000
Backpacks of the Commonwealth.esp,2D00855B,00061971,DecalCrack01,TXST,1184.821289,1848.382812,-47.366837,180.0000
Backpacks of the Commonwealth.esp,2D00855A,00061971,DecalCrack01,TXST,443.366211,1859.400879,-47.366562,178.8520
Backpacks of the Commonwealth.esp,2D008559,00061971,DecalCrack01,TXST,948.764648,1865.539551,-47.366837,180.0000
Backpacks of the Commonwealth.esp,2D008558,0006A518,DecalGrimeSubtle01,TXST,1903.213867,1479.055664,175.718613,90.0000
Backpacks of the Commonwealth.esp,2D008557,00061897,DecalGrossStain05,TXST,102.987305,989.714355,1343.828979,180.0000
Backpacks of the Commonwealth.esp,2D008556,00061894,DecalGrossStain04,TXST,324.289062,1525.054688,1343.828979,180.0000
Backpacks of the Commonwealth.esp,2D008555,00061894,DecalGrossStain04,TXST,871.073242,1542.524902,1343.828979,180.0000
Backpacks of the Commonwealth.esp,2D008554,00061897,DecalGrossStain05,TXST,968.424805,1073.124512,1328.190308,180.0000
Backpacks of the Commonwealth.esp,2D008553,00061897,DecalGrossStain05,TXST,1573.155273,1073.124512,1328.190308,180.0000
Backpacks of the Commonwealth.esp,2D008552,0006A518,DecalGrimeSubtle01,TXST,1273.395508,825.812988,1131.312378,180.0000
Backpacks of the Commonwealth.esp,2D008551,0006A518,DecalGrimeSubtle01,TXST,1873.593750,1380.562988,1000.199951,90.0000
Backpacks of the Commonwealth.esp,2D008550,0006A518,DecalGrimeSubtle01,TXST,1810.991211,1110.920898,512.139343,90.0000
Backpacks of the Commonwealth.esp,2D00854F,0021CA99,Decal_moss6,TXST,1887.684570,1423.859375,580.784119,90.0000
Backpacks of the Commonwealth.esp,2D00854E,0021CA99,Decal_moss6,TXST,1887.684570,1423.859375,580.784119,90.0000
Backpacks of the Commonwealth.esp,2D00854D,0021CA99,Decal_moss6,TXST,-359.910156,1170.582520,263.696960,270.0000
Backpacks of the Commonwealth.esp,2D00854C,0021CA99,Decal_moss6,TXST,-323.275391,1449.886719,606.506836,270.0000
Backpacks of the Commonwealth.esp,2D00854B,0021CA99,Decal_moss6,TXST,-94.685547,2257.938965,960.658203,270.0000
Backpacks of the Commonwealth.esp,2D00854A,0021CA99,Decal_moss6,TXST,1415.337891,2394.674805,1108.488037,0.0000
Backpacks of the Commonwealth.esp,2D008546,0006194B,DecalStainRust15,TXST,198.573242,3411.504395,144.865387,270.0000
Backpacks of the Commonwealth.esp,2D008544,0021CA99,Decal_moss6,TXST,404.470703,3733.067383,193.406738,0.0000
Backpacks of the Commonwealth.esp,2D008543,0021CA99,Decal_moss6,TXST,986.986328,4264.948242,168.245544,0.0000
Backpacks of the Commonwealth.esp,2D008542,0021CA9F,Decal_moss8,TXST,758.334595,3972.684814,147.647446,116.5650
Backpacks of the Commonwealth.esp,2D008541,00214284,Decal_moss5,TXST,281.689453,3564.563477,321.830261,243.4350
Backpacks of the Commonwealth.esp,2D008540,0021D10A,Decal_moss4c,TXST,1462.375977,2801.757812,396.017517,179.9999
Backpacks of the Commonwealth.esp,2D00853F,0021CA9F,Decal_moss8,TXST,1626.455078,2288.219238,352.078918,179.9999
Backpacks of the Commonwealth.esp,2D00853E,0021CA9C,Decal_moss7,TXST,12.933594,2411.160645,621.203674,180.0000
Backpacks of the Commonwealth.esp,2D00853D,0021CA9C,Decal_moss7,TXST,255.106445,2182.707031,591.751343,232.7334
Backpacks of the Commonwealth.esp,2D00853C,0021CA9C,Decal_moss7,TXST,1116.047852,2455.353027,78.542831,0.0000
Backpacks of the Commonwealth.esp,2D00853B,0021CA99,Decal_moss6,TXST,670.285156,2646.151367,-127.794670,0.0000
Backpacks of the Commonwealth.esp,2D00853A,0021CA99,Decal_moss6,TXST,1477.471680,1547.235352,-15.997154,0.0000
Backpacks of the Commonwealth.esp,2D008539,00061897,DecalGrossStain05,TXST,1540.095703,1340.927246,-21.329746,224.9913
Backpacks of the Commonwealth.esp,2D008538,00061897,DecalGrossStain05,TXST,1745.931641,1048.464355,-31.487457,225.0000
Backpacks of the Commonwealth.esp,2D008537,00061887,DecalGrossStain03,TXST,-154.670898,1322.421387,-31.921036,225.0000
Backpacks of the Commonwealth.esp,2D008536,00061887,DecalGrossStain03,TXST,276.578125,1845.815430,-12.494932,0.0000
Backpacks of the Commonwealth.esp,2D008531,0021CA9F,Decal_moss8,TXST,834.295471,5133.217285,1048.242065,180.0348
Backpacks of the Commonwealth.esp,2D008530,0021CA9F,Decal_moss8,TXST,488.154816,5558.104492,815.720764,28.6283
Backpacks of the Commonwealth.esp,2D00852F,0021D10A,Decal_moss4c,TXST,-34.910622,5253.169922,873.659058,270.0001
Backpacks of the Commonwealth.esp,2D00852E,00214279,Decal_moss1,TXST,806.856018,5263.233398,808.601074,0.0000
Backpacks of the Commonwealth.esp,2D008524,001111C3,NpcChairTheaterEnd01,FURN,1673.600952,2194.861084,351.828918,270.0000
Backpacks of the Commonwealth.esp,2D008522,0002FBF9,NpcBedGroundSleep01,FURN,520.595703,4217.104492,799.828918,56.7228
Backpacks of the Commonwealth.esp,2D008521,001111C4,NpcChairTheater01,FURN,-11.042358,2463.627441,-166.688995,183.7532
Backpacks of the Commonwealth.esp,2D008520,000DF45C,NPCChairMemoryLoungeSit01,FURN,747.006409,2979.826172,412.408936,344.3474
Backpacks of the Commonwealth.esp,2D00851F,000D75BC,NpcBedSleepingBagSleep01,FURN,1629.379883,2855.375488,-47.912514,0.0000
Backpacks of the Commonwealth.esp,2D00851E,001111C3,NpcChairTheaterEnd01,FURN,137.642548,3122.172363,415.828918,215.8220
Backpacks of the Commonwealth.esp,2D00851C,001111C4,NpcChairTheater01,FURN,998.885925,2741.543457,-163.952347,207.8007
Backpacks of the Commonwealth.esp,2D00851B,001111C3,NpcChairTheaterEnd01,FURN,1049.967163,2346.967285,-158.388992,190.2218
Backpacks of the Commonwealth.esp,2D008519,0010C3B6,WorkbenchCookingFire,FURN,47.358398,3102.005371,-60.825977,315.3089
Backpacks of the Commonwealth.esp,2D008510,00118EDB,SpotLightCombatZoneSmallUpper,LIGH,1403.105469,1281.112183,857.911926,180.0000
Backpacks of the Commonwealth.esp,2D00850F,00118EDB,SpotLightCombatZoneSmallUpper,LIGH,1245.634766,1281.112183,857.911926,180.0000
Backpacks of the Commonwealth.esp,2D00850E,00118EDB,SpotLightCombatZoneSmallUpper,LIGH,917.906250,1281.112183,857.911926,180.0000
Backpacks of the Commonwealth.esp,2D00850D,00118EDB,SpotLightCombatZoneSmallUpper,LIGH,1087.672852,1281.112183,857.911926,180.0000
Backpacks of the Commonwealth.esp,2D00850C,00118EDB,SpotLightCombatZoneSmallUpper,LIGH,591.228516,1281.112183,857.911926,180.0000
Backpacks of the Commonwealth.esp,2D00850A,00118EDB,SpotLightCombatZoneSmallUpper,LIGH,270.064453,1281.112183,857.911926,180.0000
Backpacks of the Commonwealth.esp,2D008505,00118A3B,SpotLightCombatZoneSmallStage,LIGH,414.752930,1936.291992,-22.306362,180.6869
Backpacks of the Commonwealth.esp,2D008504,00118A3B,SpotLightCombatZoneSmallStage,LIGH,541.875977,1996.853516,-22.419260,182.8588
Backpacks of the Commonwealth.esp,2D008503,00118A3B,SpotLightCombatZoneSmallStage,LIGH,314.881836,1864.667480,-22.358261,185.0951
Backpacks of the Commonwealth.esp,2D008500,00118A3B,SpotLightCombatZoneSmallStage,LIGH,1445.452148,1563.086914,-21.662113,0.0011
Backpacks of the Commonwealth.esp,2D0084FF,00118A3B,SpotLightCombatZoneSmallStage,LIGH,172.553711,1569.225098,-21.349865,180.0012
Backpacks of the Commonwealth.esp,2D0084EA,00000034,XMarkerHeading,STAT,339.895844,5808.506836,799.067688,176.9071
Backpacks of the Commonwealth.esp,2D0084E3,0001D931,BldWoodPDbDoorLoad01,DOOR,339.838867,5890.267578,799.067688,270.0000
Backpacks of the Commonwealth.esp,2D0084DC,000F9CF9,Speaker,STAT,-92.188477,1862.224121,-0.171066,204.9464
Backpacks of the Commonwealth.esp,2D0084DB,000F9CF9,Speaker,STAT,-92.188477,1862.224121,55.828934,270.0001
Backpacks of the Commonwealth.esp,2D0084DA,000F9CF9,Speaker,STAT,1530.555664,1828.613281,55.828934,90.0000
Backpacks of the Commonwealth.esp,2D0084D9,000F9CF9,Speaker,STAT,1530.555664,1828.613281,-0.171066,127.2422
Backpacks of the Commonwealth.esp,2D0084D8,00065C72,Loudspeaker01,STAT,904.089844,2668.182617,38.816235,270.0000
Backpacks of the Commonwealth.esp,2D0084D7,00065C72,Loudspeaker01,STAT,904.089844,2668.182617,38.816235,0.0000
Backpacks of the Commonwealth.esp,2D0084D6,00065C72,Loudspeaker01,STAT,528.089844,3468.182617,247.828934,45.0000
Backpacks of the Commonwealth.esp,2D0084D2,0001A829,BldWoodPSmFlrPlat01,STAT,1032.089844,1436.160156,-31.038120,0.0000
Backpacks of the Commonwealth.esp,2D0084C0,00024572,NPCInvWallLean01,FURN,556.467773,2702.118652,-127.794670,91.6733
Backpacks of the Commonwealth.esp,2D0084B9,000E4610,EnableMarker,STAT,721.777344,1055.538086,362.694092,0.0000
Backpacks of the Commonwealth.esp,2D0BDCAE,2D09B9EC,backpack_pot_BPNukaGold,ALCH,1582.950317,554.279907,794.831665,108.8620
Backpacks of the Commonwealth.esp,2D0BDC97,00036CD5,MannequinMale01,MSTT,1889.145386,482.928711,780.500000,74.4851
Backpacks of the Commonwealth.esp,2D0BDC98,2D09B9E6,Backpack_Armor_BPSling,ARMO,1888.470581,482.563416,853.710510,79.2514
Backpacks of the Commonwealth.esp,2D0DFF42,001017F7,defaultLightCool03NSNonSpec,LIGH,-255.235504,-2195.302734,315.327057,60.0000
Backpacks of the Commonwealth.esp,2D0CEDEA,2D00AD7C,Backpack_Armor_BPMercenary,ARMO,-207.986557,-2252.401855,252.161743,131.7803
Backpacks of the Commonwealth.esp,2D0D768F,000366C5,Jet,ALCH,-193.386581,-2216.591064,251.107895,302.7044
Backpacks of the Commonwealth.esp,2D0D768E,00023736,Stimpak,ALCH,-174.722733,-2207.060303,251.090881,342.8113
Backpacks of the Commonwealth.esp,2D0D768D,0003377B,Mentats,ALCH,-236.646484,-2286.504395,251.090881,103.1324
Backpacks of the Commonwealth.esp,2D0D768C,0019B58D,FederalistTableLong01Debris02,SCOL,-196.336395,-2257.505615,194.590881,220.9437
Backpacks of the Commonwealth.esp,2D0CA997,2D0CA996,backpack_npc_BPMerc_EncGunner09BossLegendary,NPC_,-303.539825,-2121.293213,214.254471,0.0000
Backpacks of the Commonwealth.esp,2D04A605,2D09B9EC,backpack_pot_BPNukaGold,ALCH,-608.847046,-1097.293701,765.693176,302.8023
Backpacks of the Commonwealth.esp,2D009C6B,2D00DB9D,backpack_pBookBackpacksUSMilitary,BOOK,3077.999512,3814.452148,56.763371,286.4789
Backpacks of the Commonwealth.esp,2D00FA28,2D08642E,Backpack_Armor_BPMutant,ARMO,2137.781738,1979.102173,474.974030,79.5100
Backpacks of the Commonwealth.esp,2D0051F3,00107BD6,BaseballGrenade,WEAP,2356.206055,781.944458,1163.579224,296.9745
Backpacks of the Commonwealth.esp,2D0051F2,0008E7C5,OilLampOn,STAT,2103.119873,670.758789,1216.567261,0.0000
Backpacks of the Commonwealth.esp,2D0C2102,2D08642E,Backpack_Armor_BPMutant,ARMO,1674.723145,1461.567383,1189.947510,179.9022
Backpacks of the Commonwealth.esp,2D0C20FF,00036CD5,MannequinMale01,MSTT,1676.457275,1451.664307,1104.990723,183.3465
Backpacks of the Commonwealth.esp,2D017388,2D03E0CA,Backpack_Armor_BPWastelander,ARMO,1784.776001,1575.092529,1183.183350,263.5606
Backpacks of the Commonwealth.esp,2D017387,2D0026E1,Backpack_Armor_BPMakeshift,ARMO,1784.661499,1759.807129,1182.990723,269.2902
Backpacks of the Commonwealth.esp,2D00D28F,2D00D27A,Backpack_Armor_BPOutcast,ARMO,1796.085693,1830.819336,1182.990723,269.2902
Backpacks of the Commonwealth.esp,2D00D279,0001A81F,BldWoodPSmFlrOnly01,STAT,2269.150879,2415.195068,1104.990723,0.0000
Backpacks of the Commonwealth.esp,2D00D278,2D007C2C,Backpack_Armor_BPWoodsman,ARMO,1787.208130,1377.039673,1184.494019,269.2903
Backpacks of the Commonwealth.esp,2D0055EC,2D0055EB,backpack_snd_radioJukebox01Clean,ACTI,2016.000000,-32.000000,1104.000000,137.5099
Backpacks of the Commonwealth.esp,2D0055E3,002267CD,DefaultLightWhite01SpotGR,LIGH,1563.831787,1634.709717,1303.391113,0.0000
Backpacks of the Commonwealth.esp,2D0055E2,2D00AD7C,Backpack_Armor_BPMercenary,ARMO,1787.688354,1412.963135,1184.569092,90.1859
Backpacks of the Commonwealth.esp,2D0055E1,2D0098C3,Backpack_Armor_BPFusion,ARMO,1785.530518,1340.852295,1184.569092,267.8018
Backpacks of the Commonwealth.esp,2D0055E0,2D00B745,Backpack_Armor_BPMilitary,ARMO,1793.047974,1453.213135,1188.548950,272.5700
Backpacks of the Commonwealth.esp,2D0055DF,2D00D3F4,Backpack_Armor_BPStealth,ARMO,1779.747681,1495.259277,1184.569092,90.1859
Backpacks of the Commonwealth.esp,2D0055DE,2D000F9C,Backpack_Armor_BPSquire,ARMO,1799.606812,1535.193481,1192.311279,272.5547
Backpacks of the Commonwealth.esp,2D0055DD,2D002E9D,Backpack_Armor_BPTinker,ARMO,1797.005005,1665.792603,1180.890503,272.5700
Backpacks of the Commonwealth.esp,2D0055DC,2D00AD66,Backpack_Armor_BPMountaineer,ARMO,1801.827759,1616.416382,1183.183960,272.5756
Backpacks of the Commonwealth.esp,2D0055DB,2D002E8B,Backpack_Armor_BPTrapper,ARMO,1804.107422,1717.989014,1187.812256,265.7886
Backpacks of the Commonwealth.esp,2D0055DA,2D006B1F,Backpack_Armor_BPRaider,ARMO,1801.534058,1799.360596,1194.083984,215.7564
Backpacks of the Commonwealth.esp,2D0055D7,00054467,DefaultLightWhite01Spot,LIGH,1810.683716,1454.690063,1303.391113,0.0000
Backpacks of the Commonwealth.esp,2D0055D6,00054467,DefaultLightWhite01Spot,LIGH,1803.527466,1630.406982,1303.391113,0.0000
Backpacks of the Commonwealth.esp,2D0055D5,00054467,DefaultLightWhite01Spot,LIGH,1804.779419,1792.768188,1303.391113,0.0000
Backpacks of the Commonwealth.esp,2D005498,00035A10,WaxCandlePuddle03,STAT,2042.977295,551.734863,1172.420654,253.4487
Backpacks of the Commonwealth.esp,2D005497,0002FA29,WaxCandle05,STAT,2042.618164,551.837402,1172.360596,271.2109
Backpacks of the Commonwealth.esp,2D005496,00035A10,WaxCandlePuddle03,STAT,2105.243652,360.488403,1106.348877,162.8758
Backpacks of the Commonwealth.esp,2D005495,0002FA50,WaxCandle03,STAT,2105.143799,360.123535,1106.348877,180.6380
Backpacks of the Commonwealth.esp,2D005494,00035A10,WaxCandlePuddle03,STAT,1919.806519,391.225342,1105.032471,200.1180
Backpacks of the Commonwealth.esp,2D005493,0002FA50,WaxCandle03,STAT,1919.506104,390.995728,1105.032471,217.8802
Backpacks of the Commonwealth.esp,2D005492,00035A10,WaxCandlePuddle03,STAT,1523.431885,254.230957,1183.302246,173.1891
Backpacks of the Commonwealth.esp,2D005491,0002FA50,WaxCandle03,STAT,1523.268188,253.890137,1183.302246,190.9513
Backpacks of the Commonwealth.esp,2D005490,00035A10,WaxCandlePuddle03,STAT,1814.958252,39.164062,1178.995728,162.8758
Backpacks of the Commonwealth.esp,2D00548F,0002FA27,WaxCandle04,STAT,1814.858398,38.799072,1178.995728,180.6380
Backpacks of the Commonwealth.esp,2D00548E,00035A10,WaxCandlePuddle03,STAT,1886.453491,29.569336,1178.995728,252.8302
Backpacks of the Commonwealth.esp,2D00548D,0002FA29,WaxCandle05,STAT,1886.088623,29.669189,1178.995728,270.5924
Backpacks of the Commonwealth.esp,2D00548C,00035A10,WaxCandlePuddle03,STAT,1927.891602,96.165527,1178.995728,356.5357
Backpacks of the Commonwealth.esp,2D00548B,0002FA4E,WaxCandle01,STAT,1928.075195,96.495850,1178.995728,14.2978
Backpacks of the Commonwealth.esp,2D00548A,00035A10,WaxCandlePuddle03,STAT,1911.466797,153.661621,1178.995728,111.7002
Backpacks of the Commonwealth.esp,2D005489,0002FA27,WaxCandle04,STAT,1911.687988,153.355225,1178.995728,129.4624
Backpacks of the Commonwealth.esp,2D005488,00035A10,WaxCandlePuddle03,STAT,1835.737549,163.942139,1178.995728,71.0202
Backpacks of the Commonwealth.esp,2D005487,0002FA4F,WaxCandle02,STAT,1836.104980,163.853760,1178.995728,88.7824
Backpacks of the Commonwealth.esp,2D005486,00035A10,WaxCandlePuddle03,STAT,1793.299072,169.104248,1178.995728,274.9933
Backpacks of the Commonwealth.esp,2D005485,0002FA27,WaxCandle04,STAT,1792.998901,169.333984,1178.995728,292.7555
Backpacks of the Commonwealth.esp,2D005484,00035A10,WaxCandlePuddle03,STAT,1717.519043,178.518066,1178.995728,255.5128
Backpacks of the Commonwealth.esp,2D005483,0002FA29,WaxCandle05,STAT,1717.159180,178.634766,1178.995728,273.2749
Backpacks of the Commonwealth.esp,2D005482,00035A10,WaxCandlePuddle03,STAT,1682.556519,80.422119,1178.995728,14.6880
Backpacks of the Commonwealth.esp,2D005481,0002FA4F,WaxCandle02,STAT,1682.833862,80.679199,1178.995728,32.4501
Backpacks of the Commonwealth.esp,2D005480,00035A10,WaxCandlePuddle03,STAT,1831.735107,-91.793457,1182.675537,30.1578
Backpacks of the Commonwealth.esp,2D00547F,0002FA50,WaxCandle03,STAT,1832.070679,-91.619385,1182.675415,47.9200
Backpacks of the Commonwealth.esp,2D00547E,00035A10,WaxCandlePuddle03,STAT,1616.647339,-95.412109,1182.746338,65.1083
Backpacks of the Commonwealth.esp,2D00547D,0002FA27,WaxCandle04,STAT,1617.022461,-95.462402,1182.746338,82.8705
Backpacks of the Commonwealth.esp,2D00547C,00035A10,WaxCandlePuddle03,STAT,1257.845459,1957.066162,1182.947144,35.8875
Backpacks of the Commonwealth.esp,2D00547B,0002FA31,WaxCandle06,STAT,1258.196899,1957.205811,1182.947144,53.6496
Backpacks of the Commonwealth.esp,2D00547A,00035A10,WaxCandlePuddle03,STAT,1258.196655,1786.406494,1183.001465,94.9021
Backpacks of the Commonwealth.esp,2D005479,0002FA29,WaxCandle05,STAT,1258.497070,1786.177124,1183.001465,112.6643
Backpacks of the Commonwealth.esp,2D005478,00035A10,WaxCandlePuddle03,STAT,1825.857544,1841.306641,1183.446777,25.5741
Backpacks of the Commonwealth.esp,2D005477,0002FA50,WaxCandle03,STAT,1826.178345,1841.506836,1183.446777,43.3363
Backpacks of the Commonwealth.esp,2D005476,00035A10,WaxCandlePuddle03,STAT,2478.712158,816.776978,1210.670410,81.1511
Backpacks of the Commonwealth.esp,2D005475,0002FA29,WaxCandle05,STAT,2479.058594,816.625488,1210.670410,98.9133
Backpacks of the Commonwealth.esp,2D005474,00035A10,WaxCandlePuddle03,STAT,2330.689453,767.569458,1161.220337,59.3787
Backpacks of the Commonwealth.esp,2D005473,0002FA50,WaxCandle03,STAT,2331.066895,767.557495,1161.220337,77.1409
Backpacks of the Commonwealth.esp,2D005472,00035A10,WaxCandlePuddle03,STAT,2039.196167,1125.270752,1161.955322,90.8914
Backpacks of the Commonwealth.esp,2D005471,0002FA50,WaxCandle03,STAT,2039.512085,1125.062866,1161.955322,108.6535
Backpacks of the Commonwealth.esp,2D005470,00035A10,WaxCandlePuddle03,STAT,2523.366211,1210.162476,1193.394409,84.5888
Backpacks of the Commonwealth.esp,2D00546F,0002FA50,WaxCandle03,STAT,2523.702881,1209.990479,1193.394409,102.3510
Backpacks of the Commonwealth.esp,2D00546E,00035A10,WaxCandlePuddle03,STAT,2326.814697,1667.848877,1182.725830,49.0654
Backpacks of the Commonwealth.esp,2D00546D,0002FA29,WaxCandle05,STAT,2327.188721,1624.698242,1182.725830,66.8276
Backpacks of the Commonwealth.esp,2D00546C,00035A10,WaxCandlePuddle03,STAT,2321.920410,1874.973511,1182.898315,88.5995
Backpacks of the Commonwealth.esp,2D00546B,0002FA29,WaxCandle05,STAT,2322.244629,1874.778320,1182.898315,106.3617
Backpacks of the Commonwealth.esp,2D00546A,00035A10,WaxCandlePuddle03,STAT,2097.912109,1874.100098,1183.438110,85.7347
Backpacks of the Commonwealth.esp,2D005469,0002FA50,WaxCandle03,STAT,2098.245117,1873.921265,1183.438110,103.4968
Backpacks of the Commonwealth.esp,2D005468,00035A10,WaxCandlePuddle03,STAT,1527.281738,1062.759766,1183.118164,30.1578
Backpacks of the Commonwealth.esp,2D005467,0002FA29,WaxCandle05,STAT,1527.617432,1062.933594,1183.118164,47.9200
Backpacks of the Commonwealth.esp,2D005466,00035A10,WaxCandlePuddle03,STAT,1512.155518,1061.644043,1183.118164,149.3331
Backpacks of the Commonwealth.esp,2D005465,0002FA50,WaxCandle03,STAT,1512.143799,1061.266113,1183.118164,167.0952
Backpacks of the Commonwealth.esp,2D005464,00035A10,WaxCandlePuddle03,STAT,1536.904785,1284.257202,1182.739746,139.0198
Backpacks of the Commonwealth.esp,2D005463,0002FA50,WaxCandle03,STAT,1536.960693,1283.883301,1182.739746,156.7820
Backpacks of the Commonwealth.esp,2D005462,00035A10,WaxCandlePuddle03,STAT,2109.339111,1600.592651,1183.406738,200.8993
Backpacks of the Commonwealth.esp,2D005461,0002FA29,WaxCandle05,STAT,2109.035645,1600.366943,1183.406616,218.6615
Backpacks of the Commonwealth.esp,2D005460,00035A10,WaxCandlePuddle03,STAT,2009.786865,1343.422363,1183.778198,112.0908
Backpacks of the Commonwealth.esp,2D00545F,0002FA50,WaxCandle03,STAT,2010.006104,1343.114502,1183.778198,129.8529
Backpacks of the Commonwealth.esp,2D00545E,00035A10,WaxCandlePuddle03,STAT,2040.227173,1335.120117,1182.806641,93.7562
Backpacks of the Commonwealth.esp,2D00545D,0002FA27,WaxCandle04,STAT,2040.532349,1334.896729,1182.806519,111.5183
Backpacks of the Commonwealth.esp,2D00545C,00035A10,WaxCandlePuddle03,STAT,1825.690308,1548.856201,1182.806641,200.8993
Backpacks of the Commonwealth.esp,2D00545B,0002FA50,WaxCandle03,STAT,1825.386841,1548.630493,1182.806519,218.6615
Backpacks of the Commonwealth.esp,2D00545A,00035A10,WaxCandlePuddle03,STAT,1812.198975,1588.211670,1182.806641,70.6554
Backpacks of the Commonwealth.esp,2D005459,0002FA29,WaxCandle05,STAT,1812.567261,1588.125977,1182.806519,88.4175
Backpacks of the Commonwealth.esp,2D005458,00035A10,WaxCandlePuddle03,STAT,1866.991577,1882.802246,1182.806641,208.7383
Backpacks of the Commonwealth.esp,2D005457,0002FA31,WaxCandle06,STAT,1866.660400,1882.619873,1182.806519,226.5004
Backpacks of the Commonwealth.esp,2D005456,00035A10,WaxCandlePuddle03,STAT,1657.638916,2158.270020,1161.297974,262.5966
Backpacks of the Commonwealth.esp,2D005455,0002FA29,WaxCandle05,STAT,1657.296387,2158.429932,1161.297974,280.3587
Backpacks of the Commonwealth.esp,2D005454,00035A10,WaxCandlePuddle03,STAT,1507.117554,2079.734131,1161.678589,311.8710
Backpacks of the Commonwealth.esp,2D005453,00035A0D,WaxCandlePuddle01,STAT,1510.290894,2077.601074,1161.678589,329.6332
Backpacks of the Commonwealth.esp,2D005452,0002FA29,WaxCandle05,STAT,1507.015137,2080.097900,1161.678589,329.6332
Backpacks of the Commonwealth.esp,2D005451,0002FA27,WaxCandle04,STAT,1510.055542,2072.990234,1161.678589,329.6332
Backpacks of the Commonwealth.esp,2D005450,0002FA4E,WaxCandle01,STAT,1510.448364,2077.606445,1161.678589,329.6332
Backpacks of the Commonwealth.esp,2D00544F,001AE1F9,Beercrate_Moveable,MSTT,2345.158203,701.817261,1104.990723,7.0503
Backpacks of the Commonwealth.esp,2D00544E,001AE1F9,Beercrate_Moveable,MSTT,2495.219727,977.195679,1188.045898,276.3543
Backpacks of the Commonwealth.esp,2D00544D,001AE1F9,Beercrate_Moveable,MSTT,2049.047119,1542.417969,1104.990723,245.8902
Backpacks of the Commonwealth.esp,2D00544C,001AE1F9,Beercrate_Moveable,MSTT,2061.523437,1484.533447,1104.990723,296.0876
Backpacks of the Commonwealth.esp,2D00544B,001AE1F9,Beercrate_Moveable,MSTT,1884.726196,1348.173340,1182.990723,50.9568
Backpacks of the Commonwealth.esp,2D00544A,000211DD,BeerBottleEmpty01,MISC,1499.103760,243.993164,1182.990723,314.3458
Backpacks of the Commonwealth.esp,2D005449,000211DD,BeerBottleEmpty01,MISC,1493.994385,273.327148,1182.990601,333.9669
Backpacks of the Commonwealth.esp,2D005448,0011EA9F,BeerGwinnettStoutEmpty01,MISC,1752.089966,77.252930,1175.428223,3.9231
Backpacks of the Commonwealth.esp,2D005447,000211DD,BeerBottleEmpty01,MISC,1605.069702,-113.028076,1182.990601,34.5674
Backpacks of the Commonwealth.esp,2D005446,0011EA9E,BeerGwinnettAleEmpty01,MISC,1600.628174,-83.323730,1182.990601,13.0706
Backpacks of the Commonwealth.esp,2D005445,0011EA9D,BeerGwinnettPaleEmpty01,MISC,1858.907959,-106.177246,1182.990601,354.2109
Backpacks of the Commonwealth.esp,2D005444,0011EA9F,BeerGwinnettStoutEmpty01,MISC,1848.127441,-126.844971,1182.990601,1.5467
Backpacks of the Commonwealth.esp,2D005443,000211DD,BeerBottleEmpty01,MISC,1847.985840,-99.516113,1182.990601,9.4576
Backpacks of the Commonwealth.esp,2D005442,00165022,OfficePaperDebris07,STAT,2355.469238,821.084351,1161.490845,57.2957
Backpacks of the Commonwealth.esp,2D005441,00165014,OfficePaperDebris04,STAT,2359.248535,800.467773,1161.490845,48.7014
Backpacks of the Commonwealth.esp,2D005440,0001D975,Globe01,MISC,2182.205078,966.905884,1389.459595,51.5662
Backpacks of the Commonwealth.esp,2D00543F,00059B2E,Flag_American_TrifoldBox,MISC,1469.534424,1007.006958,1359.770264,94.5380
Backpacks of the Commonwealth.esp,2D00543E,00059B2E,Flag_American_TrifoldBox,MISC,1212.401245,1809.667358,1364.963867,97.4028
Backpacks of the Commonwealth.esp,2D00543D,00059B36,FishingRod,MISC,1207.916748,1568.395264,1356.292725,94.5380
Backpacks of the Commonwealth.esp,2D00543C,00059A83,Camera,MISC,1473.234009,2555.955078,1354.571899,284.3239
Backpacks of the Commonwealth.esp,2D00543B,00059A83,Camera,MISC,1471.219971,2588.514160,1354.571899,232.7577
Backpacks of the Commonwealth.esp,2D00543A,00192D5D,DeskFanOfficeOff01,MISC,1213.056152,1754.922485,1354.670410,91.6732
Backpacks of the Commonwealth.esp,2D005439,001AB5ED,ChemistrySetCan02,MISC,1215.648438,1537.300659,1354.687378,54.4310
Backpacks of the Commonwealth.esp,2D005438,001AB5EE,ChemistrySetCan03,MISC,1216.094849,2137.638672,1354.687378,0.0000
Backpacks of the Commonwealth.esp,2D005437,00159F0D,CigarBoxSanFran,MISC,1472.467285,970.120972,1351.100098,211.9944
Backpacks of the Commonwealth.esp,2D005436,0005821E,CigarBox,MISC,1472.717773,1073.637329,1351.168579,163.2930
Backpacks of the Commonwealth.esp,2D005435,00059AB4,Chessboard,MISC,1466.514160,1042.853882,1360.752930,0.0000
Backpacks of the Commonwealth.esp,2D005434,000DEDDF,BottleEmptyBourbon01,MISC,1473.760986,1266.552612,1287.879028,279.7858
Backpacks of the Commonwealth.esp,2D005433,000DF24D,BottleEmpty04,MISC,1468.455566,1253.637573,1287.879028,299.8393
Backpacks of the Commonwealth.esp,2D005432,0006B165,BoardGame01,MISC,1467.785278,1305.541260,1299.024414,0.0000
Backpacks of the Commonwealth.esp,2D005431,001A899B,BabyBottleDirty02,MISC,1472.573242,1207.313599,1295.483887,0.0000
Backpacks of the Commonwealth.esp,2D005430,000E1CFE,AutopartSteeringWheel01,MSTT,1467.361572,1185.466309,1301.647217,26.5451
Backpacks of the Commonwealth.esp,2D00542F,00059B27,AlarmClock,MISC,1470.043701,1113.220093,1287.879028,245.0536
Backpacks of the Commonwealth.esp,2D00542E,0019D819,ShelfSmall_Wood02_1Long,SCOL,1461.017700,1087.144043,1348.283203,270.0000
Backpacks of the Commonwealth.esp,2D00542D,0019D811,ShelfSmall_Wood02_2Long,SCOL,1461.017700,1339.184692,1287.091431,270.0000
Backpacks of the Commonwealth.esp,2D00542C,00187660,PictureFramePortrait02Dest,MSTT,1630.349609,852.489380,1288.742798,180.0000
Backpacks of the Commonwealth.esp,2D00542B,0018AE08,PictureFrame02Dest,MSTT,1580.284180,852.489380,1372.576294,180.0000
Backpacks of the Commonwealth.esp,2D00542A,00059A77,BaseballGlove,MISC,2244.513184,991.642456,1394.722290,120.4042
Backpacks of the Commonwealth.esp,2D005429,00059A76,Baseball,MISC,2264.776855,996.554077,1392.887329,345.6760
Backpacks of the Commonwealth.esp,2D005428,00059A76,Baseball,MISC,2275.437500,1001.803711,1392.887329,305.5689
Backpacks of the Commonwealth.esp,2D005427,0011EA9F,BeerGwinnettStoutEmpty01,MISC,2169.724609,958.860962,1332.461548,338.9101
Backpacks of the Commonwealth.esp,2D005426,0011EA9F,BeerGwinnettStoutEmpty01,MISC,2176.786377,961.252075,1332.461548,327.4510
Backpacks of the Commonwealth.esp,2D005425,0011EAA0,BeerGwinnettPilsEmpty01,MISC,2189.212891,962.895874,1332.461548,327.4510
Backpacks of the Commonwealth.esp,2D005424,0011EA9D,BeerGwinnettPaleEmpty01,MISC,2198.471191,971.183228,1332.461548,344.6397
Backpacks of the Commonwealth.esp,2D005423,0011EA9C,BeerGwinnettLagerEmpty01,MISC,2202.683594,977.075684,1332.461548,324.5862
Backpacks of the Commonwealth.esp,2D005422,0011EA9B,BeerGwinnettBrewEmpty01,MISC,2212.334961,975.017578,1332.461548,358.9637
Backpacks of the Commonwealth.esp,2D005421,0011EA9E,BeerGwinnettAleEmpty01,MISC,2233.343750,985.679321,1332.461548,338.9101
Backpacks of the Commonwealth.esp,2D005420,0011EB44,BeerGlassGwinnett01,MISC,2222.497803,980.352905,1332.461548,298.8031
Backpacks of the Commonwealth.esp,2D00541F,0011EB44,BeerGlassGwinnett01,MISC,2243.613281,989.779785,1332.461548,344.6398
Backpacks of the Commonwealth.esp,2D00541E,0015E8F6,ToyTruck01,MISC,1216.219482,2107.150391,1354.702148,272.3831
Backpacks of the Commonwealth.esp,2D00541D,0019D819,ShelfSmall_Wood02_1Long,SCOL,2135.976074,935.652222,1331.666870,157.9184
Backpacks of the Commonwealth.esp,2D00541C,0019D819,ShelfSmall_Wood02_1Long,SCOL,2176.247314,951.989624,1388.671997,157.9184
Backpacks of the Commonwealth.esp,2D00541B,0018AE03,PictureFrame04Dest,MSTT,2076.054443,911.661377,1306.671875,156.9915
Backpacks of the Commonwealth.esp,2D00541A,00018FB7,SignRestroom02,STAT,1929.003540,547.115356,1254.381592,90.0001
Backpacks of the Commonwealth.esp,2D005419,00018C93,IndMetalDoor01,DOOR,1945.013428,458.009399,1104.990723,270.0001
Backpacks of the Commonwealth.esp,2D005418,0005A68A,AdvertsPoster05,STAT,2112.650391,83.727295,1284.523193,90.0000
Backpacks of the Commonwealth.esp,2D005417,0005A688,AdvertsPoster03,STAT,2120.367432,504.773193,1219.212158,90.0000
Backpacks of the Commonwealth.esp,2D005416,0018AE04,PictureFrame05Dest,MSTT,2477.552979,1076.394531,1312.876221,180.0000
Backpacks of the Commonwealth.esp,2D005415,00187660,PictureFramePortrait02Dest,MSTT,2618.893555,1343.481445,1343.184937,90.0000
Backpacks of the Commonwealth.esp,2D005414,000FA3E8,PoolCue,WEAP,1756.056885,23.508545,1115.741211,0.0000
Backpacks of the Commonwealth.esp,2D005413,00059AFF,PoolTriangle,MISC,1767.224854,149.135986,1177.976074,0.0000
Backpacks of the Commonwealth.esp,2D005412,00059AFC,PoolBallCue,MISC,1727.148804,142.479980,1179.010986,58.8564
Backpacks of the Commonwealth.esp,2D005411,0018E4ED,PoolBall13,MISC,1836.220703,99.864258,1179.010986,58.8564
Backpacks of the Commonwealth.esp,2D005410,0018E4EB,PoolBall12,MISC,1849.069580,96.988281,1179.010986,61.2473
Backpacks of the Commonwealth.esp,2D00540F,00059AFE,PoolBall08,MISC,1878.487793,63.828369,1179.010986,254.0027
Backpacks of the Commonwealth.esp,2D00540E,00059AFD,PoolBall02,MISC,1790.406982,79.680908,1179.010986,254.0027
Backpacks of the Commonwealth.esp,2D00540D,0018E4DA,PoolBall01,MISC,1747.725586,116.997314,1179.010986,254.0027
Backpacks of the Commonwealth.esp,2D00540C,00064A39,Loot_Prewar_Safe_Floor,CONT,2500.949707,697.306030,1104.829346,90.0001
Backpacks of the Commonwealth.esp,2D00540B,0018AE09,PictureFrame03Dest,MSTT,1999.060303,709.469971,1251.508423,248.7550
Backpacks of the Commonwealth.esp,2D00540A,0008029D,DebrisPileSmallWood05,STAT,2475.202393,926.522705,1104.990723,258.0591
Backpacks of the Commonwealth.esp,2D005409,0008029D,DebrisPileSmallWood05,STAT,2199.515625,651.957031,1104.990723,258.0591
Backpacks of the Commonwealth.esp,2D005408,0008029B,DebrisPileSmallWood03,STAT,1546.313232,931.767822,1104.990723,270.0000
Backpacks of the Commonwealth.esp,2D005407,0008029E,DebrisPileSmallWood01,STAT,1701.686646,1951.951416,1104.990723,270.0000
Backpacks of the Commonwealth.esp,2D005406,0010693D,Rubble_Flat_Trash_Sm03,STAT,1798.968994,2249.462402,1104.990723,272.8650
Backpacks of the Commonwealth.esp,2D005405,0008029E,DebrisPileSmallWood01,STAT,1864.737549,2476.670654,1104.990723,270.0000
Backpacks of the Commonwealth.esp,2D005404,00140B22,Glass_Generic,MISC,2052.995361,1341.317505,1143.490723,24.5771
Backpacks of the Commonwealth.esp,2D005403,00140B22,Glass_Generic,MISC,1988.031494,1341.919922,1115.990723,11.1104
Backpacks of the Commonwealth.esp,2D005402,00140B22,Glass_Generic,MISC,1928.384766,1343.393066,1143.490723,303.2780
Backpacks of the Commonwealth.esp,2D005401,00140B22,Glass_Generic,MISC,2098.727051,1464.917114,1143.490723,42.4100
Backpacks of the Commonwealth.esp,2D005400,00140B22,Glass_Generic,MISC,2118.515381,1458.909790,1182.990723,36.2959
Backpacks of the Commonwealth.esp,2D0053FF,0004835D,NukaCola,ALCH,2334.655029,732.576050,1161.518799,0.0000
Backpacks of the Commonwealth.esp,2D0053FE,0011EA9D,BeerGwinnettPaleEmpty01,MISC,2324.362305,1854.281860,1182.990601,346.7571
Backpacks of the Commonwealth.esp,2D0053FB,000211DD,BeerBottleEmpty01,MISC,1978.844604,2682.194092,1193.490723,9.5362
Backpacks of the Commonwealth.esp,2D0053FA,000211DD,BeerBottleEmpty01,MISC,1710.583984,2419.967041,1161.664429,35.1306
Backpacks of the Commonwealth.esp,2D0053F9,0011EA9D,BeerGwinnettPaleEmpty01,MISC,1603.343994,2707.750488,1182.990601,358.2772
Backpacks of the Commonwealth.esp,2D0053F8,000211DD,BeerBottleEmpty01,MISC,1631.728027,2708.866699,1182.990601,9.2873
Backpacks of the Commonwealth.esp,2D0053F7,0011EA9B,BeerGwinnettBrewEmpty01,MISC,1529.843262,2529.272461,1182.990601,350.9358
Backpacks of the Commonwealth.esp,2D0053F6,0011EA9E,BeerGwinnettAleEmpty01,MISC,1503.354004,2526.443359,1182.990601,350.7468
Backpacks of the Commonwealth.esp,2D0053F5,0011EA9E,BeerGwinnettAleEmpty01,MISC,1493.925781,2048.395508,1161.664429,32.6956
Backpacks of the Commonwealth.esp,2D0053F4,0011EA9E,BeerGwinnettAleEmpty01,MISC,1492.340088,2069.695068,1161.664429,25.5878
Backpacks of the Commonwealth.esp,2D0053F3,000211DD,BeerBottleEmpty01,MISC,1301.037842,2276.222900,1159.689575,311.2241
Backpacks of the Commonwealth.esp,2D0053F2,000211DD,BeerBottleEmpty01,MISC,1255.901001,1980.615967,1182.990601,33.2883
Backpacks of the Commonwealth.esp,2D0053F1,000211DD,BeerBottleEmpty01,MISC,1217.799316,1776.466431,1182.990601,311.4198
Backpacks of the Commonwealth.esp,2D0053F0,000211DD,BeerBottleEmpty01,MISC,1252.780640,1744.810913,1182.561523,27.7389
Backpacks of the Commonwealth.esp,2D0053EF,000211DD,BeerBottleEmpty01,MISC,1543.395874,1831.246094,1161.938232,310.7606
Backpacks of the Commonwealth.esp,2D0053EE,000211DD,BeerBottleEmpty01,MISC,2113.940186,1873.804687,1182.998413,332.9787
Backpacks of the Commonwealth.esp,2D0053ED,0011EA9C,BeerGwinnettLagerEmpty01,MISC,2116.746094,1843.517578,1182.990723,10.5237
Backpacks of the Commonwealth.esp,2D0053EC,0011EA9C,BeerGwinnettLagerEmpty01,MISC,2102.427246,1838.996582,1182.990723,20.6520
Backpacks of the Commonwealth.esp,2D0053EB,000211DD,BeerBottleEmpty01,MISC,2134.277832,1530.356812,1183.061890,327.7294
Backpacks of the Commonwealth.esp,2D0053EA,000211DD,BeerBottleEmpty01,MISC,2103.695312,1344.773071,1188.107666,11.5067
Backpacks of the Commonwealth.esp,2D0053E9,000211DD,BeerBottleEmpty01,MISC,2110.104492,1382.483521,1182.990723,311.0983
Backpacks of the Commonwealth.esp,2D0053E8,0011EAA0,BeerGwinnettPilsEmpty01,MISC,2515.222656,1207.665894,1193.380493,319.3149
Backpacks of the Commonwealth.esp,2D0053E7,000211DD,BeerBottleEmpty01,MISC,2528.997803,1196.737915,1192.951416,17.1640
Backpacks of the Commonwealth.esp,2D0053E6,0011EA9C,BeerGwinnettLagerEmpty01,MISC,2509.789551,1170.169800,1193.380615,13.3651
Backpacks of the Commonwealth.esp,2D0053E5,000211DD,BeerBottleEmpty01,MISC,2524.225098,1399.351929,1193.490723,5.9999
Backpacks of the Commonwealth.esp,2D0053E4,000211DD,BeerBottleEmpty01,MISC,2351.330078,1634.231567,1182.990601,334.5153
Backpacks of the Commonwealth.esp,2D0053E3,0011EAA0,BeerGwinnettPilsEmpty01,MISC,2110.069580,1661.630981,1182.990723,6.3468
Backpacks of the Commonwealth.esp,2D0053E2,0011EAA0,BeerGwinnettPilsEmpty01,MISC,2092.998779,1595.453613,1115.990723,48.5727
Backpacks of the Commonwealth.esp,2D0053E1,0011EA9E,BeerGwinnettAleEmpty01,MISC,2097.555664,1786.877197,1143.490723,321.8486
Backpacks of the Commonwealth.esp,2D0053E0,0011EA9B,BeerGwinnettBrewEmpty01,MISC,2099.437012,1800.959717,1143.490723,14.0093
Backpacks of the Commonwealth.esp,2D0053DF,0011EA9C,BeerGwinnettLagerEmpty01,MISC,2096.988525,1857.718628,1115.990723,339.1029
Backpacks of the Commonwealth.esp,2D0053DE,0011EA9C,BeerGwinnettLagerEmpty01,MISC,2089.807129,1423.976929,1143.490723,354.0096
Backpacks of the Commonwealth.esp,2D0053DD,000211DD,BeerBottleEmpty01,MISC,2097.413330,1400.624878,1143.490723,33.4300
Backpacks of the Commonwealth.esp,2D0053DC,0011EA9E,BeerGwinnettAleEmpty01,MISC,2028.230469,1130.699463,1161.938110,3.9460
Backpacks of the Commonwealth.esp,2D0053DB,00059AD1,GlassPitcher01,MISC,2506.927246,1191.272217,1193.380615,0.0000
Backpacks of the Commonwealth.esp,2D0053DA,00140B22,Glass_Generic,MISC,2532.301514,1181.595215,1193.380615,358.0924
Backpacks of the Commonwealth.esp,2D0053D9,00140B22,Glass_Generic,MISC,2325.122559,1652.631226,1182.990601,21.5845
Backpacks of the Commonwealth.esp,2D0053D8,00140B22,Glass_Generic,MISC,2335.750977,1882.944458,1182.990601,35.3227
Backpacks of the Commonwealth.esp,2D0053D7,00140B22,Glass_Generic,MISC,1964.970459,2708.121094,1193.490723,334.4004
Backpacks of the Commonwealth.esp,2D0053D6,00140B22,Glass_Generic,MISC,2001.725830,2694.398438,1193.490723,339.2571
Backpacks of the Commonwealth.esp,2D0053D5,00140B22,Glass_Generic,MISC,1698.709229,2439.388672,1161.664429,348.4062
Backpacks of the Commonwealth.esp,2D0053D4,00140B22,Glass_Generic,MISC,1677.529907,2169.718750,1161.235229,19.5561
Backpacks of the Commonwealth.esp,2D0053D3,00140B22,Glass_Generic,MISC,1528.355225,2069.587891,1161.664429,31.5736
Backpacks of the Commonwealth.esp,2D0053D2,00140B22,Glass_Generic,MISC,1227.963989,1963.988525,1182.990601,41.2084
Backpacks of the Commonwealth.esp,2D0053D1,00140B22,Glass_Generic,MISC,1243.404419,1774.227661,1182.990601,353.7312
Backpacks of the Commonwealth.esp,2D0053D0,00140B22,Glass_Generic,MISC,1523.149170,1038.100830,1182.990601,37.4028
Backpacks of the Commonwealth.esp,2D0053CF,00140B22,Glass_Generic,MISC,1501.941650,1033.180542,1182.990601,0.4937
Backpacks of the Commonwealth.esp,2D0053CE,00140B22,Glass_Generic,MISC,1514.994385,1289.129517,1182.990601,322.6191
Backpacks of the Commonwealth.esp,2D0053CD,00140B22,Glass_Generic,MISC,1798.777588,1114.856812,1161.938110,41.1096
Backpacks of the Commonwealth.esp,2D0053CC,00140B22,Glass_Generic,MISC,1815.462646,1733.799927,1115.990723,22.8383
Backpacks of the Commonwealth.esp,2D0053CB,00140B22,Glass_Generic,MISC,1810.281006,1744.805542,1115.990723,23.7854
Backpacks of the Commonwealth.esp,2D0053CA,00140B22,Glass_Generic,MISC,1817.294189,1726.892822,1143.490723,12.3393
Backpacks of the Commonwealth.esp,2D0053C9,00140B22,Glass_Generic,MISC,1823.295654,1738.273804,1143.490723,318.0543
Backpacks of the Commonwealth.esp,2D0053C8,00059B0A,ShotGlass01,MISC,1819.212036,1560.878662,1143.490723,325.2938
Backpacks of the Commonwealth.esp,2D0053C7,00059B0A,ShotGlass01,MISC,1823.476929,1532.218628,1182.561523,30.2730
Backpacks of the Commonwealth.esp,2D0053C6,00140B22,Glass_Generic,MISC,1822.629395,1663.338379,1143.061646,23.9628
Backpacks of the Commonwealth.esp,2D0053C5,00140B22,Glass_Generic,MISC,1810.873779,1619.433228,1143.061646,335.9418
Backpacks of the Commonwealth.esp,2D0053C4,00140B22,Glass_Generic,MISC,1814.753906,1483.780518,1115.561646,9.5074
Backpacks of the Commonwealth.esp,2D0053C3,00140B22,Glass_Generic,MISC,1806.841309,1530.516235,1143.061646,34.5683
Backpacks of the Commonwealth.esp,2D0053C2,00140B22,Glass_Generic,MISC,1815.396973,1551.778198,1143.061646,327.7036
Backpacks of the Commonwealth.esp,2D0053C1,00140B22,Glass_Generic,MISC,1819.374390,1416.363770,1143.490845,34.6996
Backpacks of the Commonwealth.esp,2D0053C0,00140B22,Glass_Generic,MISC,1823.554687,1517.577393,1182.561523,328.5066
Backpacks of the Commonwealth.esp,2D0053BF,00140B22,Glass_Generic,MISC,1825.902100,1868.298462,1182.657471,343.5771
Backpacks of the Commonwealth.esp,2D0053BE,00140B22,Glass_Generic,MISC,1823.875000,1853.759766,1182.561523,49.3430
Backpacks of the Commonwealth.esp,2D0053BD,00140B22,Glass_Generic,MISC,1845.877808,1889.749268,1182.992188,331.5873
Backpacks of the Commonwealth.esp,2D0053BC,00140B22,Glass_Generic,MISC,1932.806641,1879.115356,1182.561646,42.7590
Backpacks of the Commonwealth.esp,2D0053BB,00140B22,Glass_Generic,MISC,1955.838867,1874.433350,1182.561523,13.0138
Backpacks of the Commonwealth.esp,2D0053BA,0001D2CA,TrackLightingOff02,STAT,1869.063232,1892.951904,1347.508423,180.0001
Backpacks of the Commonwealth.esp,2D0053B9,0001D2CB,TrackLightingOff03,STAT,2017.865601,1892.951904,1347.508423,180.0001
Backpacks of the Commonwealth.esp,2D0053B8,0001D2CA,TrackLightingOff02,STAT,2092.023926,1617.178711,1347.508423,270.0001
Backpacks of the Commonwealth.esp,2D0053B7,0001D2CA,TrackLightingOff02,STAT,2092.023926,1812.997681,1347.508423,270.0001
Backpacks of the Commonwealth.esp,2D0053B6,0001D2C9,TrackLightingOff01,STAT,2092.023926,1431.104126,1347.508423,270.0001
Backpacks of the Commonwealth.esp,2D0053B5,0001D2CA,TrackLightingOff02,STAT,2017.865723,1344.258789,1347.508423,0.0001
Backpacks of the Commonwealth.esp,2D0053B4,0001D2CB,TrackLightingOff03,STAT,1868.182983,1344.258789,1347.508423,0.0001
Backpacks of the Commonwealth.esp,2D0053B3,0001D2CB,TrackLightingOff03,STAT,1799.594971,1445.470093,1347.508423,90.0001
Backpacks of the Commonwealth.esp,2D0053B2,0001D2CA,TrackLightingOff02,STAT,1799.595215,1621.470093,1347.508423,90.0001
Backpacks of the Commonwealth.esp,2D0053B1,0001CC23,BldWoodPMdWallPillarBg01,STAT,1485.295654,881.682129,1104.990723,0.0000
Backpacks of the Commonwealth.esp,2D0053B0,0001BA0D,BldWlpSmCeilOnly01,STAT,2073.013428,458.009277,1101.266724,0.0000
Backpacks of the Commonwealth.esp,2D0053AF,00082D38,BldBrickMdWallTopHoleSealed01,STAT,2002.233643,202.009277,1104.990723,180.0001
Backpacks of the Commonwealth.esp,2D0053AE,00082D62,BldBrickMdWallBotHoleSealed01,STAT,1828.780273,-29.783691,1104.990723,270.0001
Backpacks of the Commonwealth.esp,2D0053AD,00082D62,BldBrickMdWallBotHoleSealed01,STAT,1572.780273,-60.510742,1104.990723,0.0001
Backpacks of the Commonwealth.esp,2D0053AC,0001B7AE,BldWoodPMdWallPillar01,STAT,1923.240723,322.381104,1104.990723,270.0001
Backpacks of the Commonwealth.esp,2D0053AB,0001CC2F,BldWoodPMdWallPillar02,STAT,1717.847290,322.381104,1104.990723,0.0000
Backpacks of the Commonwealth.esp,2D0053AA,0001D5A2,BldWoodPMdWallBotHoleSealed01,STAT,1817.013672,714.009521,1104.990723,180.0001
Backpacks of the Commonwealth.esp,2D0053A9,00072A3D,NpcChairPlayerHouseRuinKitchenSit01Static,STAT,2013.671997,2645.997070,1223.000488,149.3239
Backpacks of the Commonwealth.esp,2D0053A8,0001D5B1,BldWoodPMdWallTopHoleSealedConc01,STAT,1316.781494,2243.489746,1104.990723,90.0000
Backpacks of the Commonwealth.esp,2D0053A7,00082D05,BldBrickBgWallMidHoleSealedConc01,STAT,1757.958984,2671.801514,1008.990723,90.0000
Backpacks of the Commonwealth.esp,2D0053A6,00072A3E,NpcChairPlayerHouseRuinKitchenSit02Static,STAT,2052.118408,1105.190552,1105.090698,312.4441
Backpacks of the Commonwealth.esp,2D0053A5,00087A65,NpcChairFederalistSit01_Static,STAT,2022.117920,1096.331665,1194.063721,163.6476
Backpacks of the Commonwealth.esp,2D0053A4,00072A3D,NpcChairPlayerHouseRuinKitchenSit01Static,STAT,2007.612305,1115.124146,1105.090698,87.0893
Backpacks of the Commonwealth.esp,2D0053A3,00072A3D,NpcChairPlayerHouseRuinKitchenSit01Static,STAT,1763.304810,1075.016479,1105.090698,59.5871
Backpacks of the Commonwealth.esp,2D0053A2,00087A65,NpcChairFederalistSit01_Static,STAT,1821.609131,1096.179199,1194.063721,289.6983
Backpacks of the Commonwealth.esp,2D0053A1,00072A3D,NpcChairPlayerHouseRuinKitchenSit01Static,STAT,1514.840576,1532.605347,1104.817017,108.2888
Backpacks of the Commonwealth.esp,2D0053A0,00072A3E,NpcChairPlayerHouseRuinKitchenSit02Static,STAT,1559.034790,1525.705444,1190.810303,303.0946
Backpacks of the Commonwealth.esp,2D00539F,00072A3F,NpcChairPlayerHouseRuinKitchenSit03Static,STAT,1320.465698,1492.712280,1190.810303,15.5511
Backpacks of the Commonwealth.esp,2D00539E,00072A3E,NpcChairPlayerHouseRuinKitchenSit02Static,STAT,1362.353394,1469.339233,1190.810303,272.4185
Backpacks of the Commonwealth.esp,2D00539D,00087A65,NpcChairFederalistSit01_Static,STAT,1517.355469,1839.451782,1105.090698,91.0998
Backpacks of the Commonwealth.esp,2D00539C,00072A3E,NpcChairPlayerHouseRuinKitchenSit02Static,STAT,1577.163086,1837.412476,1190.810303,297.3650
Backpacks of the Commonwealth.esp,2D00539B,000DF266,BowlingPin01,MISC,1218.790527,2227.216309,1354.381348,280.6179
Backpacks of the Commonwealth.esp,2D00539A,00072A3D,NpcChairPlayerHouseRuinKitchenSit01Static,STAT,1490.991699,2091.000732,1104.817017,185.6381
Backpacks of the Commonwealth.esp,2D005399,00087A65,NpcChairFederalistSit01_Static,STAT,1496.183838,2036.682861,1104.817017,35.5233
Backpacks of the Commonwealth.esp,2D005398,00072A3F,NpcChairPlayerHouseRuinKitchenSit03Static,STAT,1650.438232,2135.375000,1104.817017,35.5233
Backpacks of the Commonwealth.esp,2D005397,00072A3D,NpcChairPlayerHouseRuinKitchenSit01Static,STAT,1611.957275,2165.381592,1104.817017,88.2353
Backpacks of the Commonwealth.esp,2D005396,00072A3D,NpcChairPlayerHouseRuinKitchenSit01Static,STAT,1654.536621,2179.216309,1104.817017,170.1685
Backpacks of the Commonwealth.esp,2D005395,00087A65,NpcChairFederalistSit01_Static,STAT,1287.755859,2237.981689,1189.199219,180.8363
Backpacks of the Commonwealth.esp,2D005394,00087A65,NpcChairFederalistSit01_Static,STAT,1364.058105,2235.481934,1189.199219,166.5123
Backpacks of the Commonwealth.esp,2D005393,000B8195,NpcStoolPlayerHouseRuinSit01Static,STAT,1598.920776,2671.712402,1137.641235,268.8085
Backpacks of the Commonwealth.esp,2D005392,000B8195,NpcStoolPlayerHouseRuinSit01Static,STAT,1687.249023,2716.292725,1116.489624,268.8085
Backpacks of the Commonwealth.esp,2D005391,0008B648,TrashPileCorIn01,STAT,1557.830566,2667.641357,1101.816284,0.0000
Backpacks of the Commonwealth.esp,2D005390,00072A3E,NpcChairPlayerHouseRuinKitchenSit02Static,STAT,1719.108887,2447.428711,1110.489990,245.4085
Backpacks of the Commonwealth.esp,2D00538F,00072A3D,NpcChairPlayerHouseRuinKitchenSit01Static,STAT,1690.126953,2428.328857,1110.489990,65.8901
Backpacks of the Commonwealth.esp,2D00538E,0006F9DD,NpcChairPlayerHouseRuinKitchenSit02,FURN,1671.900513,2503.187988,1104.817017,145.5311
Backpacks of the Commonwealth.esp,2D00538D,00072A3D,NpcChairPlayerHouseRuinKitchenSit01Static,STAT,1924.615967,2216.856201,1192.996582,272.3828
Backpacks of the Commonwealth.esp,2D00538C,0006F9DC,NpcChairPlayerHouseRuinKitchenSit01,FURN,1845.519043,2194.576904,1104.990723,74.4845
Backpacks of the Commonwealth.esp,2D00538B,0020A563,ClutterGenDecalB,STAT,1905.143066,2209.812012,1161.584473,176.6539
Backpacks of the Commonwealth.esp,2D00538A,00082D05,BldBrickBgWallMidHoleSealedConc01,STAT,2532.781738,2275.488770,1008.990723,180.0000
Backpacks of the Commonwealth.esp,2D005388,0001D2CB,TrackLightingOff03,STAT,1799.595215,1797.470093,1347.508423,90.0001
Backpacks of the Commonwealth.esp,2D005387,0001A889,BldWoodPSmWall01,STAT,1944.594849,1234.152588,1362.399536,90.0001
Backpacks of the Commonwealth.esp,2D005386,0001A86D,BldWoodPSmWallCorner02,STAT,1816.595337,1362.152710,1362.399536,270.0001
Backpacks of the Commonwealth.esp,2D005385,0001A86D,BldWoodPSmWallCorner02,STAT,2072.594971,1362.152466,1362.399536,180.0000
Backpacks of the Commonwealth.esp,2D005384,0001A889,BldWoodPSmWall01,STAT,2200.595215,1490.152466,1362.399536,0.0001
Backpacks of the Commonwealth.esp,2D005383,0001A889,BldWoodPSmWall01,STAT,2200.595215,1746.152466,1362.399536,0.0001
Backpacks of the Commonwealth.esp,2D005382,0001A86D,BldWoodPSmWallCorner02,STAT,2072.595215,1874.152344,1362.399536,90.0000
Backpacks of the Commonwealth.esp,2D005381,0001A88A,BldWoodPSmWall02,STAT,1688.595093,1490.152832,1362.399536,180.0001
Backpacks of the Commonwealth.esp,2D005380,0001A889,BldWoodPSmWall01,STAT,1688.595215,1746.152832,1362.399536,180.0001
Backpacks of the Commonwealth.esp,2D00537F,0001A86C,BldWoodPSmWallCorner01,STAT,1816.595337,1874.152710,1362.399536,0.0001
Backpacks of the Commonwealth.esp,2D00537E,0001A889,BldWoodPSmWall01,STAT,1944.595459,2002.152588,1362.399536,270.0001
Backpacks of the Commonwealth.esp,2D00537D,0019B5D7,DinerIntCounterHalf01Debris01,SCOL,2116.725098,1450.490479,1104.990723,0.0000
Backpacks of the Commonwealth.esp,2D00537C,00076A50,DinerIntCounter01,STAT,2116.725098,1578.490479,1104.990723,0.0000
Backpacks of the Commonwealth.esp,2D00537B,00077C83,DinerIntCounterCornerTranThinLeft,STAT,2084.725098,1322.490479,1104.990723,90.0001
Backpacks of the Commonwealth.esp,2D00537A,0019B5DF,DinerIntCounterThin02Debris01,SCOL,1956.725098,1322.490601,1104.990723,90.0001
Backpacks of the Commonwealth.esp,2D005379,00076A50,DinerIntCounter01,STAT,1796.725220,1450.490601,1104.990723,180.0001
Backpacks of the Commonwealth.esp,2D005378,0007BE98,DinerIntCounterCornerTranThinRightB,STAT,1828.725098,1322.490601,1104.990723,270.0000
Backpacks of the Commonwealth.esp,2D005377,0019B5C1,DinerIntCounter01Debris01,SCOL,1796.725220,1578.490601,1104.990723,180.0001
Backpacks of the Commonwealth.esp,2D005376,00076A50,DinerIntCounter01,STAT,1796.725342,1706.490601,1104.990723,180.0001
Backpacks of the Commonwealth.esp,2D005375,00076A50,DinerIntCounter01,STAT,2116.725342,1706.490479,1104.990723,0.0000
Backpacks of the Commonwealth.esp,2D005374,0007BEA5,DinerIntCounterThinFillerB,STAT,1988.725342,1898.490601,1104.990723,270.0000
Backpacks of the Commonwealth.esp,2D005373,00076A50,DinerIntCounter01,STAT,2116.725342,1834.490479,1104.990723,0.0000
Backpacks of the Commonwealth.esp,2D005372,00076C67,BldWoodBSmCeilOnly01,STAT,2659.878906,870.810425,1068.410889,0.0000
Backpacks of the Commonwealth.esp,2D005371,0001A7F8,BldWoodPSmCeilOnly01,STAT,2667.017334,718.663940,1104.990723,67.9184
Backpacks of the Commonwealth.esp,2D005370,0008C81E,BldWoodPSmFlrPlatHalf01,STAT,2511.474609,931.826782,1360.990723,67.9184
Backpacks of the Commonwealth.esp,2D00536F,0001A7F8,BldWoodPSmCeilOnly01,STAT,2429.795166,622.426758,1104.990723,67.9184
Backpacks of the Commonwealth.esp,2D00536E,0001A7F8,BldWoodPSmCeilOnly01,STAT,2192.572754,526.189453,1104.990723,67.9184
Backpacks of the Commonwealth.esp,2D00536D,0001A7F8,BldWoodPSmCeilOnly01,STAT,2096.335693,763.411743,1104.990723,67.9184
Backpacks of the Commonwealth.esp,2D00536C,0001A7F8,BldWoodPSmCeilOnly01,STAT,2333.558105,859.648926,1104.990723,67.9184
Backpacks of the Commonwealth.esp,2D00536B,0001A80F,BldWoodPSmCeilOnly07,STAT,1508.781250,-124.510986,1232.990723,0.0000
Backpacks of the Commonwealth.esp,2D00536A,0001A80C,BldWoodPSmCeilOnly04,STAT,1764.781250,-124.510986,1232.990723,0.0000
Backpacks of the Commonwealth.esp,2D005369,0001A80B,BldWoodPSmCeilOnly03,STAT,2020.781250,-124.511230,1232.990723,0.0000
Backpacks of the Commonwealth.esp,2D005368,0001A80D,BldWoodPSmCeilOnly05,STAT,1508.781250,131.489014,1232.990723,0.0000
Backpacks of the Commonwealth.esp,2D005367,0001A80D,BldWoodPSmCeilOnly05,STAT,1764.781250,131.489014,1232.990723,0.0000
Backpacks of the Commonwealth.esp,2D005366,0001A80B,BldWoodPSmCeilOnly03,STAT,2020.781250,131.488770,1232.990723,0.0000
Backpacks of the Commonwealth.esp,2D005365,0001A7F8,BldWoodPSmCeilOnly01,STAT,1508.781372,387.489014,1232.990723,0.0000
Backpacks of the Commonwealth.esp,2D005364,0001A80B,BldWoodPSmCeilOnly03,STAT,1764.781372,387.488892,1232.990723,0.0000
Backpacks of the Commonwealth.esp,2D005363,0001A7F8,BldWoodPSmCeilOnly01,STAT,2020.781372,387.488770,1232.990723,0.0000
Backpacks of the Commonwealth.esp,2D005362,0001A80B,BldWoodPSmCeilOnly03,STAT,1764.781494,643.488892,1232.990723,0.0000
Backpacks of the Commonwealth.esp,2D005361,0001A810,BldWoodPSmCeilOnly08,STAT,2020.781494,643.488770,1232.990723,0.0000
Backpacks of the Commonwealth.esp,2D005360,0001A80A,BldWoodPSmCeilOnly02,STAT,1508.781494,899.489014,1232.990723,0.0000
Backpacks of the Commonwealth.esp,2D00535F,0001A80A,BldWoodPSmCeilOnly02,STAT,1764.781494,899.488892,1232.990723,0.0000
Backpacks of the Commonwealth.esp,2D00535E,0001A80B,BldWoodPSmCeilOnly03,STAT,2020.781494,899.488770,1232.990723,0.0000
Backpacks of the Commonwealth.esp,2D00535D,0001A7F8,BldWoodPSmCeilOnly01,STAT,2276.781494,899.488770,1232.990723,0.0000
Backpacks of the Commonwealth.esp,2D00535C,0001A7F8,BldWoodPSmCeilOnly01,STAT,2532.781494,1155.488770,1232.990723,0.0000
Backpacks of the Commonwealth.esp,2D00535B,0001A80A,BldWoodPSmCeilOnly02,STAT,2532.781494,1411.488770,1232.990723,0.0000
Backpacks of the Commonwealth.esp,2D00535A,0001A80C,BldWoodPSmCeilOnly04,STAT,2276.781494,1155.488770,1232.990723,0.0000
Backpacks of the Commonwealth.esp,2D005359,0001A80E,BldWoodPSmCeilOnly06,STAT,2020.781494,1155.488770,1232.990723,0.0000
Backpacks of the Commonwealth.esp,2D005358,0001A812,BldWoodPSmCeilOnly10,STAT,1764.781494,1155.488892,1232.990723,0.0000
Backpacks of the Commonwealth.esp,2D005357,0001A80A,BldWoodPSmCeilOnly02,STAT,1508.781494,1155.489014,1232.990723,0.0000
Backpacks of the Commonwealth.esp,2D005356,0001A80B,BldWoodPSmCeilOnly03,STAT,2276.781738,1411.488770,1232.990723,0.0000
Backpacks of the Commonwealth.esp,2D005355,0001A80C,BldWoodPSmCeilOnly04,STAT,2020.781616,1411.488892,1232.990723,0.0000
Backpacks of the Commonwealth.esp,2D005354,0001A80C,BldWoodPSmCeilOnly04,STAT,1764.781616,1411.488892,1232.990723,0.0000
Backpacks of the Commonwealth.esp,2D005353,0001A80E,BldWoodPSmCeilOnly06,STAT,1508.781616,1411.489014,1232.990723,0.0000
Backpacks of the Commonwealth.esp,2D005352,0001A7F8,BldWoodPSmCeilOnly01,STAT,1252.781616,1411.489014,1232.990723,0.0000
Backpacks of the Commonwealth.esp,2D005351,0001A7F8,BldWoodPSmCeilOnly01,STAT,2276.781738,1667.488770,1232.990723,0.0000
Backpacks of the Commonwealth.esp,2D005350,0001A7F8,BldWoodPSmCeilOnly01,STAT,2020.781738,1667.488892,1232.990723,0.0000
Backpacks of the Commonwealth.esp,2D00534F,0001A80C,BldWoodPSmCeilOnly04,STAT,1764.781738,1667.488892,1232.990723,0.0000
Backpacks of the Commonwealth.esp,2D00534E,0001A80D,BldWoodPSmCeilOnly05,STAT,1508.781738,1667.489014,1232.990723,0.0000
Backpacks of the Commonwealth.esp,2D00534D,0001A7F8,BldWoodPSmCeilOnly01,STAT,1252.781616,1667.489014,1232.990723,0.0000
Backpacks of the Commonwealth.esp,2D00534C,0001A7F8,BldWoodPSmCeilOnly01,STAT,1252.781738,1923.489014,1232.990723,0.0000
Backpacks of the Commonwealth.esp,2D00534B,0001A80A,BldWoodPSmCeilOnly02,STAT,1764.781738,1923.489014,1232.990723,0.0000
Backpacks of the Commonwealth.esp,2D00534A,0001A7F8,BldWoodPSmCeilOnly01,STAT,1508.781738,1923.489014,1232.990723,0.0000
Backpacks of the Commonwealth.esp,2D005349,0001A80B,BldWoodPSmCeilOnly03,STAT,1252.781860,2179.489014,1232.990723,0.0000
Backpacks of the Commonwealth.esp,2D005348,0001A7F8,BldWoodPSmCeilOnly01,STAT,1252.781860,2435.489014,1232.990723,0.0000
Backpacks of the Commonwealth.esp,2D005347,0001A80C,BldWoodPSmCeilOnly04,STAT,1508.781738,2179.489014,1232.990723,0.0000
Backpacks of the Commonwealth.esp,2D005346,0001A80C,BldWoodPSmCeilOnly04,STAT,1508.781860,2435.489014,1232.990723,0.0000
Backpacks of the Commonwealth.esp,2D005345,0001A812,BldWoodPSmCeilOnly10,STAT,1508.781982,2691.489014,1232.990723,0.0000
Backpacks of the Commonwealth.esp,2D005344,0001A80A,BldWoodPSmCeilOnly02,STAT,1764.781738,2179.489014,1232.990723,0.0000
Backpacks of the Commonwealth.esp,2D005343,0001A80B,BldWoodPSmCeilOnly03,STAT,1764.781860,2435.489014,1232.990723,0.0000
Backpacks of the Commonwealth.esp,2D005342,0001A812,BldWoodPSmCeilOnly10,STAT,1764.781982,2691.489014,1232.990723,0.0000
Backpacks of the Commonwealth.esp,2D005341,0001A80A,BldWoodPSmCeilOnly02,STAT,2020.781982,2691.488770,1232.990723,0.0000
Backpacks of the Commonwealth.esp,2D005340,0001A7F8,BldWoodPSmCeilOnly01,STAT,2276.781982,2691.488770,1232.990723,0.0000
Backpacks of the Commonwealth.esp,2D00533F,0001A80D,BldWoodPSmCeilOnly05,STAT,2532.781982,2435.488770,1232.990723,0.0000
Backpacks of the Commonwealth.esp,2D00533E,0001A80F,BldWoodPSmCeilOnly07,STAT,2532.781738,2179.488770,1232.990723,0.0000
Backpacks of the Commonwealth.esp,2D00533D,0001A7F8,BldWoodPSmCeilOnly01,STAT,2020.781738,1923.488892,1232.990723,0.0000
Backpacks of the Commonwealth.esp,2D00533C,0001A80C,BldWoodPSmCeilOnly04,STAT,2020.781738,2179.488770,1232.990723,0.0000
Backpacks of the Commonwealth.esp,2D00533B,0001A80B,BldWoodPSmCeilOnly03,STAT,2020.781860,2435.488770,1232.990723,0.0000
Backpacks of the Commonwealth.esp,2D00533A,0001A80C,BldWoodPSmCeilOnly04,STAT,2276.781738,2435.488770,1232.990723,0.0000
Backpacks of the Commonwealth.esp,2D005339,0001A80E,BldWoodPSmCeilOnly06,STAT,2276.781738,2179.488770,1232.990723,0.0000
Backpacks of the Commonwealth.esp,2D005338,0001A80C,BldWoodPSmCeilOnly04,STAT,2276.781738,1923.488770,1232.990723,0.0000
Backpacks of the Commonwealth.esp,2D005337,0001A82B,BldWoodPSmFlrPlat03,STAT,1944.595215,1746.152588,1362.399536,0.0000
Backpacks of the Commonwealth.esp,2D005336,0001F440,FederalistTableCircle01,STAT,1802.737793,1092.625732,1105.438110,336.5084
Backpacks of the Commonwealth.esp,2D005335,00087A65,NpcChairFederalistSit01_Static,STAT,1794.038940,1107.570923,1105.090698,141.5203
Backpacks of the Commonwealth.esp,2D005334,0001F440,FederalistTableCircle01,STAT,2026.307617,1112.923828,1105.438110,282.0774
Backpacks of the Commonwealth.esp,2D005333,00017A7F,NpcStoolStadiumSit01,FURN,1306.782104,1763.567505,1104.990601,270.0000
Backpacks of the Commonwealth.esp,2D005332,0006FA2E,NpcStoolPlayerHouseRuinSit01,FURN,1243.179810,2042.802124,1104.990723,180.0000
Backpacks of the Commonwealth.esp,2D005331,0007D630,DinerIntTableSquare01,STAT,1241.883179,1970.215454,1104.990601,0.0000
Backpacks of the Commonwealth.esp,2D005330,0006FA2E,NpcStoolPlayerHouseRuinSit01,FURN,1238.549561,1695.396973,1104.990723,0.0000
Backpacks of the Commonwealth.esp,2D00532F,0007D630,DinerIntTableSquare01,STAT,1238.296021,1765.278931,1104.990601,0.0000
Backpacks of the Commonwealth.esp,2D00532E,000BA4AD,FederalistTableLong01,STAT,1319.447266,2254.802246,1103.189575,89.1632
Backpacks of the Commonwealth.esp,2D00532D,0007D61B,NpcBenchDinerIntBoothSingleSit01,FURN,1295.668457,2354.993164,1106.157715,0.0001
Backpacks of the Commonwealth.esp,2D00532C,0001F74E,NpcChairFederalistSit01,FURN,1259.936401,1538.758545,1104.817017,168.4494
Backpacks of the Commonwealth.esp,2D00532B,000BA4AD,FederalistTableLong01,STAT,1305.840820,1471.132812,1105.490723,81.4055
Backpacks of the Commonwealth.esp,2D00532A,0007D623,NpcBenchDinerIntBoothSingleSit02,FURN,1301.614990,1364.770630,1106.157715,180.0000
Backpacks of the Commonwealth.esp,2D005329,0001EE90,BldWoodPDividerPillar01,STAT,1212.860352,1612.562988,1105.090698,270.0000
Backpacks of the Commonwealth.esp,2D005328,0001EE95,BldWoodPDivider1Way02,STAT,1276.860352,1612.562988,1105.090698,270.0000
Backpacks of the Commonwealth.esp,2D005327,0001EE90,BldWoodPDividerPillar01,STAT,1404.860352,1612.562866,1105.090698,270.0000
Backpacks of the Commonwealth.esp,2D005326,0001EE90,BldWoodPDividerPillar01,STAT,1404.860474,2129.873535,1105.090698,270.0000
Backpacks of the Commonwealth.esp,2D005325,0001EE96,BldWoodPDivider1Way03,STAT,1276.860474,2129.873535,1105.090698,270.0000
Backpacks of the Commonwealth.esp,2D005324,0001EE90,BldWoodPDividerPillar01,STAT,1212.860474,2129.873535,1105.090698,270.0000
Backpacks of the Commonwealth.esp,2D005323,0014BF91,Mirror02a,STAT,2071.723633,346.009277,1242.461060,180.0001
Backpacks of the Commonwealth.esp,2D005322,00034A3D,BathroomSinkBroken01,STAT,2072.470215,342.821899,1106.177734,180.0001
Backpacks of the Commonwealth.esp,2D005321,0002CD27,ToiletBroken01,STAT,2047.722046,534.294922,1104.990723,0.0000
Backpacks of the Commonwealth.esp,2D005320,0006FA2E,NpcStoolPlayerHouseRuinSit01,FURN,1577.099365,258.580811,1104.990723,273.3467
Backpacks of the Commonwealth.esp,2D00531F,0006FA2E,NpcStoolPlayerHouseRuinSit01,FURN,1504.865967,191.140137,1104.990723,3.3466
Backpacks of the Commonwealth.esp,2D00531E,0007D630,DinerIntTableSquare01,STAT,1508.031616,263.089600,1104.990601,3.3466
Backpacks of the Commonwealth.esp,2D00531D,0006FA2E,NpcStoolPlayerHouseRuinSit01,FURN,1538.536011,-98.152344,1104.990723,93.3467
Backpacks of the Commonwealth.esp,2D00531C,0006FA2E,NpcStoolPlayerHouseRuinSit01,FURN,1679.339355,-105.323975,1104.990723,273.3466
Backpacks of the Commonwealth.esp,2D00531B,0007D630,DinerIntTableSquare01,STAT,1608.326050,-102.024902,1104.990601,273.3466
Backpacks of the Commonwealth.esp,2D00531A,0006FA2E,NpcStoolPlayerHouseRuinSit01,FURN,1778.537231,-104.215576,1104.990723,93.3467
Backpacks of the Commonwealth.esp,2D005319,0006FA2E,NpcStoolPlayerHouseRuinSit01,FURN,1918.416626,-110.186035,1104.990723,273.3466
Backpacks of the Commonwealth.esp,2D005318,0007D630,DinerIntTableSquare01,STAT,1848.986084,-106.823486,1104.990601,273.3466
Backpacks of the Commonwealth.esp,2D005317,0001B9C4,BldWlpSmFlrOnly01,STAT,2073.013428,458.009277,1105.828369,0.0000
Backpacks of the Commonwealth.esp,2D005316,0001CA49,BldWlpSmWallScktA02,STAT,2073.013428,458.009277,1104.990723,0.0001
Backpacks of the Commonwealth.esp,2D005315,0001CB0F,BldWlpMdWallPlugABotDoor01,STAT,1945.013428,458.009399,1104.990723,180.0001
Backpacks of the Commonwealth.esp,2D005314,0003A9ED,OfficeBoxPapers03,STAT,2592.069580,946.507446,1172.709229,176.6528
Backpacks of the Commonwealth.esp,2D005313,0003A9EB,OfficeBoxPapers01,STAT,2553.687744,865.609985,1101.893677,271.1913
Backpacks of the Commonwealth.esp,2D005312,0003A9ED,OfficeBoxPapers03,STAT,2624.691650,945.603394,1172.810547,182.3825
Backpacks of the Commonwealth.esp,2D005311,0003A9ED,OfficeBoxPapers03,STAT,2549.748535,918.748657,1129.386230,185.2471
Backpacks of the Commonwealth.esp,2D005310,0003A9ED,OfficeBoxPapers03,STAT,2547.330811,930.754395,1107.178467,265.4614
Backpacks of the Commonwealth.esp,2D00530F,0003A9ED,OfficeBoxPapers03,STAT,2551.898438,899.010986,1107.178467,176.6528
Backpacks of the Commonwealth.esp,2D00530E,0003A9EC,OfficeBoxPapers02,STAT,2625.556396,876.003662,1148.446289,2.8645
Backpacks of the Commonwealth.esp,2D00530D,0003A9ED,OfficeBoxPapers03,STAT,2596.816650,853.516724,1127.577148,185.2473
Backpacks of the Commonwealth.esp,2D00530C,0003A9ED,OfficeBoxPapers03,STAT,2626.399170,853.400757,1127.577148,2.8645
Backpacks of the Commonwealth.esp,2D00530B,0003A9ED,OfficeBoxPapers03,STAT,2592.069580,946.507446,1149.667725,265.4614
Backpacks of the Commonwealth.esp,2D00530A,0003A9EB,OfficeBoxPapers01,STAT,2593.622559,915.766846,1149.667725,274.0557
Backpacks of the Commonwealth.esp,2D005309,0003A9ED,OfficeBoxPapers03,STAT,2628.398438,912.059814,1149.667725,182.3825
Backpacks of the Commonwealth.esp,2D005308,0003A9ED,OfficeBoxPapers03,STAT,2625.482910,946.500244,1149.667725,357.1349
Backpacks of the Commonwealth.esp,2D005307,0003A9ED,OfficeBoxPapers03,STAT,2623.487549,914.348145,1127.576050,268.3265
Backpacks of the Commonwealth.esp,2D005306,0003A9ED,OfficeBoxPapers03,STAT,2624.309814,884.903320,1127.576050,88.8083
Backpacks of the Commonwealth.esp,2D005305,0003A9ED,OfficeBoxPapers03,STAT,2587.140137,885.657349,1127.576050,268.3265
Backpacks of the Commonwealth.esp,2D005304,0003A9ED,OfficeBoxPapers03,STAT,2587.590576,915.078369,1127.576050,268.3265
Backpacks of the Commonwealth.esp,2D005303,0003A9ED,OfficeBoxPapers03,STAT,2590.518066,946.653442,1127.576050,91.6729
Backpacks of the Commonwealth.esp,2D005302,0003A9ED,OfficeBoxPapers03,STAT,2625.482910,946.500244,1127.576050,271.1913
Backpacks of the Commonwealth.esp,2D005301,0003A9ED,OfficeBoxPapers03,STAT,2592.118408,950.747559,1106.146240,91.6729
Backpacks of the Commonwealth.esp,2D005300,0003A9ED,OfficeBoxPapers03,STAT,2589.190918,919.172485,1106.146240,268.3265
Backpacks of the Commonwealth.esp,2D0052FF,0003A9ED,OfficeBoxPapers03,STAT,2588.953613,888.707886,1106.146240,268.3265
Backpacks of the Commonwealth.esp,2D0052FE,0003A9ED,OfficeBoxPapers03,STAT,2596.816650,853.516724,1106.146240,185.2473
Backpacks of the Commonwealth.esp,2D0052FD,0003A9ED,OfficeBoxPapers03,STAT,2626.123047,887.953857,1106.146240,88.8083
Backpacks of the Commonwealth.esp,2D0052FC,0003A9ED,OfficeBoxPapers03,STAT,2626.399170,853.400757,1106.146240,2.8645
Backpacks of the Commonwealth.esp,2D0052FB,0003A9ED,OfficeBoxPapers03,STAT,2625.087891,918.442261,1106.146240,268.3265
Backpacks of the Commonwealth.esp,2D0052FA,0003A9ED,OfficeBoxPapers03,STAT,2627.083252,950.594360,1106.146240,271.1913
Backpacks of the Commonwealth.esp,2D0052F9,00059A76,Baseball,MISC,2338.319824,787.120850,1164.918457,0.0000
Backpacks of the Commonwealth.esp,2D0052F8,00059B15,Telephone01,MISC,2347.640869,828.703003,1161.061646,305.5601
Backpacks of the Commonwealth.esp,2D0052F7,0001F92F,Clipboard01,MISC,2361.210938,766.613770,1163.725342,270.0000
Backpacks of the Commonwealth.esp,2D0052F6,0018AE09,PictureFrame03Dest,MSTT,2345.807129,604.882812,1244.579346,180.0001
Backpacks of the Commonwealth.esp,2D0052F5,0018AE04,PictureFrame05Dest,MSTT,2431.238281,604.882690,1274.479980,180.0001
Backpacks of the Commonwealth.esp,2D0052F4,0018AE04,PictureFrame05Dest,MSTT,2531.289307,670.831787,1279.114502,90.0002
Backpacks of the Commonwealth.esp,2D0052F3,00118342,OfficeFileCabine03Static,STAT,2111.099609,644.494629,1104.990723,180.0001
Backpacks of the Commonwealth.esp,2D0052F2,0001F448,FederalistCoffeeTableSmall01,STAT,2044.297729,827.496216,1104.990723,337.0816
Backpacks of the Commonwealth.esp,2D0052F1,000BA3F7,PlayerHouse_Ruin_UmbrellaStand01,MISC,2004.484619,620.810913,1105.023682,0.0000
Backpacks of the Commonwealth.esp,2D0052F0,0008E736,BaseballBat,WEAP,2003.380493,621.471069,1158.671387,180.0000
Backpacks of the Commonwealth.esp,2D0052EF,0003A9EB,OfficeBoxPapers01,STAT,2511.710938,758.262207,1150.135498,268.3264
Backpacks of the Commonwealth.esp,2D0052EE,0003A9ED,OfficeBoxPapers03,STAT,2512.468994,787.654297,1150.135498,88.8083
Backpacks of the Commonwealth.esp,2D0052ED,0003A9ED,OfficeBoxPapers03,STAT,2512.468994,787.654297,1127.324707,88.8083
Backpacks of the Commonwealth.esp,2D0052EC,0003A9ED,OfficeBoxPapers03,STAT,2512.567627,757.889771,1127.192993,90.7095
Backpacks of the Commonwealth.esp,2D0052EB,0003A9ED,OfficeBoxPapers03,STAT,2512.567627,757.889771,1105.490723,90.7095
Backpacks of the Commonwealth.esp,2D0052EA,0003A9ED,OfficeBoxPapers03,STAT,2512.468994,787.654297,1105.490723,271.1915
Backpacks of the Commonwealth.esp,2D0052E9,0007326C,PlayerHouse_Ruin_CoatRack01,MSTT,2511.780029,651.756348,1104.990723,331.3521
Backpacks of the Commonwealth.esp,2D0052E8,0001CC2E,BldWoodPSmWallPillar02,STAT,2522.233398,616.488770,1104.990723,0.0000
Backpacks of the Commonwealth.esp,2D0052E7,00049622,OfficeFileCabinet01_Prewar,CONT,2501.602051,825.317017,1104.990723,88.8084
Backpacks of the Commonwealth.esp,2D0052E6,000211F6,WoodCrate02,STAT,2494.932861,979.310791,1155.795898,92.8648
Backpacks of the Commonwealth.esp,2D0052E5,000211F7,WoodCrate03,STAT,2481.894043,980.018555,1130.409424,92.8648
Backpacks of the Commonwealth.esp,2D0052E4,000211F7,WoodCrate03,STAT,2481.894043,980.018555,1105.990723,90.0000
Backpacks of the Commonwealth.esp,2D0052E3,00074BB1,NpcCouchPlayerHouseRuinSit01,FURN,2166.208496,867.221191,1104.990723,157.9184
Backpacks of the Commonwealth.esp,2D0052E2,000BD53C,OfficeDesk01,CONT,2356.056641,787.477051,1104.990723,275.2479
Backpacks of the Commonwealth.esp,2D0052E1,0001CC2F,BldWoodPMdWallPillar02,STAT,1717.847290,838.501831,1104.990723,0.0000
Backpacks of the Commonwealth.esp,2D0052E0,0001B7AE,BldWoodPMdWallPillar01,STAT,1923.240723,838.501831,1104.990723,270.0001
Backpacks of the Commonwealth.esp,2D0052DF,00076CE6,BldWoodBSmWall01,STAT,2534.612549,899.488770,1104.990723,180.0002
Backpacks of the Commonwealth.esp,2D0052DE,00076CE6,BldWoodBSmWall01,STAT,2676.289551,944.522705,1104.990723,270.0002
Backpacks of the Commonwealth.esp,2D0052DD,00076CE6,BldWoodBSmWall01,STAT,2676.289551,857.777832,1104.990723,90.0002
Backpacks of the Commonwealth.esp,2D0052DC,00076CD7,BldWoodBSmWallScktA02,STAT,2676.289551,899.488281,1104.990723,0.0002
Backpacks of the Commonwealth.esp,2D0052DB,0001B7B3,BldWoodPMdWallPlugABotDoor01,STAT,2548.289551,899.488525,1104.990723,180.0001
Backpacks of the Commonwealth.esp,2D0052DA,0001CC2E,BldWoodPSmWallPillar02,STAT,2045.007202,616.402954,1104.990723,337.9184
Backpacks of the Commonwealth.esp,2D0052D9,0001CC2E,BldWoodPSmWallPillar02,STAT,1971.363525,827.634888,1104.990723,67.9184
Backpacks of the Commonwealth.esp,2D0052D8,0001CC2E,BldWoodPSmWallPillar02,STAT,2414.018555,1005.772095,1104.990723,0.0000
Backpacks of the Commonwealth.esp,2D0052D7,0001A82C,BldWoodPSmFlrPlat04,STAT,1944.594971,1490.152588,1362.399536,0.0000
Backpacks of the Commonwealth.esp,2D0052D6,0001A851,BldWoodPSmFlrPlatTrimEnd01,STAT,1944.594971,1490.152588,1362.399536,0.0001
Backpacks of the Commonwealth.esp,2D0052D5,0001A851,BldWoodPSmFlrPlatTrimEnd01,STAT,1944.595215,1746.152588,1362.399536,180.0000
Backpacks of the Commonwealth.esp,2D0052D4,0001B066,BldWoodPSmWallPillar01,STAT,1902.598267,1471.207275,1104.990723,270.0000
Backpacks of the Commonwealth.esp,2D0052D3,0001CC2D,BldWoodPSmWallPillar03,STAT,2000.584839,1474.640625,1104.990723,90.0000
Backpacks of the Commonwealth.esp,2D0052D2,0001CC2E,BldWoodPSmWallPillar02,STAT,2000.584839,1769.779907,1104.990723,270.0000
Backpacks of the Commonwealth.esp,2D0052D1,0001B066,BldWoodPSmWallPillar01,STAT,1902.598267,1766.346558,1104.990723,0.0000
Backpacks of the Commonwealth.esp,2D0052D0,000625D9,ChalkBoard01,STAT,2014.882812,313.009277,1278.038452,0.0000
Backpacks of the Commonwealth.esp,2D0052CF,000711B3,NpcStoolPlayerHouseRuinSit02,FURN,1805.528564,1930.520264,1104.990723,180.0001
Backpacks of the Commonwealth.esp,2D0052CE,0006FA2E,NpcStoolPlayerHouseRuinSit01,FURN,1906.448608,1939.284058,1104.990723,180.0000
Backpacks of the Commonwealth.esp,2D0052CD,0006FA2E,NpcStoolPlayerHouseRuinSit01,FURN,2187.513672,1780.234497,1104.990723,270.0001
Backpacks of the Commonwealth.esp,2D0052CC,00017A7F,NpcStoolStadiumSit01,FURN,2183.409424,1551.589233,1104.990723,270.0001
Backpacks of the Commonwealth.esp,2D0052CB,0001A81F,BldWoodPSmFlrOnly01,STAT,2269.958984,1647.801636,1104.990723,0.0000
Backpacks of the Commonwealth.esp,2D0052CA,0007D630,DinerIntTableSquare01,STAT,2339.700195,1871.393066,1104.990601,0.0000
Backpacks of the Commonwealth.esp,2D0052C9,0006FA2E,NpcStoolPlayerHouseRuinSit01,FURN,2335.587646,1935.518188,1120.783203,36.4659
Backpacks of the Commonwealth.esp,2D0052C8,00017A7F,NpcStoolStadiumSit01,FURN,2182.830566,1469.403442,1104.990723,270.0001
Backpacks of the Commonwealth.esp,2D0052C7,00017A7F,NpcStoolStadiumSit01,FURN,2028.194458,1287.900146,1104.990723,0.0001
Backpacks of the Commonwealth.esp,2D0052C6,000DF267,BowlingPin02,MISC,1218.404541,2207.772217,1354.381348,337.9160
Backpacks of the Commonwealth.esp,2D0052C5,000DF266,BowlingPin01,MISC,1218.257080,2241.767578,1354.381348,280.6179
Backpacks of the Commonwealth.esp,2D0052C4,0019D811,ShelfSmall_Wood02_2Long,SCOL,1205.781860,2282.956055,1353.899780,270.0000
Backpacks of the Commonwealth.esp,2D0052C3,0019D809,ShelfSmall_Wood02_3Long,SCOL,1205.781860,1848.518311,1353.899780,270.0000
Backpacks of the Commonwealth.esp,2D0052C2,00087A65,NpcChairFederalistSit01_Static,STAT,1560.572876,1851.141113,1105.090698,173.0330
Backpacks of the Commonwealth.esp,2D0052C1,0001F440,FederalistTableCircle01,STAT,1560.177246,1833.852905,1105.438110,8.0211
Backpacks of the Commonwealth.esp,2D0052C0,00087A65,NpcChairFederalistSit01_Static,STAT,1537.767334,1494.277344,1105.090698,4.0103
Backpacks of the Commonwealth.esp,2D0052BF,0001F440,FederalistTableCircle01,STAT,1541.447876,1511.173828,1105.438110,198.9985
Backpacks of the Commonwealth.esp,2D0052BE,0001F440,FederalistTableCircle01,STAT,1500.750732,2063.237793,1105.164429,5.1566
Backpacks of the Commonwealth.esp,2D0052BD,0006FA2E,NpcStoolPlayerHouseRuinSit01,FURN,1519.807861,979.606689,1104.990723,0.0000
Backpacks of the Commonwealth.esp,2D0052BC,0007D630,DinerIntTableSquare01,STAT,1517.419189,1049.927856,1104.990601,0.0000
Backpacks of the Commonwealth.esp,2D0052BB,0006FA2E,NpcStoolPlayerHouseRuinSit01,FURN,1515.068604,1120.830688,1104.990723,179.9998
Backpacks of the Commonwealth.esp,2D0052BA,0006FA2E,NpcStoolPlayerHouseRuinSit01,FURN,1517.413330,1219.476196,1104.990723,0.0000
Backpacks of the Commonwealth.esp,2D0052B9,0007D630,DinerIntTableSquare01,STAT,1516.696655,1286.705933,1104.990601,0.0000
Backpacks of the Commonwealth.esp,2D0052B8,0006FA2E,NpcStoolPlayerHouseRuinSit01,FURN,1518.503540,1354.941406,1104.990723,179.9998
Backpacks of the Commonwealth.esp,2D0052B7,0006FA2E,NpcStoolPlayerHouseRuinSit01,FURN,1505.818481,2460.073975,1104.990723,5.7294
Backpacks of the Commonwealth.esp,2D0052B6,0007D630,DinerIntTableSquare01,STAT,1510.967529,2530.645508,1104.990601,5.7294
Backpacks of the Commonwealth.esp,2D0052B5,0007D630,DinerIntTableSquare01,STAT,1618.552246,2716.874268,1104.990601,88.8084
Backpacks of the Commonwealth.esp,2D0052B4,0001F440,FederalistTableCircle01,STAT,1705.228516,2436.877930,1105.164429,62.4524
Backpacks of the Commonwealth.esp,2D0052B3,0001F440,FederalistTableCircle01,STAT,1655.005249,2161.929932,1105.164429,5.1566
Backpacks of the Commonwealth.esp,2D0052B2,0001F440,FederalistTableCircle01,STAT,1906.481567,2212.301025,1105.164429,62.4524
Backpacks of the Commonwealth.esp,2D0052B1,0001F74E,NpcChairFederalistSit01,FURN,2464.837402,1419.278442,1223.000488,101.5853
Backpacks of the Commonwealth.esp,2D0052B0,0001F74E,NpcChairFederalistSit01,FURN,2553.230713,1436.704956,1223.000488,7.0474
Backpacks of the Commonwealth.esp,2D0052AF,0001F74E,NpcChairFederalistSit01,FURN,2499.272217,1247.626831,1151.926147,89.4878
Backpacks of the Commonwealth.esp,2D0052AE,0001F74E,NpcChairFederalistSit01,FURN,2564.346924,1250.642090,1138.204590,199.5715
Backpacks of the Commonwealth.esp,2D0052AD,000EA1BA,NpcChairModernDomesticSit02,FURN,2461.427734,1132.637085,1137.037720,45.8365
Backpacks of the Commonwealth.esp,2D0052AC,000BA4AD,FederalistTableLong01,STAT,2518.412109,1414.669678,1136.990723,83.4335
Backpacks of the Commonwealth.esp,2D0052AB,0001EE90,BldWoodPDividerPillar01,STAT,2402.954346,1078.704224,1136.990723,179.6451
Backpacks of the Commonwealth.esp,2D0052AA,0001EE95,BldWoodPDivider1Way02,STAT,2402.558105,1147.809692,1136.990723,179.6451
Backpacks of the Commonwealth.esp,2D0052A9,0001EE90,BldWoodPDividerPillar01,STAT,2402.161377,1280.462158,1136.990723,179.6451
Backpacks of the Commonwealth.esp,2D0052A8,0006FA2E,NpcStoolPlayerHouseRuinSit01,FURN,2264.840332,1658.990723,1104.990601,90.0000
Backpacks of the Commonwealth.esp,2D0052A7,0006FA2E,NpcStoolPlayerHouseRuinSit01,FURN,2332.204102,1588.937012,1104.990723,0.0000
Backpacks of the Commonwealth.esp,2D0052A6,0007D630,DinerIntTableSquare01,STAT,2334.093262,1658.291748,1104.990601,0.0000
Backpacks of the Commonwealth.esp,2D0052A5,00080E52,NpcStoolFederalistSit01Static,STAT,1818.525635,1290.956177,1105.918457,22.9184
Backpacks of the Commonwealth.esp,2D0052A4,000BAD57,NpcStoolStadiumSit01Static,STAT,1864.144653,1291.903442,1104.990723,0.0000
Backpacks of the Commonwealth.esp,2D0052A3,0018AE03,PictureFrame04Dest,MSTT,2388.382568,1673.580688,1343.184937,90.0000
Backpacks of the Commonwealth.esp,2D0052A2,0018AE08,PictureFrame02Dest,MSTT,2388.365234,1839.976196,1338.058105,90.0001
Backpacks of the Commonwealth.esp,2D0052A1,0018AE08,PictureFrame02Dest,MSTT,2389.071289,1937.317139,1335.510010,90.0001
Backpacks of the Commonwealth.esp,2D0052A0,0004CD68,PottedPlantSet_PotAPlant01_Clean,STAT,2342.726074,1993.770508,1109.840576,337.0816
Backpacks of the Commonwealth.esp,2D00529F,0011899B,CombatZoneSignPrewarArrow01,STAT,2644.781494,2181.774414,1237.651489,90.0001
Backpacks of the Commonwealth.esp,2D00529E,00017C0D,CigaretteMachine01,CONT,2623.314697,2324.563232,1136.990723,88.8084
Backpacks of the Commonwealth.esp,2D00529D,0001F74E,NpcChairFederalistSit01,FURN,2132.731934,2518.719727,1223.000488,132.1347
Backpacks of the Commonwealth.esp,2D00529C,000EA1BB,NpcChairModernDomesticSit03,FURN,2479.945801,2344.466309,1135.476440,205.3013
Backpacks of the Commonwealth.esp,2D00529B,000EA1BB,NpcChairModernDomesticSit03,FURN,2452.725586,766.797119,1104.990723,279.7857
Backpacks of the Commonwealth.esp,2D00529A,000EA1BA,NpcChairModernDomesticSit02,FURN,2567.142578,1126.988037,1137.037720,319.8928
Backpacks of the Commonwealth.esp,2D005299,0001F74E,NpcChairFederalistSit01,FURN,2098.410400,2564.426270,1223.000488,129.2704
Backpacks of the Commonwealth.esp,2D005298,000BA4AD,FederalistTableLong01,STAT,2000.212891,2680.557861,1136.990723,129.2704
Backpacks of the Commonwealth.esp,2D005297,0007D623,NpcBenchDinerIntBoothSingleSit02,FURN,2069.797852,2738.075928,1136.990723,45.0000
Backpacks of the Commonwealth.esp,2D005296,0007D61B,NpcBenchDinerIntBoothSingleSit01,FURN,2197.216553,2610.657471,1136.990723,45.0000
Backpacks of the Commonwealth.esp,2D005295,000BA4AD,FederalistTableLong01,STAT,2131.298096,2549.472656,1136.990723,140.7296
Backpacks of the Commonwealth.esp,2D005294,0010907A,PoolTable01,STAT,1806.521484,103.907471,1104.990723,97.4028
Backpacks of the Commonwealth.esp,2D005293,0004CD67,HighTechRoundTable01_Dirty,STAT,2516.739990,1189.057129,1137.286865,0.0000
Backpacks of the Commonwealth.esp,2D005292,0001EE90,BldWoodPDividerPillar01,STAT,2173.478516,2448.832031,1136.990723,45.0000
Backpacks of the Commonwealth.esp,2D005291,0001EE92,BldWoodPDividerShort1Way02,STAT,2218.733154,2494.086914,1136.990723,45.0000
Backpacks of the Commonwealth.esp,2D005290,0001EE90,BldWoodPDividerPillar01,STAT,2263.988037,2539.341797,1136.990723,45.0000
Backpacks of the Commonwealth.esp,2D00528F,0001A871,BldWoodPSmWallPlugADoor01,STAT,2285.439453,978.260010,1104.990723,247.9184
Backpacks of the Commonwealth.esp,2D00528E,0001B7E3,BldWoodPMdWall01,STAT,2532.781494,1667.488770,1136.990723,0.0001
Backpacks of the Commonwealth.esp,2D00528D,0001B7E3,BldWoodPMdWall01,STAT,2532.781494,1923.488770,1136.990723,0.0001
Backpacks of the Commonwealth.esp,2D00528C,0008B5F6,TrashPileWall01,STAT,2542.638916,2033.354370,1253.594116,258.2517
Backpacks of the Commonwealth.esp,2D00528B,0007ED8C,DebrisPileLargeWood05,STAT,2537.593994,2060.256104,1160.917114,309.9083
Backpacks of the Commonwealth.esp,2D005289,0008B5F6,TrashPileWall01,STAT,2524.551270,1982.009644,1139.122314,258.1857
Backpacks of the Commonwealth.esp,2D005288,0008B648,TrashPileCorIn01,STAT,2349.880859,2073.961426,1101.816284,120.6758
Backpacks of the Commonwealth.esp,2D005287,0001CC23,BldWoodPMdWallPillarBg01,STAT,2389.958984,1047.589600,1104.990723,0.0000
Backpacks of the Commonwealth.esp,2D005286,000D4462,BldDecoSmFlrPlat01,STAT,2508.781738,1963.488770,1136.990723,180.0000
Backpacks of the Commonwealth.esp,2D005285,000D4462,BldDecoSmFlrPlat01,STAT,2492.781738,1963.488770,1120.990723,180.0000
Backpacks of the Commonwealth.esp,2D005284,000D4462,BldDecoSmFlrPlat01,STAT,2492.781494,1707.488647,1120.990723,180.0000
Backpacks of the Commonwealth.esp,2D005283,000D4462,BldDecoSmFlrPlat01,STAT,2508.781494,1707.488647,1136.990723,180.0000
Backpacks of the Commonwealth.esp,2D005282,0001EE90,BldWoodPDividerPillar01,STAT,2426.874756,2376.454834,1136.990723,45.0000
Backpacks of the Commonwealth.esp,2D005281,0001EE90,BldWoodPDividerPillar01,STAT,2336.365234,2285.945312,1136.990723,45.0000
Backpacks of the Commonwealth.esp,2D005280,0001EE91,BldWoodPDividerShort1Way01,STAT,2381.620117,2331.199951,1136.990723,45.0000
Backpacks of the Commonwealth.esp,2D00527F,000D4462,BldDecoSmFlrPlat01,STAT,2508.781494,1451.488647,1136.990723,180.0000
Backpacks of the Commonwealth.esp,2D00527E,000D4462,BldDecoSmFlrPlat01,STAT,2508.781250,1195.488647,1136.990723,180.0000
Backpacks of the Commonwealth.esp,2D00527D,000D4462,BldDecoSmFlrPlat01,STAT,2492.781250,1195.488647,1120.990723,180.0000
Backpacks of the Commonwealth.esp,2D00527C,000D4462,BldDecoSmFlrPlat01,STAT,2492.781494,1451.488647,1120.990723,180.0000
Backpacks of the Commonwealth.esp,2D00527B,0001D5C7,BldWoodPSmWallHole06,STAT,2096.335693,763.411743,1104.990723,67.9184
Backpacks of the Commonwealth.esp,2D00527A,0001A882,BldWoodPSmWallScktA01,STAT,2333.558105,859.648926,1104.990723,67.9184
Backpacks of the Commonwealth.esp,2D005279,0001A81F,BldWoodPSmFlrOnly01,STAT,1757.958984,-144.198486,1104.990723,0.0000
Backpacks of the Commonwealth.esp,2D005278,0001A81F,BldWoodPSmFlrOnly01,STAT,1501.958984,-144.198486,1104.990723,0.0000
Backpacks of the Commonwealth.esp,2D005277,0001A81F,BldWoodPSmFlrOnly01,STAT,2013.958984,-144.198486,1104.990723,0.0000
Backpacks of the Commonwealth.esp,2D005276,0001B7F3,BldWoodPMdWallCorner02,STAT,1444.781738,2371.489502,1104.990723,180.0001
Backpacks of the Commonwealth.esp,2D005275,0001B7F3,BldWoodPMdWallCorner02,STAT,1444.781860,1347.489380,1104.990723,90.0001
Backpacks of the Commonwealth.esp,2D005274,0001B7F3,BldWoodPMdWallCorner02,STAT,1700.781006,835.489136,1104.990723,90.0001
Backpacks of the Commonwealth.esp,2D005273,0001B7EC,BldWoodPMdWall07,STAT,1828.780762,451.489014,1104.990723,0.0000
Backpacks of the Commonwealth.esp,2D005272,0001B7F2,BldWoodPMdWallCorner01,STAT,1700.780518,323.489136,1104.990723,180.0001
Backpacks of the Commonwealth.esp,2D005271,0001D5A7,BldWoodPMdWallBotHole05,STAT,1817.013672,714.009521,1104.990723,180.0001
Backpacks of the Commonwealth.esp,2D005270,0001BA30,BldWlpSmWall02,STAT,2073.013428,458.009277,1104.990723,270.0001
Backpacks of the Commonwealth.esp,2D00526F,0001A889,BldWoodPSmWall01,STAT,2532.781006,899.488647,1104.990723,90.0001
Backpacks of the Commonwealth.esp,2D00526E,0001A882,BldWoodPSmWallScktA01,STAT,2420.289551,899.488770,1104.990723,180.0001
Backpacks of the Commonwealth.esp,2D00526D,0001A88A,BldWoodPSmWall02,STAT,2420.289551,643.488770,1104.990723,180.0001
Backpacks of the Commonwealth.esp,2D00526C,0001A889,BldWoodPSmWall01,STAT,2585.013672,714.008667,1104.990723,270.0001
Backpacks of the Commonwealth.esp,2D00526B,0001A88A,BldWoodPSmWall02,STAT,2329.013672,714.009033,1104.990723,270.0001
Backpacks of the Commonwealth.esp,2D00526A,0001BA2E,BldWlpSmWall01,STAT,2009.013428,458.009399,1104.990723,180.0001
Backpacks of the Commonwealth.esp,2D005269,0001BA2E,BldWlpSmWall01,STAT,2073.013428,458.009277,1104.990723,90.0001
Backpacks of the Commonwealth.esp,2D005268,0001A889,BldWoodPSmWall01,STAT,2096.335693,763.411743,1104.990723,337.9184
Backpacks of the Commonwealth.esp,2D005267,0001A88A,BldWoodPSmWall02,STAT,2073.013672,714.009277,1104.990723,270.0001
Backpacks of the Commonwealth.esp,2D005266,0001A81F,BldWoodPSmFlrOnly01,STAT,1501.958984,111.801514,1104.990723,0.0000
Backpacks of the Commonwealth.esp,2D005265,0001A81F,BldWoodPSmFlrOnly01,STAT,1757.958984,111.801514,1104.990723,0.0000
Backpacks of the Commonwealth.esp,2D005264,0001A823,BldWoodPSmFlrOnly05,STAT,2013.958984,111.801514,1104.990723,0.0000
Backpacks of the Commonwealth.esp,2D005263,0001B7E3,BldWoodPMdWall01,STAT,2084.780273,-29.783691,1104.990723,270.0001
Backpacks of the Commonwealth.esp,2D005262,0001D5A8,BldWoodPMdWallBotHole06,STAT,1572.780273,-60.510742,1104.990723,0.0001
Backpacks of the Commonwealth.esp,2D005261,0001B7EC,BldWoodPMdWall07,STAT,1572.780518,195.489258,1104.990723,0.0001
Backpacks of the Commonwealth.esp,2D005260,0001B7EB,BldWoodPMdWall06,STAT,1572.780518,195.489258,1104.990723,90.0001
Backpacks of the Commonwealth.esp,2D00525F,0001B7EE,BldWoodPMdWall09,STAT,1572.780273,-29.783447,1104.990723,270.0001
Backpacks of the Commonwealth.esp,2D00525E,0001D5A8,BldWoodPMdWallBotHole06,STAT,1828.780273,-29.783691,1104.990723,270.0001
Backpacks of the Commonwealth.esp,2D00525D,0001B7E6,BldWoodPMdWall03,STAT,1974.821167,6.544922,1104.990723,225.0001
Backpacks of the Commonwealth.esp,2D00525C,0001B7EB,BldWoodPMdWall06,STAT,2002.233398,-53.990723,1104.990723,180.0001
Backpacks of the Commonwealth.esp,2D00525B,0001A81F,BldWoodPSmFlrOnly01,STAT,1245.958984,1903.801636,1104.990723,0.0000
Backpacks of the Commonwealth.esp,2D00525A,0001A81F,BldWoodPSmFlrOnly01,STAT,1245.958984,2159.801758,1104.990723,0.0000
Backpacks of the Commonwealth.esp,2D005259,0001A81F,BldWoodPSmFlrOnly01,STAT,1245.958984,1647.801636,1104.990723,0.0000
Backpacks of the Commonwealth.esp,2D005258,0001A81F,BldWoodPSmFlrOnly01,STAT,1245.958984,1391.801636,1104.990723,0.0000
Backpacks of the Commonwealth.esp,2D005257,0001A81F,BldWoodPSmFlrOnly01,STAT,1245.958984,2415.801758,1104.990723,0.0000
Backpacks of the Commonwealth.esp,2D005256,0001B7E6,BldWoodPMdWall03,STAT,1316.781738,1987.489502,1104.990723,0.0000
Backpacks of the Commonwealth.esp,2D005255,0001B7E8,BldWoodPMdWall04,STAT,1316.781494,1731.489502,1104.990723,0.0000
Backpacks of the Commonwealth.esp,2D005254,0001B7EE,BldWoodPMdWall09,STAT,1316.781494,1475.489502,1104.990723,0.0000
Backpacks of the Commonwealth.esp,2D005253,0001B7E3,BldWoodPMdWall01,STAT,1572.781738,1219.489502,1104.990723,0.0000
Backpacks of the Commonwealth.esp,2D005252,0001B7E6,BldWoodPMdWall03,STAT,1572.782349,2755.489258,1104.990723,0.0000
Backpacks of the Commonwealth.esp,2D005251,0001B7E4,BldWoodPMdWall02,STAT,1316.781738,2243.489502,1104.990723,0.0000
Backpacks of the Commonwealth.esp,2D005250,0001B7EA,BldWoodPMdWall05,STAT,1572.781738,2499.489502,1104.990723,0.0000
Backpacks of the Commonwealth.esp,2D00524F,0001D5B6,BldWoodPMdWallTopHole06,STAT,1316.781494,2243.489746,1104.990723,90.0000
Backpacks of the Commonwealth.esp,2D00524E,0001B7F0,BldWoodPMdWall11,STAT,1316.781738,1475.489502,1104.990723,270.0000
Backpacks of the Commonwealth.esp,2D00524D,0001B7E3,BldWoodPMdWall01,STAT,1572.781006,963.489380,1104.990723,0.0000
Backpacks of the Commonwealth.esp,2D00524C,0001B7E3,BldWoodPMdWall01,STAT,1572.781006,963.489380,1104.990723,270.0000
Backpacks of the Commonwealth.esp,2D00524B,0001B7E8,BldWoodPMdWall04,STAT,1828.780884,707.489136,1104.990723,0.0000
Backpacks of the Commonwealth.esp,2D00524A,0001A81F,BldWoodPSmFlrOnly01,STAT,1501.958984,367.801636,1104.990723,0.0000
Backpacks of the Commonwealth.esp,2D005249,0001A81F,BldWoodPSmFlrOnly01,STAT,2013.958984,367.801636,1104.990723,0.0000
Backpacks of the Commonwealth.esp,2D005248,0001A821,BldWoodPSmFlrOnly03,STAT,1757.958984,367.801636,1104.990723,0.0000
Backpacks of the Commonwealth.esp,2D005247,0001A81F,BldWoodPSmFlrOnly01,STAT,2013.958984,623.801636,1104.990723,0.0000
Backpacks of the Commonwealth.esp,2D005246,0001A821,BldWoodPSmFlrOnly03,STAT,1757.958984,623.801636,1104.990723,0.0000
Backpacks of the Commonwealth.esp,2D005245,0001A81F,BldWoodPSmFlrOnly01,STAT,2269.958984,623.801636,1104.990723,0.0000
Backpacks of the Commonwealth.esp,2D005244,0001A81F,BldWoodPSmFlrOnly01,STAT,2525.958984,623.801636,1104.990723,0.0000
Backpacks of the Commonwealth.esp,2D005243,0001A81F,BldWoodPSmFlrOnly01,STAT,1501.958984,879.801636,1104.990723,0.0000
Backpacks of the Commonwealth.esp,2D005242,0001A822,BldWoodPSmFlrOnly04,STAT,2013.958984,879.801636,1104.990723,0.0000
Backpacks of the Commonwealth.esp,2D005241,0001A81F,BldWoodPSmFlrOnly01,STAT,1757.958984,879.801636,1104.990723,0.0000
Backpacks of the Commonwealth.esp,2D005240,0001A81F,BldWoodPSmFlrOnly01,STAT,2269.958984,879.801636,1104.990723,0.0000
Backpacks of the Commonwealth.esp,2D00523F,0001A81F,BldWoodPSmFlrOnly01,STAT,2525.958984,879.801636,1104.990723,0.0000
Backpacks of the Commonwealth.esp,2D00523E,0001A81F,BldWoodPSmFlrOnly01,STAT,1501.958984,1135.801636,1104.990723,0.0000
Backpacks of the Commonwealth.esp,2D00523D,0001A81F,BldWoodPSmFlrOnly01,STAT,1501.958984,1391.801636,1104.990723,0.0000
Backpacks of the Commonwealth.esp,2D00523C,0001A822,BldWoodPSmFlrOnly04,STAT,1757.958984,1135.801636,1104.990723,0.0000
Backpacks of the Commonwealth.esp,2D00523B,0001A81F,BldWoodPSmFlrOnly01,STAT,1757.958984,1391.801636,1104.990723,0.0000
Backpacks of the Commonwealth.esp,2D00523A,0001A81F,BldWoodPSmFlrOnly01,STAT,2013.958984,1135.801636,1104.990723,0.0000
Backpacks of the Commonwealth.esp,2D005239,0001A81F,BldWoodPSmFlrOnly01,STAT,2013.958984,1391.801636,1104.990723,0.0000
Backpacks of the Commonwealth.esp,2D005238,0001A81F,BldWoodPSmFlrOnly01,STAT,2269.958984,1135.801636,1104.990723,0.0000
Backpacks of the Commonwealth.esp,2D005237,0001A81F,BldWoodPSmFlrOnly01,STAT,2525.958984,1135.801636,1104.990723,0.0000
Backpacks of the Commonwealth.esp,2D005236,0001A81F,BldWoodPSmFlrOnly01,STAT,2525.958984,1391.801636,1104.990723,0.0000
Backpacks of the Commonwealth.esp,2D005235,0001A81F,BldWoodPSmFlrOnly01,STAT,2269.958984,1391.801636,1104.990723,0.0000
Backpacks of the Commonwealth.esp,2D005234,0001B7E8,BldWoodPMdWall04,STAT,2155.840820,187.563965,1104.990723,225.0001
Backpacks of the Commonwealth.esp,2D005233,0001D5B6,BldWoodPMdWallTopHole06,STAT,2002.233643,202.009277,1104.990723,180.0001
Backpacks of the Commonwealth.esp,2D005232,0001B7F2,BldWoodPMdWallCorner01,STAT,1945.013428,330.009399,1104.990723,270.0001
Backpacks of the Commonwealth.esp,2D005231,0001B7E3,BldWoodPMdWall01,STAT,2073.013184,202.009277,1104.990723,90.0001
Backpacks of the Commonwealth.esp,2D005230,0001B7D8,BldWoodPMdWallScktABot01,STAT,1817.013428,458.009521,1104.990723,180.0001
Backpacks of the Commonwealth.esp,2D00522F,0001D5A4,BldWoodPMdWallBotHole09,STAT,2010.936890,996.321411,1104.990723,247.9184
Backpacks of the Commonwealth.esp,2D00522E,0001B7D8,BldWoodPMdWallScktABot01,STAT,2237.320801,1096.871094,1104.990723,247.9184
Backpacks of the Commonwealth.esp,2D00522D,0001B7E8,BldWoodPMdWall04,STAT,2540.781250,1187.276611,1136.990723,270.0001
Backpacks of the Commonwealth.esp,2D00522C,0001B7EF,BldWoodPMdWall10,STAT,2508.781250,1155.488647,1136.990723,180.0000
Backpacks of the Commonwealth.esp,2D00522B,0001B7E8,BldWoodPMdWall04,STAT,2508.781494,1411.488647,1136.990723,180.0000
Backpacks of the Commonwealth.esp,2D00522A,0001B7F3,BldWoodPMdWallCorner02,STAT,2404.781494,1539.488770,1136.990723,270.0001
Backpacks of the Commonwealth.esp,2D005229,0001B7EA,BldWoodPMdWall05,STAT,2532.781494,1411.488647,1136.990723,90.0000
Backpacks of the Commonwealth.esp,2D005228,0001B7E4,BldWoodPMdWall02,STAT,2276.781494,1667.488892,1136.990723,180.0000
Backpacks of the Commonwealth.esp,2D005227,0001A875,BldWoodPSmWallPlugBDblDoor01,STAT,2532.781982,2051.488770,1136.990723,270.0000
Backpacks of the Commonwealth.esp,2D005226,0001B7DD,BldWoodPMdWallScktBBot02,STAT,2532.781982,2179.488770,1136.990723,270.0000
Backpacks of the Commonwealth.esp,2D005225,00076A4C,DinerIntCounterThinHalf01,STAT,1956.725342,1898.490601,1104.990723,270.0000
Backpacks of the Commonwealth.esp,2D005224,0019B5C7,DinerIntCounterCornerTranThinLeftDebris01,SCOL,1828.725342,1898.490723,1104.990723,270.0000
Backpacks of the Commonwealth.esp,2D005223,0001A81F,BldWoodPSmFlrOnly01,STAT,1501.958984,1647.801636,1104.990723,0.0000
Backpacks of the Commonwealth.esp,2D005222,0001A81F,BldWoodPSmFlrOnly01,STAT,1757.958984,1647.801636,1104.990723,0.0000
Backpacks of the Commonwealth.esp,2D005221,0001A81F,BldWoodPSmFlrOnly01,STAT,2269.958984,1647.801636,1104.990723,0.0000
Backpacks of the Commonwealth.esp,2D005220,0001A81F,BldWoodPSmFlrOnly01,STAT,2013.958984,1647.801636,1104.990723,0.0000
Backpacks of the Commonwealth.esp,2D00521F,0001A81F,BldWoodPSmFlrOnly01,STAT,2525.958984,2159.801758,1104.990723,0.0000
Backpacks of the Commonwealth.esp,2D00521E,0001A81F,BldWoodPSmFlrOnly01,STAT,2269.958984,1903.801636,1104.990723,0.0000
Backpacks of the Commonwealth.esp,2D00521D,0001A81F,BldWoodPSmFlrOnly01,STAT,2269.958984,2159.801758,1104.990723,0.0000
Backpacks of the Commonwealth.esp,2D00521B,0001A81F,BldWoodPSmFlrOnly01,STAT,2013.958984,2671.801758,1104.990723,0.0000
Backpacks of the Commonwealth.esp,2D00521A,0001A81F,BldWoodPSmFlrOnly01,STAT,2013.958984,1903.801636,1104.990723,0.0000
Backpacks of the Commonwealth.esp,2D005219,0001A81F,BldWoodPSmFlrOnly01,STAT,2013.958984,2159.801758,1104.990723,0.0000
Backpacks of the Commonwealth.esp,2D005218,0001A81F,BldWoodPSmFlrOnly01,STAT,2013.958984,2415.801758,1104.990723,0.0000
Backpacks of the Commonwealth.esp,2D005217,00082CD2,BldBrickBgWall02,STAT,2013.958984,2671.801514,1008.990723,90.0000
Backpacks of the Commonwealth.esp,2D005216,0001A81F,BldWoodPSmFlrOnly01,STAT,1501.958984,1903.801636,1104.990723,0.0000
Backpacks of the Commonwealth.esp,2D005215,0001A81F,BldWoodPSmFlrOnly01,STAT,1757.958984,1903.801636,1104.990723,0.0000
Backpacks of the Commonwealth.esp,2D005214,0001A81F,BldWoodPSmFlrOnly01,STAT,1501.958984,2159.801758,1104.990723,0.0000
Backpacks of the Commonwealth.esp,2D005213,0001A81F,BldWoodPSmFlrOnly01,STAT,1757.958984,2159.801758,1104.990723,0.0000
Backpacks of the Commonwealth.esp,2D005212,0001A81F,BldWoodPSmFlrOnly01,STAT,1501.958984,2415.801758,1104.990723,0.0000
Backpacks of the Commonwealth.esp,2D005211,0001A81F,BldWoodPSmFlrOnly01,STAT,1757.958984,2415.801758,1104.990723,0.0000
Backpacks of the Commonwealth.esp,2D005210,0001A81F,BldWoodPSmFlrOnly01,STAT,1757.958984,2671.801758,1104.990723,0.0000
Backpacks of the Commonwealth.esp,2D00520F,000D4462,BldDecoSmFlrPlat01,STAT,1882.409790,2743.232910,1120.990723,135.0000
Backpacks of the Commonwealth.esp,2D00520E,000D4462,BldDecoSmFlrPlat01,STAT,2606.486572,2019.155273,1120.990723,135.0000
Backpacks of the Commonwealth.esp,2D00520D,000D4462,BldDecoSmFlrPlat01,STAT,2425.467529,2200.174561,1120.990723,135.0000
Backpacks of the Commonwealth.esp,2D00520C,000D4462,BldDecoSmFlrPlat01,STAT,2316.788086,2346.307129,1120.990723,135.0000
Backpacks of the Commonwealth.esp,2D00520B,000D4462,BldDecoSmFlrPlat01,STAT,2063.428955,2562.213623,1120.990723,135.0000
Backpacks of the Commonwealth.esp,2D00520A,00082CDD,BldBrickBgWall10,STAT,1501.958984,2671.801758,1008.990723,90.0000
Backpacks of the Commonwealth.esp,2D005209,00082CFD,BldBrickBgWallMidHole05,STAT,1757.958984,2671.801514,1008.990723,90.0000
Backpacks of the Commonwealth.esp,2D005208,000D4462,BldDecoSmFlrPlat01,STAT,2798.820068,2211.488525,1136.990723,135.0000
Backpacks of the Commonwealth.esp,2D005207,000D4462,BldDecoSmFlrPlat01,STAT,2617.800781,2392.507812,1136.990723,135.0000
Backpacks of the Commonwealth.esp,2D005206,00082CD9,BldBrickBgWall06,STAT,1893.723511,2754.546875,1008.990723,135.0000
Backpacks of the Commonwealth.esp,2D005205,000D4462,BldDecoSmFlrPlat01,STAT,2617.800781,2030.469238,1136.990723,135.0000
Backpacks of the Commonwealth.esp,2D005204,000D4462,BldDecoSmFlrPlat01,STAT,2436.781494,2211.488525,1136.990723,135.0000
Backpacks of the Commonwealth.esp,2D005203,000D4462,BldDecoSmFlrPlat01,STAT,2255.762207,2392.508057,1136.990723,135.0000
Backpacks of the Commonwealth.esp,2D005202,0001B7F2,BldWoodPMdWallCorner01,STAT,2404.781738,2051.488770,1136.990723,0.0000
Backpacks of the Commonwealth.esp,2D005201,000D4462,BldDecoSmFlrPlat01,STAT,1893.723511,2754.546875,1136.990723,225.0000
Backpacks of the Commonwealth.esp,2D005200,000D4462,BldDecoSmFlrPlat01,STAT,2074.742676,2573.527344,1136.990723,135.0000
Backpacks of the Commonwealth.esp,2D0051FF,0001A871,BldWoodPSmWallPlugADoor01,STAT,2346.271729,2483.017578,1136.990723,135.0000
Backpacks of the Commonwealth.esp,2D0051FE,0001A81F,BldWoodPSmFlrOnly01,STAT,1501.958984,2671.801758,1104.990723,0.0000
Backpacks of the Commonwealth.esp,2D0051FD,00082D18,BldBrickBgWallScktAMid01,STAT,2255.762207,2392.508057,1008.990723,135.0000
Backpacks of the Commonwealth.esp,2D0051FC,00082CD4,BldBrickBgWall03,STAT,2532.781494,2019.488770,1008.990723,180.0000
Backpacks of the Commonwealth.esp,2D0051FB,00082CFA,BldBrickBgWallMidHole02,STAT,2532.781738,2275.488770,1008.990723,180.0000
Backpacks of the Commonwealth.esp,2D0051FA,00082CF2,BldBrickBgWallCorner02,STAT,2436.781494,2392.508057,1008.990723,135.0000
Backpacks of the Commonwealth.esp,2D0051F9,00082CF1,BldBrickBgWallCorner01,STAT,2436.781494,2392.508057,1008.990723,225.0000
Backpacks of the Commonwealth.esp,2D0051F8,00082CD4,BldBrickBgWall03,STAT,2564.781494,2275.488525,1008.990723,90.0000
Backpacks of the Commonwealth.esp,2D0051F7,00082CD4,BldBrickBgWall03,STAT,2074.742676,2573.527344,1008.990723,135.0000
Backpacks of the Commonwealth.esp,2D0051F6,0001B7E6,BldWoodPMdWall03,STAT,2276.781738,1923.488770,1136.990723,180.0000
Backpacks of the Commonwealth.esp,2D0051F4,00107BD6,BaseballGrenade,WEAP,2362.582031,792.315796,1163.579224,0.0000
Backpacks of the Commonwealth.esp,2D0055D9,2D00636D,Backpack_Armor_BPMailBag,ARMO,1802.544922,1885.273071,1191.623413,262.2852
Backpacks of the Commonwealth.esp,2D0055EE,0001FA5A,RadioTransmitter,ACTI,2006.693481,21.169983,1168.990723,0.0000
Backpacks of the Commonwealth.esp,2D0055E9,00000034,XMarkerHeading,STAT,2232.000000,2440.000000,1136.000000,211.9944
Backpacks of the Commonwealth.esp,2D0051F1,001BED84,PaintedWoodDoorLoadB02,DOOR,2346.271729,2483.017578,1136.990723,45.0000
Backpacks of the Commonwealth.esp,2D0051F0,00140B22,Glass_Generic,MISC,1857.101196,1340.894287,1182.561523,325.8447
Backpacks of the Commonwealth.esp,2D0051EF,0011EB44,BeerGlassGwinnett01,MISC,1818.321289,1341.070557,1182.990723,15.5095
Backpacks of the Commonwealth.esp,2D0051ED,001A4D42,SkeletonClothedM03,MSTT,1863.183350,1307.007568,1177.836914,239.3995
Backpacks of the Commonwealth.esp,2D00E988,2D00D27A,Backpack_Armor_BPOutcast,ARMO,1746.415283,525.771240,52.212448,82.9928
Backpacks of the Commonwealth.esp,2D08ECE8,000211F5,WoodCrate01,STAT,2612.351807,1303.527832,-29.663403,256.8676
Backpacks of the Commonwealth.esp,2D08ECE7,2D06CA1C,Backpack_Armor_BPChem,ARMO,2618.871094,1282.067871,16.667561,144.9778
Backpacks of the Commonwealth.esp,2D023E43,2D060E4B,Backpack_Armor_BPNuka,ARMO,-1848.265503,-728.694763,-665.107117,357.2835
Backpacks of the Commonwealth.esp,2D00E7B6,2D068514,backpack_x_BobbleHead_BPVaultCC100Sneak,MISC,172.705200,5901.058105,74.887573,194.8057
Backpacks of the Commonwealth.esp,2D003E6D,2D002E9D,Backpack_Armor_BPTinker,ARMO,0.013832,2181.334229,497.332184,141.3938
Backpacks of the Commonwealth.esp,2D00B54F,2D002E8B,Backpack_Armor_BPTrapper,ARMO,1265.443481,1898.267090,11.489495,185.5073
