source_file,ref_formid,base_formid,base_editorid,base_signature,pos_x,pos_y,pos_z,rot_z
Boat To Spectacle Island.esp,FE056418,000457C4,VineHanging03,STAT,69408.000000,-53876.000000,804.000000,180.0000
Boat To Spectacle Island.esp,FE056417,00048BAC,VineDecalSmall01,STAT,69436.000000,-53876.000000,564.000000,0.0000
Boat To Spectacle Island.esp,FE056416,00047E3F,VineDecalMed02,STAT,69436.000000,-53876.000000,688.000000,0.0000
Boat To Spectacle Island.esp,FE056415,000211F4,WoodBarrel01,STAT,69139.468750,-54342.453125,554.046875,0.0000
Boat To Spectacle Island.esp,FE056414,001A594C,Bin_Plastic,MSTT,69228.000000,-53940.000000,610.221008,350.0000
Boat To Spectacle Island.esp,FE056413,001A5949,WoodBasket,MSTT,69444.000000,-54100.000000,556.000000,0.0000
Boat To Spectacle Island.esp,FE056412,0004D1F5,Wrench01,MISC,69231.148438,-53935.355469,621.545349,78.1831
Boat To Spectacle Island.esp,FE056411,0004D1F7,Wrench03,MISC,69232.546875,-53940.316406,620.650635,258.5058
Boat To Spectacle Island.esp,FE056410,0004D1F6,Wrench02,MISC,69179.859375,-53922.531250,612.977539,5.3010
Boat To Spectacle Island.esp,FE05640F,0004D1F3,Hammer01,MISC,69179.804688,-53927.085937,612.870483,63.9612
Boat To Spectacle Island.esp,FE05640E,00084D7A,WrhsDoorSmMetal01,DOOR,69047.765625,-54255.066406,556.000000,90.0000
Boat To Spectacle Island.esp,FE05640D,000E7D99,StepLadderClosed,STAT,69332.828125,-53932.269531,554.046875,0.0000
Boat To Spectacle Island.esp,FE05640C,001A0380,Loot_ToolChest,CONT,69545.570312,-53927.406250,554.036499,90.0000
Boat To Spectacle Island.esp,FE05640B,000670B1,Loot_Prewar_ToolBox,CONT,69097.843750,-53921.890625,610.221130,30.0000
Boat To Spectacle Island.esp,FE05640A,000928C1,DummyNoEdit_Weap_All_Short,MISC,69223.265625,-53930.320312,612.039001,270.0000
Boat To Spectacle Island.esp,FE056409,000B3651,DummyNoEdit_RadMeds,MISC,69409.031250,-53933.691406,617.618347,0.0000
Boat To Spectacle Island.esp,FE056408,00060E73,AntiFreeze,MISC,69117.062500,-53925.648437,616.187805,201.5783
Boat To Spectacle Island.esp,FE056407,00059A71,AbraxoCleaner,MISC,69116.906250,-53936.625000,612.284851,272.3011
Boat To Spectacle Island.esp,FE056406,00059B36,FishingRod,MISC,69370.625000,-53938.933594,556.045349,343.1898
Boat To Spectacle Island.esp,FE056405,00049D9F,Prewar_Cabinet_Garage_01,CONT,69164.468750,-53931.000000,554.046875,0.0000
Boat To Spectacle Island.esp,FE056404,00049DA0,Prewar_Cabinet_Garage_02,CONT,69445.812500,-53932.800781,554.046875,0.0000
Boat To Spectacle Island.esp,FE056403,030024E7,FishRackTable01Long01,STAT,69095.203125,-54106.574219,554.046875,180.5140
Boat To Spectacle Island.esp,FE056402,030024B7,FishNetHanging04,STAT,69206.601562,-54374.269531,557.029663,357.5583
Boat To Spectacle Island.esp,FE056401,000224FF,ShackSteps01,STAT,69044.000000,-54264.000000,500.000000,180.0001
Boat To Spectacle Island.esp,FE056400,030018F7,PierGangplank01SCBuoy02,SCOL,68686.335937,-54824.957031,533.984253,300.7578
Boat To Spectacle Island.esp,FE056FD4,03001934,PierRailing02SCBuoy01,SCOL,69944.000000,-53816.000000,554.598145,90.0000
Boat To Spectacle Island.esp,FE056FD2,000E0B85,workshop_ShackBalconyRailing02,STAT,70043.648438,-54516.140625,792.667358,80.0000
Boat To Spectacle Island.esp,FE056FD1,000E0B84,workshop_ShackBalconyRailing01,STAT,70160.000000,-54392.000000,792.000000,0.0000
Boat To Spectacle Island.esp,FE056FD0,000E0B87,workshop_ShackBalconyRailing04,STAT,69973.328125,-54041.375000,732.018127,350.0000
Boat To Spectacle Island.esp,FE056FCF,0003476B,ShackBridgeFree01,STAT,70026.492188,-54279.503906,726.164490,353.8643
Boat To Spectacle Island.esp,FE056FCD,00062319,Shack_Single_Plywood02_Ramp,STAT,70035.476562,-54370.535156,739.212463,259.4066
Boat To Spectacle Island.esp,FE056FCA,0021060C,workshop_ShackBalconyRailingDbl01,STAT,70024.000000,-54212.000000,724.000000,85.0000
Boat To Spectacle Island.esp,FE056FC7,000E0BBA,workshop_ShackBridge02,STAT,70000.000000,-54204.000000,728.000000,170.0000
Boat To Spectacle Island.esp,FE056FC6,000E0BAF,workshop_ShackBridge01,STAT,70112.000000,-54520.000000,780.000000,85.0000
Boat To Spectacle Island.esp,FE056FC1,00075804,ShackStairs01,STAT,70020.000000,-54116.000000,516.000000,350.0000
Boat To Spectacle Island.esp,FE0563FD,000211F4,WoodBarrel01,STAT,69840.328125,-53917.007812,552.645020,0.0000
Boat To Spectacle Island.esp,FE0563FC,00084D7B,WrhsDoorSmMetal02,DOOR,69803.765625,-54007.066406,556.000000,90.0000
Boat To Spectacle Island.esp,FE0563FB,030024AF,FishNetHanging01,STAT,69676.390625,-54119.992187,662.322876,90.7552
Boat To Spectacle Island.esp,FE0563FA,001ABE3A,MetalShelf01_Broken02,STAT,69666.015625,-53931.730469,553.917480,0.0000
Boat To Spectacle Island.esp,FE0563F9,030024D1,FishNetFallen01,STAT,70263.945312,-54177.304687,552.645020,270.0000
Boat To Spectacle Island.esp,FE0563F8,030039EF,FishNetFallenCor02,STAT,69987.765625,-54007.066406,552.000000,313.5448
Boat To Spectacle Island.esp,FE0563F7,0003251F,DefaultSetStageTriggerPlayerOnly,ACTI,70059.460938,-54025.789062,672.168396,0.0000
Boat To Spectacle Island.esp,FE0563F6,03001936,PierRailingLong02SCBuoy01,SCOL,70316.000000,-54071.199219,554.598145,0.0000
Boat To Spectacle Island.esp,FE0563F5,000CFE70,UtilMetalElevatorHatch01Static,STAT,35663.105469,-32203.789062,268.821930,42.0587
Boat To Spectacle Island.esp,FE0563F4,000CFE70,UtilMetalElevatorHatch01Static,STAT,34628.410156,-30822.896484,308.973267,17.7081
Boat To Spectacle Island.esp,FE0563F2,FE056031,BTI_Pier_Castle_Furn,SCOL,43624.000000,-55840.000000,620.000000,0.0000
Boat To Spectacle Island.esp,FE0563F1,0003251F,DefaultSetStageTriggerPlayerOnly,ACTI,43268.644531,-55957.574219,698.723572,0.0000
Boat To Spectacle Island.esp,FE0563F0,000928C1,DummyNoEdit_Weap_All_Short,MISC,43392.000000,-55188.000000,668.000000,269.9368
Boat To Spectacle Island.esp,FE0563EF,000B3651,DummyNoEdit_RadMeds,MISC,43113.234375,-55116.460937,636.968750,0.0000
Boat To Spectacle Island.esp,FE0563EE,00198DFE,DummyNoEdit_Mine_All,MISC,43117.660156,-55174.136719,713.677795,0.0000
Boat To Spectacle Island.esp,FE0563ED,000B363A,DummyNoEdit_Drink_Any,MISC,43111.359375,-55150.304687,636.968750,0.0000
Boat To Spectacle Island.esp,FE0563EC,000B363A,DummyNoEdit_Drink_Any,MISC,43111.359375,-55157.941406,636.968750,0.0000
Boat To Spectacle Island.esp,FE0563EB,000B3637,DummyNoEdit_Chems_Any,MISC,43111.359375,-55179.863281,636.866455,0.0000
Boat To Spectacle Island.esp,FE0563EA,000B3643,DummyNoEdit_Food_Packaged,MISC,43108.363281,-55114.054687,669.723755,0.0000
Boat To Spectacle Island.esp,FE0563E9,000B3643,DummyNoEdit_Food_Packaged,MISC,43122.226562,-55140.769531,669.032715,0.0000
Boat To Spectacle Island.esp,FE0563E8,00198E04,DummyNoEdit_Food_All,MISC,43108.000000,-55180.000000,669.032715,0.0000
Boat To Spectacle Island.esp,FE0563E7,0004D1F3,Hammer01,MISC,43384.000000,-55140.000000,664.000000,240.0001
Boat To Spectacle Island.esp,FE0563E6,0004D1F6,Wrench02,MISC,43400.000000,-55144.000000,664.000000,35.0000
Boat To Spectacle Island.esp,FE0563E5,0004D1F7,Wrench03,MISC,43380.000000,-55068.000000,665.604919,330.0000
Boat To Spectacle Island.esp,FE0563E4,00096A21,OilLamp_Off,MISC,43400.000000,-55052.000000,663.983398,65.0000
Boat To Spectacle Island.esp,FE0563E3,0004B273,OilCan01,MISC,43404.000000,-55028.000000,664.000000,330.0000
Boat To Spectacle Island.esp,FE0563E2,00059B33,GasCanister,MISC,43392.000000,-55324.000000,608.000000,5.0000
Boat To Spectacle Island.esp,FE0563E1,00059B33,GasCanister,MISC,43388.000000,-55296.000000,606.046753,335.0000
Boat To Spectacle Island.esp,FE0563E0,0004D1F7,Wrench03,MISC,43397.667969,-55400.445312,682.656250,60.3200
Boat To Spectacle Island.esp,FE0563DF,0004D1F6,Wrench02,MISC,43104.000000,-55316.000000,636.000000,268.6096
Boat To Spectacle Island.esp,FE0563DE,0004D1F3,Hammer01,MISC,43102.253906,-55276.660156,635.085083,300.0011
Boat To Spectacle Island.esp,FE0563DD,0004D1F5,Wrench01,MISC,43110.597656,-55264.941406,637.624512,136.8290
Boat To Spectacle Island.esp,FE0563DC,000366C1,Whiskey,ALCH,43111.753906,-55267.542969,658.587158,270.0000
Boat To Spectacle Island.esp,FE0563DB,00059A80,MetalBucket,MISC,43100.078125,-55285.253906,658.626831,270.0000
Boat To Spectacle Island.esp,FE0563DA,00059B1E,Turpentine,MISC,43102.152344,-55319.929687,658.585449,345.0000
Boat To Spectacle Island.esp,FE0563D9,0019B605,MetalTable01Debris01,SCOL,43104.765625,-55295.128906,602.587158,270.0000
Boat To Spectacle Island.esp,FE0563D8,000E7AB9,Sledgehammer,WEAP,43664.000000,-56300.000000,468.000000,318.9902
Boat To Spectacle Island.esp,FE0563D7,0001F90A,TinCan01,MISC,43597.871094,-56383.875000,452.860474,344.1158
Boat To Spectacle Island.esp,FE0563D6,0004D1F4,ScrewDriver01,MISC,43605.617188,-56382.542969,456.314087,48.5060
Boat To Spectacle Island.esp,FE0563D5,00112FE7,Barnacle01,STAT,43733.718750,-56213.589844,447.461548,237.3777
Boat To Spectacle Island.esp,FE0563D4,00112FE7,Barnacle01,STAT,43737.000000,-56235.218750,455.520386,237.3777
Boat To Spectacle Island.esp,FE0563D3,00112FE9,Barnacle02,STAT,43731.667969,-56232.433594,446.381348,235.0793
Boat To Spectacle Island.esp,FE0563D2,00112FE9,Barnacle02,STAT,43734.554688,-56249.671875,451.736206,2.4466
Boat To Spectacle Island.esp,FE0563D1,00112FE7,Barnacle01,STAT,43733.515625,-56330.070312,462.885132,282.2325
Boat To Spectacle Island.esp,FE0563D0,00112FE7,Barnacle01,STAT,43723.925781,-56367.925781,453.882324,275.8614
Boat To Spectacle Island.esp,FE0563CF,00112FE7,Barnacle01,STAT,43730.082031,-56359.125000,461.375366,282.2325
Boat To Spectacle Island.esp,FE0563CE,00112FE9,Barnacle02,STAT,43731.671875,-56344.894531,462.252686,282.2325
Boat To Spectacle Island.esp,FE0563CD,00112FE7,Barnacle01,STAT,43738.917969,-56247.449219,443.112183,255.4314
Boat To Spectacle Island.esp,FE0563CC,00112FE7,Barnacle01,STAT,43740.558594,-56228.921875,442.970337,255.4314
Boat To Spectacle Island.esp,FE0563CB,00112FE7,Barnacle01,STAT,43742.800781,-56232.425781,448.180054,255.4315
Boat To Spectacle Island.esp,FE0563CA,00112FE7,Barnacle01,STAT,43723.328125,-56449.558594,455.614258,235.7507
Boat To Spectacle Island.esp,FE0563C9,00112FE7,Barnacle01,STAT,43719.453125,-56467.746094,455.367798,235.7507
Boat To Spectacle Island.esp,FE0563C8,00112FE7,Barnacle01,STAT,43724.597656,-56453.312500,460.977417,235.7508
Boat To Spectacle Island.esp,FE0563C7,00112FE7,Barnacle01,STAT,43733.605469,-56356.191406,448.630127,264.9872
Boat To Spectacle Island.esp,FE0563C6,00112FE7,Barnacle01,STAT,43736.855469,-56383.687500,462.770996,252.2212
Boat To Spectacle Island.esp,FE0563C5,00112FE7,Barnacle01,STAT,43732.582031,-56412.671875,462.771240,252.2212
Boat To Spectacle Island.esp,FE0563C4,00112FE7,Barnacle01,STAT,43735.312500,-56373.519531,454.665894,259.5972
Boat To Spectacle Island.esp,FE0563C3,00112FE9,Barnacle02,STAT,43734.921875,-56397.902344,462.771240,252.2212
Boat To Spectacle Island.esp,FE0563C2,0008CD00,Loot_Prewar_Safe,CONT,43630.121094,-56108.128906,432.710937,332.8170
Boat To Spectacle Island.esp,FE0563C1,00112FE7,Barnacle01,STAT,43746.929688,-56206.660156,452.230713,265.3382
Boat To Spectacle Island.esp,FE0563C0,00112FE7,Barnacle01,STAT,43744.160156,-56209.351562,446.689453,265.3382
Boat To Spectacle Island.esp,FE0563BF,00112FE7,Barnacle01,STAT,43745.460938,-56180.082031,446.697144,265.3382
Boat To Spectacle Island.esp,FE0563BE,00112FE9,Barnacle02,STAT,43744.988281,-56194.421875,446.696777,265.3382
Boat To Spectacle Island.esp,FE0563BD,0003A640,Tire02,MSTT,43084.000000,-54988.000000,632.000000,0.0000
Boat To Spectacle Island.esp,FE0563BC,0008F6B7,Loot_Prewar_Toolcase,CONT,43388.000000,-55010.191406,619.250854,270.0000
Boat To Spectacle Island.esp,FE0563BB,000670B1,Loot_Prewar_ToolBox,CONT,43404.000000,-55102.488281,664.000000,35.0000
Boat To Spectacle Island.esp,FE0563BA,00049DA2,Prewar_Cabinet_Garage_04,CONT,43388.000000,-55238.488281,608.000000,90.0000
Boat To Spectacle Island.esp,FE0563B9,00049D9F,Prewar_Cabinet_Garage_01,CONT,43384.000000,-55110.488281,608.000000,90.0000
Boat To Spectacle Island.esp,FE0563B8,03001934,PierRailing02SCBuoy01,SCOL,43196.000000,-55888.000000,604.000000,270.0000
Boat To Spectacle Island.esp,FE0563B7,0001D18E,TrashDecal02,STAT,40344.281250,-39701.128906,570.138306,356.9308
Boat To Spectacle Island.esp,FE0563B6,0008A5D7,TrashEdge01,STAT,40222.066406,-39674.863281,544.452515,357.5267
Boat To Spectacle Island.esp,FE0563B5,00165015,OfficePaperDebris05,STAT,40299.199219,-40155.562500,460.359192,359.0131
Boat To Spectacle Island.esp,FE0563B4,0001D1B5,TrashDecal04,STAT,40251.363281,-39963.234375,463.623291,359.0131
Boat To Spectacle Island.esp,FE0563B3,00165015,OfficePaperDebris05,STAT,40399.562500,-40232.671875,477.418793,359.0131
Boat To Spectacle Island.esp,FE0563B2,0001D1AF,TrashDecal03,STAT,40381.519531,-40171.015625,477.944458,82.0920
Boat To Spectacle Island.esp,FE0563B1,000C5748,DCKitPlywood12,STAT,40430.742188,-39320.296875,619.913513,41.3215
Boat To Spectacle Island.esp,FE0563B0,000C574D,DCKitPlywoodBroke04,STAT,40347.945312,-39459.515625,631.625977,28.1648
Boat To Spectacle Island.esp,FE0563AF,03003684,BarnPlanks03,STAT,40386.578125,-39391.566406,620.989197,300.7394
Boat To Spectacle Island.esp,FE0563AE,FE05602E,BTI_BoatConsole_2,SCOL,40265.675781,-39846.808594,504.569397,0.0000
Boat To Spectacle Island.esp,FE0563AD,00118CD1,BoatFishing03_Red,STAT,40298.007812,-40047.878906,269.429504,94.6000
Boat To Spectacle Island.esp,FE0563AC,000CFE70,UtilMetalElevatorHatch01Static,STAT,40383.605469,-40003.863281,280.976196,5.5049
Boat To Spectacle Island.esp,FE0563AB,001A4D42,SkeletonClothedM03,MSTT,40829.238281,-34900.562500,623.947632,0.0000
Boat To Spectacle Island.esp,FE0563AA,0018B217,Loot_DuffleBag_Cash,CONT,40929.253906,-34877.484375,486.661682,26.0696
Boat To Spectacle Island.esp,FE0563A9,00112FE7,Barnacle01,STAT,40928.187500,-35202.621094,504.949829,270.0000
Boat To Spectacle Island.esp,FE0563A8,00112FE7,Barnacle01,STAT,40913.070312,-35196.167969,505.704895,270.0000
Boat To Spectacle Island.esp,FE0563A7,00112FE7,Barnacle01,STAT,40918.882812,-35198.945312,514.521973,270.0000
Boat To Spectacle Island.esp,FE0563A6,00112FE7,Barnacle01,STAT,40880.574219,-35168.199219,489.454926,270.0000
Boat To Spectacle Island.esp,FE0563A5,00112FE9,Barnacle02,STAT,40882.914062,-35189.824219,528.494751,270.0000
Boat To Spectacle Island.esp,FE0563A4,00112FE9,Barnacle02,STAT,40846.113281,-35150.164062,496.765656,163.0835
Boat To Spectacle Island.esp,FE0563A3,00112FE9,Barnacle02,STAT,40721.074219,-35049.332031,509.458618,159.1104
Boat To Spectacle Island.esp,FE0563A2,00112FE9,Barnacle02,STAT,40725.753906,-35076.859375,544.255432,156.0676
Boat To Spectacle Island.esp,FE0563A1,00112FE7,Barnacle01,STAT,40729.832031,-35039.195312,476.767151,159.2807
Boat To Spectacle Island.esp,FE0563A0,00112FE7,Barnacle01,STAT,40641.308594,-34971.921875,586.855286,142.5555
Boat To Spectacle Island.esp,FE05639F,00112FE7,Barnacle01,STAT,40690.261719,-35009.949219,505.871399,161.5086
Boat To Spectacle Island.esp,FE05639E,00112FE9,Barnacle02,STAT,40657.875000,-34987.765625,564.433899,153.1404
Boat To Spectacle Island.esp,FE05639D,00112FE9,Barnacle02,STAT,40684.878906,-34915.843750,491.594910,18.0616
Boat To Spectacle Island.esp,FE05639C,00112FE9,Barnacle02,STAT,40685.136719,-34876.824219,564.906250,12.1511
Boat To Spectacle Island.esp,FE05639B,00112FE7,Barnacle01,STAT,40836.457031,-34827.875000,473.187042,270.0000
Boat To Spectacle Island.esp,FE05639A,000BB7C9,SeaweedVine02,STAT,40786.003906,-35093.628906,473.046082,159.8511
Boat To Spectacle Island.esp,FE056399,000BAD0D,SeaweedVine01,STAT,40675.027344,-34974.507812,496.830688,151.0416
Boat To Spectacle Island.esp,FE056398,000BB7C9,SeaweedVine02,STAT,40762.242188,-34859.843750,477.864868,13.1205
Boat To Spectacle Island.esp,FE056397,000BAD0D,SeaweedVine01,STAT,40659.246094,-34908.718750,562.282471,20.1578
Boat To Spectacle Island.esp,FE056396,000BAD0D,SeaweedVine01,STAT,40915.320312,-34788.367188,493.257568,270.0000
Boat To Spectacle Island.esp,FE056395,000C574A,DCKitPlywoodBroke01,STAT,40682.082031,-35053.445312,636.198120,14.5458
Boat To Spectacle Island.esp,FE056394,000C571A,DCKitPlywoodTiles05,STAT,40621.281250,-35140.285156,673.061157,42.5538
Boat To Spectacle Island.esp,FE056393,03003682,BarnPlanks01,STAT,40662.195312,-35094.789062,646.099854,301.8729
Boat To Spectacle Island.esp,FE056392,03003683,BarnPlanks02,STAT,40638.800781,-35077.519531,650.024292,298.1716
Boat To Spectacle Island.esp,FE056391,FE05602E,BTI_BoatConsole_2,SCOL,40881.335938,-34974.496094,526.674988,269.9019
Boat To Spectacle Island.esp,FE056390,00120922,Lobster_Cage_01,STAT,41364.796875,-35213.863281,440.079041,62.3840
Boat To Spectacle Island.esp,FE05638F,001C3388,LobsterFloat03,MSTT,41352.167969,-35275.457031,448.766785,57.9143
Boat To Spectacle Island.esp,FE05638E,001BE433,Seaweed02_Water,STAT,41342.410156,-35185.230469,454.172424,327.9143
Boat To Spectacle Island.esp,FE05638D,000BDAEF,Seaweed03,STAT,41430.085938,-35163.613281,451.000793,126.7610
Boat To Spectacle Island.esp,FE05638C,0008B675,SkeletonBareBody01,MSTT,41419.742188,-34960.945312,479.215424,191.4005
Boat To Spectacle Island.esp,FE05638B,000BAD0F,SeaweedGround01,STAT,41448.539062,-35026.335938,454.235931,172.5983
Boat To Spectacle Island.esp,FE05638A,001BE433,Seaweed02_Water,STAT,41422.492188,-34932.496094,454.235931,0.7101
Boat To Spectacle Island.esp,FE056389,001BE433,Seaweed02_Water,STAT,41352.199219,-34994.539062,454.235931,126.7610
Boat To Spectacle Island.esp,FE056388,000DD3C9,Tire03HollowStatic,STAT,41414.695312,-34968.363281,453.798798,0.0000
Boat To Spectacle Island.esp,FE056387,000CA9C5,FishDead01,STAT,41763.738281,-35110.953125,450.623749,50.9933
Boat To Spectacle Island.esp,FE056386,000CA9C5,FishDead01,STAT,41703.304688,-34963.132812,450.623749,125.4778
Boat To Spectacle Island.esp,FE056385,000CA9C5,FishDead01,STAT,41887.402344,-35022.917969,450.623749,353.6972
Boat To Spectacle Island.esp,FE056384,00018CD9,MetalBarrelStatic02,STAT,41867.859375,-35079.632812,447.906097,180.0000
Boat To Spectacle Island.esp,FE056383,00018CD9,MetalBarrelStatic02,STAT,41839.562500,-35050.937500,447.072235,0.0000
Boat To Spectacle Island.esp,FE056382,00113E15,MarshScumS01,STAT,41869.343750,-35035.875000,453.204071,279.2128
Boat To Spectacle Island.esp,FE056381,0001D184,TrashDecal01,STAT,41070.398438,-35016.429688,472.808746,0.0000
Boat To Spectacle Island.esp,FE056380,00165014,OfficePaperDebris04,STAT,41127.531250,-35026.531250,468.338287,0.0000
Boat To Spectacle Island.esp,FE05637F,00165012,OfficePaperDebris03,STAT,40984.671875,-34947.046875,483.145813,0.0000
Boat To Spectacle Island.esp,FE05637E,00165024,OfficePaperDebris02,STAT,41039.535156,-35028.722656,476.530579,0.0000
Boat To Spectacle Island.esp,FE05637D,000211F7,WoodCrate03,STAT,41100.496094,-35111.343750,466.372925,287.8071
Boat To Spectacle Island.esp,FE05637C,000211F6,WoodCrate02,STAT,40968.496094,-35081.054688,481.404968,320.4659
Boat To Spectacle Island.esp,FE05637B,00059B36,FishingRod,MISC,41044.644531,-34875.550781,476.344452,12.0320
Boat To Spectacle Island.esp,FE05637A,00141DF2,LifePreserver01,MISC,41379.242188,-35058.691406,455.724854,0.0000
Boat To Spectacle Island.esp,FE056379,00112FE9,Barnacle02,STAT,41641.308594,-35181.523438,496.578339,4.0257
Boat To Spectacle Island.esp,FE056378,00112FE7,Barnacle01,STAT,41631.429688,-35138.316406,517.544128,354.2812
Boat To Spectacle Island.esp,FE056377,00112FE7,Barnacle01,STAT,41669.882812,-35012.281250,457.909058,0.0000
Boat To Spectacle Island.esp,FE056376,00112FE7,Barnacle01,STAT,41631.285156,-34911.968750,500.969543,0.0000
Boat To Spectacle Island.esp,FE056375,00112FE9,Barnacle02,STAT,41665.996094,-35029.621094,462.242126,0.0000
Boat To Spectacle Island.esp,FE056374,000BAD0D,SeaweedVine01,STAT,41669.125000,-34930.191406,458.751404,0.0000
Boat To Spectacle Island.esp,FE056373,000BAD0D,SeaweedVine01,STAT,41667.167969,-34877.812500,460.936646,55.0000
Boat To Spectacle Island.esp,FE056372,000BAD0D,SeaweedVine01,STAT,41651.636719,-35101.792969,488.145355,349.1053
Boat To Spectacle Island.esp,FE056371,000BAD0D,SeaweedVine01,STAT,41664.640625,-35125.960938,472.283630,35.0000
Boat To Spectacle Island.esp,FE056370,000BAD0D,SeaweedVine01,STAT,41052.714844,-35218.839844,456.260101,270.0000
Boat To Spectacle Island.esp,FE05636F,00112FE7,Barnacle01,STAT,40987.808594,-35199.492188,453.589233,270.0000
Boat To Spectacle Island.esp,FE05636E,00112FE7,Barnacle01,STAT,40986.082031,-35220.828125,507.647339,270.0000
Boat To Spectacle Island.esp,FE05636D,00112FE9,Barnacle02,STAT,40961.785156,-35193.023438,463.522644,270.0000
Boat To Spectacle Island.esp,FE05636C,00112FE7,Barnacle01,STAT,41055.082031,-34762.824219,481.927795,270.0000
Boat To Spectacle Island.esp,FE05636B,00112FE9,Barnacle02,STAT,40970.820312,-34786.273438,470.435822,270.0000
Boat To Spectacle Island.esp,FE05636A,00112FE9,Barnacle02,STAT,41003.617188,-34781.191406,475.522614,270.0000
Boat To Spectacle Island.esp,FE056369,000BFA41,SeaweedVine03,STAT,41195.851562,-35110.148438,459.293091,113.9144
Boat To Spectacle Island.esp,FE056368,000BAD0D,SeaweedVine01,STAT,41168.441406,-34781.507812,463.776581,270.0000
Boat To Spectacle Island.esp,FE056367,001BE432,Seaweed03_Water,STAT,41729.605469,-35265.363281,450.000000,85.0000
Boat To Spectacle Island.esp,FE056366,000CFE70,UtilMetalElevatorHatch01Static,STAT,41078.644531,-34980.015625,267.396912,8.3078
Boat To Spectacle Island.esp,FE056365,03010A83,BoatFishing08_White_Wreck04,STAT,41346.300781,-35005.519531,522.823242,0.0000
Boat To Spectacle Island.esp,FE056364,03010A80,BoatFishing08_White_Wreck02,STAT,41141.082031,-35015.808594,261.829803,8.3078
Boat To Spectacle Island.esp,FE056363,FE056064,BTI_Zackary,NPC_,29210.732422,-31543.445312,507.526733,332.3389
Boat To Spectacle Island.esp,FE056362,FE05601E,BTI_Zackary_Note,BOOK,29180.089844,-31552.349609,495.511322,112.5862
Boat To Spectacle Island.esp,FE056361,00084912,LvlFeralGhoulAmbush,NPC_,29606.896484,-31424.662109,682.559570,3.1512
Boat To Spectacle Island.esp,FE056360,001CA8C7,LvlFeralGhoulBossAmbush,NPC_,29315.158203,-31594.714844,847.686279,279.4995
Boat To Spectacle Island.esp,FE05635F,00084912,LvlFeralGhoulAmbush,NPC_,28943.902344,-31875.318359,488.000000,89.0949
Boat To Spectacle Island.esp,FE05635E,002499BA,LvlFeralGhoulGlowingOneAmbushLegendary,NPC_,29222.271484,-31431.087891,496.783722,195.2747
Boat To Spectacle Island.esp,FE05635D,0003251F,DefaultSetStageTriggerPlayerOnly,ACTI,29140.925781,-31452.542969,612.291321,328.2008
Boat To Spectacle Island.esp,FE05635C,0003251F,DefaultSetStageTriggerPlayerOnly,ACTI,16310.756836,-61533.183594,3217.653809,175.1695
Boat To Spectacle Island.esp,FE05635A,00198DAF,DummyNoEdit_HuntingRifle_Sniper,MISC,15509.294922,-60636.453125,3269.568115,0.2355
Boat To Spectacle Island.esp,FE056359,FE056034,BTI_Camp_Furn,SCOL,15805.708008,-61153.632812,2543.909668,0.0000
Boat To Spectacle Island.esp,FE056358,0018F650,DummyNoEdit_44,MISC,15573.152344,-60764.660156,3242.228027,272.0973
Boat To Spectacle Island.esp,FE056357,0003251F,DefaultSetStageTriggerPlayerOnly,ACTI,16267.388672,-60113.460937,3529.716064,175.0000
Boat To Spectacle Island.esp,FE056356,0003251F,DefaultSetStageTriggerPlayerOnly,ACTI,16256.941406,-59994.039062,3529.716064,175.0000
Boat To Spectacle Island.esp,FE056355,0003251F,DefaultSetStageTriggerPlayerOnly,ACTI,16331.851562,-60035.472656,3412.000000,175.0000
Boat To Spectacle Island.esp,FE056354,0003251F,DefaultSetStageTriggerPlayerOnly,ACTI,16075.521484,-59710.257812,3553.562012,175.0000
Boat To Spectacle Island.esp,FE056353,0003251F,DefaultSetStageTriggerPlayerOnly,ACTI,15820.690430,-58213.187500,2914.939209,175.0000
Boat To Spectacle Island.esp,FE056352,FE05603F,BTI_DblLadder06FurnTop,FURN,15830.821289,-58269.417969,2569.205322,177.0054
Boat To Spectacle Island.esp,FE056351,0001A4BA,BaseballBasePlain02,MISC,15646.089844,-60421.089844,3185.267578,294.9693
Boat To Spectacle Island.esp,FE056350,0023C860,Weight01_Curlbar01_80lb,MISC,16042.502930,-60779.753906,3179.140381,265.1753
Boat To Spectacle Island.esp,FE05634F,0023C85E,Weight01_Barbell02_160lb,MISC,16083.837891,-60950.234375,3201.362061,265.1753
Boat To Spectacle Island.esp,FE05634E,0023C85C,Weight01_Dumbbell01_20lb,MISC,16166.666992,-60826.011719,3181.795898,35.8099
Boat To Spectacle Island.esp,FE05634D,0023C85C,Weight01_Dumbbell01_20lb,MISC,16178.994141,-60847.078125,3181.795898,0.0000
Boat To Spectacle Island.esp,FE05634C,001CC0F0,Weight01_5lb,MISC,16141.694336,-60778.707031,3183.598145,0.0000
Boat To Spectacle Island.esp,FE05634B,001CC0F0,Weight01_5lb,MISC,16141.694336,-60778.707031,3181.732422,0.0000
Boat To Spectacle Island.esp,FE05634A,001CC0F0,Weight01_5lb,MISC,16141.694336,-60778.707031,3180.000000,0.0000
Boat To Spectacle Island.esp,FE056349,001CC0F3,Weight01_25lb,MISC,16170.820312,-60778.960937,3185.444824,0.0000
Boat To Spectacle Island.esp,FE056348,001CC0F3,Weight01_25lb,MISC,16170.820312,-60778.960937,3182.985107,0.0000
Boat To Spectacle Island.esp,FE056347,001CC0F3,Weight01_25lb,MISC,16170.820312,-60778.960937,3180.644775,0.0000
Boat To Spectacle Island.esp,FE056346,001CC0F1,Weight01_10lb,MISC,16182.313477,-60901.980469,3185.471436,0.0000
Boat To Spectacle Island.esp,FE056345,001CC0F1,Weight01_10lb,MISC,16182.313477,-60901.980469,3183.277588,0.0000
Boat To Spectacle Island.esp,FE056344,001CC0F1,Weight01_10lb,MISC,16182.313477,-60901.980469,3181.216797,0.0000
Boat To Spectacle Island.esp,FE056343,000822CB,Shovel01,MISC,15981.163086,-59932.449219,3056.854492,324.3973
Boat To Spectacle Island.esp,FE056342,00060EC7,Pillow_01_Straw,MISC,15801.881836,-60311.359375,3223.324219,0.0000
Boat To Spectacle Island.esp,FE056341,0016892C,ClothesMilitaryFatigues,ARMO,15850.995117,-60424.148437,3257.408691,355.4163
Boat To Spectacle Island.esp,FE056340,0007B9C4,Armor_Leather_LegLeft,ARMO,15843.578125,-60428.207031,3221.917236,320.1793
Boat To Spectacle Island.esp,FE05633F,0011D3C6,Armor_Combat_ArmRight,ARMO,15848.148437,-60428.304687,3184.164551,333.6439
Boat To Spectacle Island.esp,FE05633E,0008E36F,Cigar_Off01,MISC,15536.248047,-60410.796875,3210.183350,39.0964
Boat To Spectacle Island.esp,FE05633D,0008E371,Ashtray01_Filled,MISC,15534.680664,-60408.937500,3207.679932,0.0000
Boat To Spectacle Island.esp,FE05633C,0008E36F,Cigar_Off01,MISC,15522.979492,-60421.699219,3208.355225,143.8124
Boat To Spectacle Island.esp,FE05633B,00059AB5,Cigarette_Off01,MISC,15521.104492,-60409.636719,3210.508789,232.2303
Boat To Spectacle Island.esp,FE05633A,00059AB5,Cigarette_Off01,MISC,15520.736328,-60404.386719,3210.508789,327.6278
Boat To Spectacle Island.esp,FE056339,0005821A,CigarettePack,MISC,15520.487305,-60401.105469,3208.961670,0.0000
Boat To Spectacle Island.esp,FE056338,0005821C,CigaretteCarton,MISC,15509.687500,-60399.484375,3207.662109,69.9009
Boat To Spectacle Island.esp,FE056337,0005821E,CigarBox,MISC,15511.352539,-60418.117187,3209.770752,0.0000
Boat To Spectacle Island.esp,FE056336,0008E36E,Cigar_Lit01,MISC,15573.727539,-60686.945312,3241.210205,208.4526
Boat To Spectacle Island.esp,FE056335,0011EB5B,Prewar_Locker_Wall02,CONT,15689.777344,-60914.347656,3184.000000,266.8942
Boat To Spectacle Island.esp,FE056334,000EA1BC,NpcCouchModernDomesticSit01,FURN,15603.369141,-60386.203125,3185.444336,264.6024
Boat To Spectacle Island.esp,FE056333,00064A47,Loot_DuffleBag_Guns,CONT,15670.835937,-60313.148437,3184.000000,269.1861
Boat To Spectacle Island.esp,FE056332,0011EB5C,Prewar_Locker_Wall01,CONT,15845.125000,-60394.437500,3184.000000,85.3707
Boat To Spectacle Island.esp,FE056331,0023C9C4,WorkshopNpcBedMilitaryCottLay01,FURN,15754.780273,-60314.656250,3184.000000,83.9383
Boat To Spectacle Island.esp,FE056330,00198E04,DummyNoEdit_Food_All,MISC,15680.740234,-60531.574219,3254.031982,0.0000
Boat To Spectacle Island.esp,FE05632F,00198E04,DummyNoEdit_Food_All,MISC,15676.476562,-60502.902344,3254.031982,0.0000
Boat To Spectacle Island.esp,FE05632E,00198E04,DummyNoEdit_Food_All,MISC,15668.501953,-60513.882812,3254.031982,0.0000
Boat To Spectacle Island.esp,FE05632D,00198E04,DummyNoEdit_Food_All,MISC,15667.816406,-60530.578125,3254.031982,0.0000
Boat To Spectacle Island.esp,FE05632C,00198E04,DummyNoEdit_Food_All,MISC,15675.790039,-60549.562500,3254.031982,0.0000
Boat To Spectacle Island.esp,FE05632B,000B363D,DummyNoEdit_Drink_Alcohol,MISC,15679.475586,-60506.675781,3226.634521,0.0000
Boat To Spectacle Island.esp,FE05632A,000B363D,DummyNoEdit_Drink_Alcohol,MISC,15666.402344,-60508.898437,3226.634521,0.0000
Boat To Spectacle Island.esp,FE056329,000B363D,DummyNoEdit_Drink_Alcohol,MISC,15681.729492,-60521.609375,3226.634521,0.0000
Boat To Spectacle Island.esp,FE056328,000B363D,DummyNoEdit_Drink_Alcohol,MISC,15666.656250,-60524.464844,3226.634521,0.0000
Boat To Spectacle Island.esp,FE056327,000B363D,DummyNoEdit_Drink_Alcohol,MISC,15668.335937,-60538.148437,3226.634521,0.0000
Boat To Spectacle Island.esp,FE056326,000B363D,DummyNoEdit_Drink_Alcohol,MISC,15681.945312,-60537.687500,3226.634521,0.0000
Boat To Spectacle Island.esp,FE056325,000B363D,DummyNoEdit_Drink_Alcohol,MISC,15683.757812,-60546.980469,3226.634521,0.0000
Boat To Spectacle Island.esp,FE056324,000B363D,DummyNoEdit_Drink_Alcohol,MISC,15669.791016,-60549.890625,3226.634521,0.0000
Boat To Spectacle Island.esp,FE056323,00198E0A,DummyNoEdit_Chems_PreWar,MISC,15674.295898,-60512.753906,3199.937500,0.0000
Boat To Spectacle Island.esp,FE056322,00198E0A,DummyNoEdit_Chems_PreWar,MISC,15676.230469,-60540.089844,3199.937500,0.0000
Boat To Spectacle Island.esp,FE056321,000AB723,PlayerHouse_Ruin_KitchenRefrigeratorDoor02_BareMetal,DOOR,15667.175781,-60527.683594,3184.000000,264.3160
Boat To Spectacle Island.esp,FE056320,0012EA9B,WorkbenchArmorA,FURN,16371.229492,-59782.515625,3055.219727,265.0000
Boat To Spectacle Island.esp,FE05631F,00100CA2,GreenHsPlanterGourd01,FLOR,15884.931641,-60062.308594,3055.219727,85.0000
Boat To Spectacle Island.esp,FE05631E,00100CAB,GreenHsPlanter01Mutfruit,FLOR,15846.546875,-59640.121094,3056.259766,265.0000
Boat To Spectacle Island.esp,FE05631D,00100CA1,GreenHsPlanterMelon01,FLOR,15853.038086,-59724.488281,3055.219727,85.0000
Boat To Spectacle Island.esp,FE05631C,00100C90,GreenHsPlanter01Corn,FLOR,15860.343750,-59810.117187,3055.304199,265.0000
Boat To Spectacle Island.esp,FE05631B,00100CA3,GreenHsPlanter01Carrot,FLOR,15869.123047,-59895.390625,3055.219727,265.0000
Boat To Spectacle Island.esp,FE05631A,00100C9A,GreenHsPlanterTato01,FLOR,15877.126953,-59978.199219,3055.219727,85.0000
Boat To Spectacle Island.esp,FE056319,000E377C,Lighter_PreWar,MISC,15563.517578,-60688.320312,3240.502930,0.0000
Boat To Spectacle Island.esp,FE056318,000DF264,BasketBall01,MISC,16179.865234,-60675.023437,3067.935547,0.0000
Boat To Spectacle Island.esp,FE056317,00059A76,Baseball,MISC,15565.804687,-60666.324219,3245.669189,290.0001
Boat To Spectacle Island.esp,FE056316,00059A77,BaseballGlove,MISC,15564.494141,-60666.433594,3244.254395,266.3836
Boat To Spectacle Island.esp,FE056315,FE056068,BTI_Zackarys_Terminal,TERM,15556.435547,-60716.347656,3184.000000,265.0001
Boat To Spectacle Island.esp,FE056314,000BD53C,OfficeDesk01,CONT,15560.419922,-60716.000000,3184.000000,265.0001
Boat To Spectacle Island.esp,001F110D,FE056035,BTI_VaultTecVan,MSTT,15657.720703,-60003.589844,3055.219727,249.2705
Boat To Spectacle Island.esp,FE056311,FE056062,BTI_Jaleel,NPC_,16587.574219,-59883.070312,3099.579834,333.8551
Boat To Spectacle Island.esp,FE056310,0023F679,ElectricalTower_Base01,SCOL,17165.675781,-60715.253906,1040.000000,356.8487
Boat To Spectacle Island.esp,FE05630F,0018E8FC,HamRadio,ACTI,17011.234375,-60012.500000,3232.593750,117.4564
Boat To Spectacle Island.esp,FE05630E,00240C24,BlackWireSpline01_Wind,BNDS,16532.679687,-59356.414062,3363.116699,0.0000
Boat To Spectacle Island.esp,FE05630D,00240C24,BlackWireSpline01_Wind,BNDS,16591.285156,-59292.175781,3237.675293,0.0000
Boat To Spectacle Island.esp,FE05630C,0006C5AE,WonderglueLarge,MISC,16743.832031,-59686.402344,3116.188477,22.0589
Boat To Spectacle Island.esp,FE05630B,000AC8E1,VaseVintageDirtyFlowers03d,MISC,17002.751953,-59812.003906,3300.000000,0.0000
Boat To Spectacle Island.esp,FE05630A,000AC8C2,VaseVintageDirtyFlowers01e,MISC,17005.890625,-59836.867187,3300.000000,0.0000
Boat To Spectacle Island.esp,FE056309,000AC8BE,VaseVintageDirtyFlowers01a,MISC,17008.691406,-59866.925781,3300.000000,0.0000
Boat To Spectacle Island.esp,FE056308,00059B1E,Turpentine,MISC,16746.769531,-59697.558594,3180.157227,0.0000
Boat To Spectacle Island.esp,FE056307,0015E8F6,ToyTruck01,MISC,17006.853516,-59821.640625,3216.000000,22.6318
Boat To Spectacle Island.esp,FE056306,00059B2A,ToyRocketship,MISC,17004.054687,-59829.296875,3189.250977,0.0000
Boat To Spectacle Island.esp,FE056305,00059B2B,ToyAlien,MISC,17007.527344,-59809.046875,3193.197998,0.0000
Boat To Spectacle Island.esp,FE056304,00059B1A,Toaster_01_PostWar,MISC,16701.441406,-60354.882812,3111.438477,0.0000
Boat To Spectacle Island.esp,FE056303,000FFE09,Spoon_Wooden,MISC,16592.935547,-60366.144531,3123.523193,0.0000
Boat To Spectacle Island.esp,FE056302,00059B0F,Spatula,MISC,16397.419922,-60356.917969,3112.188477,68.7549
Boat To Spectacle Island.esp,FE056301,00020199,PlayerHouse_Ruin_TeaKettle01,MISC,16593.484375,-60309.429687,3111.438477,289.8126
Boat To Spectacle Island.esp,FE056300,0003D3A5,PlayerHouse_Ruin_PotsFryingPan01,MISC,16393.246094,-60331.933594,3113.024902,234.8087
Boat To Spectacle Island.esp,FE0562FF,00020189,PlayerHouse_Ruin_PepperMill01,MISC,16585.474609,-60331.644531,3111.438477,0.0000
Boat To Spectacle Island.esp,FE0562FE,0003F8C1,PlayerHouse_Ruin_Lamp04,MISC,16834.050781,-59989.738281,3246.794434,0.0000
Boat To Spectacle Island.esp,FE0562FD,00060E91,Plate_03_Silver,MISC,16639.996094,-60305.675781,3111.438477,0.0000
Boat To Spectacle Island.esp,FE0562FC,00059AFA,Plate_01_Plastic,MISC,16648.712891,-60358.031250,3111.438477,0.0000
Boat To Spectacle Island.esp,FE0562FB,00060EC7,Pillow_01_Straw,MISC,17037.541016,-60096.492187,3219.988281,0.0000
Boat To Spectacle Island.esp,FE0562FA,000B3643,DummyNoEdit_Food_Packaged,MISC,16979.025391,-59594.042969,3246.137939,0.0000
Boat To Spectacle Island.esp,FE0562F9,000B3643,DummyNoEdit_Food_Packaged,MISC,16964.566406,-59594.164062,3246.137939,0.0000
Boat To Spectacle Island.esp,FE0562F8,000B3643,DummyNoEdit_Food_Packaged,MISC,16958.574219,-59578.148437,3246.137939,0.0000
Boat To Spectacle Island.esp,FE0562F7,000B3643,DummyNoEdit_Food_Packaged,MISC,16944.001953,-59574.425781,3246.137939,0.0000
Boat To Spectacle Island.esp,FE0562F6,00198E07,DummyNoEdit_Food_Meat_Raw,MISC,16966.910156,-59599.394531,3197.586670,309.0067
Boat To Spectacle Island.esp,FE0562F5,00198E07,DummyNoEdit_Food_Meat_Raw,MISC,16975.427734,-59589.941406,3197.586670,309.0067
Boat To Spectacle Island.esp,FE0562F4,00198E07,DummyNoEdit_Food_Meat_Raw,MISC,16952.949219,-59573.761719,3197.586670,309.0067
Boat To Spectacle Island.esp,FE0562F3,00198E07,DummyNoEdit_Food_Meat_Raw,MISC,16946.076172,-59581.906250,3197.586670,309.0067
Boat To Spectacle Island.esp,FE0562F2,000B363A,DummyNoEdit_Drink_Any,MISC,16972.146484,-59586.246094,3219.591064,0.0000
Boat To Spectacle Island.esp,FE0562F1,000928D5,DummyNoEdit_Drink_NukaCola,MISC,16962.369141,-59579.667969,3219.017090,0.0000
Boat To Spectacle Island.esp,FE0562F0,000928D5,DummyNoEdit_Drink_NukaCola,MISC,16950.035156,-59579.359375,3219.017090,0.0000
Boat To Spectacle Island.esp,FE0562EF,000928D5,DummyNoEdit_Drink_NukaCola,MISC,16940.560547,-59572.941406,3218.809082,0.0000
Boat To Spectacle Island.esp,FE0562EE,000928D5,DummyNoEdit_Drink_NukaCola,MISC,16947.720703,-59564.292969,3218.809082,0.0000
Boat To Spectacle Island.esp,FE0562ED,00060E7B,OvenMitt,MISC,16456.939453,-60222.750000,3110.907227,322.7577
Boat To Spectacle Island.esp,FE0562EC,0004B273,OilCan01,MISC,16741.005859,-59689.714844,3148.157227,23.7778
Boat To Spectacle Island.esp,FE0562EB,0004835A,NukaColaEmpty,MISC,16601.162109,-60343.089844,3111.438477,0.0000
Boat To Spectacle Island.esp,FE0562EA,00027F90,NapkinClean,MISC,16611.990234,-60317.101562,3111.438477,0.0000
Boat To Spectacle Island.esp,FE0562E9,000AB71F,PlayerHouse_Ruin_KitchenRefrigeratorDoor02_Blue,DOOR,16965.101562,-59579.222656,3176.000000,38.3882
Boat To Spectacle Island.esp,FE0562E8,00059ADE,ClothingIron,MISC,16801.675781,-59759.839844,3229.281250,273.4833
Boat To Spectacle Island.esp,FE0562E7,0002D30A,IroningBoard01,MSTT,16805.218750,-59788.277344,3176.000000,175.5075
Boat To Spectacle Island.esp,FE0562E6,0004D1F3,Hammer01,MISC,16394.943359,-59993.785156,3112.841553,39.8205
Boat To Spectacle Island.esp,FE0562E5,0012F2F5,WorkbenchChemistryA,FURN,16728.777344,-60027.078125,3055.219727,83.8540
Boat To Spectacle Island.esp,FE0562E4,0017E787,workbenchWeaponsB,FURN,16432.046875,-59996.773437,3055.219727,265.0000
Boat To Spectacle Island.esp,FE0562E3,0006F9DC,NpcChairPlayerHouseRuinKitchenSit01,FURN,16592.000000,-59884.000000,3056.000000,325.0000
Boat To Spectacle Island.esp,FE0562E2,0006F9DC,NpcChairPlayerHouseRuinKitchenSit01,FURN,16648.685547,-60398.281250,3055.469727,0.0000
Boat To Spectacle Island.esp,FE0562E1,00059ABA,CookingPot01,MISC,16477.435547,-60212.957031,3110.907227,0.0000
Boat To Spectacle Island.esp,FE0562E0,000AF8EF,KitchenScale,MISC,16483.146484,-60235.734375,3110.907227,343.0977
Boat To Spectacle Island.esp,FE0562DF,000A4920,DishRag01,MISC,16700.156250,-60323.246094,3111.438477,5.1566
Boat To Spectacle Island.esp,FE0562DE,00059B11,Ladle,MISC,16678.164062,-60312.019531,3113.858887,268.7575
Boat To Spectacle Island.esp,FE0562DD,00059AE1,Knife_02_StainlessSteel,MISC,16658.185547,-60314.878906,3111.438477,5.1566
Boat To Spectacle Island.esp,FE0562DC,00061FA7,CookingOil,MISC,16666.951172,-60324.140625,3111.438965,275.1566
Boat To Spectacle Island.esp,FE0562DB,00060E93,Fork_02_StainlessSteel,MISC,16664.507812,-60359.261719,3111.388428,5.1566
Boat To Spectacle Island.esp,FE0562DA,00059ABC,CuttingBoard,MISC,16652.679687,-60334.085937,3111.438477,5.1566
Boat To Spectacle Island.esp,FE0562D9,00059AD1,GlassPitcher01,MISC,16684.240234,-60338.925781,3111.437256,334.2168
Boat To Spectacle Island.esp,FE0562D8,00140B22,Glass_Generic,MISC,16626.722656,-60362.406250,3111.438477,5.1566
Boat To Spectacle Island.esp,FE0562D7,00059AEC,CookingPan01,MISC,16592.781250,-60359.914062,3111.438477,5.1566
Boat To Spectacle Island.esp,FE0562D6,001865B9,WorkbenchCookingStove,FURN,16434.445312,-60353.433594,3055.219727,263.7429
Boat To Spectacle Island.esp,FE0562D5,00138BF6,WorkshopPowerPylon02,ACTI,16604.255859,-59393.742187,3063.086182,0.0000
Boat To Spectacle Island.esp,FE0562D4,00101AE2,Ms07_LabScale,MISC,16760.181641,-59816.921875,3180.257324,353.8541
Boat To Spectacle Island.esp,FE0562D3,000B91FF,MrHandyFuel,MISC,16733.695312,-59908.500000,3068.034180,358.8541
Boat To Spectacle Island.esp,FE0562D2,00059AEB,Microscope,MISC,16751.267578,-59731.593750,3180.560547,83.6132
Boat To Spectacle Island.esp,FE0562D1,00059A80,MetalBucket,MISC,16717.410156,-59648.203125,3055.219727,358.8541
Boat To Spectacle Island.esp,FE0562D0,00060EA2,MedicalLiquidNitrogenGun,MISC,16771.101562,-59903.636719,3180.157227,358.8541
Boat To Spectacle Island.esp,FE0562CF,001AAD69,MakeshiftBattery01,MISC,16729.259766,-59864.710937,3069.201904,293.8541
Boat To Spectacle Island.esp,FE0562CE,0011DA13,MagnifyingGlass,MISC,16747.902344,-59704.003906,3148.157227,33.8540
Boat To Spectacle Island.esp,FE0562CD,000342BA,Lightbulb_Broken,MISC,16744.654297,-59699.820312,3119.445068,180.0000
Boat To Spectacle Island.esp,FE0562CC,0005A0D3,Lightbulb,MISC,16748.886719,-59710.859375,3119.445068,0.0000
Boat To Spectacle Island.esp,FE0562CB,000211CC,CoffeePot01,MISC,16920.488281,-59756.730469,3221.285645,0.0000
Boat To Spectacle Island.esp,FE0562CA,00059ADB,HotPlate,MISC,16919.978516,-59756.339844,3212.043457,0.0000
Boat To Spectacle Island.esp,FE0562C9,001AB88D,HighPoweredMagnet,MISC,16747.837891,-59730.070312,3148.157227,358.8541
Boat To Spectacle Island.esp,FE0562C8,001A7DA5,Globe_02_clean,MISC,16828.863281,-59945.820312,3246.742676,0.0000
Boat To Spectacle Island.esp,FE0562C7,00059B33,GasCanister,MISC,16713.978516,-59734.132812,3068.805664,283.8541
Boat To Spectacle Island.esp,FE0562C6,00059ACC,Fuse,MISC,16744.603516,-59750.773437,3148.157227,358.8541
Boat To Spectacle Island.esp,FE0562C5,00059ACC,Fuse,MISC,16747.410156,-59746.113281,3148.157227,358.8541
Boat To Spectacle Island.esp,FE0562C4,00059ACC,Fuse,MISC,16750.031250,-59750.691406,3148.157227,358.8541
Boat To Spectacle Island.esp,FE0562C3,0001F8F9,FireExtinguisher01,MISC,16723.728516,-59791.730469,3075.859375,0.0000
Boat To Spectacle Island.esp,FE0562C2,0006D140,EnamelBucket01,MISC,16717.748047,-59700.351562,3068.292236,358.8541
Boat To Spectacle Island.esp,FE0562C1,0004D1F2,DuctTape01,MISC,16748.820312,-59739.312500,3116.188477,358.8541
Boat To Spectacle Island.esp,FE0562C0,001C7F1F,DuctTape01_Rare,MISC,16749.664062,-59727.671875,3116.188477,358.8541
Boat To Spectacle Island.esp,FE0562BF,000873BF,DN154_ButtercupToy,MISC,16822.406250,-59901.449219,3246.729736,150.0001
Boat To Spectacle Island.esp,FE0562BE,0014DD23,DN070_ToyCar,MISC,17002.683594,-59801.464844,3216.158447,300.0000
Boat To Spectacle Island.esp,FE0562BD,0014DDAF,DN070_Pen01,MISC,16989.593750,-59971.375000,3233.856201,36.4857
Boat To Spectacle Island.esp,FE0562BC,0010DEE5,DN011OverdueBookReturnToken,MISC,16987.453125,-59956.972656,3232.961914,0.0000
Boat To Spectacle Island.esp,FE0562BB,0001F905,DeskFanOffice01,MISC,16995.695312,-59934.394531,3233.164307,215.0000
Boat To Spectacle Island.esp,FE0562BA,000657FB,CuttingFluid,MISC,16747.992187,-59757.949219,3116.188477,358.8541
Boat To Spectacle Island.esp,FE0562B9,000C437F,Coolant01,MISC,16750.189453,-59767.707031,3148.157227,213.8541
Boat To Spectacle Island.esp,FE0562B8,000211C4,CoffeeCup01,MISC,16990.591797,-59997.726562,3233.127197,220.0000
Boat To Spectacle Island.esp,FE0562B7,0001F92F,Clipboard01,MISC,16985.962891,-59975.179687,3232.961914,156.4857
Boat To Spectacle Island.esp,FE0562B6,00154AD2,CircuitBoardMilitary,MISC,16752.251953,-59795.011719,3148.157227,358.8541
Boat To Spectacle Island.esp,FE0562B5,00059AB4,Chessboard,MISC,16909.480469,-59788.285156,3212.000000,0.0000
Boat To Spectacle Island.esp,FE0562B4,001AB5EE,ChemistrySetCan03,MISC,16738.083984,-59690.972656,3068.982178,168.8541
Boat To Spectacle Island.esp,FE0562B3,001AB5ED,ChemistrySetCan02,MISC,16737.769531,-59717.785156,3068.982178,168.8541
Boat To Spectacle Island.esp,FE0562B2,00176054,ChemistrySetCan01,MISC,16736.548828,-59789.574219,3068.982178,238.8541
Boat To Spectacle Island.esp,FE0562B1,0017604F,ChemistrySetBottle01,MISC,16752.296875,-59775.167969,3116.188477,268.8541
Boat To Spectacle Island.esp,FE0562B0,00176053,ChemistrySetBeaker04,MISC,16750.611328,-59790.816406,3116.188477,268.8541
Boat To Spectacle Island.esp,FE0562AF,00176052,ChemistrySetBeaker03,MISC,16762.322266,-59787.347656,3116.188477,268.8541
Boat To Spectacle Island.esp,FE0562AE,00176051,ChemistrySetBeaker02,MISC,16754.662109,-59803.863281,3116.188477,358.8541
Boat To Spectacle Island.esp,FE0562AD,00176050,ChemistrySetBeaker01,MISC,16763.923828,-59805.023437,3116.188477,358.8541
Boat To Spectacle Island.esp,FE0562AC,00098148,CementBag,MISC,16718.615234,-59765.718750,3074.989258,0.0000
Boat To Spectacle Island.esp,FE0562AB,00059A83,Camera,MISC,16756.679687,-59830.050781,3148.157227,118.8541
Boat To Spectacle Island.esp,FE0562AA,001BF72E,c_Adhesive_scrap,MISC,16755.345703,-59847.062500,3148.157227,288.8541
Boat To Spectacle Island.esp,FE0562A9,001BF72E,c_Adhesive_scrap,MISC,16765.296875,-59846.667969,3148.157227,288.8541
Boat To Spectacle Island.esp,FE0562A8,001BF72E,c_Adhesive_scrap,MISC,16756.113281,-59861.871094,3148.157227,288.8541
Boat To Spectacle Island.esp,FE0562A7,000AEC5B,c_AntiBallisticFiber_scrap,MISC,16767.769531,-59857.789062,3148.157227,288.8541
Boat To Spectacle Island.esp,FE0562A6,000AEC5B,c_AntiBallisticFiber_scrap,MISC,16760.949219,-59853.234375,3148.157227,288.8541
Boat To Spectacle Island.esp,FE0562A5,0006907B,c_Circuitry_scrap,MISC,16758.429687,-59871.519531,3148.157227,288.8541
Boat To Spectacle Island.esp,FE0562A4,0006907B,c_Circuitry_scrap,MISC,16766.541016,-59868.691406,3148.157227,38.8540
Boat To Spectacle Island.esp,FE0562A3,0006907E,c_Gears_scrap,MISC,16766.312500,-59882.320312,3148.157227,38.8541
Boat To Spectacle Island.esp,FE0562A2,0006907E,c_Gears_scrap,MISC,16760.162109,-59892.550781,3148.157227,358.8541
Boat To Spectacle Island.esp,FE0562A1,000AEC61,c_Fiberglass_scrap,MISC,16768.708984,-59893.195312,3148.157227,358.8541
Boat To Spectacle Island.esp,FE0562A0,000AEC61,c_Fiberglass_scrap,MISC,16767.845703,-59899.929687,3148.157227,358.8541
Boat To Spectacle Island.esp,FE05629F,00069087,c_FiberOptics_scrap,MISC,16762.195312,-59906.011719,3148.157227,358.8541
Boat To Spectacle Island.esp,FE05629E,00069087,c_FiberOptics_scrap,MISC,16770.658203,-59907.789062,3148.157227,358.8541
Boat To Spectacle Island.esp,FE05629D,000EC8B8,BunsenBurner,MISC,16757.689453,-59816.617187,3116.188477,358.8541
Boat To Spectacle Island.esp,FE05629C,0022CB6E,BotModelGutsy,MISC,16998.892578,-59917.527344,3232.423340,0.0000
Boat To Spectacle Island.esp,FE05629B,0017CC5A,BoSTechnicalDocument,MISC,17006.625000,-59863.796875,3188.000000,300.0000
Boat To Spectacle Island.esp,FE05629A,00059B40,Bonesaw,MISC,16762.718750,-59899.277344,3116.188477,288.8541
Boat To Spectacle Island.esp,FE056299,0000000A,BobbyPin,MISC,16999.136719,-59833.031250,3216.000000,45.0000
Boat To Spectacle Island.esp,FE056298,0000000A,BobbyPin,MISC,17004.802734,-59831.390625,3216.000000,325.0000
Boat To Spectacle Island.esp,FE056297,0008FCA8,BobbyPinBox,MISC,17006.146484,-59840.339844,3216.000000,325.0000
Boat To Spectacle Island.esp,FE056296,0006B165,BoardGame01,MISC,17007.437500,-59866.125000,3216.000000,15.0000
Boat To Spectacle Island.esp,FE056295,0011DA0F,Blowtorch,MISC,16750.513672,-59779.031250,3068.805664,358.8541
Boat To Spectacle Island.esp,FE056294,000E1FF7,AutoPart02,MISC,16745.054687,-59812.191406,3068.805664,83.8541
Boat To Spectacle Island.esp,FE056293,000E1FF9,AutoPart04,MISC,16748.136719,-59879.464844,3069.201904,313.8541
Boat To Spectacle Island.esp,FE056292,000E1FF0,AutoPartChromeCoolantCap01,MISC,16772.363281,-59897.476562,3068.805664,313.8541
Boat To Spectacle Island.esp,FE056291,000E1FF0,AutoPartChromeCoolantCap01,MISC,16757.296875,-59802.718750,3068.805664,313.8541
Boat To Spectacle Island.esp,FE056290,000E1FF9,AutoPart04,MISC,16756.283203,-59820.589844,3069.201904,313.8541
Boat To Spectacle Island.esp,FE05628F,000E1FF8,AutoPart03,MISC,16761.677734,-59908.128906,3068.805664,313.8541
Boat To Spectacle Island.esp,FE05628E,000E1FF7,AutoPart02,MISC,16749.609375,-59897.851562,3068.805664,313.8541
Boat To Spectacle Island.esp,FE05628D,000E1FF6,AutoPart01,MISC,16760.958984,-59872.140625,3068.805664,358.8541
Boat To Spectacle Island.esp,FE05628C,0007E941,AutomotiveHubCap01,MISC,16760.478516,-59848.144531,3068.805664,358.8541
Boat To Spectacle Island.esp,FE05628B,00154AD3,BiometricScanner,MISC,16761.074219,-59853.000000,3116.160645,358.8541
Boat To Spectacle Island.esp,FE05628A,000EC8AD,Beaker02,MISC,16760.570312,-59874.019531,3116.185547,358.8541
Boat To Spectacle Island.esp,FE056289,001D4A6F,MagazineRackContainer01,CONT,16999.580078,-59767.949219,3176.000000,173.7764
Boat To Spectacle Island.esp,FE056288,00059B27,AlarmClock,MISC,17040.000000,-60024.000000,3232.000000,25.0000
Boat To Spectacle Island.esp,FE056287,000FDEE8,defaultLightWarm01NSNonSpec,LIGH,16995.037109,-59971.253906,3281.843750,85.9357
Boat To Spectacle Island.esp,FE056286,000560DC,defaultLightWarm01NS,LIGH,17014.931641,-59969.109375,3288.727295,90.0020
Boat To Spectacle Island.esp,FE056285,FE05606C,BTI_Jaleel_Terminal,TERM,17019.560547,-59969.000000,3176.000000,83.7763
Boat To Spectacle Island.esp,FE056284,001D4A72,MagazineRackContainer02,CONT,16994.945312,-59691.019531,3176.000000,173.7764
Boat To Spectacle Island.esp,FE056283,030041B5,BarnOuthouseDoor01,DOOR,16490.822266,-60753.890625,3122.274170,354.0750
Boat To Spectacle Island.esp,FE056282,000AC9D0,DefaultSetPlayerOnElevatorTrig,ACTI,17159.375000,-60734.878906,667.500671,84.5112
Boat To Spectacle Island.esp,FE056281,001AE243,PowerLiftMiniGantryStairs01,STAT,17116.908203,-60739.253906,1154.453491,84.5112
Boat To Spectacle Island.esp,FE056280,001AE24C,PowerLiftMiniGantryPlatform01,STAT,17116.908203,-60739.253906,1154.453491,84.5112
Boat To Spectacle Island.esp,FE05627F,001AE242,PowerLiftMiniCartPanelSide01,STAT,17172.091797,-60728.097656,1150.758179,84.5112
Boat To Spectacle Island.esp,FE05627E,001AE242,PowerLiftMiniCartPanelSide01,STAT,17173.144531,-60739.003906,1150.758179,264.5113
Boat To Spectacle Island.esp,FE05627D,001AE242,PowerLiftMiniCartPanelSide01,STAT,17123.000000,-60679.464844,1150.758179,174.5112
Boat To Spectacle Island.esp,FE05627C,001AE242,PowerLiftMiniCartPanelSide01,STAT,17134.525391,-60791.917969,1150.758179,174.5112
Boat To Spectacle Island.esp,FE05627B,001AE243,PowerLiftMiniGantryStairs01,STAT,17116.908203,-60739.253906,2604.972656,84.5112
Boat To Spectacle Island.esp,FE05627A,001AE244,PowerLiftMiniGantrySupports01,STAT,17116.908203,-60739.253906,2604.972656,84.5112
Boat To Spectacle Island.esp,FE056279,001AE241,PowerLiftMiniCartPanelBack01,STAT,17172.652344,-60733.910156,2604.972656,84.5112
Boat To Spectacle Island.esp,FE056278,001AE242,PowerLiftMiniCartPanelSide01,STAT,17172.652344,-60733.910156,2604.972656,84.5112
Boat To Spectacle Island.esp,FE056277,001AE242,PowerLiftMiniCartPanelSide01,STAT,17172.652344,-60733.910156,2604.972656,264.5113
Boat To Spectacle Island.esp,FE056276,001C0145,PowerLiftMiniCartMaster,ACTI,17116.908203,-60739.253906,2860.972656,84.5112
Boat To Spectacle Island.esp,FE056275,FE056014,BTI_Generator,ACTI,16420.000000,-59244.000000,3056.000000,350.0000
Boat To Spectacle Island.esp,FE056274,001340D4,NpcBedMetalLay02,FURN,16973.791016,-60102.750000,3176.000000,263.7763
Boat To Spectacle Island.esp,FE056273,0001F453,FederalistDesk01_Prewar,CONT,17011.609375,-59969.867187,3176.000000,353.7763
Boat To Spectacle Island.esp,001F1111,FE05603A,BTI_Truck01Red,MSTT,16804.449219,-60788.308594,3049.382080,85.9894
Boat To Spectacle Island.esp,FE056272,001F96B6,DecalCoastseagullDroppings,TXST,40235.148438,-39864.246094,947.186157,0.0000
Boat To Spectacle Island.esp,FE056271,0006A518,DecalGrimeSubtle01,TXST,41118.410156,-34947.335938,543.953186,0.0000
Boat To Spectacle Island.esp,FE056270,0006A518,DecalGrimeSubtle01,TXST,40956.285156,-35061.308594,543.953186,0.0000
Boat To Spectacle Island.esp,FE05626F,0006A518,DecalGrimeSubtle01,TXST,40989.589844,-34930.378906,543.953186,0.0000
Boat To Spectacle Island.esp,FE05626E,0006A518,DecalGrimeSubtle01,TXST,41099.804688,-35077.089844,543.953186,0.0000
Boat To Spectacle Island.esp,FE05626D,00061873,DecalStainRust05,TXST,41037.855469,-34959.781250,786.813110,27.2732
Boat To Spectacle Island.esp,FE05626C,001F96B6,DecalCoastseagullDroppings,TXST,40708.726562,-34906.832031,784.684875,304.2654
Boat To Spectacle Island.esp,FE05626B,001F96B6,DecalCoastseagullDroppings,TXST,40966.335938,-35007.687500,784.684875,0.0000
Boat To Spectacle Island.esp,FE05626A,0006A518,DecalGrimeSubtle01,TXST,40758.406250,-34836.046875,716.112122,89.9997
Boat To Spectacle Island.esp,FE056269,0006A518,DecalGrimeSubtle01,TXST,40744.468750,-34995.597656,716.112122,89.9997
Boat To Spectacle Island.esp,FE056268,0006A518,DecalGrimeSubtle01,TXST,40718.820312,-34925.164062,716.112122,89.9997
Boat To Spectacle Island.esp,FE056267,0006A518,DecalGrimeSubtle01,TXST,41163.550781,-34924.148438,716.112122,89.9997
Boat To Spectacle Island.esp,FE056266,0006A518,DecalGrimeSubtle01,TXST,41098.992188,-35070.066406,716.112122,0.0000
Boat To Spectacle Island.esp,FE056265,0006A518,DecalGrimeSubtle01,TXST,40958.910156,-34917.390625,716.112122,0.0000
Boat To Spectacle Island.esp,FE056264,0006A518,DecalGrimeSubtle01,TXST,41048.226562,-34985.707031,716.112122,0.0000
Boat To Spectacle Island.esp,FE056263,FE056036,BTI_Camp_MST,MSTT,16959.046875,-60383.453125,3055.524902,0.0000
Boat To Spectacle Island.esp,FE056262,FE056039,BTI_Pier_Island_MST,MSTT,69419.765625,-54011.066406,556.000000,0.0000
Boat To Spectacle Island.esp,FE056261,FE056038,BTI_Pier_Castle_MST,MSTT,43488.000000,-56320.000000,556.000000,0.0000
Boat To Spectacle Island.esp,FE056260,00000021,CollisionMarker,STAT,43168.281250,-56456.371094,453.595032,3.2811
Boat To Spectacle Island.esp,FE05625F,00000021,CollisionMarker,STAT,43187.363281,-55915.867187,671.829346,3.2811
Boat To Spectacle Island.esp,FE05625E,0000003B,XMarker,STAT,70167.640625,-53969.832031,627.641357,0.0000
Boat To Spectacle Island.esp,FE05625D,FE056013,BTI_SummonBoatBell_DUD,ACTI,69940.218750,-53830.457031,550.600037,270.0000
Boat To Spectacle Island.esp,FE05625C,FE056013,BTI_SummonBoatBell_DUD,ACTI,43425.312500,-56456.000000,554.971375,180.0000
Boat To Spectacle Island.esp,FE05625B,FE05600D,BTI_SummonBoatBell,ACTI,69940.218750,-53830.457031,550.600037,270.0000
Boat To Spectacle Island.esp,FE05625A,FE05600D,BTI_SummonBoatBell,ACTI,43425.312500,-56456.000000,554.971375,180.0000
Boat To Spectacle Island.esp,FE056259,FE056010,BTI_Boat_Part_Search_Trigger,ACTI,40341.628906,-39966.289062,486.264496,4.6717
Boat To Spectacle Island.esp,FE056258,FE05601D,BTI_Dock_Note,BOOK,43422.250000,-55191.796875,701.242493,0.0000
Boat To Spectacle Island.esp,FE056257,0003059E,DecalBloodSplatterSmall,TXST,29200.890625,-31509.472656,566.320679,15.0000
Boat To Spectacle Island.esp,FE056256,0021317E,DecalBloodPuddleSmall,TXST,29200.029297,-31536.107422,551.041626,0.0000
Boat To Spectacle Island.esp,FE056255,0021317E,DecalBloodPuddleSmall,TXST,16583.722656,-59860.082031,3110.754883,356.9329
Boat To Spectacle Island.esp,FE056254,0003059C,DecalBloodSplatMed,TXST,16622.224609,-59911.355469,3128.200928,353.9608
Boat To Spectacle Island.esp,FE056253,FE05600F,BTI_Boat_Controls_Trigger,ACTI,43064.277344,-56974.324219,568.038086,0.0000
Boat To Spectacle Island.esp,FE056252,FE05600E,BTI_Insert_NavChip_Trigger,ACTI,43143.250000,-56981.992187,591.341187,2.2918
Boat To Spectacle Island.esp,FE056251,FE056012,BTI_Repair_EngineBay_Trigger,ACTI,43064.367188,-56775.867187,518.608582,3.4377
Boat To Spectacle Island.esp,FE056250,0003251C,DefaultSetStageTrigger,ACTI,43156.601562,-56599.500000,620.200989,0.0000
Boat To Spectacle Island.esp,FE05624F,FE056020,BTI_Jaleels_Safe,CONT,16858.507812,-60138.101562,3175.858154,174.3615
Boat To Spectacle Island.esp,FE05624E,FE056065,BTI_Jaleel_Safe_Combination,KEYM,16495.289062,-60844.343750,3130.554688,174.5858
Boat To Spectacle Island.esp,FE05624D,FE056063,BTI_Gunner_Kelly,NPC_,16558.527344,-60050.230469,3055.219727,337.0817
Boat To Spectacle Island.esp,FE05624C,0007050B,LvlGunnerSniper,NPC_,16472.011719,-59696.843750,3070.828125,315.5957
Boat To Spectacle Island.esp,FE05624B,0015BDD1,LvlGunnerShotgun,NPC_,16045.539062,-59711.312500,3055.219727,6.3025
Boat To Spectacle Island.esp,FE05624A,000DE964,LvlGunnerSemiAuto,NPC_,16071.810547,-60140.605469,3055.219727,0.0000
Boat To Spectacle Island.esp,FE056249,000314FA,SteamTMetalDoor01,DOOR,15983.772461,-58904.230469,3064.000000,170.0000
Boat To Spectacle Island.esp,FE056248,0000003B,XMarker,STAT,16270.714844,-59873.515625,3144.645508,0.0000
Boat To Spectacle Island.esp,FE056247,FE056049,BTI_DblLadder06Furn,FURN,15830.821289,-58269.417969,2569.205322,177.0054
Boat To Spectacle Island.esp,FE056246,0003376D,DefaultActivateSelfTrigger,ACTI,29174.445312,-31402.468750,667.320251,239.1056
Boat To Spectacle Island.esp,FE056245,0003376D,DefaultActivateSelfTrigger,ACTI,28791.423828,-31925.681641,659.571045,329.6331
Boat To Spectacle Island.esp,FE056244,0003376D,DefaultActivateSelfTrigger,ACTI,29199.361328,-31451.978516,667.320251,239.1056
Boat To Spectacle Island.esp,FE056243,0003376D,DefaultActivateSelfTrigger,ACTI,29847.861328,-31299.759766,667.320251,328.7737
Boat To Spectacle Island.esp,FE056242,000EECF3,AmbushFeralGhoulFromHoleAbove,FURN,29717.287109,-31376.146484,679.746582,55.6806
Boat To Spectacle Island.esp,FE056241,000EECF3,AmbushFeralGhoulFromHoleAbove,FURN,29393.167969,-31502.550781,853.023254,332.0289
Boat To Spectacle Island.esp,FE056240,0009FE6A,AmbushFeralGhoulFromUnder,FURN,29142.437500,-31725.310547,488.000000,225.9280
Boat To Spectacle Island.esp,FE05623F,000EC7B0,SandboxFeralGhoulSquatEating,FURN,29189.857422,-31499.181641,496.000000,148.3961
Boat To Spectacle Island.esp,FE05623E,0003C62C,RadioTransmitMarker,ACTI,16559.722656,-59889.234375,3055.196289,0.0000
Boat To Spectacle Island.esp,FE05623D,FE056022,BTI_Distress_Pulser,MISC,16587.447266,-59916.710937,3056.324463,0.1390
Boat To Spectacle Island.esp,FE05623C,0000003B,XMarker,STAT,16274.591797,-59922.117187,3142.175049,0.0000
Boat To Spectacle Island.esp,FE05623B,FE056025,BTI_Boat_Part_1,MISC,29252.027344,-31526.701172,498.458771,8.3079
Boat To Spectacle Island.esp,FE05623A,0000003B,XMarker,STAT,17164.691406,-60734.675781,2616.385986,84.5112
Boat To Spectacle Island.esp,FE056239,000EEFBD,PowerLiftButton01,ACTI,17091.619141,-60747.167969,1144.739624,354.5113
Boat To Spectacle Island.esp,FE056238,000EEFBD,PowerLiftButton01,ACTI,17069.269531,-60747.980469,2583.656250,354.5113
Boat To Spectacle Island.esp,FE056237,000EEFBD,PowerLiftButton01,ACTI,17131.691406,-60737.847656,2604.972656,84.5112
Boat To Spectacle Island.esp,FE056236,001AE23F,PowerLiftMiniCart,ACTI,17116.908203,-60739.253906,2604.972656,84.5112
Boat To Spectacle Island.esp,FE056235,0000003B,XMarker,STAT,29175.986328,-31474.914062,568.701294,0.0000
Boat To Spectacle Island.esp,FE056234,FE05601F,BTI_BoatParts_Container,CONT,29244.250000,-31829.566406,506.695923,0.0000
Boat To Spectacle Island.esp,FE056233,0000003B,XMarker,STAT,31982.095703,-35355.269531,642.823364,0.0000
Boat To Spectacle Island.esp,FE056232,FE056011,BTI_BoatAnimHelper,ACTI,43154.851562,-56604.550781,464.048706,359.9800
Boat To Spectacle Island.esp,FE056231,FE056010,BTI_Boat_Part_Search_Trigger,ACTI,41110.113281,-34927.226562,469.264099,9.2380
Boat To Spectacle Island.esp,FE056230,FE056010,BTI_Boat_Part_Search_Trigger,ACTI,35700.164062,-32163.957031,473.646912,42.1123
Boat To Spectacle Island.esp,FE05622F,FE056010,BTI_Boat_Part_Search_Trigger,ACTI,34644.808594,-30772.271484,513.957397,17.7616
Boat To Spectacle Island.esp,FE05622E,FE056037,BTI_Boat_Furn,MSTT,43154.851562,-56604.550781,464.048706,359.9800
Boat To Spectacle Island.esp,FE05622D,0003C62C,RadioTransmitMarker,ACTI,29168.234375,-31566.962891,492.524384,315.3093
Boat To Spectacle Island.esp,FE05622C,FE056022,BTI_Distress_Pulser,MISC,29183.765625,-31553.603516,498.010223,175.8028
Boat To Spectacle Island.esp,FE05622B,FE05603B,BTI_Boat_Hulll_Main,MSTT,43154.851562,-56604.550781,464.048706,359.9800
Boat To Spectacle Island.esp,FE056227,FE056058,BTI_DblLadder04FurnTopTaller,FURN,0.000000,0.000000,0.000000,0.0000
Boat To Spectacle Island.esp,FE056226,FE05603E,BTI_DblLadder04FurnTaller,FURN,0.000000,0.000000,0.000000,0.0000
Boat To Spectacle Island.esp,FE056097,FE05605B,BTI_Ladder07FurnTop,FURN,0.000000,0.000000,0.000000,0.0000
Boat To Spectacle Island.esp,FE056096,FE056052,BTI_Ladder07Furn,FURN,0.000000,0.000000,0.000000,0.0000
Boat To Spectacle Island.esp,FE056079,FE056044,BTI_DblLadder05FurnTaller,FURN,0.000000,0.000000,0.000000,0.0000
Boat To Spectacle Island.esp,FE056078,FE056045,BTI_DblLadder05FurnTopTaller,FURN,0.000000,0.000000,0.000000,0.0000
Boat To Spectacle Island.esp,FE056220,000E1FF9,AutoPart04,MISC,4313.002441,2247.707031,6.407806,0.0000
Boat To Spectacle Island.esp,FE05621F,FE056010,BTI_Boat_Part_Search_Trigger,ACTI,-495.360504,-113.054924,64.000000,0.0000
Boat To Spectacle Island.esp,FE05621E,FE05603B,BTI_Boat_Hulll_Main,MSTT,1148.000000,-172.000000,180.000000,270.0000
Boat To Spectacle Island.esp,FE05621D,0009C8F7,DebugShootingRangeNPC,NPC_,6272.000000,7080.000000,0.000000,180.0000
Boat To Spectacle Island.esp,FE05621C,0009C8F7,DebugShootingRangeNPC,NPC_,6024.000000,6816.000000,0.000000,180.0000
Boat To Spectacle Island.esp,FE05621B,0009C8F7,DebugShootingRangeNPC,NPC_,5752.000000,6568.000000,0.000000,180.0000
Boat To Spectacle Island.esp,FE05621A,0009C8F7,DebugShootingRangeNPC,NPC_,5504.000000,6304.000000,0.000000,180.0000
Boat To Spectacle Island.esp,FE056219,0009C8F7,DebugShootingRangeNPC,NPC_,5232.000000,6032.000000,0.000000,180.0000
Boat To Spectacle Island.esp,FE056218,0009C8F7,DebugShootingRangeNPC,NPC_,4984.000000,5792.000000,0.000000,180.0000
Boat To Spectacle Island.esp,FE056217,0009C8F7,DebugShootingRangeNPC,NPC_,4736.000000,5520.000000,0.000000,180.0000
Boat To Spectacle Island.esp,FE056216,0009C8F7,DebugShootingRangeNPC,NPC_,4488.000000,5264.000000,0.000000,180.0000
Boat To Spectacle Island.esp,FE056215,0009C8F7,DebugShootingRangeNPC,NPC_,4224.000000,5032.000000,0.000000,180.0000
Boat To Spectacle Island.esp,FE056214,0009C8F7,DebugShootingRangeNPC,NPC_,3968.000000,4752.000000,0.000000,180.0000
Boat To Spectacle Island.esp,FE056213,0009C8F7,DebugShootingRangeNPC,NPC_,3720.000000,4496.000000,0.000000,180.0000
Boat To Spectacle Island.esp,FE056212,0009C8F7,DebugShootingRangeNPC,NPC_,3456.000000,4248.000000,0.000000,180.0000
Boat To Spectacle Island.esp,FE056211,0009C8F7,DebugShootingRangeNPC,NPC_,3216.000000,3992.000000,0.000000,180.0000
Boat To Spectacle Island.esp,FE056210,0009C8F7,DebugShootingRangeNPC,NPC_,2952.000000,3720.000000,0.000000,180.0000
Boat To Spectacle Island.esp,FE05620F,0009C8F7,DebugShootingRangeNPC,NPC_,2696.000000,3480.000000,0.000000,180.0000
Boat To Spectacle Island.esp,FE05620E,0009C8F7,DebugShootingRangeNPC,NPC_,2432.000000,3224.000000,0.000000,180.0000
Boat To Spectacle Island.esp,FE05620D,0009C8F7,DebugShootingRangeNPC,NPC_,2168.000000,2984.000000,0.000000,180.0000
Boat To Spectacle Island.esp,FE05620C,0009C8F7,DebugShootingRangeNPC,NPC_,1928.000000,2712.000000,0.000000,180.0000
Boat To Spectacle Island.esp,FE05620B,0009C8F7,DebugShootingRangeNPC,NPC_,1680.000000,2456.000000,0.000000,180.0000
Boat To Spectacle Island.esp,FE05620A,0009C8F7,DebugShootingRangeNPC,NPC_,1424.000000,2208.000000,0.000000,180.0000
Boat To Spectacle Island.esp,FE056209,0009C8F7,DebugShootingRangeNPC,NPC_,1160.000000,1928.000000,0.000000,180.0000
Boat To Spectacle Island.esp,FE056208,0009C8F7,DebugShootingRangeNPC,NPC_,920.000000,1672.000000,0.000000,180.0000
Boat To Spectacle Island.esp,FE056207,0009C8F7,DebugShootingRangeNPC,NPC_,640.000000,1424.000000,0.000000,180.0000
Boat To Spectacle Island.esp,FE056206,0009C8F7,DebugShootingRangeNPC,NPC_,384.000000,1168.000000,0.000000,180.0000
Boat To Spectacle Island.esp,FE056205,0009C8F7,DebugShootingRangeNPC,NPC_,120.000000,896.000000,0.000000,180.0000
Boat To Spectacle Island.esp,FE056204,0009C8F7,DebugShootingRangeNPC,NPC_,-136.000000,672.000000,0.000000,180.0000
Boat To Spectacle Island.esp,FE056203,0009C8F7,DebugShootingRangeNPC,NPC_,-392.000000,384.000000,0.000000,180.0000
Boat To Spectacle Island.esp,FE056202,0009C8F2,DEBUG_HandmadeGuns_Tier4,CONT,-664.000000,-24.000000,0.000000,0.0000
Boat To Spectacle Island.esp,FE056201,0009C8F1,DEBUG_HandmadeGuns_Tier3,CONT,-696.000000,-24.000000,0.000000,0.0000
Boat To Spectacle Island.esp,FE056200,0009C8F0,DEBUG_HandmadeGuns_Tier2,CONT,-728.000000,-24.000000,0.000000,0.0000
Boat To Spectacle Island.esp,FE0561FF,0009C8EF,DEBUG_HandmadeGuns_Tier1,CONT,-760.000000,-24.000000,0.000000,0.0000
Boat To Spectacle Island.esp,FE0561FE,00001E02,JerseyBarricade01,STAT,6144.000000,0.000000,0.000000,0.0000
Boat To Spectacle Island.esp,FE0561FD,00001E02,JerseyBarricade01,STAT,2816.000000,0.000000,0.000000,0.0000
Boat To Spectacle Island.esp,FE0561FC,00001E02,JerseyBarricade01,STAT,3072.000000,0.000000,0.000000,0.0000
Boat To Spectacle Island.esp,FE0561FB,00001E02,JerseyBarricade01,STAT,3328.000000,0.000000,0.000000,0.0000
Boat To Spectacle Island.esp,FE0561FA,00001E02,JerseyBarricade01,STAT,3584.000000,0.000000,0.000000,0.0000
Boat To Spectacle Island.esp,FE0561F9,00001E02,JerseyBarricade01,STAT,3840.000000,0.000000,0.000000,0.0000
Boat To Spectacle Island.esp,FE0561F8,00001E02,JerseyBarricade01,STAT,4096.000000,0.000000,0.000000,0.0000
Boat To Spectacle Island.esp,FE0561F7,00001E02,JerseyBarricade01,STAT,4352.000000,0.000000,0.000000,0.0000
Boat To Spectacle Island.esp,FE0561F6,00001E02,JerseyBarricade01,STAT,4608.000000,0.000000,0.000000,0.0000
Boat To Spectacle Island.esp,FE0561F5,00001E02,JerseyBarricade01,STAT,4864.000000,0.000000,0.000000,0.0000
Boat To Spectacle Island.esp,FE0561F4,00001E02,JerseyBarricade01,STAT,5120.000000,0.000000,0.000000,0.0000
Boat To Spectacle Island.esp,FE0561F3,00001E02,JerseyBarricade01,STAT,5376.000000,0.000000,0.000000,0.0000
Boat To Spectacle Island.esp,FE0561F2,00001E02,JerseyBarricade01,STAT,5632.000000,0.000000,0.000000,0.0000
Boat To Spectacle Island.esp,FE0561F1,00001E02,JerseyBarricade01,STAT,5888.000000,0.000000,0.000000,0.0000
Boat To Spectacle Island.esp,FE0561F0,00024744,IndBldShellInMidFlrOnlyBg01,STAT,6656.000000,-512.000000,0.000000,0.0000
Boat To Spectacle Island.esp,FE0561EF,00024744,IndBldShellInMidFlrOnlyBg01,STAT,6656.000000,3584.000000,0.000000,0.0000
Boat To Spectacle Island.esp,FE0561EE,00024744,IndBldShellInMidFlrOnlyBg01,STAT,6656.000000,3072.000000,0.000000,0.0000
Boat To Spectacle Island.esp,FE0561ED,00024744,IndBldShellInMidFlrOnlyBg01,STAT,6656.000000,2560.000000,0.000000,0.0000
Boat To Spectacle Island.esp,FE0561EC,00024744,IndBldShellInMidFlrOnlyBg01,STAT,6656.000000,2048.000000,0.000000,0.0000
Boat To Spectacle Island.esp,FE0561EB,00024744,IndBldShellInMidFlrOnlyBg01,STAT,6656.000000,1536.000000,0.000000,0.0000
Boat To Spectacle Island.esp,FE0561EA,00024744,IndBldShellInMidFlrOnlyBg01,STAT,6656.000000,1024.000000,0.000000,0.0000
Boat To Spectacle Island.esp,FE0561E9,00024744,IndBldShellInMidFlrOnlyBg01,STAT,6656.000000,512.000000,0.000000,0.0000
Boat To Spectacle Island.esp,FE0561E8,00024744,IndBldShellInMidFlrOnlyBg01,STAT,6656.000000,0.000015,0.000000,0.0000
Boat To Spectacle Island.esp,FE0561E7,00024744,IndBldShellInMidFlrOnlyBg01,STAT,6656.000000,4096.000000,0.000000,0.0000
Boat To Spectacle Island.esp,FE0561E6,00024744,IndBldShellInMidFlrOnlyBg01,STAT,6656.000000,4608.000000,0.000000,0.0000
Boat To Spectacle Island.esp,FE0561E5,00024744,IndBldShellInMidFlrOnlyBg01,STAT,6656.000000,5120.000000,0.000000,0.0000
Boat To Spectacle Island.esp,FE0561E4,00024744,IndBldShellInMidFlrOnlyBg01,STAT,6656.000000,5632.000000,0.000000,0.0000
Boat To Spectacle Island.esp,FE0561E3,00024744,IndBldShellInMidFlrOnlyBg01,STAT,6656.000000,6144.000000,0.000000,0.0000
Boat To Spectacle Island.esp,FE0561E2,00024744,IndBldShellInMidFlrOnlyBg01,STAT,6656.000000,6656.000000,0.000000,0.0000
Boat To Spectacle Island.esp,FE0561E1,00024744,IndBldShellInMidFlrOnlyBg01,STAT,6656.000000,7168.000000,0.000000,0.0000
Boat To Spectacle Island.esp,FE0561E0,00024744,IndBldShellInMidFlrOnlyBg01,STAT,6144.000000,-512.000000,0.000000,0.0000
Boat To Spectacle Island.esp,FE0561DF,00024744,IndBldShellInMidFlrOnlyBg01,STAT,6144.000000,3584.000000,0.000000,0.0000
Boat To Spectacle Island.esp,FE0561DE,00024744,IndBldShellInMidFlrOnlyBg01,STAT,6144.000000,3072.000000,0.000000,0.0000
Boat To Spectacle Island.esp,FE0561DD,00024744,IndBldShellInMidFlrOnlyBg01,STAT,6144.000000,2560.000000,0.000000,0.0000
Boat To Spectacle Island.esp,FE0561DC,00024744,IndBldShellInMidFlrOnlyBg01,STAT,6144.000000,2048.000000,0.000000,0.0000
Boat To Spectacle Island.esp,FE0561DB,00024744,IndBldShellInMidFlrOnlyBg01,STAT,6144.000000,1536.000000,0.000000,0.0000
Boat To Spectacle Island.esp,FE0561DA,00024744,IndBldShellInMidFlrOnlyBg01,STAT,6144.000000,1024.000000,0.000000,0.0000
Boat To Spectacle Island.esp,FE0561D9,00024744,IndBldShellInMidFlrOnlyBg01,STAT,6144.000000,512.000000,0.000000,0.0000
Boat To Spectacle Island.esp,FE0561D8,00024744,IndBldShellInMidFlrOnlyBg01,STAT,6144.000000,0.000015,0.000000,0.0000
Boat To Spectacle Island.esp,FE0561D7,00024744,IndBldShellInMidFlrOnlyBg01,STAT,6144.000000,4096.000000,0.000000,0.0000
Boat To Spectacle Island.esp,FE0561D6,00024744,IndBldShellInMidFlrOnlyBg01,STAT,6144.000000,4608.000000,0.000000,0.0000
Boat To Spectacle Island.esp,FE0561D5,00024744,IndBldShellInMidFlrOnlyBg01,STAT,6144.000000,5120.000000,0.000000,0.0000
Boat To Spectacle Island.esp,FE0561D4,00024744,IndBldShellInMidFlrOnlyBg01,STAT,6144.000000,5632.000000,0.000000,0.0000
Boat To Spectacle Island.esp,FE0561D3,00024744,IndBldShellInMidFlrOnlyBg01,STAT,6144.000000,6144.000000,0.000000,0.0000
Boat To Spectacle Island.esp,FE0561D2,00024744,IndBldShellInMidFlrOnlyBg01,STAT,6144.000000,6656.000000,0.000000,0.0000
Boat To Spectacle Island.esp,FE0561D1,00024744,IndBldShellInMidFlrOnlyBg01,STAT,6144.000000,7168.000000,0.000000,0.0000
Boat To Spectacle Island.esp,FE0561D0,00024744,IndBldShellInMidFlrOnlyBg01,STAT,5632.000000,-512.000000,0.000000,0.0000
Boat To Spectacle Island.esp,FE0561CF,00024744,IndBldShellInMidFlrOnlyBg01,STAT,5632.000000,3584.000000,0.000000,0.0000
Boat To Spectacle Island.esp,FE0561CE,00024744,IndBldShellInMidFlrOnlyBg01,STAT,5632.000000,3072.000000,0.000000,0.0000
Boat To Spectacle Island.esp,FE0561CD,00024744,IndBldShellInMidFlrOnlyBg01,STAT,5632.000000,2560.000000,0.000000,0.0000
Boat To Spectacle Island.esp,FE0561CC,00024744,IndBldShellInMidFlrOnlyBg01,STAT,5632.000000,2048.000000,0.000000,0.0000
Boat To Spectacle Island.esp,FE0561CB,00024744,IndBldShellInMidFlrOnlyBg01,STAT,5632.000000,1536.000000,0.000000,0.0000
Boat To Spectacle Island.esp,FE0561CA,00024744,IndBldShellInMidFlrOnlyBg01,STAT,5632.000000,1024.000000,0.000000,0.0000
Boat To Spectacle Island.esp,FE0561C9,00024744,IndBldShellInMidFlrOnlyBg01,STAT,5632.000000,512.000000,0.000000,0.0000
Boat To Spectacle Island.esp,FE0561C8,00024744,IndBldShellInMidFlrOnlyBg01,STAT,5632.000000,0.000000,0.000000,0.0000
Boat To Spectacle Island.esp,FE0561C7,00024744,IndBldShellInMidFlrOnlyBg01,STAT,5632.000000,4096.000000,0.000000,0.0000
Boat To Spectacle Island.esp,FE0561C6,00024744,IndBldShellInMidFlrOnlyBg01,STAT,5632.000000,4608.000000,0.000000,0.0000
Boat To Spectacle Island.esp,FE0561C5,00024744,IndBldShellInMidFlrOnlyBg01,STAT,5632.000000,5120.000000,0.000000,0.0000
Boat To Spectacle Island.esp,FE0561C4,00024744,IndBldShellInMidFlrOnlyBg01,STAT,5632.000000,5632.000000,0.000000,0.0000
Boat To Spectacle Island.esp,FE0561C3,00024744,IndBldShellInMidFlrOnlyBg01,STAT,5632.000000,6144.000000,0.000000,0.0000
Boat To Spectacle Island.esp,FE0561C2,00024744,IndBldShellInMidFlrOnlyBg01,STAT,5632.000000,6656.000000,0.000000,0.0000
Boat To Spectacle Island.esp,FE0561C1,00024744,IndBldShellInMidFlrOnlyBg01,STAT,5632.000000,7168.000000,0.000000,0.0000
Boat To Spectacle Island.esp,FE0561C0,00024744,IndBldShellInMidFlrOnlyBg01,STAT,5120.000000,7168.000000,0.000000,0.0000
Boat To Spectacle Island.esp,FE0561BF,00024744,IndBldShellInMidFlrOnlyBg01,STAT,4608.000000,7168.000000,0.000000,0.0000
Boat To Spectacle Island.esp,FE0561BE,00024744,IndBldShellInMidFlrOnlyBg01,STAT,4096.000000,7168.000000,0.000000,0.0000
Boat To Spectacle Island.esp,FE0561BD,00024744,IndBldShellInMidFlrOnlyBg01,STAT,3583.999756,7168.000000,0.000000,0.0000
Boat To Spectacle Island.esp,FE0561BC,00024744,IndBldShellInMidFlrOnlyBg01,STAT,3071.999756,7168.000000,0.000000,0.0000
Boat To Spectacle Island.esp,FE0561BB,00024744,IndBldShellInMidFlrOnlyBg01,STAT,-1024.000244,7168.000000,0.000000,0.0000
Boat To Spectacle Island.esp,FE0561BA,00024744,IndBldShellInMidFlrOnlyBg01,STAT,2559.999756,7168.000000,0.000000,0.0000
Boat To Spectacle Island.esp,FE0561B9,00024744,IndBldShellInMidFlrOnlyBg01,STAT,-512.000183,7168.000000,0.000000,0.0000
Boat To Spectacle Island.esp,FE0561B8,00024744,IndBldShellInMidFlrOnlyBg01,STAT,-0.000191,7168.000000,0.000000,0.0000
Boat To Spectacle Island.esp,FE0561B7,00024744,IndBldShellInMidFlrOnlyBg01,STAT,1023.999756,7168.000000,0.000000,0.0000
Boat To Spectacle Island.esp,FE0561B6,00024744,IndBldShellInMidFlrOnlyBg01,STAT,511.999756,7168.000000,0.000000,0.0000
Boat To Spectacle Island.esp,FE0561B5,00024744,IndBldShellInMidFlrOnlyBg01,STAT,2047.999756,7168.000000,0.000000,0.0000
Boat To Spectacle Island.esp,FE0561B4,00024744,IndBldShellInMidFlrOnlyBg01,STAT,1535.999756,7168.000000,0.000000,0.0000
Boat To Spectacle Island.esp,FE0561B3,00067AA6,BldConcSmWall01,STAT,6056.000000,6800.000000,0.000000,90.0000
Boat To Spectacle Island.esp,FE0561B2,00067AA6,BldConcSmWall01,STAT,5800.000000,6544.000000,0.000000,90.0000
Boat To Spectacle Island.esp,FE0561B1,00067AA6,BldConcSmWall01,STAT,5544.000000,6288.000000,0.000000,90.0000
Boat To Spectacle Island.esp,FE0561B0,00067AA6,BldConcSmWall01,STAT,5288.000000,6032.000000,0.000000,90.0000
Boat To Spectacle Island.esp,FE0561AF,00067AA6,BldConcSmWall01,STAT,5032.000000,5776.000000,0.000000,90.0000
Boat To Spectacle Island.esp,FE0561AE,00067AA6,BldConcSmWall01,STAT,4776.000000,5520.000000,0.000000,90.0000
Boat To Spectacle Island.esp,FE0561AD,00067AA6,BldConcSmWall01,STAT,4520.000000,5264.000000,0.000000,90.0000
Boat To Spectacle Island.esp,FE0561AC,00067AA6,BldConcSmWall01,STAT,4264.000000,5008.000000,0.000000,90.0000
Boat To Spectacle Island.esp,FE0561AB,00024744,IndBldShellInMidFlrOnlyBg01,STAT,5120.000000,6656.000000,0.000000,0.0000
Boat To Spectacle Island.esp,FE0561AA,00024744,IndBldShellInMidFlrOnlyBg01,STAT,4608.000000,6656.000000,0.000000,0.0000
Boat To Spectacle Island.esp,FE0561A9,00024744,IndBldShellInMidFlrOnlyBg01,STAT,4096.000000,6656.000000,0.000000,0.0000
Boat To Spectacle Island.esp,FE0561A8,00024744,IndBldShellInMidFlrOnlyBg01,STAT,3583.999756,6656.000000,0.000000,0.0000
Boat To Spectacle Island.esp,FE0561A7,00024744,IndBldShellInMidFlrOnlyBg01,STAT,3071.999756,6656.000000,0.000000,0.0000
Boat To Spectacle Island.esp,FE0561A6,00024744,IndBldShellInMidFlrOnlyBg01,STAT,-1024.000244,6656.000000,0.000000,0.0000
Boat To Spectacle Island.esp,FE0561A5,00024744,IndBldShellInMidFlrOnlyBg01,STAT,2559.999756,6656.000000,0.000000,0.0000
Boat To Spectacle Island.esp,FE0561A4,00024744,IndBldShellInMidFlrOnlyBg01,STAT,-512.000183,6656.000000,0.000000,0.0000
Boat To Spectacle Island.esp,FE0561A3,00024744,IndBldShellInMidFlrOnlyBg01,STAT,-0.000191,6656.000000,0.000000,0.0000
Boat To Spectacle Island.esp,FE0561A2,00024744,IndBldShellInMidFlrOnlyBg01,STAT,1023.999756,6656.000000,0.000000,0.0000
Boat To Spectacle Island.esp,FE0561A1,00024744,IndBldShellInMidFlrOnlyBg01,STAT,511.999756,6656.000000,0.000000,0.0000
Boat To Spectacle Island.esp,FE0561A0,00024744,IndBldShellInMidFlrOnlyBg01,STAT,2047.999756,6656.000000,0.000000,0.0000
Boat To Spectacle Island.esp,FE05619F,00024744,IndBldShellInMidFlrOnlyBg01,STAT,1535.999756,6656.000000,0.000000,0.0000
Boat To Spectacle Island.esp,FE05619E,00024744,IndBldShellInMidFlrOnlyBg01,STAT,5120.000000,6144.000000,0.000000,0.0000
Boat To Spectacle Island.esp,FE05619D,00024744,IndBldShellInMidFlrOnlyBg01,STAT,4608.000000,6144.000000,0.000000,0.0000
Boat To Spectacle Island.esp,FE05619C,00024744,IndBldShellInMidFlrOnlyBg01,STAT,4096.000000,6144.000000,0.000000,0.0000
Boat To Spectacle Island.esp,FE05619B,00024744,IndBldShellInMidFlrOnlyBg01,STAT,3583.999756,6144.000000,0.000000,0.0000
Boat To Spectacle Island.esp,FE05619A,00024744,IndBldShellInMidFlrOnlyBg01,STAT,3071.999756,6144.000000,0.000000,0.0000
Boat To Spectacle Island.esp,FE056199,00024744,IndBldShellInMidFlrOnlyBg01,STAT,-1024.000244,6144.000000,0.000000,0.0000
Boat To Spectacle Island.esp,FE056198,00024744,IndBldShellInMidFlrOnlyBg01,STAT,2559.999756,6144.000000,0.000000,0.0000
Boat To Spectacle Island.esp,FE056197,00024744,IndBldShellInMidFlrOnlyBg01,STAT,-512.000183,6144.000000,0.000000,0.0000
Boat To Spectacle Island.esp,FE056196,00024744,IndBldShellInMidFlrOnlyBg01,STAT,-0.000191,6144.000000,0.000000,0.0000
Boat To Spectacle Island.esp,FE056195,00024744,IndBldShellInMidFlrOnlyBg01,STAT,1023.999756,6144.000000,0.000000,0.0000
Boat To Spectacle Island.esp,FE056194,00024744,IndBldShellInMidFlrOnlyBg01,STAT,511.999756,6144.000000,0.000000,0.0000
Boat To Spectacle Island.esp,FE056193,00024744,IndBldShellInMidFlrOnlyBg01,STAT,2047.999756,6144.000000,0.000000,0.0000
Boat To Spectacle Island.esp,FE056192,00024744,IndBldShellInMidFlrOnlyBg01,STAT,1535.999756,6144.000000,0.000000,0.0000
Boat To Spectacle Island.esp,FE056191,00024744,IndBldShellInMidFlrOnlyBg01,STAT,5120.000000,5632.000000,0.000000,0.0000
Boat To Spectacle Island.esp,FE056190,00024744,IndBldShellInMidFlrOnlyBg01,STAT,4608.000000,5632.000000,0.000000,0.0000
Boat To Spectacle Island.esp,FE05618F,00024744,IndBldShellInMidFlrOnlyBg01,STAT,4096.000000,5632.000000,0.000000,0.0000
Boat To Spectacle Island.esp,FE05618E,00024744,IndBldShellInMidFlrOnlyBg01,STAT,3583.999756,5632.000000,0.000000,0.0000
Boat To Spectacle Island.esp,FE05618D,00024744,IndBldShellInMidFlrOnlyBg01,STAT,3071.999756,5632.000000,0.000000,0.0000
Boat To Spectacle Island.esp,FE05618C,00024744,IndBldShellInMidFlrOnlyBg01,STAT,-1024.000244,5632.000000,0.000000,0.0000
Boat To Spectacle Island.esp,FE05618B,00024744,IndBldShellInMidFlrOnlyBg01,STAT,2559.999756,5632.000000,0.000000,0.0000
Boat To Spectacle Island.esp,FE05618A,00024744,IndBldShellInMidFlrOnlyBg01,STAT,-512.000183,5632.000000,0.000000,0.0000
Boat To Spectacle Island.esp,FE056189,00024744,IndBldShellInMidFlrOnlyBg01,STAT,-0.000191,5632.000000,0.000000,0.0000
Boat To Spectacle Island.esp,FE056188,00024744,IndBldShellInMidFlrOnlyBg01,STAT,1023.999756,5632.000000,0.000000,0.0000
Boat To Spectacle Island.esp,FE056187,00024744,IndBldShellInMidFlrOnlyBg01,STAT,511.999756,5632.000000,0.000000,0.0000
Boat To Spectacle Island.esp,FE056186,00024744,IndBldShellInMidFlrOnlyBg01,STAT,2047.999756,5632.000000,0.000000,0.0000
Boat To Spectacle Island.esp,FE056185,00024744,IndBldShellInMidFlrOnlyBg01,STAT,1535.999756,5632.000000,0.000000,0.0000
Boat To Spectacle Island.esp,FE056184,00024744,IndBldShellInMidFlrOnlyBg01,STAT,5120.000000,5120.000000,0.000000,0.0000
Boat To Spectacle Island.esp,FE056183,00024744,IndBldShellInMidFlrOnlyBg01,STAT,4608.000000,5120.000000,0.000000,0.0000
Boat To Spectacle Island.esp,FE056182,00024744,IndBldShellInMidFlrOnlyBg01,STAT,4096.000000,5120.000000,0.000000,0.0000
Boat To Spectacle Island.esp,FE056181,00024744,IndBldShellInMidFlrOnlyBg01,STAT,3583.999756,5120.000000,0.000000,0.0000
Boat To Spectacle Island.esp,FE056180,00024744,IndBldShellInMidFlrOnlyBg01,STAT,3071.999756,5120.000000,0.000000,0.0000
Boat To Spectacle Island.esp,FE05617F,00024744,IndBldShellInMidFlrOnlyBg01,STAT,-1024.000244,5120.000000,0.000000,0.0000
Boat To Spectacle Island.esp,FE05617E,00024744,IndBldShellInMidFlrOnlyBg01,STAT,2559.999756,5120.000000,0.000000,0.0000
Boat To Spectacle Island.esp,FE05617D,00024744,IndBldShellInMidFlrOnlyBg01,STAT,-512.000183,5120.000000,0.000000,0.0000
Boat To Spectacle Island.esp,FE05617C,00024744,IndBldShellInMidFlrOnlyBg01,STAT,-0.000175,5120.000000,0.000000,0.0000
Boat To Spectacle Island.esp,FE05617B,00024744,IndBldShellInMidFlrOnlyBg01,STAT,1023.999756,5120.000000,0.000000,0.0000
Boat To Spectacle Island.esp,FE05617A,00024744,IndBldShellInMidFlrOnlyBg01,STAT,511.999756,5120.000000,0.000000,0.0000
Boat To Spectacle Island.esp,FE056179,00024744,IndBldShellInMidFlrOnlyBg01,STAT,2047.999756,5120.000000,0.000000,0.0000
Boat To Spectacle Island.esp,FE056178,00024744,IndBldShellInMidFlrOnlyBg01,STAT,1535.999756,5120.000000,0.000000,0.0000
Boat To Spectacle Island.esp,FE056177,00067AA6,BldConcSmWall01,STAT,4008.000000,4752.000000,0.000000,90.0000
Boat To Spectacle Island.esp,FE056176,00067AA6,BldConcSmWall01,STAT,3752.000000,4496.000000,0.000000,90.0000
Boat To Spectacle Island.esp,FE056175,00067AA6,BldConcSmWall01,STAT,3496.000000,4240.000000,0.000000,90.0000
Boat To Spectacle Island.esp,FE056174,00067AA6,BldConcSmWall01,STAT,3240.000000,3984.000000,0.000000,90.0000
Boat To Spectacle Island.esp,FE056173,00067AA6,BldConcSmWall01,STAT,2984.000000,3728.000000,0.000000,90.0000
Boat To Spectacle Island.esp,FE056172,00024744,IndBldShellInMidFlrOnlyBg01,STAT,5120.000000,4608.000000,0.000000,0.0000
Boat To Spectacle Island.esp,FE056171,00024744,IndBldShellInMidFlrOnlyBg01,STAT,4608.000000,4608.000000,0.000000,0.0000
Boat To Spectacle Island.esp,FE056170,00024744,IndBldShellInMidFlrOnlyBg01,STAT,4096.000000,4608.000000,0.000000,0.0000
Boat To Spectacle Island.esp,FE05616F,00024744,IndBldShellInMidFlrOnlyBg01,STAT,3583.999756,4608.000000,0.000000,0.0000
Boat To Spectacle Island.esp,FE05616E,00024744,IndBldShellInMidFlrOnlyBg01,STAT,3071.999756,4608.000000,0.000000,0.0000
Boat To Spectacle Island.esp,FE05616D,00024744,IndBldShellInMidFlrOnlyBg01,STAT,-1024.000244,4608.000000,0.000000,0.0000
Boat To Spectacle Island.esp,FE05616C,00024744,IndBldShellInMidFlrOnlyBg01,STAT,2559.999756,4608.000000,0.000000,0.0000
Boat To Spectacle Island.esp,FE05616B,00024744,IndBldShellInMidFlrOnlyBg01,STAT,-512.000183,4608.000000,0.000000,0.0000
Boat To Spectacle Island.esp,FE05616A,00024744,IndBldShellInMidFlrOnlyBg01,STAT,-0.000175,4608.000000,0.000000,0.0000
Boat To Spectacle Island.esp,FE056169,00024744,IndBldShellInMidFlrOnlyBg01,STAT,1023.999756,4608.000000,0.000000,0.0000
Boat To Spectacle Island.esp,FE056168,00024744,IndBldShellInMidFlrOnlyBg01,STAT,511.999756,4608.000000,0.000000,0.0000
Boat To Spectacle Island.esp,FE056167,00024744,IndBldShellInMidFlrOnlyBg01,STAT,2047.999756,4608.000000,0.000000,0.0000
Boat To Spectacle Island.esp,FE056166,00024744,IndBldShellInMidFlrOnlyBg01,STAT,1535.999756,4608.000000,0.000000,0.0000
Boat To Spectacle Island.esp,FE056165,00024744,IndBldShellInMidFlrOnlyBg01,STAT,5120.000000,4096.000000,0.000000,0.0000
Boat To Spectacle Island.esp,FE056164,00024744,IndBldShellInMidFlrOnlyBg01,STAT,4608.000000,4096.000000,0.000000,0.0000
Boat To Spectacle Island.esp,FE056163,00024744,IndBldShellInMidFlrOnlyBg01,STAT,4096.000000,4096.000000,0.000000,0.0000
Boat To Spectacle Island.esp,FE056162,00024744,IndBldShellInMidFlrOnlyBg01,STAT,3584.000000,4096.000000,0.000000,0.0000
Boat To Spectacle Island.esp,FE056161,00024744,IndBldShellInMidFlrOnlyBg01,STAT,3072.000000,4096.000000,0.000000,0.0000
Boat To Spectacle Island.esp,FE056160,00024744,IndBldShellInMidFlrOnlyBg01,STAT,-1024.000000,4096.000000,0.000000,0.0000
Boat To Spectacle Island.esp,FE05615F,00024744,IndBldShellInMidFlrOnlyBg01,STAT,2560.000000,4096.000000,0.000000,0.0000
Boat To Spectacle Island.esp,FE05615E,00024744,IndBldShellInMidFlrOnlyBg01,STAT,-512.000000,4096.000000,0.000000,0.0000
Boat To Spectacle Island.esp,FE05615D,00024744,IndBldShellInMidFlrOnlyBg01,STAT,0.000000,4096.000000,0.000000,0.0000
Boat To Spectacle Island.esp,FE05615C,00024744,IndBldShellInMidFlrOnlyBg01,STAT,1024.000000,4096.000000,0.000000,0.0000
Boat To Spectacle Island.esp,FE05615B,00024744,IndBldShellInMidFlrOnlyBg01,STAT,512.000000,4096.000000,0.000000,0.0000
Boat To Spectacle Island.esp,FE05615A,00024744,IndBldShellInMidFlrOnlyBg01,STAT,2048.000000,4096.000000,0.000000,0.0000
Boat To Spectacle Island.esp,FE056159,00024744,IndBldShellInMidFlrOnlyBg01,STAT,1536.000000,4096.000000,0.000000,0.0000
Boat To Spectacle Island.esp,FE056158,00024744,IndBldShellInMidFlrOnlyBg01,STAT,-1024.000000,3584.000000,0.000000,0.0000
Boat To Spectacle Island.esp,FE056157,00024744,IndBldShellInMidFlrOnlyBg01,STAT,-1024.000000,3072.000000,0.000000,0.0000
Boat To Spectacle Island.esp,FE056156,00024744,IndBldShellInMidFlrOnlyBg01,STAT,-1024.000000,2560.000000,0.000000,0.0000
Boat To Spectacle Island.esp,FE056155,00024744,IndBldShellInMidFlrOnlyBg01,STAT,-1024.000000,2048.000000,0.000000,0.0000
Boat To Spectacle Island.esp,FE056154,00024744,IndBldShellInMidFlrOnlyBg01,STAT,-1024.000000,1536.000000,0.000000,0.0000
Boat To Spectacle Island.esp,FE056153,00024744,IndBldShellInMidFlrOnlyBg01,STAT,-1024.000000,1024.000000,0.000000,0.0000
Boat To Spectacle Island.esp,FE056152,00024744,IndBldShellInMidFlrOnlyBg01,STAT,-1024.000000,512.000000,0.000000,0.0000
Boat To Spectacle Island.esp,FE056151,00024744,IndBldShellInMidFlrOnlyBg01,STAT,-1024.000000,0.000000,0.000000,0.0000
Boat To Spectacle Island.esp,FE056150,00024744,IndBldShellInMidFlrOnlyBg01,STAT,-1024.000000,-512.000000,0.000000,0.0000
Boat To Spectacle Island.esp,FE05614F,00024744,IndBldShellInMidFlrOnlyBg01,STAT,5120.000000,-512.000000,0.000000,0.0000
Boat To Spectacle Island.esp,FE05614E,00024744,IndBldShellInMidFlrOnlyBg01,STAT,4608.000000,-512.000000,0.000000,0.0000
Boat To Spectacle Island.esp,FE05614D,00024744,IndBldShellInMidFlrOnlyBg01,STAT,4096.000000,-512.000000,0.000000,0.0000
Boat To Spectacle Island.esp,FE05614C,00024744,IndBldShellInMidFlrOnlyBg01,STAT,3584.000000,-512.000000,0.000000,0.0000
Boat To Spectacle Island.esp,FE05614B,00024744,IndBldShellInMidFlrOnlyBg01,STAT,3072.000000,-512.000000,0.000000,0.0000
Boat To Spectacle Island.esp,FE05614A,00024744,IndBldShellInMidFlrOnlyBg01,STAT,2560.000000,-512.000000,0.000000,0.0000
Boat To Spectacle Island.esp,FE056149,00024744,IndBldShellInMidFlrOnlyBg01,STAT,2048.000000,-512.000000,0.000000,0.0000
Boat To Spectacle Island.esp,FE056148,00024744,IndBldShellInMidFlrOnlyBg01,STAT,1024.000000,-512.000000,0.000000,0.0000
Boat To Spectacle Island.esp,FE056147,00024744,IndBldShellInMidFlrOnlyBg01,STAT,1536.000000,-512.000000,0.000000,0.0000
Boat To Spectacle Island.esp,FE056146,00024744,IndBldShellInMidFlrOnlyBg01,STAT,512.000000,-512.000000,0.000000,0.0000
Boat To Spectacle Island.esp,FE056145,00024744,IndBldShellInMidFlrOnlyBg01,STAT,0.000000,-512.000000,0.000000,0.0000
Boat To Spectacle Island.esp,FE056144,00024744,IndBldShellInMidFlrOnlyBg01,STAT,-512.000000,-512.000000,0.000000,0.0000
Boat To Spectacle Island.esp,FE056143,00067AA6,BldConcSmWall01,STAT,2728.000000,3472.000000,0.000000,90.0000
Boat To Spectacle Island.esp,FE056142,00067AA6,BldConcSmWall01,STAT,2472.000000,3216.000000,0.000000,90.0000
Boat To Spectacle Island.esp,FE056141,00067AA6,BldConcSmWall01,STAT,2216.000000,2960.000000,0.000000,90.0000
Boat To Spectacle Island.esp,FE056140,00067AA6,BldConcSmWall01,STAT,1960.000000,2704.000000,0.000000,90.0000
Boat To Spectacle Island.esp,FE05613F,00067AA6,BldConcSmWall01,STAT,1704.000000,2448.000000,0.000000,90.0000
Boat To Spectacle Island.esp,FE05613E,00067AA6,BldConcSmWall01,STAT,1448.000000,2192.000000,0.000000,90.0000
Boat To Spectacle Island.esp,FE05613D,00067AA6,BldConcSmWall01,STAT,1192.000000,1936.000000,0.000000,90.0000
Boat To Spectacle Island.esp,FE05613C,00024744,IndBldShellInMidFlrOnlyBg01,STAT,3072.000000,3584.000000,0.000000,0.0000
Boat To Spectacle Island.esp,FE05613B,00024744,IndBldShellInMidFlrOnlyBg01,STAT,4096.000000,3584.000000,0.000000,0.0000
Boat To Spectacle Island.esp,FE05613A,00024744,IndBldShellInMidFlrOnlyBg01,STAT,3584.000000,3584.000000,0.000000,0.0000
Boat To Spectacle Island.esp,FE056139,00024744,IndBldShellInMidFlrOnlyBg01,STAT,5120.000000,3584.000000,0.000000,0.0000
Boat To Spectacle Island.esp,FE056138,00024744,IndBldShellInMidFlrOnlyBg01,STAT,4608.000000,3584.000000,0.000000,0.0000
Boat To Spectacle Island.esp,FE056137,00024744,IndBldShellInMidFlrOnlyBg01,STAT,2560.000000,3072.000000,0.000000,0.0000
Boat To Spectacle Island.esp,FE056136,00024744,IndBldShellInMidFlrOnlyBg01,STAT,3072.000000,3072.000000,0.000000,0.0000
Boat To Spectacle Island.esp,FE056135,00024744,IndBldShellInMidFlrOnlyBg01,STAT,4096.000000,3072.000000,0.000000,0.0000
Boat To Spectacle Island.esp,FE056134,00024744,IndBldShellInMidFlrOnlyBg01,STAT,3584.000000,3072.000000,0.000000,0.0000
Boat To Spectacle Island.esp,FE056133,00024744,IndBldShellInMidFlrOnlyBg01,STAT,5120.000000,3072.000000,0.000000,0.0000
Boat To Spectacle Island.esp,FE056132,00024744,IndBldShellInMidFlrOnlyBg01,STAT,4608.000000,3072.000000,0.000000,0.0000
Boat To Spectacle Island.esp,FE056131,00024744,IndBldShellInMidFlrOnlyBg01,STAT,2560.000000,2560.000000,0.000000,0.0000
Boat To Spectacle Island.esp,FE056130,00024744,IndBldShellInMidFlrOnlyBg01,STAT,3072.000000,2560.000000,0.000000,0.0000
Boat To Spectacle Island.esp,FE05612F,00024744,IndBldShellInMidFlrOnlyBg01,STAT,4096.000000,2560.000000,0.000000,0.0000
Boat To Spectacle Island.esp,FE05612E,00024744,IndBldShellInMidFlrOnlyBg01,STAT,3584.000000,2560.000000,0.000000,0.0000
Boat To Spectacle Island.esp,FE05612D,00024744,IndBldShellInMidFlrOnlyBg01,STAT,5120.000000,2560.000000,0.000000,0.0000
Boat To Spectacle Island.esp,FE05612C,00024744,IndBldShellInMidFlrOnlyBg01,STAT,4608.000000,2560.000000,0.000000,0.0000
Boat To Spectacle Island.esp,FE05612B,00024744,IndBldShellInMidFlrOnlyBg01,STAT,5120.000000,2048.000000,0.000000,0.0000
Boat To Spectacle Island.esp,FE05612A,00024744,IndBldShellInMidFlrOnlyBg01,STAT,4608.000000,2048.000000,0.000000,0.0000
Boat To Spectacle Island.esp,FE056129,00024744,IndBldShellInMidFlrOnlyBg01,STAT,4096.000000,2048.000000,0.000000,0.0000
Boat To Spectacle Island.esp,FE056128,00024744,IndBldShellInMidFlrOnlyBg01,STAT,3584.000000,2048.000000,0.000000,0.0000
Boat To Spectacle Island.esp,FE056127,00024744,IndBldShellInMidFlrOnlyBg01,STAT,2560.000000,2048.000000,0.000000,0.0000
Boat To Spectacle Island.esp,FE056126,00024744,IndBldShellInMidFlrOnlyBg01,STAT,3072.000000,2048.000000,0.000000,0.0000
Boat To Spectacle Island.esp,FE056125,00024744,IndBldShellInMidFlrOnlyBg01,STAT,2560.000000,1536.000000,0.000000,0.0000
Boat To Spectacle Island.esp,FE056124,00024744,IndBldShellInMidFlrOnlyBg01,STAT,3072.000000,1536.000000,0.000000,0.0000
Boat To Spectacle Island.esp,FE056123,00024744,IndBldShellInMidFlrOnlyBg01,STAT,4096.000000,1536.000000,0.000000,0.0000
Boat To Spectacle Island.esp,FE056122,00024744,IndBldShellInMidFlrOnlyBg01,STAT,3584.000000,1536.000000,0.000000,0.0000
Boat To Spectacle Island.esp,FE056121,00024744,IndBldShellInMidFlrOnlyBg01,STAT,5120.000000,1536.000000,0.000000,0.0000
Boat To Spectacle Island.esp,FE056120,00024744,IndBldShellInMidFlrOnlyBg01,STAT,4608.000000,1536.000000,0.000000,0.0000
Boat To Spectacle Island.esp,FE05611F,00024744,IndBldShellInMidFlrOnlyBg01,STAT,2560.000000,1024.000000,0.000000,0.0000
Boat To Spectacle Island.esp,FE05611E,00024744,IndBldShellInMidFlrOnlyBg01,STAT,3072.000000,1024.000000,0.000000,0.0000
Boat To Spectacle Island.esp,FE05611D,00024744,IndBldShellInMidFlrOnlyBg01,STAT,4096.000000,1024.000000,0.000000,0.0000
Boat To Spectacle Island.esp,FE05611C,00024744,IndBldShellInMidFlrOnlyBg01,STAT,3584.000000,1024.000000,0.000000,0.0000
Boat To Spectacle Island.esp,FE05611B,00024744,IndBldShellInMidFlrOnlyBg01,STAT,5120.000000,1024.000000,0.000000,0.0000
Boat To Spectacle Island.esp,FE05611A,00024744,IndBldShellInMidFlrOnlyBg01,STAT,4608.000000,1024.000000,0.000000,0.0000
Boat To Spectacle Island.esp,FE056119,00024744,IndBldShellInMidFlrOnlyBg01,STAT,2560.000000,512.000000,0.000000,0.0000
Boat To Spectacle Island.esp,FE056118,00024744,IndBldShellInMidFlrOnlyBg01,STAT,3072.000000,512.000000,0.000000,0.0000
Boat To Spectacle Island.esp,FE056117,00024744,IndBldShellInMidFlrOnlyBg01,STAT,4096.000000,512.000000,0.000000,0.0000
Boat To Spectacle Island.esp,FE056116,00024744,IndBldShellInMidFlrOnlyBg01,STAT,3584.000000,512.000000,0.000000,0.0000
Boat To Spectacle Island.esp,FE056115,00024744,IndBldShellInMidFlrOnlyBg01,STAT,5120.000000,512.000000,0.000000,0.0000
Boat To Spectacle Island.esp,FE056114,00024744,IndBldShellInMidFlrOnlyBg01,STAT,4608.000000,512.000000,0.000000,0.0000
Boat To Spectacle Island.esp,FE056113,00024744,IndBldShellInMidFlrOnlyBg01,STAT,5120.000000,0.000000,0.000000,0.0000
Boat To Spectacle Island.esp,FE056112,00024744,IndBldShellInMidFlrOnlyBg01,STAT,4608.000000,0.000000,0.000000,0.0000
Boat To Spectacle Island.esp,FE056111,00024744,IndBldShellInMidFlrOnlyBg01,STAT,4096.000000,0.000000,0.000000,0.0000
Boat To Spectacle Island.esp,FE056110,00024744,IndBldShellInMidFlrOnlyBg01,STAT,3584.000000,0.000000,0.000000,0.0000
Boat To Spectacle Island.esp,FE05610F,00024744,IndBldShellInMidFlrOnlyBg01,STAT,2560.000000,0.000000,0.000000,0.0000
Boat To Spectacle Island.esp,FE05610E,00024744,IndBldShellInMidFlrOnlyBg01,STAT,3072.000000,0.000000,0.000000,0.0000
Boat To Spectacle Island.esp,FE05610D,00024744,IndBldShellInMidFlrOnlyBg01,STAT,-512.000000,3584.000000,0.000000,0.0000
Boat To Spectacle Island.esp,FE05610C,00024744,IndBldShellInMidFlrOnlyBg01,STAT,0.000000,3584.000000,0.000000,0.0000
Boat To Spectacle Island.esp,FE05610B,00024744,IndBldShellInMidFlrOnlyBg01,STAT,1024.000000,3584.000000,0.000000,0.0000
Boat To Spectacle Island.esp,FE05610A,00024744,IndBldShellInMidFlrOnlyBg01,STAT,512.000000,3584.000000,0.000000,0.0000
Boat To Spectacle Island.esp,FE056109,00024744,IndBldShellInMidFlrOnlyBg01,STAT,2048.000000,3584.000000,0.000000,0.0000
Boat To Spectacle Island.esp,FE056108,00024744,IndBldShellInMidFlrOnlyBg01,STAT,1536.000000,3584.000000,0.000000,0.0000
Boat To Spectacle Island.esp,FE056107,00024744,IndBldShellInMidFlrOnlyBg01,STAT,-512.000000,3072.000000,0.000000,0.0000
Boat To Spectacle Island.esp,FE056106,00024744,IndBldShellInMidFlrOnlyBg01,STAT,0.000000,3072.000000,0.000000,0.0000
Boat To Spectacle Island.esp,FE056105,00024744,IndBldShellInMidFlrOnlyBg01,STAT,1024.000000,3072.000000,0.000000,0.0000
Boat To Spectacle Island.esp,FE056104,00024744,IndBldShellInMidFlrOnlyBg01,STAT,512.000000,3072.000000,0.000000,0.0000
Boat To Spectacle Island.esp,FE056103,00024744,IndBldShellInMidFlrOnlyBg01,STAT,2048.000000,3072.000000,0.000000,0.0000
Boat To Spectacle Island.esp,FE056102,00024744,IndBldShellInMidFlrOnlyBg01,STAT,1536.000000,3072.000000,0.000000,0.0000
Boat To Spectacle Island.esp,FE056101,00024744,IndBldShellInMidFlrOnlyBg01,STAT,-512.000000,2560.000000,0.000000,0.0000
Boat To Spectacle Island.esp,FE056100,00024744,IndBldShellInMidFlrOnlyBg01,STAT,0.000000,2560.000000,0.000000,0.0000
Boat To Spectacle Island.esp,FE0560FF,00024744,IndBldShellInMidFlrOnlyBg01,STAT,1024.000000,2560.000000,0.000000,0.0000
Boat To Spectacle Island.esp,FE0560FE,00024744,IndBldShellInMidFlrOnlyBg01,STAT,512.000000,2560.000000,0.000000,0.0000
Boat To Spectacle Island.esp,FE0560FD,00024744,IndBldShellInMidFlrOnlyBg01,STAT,2048.000000,2560.000000,0.000000,0.0000
Boat To Spectacle Island.esp,FE0560FC,00024744,IndBldShellInMidFlrOnlyBg01,STAT,1536.000000,2560.000000,0.000000,0.0000
Boat To Spectacle Island.esp,FE0560FB,00024744,IndBldShellInMidFlrOnlyBg01,STAT,2048.000000,2048.000000,0.000000,0.0000
Boat To Spectacle Island.esp,FE0560FA,00024744,IndBldShellInMidFlrOnlyBg01,STAT,1536.000000,2048.000000,0.000000,0.0000
Boat To Spectacle Island.esp,FE0560F9,00024744,IndBldShellInMidFlrOnlyBg01,STAT,1024.000000,2048.000000,0.000000,0.0000
Boat To Spectacle Island.esp,FE0560F8,00024744,IndBldShellInMidFlrOnlyBg01,STAT,512.000000,2048.000000,0.000000,0.0000
Boat To Spectacle Island.esp,FE0560F7,00024744,IndBldShellInMidFlrOnlyBg01,STAT,-512.000000,2048.000000,0.000000,0.0000
Boat To Spectacle Island.esp,FE0560F6,00024744,IndBldShellInMidFlrOnlyBg01,STAT,0.000000,2048.000000,0.000000,0.0000
Boat To Spectacle Island.esp,FE0560F5,00001E02,JerseyBarricade01,STAT,2048.000000,0.000000,0.000000,0.0000
Boat To Spectacle Island.esp,FE0560F4,00001E02,JerseyBarricade01,STAT,2304.000000,0.000000,0.000000,0.0000
Boat To Spectacle Island.esp,FE0560F3,00001E02,JerseyBarricade01,STAT,2560.000000,0.000000,0.000000,0.0000
Boat To Spectacle Island.esp,FE0560F2,00001E02,JerseyBarricade01,STAT,1280.000000,0.000000,0.000000,0.0000
Boat To Spectacle Island.esp,FE0560F1,00001E02,JerseyBarricade01,STAT,1536.000000,0.000000,0.000000,0.0000
Boat To Spectacle Island.esp,FE0560F0,00001E02,JerseyBarricade01,STAT,1792.000000,0.000000,0.000000,0.0000
Boat To Spectacle Island.esp,FE0560EF,00001E02,JerseyBarricade01,STAT,512.000000,0.000000,0.000000,0.0000
Boat To Spectacle Island.esp,FE0560EE,00001E02,JerseyBarricade01,STAT,768.000000,0.000000,0.000000,0.0000
Boat To Spectacle Island.esp,FE0560ED,00001E02,JerseyBarricade01,STAT,1024.000000,0.000000,0.000000,0.0000
Boat To Spectacle Island.esp,FE0560EC,00067AA6,BldConcSmWall01,STAT,936.000000,1680.000000,0.000000,90.0000
Boat To Spectacle Island.esp,FE0560EB,00067AA6,BldConcSmWall01,STAT,680.000000,1424.000000,0.000000,90.0000
Boat To Spectacle Island.esp,FE0560EA,00067AA6,BldConcSmWall01,STAT,424.000000,1168.000000,0.000000,90.0000
Boat To Spectacle Island.esp,FE0560E9,00067AA6,BldConcSmWall01,STAT,168.000000,912.000000,0.000000,90.0000
Boat To Spectacle Island.esp,FE0560E8,00067AA6,BldConcSmWall01,STAT,-88.000000,656.000000,0.000000,90.0000
Boat To Spectacle Island.esp,FE0560E7,00001E02,JerseyBarricade01,STAT,0.000000,0.000000,0.000000,0.0000
Boat To Spectacle Island.esp,FE0560E6,00001E02,JerseyBarricade01,STAT,256.000000,0.000000,0.000000,0.0000
Boat To Spectacle Island.esp,FE0560E5,00001E02,JerseyBarricade01,STAT,-256.000000,0.000000,0.000000,0.0000
Boat To Spectacle Island.esp,FE0560E4,00001E02,JerseyBarricade01,STAT,-512.000000,0.000000,0.000000,0.0000
Boat To Spectacle Island.esp,FE0560E3,00067AA6,BldConcSmWall01,STAT,-344.000000,400.000000,0.000000,90.0000
Boat To Spectacle Island.esp,FE0560E2,00067AA6,BldConcSmWall01,STAT,-600.000000,144.000000,0.000000,90.0000
Boat To Spectacle Island.esp,FE0560E1,00024744,IndBldShellInMidFlrOnlyBg01,STAT,-512.000000,1536.000000,0.000000,0.0000
Boat To Spectacle Island.esp,FE0560E0,00024744,IndBldShellInMidFlrOnlyBg01,STAT,0.000000,1536.000000,0.000000,0.0000
Boat To Spectacle Island.esp,FE0560DF,00024744,IndBldShellInMidFlrOnlyBg01,STAT,1024.000000,1536.000000,0.000000,0.0000
Boat To Spectacle Island.esp,FE0560DE,00024744,IndBldShellInMidFlrOnlyBg01,STAT,512.000000,1536.000000,0.000000,0.0000
Boat To Spectacle Island.esp,FE0560DD,00024744,IndBldShellInMidFlrOnlyBg01,STAT,2048.000000,1536.000000,0.000000,0.0000
Boat To Spectacle Island.esp,FE0560DC,00024744,IndBldShellInMidFlrOnlyBg01,STAT,1536.000000,1536.000000,0.000000,0.0000
Boat To Spectacle Island.esp,FE0560DB,00024744,IndBldShellInMidFlrOnlyBg01,STAT,-512.000000,1024.000000,0.000000,0.0000
Boat To Spectacle Island.esp,FE0560DA,00024744,IndBldShellInMidFlrOnlyBg01,STAT,0.000000,1024.000000,0.000000,0.0000
Boat To Spectacle Island.esp,FE0560D9,00024744,IndBldShellInMidFlrOnlyBg01,STAT,1024.000000,1024.000000,0.000000,0.0000
Boat To Spectacle Island.esp,FE0560D8,00024744,IndBldShellInMidFlrOnlyBg01,STAT,512.000000,1024.000000,0.000000,0.0000
Boat To Spectacle Island.esp,FE0560D7,00024744,IndBldShellInMidFlrOnlyBg01,STAT,2048.000000,1024.000000,0.000000,0.0000
Boat To Spectacle Island.esp,FE0560D6,00024744,IndBldShellInMidFlrOnlyBg01,STAT,1536.000000,1024.000000,0.000000,0.0000
Boat To Spectacle Island.esp,FE0560D5,00024744,IndBldShellInMidFlrOnlyBg01,STAT,-512.000000,512.000000,0.000000,0.0000
Boat To Spectacle Island.esp,FE0560D4,00024744,IndBldShellInMidFlrOnlyBg01,STAT,0.000000,512.000000,0.000000,0.0000
Boat To Spectacle Island.esp,FE0560D3,00024744,IndBldShellInMidFlrOnlyBg01,STAT,1024.000000,512.000000,0.000000,0.0000
Boat To Spectacle Island.esp,FE0560D2,00024744,IndBldShellInMidFlrOnlyBg01,STAT,512.000000,512.000000,0.000000,0.0000
Boat To Spectacle Island.esp,FE0560D1,00024744,IndBldShellInMidFlrOnlyBg01,STAT,2048.000000,512.000000,0.000000,0.0000
Boat To Spectacle Island.esp,FE0560D0,00024744,IndBldShellInMidFlrOnlyBg01,STAT,1536.000000,512.000000,0.000000,0.0000
Boat To Spectacle Island.esp,FE0560CF,00024744,IndBldShellInMidFlrOnlyBg01,STAT,2048.000000,0.000000,0.000000,0.0000
Boat To Spectacle Island.esp,FE0560CE,00024744,IndBldShellInMidFlrOnlyBg01,STAT,1536.000000,0.000000,0.000000,0.0000
Boat To Spectacle Island.esp,FE0560CD,00024744,IndBldShellInMidFlrOnlyBg01,STAT,1024.000000,0.000000,0.000000,0.0000
Boat To Spectacle Island.esp,FE0560CC,00024744,IndBldShellInMidFlrOnlyBg01,STAT,512.000000,0.000000,0.000000,0.0000
Boat To Spectacle Island.esp,FE0560CB,00024744,IndBldShellInMidFlrOnlyBg01,STAT,-512.000000,0.000000,0.000000,0.0000
Boat To Spectacle Island.esp,FE0560CA,00024744,IndBldShellInMidFlrOnlyBg01,STAT,0.000000,0.000000,0.000000,0.0000
Boat To Spectacle Island.esp,FE0560C9,00000032,COCMarkerHeading,STAT,-496.000000,-424.000000,0.000000,0.0000
Boat To Spectacle Island.esp,FE0560C8,00024744,IndBldShellInMidFlrOnlyBg01,STAT,2560.000000,3584.000000,0.000000,0.0000
Boat To Spectacle Island.esp,FE0560C7,0009C689,Tpose,FURN,2688.000000,3328.000000,0.000000,180.0000
Boat To Spectacle Island.esp,FE0560C6,001A0B11,SmithingToolHammer01A,MISC,-899.083252,-236.657471,45.443279,332.0883
Boat To Spectacle Island.esp,FE0560C5,001A0B13,SmithingToolHammer02,MISC,-900.178711,-242.069580,45.345207,94.5701
Boat To Spectacle Island.esp,FE0560C4,001A0B14,SmithingToolHammer03,MISC,-899.645996,-248.796875,46.471989,90.9228
Boat To Spectacle Island.esp,FE0560C3,001A0B15,SmithingToolTongs01,MISC,-898.973633,-298.709930,25.830952,342.1196
Boat To Spectacle Island.esp,FE0560C2,0012EA9B,WorkbenchArmorA,FURN,-888.000000,-240.000000,0.000000,270.0000
Boat To Spectacle Island.esp,FE0560C1,0017E787,workbenchWeaponsB,FURN,-752.000000,-144.000000,0.000000,0.0000
Boat To Spectacle Island.esp,FE0560C0,001AAD69,MakeshiftBattery01,MISC,-795.029053,-84.702515,0.000004,0.0000
Boat To Spectacle Island.esp,FE0560BF,001AAD69,MakeshiftBattery01,MISC,-767.779785,-84.975586,0.000004,29.9995
Boat To Spectacle Island.esp,FE0560BE,00173F02,SmithingToolSaw01,MISC,-731.653076,-54.486816,116.802933,5.2733
Boat To Spectacle Island.esp,FE0560BD,00173F01,SmithingToolSaw02,MISC,-706.762573,-54.677490,117.179092,4.3060
Boat To Spectacle Island.esp,FE0560BC,FE056037,BTI_Boat_Furn,MSTT,1148.000000,567.744934,180.000000,270.0000
Boat To Spectacle Island.esp,FE0560BB,FE05603B,BTI_Boat_Hulll_Main,MSTT,1148.000000,567.744934,180.000000,270.0000
Boat To Spectacle Island.esp,FE0560BA,0003C62C,RadioTransmitMarker,ACTI,3212.560059,3417.518066,0.000000,0.0000
Boat To Spectacle Island.esp,FE0560B9,0009C689,Tpose,FURN,6272.000000,6912.000000,0.000000,180.0000
Boat To Spectacle Island.esp,FE0560B8,0009C689,Tpose,FURN,6016.000000,6656.000000,0.000000,180.0000
Boat To Spectacle Island.esp,FE0560B7,0009C689,Tpose,FURN,5760.000000,6400.000000,0.000000,180.0000
Boat To Spectacle Island.esp,FE0560B6,0009C689,Tpose,FURN,5504.000000,6144.000000,0.000000,180.0000
Boat To Spectacle Island.esp,FE0560B5,0009C689,Tpose,FURN,5248.000000,5888.000000,0.000000,180.0000
Boat To Spectacle Island.esp,FE0560B4,0009C689,Tpose,FURN,4992.000000,5632.000000,0.000000,180.0000
Boat To Spectacle Island.esp,FE0560B3,0009C689,Tpose,FURN,4736.000000,5376.000000,0.000000,180.0000
Boat To Spectacle Island.esp,FE0560B2,0009C689,Tpose,FURN,4480.000000,5120.000000,0.000000,180.0000
Boat To Spectacle Island.esp,FE0560B1,0009C689,Tpose,FURN,4224.000000,4864.000000,0.000000,180.0000
Boat To Spectacle Island.esp,FE0560B0,0009C689,Tpose,FURN,3968.000000,4608.000000,0.000000,180.0000
Boat To Spectacle Island.esp,FE0560AF,0009C689,Tpose,FURN,3712.000000,4352.000000,0.000000,180.0000
Boat To Spectacle Island.esp,FE0560AE,0009C689,Tpose,FURN,3456.000000,4096.000000,0.000000,180.0000
Boat To Spectacle Island.esp,FE0560AD,0009C689,Tpose,FURN,3200.000000,3840.000000,0.000000,180.0000
Boat To Spectacle Island.esp,FE0560AC,0009C689,Tpose,FURN,2944.000000,3584.000000,0.000000,180.0000
Boat To Spectacle Island.esp,FE0560AB,0009C689,Tpose,FURN,2432.000000,3072.000000,0.000000,180.0000
Boat To Spectacle Island.esp,FE0560AA,0009C689,Tpose,FURN,2176.000000,2816.000000,0.000000,180.0000
Boat To Spectacle Island.esp,FE0560A9,0009C689,Tpose,FURN,1920.000000,2560.000000,0.000000,180.0000
Boat To Spectacle Island.esp,FE0560A8,0009C689,Tpose,FURN,1664.000000,2304.000000,0.000000,180.0000
Boat To Spectacle Island.esp,FE0560A7,0009C689,Tpose,FURN,1408.000000,2048.000000,0.000000,180.0000
Boat To Spectacle Island.esp,FE0560A6,0009C689,Tpose,FURN,1152.000000,1792.000000,0.000000,180.0000
Boat To Spectacle Island.esp,FE0560A5,0009C689,Tpose,FURN,896.000000,1536.000000,0.000000,180.0000
Boat To Spectacle Island.esp,FE0560A4,0009C689,Tpose,FURN,640.000000,1280.000000,0.000000,180.0000
Boat To Spectacle Island.esp,FE0560A3,0009C689,Tpose,FURN,384.000000,1024.000000,0.000000,180.0000
Boat To Spectacle Island.esp,FE0560A2,0009C689,Tpose,FURN,128.000000,768.000000,0.000000,180.0000
Boat To Spectacle Island.esp,FE0560A1,0009C689,Tpose,FURN,-128.000000,512.000000,0.000000,180.0000
Boat To Spectacle Island.esp,FE0560A0,0009C689,Tpose,FURN,-384.000000,256.000000,0.000000,180.0000
Boat To Spectacle Island.esp,FE05609F,0003C62C,RadioTransmitMarker,ACTI,3008.948730,3417.741211,0.000000,0.0000
Boat To Spectacle Island.esp,FE056082,FE05604C,BTI_DblLadder06FurnTaller,FURN,0.000000,0.000000,0.000000,0.0000
Boat To Spectacle Island.esp,FE056081,FE056059,BTI_DblLadder06FurnTopTaller,FURN,0.000000,0.000000,0.000000,0.0000
Boat To Spectacle Island.esp,FE05608B,FE056061,BTI_DblLadder02FurnTopTaller,FURN,0.000000,0.000000,0.000000,0.0000
Boat To Spectacle Island.esp,FE05608A,FE056060,BTI_DblLadder02FurnTaller,FURN,0.000000,0.000000,0.000000,0.0000
Boat To Spectacle Island.esp,FE056224,FE056040,BTI_Ladder04FurnTop,FURN,0.000000,0.000000,0.000000,0.0000
Boat To Spectacle Island.esp,FE056223,FE05604D,BTI_Ladder04Furn,FURN,0.000000,0.000000,0.000000,0.0000
Boat To Spectacle Island.esp,FE056094,FE05605C,BTI_DblLadder02Furn,FURN,0.000000,0.000000,0.000000,0.0000
Boat To Spectacle Island.esp,FE056093,FE056050,BTI_DblLadder02FurnTop,FURN,0.000000,0.000000,0.000000,0.0000
Boat To Spectacle Island.esp,FE056076,FE05605A,BTI_DblLadder03Furn,FURN,0.000000,0.000000,0.000000,0.0000
Boat To Spectacle Island.esp,FE056075,FE056042,BTI_DblLadder03FurnTop,FURN,0.000000,0.000000,0.000000,0.0000
Boat To Spectacle Island.esp,FE05609D,FE05603F,BTI_DblLadder06FurnTop,FURN,0.000000,0.000000,0.000000,0.0000
Boat To Spectacle Island.esp,FE05609C,FE056049,BTI_DblLadder06Furn,FURN,0.000000,0.000000,0.000000,0.0000
Boat To Spectacle Island.esp,FE05607F,FE056054,BTI_DblLadder04Furn,FURN,0.000000,0.000000,0.000000,0.0000
Boat To Spectacle Island.esp,FE05607E,FE05605D,BTI_DblLadder04FurnTop,FURN,0.000000,0.000000,0.000000,0.0000
Boat To Spectacle Island.esp,FE056088,FE056055,BTI_Ladder05FurnTop,FURN,0.000000,0.000000,0.000000,0.0000
Boat To Spectacle Island.esp,FE056087,FE056057,BTI_Ladder05Furn,FURN,0.000000,0.000000,0.000000,0.0000
Boat To Spectacle Island.esp,FE056091,FE05604B,BTI_Ladder02Furn,FURN,0.000000,0.000000,0.000000,0.0000
Boat To Spectacle Island.esp,FE056090,FE05604E,BTI_Ladder02FurnTop,FURN,0.000000,0.000000,0.000000,0.0000
Boat To Spectacle Island.esp,FE056073,FE056053,BTI_Ladder06FurnTop,FURN,0.000000,0.000000,0.000000,0.0000
Boat To Spectacle Island.esp,FE056072,FE056056,BTI_Ladder06Furn,FURN,0.000000,0.000000,0.000000,0.0000
Boat To Spectacle Island.esp,FE05622A,FE056047,BTI_DblLadder07FurnTop,FURN,0.000000,0.000000,0.000000,0.0000
Boat To Spectacle Island.esp,FE056229,FE05604A,BTI_DblLadder07Furn,FURN,0.000000,0.000000,0.000000,0.0000
Boat To Spectacle Island.esp,FE05609A,FE056048,BTI_DblLadder03FurnTaller,FURN,0.000000,0.000000,0.000000,0.0000
Boat To Spectacle Island.esp,FE056099,FE056043,BTI_DblLadder03FurnTopTaller,FURN,0.000000,0.000000,0.000000,0.0000
Boat To Spectacle Island.esp,FE05607C,FE056051,BTI_Ladder03Furn,FURN,0.000000,0.000000,0.000000,0.0000
Boat To Spectacle Island.esp,FE05607B,FE05604F,BTI_Ladder03FurnTop,FURN,0.000000,0.000000,0.000000,0.0000
Boat To Spectacle Island.esp,FE056085,FE05603D,BTI_DblLadder07FurnTopTaller,FURN,0.000000,0.000000,0.000000,0.0000
Boat To Spectacle Island.esp,FE056084,FE056046,BTI_DblLadder07FurnTaller,FURN,0.000000,0.000000,0.000000,0.0000
Boat To Spectacle Island.esp,FE05608E,FE05605F,BTI_DblLadder05FurnTop,FURN,0.000000,0.000000,0.000000,0.0000
Boat To Spectacle Island.esp,FE05608D,FE05605E,BTI_DblLadder05Furn,FURN,0.000000,0.000000,0.000000,0.0000
Boat To Spectacle Island.esp,FE056070,FE05603C,BTI_Ladder01FurnTop,FURN,0.000000,0.000000,0.000000,0.0000
Boat To Spectacle Island.esp,FE05606F,FE056041,BTI_Ladder01Furn,FURN,0.000000,0.000000,0.000000,0.0000
