source_file,ref_formid,base_formid,base_editorid,base_signature,pos_x,pos_y,pos_z,rot_z
ccFSVFO4007-Halloween.esl,FE00579E,0015CC87,CarpetRectangle01,STAT,1717.044189,2557.123535,311.101257,355.0009
ccFSVFO4007-Halloween.esl,FE005784,00076B55,BldWoodBBgWallPlugBBotDblDoor01,STAT,1587.444214,2544.301270,312.000000,355.0009
ccFSVFO4007-Halloween.esl,FE00578E,001FA262,defaultLightCandle01FlickerNSGoboBounce01,LIGH,1722.848999,2504.170898,414.828400,0.0001
ccFSVFO4007-Halloween.esl,FE00578D,0003A32A,defaultLightCandle01FlickerNS,LIGH,1686.354248,2381.860596,324.387268,0.0000
ccFSVFO4007-Halloween.esl,FE00578C,FE005351,ccFSVFO4007_PlasticJackOLantern01Static,STAT,1685.324829,2380.196533,310.187225,252.1015
ccFSVFO4007-Halloween.esl,FE00578B,001D4132,LooseBoard04,MSTT,1766.819458,2418.953125,317.798462,273.5476
ccFSVFO4007-Halloween.esl,FE00578A,001D4131,LooseBoard03,MSTT,1728.729858,2423.459961,315.474731,250.5973
ccFSVFO4007-Halloween.esl,FE005789,001D4130,LooseBoard02,MSTT,1754.917603,2526.699463,316.323059,61.4903
ccFSVFO4007-Halloween.esl,FE005788,001D412F,LooseBoard01,MSTT,1727.392456,2536.473145,313.115479,107.3504
ccFSVFO4007-Halloween.esl,FE005787,000D4461,BldDecoSmFlrOnlyRailBase1Way01,STAT,1603.422241,2544.701416,486.946960,175.0009
ccFSVFO4007-Halloween.esl,FE005786,00032113,DecoLobbyA1x1ColumnCor01,STAT,1567.342407,2646.054688,233.276550,175.0009
ccFSVFO4007-Halloween.esl,FE005785,00032113,DecoLobbyA1x1ColumnCor01,STAT,1587.618652,2441.422119,233.276550,265.0009
ccFSVFO4007-Halloween.esl,FE005783,0001D931,BldWoodPDbDoorLoad01,DOOR,1587.444214,2544.301270,312.000000,355.0009
ccFSVFO4007-Halloween.esl,FE005013,0001B7BB,BldWoodPMdWallPlugBBotDblDoor01,STAT,-2448.000000,2192.000000,264.000000,180.0000
ccFSVFO4007-Halloween.esl,FE00581E,00023477,BounceAmbPurple,LIGH,-1144.282104,1602.976318,504.814178,0.0000
ccFSVFO4007-Halloween.esl,FE00581D,FE005819,ccFSVFO4007_SpiderWebLight02Static,STAT,-1136.636597,1567.521484,506.414551,180.0000
ccFSVFO4007-Halloween.esl,FE00581C,00064902,InstituteLightOrange01NSNonSpec,LIGH,-2049.993896,1896.084717,390.400970,0.0000
ccFSVFO4007-Halloween.esl,FE00581B,00064902,InstituteLightOrange01NSNonSpec,LIGH,-2113.396973,1828.293945,424.528412,0.0000
ccFSVFO4007-Halloween.esl,FE00581A,FE005818,ccFSVFO4007_SpiderWebLight01Static,STAT,-2112.446045,1810.793335,429.294739,180.0000
ccFSVFO4007-Halloween.esl,FE005012,0015799C,BookBurnt01,MISC,-2224.000000,2304.000000,336.000000,315.6381
ccFSVFO4007-Halloween.esl,FE005812,00101187,defaultLightWarm02NSNonSpec,LIGH,-856.117737,124.458328,399.219147,0.0000
ccFSVFO4007-Halloween.esl,FE0054A5,00082E0A,BldBrickSmCeilOnly01,STAT,-400.000000,2704.000000,265.999969,90.0000
ccFSVFO4007-Halloween.esl,FE0050A1,0015CC85,CarpetEdging07,STAT,-1076.328003,2128.817627,264.150726,270.0001
ccFSVFO4007-Halloween.esl,FE005257,0015CC83,CarpetEdging05,STAT,-951.930664,2129.386719,264.434326,270.0001
ccFSVFO4007-Halloween.esl,FE005011,0010693D,Rubble_Flat_Trash_Sm03,STAT,-2144.000000,1904.000000,272.000000,90.0000
ccFSVFO4007-Halloween.esl,FE00580E,000787D9,Clothes_Raider_Goggles,ARMO,-521.964050,189.253357,328.000000,137.5099
ccFSVFO4007-Halloween.esl,FE0053D6,0001D1BA,DebrisPile03Trash,STAT,-425.954712,2648.000000,264.000000,90.0000
ccFSVFO4007-Halloween.esl,FE005010,0008B618,TrashEdge04,STAT,-2149.028320,2364.104980,264.255493,33.5409
ccFSVFO4007-Halloween.esl,FE00580D,FE00580C,ccFSVFO4007_HelmetNotes,BOOK,-490.140930,190.511932,327.625610,22.8841
ccFSVFO4007-Halloween.esl,FE00580B,00101187,defaultLightWarm02NSNonSpec,LIGH,-964.148560,180.076004,351.751221,0.0000
ccFSVFO4007-Halloween.esl,FE00580A,FE00570B,ccFSVFO4007_PumpkinHelmet01,ARMO,-343.259552,37.269573,319.942139,262.5973
ccFSVFO4007-Halloween.esl,FE005809,FE00570B,ccFSVFO4007_PumpkinHelmet01,ARMO,-520.513489,221.925232,328.024963,176.6536
ccFSVFO4007-Halloween.esl,FE005808,FE00529B,ccFSVFO4007_DecapitalistHelmet_NonPA,ARMO,-492.547058,217.102814,328.000000,192.2958
ccFSVFO4007-Halloween.esl,FE005807,FE00529B,ccFSVFO4007_DecapitalistHelmet_NonPA,ARMO,-549.724731,210.976425,328.000000,152.1888
ccFSVFO4007-Halloween.esl,FE005806,00060ECF,Paintbrush_01,MISC,-464.256958,216.681000,346.583801,222.4897
ccFSVFO4007-Halloween.esl,FE005805,00060ECF,Paintbrush_01,MISC,-451.068176,191.501785,328.007385,302.7044
ccFSVFO4007-Halloween.esl,FE005804,FE005801,ccFSVFO4007_PaintCanRed,MISC,-466.329163,221.424881,326.713837,0.0001
ccFSVFO4007-Halloween.esl,FE005803,00059B3A,PaintCanEmpty,MISC,-424.466766,197.103271,328.000000,319.8930
ccFSVFO4007-Halloween.esl,FE005802,00059B3A,PaintCanEmpty,MISC,-442.661682,218.712952,328.000000,68.7549
ccFSVFO4007-Halloween.esl,FE005800,0003A32A,defaultLightCandle01FlickerNS,LIGH,-428.123016,216.527664,363.110016,0.0000
ccFSVFO4007-Halloween.esl,FE0057FB,0010A928,defaultLightCandle01FlickerNSNonSpec,LIGH,-391.395386,154.289597,376.954742,205.2102
ccFSVFO4007-Halloween.esl,FE0057D9,FE005639,ccFSVFO4007_CandleBottle01ONStatic,STAT,-423.256470,222.846207,327.503448,85.9437
ccFSVFO4007-Halloween.esl,FE0057D8,0001F435,FederalistDresserShort01_Prewar,CONT,-460.008972,208.000000,264.000000,269.2444
ccFSVFO4007-Halloween.esl,FE00500F,001ADB1D,TrashEdge03_Nochunks,STAT,-2241.902344,2543.611816,264.362793,180.0001
ccFSVFO4007-Halloween.esl,FE00500E,0010693C,Rubble_Flat_Trash_Sm02,STAT,-2256.000000,2400.000000,266.122040,180.0000
ccFSVFO4007-Halloween.esl,FE00500D,0019149F,Rubble_Pile_Debris_07,STAT,-2096.000000,2016.000000,264.000000,0.0000
ccFSVFO4007-Halloween.esl,FE00500C,001944A0,ClutterGenDecalA,STAT,-2020.522461,2018.183105,272.321503,143.9469
ccFSVFO4007-Halloween.esl,FE0057A4,0008C184,Vault_Shelf_02,STAT,-223.682098,1164.638794,263.780640,270.0000
ccFSVFO4007-Halloween.esl,FE00500B,001944AF,ClutterGenSlimeA,STAT,-2040.000000,2016.000000,272.000000,350.5235
ccFSVFO4007-Halloween.esl,FE0057A2,00023736,Stimpak,ALCH,-512.539612,2815.655029,402.029480,338.8529
ccFSVFO4007-Halloween.esl,FE0057A0,00023736,Stimpak,ALCH,-473.937500,2802.338623,272.551514,332.1224
ccFSVFO4007-Halloween.esl,FE00579F,00023736,Stimpak,ALCH,-475.551392,2839.853027,266.494720,7.6117
ccFSVFO4007-Halloween.esl,FE00505D,0004B6EA,Loot_Prewar_Medkit_Wall,CONT,-519.078064,2808.000000,408.000000,90.0000
ccFSVFO4007-Halloween.esl,FE005003,0001A80A,BldWoodPSmCeilOnly02,STAT,-1803.286499,2448.000000,375.500000,270.0000
ccFSVFO4007-Halloween.esl,FE0057A1,001F1A76,BlackPlane,STAT,-2458.780029,2175.583740,350.875214,0.0000
ccFSVFO4007-Halloween.esl,FE005799,002377BD,TrapRadiation,ACTI,-218.602905,1165.137939,264.000000,0.0000
ccFSVFO4007-Halloween.esl,FE005798,001271FE,EncTurretBubble01LaserBlue,NPC_,-56.307430,826.294434,488.000000,225.0000
ccFSVFO4007-Halloween.esl,FE005796,000B810F,ProjectileMarker,STAT,-874.309570,496.111084,372.177948,179.9999
ccFSVFO4007-Halloween.esl,FE005795,00248526,TrapGunShotgunGrip,ACTI,-846.585571,464.000000,376.000000,180.6845
ccFSVFO4007-Halloween.esl,FE005793,001125D2,TrapGunBase,STAT,-846.585571,464.000000,376.000000,180.6845
ccFSVFO4007-Halloween.esl,FE005792,001410D0,DummyPivotMarker01,STAT,-840.000000,464.000000,376.000000,180.6845
ccFSVFO4007-Halloween.esl,FE00578F,00140E84,TrapElectricalArc,ACTI,-1061.938965,1174.175903,487.875000,0.0000
ccFSVFO4007-Halloween.esl,FE005782,00181067,AO_Comment_Marker_128,ACTI,-688.578186,1228.298340,265.000000,183.3465
ccFSVFO4007-Halloween.esl,FE005781,00181067,AO_Comment_Marker_128,ACTI,-1776.736328,2193.100342,264.750000,91.6732
ccFSVFO4007-Halloween.esl,FE005780,00181067,AO_Comment_Marker_128,ACTI,-2273.683350,2196.000000,265.000000,91.6733
ccFSVFO4007-Halloween.esl,FE00577F,FE005639,ccFSVFO4007_CandleBottle01ONStatic,STAT,-1293.504272,511.786713,378.041687,171.8873
ccFSVFO4007-Halloween.esl,FE00577E,FE00563A,ccFSVFO4007_CandleBottle02ONStatic,STAT,-1173.593384,643.748901,320.500000,52.5296
ccFSVFO4007-Halloween.esl,FE00577D,FE005639,ccFSVFO4007_CandleBottle01ONStatic,STAT,-1172.849976,632.623779,320.500000,0.0000
ccFSVFO4007-Halloween.esl,FE00577B,001B8DC1,IntGenericWoodRooms,ASPC,-694.887756,908.282959,298.191406,0.0000
ccFSVFO4007-Halloween.esl,FE005779,FE00544A,ccFSVFO4007_AMBIntWindB2Dmarker,SOUN,-686.529480,-5.730209,361.036896,0.0000
ccFSVFO4007-Halloween.esl,FE005778,FE005697,ccFSVFO4007_SecurityCamera01,STAT,-737.933716,-199.935349,485.591339,200.5353
ccFSVFO4007-Halloween.esl,FE005777,001C9085,MistLargeRoundDustyDimmest,MSTT,-381.202484,69.729294,362.379181,270.0001
ccFSVFO4007-Halloween.esl,FE005776,FE005549,ccFSVFO4007_HangingGhost02,STAT,-1159.738892,1382.402832,496.783356,337.0818
ccFSVFO4007-Halloween.esl,FE005775,FE00554A,ccFSVFO4007_HangingGhost03,STAT,-1256.364868,978.326843,498.849121,240.6423
ccFSVFO4007-Halloween.esl,FE005774,0019A6B8,HighTechDebrisDecal03,STAT,-670.433228,-32.557175,265.267578,0.0000
ccFSVFO4007-Halloween.esl,FE005773,0019A6B8,HighTechDebrisDecal03,STAT,-872.916138,-119.483994,265.000000,0.0000
ccFSVFO4007-Halloween.esl,FE005772,0019A6B7,HighTechDebrisDecal02,STAT,-497.492828,-127.735107,265.000000,0.0000
ccFSVFO4007-Halloween.esl,FE005771,0005D8F8,Loot_Prewar_Cooler,CONT,-818.968994,77.379616,265.267578,269.2902
ccFSVFO4007-Halloween.esl,FE005770,FE005548,ccFSVFO4007_HangingGhost01,STAT,-375.958374,170.618866,489.133179,51.5664
ccFSVFO4007-Halloween.esl,FE00576F,FE005549,ccFSVFO4007_HangingGhost02,STAT,-851.573242,-187.902130,489.133179,229.1832
ccFSVFO4007-Halloween.esl,FE00576E,FE005548,ccFSVFO4007_HangingGhost01,STAT,-583.711304,-171.385971,489.133179,137.5099
ccFSVFO4007-Halloween.esl,FE00576D,0003A32A,defaultLightCandle01FlickerNS,LIGH,-650.321289,-230.125000,369.384949,0.0000
ccFSVFO4007-Halloween.esl,FE00576C,0003A32A,defaultLightCandle01FlickerNS,LIGH,-642.240784,-237.380768,352.595245,205.2102
ccFSVFO4007-Halloween.esl,FE00576B,0003A32A,defaultLightCandle01FlickerNS,LIGH,-528.473633,-193.731323,430.655487,0.0000
ccFSVFO4007-Halloween.esl,FE00576A,0010A928,defaultLightCandle01FlickerNSNonSpec,LIGH,-513.604858,-208.814835,413.865784,205.2102
ccFSVFO4007-Halloween.esl,FE005769,FE00563A,ccFSVFO4007_CandleBottle02ONStatic,STAT,-645.964539,-230.035645,331.638123,40.1070
ccFSVFO4007-Halloween.esl,FE005768,FE005639,ccFSVFO4007_CandleBottle01ONStatic,STAT,-524.929626,-196.952347,391.059540,0.0000
ccFSVFO4007-Halloween.esl,FE005767,FE00544A,ccFSVFO4007_AMBIntWindB2Dmarker,SOUN,-1252.384033,2118.291992,391.819336,0.0000
ccFSVFO4007-Halloween.esl,FE005761,0003A32A,defaultLightCandle01FlickerNS,LIGH,-349.371399,73.309639,351.004364,0.0000
ccFSVFO4007-Halloween.esl,FE005760,FE00563A,ccFSVFO4007_CandleBottle02ONStatic,STAT,-335.905579,60.422634,318.921112,52.5296
ccFSVFO4007-Halloween.esl,FE00575F,FE005639,ccFSVFO4007_CandleBottle01ONStatic,STAT,-344.505188,73.480492,318.921112,143.2394
ccFSVFO4007-Halloween.esl,FE00575E,FE005639,ccFSVFO4007_CandleBottle01ONStatic,STAT,-341.113098,84.598969,318.921112,0.0000
ccFSVFO4007-Halloween.esl,FE00575D,FE00558C,ccFSVFO4007_PaperCutoutCats01,STAT,-612.363037,-237.681229,407.553986,0.0000
ccFSVFO4007-Halloween.esl,FE00575C,001B8DC1,IntGenericWoodRooms,ASPC,-63.505493,2856.349854,316.898743,0.0000
ccFSVFO4007-Halloween.esl,FE00575B,001B8DC1,IntGenericWoodRooms,ASPC,-693.638184,-46.487465,298.191406,0.0000
ccFSVFO4007-Halloween.esl,FE005759,FE00544A,ccFSVFO4007_AMBIntWindB2Dmarker,SOUN,-682.167114,1365.692749,391.819336,0.0000
ccFSVFO4007-Halloween.esl,FE005758,FE00544A,ccFSVFO4007_AMBIntWindB2Dmarker,SOUN,-2286.045654,2158.162109,365.534607,0.0000
ccFSVFO4007-Halloween.esl,FE005756,0004946F,DefaultEnableDisableTrigger,ACTI,-679.999878,1475.061646,712.482422,90.0000
ccFSVFO4007-Halloween.esl,FE005751,001C0FC8,FloraFungusGlowing01,FLOR,-397.488861,3027.209961,264.000000,333.0254
ccFSVFO4007-Halloween.esl,FE005750,001C0FC9,FloraFungusGlowing02,FLOR,-464.491028,3023.333984,264.000000,63.0254
ccFSVFO4007-Halloween.esl,FE00574F,00199133,DefaultLightBlueFungusNowGreen01NSNonSpec,LIGH,-425.436035,2984.878662,324.625977,0.0000
ccFSVFO4007-Halloween.esl,FE005708,FE00554E,ccFSVFO4007_BalloonGroup04,STAT,-1670.069214,1767.717651,320.500000,349.3775
ccFSVFO4007-Halloween.esl,FE005705,001C268C,EncWorkshopNPCFemaleFarmer08,NPC_,-754.247009,2747.049561,524.392822,291.2451
ccFSVFO4007-Halloween.esl,FE005704,00113343,EncWorkshopNPCMaleFarmer02,NPC_,-1841.484497,2762.928955,278.675842,85.9437
ccFSVFO4007-Halloween.esl,FE005703,FE005697,ccFSVFO4007_SecurityCamera01,STAT,-362.834259,-182.366653,484.452667,131.7805
ccFSVFO4007-Halloween.esl,FE005702,FE005697,ccFSVFO4007_SecurityCamera01,STAT,-1027.827026,-207.062088,484.452667,217.7241
ccFSVFO4007-Halloween.esl,FE005701,000E6DB1,DecoGreebFree02,STAT,-956.039551,-238.999893,426.588776,180.0000
ccFSVFO4007-Halloween.esl,FE005700,000BF83A,GenericPosterGroup01,STAT,-891.464294,237.914764,422.086212,0.0000
ccFSVFO4007-Halloween.esl,FE0056FF,000BF83D,GenericPosterGroup04,STAT,-941.791931,237.799591,446.680756,0.0000
ccFSVFO4007-Halloween.esl,FE0056FE,000BF83F,GenericPosterGroup06,STAT,-941.791931,237.799591,402.920868,0.0000
ccFSVFO4007-Halloween.esl,FE0056FD,000E6F28,BulletinBoard01Static,STAT,-907.680847,238.999939,422.774994,0.0000
ccFSVFO4007-Halloween.esl,FE0056FC,000D83CC,NpcChairIndustrialMetalOfficeSit01,FURN,-1009.459595,189.761780,264.990692,130.1074
ccFSVFO4007-Halloween.esl,FE0056FB,FE00558B,ccFSVFO4007_PaperCutoutGhosts01,STAT,-822.287964,-237.681229,407.553986,0.0000
ccFSVFO4007-Halloween.esl,FE0056FA,00099004,DefaultLightGreen01NSNonSpec,LIGH,-681.604370,-196.453949,345.314819,0.0000
ccFSVFO4007-Halloween.esl,FE0056F9,000E6DB0,DecoGreebFree01,STAT,-475.173279,-239.000229,452.195099,180.0000
ccFSVFO4007-Halloween.esl,FE0056F8,000E6DB1,DecoGreebFree02,STAT,-1006.076416,-238.999863,426.588776,180.0000
ccFSVFO4007-Halloween.esl,FE0056F7,000E6DB0,DecoGreebFree01,STAT,-843.645264,-238.999969,452.195099,180.0000
ccFSVFO4007-Halloween.esl,FE0056F6,000AEF59,Vault_FloorMat_Large_04,STAT,-676.867554,15.055918,264.000000,0.0000
ccFSVFO4007-Halloween.esl,FE0056F5,000AEF5A,Vault_FloorMat_Medium_01,STAT,-746.974365,-193.701340,264.000000,0.0000
ccFSVFO4007-Halloween.esl,FE0056F4,000AEF5A,Vault_FloorMat_Medium_01,STAT,-614.959900,-196.208344,264.000000,0.0000
ccFSVFO4007-Halloween.esl,FE0056F3,000D83CC,NpcChairIndustrialMetalOfficeSit01,FURN,-419.494720,71.378578,264.990692,57.2961
ccFSVFO4007-Halloween.esl,FE0056F2,FE0056F1,ccFSVFO4007_Loot_Safe_Wall,CONT,-2028.617920,2847.069824,331.257294,0.0000
ccFSVFO4007-Halloween.esl,FE0056F0,0005238F,Broom01,MISC,-2016.272217,2794.032959,271.470245,1.3605
ccFSVFO4007-Halloween.esl,FE0056EF,001914C2,DecalDebris05,STAT,-2069.281494,2687.020020,265.000000,0.0000
ccFSVFO4007-Halloween.esl,FE0056EE,FE00558A,ccFSVFO4007_PaperCutoutPumpkins01,STAT,-1163.235229,424.988159,411.303711,0.0000
ccFSVFO4007-Halloween.esl,FE0056ED,FE00558A,ccFSVFO4007_PaperCutoutPumpkins01,STAT,-1060.999268,424.988159,405.957275,0.0000
ccFSVFO4007-Halloween.esl,FE0056EC,FE00558D,ccFSVFO4007_PaperCutoutBats01,STAT,-963.385559,782.999939,399.888275,0.0000
ccFSVFO4007-Halloween.esl,FE0056EB,001944D0,ClutterGenShelfA,STAT,-1963.717529,2787.112061,296.968750,0.0000
ccFSVFO4007-Halloween.esl,FE0056EA,001944B5,ClutterGenDeskD,STAT,-1978.260498,2789.666504,329.000000,85.9437
ccFSVFO4007-Halloween.esl,FE0056E9,001944AA,ClutterGenDeskB,STAT,-1973.675415,2674.273926,361.000000,85.9437
ccFSVFO4007-Halloween.esl,FE0056E8,001944B2,ClutterGenDeskC,STAT,-1983.157227,2677.164795,393.000000,97.4028
ccFSVFO4007-Halloween.esl,FE0056E7,001944A0,ClutterGenDecalA,STAT,-2097.829346,2781.805420,265.000000,257.8311
ccFSVFO4007-Halloween.esl,FE0056E6,0002B6E2,LunchPail,CONT,-1978.495361,2698.137939,329.347168,74.4845
ccFSVFO4007-Halloween.esl,FE0056E5,00059A9A,Loot_Toolbox,CONT,-1975.236206,2758.361328,361.079620,177.6170
ccFSVFO4007-Halloween.esl,FE0056E4,00059A9A,Loot_Toolbox,CONT,-1981.005493,2793.190430,393.000000,160.4282
ccFSVFO4007-Halloween.esl,FE0056E3,FE00558D,ccFSVFO4007_PaperCutoutBats01,STAT,-1061.555786,782.999939,399.888275,0.0000
ccFSVFO4007-Halloween.esl,FE0056E2,0008F6B7,Loot_Prewar_Toolcase,CONT,-2142.112305,2687.639404,329.000000,342.8113
ccFSVFO4007-Halloween.esl,FE0056E1,000670B1,Loot_Prewar_ToolBox,CONT,-2139.770996,2651.233398,361.000000,11.4592
ccFSVFO4007-Halloween.esl,FE0056E0,0004B6E9,Loot_Prewar_Medkit,CONT,-2137.307373,2694.916260,393.000000,103.1324
ccFSVFO4007-Halloween.esl,FE0056DF,0004B6E9,Loot_Prewar_Medkit,CONT,-2136.463867,2651.524658,393.000000,85.9437
ccFSVFO4007-Halloween.esl,FE0056DE,00101187,defaultLightWarm02NSNonSpec,LIGH,-2057.158203,2736.177979,319.506226,0.0000
ccFSVFO4007-Halloween.esl,FE0056DD,000B2551,defaultLightWarm02NS,LIGH,-2057.158203,2736.177979,436.576904,0.0000
ccFSVFO4007-Halloween.esl,FE0056DC,001BBE06,ChainHanging02static,STAT,-2068.134521,2742.164551,519.000000,0.0000
ccFSVFO4007-Halloween.esl,FE0056DB,0001D0C3,LightbulbOn01,STAT,-2056.852295,2738.612305,519.000000,0.0000
ccFSVFO4007-Halloween.esl,FE0056DA,0001F8F9,FireExtinguisher01,MISC,-2057.069580,2838.635254,369.431183,0.0000
ccFSVFO4007-Halloween.esl,FE0056D9,0001F8FD,FireExtinguisherHolder01,STAT,-2057.219971,2847.000000,389.509308,0.0000
ccFSVFO4007-Halloween.esl,FE0056D8,000E01B8,V111SafetyPosterSmall01,STAT,-2091.368164,2846.737305,386.209656,90.0000
ccFSVFO4007-Halloween.esl,FE0056D7,00017DD7,MetalShelf01,STAT,-1976.941284,2784.500488,264.000000,90.0000
ccFSVFO4007-Halloween.esl,FE0056D6,00017DD7,MetalShelf01,STAT,-1976.941284,2672.500488,264.000000,90.0000
ccFSVFO4007-Halloween.esl,FE0056D4,00017DD7,MetalShelf01,STAT,-2144.000000,2672.000000,264.000000,270.0000
ccFSVFO4007-Halloween.esl,FE0056D3,0001A7F8,BldWoodPSmCeilOnly01,STAT,-2048.000000,2720.000000,296.000000,0.0000
ccFSVFO4007-Halloween.esl,FE0056D1,0001A88C,BldWoodPSmWall03,STAT,-2064.000000,2736.000000,264.000000,90.0000
ccFSVFO4007-Halloween.esl,FE0056D0,0001A861,BldWoodPSmWall04,STAT,-2064.000000,2736.000000,264.000000,180.0000
ccFSVFO4007-Halloween.esl,FE0056CF,0001A883,BldWoodPSmWallScktA02,STAT,-2048.000000,2720.000000,264.000000,270.0000
ccFSVFO4007-Halloween.esl,FE0056CE,0001A88A,BldWoodPSmWall02,STAT,-2064.000000,2736.000000,264.000000,0.0000
ccFSVFO4007-Halloween.esl,FE0056CD,0015CCDF,CarpetSquare01,STAT,-2048.000000,2736.000000,264.000000,0.0000
ccFSVFO4007-Halloween.esl,FE0056CC,0001B7B3,BldWoodPMdWallPlugABotDoor01,STAT,-2048.000000,2592.000000,264.000000,270.0000
ccFSVFO4007-Halloween.esl,FE0056CB,0001A883,BldWoodPSmWallScktA02,STAT,-2048.000000,2464.000000,264.000000,90.0001
ccFSVFO4007-Halloween.esl,FE0056C3,000FDEE8,defaultLightWarm01NSNonSpec,LIGH,-1271.890381,2802.593262,335.764618,0.0000
ccFSVFO4007-Halloween.esl,FE0056C2,000366C3,Vodka,ALCH,-1332.041504,2813.658203,268.308289,348.5409
ccFSVFO4007-Halloween.esl,FE0056C1,000366C3,Vodka,ALCH,-1325.459717,2830.001221,268.308289,314.1634
ccFSVFO4007-Halloween.esl,FE0056C0,000366C3,Vodka,ALCH,-1322.599976,2818.828613,268.308289,314.1634
ccFSVFO4007-Halloween.esl,FE0056BF,000366C3,Vodka,ALCH,-1333.119385,2831.417969,268.308289,0.0000
ccFSVFO4007-Halloween.esl,FE0056BE,00139F9C,WoodBox01Static,STAT,-1327.767212,2819.412354,266.308289,355.2339
ccFSVFO4007-Halloween.esl,FE0056BD,00145857,Rum,ALCH,-1250.062012,2834.351074,278.726562,80.2141
ccFSVFO4007-Halloween.esl,FE0056BC,000366C4,bourbon,ALCH,-1279.572632,2814.570068,278.705811,0.0000
ccFSVFO4007-Halloween.esl,FE0056BB,000366C4,bourbon,ALCH,-1288.371094,2816.002441,278.705811,0.0000
ccFSVFO4007-Halloween.esl,FE0056BA,00145857,Rum,ALCH,-1251.015625,2814.449707,278.726562,80.2141
ccFSVFO4007-Halloween.esl,FE0056B9,00145857,Rum,ALCH,-1241.805420,2815.791748,278.726562,80.2141
ccFSVFO4007-Halloween.esl,FE0056B8,00145857,Rum,ALCH,-1252.131226,2824.338867,278.726562,80.2141
ccFSVFO4007-Halloween.esl,FE0056B7,00145857,Rum,ALCH,-1243.642944,2824.141602,278.726562,0.0000
ccFSVFO4007-Halloween.esl,FE0056B6,000366C4,bourbon,ALCH,-1276.043335,2835.118408,278.705811,319.8930
ccFSVFO4007-Halloween.esl,FE0056B5,000366C4,bourbon,ALCH,-1285.318726,2835.911133,278.705811,337.0817
ccFSVFO4007-Halloween.esl,FE0056B4,000366C4,bourbon,ALCH,-1285.493652,2826.157227,278.705811,28.6479
ccFSVFO4007-Halloween.esl,FE0056B3,000366C4,bourbon,ALCH,-1277.405029,2822.999023,278.705811,0.0000
ccFSVFO4007-Halloween.esl,FE0056B2,00139F9C,WoodBox01Static,STAT,-1248.308105,2827.364746,276.726562,171.8874
ccFSVFO4007-Halloween.esl,FE0056B1,00139F9C,WoodBox01Static,STAT,-1282.779297,2825.792725,276.726562,189.0761
ccFSVFO4007-Halloween.esl,FE0056B0,000366C4,bourbon,ALCH,-1599.808960,2693.343506,300.919281,285.5155
ccFSVFO4007-Halloween.esl,FE0056AF,000366C4,bourbon,ALCH,-1538.629150,2676.295410,300.919281,0.0000
ccFSVFO4007-Halloween.esl,FE0056AE,000F9329,BeerGwinnettPale,ALCH,-1406.107666,2680.691895,269.040680,0.0000
ccFSVFO4007-Halloween.esl,FE0056AD,000F932B,BeerGwinnettLager,ALCH,-1463.273071,2682.071777,302.540680,256.8677
ccFSVFO4007-Halloween.esl,FE0056AC,000F932C,BeerGwinnettAle,ALCH,-1447.677734,2679.265869,300.945374,0.0000
ccFSVFO4007-Halloween.esl,FE0056AB,0011EA93,BeerBottleStandard01,ALCH,-1420.543945,2682.390137,300.948669,0.0000
ccFSVFO4007-Halloween.esl,FE0056AA,0011EA93,BeerBottleStandard01,ALCH,-1420.543945,2682.390137,300.948669,0.0000
ccFSVFO4007-Halloween.esl,FE0056A9,0011EA93,BeerBottleStandard01,ALCH,-1394.308838,2685.865723,300.948669,0.0000
ccFSVFO4007-Halloween.esl,FE0056A8,0011EA93,BeerBottleStandard01,ALCH,-1396.060059,2668.000000,300.948669,0.0000
ccFSVFO4007-Halloween.esl,FE0056A7,0011EA93,BeerBottleStandard01,ALCH,-1412.739380,2678.110840,300.948669,0.0000
ccFSVFO4007-Halloween.esl,FE0056A6,000E479D,FlatbedCart_Small,STAT,-1260.321045,2831.756348,264.000000,174.2705
ccFSVFO4007-Halloween.esl,FE00569F,FE005697,ccFSVFO4007_SecurityCamera01,STAT,-1295.792480,758.937805,487.497864,308.4339
ccFSVFO4007-Halloween.esl,FE00569E,FE005697,ccFSVFO4007_SecurityCamera01,STAT,-47.832932,423.549652,488.000000,120.3212
ccFSVFO4007-Halloween.esl,FE00569D,FE005697,ccFSVFO4007_SecurityCamera01,STAT,-58.320877,944.296753,487.000000,120.3211
ccFSVFO4007-Halloween.esl,FE00569C,FE005697,ccFSVFO4007_SecurityCamera01,STAT,-860.837769,1387.943604,487.875000,40.1070
ccFSVFO4007-Halloween.esl,FE00569B,FE005697,ccFSVFO4007_SecurityCamera01,STAT,-601.828735,2823.666992,487.000000,40.1071
ccFSVFO4007-Halloween.esl,FE00569A,FE005697,ccFSVFO4007_SecurityCamera01,STAT,-776.014587,323.024078,503.000000,217.7241
ccFSVFO4007-Halloween.esl,FE005699,FE005697,ccFSVFO4007_SecurityCamera01,STAT,-1830.787109,2036.021606,487.585937,223.4536
ccFSVFO4007-Halloween.esl,FE005698,FE005697,ccFSVFO4007_SecurityCamera01,STAT,-2146.395264,1985.188477,519.000000,120.3212
ccFSVFO4007-Halloween.esl,FE005696,0003A32A,defaultLightCandle01FlickerNS,LIGH,-1995.420410,2275.917480,284.390381,0.0000
ccFSVFO4007-Halloween.esl,FE005695,001471CD,CameraAttachDustBig,ACTI,-802.260559,545.339722,416.031128,270.0001
ccFSVFO4007-Halloween.esl,FE005694,001471CD,CameraAttachDustBig,ACTI,-2197.787842,2197.586670,495.665344,270.0001
ccFSVFO4007-Halloween.esl,FE00568C,0003A32A,defaultLightCandle01FlickerNS,LIGH,-792.693237,729.264893,305.123322,0.0000
ccFSVFO4007-Halloween.esl,FE00568B,0003A32A,defaultLightCandle01FlickerNS,LIGH,-582.326599,1051.493286,291.637421,0.0000
ccFSVFO4007-Halloween.esl,FE00568A,0003A32A,defaultLightCandle01FlickerNS,LIGH,-591.235474,598.925049,306.125916,0.0000
ccFSVFO4007-Halloween.esl,FE005688,FE005557,ccFSVFO4007_BalloonGroup01,STAT,-432.088409,3027.854492,284.224701,0.0000
ccFSVFO4007-Halloween.esl,FE005687,00032AA7,HitFloorSolidFull01,STAT,-392.000000,2984.000000,480.000000,180.0000
ccFSVFO4007-Halloween.esl,FE005686,0019C5E8,OBJConsoleGenericELPmarker,SOUN,-849.318420,-188.065308,328.977814,0.0000
ccFSVFO4007-Halloween.esl,FE005685,0019BB2F,OBJConsoleGenericBLPmarker,SOUN,-440.497894,-155.255493,330.957184,0.0000
ccFSVFO4007-Halloween.esl,FE005682,00101187,defaultLightWarm02NSNonSpec,LIGH,-1803.723389,2190.724365,337.548279,0.0000
ccFSVFO4007-Halloween.esl,FE005681,00033779,MedX,ALCH,-337.938721,743.052429,264.976776,45.0006
ccFSVFO4007-Halloween.esl,FE00567E,0002FBF7,DandyBoyApples,ALCH,-82.993683,792.805359,274.283936,0.0000
ccFSVFO4007-Halloween.esl,FE00567D,0002FBF7,DandyBoyApples,ALCH,-361.195465,541.772156,263.994507,74.4845
ccFSVFO4007-Halloween.esl,FE00567C,000F254A,HitFloorThruMid01a,STAT,-136.000000,2984.000000,480.000000,180.0000
ccFSVFO4007-Halloween.esl,FE00567B,00237E69,AMBIntGenericWindDraftSpotALPmarker,SOUN,-1039.642334,1161.963867,362.292328,0.0000
ccFSVFO4007-Halloween.esl,FE005679,00195CBE,OBJConsoleGenericALPmarker,SOUN,-172.760941,648.495361,338.756866,0.0000
ccFSVFO4007-Halloween.esl,FE005678,00237FF9,AMBLightFluorescentLightBuzzLPmarker,SOUN,-273.459717,649.305786,462.265106,0.0000
ccFSVFO4007-Halloween.esl,FE005677,FE005673,ccFSVFO4007_TeddyBearStatic,STAT,-208.144699,742.824585,373.878387,91.6734
ccFSVFO4007-Halloween.esl,FE005676,FE005673,ccFSVFO4007_TeddyBearStatic,STAT,-309.779846,607.030090,277.129425,114.5916
ccFSVFO4007-Halloween.esl,FE005675,FE005673,ccFSVFO4007_TeddyBearStatic,STAT,-308.930939,696.760254,277.129425,68.7550
ccFSVFO4007-Halloween.esl,FE005674,FE005673,ccFSVFO4007_TeddyBearStatic,STAT,-286.315369,650.824341,308.315674,91.6733
ccFSVFO4007-Halloween.esl,FE005672,000617AB,Greebles02,STAT,-18.462988,777.292725,414.950378,90.0001
ccFSVFO4007-Halloween.esl,FE005671,00055999,V111ScannerCables01,STAT,-170.041473,733.103149,264.870270,270.0000
ccFSVFO4007-Halloween.esl,FE005670,00174FE7,VltLight02FluorResHall,STAT,-261.113068,556.946289,488.000000,0.0000
ccFSVFO4007-Halloween.esl,FE00566F,00174FE7,VltLight02FluorResHall,STAT,-261.113068,735.300781,488.000000,0.0000
ccFSVFO4007-Halloween.esl,FE00566E,00143CEB,ConsoleTowerBRight04,SCOL,-200.387054,562.412781,264.281250,90.0000
ccFSVFO4007-Halloween.esl,FE00566D,001405F9,ConsoleTowerALeft01,SCOL,-198.622253,739.752686,264.000000,90.0000
ccFSVFO4007-Halloween.esl,FE00566C,001E618A,ExtractorChair01,FURN,-290.816467,652.853821,264.000000,270.0000
ccFSVFO4007-Halloween.esl,FE00566B,000AEF57,Vault_FloorMat_Large_02,STAT,-308.491669,651.407349,263.602692,0.0000
ccFSVFO4007-Halloween.esl,FE00566A,001C9085,MistLargeRoundDustyDimmest,MSTT,-692.158081,1172.821655,535.490173,0.0000
ccFSVFO4007-Halloween.esl,FE005669,001C9085,MistLargeRoundDustyDimmest,MSTT,-692.158081,867.805481,507.952942,0.0000
ccFSVFO4007-Halloween.esl,FE005666,001C9085,MistLargeRoundDustyDimmest,MSTT,-682.312378,1450.089844,490.747498,0.0000
ccFSVFO4007-Halloween.esl,FE005664,0023E1BB,Machine_Vent,SCOL,-614.583984,1461.853638,505.006439,180.0000
ccFSVFO4007-Halloween.esl,FE005663,FE005556,ccFSVFO4007_Balloon08,STAT,-458.515778,2803.493652,476.108887,211.9944
ccFSVFO4007-Halloween.esl,FE00565D,0002B785,MistGroundSlow01Dim,MSTT,-1017.774780,1163.324951,264.704773,0.0000
ccFSVFO4007-Halloween.esl,FE00565C,FE005550,ccFSVFO4007_Balloon02,STAT,-200.000000,2720.000000,476.108887,211.9944
ccFSVFO4007-Halloween.esl,FE00565B,FE005554,ccFSVFO4007_Balloon06,STAT,-219.654785,2928.603027,476.108887,171.8873
ccFSVFO4007-Halloween.esl,FE00565A,00101187,defaultLightWarm02NSNonSpec,LIGH,-671.902344,167.616776,294.978027,0.0000
ccFSVFO4007-Halloween.esl,FE005659,0008B675,SkeletonBareBody01,MSTT,-1076.503052,1299.148071,279.329529,154.6986
ccFSVFO4007-Halloween.esl,FE005658,0008B675,SkeletonBareBody01,MSTT,-1122.911377,991.339478,279.639038,0.0000
ccFSVFO4007-Halloween.esl,FE005657,FE00555C,ccFSVFO4007_Tombstone02,STAT,-1020.848206,1307.298340,274.189636,304.1858
ccFSVFO4007-Halloween.esl,FE005655,00123DD2,BlastedForestVinesHanging01,STAT,-1400.000000,1160.000000,208.000000,0.0000
ccFSVFO4007-Halloween.esl,FE005654,FE00555C,ccFSVFO4007_Tombstone02,STAT,-1092.789673,972.768799,266.211975,260.1411
ccFSVFO4007-Halloween.esl,FE005653,FE00555A,ccFSVFO4007_Tombstone03,STAT,-1090.926514,1330.214478,269.414276,286.4790
ccFSVFO4007-Halloween.esl,FE005652,FE00558D,ccFSVFO4007_PaperCutoutBats01,STAT,-1160.893066,782.999939,399.888275,0.0000
ccFSVFO4007-Halloween.esl,FE005651,00101187,defaultLightWarm02NSNonSpec,LIGH,-694.544067,-61.403973,273.857117,0.0000
ccFSVFO4007-Halloween.esl,FE005650,FE00555B,ccFSVFO4007_Tombstone01,STAT,-1134.397339,1322.175537,269.688843,280.9504
ccFSVFO4007-Halloween.esl,FE00564F,FE00555A,ccFSVFO4007_Tombstone03,STAT,-1042.539673,1030.691772,268.082611,240.6424
ccFSVFO4007-Halloween.esl,FE00564E,FE00555A,ccFSVFO4007_Tombstone03,STAT,-1194.066284,1318.457764,269.414276,280.7494
ccFSVFO4007-Halloween.esl,FE00564D,FE00555C,ccFSVFO4007_Tombstone02,STAT,-1241.844360,1024.599243,271.128113,263.5925
ccFSVFO4007-Halloween.esl,FE00564C,FE00555B,ccFSVFO4007_Tombstone01,STAT,-1171.782227,1014.245972,270.345306,257.8311
ccFSVFO4007-Halloween.esl,FE00564B,0004CEC5,CaveMoundDirtLow02,STAT,-966.056030,1367.670654,264.581421,148.9692
ccFSVFO4007-Halloween.esl,FE00564A,0004CEC5,CaveMoundDirtLow02,STAT,-895.801636,1182.744385,264.581421,211.9945
ccFSVFO4007-Halloween.esl,FE005649,0004CEC5,CaveMoundDirtLow02,STAT,-912.313416,1024.078613,264.581421,240.6423
ccFSVFO4007-Halloween.esl,FE005648,000394D4,CaveRmFloor256Mid01,STAT,-1000.000000,1064.000000,271.128113,0.0000
ccFSVFO4007-Halloween.esl,FE005647,000394D4,CaveRmFloor256Mid01,STAT,-1000.000000,1320.000000,271.128113,0.0000
ccFSVFO4007-Halloween.esl,FE005646,000394D4,CaveRmFloor256Mid01,STAT,-1256.000000,1320.000000,271.128113,0.0000
ccFSVFO4007-Halloween.esl,FE005645,000394D4,CaveRmFloor256Mid01,STAT,-1256.000000,1064.000000,271.128113,0.0000
ccFSVFO4007-Halloween.esl,FE005644,0004416E,DefaultLightWarm01Spot,LIGH,-688.299133,-105.723114,470.302887,0.0000
ccFSVFO4007-Halloween.esl,FE005643,000F9234,HighTechLightCeiling01,STAT,-686.978271,-110.891266,487.000000,0.0000
ccFSVFO4007-Halloween.esl,FE005642,001FA27C,defaultLightWarm01NSGoboBounce03,LIGH,-831.142578,11.760559,408.078308,40.1071
ccFSVFO4007-Halloween.esl,FE005641,FE00554D,ccFSVFO4007_CandleBottle02,STAT,-562.221069,583.497131,265.000000,143.2395
ccFSVFO4007-Halloween.esl,FE005640,FE00563A,ccFSVFO4007_CandleBottle02ONStatic,STAT,-563.015625,600.094055,265.000000,85.9437
ccFSVFO4007-Halloween.esl,FE00563F,FE005639,ccFSVFO4007_CandleBottle01ONStatic,STAT,-797.200195,728.586548,265.000000,85.9437
ccFSVFO4007-Halloween.esl,FE00563E,FE005639,ccFSVFO4007_CandleBottle01ONStatic,STAT,-782.668274,870.649414,334.729675,85.9437
ccFSVFO4007-Halloween.esl,FE00563D,FE00563A,ccFSVFO4007_CandleBottle02ONStatic,STAT,-775.037415,917.145996,334.729675,45.0000
ccFSVFO4007-Halloween.esl,FE00563C,FE00563A,ccFSVFO4007_CandleBottle02ONStatic,STAT,-565.148621,1055.195312,265.830658,45.0000
ccFSVFO4007-Halloween.esl,FE00563B,FE005639,ccFSVFO4007_CandleBottle01ONStatic,STAT,-565.526855,1034.168579,265.830658,0.0000
ccFSVFO4007-Halloween.esl,FE005638,00034661,NukaColaMachine_Broken01,STAT,-1851.865845,2484.596924,269.143616,270.0000
ccFSVFO4007-Halloween.esl,FE005637,FE0055C4,ccFSVFO4007_StringLightsOrange02Static,STAT,-1141.819336,781.198364,480.632446,0.0001
ccFSVFO4007-Halloween.esl,FE005636,0003B163,MannequinFemale01,MSTT,-172.318283,1283.283813,229.695206,233.9493
ccFSVFO4007-Halloween.esl,FE005635,0015D285,BeamSmokyB03,MSTT,-214.272186,1196.762695,419.495392,0.0000
ccFSVFO4007-Halloween.esl,FE005634,00071422,MistLargeRound01Dim,MSTT,-111.532951,1159.351318,277.862274,0.0000
ccFSVFO4007-Halloween.esl,FE005633,000211F6,WoodCrate02,STAT,-66.293266,1110.805786,264.000000,160.4282
ccFSVFO4007-Halloween.esl,FE005632,0002FB44,GlowingOneBlood03,STAT,-224.045181,1146.176270,344.993134,0.0000
ccFSVFO4007-Halloween.esl,FE005631,0002FB44,GlowingOneBlood03,STAT,-223.091095,1183.804810,344.993134,0.0000
ccFSVFO4007-Halloween.esl,FE00562F,000C9AD7,SurgicalScissors,MISC,-224.302780,1014.267090,331.546387,109.1077
ccFSVFO4007-Halloween.esl,FE00562E,000C9ADA,SurgicalScalpel,MISC,-233.702698,1000.217529,326.882812,0.0000
ccFSVFO4007-Halloween.esl,FE00562D,000C9ADE,SurgicalCutter,MISC,-216.347733,1005.241638,329.281250,0.0000
ccFSVFO4007-Halloween.esl,FE00562C,00059AD8,SurgicalTray01,MISC,-218.438812,1006.306885,326.281250,0.0000
ccFSVFO4007-Halloween.esl,FE00562B,00171600,DefaultLightBlueFungusNowGreen01NS,LIGH,-591.147766,2674.591797,319.487030,0.0000
ccFSVFO4007-Halloween.esl,FE00562A,00171600,DefaultLightBlueFungusNowGreen01NS,LIGH,-665.665833,2821.248779,317.355560,0.0000
ccFSVFO4007-Halloween.esl,FE005629,001C0FCA,FloraFungusGlowing03,FLOR,-559.360474,2674.120850,261.973328,57.2958
ccFSVFO4007-Halloween.esl,FE005628,001C0FCC,FloraFungusGlowing05,FLOR,-566.570679,2648.567871,266.420013,0.0000
ccFSVFO4007-Halloween.esl,FE005627,001C0FCC,FloraFungusGlowing05,FLOR,-628.333740,2777.893066,274.646027,0.0000
ccFSVFO4007-Halloween.esl,FE005626,001C0FCA,FloraFungusGlowing03,FLOR,-632.441284,2835.961914,268.276520,85.9437
ccFSVFO4007-Halloween.esl,FE005625,001C0FC8,FloraFungusGlowing01,FLOR,-717.106445,2842.368408,259.632568,0.0000
ccFSVFO4007-Halloween.esl,FE005624,00064901,InstituteLightOrange01NS,LIGH,-685.569275,1698.607056,392.062317,0.0000
ccFSVFO4007-Halloween.esl,FE005623,FE005622,ccFSVFO4007_ScaryTreeBig01Static,STAT,-623.842285,1752.181274,261.055908,63.0254
ccFSVFO4007-Halloween.esl,FE005621,00023477,BounceAmbPurple,LIGH,-1788.420776,2713.836670,434.618195,0.0000
ccFSVFO4007-Halloween.esl,FE005620,FE005549,ccFSVFO4007_HangingGhost02,STAT,-1757.041382,2742.692627,487.000000,354.2705
ccFSVFO4007-Halloween.esl,FE00561F,FE005548,ccFSVFO4007_HangingGhost01,STAT,-1738.016602,2630.168701,485.727722,291.2451
ccFSVFO4007-Halloween.esl,FE00561E,FE00561D,ccFSVFO4007_DefaultLightGreen01Spot,LIGH,-1155.553955,2173.701416,736.181580,180.0000
ccFSVFO4007-Halloween.esl,FE00561C,FE00554F,ccFSVFO4007_Balloon01,STAT,-892.716797,2711.715576,486.369049,238.9691
ccFSVFO4007-Halloween.esl,FE00561B,0001D2CC,TrackLighting01,STAT,-1536.797729,2487.832275,775.000000,90.0001
ccFSVFO4007-Halloween.esl,FE00561A,0001D2CD,TrackLighting02,STAT,-1536.798218,2010.010498,775.000000,90.0001
ccFSVFO4007-Halloween.esl,FE005619,0001D2CD,TrackLighting02,STAT,-1321.435547,2487.832275,775.000000,270.0000
ccFSVFO4007-Halloween.esl,FE005618,0001D2CC,TrackLighting01,STAT,-1321.435547,2010.010620,775.000000,270.0000
ccFSVFO4007-Halloween.esl,FE005614,0003A32A,defaultLightCandle01FlickerNS,LIGH,-598.048401,-205.061050,365.292969,0.0000
ccFSVFO4007-Halloween.esl,FE005613,000DF45C,NPCChairMemoryLoungeSit01,FURN,-2399.004883,2338.490723,264.000000,90.8366
ccFSVFO4007-Halloween.esl,FE005612,FE00554D,ccFSVFO4007_CandleBottle02,STAT,-2242.865234,2544.542480,328.000000,74.4845
ccFSVFO4007-Halloween.esl,FE005611,FE00554D,ccFSVFO4007_CandleBottle02,STAT,-2233.919922,2557.146484,328.000000,0.0000
ccFSVFO4007-Halloween.esl,FE005610,FE00554C,ccFSVFO4007_CandleBottle01,STAT,-2339.355957,2549.713379,328.000000,51.5662
ccFSVFO4007-Halloween.esl,FE00560F,FE00554C,ccFSVFO4007_CandleBottle01,STAT,-2207.585693,2376.967285,319.713135,0.0000
ccFSVFO4007-Halloween.esl,FE00560E,FE00554C,ccFSVFO4007_CandleBottle01,STAT,-1951.973633,1980.685913,322.000000,182.3832
ccFSVFO4007-Halloween.esl,FE00560D,FE00554D,ccFSVFO4007_CandleBottle02,STAT,-1950.271851,1990.655396,322.000000,40.1070
ccFSVFO4007-Halloween.esl,FE00560C,FE00554C,ccFSVFO4007_CandleBottle01,STAT,-1953.192261,2005.313965,324.954346,0.0000
ccFSVFO4007-Halloween.esl,FE00560B,FE005553,ccFSVFO4007_Balloon05,STAT,-2222.146240,2504.712158,520.125916,22.9184
ccFSVFO4007-Halloween.esl,FE00560A,FE005555,ccFSVFO4007_Balloon07,STAT,-2239.637207,1882.765259,520.125916,0.0000
ccFSVFO4007-Halloween.esl,FE005609,FE005556,ccFSVFO4007_Balloon08,STAT,-1972.066162,2026.473511,520.125916,0.0000
ccFSVFO4007-Halloween.esl,FE005608,FE005550,ccFSVFO4007_Balloon02,STAT,-2123.075928,2333.028564,519.402527,242.3156
ccFSVFO4007-Halloween.esl,FE005607,FE005555,ccFSVFO4007_Balloon07,STAT,-1755.387207,2489.550049,772.955566,143.2394
ccFSVFO4007-Halloween.esl,FE005606,001A6DBB,HighTechLightFloor03_Dirty_Cream,STAT,-2206.486572,2403.572266,316.565094,0.0000
ccFSVFO4007-Halloween.esl,FE005605,001944B5,ClutterGenDeskD,STAT,-2214.610596,2390.295166,317.000000,90.0000
ccFSVFO4007-Halloween.esl,FE005604,0003377B,Mentats,ALCH,-2208.184570,2381.880127,297.053741,90.0000
ccFSVFO4007-Halloween.esl,FE005603,000366C1,Whiskey,ALCH,-2218.675537,2391.516113,300.560547,0.0000
ccFSVFO4007-Halloween.esl,FE005602,00176E6C,CounterMidHalf01,STAT,-2163.657959,2392.039795,264.000000,270.0000
ccFSVFO4007-Halloween.esl,FE005601,FE0055A9,ccFSVFO4007_TerminalLobby,TERM,-2162.516357,2390.253418,264.000000,0.0000
ccFSVFO4007-Halloween.esl,FE005600,00176E3D,CounterCabinet01,STAT,-2214.210693,2392.472656,264.000000,270.0001
ccFSVFO4007-Halloween.esl,FE0055FF,00023477,BounceAmbPurple,LIGH,-2363.184570,2250.118408,470.078491,0.0000
ccFSVFO4007-Halloween.esl,FE0055FE,00141AAE,MuseumBounceWarm03NSNonSpec,LIGH,-1518.976440,2344.091309,393.815033,0.0000
ccFSVFO4007-Halloween.esl,FE0055FD,00141AAE,MuseumBounceWarm03NSNonSpec,LIGH,-1099.503662,2425.565186,384.113190,0.0000
ccFSVFO4007-Halloween.esl,FE0055FC,00141AAE,MuseumBounceWarm03NSNonSpec,LIGH,-1288.471436,1960.537964,384.113190,0.0000
ccFSVFO4007-Halloween.esl,FE0055FB,00141AAE,MuseumBounceWarm03NSNonSpec,LIGH,-1719.748291,1705.055908,641.209351,0.0000
ccFSVFO4007-Halloween.esl,FE0055FA,00141AAE,MuseumBounceWarm03NSNonSpec,LIGH,-1719.748291,2656.244629,641.209351,0.0000
ccFSVFO4007-Halloween.esl,FE0055F9,FE005553,ccFSVFO4007_Balloon05,STAT,-1538.049438,2826.801270,775.000000,0.9634
ccFSVFO4007-Halloween.esl,FE0055F8,FE00554E,ccFSVFO4007_BalloonGroup04,STAT,-1767.932251,2709.674805,568.500000,0.0000
ccFSVFO4007-Halloween.esl,FE0055F7,FE005559,ccFSVFO4007_BalloonGroup03,STAT,-1041.888916,2449.040039,318.611877,97.4028
ccFSVFO4007-Halloween.esl,FE0055F6,FE005558,ccFSVFO4007_BalloonGroup02,STAT,-1513.460693,2376.216797,320.500000,67.7916
ccFSVFO4007-Halloween.esl,FE0055F5,FE005557,ccFSVFO4007_BalloonGroup01,STAT,-1267.148193,1921.236450,320.500000,349.3775
ccFSVFO4007-Halloween.esl,FE0055F4,00064827,MistGround01,MSTT,-1209.101929,2224.752686,285.372131,0.0000
ccFSVFO4007-Halloween.esl,FE0055F3,000039B0,DiamondOrangeFiltered01NS,LIGH,-1608.032227,2186.312500,468.166687,0.0000
ccFSVFO4007-Halloween.esl,FE0055F2,00023477,BounceAmbPurple,LIGH,-1694.225708,1807.788940,435.841888,0.0000
ccFSVFO4007-Halloween.esl,FE0055F1,FE0055C7,ccFSVFO4007_StringLightsPurple02Static,STAT,-1732.974731,1839.218262,491.987061,270.0000
ccFSVFO4007-Halloween.esl,FE0055F0,FE0055C4,ccFSVFO4007_StringLightsOrange02Static,STAT,-1644.424805,2189.912842,492.036560,270.0000
ccFSVFO4007-Halloween.esl,FE0055EF,0004416E,DefaultLightWarm01Spot,LIGH,-1057.896484,1890.558105,297.212402,50.2517
ccFSVFO4007-Halloween.esl,FE0055EE,000517B0,DefaultLightWhite01NS,LIGH,-1028.755127,1880.267090,302.156403,101.7001
ccFSVFO4007-Halloween.esl,FE0055ED,00092A1F,Spotlight45deg_On,SCOL,-1034.925293,1877.398560,280.342651,11.7001
ccFSVFO4007-Halloween.esl,FE0055EC,0004416E,DefaultLightWarm01Spot,LIGH,-1047.849487,2528.902344,297.212402,26.6907
ccFSVFO4007-Halloween.esl,FE0055EB,00092A1F,Spotlight45deg_On,SCOL,-1017.501221,2546.044678,280.536835,337.3226
ccFSVFO4007-Halloween.esl,FE0055EA,000517B0,DefaultLightWhite01NS,LIGH,-1014.028442,2551.896240,302.350586,67.3226
ccFSVFO4007-Halloween.esl,FE0055E9,000F3BB9,HitPlanterFree02,STAT,-981.285706,1851.700439,254.491806,0.0000
ccFSVFO4007-Halloween.esl,FE0055E8,00121550,TreeBlastedForestBurntUpright02,STAT,-982.615845,1852.259521,285.464905,108.8623
ccFSVFO4007-Halloween.esl,FE0055E7,000F3BB9,HitPlanterFree02,STAT,-964.002075,2568.303223,254.491806,0.0000
ccFSVFO4007-Halloween.esl,FE0055E6,00121550,TreeBlastedForestBurntUpright02,STAT,-965.332214,2568.862305,285.464905,262.5974
ccFSVFO4007-Halloween.esl,FE0055E5,FE005555,ccFSVFO4007_Balloon07,STAT,-1691.226685,1969.005981,775.000000,130.8170
ccFSVFO4007-Halloween.esl,FE0055E4,FE005553,ccFSVFO4007_Balloon05,STAT,-1467.678955,1978.292236,775.000000,74.4845
ccFSVFO4007-Halloween.esl,FE0055E3,FE00554F,ccFSVFO4007_Balloon01,STAT,-1569.171631,2568.901123,775.000000,229.1831
ccFSVFO4007-Halloween.esl,FE0055E2,FE005550,ccFSVFO4007_Balloon02,STAT,-1416.820557,2179.977783,775.000000,229.1831
ccFSVFO4007-Halloween.esl,FE0055E1,FE005552,ccFSVFO4007_Balloon04,STAT,-1456.251465,2424.794922,775.000000,0.0000
ccFSVFO4007-Halloween.esl,FE0055E0,FE005556,ccFSVFO4007_Balloon08,STAT,-1138.439575,2243.544189,775.000000,0.0000
ccFSVFO4007-Halloween.esl,FE0055DF,FE005554,ccFSVFO4007_Balloon06,STAT,-784.160767,1648.809570,775.000000,0.0000
ccFSVFO4007-Halloween.esl,FE0055DE,FE005553,ccFSVFO4007_Balloon05,STAT,-905.175720,2696.185791,775.000000,74.4845
ccFSVFO4007-Halloween.esl,FE0055DD,FE005550,ccFSVFO4007_Balloon02,STAT,-1113.293579,2464.971191,775.000000,292.2085
ccFSVFO4007-Halloween.esl,FE0055DC,FE005555,ccFSVFO4007_Balloon07,STAT,-958.583740,2544.064209,775.000000,314.1634
ccFSVFO4007-Halloween.esl,FE0055DB,FE005556,ccFSVFO4007_Balloon08,STAT,-1245.794556,2449.425537,775.000000,0.0000
ccFSVFO4007-Halloween.esl,FE0055DA,FE005551,ccFSVFO4007_Balloon03,STAT,-1051.720337,2118.179199,775.000000,275.0198
ccFSVFO4007-Halloween.esl,FE0055D9,FE005552,ccFSVFO4007_Balloon04,STAT,-958.174866,2278.511963,775.000000,0.0000
ccFSVFO4007-Halloween.esl,FE0055D8,FE005555,ccFSVFO4007_Balloon07,STAT,-1274.611572,2205.770996,775.000000,130.8170
ccFSVFO4007-Halloween.esl,FE0055D7,FE005551,ccFSVFO4007_Balloon03,STAT,-1093.479370,2821.784668,486.369049,17.1888
ccFSVFO4007-Halloween.esl,FE0055D6,FE005550,ccFSVFO4007_Balloon02,STAT,-1015.791748,1995.567749,775.000000,103.1324
ccFSVFO4007-Halloween.esl,FE0055D5,FE00554F,ccFSVFO4007_Balloon01,STAT,-1082.867065,1873.352783,775.000000,131.7803
ccFSVFO4007-Halloween.esl,FE0055D4,00023477,BounceAmbPurple,LIGH,-1217.513062,2606.925537,460.014740,0.0000
ccFSVFO4007-Halloween.esl,FE0055D3,00023477,BounceAmbPurple,LIGH,-1461.955322,2590.825684,456.006592,0.0000
ccFSVFO4007-Halloween.esl,FE0055D2,FE0055C8,ccFSVFO4007_StringLightsPurple03Static,STAT,-1316.312256,2671.000000,498.988800,0.0000
ccFSVFO4007-Halloween.esl,FE0055D1,000039B0,DiamondOrangeFiltered01NS,LIGH,-963.441467,1981.120361,680.985779,0.0000
ccFSVFO4007-Halloween.esl,FE0055D0,000039B0,DiamondOrangeFiltered01NS,LIGH,-963.441467,2197.393799,680.985779,0.0000
ccFSVFO4007-Halloween.esl,FE0055CF,000039B0,DiamondOrangeFiltered01NS,LIGH,-963.441467,2367.258301,680.985779,0.0000
ccFSVFO4007-Halloween.esl,FE0055CE,001FA27D,defaultLightWarm02NSGoboBounce01,LIGH,-1175.572510,2196.359131,575.726624,193.8424
ccFSVFO4007-Halloween.esl,FE0055CD,FE0055C5,ccFSVFO4007_StringLightsOrange03Static,STAT,-907.106018,2181.820801,722.095276,90.0001
ccFSVFO4007-Halloween.esl,FE0055CC,00064902,InstituteLightOrange01NSNonSpec,LIGH,-1951.777832,2196.385498,445.971527,0.0000
ccFSVFO4007-Halloween.esl,FE0055CB,000FA858,HighTechLightWallFixture01b,STAT,-1928.000000,2317.339111,401.681824,180.0000
ccFSVFO4007-Halloween.esl,FE0055CA,FE00558B,ccFSVFO4007_PaperCutoutGhosts01,STAT,-1932.322144,2034.960815,439.485046,270.0000
ccFSVFO4007-Halloween.esl,FE0055C9,FE00558C,ccFSVFO4007_PaperCutoutCats01,STAT,-1929.212280,2346.474121,442.190247,90.0000
ccFSVFO4007-Halloween.esl,FE0055BF,00023477,BounceAmbPurple,LIGH,-2363.184570,2048.643066,470.078491,0.0000
ccFSVFO4007-Halloween.esl,FE0055BE,00237E69,AMBIntGenericWindDraftSpotALPmarker,SOUN,-2268.951172,2198.496826,299.207855,0.0000
ccFSVFO4007-Halloween.esl,FE0055BD,0002B785,MistGroundSlow01Dim,MSTT,-2172.416260,2196.825928,226.885101,0.0000
ccFSVFO4007-Halloween.esl,FE0055BC,0008B213,SkeletonClothedM01,MSTT,-2280.972412,1872.476440,281.692444,0.0000
ccFSVFO4007-Halloween.esl,FE0055BB,001C9080,MistLargeRoundDustyDimmer,MSTT,-2213.199219,2198.458496,503.166656,0.0000
ccFSVFO4007-Halloween.esl,FE0055B9,000211F5,WoodCrate01,STAT,-46.916489,1020.657227,302.829895,348.5409
ccFSVFO4007-Halloween.esl,FE0055B8,0010172B,MuseumBounceWarm04NSNonSpec,LIGH,-2247.915771,1987.232788,381.271088,0.0000
ccFSVFO4007-Halloween.esl,FE0055B7,0010172B,MuseumBounceWarm04NSNonSpec,LIGH,-2319.101562,2397.787354,398.575958,0.0000
ccFSVFO4007-Halloween.esl,FE0055B6,001FA262,defaultLightCandle01FlickerNSGoboBounce01,LIGH,-2205.659912,2198.962646,391.913086,198.8621
ccFSVFO4007-Halloween.esl,FE0055B5,0001D2CB,TrackLightingOff03,STAT,-2239.847900,1993.046631,519.000000,0.0001
ccFSVFO4007-Halloween.esl,FE0055B4,0001D2CA,TrackLightingOff02,STAT,-2239.847900,2426.396729,519.000000,180.0001
ccFSVFO4007-Halloween.esl,FE0055B3,0001D2C9,TrackLightingOff01,STAT,-2342.481934,2167.727539,519.000000,270.0000
ccFSVFO4007-Halloween.esl,FE0055B2,FE0055B1,ccFSVFO4007_FXWarmFlicker,LIGH,-2131.288330,2257.591064,449.909363,0.0000
ccFSVFO4007-Halloween.esl,FE0055B0,00045614,SparksIntermittent,MSTT,-2123.888916,2260.879395,468.957733,0.0000
ccFSVFO4007-Halloween.esl,FE0055AF,000F2548,HitDebrisPileCeiling02,STAT,-2099.935791,2195.193848,533.009583,0.0000
ccFSVFO4007-Halloween.esl,FE0055AE,000FA858,HighTechLightWallFixture01b,STAT,-1928.000000,2056.000000,401.681824,180.0000
ccFSVFO4007-Halloween.esl,FE0055AD,FE0055C4,ccFSVFO4007_StringLightsOrange02Static,STAT,-1141.819336,428.793121,480.632446,180.0000
ccFSVFO4007-Halloween.esl,FE0055AC,001A6DBB,HighTechLightFloor03_Dirty_Cream,STAT,-2160.944580,1980.681274,274.747772,0.0000
ccFSVFO4007-Halloween.esl,FE0055AB,00099004,DefaultLightGreen01NSNonSpec,LIGH,-2162.132080,2362.460693,348.207886,0.0000
ccFSVFO4007-Halloween.esl,FE0055AA,FE0055C8,ccFSVFO4007_StringLightsPurple03Static,STAT,-2425.577637,2197.564697,487.576263,270.0000
ccFSVFO4007-Halloween.esl,FE005581,0019A6B8,HighTechDebrisDecal03,STAT,-2157.721191,2068.776123,265.661316,40.1071
ccFSVFO4007-Halloween.esl,FE005577,0019A6B8,HighTechDebrisDecal03,STAT,-2142.096924,2201.890869,265.661316,325.6226
ccFSVFO4007-Halloween.esl,FE005576,FE005562,ccFSVFO4007_PlasticJackOLantern03,STAT,-1998.685303,2310.821777,265.661316,21.2452
ccFSVFO4007-Halloween.esl,FE005575,FE005563,ccFSVFO4007_PlasticJackOLantern04,STAT,-1976.428467,2106.907959,265.661316,103.1324
ccFSVFO4007-Halloween.esl,FE005574,00032AA7,HitFloorSolidFull01,STAT,-136.000000,2728.000000,480.000000,180.0000
ccFSVFO4007-Halloween.esl,FE005540,001A4D44,SkeletonClothedF05,MSTT,-1551.381348,2609.190430,322.385101,270.0000
ccFSVFO4007-Halloween.esl,FE00553F,0008B214,SkeletonClothedF01,MSTT,-1036.762451,2043.525391,285.319641,0.0000
ccFSVFO4007-Halloween.esl,FE00553E,001A4D42,SkeletonClothedM03,MSTT,-1106.117432,2328.346680,269.824371,225.0000
ccFSVFO4007-Halloween.esl,FE00553D,001A4D41,SkeletonClothedM04,MSTT,-1251.937622,2017.924927,273.085419,135.0001
ccFSVFO4007-Halloween.esl,FE00553C,001A4D43,SkeletonClothedM02,MSTT,-979.418213,2273.140381,269.872742,270.0000
ccFSVFO4007-Halloween.esl,FE00553B,001A4D45,SkeletonClothedF04,MSTT,-988.458313,2201.377441,269.684723,270.0000
ccFSVFO4007-Halloween.esl,FE00553A,001471CD,CameraAttachDustBig,ACTI,-802.257324,2395.164795,532.170349,270.0001
ccFSVFO4007-Halloween.esl,FE005539,00055382,DebrisInteriorWoodWindowBoards03,STAT,-1508.153564,1520.215454,658.938354,270.0001
ccFSVFO4007-Halloween.esl,FE005538,00055382,DebrisInteriorWoodWindowBoards03,STAT,-1217.558228,1468.037842,658.938354,270.0001
ccFSVFO4007-Halloween.esl,FE005537,00055382,DebrisInteriorWoodWindowBoards03,STAT,-1254.455078,2894.544434,630.335632,270.0001
ccFSVFO4007-Halloween.esl,FE005536,00055382,DebrisInteriorWoodWindowBoards03,STAT,-1505.402832,2895.501709,630.335632,270.0001
ccFSVFO4007-Halloween.esl,FE005535,00055382,DebrisInteriorWoodWindowBoards03,STAT,-929.389954,2899.625732,630.335632,270.0001
ccFSVFO4007-Halloween.esl,FE005534,00055385,DebrisInteriorWoodWindowBoards05,STAT,-953.794067,2936.914795,408.000000,270.0001
ccFSVFO4007-Halloween.esl,FE005533,00088A0E,BeamSimple,MSTT,-1191.133911,1473.123047,713.786133,0.0001
ccFSVFO4007-Halloween.esl,FE005532,00088A0E,BeamSimple,MSTT,-1257.360840,3015.448730,778.981812,180.0000
ccFSVFO4007-Halloween.esl,FE005531,00088A0E,BeamSimple,MSTT,-929.147644,2963.049072,477.357300,180.0000
ccFSVFO4007-Halloween.esl,FE005530,001C9085,MistLargeRoundDustyDimmest,MSTT,-952.864563,2808.570068,381.610992,0.0000
ccFSVFO4007-Halloween.esl,FE00552F,00165024,OfficePaperDebris02,STAT,-1119.684692,2308.238770,264.647247,0.0000
ccFSVFO4007-Halloween.esl,FE00552E,001FA268,defaultLightCool01NSGoboBounce01,LIGH,-231.290146,1168.175171,378.196899,74.4845
ccFSVFO4007-Halloween.esl,FE00552D,0003A9ED,OfficeBoxPapers03,STAT,-402.296692,934.408569,265.155518,0.0001
ccFSVFO4007-Halloween.esl,FE00552C,0003A9ED,OfficeBoxPapers03,STAT,-495.890991,936.365601,265.155518,0.0001
ccFSVFO4007-Halloween.esl,FE00552B,0003A9ED,OfficeBoxPapers03,STAT,-466.057159,934.878540,265.155518,0.0001
ccFSVFO4007-Halloween.esl,FE00552A,0003A9EC,OfficeBoxPapers02,STAT,-481.172424,928.346558,287.761810,315.0001
ccFSVFO4007-Halloween.esl,FE005529,0003A9EB,OfficeBoxPapers01,STAT,-433.127747,934.717163,265.155518,0.0001
ccFSVFO4007-Halloween.esl,FE005528,00165024,OfficePaperDebris02,STAT,-1074.806396,2030.391235,265.275665,0.0000
ccFSVFO4007-Halloween.esl,FE005527,000211F6,WoodCrate02,STAT,-43.225231,1021.133728,264.000000,0.0000
ccFSVFO4007-Halloween.esl,FE005526,000211F7,WoodCrate03,STAT,-80.204430,945.028625,293.886780,84.2704
ccFSVFO4007-Halloween.esl,FE005525,000211F7,WoodCrate03,STAT,-70.572693,944.566223,264.000000,90.0000
ccFSVFO4007-Halloween.esl,FE005524,0002B783,MistGroundSlowLong01,MSTT,-1386.245239,2177.583496,272.552002,90.0000
ccFSVFO4007-Halloween.esl,FE005523,000BF9F0,HospitalBed01Mattress_static,STAT,-383.473358,1366.746460,263.802032,90.0000
ccFSVFO4007-Halloween.esl,FE005522,0014D093,HospitalBed01Frame,STAT,-383.252655,1365.924438,264.000000,90.0000
ccFSVFO4007-Halloween.esl,FE005521,002197FE,Vault_Cart_01,STAT,-218.743195,1001.637268,264.000000,354.2705
ccFSVFO4007-Halloween.esl,FE005520,000AC005,Halloween_Banner_Boo,SCOL,-331.051483,3076.046875,392.000000,0.0000
ccFSVFO4007-Halloween.esl,FE00551F,00039C19,HitFloorThruMid01,STAT,-392.000000,2728.000000,480.000000,180.0000
ccFSVFO4007-Halloween.esl,FE00551C,001A4D3F,SkeletonClothedF02,MSTT,-1253.356201,2394.729492,301.657227,135.0001
ccFSVFO4007-Halloween.esl,FE00551B,FE0055C4,ccFSVFO4007_StringLightsOrange02Static,STAT,-1319.799194,602.522400,480.632446,270.0000
ccFSVFO4007-Halloween.esl,FE005516,000625DC,IVstand01,STAT,-216.690491,1276.723755,264.000000,270.0000
ccFSVFO4007-Halloween.esl,FE005515,0004416E,DefaultLightWarm01Spot,LIGH,-215.649582,1201.747192,428.523682,90.0000
ccFSVFO4007-Halloween.esl,FE005514,000FDEE8,defaultLightWarm01NSNonSpec,LIGH,-212.407257,1202.260132,421.313995,0.0000
ccFSVFO4007-Halloween.esl,FE005513,FE00555F,ccFSVFO4007_SpecimenJar04,STAT,-222.573212,1128.480835,345.008423,160.4282
ccFSVFO4007-Halloween.esl,FE005512,FE005560,ccFSVFO4007_SpecimenJar03,STAT,-222.034744,1149.982788,345.008423,171.8873
ccFSVFO4007-Halloween.esl,FE005511,FE005561,ccFSVFO4007_SpecimenJar02,STAT,-222.061508,1174.563110,345.008423,234.9127
ccFSVFO4007-Halloween.esl,FE005510,FE00555D,ccFSVFO4007_SpecimenJar01,STAT,-223.344788,1196.917358,345.008423,137.5099
ccFSVFO4007-Halloween.esl,FE00550F,000625DC,IVstand01,STAT,-130.594620,1018.386597,264.000000,270.0000
ccFSVFO4007-Halloween.esl,FE00550E,001AC0BA,Gurney02Static,STAT,-216.000000,1168.000000,158.659439,90.0000
ccFSVFO4007-Halloween.esl,FE00550D,00140AC0,Gurney01Static,STAT,-56.000000,1248.000000,264.000000,270.0000
ccFSVFO4007-Halloween.esl,FE00550C,0019C5BF,HospitalLights03StandDamagedUnlit,STAT,-223.758133,1368.442505,264.000000,296.1381
ccFSVFO4007-Halloween.esl,FE00550B,0019C5C4,HospitalLights04CeilingDamagedLit,STAT,-208.000000,1235.942627,488.000000,0.0000
ccFSVFO4007-Halloween.esl,FE00550A,000AC001,Halloween_Banner_Halloween,SCOL,-216.888992,914.943726,440.000000,180.0000
ccFSVFO4007-Halloween.esl,FE005509,000ABFF7,Halloween_PumpkinPoster03,SCOL,-172.643753,915.413940,403.694397,180.0000
ccFSVFO4007-Halloween.esl,FE005508,0009B05C,PosterHalloween,STAT,-221.211197,914.057007,409.943787,181.3175
ccFSVFO4007-Halloween.esl,FE005507,000ABFDA,Halloween_SkullPoster,STAT,-248.340530,914.199158,389.848083,180.0006
ccFSVFO4007-Halloween.esl,FE005506,000E6F28,BulletinBoard01Static,STAT,-212.229568,912.688843,412.996094,180.0000
ccFSVFO4007-Halloween.esl,FE005505,000AC001,Halloween_Banner_Halloween,SCOL,-1240.000000,2848.000000,464.000000,0.0000
ccFSVFO4007-Halloween.esl,FE005504,000ABFF7,Halloween_PumpkinPoster03,SCOL,-1284.245361,2847.529785,427.694397,0.0000
ccFSVFO4007-Halloween.esl,FE005503,0009B05C,PosterHalloween,STAT,-1235.677979,2848.886719,433.943787,1.3174
ccFSVFO4007-Halloween.esl,FE005502,000ABFDA,Halloween_SkullPoster,STAT,-1208.548584,2848.744629,413.848083,0.0000
ccFSVFO4007-Halloween.esl,FE005501,000E6F28,BulletinBoard01Static,STAT,-1244.659546,2850.254883,436.996094,0.0000
ccFSVFO4007-Halloween.esl,FE005500,00064902,InstituteLightOrange01NSNonSpec,LIGH,-1944.889404,2067.718750,445.971527,0.0000
ccFSVFO4007-Halloween.esl,FE0054FF,000A8AB1,PlasticPumpkin,MISC,-1657.020386,2674.717529,342.020386,0.0000
ccFSVFO4007-Halloween.esl,FE0054FE,000FC104,ClothesBowlerHat,ARMO,-2293.538086,2554.968262,327.871826,359.5947
ccFSVFO4007-Halloween.esl,FE0054FD,000A8AB1,PlasticPumpkin,MISC,-2262.406494,2550.465576,327.872955,26.2763
ccFSVFO4007-Halloween.esl,FE0054FC,000A8AB1,PlasticPumpkin,MISC,-2317.434814,2546.374268,327.874603,0.0000
ccFSVFO4007-Halloween.esl,FE0054FB,000A8AB1,PlasticPumpkin,MISC,-2168.441406,2551.872314,336.000000,0.0000
ccFSVFO4007-Halloween.esl,FE0054FA,000ABFFF,Halloween_Banner_TrickOrTreat,SCOL,-1936.000000,1872.000000,352.000000,90.0000
ccFSVFO4007-Halloween.esl,FE0054F9,000A8AB1,PlasticPumpkin,MISC,-1952.000000,1944.000000,320.000000,135.0000
ccFSVFO4007-Halloween.esl,FE0054F8,001ADB1E,TrashEdge04_nochunks,STAT,-648.000000,1976.000000,312.000000,225.0000
ccFSVFO4007-Halloween.esl,FE0054F7,000AB058,FenceWIRailingStr01,STAT,-576.000000,1832.000000,328.000000,90.0000
ccFSVFO4007-Halloween.esl,FE0054F6,000713E3,TreeBlastedM02,STAT,-648.000000,1976.000000,328.000000,0.0000
ccFSVFO4007-Halloween.esl,FE0054F5,000713E1,TreeBlastedM04,STAT,-672.000000,2352.000000,320.000000,105.5607
ccFSVFO4007-Halloween.esl,FE0054F4,000AB053,FenceWIPost01,STAT,-576.000000,1960.000000,328.000000,90.0000
ccFSVFO4007-Halloween.esl,FE0054F3,000AB058,FenceWIRailingStr01,STAT,-576.000000,2056.000000,328.000000,90.0000
ccFSVFO4007-Halloween.esl,FE0054F2,000AB053,FenceWIPost01,STAT,-568.000000,1848.000000,328.000000,90.0000
ccFSVFO4007-Halloween.esl,FE0054F1,000AB053,FenceWIPost01,STAT,-576.000000,2528.000000,328.000000,90.0000
ccFSVFO4007-Halloween.esl,FE0054F0,000AB058,FenceWIRailingStr01,STAT,-576.000000,2280.000000,328.000000,90.0000
ccFSVFO4007-Halloween.esl,FE0054EF,00165024,OfficePaperDebris02,STAT,-765.917542,2045.072754,312.147675,0.0000
ccFSVFO4007-Halloween.esl,FE0054EE,00039BF1,TreeBlasted03,STAT,-590.508728,2274.162354,304.000000,251.6652
ccFSVFO4007-Halloween.esl,FE0054ED,0016ADB8,TreeNoose01_HangingMannequin,MSTT,-608.000000,2160.000000,496.000000,270.0000
ccFSVFO4007-Halloween.esl,FE0054EB,0014F697,MannequinMaleBurnt01,MSTT,-648.000000,2296.000000,312.000000,225.0000
ccFSVFO4007-Halloween.esl,FE0054EA,0014F698,MannequinFemaleBurnt01,MSTT,-616.000000,2072.000000,312.000000,270.0000
ccFSVFO4007-Halloween.esl,FE0054E9,000ABFF5,Halloween_PumpkinPoster01,SCOL,-550.906860,2086.847900,431.165070,90.0000
ccFSVFO4007-Halloween.esl,FE0054E8,000AC005,Halloween_Banner_Boo,SCOL,-550.906860,2238.847900,595.939087,90.0000
ccFSVFO4007-Halloween.esl,FE0054E7,001ACF87,HalloweenDecor_Skeleton_Dest,MSTT,-550.906860,2182.847900,567.165039,270.0000
ccFSVFO4007-Halloween.esl,FE0054E6,000ABFFD,Halloween_CatPoster3,SCOL,-550.906860,2246.847900,471.165070,270.0001
ccFSVFO4007-Halloween.esl,FE0054E5,000AC001,Halloween_Banner_Halloween,SCOL,-1328.000000,632.000000,448.000000,270.0000
ccFSVFO4007-Halloween.esl,FE0054E4,000ABFF7,Halloween_PumpkinPoster03,SCOL,-1327.529785,587.754578,411.694397,270.0000
ccFSVFO4007-Halloween.esl,FE0054E3,0009B05C,PosterHalloween,STAT,-1328.886719,636.322083,417.943787,0.0222
ccFSVFO4007-Halloween.esl,FE0054E2,000ABFDA,Halloween_SkullPoster,STAT,-1328.744629,663.451416,397.848083,270.0000
ccFSVFO4007-Halloween.esl,FE0054E1,000E6F28,BulletinBoard01Static,STAT,-1330.254883,627.340515,420.996094,270.0000
ccFSVFO4007-Halloween.esl,FE0054DF,000211F6,WoodCrate02,STAT,-897.785461,1918.467773,265.888489,266.6536
ccFSVFO4007-Halloween.esl,FE0054DE,000211F6,WoodCrate02,STAT,-911.371460,1979.583496,246.692963,358.3268
ccFSVFO4007-Halloween.esl,FE0054DD,000211F6,WoodCrate02,STAT,-908.071045,1972.964478,281.227020,358.3268
ccFSVFO4007-Halloween.esl,FE0054DB,0002FCD6,EmergencyLightBeamShort,MSTT,-842.377747,2328.473389,322.884064,295.8307
ccFSVFO4007-Halloween.esl,FE0054DA,0001D2CC,TrackLighting01,STAT,-856.000000,2288.000000,315.314362,45.0000
ccFSVFO4007-Halloween.esl,FE0054D9,0001D2CC,TrackLighting01,STAT,-856.000000,2080.000000,315.517517,45.0000
ccFSVFO4007-Halloween.esl,FE0054D8,0002FCD6,EmergencyLightBeamShort,MSTT,-844.426147,2045.257935,321.948334,38.7127
ccFSVFO4007-Halloween.esl,FE0054D6,0001F440,FederalistTableCircle01,STAT,-1430.513428,2079.939209,323.228271,0.0000
ccFSVFO4007-Halloween.esl,FE0054D5,001A4D40,SkeletonClothedM05,MSTT,-700.464233,348.835022,279.792572,180.0000
ccFSVFO4007-Halloween.esl,FE0054D4,000F9CF9,Speaker,STAT,-792.000000,2864.000000,456.000000,0.0001
ccFSVFO4007-Halloween.esl,FE0054D3,000F9CF9,Speaker,STAT,-1408.000000,2856.000000,456.000000,0.0001
ccFSVFO4007-Halloween.esl,FE0054D2,000F9CF9,Speaker,STAT,-1368.000000,1568.000000,464.000000,180.0000
ccFSVFO4007-Halloween.esl,FE0054D1,00036180,FXSmokeStackSteam,MSTT,-1192.000000,1600.000000,456.000000,180.9669
ccFSVFO4007-Halloween.esl,FE0054D0,0005077E,AMBSteamVaultPipeAMarker,SOUN,-1192.000000,1584.000000,440.000000,90.0000
ccFSVFO4007-Halloween.esl,FE0054CF,000A1395,IndustrialFanSmall,STAT,-1192.000000,1560.000000,464.000000,0.0000
ccFSVFO4007-Halloween.esl,FE0054CE,000ABFFF,Halloween_Banner_TrickOrTreat,SCOL,-1218.152100,740.574219,439.083557,270.0000
ccFSVFO4007-Halloween.esl,FE0054CD,001A4D43,SkeletonClothedM02,MSTT,-732.387512,1664.799683,275.975555,180.0000
ccFSVFO4007-Halloween.esl,FE0054CC,0019C5BF,HospitalLights03StandDamagedUnlit,STAT,-88.000000,1360.000000,264.000000,45.0000
ccFSVFO4007-Halloween.esl,FE0054C7,000211F6,WoodCrate02,STAT,-1743.937500,2675.262939,340.545746,90.0000
ccFSVFO4007-Halloween.esl,FE0054C6,00082DA4,BldBrickSmFlrOnly01,STAT,112.000000,2704.000000,264.000000,90.0000
ccFSVFO4007-Halloween.esl,FE0054C5,00082E0A,BldBrickSmCeilOnly01,STAT,112.000000,2704.000000,264.000000,90.0000
ccFSVFO4007-Halloween.esl,FE0054BD,0009B05C,PosterHalloween,STAT,-241.558578,2594.000732,403.144379,180.0000
ccFSVFO4007-Halloween.esl,FE0054BB,000ABFFD,Halloween_CatPoster3,SCOL,-28.282627,2738.625244,407.822632,270.0000
ccFSVFO4007-Halloween.esl,FE0054BA,000AC007,Halloween_Banner_Pumpkins,SCOL,-200.000000,3072.000000,392.000000,180.0001
ccFSVFO4007-Halloween.esl,FE0054B9,0001D1BA,DebrisPile03Trash,STAT,-216.000000,2648.000000,265.461090,90.0000
ccFSVFO4007-Halloween.esl,FE0054B8,0001D199,DebrisPile02Trash,STAT,-32.000000,2656.000000,264.999847,0.0000
ccFSVFO4007-Halloween.esl,FE0054B7,0001A867,BldWoodPSmWall09,STAT,-392.000000,2968.000000,264.000000,90.0001
ccFSVFO4007-Halloween.esl,FE0054B6,0001A86A,BldWoodPSmWall12,STAT,-136.000000,2968.000000,264.000000,90.0001
ccFSVFO4007-Halloween.esl,FE0054B5,0001A88A,BldWoodPSmWall02,STAT,-136.000000,2704.000000,264.000000,180.0000
ccFSVFO4007-Halloween.esl,FE0054B4,0001A88A,BldWoodPSmWall02,STAT,-136.000000,2960.000000,264.000000,180.0000
ccFSVFO4007-Halloween.esl,FE0054B3,0001A861,BldWoodPSmWall04,STAT,-408.000000,2976.000000,264.000000,0.0000
ccFSVFO4007-Halloween.esl,FE0054B2,0001A88A,BldWoodPSmWall02,STAT,-136.000000,2704.000000,264.000000,270.0001
ccFSVFO4007-Halloween.esl,FE0054B1,0001A864,BldWoodPSmWall06,STAT,-392.000000,2704.000000,264.000000,270.0001
ccFSVFO4007-Halloween.esl,FE0054B0,0001D1A0,DebrisPile01Trash,STAT,-576.000000,2808.000000,264.000000,225.0000
ccFSVFO4007-Halloween.esl,FE0054AF,00082E0A,BldBrickSmCeilOnly01,STAT,-144.000000,2704.000000,264.000000,90.0000
ccFSVFO4007-Halloween.esl,FE0054AE,00082DA4,BldBrickSmFlrOnly01,STAT,-144.000000,2704.000000,264.000000,90.0000
ccFSVFO4007-Halloween.esl,FE0054AC,00082E0A,BldBrickSmCeilOnly01,STAT,-144.000000,2960.000000,264.000000,90.0000
ccFSVFO4007-Halloween.esl,FE0054AB,00082DA4,BldBrickSmFlrOnly01,STAT,-144.000000,2960.000000,264.000000,90.0000
ccFSVFO4007-Halloween.esl,FE0054A9,00082E0A,BldBrickSmCeilOnly01,STAT,-400.000000,2960.000000,264.000000,90.0000
ccFSVFO4007-Halloween.esl,FE0054A8,00082DA4,BldBrickSmFlrOnly01,STAT,-400.000000,2960.000000,264.000000,90.0000
ccFSVFO4007-Halloween.esl,FE0054A6,00082DA4,BldBrickSmFlrOnly01,STAT,-400.000000,2704.000000,264.000000,90.0000
ccFSVFO4007-Halloween.esl,FE0054A3,0001A81F,BldWoodPSmFlrOnly01,STAT,-384.000122,2959.999756,520.000000,90.0000
ccFSVFO4007-Halloween.esl,FE0054A2,0001CE9B,FluorescentLightOff01,STAT,-128.000122,2680.000000,486.613770,90.0000
ccFSVFO4007-Halloween.esl,FE0054A1,0001CE9C,FluorescentLightOff02,STAT,-328.000000,2680.000000,488.000000,90.0000
ccFSVFO4007-Halloween.esl,FE0054A0,00080265,BathroomStallDoor01,DOOR,-144.000061,3087.999756,264.000000,0.0000
ccFSVFO4007-Halloween.esl,FE00549F,0008025B,BathroomStallRight01,STAT,-15.999878,3087.999756,264.000000,0.0000
ccFSVFO4007-Halloween.esl,FE00549E,00080264,BathroomStallDoor02,DOOR,-15.999878,3087.999756,264.000000,0.0000
ccFSVFO4007-Halloween.esl,FE00549D,00080263,BathroomStallMid03,STAT,-144.000061,3087.999756,264.000000,0.0000
ccFSVFO4007-Halloween.esl,FE00549B,0008025B,BathroomStallRight01,STAT,-255.999634,3088.000000,264.000000,0.0000
ccFSVFO4007-Halloween.esl,FE00549A,00080264,BathroomStallDoor02,DOOR,-368.000122,3088.000000,264.000000,0.0000
ccFSVFO4007-Halloween.esl,FE005499,0008025B,BathroomStallRight01,STAT,-368.000122,3088.000000,264.000000,0.0000
ccFSVFO4007-Halloween.esl,FE005498,00080260,BathroomStallLeft01,STAT,-495.999817,3088.000000,264.000000,0.0000
ccFSVFO4007-Halloween.esl,FE005497,0001D1A0,DebrisPile01Trash,STAT,-424.266174,2730.934814,264.633820,225.0000
ccFSVFO4007-Halloween.esl,FE005496,00034A3D,BathroomSinkBroken01,STAT,-152.000000,2584.000000,280.000000,193.9379
ccFSVFO4007-Halloween.esl,FE005495,00034A3E,BathroomSinkBroken02,STAT,-376.000000,2656.000000,272.000000,0.0001
ccFSVFO4007-Halloween.esl,FE005494,00018FB4,SignRestroomFemale01,STAT,-528.000671,2784.000000,392.000000,90.0000
ccFSVFO4007-Halloween.esl,FE005493,00034A3D,BathroomSinkBroken01,STAT,-136.000000,2800.000000,256.000000,176.6002
ccFSVFO4007-Halloween.esl,FE005492,00034A3E,BathroomSinkBroken02,STAT,-240.000000,2608.000000,224.000000,180.0000
ccFSVFO4007-Halloween.esl,FE005491,00034A41,BathroomToiletBroken03,STAT,-431.999756,3040.000000,264.000000,0.0000
ccFSVFO4007-Halloween.esl,FE005490,00034A3F,BathroomToiletBroken01,STAT,-304.000122,3040.000000,264.000000,0.0000
ccFSVFO4007-Halloween.esl,FE00548F,00034A40,BathroomToiletBroken02,STAT,-192.000122,3039.999756,264.000000,0.0000
ccFSVFO4007-Halloween.esl,FE00548E,00034A3F,BathroomToiletBroken01,STAT,-79.999939,3039.999756,264.000000,0.0000
ccFSVFO4007-Halloween.esl,FE00548D,0001A81F,BldWoodPSmFlrOnly01,STAT,-128.000000,2960.000000,520.000000,90.0000
ccFSVFO4007-Halloween.esl,FE00548C,0001A882,BldWoodPSmWallScktA01,STAT,-408.000000,2720.000000,264.000000,0.0000
ccFSVFO4007-Halloween.esl,FE00548B,0001A81F,BldWoodPSmFlrOnly01,STAT,-128.000122,2703.999756,520.000000,90.0000
ccFSVFO4007-Halloween.esl,FE00548A,0001CC24,BldWoodPBgWallPillarBg01,STAT,-872.000000,2568.000000,260.997314,180.0001
ccFSVFO4007-Halloween.esl,FE005489,001ADC46,HalloweenDecor_BannerHappyHalloween_Dest,MSTT,-902.823486,2191.461426,655.292358,90.0000
ccFSVFO4007-Halloween.esl,FE005488,001ADC41,HalloweenDecor_PumpkinHead_Dest,MSTT,-537.509827,2720.133545,376.000000,90.0000
ccFSVFO4007-Halloween.esl,FE005485,0019149E,Rubble_Pile_Debris_05,STAT,-664.834167,1806.543457,264.000000,0.0000
ccFSVFO4007-Halloween.esl,FE005484,00191624,Rubble_Pile_Debris_02,STAT,-675.555542,1835.486572,264.000000,0.0000
ccFSVFO4007-Halloween.esl,FE005483,0001F74E,NpcChairFederalistSit01,FURN,-1488.000000,1760.000000,288.000000,315.0000
ccFSVFO4007-Halloween.esl,FE005482,0001F440,FederalistTableCircle01,STAT,-1480.000000,1856.000000,296.000000,165.9970
ccFSVFO4007-Halloween.esl,FE005481,0001F74E,NpcChairFederalistSit01,FURN,-1576.000000,2432.000000,264.000000,135.0000
ccFSVFO4007-Halloween.esl,FE005480,0001F74E,NpcChairFederalistSit01,FURN,-1432.000000,2448.000000,264.000000,225.0000
ccFSVFO4007-Halloween.esl,FE00547F,0001F440,FederalistTableCircle01,STAT,-1512.000000,2376.000000,264.000000,0.0000
ccFSVFO4007-Halloween.esl,FE00547E,0015CC84,CarpetEdging06,STAT,-1528.000000,2704.000000,264.000000,270.0001
ccFSVFO4007-Halloween.esl,FE00547D,0015CC87,CarpetRectangle01,STAT,-1904.000000,2656.000000,264.000000,0.0000
ccFSVFO4007-Halloween.esl,FE00547C,0015CC87,CarpetRectangle01,STAT,-1520.000000,2656.000000,264.000000,0.0000
ccFSVFO4007-Halloween.esl,FE00547B,0001A80D,BldWoodPSmCeilOnly05,STAT,-1512.000000,2808.000000,264.000000,270.0000
ccFSVFO4007-Halloween.esl,FE00547A,001231A0,BldWoodPSmRailStraightShort01Dest,MSTT,-1376.000000,2800.000000,512.000000,270.0000
ccFSVFO4007-Halloween.esl,FE005479,001231A0,BldWoodPSmRailStraightShort01Dest,MSTT,-1504.000000,2800.000000,512.000000,270.0000
ccFSVFO4007-Halloween.esl,FE005471,001FA27C,defaultLightWarm01NSGoboBounce03,LIGH,-505.699860,-15.821119,403.792480,0.0000
ccFSVFO4007-Halloween.esl,FE005470,0008B213,SkeletonClothedM01,MSTT,-57.413784,678.445007,274.290985,0.0000
ccFSVFO4007-Halloween.esl,FE00546F,001914C2,DecalDebris05,STAT,-464.362671,631.348938,264.000000,45.0000
ccFSVFO4007-Halloween.esl,FE00546E,001914DB,DecalDebris06,STAT,-401.358582,712.475159,264.000000,45.0000
ccFSVFO4007-Halloween.esl,FE00546D,00001B58,DecalDebris01,STAT,-129.331085,636.458313,264.000000,0.0000
ccFSVFO4007-Halloween.esl,FE00546C,00141AAB,MuseumBounceWarm02NSNonSpec,LIGH,-579.945923,674.334412,374.841309,0.0000
ccFSVFO4007-Halloween.esl,FE00546B,00141AAB,MuseumBounceWarm02NSNonSpec,LIGH,-800.457153,674.334412,374.841309,0.0000
ccFSVFO4007-Halloween.esl,FE00546A,00141AAB,MuseumBounceWarm02NSNonSpec,LIGH,-800.457153,1176.730591,374.841309,0.0000
ccFSVFO4007-Halloween.esl,FE005469,0001A850,BldWoodPSmFlrPlatTrimEdge01,STAT,-1440.000000,2816.000000,512.000000,90.0000
ccFSVFO4007-Halloween.esl,FE005468,0008A4F9,BldWoodBSmFlrPlatTrimFree01,STAT,-1488.000000,2856.000000,520.000000,90.0001
ccFSVFO4007-Halloween.esl,FE005467,001AAE17,PreWarGrassClump02,STAT,-236.180023,480.976959,264.000000,0.0000
ccFSVFO4007-Halloween.esl,FE005466,001AAE16,PreWarGrassClump01,STAT,-61.678974,655.561218,264.000000,270.0000
ccFSVFO4007-Halloween.esl,FE005465,001AAE17,PreWarGrassClump02,STAT,-236.180023,819.405334,264.000000,0.0000
ccFSVFO4007-Halloween.esl,FE005464,FE005563,ccFSVFO4007_PlasticJackOLantern04,STAT,-1037.608521,627.423462,264.521576,275.0198
ccFSVFO4007-Halloween.esl,FE005463,001C9080,MistLargeRoundDustyDimmer,MSTT,-1078.415161,608.915710,399.007507,0.0000
ccFSVFO4007-Halloween.esl,FE005461,001A4D41,SkeletonClothedM04,MSTT,-1037.375000,677.655579,306.931824,337.0819
ccFSVFO4007-Halloween.esl,FE005460,001A4D45,SkeletonClothedF04,MSTT,-1217.122070,445.313019,284.547974,0.0000
ccFSVFO4007-Halloween.esl,FE00545F,0017B317,defaultLightWarm01NSNonSpecFlicker,LIGH,-916.895325,525.623047,349.459808,0.0000
ccFSVFO4007-Halloween.esl,FE00545E,0017B317,defaultLightWarm01NSNonSpecFlicker,LIGH,-931.804321,612.376404,334.421356,0.0000
ccFSVFO4007-Halloween.esl,FE00545D,00060E95,Spoon_03_Silver,MISC,-1161.070190,636.875000,320.653076,354.2710
ccFSVFO4007-Halloween.esl,FE00545C,00060E95,Spoon_03_Silver,MISC,-1021.143616,593.568481,320.614777,131.7801
ccFSVFO4007-Halloween.esl,FE00545B,00059AE1,Knife_02_StainlessSteel,MISC,-1081.435059,595.124146,320.509216,0.4344
ccFSVFO4007-Halloween.esl,FE00545A,00059AE1,Knife_02_StainlessSteel,MISC,-1005.623108,644.242615,320.509674,251.1388
ccFSVFO4007-Halloween.esl,FE005459,00060E8D,Knife_03_Silver,MISC,-1092.457275,599.155334,320.506836,45.8380
ccFSVFO4007-Halloween.esl,FE005458,001FA27D,defaultLightWarm02NSGoboBounce01,LIGH,-1076.362793,613.074219,395.132477,331.3523
ccFSVFO4007-Halloween.esl,FE005457,000995B4,DefaultCandleLight01NS,LIGH,-1280.024048,477.269073,394.748627,0.0000
ccFSVFO4007-Halloween.esl,FE005456,000211F6,WoodCrate02,STAT,-926.847290,2445.242676,302.193634,358.3268
ccFSVFO4007-Halloween.esl,FE005455,000995B4,DefaultCandleLight01NS,LIGH,-1146.499634,601.838318,331.738251,0.0000
ccFSVFO4007-Halloween.esl,FE005454,000995B4,DefaultCandleLight01NS,LIGH,-1054.807983,635.495850,331.738251,0.0000
ccFSVFO4007-Halloween.esl,FE005453,000995B4,DefaultCandleLight01NS,LIGH,-984.489319,599.637817,331.738251,0.0000
ccFSVFO4007-Halloween.esl,FE005452,FE005350,ccFSVFO4007_PlasticJackOLantern02Static,STAT,-983.947388,601.066284,320.500000,211.0311
ccFSVFO4007-Halloween.esl,FE005451,FE005351,ccFSVFO4007_PlasticJackOLantern01Static,STAT,-1282.920166,474.626892,378.045746,229.1832
ccFSVFO4007-Halloween.esl,FE005450,FE005562,ccFSVFO4007_PlasticJackOLantern03,STAT,-983.269592,469.189819,303.631866,223.4536
ccFSVFO4007-Halloween.esl,FE00544F,FE005350,ccFSVFO4007_PlasticJackOLantern02Static,STAT,-1054.911011,635.715515,320.500000,280.7494
ccFSVFO4007-Halloween.esl,FE00544E,FE005351,ccFSVFO4007_PlasticJackOLantern01Static,STAT,-1147.980469,602.480225,320.500000,240.6424
ccFSVFO4007-Halloween.esl,FE00544D,FE00555A,ccFSVFO4007_Tombstone03,STAT,-687.027344,1978.639404,312.000000,103.1326
ccFSVFO4007-Halloween.esl,FE00544C,FE00555C,ccFSVFO4007_Tombstone02,STAT,-590.930603,2128.657959,312.000000,114.5916
ccFSVFO4007-Halloween.esl,FE00544B,FE00555B,ccFSVFO4007_Tombstone01,STAT,-713.608643,2377.583984,312.500000,57.2958
ccFSVFO4007-Halloween.esl,FE005449,000D8556,DefaultLightWhite01NSNonSpec,LIGH,-294.720825,641.372803,324.622437,0.0000
ccFSVFO4007-Halloween.esl,FE005447,FE00530F,ccFSVFO4007_DefaultLightGreen01NSFlicker,LIGH,-467.980804,-116.364853,339.241608,0.0000
ccFSVFO4007-Halloween.esl,FE005445,00148EF3,RoseBush02,STAT,-309.906189,467.209503,264.000000,355.2339
ccFSVFO4007-Halloween.esl,FE005444,00148EEF,RoseBush01,STAT,-434.934387,453.553223,264.000000,355.2339
ccFSVFO4007-Halloween.esl,FE005443,00035A10,WaxCandlePuddle03,STAT,-1306.230957,462.863647,376.488800,342.2379
ccFSVFO4007-Halloween.esl,FE005442,00148EF3,RoseBush02,STAT,-162.107422,455.729889,264.000000,212.9579
ccFSVFO4007-Halloween.esl,FE005441,00148EF3,RoseBush02,STAT,-201.228424,827.223816,264.000000,217.7240
ccFSVFO4007-Halloween.esl,FE005440,00148EF3,RoseBush02,STAT,-347.561981,838.811340,264.000000,0.0000
ccFSVFO4007-Halloween.esl,FE00543F,00148EEF,RoseBush01,STAT,-473.292542,847.723450,264.000000,0.0000
ccFSVFO4007-Halloween.esl,FE00543E,001EB150,TreeMapleInstitute04Green,STAT,-89.768463,489.676239,256.000000,324.9127
ccFSVFO4007-Halloween.esl,FE00543D,001EB151,TreeMapleInstitute04Orange,STAT,-100.970222,699.282410,256.000000,90.0000
ccFSVFO4007-Halloween.esl,FE00543C,001EB153,TreeMapleInstitute05Orange,STAT,-111.969551,596.224426,256.000000,265.9437
ccFSVFO4007-Halloween.esl,FE00543B,001EB152,TreeMapleInstitute05Green,STAT,-96.000000,816.000000,256.000000,90.0000
ccFSVFO4007-Halloween.esl,FE00543A,0001CC24,BldWoodPBgWallPillarBg01,STAT,-1904.000000,1560.000000,264.000000,180.0001
ccFSVFO4007-Halloween.esl,FE005439,0005C416,DefaultLightWhite01,LIGH,-264.000000,649.998901,427.329010,0.0000
ccFSVFO4007-Halloween.esl,FE005437,0007E5BE,NpcChairFederalistSit01Static,STAT,-1056.000000,576.000000,288.000000,0.0000
ccFSVFO4007-Halloween.esl,FE005436,FE0053F1,ccFSVFO4007_FloorCeilingSky01,STAT,-136.000000,768.000000,264.000000,270.0001
ccFSVFO4007-Halloween.esl,FE005435,0001F74E,NpcChairFederalistSit01,FURN,-1144.000000,688.000000,264.000000,180.0000
ccFSVFO4007-Halloween.esl,FE005434,FE0053F1,ccFSVFO4007_FloorCeilingSky01,STAT,-136.000000,512.000000,264.000000,270.0001
ccFSVFO4007-Halloween.esl,FE005433,0001F74E,NpcChairFederalistSit01,FURN,-1040.000000,680.000000,264.000000,173.7887
ccFSVFO4007-Halloween.esl,FE005432,FE0053F1,ccFSVFO4007_FloorCeilingSky01,STAT,-392.000000,512.000000,264.000000,270.0001
ccFSVFO4007-Halloween.esl,FE005431,FE0053F1,ccFSVFO4007_FloorCeilingSky01,STAT,-392.000000,768.000000,264.000000,270.0001
ccFSVFO4007-Halloween.esl,FE00542F,FE0053F2,ccFSVFO4007_WallFields01,STAT,-392.000000,512.000000,256.000000,270.0000
ccFSVFO4007-Halloween.esl,FE00542E,FE0053F2,ccFSVFO4007_WallFields01,STAT,-136.000000,512.000000,256.000000,270.0000
ccFSVFO4007-Halloween.esl,FE00542D,FE0053F2,ccFSVFO4007_WallFields01,STAT,-120.000000,520.000000,256.000000,180.0000
ccFSVFO4007-Halloween.esl,FE00542C,0001CE94,FluorescentLightThin01,STAT,-1080.000000,616.000000,488.000000,0.0000
ccFSVFO4007-Halloween.esl,FE00542B,FE0053F2,ccFSVFO4007_WallFields01,STAT,-120.000000,776.000000,256.000000,180.0000
ccFSVFO4007-Halloween.esl,FE00542A,FE0053F2,ccFSVFO4007_WallFields01,STAT,-392.000000,784.000000,256.000000,90.0001
ccFSVFO4007-Halloween.esl,FE005429,FE0053F2,ccFSVFO4007_WallFields01,STAT,-136.000000,784.000000,256.000000,90.0001
ccFSVFO4007-Halloween.esl,FE005428,000822CB,Shovel01,MISC,-942.948059,1325.298828,288.284485,85.9234
ccFSVFO4007-Halloween.esl,FE005427,000822CB,Shovel01,MISC,-1013.038879,976.016785,283.782257,9.0491
ccFSVFO4007-Halloween.esl,FE005426,001FA27C,defaultLightWarm01NSGoboBounce03,LIGH,-1052.485718,1169.998169,388.485046,0.0000
ccFSVFO4007-Halloween.esl,FE005425,FE00534A,ccFSVFO4007_DefaultLightPurple01SpotNS,LIGH,-923.410278,1292.780273,299.321533,194.8768
ccFSVFO4007-Halloween.esl,FE005424,00092A1D,Spotlight90deg_On,SCOL,-930.172913,1304.636841,277.127716,200.5354
ccFSVFO4007-Halloween.esl,FE005423,FE005345,ccFSVFO4007_DefaultLightGreen01SpotNS,LIGH,-970.284302,1031.903442,299.321533,154.2501
ccFSVFO4007-Halloween.esl,FE005422,00092A1D,Spotlight90deg_On,SCOL,-966.290283,1034.130981,277.127716,166.1578
ccFSVFO4007-Halloween.esl,FE005421,0010A927,DefaultCandleLight01NSNonSpec,LIGH,-1072.406860,1163.552979,302.260590,0.0000
ccFSVFO4007-Halloween.esl,FE005420,0000100F,DefaultCandleLight01,LIGH,-1115.025757,1167.100220,344.624207,0.0000
ccFSVFO4007-Halloween.esl,FE00541F,FE00534F,ccFSVFO4007_SkullCandleStaticON,STAT,-1123.042969,1167.116455,306.999847,91.6733
ccFSVFO4007-Halloween.esl,FE00541E,FE00534F,ccFSVFO4007_SkullCandleStaticON,STAT,-1123.999023,1218.864258,307.114960,120.3211
ccFSVFO4007-Halloween.esl,FE00541D,0009F433,FancyTableDinner03,STAT,-1088.000000,616.000000,264.000000,270.0000
ccFSVFO4007-Halloween.esl,FE00541C,0001A88C,BldWoodPSmWall03,STAT,-952.000000,400.000000,264.000000,180.0000
ccFSVFO4007-Halloween.esl,FE00541B,FE00534F,ccFSVFO4007_SkullCandleStaticON,STAT,-1124.870605,1115.511475,307.065155,57.2958
ccFSVFO4007-Halloween.esl,FE00541A,0001A88A,BldWoodPSmWall02,STAT,-1208.000000,672.000000,264.000000,90.0001
ccFSVFO4007-Halloween.esl,FE005419,0001A866,BldWoodPSmWall08,STAT,-1223.791504,791.436890,264.497864,0.0001
ccFSVFO4007-Halloween.esl,FE005418,0001A865,BldWoodPSmWall07,STAT,-1223.791626,535.436890,264.497864,0.0001
ccFSVFO4007-Halloween.esl,FE005417,0001A818,BldWoodPSmFlrCeil04,STAT,-1207.791626,535.436890,264.497864,180.0000
ccFSVFO4007-Halloween.esl,FE005416,0001A81D,BldWoodPSmFlrCeil09,STAT,-1207.791504,791.436890,264.497864,180.0000
ccFSVFO4007-Halloween.esl,FE005415,0001A864,BldWoodPSmWall06,STAT,-1207.791626,535.436890,264.497864,270.0001
ccFSVFO4007-Halloween.esl,FE005414,0001A88A,BldWoodPSmWall02,STAT,-951.791626,535.436646,264.497864,270.0001
ccFSVFO4007-Halloween.esl,FE005413,000211F6,WoodCrate02,STAT,-915.811401,2416.864502,264.600800,341.1381
ccFSVFO4007-Halloween.esl,FE005412,0001CC62,PictureFrame03,STAT,-983.791504,919.436707,432.497864,0.0001
ccFSVFO4007-Halloween.esl,FE005411,000921C2,StatuePlinth01,STAT,-1128.091553,1219.830811,274.983246,0.0000
ccFSVFO4007-Halloween.esl,FE005410,000921C2,StatuePlinth01,STAT,-1128.091553,1167.217407,274.983246,0.0000
ccFSVFO4007-Halloween.esl,FE00540F,000BD52E,OfficeFileCabinet02,CONT,-1304.000000,464.000000,272.000000,274.5836
ccFSVFO4007-Halloween.esl,FE00540E,00049622,OfficeFileCabinet01_Prewar,CONT,-1304.000000,511.999939,272.000000,265.4163
ccFSVFO4007-Halloween.esl,FE00540D,0001A865,BldWoodPSmWall07,STAT,-952.000000,672.000000,264.000000,90.0001
ccFSVFO4007-Halloween.esl,FE00540C,0001A882,BldWoodPSmWallScktA01,STAT,-952.000000,656.000000,264.000000,180.0001
ccFSVFO4007-Halloween.esl,FE00540B,0001A81D,BldWoodPSmFlrCeil09,STAT,-951.791504,791.436646,264.497864,180.0000
ccFSVFO4007-Halloween.esl,FE00540A,0001A818,BldWoodPSmFlrCeil04,STAT,-951.791626,535.436646,264.497864,180.0000
ccFSVFO4007-Halloween.esl,FE005409,000EA1BC,NpcCouchModernDomesticSit01,FURN,-935.791748,463.436707,272.497864,0.0001
ccFSVFO4007-Halloween.esl,FE005408,0001CC62,PictureFrame03,STAT,-944.000000,448.000000,432.000000,180.0000
ccFSVFO4007-Halloween.esl,FE005407,000DFFCF,GraveStone06,STAT,-960.012634,1002.481506,282.712982,205.3015
ccFSVFO4007-Halloween.esl,FE005406,000D74F6,GraveStone03,STAT,-956.854126,1347.932129,266.759735,325.3831
ccFSVFO4007-Halloween.esl,FE005405,000D74F3,GraveStone02,STAT,-1239.173706,1327.062866,252.166321,280.7494
ccFSVFO4007-Halloween.esl,FE005404,000D74F2,GraveStone01,STAT,-1207.991333,995.310608,256.669617,257.8310
ccFSVFO4007-Halloween.esl,FE005403,000921C2,StatuePlinth01,STAT,-1128.091553,1114.104736,274.983246,0.0000
ccFSVFO4007-Halloween.esl,FE005402,00133856,DeadShrub04,STAT,-1137.149902,1340.889404,272.724182,0.0000
ccFSVFO4007-Halloween.esl,FE005401,00133856,DeadShrub04,STAT,-1237.653198,991.737061,272.724182,0.0000
ccFSVFO4007-Halloween.esl,FE005400,00133855,DeadShrub03,STAT,-1246.645874,1229.704712,272.724182,0.0000
ccFSVFO4007-Halloween.esl,FE0053FF,00133854,DeadShrub02,STAT,-1180.614868,1358.208130,272.724182,0.0000
ccFSVFO4007-Halloween.esl,FE0053FE,0001A88A,BldWoodPSmWall02,STAT,-408.208374,920.563232,264.497864,0.0000
ccFSVFO4007-Halloween.esl,FE0053FD,00133853,DeadShrub01,STAT,-1240.713257,1090.914795,272.724182,0.0000
ccFSVFO4007-Halloween.esl,FE0053FC,00020E44,VineDecalCorner02NF,STAT,-855.303101,942.463989,248.000000,0.0001
ccFSVFO4007-Halloween.esl,FE0053FB,00047E3A,VineDecalCorner02,STAT,-844.372314,1405.360718,248.000000,270.0001
ccFSVFO4007-Halloween.esl,FE0053FA,00020E41,VineDecalCorner01NF,STAT,-1310.812134,1411.816895,248.000000,180.0000
ccFSVFO4007-Halloween.esl,FE0053F9,00047E39,VineDecalCorner01,STAT,-1316.332642,942.256470,248.000000,90.0000
ccFSVFO4007-Halloween.esl,FE0053F8,0013C379,TreeBlastedForestFungalSmall01,STAT,-1240.403687,1149.646851,270.376404,342.8113
ccFSVFO4007-Halloween.esl,FE0053F7,FE005661,ccFSVFO4007_FloorCeilingWallpaper01,STAT,-952.000000,1304.000000,264.000000,270.0001
ccFSVFO4007-Halloween.esl,FE0053F6,0001A882,BldWoodPSmWallScktA01,STAT,-408.208374,664.563232,264.497864,0.0000
ccFSVFO4007-Halloween.esl,FE0053F5,0001A88C,BldWoodPSmWall03,STAT,-408.208374,408.563232,264.497864,0.0000
ccFSVFO4007-Halloween.esl,FE0053F4,FE005661,ccFSVFO4007_FloorCeilingWallpaper01,STAT,-952.000000,1048.000000,264.000000,270.0001
ccFSVFO4007-Halloween.esl,FE0053F3,FE005661,ccFSVFO4007_FloorCeilingWallpaper01,STAT,-1208.000000,1048.000000,264.000000,270.0001
ccFSVFO4007-Halloween.esl,FE0053F0,00055382,DebrisInteriorWoodWindowBoards03,STAT,-931.578125,2866.621582,630.335632,270.0001
ccFSVFO4007-Halloween.esl,FE0053EF,00055382,DebrisInteriorWoodWindowBoards03,STAT,-1487.178345,1569.491821,611.992249,90.0001
ccFSVFO4007-Halloween.esl,FE0053EE,00141AAB,MuseumBounceWarm02NSNonSpec,LIGH,-579.945923,1176.730591,374.841309,0.0000
ccFSVFO4007-Halloween.esl,FE0053ED,0019A6B8,HighTechDebrisDecal03,STAT,-674.751099,1407.875610,265.000000,325.6226
ccFSVFO4007-Halloween.esl,FE0053EC,0019A6B8,HighTechDebrisDecal03,STAT,-684.735962,636.231567,265.000000,40.1071
ccFSVFO4007-Halloween.esl,FE0053EB,0019A6B8,HighTechDebrisDecal03,STAT,-627.883301,1088.442383,265.830658,40.1071
ccFSVFO4007-Halloween.esl,FE0053EA,FE005556,ccFSVFO4007_Balloon08,STAT,-629.330811,897.545959,503.000000,12.4227
ccFSVFO4007-Halloween.esl,FE0053E9,FE005555,ccFSVFO4007_Balloon07,STAT,-577.310608,787.306274,500.351990,12.4227
ccFSVFO4007-Halloween.esl,FE0053E8,FE005550,ccFSVFO4007_Balloon02,STAT,-764.984009,1216.206177,503.000000,41.0706
ccFSVFO4007-Halloween.esl,FE0053E7,00059A80,MetalBucket,MISC,-561.428528,2799.463867,264.000000,0.0000
ccFSVFO4007-Halloween.esl,FE0053E6,00059AEE,Mop,MISC,-577.923096,2848.019775,302.483978,0.0000
ccFSVFO4007-Halloween.esl,FE0053E5,00076C33,BldWoodBSmFlrPlatTrimEdgeShort01,STAT,-683.541138,1953.314819,319.743744,90.0000
ccFSVFO4007-Halloween.esl,FE0053E4,00018FB4,SignRestroomFemale01,STAT,-546.065308,2792.005127,360.000000,270.0000
ccFSVFO4007-Halloween.esl,FE0053E3,00018FB5,SignRestroomMale01,STAT,-546.065308,2816.005127,360.000000,270.0000
ccFSVFO4007-Halloween.esl,FE0053E2,0001CA18,BldWoodPBgWallPlugABotDoor01,STAT,-528.000000,2720.000000,264.000000,180.0000
ccFSVFO4007-Halloween.esl,FE0053E0,FE005656,ccFSVFO4007_WallWallpaper01,STAT,-952.000000,912.000000,264.000000,180.0001
ccFSVFO4007-Halloween.esl,FE0053DF,FE005656,ccFSVFO4007_WallWallpaper01,STAT,-952.000000,1424.000000,264.000000,180.0001
ccFSVFO4007-Halloween.esl,FE0053DE,FE005662,ccFSVFO4007_WallSocketWallpaper01,STAT,-952.000000,1168.000000,264.000000,180.0001
ccFSVFO4007-Halloween.esl,FE0053D9,FE005351,ccFSVFO4007_PlasticJackOLantern01Static,STAT,-1988.089722,2277.413818,265.661316,72.8113
ccFSVFO4007-Halloween.esl,FE0053C4,0008E7C5,OilLampOn,STAT,-568.000000,1312.000000,264.000000,322.1392
ccFSVFO4007-Halloween.esl,FE0053C3,000560DC,defaultLightWarm01NS,LIGH,-580.609314,1309.578369,284.227234,0.0000
ccFSVFO4007-Halloween.esl,FE0053C2,001A4D3F,SkeletonClothedF02,MSTT,-575.630432,1259.412720,280.000000,270.0001
ccFSVFO4007-Halloween.esl,FE0053C1,0001A88A,BldWoodPSmWall02,STAT,-136.000000,1024.000000,264.000000,270.0000
ccFSVFO4007-Halloween.esl,FE0053C0,0001A866,BldWoodPSmWall08,STAT,-120.000000,1040.000000,264.000000,180.0000
ccFSVFO4007-Halloween.esl,FE0053BF,0001A865,BldWoodPSmWall07,STAT,-120.000000,1296.000000,264.000000,180.0000
ccFSVFO4007-Halloween.esl,FE0053BE,0001A818,BldWoodPSmFlrCeil04,STAT,-136.000000,1296.000000,264.000000,0.0000
ccFSVFO4007-Halloween.esl,FE0053BD,0001A81D,BldWoodPSmFlrCeil09,STAT,-136.000000,1040.000000,264.000000,0.0000
ccFSVFO4007-Halloween.esl,FE0053BC,0010A928,defaultLightCandle01FlickerNSNonSpec,LIGH,-760.253418,293.925903,355.861633,270.0000
ccFSVFO4007-Halloween.esl,FE0053BA,000AC8C2,VaseVintageDirtyFlowers01e,MISC,-788.576843,893.860596,334.729675,0.0000
ccFSVFO4007-Halloween.esl,FE0053B9,000AC8C1,VaseVintageDirtyFlowers01d,MISC,-578.029785,927.308472,320.000000,0.0000
ccFSVFO4007-Halloween.esl,FE0053B8,000AC8BE,VaseVintageDirtyFlowers01a,MISC,-1245.182373,2842.874756,568.500000,0.0000
ccFSVFO4007-Halloween.esl,FE0053B7,000978D4,FancyTableCircleHalf01,STAT,-1248.000000,2848.000000,512.000000,270.0000
ccFSVFO4007-Halloween.esl,FE0053B6,000978C4,FancyTableConsole02,STAT,-578.029785,919.308472,264.000000,0.0000
ccFSVFO4007-Halloween.esl,FE0053B5,000978C2,FancyTableConsole01,STAT,-780.576843,917.860596,264.000000,180.0000
ccFSVFO4007-Halloween.esl,FE0053B4,0015CCDF,CarpetSquare01,STAT,-1264.000000,2800.000000,512.000000,0.0000
ccFSVFO4007-Halloween.esl,FE0053B3,0001D0D1,FancyLightOn01,STAT,-552.000000,472.000000,392.000000,90.0000
ccFSVFO4007-Halloween.esl,FE0053B2,0001D0D1,FancyLightOn01,STAT,-808.000000,456.000000,392.000000,270.0000
ccFSVFO4007-Halloween.esl,FE0053B1,00035A10,WaxCandlePuddle03,STAT,-761.754089,294.609985,265.422150,252.2379
ccFSVFO4007-Halloween.esl,FE0053B0,00035A10,WaxCandlePuddle03,STAT,-766.545593,292.721771,265.422180,117.2383
ccFSVFO4007-Halloween.esl,FE0053AF,00035A10,WaxCandlePuddle03,STAT,-757.371277,290.934387,265.422180,252.2379
ccFSVFO4007-Halloween.esl,FE0053AE,00035A0D,WaxCandlePuddle01,STAT,-770.154968,293.983948,265.422150,134.9994
ccFSVFO4007-Halloween.esl,FE0053AD,00035A0D,WaxCandlePuddle01,STAT,-753.926697,292.594055,265.422150,270.0000
ccFSVFO4007-Halloween.esl,FE0053AC,0002FACD,WaxCandle05Off,STAT,-766.354675,292.395599,265.422150,134.9994
ccFSVFO4007-Halloween.esl,FE0053AB,0002FA29,WaxCandle05,STAT,-757.737000,291.030121,265.422150,270.0000
ccFSVFO4007-Halloween.esl,FE0053AA,0002FA27,WaxCandle04,STAT,-761.754089,294.609985,265.422150,90.0001
ccFSVFO4007-Halloween.esl,FE0053A9,0002FA27,WaxCandle04,STAT,-771.092224,298.504730,265.422150,134.9994
ccFSVFO4007-Halloween.esl,FE0053A8,0002FA27,WaxCandle04,STAT,-750.067322,290.060150,265.422150,270.0000
ccFSVFO4007-Halloween.esl,FE0053A7,0002FA50,WaxCandle03,STAT,-770.305847,293.938812,265.422150,180.0001
ccFSVFO4007-Halloween.esl,FE0053A6,0002FA4E,WaxCandle01,STAT,-753.851746,292.732727,265.422150,270.0000
ccFSVFO4007-Halloween.esl,FE0053A5,0001C9FE,BldWoodPBgWall01,STAT,-1760.000000,2744.000000,264.000000,90.0000
ccFSVFO4007-Halloween.esl,FE0053A4,0003A32A,defaultLightCandle01FlickerNS,LIGH,-761.997009,289.367065,284.325745,270.0000
ccFSVFO4007-Halloween.esl,FE0053A3,00199133,DefaultLightBlueFungusNowGreen01NSNonSpec,LIGH,-414.842377,2811.475098,345.976929,0.0000
ccFSVFO4007-Halloween.esl,FE0053A2,0008EC05,CeilingLamp01On,STAT,-680.000000,816.000000,464.000000,0.0000
ccFSVFO4007-Halloween.esl,FE00539F,0001BA3E,BldWlpSmWallCorner01,STAT,-552.000000,272.000000,264.000000,0.0000
ccFSVFO4007-Halloween.esl,FE00539D,0001CA18,BldWoodPBgWallPlugABotDoor01,STAT,-680.000000,256.000000,264.000000,270.0001
ccFSVFO4007-Halloween.esl,FE00539C,0001BA59,BldWlpSmWallScktA01,STAT,-679.999939,383.999939,264.000000,270.0001
ccFSVFO4007-Halloween.esl,FE00539B,00091D4C,defaultLightWarm01SpotNSFlicker,LIGH,-678.833740,1141.471680,447.771271,0.0000
ccFSVFO4007-Halloween.esl,FE00539A,0008EC05,CeilingLamp01On,STAT,-680.000000,1144.000000,464.000000,0.0000
ccFSVFO4007-Halloween.esl,FE005399,0001A80A,BldWoodPSmCeilOnly02,STAT,-680.000000,392.000000,280.000000,0.0000
ccFSVFO4007-Halloween.esl,FE005398,0001A80A,BldWoodPSmCeilOnly02,STAT,-680.000000,904.000000,280.000000,0.0000
ccFSVFO4007-Halloween.esl,FE005397,0001A80A,BldWoodPSmCeilOnly02,STAT,-680.000000,648.000000,280.000000,0.0000
ccFSVFO4007-Halloween.esl,FE005396,0001A80A,BldWoodPSmCeilOnly02,STAT,-680.000000,1160.000000,280.000000,0.0000
ccFSVFO4007-Halloween.esl,FE005395,0001A80A,BldWoodPSmCeilOnly02,STAT,-680.000000,1416.000000,280.000000,0.0000
ccFSVFO4007-Halloween.esl,FE005394,0001BA3E,BldWlpSmWallCorner01,STAT,-808.000000,272.000000,264.000000,90.0001
ccFSVFO4007-Halloween.esl,FE005393,0001BA3F,BldWlpSmWallCorner02,STAT,-536.000000,271.999939,264.000000,0.0001
ccFSVFO4007-Halloween.esl,FE005392,0001BA32,BldWlpSmWall03,STAT,-696.000000,400.000000,264.000000,0.0000
ccFSVFO4007-Halloween.esl,FE005391,0001BA30,BldWlpSmWall02,STAT,-664.000000,408.000000,264.000000,180.0000
ccFSVFO4007-Halloween.esl,FE005390,0015CCDF,CarpetSquare01,STAT,-680.000000,648.000000,264.000000,0.0000
ccFSVFO4007-Halloween.esl,FE00538F,0015CCDF,CarpetSquare01,STAT,-680.000000,392.000000,264.000000,0.0000
ccFSVFO4007-Halloween.esl,FE00538E,0001A81F,BldWoodPSmFlrOnly01,STAT,-1520.000000,2952.000000,264.000000,90.0000
ccFSVFO4007-Halloween.esl,FE00538D,0001BA32,BldWlpSmWall03,STAT,-696.000000,912.000000,264.000000,0.0000
ccFSVFO4007-Halloween.esl,FE00538C,0001BA59,BldWlpSmWallScktA01,STAT,-696.000000,656.000000,264.000000,0.0001
ccFSVFO4007-Halloween.esl,FE00538B,0001CA18,BldWoodPBgWallPlugABotDoor01,STAT,-824.000000,656.000000,264.000000,0.0001
ccFSVFO4007-Halloween.esl,FE00538A,0013B3D3,DiamondSignHandwrittenNumbers04,STAT,-823.950012,654.109985,372.741882,5.8750
ccFSVFO4007-Halloween.esl,FE005388,0001BA59,BldWlpSmWallScktA01,STAT,-664.000000,664.000000,264.000000,180.0000
ccFSVFO4007-Halloween.esl,FE005387,0001CA18,BldWoodPBgWallPlugABotDoor01,STAT,-536.000000,664.000000,264.000000,180.0000
ccFSVFO4007-Halloween.esl,FE005386,0013B3CE,DiamondSignHandwrittenNumbers03,STAT,-538.296570,664.856079,372.741882,149.0362
ccFSVFO4007-Halloween.esl,FE005384,001A718D,PictureFrameRect01,STAT,-808.000000,896.000000,392.271271,270.0000
ccFSVFO4007-Halloween.esl,FE005383,001A718D,PictureFrameRect01,STAT,-552.000000,1384.412476,380.714935,90.0000
ccFSVFO4007-Halloween.esl,FE005382,0001BA32,BldWlpSmWall03,STAT,-696.000000,1424.000000,264.000000,0.0000
ccFSVFO4007-Halloween.esl,FE005381,0001BA30,BldWlpSmWall02,STAT,-664.000000,920.000000,264.000000,180.0000
ccFSVFO4007-Halloween.esl,FE005380,0001A864,BldWoodPSmWall06,STAT,-136.000000,1296.000000,264.000000,90.0000
ccFSVFO4007-Halloween.esl,FE00537F,0001A88A,BldWoodPSmWall02,STAT,-392.000000,1296.000000,264.000000,90.0000
ccFSVFO4007-Halloween.esl,FE00537E,0001A88A,BldWoodPSmWall02,STAT,-408.000000,1432.000000,264.000000,0.0000
ccFSVFO4007-Halloween.esl,FE00537D,0001BA3F,BldWlpSmWallCorner02,STAT,-816.000000,1544.000000,264.000000,180.0000
ccFSVFO4007-Halloween.esl,FE00537C,0001BA2E,BldWlpSmWall01,STAT,-664.000000,1432.000000,264.000000,180.0000
ccFSVFO4007-Halloween.esl,FE00537B,0001CA18,BldWoodPBgWallPlugABotDoor01,STAT,-824.000000,1168.000000,264.000000,0.0000
ccFSVFO4007-Halloween.esl,FE00537A,0001BA59,BldWlpSmWallScktA01,STAT,-696.000000,1168.000000,264.000000,0.0001
ccFSVFO4007-Halloween.esl,FE005378,0013B3CD,DiamondSignHandwrittenNumbers02,STAT,-823.900024,1168.000000,376.000000,5.8750
ccFSVFO4007-Halloween.esl,FE005377,FE00554F,ccFSVFO4007_Balloon01,STAT,-596.690552,1133.353149,503.000000,160.4282
ccFSVFO4007-Halloween.esl,FE005376,FE005350,ccFSVFO4007_PlasticJackOLantern02Static,STAT,-782.785522,959.481201,334.729645,246.3720
ccFSVFO4007-Halloween.esl,FE005375,0003A32A,defaultLightCandle01FlickerNS,LIGH,-784.454590,961.018433,353.667328,217.7241
ccFSVFO4007-Halloween.esl,FE005374,FE005351,ccFSVFO4007_PlasticJackOLantern01Static,STAT,-579.623352,962.033386,320.584106,137.5100
ccFSVFO4007-Halloween.esl,FE005373,0003A32A,defaultLightCandle01FlickerNS,LIGH,-581.292480,963.570618,341.236786,217.7241
ccFSVFO4007-Halloween.esl,FE005371,000B2551,defaultLightWarm02NS,LIGH,-774.790283,479.377533,406.812714,0.0000
ccFSVFO4007-Halloween.esl,FE005370,000B2551,defaultLightWarm02NS,LIGH,-594.112854,479.377533,406.812714,0.0000
ccFSVFO4007-Halloween.esl,FE00536F,00155875,defaultLightWarm01SpotNS,LIGH,-683.618652,498.138611,472.473114,90.0000
ccFSVFO4007-Halloween.esl,FE00536E,00092A1F,Spotlight45deg_On,SCOL,-683.393677,515.679504,504.684784,270.0000
ccFSVFO4007-Halloween.esl,FE00536D,001FA27A,defaultLightWarm01NSGoboBounce01,LIGH,-684.958801,690.314148,372.227448,291.2452
ccFSVFO4007-Halloween.esl,FE00536C,001FA27A,defaultLightWarm01NSGoboBounce01,LIGH,-684.958801,919.608032,372.227448,160.4282
ccFSVFO4007-Halloween.esl,FE00536B,00101187,defaultLightWarm02NSNonSpec,LIGH,-672.410034,1460.148926,328.937103,0.0000
ccFSVFO4007-Halloween.esl,FE00536A,00141AAE,MuseumBounceWarm03NSNonSpec,LIGH,-679.889832,814.121948,449.325775,0.0000
ccFSVFO4007-Halloween.esl,FE005369,00141AAE,MuseumBounceWarm03NSNonSpec,LIGH,-679.889832,1147.104858,449.325775,0.0000
ccFSVFO4007-Halloween.esl,FE005368,0002B782,MistGroundSlowLong01Dim,MSTT,-697.526001,698.345581,284.323181,90.0000
ccFSVFO4007-Halloween.esl,FE005367,FE00558B,ccFSVFO4007_PaperCutoutGhosts01,STAT,-688.909668,1570.926880,464.253174,0.0000
ccFSVFO4007-Halloween.esl,FE005366,FE00558D,ccFSVFO4007_PaperCutoutBats01,STAT,-1892.456055,2026.556396,457.167542,90.0000
ccFSVFO4007-Halloween.esl,FE005365,FE00558D,ccFSVFO4007_PaperCutoutBats01,STAT,-1892.456055,2344.010010,457.167542,90.0000
ccFSVFO4007-Halloween.esl,FE005364,FE00558D,ccFSVFO4007_PaperCutoutBats01,STAT,-1892.456055,2186.082031,457.167542,90.0000
ccFSVFO4007-Halloween.esl,FE005363,FE00554A,ccFSVFO4007_HangingGhost03,STAT,-649.518250,2063.694824,552.866516,108.8620
ccFSVFO4007-Halloween.esl,FE005362,FE005549,ccFSVFO4007_HangingGhost02,STAT,-611.011536,2219.020752,632.490540,108.8620
ccFSVFO4007-Halloween.esl,FE005361,FE005548,ccFSVFO4007_HangingGhost01,STAT,-602.990417,2136.484375,646.386169,103.1324
ccFSVFO4007-Halloween.esl,FE005360,0003A32A,defaultLightCandle01FlickerNS,LIGH,-666.591187,2043.425781,324.428070,154.6987
ccFSVFO4007-Halloween.esl,FE00535F,0003A32A,defaultLightCandle01FlickerNS,LIGH,-603.915405,2173.560303,334.312531,154.6987
ccFSVFO4007-Halloween.esl,FE00535E,0003A32A,defaultLightCandle01FlickerNS,LIGH,-616.786560,2214.760498,332.798950,154.6987
ccFSVFO4007-Halloween.esl,FE00535D,0003A32A,defaultLightCandle01FlickerNS,LIGH,-847.914917,2419.513184,395.676849,154.6987
ccFSVFO4007-Halloween.esl,FE00535C,FE005351,ccFSVFO4007_PlasticJackOLantern01Static,STAT,-843.585266,2424.320312,374.896851,65.5354
ccFSVFO4007-Halloween.esl,FE00535B,FE005351,ccFSVFO4007_PlasticJackOLantern01Static,STAT,-665.090515,2042.487549,312.000000,126.0508
ccFSVFO4007-Halloween.esl,FE00535A,FE005350,ccFSVFO4007_PlasticJackOLantern02Static,STAT,-605.011230,2171.675537,312.000000,103.1324
ccFSVFO4007-Halloween.esl,FE005359,FE005351,ccFSVFO4007_PlasticJackOLantern01Static,STAT,-617.392761,2215.135498,312.000000,74.4846
ccFSVFO4007-Halloween.esl,FE005358,FE005351,ccFSVFO4007_PlasticJackOLantern01Static,STAT,-582.031555,1610.236938,264.023712,117.1015
ccFSVFO4007-Halloween.esl,FE005357,0003A32A,defaultLightCandle01FlickerNS,LIGH,-587.505371,1613.685669,284.803741,234.9127
ccFSVFO4007-Halloween.esl,FE005356,0003A32A,defaultLightCandle01FlickerNS,LIGH,-1833.405029,1969.001221,286.867126,0.0000
ccFSVFO4007-Halloween.esl,FE005355,0003A32A,defaultLightCandle01FlickerNS,LIGH,-1390.816895,2675.598633,350.879608,0.0000
ccFSVFO4007-Halloween.esl,FE005353,FE005351,ccFSVFO4007_PlasticJackOLantern01Static,STAT,-1390.836426,2679.676758,342.058319,0.0000
ccFSVFO4007-Halloween.esl,FE005352,FE005351,ccFSVFO4007_PlasticJackOLantern01Static,STAT,-1839.373535,1966.504272,264.000000,242.1888
ccFSVFO4007-Halloween.esl,FE00534E,FE005656,ccFSVFO4007_WallWallpaper01,STAT,-1208.281250,1302.632935,253.951233,90.0001
ccFSVFO4007-Halloween.esl,FE00534D,FE005656,ccFSVFO4007_WallWallpaper01,STAT,-1208.281250,1302.632935,253.951233,0.0001
ccFSVFO4007-Halloween.esl,FE00534C,FE005656,ccFSVFO4007_WallWallpaper01,STAT,-1208.281616,1046.633057,253.951233,0.0001
ccFSVFO4007-Halloween.esl,FE00534B,FE005661,ccFSVFO4007_FloorCeilingWallpaper01,STAT,-1208.000000,1304.000000,264.000000,270.0001
ccFSVFO4007-Halloween.esl,FE005349,FE005656,ccFSVFO4007_WallWallpaper01,STAT,-1208.281616,1046.633057,253.951233,270.0001
ccFSVFO4007-Halloween.esl,FE005348,FE005656,ccFSVFO4007_WallWallpaper01,STAT,-952.281982,1046.632812,253.951233,270.0001
ccFSVFO4007-Halloween.esl,FE005347,FE005656,ccFSVFO4007_WallWallpaper01,STAT,-952.281372,1302.632935,253.951233,90.0000
ccFSVFO4007-Halloween.esl,FE005344,0001A81F,BldWoodPSmFlrOnly01,STAT,-1520.000000,2704.000000,264.000000,90.0000
ccFSVFO4007-Halloween.esl,FE005343,0001A81F,BldWoodPSmFlrOnly01,STAT,-1520.000000,2448.000000,264.000000,90.0000
ccFSVFO4007-Halloween.esl,FE005342,0001A81F,BldWoodPSmFlrOnly01,STAT,-1520.000000,2192.000000,264.000000,90.0000
ccFSVFO4007-Halloween.esl,FE005341,0001A81F,BldWoodPSmFlrOnly01,STAT,-1520.000000,1936.000000,264.000000,90.0000
ccFSVFO4007-Halloween.esl,FE005340,001C9085,MistLargeRoundDustyDimmest,MSTT,-584.000000,184.000000,362.379181,270.0001
ccFSVFO4007-Halloween.esl,FE00533F,001C9080,MistLargeRoundDustyDimmer,MSTT,-367.774048,32.210541,338.696716,270.0001
ccFSVFO4007-Halloween.esl,FE00533E,0001A80A,BldWoodPSmCeilOnly02,STAT,-1512.000000,2960.000000,552.000000,0.0000
ccFSVFO4007-Halloween.esl,FE00533D,0001A80A,BldWoodPSmCeilOnly02,STAT,-1512.000000,2704.000000,552.000000,0.0000
ccFSVFO4007-Halloween.esl,FE00533C,0001A80A,BldWoodPSmCeilOnly02,STAT,-1512.000000,2448.000000,552.000000,0.0000
ccFSVFO4007-Halloween.esl,FE00533B,0001A80A,BldWoodPSmCeilOnly02,STAT,-1512.000000,2192.000000,552.000000,0.0000
ccFSVFO4007-Halloween.esl,FE00533A,0001A80A,BldWoodPSmCeilOnly02,STAT,-1512.000000,1680.000000,552.000000,0.0000
ccFSVFO4007-Halloween.esl,FE005339,0001A80A,BldWoodPSmCeilOnly02,STAT,-1512.000000,1936.000000,552.000000,0.0000
ccFSVFO4007-Halloween.esl,FE005338,0001C9FC,BldWoodPBgWallScktCTop01,STAT,-1496.000000,1680.000000,264.000000,270.0000
ccFSVFO4007-Halloween.esl,FE005337,001C9085,MistLargeRoundDustyDimmest,MSTT,-1076.057251,1151.462646,378.239563,0.0000
ccFSVFO4007-Halloween.esl,FE005336,00055382,DebrisInteriorWoodWindowBoards03,STAT,-2432.000000,1936.000000,376.000000,180.0000
ccFSVFO4007-Halloween.esl,FE005335,0015CCDF,CarpetSquare01,STAT,-1820.850098,1909.430176,511.787079,0.0000
ccFSVFO4007-Halloween.esl,FE005334,001A4D45,SkeletonClothedF04,MSTT,-238.216522,839.369263,275.320526,359.9319
ccFSVFO4007-Halloween.esl,FE005331,0010A928,defaultLightCandle01FlickerNSNonSpec,LIGH,-366.857391,63.495743,334.214661,205.2102
ccFSVFO4007-Halloween.esl,FE005330,0001A81F,BldWoodPSmFlrOnly01,STAT,-1776.000000,2960.000000,264.000000,90.0000
ccFSVFO4007-Halloween.esl,FE00532F,0001CBA6,HalfCircleFlag01,STAT,-839.126038,2198.194824,796.797119,90.0000
ccFSVFO4007-Halloween.esl,FE00532E,0001CBA6,HalfCircleFlag01,STAT,-848.148560,2363.261475,796.797119,90.0000
ccFSVFO4007-Halloween.esl,FE00532D,0001CBA6,HalfCircleFlag01,STAT,-844.696167,2029.868896,796.797119,90.0000
ccFSVFO4007-Halloween.esl,FE00532C,0001CB50,BldWoodPSmFlrPlatTrimEdgeShort01,STAT,-2020.820435,2822.943604,512.000000,0.0000
ccFSVFO4007-Halloween.esl,FE00532B,0001CB50,BldWoodPSmFlrPlatTrimEdgeShort01,STAT,-2020.820435,2694.928955,512.000000,0.0000
ccFSVFO4007-Halloween.esl,FE00532A,0001CB50,BldWoodPSmFlrPlatTrimEdgeShort01,STAT,-2020.820435,2568.055420,512.000000,0.0000
ccFSVFO4007-Halloween.esl,FE005329,001944BC,ClutterGenDustA,STAT,-1791.697144,2336.790283,485.769562,270.0000
ccFSVFO4007-Halloween.esl,FE005326,0001CB50,BldWoodPSmFlrPlatTrimEdgeShort01,STAT,-2020.820435,2440.897461,512.000000,0.0000
ccFSVFO4007-Halloween.esl,FE005325,0001CB50,BldWoodPSmFlrPlatTrimEdgeShort01,STAT,-2020.820435,2312.998047,512.000000,0.0000
ccFSVFO4007-Halloween.esl,FE005324,0001CB50,BldWoodPSmFlrPlatTrimEdgeShort01,STAT,-2020.820435,2056.570312,512.000000,0.0000
ccFSVFO4007-Halloween.esl,FE005323,0001CB50,BldWoodPSmFlrPlatTrimEdgeShort01,STAT,-2020.820435,2184.202881,512.000000,0.0000
ccFSVFO4007-Halloween.esl,FE005322,0001CB50,BldWoodPSmFlrPlatTrimEdgeShort01,STAT,-2020.820435,1929.339844,512.000000,0.0000
ccFSVFO4007-Halloween.esl,FE005321,0001CB50,BldWoodPSmFlrPlatTrimEdgeShort01,STAT,-2020.820435,1800.866089,512.000000,0.0000
ccFSVFO4007-Halloween.esl,FE005320,0001A850,BldWoodPSmFlrPlatTrimEdge01,STAT,-2020.820435,1608.866089,512.000000,0.0000
ccFSVFO4007-Halloween.esl,FE00531F,0001A80A,BldWoodPSmCeilOnly02,STAT,-1809.850464,1549.893921,375.500000,270.0000
ccFSVFO4007-Halloween.esl,FE00531E,0010A928,defaultLightCandle01FlickerNSNonSpec,LIGH,-573.576782,193.162415,350.080048,292.3454
ccFSVFO4007-Halloween.esl,FE00531D,0010A928,defaultLightCandle01FlickerNSNonSpec,LIGH,-512.689148,168.014343,340.880219,292.3454
ccFSVFO4007-Halloween.esl,FE00531C,0002FA4E,WaxCandle01,STAT,-568.893433,200.670685,327.460693,292.3454
ccFSVFO4007-Halloween.esl,FE00531B,0002FA50,WaxCandle03,STAT,-583.653320,208.041748,327.460693,202.3454
ccFSVFO4007-Halloween.esl,FE00531A,0002FA27,WaxCandle04,STAT,-566.410156,196.759964,327.460693,292.3454
ccFSVFO4007-Halloween.esl,FE005319,0002FA27,WaxCandle04,STAT,-582.643799,212.563751,327.460693,157.3454
ccFSVFO4007-Halloween.esl,FE005318,0002FA27,WaxCandle04,STAT,-575.488037,205.411133,327.460693,112.3454
ccFSVFO4007-Halloween.esl,FE005317,0002FA29,WaxCandle05,STAT,-573.134766,200.572937,327.460693,292.3454
ccFSVFO4007-Halloween.esl,FE005316,0002FACD,WaxCandle05Off,STAT,-580.585938,205.112320,327.460693,157.3454
ccFSVFO4007-Halloween.esl,FE005315,00035A0D,WaxCandlePuddle01,STAT,-569.014526,200.570770,327.460693,292.3454
ccFSVFO4007-Halloween.esl,FE005314,00035A0D,WaxCandlePuddle01,STAT,-583.497070,208.026382,327.460693,157.3454
ccFSVFO4007-Halloween.esl,FE005313,00035A10,WaxCandlePuddle03,STAT,-572.831909,200.345261,327.460754,274.5836
ccFSVFO4007-Halloween.esl,FE005312,00035A10,WaxCandlePuddle03,STAT,-580.638062,205.486633,327.460754,139.5837
ccFSVFO4007-Halloween.esl,FE005311,00035A10,WaxCandlePuddle03,STAT,-575.488037,205.411133,327.460693,274.5836
ccFSVFO4007-Halloween.esl,FE005310,FE005351,ccFSVFO4007_PlasticJackOLantern01Static,STAT,-595.914124,-212.068237,351.023712,154.6986
ccFSVFO4007-Halloween.esl,FE00530E,0002B782,MistGroundSlowLong01Dim,MSTT,-1282.768188,2437.989258,320.404083,270.0000
ccFSVFO4007-Halloween.esl,FE00530D,00091D4C,defaultLightWarm01SpotNSFlicker,LIGH,-678.225830,810.856995,450.926392,0.0000
ccFSVFO4007-Halloween.esl,FE00530A,0001F905,DeskFanOffice01,MISC,-338.450806,124.547607,319.917175,229.8929
ccFSVFO4007-Halloween.esl,FE005309,0001D1AF,TrashDecal03,STAT,-432.905518,-111.914673,263.417236,296.3561
ccFSVFO4007-Halloween.esl,FE005307,0005077E,AMBSteamVaultPipeAMarker,SOUN,-1112.000000,2608.000000,752.000000,0.0000
ccFSVFO4007-Halloween.esl,FE005306,0005077E,AMBSteamVaultPipeAMarker,SOUN,-1072.000000,1720.000000,752.000000,0.0000
ccFSVFO4007-Halloween.esl,FE005305,0002B785,MistGroundSlow01Dim,MSTT,-648.674072,-19.943535,227.330017,0.0000
ccFSVFO4007-Halloween.esl,FE005304,0005077E,AMBSteamVaultPipeAMarker,SOUN,-1096.000000,2376.000000,752.000000,0.0000
ccFSVFO4007-Halloween.esl,FE005303,0005077E,AMBSteamVaultPipeAMarker,SOUN,-1096.000000,2008.000000,752.000000,0.0000
ccFSVFO4007-Halloween.esl,FE005302,0005077E,AMBSteamVaultPipeAMarker,SOUN,-568.000000,1904.000000,440.000000,0.0000
ccFSVFO4007-Halloween.esl,FE005301,0005077E,AMBSteamVaultPipeAMarker,SOUN,-568.000000,2440.000000,440.000000,0.0000
ccFSVFO4007-Halloween.esl,FE005300,000F9CF9,Speaker,STAT,-824.000000,2424.000000,344.000000,90.0000
ccFSVFO4007-Halloween.esl,FE0052FF,00036180,FXSmokeStackSteam,MSTT,-576.031555,2439.440674,1666.000000,256.9307
ccFSVFO4007-Halloween.esl,FE0052FE,000FDC8B,NpcCouchModernDomesticCleanSit01,FURN,-1008.000000,72.000000,264.000000,85.8980
ccFSVFO4007-Halloween.esl,FE0052FD,0001F453,FederalistDesk01_Prewar,CONT,-353.226196,81.932953,263.417175,358.6257
ccFSVFO4007-Halloween.esl,FE0052FC,00036180,FXSmokeStackSteam,MSTT,-584.031555,1927.440674,1666.000000,256.9307
ccFSVFO4007-Halloween.esl,FE0052FB,0001F435,FederalistDresserShort01_Prewar,CONT,-560.000000,208.000000,264.000000,269.2444
ccFSVFO4007-Halloween.esl,FE0052FA,0013445D,WallGreeb1x1_02,STAT,-536.000000,2496.000000,528.000000,90.0000
ccFSVFO4007-Halloween.esl,FE0052F9,00134442,WallGreeb1x1_01,STAT,-536.000000,2016.000000,480.000000,90.0001
ccFSVFO4007-Halloween.esl,FE0052F8,000A1395,IndustrialFanSmall,STAT,-544.000000,2432.000000,464.000000,270.0001
ccFSVFO4007-Halloween.esl,FE0052F7,0001A88C,BldWoodPSmWall03,STAT,-424.000000,128.000000,264.000000,90.0001
ccFSVFO4007-Halloween.esl,FE0052F6,000A1395,IndustrialFanSmall,STAT,-544.000000,1928.000000,464.000000,270.0001
ccFSVFO4007-Halloween.esl,FE0052F5,000BC249,TerminalBroken01,STAT,-808.000000,-8.000000,320.000000,270.0000
ccFSVFO4007-Halloween.esl,FE0052F4,0001F453,FederalistDesk01_Prewar,CONT,-816.000000,0.000000,264.000000,358.6257
ccFSVFO4007-Halloween.esl,FE0052F3,0012F2F5,WorkbenchChemistryA,FURN,-496.000000,16.000000,264.000000,180.0001
ccFSVFO4007-Halloween.esl,FE0052F2,0001A882,BldWoodPSmWallScktA01,STAT,-680.000000,128.000000,264.000000,90.0001
ccFSVFO4007-Halloween.esl,FE0052F1,001405C7,ConsolePanA18,STAT,-400.000000,-184.000000,376.000000,180.0001
ccFSVFO4007-Halloween.esl,FE0052EF,00140AF0,FolderPapers01,MISC,-619.084290,-221.407135,331.863312,77.3493
ccFSVFO4007-Halloween.esl,FE0052EE,00140AF0,FolderPapers01,MISC,-713.586487,-204.774597,331.850098,37.5881
ccFSVFO4007-Halloween.esl,FE0052ED,0001A88A,BldWoodPSmWall02,STAT,-424.000000,128.000000,264.000000,180.0001
ccFSVFO4007-Halloween.esl,FE0052EC,0001A863,BldWoodPSmWall05,STAT,-424.000000,-128.000000,264.000000,180.0001
ccFSVFO4007-Halloween.esl,FE0052EB,0001A88A,BldWoodPSmWall02,STAT,-423.454346,-128.854614,263.417114,270.0001
ccFSVFO4007-Halloween.esl,FE0052EA,0001A864,BldWoodPSmWall06,STAT,-672.000000,-128.000000,264.000000,270.0000
ccFSVFO4007-Halloween.esl,FE0052E9,0001A865,BldWoodPSmWall07,STAT,-944.000000,128.000122,264.000000,0.0001
ccFSVFO4007-Halloween.esl,FE0052E8,0001A861,BldWoodPSmWall04,STAT,-944.000000,-128.000000,264.000000,0.0001
ccFSVFO4007-Halloween.esl,FE0052E7,0001F905,DeskFanOffice01,MISC,-731.896667,-221.818756,332.153290,42.5375
ccFSVFO4007-Halloween.esl,FE0052E6,0001A815,BldWoodPSmFlrCeil01,STAT,-424.000000,128.000000,264.000000,270.0001
ccFSVFO4007-Halloween.esl,FE0052E5,0001A816,BldWoodPSmFlrCeil02,STAT,-424.000000,-128.000000,264.000000,270.0000
ccFSVFO4007-Halloween.esl,FE0052E4,0001A815,BldWoodPSmFlrCeil01,STAT,-680.000000,-128.000000,264.000000,270.0000
ccFSVFO4007-Halloween.esl,FE0052E3,0001A819,BldWoodPSmFlrCeil05,STAT,-680.000000,128.000000,264.000000,270.0001
ccFSVFO4007-Halloween.esl,FE0052E2,001405B4,ConsoleCabSingle01,STAT,-728.000000,-224.000000,264.000000,180.0000
ccFSVFO4007-Halloween.esl,FE0052E1,0014400A,ConsoleTowerSingle04,SCOL,-640.000000,-224.000000,264.000000,180.0000
ccFSVFO4007-Halloween.esl,FE0052E0,FE005346,ccFSVFO4007_DefaultLightPurple01Spot,LIGH,-829.775757,2053.959229,336.985992,350.3493
ccFSVFO4007-Halloween.esl,FE0052DF,00036180,FXSmokeStackSteam,MSTT,-1112.000000,2360.000000,732.466980,260.2140
ccFSVFO4007-Halloween.esl,FE0052DE,FE00561D,ccFSVFO4007_DefaultLightGreen01Spot,LIGH,-832.602173,2325.517578,331.899353,334.6926
ccFSVFO4007-Halloween.esl,FE0052DD,00036180,FXSmokeStackSteam,MSTT,-1112.000000,2016.000000,732.386719,242.0621
ccFSVFO4007-Halloween.esl,FE0052D9,0001A864,BldWoodPSmWall06,STAT,-928.000000,-128.000000,264.000000,270.0000
ccFSVFO4007-Halloween.esl,FE0052D8,000537B2,SCConsoleC05,SCOL,-768.000000,-224.000000,264.000000,90.0000
ccFSVFO4007-Halloween.esl,FE0052D6,00053797,SCConsoleC02,SCOL,-808.000000,-224.000000,264.000000,270.0000
ccFSVFO4007-Halloween.esl,FE0052D5,00045619,SparksUpwards,MSTT,-528.295288,-216.792542,427.768188,270.0000
ccFSVFO4007-Halloween.esl,FE0052D4,0001D971,BlackWireSpline01,BNDS,-445.411987,-215.701202,448.706665,0.0000
ccFSVFO4007-Halloween.esl,FE0052D3,000537C1,SCConsoleB06,SCOL,-637.864807,-157.004898,264.000000,0.0000
ccFSVFO4007-Halloween.esl,FE0052D2,00169212,MistLargeRoundFastDim,MSTT,-649.003723,1897.989624,429.890533,0.0000
ccFSVFO4007-Halloween.esl,FE0052D1,00054B50,SCConsoleA01,SCOL,-594.984863,-190.941132,264.000000,270.0000
ccFSVFO4007-Halloween.esl,FE0052D0,0004CE3D,WaterCooler01_Dirty,STAT,-1312.000000,760.000000,272.000000,270.0456
ccFSVFO4007-Halloween.esl,FE0052CE,0004DDEC,PowerConnector01,STAT,-523.031677,-223.984192,391.553467,270.0000
ccFSVFO4007-Halloween.esl,FE0052CD,001405E8,ConsolePanC07,STAT,-519.689087,-183.924393,326.346100,180.0001
ccFSVFO4007-Halloween.esl,FE0052CC,0020F1C6,ConsolePanA18On,STAT,-519.689087,-183.924393,339.841461,180.0001
ccFSVFO4007-Halloween.esl,FE0052CB,001405BB,ConsolePanA06,STAT,-519.689087,-183.924393,290.248993,180.0001
ccFSVFO4007-Halloween.esl,FE0052CA,001405D7,ConsolePanB15,STAT,-519.689087,-183.924393,363.558228,180.0001
ccFSVFO4007-Halloween.esl,FE0052C9,001405B5,ConsoleCabSingle02,STAT,-519.689087,-215.924393,264.052032,180.0001
ccFSVFO4007-Halloween.esl,FE0052C8,0020F1CB,ConsolePanA13On,STAT,-519.689087,-183.924393,376.052032,180.0001
ccFSVFO4007-Halloween.esl,FE0052C7,0020F1C6,ConsolePanA18On,STAT,-479.689087,-183.924332,352.052032,180.0001
ccFSVFO4007-Halloween.esl,FE0052C6,001405CE,ConsolePanB06,STAT,-479.689087,-183.924332,328.052032,180.0001
ccFSVFO4007-Halloween.esl,FE0052C5,0020F1C7,ConsolePanA07On,STAT,-479.689087,-183.924332,340.052032,180.0001
ccFSVFO4007-Halloween.esl,FE0052C4,001405DD,ConsolePanB21,STAT,-479.689087,-183.924332,304.052032,180.0001
ccFSVFO4007-Halloween.esl,FE0052C3,001405BA,ConsolePanA05,STAT,-479.689087,-183.924332,364.052032,180.0001
ccFSVFO4007-Halloween.esl,FE0052C2,001405B5,ConsoleCabSingle02,STAT,-479.689087,-215.924393,264.052032,180.0001
ccFSVFO4007-Halloween.esl,FE0052C1,001405C5,ConsolePanA16,STAT,-480.476196,-182.741547,377.660278,180.0001
ccFSVFO4007-Halloween.esl,FE0052C0,001405C7,ConsolePanA18,STAT,-439.689148,-183.924454,352.052032,180.0001
ccFSVFO4007-Halloween.esl,FE0052BF,001405CA,ConsolePanB02,STAT,-439.689148,-183.924454,340.052032,180.0001
ccFSVFO4007-Halloween.esl,FE0052BE,001405D6,ConsolePanB14,STAT,-439.689148,-183.924454,316.052032,180.0001
ccFSVFO4007-Halloween.esl,FE0052BD,0020F1C7,ConsolePanA07On,STAT,-439.689148,-183.924454,292.052032,180.0001
ccFSVFO4007-Halloween.esl,FE0052BC,001405B5,ConsoleCabSingle02,STAT,-439.689087,-215.924393,264.052032,180.0001
ccFSVFO4007-Halloween.esl,FE0052BB,0004CD99,PottedPlantSet_PotAPlant03_Dirty,STAT,-784.000000,1344.000000,264.000000,0.0000
ccFSVFO4007-Halloween.esl,FE0052BA,0018766A,PictureFramePortrait05,STAT,-552.000000,872.000000,384.000000,90.0000
ccFSVFO4007-Halloween.esl,FE0052B9,0018766A,PictureFramePortrait05,STAT,-552.000000,1016.000000,384.000000,90.0000
ccFSVFO4007-Halloween.esl,FE0052B8,0001CC65,PictureFrame06,STAT,-8.000000,1168.000000,424.000000,90.0000
ccFSVFO4007-Halloween.esl,FE0052B7,0020F1CA,ConsolePanB04On,STAT,-439.689148,-183.924454,376.052032,180.0001
ccFSVFO4007-Halloween.esl,FE0052B6,0020F1CB,ConsolePanA13On,STAT,-399.689087,-183.924393,352.052032,180.0001
ccFSVFO4007-Halloween.esl,FE0052B5,00082DA4,BldBrickSmFlrOnly01,STAT,112.000000,2960.000000,264.000000,90.0000
ccFSVFO4007-Halloween.esl,FE0052B4,001405EB,ConsolePanD02,STAT,-399.689087,-183.924393,328.052032,180.0001
ccFSVFO4007-Halloween.esl,FE0052B3,000978D4,FancyTableCircleHalf01,STAT,-800.000000,1392.000000,264.000000,180.0000
ccFSVFO4007-Halloween.esl,FE0052B2,000978D4,FancyTableCircleHalf01,STAT,-554.014343,1400.000000,264.000000,0.0000
ccFSVFO4007-Halloween.esl,FE0052B1,0011899B,CombatZoneSignPrewarArrow01,STAT,-685.928223,1570.477783,507.428162,209.7449
ccFSVFO4007-Halloween.esl,FE0052B0,0020F1C9,ConsolePanA14On,STAT,-399.689087,-183.924393,340.052032,180.0001
ccFSVFO4007-Halloween.esl,FE0052AF,0020F1C7,ConsolePanA07On,STAT,-399.689087,-183.924393,364.052032,180.0001
ccFSVFO4007-Halloween.esl,FE0052AE,001405B5,ConsoleCabSingle02,STAT,-399.689087,-215.924393,264.052032,180.0001
ccFSVFO4007-Halloween.esl,FE0052AD,000978CA,FancyTableRectangle01,STAT,-328.000000,-112.000000,264.000000,0.0001
ccFSVFO4007-Halloween.esl,FE0052AC,000039B0,DiamondOrangeFiltered01NS,LIGH,-1756.886841,2422.322266,669.821899,0.0000
ccFSVFO4007-Halloween.esl,FE0052AB,0001F92F,Clipboard01,MISC,-421.839844,-203.457932,391.037048,58.9710
ccFSVFO4007-Halloween.esl,FE0052AA,000039B0,DiamondOrangeFiltered01NS,LIGH,-1756.886841,1883.277466,669.821899,0.0000
ccFSVFO4007-Halloween.esl,FE0052A9,FE0055C5,ccFSVFO4007_StringLightsOrange03Static,STAT,-1895.000000,2446.173340,718.723511,270.0000
ccFSVFO4007-Halloween.esl,FE0052A8,000211C4,CoffeeCup01,MISC,-439.323822,-199.697845,391.059509,218.4339
ccFSVFO4007-Halloween.esl,FE0052A7,FE0055C5,ccFSVFO4007_StringLightsOrange03Static,STAT,-1895.000000,1891.910400,718.723511,270.0000
ccFSVFO4007-Halloween.esl,FE0052A6,000DF459,NPCCouchMemoryLoungeSit01,FURN,-1864.000000,2338.934570,512.000000,90.0000
ccFSVFO4007-Halloween.esl,FE0052A5,0014CCA8,TerminalBroken02,STAT,-1735.096924,2830.406250,342.013733,0.0000
ccFSVFO4007-Halloween.esl,FE0052A4,000BC249,TerminalBroken01,STAT,-1785.231323,2830.406250,342.013733,0.0000
ccFSVFO4007-Halloween.esl,FE0052A3,000366C2,Wine,ALCH,-324.347565,-90.357910,320.520874,119.9993
ccFSVFO4007-Halloween.esl,FE0052A2,0001CA18,BldWoodPBgWallPlugABotDoor01,STAT,-536.000000,1176.000000,264.000000,180.0000
ccFSVFO4007-Halloween.esl,FE0052A1,000366C2,Wine,ALCH,-329.872131,-134.499405,320.518738,44.9994
ccFSVFO4007-Halloween.esl,FE0052A0,000DEDD9,PrewarBottleBourbon01,MISC,-332.645508,-125.311272,320.518646,150.0000
ccFSVFO4007-Halloween.esl,FE00529F,0001BA3E,BldWlpSmWallCorner01,STAT,-544.000000,1544.000000,264.000000,270.0000
ccFSVFO4007-Halloween.esl,FE00529E,0001A865,BldWoodPSmWall07,STAT,-392.000000,1024.000000,264.000000,270.0000
ccFSVFO4007-Halloween.esl,FE00529D,0001A882,BldWoodPSmWallScktA01,STAT,-408.000000,1176.000000,264.000000,0.0000
ccFSVFO4007-Halloween.esl,FE00529C,00140B24,Glass_Generic_Prewar,MISC,-324.282104,-99.840210,321.044830,179.9997
ccFSVFO4007-Halloween.esl,FE00529A,00059AD1,GlassPitcher01,MISC,-325.722534,-114.565071,324.425232,45.0001
ccFSVFO4007-Halloween.esl,FE005299,0001A81D,BldWoodPSmFlrCeil09,STAT,-392.000000,1040.000000,264.000000,0.0000
ccFSVFO4007-Halloween.esl,FE005298,000A78FE,DaisyRug,STAT,-358.563965,-109.359978,264.000000,180.0000
ccFSVFO4007-Halloween.esl,FE005297,0001A818,BldWoodPSmFlrCeil04,STAT,-392.000000,1296.000000,264.000000,0.0000
ccFSVFO4007-Halloween.esl,FE005296,0019C5E9,OBJConsoleGenericFLPmarker,SOUN,-672.000000,-213.512390,410.101685,270.0000
ccFSVFO4007-Halloween.esl,FE005295,00134442,WallGreeb1x1_01,STAT,-592.000000,-248.000000,360.000000,180.0000
ccFSVFO4007-Halloween.esl,FE005294,0013B3D2,DiamondSignHandwrittenNumbers01,STAT,-536.689392,1177.214355,372.741882,149.0362
ccFSVFO4007-Halloween.esl,FE005293,001405B2,ConsoleCabinetCorner02,STAT,-862.806824,-207.085510,264.000000,270.0001
ccFSVFO4007-Halloween.esl,FE005292,FE0055C7,ccFSVFO4007_StringLightsPurple02Static,STAT,-1822.523071,2739.958252,487.573486,314.1634
ccFSVFO4007-Halloween.esl,FE005291,00141AAE,MuseumBounceWarm03NSNonSpec,LIGH,-715.785461,2755.737061,574.877380,0.0000
ccFSVFO4007-Halloween.esl,FE005290,001C0FCA,FloraFungusGlowing03,FLOR,-60.645546,2701.565186,273.690948,177.6169
ccFSVFO4007-Halloween.esl,FE00528E,0001BA59,BldWlpSmWallScktA01,STAT,-664.000000,1176.000000,264.000000,180.0000
ccFSVFO4007-Halloween.esl,FE00528D,0015CCDF,CarpetSquare01,STAT,-680.000000,904.000000,264.000000,0.0000
ccFSVFO4007-Halloween.esl,FE00528C,0015CCDF,CarpetSquare01,STAT,-680.000000,1160.000000,264.000000,0.0000
ccFSVFO4007-Halloween.esl,FE00528A,0003251F,DefaultSetStageTriggerPlayerOnly,ACTI,-1688.000000,2168.000000,368.000000,0.0000
ccFSVFO4007-Halloween.esl,FE005270,001AE1F4,Beercrate_Static,STAT,-1738.841919,2681.532959,365.279510,270.0000
ccFSVFO4007-Halloween.esl,FE00526F,000211F6,WoodCrate02,STAT,-1704.038208,2674.962402,364.483124,90.0000
ccFSVFO4007-Halloween.esl,FE00526E,000211F6,WoodCrate02,STAT,-1704.038208,2674.962402,340.545746,90.0000
ccFSVFO4007-Halloween.esl,FE00526D,0008A4F9,BldWoodBSmFlrPlatTrimFree01,STAT,-1872.000000,1568.000000,520.000000,270.0000
ccFSVFO4007-Halloween.esl,FE00526C,0001B7BB,BldWoodPMdWallPlugBBotDblDoor01,STAT,-680.000000,1552.000244,264.000000,90.0001
ccFSVFO4007-Halloween.esl,FE00526A,000366C1,Whiskey,ALCH,-616.000000,2800.000000,568.000000,0.0000
ccFSVFO4007-Halloween.esl,FE005269,00059B0A,ShotGlass01,MISC,-624.000000,2808.000000,568.000000,0.0000
ccFSVFO4007-Halloween.esl,FE005268,0003F8C1,PlayerHouse_Ruin_Lamp04,MISC,-603.881165,2818.714600,568.500000,0.0000
ccFSVFO4007-Halloween.esl,FE005267,000BA4AC,FederalistTableSquare01,STAT,-608.000000,2816.000000,512.000000,0.0000
ccFSVFO4007-Halloween.esl,FE005266,001A71B7,PictureFrameRect04,STAT,-1896.000000,2024.000000,616.000000,270.0000
ccFSVFO4007-Halloween.esl,FE005265,001A71B7,PictureFrameRect04,STAT,-1896.000000,2344.000000,616.000000,270.0000
ccFSVFO4007-Halloween.esl,FE005264,00075F3F,PlayerHouse_Ruin_EndTable01,STAT,-1872.000000,2632.000000,512.000000,0.0000
ccFSVFO4007-Halloween.esl,FE005263,0001A80A,BldWoodPSmCeilOnly02,STAT,-1809.850464,1678.151245,375.500000,270.0000
ccFSVFO4007-Halloween.esl,FE005262,0009F427,FancyBureauDoor01,DOOR,-1088.000000,2808.000000,528.000000,270.0001
ccFSVFO4007-Halloween.esl,FE005261,0009F42A,Prewar_Fancy_Bureau01,CONT,-1088.000000,2808.000000,528.000000,270.0001
ccFSVFO4007-Halloween.esl,FE005260,000978C2,FancyTableConsole01,STAT,-1864.000000,2192.000000,512.000000,180.0000
ccFSVFO4007-Halloween.esl,FE00525F,0004CD9D,PottedPlantSet_PotBPlant02_Dirty,STAT,-1832.000000,2832.000000,512.000000,0.0000
ccFSVFO4007-Halloween.esl,FE00525E,000978C6,FancyTableCircle01,STAT,-1776.000000,2712.000000,512.000000,0.0000
ccFSVFO4007-Halloween.esl,FE00525D,000978CB,FancyCurio01,STAT,-1640.000000,2824.000000,512.000000,270.0000
ccFSVFO4007-Halloween.esl,FE00525C,0001F459,FederalistDisplayBoxSmall01,STAT,-1864.000000,2192.000000,584.000000,90.0914
ccFSVFO4007-Halloween.esl,FE00525B,000DF459,NPCCouchMemoryLoungeSit01,FURN,-720.000000,2808.000000,512.000000,180.0000
ccFSVFO4007-Halloween.esl,FE00525A,0015CC83,CarpetEdging05,STAT,-1226.134766,2282.292969,264.100006,90.0000
ccFSVFO4007-Halloween.esl,FE005259,0015CC83,CarpetEdging05,STAT,-1140.475586,2280.934570,264.100006,90.0000
ccFSVFO4007-Halloween.esl,FE005258,0015CC83,CarpetEdging05,STAT,-1046.334351,2280.872559,264.100006,90.0000
ccFSVFO4007-Halloween.esl,FE005256,0015CCDF,CarpetSquare01,STAT,-1086.664795,2189.613037,263.042297,270.0000
ccFSVFO4007-Halloween.esl,FE005255,0015CC86,CarpetEdging08,STAT,-999.999756,2047.999512,264.000000,180.0000
ccFSVFO4007-Halloween.esl,FE005254,0015CC84,CarpetEdging06,STAT,-999.999756,2143.999512,264.000000,180.0000
ccFSVFO4007-Halloween.esl,FE005253,0015CC84,CarpetEdging06,STAT,-999.999756,2239.999512,264.000000,180.0000
ccFSVFO4007-Halloween.esl,FE005252,0015CC84,CarpetEdging06,STAT,-999.999756,2335.999512,264.000000,180.0000
ccFSVFO4007-Halloween.esl,FE005251,0015CC83,CarpetEdging05,STAT,-951.999756,2279.999512,264.100006,90.0000
ccFSVFO4007-Halloween.esl,FE005250,0001F440,FederalistTableCircle01,STAT,-1080.000000,2000.000000,296.000000,0.0000
ccFSVFO4007-Halloween.esl,FE00524F,0004CD80,PottedPlantSet_PotAPlant01_Dirty,STAT,-1848.000000,2344.000000,264.000000,327.9144
ccFSVFO4007-Halloween.esl,FE00524E,0004CD80,PottedPlantSet_PotAPlant01_Dirty,STAT,-1840.000000,2040.000000,264.000000,327.9144
ccFSVFO4007-Halloween.esl,FE00524D,0001F440,FederalistTableCircle01,STAT,-1267.651978,1924.280640,264.000000,45.0000
ccFSVFO4007-Halloween.esl,FE00524C,0001F74E,NpcChairFederalistSit01,FURN,-1344.000000,1872.000000,264.000000,45.0000
ccFSVFO4007-Halloween.esl,FE00524B,0001F74E,NpcChairFederalistSit01,FURN,-1232.151611,1864.730225,264.000000,0.0000
ccFSVFO4007-Halloween.esl,FE00524A,0001D8F7,DebrisWoodPile01Trash,STAT,-1640.000000,2368.000000,264.000000,205.3015
ccFSVFO4007-Halloween.esl,FE005249,000211DD,BeerBottleEmpty01,MISC,-1640.000000,2392.000000,272.000000,180.0000
ccFSVFO4007-Halloween.esl,FE005248,001A4D45,SkeletonClothedF04,MSTT,-1736.000000,2488.000000,512.000000,270.0000
ccFSVFO4007-Halloween.esl,FE005247,001231A3,BldWoodPSmRailBroke01Dest,MSTT,-1624.000000,2520.000000,512.039978,0.0000
ccFSVFO4007-Halloween.esl,FE005246,000DF459,NPCCouchMemoryLoungeSit01,FURN,-1864.000000,2720.000000,512.000000,90.0000
ccFSVFO4007-Halloween.esl,FE005245,000211F6,WoodCrate02,STAT,-928.610352,2482.070312,264.600800,358.3268
ccFSVFO4007-Halloween.esl,FE005244,000FA85E,HighTechLightWallFixture01Off,STAT,-544.000000,2328.000000,472.000000,183.4590
ccFSVFO4007-Halloween.esl,FE005243,000821BD,MistLargeRoundDustyDim,MSTT,-562.297852,2331.893555,468.597656,273.4590
ccFSVFO4007-Halloween.esl,FE005242,000F9CF9,Speaker,STAT,-984.000000,1568.000000,464.000000,180.0000
ccFSVFO4007-Halloween.esl,FE005241,0001CBA6,HalfCircleFlag01,STAT,-878.661926,1988.316650,788.245789,90.0000
ccFSVFO4007-Halloween.esl,FE005240,000A8C6F,MemDenHangingCloth01,STAT,-856.000000,1832.000000,320.000000,90.0000
ccFSVFO4007-Halloween.esl,FE00523F,0001CBA6,HalfCircleFlag01,STAT,-885.376587,2180.321045,793.276184,90.0000
ccFSVFO4007-Halloween.esl,FE00523E,0001CBA6,HalfCircleFlag01,STAT,-872.000000,2352.000000,805.642456,90.0000
ccFSVFO4007-Halloween.esl,FE00523D,0001F440,FederalistTableCircle01,STAT,-1040.684692,2450.321045,262.111847,0.0000
ccFSVFO4007-Halloween.esl,FE00523C,0001F74E,NpcChairFederalistSit01,FURN,-1071.702637,2488.871338,264.000000,148.0058
ccFSVFO4007-Halloween.esl,FE00523B,001C0FC9,FloraFungusGlowing02,FLOR,-173.087723,2619.823242,261.615082,63.0254
ccFSVFO4007-Halloween.esl,FE00523A,0001D8F7,DebrisWoodPile01Trash,STAT,-856.000000,2464.000000,256.000000,205.3015
ccFSVFO4007-Halloween.esl,FE005237,00100CD5,ProtectronPod01,FURN,-993.774170,-120.182251,264.000122,85.9437
ccFSVFO4007-Halloween.esl,FE005236,000A8C7C,MemDenHangingCloth02,STAT,-856.000000,2544.000000,304.000000,272.3833
ccFSVFO4007-Halloween.esl,FE005235,000FA85E,HighTechLightWallFixture01Off,STAT,-544.000000,2039.999878,472.000000,183.4590
ccFSVFO4007-Halloween.esl,FE005234,000821BD,MistLargeRoundDustyDim,MSTT,-562.297852,2043.893433,468.597656,273.4590
ccFSVFO4007-Halloween.esl,FE005232,0001F74E,NpcChairFederalistSit01,FURN,-1256.000000,2400.000000,264.000000,124.3775
ccFSVFO4007-Halloween.esl,FE005231,0001F440,FederalistTableCircle01,STAT,-1180.128784,2367.920166,299.243774,359.4027
ccFSVFO4007-Halloween.esl,FE005230,001A4D43,SkeletonClothedM02,MSTT,-1737.006470,1777.739136,271.180634,101.7038
ccFSVFO4007-Halloween.esl,FE00522F,00035A10,WaxCandlePuddle03,STAT,-1432.000000,2832.000000,344.000000,252.2379
ccFSVFO4007-Halloween.esl,FE00522E,00035A10,WaxCandlePuddle03,STAT,-1436.791382,2830.111816,344.000031,117.2383
ccFSVFO4007-Halloween.esl,FE00522D,00035A10,WaxCandlePuddle03,STAT,-1427.616943,2828.324463,344.000031,252.2379
ccFSVFO4007-Halloween.esl,FE00522C,00035A0D,WaxCandlePuddle01,STAT,-1440.400635,2831.374023,344.000000,134.9994
ccFSVFO4007-Halloween.esl,FE00522B,00035A0D,WaxCandlePuddle01,STAT,-1424.172485,2829.984131,344.000000,270.0001
ccFSVFO4007-Halloween.esl,FE00522A,0002FACD,WaxCandle05Off,STAT,-1436.600464,2829.785645,344.000000,134.9994
ccFSVFO4007-Halloween.esl,FE005229,0002FA29,WaxCandle05,STAT,-1427.982666,2828.420166,344.000000,270.0001
ccFSVFO4007-Halloween.esl,FE005228,0002FA27,WaxCandle04,STAT,-1432.000000,2832.000000,344.000000,90.0001
ccFSVFO4007-Halloween.esl,FE005227,0002FA27,WaxCandle04,STAT,-1441.338135,2835.894775,344.000000,134.9994
ccFSVFO4007-Halloween.esl,FE005226,0002FA27,WaxCandle04,STAT,-1420.312988,2827.450195,344.000000,270.0001
ccFSVFO4007-Halloween.esl,FE005225,0002FA50,WaxCandle03,STAT,-1440.551514,2831.328857,344.000000,180.0001
ccFSVFO4007-Halloween.esl,FE005224,0002FA4E,WaxCandle01,STAT,-1424.097534,2830.122803,344.000000,270.0001
ccFSVFO4007-Halloween.esl,FE005223,0010A928,defaultLightCandle01FlickerNSNonSpec,LIGH,-1432.242920,2826.757080,375.215698,270.0001
ccFSVFO4007-Halloween.esl,FE005222,0003A32A,defaultLightCandle01FlickerNS,LIGH,-1432.242920,2826.757080,362.903595,270.0001
ccFSVFO4007-Halloween.esl,FE005221,00035A10,WaxCandlePuddle03,STAT,-862.115784,2325.100342,320.420166,162.2379
ccFSVFO4007-Halloween.esl,FE005220,00035A0D,WaxCandlePuddle01,STAT,-863.775513,2328.544922,320.420166,180.0000
ccFSVFO4007-Halloween.esl,FE00521F,0002FA29,WaxCandle05,STAT,-862.211426,2324.734619,320.420166,180.0000
ccFSVFO4007-Halloween.esl,FE00521E,0002FA27,WaxCandle04,STAT,-861.241577,2332.404297,320.420166,180.0000
ccFSVFO4007-Halloween.esl,FE00521D,0002FA4E,WaxCandle01,STAT,-863.914124,2328.619629,320.420166,180.0000
ccFSVFO4007-Halloween.esl,FE00521C,0003A32A,defaultLightCandle01FlickerNS,LIGH,-860.548401,2327.130859,339.323730,180.0000
ccFSVFO4007-Halloween.esl,FE00521B,0010A928,defaultLightCandle01FlickerNSNonSpec,LIGH,-860.548401,2327.130859,351.635803,180.0000
ccFSVFO4007-Halloween.esl,FE00521A,00035A10,WaxCandlePuddle03,STAT,-862.540710,2038.553467,320.260010,342.2379
ccFSVFO4007-Halloween.esl,FE005219,00035A0D,WaxCandlePuddle01,STAT,-860.881042,2035.108887,320.260010,0.0000
ccFSVFO4007-Halloween.esl,FE005218,0002FA29,WaxCandle05,STAT,-862.445007,2038.919189,320.260010,0.0000
ccFSVFO4007-Halloween.esl,FE005217,0002FA27,WaxCandle04,STAT,-863.414978,2031.249512,320.260010,0.0000
ccFSVFO4007-Halloween.esl,FE005216,0002FA4E,WaxCandle01,STAT,-860.742371,2035.033936,320.260010,0.0000
ccFSVFO4007-Halloween.esl,FE005215,0003A32A,defaultLightCandle01FlickerNS,LIGH,-864.108093,2036.522949,339.163574,0.0000
ccFSVFO4007-Halloween.esl,FE005214,0010A928,defaultLightCandle01FlickerNSNonSpec,LIGH,-864.108093,2036.522949,351.475647,0.0000
ccFSVFO4007-Halloween.esl,FE005213,00035A10,WaxCandlePuddle03,STAT,-860.708862,2089.843262,320.000000,342.2379
ccFSVFO4007-Halloween.esl,FE005212,00035A10,WaxCandlePuddle03,STAT,-862.597046,2094.634766,320.000031,207.2383
ccFSVFO4007-Halloween.esl,FE005211,00035A10,WaxCandlePuddle03,STAT,-864.384399,2085.460449,320.000031,342.2379
ccFSVFO4007-Halloween.esl,FE005210,00035A0D,WaxCandlePuddle01,STAT,-861.334839,2098.244141,320.000000,224.9994
ccFSVFO4007-Halloween.esl,FE00520F,00035A0D,WaxCandlePuddle01,STAT,-862.724731,2082.015869,320.000000,0.0000
ccFSVFO4007-Halloween.esl,FE00520E,0002FACD,WaxCandle05Off,STAT,-862.923218,2094.443848,320.000000,224.9994
ccFSVFO4007-Halloween.esl,FE00520D,0002FA29,WaxCandle05,STAT,-864.288696,2085.826172,320.000000,0.0000
ccFSVFO4007-Halloween.esl,FE00520C,0002FA27,WaxCandle04,STAT,-860.708862,2089.843262,320.000000,180.0000
ccFSVFO4007-Halloween.esl,FE00520B,0002FA27,WaxCandle04,STAT,-856.814087,2099.181396,320.000000,224.9994
ccFSVFO4007-Halloween.esl,FE00520A,0002FA27,WaxCandle04,STAT,-865.258667,2078.156494,320.000000,0.0000
ccFSVFO4007-Halloween.esl,FE005209,0002FA50,WaxCandle03,STAT,-861.380005,2098.395020,320.000000,270.0001
ccFSVFO4007-Halloween.esl,FE005208,0002FA4E,WaxCandle01,STAT,-862.586060,2081.940918,320.000000,0.0000
ccFSVFO4007-Halloween.esl,FE005207,0010A928,defaultLightCandle01FlickerNSNonSpec,LIGH,-865.951782,2090.086182,351.215698,0.0000
ccFSVFO4007-Halloween.esl,FE005206,0003A32A,defaultLightCandle01FlickerNS,LIGH,-865.951782,2090.086182,338.903595,0.0000
ccFSVFO4007-Halloween.esl,FE005205,0015CC83,CarpetEdging05,STAT,-1824.000000,2280.000000,264.100006,90.0000
ccFSVFO4007-Halloween.esl,FE005204,0015CC84,CarpetEdging06,STAT,-1776.000000,2336.000000,264.000000,0.0000
ccFSVFO4007-Halloween.esl,FE005203,0015CC84,CarpetEdging06,STAT,-1872.000000,2336.000000,264.000000,180.0000
ccFSVFO4007-Halloween.esl,FE005202,0015CC84,CarpetEdging06,STAT,-1872.000000,2240.000000,264.000000,180.0000
ccFSVFO4007-Halloween.esl,FE005201,0015CC84,CarpetEdging06,STAT,-1872.000000,2144.000000,264.000000,180.0000
ccFSVFO4007-Halloween.esl,FE005200,001944BC,ClutterGenDustA,STAT,-1785.828003,2167.103027,488.000000,270.0000
ccFSVFO4007-Halloween.esl,FE0051FF,0001A80A,BldWoodPSmCeilOnly02,STAT,-1809.850464,1805.116089,375.500000,270.0000
ccFSVFO4007-Halloween.esl,FE0051FE,0001A80D,BldWoodPSmCeilOnly05,STAT,-1804.749023,2050.815674,329.255951,315.8367
ccFSVFO4007-Halloween.esl,FE0051FD,0015CC87,CarpetRectangle01,STAT,-1824.000000,2288.000000,264.000000,90.0000
ccFSVFO4007-Halloween.esl,FE0051FC,000FA5DE,BldColonSmWallPillar01,STAT,-1672.000000,2080.000000,256.000000,0.0000
ccFSVFO4007-Halloween.esl,FE0051FB,000FA5DE,BldColonSmWallPillar01,STAT,-1672.000000,2304.000000,256.000000,0.0000
ccFSVFO4007-Halloween.esl,FE0051FA,000FA5DE,BldColonSmWallPillar01,STAT,-1312.000366,2696.000000,256.000000,0.0000
ccFSVFO4007-Halloween.esl,FE0051F9,000FA5E1,BldColonMdWallPillar02,STAT,-1312.000000,2704.000000,512.000000,180.0000
ccFSVFO4007-Halloween.esl,FE0051F8,0001C8D8,BldWoodPSmRailCap01,STAT,-1112.000000,1464.000000,272.000000,90.0000
ccFSVFO4007-Halloween.esl,FE0051F7,0001C9BF,BldWoodPSmRailStairs01L,STAT,-1368.000000,1704.000000,256.000000,90.0000
ccFSVFO4007-Halloween.esl,FE0051F6,0001A80D,BldWoodPSmCeilOnly05,STAT,-1784.000000,2181.000000,263.980011,270.0000
ccFSVFO4007-Halloween.esl,FE0051F5,0015CC80,CarpetEdging02,STAT,-1739.626831,2445.834229,513.437866,90.0001
ccFSVFO4007-Halloween.esl,FE0051F4,0015CC80,CarpetEdging02,STAT,-1739.626953,2189.777344,513.437866,90.0001
ccFSVFO4007-Halloween.esl,FE0051F3,0015CC82,CarpetEdging04,STAT,-1738.575684,1936.233643,514.036560,90.0001
ccFSVFO4007-Halloween.esl,FE0051F2,0015CC86,CarpetEdging08,STAT,-1825.916504,2464.143066,514.500061,90.0001
ccFSVFO4007-Halloween.esl,FE0051F1,0015CC86,CarpetEdging08,STAT,-1819.153076,1907.923462,513.463562,270.0000
ccFSVFO4007-Halloween.esl,FE0051F0,0015CC87,CarpetRectangle01,STAT,-1821.896118,2471.392090,512.947693,90.0000
ccFSVFO4007-Halloween.esl,FE0051EF,0015CC82,CarpetEdging04,STAT,-1904.503662,2441.310303,514.036560,270.0001
ccFSVFO4007-Halloween.esl,FE0051EE,0015CC80,CarpetEdging02,STAT,-1904.196289,2185.673828,513.437866,270.0000
ccFSVFO4007-Halloween.esl,FE0051ED,0015CC80,CarpetEdging02,STAT,-1904.196289,1929.616943,513.437866,270.0000
ccFSVFO4007-Halloween.esl,FE0051EC,0015CC87,CarpetRectangle01,STAT,-1821.896118,2281.661377,512.947693,90.0000
ccFSVFO4007-Halloween.esl,FE0051EB,0015CC87,CarpetRectangle01,STAT,-1821.896118,1897.661377,512.947693,90.0000
ccFSVFO4007-Halloween.esl,FE0051EA,0015CC87,CarpetRectangle01,STAT,-1821.896118,2089.661377,512.947693,90.0000
ccFSVFO4007-Halloween.esl,FE0051E9,0015CCDF,CarpetSquare01,STAT,-1769.796021,2309.443848,512.958923,45.0000
ccFSVFO4007-Halloween.esl,FE0051E8,0015CCDF,CarpetSquare01,STAT,-1792.818481,2038.757202,513.000000,45.0000
ccFSVFO4007-Halloween.esl,FE0051E7,0015CCDF,CarpetSquare01,STAT,-1792.000000,2179.986328,512.000000,0.0000
ccFSVFO4007-Halloween.esl,FE0051E6,0008A4F9,BldWoodBSmFlrPlatTrimFree01,STAT,-1896.000000,1672.000000,520.000000,0.0000
ccFSVFO4007-Halloween.esl,FE0051E5,0008A4F9,BldWoodBSmFlrPlatTrimFree01,STAT,-1896.000000,1416.000000,520.000000,0.0000
ccFSVFO4007-Halloween.esl,FE0051E4,0008A4F9,BldWoodBSmFlrPlatTrimFree01,STAT,-1896.000000,2184.000000,520.000000,0.0000
ccFSVFO4007-Halloween.esl,FE0051E3,0008A4F9,BldWoodBSmFlrPlatTrimFree01,STAT,-1896.000000,1928.000000,520.000000,0.0000
ccFSVFO4007-Halloween.esl,FE0051E2,0008A4F9,BldWoodBSmFlrPlatTrimFree01,STAT,-1896.000000,2440.000000,520.000000,0.0000
ccFSVFO4007-Halloween.esl,FE0051E1,0008A4F9,BldWoodBSmFlrPlatTrimFree01,STAT,-1896.000000,2696.000000,520.000000,0.0000
ccFSVFO4007-Halloween.esl,FE0051E0,0015CCDF,CarpetSquare01,STAT,-1872.000000,1576.000000,512.000000,0.0000
ccFSVFO4007-Halloween.esl,FE0051DF,0001C9FC,BldWoodPBgWallScktCTop01,STAT,-1192.000000,1680.000000,264.000000,270.0000
ccFSVFO4007-Halloween.esl,FE0051DE,0001C8D8,BldWoodPSmRailCap01,STAT,-1112.000000,1584.000000,256.000000,90.0000
ccFSVFO4007-Halloween.esl,FE0051DD,0015CCDF,CarpetSquare01,STAT,-1760.000000,2672.000000,512.010010,315.0000
ccFSVFO4007-Halloween.esl,FE0051DC,0001A850,BldWoodPSmFlrPlatTrimEdge01,STAT,-1878.784424,1591.337036,512.000000,0.0000
ccFSVFO4007-Halloween.esl,FE0051DB,001231A3,BldWoodPSmRailBroke01Dest,MSTT,-1622.130859,1904.159668,512.000000,0.0000
ccFSVFO4007-Halloween.esl,FE0051DA,001231A3,BldWoodPSmRailBroke01Dest,MSTT,-1624.000000,1840.000000,512.000000,0.0000
ccFSVFO4007-Halloween.esl,FE0051D9,0001CB50,BldWoodPSmFlrPlatTrimEdgeShort01,STAT,-1878.765503,1784.191284,512.000000,0.0000
ccFSVFO4007-Halloween.esl,FE0051D8,0001A80A,BldWoodPSmCeilOnly02,STAT,-1809.850464,1925.260864,375.500000,270.0000
ccFSVFO4007-Halloween.esl,FE0051D7,00082E0A,BldBrickSmCeilOnly01,STAT,112.000000,2960.000000,264.000000,90.0000
ccFSVFO4007-Halloween.esl,FE0051D6,0001CB50,BldWoodPSmFlrPlatTrimEdgeShort01,STAT,-1896.000000,1925.104614,512.020020,0.0000
ccFSVFO4007-Halloween.esl,FE0051D5,001944BC,ClutterGenDustA,STAT,-1818.563843,1669.855103,487.156891,270.0000
ccFSVFO4007-Halloween.esl,FE0051D4,0001A850,BldWoodPSmFlrPlatTrimEdge01,STAT,-1792.000000,2192.000000,512.000000,0.0000
ccFSVFO4007-Halloween.esl,FE0051D3,0001CB50,BldWoodPSmFlrPlatTrimEdgeShort01,STAT,-1608.000000,2456.000000,512.000000,135.0000
ccFSVFO4007-Halloween.esl,FE0051D2,0001CB50,BldWoodPSmFlrPlatTrimEdgeShort01,STAT,-1793.640625,2119.598145,511.945160,45.0000
ccFSVFO4007-Halloween.esl,FE0051D1,001231A0,BldWoodPSmRailStraightShort01Dest,MSTT,-1615.107788,1937.825562,512.000000,45.0000
ccFSVFO4007-Halloween.esl,FE0051D0,001231A0,BldWoodPSmRailStraightShort01Dest,MSTT,-1616.000000,2440.000000,512.000000,315.0000
ccFSVFO4007-Halloween.esl,FE0051CF,001231A0,BldWoodPSmRailStraightShort01Dest,MSTT,-1536.000000,2128.000000,512.000000,0.0000
ccFSVFO4007-Halloween.esl,FE0051CE,001231A0,BldWoodPSmRailStraightShort01Dest,MSTT,-1536.000000,2256.000000,512.000000,0.0000
ccFSVFO4007-Halloween.esl,FE0051CD,0001A850,BldWoodPSmFlrPlatTrimEdge01,STAT,-672.000000,2816.000000,512.000000,90.0000
ccFSVFO4007-Halloween.esl,FE0051CC,0001A850,BldWoodPSmFlrPlatTrimEdge01,STAT,-928.000244,2815.999512,512.000000,90.0000
ccFSVFO4007-Halloween.esl,FE0051CB,0001A850,BldWoodPSmFlrPlatTrimEdge01,STAT,-1184.000000,2816.000000,512.000000,90.0000
ccFSVFO4007-Halloween.esl,FE0051CA,0001A850,BldWoodPSmFlrPlatTrimEdge01,STAT,-1752.000000,2688.000000,511.950012,45.0000
ccFSVFO4007-Halloween.esl,FE0051C9,0001CB50,BldWoodPSmFlrPlatTrimEdgeShort01,STAT,-1880.000000,2448.000000,512.049988,0.0000
ccFSVFO4007-Halloween.esl,FE0051C8,0001CB50,BldWoodPSmFlrPlatTrimEdgeShort01,STAT,-1879.613770,1912.044678,512.000000,0.0000
ccFSVFO4007-Halloween.esl,FE0051C7,0001C9BF,BldWoodPSmRailStairs01L,STAT,-1368.000000,1824.000000,256.000000,90.0000
ccFSVFO4007-Halloween.esl,FE0051C6,001231A0,BldWoodPSmRailStraightShort01Dest,MSTT,-1623.613770,1912.044678,512.000000,0.0000
ccFSVFO4007-Halloween.esl,FE0051C5,0001CB50,BldWoodPSmFlrPlatTrimEdgeShort01,STAT,-1815.407715,1733.640503,511.890015,270.0000
ccFSVFO4007-Halloween.esl,FE0051C4,0001A80A,BldWoodPSmCeilOnly02,STAT,-1738.357178,2324.106201,409.477051,315.0000
ccFSVFO4007-Halloween.esl,FE0051C3,0001A80A,BldWoodPSmCeilOnly02,STAT,-1821.166504,2310.601074,331.857727,270.0000
ccFSVFO4007-Halloween.esl,FE0051C2,0001A80A,BldWoodPSmCeilOnly02,STAT,-1821.166504,2596.777100,331.857727,270.0000
ccFSVFO4007-Halloween.esl,FE0051C1,0001CB50,BldWoodPSmFlrPlatTrimEdgeShort01,STAT,-1815.407715,2256.535889,511.890015,270.0000
ccFSVFO4007-Halloween.esl,FE0051C0,0015CCDF,CarpetSquare01,STAT,-1820.850098,1771.559204,511.787079,0.0000
ccFSVFO4007-Halloween.esl,FE0051BF,0015CCDF,CarpetSquare01,STAT,-1829.444092,2454.943359,513.000000,0.0000
ccFSVFO4007-Halloween.esl,FE0051BE,0023E1BB,Machine_Vent,SCOL,-1056.000000,2360.000000,776.000000,180.0000
ccFSVFO4007-Halloween.esl,FE0051BD,0023E1BB,Machine_Vent,SCOL,-1056.000000,2624.000000,776.000000,180.0000
ccFSVFO4007-Halloween.esl,FE0051BC,0023E1BB,Machine_Vent,SCOL,-1056.000000,2016.000000,776.000000,180.0000
ccFSVFO4007-Halloween.esl,FE0051BB,0008A4F9,BldWoodBSmFlrPlatTrimFree01,STAT,-480.000000,2856.000000,520.000000,90.0001
ccFSVFO4007-Halloween.esl,FE0051BA,0008A4F9,BldWoodBSmFlrPlatTrimFree01,STAT,-992.000000,2856.000000,520.000000,90.0001
ccFSVFO4007-Halloween.esl,FE0051B9,0008A4F9,BldWoodBSmFlrPlatTrimFree01,STAT,-736.000000,2856.000000,520.000000,90.0001
ccFSVFO4007-Halloween.esl,FE0051B8,0008A4F9,BldWoodBSmFlrPlatTrimFree01,STAT,-1232.000000,2856.000000,520.000000,90.0001
ccFSVFO4007-Halloween.esl,FE0051B7,0008A4F9,BldWoodBSmFlrPlatTrimFree01,STAT,-1744.000000,2856.000000,520.000000,90.0001
ccFSVFO4007-Halloween.esl,FE0051B6,001231A0,BldWoodPSmRailStraightShort01Dest,MSTT,-1616.000000,2464.000000,512.000000,45.0000
ccFSVFO4007-Halloween.esl,FE0051B5,001231A0,BldWoodPSmRailStraightShort01Dest,MSTT,-1696.000000,2720.000000,512.000000,225.0000
ccFSVFO4007-Halloween.esl,FE0051B4,001231A0,BldWoodPSmRailStraightShort01Dest,MSTT,-1248.000000,2800.000000,512.000000,270.0000
ccFSVFO4007-Halloween.esl,FE0051B3,001231A0,BldWoodPSmRailStraightShort01Dest,MSTT,-864.000000,2800.000000,512.000000,270.0000
ccFSVFO4007-Halloween.esl,FE0051B2,0001A80D,BldWoodPSmCeilOnly05,STAT,-744.000000,2808.000000,264.000000,270.0000
ccFSVFO4007-Halloween.esl,FE0051B1,0001A80B,BldWoodPSmCeilOnly03,STAT,-488.000000,2808.000000,264.000000,270.0000
ccFSVFO4007-Halloween.esl,FE0051B0,001231A5,BldWoodPSmRailCornerIn01Dest,MSTT,-672.000000,2800.000000,512.000000,270.0000
ccFSVFO4007-Halloween.esl,FE0051AF,0015CCDF,CarpetSquare01,STAT,-496.000000,2800.000000,512.000000,0.0000
ccFSVFO4007-Halloween.esl,FE0051AE,0015CCDF,CarpetSquare01,STAT,-1008.000000,2800.000000,512.000000,0.0000
ccFSVFO4007-Halloween.esl,FE0051AD,0015CCDF,CarpetSquare01,STAT,-752.000000,2800.000000,512.000000,0.0000
ccFSVFO4007-Halloween.esl,FE0051AC,0015CCDF,CarpetSquare01,STAT,-1520.000000,2800.000000,512.000000,0.0000
ccFSVFO4007-Halloween.esl,FE0051AB,0015CCDF,CarpetSquare01,STAT,-1776.000000,2800.000000,512.000000,0.0000
ccFSVFO4007-Halloween.esl,FE0051AA,00076B4F,BldWoodBBgWallPillarBg01,STAT,-1088.000000,2880.000000,264.000000,180.0001
ccFSVFO4007-Halloween.esl,FE0051A9,0008B675,SkeletonBareBody01,MSTT,-1488.000000,2624.000000,336.000000,62.9963
ccFSVFO4007-Halloween.esl,FE0051A8,0008B675,SkeletonBareBody01,MSTT,-1271.361694,2659.339844,280.591797,180.0001
ccFSVFO4007-Halloween.esl,FE0051A7,000786A2,MagnoliaMicrophoneStand,FURN,-832.000000,2192.000000,312.000000,270.0000
ccFSVFO4007-Halloween.esl,FE0051A6,000F9CF9,Speaker,STAT,-824.000000,1952.000000,344.000000,90.0000
ccFSVFO4007-Halloween.esl,FE0051A5,0001A816,BldWoodPSmFlrCeil02,STAT,-936.000000,-128.000000,264.000000,270.0000
ccFSVFO4007-Halloween.esl,FE0051A4,0001C9FC,BldWoodPBgWallScktCTop01,STAT,-1504.000000,2744.000000,264.000000,90.0000
ccFSVFO4007-Halloween.esl,FE0051A3,FE005616,ccFSVFO4007_BPLChandelier01,STAT,-1128.000000,2184.000000,864.000000,90.0000
ccFSVFO4007-Halloween.esl,FE0051A2,000A24BC,BldCounterDoor01Anim,DOOR,-873.486328,2440.938477,288.000000,0.0000
ccFSVFO4007-Halloween.esl,FE0051A1,000A24BC,BldCounterDoor01Anim,DOOR,-873.486328,2331.398682,288.000000,0.0000
ccFSVFO4007-Halloween.esl,FE0051A0,000A24BC,BldCounterDoor01Anim,DOOR,-873.486328,2219.930420,288.000000,0.0000
ccFSVFO4007-Halloween.esl,FE00519F,000A24BC,BldCounterDoor01Anim,DOOR,-873.486328,2109.649658,288.000000,0.0000
ccFSVFO4007-Halloween.esl,FE00519E,000A24BC,BldCounterDoor01Anim,DOOR,-873.486328,1999.314819,288.000000,0.0000
ccFSVFO4007-Halloween.esl,FE00519D,0001A80A,BldWoodPSmCeilOnly02,STAT,-1768.000000,2704.000000,552.000000,0.0000
ccFSVFO4007-Halloween.esl,FE00519C,0001A80A,BldWoodPSmCeilOnly02,STAT,-1000.000000,2704.000000,552.000000,0.0000
ccFSVFO4007-Halloween.esl,FE00519B,0001A80A,BldWoodPSmCeilOnly02,STAT,-1256.000000,2704.000000,552.000000,0.0000
ccFSVFO4007-Halloween.esl,FE00519A,0001A80A,BldWoodPSmCeilOnly02,STAT,-488.000000,2704.000000,552.000000,0.0000
ccFSVFO4007-Halloween.esl,FE005199,0001A80A,BldWoodPSmCeilOnly02,STAT,-744.000000,2704.000000,552.000000,0.0000
ccFSVFO4007-Halloween.esl,FE005198,0001A80A,BldWoodPSmCeilOnly02,STAT,-1768.000000,2960.000000,552.000000,0.0000
ccFSVFO4007-Halloween.esl,FE005197,0001A80A,BldWoodPSmCeilOnly02,STAT,-1256.000000,2960.000000,552.000000,0.0000
ccFSVFO4007-Halloween.esl,FE005196,0001A80A,BldWoodPSmCeilOnly02,STAT,-1000.000000,2960.000000,552.000000,0.0000
ccFSVFO4007-Halloween.esl,FE005195,0001A80A,BldWoodPSmCeilOnly02,STAT,-744.000000,2960.000000,552.000000,0.0000
ccFSVFO4007-Halloween.esl,FE005194,0001A80A,BldWoodPSmCeilOnly02,STAT,-488.000000,2960.000000,552.000000,0.0000
ccFSVFO4007-Halloween.esl,FE005193,0001A80A,BldWoodPSmCeilOnly02,STAT,-1768.000000,2192.000000,552.000000,0.0000
ccFSVFO4007-Halloween.esl,FE005192,0001A80A,BldWoodPSmCeilOnly02,STAT,-1000.000000,2192.000000,552.000000,0.0000
ccFSVFO4007-Halloween.esl,FE005191,0001A80A,BldWoodPSmCeilOnly02,STAT,-1256.000000,2192.000000,552.000000,0.0000
ccFSVFO4007-Halloween.esl,FE005190,00055382,DebrisInteriorWoodWindowBoards03,STAT,-2432.000000,2440.000000,376.000000,180.0000
ccFSVFO4007-Halloween.esl,FE00518F,0001A80A,BldWoodPSmCeilOnly02,STAT,-488.000000,2192.000000,552.000000,0.0000
ccFSVFO4007-Halloween.esl,FE00518E,0001A80A,BldWoodPSmCeilOnly02,STAT,-744.000000,2192.000000,552.000000,0.0000
ccFSVFO4007-Halloween.esl,FE00518D,0001A80A,BldWoodPSmCeilOnly02,STAT,-1768.000000,2448.000000,552.000000,0.0000
ccFSVFO4007-Halloween.esl,FE00518C,0001A80A,BldWoodPSmCeilOnly02,STAT,-1256.000000,2448.000000,552.000000,0.0000
ccFSVFO4007-Halloween.esl,FE00518B,0001A80A,BldWoodPSmCeilOnly02,STAT,-1000.000000,2448.000000,552.000000,0.0000
ccFSVFO4007-Halloween.esl,FE00518A,0001A80A,BldWoodPSmCeilOnly02,STAT,-744.000000,2448.000000,552.000000,0.0000
ccFSVFO4007-Halloween.esl,FE005189,0001A80A,BldWoodPSmCeilOnly02,STAT,-488.000000,2448.000000,552.000000,0.0000
ccFSVFO4007-Halloween.esl,FE005188,0001A80A,BldWoodPSmCeilOnly02,STAT,-1768.000000,1936.000000,552.000000,0.0000
ccFSVFO4007-Halloween.esl,FE005187,0001A80A,BldWoodPSmCeilOnly02,STAT,-1256.000000,1936.000000,552.000000,0.0000
ccFSVFO4007-Halloween.esl,FE005186,0001A80A,BldWoodPSmCeilOnly02,STAT,-1000.000000,1936.000000,552.000000,0.0000
ccFSVFO4007-Halloween.esl,FE005185,0001A80A,BldWoodPSmCeilOnly02,STAT,-744.000000,1936.000000,552.000000,0.0000
ccFSVFO4007-Halloween.esl,FE005184,0001A80A,BldWoodPSmCeilOnly02,STAT,-488.000000,1936.000000,552.000000,0.0000
ccFSVFO4007-Halloween.esl,FE005183,0001A80A,BldWoodPSmCeilOnly02,STAT,-488.000000,1680.000000,552.000000,0.0000
ccFSVFO4007-Halloween.esl,FE005182,0001A80A,BldWoodPSmCeilOnly02,STAT,-744.000000,1680.000000,552.000000,0.0000
ccFSVFO4007-Halloween.esl,FE005181,0023E1BB,Machine_Vent,SCOL,-1056.000000,1752.000000,776.000000,180.0000
ccFSVFO4007-Halloween.esl,FE005180,000509C8,FancyLightOff02,STAT,-880.000000,1816.000000,504.000000,90.0001
ccFSVFO4007-Halloween.esl,FE00517F,0015CC84,CarpetEdging06,STAT,-1720.000000,2608.000000,264.000000,90.0000
ccFSVFO4007-Halloween.esl,FE00517E,0015CC84,CarpetEdging06,STAT,-1816.000000,2608.000000,264.000000,90.0000
ccFSVFO4007-Halloween.esl,FE00517D,0015CC84,CarpetEdging06,STAT,-1912.000000,2608.000000,264.000000,90.0000
ccFSVFO4007-Halloween.esl,FE00517C,0015CC84,CarpetEdging06,STAT,-2008.000000,2608.000000,264.000000,90.0000
ccFSVFO4007-Halloween.esl,FE00517B,0015CC84,CarpetEdging06,STAT,-1624.000000,2608.000000,264.000000,90.0000
ccFSVFO4007-Halloween.esl,FE00517A,0015CC84,CarpetEdging06,STAT,-1272.000000,2608.000000,264.000000,90.0000
ccFSVFO4007-Halloween.esl,FE005179,0015CC84,CarpetEdging06,STAT,-1176.000000,2608.000000,264.000000,90.0000
ccFSVFO4007-Halloween.esl,FE005178,0015CC84,CarpetEdging06,STAT,-1080.000000,2608.000000,264.000000,90.0000
ccFSVFO4007-Halloween.esl,FE005177,0008029F,DebrisPileSmallWood02,STAT,-2048.000000,2496.000000,264.000000,180.0000
ccFSVFO4007-Halloween.esl,FE005176,0008B5FD,TrashEdge03,STAT,-896.000000,2016.000000,264.000000,270.0000
ccFSVFO4007-Halloween.esl,FE005175,001ADB1E,TrashEdge04_nochunks,STAT,-648.000000,2368.000000,312.000000,225.0000
ccFSVFO4007-Halloween.esl,FE005174,0001F93B,NpcStoolFederalistSit01,FURN,-1787.947266,2676.641357,396.002136,180.0000
ccFSVFO4007-Halloween.esl,FE005173,001ADB1E,TrashEdge04_nochunks,STAT,-1199.953613,2852.656006,264.011078,0.0000
ccFSVFO4007-Halloween.esl,FE005172,001ADB1D,TrashEdge03_Nochunks,STAT,-1104.507324,2826.293213,264.011108,0.0000
ccFSVFO4007-Halloween.esl,FE005171,0008B5FD,TrashEdge03,STAT,-1219.144409,2829.808838,264.011108,0.0000
ccFSVFO4007-Halloween.esl,FE005170,0008B5FD,TrashEdge03,STAT,-1624.000000,2824.000000,264.000000,0.0000
ccFSVFO4007-Halloween.esl,FE00516F,001ADB1D,TrashEdge03_Nochunks,STAT,-1755.238037,2818.694336,264.000000,0.0000
ccFSVFO4007-Halloween.esl,FE00516E,0008029F,DebrisPileSmallWood02,STAT,-1099.753540,2886.501465,264.000000,180.0000
ccFSVFO4007-Halloween.esl,FE00516D,001ADB1D,TrashEdge03_Nochunks,STAT,-1400.000000,2600.000000,264.000000,0.0000
ccFSVFO4007-Halloween.esl,FE00516C,0008E370,Ashtray01,MISC,-1444.711548,2666.089111,342.005798,270.0001
ccFSVFO4007-Halloween.esl,FE00516B,0008E371,Ashtray01_Filled,MISC,-1496.000000,2688.000000,344.000000,269.9995
ccFSVFO4007-Halloween.esl,FE00516A,0008E370,Ashtray01,MISC,-1420.193726,2669.123535,341.994385,270.0001
ccFSVFO4007-Halloween.esl,FE005169,0008E36F,Cigar_Off01,MISC,-1649.786621,2707.666992,265.506317,45.0010
ccFSVFO4007-Halloween.esl,FE005168,00001B57,DecalDebris02,STAT,-1688.250000,2769.807617,266.318634,270.0000
ccFSVFO4007-Halloween.esl,FE005167,000232DF,BldCounterDoor01,STAT,-1672.717163,2807.999756,296.000000,90.0001
ccFSVFO4007-Halloween.esl,FE005166,000232DF,BldCounterDoor01,STAT,-1784.000000,2808.000000,296.000000,90.0001
ccFSVFO4007-Halloween.esl,FE005165,000232DF,BldCounterDoor01,STAT,-1432.000000,2808.000000,296.000000,90.0001
ccFSVFO4007-Halloween.esl,FE005164,000232DF,BldCounterDoor01,STAT,-1542.206543,2808.000000,296.000000,90.0001
ccFSVFO4007-Halloween.esl,FE005163,0001CC63,PictureFrame04,STAT,-1792.000000,2848.000000,640.000000,0.0000
ccFSVFO4007-Halloween.esl,FE005162,0010693C,Rubble_Flat_Trash_Sm02,STAT,-1240.600708,2699.772949,264.577545,233.8581
ccFSVFO4007-Halloween.esl,FE005161,0010693C,Rubble_Flat_Trash_Sm02,STAT,-1271.093140,2736.410156,264.632538,97.4942
ccFSVFO4007-Halloween.esl,FE005160,0010693F,Rubble_Flat_Trash_Sm05,STAT,-1658.597046,2689.835449,264.749969,251.0468
ccFSVFO4007-Halloween.esl,FE00515F,001944BC,ClutterGenDustA,STAT,-1440.000000,2832.000000,344.000000,180.0000
ccFSVFO4007-Halloween.esl,FE00515E,001944BC,ClutterGenDustA,STAT,-1440.552979,2651.444336,296.000000,0.0000
ccFSVFO4007-Halloween.esl,FE00515D,001944BC,ClutterGenDustA,STAT,-1536.000000,2800.000000,312.000000,0.0000
ccFSVFO4007-Halloween.esl,FE00515C,001944AF,ClutterGenSlimeA,STAT,-1436.460815,2804.629395,300.267273,180.0000
ccFSVFO4007-Halloween.esl,FE00515B,001944AF,ClutterGenSlimeA,STAT,-1536.000000,2680.000000,344.000000,180.0000
ccFSVFO4007-Halloween.esl,FE00515A,001944AF,ClutterGenSlimeA,STAT,-1359.360107,2715.166504,264.750000,208.6479
ccFSVFO4007-Halloween.esl,FE005159,00064902,InstituteLightOrange01NSNonSpec,LIGH,-1966.064331,2341.194092,445.971527,0.0000
ccFSVFO4007-Halloween.esl,FE005158,001715F4,FederalistBookcase_Shelf01,STAT,-1960.000000,2360.000000,304.000000,270.0001
ccFSVFO4007-Halloween.esl,FE005157,001715F4,FederalistBookcase_Shelf01,STAT,-2135.803955,2533.965820,266.000000,203.5370
ccFSVFO4007-Halloween.esl,FE005156,001AE1F9,Beercrate_Moveable,MSTT,-1560.000000,2824.000000,344.000000,180.0000
ccFSVFO4007-Halloween.esl,FE005155,001AE1F9,Beercrate_Moveable,MSTT,-1496.000000,2832.000000,432.000000,0.4035
ccFSVFO4007-Halloween.esl,FE005154,001AE1F9,Beercrate_Moveable,MSTT,-1656.000000,2824.000000,344.000000,4.7937
ccFSVFO4007-Halloween.esl,FE005153,000DEDED,BottleEmptyWine01,MISC,-1528.000000,2664.000000,344.000000,269.8164
ccFSVFO4007-Halloween.esl,FE005152,000DEDED,BottleEmptyWine01,MISC,-1461.328003,2675.970215,345.299347,90.1026
ccFSVFO4007-Halloween.esl,FE005151,000DEDED,BottleEmptyWine01,MISC,-1666.907349,2729.686035,267.250214,90.0631
ccFSVFO4007-Halloween.esl,FE005150,0001CB50,BldWoodPSmFlrPlatTrimEdgeShort01,STAT,-1816.389404,2366.718750,511.890015,270.0000
ccFSVFO4007-Halloween.esl,FE00514F,0015CCDF,CarpetSquare01,STAT,-680.000000,1416.000000,264.000000,0.0000
ccFSVFO4007-Halloween.esl,FE00514E,000366C2,Wine,ALCH,-1608.000000,2688.000000,344.000000,50.9476
ccFSVFO4007-Halloween.esl,FE00514D,001231A0,BldWoodPSmRailStraightShort01Dest,MSTT,-1120.000000,2800.000000,512.000000,270.0000
ccFSVFO4007-Halloween.esl,FE00514C,001231A0,BldWoodPSmRailStraightShort01Dest,MSTT,-992.000000,2800.000000,512.000000,270.0000
ccFSVFO4007-Halloween.esl,FE00514B,0015CC84,CarpetEdging06,STAT,-1079.999756,2704.000488,264.000000,270.0001
ccFSVFO4007-Halloween.esl,FE00514A,0015CC83,CarpetEdging05,STAT,-1136.000000,2656.000000,264.000000,180.0000
ccFSVFO4007-Halloween.esl,FE005149,0015CC84,CarpetEdging06,STAT,-1175.999756,2704.000488,264.000000,270.0001
ccFSVFO4007-Halloween.esl,FE005148,0015CC84,CarpetEdging06,STAT,-1271.999756,2704.000488,264.000000,270.0001
ccFSVFO4007-Halloween.esl,FE005147,0015CC84,CarpetEdging06,STAT,-1623.999878,2704.000488,264.000000,270.0001
ccFSVFO4007-Halloween.esl,FE005146,0015CC84,CarpetEdging06,STAT,-1720.000000,2704.000732,264.000000,270.0001
ccFSVFO4007-Halloween.esl,FE005145,0015CC84,CarpetEdging06,STAT,-1815.999634,2704.000488,264.000000,270.0001
ccFSVFO4007-Halloween.esl,FE005144,0015CC87,CarpetRectangle01,STAT,-1328.000000,2656.000000,264.000000,0.0000
ccFSVFO4007-Halloween.esl,FE005143,0015CC87,CarpetRectangle01,STAT,-1136.000000,2656.000000,264.000000,0.0000
ccFSVFO4007-Halloween.esl,FE005142,0015CC87,CarpetRectangle01,STAT,-1712.000000,2656.000000,264.000000,0.0000
ccFSVFO4007-Halloween.esl,FE005141,001715FE,FederalistBookcaseShort_Broken,STAT,-1728.000000,2832.000000,424.000000,270.0001
ccFSVFO4007-Halloween.esl,FE005140,0001F43E,FederalistBookcaseShort01,STAT,-1628.000122,2831.999756,424.000000,270.0001
ccFSVFO4007-Halloween.esl,FE00513F,0001F43E,FederalistBookcaseShort01,STAT,-1520.000000,2832.000000,424.000000,270.0001
ccFSVFO4007-Halloween.esl,FE00513E,0001CB50,BldWoodPSmFlrPlatTrimEdgeShort01,STAT,-1881.541870,2446.742920,509.672272,0.0000
ccFSVFO4007-Halloween.esl,FE00513D,000232E1,BldCounter01,STAT,-1616.000000,2832.000000,264.000000,0.0001
ccFSVFO4007-Halloween.esl,FE00513C,0001A80A,BldWoodPSmCeilOnly02,STAT,-1768.000000,2833.365723,264.000000,270.0000
ccFSVFO4007-Halloween.esl,FE00513B,0001A80D,BldWoodPSmCeilOnly05,STAT,-1256.000000,2808.000000,264.000000,270.0000
ccFSVFO4007-Halloween.esl,FE00513A,0001A80B,BldWoodPSmCeilOnly03,STAT,-1000.000000,2808.000000,264.000000,270.0000
ccFSVFO4007-Halloween.esl,FE005139,0001CB50,BldWoodPSmFlrPlatTrimEdgeShort01,STAT,-2000.323975,2446.047607,509.464172,0.0000
ccFSVFO4007-Halloween.esl,FE005138,0001A81F,BldWoodPSmFlrOnly01,STAT,-1008.000000,2704.000000,264.000000,0.0000
ccFSVFO4007-Halloween.esl,FE005137,0001F93B,NpcStoolFederalistSit01,FURN,-1776.000000,2600.000000,264.000000,0.0000
ccFSVFO4007-Halloween.esl,FE005136,0001F93B,NpcStoolFederalistSit01,FURN,-1376.000000,2600.000000,280.000000,105.4025
ccFSVFO4007-Halloween.esl,FE005135,0001F93B,NpcStoolFederalistSit01,FURN,-1488.000000,2608.000000,264.000000,0.0000
ccFSVFO4007-Halloween.esl,FE005134,0001F93B,NpcStoolFederalistSit01,FURN,-1568.000000,2608.000000,264.000000,0.0000
ccFSVFO4007-Halloween.esl,FE005133,000232E1,BldCounter01,STAT,-1616.000000,2672.000000,264.000000,0.0001
ccFSVFO4007-Halloween.esl,FE005132,0005D8F8,Loot_Prewar_Cooler,CONT,-1384.000000,2824.000000,342.049957,187.5981
ccFSVFO4007-Halloween.esl,FE005131,000D83AB,FancyChandelierCandle01,STAT,-2136.000000,2192.000000,520.000000,75.6417
ccFSVFO4007-Halloween.esl,FE005130,000BA2F8,PlayerHouse_Ruin_Umbrella01,MISC,-1960.000000,2080.000000,300.083710,0.0000
ccFSVFO4007-Halloween.esl,FE00512F,0001F93B,NpcStoolFederalistSit01,FURN,-1672.000000,2608.000000,264.000000,0.0000
ccFSVFO4007-Halloween.esl,FE00512E,0001CB50,BldWoodPSmFlrPlatTrimEdgeShort01,STAT,-784.000000,1952.000000,320.000000,90.0000
ccFSVFO4007-Halloween.esl,FE00512D,0001A850,BldWoodPSmFlrPlatTrimEdge01,STAT,-520.000000,1952.000000,256.000000,270.0000
ccFSVFO4007-Halloween.esl,FE00512C,0001A850,BldWoodPSmFlrPlatTrimEdge01,STAT,-520.000000,1952.000000,288.000000,270.0000
ccFSVFO4007-Halloween.esl,FE00512A,0001A850,BldWoodPSmFlrPlatTrimEdge01,STAT,-472.000000,2432.000000,256.000000,90.0000
ccFSVFO4007-Halloween.esl,FE005129,0001A850,BldWoodPSmFlrPlatTrimEdge01,STAT,-472.000000,2432.000000,288.000000,90.0000
ccFSVFO4007-Halloween.esl,FE005128,0001A850,BldWoodPSmFlrPlatTrimEdge01,STAT,-728.000000,2432.000000,256.000000,90.0000
ccFSVFO4007-Halloween.esl,FE005127,0001A850,BldWoodPSmFlrPlatTrimEdge01,STAT,-728.000000,2432.000000,288.000000,90.0000
ccFSVFO4007-Halloween.esl,FE005126,0001A81F,BldWoodPSmFlrOnly01,STAT,-472.000000,2448.000000,312.000000,90.0000
ccFSVFO4007-Halloween.esl,FE005125,0001A81F,BldWoodPSmFlrOnly01,STAT,-728.000000,2448.000000,312.000000,90.0000
ccFSVFO4007-Halloween.esl,FE005124,0001A81F,BldWoodPSmFlrOnly01,STAT,-472.000000,2192.000000,312.000000,90.0000
ccFSVFO4007-Halloween.esl,FE005123,0001A81F,BldWoodPSmFlrOnly01,STAT,-728.000000,2192.000000,312.000000,90.0000
ccFSVFO4007-Halloween.esl,FE005122,0001C9FE,BldWoodPBgWall01,STAT,-672.000000,2752.000000,264.000000,90.0000
ccFSVFO4007-Halloween.esl,FE005121,0001A81F,BldWoodPSmFlrOnly01,STAT,-384.000183,2704.000000,520.000000,90.0000
ccFSVFO4007-Halloween.esl,FE005120,0001A81F,BldWoodPSmFlrOnly01,STAT,-752.000000,2960.000000,264.000000,90.0000
ccFSVFO4007-Halloween.esl,FE00511F,0001A81F,BldWoodPSmFlrOnly01,STAT,-1008.000000,2960.000000,264.000000,90.0000
ccFSVFO4007-Halloween.esl,FE00511E,0001A81F,BldWoodPSmFlrOnly01,STAT,-1264.000000,2960.000000,264.000000,90.0000
ccFSVFO4007-Halloween.esl,FE00511D,0001CA0E,BldWoodPBgWallCorner02,STAT,-544.000000,2864.000000,264.000000,270.0000
ccFSVFO4007-Halloween.esl,FE00511C,0001C9EE,BldWoodPBgWallScktABot01,STAT,-656.000000,2720.000000,264.000000,180.0000
ccFSVFO4007-Halloween.esl,FE00511B,0001C9FE,BldWoodPBgWall01,STAT,-656.000000,2464.000000,264.000000,180.0000
ccFSVFO4007-Halloween.esl,FE00511A,0001C9FE,BldWoodPBgWall01,STAT,-656.000000,2208.000000,264.000000,180.0000
ccFSVFO4007-Halloween.esl,FE005119,0001C9FE,BldWoodPBgWall01,STAT,-656.000000,1952.000000,264.000000,180.0000
ccFSVFO4007-Halloween.esl,FE005118,0001A81F,BldWoodPSmFlrOnly01,STAT,-496.000000,2704.000000,264.000000,90.0000
ccFSVFO4007-Halloween.esl,FE005117,0001A81F,BldWoodPSmFlrOnly01,STAT,-496.000000,2448.000000,264.000000,90.0000
ccFSVFO4007-Halloween.esl,FE005116,0001A81F,BldWoodPSmFlrOnly01,STAT,-496.000000,2192.000000,264.000000,90.0000
ccFSVFO4007-Halloween.esl,FE005115,0001A81F,BldWoodPSmFlrOnly01,STAT,-496.000000,1936.000000,264.000000,90.0000
ccFSVFO4007-Halloween.esl,FE005114,0001A81F,BldWoodPSmFlrOnly01,STAT,-496.000000,1680.000000,264.000000,90.0000
ccFSVFO4007-Halloween.esl,FE005113,0001CA0E,BldWoodPBgWallCorner02,STAT,-536.000000,1560.000000,264.000000,0.0000
ccFSVFO4007-Halloween.esl,FE005112,0001C9FE,BldWoodPBgWall01,STAT,-656.000000,1696.000000,264.000000,180.0000
ccFSVFO4007-Halloween.esl,FE005111,0001C9FC,BldWoodPBgWallScktCTop01,STAT,-1248.000000,2744.000000,264.000000,90.0000
ccFSVFO4007-Halloween.esl,FE005110,0008B5FD,TrashEdge03,STAT,-1639.999756,2848.000244,256.000000,180.0001
ccFSVFO4007-Halloween.esl,FE00510F,0008B5FD,TrashEdge03,STAT,-1783.999756,2848.000244,256.000000,180.0001
ccFSVFO4007-Halloween.esl,FE00510E,0008B5FD,TrashEdge03,STAT,-1212.665771,2855.731445,262.981079,180.0001
ccFSVFO4007-Halloween.esl,FE00510D,0018844A,DecoStain2x1Wall01Mat,STAT,-1636.952881,2863.802979,438.056641,0.0002
ccFSVFO4007-Halloween.esl,FE00510C,001944BC,ClutterGenDustA,STAT,-1301.410889,2794.603271,264.000000,91.7647
ccFSVFO4007-Halloween.esl,FE00510B,000862E5,Floorlamp01,STAT,-1874.900757,1779.585205,256.000000,180.0001
ccFSVFO4007-Halloween.esl,FE00510A,0001CB50,BldWoodPSmFlrPlatTrimEdgeShort01,STAT,-1808.000000,1824.000000,512.000000,270.0000
ccFSVFO4007-Halloween.esl,FE005109,00055385,DebrisInteriorWoodWindowBoards05,STAT,-927.999756,2864.000000,408.000000,270.0001
ccFSVFO4007-Halloween.esl,FE005108,000431F6,DebrisInteriorWoodWindowBoards01,STAT,-1251.655762,2854.999512,651.831543,270.0001
ccFSVFO4007-Halloween.esl,FE005107,00055382,DebrisInteriorWoodWindowBoards03,STAT,-1507.706543,2853.206055,637.100098,270.0001
ccFSVFO4007-Halloween.esl,FE005106,0001D1AF,TrashDecal03,STAT,-945.451294,-111.059875,264.000122,27.0659
ccFSVFO4007-Halloween.esl,FE005105,0001A815,BldWoodPSmFlrCeil01,STAT,-936.000000,128.000000,264.000000,270.0000
ccFSVFO4007-Halloween.esl,FE005104,0001A88C,BldWoodPSmWall03,STAT,-936.000000,128.000000,264.000000,90.0001
ccFSVFO4007-Halloween.esl,FE005103,0001CA47,BldWoodPBgWallScktCBotTop01,STAT,-1021.067078,2968.493896,248.000015,270.0001
ccFSVFO4007-Halloween.esl,FE005102,001EABF7,BldGlassTransExt01OpaqueOnesided,STAT,-1504.000000,2872.000000,552.000000,90.0000
ccFSVFO4007-Halloween.esl,FE005101,0001BA5A,BldWlpSmWallScktB01,STAT,-680.000000,1424.000000,264.000000,90.0000
ccFSVFO4007-Halloween.esl,FE005100,001AD72F,NPCChairMemoryLoungeSit01Static,STAT,-1712.000000,2760.000000,504.000000,225.0001
ccFSVFO4007-Halloween.esl,FE0050FF,001EABF7,BldGlassTransExt01OpaqueOnesided,STAT,-927.999756,2872.000000,552.000000,90.0000
ccFSVFO4007-Halloween.esl,FE0050FE,001EABF7,BldGlassTransExt01OpaqueOnesided,STAT,-1247.999756,2872.000000,550.000000,90.0001
ccFSVFO4007-Halloween.esl,FE0050FD,001EABF7,BldGlassTransExt01OpaqueOnesided,STAT,-951.999756,2920.000000,280.000000,90.0001
ccFSVFO4007-Halloween.esl,FE0050FC,000CBA9A,BldWoodPSmWallPlugC01,STAT,-1504.000000,2872.000000,520.000000,270.0001
ccFSVFO4007-Halloween.esl,FE0050FB,000CBA9A,BldWoodPSmWallPlugC01,STAT,-1247.999756,2872.000000,520.000000,270.0001
ccFSVFO4007-Halloween.esl,FE0050FA,000CBA9A,BldWoodPSmWallPlugC01,STAT,-927.999756,2880.000000,520.000000,270.0001
ccFSVFO4007-Halloween.esl,FE0050F9,000CBA9A,BldWoodPSmWallPlugC01,STAT,-927.999756,2880.000000,264.000000,270.0001
ccFSVFO4007-Halloween.esl,FE0050F8,0001CA13,BldWoodPBgWallPillar01,STAT,-1880.000000,2840.000000,264.000000,180.0001
ccFSVFO4007-Halloween.esl,FE0050F7,0001CA47,BldWoodPBgWallScktCBotTop01,STAT,-927.999878,2752.000000,264.000000,90.0000
ccFSVFO4007-Halloween.esl,FE0050F6,0001A850,BldWoodPSmFlrPlatTrimEdge01,STAT,-728.000000,2448.000000,256.000000,180.0000
ccFSVFO4007-Halloween.esl,FE0050F5,0001A850,BldWoodPSmFlrPlatTrimEdge01,STAT,-728.000000,2448.000000,288.000000,180.0000
ccFSVFO4007-Halloween.esl,FE0050F4,0001A850,BldWoodPSmFlrPlatTrimEdge01,STAT,-728.000000,2192.000000,288.000000,180.0000
ccFSVFO4007-Halloween.esl,FE0050F3,0001A850,BldWoodPSmFlrPlatTrimEdge01,STAT,-728.000000,2192.000000,256.000000,180.0000
ccFSVFO4007-Halloween.esl,FE0050F2,0001C9F4,BldWoodPBgWallScktBBot01,STAT,-680.000000,1680.000000,264.000000,270.0000
ccFSVFO4007-Halloween.esl,FE0050F1,0001A81F,BldWoodPSmFlrOnly01,STAT,-752.000000,2704.000000,264.000000,90.0000
ccFSVFO4007-Halloween.esl,FE0050F0,0001A81F,BldWoodPSmFlrOnly01,STAT,-1264.000000,2704.000000,264.000000,90.0000
ccFSVFO4007-Halloween.esl,FE0050EF,0001A81F,BldWoodPSmFlrOnly01,STAT,-1776.000000,2704.000000,264.000000,90.0000
ccFSVFO4007-Halloween.esl,FE0050EE,000367DB,BldWoodPSmStairsHalf01,STAT,-1360.000000,1648.000000,256.000000,90.0000
ccFSVFO4007-Halloween.esl,FE0050ED,0001A81F,BldWoodPSmFlrOnly01,STAT,-1008.000000,1936.000000,264.000000,90.0000
ccFSVFO4007-Halloween.esl,FE0050EC,0001A81F,BldWoodPSmFlrOnly01,STAT,-1008.000000,1680.000000,264.000000,90.0000
ccFSVFO4007-Halloween.esl,FE0050EB,0001A81F,BldWoodPSmFlrOnly01,STAT,-752.000000,1680.000000,264.000000,90.0000
ccFSVFO4007-Halloween.esl,FE0050EA,0001A81F,BldWoodPSmFlrOnly01,STAT,-752.000000,1936.000000,264.000000,90.0000
ccFSVFO4007-Halloween.esl,FE0050E9,0001A81F,BldWoodPSmFlrOnly01,STAT,-752.000000,2192.000000,264.000000,90.0000
ccFSVFO4007-Halloween.esl,FE0050E8,0001A81F,BldWoodPSmFlrOnly01,STAT,-1008.000000,2192.000000,264.000000,90.0000
ccFSVFO4007-Halloween.esl,FE0050E7,0001A81F,BldWoodPSmFlrOnly01,STAT,-752.000000,2448.000000,264.000000,90.0000
ccFSVFO4007-Halloween.esl,FE0050E6,0001A81F,BldWoodPSmFlrOnly01,STAT,-1008.000000,2448.000000,264.000000,90.0000
ccFSVFO4007-Halloween.esl,FE0050E5,0001A81F,BldWoodPSmFlrOnly01,STAT,-1264.000000,2192.000000,264.000000,90.0000
ccFSVFO4007-Halloween.esl,FE0050E4,0001A81F,BldWoodPSmFlrOnly01,STAT,-1776.000000,2192.000000,264.000000,90.0000
ccFSVFO4007-Halloween.esl,FE0050E3,0001A81F,BldWoodPSmFlrOnly01,STAT,-1264.000000,2448.000000,264.000000,90.0000
ccFSVFO4007-Halloween.esl,FE0050E2,0001A81F,BldWoodPSmFlrOnly01,STAT,-1776.000000,2448.000000,264.000000,90.0000
ccFSVFO4007-Halloween.esl,FE0050E1,0001A81F,BldWoodPSmFlrOnly01,STAT,-1264.000000,1936.000000,264.000000,90.0000
ccFSVFO4007-Halloween.esl,FE0050E0,0001A81F,BldWoodPSmFlrOnly01,STAT,-1776.000000,1936.000000,264.000000,90.0000
ccFSVFO4007-Halloween.esl,FE0050DF,0001CA07,BldWoodPBgWall07,STAT,-1784.000000,2704.000000,264.000000,0.0000
ccFSVFO4007-Halloween.esl,FE0050DE,0001A80A,BldWoodPSmCeilOnly02,STAT,-1000.000000,1680.000000,552.000000,0.0000
ccFSVFO4007-Halloween.esl,FE0050DD,0001A80A,BldWoodPSmCeilOnly02,STAT,-1256.000000,1680.000000,552.000000,0.0000
ccFSVFO4007-Halloween.esl,FE0050DC,001A71B7,PictureFrameRect04,STAT,-2288.000000,1808.000000,416.000000,180.0000
ccFSVFO4007-Halloween.esl,FE0050DB,001A71B7,PictureFrameRect04,STAT,-2285.294922,2575.769287,414.570099,0.0000
ccFSVFO4007-Halloween.esl,FE0050DA,0001C9FC,BldWoodPBgWallScktCTop01,STAT,-936.000000,1680.000000,264.000000,270.0000
ccFSVFO4007-Halloween.esl,FE0050D9,0001CA07,BldWoodPBgWall07,STAT,-1784.000000,1680.000000,264.000000,0.0000
ccFSVFO4007-Halloween.esl,FE0050D8,0001D30A,ClockStarburst01,STAT,-1896.000000,2192.000000,680.000000,270.0000
ccFSVFO4007-Halloween.esl,FE0050D7,0001CA07,BldWoodPBgWall07,STAT,-1784.000000,1936.000000,264.000000,0.0000
ccFSVFO4007-Halloween.esl,FE0050D6,0008B5FD,TrashEdge03,STAT,-1056.000000,1576.000000,256.000000,0.0000
ccFSVFO4007-Halloween.esl,FE0050D5,001ADB1E,TrashEdge04_nochunks,STAT,-479.133057,1896.289062,312.000000,315.0000
ccFSVFO4007-Halloween.esl,FE0050D4,0008B5FD,TrashEdge03,STAT,-912.000000,1576.000000,256.000000,0.0000
ccFSVFO4007-Halloween.esl,FE0050D3,0008B5FD,TrashEdge03,STAT,-1227.333984,1568.268677,262.981079,0.0000
ccFSVFO4007-Halloween.esl,FE0050D2,0001F93B,NpcStoolFederalistSit01,FURN,-1824.000000,2680.000000,395.995453,90.0000
ccFSVFO4007-Halloween.esl,FE0050D1,001ADB1D,TrashEdge03_Nochunks,STAT,-743.962402,2074.563477,312.011108,90.0000
ccFSVFO4007-Halloween.esl,FE0050D0,0008029F,DebrisPileSmallWood02,STAT,-683.753906,2069.810059,312.000000,270.0000
ccFSVFO4007-Halloween.esl,FE0050CF,0008E371,Ashtray01_Filled,MISC,-1676.934082,1781.631592,321.437378,0.0000
ccFSVFO4007-Halloween.esl,FE0050CE,0018844A,DecoStain2x1Wall01Mat,STAT,-1059.046875,1560.197266,438.056641,180.0001
ccFSVFO4007-Halloween.esl,FE0050CD,00084DD4,DecoStain1x2Wall02,STAT,-1904.000000,1952.000000,568.000000,270.0001
ccFSVFO4007-Halloween.esl,FE0050CC,0010693D,Rubble_Flat_Trash_Sm03,STAT,-1687.256470,1756.415283,263.750000,326.1499
ccFSVFO4007-Halloween.esl,FE0050CB,0010693F,Rubble_Flat_Trash_Sm05,STAT,-1288.000000,2040.000000,266.716400,341.0468
ccFSVFO4007-Halloween.esl,FE0050CA,001944BC,ClutterGenDustA,STAT,-1680.910645,1764.855957,321.306427,295.2102
ccFSVFO4007-Halloween.esl,FE0050C9,001944BC,ClutterGenDustA,STAT,-1896.000000,1992.000000,432.000000,254.0546
ccFSVFO4007-Halloween.esl,FE0050C8,001944BC,ClutterGenDustA,STAT,-876.507324,2497.809326,288.000000,180.0000
ccFSVFO4007-Halloween.esl,FE0050C7,001944BC,ClutterGenDustA,STAT,-1138.588867,1629.396973,264.000000,271.7646
ccFSVFO4007-Halloween.esl,FE0050C6,001944AF,ClutterGenSlimeA,STAT,-1032.000000,2056.000000,264.000000,263.7432
ccFSVFO4007-Halloween.esl,FE0050C5,001944AF,ClutterGenSlimeA,STAT,-1309.527710,2085.952637,264.479736,125.4321
ccFSVFO4007-Halloween.esl,FE0050C4,001944AF,ClutterGenSlimeA,STAT,-1048.000000,1912.000000,264.000000,73.3386
ccFSVFO4007-Halloween.esl,FE0050C3,001A594B,TrashcanMetalOffice01,MSTT,-597.480957,2003.364746,312.000000,0.0000
ccFSVFO4007-Halloween.esl,FE0050C2,000DEDED,BottleEmptyWine01,MISC,-1048.042725,2200.026123,267.165466,180.1421
ccFSVFO4007-Halloween.esl,FE0050C1,000DEDED,BottleEmptyWine01,MISC,-1677.352417,1984.497803,252.286636,270.1075
ccFSVFO4007-Halloween.esl,FE0050C0,000DEDED,BottleEmptyWine01,MISC,-1282.138672,1941.590088,253.378265,270.6095
ccFSVFO4007-Halloween.esl,FE0050BF,000DEDED,BottleEmptyWine01,MISC,-1255.715332,2026.962158,252.243866,180.1345
ccFSVFO4007-Halloween.esl,FE0050BE,000FC104,ClothesBowlerHat,ARMO,-1213.625977,2095.416016,264.673553,342.1927
ccFSVFO4007-Halloween.esl,FE0050BD,0019569F,MagazineBurnt02,MISC,-1209.421753,1988.129150,265.240082,141.1294
ccFSVFO4007-Halloween.esl,FE0050BC,0019569F,MagazineBurnt02,MISC,-1701.740234,1781.758789,264.047241,113.4442
ccFSVFO4007-Halloween.esl,FE0050BB,001956A0,MagazineBurnt03,MISC,-1286.142944,2055.179443,266.846497,65.1682
ccFSVFO4007-Halloween.esl,FE0050BA,000459E9,FloorlampNoShadeBrokenBulb,STAT,-1672.000000,2248.000000,276.836517,203.9569
ccFSVFO4007-Halloween.esl,FE0050B9,000862E5,Floorlamp01,STAT,-1880.000000,1680.000000,256.000000,0.0000
ccFSVFO4007-Halloween.esl,FE0050B8,000509C8,FancyLightOff02,STAT,-880.000000,2560.000000,504.000000,90.0001
ccFSVFO4007-Halloween.esl,FE0050B7,0001CC24,BldWoodPBgWallPillarBg01,STAT,-1352.000000,1536.000000,264.000000,0.0001
ccFSVFO4007-Halloween.esl,FE0050B6,001C0FC8,FloraFungusGlowing01,FLOR,-91.672714,2700.041748,261.615082,0.0000
ccFSVFO4007-Halloween.esl,FE0050B4,001C9085,MistLargeRoundDustyDimmest,MSTT,-1216.000000,1576.000000,640.000000,270.0000
ccFSVFO4007-Halloween.esl,FE0050B3,001C9085,MistLargeRoundDustyDimmest,MSTT,-1193.676025,2181.858154,726.979919,90.0000
ccFSVFO4007-Halloween.esl,FE0050B2,00055385,DebrisInteriorWoodWindowBoards05,STAT,-1768.000000,1560.000000,408.000000,90.0001
ccFSVFO4007-Halloween.esl,FE0050B1,000431F6,DebrisInteriorWoodWindowBoards01,STAT,-1188.343994,1569.000854,651.831543,90.0001
ccFSVFO4007-Halloween.esl,FE0050B0,00055382,DebrisInteriorWoodWindowBoards03,STAT,-932.886963,1569.467285,627.093994,90.0001
ccFSVFO4007-Halloween.esl,FE0050AF,FE0055C5,ccFSVFO4007_StringLightsOrange03Static,STAT,-1932.376099,2213.890381,487.576263,90.0000
ccFSVFO4007-Halloween.esl,FE0050AD,001C9080,MistLargeRoundDustyDimmer,MSTT,-1704.000000,2392.000000,352.000000,0.0000
ccFSVFO4007-Halloween.esl,FE0050AC,00071422,MistLargeRound01Dim,MSTT,-936.000000,2824.000000,640.000000,4.0107
ccFSVFO4007-Halloween.esl,FE0050A9,0001C9FE,BldWoodPBgWall01,STAT,-1752.000000,1680.000000,264.000000,270.0000
ccFSVFO4007-Halloween.esl,FE0050A8,001EABF7,BldGlassTransExt01OpaqueOnesided,STAT,-935.269409,1552.000000,550.000000,270.0000
ccFSVFO4007-Halloween.esl,FE0050A7,0001CC24,BldWoodPBgWallPillarBg01,STAT,-872.000000,1816.000000,263.313995,180.0001
ccFSVFO4007-Halloween.esl,FE0050A6,0001CB50,BldWoodPSmFlrPlatTrimEdgeShort01,STAT,-784.000000,1952.000000,288.000000,90.0000
ccFSVFO4007-Halloween.esl,FE0050A5,000366C2,Wine,ALCH,-816.000000,2216.000000,312.021790,5.2588
ccFSVFO4007-Halloween.esl,FE0050A4,000366C2,Wine,ALCH,-1686.488647,1774.702148,320.988800,329.0603
ccFSVFO4007-Halloween.esl,FE0050A3,000366C2,Wine,ALCH,-1683.868652,1755.094971,320.988800,247.4138
ccFSVFO4007-Halloween.esl,FE0050A2,0015CC86,CarpetEdging08,STAT,-1204.313843,2128.736572,264.150726,270.0001
ccFSVFO4007-Halloween.esl,FE0050A0,0015CC84,CarpetEdging06,STAT,-1141.081421,2319.604004,264.429901,0.0001
ccFSVFO4007-Halloween.esl,FE00509F,0015CC85,CarpetEdging07,STAT,-1141.081543,2063.603516,264.429901,0.0001
ccFSVFO4007-Halloween.esl,FE00509E,0015CC84,CarpetEdging06,STAT,-1141.082153,2191.604736,264.429901,0.0001
ccFSVFO4007-Halloween.esl,FE00509D,0015CC84,CarpetEdging06,STAT,-1776.000000,2144.000000,264.000000,0.0000
ccFSVFO4007-Halloween.esl,FE00509C,0015CC83,CarpetEdging05,STAT,-1824.000244,2096.000488,264.000000,270.0000
ccFSVFO4007-Halloween.esl,FE00509B,0015CC85,CarpetEdging07,STAT,-1776.000244,2048.000488,264.000000,0.0000
ccFSVFO4007-Halloween.esl,FE00509A,0015CC84,CarpetEdging06,STAT,-1776.000000,2240.000000,264.000000,0.0000
ccFSVFO4007-Halloween.esl,FE005099,0015CC86,CarpetEdging08,STAT,-1872.000000,2048.000000,264.000000,180.0000
ccFSVFO4007-Halloween.esl,FE005098,0001CA07,BldWoodPBgWall07,STAT,-1784.000000,2448.000000,264.000000,0.0000
ccFSVFO4007-Halloween.esl,FE005097,0009F42A,Prewar_Fancy_Bureau01,CONT,-1864.000000,1872.000000,272.000000,180.0000
ccFSVFO4007-Halloween.esl,FE005096,0009F427,FancyBureauDoor01,DOOR,-1864.000000,1872.000000,272.000000,180.0000
ccFSVFO4007-Halloween.esl,FE005095,0001F440,FederalistTableCircle01,STAT,-1682.337524,1765.148437,264.000000,45.0000
ccFSVFO4007-Halloween.esl,FE005094,000DF45C,NPCChairMemoryLoungeSit01,FURN,-1776.795898,1804.993652,263.693024,90.0000
ccFSVFO4007-Halloween.esl,FE005093,001AD72F,NPCChairMemoryLoungeSit01Static,STAT,-1712.000000,1672.000000,256.000000,45.0000
ccFSVFO4007-Halloween.esl,FE005092,0015CC87,CarpetRectangle01,STAT,-1823.999756,2096.000000,264.000000,90.0000
ccFSVFO4007-Halloween.esl,FE005091,0001A81F,BldWoodPSmFlrOnly01,STAT,-1776.000000,1680.000000,264.000000,90.0000
ccFSVFO4007-Halloween.esl,FE005090,0001A81F,BldWoodPSmFlrOnly01,STAT,-1520.000000,1680.000000,264.000000,90.0000
ccFSVFO4007-Halloween.esl,FE00508F,001EABF7,BldGlassTransExt01OpaqueOnesided,STAT,-1496.000000,1552.000000,552.000000,270.0000
ccFSVFO4007-Halloween.esl,FE00508E,001EABF7,BldGlassTransExt01OpaqueOnesided,STAT,-1192.000000,1552.000122,550.000000,270.0000
ccFSVFO4007-Halloween.esl,FE00508D,00171600,DefaultLightBlueFungusNowGreen01NS,LIGH,-185.207062,2708.208496,345.976929,0.0000
ccFSVFO4007-Halloween.esl,FE00508C,000CBA9A,BldWoodPSmWallPlugC01,STAT,-936.000122,1552.000000,520.000000,90.0000
ccFSVFO4007-Halloween.esl,FE00508B,000CBA9A,BldWoodPSmWallPlugC01,STAT,-1192.000000,1552.000122,520.000000,90.0000
ccFSVFO4007-Halloween.esl,FE00508A,000CBA9A,BldWoodPSmWallPlugC01,STAT,-1496.000000,1552.000000,520.000000,90.0000
ccFSVFO4007-Halloween.esl,FE005089,000A8C7C,MemDenHangingCloth02,STAT,-856.000000,1840.295288,239.983658,272.3833
ccFSVFO4007-Halloween.esl,FE005088,0001A80A,BldWoodPSmCeilOnly02,STAT,-1768.000000,1680.000000,552.000000,0.0000
ccFSVFO4007-Halloween.esl,FE005087,0001CA13,BldWoodPBgWallPillar01,STAT,-820.000000,1585.000000,264.000000,0.0001
ccFSVFO4007-Halloween.esl,FE005086,0001A850,BldWoodPSmFlrPlatTrimEdge01,STAT,-728.000000,1936.000000,256.000000,180.0000
ccFSVFO4007-Halloween.esl,FE005085,0001A81F,BldWoodPSmFlrOnly01,STAT,-1264.000000,1680.000000,264.000000,90.0000
ccFSVFO4007-Halloween.esl,FE005084,0001A81F,BldWoodPSmFlrOnly01,STAT,-472.000000,1936.000000,312.000000,90.0000
ccFSVFO4007-Halloween.esl,FE005083,0001A81F,BldWoodPSmFlrOnly01,STAT,-728.000000,1936.000000,312.000000,90.0000
ccFSVFO4007-Halloween.esl,FE005082,0001A850,BldWoodPSmFlrPlatTrimEdge01,STAT,-728.000000,1936.000000,320.000000,180.0000
ccFSVFO4007-Halloween.esl,FE005081,00076C59,BldWoodBSmStairsHalfBlockTiny02,STAT,-712.000000,2544.000000,248.000000,0.0000
ccFSVFO4007-Halloween.esl,FE005080,000A24BC,BldCounterDoor01Anim,DOOR,-873.486328,1888.000000,288.000000,0.0000
ccFSVFO4007-Halloween.esl,FE00507F,0014507B,RadioInstituteReceiverOff,ACTI,-1480.000000,2824.000000,342.425812,315.0000
ccFSVFO4007-Halloween.esl,FE00507E,00060E7C,WatchGold,MISC,-1672.868286,1747.869141,321.413849,272.4415
ccFSVFO4007-Halloween.esl,FE00507D,00061ABC,VaseVintageDirty01e,MISC,-1936.000000,1904.002075,324.410309,270.0870
ccFSVFO4007-Halloween.esl,FE00507C,0015799E,BookBurnt02,MISC,-1855.969727,1853.413940,393.884644,359.9991
ccFSVFO4007-Halloween.esl,FE00507B,0015799E,BookBurnt02,MISC,-1867.119385,1898.257324,346.405212,270.4074
ccFSVFO4007-Halloween.esl,FE00507A,0015799E,BookBurnt02,MISC,-1880.245605,1881.802979,350.624054,88.8655
ccFSVFO4007-Halloween.esl,FE005079,0015799C,BookBurnt01,MISC,-1862.589844,1867.845825,346.405273,76.9849
ccFSVFO4007-Halloween.esl,FE005078,0015799C,BookBurnt01,MISC,-1874.376587,1845.369873,343.145813,269.9979
ccFSVFO4007-Halloween.esl,FE005077,000BA3F7,PlayerHouse_Ruin_UmbrellaStand01,MISC,-1960.000000,2080.000000,264.000000,0.0000
ccFSVFO4007-Halloween.esl,FE005076,0018AE03,PictureFrame04Dest,MSTT,-1929.628174,1937.148193,424.000000,90.0000
ccFSVFO4007-Halloween.esl,FE005075,0018AE03,PictureFrame04Dest,MSTT,-1928.000000,2440.000000,424.000000,90.0000
ccFSVFO4007-Halloween.esl,FE005074,0004CD80,PottedPlantSet_PotAPlant01_Dirty,STAT,-1960.000000,1872.000000,264.000000,327.9144
ccFSVFO4007-Halloween.esl,FE005073,000FC104,ClothesBowlerHat,ARMO,-2221.587402,2322.576416,348.133270,44.9980
ccFSVFO4007-Halloween.esl,FE005072,000FDC7D,WalkingCane,WEAP,-2193.008545,2277.345703,266.168243,46.0449
ccFSVFO4007-Halloween.esl,FE005071,0008B675,SkeletonBareBody01,MSTT,-2199.187500,2325.349121,318.824677,252.0842
ccFSVFO4007-Halloween.esl,FE005070,0015CC7F,CarpetEdging01,STAT,-2070.571533,2126.175049,265.661316,180.0000
ccFSVFO4007-Halloween.esl,FE00506F,0015CC7F,CarpetEdging01,STAT,-2070.571533,2262.175049,265.661316,0.0000
ccFSVFO4007-Halloween.esl,FE00506E,0015CC83,CarpetEdging05,STAT,-2070.401855,2192.805176,264.661316,180.0001
ccFSVFO4007-Halloween.esl,FE00506D,000DF45C,NPCChairMemoryLoungeSit01,FURN,-2392.000000,1920.000000,264.000000,45.0000
ccFSVFO4007-Halloween.esl,FE00506C,0019B587,FederalistTableCircle01Debris01,SCOL,-2168.000000,1880.000000,272.000000,270.0000
ccFSVFO4007-Halloween.esl,FE00506B,0015CC83,CarpetEdging05,STAT,-2070.401855,2192.805176,264.661316,0.0000
ccFSVFO4007-Halloween.esl,FE00506A,0015CC88,CarpetRectangle02,STAT,-2070.401855,2192.805176,264.661316,0.0000
ccFSVFO4007-Halloween.esl,FE005069,001A594B,TrashcanMetalOffice01,MSTT,-2399.999756,1984.000000,265.100372,0.0000
ccFSVFO4007-Halloween.esl,FE005068,0001F461,FederalistDisplayBoxMidShort01,STAT,-2288.000000,2536.000000,264.000000,270.0001
ccFSVFO4007-Halloween.esl,FE005067,0001F460,FederalistDisplayBoxMidNarrow01,STAT,-2160.000000,2536.000000,272.000000,270.0000
ccFSVFO4007-Halloween.esl,FE005066,0001F459,FederalistDisplayBoxSmall01,STAT,-1952.000000,1992.000000,320.000000,270.0914
ccFSVFO4007-Halloween.esl,FE005065,000978C4,FancyTableConsole02,STAT,-1950.807373,1959.251709,263.185059,0.0001
ccFSVFO4007-Halloween.esl,FE005064,0001D2F2,MuseumDivider02,STAT,-1960.000000,2304.000000,264.000000,3.7243
ccFSVFO4007-Halloween.esl,FE005063,000DF459,NPCCouchMemoryLoungeSit01,FURN,-2280.000000,1848.000000,264.000000,0.0000
ccFSVFO4007-Halloween.esl,FE005062,0001D2F2,MuseumDivider02,STAT,-2048.000000,2304.000000,264.000000,26.6426
ccFSVFO4007-Halloween.esl,FE005061,0007326C,PlayerHouse_Ruin_CoatRack01,MSTT,-1992.000000,2064.000000,264.000000,250.3798
ccFSVFO4007-Halloween.esl,FE005060,0001A889,BldWoodPSmWall01,STAT,-2040.000000,2448.000000,264.000000,180.0000
ccFSVFO4007-Halloween.esl,FE00505F,0001A889,BldWoodPSmWall01,STAT,-2040.000000,1936.000000,264.000000,180.0000
ccFSVFO4007-Halloween.esl,FE00505E,0001B066,BldWoodPSmWallPillar01,STAT,-2112.000000,2384.000000,264.000000,180.0000
ccFSVFO4007-Halloween.esl,FE00505C,0001A88C,BldWoodPSmWall03,STAT,-2304.000000,2464.000000,264.000000,90.0000
ccFSVFO4007-Halloween.esl,FE00505B,0001A88A,BldWoodPSmWall02,STAT,-2304.000000,1920.000000,264.000000,270.0000
ccFSVFO4007-Halloween.esl,FE00505A,0001CC24,BldWoodPBgWallPillarBg01,STAT,-1352.000000,1544.000000,264.000000,180.0000
ccFSVFO4007-Halloween.esl,FE005059,0001B7BB,BldWoodPMdWallPlugBBotDblDoor01,STAT,-1912.000000,2192.000000,264.000000,0.0001
ccFSVFO4007-Halloween.esl,FE005057,0001A885,BldWoodPSmWallScktB02,STAT,-2040.000000,2192.000000,264.000000,180.0001
ccFSVFO4007-Halloween.esl,FE005056,0001A7F8,BldWoodPSmCeilOnly01,STAT,-2048.000000,1936.000000,296.000000,0.0000
ccFSVFO4007-Halloween.esl,FE005055,0001A7F8,BldWoodPSmCeilOnly01,STAT,-2048.000000,2448.000000,296.000000,0.0000
ccFSVFO4007-Halloween.esl,FE005054,0001A7F8,BldWoodPSmCeilOnly01,STAT,-2048.000000,2192.000000,296.000000,0.0000
ccFSVFO4007-Halloween.esl,FE005053,0001A7F8,BldWoodPSmCeilOnly01,STAT,-2304.000000,1936.000000,296.000000,0.0000
ccFSVFO4007-Halloween.esl,FE005052,0001A7F8,BldWoodPSmCeilOnly01,STAT,-2304.000000,2192.000000,296.000000,0.0000
ccFSVFO4007-Halloween.esl,FE005051,0001CC2E,BldWoodPSmWallPillar02,STAT,-2112.000000,1976.000000,264.000000,180.0000
ccFSVFO4007-Halloween.esl,FE005050,0001A889,BldWoodPSmWall01,STAT,-2048.000000,1920.000000,264.000000,270.0000
ccFSVFO4007-Halloween.esl,FE00504F,0015CCDF,CarpetSquare01,STAT,-2048.000000,1936.000000,264.000000,0.0000
ccFSVFO4007-Halloween.esl,FE00504E,0015CCDF,CarpetSquare01,STAT,-2048.000000,2192.000000,264.000000,0.0000
ccFSVFO4007-Halloween.esl,FE00504D,0015CCDF,CarpetSquare01,STAT,-2048.000000,2448.000000,264.000000,0.0000
ccFSVFO4007-Halloween.esl,FE00504C,0015CCDF,CarpetSquare01,STAT,-2304.000000,1936.000000,264.000000,0.0000
ccFSVFO4007-Halloween.esl,FE00504B,0015CCDF,CarpetSquare01,STAT,-2304.000000,2448.000000,264.000000,0.0000
ccFSVFO4007-Halloween.esl,FE00504A,0001A885,BldWoodPSmWallScktB02,STAT,-2320.000000,2192.000000,264.000000,0.0000
ccFSVFO4007-Halloween.esl,FE005049,000CBA9A,BldWoodPSmWallPlugC01,STAT,-2448.000000,1936.000000,264.000000,0.0000
ccFSVFO4007-Halloween.esl,FE005048,001EABF7,BldGlassTransExt01OpaqueOnesided,STAT,-2440.000000,1896.000000,292.534393,0.0000
ccFSVFO4007-Halloween.esl,FE005047,0001A886,BldWoodPSmWallScktC01,STAT,-2320.000000,1936.000000,264.000000,0.0000
ccFSVFO4007-Halloween.esl,FE005046,001EABF7,BldGlassTransExt01OpaqueOnesided,STAT,-2440.000000,2424.000000,296.000000,0.0000
ccFSVFO4007-Halloween.esl,FE005045,00084D6A,DecoStain1x2Wall01,STAT,-2432.000000,1952.000000,496.000000,270.0001
ccFSVFO4007-Halloween.esl,FE005044,0018844A,DecoStain2x1Wall01Mat,STAT,-1136.000000,2856.000000,528.000000,0.0000
ccFSVFO4007-Halloween.esl,FE005043,00165015,OfficePaperDebris05,STAT,-2264.000000,2528.000000,264.000000,148.9690
ccFSVFO4007-Halloween.esl,FE005042,00165026,OfficePaperDebrisSinglePg03,STAT,-1787.604736,2569.273193,265.387207,301.5584
ccFSVFO4007-Halloween.esl,FE005041,001914C2,DecalDebris05,STAT,-1826.237061,2503.674072,265.244385,270.0000
ccFSVFO4007-Halloween.esl,FE005040,001914C9,DecalDebris04,STAT,-1749.815552,2506.664062,265.414795,270.0000
ccFSVFO4007-Halloween.esl,FE00503F,0008B5FD,TrashEdge03,STAT,-1873.168457,2663.046875,265.548096,270.0000
ccFSVFO4007-Halloween.esl,FE00503E,0008B5FD,TrashEdge03,STAT,-1850.401001,2534.906738,265.548096,0.0000
ccFSVFO4007-Halloween.esl,FE00503D,0008A5D7,TrashEdge01,STAT,-1704.105469,2495.599121,265.548096,0.0000
ccFSVFO4007-Halloween.esl,FE00503C,0004CD80,PottedPlantSet_PotAPlant01_Dirty,STAT,-1960.000000,2528.000000,264.000000,327.9144
ccFSVFO4007-Halloween.esl,FE00503B,00054BAB,DeadFlowers02,MSTT,-1428.593384,2686.211426,344.004028,0.0000
ccFSVFO4007-Halloween.esl,FE00503A,000AC8C1,VaseVintageDirtyFlowers01d,MISC,-1948.799194,2477.668945,320.255371,90.0000
ccFSVFO4007-Halloween.esl,FE005039,001944AF,ClutterGenSlimeA,STAT,-1713.287354,2511.858887,265.244385,9.4769
ccFSVFO4007-Halloween.esl,FE005038,0003A32A,defaultLightCandle01FlickerNS,LIGH,-1952.993896,2395.708008,338.788483,334.6637
ccFSVFO4007-Halloween.esl,FE005037,0010A928,defaultLightCandle01FlickerNSNonSpec,LIGH,-1952.993896,2395.708008,351.100739,334.6637
ccFSVFO4007-Halloween.esl,FE005036,0002FA4E,WaxCandle01,STAT,-1946.466797,2389.786865,319.884918,334.6637
ccFSVFO4007-Halloween.esl,FE005035,0002FA50,WaxCandle03,STAT,-1952.418091,2405.174561,319.884918,244.6637
ccFSVFO4007-Halloween.esl,FE005034,0002FA27,WaxCandle04,STAT,-1947.262817,2385.222412,319.884918,334.6637
ccFSVFO4007-Halloween.esl,FE005033,0002FA27,WaxCandle04,STAT,-1948.627808,2407.839111,319.884918,199.6631
ccFSVFO4007-Halloween.esl,FE005032,0002FA27,WaxCandle04,STAT,-1948.151978,2397.732666,319.884918,154.6638
ccFSVFO4007-Halloween.esl,FE005031,0002FA29,WaxCandle05,STAT,-1949.668335,2392.570068,319.884918,334.6637
ccFSVFO4007-Halloween.esl,FE005030,0002FACD,WaxCandle05Off,STAT,-1952.122314,2400.942383,319.884918,199.6631
ccFSVFO4007-Halloween.esl,FE00502F,00035A0D,WaxCandlePuddle01,STAT,-1946.624390,2389.794922,319.884918,334.6637
ccFSVFO4007-Halloween.esl,FE00502E,00035A0D,WaxCandlePuddle01,STAT,-1952.312256,2405.057373,319.884918,199.6631
ccFSVFO4007-Halloween.esl,FE00502D,00035A10,WaxCandlePuddle03,STAT,-1949.597778,2392.197998,319.884918,316.9015
ccFSVFO4007-Halloween.esl,FE00502C,00035A10,WaxCandlePuddle03,STAT,-1951.908569,2401.254883,319.884918,181.9020
ccFSVFO4007-Halloween.esl,FE00502B,00035A10,WaxCandlePuddle03,STAT,-1948.151978,2397.732666,319.884918,316.9015
ccFSVFO4007-Halloween.esl,FE00502A,001C9080,MistLargeRoundDustyDimmer,MSTT,-1256.000000,2808.000000,640.000000,4.0107
ccFSVFO4007-Halloween.esl,FE005029,0010A928,defaultLightCandle01FlickerNSNonSpec,LIGH,-1848.000000,2392.000000,304.000000,0.0000
ccFSVFO4007-Halloween.esl,FE005028,001ADC50,HalloweenDecor_BannerTrickOrTreat_Dest,MSTT,-1640.000000,2848.000000,408.000000,0.0000
ccFSVFO4007-Halloween.esl,FE005027,0002FA4E,WaxCandle01,STAT,-1865.013062,2399.794189,265.733398,0.0000
ccFSVFO4007-Halloween.esl,FE005026,0002FA27,WaxCandle04,STAT,-1867.685669,2396.009766,265.733398,0.0000
ccFSVFO4007-Halloween.esl,FE005025,0002FA29,WaxCandle05,STAT,-1866.715698,2403.679443,265.733398,0.0000
ccFSVFO4007-Halloween.esl,FE005024,00035A0D,WaxCandlePuddle01,STAT,-1865.151733,2399.869141,265.733398,0.0000
ccFSVFO4007-Halloween.esl,FE005023,00035A10,WaxCandlePuddle03,STAT,-1866.811401,2403.313721,265.733398,342.2382
ccFSVFO4007-Halloween.esl,FE005022,0001A80A,BldWoodPSmCeilOnly02,STAT,-1736.000000,2696.000000,264.019989,225.0000
ccFSVFO4007-Halloween.esl,FE005021,000CBA9A,BldWoodPSmWallPlugC01,STAT,-2448.000000,2448.000000,264.000000,0.0000
ccFSVFO4007-Halloween.esl,FE00501F,0001A886,BldWoodPSmWallScktC01,STAT,-2320.000000,2448.000000,264.000000,0.0000
ccFSVFO4007-Halloween.esl,FE00501E,00000032,COCMarkerHeading,STAT,-2323.465820,2194.166504,264.000000,90.0000
ccFSVFO4007-Halloween.esl,FE00501D,00082234,ChurchLectern01,STAT,-2227.596191,2309.393799,265.205231,53.1246
ccFSVFO4007-Halloween.esl,FE00501C,0001A7F8,BldWoodPSmCeilOnly01,STAT,-2304.000000,2448.000000,296.000000,0.0000
ccFSVFO4007-Halloween.esl,FE00501A,0015CCDF,CarpetSquare01,STAT,-2304.000000,2192.000000,264.000000,0.0000
ccFSVFO4007-Halloween.esl,FE005019,001914DB,DecalDebris06,STAT,-2195.221191,2538.740479,263.820312,0.0000
ccFSVFO4007-Halloween.esl,FE005018,000978C4,FancyTableConsole02,STAT,-1954.432251,2438.157959,263.415039,0.0001
ccFSVFO4007-Halloween.esl,FE005017,001B8DC1,IntGenericWoodRooms,ASPC,-2108.164795,2208.000000,281.761749,0.0000
ccFSVFO4007-Halloween.esl,FE005016,0001F459,FederalistDisplayBoxSmall01,STAT,-1955.624878,2438.906250,320.229980,270.0914
ccFSVFO4007-Halloween.esl,FE005014,0001C9F4,BldWoodPBgWallScktBBot01,STAT,-1784.000000,2192.000000,264.000000,0.0000
ccFSVFO4007-Halloween.esl,FE005284,FE005283,ccFSVFO4007_RadioTransmitter,ACTI,-2640.000000,2192.000000,456.000000,0.0000
ccFSVFO4007-Halloween.esl,FE00501B,0001D931,BldWoodPDbDoorLoad01,DOOR,-2448.000000,2192.000000,264.000000,180.0001
ccFSVFO4007-Halloween.esl,FE00580F,00084912,LvlFeralGhoulAmbush,NPC_,-1648.000000,2760.000000,264.000000,180.0000
ccFSVFO4007-Halloween.esl,FE005735,FE005723,ccFSVFO4007_PowerArmorFurniture_DeCapHelmet,FURN,-888.700012,143.759995,265.000000,108.8623
ccFSVFO4007-Halloween.esl,FE0053D5,FE0057CF,ccFSVFO4007_LvlFeralGhoulBossAmbushDecapHelmet,NPC_,-1781.987549,2132.182617,513.697693,0.0000
ccFSVFO4007-Halloween.esl,FE0053C6,FE005233,ccFSVFO4007_Decapitalist_PAHelm,ARMO,-776.000000,320.000000,204.503738,44.9999
ccFSVFO4007-Halloween.esl,FE0057A3,000BB041,DecalBloodSmear01Half,TXST,-450.675079,2852.629395,367.124756,270.0000
ccFSVFO4007-Halloween.esl,FE00526B,0001D930,BldWoodPDbDoor01,DOOR,-680.000000,1552.000000,264.000000,90.0000
ccFSVFO4007-Halloween.esl,FE005797,00139F84,TrapDummyShotgun01,MISC,-871.322021,465.116943,371.843353,179.9999
ccFSVFO4007-Halloween.esl,FE00579B,0003376D,DefaultActivateSelfTrigger,ACTI,-917.985107,648.445068,321.689331,270.0000
ccFSVFO4007-Halloween.esl,FE00579A,0003376D,DefaultActivateSelfTrigger,ACTI,-302.534058,1141.494873,321.027161,90.0000
ccFSVFO4007-Halloween.esl,FE005791,0003376D,DefaultActivateSelfTrigger,ACTI,-1034.332642,1174.808716,348.194153,0.0000
ccFSVFO4007-Halloween.esl,FE005790,001405F8,TrapElectricArcTarget,STAT,-1099.685181,1174.175903,391.542847,0.0000
ccFSVFO4007-Halloween.esl,FE0056D5,00100CD5,ProtectronPod01,FURN,-2119.552979,2791.559082,265.307465,130.9437
ccFSVFO4007-Halloween.esl,FE0056D2,0001D92C,BldWoodPDoor01,DOOR,-2048.000000,2592.000000,264.000000,90.0000
ccFSVFO4007-Halloween.esl,FE005766,00186E01,LvlProtectron_Hostile,NPC_,-2048.433838,2651.784424,264.000000,180.0000
ccFSVFO4007-Halloween.esl,FE005764,00002CE2,PatrolIdleMarker,IDLM,-696.000000,1672.000000,264.000000,180.0000
ccFSVFO4007-Halloween.esl,FE005763,00002CE2,PatrolIdleMarker,IDLM,-1544.000000,2144.000000,264.000000,135.0000
ccFSVFO4007-Halloween.esl,FE005762,00002CE2,PatrolIdleMarker,IDLM,-2320.000000,2400.000000,264.000000,180.0000
ccFSVFO4007-Halloween.esl,FE005765,00002CE2,PatrolIdleMarker,IDLM,-696.000000,104.000000,264.000000,180.0000
ccFSVFO4007-Halloween.esl,FE005757,0000003B,XMarker,STAT,-680.695190,1354.877319,570.660522,0.0000
ccFSVFO4007-Halloween.esl,FE005755,00000021,CollisionMarker,STAT,-1943.381836,2187.165527,348.000000,0.0001
ccFSVFO4007-Halloween.esl,FE0054D7,0004416E,DefaultLightWarm01Spot,LIGH,-832.000000,2048.000000,336.985992,350.3493
ccFSVFO4007-Halloween.esl,FE0054DC,0004416E,DefaultLightWarm01Spot,LIGH,-835.597168,2327.301758,331.899353,334.6926
ccFSVFO4007-Halloween.esl,FE005707,0003059C,DecalBloodSplatMed,TXST,-809.359985,2758.808838,551.978088,0.0000
ccFSVFO4007-Halloween.esl,FE005706,000BA4B7,DecalBloodSmear01,TXST,-726.472412,2766.356689,557.010620,0.0000
ccFSVFO4007-Halloween.esl,FE0050AB,FE005015,ccFSVFO4007_PicketFencesMagazineHalloween01,BOOK,-633.021851,-219.120697,332.272797,225.0000
ccFSVFO4007-Halloween.esl,FE0056A5,0003059D,DecalBloodSplatterLg,TXST,-65.647095,1111.005371,388.979980,90.0001
ccFSVFO4007-Halloween.esl,FE0056A4,000BA4B8,DecalBloodSmear02,TXST,-706.108521,432.342041,324.800446,270.0001
ccFSVFO4007-Halloween.esl,FE0056A3,000BA4BA,DecalBloodSmearSmall,TXST,-750.538818,1052.817627,373.532715,270.0001
ccFSVFO4007-Halloween.esl,FE0056A2,000BA4B9,DecalBloodSmearDry,TXST,-640.577209,1409.968384,349.996338,90.0001
ccFSVFO4007-Halloween.esl,FE0056A1,000BA4B9,DecalBloodSmearDry,TXST,-365.838287,1015.460937,320.807678,180.0001
ccFSVFO4007-Halloween.esl,FE0056A0,000BA4B9,DecalBloodSmearDry,TXST,-552.000000,1157.609375,470.551636,0.0000
ccFSVFO4007-Halloween.esl,FE0053A1,FE0053A0,ccFSVFO4007_BunkerKeypad,ACTI,-760.000000,272.000000,360.000000,180.0000
ccFSVFO4007-Halloween.esl,FE0052DA,FE005683,ccFSVFO4007_Loot_Reward_Safe,CONT,-941.611328,-209.837601,264.000000,180.0000
ccFSVFO4007-Halloween.esl,FE005680,0002B95A,DecalFlameBurn01,TXST,-230.987823,601.463928,355.201141,0.0000
ccFSVFO4007-Halloween.esl,FE00567F,0002B95A,DecalFlameBurn01,TXST,-286.930878,724.656128,355.201141,0.0000
ccFSVFO4007-Halloween.esl,FE005630,0003059D,DecalBloodSplatterLg,TXST,-346.775421,1175.256226,335.999878,0.0000
ccFSVFO4007-Halloween.esl,FE0054E0,0003059D,DecalBloodSplatterLg,TXST,-688.000000,2184.000000,488.000000,91.6733
ccFSVFO4007-Halloween.esl,FE0053D7,FE0057D1,ccFSVFO4007_LvlFeralGhoulAmbushPumpkinHead,NPC_,-1519.166382,2781.136963,264.750000,0.0000
ccFSVFO4007-Halloween.esl,FE0054CB,0000003B,XMarker,STAT,-1136.000000,2200.000000,322.990662,0.0000
ccFSVFO4007-Halloween.esl,FE0054BE,FE0054EC,ccFSVFO4007_encFeralGhoulBossBloated,NPC_,-335.862427,2693.968750,279.363556,251.1382
ccFSVFO4007-Halloween.esl,FE005487,FE0056C5,ccFSVFO4007_LvlFeralGhoulAmbushFemale,NPC_,-816.689819,1717.338257,272.000000,262.5972
ccFSVFO4007-Halloween.esl,FE0054C2,000431F6,DebrisInteriorWoodWindowBoards01,STAT,-548.008484,2720.528076,356.125458,0.0000
ccFSVFO4007-Halloween.esl,FE0054C1,0009F977,AmbushFeralGhoulGetUpD,FURN,-199.900757,2953.047852,261.794586,0.0000
ccFSVFO4007-Halloween.esl,FE0054BC,0003059D,DecalBloodSplatterLg,TXST,-208.535797,2721.626465,339.986237,85.9438
ccFSVFO4007-Halloween.esl,FE00549C,00080265,BathroomStallDoor01,DOOR,-255.999634,3088.000000,264.000000,0.0000
ccFSVFO4007-Halloween.esl,FE0053E1,0001D92C,BldWoodPDoor01,DOOR,-536.000000,2720.000000,264.000000,0.0000
ccFSVFO4007-Halloween.esl,FE005486,0003376D,DefaultActivateSelfTrigger,ACTI,-2152.000000,2879.000000,624.000000,0.0000
ccFSVFO4007-Halloween.esl,FE0053D4,0003376D,DefaultActivateSelfTrigger,ACTI,-2204.227051,2877.771484,624.000000,0.0000
ccFSVFO4007-Halloween.esl,FE00512B,000A0F53,AmbushFeralGhoulUnderTable,FURN,-696.980103,1878.318604,264.000000,180.0000
ccFSVFO4007-Halloween.esl,FE005328,00061880,DecalGrossStain02,TXST,-1737.306396,2307.723145,431.252960,112.9918
ccFSVFO4007-Halloween.esl,FE005327,00061880,DecalGrossStain02,TXST,-1734.510498,2174.417969,431.252960,165.4955
ccFSVFO4007-Halloween.esl,FE005478,0000003B,XMarker,STAT,-872.000000,2200.000000,320.000000,0.0000
ccFSVFO4007-Halloween.esl,FE0052D7,FE0050AA,ccFSVFO4007_AITerminal,TERM,-680.000000,-224.000000,264.000000,180.0000
ccFSVFO4007-Halloween.esl,FE00539E,0002279B,UtilMetalDoor01,DOOR,-680.000000,256.000000,264.000000,0.0000
ccFSVFO4007-Halloween.esl,FE0053DC,000001F7,LightBox,STAT,-674.729126,782.050903,440.000000,0.0000
ccFSVFO4007-Halloween.esl,FE0053DB,000001F7,LightBox,STAT,-975.867187,2230.087891,589.000000,0.0000
ccFSVFO4007-Halloween.esl,FE0053DA,000001F7,LightBox,STAT,-1960.000000,2184.000000,424.000000,0.0000
ccFSVFO4007-Halloween.esl,FE0053D8,00084912,LvlFeralGhoulAmbush,NPC_,-989.131836,1995.732788,272.000000,262.5972
ccFSVFO4007-Halloween.esl,FE0053D3,FE0057D1,ccFSVFO4007_LvlFeralGhoulAmbushPumpkinHead,NPC_,-728.000000,2176.000000,312.065308,90.0000
ccFSVFO4007-Halloween.esl,FE0053CD,000A0F53,AmbushFeralGhoulUnderTable,FURN,-1552.000000,2752.000000,264.000000,90.0001
ccFSVFO4007-Halloween.esl,FE0053CC,0009F977,AmbushFeralGhoulGetUpD,FURN,-1704.000000,2168.000000,512.000000,45.0000
ccFSVFO4007-Halloween.esl,FE0053CB,00083F2B,AmbushFeralGhoulMantel,FURN,-1720.000000,2720.000000,264.000000,180.0000
ccFSVFO4007-Halloween.esl,FE0053CA,0009F975,AmbushFeralGhoulGetUpB,FURN,-800.000000,2184.000000,312.000000,0.0000
ccFSVFO4007-Halloween.esl,FE0053C9,0009F974,AmbushFeralGhoulGetUpA,FURN,-1024.000000,1920.000000,264.000000,225.0000
ccFSVFO4007-Halloween.esl,FE0053C7,FE0053C5,ccFSVFO4007_PasswordHint,BOOK,-601.316956,1307.277222,264.726685,315.0364
ccFSVFO4007-Halloween.esl,FE0053BB,000BA4B6,DecalBloodHandPrint,TXST,-760.000000,312.000000,360.000000,180.0000
ccFSVFO4007-Halloween.esl,FE005389,0001D92C,BldWoodPDoor01,DOOR,-823.999939,656.190186,272.000000,180.0001
ccFSVFO4007-Halloween.esl,FE005385,0001D92C,BldWoodPDoor01,DOOR,-536.000000,664.000000,272.000000,0.0000
ccFSVFO4007-Halloween.esl,FE005379,0001D92C,BldWoodPDoor01,DOOR,-824.000000,1168.000000,264.000000,180.0001
ccFSVFO4007-Halloween.esl,FE00528F,0001D92C,BldWoodPDoor01,DOOR,-536.000000,1176.000000,272.000000,0.0000
ccFSVFO4007-Halloween.esl,FE005058,0001D930,BldWoodPDbDoor01,DOOR,-1920.000000,2192.000000,264.000000,0.0001
ccFSVFO4007-Halloween.esl,FE00528B,0000003B,XMarker,STAT,-2096.000000,2888.000000,616.000000,0.0000
ccFSVFO4007-Halloween.esl,FE00500A,0021CA99,Decal_moss6,TXST,-531.803955,2179.662354,471.165070,93.4596
ccFSVFO4007-Halloween.esl,FE005009,0006A518,DecalGrimeSubtle01,TXST,-1261.456055,2690.755859,241.949982,218.6378
ccFSVFO4007-Halloween.esl,FE005008,0006A518,DecalGrimeSubtle01,TXST,-608.000000,2200.000000,320.000000,180.0016
ccFSVFO4007-Halloween.esl,FE005007,0006A518,DecalGrimeSubtle01,TXST,-1360.000000,2776.000000,272.000000,180.0016
ccFSVFO4007-Halloween.esl,FE005006,0006A518,DecalGrimeSubtle01,TXST,-1234.570557,2192.331543,256.000000,38.6213
ccFSVFO4007-Halloween.esl,FE005005,000BA4B6,DecalBloodHandPrint,TXST,-1992.000000,2416.000000,424.000000,88.8824
ccFSVFO4007-Halloween.esl,FE005004,0021CA99,Decal_moss6,TXST,-1888.000000,2416.000000,416.000000,270.0415
ccFSVFO4007-Halloween.esl,FE005002,0021CA99,Decal_moss6,TXST,-2272.000000,2576.000000,384.000000,0.0001
