source_file,ref_formid,base_formid,base_editorid,base_signature,pos_x,pos_y,pos_z,rot_z
ccOTMFO4001-Remnants.esl,FE0082C8,FE008214,ccOTMFO4001_workshop_EnclaveRamp01,STAT,-14936.127930,-101452.421875,1633.856445,66.7825
ccOTMFO4001-Remnants.esl,FE008204,FE0081FE,ccOTMFO4001_PerkMagEnclaveEntrenchmentManual01,BOOK,-14538.115234,-101036.476562,1633.894409,285.5156
ccOTMFO4001-Remnants.esl,FE008355,000D96C5,NPCKneelWrenchHorizontal,FURN,-14221.705078,-100545.085938,1546.399902,262.5973
ccOTMFO4001-Remnants.esl,FE008354,00024572,NPCInvWallLean01,FURN,-13958.754883,-101162.914062,1552.299072,77.9796
ccOTMFO4001-Remnants.esl,FE008353,000D96C3,NPCKneelWrenchVertical,FURN,-14649.956055,-101400.390625,1619.111816,148.0057
ccOTMFO4001-Remnants.esl,FE008352,000D96C9,NPCStandHammerVertical,FURN,-15021.448242,-101065.187500,1638.114746,233.9494
ccOTMFO4001-Remnants.esl,FE008351,001D2A85,NPCLaserCutterStanding,FURN,-14678.429687,-100944.765625,1594.143188,205.3015
ccOTMFO4001-Remnants.esl,FE008350,0002D19D,NavBlocker,ACTI,-13805.981445,-101758.367188,1624.863037,224.7249
ccOTMFO4001-Remnants.esl,FE00834F,000F17EE,IndCatLight02On,STAT,-14472.638672,-101510.125000,1599.963257,94.4093
ccOTMFO4001-Remnants.esl,FE00834E,0008E797,defaultLightCool03NS,LIGH,-14468.083008,-101483.343750,1691.045410,275.5706
ccOTMFO4001-Remnants.esl,FE00834D,001017F7,defaultLightCool03NSNonSpec,LIGH,-14462.026367,-101482.898438,1710.538696,275.5706
ccOTMFO4001-Remnants.esl,FE00834C,001C9080,MistLargeRoundDustyDimmer,MSTT,-14463.098633,-101486.085938,1694.292725,6.0823
ccOTMFO4001-Remnants.esl,FE00834B,000F17EE,IndCatLight02On,STAT,-14005.383789,-101255.132812,1555.164917,303.1587
ccOTMFO4001-Remnants.esl,FE00834A,0008E797,defaultLightCool03NS,LIGH,-14013.680664,-101280.546875,1646.387329,122.2464
ccOTMFO4001-Remnants.esl,FE008349,001017F7,defaultLightCool03NSNonSpec,LIGH,-14017.314453,-101278.851562,1666.405396,122.2464
ccOTMFO4001-Remnants.esl,FE008348,001C9080,MistLargeRoundDustyDimmer,MSTT,-14016.348633,-101275.867188,1650.117310,214.8317
ccOTMFO4001-Remnants.esl,FE008347,000F17EE,IndCatLight02On,STAT,-14505.107422,-100655.617188,1563.126343,185.3536
ccOTMFO4001-Remnants.esl,FE008346,0008E797,defaultLightCool03NS,LIGH,-14478.770508,-100651.109375,1654.348755,5.5140
ccOTMFO4001-Remnants.esl,FE008345,001017F7,defaultLightCool03NSNonSpec,LIGH,-14478.576172,-100655.101562,1674.366821,5.5140
ccOTMFO4001-Remnants.esl,FE008344,001C9080,MistLargeRoundDustyDimmer,MSTT,-14481.645508,-100655.656250,1658.078735,97.0266
ccOTMFO4001-Remnants.esl,FE008343,00199090,DummyNoEdit_LaserGun_Pistol,MISC,-14158.611328,-100908.273438,1612.478271,278.0462
ccOTMFO4001-Remnants.esl,FE008342,0001F92F,Clipboard01,MISC,-14230.460937,-100860.390625,1609.371826,245.1598
ccOTMFO4001-Remnants.esl,FE00833F,0003A9ED,OfficeBoxPapers03,STAT,-14533.199219,-101034.062500,1596.450928,8.8809
ccOTMFO4001-Remnants.esl,FE00833E,0003A9EC,OfficeBoxPapers02,STAT,-14495.183594,-101034.460938,1596.305664,354.2704
ccOTMFO4001-Remnants.esl,FE00833D,0003A9ED,OfficeBoxPapers03,STAT,-14459.703125,-101032.843750,1596.457886,0.0000
ccOTMFO4001-Remnants.esl,FE00833C,00175500,FootLocker01,CONT,-14316.988281,-101487.781250,1575.063721,173.1649
ccOTMFO4001-Remnants.esl,FE00833B,00175500,FootLocker01,CONT,-14598.333984,-101468.914062,1615.871460,204.2854
ccOTMFO4001-Remnants.esl,FE008335,000A1404,DummyTriggerBoxCone01,ACTI,-14629.791992,-101217.085938,1933.650513,45.8250
ccOTMFO4001-Remnants.esl,FE008334,001EDEFF,RaiderCampPole04LG,STAT,-14645.495117,-101231.843750,1258.382080,0.0000
ccOTMFO4001-Remnants.esl,FE008333,00035A21,RedWireSpline01,BNDS,-14008.271484,-101221.218750,1622.398926,0.0000
ccOTMFO4001-Remnants.esl,FE008332,00035A21,RedWireSpline01,BNDS,-14110.009766,-101170.023438,1725.284424,0.0000
ccOTMFO4001-Remnants.esl,FE008331,00035A21,RedWireSpline01,BNDS,-14294.063477,-101143.750000,1761.357422,0.0000
ccOTMFO4001-Remnants.esl,FE008330,00035A21,RedWireSpline01,BNDS,-14394.300781,-101112.375000,1736.497314,0.0000
ccOTMFO4001-Remnants.esl,FE00832F,00035A21,RedWireSpline01,BNDS,-14443.841797,-101064.562500,1678.974365,0.0000
ccOTMFO4001-Remnants.esl,FE00832E,0001D971,BlackWireSpline01,BNDS,-14498.412109,-101072.632812,1711.103027,0.0000
ccOTMFO4001-Remnants.esl,FE00832D,0001D971,BlackWireSpline01,BNDS,-14643.035156,-101038.937500,1749.013672,0.0000
ccOTMFO4001-Remnants.esl,FE00832C,0001D971,BlackWireSpline01,BNDS,-14712.025391,-101065.046875,1761.509277,0.0000
ccOTMFO4001-Remnants.esl,FE00832B,0002D19D,NavBlocker,ACTI,-14393.988281,-101220.476562,1621.442627,153.8505
ccOTMFO4001-Remnants.esl,FE00832A,0002D19D,NavBlocker,ACTI,-14734.810547,-101161.093750,1632.982300,180.7221
ccOTMFO4001-Remnants.esl,FE008329,0002D19D,NavBlocker,ACTI,-14711.333984,-101487.460938,1660.246094,177.8000
ccOTMFO4001-Remnants.esl,FE008328,0002D19D,NavBlocker,ACTI,-14551.853516,-101526.351562,1631.690430,291.3604
ccOTMFO4001-Remnants.esl,FE008327,0002D19D,NavBlocker,ACTI,-14376.400391,-101545.304688,1631.690430,257.0402
ccOTMFO4001-Remnants.esl,FE008326,0002D19D,NavBlocker,ACTI,-14237.603516,-101135.250000,1663.734985,175.7256
ccOTMFO4001-Remnants.esl,FE008325,0002D19D,NavBlocker,ACTI,-14355.719727,-101144.078125,1663.734985,175.7256
ccOTMFO4001-Remnants.esl,FE008324,0002D19D,NavBlocker,ACTI,-14300.742187,-101009.437500,1663.734985,175.1526
ccOTMFO4001-Remnants.esl,FE008323,0002D19D,NavBlocker,ACTI,-14220.499023,-101068.296875,1663.734985,265.5651
ccOTMFO4001-Remnants.esl,FE008322,0002D19D,NavBlocker,ACTI,-14376.633789,-101080.406250,1663.734985,265.5651
ccOTMFO4001-Remnants.esl,FE008321,0002D19D,NavBlocker,ACTI,-14214.269531,-100903.953125,1610.102905,129.2130
ccOTMFO4001-Remnants.esl,FE008320,0002D19D,NavBlocker,ACTI,-14557.730469,-100793.585938,1572.554199,314.3929
ccOTMFO4001-Remnants.esl,FE00831F,0002D19D,NavBlocker,ACTI,-14586.442383,-100702.296875,1620.431274,212.9220
ccOTMFO4001-Remnants.esl,FE00831E,000AEF5C,Vault_FloorMat_Medium_02,STAT,-14336.384766,-100822.414062,1559.465088,154.6986
ccOTMFO4001-Remnants.esl,FE00831D,000AEF5B,Vault_FloorMat_Small_01,STAT,-14396.089844,-100893.585938,1565.604614,268.1093
ccOTMFO4001-Remnants.esl,FE00831C,000AEF5B,Vault_FloorMat_Small_01,STAT,-14461.980469,-100833.906250,1568.283325,10.9435
ccOTMFO4001-Remnants.esl,FE00831B,000AEF5B,Vault_FloorMat_Small_01,STAT,-14468.782227,-100907.437500,1570.594849,271.2033
ccOTMFO4001-Remnants.esl,FE00831A,000AEF5B,Vault_FloorMat_Small_01,STAT,-14546.500977,-100899.671875,1575.385986,245.3055
ccOTMFO4001-Remnants.esl,FE008319,000AEF5A,Vault_FloorMat_Medium_01,STAT,-14508.276367,-101237.492188,1594.375732,261.9213
ccOTMFO4001-Remnants.esl,FE008318,000AEF5B,Vault_FloorMat_Small_01,STAT,-14600.771484,-101448.992188,1613.658325,11.1305
ccOTMFO4001-Remnants.esl,FE008317,000AEF5B,Vault_FloorMat_Small_01,STAT,-14325.560547,-101472.320312,1573.367676,169.3886
ccOTMFO4001-Remnants.esl,FE008316,000AEF5B,Vault_FloorMat_Small_01,STAT,-14398.056641,-101482.632812,1578.543213,270.0000
ccOTMFO4001-Remnants.esl,FE008315,000AEF5B,Vault_FloorMat_Small_01,STAT,-14534.986328,-101472.867188,1599.800781,359.1333
ccOTMFO4001-Remnants.esl,FE008314,000AEF5B,Vault_FloorMat_Small_01,STAT,-14473.511719,-100691.945312,1568.594482,0.0000
ccOTMFO4001-Remnants.esl,FE008313,000AEF5B,Vault_FloorMat_Small_01,STAT,-14509.187500,-100759.351562,1570.824219,28.6479
ccOTMFO4001-Remnants.esl,FE008312,000AEF5C,Vault_FloorMat_Medium_02,STAT,-14380.255859,-100534.757812,1557.978516,193.8424
ccOTMFO4001-Remnants.esl,FE008311,000AEF5C,Vault_FloorMat_Medium_02,STAT,-14483.346680,-100566.960938,1569.209106,0.0000
ccOTMFO4001-Remnants.esl,FE008310,FE0080AC,ccOTMFO4001_EnclaveCrateLoot01,CONT,-14034.992187,-101097.343750,1598.037842,0.0000
ccOTMFO4001-Remnants.esl,FE00830F,000BA58F,Vault_Crate_01_Steel,STAT,-14035.281250,-101073.265625,1556.888184,328.9458
ccOTMFO4001-Remnants.esl,FE00830E,000BA58F,Vault_Crate_01_Steel,STAT,-14030.209961,-101127.437500,1556.888184,0.0000
ccOTMFO4001-Remnants.esl,FE00830D,00030386,WorkshopGenerator,ACTI,-14739.050781,-101175.960938,1603.346069,95.9964
ccOTMFO4001-Remnants.esl,FE00830C,000E7D9C,StepLadderOpenSmall,STAT,-14632.961914,-101129.804688,1593.403442,216.6777
ccOTMFO4001-Remnants.esl,FE00830B,0004D1F7,Wrench03,MISC,-14636.118164,-101119.632812,1671.902832,336.9970
ccOTMFO4001-Remnants.esl,FE00830A,0003A9ED,OfficeBoxPapers03,STAT,-14730.808594,-101445.710938,1636.921631,87.9397
ccOTMFO4001-Remnants.esl,FE008309,0003A9ED,OfficeBoxPapers03,STAT,-14696.416016,-101445.351562,1634.119141,181.0449
ccOTMFO4001-Remnants.esl,FE008308,0003A9ED,OfficeBoxPapers03,STAT,-14713.607422,-101446.304688,1657.390625,87.9397
ccOTMFO4001-Remnants.esl,FE008307,000BA58F,Vault_Crate_01_Steel,STAT,-14713.307617,-101495.296875,1673.950562,271.2857
ccOTMFO4001-Remnants.esl,FE008306,001A781C,OfficeBoxPapersOpen06,MSTT,-14753.233398,-101564.648438,1631.140991,55.9584
ccOTMFO4001-Remnants.esl,FE008305,000211F6,WoodCrate02,STAT,-14716.614258,-101499.500000,1637.334839,179.6129
ccOTMFO4001-Remnants.esl,FE008304,000E479C,FlatbedCart,STAT,-14717.310547,-101484.421875,1624.177856,89.8651
ccOTMFO4001-Remnants.esl,FE008303,FE00812C,ccOTMFO4001_EnclaveCrateAmmoPlasma01,CONT,-14393.780273,-101238.320312,1620.663452,335.7183
ccOTMFO4001-Remnants.esl,FE008302,0008C184,Vault_Shelf_02,STAT,-14386.636719,-101236.062500,1573.081543,243.4033
ccOTMFO4001-Remnants.esl,FE008301,FE008217,ccOTMFO4001_workshop_EnclaveBarricade06A,STAT,-14632.267578,-100677.554688,1569.904541,123.6438
ccOTMFO4001-Remnants.esl,FE008300,0019C5B8,HospitalLights01StandUnlit,STAT,-14553.090820,-100796.796875,1573.568237,189.0761
ccOTMFO4001-Remnants.esl,FE0082FF,0016962D,EncMirelurkSpawnHatchling,NPC_,-14266.021484,-101014.398438,1585.952515,336.8589
ccOTMFO4001-Remnants.esl,FE0082FE,0016962D,EncMirelurkSpawnHatchling,NPC_,-14316.928711,-101014.640625,1585.721924,73.2985
ccOTMFO4001-Remnants.esl,FE0082FD,000EC8AD,Beaker02,MISC,-14588.033203,-100666.835938,1649.685425,122.7162
ccOTMFO4001-Remnants.esl,FE0082FC,000EC8B6,Beaker_Stand,MISC,-14589.163086,-100666.789062,1629.198853,122.7814
ccOTMFO4001-Remnants.esl,FE0082FB,0017604F,ChemistrySetBottle01,MISC,-14572.349609,-100671.031250,1628.478149,122.9909
ccOTMFO4001-Remnants.esl,FE0082FA,000C9AD7,SurgicalScissors,MISC,-14551.006836,-100677.296875,1630.679932,243.0867
ccOTMFO4001-Remnants.esl,FE0082F9,000C9ADA,SurgicalScalpel,MISC,-14576.809570,-100740.062500,1629.320435,206.3540
ccOTMFO4001-Remnants.esl,FE0082F8,000C9ADE,SurgicalCutter,MISC,-14543.913086,-100690.687500,1628.104248,122.2725
ccOTMFO4001-Remnants.esl,FE0082F7,00059AD8,SurgicalTray01,MISC,-14543.820312,-100682.406250,1626.916992,128.3944
ccOTMFO4001-Remnants.esl,FE0082F6,0016962D,EncMirelurkSpawnHatchling,NPC_,-14579.278320,-100710.804688,1631.496704,30.7175
ccOTMFO4001-Remnants.esl,FE0082F5,000330FF,MeatMirelurk,ALCH,-14236.796875,-100895.500000,1612.001709,199.5720
ccOTMFO4001-Remnants.esl,FE0082F4,000330FF,MeatMirelurk,ALCH,-14247.326172,-100908.210938,1612.001709,256.8677
ccOTMFO4001-Remnants.esl,FE0082F3,0023E9D4,MirelurkEgg,ALCH,-14195.333008,-100930.000000,1625.645264,317.4452
ccOTMFO4001-Remnants.esl,FE0082F2,000BA58F,Vault_Crate_01_Steel,STAT,-14348.927734,-100955.437500,1625.004517,342.7541
ccOTMFO4001-Remnants.esl,FE0082F1,000BA591,Vault_Crate_03_Steel,STAT,-14327.349609,-100957.023438,1583.517456,0.0000
ccOTMFO4001-Remnants.esl,FE0082F0,000E37D5,IndustrialMetalTableLarge01,STAT,-14585.801758,-100706.273438,1573.186279,302.3605
ccOTMFO4001-Remnants.esl,FE0082EF,000E37D5,IndustrialMetalTableLarge01,STAT,-14217.694336,-100910.812500,1555.531494,219.0068
ccOTMFO4001-Remnants.esl,FE0082EC,001877B9,BOSBarricadePlatform02,STAT,-14299.931641,-101068.781250,1467.357422,85.0727
ccOTMFO4001-Remnants.esl,FE0082EB,000E74E5,JailSmCage02,STAT,-14298.647461,-101071.882812,1584.093262,85.0727
ccOTMFO4001-Remnants.esl,FE0082EA,0008667B,MilitaryWallCot04Static,STAT,-14581.712891,-101558.023438,1622.228638,289.3092
ccOTMFO4001-Remnants.esl,FE0082E9,0014D090,NpcBedMilitaryCotMattressLay01,FURN,-14571.442383,-101528.601562,1602.231323,289.3093
ccOTMFO4001-Remnants.esl,FE0082E8,0008667B,MilitaryWallCot04Static,STAT,-14346.979492,-101576.960938,1592.881592,256.0097
ccOTMFO4001-Remnants.esl,FE0082E7,0014D090,NpcBedMilitaryCotMattressLay01,FURN,-14354.587891,-101546.757812,1572.884277,256.0097
ccOTMFO4001-Remnants.esl,FE0082E6,FE008217,ccOTMFO4001_workshop_EnclaveBarricade06A,STAT,-14348.210937,-101584.281250,1579.099243,345.9742
ccOTMFO4001-Remnants.esl,FE0082E5,FE008217,ccOTMFO4001_workshop_EnclaveBarricade06A,STAT,-14586.846680,-101564.578125,1602.468018,20.6416
ccOTMFO4001-Remnants.esl,FE0082E3,0002D19D,NavBlocker,ACTI,-14894.982422,-101439.304688,1689.032715,245.5236
ccOTMFO4001-Remnants.esl,FE0082E2,0002D19D,NavBlocker,ACTI,-14976.262695,-101261.078125,1689.032715,245.5236
ccOTMFO4001-Remnants.esl,FE0082E1,0002D19D,NavBlocker,ACTI,-15059.338867,-101304.648438,1689.032715,245.5236
ccOTMFO4001-Remnants.esl,FE0082E0,0002D19D,NavBlocker,ACTI,-14987.340820,-101462.804688,1689.032715,245.5236
ccOTMFO4001-Remnants.esl,FE0082DF,0002D19D,NavBlocker,ACTI,-14886.257812,-101567.726562,1689.032715,223.5792
ccOTMFO4001-Remnants.esl,FE0082DE,0002D19D,NavBlocker,ACTI,-15058.064453,-101169.351562,1689.032715,269.1293
ccOTMFO4001-Remnants.esl,FE0082DD,0002D19D,NavBlocker,ACTI,-14596.739258,-100472.484375,1599.818848,314.3929
ccOTMFO4001-Remnants.esl,FE0082DC,0002D19D,NavBlocker,ACTI,-14273.763672,-100552.804688,1589.582031,264.6602
ccOTMFO4001-Remnants.esl,FE0082DB,0002D19D,NavBlocker,ACTI,-14405.919922,-100401.328125,1608.164917,193.7853
ccOTMFO4001-Remnants.esl,FE0082DA,0002D19D,NavBlocker,ACTI,-14327.182617,-100462.468750,1591.493408,227.8762
ccOTMFO4001-Remnants.esl,FE0082D9,0002D19D,NavBlocker,ACTI,-14504.750000,-100418.593750,1608.164917,161.0120
ccOTMFO4001-Remnants.esl,FE0082D8,0002D19D,NavBlocker,ACTI,-14073.335937,-101246.148438,1566.583374,168.1166
ccOTMFO4001-Remnants.esl,FE0082D7,0002D19D,NavBlocker,ACTI,-13963.388672,-101365.976562,1566.583374,168.1166
ccOTMFO4001-Remnants.esl,FE0082D6,0002D19D,NavBlocker,ACTI,-14019.229492,-101100.601562,1566.583374,168.1166
ccOTMFO4001-Remnants.esl,FE0082D5,0002D19D,NavBlocker,ACTI,-13971.832031,-101186.546875,1566.583374,168.1166
ccOTMFO4001-Remnants.esl,FE0082D4,0002D19D,NavBlocker,ACTI,-13935.009766,-101361.570312,1566.583374,168.1166
ccOTMFO4001-Remnants.esl,FE0082D3,0002D19D,NavBlocker,ACTI,-14496.073242,-101083.421875,1611.378174,179.2893
ccOTMFO4001-Remnants.esl,FE0082D2,FE00812A,ccOTMFO4001_EnclaveCrateWeaponBigGuns01,CONT,-14501.836914,-101125.140625,1620.663452,272.6929
ccOTMFO4001-Remnants.esl,FE0082D1,0004B6E9,Loot_Prewar_Medkit,CONT,-14475.615234,-101120.414062,1666.531494,189.7859
ccOTMFO4001-Remnants.esl,FE0082D0,00059A9A,Loot_Toolbox,CONT,-14531.040039,-101118.476562,1666.531494,74.7827
ccOTMFO4001-Remnants.esl,FE0082CF,0008C184,Vault_Shelf_02,STAT,-14500.608398,-101117.757812,1573.081543,180.3779
ccOTMFO4001-Remnants.esl,FE0082CE,FE0081ED,ccOTMFO4001_workshop_EnclaveBarricade01,STAT,-13957.543945,-101255.304688,1549.550537,258.4025
ccOTMFO4001-Remnants.esl,FE0082CD,FE008215,ccOTMFO4001_workshop_EnclaveBarricade08,STAT,-14594.058594,-101075.992188,1568.000000,90.0000
ccOTMFO4001-Remnants.esl,FE0082CC,FE008215,ccOTMFO4001_workshop_EnclaveBarricade08,STAT,-14402.058594,-101075.992188,1568.000000,270.0000
ccOTMFO4001-Remnants.esl,FE0082CB,FE0081F7,ccOTMFO4001_workshop_EnclaveBarricade06,STAT,-14498.058594,-101081.015625,1568.000000,180.0000
ccOTMFO4001-Remnants.esl,FE0082CA,FE0081F7,ccOTMFO4001_workshop_EnclaveBarricade06,STAT,-14498.058594,-101075.992188,1568.000000,0.0000
ccOTMFO4001-Remnants.esl,FE0082C9,FE008214,ccOTMFO4001_workshop_EnclaveRamp01,STAT,-15007.859375,-101285.242188,1629.026367,66.7833
ccOTMFO4001-Remnants.esl,FE0082C7,FE008211,ccOTMFO4001_workshop_EnclaveBarricade07,STAT,-15062.437500,-101168.148438,1644.763062,88.5220
ccOTMFO4001-Remnants.esl,FE0082C6,FE008211,ccOTMFO4001_workshop_EnclaveBarricade07,STAT,-14888.783203,-101564.460938,1642.478271,43.6594
ccOTMFO4001-Remnants.esl,FE0082C5,FE008179,ccOTMFO4001_workshop_EnclaveBarricade04,STAT,-15017.198242,-101385.781250,1637.374512,67.1029
ccOTMFO4001-Remnants.esl,FE0082C4,FE0081EB,ccOTMFO4001_workshop_EnclaveBarricade03,STAT,-14411.184570,-100402.203125,1554.295166,194.7633
ccOTMFO4001-Remnants.esl,FE0081E5,0002D19D,NavBlocker,ACTI,-14702.571289,-101005.140625,1790.081543,53.6861
ccOTMFO4001-Remnants.esl,FE0081E3,FE00812C,ccOTMFO4001_EnclaveCrateAmmoPlasma01,CONT,-14494.705078,-100443.765625,1569.426147,251.5857
ccOTMFO4001-Remnants.esl,FE0081E2,FE00812C,ccOTMFO4001_EnclaveCrateAmmoPlasma01,CONT,-14580.626953,-100517.023438,1574.801758,28.6942
ccOTMFO4001-Remnants.esl,FE0081E0,0002D19D,NavBlocker,ACTI,-14498.579102,-101009.734375,1611.891357,177.3985
ccOTMFO4001-Remnants.esl,FE0081D6,000E982A,BOSBarricadePoles01,STAT,-13810.352539,-101759.117188,1533.775391,316.3407
ccOTMFO4001-Remnants.esl,FE0081D5,000726D1,BarricadePanel02,STAT,-13807.773437,-101761.851562,1597.775391,0.0000
ccOTMFO4001-Remnants.esl,FE0081D4,000726D1,BarricadePanel02,STAT,-13807.773437,-101761.851562,1677.902344,0.0000
ccOTMFO4001-Remnants.esl,FE0081D2,FE008134,ccOTMFO4001_EnclaveCamp01Terminal,TERM,-14497.149414,-101041.195312,1577.982056,177.3985
ccOTMFO4001-Remnants.esl,FE0081D1,000AEF5B,Vault_FloorMat_Small_01,STAT,-14545.761719,-100974.593750,1580.075806,272.6929
ccOTMFO4001-Remnants.esl,FE0081D0,000AEF5B,Vault_FloorMat_Small_01,STAT,-14479.845703,-100977.203125,1576.222168,270.0000
ccOTMFO4001-Remnants.esl,FE0081CF,000B0F48,Vault_Shelf_03,STAT,-14503.457031,-101038.429688,1471.484741,0.0000
ccOTMFO4001-Remnants.esl,FE0081CE,00060CB4,Loot_AmmoBox,CONT,-14491.299805,-101146.132812,1584.166992,186.7498
ccOTMFO4001-Remnants.esl,FE0081CA,00060CB4,Loot_AmmoBox,CONT,-14470.163086,-101144.367188,1585.061646,352.4371
ccOTMFO4001-Remnants.esl,FE0081C9,00060CB4,Loot_AmmoBox,CONT,-14509.602539,-101135.617188,1583.427490,1.6617
ccOTMFO4001-Remnants.esl,FE0084E6,FE0084D9,ccOTMFO4001_EncEncounterTrigger,ACTI,-67469.554687,-64237.000000,2857.300781,0.0000
ccOTMFO4001-Remnants.esl,FE008506,0002D19D,NavBlocker,ACTI,-95440.445312,-95296.710938,5687.765625,0.8484
ccOTMFO4001-Remnants.esl,FE008505,FE008215,ccOTMFO4001_workshop_EnclaveBarricade08,STAT,-95260.984375,-95421.203125,5586.465820,272.3395
ccOTMFO4001-Remnants.esl,FE0084B0,0003251F,DefaultSetStageTriggerPlayerOnly,ACTI,-94685.289062,-94918.156250,4692.510742,90.3558
ccOTMFO4001-Remnants.esl,FE0080D2,FE008036,ccOTMFO4001_EnclaveHQTerminal,TERM,-94823.929688,-95474.335938,4614.135254,177.1586
ccOTMFO4001-Remnants.esl,FE0084A0,FE00849D,ccOTMFO4001_EnclaveColonel,NPC_,-95095.773438,-95086.414062,4587.846680,103.1325
ccOTMFO4001-Remnants.esl,FE008460,000F17EE,IndCatLight02On,STAT,-95466.687500,-95251.984375,4832.939453,88.4777
ccOTMFO4001-Remnants.esl,FE00845F,001017F7,defaultLightCool03NSNonSpec,LIGH,-95468.343750,-95250.164062,4935.748535,268.3788
ccOTMFO4001-Remnants.esl,FE00845E,0008E797,defaultLightCool03NS,LIGH,-95472.562500,-95250.804688,4915.779785,268.3788
ccOTMFO4001-Remnants.esl,FE00845D,001C9080,MistLargeRoundDustyDimmer,MSTT,-95467.632812,-95253.062500,4919.431152,0.0000
ccOTMFO4001-Remnants.esl,FE00845C,000F17EE,IndCatLight02On,STAT,-94704.078125,-95002.750000,5148.412109,180.0002
ccOTMFO4001-Remnants.esl,FE00845B,001017F7,defaultLightCool03NSNonSpec,LIGH,-94702.203125,-95007.203125,5251.137695,0.0001
ccOTMFO4001-Remnants.esl,FE00845A,0008E797,defaultLightCool03NS,LIGH,-94702.726562,-95001.820312,5231.453125,0.0001
ccOTMFO4001-Remnants.esl,FE008459,001C9080,MistLargeRoundDustyDimmer,MSTT,-94705.132812,-95006.875000,5234.810059,91.6732
ccOTMFO4001-Remnants.esl,FE008458,000F17EE,IndCatLight02On,STAT,-95327.843750,-95259.710938,5101.691406,87.5573
ccOTMFO4001-Remnants.esl,FE008457,001017F7,defaultLightCool03NSNonSpec,LIGH,-95338.390625,-95260.351562,5203.985840,268.3663
ccOTMFO4001-Remnants.esl,FE008456,0008E797,defaultLightCool03NS,LIGH,-95340.859375,-95260.343750,5183.722656,268.3663
ccOTMFO4001-Remnants.esl,FE008455,001C9080,MistLargeRoundDustyDimmer,MSTT,-95336.304688,-95262.851562,5187.721191,1.2578
ccOTMFO4001-Remnants.esl,FE008454,000F17EE,IndCatLight02On,STAT,-94836.375000,-95154.460938,4887.897461,91.6055
ccOTMFO4001-Remnants.esl,FE008453,001017F7,defaultLightCool03NSNonSpec,LIGH,-94837.664062,-95123.929688,4962.761719,359.7170
ccOTMFO4001-Remnants.esl,FE008452,0008E797,defaultLightCool03NS,LIGH,-94838.812500,-95122.320312,4942.435059,359.7170
ccOTMFO4001-Remnants.esl,FE008451,001C9080,MistLargeRoundDustyDimmer,MSTT,-94840.648438,-95126.421875,4961.584473,91.7197
ccOTMFO4001-Remnants.esl,FE008450,0002D19D,NavBlocker,ACTI,-95656.671875,-94848.562500,5102.968750,18.1897
ccOTMFO4001-Remnants.esl,FE00844F,0002D19D,NavBlocker,ACTI,-95769.906250,-95411.093750,5118.438477,262.4920
ccOTMFO4001-Remnants.esl,FE00844E,0002D19D,NavBlocker,ACTI,-95655.054688,-95522.203125,5089.264648,352.2150
ccOTMFO4001-Remnants.esl,FE00844D,0002D19D,NavBlocker,ACTI,-95285.835938,-94665.359375,5168.145996,180.0735
ccOTMFO4001-Remnants.esl,FE00844C,0002D19D,NavBlocker,ACTI,-94732.640625,-94928.875000,5221.565430,83.3705
ccOTMFO4001-Remnants.esl,FE00844B,0002D19D,NavBlocker,ACTI,-94727.203125,-95123.734375,5212.101562,93.2214
ccOTMFO4001-Remnants.esl,FE00844A,0002D19D,NavBlocker,ACTI,-94834.585938,-95552.101562,5128.567383,256.7889
ccOTMFO4001-Remnants.esl,FE008449,0002D19D,NavBlocker,ACTI,-94953.046875,-95517.375000,5180.595703,44.8735
ccOTMFO4001-Remnants.esl,FE008448,0002D19D,NavBlocker,ACTI,-94853.437500,-95573.593750,4865.285156,274.2178
ccOTMFO4001-Remnants.esl,FE008447,0002D19D,NavBlocker,ACTI,-94933.960938,-95372.117188,4907.342773,180.0013
ccOTMFO4001-Remnants.esl,FE008446,0002D19D,NavBlocker,ACTI,-94655.015625,-95332.062500,4628.651367,262.7268
ccOTMFO4001-Remnants.esl,FE008445,0002D19D,NavBlocker,ACTI,-94341.156250,-95089.945312,4722.495605,183.8052
ccOTMFO4001-Remnants.esl,FE008444,0002D19D,NavBlocker,ACTI,-94604.476562,-95109.359375,4669.120117,183.4614
ccOTMFO4001-Remnants.esl,FE008443,0002D19D,NavBlocker,ACTI,-94637.437500,-94726.328125,4674.750977,90.3558
ccOTMFO4001-Remnants.esl,FE008442,0002D19D,NavBlocker,ACTI,-95419.281250,-94863.562500,4638.304199,298.5883
ccOTMFO4001-Remnants.esl,FE008441,0002D19D,NavBlocker,ACTI,-94931.218750,-94928.500000,4588.551758,270.0000
ccOTMFO4001-Remnants.esl,FE00843F,0002D19D,NavBlocker,ACTI,-95020.804688,-95237.359375,4597.831055,94.5956
ccOTMFO4001-Remnants.esl,FE008440,0002D19D,NavBlocker,ACTI,-94936.867188,-95560.140625,4614.254883,3.2661
ccOTMFO4001-Remnants.esl,FE008390,0002D19D,NavBlocker,ACTI,-94977.734375,-95252.554688,4600.266602,94.5956
ccOTMFO4001-Remnants.esl,FE00843E,0002D19D,NavBlocker,ACTI,-94824.968750,-95475.046875,4623.826660,1.4899
ccOTMFO4001-Remnants.esl,FE0082C0,0002D19D,NavBlocker,ACTI,-94761.015625,-95222.218750,4689.478516,92.7621
ccOTMFO4001-Remnants.esl,FE0080D8,0002D19D,NavBlocker,ACTI,-95183.375000,-95269.359375,4570.414062,4.1372
ccOTMFO4001-Remnants.esl,FE00843D,000FDEE8,defaultLightWarm01NSNonSpec,LIGH,-95299.242188,-95123.125000,4659.514648,157.7454
ccOTMFO4001-Remnants.esl,FE00843C,000C5371,ConstructionLight_Standing_2piece_On1,SCOL,-95412.742188,-94868.281250,4586.725586,298.5883
ccOTMFO4001-Remnants.esl,FE00843B,0002B76A,EmergencyLightBeam01,MSTT,-95417.539062,-94890.093750,4698.387695,180.0000
ccOTMFO4001-Remnants.esl,FE00843A,0002B76A,EmergencyLightBeam01,MSTT,-95399.750000,-94855.312500,4698.387695,180.0000
ccOTMFO4001-Remnants.esl,FE008439,000517B0,DefaultLightWhite01NS,LIGH,-95328.554688,-94934.015625,4680.666992,157.7454
ccOTMFO4001-Remnants.esl,FE008438,000FDEE8,defaultLightWarm01NSNonSpec,LIGH,-95172.875000,-94937.742188,4659.514648,157.7454
ccOTMFO4001-Remnants.esl,FE008437,000EFBB4,LvlEyeBot,NPC_,-94634.437500,-94741.937500,4695.399414,341.8482
ccOTMFO4001-Remnants.esl,FE008436,000EFBB4,LvlEyeBot,NPC_,-94645.273438,-94766.406250,4750.578613,285.5156
ccOTMFO4001-Remnants.esl,FE008435,FE0080AC,ccOTMFO4001_EnclaveCrateLoot01,CONT,-94340.531250,-95089.101562,4724.842773,92.5903
ccOTMFO4001-Remnants.esl,FE008434,FE0080AC,ccOTMFO4001_EnclaveCrateLoot01,CONT,-94340.531250,-95089.101562,4687.454590,92.5903
ccOTMFO4001-Remnants.esl,FE008433,FE00812C,ccOTMFO4001_EnclaveCrateAmmoPlasma01,CONT,-94340.531250,-95089.101562,4648.025879,92.5903
ccOTMFO4001-Remnants.esl,FE008432,000AEF59,Vault_FloorMat_Large_04,STAT,-95337.140625,-95085.789062,4571.826172,270.7029
ccOTMFO4001-Remnants.esl,FE008431,000AEF5C,Vault_FloorMat_Medium_02,STAT,-94810.734375,-94954.335938,4608.805664,178.6752
ccOTMFO4001-Remnants.esl,FE008430,000AEF5C,Vault_FloorMat_Medium_02,STAT,-94874.367188,-95022.890625,4603.277344,268.2392
ccOTMFO4001-Remnants.esl,FE00842F,001C9080,MistLargeRoundDustyDimmer,MSTT,-94498.976562,-95075.796875,4701.666504,0.0000
ccOTMFO4001-Remnants.esl,FE00842E,000F17EE,IndCatLight02On,STAT,-94532.437500,-95080.148438,4626.586914,188.0784
ccOTMFO4001-Remnants.esl,FE00842D,001017F7,defaultLightCool03NSNonSpec,LIGH,-94502.109375,-95084.359375,4701.429199,94.5619
ccOTMFO4001-Remnants.esl,FE00842C,0008E797,defaultLightCool03NS,LIGH,-94500.382812,-95082.828125,4681.138672,94.5619
ccOTMFO4001-Remnants.esl,FE00842B,00047853,Terminal01,STAT,-94648.226562,-95103.109375,4724.217773,183.3000
ccOTMFO4001-Remnants.esl,FE00842A,00047853,Terminal01,STAT,-94602.757812,-95104.742188,4724.217773,183.7583
ccOTMFO4001-Remnants.esl,FE008429,00047853,Terminal01,STAT,-94558.132812,-95107.484375,4724.217773,184.2739
ccOTMFO4001-Remnants.esl,FE008428,000E479C,FlatbedCart,STAT,-94653.046875,-95336.609375,4610.010254,262.7268
ccOTMFO4001-Remnants.esl,FE008427,000BA58F,Vault_Crate_01_Steel,STAT,-94647.765625,-95370.484375,4624.251953,355.3168
ccOTMFO4001-Remnants.esl,FE008426,000BA592,Vault_Crate_04_Steel,STAT,-94657.851562,-95314.101562,4622.068848,352.7958
ccOTMFO4001-Remnants.esl,FE008425,00047853,Terminal01,STAT,-94648.226562,-95103.109375,4669.737793,183.3000
ccOTMFO4001-Remnants.esl,FE008424,00047853,Terminal01,STAT,-94602.757812,-95104.742188,4669.737793,183.7583
ccOTMFO4001-Remnants.esl,FE008423,00047853,Terminal01,STAT,-94558.132812,-95107.484375,4669.737793,184.2739
ccOTMFO4001-Remnants.esl,FE008422,0008C184,Vault_Shelf_02,STAT,-94638.445312,-94726.320312,4618.250977,90.3558
ccOTMFO4001-Remnants.esl,FE008421,0008C184,Vault_Shelf_02,STAT,-94604.414062,-95108.359375,4612.620117,183.4614
ccOTMFO4001-Remnants.esl,FE008420,000B0F48,Vault_Shelf_03,STAT,-94334.664062,-95090.375000,4636.995605,183.8052
ccOTMFO4001-Remnants.esl,FE00841F,000E9AE2,NpcChairVaultSit03ClosedStatic,STAT,-94859.070312,-94963.039062,4605.200684,280.4113
ccOTMFO4001-Remnants.esl,FE00841E,000E9AE2,NpcChairVaultSit03ClosedStatic,STAT,-94852.062500,-94897.304688,4607.021973,268.1573
ccOTMFO4001-Remnants.esl,FE00841D,000E9AE2,NpcChairVaultSit03ClosedStatic,STAT,-95004.500000,-94858.898438,4596.800293,24.1145
ccOTMFO4001-Remnants.esl,FE00841C,000F17EE,IndCatLight02On,STAT,-94779.726562,-95161.390625,4649.583496,2.4981
ccOTMFO4001-Remnants.esl,FE00841B,0008E797,defaultLightCool03NS,LIGH,-94811.898438,-95161.843750,4704.135254,269.0211
ccOTMFO4001-Remnants.esl,FE00841A,001017F7,defaultLightCool03NSNonSpec,LIGH,-94810.312500,-95160.148438,4724.425781,269.0211
ccOTMFO4001-Remnants.esl,FE008419,001C9080,MistLargeRoundDustyDimmer,MSTT,-94807.921875,-95163.257812,4723.337891,2.5709
ccOTMFO4001-Remnants.esl,FE008418,0003A9ED,OfficeBoxPapers03,STAT,-94764.765625,-95193.218750,4701.032715,90.9973
ccOTMFO4001-Remnants.esl,FE008417,0003A9ED,OfficeBoxPapers03,STAT,-94765.453125,-95225.960938,4701.032715,84.5802
ccOTMFO4001-Remnants.esl,FE008416,FE0080AC,ccOTMFO4001_EnclaveCrateLoot01,CONT,-94760.171875,-95221.125000,4624.550781,2.4754
ccOTMFO4001-Remnants.esl,FE008415,FE0080AC,ccOTMFO4001_EnclaveCrateLoot01,CONT,-94760.171875,-95221.125000,4661.705566,1.6733
ccOTMFO4001-Remnants.esl,FE008414,0003A9EC,OfficeBoxPapers02,STAT,-94874.273438,-95484.007812,4669.773926,192.9838
ccOTMFO4001-Remnants.esl,FE008413,0003A9EB,OfficeBoxPapers01,STAT,-94996.218750,-95298.679688,4669.773926,125.5466
ccOTMFO4001-Remnants.esl,FE008412,000B0F48,Vault_Shelf_03,STAT,-94760.726562,-95215.750000,4612.444336,92.7621
ccOTMFO4001-Remnants.esl,FE008411,0003A9EB,OfficeBoxPapers01,STAT,-94767.859375,-95257.976562,4701.032715,99.8782
ccOTMFO4001-Remnants.esl,FE008410,00140D99,Pen01,MISC,-94969.648438,-95297.304688,4670.189941,0.0000
ccOTMFO4001-Remnants.esl,FE00840F,0001F92F,Clipboard01,MISC,-94960.921875,-95297.703125,4669.773926,199.5719
ccOTMFO4001-Remnants.esl,FE00840E,00047853,Terminal01,STAT,-94986.828125,-95256.984375,4669.773926,275.2023
ccOTMFO4001-Remnants.esl,FE00840D,0018E8FC,HamRadio,ACTI,-94974.242188,-95215.125000,4669.773926,299.3238
ccOTMFO4001-Remnants.esl,FE00840C,000AE440,NpcChairVaultSit03,FURN,-94919.929688,-95265.031250,4614.535645,270.3895
ccOTMFO4001-Remnants.esl,FE00840B,000E9AE2,NpcChairVaultSit03ClosedStatic,STAT,-95229.101562,-95225.546875,4587.557129,175.2184
ccOTMFO4001-Remnants.esl,FE00840A,000E9AE2,NpcChairVaultSit03ClosedStatic,STAT,-95147.726562,-95237.359375,4587.557129,182.1703
ccOTMFO4001-Remnants.esl,FE008409,0008C177,Vault_Table_01,STAT,-94978.750000,-95252.492188,4613.773926,94.5956
ccOTMFO4001-Remnants.esl,FE008408,FE008217,ccOTMFO4001_workshop_EnclaveBarricade06A,STAT,-94963.414062,-95431.617188,4485.985352,273.8486
ccOTMFO4001-Remnants.esl,FE008407,FE008217,ccOTMFO4001_workshop_EnclaveBarricade06A,STAT,-94935.890625,-95433.609375,4470.773438,273.3805
ccOTMFO4001-Remnants.esl,FE008406,FE008217,ccOTMFO4001_workshop_EnclaveBarricade06A,STAT,-94839.664062,-95438.226562,4470.773438,273.3805
ccOTMFO4001-Remnants.esl,FE008405,FE008217,ccOTMFO4001_workshop_EnclaveBarricade06A,STAT,-94743.437500,-95442.843750,4470.773438,273.3805
ccOTMFO4001-Remnants.esl,FE008404,FE008217,ccOTMFO4001_workshop_EnclaveBarricade06A,STAT,-94924.695312,-95243.046875,4470.773438,273.3805
ccOTMFO4001-Remnants.esl,FE008403,FE008217,ccOTMFO4001_workshop_EnclaveBarricade06A,STAT,-94828.468750,-95247.664062,4470.773438,273.3805
ccOTMFO4001-Remnants.esl,FE008402,FE008217,ccOTMFO4001_workshop_EnclaveBarricade06A,STAT,-94732.242188,-95252.281250,4470.773438,273.3805
ccOTMFO4001-Remnants.esl,FE008401,0014061C,ConsoleTowerAMid01a,SCOL,-95167.421875,-95296.445312,4587.308105,184.1372
ccOTMFO4001-Remnants.esl,FE008400,0014061E,ConsoleTowerAMid01b,SCOL,-95215.242188,-95292.945312,4587.308105,184.1372
ccOTMFO4001-Remnants.esl,FE0083FF,001405FD,ConsoleTowerARight01,SCOL,-95127.468750,-95299.296875,4587.308105,184.1372
ccOTMFO4001-Remnants.esl,FE0083FE,001405FD,ConsoleTowerARight01,SCOL,-95263.117188,-95289.484375,4587.308105,184.1372
ccOTMFO4001-Remnants.esl,FE0083FD,FE008217,ccOTMFO4001_workshop_EnclaveBarricade06A,STAT,-95186.195312,-95315.273438,4443.919922,4.1372
ccOTMFO4001-Remnants.esl,FE0083FC,001405FD,ConsoleTowerARight01,SCOL,-94952.000000,-94992.000000,4608.000000,90.0000
ccOTMFO4001-Remnants.esl,FE0083FB,001405FB,ConsoleTowerAMid01,SCOL,-94952.000000,-94927.992188,4608.000000,90.0000
ccOTMFO4001-Remnants.esl,FE0083FA,001405FD,ConsoleTowerARight01,SCOL,-94952.000000,-94871.984375,4608.000000,90.0000
ccOTMFO4001-Remnants.esl,FE0083F9,FE008217,ccOTMFO4001_workshop_EnclaveBarricade06A,STAT,-94888.000000,-94928.000000,4464.000000,270.0000
ccOTMFO4001-Remnants.esl,FE0083F8,001405FD,ConsoleTowerARight01,SCOL,-94920.000000,-94984.000000,4608.000000,270.0000
ccOTMFO4001-Remnants.esl,FE0083F7,001405FD,ConsoleTowerARight01,SCOL,-94920.000000,-94864.000000,4608.000000,270.0000
ccOTMFO4001-Remnants.esl,FE0083F6,001405FB,ConsoleTowerAMid01,SCOL,-94920.000000,-94928.000000,4608.000000,270.0000
ccOTMFO4001-Remnants.esl,FE0083F5,00060CB4,Loot_AmmoBox,CONT,-95067.109375,-95593.875000,5861.171387,191.9442
ccOTMFO4001-Remnants.esl,FE0083F4,00060CB4,Loot_AmmoBox,CONT,-95090.664062,-95584.890625,5857.127441,205.3148
ccOTMFO4001-Remnants.esl,FE0083F3,0007132E,Loot_Prewar_Medkit_Chems_Wall,CONT,-95552.437500,-94969.617188,5180.477539,272.6930
ccOTMFO4001-Remnants.esl,FE0083F2,00175500,FootLocker01,CONT,-94809.570312,-95427.539062,4855.435059,1.7458
ccOTMFO4001-Remnants.esl,FE0083F1,00175500,FootLocker01,CONT,-94816.585938,-95527.726562,4853.295410,182.9724
ccOTMFO4001-Remnants.esl,FE0083F0,000AEF5A,Vault_FloorMat_Medium_01,STAT,-94685.054688,-94919.773438,5131.477051,353.1514
ccOTMFO4001-Remnants.esl,FE0083EF,000AEF5C,Vault_FloorMat_Medium_02,STAT,-94676.695312,-95124.679688,5127.332520,1.1889
ccOTMFO4001-Remnants.esl,FE0083EE,00069082,c_Springs_scrap,MISC,-94830.601562,-95568.343750,5169.507324,205.2651
ccOTMFO4001-Remnants.esl,FE0083ED,00069081,c_Screws_scrap,MISC,-94839.742188,-95546.835938,5147.997070,359.9617
ccOTMFO4001-Remnants.esl,FE0083EC,0004D1F4,ScrewDriver01,MISC,-94825.765625,-95556.093750,5150.088867,62.9895
ccOTMFO4001-Remnants.esl,FE0083EB,0004D1F4,ScrewDriver01,MISC,-94821.875000,-95565.445312,5150.104492,74.4318
ccOTMFO4001-Remnants.esl,FE0083EA,0004D1F6,Wrench02,MISC,-94841.164062,-95543.593750,5169.888184,17.0765
ccOTMFO4001-Remnants.esl,FE0083E9,002197FE,Vault_Cart_01,STAT,-94833.898438,-95551.234375,5107.241699,256.7889
ccOTMFO4001-Remnants.esl,FE0083E8,0013BD08,WorkbenchPowerArmorSmall,FURN,-94947.039062,-95511.343750,5113.518066,44.8735
ccOTMFO4001-Remnants.esl,FE0083E7,000AEF5C,Vault_FloorMat_Medium_02,STAT,-95309.773438,-95119.937500,4828.590332,166.0540
ccOTMFO4001-Remnants.esl,FE0083E6,000AEF5A,Vault_FloorMat_Medium_01,STAT,-95379.414062,-95213.757812,4820.120117,359.9123
ccOTMFO4001-Remnants.esl,FE0083E5,000AEF5A,Vault_FloorMat_Medium_01,STAT,-94843.726562,-95478.609375,4851.247070,359.9123
ccOTMFO4001-Remnants.esl,FE0083E4,001017F7,defaultLightCool03NSNonSpec,LIGH,-95585.765625,-95067.546875,5181.711914,265.6594
ccOTMFO4001-Remnants.esl,FE0083E3,0008E797,defaultLightCool03NS,LIGH,-95586.140625,-95068.187500,5161.303711,265.6594
ccOTMFO4001-Remnants.esl,FE0083E2,001C9080,MistLargeRoundDustyDimmer,MSTT,-95583.132812,-95070.445312,5180.607422,0.0000
ccOTMFO4001-Remnants.esl,FE0083E1,000F17EE,IndCatLight02On,STAT,-95550.984375,-95063.273438,5108.841309,359.6657
ccOTMFO4001-Remnants.esl,FE0083E0,001A594B,TrashcanMetalOffice01,MSTT,-95706.718750,-95050.648438,5060.109375,358.9049
ccOTMFO4001-Remnants.esl,FE0083DF,000A4920,DishRag01,MISC,-95699.664062,-94935.718750,5117.047852,279.7917
ccOTMFO4001-Remnants.esl,FE0083DE,0001F92F,Clipboard01,MISC,-95712.437500,-95186.234375,5111.461914,259.2888
ccOTMFO4001-Remnants.esl,FE0083DD,000211C4,CoffeeCup01,MISC,-95708.789062,-95162.132812,5112.266602,80.1718
ccOTMFO4001-Remnants.esl,FE0083DC,00140AF0,FolderPapers01,MISC,-95739.750000,-95005.281250,5113.431152,269.4157
ccOTMFO4001-Remnants.esl,FE0083DB,00140AF0,FolderPapers01,MISC,-95739.054688,-95005.054688,5113.019043,262.5402
ccOTMFO4001-Remnants.esl,FE0083DA,00059AF8,Pencil,MISC,-95689.125000,-94998.148438,5116.769043,177.2591
ccOTMFO4001-Remnants.esl,FE0083D9,0001F92F,Clipboard01,MISC,-95702.265625,-94998.820312,5115.443359,287.9141
ccOTMFO4001-Remnants.esl,FE0083D8,000C9ADA,SurgicalScalpel,MISC,-95712.414062,-94918.625000,5117.727539,251.1481
ccOTMFO4001-Remnants.esl,FE0083D7,000C9ADE,SurgicalCutter,MISC,-95715.265625,-94909.406250,5116.270020,355.6650
ccOTMFO4001-Remnants.esl,FE0083D6,00059AD8,SurgicalTray01,MISC,-95715.421875,-94915.492188,5116.462891,56.7390
ccOTMFO4001-Remnants.esl,FE0083D5,00140AC0,Gurney01Static,STAT,-95664.476562,-94844.273438,5064.424316,18.1897
ccOTMFO4001-Remnants.esl,FE0083D4,000AEF5C,Vault_FloorMat_Medium_02,STAT,-95672.109375,-95047.007812,5061.301270,273.9687
ccOTMFO4001-Remnants.esl,FE0083D3,000AEF5B,Vault_FloorMat_Small_01,STAT,-95646.414062,-95151.515625,5060.694336,2.3760
ccOTMFO4001-Remnants.esl,FE0083D2,000AEF5C,Vault_FloorMat_Medium_02,STAT,-95681.289062,-95249.210938,5056.266602,271.1040
ccOTMFO4001-Remnants.esl,FE0083D1,FE008215,ccOTMFO4001_workshop_EnclaveBarricade08,STAT,-95727.914062,-95408.750000,5053.192871,262.4920
ccOTMFO4001-Remnants.esl,FE0083D0,0004D1F2,DuctTape01,MISC,-94914.968750,-94959.875000,5478.737793,359.8761
ccOTMFO4001-Remnants.esl,FE0083CF,00192D5D,DeskFanOfficeOff01,MISC,-94936.406250,-94939.164062,5487.508301,163.1044
ccOTMFO4001-Remnants.esl,FE0083CE,000657FB,CuttingFluid,MISC,-94929.929688,-94960.273438,5475.318848,342.7754
ccOTMFO4001-Remnants.esl,FE0083CD,0001F92F,Clipboard01,MISC,-95230.632812,-94928.648438,5457.134277,6.1756
ccOTMFO4001-Remnants.esl,FE0083CC,0001F92F,Clipboard01,MISC,-95218.242188,-94936.710938,5457.057129,40.3888
ccOTMFO4001-Remnants.esl,FE0083CB,0011DA0F,Blowtorch,MISC,-95032.640625,-94948.398438,5470.503418,148.1817
ccOTMFO4001-Remnants.esl,FE0083CA,00173F01,SmithingToolSaw02,MISC,-95037.898438,-94928.148438,5481.513184,7.6043
ccOTMFO4001-Remnants.esl,FE0083C9,001A594C,Bin_Plastic,MSTT,-95035.796875,-94941.757812,5468.255859,74.4845
ccOTMFO4001-Remnants.esl,FE0083C8,0017E787,workbenchWeaponsB,FURN,-95108.210938,-95062.562500,5354.527832,179.9088
ccOTMFO4001-Remnants.esl,FE0083C7,000AEF5B,Vault_FloorMat_Small_01,STAT,-95427.187500,-95184.851562,5330.809570,8.6213
ccOTMFO4001-Remnants.esl,FE0083C6,000AEF5B,Vault_FloorMat_Small_01,STAT,-95445.351562,-95104.460938,5331.340820,5.1835
ccOTMFO4001-Remnants.esl,FE0083C5,000AEF5B,Vault_FloorMat_Small_01,STAT,-95372.734375,-95112.203125,5336.185547,359.9123
ccOTMFO4001-Remnants.esl,FE0083C4,000AEF5C,Vault_FloorMat_Medium_02,STAT,-95106.132812,-95033.664062,5357.320312,182.5820
ccOTMFO4001-Remnants.esl,FE0083C3,000AEF5C,Vault_FloorMat_Medium_02,STAT,-95175.242188,-95031.148438,5351.823242,0.3707
ccOTMFO4001-Remnants.esl,FE0083C2,00060CB4,Loot_AmmoBox,CONT,-94989.453125,-95138.656250,5360.933105,204.9827
ccOTMFO4001-Remnants.esl,FE0083C1,000FDEE8,defaultLightWarm01NSNonSpec,LIGH,-95337.046875,-94883.562500,5425.519043,157.7455
ccOTMFO4001-Remnants.esl,FE0083C0,000C5371,ConstructionLight_Standing_2piece_On1,SCOL,-95479.164062,-94649.476562,5340.447754,298.5884
ccOTMFO4001-Remnants.esl,FE0083BF,0002B76A,EmergencyLightBeam01,MSTT,-95483.953125,-94671.289062,5452.110352,180.0000
ccOTMFO4001-Remnants.esl,FE0083BE,0002B76A,EmergencyLightBeam01,MSTT,-95466.171875,-94636.492188,5452.110352,180.0000
ccOTMFO4001-Remnants.esl,FE0083BD,000517B0,DefaultLightWhite01NS,LIGH,-95394.648438,-94711.960938,5434.389160,157.7455
ccOTMFO4001-Remnants.esl,FE0083BC,000FDEE8,defaultLightWarm01NSNonSpec,LIGH,-95224.218750,-94765.593750,5425.519043,157.7455
ccOTMFO4001-Remnants.esl,FE0083BB,000F17EE,IndCatLight02On,STAT,-95061.562500,-95113.921875,5378.395020,88.4777
ccOTMFO4001-Remnants.esl,FE0083BA,001017F7,defaultLightCool03NSNonSpec,LIGH,-95063.218750,-95112.101562,5481.204102,268.3788
ccOTMFO4001-Remnants.esl,FE0083B9,0008E797,defaultLightCool03NS,LIGH,-95067.437500,-95112.742188,5461.235352,268.3788
ccOTMFO4001-Remnants.esl,FE0083B8,001C9080,MistLargeRoundDustyDimmer,MSTT,-95062.507812,-95115.000000,5464.886719,0.0000
ccOTMFO4001-Remnants.esl,FE0083B7,0004D1F3,Hammer01,MISC,-95399.593750,-95232.757812,5353.978027,359.9309
ccOTMFO4001-Remnants.esl,FE0083B6,000E7D9C,StepLadderOpenSmall,STAT,-95367.851562,-95243.742188,5332.314453,190.4517
ccOTMFO4001-Remnants.esl,FE0083B5,0004D1F7,Wrench03,MISC,-95372.148438,-95242.859375,5412.211914,259.2038
ccOTMFO4001-Remnants.esl,FE0083B4,000670B1,Loot_Prewar_ToolBox,CONT,-95400.382812,-95233.343750,5331.409180,200.4476
ccOTMFO4001-Remnants.esl,FE0083B3,FE0080AC,ccOTMFO4001_EnclaveCrateLoot01,CONT,-95487.156250,-95244.125000,5367.508789,136.0892
ccOTMFO4001-Remnants.esl,FE0083B2,000BA58F,Vault_Crate_01_Steel,STAT,-95526.601562,-95269.164062,5321.900879,281.5346
ccOTMFO4001-Remnants.esl,FE0083B1,000BA58F,Vault_Crate_01_Steel,STAT,-95498.101562,-95219.687500,5325.777344,18.5220
ccOTMFO4001-Remnants.esl,FE0083B0,000BA58F,Vault_Crate_01_Steel,STAT,-95452.781250,-95270.906250,5327.130859,352.7940
ccOTMFO4001-Remnants.esl,FE0083AF,000AEF5B,Vault_FloorMat_Small_01,STAT,-95386.546875,-94665.796875,5345.145508,359.9123
ccOTMFO4001-Remnants.esl,FE0083AE,000AEF5B,Vault_FloorMat_Small_01,STAT,-95316.585938,-94680.156250,5349.660156,2.7260
ccOTMFO4001-Remnants.esl,FE0083AD,000AEF5B,Vault_FloorMat_Small_01,STAT,-95249.734375,-94683.960938,5354.193359,359.9123
ccOTMFO4001-Remnants.esl,FE0083AC,000AEF5A,Vault_FloorMat_Medium_01,STAT,-95313.164062,-94780.796875,5347.661621,0.8885
ccOTMFO4001-Remnants.esl,FE0083AB,000AEF5B,Vault_FloorMat_Small_01,STAT,-95177.460938,-94689.554688,5355.649414,6.7312
ccOTMFO4001-Remnants.esl,FE0083AA,000AEF5B,Vault_FloorMat_Small_01,STAT,-95048.000000,-94698.601562,5367.805176,9.9627
ccOTMFO4001-Remnants.esl,FE0083A9,000AEF5B,Vault_FloorMat_Small_01,STAT,-95078.367188,-94822.882812,5362.947266,3.5300
ccOTMFO4001-Remnants.esl,FE0083A8,000AEF5C,Vault_FloorMat_Medium_02,STAT,-95181.351562,-94784.257812,5355.957520,359.2234
ccOTMFO4001-Remnants.esl,FE0083A7,FE00812B,ccOTMFO4001_EnclaveCrateWeaponStandard01,CONT,-95135.687500,-94937.562500,5463.416016,267.6062
ccOTMFO4001-Remnants.esl,FE0083A6,FE0080AC,ccOTMFO4001_EnclaveCrateLoot01,CONT,-94858.476562,-95075.875000,5477.775391,2.8782
ccOTMFO4001-Remnants.esl,FE0083A5,FE00812C,ccOTMFO4001_EnclaveCrateAmmoPlasma01,CONT,-95240.906250,-94880.960938,4893.495117,152.5214
ccOTMFO4001-Remnants.esl,FE0083A4,FE008232,ccOTMFO4001_workshop_EnclaveFlag02,STAT,-95043.195312,-95603.546875,4949.927246,182.2542
ccOTMFO4001-Remnants.esl,FE0083A3,0014D090,NpcBedMilitaryCotMattressLay01,FURN,-95037.289062,-95381.750000,4845.243652,92.4186
ccOTMFO4001-Remnants.esl,FE0083A2,0014D092,MilitaryCot01Frame,STAT,-95037.289062,-95381.750000,4845.243652,92.4186
ccOTMFO4001-Remnants.esl,FE0083A1,0014D090,NpcBedMilitaryCotMattressLay01,FURN,-94853.414062,-95573.585938,4842.763184,274.2178
ccOTMFO4001-Remnants.esl,FE0083A0,0014D092,MilitaryCot01Frame,STAT,-94853.414062,-95573.585938,4842.763184,274.2178
ccOTMFO4001-Remnants.esl,FE00839F,0014D090,NpcBedMilitaryCotMattressLay01,FURN,-94847.968750,-95381.187500,4848.418945,91.7306
ccOTMFO4001-Remnants.esl,FE00839E,0014D092,MilitaryCot01Frame,STAT,-94847.968750,-95381.187500,4848.418945,91.7306
ccOTMFO4001-Remnants.esl,FE00839D,FE008215,ccOTMFO4001_workshop_EnclaveBarricade08,STAT,-95030.640625,-95339.882812,4838.459961,180.0013
ccOTMFO4001-Remnants.esl,FE00839C,FE008215,ccOTMFO4001_workshop_EnclaveBarricade08,STAT,-94839.250000,-95340.054688,4853.804688,180.0013
ccOTMFO4001-Remnants.esl,FE00839B,FE008215,ccOTMFO4001_workshop_EnclaveBarricade08,STAT,-95635.679688,-94657.992188,5072.294922,9.4755
ccOTMFO4001-Remnants.esl,FE00839A,FE008215,ccOTMFO4001_workshop_EnclaveBarricade08,STAT,-95630.968750,-94649.882812,5072.294922,8.7429
ccOTMFO4001-Remnants.esl,FE008399,FE008215,ccOTMFO4001_workshop_EnclaveBarricade08,STAT,-95632.679688,-94642.101562,5072.294922,8.9120
ccOTMFO4001-Remnants.esl,FE008398,FE008215,ccOTMFO4001_workshop_EnclaveBarricade08,STAT,-95186.867188,-94637.492188,5117.090820,180.0735
ccOTMFO4001-Remnants.esl,FE008397,FE008215,ccOTMFO4001_workshop_EnclaveBarricade08,STAT,-95378.468750,-94637.492188,5104.813965,180.0735
ccOTMFO4001-Remnants.esl,FE008396,FE008211,ccOTMFO4001_workshop_EnclaveBarricade07,STAT,-94761.054688,-94929.859375,5126.819336,83.3705
ccOTMFO4001-Remnants.esl,FE008395,FE008211,ccOTMFO4001_workshop_EnclaveBarricade07,STAT,-94755.335938,-95119.960938,5121.141602,93.2214
ccOTMFO4001-Remnants.esl,FE008394,FE0081F9,ccOTMFO4001_workshop_EnclaveFlag01,STAT,-94554.726562,-95306.453125,5272.139160,90.8710
ccOTMFO4001-Remnants.esl,FE008393,FE00812C,ccOTMFO4001_EnclaveCrateAmmoPlasma01,CONT,-95657.601562,-95523.476562,5139.040039,75.6950
ccOTMFO4001-Remnants.esl,FE008392,FE00812A,ccOTMFO4001_EnclaveCrateWeaponBigGuns01,CONT,-95656.898438,-95512.750000,5089.479980,84.1748
ccOTMFO4001-Remnants.esl,FE008391,0008C184,Vault_Shelf_02,STAT,-95652.281250,-95522.031250,5038.482910,352.2150
ccOTMFO4001-Remnants.esl,FE00838F,FE00812C,ccOTMFO4001_EnclaveCrateAmmoPlasma01,CONT,-95806.914062,-95481.687500,5811.154297,187.1085
ccOTMFO4001-Remnants.esl,FE00838E,FE00812B,ccOTMFO4001_EnclaveCrateWeaponStandard01,CONT,-95728.140625,-95558.093750,5816.592285,80.1264
ccOTMFO4001-Remnants.esl,FE00838D,FE0080AC,ccOTMFO4001_EnclaveCrateLoot01,CONT,-95564.531250,-94633.796875,5847.507324,265.6455
ccOTMFO4001-Remnants.esl,FE00838C,FE0081EC,ccOTMFO4001_workshop_EnclaveBarricade02,STAT,-95739.562500,-94643.750000,5830.391602,140.7480
ccOTMFO4001-Remnants.esl,FE00838B,FE008215,ccOTMFO4001_workshop_EnclaveBarricade08,STAT,-95840.210938,-95499.875000,5807.104980,91.7520
ccOTMFO4001-Remnants.esl,FE00838A,FE008211,ccOTMFO4001_workshop_EnclaveBarricade07,STAT,-95747.460938,-95598.937500,5811.269043,1.7520
ccOTMFO4001-Remnants.esl,FE008389,FE0081EB,ccOTMFO4001_workshop_EnclaveBarricade03,STAT,-94889.531250,-95596.445312,5869.354004,319.7450
ccOTMFO4001-Remnants.esl,FE0082C3,0002D19D,NavBlocker,ACTI,-94845.304688,-95185.250000,5461.606445,279.5458
ccOTMFO4001-Remnants.esl,FE0082C2,0002D19D,NavBlocker,ACTI,-95169.976562,-95113.859375,5441.666016,269.0606
ccOTMFO4001-Remnants.esl,FE0082C1,0002D19D,NavBlocker,ACTI,-95038.187500,-95140.250000,5446.248047,273.2432
ccOTMFO4001-Remnants.esl,FE0082BF,0002D19D,NavBlocker,ACTI,-94917.789062,-95188.382812,5449.912598,14.8286
ccOTMFO4001-Remnants.esl,FE0082BE,FE008211,ccOTMFO4001_workshop_EnclaveBarricade07,STAT,-95129.687500,-95165.601562,5349.074707,355.5311
ccOTMFO4001-Remnants.esl,FE0082BD,FE008211,ccOTMFO4001_workshop_EnclaveBarricade07,STAT,-94940.890625,-95182.656250,5360.795410,14.2094
ccOTMFO4001-Remnants.esl,FE0082BC,FE0081F1,ccOTMFO4001_LvlTurretTripodEnclave,NPC_,-94805.460938,-95235.562500,4999.828613,270.0000
ccOTMFO4001-Remnants.esl,FE0082BB,FE008217,ccOTMFO4001_workshop_EnclaveBarricade06A,STAT,-94746.421875,-95239.078125,4861.359375,271.5739
ccOTMFO4001-Remnants.esl,FE0082BA,FE008211,ccOTMFO4001_workshop_EnclaveBarricade07,STAT,-95384.148438,-95299.523438,4817.697754,0.9437
ccOTMFO4001-Remnants.esl,FE0082B9,FE008211,ccOTMFO4001_workshop_EnclaveBarricade07,STAT,-95403.453125,-95305.156250,5072.798828,0.9437
ccOTMFO4001-Remnants.esl,FE0082B8,FE008215,ccOTMFO4001_workshop_EnclaveBarricade08,STAT,-95421.109375,-95310.835938,5328.432129,0.9437
ccOTMFO4001-Remnants.esl,FE0082B7,0002D19D,NavBlocker,ACTI,-94854.085938,-94577.328125,5222.588379,358.4607
ccOTMFO4001-Remnants.esl,FE0082B6,FE008211,ccOTMFO4001_workshop_EnclaveBarricade07,STAT,-94835.843750,-94585.000000,5133.884277,178.2770
ccOTMFO4001-Remnants.esl,FE0081B8,0002D19D,NavBlocker,ACTI,-95715.484375,-94734.656250,6025.073730,275.4499
ccOTMFO4001-Remnants.esl,FE0080B6,FE00802F,ccOTMFO4001_LvlEnclaveSoldier_PowerArmor_BigGun_Aggro2048,NPC_,-94869.929688,-95143.468750,5885.333008,126.0507
ccOTMFO4001-Remnants.esl,FE0080E3,0002D19D,NavBlocker,ACTI,-95394.335938,-95280.078125,4913.586426,0.8484
ccOTMFO4001-Remnants.esl,FE0080DF,0002D19D,NavBlocker,ACTI,-95411.757812,-95283.812500,5164.857910,0.8484
ccOTMFO4001-Remnants.esl,FE0080DB,0002D19D,NavBlocker,ACTI,-95431.750000,-95255.195312,5423.131836,0.8484
ccOTMFO4001-Remnants.esl,FE0080DA,000B819F,NpcChairVaultSit03Static,STAT,-94835.828125,-95452.390625,4613.773926,187.9413
ccOTMFO4001-Remnants.esl,FE0080D9,0008C177,Vault_Table_01,STAT,-94825.226562,-95485.312500,4613.773926,1.4899
ccOTMFO4001-Remnants.esl,FE0080D7,FE00802B,ccOTMFO4001_LvlEnclaveSoldier_PowerArmor_Auto_Aggro2048,NPC_,-95099.117188,-94759.070312,5634.724609,63.0254
ccOTMFO4001-Remnants.esl,FE0080D6,000F6525,DefaultEnableDisableChainTrigger,ACTI,-95458.437500,-94926.406250,5442.420410,29.2654
ccOTMFO4001-Remnants.esl,FE0080D5,0003251F,DefaultSetStageTriggerPlayerOnly,ACTI,-95422.757812,-95368.382812,5696.001953,271.9306
ccOTMFO4001-Remnants.esl,FE0080D4,0003251F,DefaultSetStageTriggerPlayerOnly,ACTI,-95139.023438,-94828.648438,5492.959961,272.8370
ccOTMFO4001-Remnants.esl,FE0080D3,000F6525,DefaultEnableDisableChainTrigger,ACTI,-94485.789062,-95124.078125,4714.881348,2.2625
ccOTMFO4001-Remnants.esl,FE0080C8,0002D19D,NavBlocker,ACTI,-94762.757812,-95238.804688,4935.876953,272.3314
ccOTMFO4001-Remnants.esl,FE0080C5,000F6525,DefaultEnableDisableChainTrigger,ACTI,-94989.023438,-95227.078125,4927.004883,182.0270
ccOTMFO4001-Remnants.esl,FE0080C4,000F6525,DefaultEnableDisableChainTrigger,ACTI,-95621.210938,-95211.992188,5156.357422,92.2907
ccOTMFO4001-Remnants.esl,FE0080C3,000969BA,KlaxonLight01,MSTT,-94991.820312,-95098.429688,4818.534668,271.4864
ccOTMFO4001-Remnants.esl,FE0080C2,000969BA,KlaxonLight01,MSTT,-95025.656250,-95053.140625,5330.206055,87.7118
ccOTMFO4001-Remnants.esl,FE0080C1,000969BA,KlaxonLight01,MSTT,-95426.671875,-95027.648438,5560.408203,0.0000
ccOTMFO4001-Remnants.esl,FE0080BF,0001FA5A,RadioTransmitter,ACTI,-95479.039062,-94933.117188,6143.327637,0.0000
ccOTMFO4001-Remnants.esl,FE0080BE,0007CE79,SecurityGateSm01,ACTI,-94922.234375,-94757.312500,5371.936035,270.0000
ccOTMFO4001-Remnants.esl,FE0080BD,0003251C,DefaultSetStageTrigger,ACTI,-95405.179688,-94731.828125,5432.962891,87.5286
ccOTMFO4001-Remnants.esl,FE0080BC,0002D19D,NavBlocker,ACTI,-94922.234375,-94676.929688,5472.736328,270.0000
ccOTMFO4001-Remnants.esl,FE0080BB,0002D19D,NavBlocker,ACTI,-94922.234375,-94838.218750,5472.736328,270.0000
ccOTMFO4001-Remnants.esl,FE0080BA,000E982A,BOSBarricadePoles01,STAT,-95001.804688,-94757.890625,5383.601562,90.0001
ccOTMFO4001-Remnants.esl,FE0080B9,0001B42F,SecurityGateFencingExSm01,STAT,-94922.234375,-94642.187500,5371.936035,270.0000
ccOTMFO4001-Remnants.esl,FE0080B8,00000021,CollisionMarker,STAT,-95051.859375,-95083.343750,5618.631836,11.4222
ccOTMFO4001-Remnants.esl,FE0080B7,00000021,CollisionMarker,STAT,-94819.562500,-94725.015625,5379.845703,3.1557
ccOTMFO4001-Remnants.esl,0018FDCC,00084912,LvlFeralGhoulAmbush,NPC_,-95211.117188,-94894.703125,4582.157715,137.2908
ccOTMFO4001-Remnants.esl,0018FDC9,00084912,LvlFeralGhoulAmbush,NPC_,-95417.531250,-95067.000000,4564.070801,272.2907
ccOTMFO4001-Remnants.esl,0018FDC4,00084912,LvlFeralGhoulAmbush,NPC_,-94812.820312,-95451.539062,4587.925781,308.2148
ccOTMFO4001-Remnants.esl,0018FDBE,00084912,LvlFeralGhoulAmbush,NPC_,-94805.101562,-95484.312500,5110.462891,2.2908
ccOTMFO4001-Remnants.esl,0018FDBB,00084912,LvlFeralGhoulAmbush,NPC_,-94864.281250,-95392.609375,4841.476074,2.2908
ccOTMFO4001-Remnants.esl,0018FDB5,00084912,LvlFeralGhoulAmbush,NPC_,-95384.367188,-95237.484375,4811.229980,2.2907
ccOTMFO4001-Remnants.esl,0018FDB4,000D39E9,Loot_CorpseFeralGhoul01,NPC_,-95122.117188,-94693.164062,5359.252441,137.2908
ccOTMFO4001-Remnants.esl,0018FDB3,000D39EA,Loot_CorpseFeralGhoul02,NPC_,-95025.648438,-95308.281250,5624.769043,0.0000
ccOTMFO4001-Remnants.esl,0018FDB0,00084912,LvlFeralGhoulAmbush,NPC_,-95083.132812,-95022.695312,5350.159668,182.2908
ccOTMFO4001-Remnants.esl,0018FDAA,00084912,LvlFeralGhoulAmbush,NPC_,-95271.609375,-94719.015625,5346.509766,182.2908
ccOTMFO4001-Remnants.esl,0018FDA4,000F2B91,LvlFeralGhoulGlowingOneAmbush,NPC_,-94882.703125,-95511.500000,5616.750488,272.2907
ccOTMFO4001-Remnants.esl,0018FD9E,000EB22A,TrapExplGas01,ACTI,-94888.140625,-95431.023438,4712.875488,182.2908
ccOTMFO4001-Remnants.esl,0018FD9D,000EB22A,TrapExplGas01,ACTI,-95133.031250,-95148.882812,4710.244141,182.2908
ccOTMFO4001-Remnants.esl,0018FD9C,000EB22A,TrapExplGas01,ACTI,-95144.109375,-95412.765625,4711.639160,182.2908
ccOTMFO4001-Remnants.esl,0018FD9B,000EB22A,TrapExplGas01,ACTI,-94877.062500,-95167.140625,4711.480469,182.2908
ccOTMFO4001-Remnants.esl,0018F4E1,000A2804,ElevatorMaster,ACTI,-95396.421875,-95470.140625,4845.341797,2.4726
ccOTMFO4001-Remnants.esl,0018FDC0,00002CE2,PatrolIdleMarker,IDLM,-94864.757812,-95308.625000,4661.097168,0.0000
ccOTMFO4001-Remnants.esl,0018FDC3,0009F974,AmbushFeralGhoulGetUpA,FURN,-94985.187500,-95252.835938,4661.097168,0.0000
ccOTMFO4001-Remnants.esl,FE0084E5,FE0084D9,ccOTMFO4001_EncEncounterTrigger,ACTI,-14881.715820,59623.234375,1740.578735,0.0000
ccOTMFO4001-Remnants.esl,FE0084E4,FE0084D9,ccOTMFO4001_EncEncounterTrigger,ACTI,78256.109375,78507.125000,726.616211,0.0000
ccOTMFO4001-Remnants.esl,FE0084AD,FE0084A7,ccOTMFO4001_BloodMarkerObjectiveTrigger,ACTI,60645.339844,67181.609375,965.822144,327.4104
ccOTMFO4001-Remnants.esl,FE0084AC,FE0084A7,ccOTMFO4001_BloodMarkerObjectiveTrigger,ACTI,59889.011719,67370.078125,809.292847,350.3287
ccOTMFO4001-Remnants.esl,FE0084AB,FE0084A7,ccOTMFO4001_BloodMarkerObjectiveTrigger,ACTI,59519.128906,66744.796875,809.292847,293.0330
ccOTMFO4001-Remnants.esl,FE0084AA,FE0084A7,ccOTMFO4001_BloodMarkerObjectiveTrigger,ACTI,59357.359375,65927.109375,1038.220947,253.9572
ccOTMFO4001-Remnants.esl,FE00849F,FE008128,ccOTMFO4001_LvlEnclaveSoldier_PowerArmor_Hellfire_Aggro2048,NPC_,61198.542969,67431.601562,1103.061768,296.9747
ccOTMFO4001-Remnants.esl,FE008081,0014055E,EncBrahminPack,NPC_,60726.171875,67548.828125,1019.608276,17.1887
ccOTMFO4001-Remnants.esl,FE008083,000A0E32,Loot_CorpseSettlerMale,NPC_,60888.355469,67548.085937,1065.523193,131.7803
ccOTMFO4001-Remnants.esl,FE008082,000A0E33,Loot_CorpseSettlerFemale,NPC_,60862.601562,67646.015625,1090.724121,114.5916
ccOTMFO4001-Remnants.esl,FE008388,000BA58F,Vault_Crate_01_Steel,STAT,60983.312500,66085.617187,1049.636230,0.0000
ccOTMFO4001-Remnants.esl,FE008387,000BA590,Vault_Crate_02_Steel,STAT,60990.515625,66138.453125,1055.213745,350.2141
ccOTMFO4001-Remnants.esl,FE008386,000BA58F,Vault_Crate_01_Steel,STAT,60927.828125,66618.375000,1075.615845,39.4485
ccOTMFO4001-Remnants.esl,FE008385,000BA58F,Vault_Crate_01_Steel,STAT,60891.562500,66576.031250,1069.996094,270.0000
ccOTMFO4001-Remnants.esl,FE008384,00035A21,RedWireSpline01,BNDS,61058.585937,66531.046875,1235.278320,0.0000
ccOTMFO4001-Remnants.esl,FE008383,00035A21,RedWireSpline01,BNDS,60717.796875,66293.718750,1221.811279,0.0000
ccOTMFO4001-Remnants.esl,FE008382,0001D972,BlackWireSpline02,BNDS,60578.820312,66399.062500,1268.525879,0.0000
ccOTMFO4001-Remnants.esl,FE008381,0001D972,BlackWireSpline02,BNDS,60147.703125,66571.179687,1135.695557,0.0000
ccOTMFO4001-Remnants.esl,FE008380,0001D972,BlackWireSpline02,BNDS,59946.750000,66776.085937,1097.826660,0.0000
ccOTMFO4001-Remnants.esl,FE00837F,000AEF5B,Vault_FloorMat_Small_01,STAT,60603.121094,66150.210937,1082.068848,302.9452
ccOTMFO4001-Remnants.esl,FE00837E,000AEF5B,Vault_FloorMat_Small_01,STAT,60467.972656,66179.242187,1082.068848,298.6481
ccOTMFO4001-Remnants.esl,FE00837D,000AEF5B,Vault_FloorMat_Small_01,STAT,60404.234375,66219.476562,1082.068848,302.6587
ccOTMFO4001-Remnants.esl,FE00837C,000AEF5B,Vault_FloorMat_Small_01,STAT,60441.457031,66275.945312,1082.068848,301.3982
ccOTMFO4001-Remnants.esl,FE00837B,000AEF5A,Vault_FloorMat_Medium_01,STAT,60542.328125,66253.000000,1082.068848,300.2522
ccOTMFO4001-Remnants.esl,FE00837A,00030386,WorkshopGenerator,ACTI,59936.476562,66683.921875,945.265137,58.9690
ccOTMFO4001-Remnants.esl,FE008379,FE00812C,ccOTMFO4001_EnclaveCrateAmmoPlasma01,CONT,60145.312500,67650.625000,790.564514,300.7004
ccOTMFO4001-Remnants.esl,FE008378,FE00812C,ccOTMFO4001_EnclaveCrateAmmoPlasma01,CONT,61205.234375,65595.929687,1128.350952,100.9961
ccOTMFO4001-Remnants.esl,FE008377,000F17EE,IndCatLight02On,STAT,60094.664062,67670.648437,787.120911,210.2523
ccOTMFO4001-Remnants.esl,FE008376,0008E797,defaultLightCool03NS,LIGH,60119.402344,67662.992187,878.577942,31.0458
ccOTMFO4001-Remnants.esl,FE008375,001017F7,defaultLightCool03NSNonSpec,LIGH,60117.714844,67659.070312,898.546448,31.0458
ccOTMFO4001-Remnants.esl,FE008374,001C9080,MistLargeRoundDustyDimmer,MSTT,60114.863281,67659.992187,882.228821,121.9254
ccOTMFO4001-Remnants.esl,FE008373,000F17EE,IndCatLight02On,STAT,61329.664062,66799.750000,1032.054321,2.3833
ccOTMFO4001-Remnants.esl,FE008372,0008E797,defaultLightCool03NS,LIGH,61304.234375,66794.968750,1123.511353,182.4597
ccOTMFO4001-Remnants.esl,FE008371,001017F7,defaultLightCool03NSNonSpec,LIGH,61303.871094,66799.226562,1143.479858,182.4597
ccOTMFO4001-Remnants.esl,FE008370,001C9080,MistLargeRoundDustyDimmer,MSTT,61306.816406,66799.726562,1127.162231,274.0564
ccOTMFO4001-Remnants.esl,FE00836F,000F17EE,IndCatLight02On,STAT,60659.078125,66286.320312,1069.021606,322.2762
ccOTMFO4001-Remnants.esl,FE00836E,0008E797,defaultLightCool03NS,LIGH,60642.707031,66266.265625,1160.478638,141.3971
ccOTMFO4001-Remnants.esl,FE00836D,001017F7,defaultLightCool03NSNonSpec,LIGH,60639.703125,66269.312500,1180.447144,141.3971
ccOTMFO4001-Remnants.esl,FE00836C,001C9080,MistLargeRoundDustyDimmer,MSTT,60641.621094,66271.585937,1164.129517,233.9493
ccOTMFO4001-Remnants.esl,FE00836B,0001820C,MetalTable01,STAT,60423.109375,66136.070312,1081.245483,34.3781
ccOTMFO4001-Remnants.esl,FE00836A,00165024,OfficePaperDebris02,STAT,60435.113281,66151.078125,1082.511597,257.4868
ccOTMFO4001-Remnants.esl,FE008369,0003A9EB,OfficeBoxPapers01,STAT,60396.257812,66158.273437,1095.298096,82.5053
ccOTMFO4001-Remnants.esl,FE008368,0003A9EB,OfficeBoxPapers01,STAT,60434.300781,66130.093750,1138.132935,198.0258
ccOTMFO4001-Remnants.esl,FE008367,0001F92F,Clipboard01,MISC,60401.539062,66145.296875,1137.695435,328.1336
ccOTMFO4001-Remnants.esl,FE008366,0003A9EC,OfficeBoxPapers02,STAT,60722.058594,66195.054687,1139.089966,307.4824
ccOTMFO4001-Remnants.esl,FE008365,00140D99,Pen01,MISC,60704.964844,66155.242187,1139.687866,0.0000
ccOTMFO4001-Remnants.esl,FE008364,0001F92F,Clipboard01,MISC,60697.250000,66164.125000,1139.089966,24.4080
ccOTMFO4001-Remnants.esl,FE008363,0001F92F,Clipboard01,MISC,60718.257812,66155.359375,1139.089966,63.0254
ccOTMFO4001-Remnants.esl,FE008362,000862E7,DeskLamp01,STAT,60741.304687,66168.453125,1139.089966,325.6225
ccOTMFO4001-Remnants.esl,FE008361,000BA58F,Vault_Crate_01_Steel,STAT,60806.527344,66009.531250,1090.213867,106.0766
ccOTMFO4001-Remnants.esl,FE008360,000BA58F,Vault_Crate_01_Steel,STAT,60803.242187,66009.039062,1054.595825,118.5672
ccOTMFO4001-Remnants.esl,FE00835F,000BA58F,Vault_Crate_01_Steel,STAT,60850.136719,65984.710937,1093.115479,205.8285
ccOTMFO4001-Remnants.esl,FE00835E,000211F6,WoodCrate02,STAT,60852.843750,65981.023437,1056.395630,114.1557
ccOTMFO4001-Remnants.esl,FE00835D,000E479C,FlatbedCart,STAT,60838.917969,65987.070312,1043.303711,24.4080
ccOTMFO4001-Remnants.esl,FE00835C,0003A9ED,OfficeBoxPapers03,STAT,60770.632812,65930.265625,1056.558105,32.4520
ccOTMFO4001-Remnants.esl,FE00835B,0003A9ED,OfficeBoxPapers03,STAT,60789.824219,65958.945312,1056.558105,125.5573
ccOTMFO4001-Remnants.esl,FE00835A,0003A9ED,OfficeBoxPapers03,STAT,60780.390625,65942.359375,1078.324829,32.4520
ccOTMFO4001-Remnants.esl,FE008359,000BA58F,Vault_Crate_01_Steel,STAT,60820.617187,65913.562500,1093.427612,215.7980
ccOTMFO4001-Remnants.esl,FE008358,000211F6,WoodCrate02,STAT,60822.996094,65911.531250,1056.558105,124.1252
ccOTMFO4001-Remnants.esl,FE008357,000E479C,FlatbedCart,STAT,60810.453125,65920.570312,1043.831543,34.3775
ccOTMFO4001-Remnants.esl,FE0080AD,FE008038,ccOTMFO4001_EnclaveFieldTerminal,TERM,60661.640625,66216.570312,1082.068848,21.2568
ccOTMFO4001-Remnants.esl,FE0082B5,0002D19D,NavBlocker,ACTI,61358.050781,65582.343750,1125.300903,229.5945
ccOTMFO4001-Remnants.esl,FE0082B4,0002D19D,NavBlocker,ACTI,61407.675781,65707.335937,1126.221924,190.9772
ccOTMFO4001-Remnants.esl,FE0082B3,0002D19D,NavBlocker,ACTI,61230.238281,65568.257812,1126.221924,277.6083
ccOTMFO4001-Remnants.esl,FE0082B2,0002D19D,NavBlocker,ACTI,60869.828125,65909.968750,1046.791992,203.9726
ccOTMFO4001-Remnants.esl,FE0082B1,0002D19D,NavBlocker,ACTI,60946.675781,66092.968750,1046.791992,186.8985
ccOTMFO4001-Remnants.esl,FE0082B0,0002D19D,NavBlocker,ACTI,60861.523437,66469.812500,1084.501099,148.9113
ccOTMFO4001-Remnants.esl,FE0082AF,0002D19D,NavBlocker,ACTI,61357.511719,66567.625000,1042.951050,180.0230
ccOTMFO4001-Remnants.esl,FE0082AE,0002D19D,NavBlocker,ACTI,61369.945312,66800.468750,1049.555054,259.8932
ccOTMFO4001-Remnants.esl,FE0082AD,0002D19D,NavBlocker,ACTI,61321.730469,66955.109375,1049.555054,244.4234
ccOTMFO4001-Remnants.esl,FE0082AC,0002D19D,NavBlocker,ACTI,61374.613281,66900.968750,1068.461426,155.4429
ccOTMFO4001-Remnants.esl,FE0082AB,0002D19D,NavBlocker,ACTI,61417.046875,66623.203125,1027.201294,178.9914
ccOTMFO4001-Remnants.esl,FE0082AA,0002D19D,NavBlocker,ACTI,61218.839844,67563.054687,1140.089600,261.2109
ccOTMFO4001-Remnants.esl,FE0082A9,0002D19D,NavBlocker,ACTI,61402.894531,67412.648437,1146.682129,356.2646
ccOTMFO4001-Remnants.esl,FE0082A8,0002D19D,NavBlocker,ACTI,61317.324219,67534.281250,1146.682129,297.7656
ccOTMFO4001-Remnants.esl,FE0082A7,0002D19D,NavBlocker,ACTI,60201.867187,67464.968750,825.209839,55.4515
ccOTMFO4001-Remnants.esl,FE0082A6,0002D19D,NavBlocker,ACTI,60079.117187,67533.242187,820.612732,346.2952
ccOTMFO4001-Remnants.esl,FE0082A5,0002D19D,NavBlocker,ACTI,60132.664062,67437.210937,820.612732,317.8765
ccOTMFO4001-Remnants.esl,FE0082A4,0002D19D,NavBlocker,ACTI,60080.171875,67633.242187,820.612732,19.1829
ccOTMFO4001-Remnants.esl,FE0082A3,0002D19D,NavBlocker,ACTI,60005.695312,66826.171875,1036.833862,37.3456
ccOTMFO4001-Remnants.esl,FE0082A2,0002D19D,NavBlocker,ACTI,59754.789062,66608.742187,908.148560,2.9682
ccOTMFO4001-Remnants.esl,FE0082A1,0002D19D,NavBlocker,ACTI,59814.144531,66797.234375,908.148560,37.3456
ccOTMFO4001-Remnants.esl,FE0082A0,0002D19D,NavBlocker,ACTI,59954.597656,66903.640625,948.617493,75.6191
ccOTMFO4001-Remnants.esl,FE00829F,0002D19D,NavBlocker,ACTI,60096.941406,66876.296875,970.088745,127.3571
ccOTMFO4001-Remnants.esl,FE00829E,FE008232,ccOTMFO4001_workshop_EnclaveFlag02,STAT,60576.207031,66006.906250,1216.061157,174.6484
ccOTMFO4001-Remnants.esl,FE00829D,FE0081EC,ccOTMFO4001_workshop_EnclaveBarricade02,STAT,60072.066406,67527.375000,785.023743,77.1202
ccOTMFO4001-Remnants.esl,FE00829B,FE008211,ccOTMFO4001_workshop_EnclaveBarricade07,STAT,61423.421875,66524.156250,1025.434814,269.0716
ccOTMFO4001-Remnants.esl,FE00829A,FE008211,ccOTMFO4001_workshop_EnclaveBarricade07,STAT,61376.566406,66897.078125,1025.434814,243.9762
ccOTMFO4001-Remnants.esl,FE008299,FE0081EB,ccOTMFO4001_workshop_EnclaveBarricade03,STAT,61404.125000,67491.062500,1167.796997,236.6783
ccOTMFO4001-Remnants.esl,FE008298,FE008214,ccOTMFO4001_workshop_EnclaveRamp01,STAT,61356.289062,66615.640625,1026.255127,178.9688
ccOTMFO4001-Remnants.esl,FE008297,FE008217,ccOTMFO4001_workshop_EnclaveBarricade06A,STAT,61420.906250,66715.695312,1025.434814,269.0716
ccOTMFO4001-Remnants.esl,FE008296,FE008215,ccOTMFO4001_workshop_EnclaveBarricade08,STAT,59765.289062,66641.125000,853.346741,87.8875
ccOTMFO4001-Remnants.esl,FE008295,FE008215,ccOTMFO4001_workshop_EnclaveBarricade08,STAT,59815.402344,66814.382812,877.354919,125.7028
ccOTMFO4001-Remnants.esl,FE008294,FE008215,ccOTMFO4001_workshop_EnclaveBarricade08,STAT,59958.355469,66918.023437,917.452087,163.5180
ccOTMFO4001-Remnants.esl,FE008293,FE008215,ccOTMFO4001_workshop_EnclaveBarricade08,STAT,60125.230469,66889.500000,953.187500,215.1988
ccOTMFO4001-Remnants.esl,FE008292,FE008215,ccOTMFO4001_workshop_EnclaveBarricade08,STAT,60889.355469,66480.164062,1079.517822,238.4758
ccOTMFO4001-Remnants.esl,FE008291,FE008215,ccOTMFO4001_workshop_EnclaveBarricade08,STAT,60941.863281,66099.242187,1043.691650,277.3222
ccOTMFO4001-Remnants.esl,FE008290,FE008215,ccOTMFO4001_workshop_EnclaveBarricade08,STAT,60885.242187,65918.835937,1043.691650,297.5476
ccOTMFO4001-Remnants.esl,FE00828F,FE0081EB,ccOTMFO4001_workshop_EnclaveBarricade03,STAT,61369.144531,65586.203125,1146.663818,321.4683
ccOTMFO4001-Remnants.esl,FE0080AF,FE00807A,ccOTMFO4001_LvlEnclaveSoldier_Semi_Aggro2048,NPC_,60442.839844,67514.937500,897.432129,228.2197
ccOTMFO4001-Remnants.esl,FE0080AE,FE008076,ccOTMFO4001_LvlEnclaveSoldier_Auto_Aggro1536,NPC_,60995.964844,65845.500000,1101.138916,160.4282
ccOTMFO4001-Remnants.esl,FE0080A4,0002D19D,NavBlocker,ACTI,60677.886719,66316.867187,1065.568848,32.1432
ccOTMFO4001-Remnants.esl,FE0080A3,0002D19D,NavBlocker,ACTI,60553.644531,66394.945312,1065.568848,32.1432
ccOTMFO4001-Remnants.esl,FE0080A2,0002D19D,NavBlocker,ACTI,60443.484375,66079.335937,1065.568848,122.1432
ccOTMFO4001-Remnants.esl,FE0080A1,0002D19D,NavBlocker,ACTI,60445.644531,66405.609375,1050.927368,122.1432
ccOTMFO4001-Remnants.esl,FE0080A0,0002D19D,NavBlocker,ACTI,60735.128906,66223.695312,1065.568848,122.1432
ccOTMFO4001-Remnants.esl,FE00809F,0002D19D,NavBlocker,ACTI,60742.863281,66052.179687,1065.568848,32.1432
ccOTMFO4001-Remnants.esl,FE00809E,0002D19D,NavBlocker,ACTI,60290.597656,66336.375000,1050.090820,32.1432
ccOTMFO4001-Remnants.esl,FE00809D,0002D19D,NavBlocker,ACTI,60349.726562,66280.484375,1036.643311,208.1664
ccOTMFO4001-Remnants.esl,FE00809C,0002D19D,NavBlocker,ACTI,60528.890625,66095.718750,1025.994019,301.7878
ccOTMFO4001-Remnants.esl,FE00809B,0002D19D,NavBlocker,ACTI,60692.527344,66189.218750,1060.402466,212.5210
ccOTMFO4001-Remnants.esl,FE00809A,000AE440,NpcChairVaultSit03,FURN,60679.457031,66122.703125,1082.068726,39.9354
ccOTMFO4001-Remnants.esl,FE008099,0008C177,Vault_Table_01,STAT,60693.101562,66190.023437,1082.068726,212.5209
ccOTMFO4001-Remnants.esl,FE008098,FE0080AC,ccOTMFO4001_EnclaveCrateLoot01,CONT,60389.113281,66356.132812,1082.068726,119.4729
ccOTMFO4001-Remnants.esl,FE008097,FE0080AC,ccOTMFO4001_EnclaveCrateLoot01,CONT,60515.042969,66105.687500,1082.068726,31.8104
ccOTMFO4001-Remnants.esl,FE008096,00060CB4,Loot_AmmoBox,CONT,60400.757812,66297.187500,1082.068726,176.4820
ccOTMFO4001-Remnants.esl,FE008095,00060CB4,Loot_AmmoBox,CONT,60370.734375,66307.710937,1082.068726,228.0481
ccOTMFO4001-Remnants.esl,FE008094,0019CE26,BOSBarricadePlatform03,STAT,60515.828125,66194.398437,986.068848,32.1432
ccOTMFO4001-Remnants.esl,FE008093,000AB567,NpcBedVaultLay01,FURN,60335.261719,66260.734375,1082.072021,208.1664
ccOTMFO4001-Remnants.esl,FE008092,000AB567,NpcBedVaultLay01,FURN,60612.496094,66048.148437,1081.599487,301.7878
ccOTMFO4001-Remnants.esl,FE008080,001DA027,FXFireSmall01,MSTT,60853.878906,67698.757812,1095.237305,270.0000
ccOTMFO4001-Remnants.esl,FE00807F,001DA027,FXFireSmall01,MSTT,60915.433594,67563.640625,1067.651367,270.0000
ccOTMFO4001-Remnants.esl,FE00807E,001DA027,FXFireSmall01,MSTT,60784.875000,67663.593750,1058.039795,0.0000
ccOTMFO4001-Remnants.esl,FE00807D,001DA026,FXFireMedSmokey01,MSTT,60830.515625,67608.148437,1054.468018,270.0000
ccOTMFO4001-Remnants.esl,FE008208,FE008200,ccOTMFO4001_PerkMagEnclaveEntrenchmentManual02,BOOK,64090.332031,85244.820312,2178.085205,22.0589
ccOTMFO4001-Remnants.esl,FE0081A2,FE008128,ccOTMFO4001_LvlEnclaveSoldier_PowerArmor_Hellfire_Aggro2048,NPC_,64326.066406,85217.429688,2137.582764,211.0311
ccOTMFO4001-Remnants.esl,FE0081A1,FE008076,ccOTMFO4001_LvlEnclaveSoldier_Auto_Aggro1536,NPC_,63807.941406,85657.140625,2123.778564,45.8366
ccOTMFO4001-Remnants.esl,FE0081A3,FE008079,ccOTMFO4001_LvlEnclaveSoldier_Semi_Aggro1536,NPC_,64301.941406,85591.359375,2120.000000,0.0000
ccOTMFO4001-Remnants.esl,FE00828E,001877B9,BOSBarricadePlatform02,STAT,64044.406250,85814.187500,2040.222046,277.3339
ccOTMFO4001-Remnants.esl,FE00828D,001877B9,BOSBarricadePlatform02,STAT,64181.468750,85796.554688,2040.222046,97.3339
ccOTMFO4001-Remnants.esl,FE00828C,00035A21,RedWireSpline01,BNDS,63900.578125,85753.359375,2261.867676,0.0000
ccOTMFO4001-Remnants.esl,FE00828B,00035A21,RedWireSpline01,BNDS,63969.855469,85567.765625,2261.829834,0.0000
ccOTMFO4001-Remnants.esl,FE00828A,00035A21,RedWireSpline01,BNDS,63988.742187,85377.375000,2244.578857,0.0000
ccOTMFO4001-Remnants.esl,FE008289,00035A21,RedWireSpline01,BNDS,64061.437500,85311.406250,2249.927979,0.0000
ccOTMFO4001-Remnants.esl,FE008288,00035A21,RedWireSpline01,BNDS,64064.781250,85263.156250,2214.520020,0.0000
ccOTMFO4001-Remnants.esl,FE008287,0001D971,BlackWireSpline01,BNDS,64144.921875,85495.046875,2302.845703,0.0000
ccOTMFO4001-Remnants.esl,FE008286,000C1897,AmmoFusionCell,AMMO,64075.062500,85171.796875,2178.173340,0.0002
ccOTMFO4001-Remnants.esl,FE008285,000C1897,AmmoFusionCell,AMMO,64070.890625,85167.875000,2178.173340,0.0002
ccOTMFO4001-Remnants.esl,FE008284,000C1897,AmmoFusionCell,AMMO,64067.437500,85173.054688,2178.173340,0.0002
ccOTMFO4001-Remnants.esl,FE008283,0003A9ED,OfficeBoxPapers03,STAT,64081.050781,85203.968750,2140.252441,178.3268
ccOTMFO4001-Remnants.esl,FE008282,0003A9ED,OfficeBoxPapers03,STAT,64087.550781,85244.406250,2140.252441,270.0000
ccOTMFO4001-Remnants.esl,FE008281,0002D19D,NavBlocker,ACTI,64443.292969,85533.265625,2157.529297,186.9188
ccOTMFO4001-Remnants.esl,FE008280,000BA58F,Vault_Crate_01_Steel,STAT,64459.472656,85535.281250,2149.088379,186.9188
ccOTMFO4001-Remnants.esl,FE00827F,000E479C,FlatbedCart,STAT,64442.097656,85531.539062,2133.541016,0.4432
ccOTMFO4001-Remnants.esl,FE00827E,000E479C,FlatbedCart,STAT,63776.539062,85807.460938,2108.542480,325.8139
ccOTMFO4001-Remnants.esl,FE00827D,000BA58F,Vault_Crate_01_Steel,STAT,63747.246094,85788.953125,2118.338867,232.7554
ccOTMFO4001-Remnants.esl,FE00827C,000BA592,Vault_Crate_04_Steel,STAT,63794.828125,85820.390625,2123.399658,147.4870
ccOTMFO4001-Remnants.esl,FE00827B,000AEF5B,Vault_FloorMat_Small_01,STAT,63684.742187,85595.109375,2096.592773,28.6479
ccOTMFO4001-Remnants.esl,FE00827A,000AEF5B,Vault_FloorMat_Small_01,STAT,63710.046875,85667.757812,2099.755859,0.0000
ccOTMFO4001-Remnants.esl,FE008279,000AEF5B,Vault_FloorMat_Small_01,STAT,64247.003906,85189.437500,2133.633789,1.3096
ccOTMFO4001-Remnants.esl,FE008278,000AEF5B,Vault_FloorMat_Small_01,STAT,64311.742187,85258.609375,2134.407959,279.5417
ccOTMFO4001-Remnants.esl,FE008277,000AEF5B,Vault_FloorMat_Small_01,STAT,64322.835937,85185.976562,2143.896240,262.4832
ccOTMFO4001-Remnants.esl,FE008276,000AEF5B,Vault_FloorMat_Small_01,STAT,64365.644531,85459.359375,2129.642822,290.0535
ccOTMFO4001-Remnants.esl,FE008275,000AEF5B,Vault_FloorMat_Small_01,STAT,64350.957031,85386.539062,2131.869629,0.0000
ccOTMFO4001-Remnants.esl,FE008274,000AEF5B,Vault_FloorMat_Small_01,STAT,64311.039062,85744.718750,2117.514893,270.0000
ccOTMFO4001-Remnants.esl,FE008273,000AEF5B,Vault_FloorMat_Small_01,STAT,64526.515625,85727.781250,2123.828125,0.4432
ccOTMFO4001-Remnants.esl,FE008272,000AEF5B,Vault_FloorMat_Small_01,STAT,64478.253906,85661.234375,2125.189453,287.1887
ccOTMFO4001-Remnants.esl,FE008271,0002D19D,NavBlocker,ACTI,64102.054687,85728.078125,2190.591064,7.3339
ccOTMFO4001-Remnants.esl,FE008270,0002D19D,NavBlocker,ACTI,64125.671875,85882.242188,2176.574951,187.3339
ccOTMFO4001-Remnants.esl,FE00826F,0002D19D,NavBlocker,ACTI,64232.363281,85668.664062,2151.529541,302.0100
ccOTMFO4001-Remnants.esl,FE00826E,0002D19D,NavBlocker,ACTI,64452.054687,85054.421875,2162.038574,134.3473
ccOTMFO4001-Remnants.esl,FE00826D,0002D19D,NavBlocker,ACTI,64440.128906,85403.492188,2206.816650,281.6784
ccOTMFO4001-Remnants.esl,FE00826C,000D96C1,NPCKneelHammerVertical,FURN,63628.734375,85507.382812,2097.782715,343.2124
ccOTMFO4001-Remnants.esl,FE00826B,00024572,NPCInvWallLean01,FURN,63921.417969,85404.632812,2110.304199,222.0319
ccOTMFO4001-Remnants.esl,FE00826A,000D96BF,NPCKneelHammerHorizontal,FURN,64403.410156,85223.726562,2174.089600,170.9240
ccOTMFO4001-Remnants.esl,FE008269,00130534,NPCWeldingMedium,FURN,63913.984375,85474.382812,2125.562744,164.2777
ccOTMFO4001-Remnants.esl,FE008268,000D96C9,NPCStandHammerVertical,FURN,64252.386719,85934.156250,2101.231201,222.4902
ccOTMFO4001-Remnants.esl,FE008267,00183AD4,NPCClipboardWithPen,FURN,64356.214844,85421.171875,2131.439941,103.1324
ccOTMFO4001-Remnants.esl,FE008266,FE008217,ccOTMFO4001_workshop_EnclaveBarricade06A,STAT,64503.152344,85390.312500,2141.652344,281.6784
ccOTMFO4001-Remnants.esl,FE008265,000F17EE,IndCatLight02On,STAT,64195.765625,85762.242188,2141.477539,185.7297
ccOTMFO4001-Remnants.esl,FE008264,0008E797,defaultLightCool03NS,LIGH,64222.417969,85765.531250,2232.646729,5.8957
ccOTMFO4001-Remnants.esl,FE008263,001017F7,defaultLightCool03NSNonSpec,LIGH,64222.769531,85761.250000,2252.611328,5.8957
ccOTMFO4001-Remnants.esl,FE008262,001C9080,MistLargeRoundDustyDimmer,MSTT,64219.613281,85760.929688,2236.327637,97.4028
ccOTMFO4001-Remnants.esl,FE008261,000F17EE,IndCatLight02On,STAT,63853.179687,85847.210938,2101.443848,218.6999
ccOTMFO4001-Remnants.esl,FE008260,0008E797,defaultLightCool03NS,LIGH,63877.664062,85836.515625,2192.666260,39.4686
ccOTMFO4001-Remnants.esl,FE00825F,001017F7,defaultLightCool03NSNonSpec,LIGH,63875.625000,85833.054688,2212.684326,39.4686
ccOTMFO4001-Remnants.esl,FE00825E,001C9080,MistLargeRoundDustyDimmer,MSTT,63872.757812,85834.281250,2196.396240,130.3730
ccOTMFO4001-Remnants.esl,FE00825D,000F17EE,IndCatLight02On,STAT,64129.507812,85116.320312,2128.370117,185.7297
ccOTMFO4001-Remnants.esl,FE00825C,0008E797,defaultLightCool03NS,LIGH,64145.910156,85119.609375,2221.932373,6.0673
ccOTMFO4001-Remnants.esl,FE00825B,001017F7,defaultLightCool03NSNonSpec,LIGH,64144.023437,85115.328125,2241.811279,6.0673
ccOTMFO4001-Remnants.esl,FE00825A,001C9080,MistLargeRoundDustyDimmer,MSTT,64142.703125,85115.007812,2225.279297,97.4028
ccOTMFO4001-Remnants.esl,FE008259,00175500,FootLocker01,CONT,64163.054687,85851.109375,2136.222168,8.4908
ccOTMFO4001-Remnants.esl,FE008258,00175500,FootLocker01,CONT,64064.796875,85761.578125,2136.222168,187.4253
ccOTMFO4001-Remnants.esl,FE008257,000A4920,DishRag01,MISC,64400.328125,85372.070312,2193.107178,0.0794
ccOTMFO4001-Remnants.esl,FE008256,0001F92F,Clipboard01,MISC,64420.375000,85461.312500,2190.032471,57.3685
ccOTMFO4001-Remnants.esl,FE008255,000EC8B8,BunsenBurner,MISC,64426.542969,85377.679688,2194.171143,280.7241
ccOTMFO4001-Remnants.esl,FE008254,00060EDB,Bowl_05_Silver,MISC,64412.562500,85386.125000,2192.865234,0.0000
ccOTMFO4001-Remnants.esl,FE008253,0011DA0F,Blowtorch,MISC,64433.191406,85351.226562,2193.267822,337.0818
ccOTMFO4001-Remnants.esl,FE008252,000EC8AD,Beaker02,MISC,64425.699219,85378.812500,2214.197266,359.4613
ccOTMFO4001-Remnants.esl,FE008251,000EC8B6,Beaker_Stand,MISC,64427.996094,85377.000000,2193.885498,359.9982
ccOTMFO4001-Remnants.esl,FE008250,00176052,ChemistrySetBeaker03,MISC,64412.375000,85356.765625,2194.315430,0.0563
ccOTMFO4001-Remnants.esl,FE00824F,00176051,ChemistrySetBeaker02,MISC,64410.171875,85365.796875,2193.645752,0.0631
ccOTMFO4001-Remnants.esl,FE00824E,00176050,ChemistrySetBeaker01,MISC,64417.417969,85364.695312,2194.063721,0.0494
ccOTMFO4001-Remnants.esl,FE00824D,0017604F,ChemistrySetBottle01,MISC,64445.175781,85361.359375,2195.564697,319.6652
ccOTMFO4001-Remnants.esl,FE00824C,0017604F,ChemistrySetBottle01,MISC,64449.597656,85367.328125,2195.490234,0.3848
ccOTMFO4001-Remnants.esl,FE00824B,001AB5ED,ChemistrySetCan02,MISC,64460.566406,85355.015625,2196.516846,0.0539
ccOTMFO4001-Remnants.esl,FE00824A,000330F8,Corn,ALCH,64416.187500,85408.351562,2196.040527,295.3001
ccOTMFO4001-Remnants.esl,FE008249,000330F8,Corn,ALCH,64418.515625,85413.554688,2195.919922,294.4151
ccOTMFO4001-Remnants.esl,FE008248,000330F8,Corn,ALCH,64421.843750,85422.007812,2195.484375,40.2816
ccOTMFO4001-Remnants.esl,FE008247,00059AD8,SurgicalTray01,MISC,64417.074219,85411.796875,2192.953125,11.5012
ccOTMFO4001-Remnants.esl,FE008246,000330F8,Corn,ALCH,64420.753906,85417.632812,2195.802246,331.5325
ccOTMFO4001-Remnants.esl,FE008245,000E0043,Razorgrain,ALCH,64429.203125,85438.781250,2193.819336,348.6333
ccOTMFO4001-Remnants.esl,FE008244,00033102,Mutfruit,ALCH,64458.230469,85431.726562,2197.974365,244.8166
ccOTMFO4001-Remnants.esl,FE008243,00033102,Mutfruit,ALCH,64450.023437,85421.695312,2197.240479,237.2905
ccOTMFO4001-Remnants.esl,FE008242,00033102,Mutfruit,ALCH,64465.414062,85420.234375,2197.222412,0.2419
ccOTMFO4001-Remnants.esl,FE008241,000E37D5,IndustrialMetalTableLarge01,STAT,64443.757812,85401.437500,2137.620850,103.2056
ccOTMFO4001-Remnants.esl,FE008240,FE008215,ccOTMFO4001_workshop_EnclaveBarricade08,STAT,64361.164062,85095.820312,2174.629395,134.3473
ccOTMFO4001-Remnants.esl,FE00823F,FE008215,ccOTMFO4001_workshop_EnclaveBarricade08,STAT,64368.085937,85095.656250,2172.246582,132.3691
ccOTMFO4001-Remnants.esl,FE00823E,FE008215,ccOTMFO4001_workshop_EnclaveBarricade08,STAT,64376.277344,85096.757812,2170.216309,136.6955
ccOTMFO4001-Remnants.esl,FE00823D,000BA58F,Vault_Crate_01_Steel,STAT,64239.546875,85675.289062,2163.869873,302.0100
ccOTMFO4001-Remnants.esl,FE00823C,000BA591,Vault_Crate_03_Steel,STAT,64229.015625,85667.343750,2124.225098,317.7453
ccOTMFO4001-Remnants.esl,FE00823B,FE008232,ccOTMFO4001_workshop_EnclaveFlag02,STAT,64099.371094,85680.843750,2226.826904,7.4485
ccOTMFO4001-Remnants.esl,FE00823A,00030386,WorkshopGenerator,ACTI,64080.589844,85509.234375,2122.056641,154.0553
ccOTMFO4001-Remnants.esl,FE008239,0008667B,MilitaryWallCot04Static,STAT,64099.609375,85689.890625,2162.712891,277.3344
ccOTMFO4001-Remnants.esl,FE008238,0014D090,NpcBedMilitaryCotMattressLay01,FURN,64103.562500,85720.875000,2142.715576,277.3344
ccOTMFO4001-Remnants.esl,FE008237,0008667B,MilitaryWallCot04Static,STAT,64129.527344,85920.539062,2162.712891,97.3344
ccOTMFO4001-Remnants.esl,FE008236,0014D090,NpcBedMilitaryCotMattressLay01,FURN,64125.574219,85889.554688,2142.715576,97.3344
ccOTMFO4001-Remnants.esl,FE0081E1,FE008217,ccOTMFO4001_workshop_EnclaveBarricade06A,STAT,64130.722656,85925.304688,2136.221924,187.3339
ccOTMFO4001-Remnants.esl,FE0081DF,FE008217,ccOTMFO4001_workshop_EnclaveBarricade06A,STAT,64099.789062,85684.898438,2136.221924,7.3339
ccOTMFO4001-Remnants.esl,FE0081DE,0002D19D,NavBlocker,ACTI,64283.121094,85023.257812,2156.575195,102.6849
ccOTMFO4001-Remnants.esl,FE0081DD,0002D19D,NavBlocker,ACTI,64215.421875,84954.804688,2162.809814,174.3618
ccOTMFO4001-Remnants.esl,FE0081DC,0002D19D,NavBlocker,ACTI,64136.664062,84973.695312,2175.069336,209.9997
ccOTMFO4001-Remnants.esl,FE0081DB,0002D19D,NavBlocker,ACTI,64075.648437,85033.804688,2175.069336,241.7989
ccOTMFO4001-Remnants.esl,FE0081D9,0002D19D,NavBlocker,ACTI,64047.082031,85131.265625,2175.069336,267.1810
ccOTMFO4001-Remnants.esl,FE0081D8,0002D19D,NavBlocker,ACTI,64092.234375,85123.945312,2155.922852,186.7952
ccOTMFO4001-Remnants.esl,FE0081CD,0002D19D,NavBlocker,ACTI,64111.097656,85286.125000,2155.922852,186.7952
ccOTMFO4001-Remnants.esl,FE0081CC,0002D19D,NavBlocker,ACTI,64050.621094,85208.492188,2136.862305,278.0674
ccOTMFO4001-Remnants.esl,FE0081CB,0002D19D,NavBlocker,ACTI,63988.738281,85371.546875,2136.862305,221.7456
ccOTMFO4001-Remnants.esl,FE0081C8,0002D19D,NavBlocker,ACTI,63680.015625,85755.500000,2155.922852,199.1710
ccOTMFO4001-Remnants.esl,FE0081C7,0002D19D,NavBlocker,ACTI,63607.046875,85545.617188,2155.922852,199.1710
ccOTMFO4001-Remnants.esl,FE0081C6,0002D19D,NavBlocker,ACTI,63579.414062,85582.617188,2147.176270,288.7243
ccOTMFO4001-Remnants.esl,FE0081C5,0002D19D,NavBlocker,ACTI,63633.464844,85742.085938,2147.176270,288.7243
ccOTMFO4001-Remnants.esl,FE0081C4,0002D19D,NavBlocker,ACTI,63701.691406,85756.867188,2155.922852,224.0374
ccOTMFO4001-Remnants.esl,FE0081C3,0002D19D,NavBlocker,ACTI,63763.613281,85815.484375,2152.179688,313.4187
ccOTMFO4001-Remnants.esl,FE0081C2,0002D19D,NavBlocker,ACTI,64434.125000,85777.953125,2149.649170,23.1476
ccOTMFO4001-Remnants.esl,FE0081C1,0002D19D,NavBlocker,ACTI,64407.519531,85825.554688,2156.575195,10.9436
ccOTMFO4001-Remnants.esl,FE0081C0,0002D19D,NavBlocker,ACTI,64501.921875,85786.882812,2162.809814,30.1949
ccOTMFO4001-Remnants.esl,FE0081BF,0002D19D,NavBlocker,ACTI,64561.957031,85728.195312,2175.069336,65.8328
ccOTMFO4001-Remnants.esl,FE0081BE,0002D19D,NavBlocker,ACTI,64568.992187,85641.007812,2175.069336,97.6320
ccOTMFO4001-Remnants.esl,FE0081BD,0002D19D,NavBlocker,ACTI,64535.082031,85545.281250,2175.069336,123.0141
ccOTMFO4001-Remnants.esl,FE0081BC,FE0081F6,ccOTMFO4001_workshop_EnclaveBarricade05,STAT,63990.535156,85368.804688,2107.882324,42.5329
ccOTMFO4001-Remnants.esl,FE0081BB,FE008217,ccOTMFO4001_workshop_EnclaveBarricade06A,STAT,64054.664062,85213.101562,2111.163086,97.4028
ccOTMFO4001-Remnants.esl,FE0081BA,FE0081EC,ccOTMFO4001_workshop_EnclaveBarricade02,STAT,64141.359375,84974.867188,2125.302979,30.1399
ccOTMFO4001-Remnants.esl,FE0081B9,FE008179,ccOTMFO4001_workshop_EnclaveBarricade04,STAT,63623.132812,85656.789062,2092.590820,108.2890
ccOTMFO4001-Remnants.esl,FE0081B5,FE008217,ccOTMFO4001_workshop_EnclaveBarricade06A,STAT,63729.566406,85846.835938,2096.795166,134.0148
ccOTMFO4001-Remnants.esl,FE0081B3,FE0081EB,ccOTMFO4001_workshop_EnclaveBarricade03,STAT,64568.691406,85725.531250,2129.240723,245.8518
ccOTMFO4001-Remnants.esl,FE0081B6,FE008133,ccOTMFO4001_EnclaveCamp02Terminal,TERM,64075.558594,85204.601562,2121.903809,273.8274
ccOTMFO4001-Remnants.esl,FE0081B4,0002D19D,NavBlocker,ACTI,64169.488281,85468.359375,2298.966553,161.1381
ccOTMFO4001-Remnants.esl,FE0081AB,0002D19D,NavBlocker,ACTI,64106.968750,85202.500000,2168.403809,273.8274
ccOTMFO4001-Remnants.esl,FE0081AA,0002D19D,NavBlocker,ACTI,64079.593750,85211.148438,2100.796143,96.6581
ccOTMFO4001-Remnants.esl,FE0081A8,0002D19D,NavBlocker,ACTI,64018.367187,85401.281250,2148.952148,44.2325
ccOTMFO4001-Remnants.esl,FE0081A7,000B0F48,Vault_Shelf_03,STAT,64081.167969,85217.531250,2015.296143,96.6581
ccOTMFO4001-Remnants.esl,FE0081A6,FE00812B,ccOTMFO4001_EnclaveCrateWeaponStandard01,CONT,64018.093750,85403.953125,2203.702148,137.2458
ccOTMFO4001-Remnants.esl,FE0081A5,FE00812B,ccOTMFO4001_EnclaveCrateWeaponStandard01,CONT,64020.679687,85404.789062,2148.483398,134.1985
ccOTMFO4001-Remnants.esl,FE0081A4,0008C184,Vault_Shelf_02,STAT,64017.667969,85400.585938,2092.452148,44.2325
ccOTMFO4001-Remnants.esl,FE00819F,FE00812C,ccOTMFO4001_EnclaveCrateAmmoPlasma01,CONT,64431.945312,85773.695312,2115.381104,293.1475
ccOTMFO4001-Remnants.esl,FE00819E,000AEF5B,Vault_FloorMat_Small_01,STAT,64136.230469,85173.242188,2120.872559,4.8796
ccOTMFO4001-Remnants.esl,FE00819D,000AEF5B,Vault_FloorMat_Small_01,STAT,64144.671875,85240.195312,2121.044189,7.6871
ccOTMFO4001-Remnants.esl,FE008192,FE0080AC,ccOTMFO4001_EnclaveCrateLoot01,CONT,64287.917969,85017.273438,2154.547607,13.1324
ccOTMFO4001-Remnants.esl,FE008191,FE00812C,ccOTMFO4001_EnclaveCrateAmmoPlasma01,CONT,64127.859375,85029.671875,2126.115723,137.4178
ccOTMFO4001-Remnants.esl,FE008504,0003251F,DefaultSetStageTriggerPlayerOnly,ACTI,58856.066406,63971.816406,1079.760010,20.6265
ccOTMFO4001-Remnants.esl,FE0084A9,FE0084A7,ccOTMFO4001_BloodMarkerObjectiveTrigger,ACTI,59925.867187,64999.160156,1143.882446,263.6402
ccOTMFO4001-Remnants.esl,FE0084A8,FE0084A7,ccOTMFO4001_BloodMarkerObjectiveTrigger,ACTI,59806.707031,63984.230469,1143.882446,303.0597
ccOTMFO4001-Remnants.esl,FE008209,FE008202,ccOTMFO4001_PerkMagEnclaveEntrenchmentManual03,BOOK,1588.811035,68373.726562,2641.586426,40.1072
ccOTMFO4001-Remnants.esl,FE0081EF,FE00807A,ccOTMFO4001_LvlEnclaveSoldier_Semi_Aggro2048,NPC_,1253.207642,68073.242187,2586.175537,351.9215
ccOTMFO4001-Remnants.esl,FE0081B2,00183AD4,NPCClipboardWithPen,FURN,1696.732300,68195.601562,2603.243164,103.1324
ccOTMFO4001-Remnants.esl,FE0081B1,000D96C7,NPCStandHammerHorizontal,FURN,1336.364990,68557.023437,2570.878174,137.5099
ccOTMFO4001-Remnants.esl,FE0081B0,000D96C5,NPCKneelWrenchHorizontal,FURN,1513.962036,68483.859375,2579.175049,208.9111
ccOTMFO4001-Remnants.esl,FE0081AF,000D96C1,NPCKneelHammerVertical,FURN,1312.031494,68048.757812,2594.213135,193.8424
ccOTMFO4001-Remnants.esl,FE0081AE,000D96C1,NPCKneelHammerVertical,FURN,1155.764893,68593.125000,2552.241455,296.9747
ccOTMFO4001-Remnants.esl,FE0081AD,0002D19D,NavBlocker,ACTI,1307.298218,67972.953125,2596.768311,93.4497
ccOTMFO4001-Remnants.esl,FE0081AC,0002D19D,NavBlocker,ACTI,1478.501587,67961.468750,2596.768311,85.6002
ccOTMFO4001-Remnants.esl,FE0081A9,0002D19D,NavBlocker,ACTI,1389.479004,67918.164062,2571.976318,182.7737
ccOTMFO4001-Remnants.esl,FE0081A0,0002D19D,NavBlocker,ACTI,1578.101562,67956.257812,2571.976318,156.1312
ccOTMFO4001-Remnants.esl,FE00819C,0002D19D,NavBlocker,ACTI,1416.679321,68255.929687,2619.849121,183.2893
ccOTMFO4001-Remnants.esl,FE00819B,0002D19D,NavBlocker,ACTI,1338.438354,68365.914062,2613.821777,251.1848
ccOTMFO4001-Remnants.esl,FE00819A,0002D19D,NavBlocker,ACTI,1389.663208,68500.195312,2569.741455,318.3927
ccOTMFO4001-Remnants.esl,FE008199,001C9080,MistLargeRoundDustyDimmer,MSTT,1478.499146,68027.898437,2688.250244,0.0000
ccOTMFO4001-Remnants.esl,FE008198,000F17EE,IndCatLight02On,STAT,1480.143799,68005.117187,2593.142334,88.3269
ccOTMFO4001-Remnants.esl,FE008197,001017F7,defaultLightCool03NSNonSpec,LIGH,1477.792847,68030.796875,2704.567871,268.3788
ccOTMFO4001-Remnants.esl,FE008196,0008E797,defaultLightCool03NS,LIGH,1473.573975,68030.156250,2684.599365,268.3788
ccOTMFO4001-Remnants.esl,FE008195,000A1404,DummyTriggerBoxCone01,ACTI,1467.781616,68948.921875,2761.064941,5.8315
ccOTMFO4001-Remnants.esl,FE008194,0002B76A,EmergencyLightBeam01,MSTT,1632.958374,68754.000000,2693.664307,185.9021
ccOTMFO4001-Remnants.esl,FE008193,0002B76A,EmergencyLightBeam01,MSTT,1606.838013,68783.023438,2692.284424,185.9021
ccOTMFO4001-Remnants.esl,FE008190,000C5371,ConstructionLight_Standing_2piece_On1,SCOL,1633.810547,68773.015625,2582.110352,49.1020
ccOTMFO4001-Remnants.esl,FE00818F,00155875,defaultLightWarm01SpotNS,LIGH,1630.800659,68763.859375,2709.294678,134.5650
ccOTMFO4001-Remnants.esl,FE00818E,000FDEE8,defaultLightWarm01NSNonSpec,LIGH,1550.542358,68706.125000,2659.875000,268.2593
ccOTMFO4001-Remnants.esl,FE00818D,0001D971,BlackWireSpline01,BNDS,1580.358887,68489.929687,2780.396240,0.0000
ccOTMFO4001-Remnants.esl,FE00818C,0001D971,BlackWireSpline01,BNDS,1442.228149,68174.468750,2780.146973,0.0000
ccOTMFO4001-Remnants.esl,FE00818B,0001D971,BlackWireSpline01,BNDS,1522.701660,68345.921875,2752.593018,0.0000
ccOTMFO4001-Remnants.esl,FE00818A,0001D971,BlackWireSpline01,BNDS,1476.087646,68319.562500,2753.536377,0.0000
ccOTMFO4001-Remnants.esl,FE008189,00030386,WorkshopGenerator,ACTI,1414.332642,68263.515625,2586.177734,185.0305
ccOTMFO4001-Remnants.esl,FE008188,000AEF5B,Vault_FloorMat_Small_01,STAT,1594.682495,68575.179687,2582.923828,15.2781
ccOTMFO4001-Remnants.esl,FE008187,000AEF5B,Vault_FloorMat_Small_01,STAT,1633.195679,68645.093750,2584.283447,0.0593
ccOTMFO4001-Remnants.esl,FE008186,000AEF5B,Vault_FloorMat_Small_01,STAT,1357.395142,68059.367187,2593.907715,16.9008
ccOTMFO4001-Remnants.esl,FE008185,000AEF5B,Vault_FloorMat_Small_01,STAT,1424.858154,68030.242187,2594.582520,6.2055
ccOTMFO4001-Remnants.esl,FE008184,000AEF5C,Vault_FloorMat_Medium_02,STAT,1405.443848,68582.023437,2570.689941,137.6056
ccOTMFO4001-Remnants.esl,FE00817E,000AEF5C,Vault_FloorMat_Medium_02,STAT,1308.974854,68494.820312,2570.580078,47.4220
ccOTMFO4001-Remnants.esl,FE008178,00199090,DummyNoEdit_LaserGun_Pistol,MISC,1600.924194,68372.265625,2611.371826,261.6539
ccOTMFO4001-Remnants.esl,FE008177,0003A9EC,OfficeBoxPapers02,STAT,1575.791992,68341.453125,2603.800293,358.5219
ccOTMFO4001-Remnants.esl,FE008170,000862E7,DeskLamp01,STAT,1378.572754,68443.625000,2631.313965,91.7689
ccOTMFO4001-Remnants.esl,FE00816F,001A594B,TrashcanMetalOffice01,MSTT,1604.612915,68416.789062,2588.125977,220.5072
ccOTMFO4001-Remnants.esl,FE00816E,0003A9EB,OfficeBoxPapers01,STAT,1563.381348,68301.140625,2603.800293,118.8430
ccOTMFO4001-Remnants.esl,FE00816D,0001F92F,Clipboard01,MISC,1565.037231,68294.718750,2641.606934,282.4688
ccOTMFO4001-Remnants.esl,FE00815A,0003A9ED,OfficeBoxPapers03,STAT,1369.112915,68330.679687,2594.597412,249.4980
ccOTMFO4001-Remnants.esl,FE008159,0003A9ED,OfficeBoxPapers03,STAT,1336.571289,68319.234375,2593.454346,342.6032
ccOTMFO4001-Remnants.esl,FE008158,0003A9ED,OfficeBoxPapers03,STAT,1352.704956,68328.523437,2615.611328,249.4980
ccOTMFO4001-Remnants.esl,FE008157,000BA58F,Vault_Crate_01_Steel,STAT,1337.017456,68376.679687,2625.980225,72.8439
ccOTMFO4001-Remnants.esl,FE008156,001A781C,OfficeBoxPapersOpen06,MSTT,1352.787842,68448.796875,2573.120850,217.5167
ccOTMFO4001-Remnants.esl,FE008155,000211F6,WoodCrate02,STAT,1338.664185,68376.789062,2589.018311,341.1711
ccOTMFO4001-Remnants.esl,FE008154,000E479C,FlatbedCart,STAT,1344.019287,68361.187500,2577.803955,251.4234
ccOTMFO4001-Remnants.esl,FE008153,00175500,FootLocker01,CONT,1354.883179,68003.671875,2591.463867,182.8882
ccOTMFO4001-Remnants.esl,FE00814F,00175500,FootLocker01,CONT,1643.355835,68571.515625,2585.391602,100.0385
ccOTMFO4001-Remnants.esl,FE00814E,0011DA0F,Blowtorch,MISC,1415.231323,68551.625000,2629.052246,150.3223
ccOTMFO4001-Remnants.esl,FE00814D,00091FDE,PowerRelayCoil,MISC,1421.225464,68533.835937,2632.431641,0.0752
ccOTMFO4001-Remnants.esl,FE00814C,0004B273,OilCan01,MISC,1434.324707,68536.679687,2630.464844,308.4886
ccOTMFO4001-Remnants.esl,FE008131,0006907E,c_Gears_scrap,MISC,1363.142456,68482.484375,2629.184326,314.9015
ccOTMFO4001-Remnants.esl,FE008130,0006907E,c_Gears_scrap,MISC,1354.710449,68478.414062,2628.945557,0.0433
ccOTMFO4001-Remnants.esl,FE00812E,0004D1F3,Hammer01,MISC,1353.591675,68507.679687,2628.107422,320.1568
ccOTMFO4001-Remnants.esl,FE00812D,000EFBB4,LvlEyeBot,NPC_,1388.367065,68485.007812,2651.227295,204.1557
ccOTMFO4001-Remnants.esl,FE008129,000E37D5,IndustrialMetalTableLarge01,STAT,1391.343994,68498.656250,2574.032227,140.1267
ccOTMFO4001-Remnants.esl,FE0080E6,0008667B,MilitaryWallCot04Static,STAT,1726.085815,68597.140625,2602.747314,190.3136
ccOTMFO4001-Remnants.esl,FE0080E5,0014D090,NpcBedMilitaryCotMattressLay01,FURN,1695.380615,68602.710937,2582.750000,190.3137
ccOTMFO4001-Remnants.esl,FE0080E4,0014D090,NpcBedMilitaryCotMattressLay01,FURN,1394.123535,67956.234375,2593.095459,273.7246
ccOTMFO4001-Remnants.esl,FE0080E2,0008667B,MilitaryWallCot04Static,STAT,1392.148438,67925.093750,2613.092773,273.7246
ccOTMFO4001-Remnants.esl,FE0080E1,0002D19D,NavBlocker,ACTI,1696.139282,68769.171875,2627.534180,232.2881
ccOTMFO4001-Remnants.esl,FE0080E0,FE008215,ccOTMFO4001_workshop_EnclaveBarricade08,STAT,1690.903931,68767.289062,2582.680664,232.9586
ccOTMFO4001-Remnants.esl,FE0080DE,FE008215,ccOTMFO4001_workshop_EnclaveBarricade08,STAT,1576.502808,67953.812500,2592.126221,336.0895
ccOTMFO4001-Remnants.esl,FE0080DD,0002D19D,NavBlocker,ACTI,1386.210083,68788.585938,2593.787598,249.6952
ccOTMFO4001-Remnants.esl,FE0080DC,0002D19D,NavBlocker,ACTI,1126.525879,68579.601562,2560.658936,216.4063
ccOTMFO4001-Remnants.esl,FE0080D1,0002D19D,NavBlocker,ACTI,1227.674194,68739.179688,2560.658936,306.0741
ccOTMFO4001-Remnants.esl,FE0080D0,0002D19D,NavBlocker,ACTI,1109.611084,68618.304687,2560.658936,306.0741
ccOTMFO4001-Remnants.esl,FE0080CF,0002D19D,NavBlocker,ACTI,1600.488525,68869.312500,2569.999268,49.2065
ccOTMFO4001-Remnants.esl,FE0080CE,0002D19D,NavBlocker,ACTI,1565.786011,68873.226562,2581.345459,299.0270
ccOTMFO4001-Remnants.esl,FE0080CD,0002D19D,NavBlocker,ACTI,1378.619751,68890.523438,2581.345459,241.7312
ccOTMFO4001-Remnants.esl,FE0080CC,0002D19D,NavBlocker,ACTI,1338.705444,68891.898438,2581.345459,321.2002
ccOTMFO4001-Remnants.esl,FE0080CB,0002D19D,NavBlocker,ACTI,1550.427368,68906.164062,2569.999268,30.8145
ccOTMFO4001-Remnants.esl,FE0080CA,0002D19D,NavBlocker,ACTI,1481.209473,68933.968750,2566.033936,8.4691
ccOTMFO4001-Remnants.esl,FE0080C9,0002D19D,NavBlocker,ACTI,1398.127075,68927.289062,2581.345459,345.3790
ccOTMFO4001-Remnants.esl,FE0080C7,0002D19D,NavBlocker,ACTI,1022.719971,68417.343750,2593.604980,311.1162
ccOTMFO4001-Remnants.esl,FE0080C6,0002D19D,NavBlocker,ACTI,972.421387,68312.859375,2569.999268,277.5408
ccOTMFO4001-Remnants.esl,FE0080C0,0002D19D,NavBlocker,ACTI,979.589783,68225.687500,2566.033936,245.7416
ccOTMFO4001-Remnants.esl,FE0080B5,0002D19D,NavBlocker,ACTI,1039.732178,68167.085937,2581.345459,210.1037
ccOTMFO4001-Remnants.esl,FE0080B4,0002D19D,NavBlocker,ACTI,1134.863525,68126.687500,2575.110840,187.3001
ccOTMFO4001-Remnants.esl,FE0080B3,0002D19D,NavBlocker,ACTI,1705.899902,68689.796875,2635.944580,9.2248
ccOTMFO4001-Remnants.esl,FE0080AB,0002D19D,NavBlocker,ACTI,1671.500732,68526.890625,2635.944580,6.8757
ccOTMFO4001-Remnants.esl,FE0080AA,0002D19D,NavBlocker,ACTI,1732.051147,68597.945312,2627.534180,279.4423
ccOTMFO4001-Remnants.esl,FE0080A9,FE0081F9,ccOTMFO4001_workshop_EnclaveFlag01,STAT,1758.632446,68053.195312,2729.356201,152.1205
ccOTMFO4001-Remnants.esl,FE0080A8,FE008217,ccOTMFO4001_workshop_EnclaveBarricade06A,STAT,1732.230591,68597.921875,2581.424316,280.3589
ccOTMFO4001-Remnants.esl,FE0080A7,FE0081EC,ccOTMFO4001_workshop_EnclaveBarricade02,STAT,1481.976807,68936.835938,2583.522217,185.8111
ccOTMFO4001-Remnants.esl,FE0080A6,FE008179,ccOTMFO4001_workshop_EnclaveBarricade04,STAT,1167.427734,68681.468750,2545.529541,123.1642
ccOTMFO4001-Remnants.esl,FE0080A5,FE0081EB,ccOTMFO4001_workshop_EnclaveBarricade03,STAT,980.949585,68224.476562,2553.852539,66.7757
ccOTMFO4001-Remnants.esl,FE008091,FE008217,ccOTMFO4001_workshop_EnclaveBarricade06A,STAT,1393.015015,67919.882812,2588.492920,3.4769
ccOTMFO4001-Remnants.esl,FE0081F0,0013BD08,WorkbenchPowerArmorSmall,FURN,1578.863159,68094.234375,2586.604980,343.7747
ccOTMFO4001-Remnants.esl,FE008182,0002D19D,NavBlocker,ACTI,1499.047363,68370.273437,2769.447510,347.4973
ccOTMFO4001-Remnants.esl,FE008180,000AEF5B,Vault_FloorMat_Small_01,STAT,1248.559204,68698.875000,2548.471436,270.0000
ccOTMFO4001-Remnants.esl,FE00817F,000AEF5B,Vault_FloorMat_Small_01,STAT,1198.652954,68639.718750,2550.061035,310.1071
ccOTMFO4001-Remnants.esl,FE00817D,000AEF5B,Vault_FloorMat_Small_01,STAT,1059.727051,68348.242187,2564.600342,344.4724
ccOTMFO4001-Remnants.esl,FE00817C,000AEF5B,Vault_FloorMat_Small_01,STAT,1016.498779,68279.171875,2562.630859,8.8196
ccOTMFO4001-Remnants.esl,FE00817B,000AEF5B,Vault_FloorMat_Small_01,STAT,1137.052734,68337.125000,2567.202393,0.2861
ccOTMFO4001-Remnants.esl,FE00817A,000AEF5C,Vault_FloorMat_Medium_02,STAT,1097.342041,68205.640625,2566.943848,141.2040
ccOTMFO4001-Remnants.esl,FE008176,0002D19D,NavBlocker,ACTI,1599.460938,68322.125000,2631.902100,288.8963
ccOTMFO4001-Remnants.esl,FE008175,0002D19D,NavBlocker,ACTI,1576.025391,68337.265625,2564.294434,111.7270
ccOTMFO4001-Remnants.esl,FE008174,0002D19D,NavBlocker,ACTI,1741.624878,68099.289062,2643.338867,333.0138
ccOTMFO4001-Remnants.esl,FE008173,0002D19D,NavBlocker,ACTI,1806.163940,68245.890625,2661.047607,267.5820
ccOTMFO4001-Remnants.esl,FE008172,0002D19D,NavBlocker,ACTI,1861.085937,68219.023437,2685.373047,267.5248
ccOTMFO4001-Remnants.esl,FE008171,0002D19D,NavBlocker,ACTI,1769.751953,68048.234375,2674.368652,332.1544
ccOTMFO4001-Remnants.esl,FE00816C,FE008135,ccOTMFO4001_EnclaveCamp03Terminal,TERM,1569.660034,68332.328125,2585.402100,288.8963
ccOTMFO4001-Remnants.esl,FE00816B,FE00812C,ccOTMFO4001_EnclaveCrateAmmoPlasma01,CONT,1235.528564,68694.765625,2547.982666,224.1635
ccOTMFO4001-Remnants.esl,FE00816A,FE00812C,ccOTMFO4001_EnclaveCrateAmmoPlasma01,CONT,1056.929687,68407.539062,2557.531982,48.1078
ccOTMFO4001-Remnants.esl,FE008169,000AEF5B,Vault_FloorMat_Small_01,STAT,1713.856445,68279.242187,2605.227051,26.9618
ccOTMFO4001-Remnants.esl,FE008168,000AEF5B,Vault_FloorMat_Small_01,STAT,1781.717285,68242.609375,2617.659180,359.9754
ccOTMFO4001-Remnants.esl,FE008167,000AEF5A,Vault_FloorMat_Medium_01,STAT,1689.399414,68171.171875,2600.113770,33.4022
ccOTMFO4001-Remnants.esl,FE008166,000B0F48,Vault_Shelf_03,STAT,1578.432129,68343.312500,2478.794434,111.7270
ccOTMFO4001-Remnants.esl,FE008165,000AEF5B,Vault_FloorMat_Small_01,STAT,1645.895874,68346.468750,2591.175781,20.2358
ccOTMFO4001-Remnants.esl,FE008164,000AEF5B,Vault_FloorMat_Small_01,STAT,1617.285278,68274.257812,2585.915527,36.1291
ccOTMFO4001-Remnants.esl,FE008163,FE00812C,ccOTMFO4001_EnclaveCrateAmmoPlasma01,CONT,1739.587891,68097.937500,2698.088867,56.4937
ccOTMFO4001-Remnants.esl,FE008162,FE00812A,ccOTMFO4001_EnclaveCrateWeaponBigGuns01,CONT,1739.694214,68103.914062,2642.870117,64.9735
ccOTMFO4001-Remnants.esl,FE008161,FE00812C,ccOTMFO4001_EnclaveCrateAmmoPlasma01,CONT,1804.257812,68246.460937,2715.797607,1.9482
ccOTMFO4001-Remnants.esl,FE008160,FE00812C,ccOTMFO4001_EnclaveCrateAmmoPlasma01,CONT,1800.996216,68251.750000,2660.691406,356.0467
ccOTMFO4001-Remnants.esl,FE00815F,0008C184,Vault_Shelf_02,STAT,1742.080444,68098.390625,2586.838867,333.0138
ccOTMFO4001-Remnants.esl,FE00815E,0008C184,Vault_Shelf_02,STAT,1807.162720,68245.937500,2604.547607,267.5820
ccOTMFO4001-Remnants.esl,FE00815D,000726D1,BarricadePanel02,STAT,1767.278687,68052.921875,2746.495605,0.0000
ccOTMFO4001-Remnants.esl,FE00815C,000E982A,BOSBarricadePoles01,STAT,1765.539673,68056.218750,2602.368652,332.1544
ccOTMFO4001-Remnants.esl,FE00815B,000726D1,BarricadePanel02,STAT,1767.278687,68052.921875,2666.368652,0.0000
ccOTMFO4001-Remnants.esl,FE008152,000E982A,BOSBarricadePoles01,STAT,1855.913818,68232.570312,2613.373047,267.5248
ccOTMFO4001-Remnants.esl,FE008151,000726D1,BarricadePanel02,STAT,1859.653809,68232.726562,2757.500000,179.9999
ccOTMFO4001-Remnants.esl,FE008150,000726D1,BarricadePanel02,STAT,1859.653809,68232.726562,2677.373047,179.9999
ccOTMFO4001-Remnants.esl,FE0084DA,FE0084D9,ccOTMFO4001_EncEncounterTrigger,ACTI,31290.808594,43015.542969,1748.012939,0.0000
ccOTMFO4001-Remnants.esl,FE008508,000E4610,EnableMarker,STAT,-95067.882812,-95319.015625,6429.974609,279.7859
ccOTMFO4001-Remnants.esl,FE008507,000E4610,EnableMarker,STAT,59913.691406,65518.734375,1685.680664,268.3269
ccOTMFO4001-Remnants.esl,FE0084F4,0000003B,XMarker,STAT,63494.800781,85157.601562,2104.000000,0.0000
ccOTMFO4001-Remnants.esl,FE0084F2,0000003B,XMarker,STAT,-15094.368164,-99988.945312,1638.088623,0.0000
ccOTMFO4001-Remnants.esl,FE0084F1,0000003B,XMarker,STAT,61115.324219,66552.609375,1064.122681,0.0000
ccOTMFO4001-Remnants.esl,FE0084F0,0000003B,XMarker,STAT,756.914062,68433.054687,2508.372559,0.0000
ccOTMFO4001-Remnants.esl,FE0084EF,0000003B,XMarker,STAT,-94293.156250,-95590.820312,5432.217773,0.0000
ccOTMFO4001-Remnants.esl,FE00849B,00000034,XMarkerHeading,STAT,61367.957031,67448.484375,1160.350586,58.7282
ccOTMFO4001-Remnants.esl,FE00849A,00000010,MapMarker,STAT,1497.218750,68367.976562,2583.288818,0.0000
ccOTMFO4001-Remnants.esl,FE008499,00000010,MapMarker,STAT,64186.781250,85452.195312,2110.491699,0.0000
ccOTMFO4001-Remnants.esl,FE008498,00000010,MapMarker,STAT,-14437.022461,-101087.148438,1573.635742,0.0000
ccOTMFO4001-Remnants.esl,FE008497,00000034,XMarkerHeading,STAT,372.011719,65925.554687,2418.247803,22.9183
ccOTMFO4001-Remnants.esl,FE008496,00000034,XMarkerHeading,STAT,64857.667969,82471.875000,2098.979248,314.1634
ccOTMFO4001-Remnants.esl,FE008356,00000034,XMarkerHeading,STAT,-14312.552734,-101083.507812,1614.361694,176.1837
ccOTMFO4001-Remnants.esl,FE00833A,FE00807A,ccOTMFO4001_LvlEnclaveSoldier_Semi_Aggro2048,NPC_,-14599.860352,-101352.398438,1607.016113,151.0889
ccOTMFO4001-Remnants.esl,FE008339,0009F983,SpotLightDetect01,ACTI,-14629.791992,-101217.085938,1933.650513,45.8250
ccOTMFO4001-Remnants.esl,FE008338,0000003B,XMarker,STAT,-14493.329102,-100540.617188,1752.066406,315.8250
ccOTMFO4001-Remnants.esl,FE008337,0000003B,XMarker,STAT,-13915.855469,-101200.359375,1762.478149,315.8250
ccOTMFO4001-Remnants.esl,FE008336,000A1406,SpotlightSpot01,LIGH,-14629.791992,-101217.085938,1933.650513,315.8251
ccOTMFO4001-Remnants.esl,FE0082EE,000E74F4,JailDoorSwing01,DOOR,-14277.147461,-101134.273438,1584.093262,85.0727
ccOTMFO4001-Remnants.esl,FE0082ED,FE008341,ccOTMFO4001_LvlMirelurkCrabCaged,NPC_,-14298.750000,-101066.742188,1588.253296,147.2958
ccOTMFO4001-Remnants.esl,FE00829C,FE0081F1,ccOTMFO4001_LvlTurretTripodEnclave,NPC_,61374.406250,66714.500000,1166.273071,88.7512
ccOTMFO4001-Remnants.esl,FE0081EA,FE0081E7,ccOTMFO4001_EnclaveComTowerRespawn,ACTI,60003.886719,66824.242187,948.864075,224.0350
ccOTMFO4001-Remnants.esl,FE0081E4,FE0081E7,ccOTMFO4001_EnclaveComTowerRespawn,ACTI,-14726.303711,-101005.132812,1600.257935,353.4110
ccOTMFO4001-Remnants.esl,FE0081DA,000BA4B7,DecalBloodSmear01,TXST,-14579.751953,-100715.390625,1673.445312,0.0000
ccOTMFO4001-Remnants.esl,FE0081D7,FE008076,ccOTMFO4001_LvlEnclaveSoldier_Auto_Aggro1536,NPC_,-14275.726562,-101299.234375,1571.639160,151.0889
ccOTMFO4001-Remnants.esl,FE0081D3,FE00800D,ccOTMFO4001_LvlEnclaveSoldier_PowerArmor_Semi_Aggro2048,NPC_,-14364.452148,-100586.250000,1560.241577,354.3277
ccOTMFO4001-Remnants.esl,FE0081B7,FE0081E7,ccOTMFO4001_EnclaveComTowerRespawn,ACTI,-95653.093750,-94716.453125,5832.750977,325.5349
ccOTMFO4001-Remnants.esl,FE008183,FE0081E7,ccOTMFO4001_EnclaveComTowerRespawn,ACTI,64158.593750,85479.257812,2124.541504,161.1381
ccOTMFO4001-Remnants.esl,FE008181,FE00800B,ccOTMFO4001_LvlEnclaveSoldier_PowerArmor_Semi_Aggro1536,NPC_,1508.164062,68689.906250,2576.507080,337.0819
ccOTMFO4001-Remnants.esl,FE00814B,FE0081E7,ccOTMFO4001_EnclaveComTowerRespawn,ACTI,1490.157104,68375.406250,2577.584961,168.5525
ccOTMFO4001-Remnants.esl,FE00814A,FE0081F1,ccOTMFO4001_LvlTurretTripodEnclave,NPC_,63758.460937,85820.625000,2240.065674,314.9846
ccOTMFO4001-Remnants.esl,FE008149,00000034,XMarkerHeading,STAT,1277.089111,68033.593750,2588.066895,213.5415
ccOTMFO4001-Remnants.esl,FE008148,00000034,XMarkerHeading,STAT,1777.327148,68441.156250,2615.319336,56.3792
ccOTMFO4001-Remnants.esl,FE008147,00000034,XMarkerHeading,STAT,1454.476807,68804.789062,2595.991211,359.1980
ccOTMFO4001-Remnants.esl,FE008146,00000034,XMarkerHeading,STAT,1028.059326,68241.687500,2564.828125,246.6117
ccOTMFO4001-Remnants.esl,FE008145,FE0081F1,ccOTMFO4001_LvlTurretTripodEnclave,NPC_,1389.541016,67959.921875,2728.681885,184.3780
ccOTMFO4001-Remnants.esl,FE008144,FE0081F1,ccOTMFO4001_LvlTurretTripodEnclave,NPC_,1697.154785,68607.757812,2723.227783,100.1998
ccOTMFO4001-Remnants.esl,FE008143,000ED13A,PackageSandboxPrimitive,ACTI,64152.386719,85393.007812,2217.929932,161.1381
ccOTMFO4001-Remnants.esl,FE008142,00000034,XMarkerHeading,STAT,64679.218750,85100.546875,2270.039062,137.5099
ccOTMFO4001-Remnants.esl,FE008141,00000034,XMarkerHeading,STAT,63670.632812,85642.382812,2102.782715,289.4583
ccOTMFO4001-Remnants.esl,FE008140,00000034,XMarkerHeading,STAT,64178.460937,85067.757812,2133.657715,209.4734
ccOTMFO4001-Remnants.esl,FE00813F,00000034,XMarkerHeading,STAT,64518.531250,85710.328125,2129.603027,65.4318
ccOTMFO4001-Remnants.esl,FE00813E,000ED13A,PackageSandboxPrimitive,ACTI,-14441.117187,-101107.484375,1673.364014,0.0000
ccOTMFO4001-Remnants.esl,FE00813D,000913EC,UseWeaponTargetMarker,STAT,-13811.187500,-101758.906250,1647.708008,315.0000
ccOTMFO4001-Remnants.esl,FE00813C,00000034,XMarkerHeading,STAT,-14224.123047,-101358.906250,1573.547119,139.2969
ccOTMFO4001-Remnants.esl,FE00813B,00000034,XMarkerHeading,STAT,-14967.228516,-101361.851562,1649.380615,245.0647
ccOTMFO4001-Remnants.esl,FE00813A,00000034,XMarkerHeading,STAT,-14413.477539,-100453.742188,1557.789673,14.0948
ccOTMFO4001-Remnants.esl,FE008139,FE0081F1,ccOTMFO4001_LvlTurretTripodEnclave,NPC_,-13984.423828,-101260.046875,1555.725586,80.0996
ccOTMFO4001-Remnants.esl,FE008138,000E4610,EnableMarker,STAT,-94502.210938,-94979.593750,5416.159668,270.4011
ccOTMFO4001-Remnants.esl,FE00810E,FE008215,ccOTMFO4001_workshop_EnclaveBarricade08,STAT,-95438.937500,-95316.562500,5583.984863,0.9437
ccOTMFO4001-Remnants.esl,FE0080FD,000E4610,EnableMarker,STAT,60918.671875,66121.890625,1235.312378,0.0000
ccOTMFO4001-Remnants.esl,FE0080F7,00000021,CollisionMarker,STAT,-95449.015625,-95343.062500,5694.747559,272.3156
ccOTMFO4001-Remnants.esl,FE0080EF,00000034,XMarkerHeading,STAT,-16131.510742,-99511.835938,1708.510132,128.6863
ccOTMFO4001-Remnants.esl,FE0080B2,FE008009,ccOTMFO4001_BloodMarker,ACTI,60624.656250,67230.000000,945.822083,0.0000
ccOTMFO4001-Remnants.esl,FE0080B1,0021317D,DecalBloodPuddleLg,TXST,60601.105469,67242.609375,1137.531860,0.0000
ccOTMFO4001-Remnants.esl,FE0080B0,FE008009,ccOTMFO4001_BloodMarker,ACTI,59903.917969,67338.507812,756.424072,0.0000
ccOTMFO4001-Remnants.esl,FE008090,000ED13A,PackageSandboxPrimitive,ACTI,1439.493164,68426.718750,2634.980469,277.5408
ccOTMFO4001-Remnants.esl,FE00808F,0009F983,SpotLightDetect01,ACTI,1467.781616,68948.921875,2761.064941,5.8315
ccOTMFO4001-Remnants.esl,FE00808E,0000003B,XMarker,STAT,1234.295532,69313.062500,2733.333740,275.8315
ccOTMFO4001-Remnants.esl,FE00808D,0000003B,XMarker,STAT,1758.173462,69257.281250,2768.415527,275.8315
ccOTMFO4001-Remnants.esl,FE00808C,000A1406,SpotlightSpot01,LIGH,1467.781616,68948.921875,2761.064941,275.8315
ccOTMFO4001-Remnants.esl,FE00808B,00239951,DryDecalBloodSplatterDrip03,TXST,1376.813599,68490.054687,2702.065430,0.0000
ccOTMFO4001-Remnants.esl,FE00808A,0002B95A,DecalFlameBurn01,TXST,1420.692993,68523.273437,2702.065430,0.0000
ccOTMFO4001-Remnants.esl,FE008089,0000003B,XMarker,STAT,1384.106689,67864.804687,2222.168945,90.0000
ccOTMFO4001-Remnants.esl,FE008088,000E4610,EnableMarker,STAT,-15033.663086,-100787.171875,2080.041016,0.0000
ccOTMFO4001-Remnants.esl,FE008087,000E4610,EnableMarker,STAT,908.572998,68337.554687,3012.847168,0.0000
ccOTMFO4001-Remnants.esl,FE008086,000E4610,EnableMarker,STAT,64144.066406,84808.726562,2580.243408,0.0000
ccOTMFO4001-Remnants.esl,FE008075,FE008009,ccOTMFO4001_BloodMarker,ACTI,59330.808594,65923.468750,884.925903,0.0000
ccOTMFO4001-Remnants.esl,FE008074,FE008009,ccOTMFO4001_BloodMarker,ACTI,59938.289062,65002.824219,1099.381470,0.0000
ccOTMFO4001-Remnants.esl,FE008073,FE008009,ccOTMFO4001_BloodMarker,ACTI,59828.789062,63993.085937,1031.175293,359.7143
ccOTMFO4001-Remnants.esl,FE008071,FE00800D,ccOTMFO4001_LvlEnclaveSoldier_PowerArmor_Semi_Aggro2048,NPC_,-95564.718750,-94965.375000,5587.107910,177.6169
ccOTMFO4001-Remnants.esl,FE008070,00000034,XMarkerHeading,STAT,-95454.656250,-95055.750000,5585.751953,182.3832
ccOTMFO4001-Remnants.esl,FE00806F,00002CE2,PatrolIdleMarker,IDLM,-94651.601562,-95457.203125,4609.043457,8.0204
ccOTMFO4001-Remnants.esl,FE00806E,00002CE2,PatrolIdleMarker,IDLM,-94352.960938,-94776.882812,4670.800293,220.0148
ccOTMFO4001-Remnants.esl,FE00806D,FE008084,ccOTMFO4001_LvlEnclaveSoldier_Auto,NPC_,-94944.726562,-95044.070312,5353.120117,153.7354
ccOTMFO4001-Remnants.esl,FE00806C,FE00802B,ccOTMFO4001_LvlEnclaveSoldier_PowerArmor_Auto_Aggro2048,NPC_,-95656.187500,-94874.867188,5321.817383,229.1833
ccOTMFO4001-Remnants.esl,FE00806B,0000003B,XMarker,STAT,-96662.554688,-94477.796875,5307.345215,0.0000
ccOTMFO4001-Remnants.esl,FE008069,00002CE2,PatrolIdleMarker,IDLM,-94822.570312,-94703.742188,4869.916992,230.5106
ccOTMFO4001-Remnants.esl,FE008068,00002CE2,PatrolIdleMarker,IDLM,-95352.679688,-94835.429688,4830.388672,148.8974
ccOTMFO4001-Remnants.esl,FE008067,00002CE2,PatrolIdleMarker,IDLM,-95578.015625,-95183.117188,4824.428711,65.3162
ccOTMFO4001-Remnants.esl,FE008066,00000034,XMarkerHeading,STAT,-94350.421875,-95507.265625,4662.649902,322.3684
ccOTMFO4001-Remnants.esl,FE008065,FE008078,ccOTMFO4001_LvlEnclaveSoldier_Semi,NPC_,-94466.085938,-95386.218750,4652.147461,22.9184
ccOTMFO4001-Remnants.esl,FE008064,FE008014,ccOTMFO4001_LvlEnclaveSoldier_PowerArmor_Auto,NPC_,-95605.164062,-95459.875000,4814.190430,11.4592
ccOTMFO4001-Remnants.esl,FE008063,00002CE2,PatrolIdleMarker,IDLM,-95379.640625,-95182.023438,5077.481934,259.1584
ccOTMFO4001-Remnants.esl,FE008062,00002CE2,PatrolIdleMarker,IDLM,-94646.703125,-94738.851562,5165.708496,25.2091
ccOTMFO4001-Remnants.esl,FE008061,00000034,XMarkerHeading,STAT,-94756.101562,-95409.828125,5115.500488,308.4339
ccOTMFO4001-Remnants.esl,FE008060,FE008032,ccOTMFO4001_LvlEnclaveSoldier_PowerArmor_Semi,NPC_,-94578.242188,-94899.679688,5148.497559,256.8677
ccOTMFO4001-Remnants.esl,FE00805F,FE008078,ccOTMFO4001_LvlEnclaveSoldier_Semi,NPC_,-95014.085938,-95378.179688,5098.547363,325.6226
ccOTMFO4001-Remnants.esl,FE00805E,00193B93,GenericKlaxon2DLPMMarker,SOUN,-94992.335938,-95105.562500,4784.855957,186.0126
ccOTMFO4001-Remnants.esl,FE00805D,0004F4AE,KlaxonLightGlow,LIGH,-94991.820312,-95098.429688,4818.534668,271.4864
ccOTMFO4001-Remnants.esl,FE00805C,00193B93,GenericKlaxon2DLPMMarker,SOUN,-95021.070312,-95044.476562,5297.214844,0.0000
ccOTMFO4001-Remnants.esl,FE00805B,0004F4AE,KlaxonLightGlow,LIGH,-95025.656250,-95053.140625,5330.206055,87.7118
ccOTMFO4001-Remnants.esl,FE00805A,0004F4AE,KlaxonLightGlow,LIGH,-95426.671875,-95027.648438,5560.408203,0.0000
ccOTMFO4001-Remnants.esl,FE008059,00193B93,GenericKlaxon2DLPMMarker,SOUN,-95427.632812,-95020.539062,5542.303223,0.0000
ccOTMFO4001-Remnants.esl,FE008058,00002CE2,PatrolIdleMarker,IDLM,-95496.898438,-94968.585938,5336.044434,36.6683
ccOTMFO4001-Remnants.esl,FE008057,00002CE2,PatrolIdleMarker,IDLM,-95316.398438,-95010.078125,5347.718750,339.3725
ccOTMFO4001-Remnants.esl,FE008056,00002CE2,PatrolIdleMarker,IDLM,-95727.476562,-94954.304688,5573.205566,270.6176
ccOTMFO4001-Remnants.esl,FE008055,00002CE2,PatrolIdleMarker,IDLM,-94885.140625,-94710.210938,5638.820801,53.8570
ccOTMFO4001-Remnants.esl,FE008054,00002CE2,PatrolIdleMarker,IDLM,-94926.273438,-95545.390625,5876.243652,145.5302
ccOTMFO4001-Remnants.esl,FE008053,00002CE2,PatrolIdleMarker,IDLM,-94872.203125,-94979.812500,5892.640625,53.8570
ccOTMFO4001-Remnants.esl,FE008052,FE008009,ccOTMFO4001_BloodMarker,ACTI,58830.074219,63934.699219,960.129578,20.6265
ccOTMFO4001-Remnants.esl,FE008051,0019D234,DecalExplosionBurn01,TXST,59041.718750,64017.464844,1118.087891,0.0000
ccOTMFO4001-Remnants.esl,FE008050,0019D235,DecalExplosionBurnDirt,TXST,58773.089844,64019.074219,1118.087891,0.0000
ccOTMFO4001-Remnants.esl,FE00804F,0019D234,DecalExplosionBurn01,TXST,58848.617187,63820.546875,1118.087891,0.0000
ccOTMFO4001-Remnants.esl,FE00804E,0021317D,DecalBloodPuddleLg,TXST,59880.367187,67351.117187,948.133911,0.0000
ccOTMFO4001-Remnants.esl,FE00804D,FE008009,ccOTMFO4001_BloodMarker,ACTI,59509.378906,66728.820312,762.353394,0.0000
ccOTMFO4001-Remnants.esl,FE00804C,0021317D,DecalBloodPuddleLg,TXST,59485.828125,66741.429687,954.063232,0.0000
ccOTMFO4001-Remnants.esl,FE00804B,0021317D,DecalBloodPuddleLg,TXST,59307.257812,65936.078125,1076.635742,0.0000
ccOTMFO4001-Remnants.esl,FE00804A,0021317D,DecalBloodPuddleLg,TXST,59912.210937,64968.687500,1260.119385,0.0089
ccOTMFO4001-Remnants.esl,FE008049,0021317C,DecalBloodPuddleMed,TXST,59813.285156,64012.871094,1169.188843,0.0000
ccOTMFO4001-Remnants.esl,FE008048,000BA4BA,DecalBloodSmearSmall,TXST,58816.183594,64024.343750,1114.000977,10.3714
ccOTMFO4001-Remnants.esl,FE008047,0003059C,DecalBloodSplatMed,TXST,58725.500000,63863.445312,1114.000977,5.8700
ccOTMFO4001-Remnants.esl,FE008046,0003059D,DecalBloodSplatterLg,TXST,58853.351562,63935.808594,1114.000977,356.1332
ccOTMFO4001-Remnants.esl,FE008045,000913EC,UseWeaponTargetMarker,STAT,60821.238281,67542.640625,1057.663574,314.1634
ccOTMFO4001-Remnants.esl,FE008044,00000034,XMarkerHeading,STAT,61234.386719,67463.421875,1132.535156,283.6248
ccOTMFO4001-Remnants.esl,FE008043,00002CE2,PatrolIdleMarker,IDLM,60608.035156,67256.937500,936.004211,40.1071
ccOTMFO4001-Remnants.esl,FE008042,00002CE2,PatrolIdleMarker,IDLM,60157.988281,67569.421875,785.445007,234.9127
ccOTMFO4001-Remnants.esl,FE008041,00002CE2,PatrolIdleMarker,IDLM,60964.210937,65661.984375,1122.586060,171.8874
ccOTMFO4001-Remnants.esl,FE008040,00002CE2,PatrolIdleMarker,IDLM,61291.093750,65683.078125,1146.382080,137.5099
ccOTMFO4001-Remnants.esl,FE00803F,00002CE2,PatrolIdleMarker,IDLM,61296.644531,66861.531250,1055.266113,80.2141
ccOTMFO4001-Remnants.esl,FE00803E,000E4610,EnableMarker,STAT,-94502.210938,-95204.210938,5416.159668,270.4011
ccOTMFO4001-Remnants.esl,0018FDCD,00002CE2,PatrolIdleMarker,IDLM,-95002.382812,-95000.445312,4599.455078,137.2907
ccOTMFO4001-Remnants.esl,0018FDCB,0009F976,AmbushFeralGhoulGetUpC,FURN,-95290.398438,-94907.015625,4576.406738,320.5105
ccOTMFO4001-Remnants.esl,0018FDCA,00002CE2,PatrolIdleMarker,IDLM,-95316.843750,-95114.828125,4575.189453,137.2907
ccOTMFO4001-Remnants.esl,0018FDC8,0009F975,AmbushFeralGhoulGetUpB,FURN,-95366.632812,-95015.898438,4568.721680,47.2908
ccOTMFO4001-Remnants.esl,0018FDC7,0009F974,AmbushFeralGhoulGetUpA,FURN,-94880.914062,-95468.148438,4584.216797,272.2907
ccOTMFO4001-Remnants.esl,0018FDC5,00002CE2,PatrolIdleMarker,IDLM,-94821.414062,-95350.960938,4601.966309,2.2907
ccOTMFO4001-Remnants.esl,0018FDC1,00002CE2,PatrolIdleMarker,IDLM,-94864.757812,-95164.625000,4661.097168,0.0000
ccOTMFO4001-Remnants.esl,0018FDBF,00002CE2,PatrolIdleMarker,IDLM,-94685.164062,-95481.304688,5118.815918,2.2908
ccOTMFO4001-Remnants.esl,0018FDBD,0009F976,AmbushFeralGhoulGetUpC,FURN,-94883.257812,-95441.039062,5106.024902,2.2908
ccOTMFO4001-Remnants.esl,0018FDBC,00002CE2,PatrolIdleMarker,IDLM,-94826.148438,-95410.601562,4859.752930,2.2908
ccOTMFO4001-Remnants.esl,0018FDBA,0009F975,AmbushFeralGhoulGetUpB,FURN,-94942.984375,-95349.507812,4845.017090,2.2908
ccOTMFO4001-Remnants.esl,0018FDB9,0009F977,AmbushFeralGhoulGetUpD,FURN,-95463.070312,-95194.382812,4814.770996,2.2907
ccOTMFO4001-Remnants.esl,0018FDB8,0003376D,DefaultActivateSelfTrigger,ACTI,-95151.679688,-95184.296875,5082.235352,272.2908
ccOTMFO4001-Remnants.esl,0018FDB7,00002CE2,PatrolIdleMarker,IDLM,-95393.007812,-94758.257812,4834.344238,2.2907
ccOTMFO4001-Remnants.esl,0018FDB6,00002CE2,PatrolIdleMarker,IDLM,-95346.234375,-95255.476562,4829.506836,2.2907
ccOTMFO4001-Remnants.esl,0018FDB2,00002CE2,PatrolIdleMarker,IDLM,-95306.882812,-94997.773438,5348.323242,272.2908
ccOTMFO4001-Remnants.esl,0018FDB1,00002CE2,PatrolIdleMarker,IDLM,-94944.195312,-95116.929688,5371.807129,92.2907
ccOTMFO4001-Remnants.esl,0018FDAF,0009F976,AmbushFeralGhoulGetUpC,FURN,-94989.578125,-95066.812500,5363.664062,272.2907
ccOTMFO4001-Remnants.esl,0018FDAE,0009F974,AmbushFeralGhoulGetUpA,FURN,-95317.179688,-94869.078125,5345.422852,182.2908
ccOTMFO4001-Remnants.esl,0018FDAD,0003376D,DefaultActivateSelfTrigger,ACTI,-94904.945312,-94779.578125,5592.458496,272.2908
ccOTMFO4001-Remnants.esl,0018FDAC,00002CE2,PatrolIdleMarker,IDLM,-95417.570312,-95169.265625,5339.840820,182.2907
ccOTMFO4001-Remnants.esl,0018FDAB,00002CE2,PatrolIdleMarker,IDLM,-95456.484375,-94943.523438,5335.339355,92.2907
ccOTMFO4001-Remnants.esl,0018FDA8,000A0F53,AmbushFeralGhoulUnderTable,FURN,-94943.195312,-95483.171875,5606.273926,272.2908
ccOTMFO4001-Remnants.esl,0018FDA7,0003376D,DefaultActivateSelfTrigger,ACTI,-95319.335938,-95084.273438,5725.545410,2.2907
ccOTMFO4001-Remnants.esl,0018FDA6,00002CE2,PatrolIdleMarker,IDLM,-95428.335938,-95175.625000,5592.654785,2.2907
ccOTMFO4001-Remnants.esl,0018FDA5,00002CE2,PatrolIdleMarker,IDLM,-94926.835938,-95259.929688,5619.499023,227.2907
ccOTMFO4001-Remnants.esl,000F746A,0010C4B3,INV_CloudDistant06,STAT,-94998.617188,-99038.921875,7055.594727,10.2349
ccOTMFO4001-Remnants.esl,0018FDC2,0003376D,DefaultActivateSelfTrigger,ACTI,-94999.562500,-95129.242188,4901.097168,90.0000
