source_file,ref_formid,base_formid,base_editorid,base_signature,pos_x,pos_y,pos_z,rot_z
ChineseRemnants.esp,300520A7,0013384F,Bramble03,STAT,-49178.074219,-12782.365234,2440.483398,97.4029
ChineseRemnants.esp,3005ED9E,0013384F,Bramble03,STAT,-49076.609375,-12797.353516,2458.662842,200.5354
ChineseRemnants.esp,301E7F98,00000010,MapMarker,STAT,-49200.000000,-12684.000000,2460.000000,90.0000
ChineseRemnants.esp,3001CFEA,00018FA9,MetalTrapdoor01,DOOR,-49202.425781,-12682.661133,2436.147217,270.0001
ChineseRemnants.esp,301E7F99,00000010,MapMarker,STAT,14536.833008,24102.496094,3081.552734,0.0000
ChineseRemnants.esp,3003CB0C,00018FA9,MetalTrapdoor01,DOOR,14544.536133,24106.242188,3092.572021,180.0000
ChineseRemnants.esp,000762EA,0013385F,HedgeRow04,STAT,-95440.000000,-41144.000000,4152.000000,51.2735
ChineseRemnants.esp,306E1338,00002CE2,PatrolIdleMarker,IDLM,-103256.000000,-36720.000000,6607.594727,90.0000
ChineseRemnants.esp,306E1337,00002CE2,PatrolIdleMarker,IDLM,-103032.000000,-36128.000000,6615.341797,90.0000
ChineseRemnants.esp,306E1331,0010C411,LvlSupermutantMissile,NPC_,-103384.000000,-36336.000000,6652.000000,90.0000
ChineseRemnants.esp,30977DB2,0012154F,TreeBlastedForestBurntUpright03,STAT,-102100.000000,-36286.000000,5886.000000,0.0000
ChineseRemnants.esp,30729CAE,0014AE58,LvlSupermutantSuicider,NPC_,-101696.000000,-35840.000000,5880.000000,90.0000
ChineseRemnants.esp,3072585C,0003251F,DefaultSetStageTriggerPlayerOnly,ACTI,-102000.000000,-36208.000000,5928.000000,270.0000
ChineseRemnants.esp,306E1336,00002CE2,PatrolIdleMarker,IDLM,-101280.000000,-36752.000000,5792.000000,90.0000
ChineseRemnants.esp,306E1335,00002CE2,PatrolIdleMarker,IDLM,-101288.000000,-35800.000000,5811.332031,90.0000
ChineseRemnants.esp,306E1333,000D228A,LvlSupermutantRifle,NPC_,-101528.000000,-35976.000000,5832.000000,90.0000
ChineseRemnants.esp,306E1332,000D228A,LvlSupermutantRifle,NPC_,-101624.000000,-36144.000000,5828.000000,90.0000
ChineseRemnants.esp,00141348,00032464,TreeStump01,STAT,-3213.134033,105851.179687,3902.000000,161.5412
ChineseRemnants.esp,30513D98,00000010,MapMarker,STAT,-95384.000000,-41176.000000,4512.000000,50.7296
ChineseRemnants.esp,30513D97,00000010,MapMarker,STAT,-102000.000000,-36208.000000,5864.000000,270.0000
ChineseRemnants.esp,304ED61A,0001F65A,RoofHatch01,DOOR,-95376.000000,-41168.000000,4480.000000,230.7297
ChineseRemnants.esp,3032CAD2,00000010,MapMarker,STAT,17952.000000,-102608.000000,640.000000,0.0000
ChineseRemnants.esp,302E8577,00018FA9,MetalTrapdoor01,DOOR,17968.000000,-102608.000000,620.000000,359.5411
ChineseRemnants.esp,301E7F97,00000010,MapMarker,STAT,-3272.000000,105776.000000,3904.000000,180.0000
ChineseRemnants.esp,30016A9E,00018FA9,MetalTrapdoor01,DOOR,-102003.625000,-36203.980469,5859.475586,270.0000
ChineseRemnants.esp,30011EFE,00018FA9,MetalTrapdoor01,DOOR,-3273.393799,105776.617187,3903.118652,0.0000
ChineseRemnants.esp,309DA151,00147B03,Jangles01,MISC,1189.683472,4620.756836,214.341232,270.0000
ChineseRemnants.esp,309A6D7E,000E6DB0,DecoGreebFree01,STAT,2846.000000,3506.000000,368.000000,90.0000
ChineseRemnants.esp,309A6D7D,000E6DB0,DecoGreebFree01,STAT,2846.000000,3082.000000,368.000000,90.0000
ChineseRemnants.esp,309A6D7C,000E6DB0,DecoGreebFree01,STAT,3088.000000,3154.000000,368.000000,180.0000
ChineseRemnants.esp,3099E4D6,0001F90A,TinCan01,MISC,3693.443359,3184.166016,290.002777,0.0909
ChineseRemnants.esp,3099E4D1,0001D18E,TrashDecal02,STAT,3730.007812,3312.341064,285.999969,90.0001
ChineseRemnants.esp,3099E4CE,000B91FF,MrHandyFuel,MISC,1969.347168,2679.163574,176.000000,135.0000
ChineseRemnants.esp,3099E4CB,0008B5FD,TrashEdge03,STAT,1886.000000,2666.000000,158.000000,180.0000
ChineseRemnants.esp,3099E4CA,00018CD4,MetalBarrelStatic01,STAT,2236.000000,2882.000000,158.000000,180.0000
ChineseRemnants.esp,3099E4C9,00018CD4,MetalBarrelStatic01,STAT,2296.000000,2882.000000,158.000000,90.0000
ChineseRemnants.esp,3099E4C8,00018CD9,MetalBarrelStatic02,STAT,2240.000000,2680.000000,158.000000,0.0000
ChineseRemnants.esp,3099E4C7,00018CD4,MetalBarrelStatic01,STAT,2304.000000,2682.000000,158.000000,315.0000
ChineseRemnants.esp,3099A075,000A4920,DishRag01,MISC,3764.633789,3354.055176,288.000000,45.8364
ChineseRemnants.esp,3099A074,000DEDED,BottleEmptyWine01,MISC,3838.479736,3232.075439,289.252991,269.9572
ChineseRemnants.esp,3099A073,0006D140,EnamelBucket01,MISC,3639.975586,3400.187500,300.050598,219.2963
ChineseRemnants.esp,3099A072,00059AEE,Mop,MISC,3669.409912,3372.346191,291.921448,214.5135
ChineseRemnants.esp,3099A071,000731A3,c_Wood_scrap,MISC,1863.933594,2664.417480,164.278503,358.6582
ChineseRemnants.esp,3099A070,0008A5E0,TrashEdge02,STAT,1910.000000,2686.000000,158.000000,0.0000
ChineseRemnants.esp,3099A06A,000A4920,DishRag01,MISC,2612.794922,2672.676025,160.394867,128.2043
ChineseRemnants.esp,3099A069,00060ECF,Paintbrush_01,MISC,2616.001221,2682.002197,161.540421,40.1039
ChineseRemnants.esp,3099A068,00059B3B,PaintCanFull,MISC,2792.000000,2674.000000,160.000000,90.0000
ChineseRemnants.esp,3099A065,00059B3B,PaintCanFull,MISC,2808.000000,2688.000000,160.000000,0.0000
ChineseRemnants.esp,3099A064,000E726A,Cardboard_Box_Empty01,MSTT,2800.000000,2680.000000,160.000000,74.4846
ChineseRemnants.esp,3098D36F,001AC0BA,Gurney02Static,STAT,1782.000000,5136.000000,158.000000,90.0000
ChineseRemnants.esp,3098D36E,001A0D2D,SynthDead01,STAT,1782.000000,5138.000000,224.000000,180.0000
ChineseRemnants.esp,30988F19,00198DBE,DummyNoEdit_LaserGun_Rifle,MISC,504.000000,4822.000000,290.000000,270.0001
ChineseRemnants.esp,30984AC8,00004822,10mm,WEAP,460.000000,5020.000000,225.730988,270.0000
ChineseRemnants.esp,30984AC7,00023432,Armor_Army_Helmet,ARMO,1771.999756,5614.000000,168.630188,309.0966
ChineseRemnants.esp,30984AC3,00059B1C,ToyCar,MISC,1776.903442,5663.883301,158.000000,302.7043
ChineseRemnants.esp,30984AC2,00059A76,Baseball,MISC,1813.566040,5755.726562,162.146988,0.0000
ChineseRemnants.esp,30984AC1,00059A7E,DogBowl,MISC,1856.000000,5888.000000,158.000000,325.6226
ChineseRemnants.esp,30984AC0,001AB5ED,ChemistrySetCan02,MISC,886.000000,5548.000000,158.000000,74.4846
ChineseRemnants.esp,30984ABC,000E1FF7,AutoPart02,MISC,1041.985596,5536.233398,159.205566,43.8200
ChineseRemnants.esp,30984AB9,001A77E9,OfficeBoxPapersOpen01,MSTT,1052.000000,5528.000000,158.000000,337.0818
ChineseRemnants.esp,30984AB7,0003A9ED,OfficeBoxPapers03,STAT,718.000000,5542.000000,160.000000,51.5662
ChineseRemnants.esp,30984AB6,0003A9ED,OfficeBoxPapers03,STAT,824.000000,5526.000000,158.000000,78.5409
ChineseRemnants.esp,30984AB5,000211F7,WoodCrate03,STAT,1202.000000,4824.000000,185.981506,270.0000
ChineseRemnants.esp,30984AB4,000211F7,WoodCrate03,STAT,1196.000000,4824.000000,158.000000,270.0000
ChineseRemnants.esp,30980663,0000000A,BobbyPin,MISC,-924.640747,6018.081543,159.887131,101.9911
ChineseRemnants.esp,30980662,0000000A,BobbyPin,MISC,2005.147095,6054.691895,158.058746,246.7980
ChineseRemnants.esp,3098065F,00096A21,OilLamp_Off,MISC,-968.613647,5932.393066,153.486023,0.0000
ChineseRemnants.esp,3098065E,30A62BC5,00MilitaryDogTags_DIA,MISC,-957.941833,5965.196777,156.968170,275.5239
ChineseRemnants.esp,3098065C,0008E471,SkeletonClothedArmy02,MSTT,-952.690796,5989.439941,163.003860,90.0000
ChineseRemnants.esp,30980658,3001F185,00LvlChineseRemnant_Dog,NPC_,1818.000000,5736.000000,158.000000,0.0000
ChineseRemnants.esp,30980657,00190CB6,ViciousDogSleepOnGround,FURN,1934.000000,5736.000000,158.000000,0.0000
ChineseRemnants.esp,30977DB1,00106D99,c_Concrete_scrap,MISC,3271.904297,3377.731689,177.281265,0.0000
ChineseRemnants.esp,308EF341,000D8556,DefaultLightWhite01NSNonSpec,LIGH,320.000000,2120.000000,248.000000,1.0054
ChineseRemnants.esp,308EF340,000D8556,DefaultLightWhite01NSNonSpec,LIGH,816.000000,2120.000000,248.000000,1.0054
ChineseRemnants.esp,308EF33C,000D8555,defaultLightCool02NSNonSpec,LIGH,4440.000000,3296.000000,544.000000,0.0000
ChineseRemnants.esp,308EF33B,00027696,ExitSignRedNS,LIGH,5256.000000,3040.000000,696.000000,0.0000
ChineseRemnants.esp,308EF33A,00027696,ExitSignRedNS,LIGH,5256.000000,3040.000000,576.000000,0.0000
ChineseRemnants.esp,308EAEE9,000D8555,defaultLightCool02NSNonSpec,LIGH,3448.000000,3296.000000,336.000000,0.0000
ChineseRemnants.esp,308EAEE8,000D8555,defaultLightCool02NSNonSpec,LIGH,3976.000000,3296.000000,480.000000,0.0000
ChineseRemnants.esp,308EAEE7,00027696,ExitSignRedNS,LIGH,4944.000000,3040.000000,576.000000,0.0000
ChineseRemnants.esp,308EAEE5,000D8556,DefaultLightWhite01NSNonSpec,LIGH,2080.000000,5720.000000,264.000000,1.0054
ChineseRemnants.esp,308EAEE4,000D8556,DefaultLightWhite01NSNonSpec,LIGH,2080.000000,5984.000000,264.000000,1.0054
ChineseRemnants.esp,308DE1DF,00001B90,CeilingLamp02On,STAT,3728.000000,3296.000000,542.000000,0.0000
ChineseRemnants.esp,308DE1DE,000D8555,defaultLightCool02NSNonSpec,LIGH,3731.405273,3299.409180,414.901886,0.0000
ChineseRemnants.esp,308DE1DD,00056723,defaultLightCool02NS,LIGH,3731.405273,3299.409180,456.875854,0.0000
ChineseRemnants.esp,308DE1D5,0001D0B7,EmergencyLightOn01,STAT,2834.000000,2782.000000,374.000000,90.0000
ChineseRemnants.esp,308DE1D4,0002B76C,EmergencyLightBeamSet01,MSTT,2834.000000,2782.000000,374.000000,90.0000
ChineseRemnants.esp,308DE1D3,000D8556,DefaultLightWhite01NSNonSpec,LIGH,2702.841064,2780.581543,269.059540,181.0054
ChineseRemnants.esp,308DE1D2,000517B0,DefaultLightWhite01NS,LIGH,2738.797607,2784.429932,269.059540,181.0054
ChineseRemnants.esp,3088025A,000731A3,c_Wood_scrap,MISC,4786.067871,2701.867920,420.897400,90.8226
ChineseRemnants.esp,30880259,000731A3,c_Wood_scrap,MISC,3732.004883,3411.493652,288.150757,0.1004
ChineseRemnants.esp,30880254,0008B5FD,TrashEdge03,STAT,1894.000000,2899.000000,158.000000,0.0000
ChineseRemnants.esp,3087BE03,000E1FF7,AutoPart02,MISC,2246.000000,2814.000000,158.000000,319.8930
ChineseRemnants.esp,3087BE01,0001F90A,TinCan01,MISC,2770.000000,2998.000000,162.000000,359.9402
ChineseRemnants.esp,3087BDFF,0001F909,TinCan03,MISC,3828.220703,3368.629883,291.549225,87.3604
ChineseRemnants.esp,3087BDFE,001A784B,OfficeBoxPapersOpen07,MSTT,3610.000000,3208.000000,286.000000,0.0000
ChineseRemnants.esp,3087BDFA,00059A82,CafeteriaTray,MISC,3791.823242,3185.085693,288.000000,157.0817
ChineseRemnants.esp,3087BDF9,00023C34,Bowl_02b_Ceramic_Cracked,MISC,4547.230957,3276.155518,421.273315,196.9120
ChineseRemnants.esp,3087BDF8,0003B55B,MilkBottleEmpty,MISC,4659.998047,2994.156982,417.906555,359.9732
ChineseRemnants.esp,3087BDF7,000C4380,Coolant_Empty01,MISC,4950.903809,3010.050537,416.926697,0.0103
ChineseRemnants.esp,3087BDF6,00140AF0,FolderPapers01,MISC,4844.000000,3126.000000,414.000000,342.8114
ChineseRemnants.esp,3087BDF5,0001F92F,Clipboard01,MISC,4800.000000,2940.000000,414.000000,331.3522
ChineseRemnants.esp,3087BDF4,0001F909,TinCan03,MISC,4736.000000,2888.000000,418.000000,88.8395
ChineseRemnants.esp,3087BDF3,00140AF0,FolderPapers01,MISC,2678.000000,3418.000000,158.000000,51.5662
ChineseRemnants.esp,3087BDF2,0001F92F,Clipboard01,MISC,2744.000000,2856.000000,158.000000,202.9148
ChineseRemnants.esp,308779A1,0001D184,TrashDecal01,STAT,2606.000000,2816.000000,158.000000,270.0000
ChineseRemnants.esp,3087799D,0001F92F,Clipboard01,MISC,2552.004395,3003.997803,157.974915,126.0517
ChineseRemnants.esp,3087799C,000DF24D,BottleEmpty04,MISC,2532.000000,2840.000000,162.000000,89.9653
ChineseRemnants.esp,3087799B,0001F908,TinCan02,MISC,2400.000000,2744.000000,162.000000,269.8918
ChineseRemnants.esp,3087799A,0001F90A,TinCan01,MISC,1994.000000,2836.000000,162.000000,270.0323
ChineseRemnants.esp,30877999,001A594C,Bin_Plastic,MSTT,2734.421631,3096.447754,167.397583,180.0019
ChineseRemnants.esp,30877998,0008B5FD,TrashEdge03,STAT,3792.000000,3400.000000,286.000000,0.0000
ChineseRemnants.esp,30877994,001A784B,OfficeBoxPapersOpen07,MSTT,2180.000000,2732.000000,158.000000,297.8114
ChineseRemnants.esp,30877992,0001D1AF,TrashDecal03,STAT,2046.000000,2788.000000,158.000000,180.0000
ChineseRemnants.esp,30877991,001A784B,OfficeBoxPapersOpen07,MSTT,2606.000000,2952.000000,158.000000,0.0000
ChineseRemnants.esp,30877990,0001F909,TinCan03,MISC,2757.461182,3523.146484,162.183563,84.2093
ChineseRemnants.esp,3087798F,0001F90A,TinCan01,MISC,2652.276123,3573.824219,163.390182,357.6448
ChineseRemnants.esp,3087798E,000DF223,BottleEmpty03,MISC,2524.001465,3202.001709,161.170654,269.8901
ChineseRemnants.esp,3087798D,000342BA,Lightbulb_Broken,MISC,2483.726562,3270.498779,160.967621,89.9544
ChineseRemnants.esp,3087798C,00165012,OfficePaperDebris03,STAT,2482.000000,3064.000000,158.000000,225.0000
ChineseRemnants.esp,3087798B,00165024,OfficePaperDebris02,STAT,2432.000000,2988.000000,158.000000,0.0000
ChineseRemnants.esp,30877988,0001D1B5,TrashDecal04,STAT,2478.000000,3346.000000,158.000000,0.0000
ChineseRemnants.esp,30877987,0001D1AF,TrashDecal03,STAT,2760.000000,3260.000000,158.000000,90.0000
ChineseRemnants.esp,30877986,0001D184,TrashDecal01,STAT,3110.000000,3304.000000,158.000000,0.0000
ChineseRemnants.esp,30877984,0008B5FD,TrashEdge03,STAT,2726.000000,3562.000000,158.000000,171.8873
ChineseRemnants.esp,30877983,0003A9F2,OfficePaperDebris01,STAT,2482.000000,3542.000000,160.124893,0.0000
ChineseRemnants.esp,30877980,0001D1AF,TrashDecal03,STAT,4276.000000,3306.000000,414.000000,180.0000
ChineseRemnants.esp,3087797B,0001D18E,TrashDecal02,STAT,4718.000000,2820.000000,414.000000,90.0000
ChineseRemnants.esp,3087797A,0008B5FD,TrashEdge03,STAT,4828.000000,2760.000000,416.000000,180.0000
ChineseRemnants.esp,30877979,0001F90A,TinCan01,MISC,4748.000000,3126.000000,418.000000,180.0358
ChineseRemnants.esp,30877978,0001D1AF,TrashDecal03,STAT,4486.000000,2974.000000,416.000000,90.0000
ChineseRemnants.esp,30877977,0001D184,TrashDecal01,STAT,4736.000000,3152.000000,416.000000,315.0000
ChineseRemnants.esp,30877974,0001D1AF,TrashDecal03,STAT,5156.000000,3032.000000,416.000000,0.0000
ChineseRemnants.esp,30877973,0008B5FD,TrashEdge03,STAT,4814.000000,2702.000000,416.000000,0.0000
ChineseRemnants.esp,30877971,0003A9F2,OfficePaperDebris01,STAT,4784.000000,3304.000000,416.000000,0.0000
ChineseRemnants.esp,3086F0CE,000BF83D,GenericPosterGroup04,STAT,840.000000,2399.000000,288.000000,180.0000
ChineseRemnants.esp,3086F0CC,000E6F28,BulletinBoard01Static,STAT,839.063965,2398.000000,288.265808,180.0000
ChineseRemnants.esp,3083BC9F,0001DACF,LaserMusket,WEAP,988.001831,5506.000488,339.556763,270.8524
ChineseRemnants.esp,3083BC9C,000E517D,ClothesMinutemanHat,ARMO,1464.000000,3480.000000,220.005951,0.0000
ChineseRemnants.esp,308333FB,306A9AD2,00TurretTripod_ChineseRemnant,NPC_,2792.000000,3640.000000,264.000000,45.0000
ChineseRemnants.esp,308333FA,306A9AD2,00TurretTripod_ChineseRemnant,NPC_,4443.735840,2705.929443,522.320007,90.0000
ChineseRemnants.esp,3082AB58,0011DA0F,Blowtorch,MISC,458.608521,5934.554688,164.329208,113.8747
ChineseRemnants.esp,3082AB54,000E1FF8,AutoPart03,MISC,3248.166016,3211.529053,166.148010,283.8915
ChineseRemnants.esp,3082AB53,000E1FF6,AutoPart01,MISC,3262.861084,3192.535889,164.813675,265.3738
ChineseRemnants.esp,3082AB52,00023C38,Bowl_03b_Glass_Cracked,MISC,5093.375977,2941.795898,481.909027,358.6156
ChineseRemnants.esp,3082AB51,0000000A,BobbyPin,MISC,4808.000000,3264.000000,472.562866,314.1634
ChineseRemnants.esp,3082AB50,0011DA0F,Blowtorch,MISC,3251.819580,3196.993408,165.951019,72.0680
ChineseRemnants.esp,3082AB4F,000DF222,BottleEmpty02,MISC,3164.441650,3366.874756,161.490662,269.9754
ChineseRemnants.esp,3082AB4E,0003B55B,MilkBottleEmpty,MISC,3160.082520,3337.014648,161.899429,1.1512
ChineseRemnants.esp,3082AB4D,0001F909,TinCan03,MISC,3128.103760,3368.621338,165.782745,348.9848
ChineseRemnants.esp,3082AB4B,0001F90A,TinCan01,MISC,3133.980957,3327.669922,162.282211,261.3960
ChineseRemnants.esp,3082AB4A,001A594B,TrashcanMetalOffice01,MSTT,3096.429688,3383.650146,172.845047,81.3821
ChineseRemnants.esp,3082AB49,001A594B,TrashcanMetalOffice01,MSTT,4856.413086,3175.197266,428.846771,9.8465
ChineseRemnants.esp,3082AB48,00059A9A,Loot_Toolbox,CONT,2966.000000,3404.000000,224.000000,103.1325
ChineseRemnants.esp,3082AB47,000E726A,Cardboard_Box_Empty01,MSTT,3246.000000,3196.000000,158.000000,63.0254
ChineseRemnants.esp,3082AB46,0004D1F5,Wrench01,MISC,4864.000000,2838.000000,454.000000,126.0507
ChineseRemnants.esp,3082AB43,00106D99,c_Concrete_scrap,MISC,383.772583,6058.763184,186.158890,103.0661
ChineseRemnants.esp,3082AB42,00060ECF,Paintbrush_01,MISC,872.000000,5638.000000,273.346558,245.4085
ChineseRemnants.esp,3082AB41,00098148,CementBag,MISC,813.983276,5619.994141,288.403259,183.2352
ChineseRemnants.esp,3082AB40,00059B3B,PaintCanFull,MISC,898.000000,5628.000000,273.072266,325.6225
ChineseRemnants.esp,308266EA,001240F1,Armor_MiningHelmet,ARMO,-951.920532,6040.130859,154.728378,134.3062
ChineseRemnants.esp,308266E8,001240F1,Armor_MiningHelmet,ARMO,-169.538986,6465.891602,167.537292,313.1808
ChineseRemnants.esp,308266E7,001240F1,Armor_MiningHelmet,ARMO,40.136421,5927.361328,151.037628,45.3520
ChineseRemnants.esp,308266E6,001240F1,Armor_MiningHelmet,ARMO,976.003723,5631.999023,269.557770,45.0000
ChineseRemnants.esp,308266E5,0001F92F,Clipboard01,MISC,1264.000977,5631.989258,272.946991,179.9986
ChineseRemnants.esp,308266E4,0001D95B,PaintCanYellow,MISC,1384.000000,5616.000000,272.000000,90.0000
ChineseRemnants.esp,308266E2,0003A9ED,OfficeBoxPapers03,STAT,1200.000000,5616.000000,272.000000,90.0000
ChineseRemnants.esp,308266E1,00098148,CementBag,MISC,919.971436,5616.011719,290.395294,351.6587
ChineseRemnants.esp,308266E0,00098148,CementBag,MISC,920.000000,5616.000000,280.000000,9.4862
ChineseRemnants.esp,308266DF,000822CB,Shovel01,MISC,-353.225525,6095.278809,159.233826,359.9599
ChineseRemnants.esp,308266DC,00098148,CementBag,MISC,814.000000,5620.000000,278.000000,180.4703
ChineseRemnants.esp,308266DA,00098148,CementBag,MISC,989.993103,5618.018555,289.154938,200.1148
ChineseRemnants.esp,308266D8,00098148,CementBag,MISC,990.000793,5618.132324,277.736511,9.4862
ChineseRemnants.esp,30822280,001A5947,WoodBox01,MSTT,1403.732300,6045.714844,170.595505,90.0275
ChineseRemnants.esp,3082227F,00059B3A,PaintCanEmpty,MISC,804.156372,6084.297852,170.364304,349.4934
ChineseRemnants.esp,3082227E,00059B3A,PaintCanEmpty,MISC,698.000000,5818.000000,158.000000,0.0000
ChineseRemnants.esp,3082227D,00060ECF,Paintbrush_01,MISC,1631.410400,6081.162109,192.968750,337.0817
ChineseRemnants.esp,3082227C,00059B3B,PaintCanFull,MISC,1696.000000,6086.000000,158.000000,0.0000
ChineseRemnants.esp,3082227B,00059B3B,PaintCanFull,MISC,1662.000000,5610.000000,158.000000,0.0000
ChineseRemnants.esp,30822277,00059ACC,Fuse,MISC,1686.029175,5855.429199,218.620529,0.2975
ChineseRemnants.esp,30822276,00059ACC,Fuse,MISC,1553.994385,4841.995117,216.733582,359.6926
ChineseRemnants.esp,30822275,0005A0D3,Lightbulb,MISC,1319.931641,5633.597168,280.134003,354.8927
ChineseRemnants.esp,30822274,00059ACC,Fuse,MISC,1306.012939,5624.000000,276.445404,359.7230
ChineseRemnants.esp,30822273,00059ACC,Fuse,MISC,1314.214844,5621.768555,276.442657,89.6510
ChineseRemnants.esp,30822272,001A77E9,OfficeBoxPapersOpen01,MSTT,1318.000000,5622.000000,274.000000,40.1071
ChineseRemnants.esp,3082226F,000211F7,WoodCrate03,STAT,856.000000,5618.000000,224.000000,91.6732
ChineseRemnants.esp,3082226E,000211F7,WoodCrate03,STAT,972.000000,5620.000000,224.000000,91.6732
ChineseRemnants.esp,3082226D,000BA58F,Vault_Crate_01_Steel,STAT,940.000000,5622.000000,176.000000,0.0000
ChineseRemnants.esp,3082226B,000BA591,Vault_Crate_03_Steel,STAT,848.000000,5624.000000,176.000000,0.0000
ChineseRemnants.esp,3082226A,000BA58F,Vault_Crate_01_Steel,STAT,1010.000000,5622.000000,176.000000,0.0000
ChineseRemnants.esp,30822268,00098148,CementBag,MISC,1076.002075,5642.644043,167.351822,7.3381
ChineseRemnants.esp,30822262,00098148,CementBag,MISC,788.002869,5622.007812,174.408478,179.7522
ChineseRemnants.esp,30822261,00098148,CementBag,MISC,788.000000,5622.000000,164.000000,180.0000
ChineseRemnants.esp,30822260,0003A9ED,OfficeBoxPapers03,STAT,1182.000000,5624.000000,178.000000,51.5662
ChineseRemnants.esp,3082225F,0003A9ED,OfficeBoxPapers03,STAT,1386.000000,5620.000000,224.000000,342.8113
ChineseRemnants.esp,3082225C,0003A9ED,OfficeBoxPapers03,STAT,1272.000000,5620.000000,224.000000,0.0000
ChineseRemnants.esp,3082225B,000211F6,WoodCrate02,STAT,1244.000000,5622.000000,176.000000,270.0000
ChineseRemnants.esp,30822250,000211F6,WoodCrate02,STAT,1202.000000,5626.000000,224.000000,270.0000
ChineseRemnants.esp,3082224E,000211F6,WoodCrate02,STAT,1330.000000,5620.000000,224.000000,270.0000
ChineseRemnants.esp,3082224C,000211F7,WoodCrate03,STAT,1346.000000,5622.000000,176.000000,270.0001
ChineseRemnants.esp,3081DDFA,001A781C,OfficeBoxPapersOpen06,MSTT,2809.927490,3482.071777,191.221924,132.3634
ChineseRemnants.esp,3081DDF9,001A780B,OfficeBoxPapersOpen05,MSTT,2798.052246,3514.087158,222.450180,126.8495
ChineseRemnants.esp,3081DDEC,00059B20,Typewriter,MISC,2353.991943,3036.267822,224.125000,285.5156
ChineseRemnants.esp,3081DDEB,00059AF8,Pencil,MISC,2382.594971,3049.861328,224.125015,331.3522
ChineseRemnants.esp,3081DDE9,00140AF0,FolderPapers01,MISC,2387.344971,3005.435547,224.365601,144.4568
ChineseRemnants.esp,3081DDE7,001A77F1,OfficeBoxPapersOpen03,MSTT,2689.946289,2678.788330,222.463333,119.7073
ChineseRemnants.esp,3081DDE6,001A77F3,OfficeBoxPapersOpen04,MSTT,2721.388916,2677.576904,167.511230,101.2217
ChineseRemnants.esp,3081DDE3,001A77F1,OfficeBoxPapersOpen03,MSTT,2070.472900,2679.294922,272.558594,239.6789
ChineseRemnants.esp,3081DDE1,0004835A,NukaColaEmpty,MISC,2353.769531,2977.442383,162.897888,0.0000
ChineseRemnants.esp,3081DDE0,0004B273,OilCan01,MISC,2362.000000,3066.000000,224.147736,45.0000
ChineseRemnants.esp,3081DDDF,00059A80,MetalBucket,MISC,2390.742676,2897.781494,168.006592,358.4643
ChineseRemnants.esp,3081DDDE,0019945F,Soap,MISC,2350.000732,3194.000977,162.051132,0.0000
ChineseRemnants.esp,3081DDDD,0006D140,EnamelBucket01,MISC,2350.000000,3190.000000,158.000000,0.0000
ChineseRemnants.esp,3081DDDB,00059AEE,Mop,MISC,2369.605469,3164.762207,163.376099,254.8892
ChineseRemnants.esp,3081DDDA,0005238F,Broom01,MISC,2372.406494,2871.191650,164.370148,270.5195
ChineseRemnants.esp,3081DDD8,000BA590,Vault_Crate_02_Steel,STAT,2800.000000,3102.000000,196.089233,0.0001
ChineseRemnants.esp,3081DDD4,001A77E9,OfficeBoxPapersOpen01,MSTT,2614.000000,2678.000000,158.000000,342.8113
ChineseRemnants.esp,3081DDCF,0003A9ED,OfficeBoxPapers03,STAT,1988.000000,2688.000000,274.000000,5.7297
ChineseRemnants.esp,3081DDCE,0003A9ED,OfficeBoxPapers03,STAT,2162.000000,2688.000000,274.000000,331.3523
ChineseRemnants.esp,3081DDCD,0003A9ED,OfficeBoxPapers03,STAT,2104.616699,2680.781982,224.558594,97.4028
ChineseRemnants.esp,3081DDCC,000BA591,Vault_Crate_03_Steel,STAT,2144.000000,2882.000000,224.000000,0.0000
ChineseRemnants.esp,3081DDCA,000BA591,Vault_Crate_03_Steel,STAT,2022.000000,2882.000000,224.000000,0.0000
ChineseRemnants.esp,3081DDC9,000BA58F,Vault_Crate_01_Steel,STAT,2168.000000,2878.000000,176.000000,0.0000
ChineseRemnants.esp,3081DDC8,000BA58F,Vault_Crate_01_Steel,STAT,2070.000000,2878.000000,176.000000,0.0000
ChineseRemnants.esp,3081DDC7,000BA58F,Vault_Crate_01_Steel,STAT,1990.413818,2878.265869,176.558609,0.0000
ChineseRemnants.esp,3081DDC6,000BA58F,Vault_Crate_01_Steel,STAT,2164.000000,2680.000000,224.000000,0.0000
ChineseRemnants.esp,3081DDC5,000BA591,Vault_Crate_03_Steel,STAT,2018.000000,2690.000000,226.000000,0.0000
ChineseRemnants.esp,3081DDC4,000BA58F,Vault_Crate_01_Steel,STAT,2018.000000,2684.000000,176.000000,0.0000
ChineseRemnants.esp,3081DDC3,000BA591,Vault_Crate_03_Steel,STAT,2144.000000,2690.000000,178.000000,0.0000
ChineseRemnants.esp,3081DDC2,0003A9ED,OfficeBoxPapers03,STAT,2370.000000,3032.000000,180.000000,325.6226
ChineseRemnants.esp,3081DDC1,0003A9ED,OfficeBoxPapers03,STAT,2364.000000,2690.000000,274.131256,40.1071
ChineseRemnants.esp,3081DDC0,0003A9ED,OfficeBoxPapers03,STAT,2515.968994,2686.314209,272.558594,325.6226
ChineseRemnants.esp,3081DDBF,000BA591,Vault_Crate_03_Steel,STAT,2406.000000,2690.000000,176.000000,0.0000
ChineseRemnants.esp,3081DDBE,000BA591,Vault_Crate_03_Steel,STAT,2530.000000,2690.000000,176.000000,0.0000
ChineseRemnants.esp,3081DDBD,000BA58F,Vault_Crate_01_Steel,STAT,2380.000000,2690.000000,226.000000,183.3465
ChineseRemnants.esp,3081DDBC,000BA58F,Vault_Crate_01_Steel,STAT,2456.000000,2690.000000,226.000000,183.3465
ChineseRemnants.esp,3081DDBB,000BA58F,Vault_Crate_01_Steel,STAT,2536.000000,2690.000000,226.000000,183.3465
ChineseRemnants.esp,3081DDB9,00018CD4,MetalBarrelStatic01,STAT,2630.000000,3652.000000,158.000000,0.0000
ChineseRemnants.esp,3081DDB8,0003A9ED,OfficeBoxPapers03,STAT,2798.000000,2770.000000,274.131256,45.8366
ChineseRemnants.esp,3081DDB6,0003A9ED,OfficeBoxPapers03,STAT,2800.000000,2878.000000,274.000000,354.2705
ChineseRemnants.esp,3081DDB5,0003A9ED,OfficeBoxPapers03,STAT,2798.000000,2944.000000,274.000000,17.1889
ChineseRemnants.esp,3081DDB4,0003A9ED,OfficeBoxPapers03,STAT,2800.000000,2748.000000,224.000000,103.1326
ChineseRemnants.esp,3081DDB3,000211F6,WoodCrate02,STAT,2800.000000,2822.000000,226.000000,0.0000
ChineseRemnants.esp,3081DDB1,0003A9ED,OfficeBoxPapers03,STAT,2798.000000,2896.000000,224.000000,17.1888
ChineseRemnants.esp,3081DDB0,0003A9ED,OfficeBoxPapers03,STAT,2796.000000,2960.000000,224.000000,348.5409
ChineseRemnants.esp,3081DDAF,000211F6,WoodCrate02,STAT,2800.000000,2796.000000,176.000000,0.0000
ChineseRemnants.esp,3081DDAE,000211F7,WoodCrate03,STAT,2802.000000,2922.000000,176.000000,0.0000
ChineseRemnants.esp,3081DDAD,000211F6,WoodCrate02,STAT,2388.000000,2938.000000,226.000000,90.0000
ChineseRemnants.esp,3081DDAC,000211F7,WoodCrate03,STAT,2518.000000,2940.000000,224.975754,90.0000
ChineseRemnants.esp,3081DDAB,000211F7,WoodCrate03,STAT,2410.000000,2936.000000,176.000000,90.0000
ChineseRemnants.esp,3081DDAA,000211F7,WoodCrate03,STAT,2532.000000,2936.000000,176.000000,90.0000
ChineseRemnants.esp,3081DDA9,000211F6,WoodCrate02,STAT,2384.000000,3130.000000,176.000000,90.0000
ChineseRemnants.esp,3081DDA8,000211F6,WoodCrate02,STAT,2474.000000,3130.000000,176.000000,90.0000
ChineseRemnants.esp,3081DDA6,000211F6,WoodCrate02,STAT,2550.000000,3130.000000,176.000000,90.0000
ChineseRemnants.esp,3081DDA4,000211F6,WoodCrate02,STAT,2526.000000,3128.000000,226.000000,90.0000
ChineseRemnants.esp,3081DDA3,000211F6,WoodCrate02,STAT,2396.000000,3130.000000,226.000000,90.0000
ChineseRemnants.esp,3081DD84,000211F7,WoodCrate03,STAT,2518.000000,3456.000000,178.000000,270.0000
ChineseRemnants.esp,3081DD81,000211F6,WoodCrate02,STAT,2392.000000,3456.000000,177.462204,90.0000
ChineseRemnants.esp,3081DD80,000211F7,WoodCrate03,STAT,2406.000000,3454.000000,226.000000,270.0000
ChineseRemnants.esp,3081DD7F,000211F7,WoodCrate03,STAT,2532.000000,3452.000000,226.000000,270.0000
ChineseRemnants.esp,3081DD7C,0008C14D,Baton,WEAP,1796.000000,5626.000000,309.669342,103.1326
ChineseRemnants.esp,3081DD7B,000FC9C3,LeadPipe,WEAP,1584.000000,6082.000000,195.031250,68.7550
ChineseRemnants.esp,3081DD7A,0004D1F5,Wrench01,MISC,1518.000000,4808.000000,294.000000,251.1381
ChineseRemnants.esp,3081DD79,0004D1F7,Wrench03,MISC,1634.000000,4844.000000,216.000000,103.1324
ChineseRemnants.esp,3081DD78,0004D1F6,Wrench02,MISC,1527.238159,4835.602539,229.365814,323.2934
ChineseRemnants.esp,3081DD77,0001A4B9,Newspaper01,MISC,440.000000,2338.000000,158.000000,228.2197
ChineseRemnants.esp,3081DD76,000286F5,Newspaper,MISC,739.999939,2327.999268,197.450958,279.7860
ChineseRemnants.esp,30819924,0003A9ED,OfficeBoxPapers03,STAT,2570.000000,3648.000000,226.000000,74.4847
ChineseRemnants.esp,30819919,000211F6,WoodCrate02,STAT,2527.114258,3650.222412,176.558594,90.0000
ChineseRemnants.esp,30819918,000211F7,WoodCrate03,STAT,2410.000000,3650.000000,177.463303,270.0000
ChineseRemnants.esp,30819917,000211F6,WoodCrate02,STAT,2502.000000,3652.000000,224.000000,90.0000
ChineseRemnants.esp,30819916,000211F6,WoodCrate02,STAT,2392.000000,3648.000000,224.000000,90.0000
ChineseRemnants.esp,30819914,0003A9ED,OfficeBoxPapers03,STAT,2572.000000,3648.000000,274.000000,108.8621
ChineseRemnants.esp,30819913,0003A9ED,OfficeBoxPapers03,STAT,2502.000000,3650.000000,274.000000,57.2958
ChineseRemnants.esp,30819911,0003A9ED,OfficeBoxPapers03,STAT,2386.352051,3645.997314,273.072266,120.3211
ChineseRemnants.esp,308154C0,000A4920,DishRag01,MISC,2974.000000,3380.000000,179.195770,279.7859
ChineseRemnants.esp,308154BF,00059A80,MetalBucket,MISC,3013.756348,3206.821777,168.422760,137.0013
ChineseRemnants.esp,308154BE,0005238F,Broom01,MISC,2923.616699,3199.890869,164.370377,259.2485
ChineseRemnants.esp,308154BC,000DF222,BottleEmpty02,MISC,4748.000488,3413.999756,414.017639,359.9994
ChineseRemnants.esp,308154BB,000211DD,BeerBottleEmpty01,MISC,4848.984863,2752.007812,416.511383,359.8868
ChineseRemnants.esp,308154BA,000E726A,Cardboard_Box_Empty01,MSTT,5342.042969,3132.396240,474.791962,268.9079
ChineseRemnants.esp,308154B9,001A781C,OfficeBoxPapersOpen06,MSTT,4436.000000,3388.000000,430.000000,245.4085
ChineseRemnants.esp,308154B8,001A784B,OfficeBoxPapersOpen07,MSTT,4654.000000,2836.000000,414.024872,0.0000
ChineseRemnants.esp,308154B2,0001F92F,Clipboard01,MISC,2940.000000,3380.000000,224.000000,337.0817
ChineseRemnants.esp,308154B1,0001F909,TinCan03,MISC,4289.081055,3245.421875,418.005829,0.0433
ChineseRemnants.esp,308154B0,0001F908,TinCan02,MISC,4345.931152,3400.109619,418.093750,267.0858
ChineseRemnants.esp,308154AF,0001F90A,TinCan01,MISC,4178.513672,3199.714111,418.075195,268.1855
ChineseRemnants.esp,308154AE,00058224,Lighter,MISC,4850.000000,3364.000000,479.949615,319.8924
ChineseRemnants.esp,308154AD,000342BA,Lightbulb_Broken,MISC,4730.000000,3242.000000,416.854462,0.0636
ChineseRemnants.esp,308154AC,0005A0D3,Lightbulb,MISC,4788.000000,3392.000000,552.090210,178.4432
ChineseRemnants.esp,308154AB,0004D1F4,ScrewDriver01,MISC,4853.986816,3403.991943,551.211914,40.1055
ChineseRemnants.esp,308154AA,00059AB5,Cigarette_Off01,MISC,4590.000000,3400.000000,493.122345,63.0254
ChineseRemnants.esp,308154A9,0008E371,Ashtray01_Filled,MISC,4570.000000,3382.000000,492.824066,0.0000
ChineseRemnants.esp,308154A8,000A4920,DishRag01,MISC,4850.000000,2822.000000,454.000000,0.0000
ChineseRemnants.esp,308154A7,000FC9C3,LeadPipe,WEAP,5343.999512,2940.000000,469.282501,251.1377
ChineseRemnants.esp,308154A6,000E1FF0,AutoPartChromeCoolantCap01,MISC,5090.000488,2953.999756,435.194366,0.0000
ChineseRemnants.esp,308154A5,000E1FF9,AutoPart04,MISC,5200.000000,3072.000000,414.001038,1.6685
ChineseRemnants.esp,308154A4,000E1FF8,AutoPart03,MISC,5267.613770,2978.071533,418.418823,301.0916
ChineseRemnants.esp,308154A3,000E1FF7,AutoPart02,MISC,5112.000000,3134.000000,414.000000,51.6940
ChineseRemnants.esp,308154A2,000E1FF6,AutoPart01,MISC,4996.000488,2960.000000,413.999969,3.1739
ChineseRemnants.esp,308154A1,0001F908,TinCan02,MISC,4526.000000,2906.000000,418.000000,90.1372
ChineseRemnants.esp,308154A0,0001F909,TinCan03,MISC,4431.330566,3053.962402,418.044678,269.0530
ChineseRemnants.esp,3081549F,0001F90A,TinCan01,MISC,4436.000000,2858.000000,418.000000,90.0180
ChineseRemnants.esp,3081549E,00140AF0,FolderPapers01,MISC,4822.000000,3384.000000,516.000000,0.0000
ChineseRemnants.esp,3081549D,0001F909,TinCan03,MISC,4807.713867,3300.278320,418.008789,90.1943
ChineseRemnants.esp,3081549C,0001F908,TinCan02,MISC,4734.449219,3345.786621,418.001129,269.9222
ChineseRemnants.esp,3081549B,0001F90A,TinCan01,MISC,4810.033203,2756.423096,427.570190,82.3617
ChineseRemnants.esp,3081549A,0001F90A,TinCan01,MISC,5132.000000,2944.000000,480.147736,0.0000
ChineseRemnants.esp,30815499,0001F92F,Clipboard01,MISC,5126.000000,2952.000000,436.000000,143.2395
ChineseRemnants.esp,30815498,00059A80,MetalBucket,MISC,5181.685547,2931.013428,414.000000,0.0000
ChineseRemnants.esp,30815497,0006D140,EnamelBucket01,MISC,5256.000000,3146.000000,414.287872,0.0000
ChineseRemnants.esp,30815496,00165015,OfficePaperDebris05,STAT,4780.000000,3240.000000,473.000000,108.8620
ChineseRemnants.esp,30811040,00106D99,c_Concrete_scrap,MISC,-281.808624,6347.962402,159.269073,0.1189
ChineseRemnants.esp,3081103A,000AEC5B,c_AntiBallisticFiber_scrap,MISC,734.000000,5070.000000,216.000000,0.0000
ChineseRemnants.esp,30811039,0006907D,c_Crystal_scrap,MISC,706.000000,5460.000000,305.684937,0.0000
ChineseRemnants.esp,30811038,000AEC60,c_Cork_scrap,MISC,1470.000000,5540.000000,216.000000,0.0000
ChineseRemnants.esp,30811036,00106D98,c_Rubber_scrap,MISC,724.000000,5106.000000,216.000000,314.1634
ChineseRemnants.esp,30811033,00069086,c_NuclearMaterial_scrap,MISC,-996.807983,6032.019043,239.238144,86.2740
ChineseRemnants.esp,30811032,00069086,c_NuclearMaterial_scrap,MISC,-264.000000,6596.000000,230.000000,271.4418
ChineseRemnants.esp,30811027,0017604F,ChemistrySetBottle01,MISC,1958.000000,5532.000000,204.000000,114.5916
ChineseRemnants.esp,30811025,00176052,ChemistrySetBeaker03,MISC,1952.000000,5520.000000,204.000000,0.0000
ChineseRemnants.esp,30811021,00059B17,LabBeaker,MISC,1958.000000,5506.000000,204.663422,0.0000
ChineseRemnants.esp,3081101D,000AEC5C,c_Asbestos_scrap,MISC,1949.162964,5412.086914,170.531235,91.6733
ChineseRemnants.esp,3081101C,001BF730,c_Fertilizer_scrap,MISC,1962.000000,5376.000000,170.000000,296.9747
ChineseRemnants.esp,3081101B,000EC8B8,BunsenBurner,MISC,1956.222778,5544.986328,204.593750,45.8366
ChineseRemnants.esp,30811011,0006907A,c_Aluminum_scrap,MISC,1502.000000,5526.000000,216.000000,5.7297
ChineseRemnants.esp,30811010,0006907B,c_Circuitry_scrap,MISC,874.000000,3812.000000,223.706467,245.4085
ChineseRemnants.esp,3081100F,00069082,c_Springs_scrap,MISC,1422.000000,5532.000000,216.362000,0.0000
ChineseRemnants.esp,3081100A,001BF732,c_Oil_scrap,MISC,918.000000,5536.000000,294.000000,0.0000
ChineseRemnants.esp,30811009,000AEC63,c_Lead_scrap,MISC,952.000000,5536.000000,259.104675,85.9437
ChineseRemnants.esp,30811007,000AEC64,c_Leather_scrap,MISC,734.000000,5086.000000,168.000000,308.4339
ChineseRemnants.esp,30811005,000AEC61,c_Fiberglass_scrap,MISC,740.000000,5090.000000,216.000000,0.0000
ChineseRemnants.esp,30811004,000AEC5F,c_Cloth_scrap,MISC,734.000000,5274.000000,216.000000,262.5973
ChineseRemnants.esp,30811002,00059AF8,Pencil,MISC,1780.000000,5350.000000,216.000000,314.1634
ChineseRemnants.esp,30810FFF,00059AEB,Microscope,MISC,1764.000000,5346.000000,216.000000,102.1691
ChineseRemnants.esp,30810FFD,00154AD3,BiometricScanner,MISC,1984.000000,4972.000000,238.000000,22.9184
ChineseRemnants.esp,30810FFB,000330F2,SugarBombs,ALCH,495.821808,3885.826660,216.190689,90.8859
ChineseRemnants.esp,30810FFA,000330F2,SugarBombs,ALCH,972.000000,4526.000000,222.000000,314.1634
ChineseRemnants.esp,30810FF9,000330F2,SugarBombs,ALCH,1842.000000,5822.000000,158.000000,0.0000
ChineseRemnants.esp,30810FF8,000A4920,DishRag01,MISC,1950.000000,5392.000000,172.000000,0.0000
ChineseRemnants.esp,30810FF5,000AEF5B,Vault_FloorMat_Small_01,STAT,1906.000000,5404.000000,158.000000,0.0000
ChineseRemnants.esp,30810FF3,000AEF5B,Vault_FloorMat_Small_01,STAT,1834.000000,5412.000000,158.000000,0.0000
ChineseRemnants.esp,30810FF2,000AEF5B,Vault_FloorMat_Small_01,STAT,1834.000000,5476.000000,158.000000,0.0000
ChineseRemnants.esp,30810FF0,000AEF5B,Vault_FloorMat_Small_01,STAT,1898.000000,5470.000000,158.000000,0.0000
ChineseRemnants.esp,30810FEE,000AF8EF,KitchenScale,MISC,1954.000000,5454.000000,170.000000,120.3211
ChineseRemnants.esp,30810FED,001A594C,Bin_Plastic,MSTT,1947.991577,5527.999512,170.999390,268.3268
ChineseRemnants.esp,3080CB9C,00098148,CementBag,MISC,-777.418518,6029.303223,153.666000,293.8539
ChineseRemnants.esp,3080CB9B,00059A80,MetalBucket,MISC,-718.426758,5912.981934,168.014084,316.2986
ChineseRemnants.esp,3080CB9A,000822CB,Shovel01,MISC,620.008911,6052.164062,174.599350,0.1859
ChineseRemnants.esp,3080CB99,0005A0D9,Fertilizer,MISC,121.523003,6049.337402,169.055969,310.0336
ChineseRemnants.esp,3080CB98,0003A9ED,OfficeBoxPapers03,STAT,1810.000000,5830.000000,160.000000,63.0254
ChineseRemnants.esp,3080CB96,00023C38,Bowl_03b_Glass_Cracked,MISC,2226.000000,5648.000000,158.002853,0.0000
ChineseRemnants.esp,3080CB95,00023C34,Bowl_02b_Ceramic_Cracked,MISC,1880.000000,6086.000000,192.000000,0.0000
ChineseRemnants.esp,3080CB94,00140B22,Glass_Generic,MISC,2240.000000,5922.000000,192.000076,0.0000
ChineseRemnants.esp,3080CB93,00060EC7,Pillow_01_Straw,MISC,2236.000000,5706.000000,181.361725,0.0000
ChineseRemnants.esp,3080CB90,0014D09E,PipeSyringer,WEAP,1783.997437,5335.995605,196.265411,308.4338
ChineseRemnants.esp,3080CB8E,00069087,c_FiberOptics_scrap,MISC,1349.999878,3463.999756,159.887772,0.0000
ChineseRemnants.esp,3080CB89,001BF72D,c_Acid_scrap,MISC,1960.000000,5420.000000,171.000900,51.5657
ChineseRemnants.esp,3080CB88,00249F8D,HC_Herbal_Stimulant,ALCH,1960.000000,5402.000000,204.000000,0.0000
ChineseRemnants.esp,3080CB87,00249F8F,HC_Herbal_Antimicrobial,ALCH,1960.284912,5441.541992,204.593750,0.0000
ChineseRemnants.esp,3080CB86,00249F8E,HC_Herbal_Anodyne,ALCH,1948.000000,5552.000000,238.000000,0.0000
ChineseRemnants.esp,3080CB83,001506F4,XCell,ALCH,1947.998779,5529.999023,173.118484,1.8556
ChineseRemnants.esp,3080CB80,00150729,DayTripper,ALCH,1948.000000,5422.000000,204.000000,0.0000
ChineseRemnants.esp,3080CB7F,00156D0B,DaddyO,ALCH,1952.000000,5458.000000,204.641983,0.0000
ChineseRemnants.esp,3080CB7E,0003377B,Mentats,ALCH,1784.000000,5362.000000,216.000000,0.0000
ChineseRemnants.esp,3080CB7D,0003377D,Psycho,ALCH,1950.000000,5386.000000,204.000000,348.5409
ChineseRemnants.esp,3080CB7C,000366C5,Jet,ALCH,1954.725586,5480.631836,204.593750,308.4338
ChineseRemnants.esp,3080CB7A,000366C3,Vodka,ALCH,1990.000000,5036.000000,238.000000,34.3775
ChineseRemnants.esp,3080CB79,00058ABC,SkeetoSpit,ALCH,1859.561279,4823.385742,215.968750,34.3775
ChineseRemnants.esp,3080CB78,00058AA7,Calmex,ALCH,1954.267700,4961.363281,204.593750,337.9184
ChineseRemnants.esp,3080CB76,00176054,ChemistrySetCan01,MISC,1992.000000,5474.000000,238.000000,270.0000
ChineseRemnants.esp,3080CB75,000C9ADE,SurgicalCutter,MISC,1895.943848,5529.872559,217.156952,132.3090
ChineseRemnants.esp,3080CB74,000C9AD7,SurgicalScissors,MISC,1877.181885,5534.950684,215.968750,0.0000
ChineseRemnants.esp,3080CB71,00059B43,Scalpel,MISC,1893.974365,5542.062012,218.882385,68.2094
ChineseRemnants.esp,3080CB70,0021C00B,RadioactiveGland,MISC,1908.000000,5532.000000,218.423035,0.0000
ChineseRemnants.esp,3080CB6D,00059AD8,SurgicalTray01,MISC,1902.000000,5536.000000,216.000000,268.3268
ChineseRemnants.esp,3080CB6C,0303EC2D,DLC03PeriodicPoster,STAT,1890.000000,5565.000000,272.000000,0.0000
ChineseRemnants.esp,3080CB6A,00059A80,MetalBucket,MISC,1868.000000,5520.000000,158.000000,0.0000
ChineseRemnants.esp,3080CB69,00060EA2,MedicalLiquidNitrogenGun,MISC,1948.000000,5528.000000,246.000000,0.0009
ChineseRemnants.esp,3080CB68,000EC8AD,Beaker02,MISC,1956.000000,5410.000000,238.000000,0.0000
ChineseRemnants.esp,3080CB66,000EAFC1,GlassTtube,MISC,1984.462891,5411.723145,241.583603,0.0230
ChineseRemnants.esp,3080CB65,000EAFC1,GlassTtube,MISC,1979.293945,5400.457031,241.592224,359.9991
ChineseRemnants.esp,3080CB64,000EAFC1,GlassTtube,MISC,1984.317505,5417.428223,241.579117,0.0035
ChineseRemnants.esp,3080CB63,000EAFC1,GlassTtube,MISC,1979.649780,5423.699219,241.581085,0.0000
ChineseRemnants.esp,3080CB5F,000EC8AD,Beaker02,MISC,1972.000000,5506.000000,258.519775,0.0000
ChineseRemnants.esp,3080CB5E,00059B17,LabBeaker,MISC,1966.000000,5382.000000,238.000000,0.0000
ChineseRemnants.esp,3080CB5D,0017604F,ChemistrySetBottle01,MISC,1964.000000,5464.000000,238.684067,0.0000
ChineseRemnants.esp,3080CB5C,00176053,ChemistrySetBeaker04,MISC,1988.000000,5446.000000,238.000000,0.0000
ChineseRemnants.esp,3080CB5B,00176052,ChemistrySetBeaker03,MISC,1962.000000,5450.000000,238.684067,0.0000
ChineseRemnants.esp,3080CB5A,00176051,ChemistrySetBeaker02,MISC,1952.829468,5466.262207,241.457031,337.2876
ChineseRemnants.esp,3080CB59,00176050,ChemistrySetBeaker01,MISC,1974.000000,5484.000000,238.000000,0.0000
ChineseRemnants.esp,3080CB58,00059AD8,SurgicalTray01,MISC,1958.000000,5458.000000,238.000000,0.0000
ChineseRemnants.esp,3080CB57,000EAFBE,WoodTtubeRack,MISC,1982.000000,5412.000000,238.000000,0.0000
ChineseRemnants.esp,3080CB55,000EC8B6,Beaker_Stand,MISC,1972.000000,5506.000000,238.000000,348.5409
ChineseRemnants.esp,3080CB54,000CFF74,SynthDeathItem,MISC,1968.000000,5146.000000,238.668457,27.8113
ChineseRemnants.esp,3080CB52,0004B6EA,Loot_Prewar_Medkit_Wall,CONT,4370.000000,3104.000000,552.000000,90.0000
ChineseRemnants.esp,3080CB50,0004B6EA,Loot_Prewar_Medkit_Wall,CONT,466.000000,2616.000000,296.000000,90.0000
ChineseRemnants.esp,3080CB4F,0004B6EA,Loot_Prewar_Medkit_Wall,CONT,968.000000,4800.000000,296.000000,0.0000
ChineseRemnants.esp,3080CB49,00064A35,Loot_Raider_Medkit_Chems,CONT,1974.000000,5544.000000,240.000000,180.0000
ChineseRemnants.esp,3080CB46,001AB5ED,ChemistrySetCan02,MISC,1922.000000,4814.000000,158.000000,251.1381
ChineseRemnants.esp,3080CB43,0001F92F,Clipboard01,MISC,1784.000000,5332.000000,216.000000,262.5973
ChineseRemnants.esp,3080CB41,00140D99,Pen01,MISC,1964.000000,5090.000000,240.000000,256.8677
ChineseRemnants.esp,3080CB40,0001F92F,Clipboard01,MISC,1962.000000,5102.000000,238.000000,90.0000
ChineseRemnants.esp,3080CB3F,0020A700,Loot_Medkit_Chems_Wall_Dirty,CONT,1961.788452,5278.000000,293.321014,180.0000
ChineseRemnants.esp,3080CB3E,0001F905,DeskFanOffice01,MISC,1776.000000,4830.000000,238.974594,0.0000
ChineseRemnants.esp,3080CB3C,00060EA2,MedicalLiquidNitrogenGun,MISC,1960.006836,4864.002441,228.840714,0.0494
ChineseRemnants.esp,3080CB3B,00033778,Buffout,ALCH,1956.000000,5158.000000,170.000000,354.2705
ChineseRemnants.esp,3080CB3A,00060EA2,MedicalLiquidNitrogenGun,MISC,1982.000000,5086.000000,238.000000,332.3155
ChineseRemnants.esp,3080CB39,00173F01,SmithingToolSaw02,MISC,1952.000000,4952.000000,171.242996,0.0000
ChineseRemnants.esp,3080CB36,00033779,MedX,ALCH,1958.013794,5130.071777,174.633911,359.9873
ChineseRemnants.esp,3080CB34,0006907E,c_Gears_scrap,MISC,1536.000000,4816.000000,218.000000,337.0817
ChineseRemnants.esp,3080CB33,00059AD8,SurgicalTray01,MISC,1950.000000,5122.000000,172.000000,359.9965
ChineseRemnants.esp,3080CB30,00142428,IVBag,MISC,1950.000000,4926.000000,204.000000,337.0817
ChineseRemnants.esp,3080CB2F,000008AB,HC_Antibiotics,ALCH,1970.000000,4846.000000,200.000000,314.1634
ChineseRemnants.esp,3080CB2E,00059A71,AbraxoCleaner,MISC,1990.000000,5178.000000,158.000000,57.2959
ChineseRemnants.esp,3080CB2D,000A4920,DishRag01,MISC,1977.212891,5215.877441,223.341385,3.8244
ChineseRemnants.esp,3080CB2C,0006D140,EnamelBucket01,MISC,1970.000000,5262.000000,158.287888,0.0000
ChineseRemnants.esp,3080CB2B,000C9ADE,SurgicalCutter,MISC,1962.000000,5004.000000,238.631058,262.5973
ChineseRemnants.esp,3080CB2A,001BF72F,c_Antiseptic_scrap,MISC,1964.000000,4842.000000,183.187500,0.0000
ChineseRemnants.esp,3080CB29,001BF72F,c_Antiseptic_scrap,MISC,1956.000000,4922.000000,170.998856,296.9747
ChineseRemnants.esp,3080CB28,0019945F,Soap,MISC,1984.000000,5240.000000,231.743790,0.0000
ChineseRemnants.esp,3080CB27,000C9AD7,SurgicalScissors,MISC,1952.000000,5134.000000,238.730606,357.8640
ChineseRemnants.esp,3080CB26,00023742,RadAway,ALCH,1952.000000,5142.000000,204.962891,85.9437
ChineseRemnants.esp,3080CB24,00023742,RadAway,ALCH,1968.000000,4872.000000,222.000000,11.4592
ChineseRemnants.esp,3080CB23,00024057,RadX,ALCH,1978.000000,4840.000000,222.000000,0.0000
ChineseRemnants.esp,3080CB22,00059B40,Bonesaw,MISC,1962.000000,5060.000000,238.000000,40.1071
ChineseRemnants.esp,3080CB21,00059AEB,Microscope,MISC,1966.000000,4930.000000,238.000000,51.5662
ChineseRemnants.esp,3080CB20,00059B43,Scalpel,MISC,1976.005615,5141.995605,239.239517,205.1272
ChineseRemnants.esp,3080CB1F,000C9ADA,SurgicalScalpel,MISC,1969.948364,5006.104980,241.897888,85.4032
ChineseRemnants.esp,3080CB1D,00059AD8,SurgicalTray01,MISC,1966.000000,5006.000000,238.000000,40.1071
ChineseRemnants.esp,3080CB1C,00059AD8,SurgicalTray01,MISC,1974.000000,5142.000000,238.000000,342.8113
ChineseRemnants.esp,3080CB1A,00142428,IVBag,MISC,1986.880737,4996.473145,288.891113,80.2141
ChineseRemnants.esp,3080CB19,00142428,IVBag,MISC,1986.000000,5076.000000,288.000000,262.5973
ChineseRemnants.esp,3080CB18,00142428,IVBag,MISC,1961.927612,4872.000000,200.923508,0.0010
ChineseRemnants.esp,3080CB15,00023736,Stimpak,ALCH,1988.000000,4968.000000,288.000000,193.8424
ChineseRemnants.esp,3080CB14,00023736,Stimpak,ALCH,1990.000000,5114.000000,288.000000,331.3522
ChineseRemnants.esp,3080CB13,00052409,Bloodpack,ALCH,1986.000000,4934.000000,288.000000,85.9437
ChineseRemnants.esp,3080CB12,00052409,Bloodpack,ALCH,1988.000000,5022.000000,288.000000,200.5352
ChineseRemnants.esp,3080CB11,00052409,Bloodpack,ALCH,1986.000000,5150.000000,288.000000,314.1635
ChineseRemnants.esp,3080CB10,00140B22,Glass_Generic,MISC,1860.738037,6097.151855,216.000000,0.0000
ChineseRemnants.esp,3080CB0F,00059B10,Spoon_01_Plastic,MISC,1773.626343,5612.371094,236.329926,97.4028
ChineseRemnants.esp,3080CB0E,00059ACB,Fork_01_Plastic,MISC,1760.093384,5614.429199,234.915894,0.0000
ChineseRemnants.esp,3080CB0D,00059AFA,Plate_01_Plastic,MISC,1775.703857,5613.608398,234.214142,0.0000
ChineseRemnants.esp,308086BC,000A4920,DishRag01,MISC,1680.000000,5300.000000,201.893646,0.0000
ChineseRemnants.esp,308086BB,00060ED8,RatPoison,MISC,1534.500854,6098.290527,158.000000,125.0873
ChineseRemnants.esp,308086BA,001AAD69,MakeshiftBattery01,MISC,990.000000,6092.000000,158.000000,183.2198
ChineseRemnants.esp,308086B9,001AAD69,MakeshiftBattery01,MISC,936.000000,6082.000000,158.000000,40.9445
ChineseRemnants.esp,308086B8,0007E941,AutomotiveHubCap01,MISC,1580.000000,5260.000000,158.000000,0.0000
ChineseRemnants.esp,308086B7,000E1FF0,AutoPartChromeCoolantCap01,MISC,1395.999634,4834.000977,225.055984,0.0000
ChineseRemnants.esp,308086B6,00060E73,AntiFreeze,MISC,951.996460,5552.006348,223.946289,359.9990
ChineseRemnants.esp,308086B5,000C437F,Coolant01,MISC,1698.679443,5299.775879,201.467636,90.0000
ChineseRemnants.esp,308086B3,001AB5ED,ChemistrySetCan02,MISC,1214.000000,6078.000000,158.000000,22.9184
ChineseRemnants.esp,308086B1,00058224,Lighter,MISC,826.000000,5526.000000,216.000000,148.9690
ChineseRemnants.esp,308086B0,0005821C,CigaretteCarton,MISC,804.000000,5534.000000,218.000000,270.0001
ChineseRemnants.esp,308086AE,000D83BF,PipeWrench,WEAP,1364.000000,4826.000000,194.632812,268.3268
ChineseRemnants.esp,308086AD,000E1FF9,AutoPart04,MISC,1370.000000,4822.000000,258.000000,0.0000
ChineseRemnants.esp,308086AC,000E1FF8,AutoPart03,MISC,1318.000000,4816.000000,226.000000,223.4535
ChineseRemnants.esp,308086AB,000E1FF7,AutoPart02,MISC,1388.000000,4810.000000,192.000000,314.1634
ChineseRemnants.esp,308086AA,000E1FF6,AutoPart01,MISC,1400.000000,4816.000000,258.000000,0.0000
ChineseRemnants.esp,308086A9,00069081,c_Screws_scrap,MISC,1484.000000,5556.000000,216.362000,0.0000
ChineseRemnants.esp,308086A8,0004D1F4,ScrewDriver01,MISC,1466.000000,5522.000000,218.000000,74.4845
ChineseRemnants.esp,308086A6,000A4920,DishRag01,MISC,716.789978,4818.670898,159.590820,319.8930
ChineseRemnants.esp,308086A5,001A594C,Bin_Plastic,MSTT,716.000000,4822.000000,158.000000,245.4085
ChineseRemnants.esp,308086A3,000E1FF8,AutoPart03,MISC,1664.322266,5148.203125,158.000000,131.7803
ChineseRemnants.esp,308086A2,00060E78,DuctTapeMilitary,MISC,1520.643311,4830.580566,220.556366,314.8840
ChineseRemnants.esp,308086A1,001C7F31,AntiFreeze_Rare,MISC,1328.000000,4826.000000,192.000000,206.2648
ChineseRemnants.esp,308086A0,00173F01,SmithingToolSaw02,MISC,980.000000,5530.000000,293.871277,291.2452
ChineseRemnants.esp,3080869F,00173F02,SmithingToolSaw01,MISC,1354.000000,4820.000000,226.000000,45.8367
ChineseRemnants.esp,3080869E,001C7F26,Turpentine_Rare,MISC,1332.011841,4818.005859,257.077423,5.7297
ChineseRemnants.esp,3080869C,0004D1F4,ScrewDriver01,MISC,1659.996094,5851.998047,217.582001,206.5062
ChineseRemnants.esp,3080869B,000C437F,Coolant01,MISC,1386.286011,4815.693359,224.965881,206.2646
ChineseRemnants.esp,3080869A,0001F92F,Clipboard01,MISC,768.000000,5534.000000,216.000000,359.9859
ChineseRemnants.esp,30808699,001A0B15,SmithingToolTongs01,MISC,781.053528,5088.013184,157.997101,0.0000
ChineseRemnants.esp,30808698,001A0B13,SmithingToolHammer02,MISC,784.000000,5296.000000,166.556824,337.0817
ChineseRemnants.esp,30808695,00033FE0,Machete,WEAP,704.000610,5428.000000,277.244781,17.1865
ChineseRemnants.esp,30808694,0006C5AE,WonderglueLarge,MISC,708.000000,5430.000000,305.566956,189.0761
ChineseRemnants.esp,30808693,0004D1F3,Hammer01,MISC,928.000000,5526.000000,226.000000,183.3465
ChineseRemnants.esp,30808692,001C9E96,AbraxoCleaner_Rare,MISC,1000.000000,5544.000000,258.000000,68.7527
ChineseRemnants.esp,30808690,00059B25,Wonderglue,MISC,718.000000,5082.000000,216.000000,120.3211
ChineseRemnants.esp,3080868D,000A4920,DishRag01,MISC,1700.000000,5656.000000,257.840424,0.0000
ChineseRemnants.esp,3080868C,00192D5D,DeskFanOfficeOff01,MISC,1696.000000,5772.000000,216.838440,234.9127
ChineseRemnants.esp,3080868B,000E1FF0,AutoPartChromeCoolantCap01,MISC,1680.000000,5814.000000,216.000000,0.0000
ChineseRemnants.esp,3080868A,001C7F23,OilCan01_Rare,MISC,1610.000000,6092.000000,216.000000,159.4648
ChineseRemnants.esp,30808689,000E1FF9,AutoPart04,MISC,1648.000000,6076.000000,216.000000,0.0000
ChineseRemnants.esp,30808688,000E1FF8,AutoPart03,MISC,1580.000000,6084.000000,216.000000,0.0000
ChineseRemnants.esp,30808687,000E1FF7,AutoPart02,MISC,1706.000000,5726.000000,216.000000,148.9690
ChineseRemnants.esp,30808686,000E1FF6,AutoPart01,MISC,1696.000000,5836.000000,216.174133,0.0000
ChineseRemnants.esp,30808685,0004D1F7,Wrench03,MISC,1672.000000,5766.000000,218.000000,0.0000
ChineseRemnants.esp,30808684,0004D1F6,Wrench02,MISC,1608.850952,6079.711426,216.000000,279.7860
ChineseRemnants.esp,30808683,0004D1F5,Wrench01,MISC,1578.000000,6098.000000,216.000000,57.8185
ChineseRemnants.esp,30808682,000AE442,NpcChairVaultSit03Closed,MSTT,1160.080200,6080.142090,161.648788,179.9962
ChineseRemnants.esp,30808681,00059B33,GasCanister,MISC,706.000000,5744.000000,158.000000,315.1269
ChineseRemnants.esp,30808680,00060E73,AntiFreeze,MISC,1638.000000,6098.000000,216.000000,0.0000
ChineseRemnants.esp,3080867F,000C437F,Coolant01,MISC,1706.000000,5816.000000,216.000000,91.6733
ChineseRemnants.esp,3080867E,0001F909,TinCan03,MISC,1779.904297,6075.927734,166.647232,50.1709
ChineseRemnants.esp,3080867D,0001F908,TinCan02,MISC,1762.935547,6090.674805,163.417435,269.9865
ChineseRemnants.esp,3080867C,000342BA,Lightbulb_Broken,MISC,1773.235962,6087.758301,162.377563,269.9967
ChineseRemnants.esp,3080867B,000342BA,Lightbulb_Broken,MISC,1764.194092,6073.951660,162.267273,0.0404
ChineseRemnants.esp,30808679,0005A0D3,Lightbulb,MISC,1693.999878,5868.000000,220.188431,89.8469
ChineseRemnants.esp,30808678,0005A0D3,Lightbulb,MISC,1682.000488,5870.000488,220.194870,89.9529
ChineseRemnants.esp,30808677,001A77E9,OfficeBoxPapersOpen01,MSTT,1690.000000,5868.000000,216.174133,72.8113
ChineseRemnants.esp,30808676,00060ED8,RatPoison,MISC,1816.000000,6100.000000,158.000000,45.0000
ChineseRemnants.esp,30808675,0001F92F,Clipboard01,MISC,1879.704346,6078.750000,215.999985,0.0000
ChineseRemnants.esp,30808674,0008E371,Ashtray01_Filled,MISC,1856.000000,6068.000000,216.000000,0.0000
ChineseRemnants.esp,30808673,000AE441,NpcChairVaultSit02Closed,MSTT,1764.745117,5727.181152,157.999985,90.0000
ChineseRemnants.esp,30808672,00059AF8,Pencil,MISC,1816.000000,5844.000000,218.000000,239.6790
ChineseRemnants.esp,30808671,00140AF0,FolderPapers01,MISC,1834.000000,5808.000000,216.728104,245.4085
ChineseRemnants.esp,30808670,00192D5D,DeskFanOfficeOff01,MISC,1864.000000,5842.000000,217.167191,206.2649
ChineseRemnants.esp,3080866F,00059B20,Typewriter,MISC,1790.000000,5828.000000,216.644257,0.0000
ChineseRemnants.esp,3080866E,00059B33,GasCanister,MISC,706.715210,5633.014160,188.578125,245.4085
ChineseRemnants.esp,3080866D,000E1FF6,AutoPart01,MISC,1584.000000,5142.000000,158.000000,0.0000
ChineseRemnants.esp,3080866A,000E1FF9,AutoPart04,MISC,1634.000000,5094.000000,158.000000,0.0000
ChineseRemnants.esp,30808669,000E1FF0,AutoPartChromeCoolantCap01,MISC,1616.000000,5192.000000,158.000122,0.0000
ChineseRemnants.esp,30808667,00059B1E,Turpentine,MISC,942.000000,5548.000000,294.000000,0.0000
ChineseRemnants.esp,30808666,0004D1F6,Wrench02,MISC,926.000000,5536.000000,260.000000,22.9183
ChineseRemnants.esp,30808663,0004D1F5,Wrench01,MISC,990.000000,5520.000000,226.000000,300.3212
ChineseRemnants.esp,30808662,000330F2,SugarBombs,ALCH,798.000000,5526.000000,196.000000,237.3576
ChineseRemnants.esp,30808660,0004835A,NukaColaEmpty,MISC,200.000000,2616.000000,158.000000,90.0000
ChineseRemnants.esp,3080865F,00059AF8,Pencil,MISC,1480.131470,3564.674316,214.000000,0.0000
ChineseRemnants.esp,3080865E,000BA590,Vault_Crate_02_Steel,STAT,972.000000,4410.000000,158.000000,270.0000
ChineseRemnants.esp,3080865D,000BA58F,Vault_Crate_01_Steel,STAT,974.000000,4304.000000,160.000000,90.0000
ChineseRemnants.esp,3080865C,0004835D,NukaCola,ALCH,838.002747,5544.006348,216.002731,143.2395
ChineseRemnants.esp,30808659,000E7E71,ChipBoard_Chip,MISC,1748.131958,3199.606445,209.881439,1.6321
ChineseRemnants.esp,30808657,0008E371,Ashtray01_Filled,MISC,1734.000000,2638.000000,224.824081,0.0000
ChineseRemnants.esp,30808655,00023C32,Bowl_02_Ceramic,MISC,1284.000000,3052.000000,192.000000,359.9438
ChineseRemnants.esp,30808654,0004835A,NukaColaEmpty,MISC,4830.008789,3250.015869,418.912506,296.9747
ChineseRemnants.esp,30808652,00140D99,Pen01,MISC,4764.000000,3262.000000,474.000000,314.1634
ChineseRemnants.esp,30808651,0001F92F,Clipboard01,MISC,4780.000000,3258.000000,472.632721,171.8874
ChineseRemnants.esp,30808650,00140B22,Glass_Generic,MISC,4758.000000,3224.000000,472.000000,0.0000
ChineseRemnants.esp,3080864F,00060ED8,RatPoison,MISC,188.000000,2358.000000,158.000000,143.2394
ChineseRemnants.esp,3080864E,00059A80,MetalBucket,MISC,505.345490,1906.503784,168.015045,96.3131
ChineseRemnants.esp,3080864D,00059AB5,Cigarette_Off01,MISC,190.115784,2044.146118,213.641693,2.4702
ChineseRemnants.esp,3080864C,000A4920,DishRag01,MISC,195.140244,2245.400146,217.940018,89.9551
ChineseRemnants.esp,3080864A,00059A71,AbraxoCleaner,MISC,774.626770,1865.779663,160.066162,88.3249
ChineseRemnants.esp,30808649,000211DD,BeerBottleEmpty01,MISC,917.542725,2348.139648,160.510971,90.0832
ChineseRemnants.esp,30808648,00059AB5,Cigarette_Off01,MISC,866.004456,2334.021240,179.036942,359.9963
ChineseRemnants.esp,30808647,0008E371,Ashtray01_Filled,MISC,879.979004,2357.999023,229.733841,0.0059
ChineseRemnants.esp,30808646,0006D140,EnamelBucket01,MISC,236.000000,1878.000000,158.000000,0.0000
ChineseRemnants.esp,30808645,00059AEE,Mop,MISC,246.000000,1870.000000,200.000000,240.6423
ChineseRemnants.esp,30808644,00059A71,AbraxoCleaner,MISC,343.138367,1867.191895,158.000000,91.6732
ChineseRemnants.esp,30808643,00059AFB,Plunger,MISC,611.995972,2327.785156,180.819122,0.1551
ChineseRemnants.esp,30808642,00059AFB,Plunger,MISC,938.000000,2144.000000,158.000000,0.0000
ChineseRemnants.esp,30808641,00059A80,MetalBucket,MISC,934.233459,2092.060547,168.102570,5.2117
ChineseRemnants.esp,3080863F,00059A71,AbraxoCleaner,MISC,184.725616,2191.760254,158.000015,0.0000
ChineseRemnants.esp,3080863E,00060ECE,Toothbrush,MISC,182.259720,2228.383545,241.228455,256.8676
ChineseRemnants.esp,3080863D,00060ECE,Toothbrush,MISC,196.000000,2180.000000,230.789917,0.0000
ChineseRemnants.esp,3080863C,00199A88,Toothpaste,MISC,188.822952,2173.054932,224.925522,88.9048
ChineseRemnants.esp,3080863B,0019945F,Soap,MISC,195.967941,2231.120361,220.528763,357.7480
ChineseRemnants.esp,3080863A,0019945F,Soap,MISC,192.009842,2139.967285,230.566147,171.9023
ChineseRemnants.esp,308041DE,00059B1A,Toaster_01_PostWar,MISC,1396.000000,3406.000000,166.000000,34.3775
ChineseRemnants.esp,308041DD,001C7F1B,CoffeePot01_Rare,MISC,1638.445312,3400.116211,222.000000,171.8873
ChineseRemnants.esp,308041DC,000366BA,SalisburySteak,ALCH,1375.693481,3406.401855,222.000000,275.0198
ChineseRemnants.esp,308041DB,00059B0A,ShotGlass01,MISC,1283.171265,3111.262695,263.000000,0.0000
ChineseRemnants.esp,308041DA,00140B22,Glass_Generic,MISC,1290.000000,3170.000000,240.000000,0.0000
ChineseRemnants.esp,308041D9,00140B22,Glass_Generic,MISC,1278.000000,3164.000000,240.000000,0.0000
ChineseRemnants.esp,308041D8,00140B22,Glass_Generic,MISC,1281.102173,3177.639648,240.000000,0.0000
ChineseRemnants.esp,308041D7,000211C4,CoffeeCup01,MISC,1288.000000,3184.000000,224.000000,111.3857
ChineseRemnants.esp,308041D6,000211C4,CoffeeCup01,MISC,1286.000000,3160.000000,224.056824,54.0899
ChineseRemnants.esp,308041D5,00059A82,CafeteriaTray,MISC,1284.004517,3120.001465,168.000183,85.9438
ChineseRemnants.esp,308041D4,00059A82,CafeteriaTray,MISC,1283.051880,3119.665771,166.000000,85.9437
ChineseRemnants.esp,308041D3,00059B10,Spoon_01_Plastic,MISC,1286.000000,3138.000000,220.954742,63.0254
ChineseRemnants.esp,308041D2,00059ACB,Fork_01_Plastic,MISC,1288.580933,3129.767090,220.804153,263.5606
ChineseRemnants.esp,308041D1,00060E93,Fork_02_StainlessSteel,MISC,1284.000000,3174.000000,196.000000,90.0015
ChineseRemnants.esp,308041D0,00060E93,Fork_02_StainlessSteel,MISC,1284.000000,3180.000000,196.000000,67.0820
ChineseRemnants.esp,308041CF,00060E93,Fork_02_StainlessSteel,MISC,1288.000610,3151.996582,196.827881,45.0004
ChineseRemnants.esp,308041CE,00060E96,Spoon_02_StainlessSteel,MISC,1288.000488,3114.000977,221.367920,89.9992
ChineseRemnants.esp,308041CD,00060E96,Spoon_02_StainlessSteel,MISC,1288.000610,3108.001221,221.360657,89.9988
ChineseRemnants.esp,308041CC,00060E96,Spoon_02_StainlessSteel,MISC,1287.971436,3103.896484,221.359390,92.1331
ChineseRemnants.esp,308041CB,001C9E8E,KitchenShorteningRare,MISC,1760.000000,2948.000000,287.004730,0.0000
ChineseRemnants.esp,308041C9,000657FE,VegetableStarch,MISC,1276.143677,2968.008789,255.061981,359.9970
ChineseRemnants.esp,308041C8,00060E90,Plate_02_Dinner,MISC,1286.000366,3154.001465,195.396194,0.0000
ChineseRemnants.esp,308041C7,00060E90,Plate_02_Dinner,MISC,1286.000000,3154.000000,194.000000,0.0000
ChineseRemnants.esp,308041C6,00060E90,Plate_02_Dinner,MISC,1283.941772,3178.153564,194.000000,0.0000
ChineseRemnants.esp,308041C5,00059AFA,Plate_01_Plastic,MISC,1286.000000,3110.001709,219.846237,359.9717
ChineseRemnants.esp,308041C4,00059AFA,Plate_01_Plastic,MISC,1285.982056,3109.978271,218.451492,359.9718
ChineseRemnants.esp,308041C3,00059AFA,Plate_01_Plastic,MISC,1286.001099,3134.000488,219.396194,0.0000
ChineseRemnants.esp,308041C2,00059AFA,Plate_01_Plastic,MISC,1286.000000,3134.000000,218.000000,0.0000
ChineseRemnants.esp,308041C1,00059AFA,Plate_01_Plastic,MISC,1285.999390,3109.999756,217.050812,0.0000
ChineseRemnants.esp,308041C0,0011DA11,Collander,MISC,1280.000000,2844.000000,258.000000,90.0000
ChineseRemnants.esp,308041BF,00059B3F,Handcuffs,MISC,1772.000610,5617.975098,198.208237,359.9997
ChineseRemnants.esp,308041BE,0001F8F9,FireExtinguisher01,MISC,1494.000000,5606.000000,230.000000,90.0000
ChineseRemnants.esp,308041BD,0001F8FD,FireExtinguisherHolder01,STAT,1494.345337,5598.000000,250.667816,180.0000
ChineseRemnants.esp,308041BA,00059B3B,PaintCanFull,MISC,970.000000,4656.000000,160.000000,45.0000
ChineseRemnants.esp,308041B9,000A4920,DishRag01,MISC,392.000000,3332.000000,186.000000,0.0000
ChineseRemnants.esp,308041B8,00059A80,MetalBucket,MISC,416.000000,3336.000000,188.193954,0.0000
ChineseRemnants.esp,308041B7,0005238F,Broom01,MISC,398.498138,3293.070312,198.241486,94.6462
ChineseRemnants.esp,308041B6,00059B3A,PaintCanEmpty,MISC,1168.000000,4476.000000,158.000000,0.0000
ChineseRemnants.esp,308041B5,00059B3A,PaintCanEmpty,MISC,1184.429199,4501.949219,158.000000,0.0000
ChineseRemnants.esp,308041B3,00059B3A,PaintCanEmpty,MISC,1181.622070,4716.226562,160.613419,0.4914
ChineseRemnants.esp,308041B2,0005238F,Broom01,MISC,1182.853271,4754.745117,209.692123,177.8716
ChineseRemnants.esp,308041B1,000E726A,Cardboard_Box_Empty01,MSTT,980.000000,4652.000000,158.000000,90.0000
ChineseRemnants.esp,308041B0,00060ECF,Paintbrush_01,MISC,994.014465,4655.214355,162.020782,359.2454
ChineseRemnants.esp,308041AE,000A4920,DishRag01,MISC,972.000000,4302.000000,204.000000,346.7222
ChineseRemnants.esp,308041AD,00059A80,MetalBucket,MISC,974.000000,4302.000000,200.000000,0.0000
ChineseRemnants.esp,308041AC,0001F8F9,FireExtinguisher01,MISC,984.000000,4264.000000,236.000000,90.0000
ChineseRemnants.esp,308041AB,0001F8FD,FireExtinguisherHolder01,STAT,984.000000,4256.000000,256.000000,180.0000
ChineseRemnants.esp,308041A6,0001F8F9,FireExtinguisher01,MISC,426.000000,2617.000000,232.000000,0.0000
ChineseRemnants.esp,308041A5,0001F8FD,FireExtinguisherHolder01,STAT,434.000031,2616.804199,252.808197,90.0000
ChineseRemnants.esp,308041A3,000EF2D1,Clock02_Wall,STAT,2322.000000,3306.216309,376.331604,270.0001
ChineseRemnants.esp,308041A0,0015E8F6,ToyTruck01,MISC,530.000000,3140.000000,158.014832,68.7550
ChineseRemnants.esp,3080419E,000657FB,CuttingFluid,MISC,744.000000,5348.000000,162.000000,0.0000
ChineseRemnants.esp,3080419D,001AB5EE,ChemistrySetCan03,MISC,1824.000000,5494.000000,158.000000,0.0000
ChineseRemnants.esp,3080419C,00060ED8,RatPoison,MISC,1860.000000,5554.000000,158.000000,154.6986
ChineseRemnants.esp,3080419B,00059B33,GasCanister,MISC,1356.000000,6084.000000,158.000000,108.8621
ChineseRemnants.esp,3080419A,00059AF8,Pencil,MISC,2347.491211,3510.805176,212.000000,0.0000
ChineseRemnants.esp,30804199,0001F92F,Clipboard01,MISC,2366.000000,3514.000000,212.000000,245.4085
ChineseRemnants.esp,30804198,00154AD2,CircuitBoardMilitary,MISC,2356.000000,3576.000000,188.000000,162.8113
ChineseRemnants.esp,30804196,000A4920,DishRag01,MISC,1740.000000,2978.000000,224.000000,0.0000
ChineseRemnants.esp,30804194,000330F2,SugarBombs,ALCH,1224.000000,2624.000000,159.924286,91.6733
ChineseRemnants.esp,30804193,00020194,PlayerHouse_Ruin_CoffeeTin01,MISC,1740.000000,2928.000000,224.000000,314.1635
ChineseRemnants.esp,30804192,0008FCA8,BobbyPinBox,MISC,1330.000000,3470.000000,160.000000,120.3212
ChineseRemnants.esp,307FFD41,0004835A,NukaColaEmpty,MISC,205.831818,3490.044678,164.514709,0.0000
ChineseRemnants.esp,307FFD40,0001F908,TinCan02,MISC,221.239807,3484.588379,176.301071,173.6528
ChineseRemnants.esp,307FFD3F,0001F90A,TinCan01,MISC,211.669449,3468.767578,168.947845,301.8676
ChineseRemnants.esp,307FFD3E,00140AF0,FolderPapers01,MISC,1172.000000,4052.000000,214.000000,319.8930
ChineseRemnants.esp,307FFD3D,00059AF8,Pencil,MISC,493.789276,3781.161621,214.000015,216.7607
ChineseRemnants.esp,307FFD3C,0001F92F,Clipboard01,MISC,474.000000,3782.000000,214.000000,80.2141
ChineseRemnants.esp,307FFD3B,000211C4,CoffeeCup01,MISC,1140.000000,3836.000000,214.502884,240.6423
ChineseRemnants.esp,307FFD3A,000211C4,CoffeeCup01,MISC,706.000000,4168.000000,216.502884,177.6169
ChineseRemnants.esp,307FFD39,00140D99,Pen01,MISC,670.000000,4192.000000,218.000000,285.5156
ChineseRemnants.esp,307FFD38,0001F92F,Clipboard01,MISC,666.000000,4174.000000,216.632736,342.8113
ChineseRemnants.esp,307FFD37,0004D1F2,DuctTape01,MISC,678.000000,4212.000000,218.000000,0.0000
ChineseRemnants.esp,307FFD36,00059A83,Camera,MISC,1340.000000,3468.000000,196.000000,148.9690
ChineseRemnants.esp,307FFD35,00059AF8,Pencil,MISC,216.000000,3652.000000,223.411026,331.3521
ChineseRemnants.esp,307FFD34,00140AF0,FolderPapers01,MISC,308.000000,4178.000000,214.224609,0.0000
ChineseRemnants.esp,307FFD32,000E7E71,ChipBoard_Chip,MISC,231.225906,4046.606934,214.384613,181.6388
ChineseRemnants.esp,307FFD31,00060AA3,VacuumTube,MISC,197.987839,3651.773437,257.814087,0.0624
ChineseRemnants.esp,307FFD30,00059A83,Camera,MISC,202.000000,3596.000000,191.160446,319.8930
ChineseRemnants.esp,307FFD2F,00140D99,Pen01,MISC,1154.000000,3772.000000,216.000000,97.4028
ChineseRemnants.esp,307FFD2E,00140AF0,FolderPapers01,MISC,1150.000000,3764.000000,214.728104,0.0000
ChineseRemnants.esp,307FFD2D,001C7F28,Camera_Rare,MISC,1152.000000,3856.000000,214.000000,40.1071
ChineseRemnants.esp,307FFD2C,000EF2D1,Clock02_Wall,STAT,2002.000000,5054.694824,378.020386,90.0001
ChineseRemnants.esp,307FFD2B,000EF051,Clock01_Wall,STAT,1714.000000,5168.633789,378.655792,90.0001
ChineseRemnants.esp,307FFD29,000EF2D1,Clock02_Wall,STAT,178.000061,3833.161133,376.290588,270.0001
ChineseRemnants.esp,307FFD28,000EF2D1,Clock02_Wall,STAT,862.490356,3422.000000,376.447601,0.0000
ChineseRemnants.esp,307FFD26,000EF051,Clock01_Wall,STAT,1264.000000,2912.000000,376.000000,270.0000
ChineseRemnants.esp,307FFD24,000EF2D1,Clock02_Wall,STAT,4816.000000,3424.000000,632.000000,0.0000
ChineseRemnants.esp,307FFD23,00060EC7,Pillow_01_Straw,MISC,4659.999023,3282.004639,419.800293,91.6739
ChineseRemnants.esp,307FFD22,00060EC7,Pillow_01_Straw,MISC,4446.000000,2804.000000,434.000000,319.8862
ChineseRemnants.esp,307FFD21,000A4920,DishRag01,MISC,1306.000000,2518.000000,186.000000,0.0000
ChineseRemnants.esp,307FFD20,00059ABC,CuttingBoard,MISC,1348.000000,2414.000000,278.000000,63.0254
ChineseRemnants.esp,307FFD1E,000B91FF,MrHandyFuel,MISC,1280.000000,2742.000000,158.000000,256.8677
ChineseRemnants.esp,307FFD1D,000B91FF,MrHandyFuel,MISC,1530.000000,2412.000000,158.000000,183.3465
ChineseRemnants.esp,307FFD1C,000330F2,SugarBombs,ALCH,4770.000000,3394.000000,479.984924,63.0254
ChineseRemnants.esp,307FFD1B,00033FE0,Machete,WEAP,1744.000000,2468.000000,195.646408,0.0000
ChineseRemnants.esp,307FFD1A,00140B22,Glass_Generic,MISC,1354.000000,2410.000000,222.000000,0.0000
ChineseRemnants.esp,307FFD19,00060E93,Fork_02_StainlessSteel,MISC,1284.000000,3048.000000,256.000000,279.7859
ChineseRemnants.esp,307FFD18,00060E93,Fork_02_StainlessSteel,MISC,1282.792236,3054.206299,255.000000,279.7859
ChineseRemnants.esp,307FFD17,00060E96,Spoon_02_StainlessSteel,MISC,1304.000000,3032.000000,256.000000,0.0000
ChineseRemnants.esp,307FFD16,00060E96,Spoon_02_StainlessSteel,MISC,1297.443726,3033.185059,255.000000,0.0000
ChineseRemnants.esp,307FFD15,00023C32,Bowl_02_Ceramic,MISC,1284.546753,3010.509521,257.000000,0.0000
ChineseRemnants.esp,307FFD14,00023C34,Bowl_02b_Ceramic_Cracked,MISC,1286.134155,3032.281982,255.000000,0.0000
ChineseRemnants.esp,307FFD13,00023C32,Bowl_02_Ceramic,MISC,1284.546753,3010.509521,256.000000,0.0000
ChineseRemnants.esp,307FFD12,00023C32,Bowl_02_Ceramic,MISC,1284.423584,3010.718018,255.000000,0.0000
ChineseRemnants.esp,307FFD11,00058224,Lighter,MISC,202.000702,3374.002441,234.825287,0.0000
ChineseRemnants.esp,307FFD10,00059AB5,Cigarette_Off01,MISC,216.717773,3376.576904,233.500000,0.0000
ChineseRemnants.esp,307FFD0E,0008E371,Ashtray01_Filled,MISC,216.000000,3366.000000,234.824081,0.0000
ChineseRemnants.esp,307FFD0D,000211F6,WoodCrate02,STAT,204.000000,3382.000000,196.000000,0.0000
ChineseRemnants.esp,307FFD0C,000211C4,CoffeeCup01,MISC,196.000000,3214.000000,234.363174,80.2142
ChineseRemnants.esp,307FFD0B,000211C4,CoffeeCup01,MISC,1292.000000,2796.000000,258.000000,131.7803
ChineseRemnants.esp,307FFD0A,000211C4,CoffeeCup01,MISC,1278.000000,2780.000000,258.000000,0.0000
ChineseRemnants.esp,307FFD09,000211CC,CoffeePot01,MISC,1288.000000,2812.000000,257.000061,45.8366
ChineseRemnants.esp,307FFD08,00059ACB,Fork_01_Plastic,MISC,1292.441162,2842.960693,229.461075,65.8674
ChineseRemnants.esp,307FFD07,00059ACB,Fork_01_Plastic,MISC,1292.000610,2847.999023,229.457932,63.0253
ChineseRemnants.esp,307FFD06,00059B10,Spoon_01_Plastic,MISC,1295.192383,2831.540283,230.695175,195.1422
ChineseRemnants.esp,307FFD05,00059B10,Spoon_01_Plastic,MISC,1300.000000,2832.000000,230.000000,0.0000
ChineseRemnants.esp,307FFD04,00059B2C,TVdinnerTray,MISC,1292.000000,2836.000000,227.764221,80.2141
ChineseRemnants.esp,307FFD03,00059B2C,TVdinnerTray,MISC,1292.000000,2836.000000,226.000000,80.2141
ChineseRemnants.esp,307FFD02,0004A14F,MeatRadstag,ALCH,1290.007202,2897.996826,194.671967,80.2125
ChineseRemnants.esp,307FFD01,00033101,MeatMolerat,ALCH,1658.114624,2417.429443,224.808578,51.5663
ChineseRemnants.esp,307FFCFE,00033101,MeatMolerat,ALCH,1740.017456,2420.046631,199.085571,0.0000
ChineseRemnants.esp,307FFCFD,00059B0F,Spatula,MISC,1307.113037,2587.903564,221.235474,265.5164
ChineseRemnants.esp,307FFCFC,00101293,SteakDeathclaw,ALCH,1310.547974,2577.996338,214.968750,90.0000
ChineseRemnants.esp,307FFCFB,00059AEC,CookingPan01,MISC,1388.743896,2417.977295,294.117218,89.9578
ChineseRemnants.esp,307FFCF9,0004835A,NukaColaEmpty,MISC,1201.353516,3399.183838,181.589203,0.0000
ChineseRemnants.esp,307FFCF8,0004835A,NukaColaEmpty,MISC,1213.242798,3402.098389,183.757736,0.0000
ChineseRemnants.esp,307FFCF7,000342BA,Lightbulb_Broken,MISC,1200.941772,3384.217529,169.477417,295.8995
ChineseRemnants.esp,307FFCF6,00023C38,Bowl_03b_Glass_Cracked,MISC,1213.791016,3395.972656,169.181107,0.9367
ChineseRemnants.esp,307FFCF5,0001F90A,TinCan01,MISC,1203.337280,3386.862305,165.473465,266.0625
ChineseRemnants.esp,307FFCF4,0001F909,TinCan03,MISC,1205.363892,3397.195801,176.086441,162.1426
ChineseRemnants.esp,307FFCF3,0001F908,TinCan02,MISC,1198.820190,3400.373047,164.480057,351.1010
ChineseRemnants.esp,307FFCF2,0001F90A,TinCan01,MISC,1210.913696,3402.178711,165.415192,0.1298
ChineseRemnants.esp,307FFCF0,000A4920,DishRag01,MISC,551.488098,2869.122070,164.660690,315.9249
ChineseRemnants.esp,307FFCEF,00059A76,Baseball,MISC,844.000061,3370.000000,164.334000,0.0000
ChineseRemnants.esp,307FFCED,00059B0A,ShotGlass01,MISC,814.982422,2433.458008,214.000000,0.0000
ChineseRemnants.esp,307FFCEC,00140B22,Glass_Generic,MISC,960.000000,3410.000000,234.008377,0.0000
ChineseRemnants.esp,307FFCEB,00023C32,Bowl_02_Ceramic,MISC,976.000000,3410.000000,270.907898,0.0000
ChineseRemnants.esp,307FFCE9,00059B10,Spoon_01_Plastic,MISC,728.010315,2412.763184,233.407227,315.0000
ChineseRemnants.esp,307FFCE8,00059ACB,Fork_01_Plastic,MISC,712.199951,2409.999512,232.218048,1.1064
ChineseRemnants.esp,307FFCE7,00059AFA,Plate_01_Plastic,MISC,728.000000,2412.000000,232.000000,0.0000
ChineseRemnants.esp,307FFCE6,000BEA58,Dogfood,ALCH,1104.000000,3408.000000,198.091736,270.0001
ChineseRemnants.esp,307FFCE5,00023C32,Bowl_02_Ceramic,MISC,1216.731323,2899.271240,232.764587,0.0000
ChineseRemnants.esp,307FFCE4,0001F8F9,FireExtinguisher01,MISC,2272.099854,2902.004150,247.912094,269.9076
ChineseRemnants.esp,307FFCE3,0001F8FD,FireExtinguisherHolder01,STAT,2272.000000,2910.000000,268.000000,0.0000
ChineseRemnants.esp,307FFCE1,0001F8F9,FireExtinguisher01,MISC,4874.000000,2856.000000,488.000000,0.0000
ChineseRemnants.esp,307FFCDF,0001F8FD,FireExtinguisherHolder01,STAT,4882.000000,2855.608154,508.466309,90.0000
ChineseRemnants.esp,307FFCDE,000E6DB0,DecoGreebFree01,STAT,2064.000000,2642.000000,368.000000,180.0000
ChineseRemnants.esp,307FFCDD,000E6DB0,DecoGreebFree01,STAT,2065.251953,2922.000000,368.069214,0.0000
ChineseRemnants.esp,307FFCDC,000A1391,IndustrialFan,STAT,2560.000000,2656.000000,360.000000,0.0000
ChineseRemnants.esp,307FFCDB,000A1391,IndustrialFan,STAT,2560.000000,3680.000000,360.000000,180.0000
ChineseRemnants.esp,307FFCDA,000E6DB0,DecoGreebFree01,STAT,3088.000000,3154.000000,368.000000,180.0000
ChineseRemnants.esp,307FFCD8,000E6DB0,DecoGreebFree01,STAT,3088.062744,3434.000000,365.551300,0.0000
ChineseRemnants.esp,307FFCD6,000E6DB0,DecoGreebFree01,STAT,3736.000000,3154.000000,496.000000,180.0000
ChineseRemnants.esp,307FFCD5,000E6DB0,DecoGreebFree01,STAT,3736.000000,3434.000000,496.000000,0.0000
ChineseRemnants.esp,307FFCD4,000A1395,IndustrialFanSmall,STAT,976.000000,6112.000000,368.000000,180.0000
ChineseRemnants.esp,307FFCD3,000A1395,IndustrialFanSmall,STAT,1380.587158,6110.000000,367.095306,180.0000
ChineseRemnants.esp,307FFCD2,000E6DB0,DecoGreebFree01,STAT,4248.000000,3154.000000,624.000000,180.0000
ChineseRemnants.esp,307FFCD1,000E6DB0,DecoGreebFree01,STAT,4248.000000,3434.000000,624.000000,0.0000
ChineseRemnants.esp,307FFCCF,000A1395,IndustrialFanSmall,STAT,4628.000000,3424.000000,624.000000,291.8014
ChineseRemnants.esp,307FFCCD,000A1395,IndustrialFanSmall,STAT,4628.000000,2656.000000,624.000000,0.0000
ChineseRemnants.esp,307FFCCC,000E6DB0,DecoGreebFree01,STAT,5024.000000,2898.000000,624.000000,180.0000
ChineseRemnants.esp,307FFCCB,000E6DB1,DecoGreebFree02,STAT,5272.000000,2896.000000,680.000000,180.0001
ChineseRemnants.esp,307FFCCA,000E6DB0,DecoGreebFree01,STAT,5024.000000,3178.000000,624.000000,0.0000
ChineseRemnants.esp,307FFCC9,000E6DB1,DecoGreebFree02,STAT,5272.000000,3180.000000,680.000000,0.0000
ChineseRemnants.esp,307FFCC7,0011DA13,MagnifyingGlass,MISC,198.973236,3591.299072,255.000000,63.0254
ChineseRemnants.esp,307FFCC6,000FE257,OverdueBook,MISC,1290.000000,3676.000000,214.000000,57.2958
ChineseRemnants.esp,307FFCC5,00060E7D,WatchSilver,MISC,1480.000000,3492.000000,220.000000,51.5663
ChineseRemnants.esp,307FFCC3,00059B34,SilverLocket,MISC,1456.000000,3558.000000,190.971985,91.6733
ChineseRemnants.esp,307FFCC2,00060E88,LighterGoldPlated,MISC,1460.000000,3532.000000,216.000000,277.2578
ChineseRemnants.esp,307FFCC1,00059B0A,ShotGlass01,MISC,1334.000000,3478.000000,232.417236,0.0000
ChineseRemnants.esp,307FFCBB,0008E36F,Cigar_Off01,MISC,1451.183594,3544.127441,215.773483,208.6479
ChineseRemnants.esp,307FFCBA,0008E371,Ashtray01_Filled,MISC,1454.000000,3536.000000,214.000000,0.0000
ChineseRemnants.esp,307FB868,000BF83A,GenericPosterGroup01,STAT,510.000000,3455.000000,284.000000,180.0000
ChineseRemnants.esp,307FB866,000BF83D,GenericPosterGroup04,STAT,1199.000000,4098.000000,288.000000,90.0000
ChineseRemnants.esp,307FB864,000BF83F,GenericPosterGroup06,STAT,668.000000,4219.000000,288.000000,0.0000
ChineseRemnants.esp,307AA255,000E6F28,BulletinBoard01Static,STAT,508.000000,3454.000000,284.000000,180.0000
ChineseRemnants.esp,307AA253,000E6F28,BulletinBoard01Static,STAT,1200.000000,4096.000000,288.000000,90.0001
ChineseRemnants.esp,307AA252,000E6F28,BulletinBoard01Static,STAT,668.000000,4220.000000,288.000000,0.0000
ChineseRemnants.esp,30790737,00164393,DefaultLightGreenFungus01NS,LIGH,-948.000000,6066.000000,210.000000,0.0000
ChineseRemnants.esp,30790736,00164393,DefaultLightGreenFungus01NS,LIGH,-290.000000,6488.000000,204.000000,0.0000
ChineseRemnants.esp,30790734,001C0FCA,FloraFungusGlowing03,FLOR,-948.000000,6064.000000,160.000000,0.0000
ChineseRemnants.esp,30790732,001C0FC8,FloraFungusGlowing01,FLOR,-294.000000,6488.000000,152.000000,0.0000
ChineseRemnants.esp,30787E80,0001CE94,FluorescentLightThin01,STAT,2338.000000,2784.000000,414.000000,0.0000
ChineseRemnants.esp,30787E7F,0002B770,FluorescentLightBeam01Thin,MSTT,2338.000000,2784.000000,414.000000,0.0000
ChineseRemnants.esp,30787E7E,0010172B,MuseumBounceWarm04NSNonSpec,LIGH,2327.921875,2790.832520,232.277222,291.5356
ChineseRemnants.esp,30787E7D,0004DE07,MuseumBounceWarm04NS,LIGH,2338.600830,2778.162598,271.649414,291.5356
ChineseRemnants.esp,30787E78,00018779,FluorescentLight01,STAT,2578.000000,3304.000000,414.000000,90.0000
ChineseRemnants.esp,30787E77,0002B76F,FluorescentLightBeam01,MSTT,2578.000000,3304.000000,414.000000,90.0000
ChineseRemnants.esp,30787E76,0004DE07,MuseumBounceWarm04NS,LIGH,2572.162598,3303.399170,271.649414,297.0448
ChineseRemnants.esp,30787E75,0010172B,MuseumBounceWarm04NSNonSpec,LIGH,2584.832520,3314.077881,232.277222,297.0448
ChineseRemnants.esp,30783A1F,00001B90,CeilingLamp02On,STAT,3088.000000,3296.000000,414.000000,0.0000
ChineseRemnants.esp,30783A1E,000D8555,defaultLightCool02NSNonSpec,LIGH,3091.405273,3299.409180,286.901855,0.0000
ChineseRemnants.esp,30783A1D,00056723,defaultLightCool02NS,LIGH,3091.405273,3299.409180,328.875854,0.0000
ChineseRemnants.esp,30783A14,00001B90,CeilingLamp02On,STAT,4248.000000,3296.000000,670.000000,0.0000
ChineseRemnants.esp,30783A13,000D8555,defaultLightCool02NSNonSpec,LIGH,4251.405273,3299.409180,542.901917,0.0000
ChineseRemnants.esp,30783A12,00056723,defaultLightCool02NS,LIGH,4251.405273,3299.409180,584.875854,0.0000
ChineseRemnants.esp,3077F5B4,00027696,ExitSignRedNS,LIGH,5102.000000,3040.000000,574.000000,0.0000
ChineseRemnants.esp,3077F5B3,00027696,ExitSignRedNS,LIGH,5102.000000,3040.000000,646.000000,0.0000
ChineseRemnants.esp,3077B161,00018779,FluorescentLight01,STAT,4626.000000,3040.000000,670.000000,270.0000
ChineseRemnants.esp,3077B160,0002B76F,FluorescentLightBeam01,MSTT,4626.000000,3040.000000,670.000000,270.0000
ChineseRemnants.esp,3077B15F,0004DE07,MuseumBounceWarm04NS,LIGH,4631.837402,3040.600342,527.649414,117.0447
ChineseRemnants.esp,3077B15E,0010172B,MuseumBounceWarm04NSNonSpec,LIGH,4619.167480,3029.922119,488.277222,117.0447
ChineseRemnants.esp,3077B15C,00018FAA,ExitSignOn01,STAT,5122.000000,3040.000000,670.000000,90.0000
ChineseRemnants.esp,3077B15B,0001D0B7,EmergencyLightOn01,STAT,1746.000000,5982.000000,370.000000,270.0001
ChineseRemnants.esp,3077B15A,0002B76C,EmergencyLightBeamSet01,MSTT,1746.000000,5982.000000,370.000000,270.0001
ChineseRemnants.esp,3077B159,000D8556,DefaultLightWhite01NSNonSpec,LIGH,1877.158691,5983.418457,265.059509,1.0054
ChineseRemnants.esp,3077B158,000517B0,DefaultLightWhite01NS,LIGH,1841.202148,5979.569824,265.059509,1.0054
ChineseRemnants.esp,3077B157,0001CE94,FluorescentLightThin01,STAT,1872.000000,5720.000000,414.000000,0.0000
ChineseRemnants.esp,3077B156,0002B770,FluorescentLightBeam01Thin,MSTT,1872.000000,5720.000000,414.000000,0.0000
ChineseRemnants.esp,3077B155,0010172B,MuseumBounceWarm04NSNonSpec,LIGH,1861.921875,5726.832520,232.277252,291.5356
ChineseRemnants.esp,3077B154,0004DE07,MuseumBounceWarm04NS,LIGH,1872.600708,5714.162598,271.649445,291.5356
ChineseRemnants.esp,3077B14C,0001CE94,FluorescentLightThin01,STAT,962.000000,5880.000000,414.000000,270.0000
ChineseRemnants.esp,3077B14B,0002B770,FluorescentLightBeam01Thin,MSTT,962.000000,5880.000000,414.000000,270.0000
ChineseRemnants.esp,3077B14A,0010172B,MuseumBounceWarm04NSNonSpec,LIGH,955.167480,5869.921875,232.277222,117.0447
ChineseRemnants.esp,3077B149,0004DE07,MuseumBounceWarm04NS,LIGH,967.837524,5880.600586,271.649414,117.0447
ChineseRemnants.esp,3077B148,0001CE94,FluorescentLightThin01,STAT,1378.000000,5882.000000,414.000000,90.0000
ChineseRemnants.esp,3077B147,0002B770,FluorescentLightBeam01Thin,MSTT,1378.000000,5882.000000,414.000000,90.0000
ChineseRemnants.esp,3077B146,0010172B,MuseumBounceWarm04NSNonSpec,LIGH,1384.832397,5892.078125,232.277222,297.0448
ChineseRemnants.esp,3077B145,0004DE07,MuseumBounceWarm04NS,LIGH,1372.162720,5881.399414,271.649414,297.0448
ChineseRemnants.esp,30776CE2,0001CE94,FluorescentLightThin01,STAT,1458.000000,5184.000000,414.000000,90.0000
ChineseRemnants.esp,30776CE1,0002B770,FluorescentLightBeam01Thin,MSTT,1458.000000,5184.000000,414.000000,90.0000
ChineseRemnants.esp,30776CE0,0010172B,MuseumBounceWarm04NSNonSpec,LIGH,1464.832397,5194.078125,232.277222,297.0448
ChineseRemnants.esp,30776CDF,0004DE07,MuseumBounceWarm04NS,LIGH,1452.162720,5183.399414,271.649414,297.0448
ChineseRemnants.esp,30776CDE,0001CE94,FluorescentLightThin01,STAT,946.000000,5184.000000,414.000000,270.0000
ChineseRemnants.esp,30776CDD,0002B770,FluorescentLightBeam01Thin,MSTT,946.000000,5184.000000,414.000000,270.0000
ChineseRemnants.esp,30776CDC,0010172B,MuseumBounceWarm04NSNonSpec,LIGH,939.167480,5173.921875,232.277222,117.0447
ChineseRemnants.esp,30776CDB,0004DE07,MuseumBounceWarm04NS,LIGH,951.837524,5184.600586,271.649414,117.0447
ChineseRemnants.esp,30776CD8,00018779,FluorescentLight01,STAT,568.000000,2110.000000,414.000000,0.0000
ChineseRemnants.esp,30776CD7,0002B76F,FluorescentLightBeam01,MSTT,568.000000,2110.000000,414.000000,0.0000
ChineseRemnants.esp,30776CD6,0004DE07,MuseumBounceWarm04NS,LIGH,568.600830,2104.162598,271.649414,291.5356
ChineseRemnants.esp,30776CD5,0010172B,MuseumBounceWarm04NSNonSpec,LIGH,557.921875,2116.832520,232.277252,291.5356
ChineseRemnants.esp,30776CB4,0001CE94,FluorescentLightThin01,STAT,306.000000,2910.000000,414.000000,90.0000
ChineseRemnants.esp,30776CB3,0002B770,FluorescentLightBeam01Thin,MSTT,306.000000,2910.000000,414.000000,90.0000
ChineseRemnants.esp,30776CB2,0010172B,MuseumBounceWarm04NSNonSpec,LIGH,312.832550,2920.078369,232.277222,297.0448
ChineseRemnants.esp,30776CB1,0004DE07,MuseumBounceWarm04NS,LIGH,300.162567,2909.399170,271.649414,297.0448
ChineseRemnants.esp,3077285F,0001D0B7,EmergencyLightOn01,STAT,1810.000000,2782.000000,374.000000,270.0001
ChineseRemnants.esp,3077285E,0002B76C,EmergencyLightBeamSet01,MSTT,1810.000000,2782.000000,374.000000,270.0001
ChineseRemnants.esp,3077285D,000D8556,DefaultLightWhite01NSNonSpec,LIGH,1941.158447,2783.418457,269.059509,1.0055
ChineseRemnants.esp,3077285C,000517B0,DefaultLightWhite01NS,LIGH,1905.202148,2779.570068,269.059509,1.0055
ChineseRemnants.esp,3077285A,00001B90,CeilingLamp02On,STAT,434.000000,3834.000000,414.000000,0.0000
ChineseRemnants.esp,30772859,000D8555,defaultLightCool02NSNonSpec,LIGH,437.405273,3837.409180,286.901855,0.0000
ChineseRemnants.esp,30772858,00056723,defaultLightCool02NS,LIGH,437.405273,3837.409180,328.875854,0.0000
ChineseRemnants.esp,30772857,00001B90,CeilingLamp02On,STAT,946.000000,3834.000000,414.000000,0.0000
ChineseRemnants.esp,30772856,000D8555,defaultLightCool02NSNonSpec,LIGH,949.405273,3837.409180,286.901886,0.0000
ChineseRemnants.esp,30772855,00056723,defaultLightCool02NS,LIGH,949.405273,3837.409180,328.875854,0.0000
ChineseRemnants.esp,30772851,0001CE94,FluorescentLightThin01,STAT,1876.000000,5054.000000,412.000000,90.0000
ChineseRemnants.esp,30772850,0002B770,FluorescentLightBeam01Thin,MSTT,1876.000000,5054.000000,412.000000,90.0000
ChineseRemnants.esp,3077284F,0010172B,MuseumBounceWarm04NSNonSpec,LIGH,1882.832397,5064.078125,230.277222,297.0448
ChineseRemnants.esp,3077284E,0004DE07,MuseumBounceWarm04NS,LIGH,1870.162720,5053.399414,269.649414,297.0448
ChineseRemnants.esp,3077284B,0001CE94,FluorescentLightThin01,STAT,1522.000000,2652.000000,414.000000,0.0000
ChineseRemnants.esp,3077284A,0002B770,FluorescentLightBeam01Thin,MSTT,1522.000000,2652.000000,414.000000,0.0000
ChineseRemnants.esp,30772849,0010172B,MuseumBounceWarm04NSNonSpec,LIGH,1511.921875,2658.832520,232.277222,291.5356
ChineseRemnants.esp,30772848,0004DE07,MuseumBounceWarm04NS,LIGH,1522.600708,2646.162598,271.649414,291.5356
ChineseRemnants.esp,30772846,0001CE94,FluorescentLightThin01,STAT,1522.000000,3164.000000,414.000000,0.0000
ChineseRemnants.esp,30772845,0002B770,FluorescentLightBeam01Thin,MSTT,1522.000000,3164.000000,414.000000,0.0000
ChineseRemnants.esp,30772844,0010172B,MuseumBounceWarm04NSNonSpec,LIGH,1511.921875,3170.832520,232.277222,291.5356
ChineseRemnants.esp,30772843,0004DE07,MuseumBounceWarm04NS,LIGH,1522.600708,3158.162598,271.649414,291.5356
ChineseRemnants.esp,3077283D,0001CE94,FluorescentLightThin01,STAT,848.000000,2656.000000,414.000000,0.0000
ChineseRemnants.esp,3077283C,0002B770,FluorescentLightBeam01Thin,MSTT,848.000000,2656.000000,414.000000,0.0000
ChineseRemnants.esp,3077283B,0010172B,MuseumBounceWarm04NSNonSpec,LIGH,837.921936,2662.832520,232.277222,291.5356
ChineseRemnants.esp,3077283A,0004DE07,MuseumBounceWarm04NS,LIGH,848.600769,2650.162598,271.649414,291.5356
ChineseRemnants.esp,30772839,0001CE94,FluorescentLightThin01,STAT,850.000000,3164.000000,414.000000,0.0000
ChineseRemnants.esp,30772838,0002B770,FluorescentLightBeam01Thin,MSTT,850.000000,3164.000000,414.000000,0.0000
ChineseRemnants.esp,30772837,0010172B,MuseumBounceWarm04NSNonSpec,LIGH,839.921936,3170.832520,232.277191,291.5356
ChineseRemnants.esp,30772836,0004DE07,MuseumBounceWarm04NS,LIGH,850.600769,3158.162598,271.649384,291.5356
ChineseRemnants.esp,30772827,0001D0B7,EmergencyLightOn01,STAT,1074.000000,4254.000000,370.000000,180.0000
ChineseRemnants.esp,30772826,0002B76C,EmergencyLightBeamSet01,MSTT,1074.000000,4254.000000,370.000000,180.0000
ChineseRemnants.esp,30772825,000D8556,DefaultLightWhite01NSNonSpec,LIGH,1072.581665,4385.158691,265.059509,270.5027
ChineseRemnants.esp,30772824,000517B0,DefaultLightWhite01NS,LIGH,1076.430054,4349.202148,265.059509,270.5027
ChineseRemnants.esp,30772823,0001D0B7,EmergencyLightOn01,STAT,1074.000000,4766.000000,370.000000,0.0000
ChineseRemnants.esp,30772822,0002B76C,EmergencyLightBeamSet01,MSTT,1074.000000,4766.000000,370.000000,0.0000
ChineseRemnants.esp,30772821,000D8556,DefaultLightWhite01NSNonSpec,LIGH,1075.418701,4634.841309,265.059540,90.5027
ChineseRemnants.esp,30772820,000517B0,DefaultLightWhite01NS,LIGH,1071.570068,4670.797852,265.059540,90.5027
ChineseRemnants.esp,3077281E,0001D0B7,EmergencyLightOn01,STAT,306.000000,3420.000000,368.000000,0.0000
ChineseRemnants.esp,3077281D,0002B76C,EmergencyLightBeamSet01,MSTT,306.000000,3420.000000,368.000000,0.0000
ChineseRemnants.esp,3077281C,000D8556,DefaultLightWhite01NSNonSpec,LIGH,307.418701,3288.841309,263.059509,90.5027
ChineseRemnants.esp,3077281B,000517B0,DefaultLightWhite01NS,LIGH,303.570099,3324.797852,263.059509,90.5027
ChineseRemnants.esp,30772817,0001D0B7,EmergencyLightOn01,STAT,306.000000,2398.000000,368.000000,180.0000
ChineseRemnants.esp,30772816,0002B76C,EmergencyLightBeamSet01,MSTT,306.000000,2398.000000,368.000000,180.0000
ChineseRemnants.esp,30772815,000D8556,DefaultLightWhite01NSNonSpec,LIGH,304.581299,2529.158447,263.059509,270.5027
ChineseRemnants.esp,30772814,000517B0,DefaultLightWhite01NS,LIGH,308.429993,2493.202148,263.059509,270.5027
ChineseRemnants.esp,3077280C,0001D0C3,LightbulbOn01,STAT,1872.000000,5440.000000,412.000000,0.0000
ChineseRemnants.esp,3077280B,00056723,defaultLightCool02NS,LIGH,1875.018799,5439.806152,311.302490,0.0000
ChineseRemnants.esp,3077280A,000D8555,defaultLightCool02NSNonSpec,LIGH,1872.464355,5439.258789,301.560211,0.0000
ChineseRemnants.esp,30772808,0001D0C3,LightbulbOn01,STAT,528.000000,4924.000000,414.000000,0.0000
ChineseRemnants.esp,30772807,00056723,defaultLightCool02NS,LIGH,531.018799,4923.806641,313.302490,0.0000
ChineseRemnants.esp,30772806,000D8555,defaultLightCool02NSNonSpec,LIGH,528.464355,4923.258789,303.560211,0.0000
ChineseRemnants.esp,307727FE,0001D0C3,LightbulbOn01,STAT,1360.000000,3584.000000,412.000000,0.0000
ChineseRemnants.esp,307727FD,00056723,defaultLightCool02NS,LIGH,1363.018799,3583.806885,311.302490,0.0000
ChineseRemnants.esp,307727FC,000D8555,defaultLightCool02NSNonSpec,LIGH,1360.464355,3583.258789,301.560211,0.0000
ChineseRemnants.esp,306C791E,301CA12A,00LvlChineseRemnant_Feral,NPC_,2656.000000,3480.000000,160.000000,180.0000
ChineseRemnants.esp,306C791D,301CA12A,00LvlChineseRemnant_Feral,NPC_,2736.000000,2816.000000,160.000000,0.0000
ChineseRemnants.esp,306C791C,301CA12A,00LvlChineseRemnant_Feral,NPC_,2576.000000,3056.000000,160.000000,90.0000
ChineseRemnants.esp,306C791B,301CA12A,00LvlChineseRemnant_Feral,NPC_,3256.000000,3272.000000,160.000000,90.0000
ChineseRemnants.esp,306C791A,301CA12A,00LvlChineseRemnant_Feral,NPC_,3813.939941,3294.514404,286.000000,90.0000
ChineseRemnants.esp,306C7919,301CA12A,00LvlChineseRemnant_Feral,NPC_,4680.000000,3240.000000,416.000000,90.0000
ChineseRemnants.esp,306C7918,301CA12A,00LvlChineseRemnant_Feral,NPC_,4712.000000,2824.000000,416.000000,90.0000
ChineseRemnants.esp,306C7917,3001F185,00LvlChineseRemnant_Dog,NPC_,802.731079,3222.002441,158.000061,90.0000
ChineseRemnants.esp,306C7916,00094731,SecurityGateSmLatch01,DOOR,1586.000000,5582.000000,158.000000,0.0000
ChineseRemnants.esp,306C34C5,300329D1,00LvlChineseRemnant_Protectron,NPC_,1520.000000,3040.000000,160.000000,180.0000
ChineseRemnants.esp,306C34C4,3000106F,00LvlChineseRemnant_Commando,NPC_,1016.000000,5368.000000,160.000000,180.0000
ChineseRemnants.esp,306C34C3,3000106F,00LvlChineseRemnant_Commando,NPC_,901.433655,4938.652344,158.000000,0.0000
ChineseRemnants.esp,306C34C2,301BD42E,00LvlChineseRemnant_Liutenant,NPC_,1880.000000,5240.000000,160.000000,180.0000
ChineseRemnants.esp,306C34C1,3065CCCA,00LvlChineseRemnant_SpyMaster,NPC_,983.993713,3846.971924,158.000061,270.0000
ChineseRemnants.esp,306C34C0,30006495,00LvlChineseRemnant_Spy,NPC_,704.000000,4008.000000,160.000000,270.0000
ChineseRemnants.esp,306C34BF,30006495,00LvlChineseRemnant_Spy,NPC_,752.000000,3632.000000,160.000000,270.0000
ChineseRemnants.esp,306BF06E,3000106F,00LvlChineseRemnant_Commando,NPC_,1824.000000,5984.000000,160.000000,90.0000
ChineseRemnants.esp,3067AB21,00034D44,Prewar_Refrigerator_Broken,CONT,1480.000000,2432.000000,160.000000,180.0000
ChineseRemnants.esp,3066DE2E,00024572,NPCInvWallLean01,FURN,1760.000000,5896.000000,160.000000,90.0000
ChineseRemnants.esp,3066DE2D,00002CE2,PatrolIdleMarker,IDLM,960.000000,5736.000000,160.000000,90.0000
ChineseRemnants.esp,3066DE2C,00002CE2,PatrolIdleMarker,IDLM,1296.000000,5728.000000,160.000000,90.0000
ChineseRemnants.esp,3066DE2B,00064A47,Loot_DuffleBag_Guns,CONT,1032.000000,3406.000000,310.000000,0.0000
ChineseRemnants.esp,3066DE2A,30037DE6,00ChineseRemnant_DuffleBag_CombatRifle,CONT,1128.000000,2412.000000,160.000000,0.0000
ChineseRemnants.esp,3066DE29,30037DE6,00ChineseRemnant_DuffleBag_CombatRifle,CONT,572.367798,3407.417480,158.000000,0.0000
ChineseRemnants.esp,3066DE28,30037DE6,00ChineseRemnant_DuffleBag_CombatRifle,CONT,488.000000,5024.000000,256.000000,11.4592
ChineseRemnants.esp,3066DE27,30037DE6,00ChineseRemnant_DuffleBag_CombatRifle,CONT,480.000000,4840.000000,160.000000,0.0000
ChineseRemnants.esp,30658875,00022783,UtilMetalDoorPlugA01,STAT,1586.000000,5582.000000,158.000000,90.0000
ChineseRemnants.esp,30658874,00022783,UtilMetalDoorPlugA01,STAT,674.000000,4926.000000,158.000000,0.0001
ChineseRemnants.esp,30658873,0007E290,IndMetalDoor02,DOOR,1218.000000,3582.000000,158.000000,90.0000
ChineseRemnants.esp,30654420,000C5373,ConstructionLight_Standing_2piece_Off1,SCOL,-736.000000,6016.000000,248.000000,0.0000
ChineseRemnants.esp,3064FFCF,000D75BC,NpcBedSleepingBagSleep01,FURN,4488.000000,2800.000000,416.000000,90.0000
ChineseRemnants.esp,3064BB7A,000E37D1,IndustrialCart01,STAT,-832.000000,5944.000000,184.000000,90.0000
ChineseRemnants.esp,3064BB76,000B30D1,ConstructionLight_Floor,STAT,-288.000000,6448.000000,160.000000,270.0000
ChineseRemnants.esp,30647723,0004F0DF,CaveMoundRocksLow01,STAT,-600.000000,6000.000000,136.000000,180.0000
ChineseRemnants.esp,30647722,0004F0E1,CaveMoundRocksLow02,STAT,-864.000000,6016.000000,136.000000,270.0000
ChineseRemnants.esp,3064771E,0004F0DF,CaveMoundRocksLow01,STAT,-328.000000,6080.000000,136.000000,90.0000
ChineseRemnants.esp,3064771D,0004F0E1,CaveMoundRocksLow02,STAT,-200.000000,6392.000000,136.000000,180.0000
ChineseRemnants.esp,3064771C,0004F0F1,CaveMoundRocksLow03,STAT,-56.000000,6008.000000,136.000000,270.0000
ChineseRemnants.esp,3064771B,0004F0F1,CaveMoundRocksLow03,STAT,224.000000,6016.000000,136.000000,90.0000
ChineseRemnants.esp,3064771A,0004F0F1,CaveMoundRocksLow03,STAT,504.000000,6000.000000,136.000000,270.0000
ChineseRemnants.esp,30647713,001A7DA3,Handcart01,STAT,-144.000000,6344.000000,172.000000,85.9437
ChineseRemnants.esp,30647712,00186519,MetalBarrelRadioactivePile01,SCOL,-1008.000000,6040.000000,160.000000,0.0000
ChineseRemnants.esp,3064770F,00186519,MetalBarrelRadioactivePile01,SCOL,-280.000000,6584.000000,152.000000,270.0000
ChineseRemnants.esp,3064770E,000E479D,FlatbedCart_Small,STAT,112.000000,5896.000000,168.000000,0.0000
ChineseRemnants.esp,306432BA,002197FE,Vault_Cart_01,STAT,1968.000000,4856.000000,160.000000,90.0000
ChineseRemnants.esp,306432B9,0004D207,CartWheeledGarage01,STAT,2960.000000,3392.000000,160.000000,0.0000
ChineseRemnants.esp,306432B3,001793EA,IndustrialMetalTableSmall01D,STAT,1904.000000,5536.000000,160.000000,0.0000
ChineseRemnants.esp,306432B2,000EA1AD,IndustrialMetalTableSmall01A,STAT,1856.000000,4824.000000,160.000000,0.0000
ChineseRemnants.esp,306432B1,0001820E,MetalTable02,STAT,1776.000000,5336.000000,160.000000,90.0000
ChineseRemnants.esp,3063EE4C,000BA590,Vault_Crate_02_Steel,STAT,968.000000,4820.000000,160.000000,0.0000
ChineseRemnants.esp,3063EE4B,00038C21,Loot_Raider_ExplosivesBox,CONT,600.000000,4818.000000,192.000000,0.0000
ChineseRemnants.esp,3063EE44,0019D80B,ShelfSmall_Metal01_2Long,SCOL,2000.000000,5168.000000,288.000000,90.0000
ChineseRemnants.esp,3063EE41,00091431,PlayerHouse_Ruin_BathroomMirror02,CONT,2000.000000,5220.000000,272.000000,90.0000
ChineseRemnants.esp,3063EE40,001A594B,TrashcanMetalOffice01,MSTT,1976.000000,5336.000000,160.000000,0.0000
ChineseRemnants.esp,3063EE3E,000B6E0B,Vault_Sink_01,STAT,2002.000000,5220.000000,160.000000,90.0000
ChineseRemnants.esp,3063EE3C,001849EE,XRayLightBox01,STAT,2000.000000,4852.000000,168.000000,270.0001
ChineseRemnants.esp,3063EE3B,0019C5BF,HospitalLights03StandDamagedUnlit,STAT,1776.000000,5248.000000,160.000000,0.0000
ChineseRemnants.esp,3063EE37,000B483A,Vault_OxygenTank_01,MSTT,1760.000000,5016.000000,160.000000,270.0000
ChineseRemnants.esp,3063A9E3,0001820C,MetalTable01,STAT,800.000000,5536.000000,160.000000,0.0000
ChineseRemnants.esp,3063A9E2,001A0380,Loot_ToolChest,CONT,704.000000,5336.000000,160.000000,0.0000
ChineseRemnants.esp,3063A9DF,00018C93,IndMetalDoor01,DOOR,1074.000000,4782.000000,158.000000,0.0000
ChineseRemnants.esp,3063A9DD,001A720A,HighTechFilingCabinet01AWeatheredShort,CONT,1776.000000,4832.000000,160.000000,270.0000
ChineseRemnants.esp,3063A9DC,000CFC65,HighTechCounter_Cap01,STAT,1968.000000,4912.000000,160.000000,90.0000
ChineseRemnants.esp,3063A9DB,000CFC65,HighTechCounter_Cap01,STAT,1968.000000,5168.000000,160.000000,270.0000
ChineseRemnants.esp,3063A9D3,0019D3E1,HighTechCounter_Long01_Closed,STAT,1968.000000,5040.000000,160.000000,90.0000
ChineseRemnants.esp,3063A9D1,000CFC65,HighTechCounter_Cap01,STAT,1968.000000,5560.000000,160.000000,270.0000
ChineseRemnants.esp,3063A9D0,000CFC65,HighTechCounter_Cap01,STAT,1968.000000,5368.000000,160.000000,90.0000
ChineseRemnants.esp,3063A9CF,000CFC68,HighTechCounter_Short01,STAT,1968.000000,5496.000000,160.000000,90.0000
ChineseRemnants.esp,3063A9CB,00140AC0,Gurney01Static,STAT,1776.000000,5136.000000,72.000000,90.0000
ChineseRemnants.esp,3063657A,0007E290,IndMetalDoor02,DOOR,1874.000000,5294.000000,158.000000,0.0000
ChineseRemnants.esp,30636578,0007E290,IndMetalDoor02,DOOR,1730.000000,4926.000000,158.000000,90.0000
ChineseRemnants.esp,30636576,00067A2A,BldConcSmCeilOnly01,STAT,1874.000000,5438.000000,190.000000,90.0000
ChineseRemnants.esp,30636575,00067A2A,BldConcSmCeilOnly01,STAT,1874.000000,5182.000000,190.000000,90.0000
ChineseRemnants.esp,30636574,00067A2A,BldConcSmCeilOnly01,STAT,1874.000000,4926.000000,190.000000,90.0000
ChineseRemnants.esp,30636572,00067A40,BldConcSmFlrOnly01,STAT,1874.000000,5182.000000,158.000000,90.0000
ChineseRemnants.esp,30636571,00067A95,BldConcSmWallScktA01,STAT,1874.000000,5422.000000,158.000000,270.0001
ChineseRemnants.esp,30636570,00067A95,BldConcSmWallScktA01,STAT,1874.000000,5166.000000,158.000000,90.0000
ChineseRemnants.esp,3063656F,0006795B,BldConcBgWallPlugABotDoor01,STAT,1874.000000,5294.000000,158.000000,90.0000
ChineseRemnants.esp,3063656D,00067AA6,BldConcSmWall01,STAT,1890.000000,5438.000000,158.000000,180.0000
ChineseRemnants.esp,3063656C,00067AA6,BldConcSmWall01,STAT,1858.000000,5438.000000,158.000000,0.0000
ChineseRemnants.esp,3063656A,00067AA6,BldConcSmWall01,STAT,1874.000000,5454.000000,158.000000,90.0000
ChineseRemnants.esp,30636569,00067AA6,BldConcSmWall01,STAT,1858.000000,5182.000000,158.000000,0.0000
ChineseRemnants.esp,30636568,00067AA6,BldConcSmWall01,STAT,1890.000000,5182.000000,158.000000,180.0000
ChineseRemnants.esp,30636567,00067AA6,BldConcSmWall01,STAT,1874.000000,4910.000000,158.000000,270.0000
ChineseRemnants.esp,30636566,00067A40,BldConcSmFlrOnly01,STAT,1874.000000,5438.000000,158.000000,90.0000
ChineseRemnants.esp,30636565,00067A40,BldConcSmFlrOnly01,STAT,1874.000000,4926.000000,158.000000,90.0000
ChineseRemnants.esp,30636564,00067A95,BldConcSmWallScktA01,STAT,1858.000000,4926.000000,158.000000,0.0000
ChineseRemnants.esp,30636563,0006795B,BldConcBgWallPlugABotDoor01,STAT,1730.000000,4926.000000,158.000000,180.0000
ChineseRemnants.esp,30636562,00067A95,BldConcSmWallScktA01,STAT,1602.000000,4926.000000,158.000000,180.0000
ChineseRemnants.esp,30632111,00039371,CaveHall1Way01,STAT,-864.000000,5980.000000,188.000000,270.0001
ChineseRemnants.esp,30632110,00039385,CaveHall1Way01Floor,STAT,-864.000000,5982.000000,158.000000,90.0000
ChineseRemnants.esp,3062DCB9,0003AA09,CaveHallEndcapFree,STAT,-224.000000,6584.000000,188.000000,0.0000
ChineseRemnants.esp,305ADA41,000D75BC,NpcBedSleepingBagSleep01,FURN,4632.000000,3328.000000,416.000000,90.0000
ChineseRemnants.esp,305ADA40,000E37D1,IndustrialCart01,STAT,400.000000,6056.000000,168.000000,90.0000
ChineseRemnants.esp,305ADA3E,000211F6,WoodCrate02,STAT,4584.000000,3396.000000,454.000000,90.0000
ChineseRemnants.esp,305ADA3D,000211F6,WoodCrate02,STAT,4584.000000,3396.000000,416.000000,90.0000
ChineseRemnants.esp,305ADA3C,000211F7,WoodCrate03,STAT,4288.000000,3192.000000,416.000000,270.0000
ChineseRemnants.esp,305ADA3B,000211F6,WoodCrate02,STAT,4856.000000,2832.000000,416.000000,0.0000
ChineseRemnants.esp,305ADA3A,000E37D1,IndustrialCart01,STAT,4820.000000,2656.000000,446.000000,90.0000
ChineseRemnants.esp,305ADA39,000C3884,WoodPallet01,STAT,4384.000000,2880.000000,480.000000,0.0000
ChineseRemnants.esp,305ADA35,001467C2,CrateLargeAquaRust,STAT,4662.373535,2716.399170,414.000031,5.7298
ChineseRemnants.esp,305ADA32,001467B9,CrateLargeBlueRust,STAT,4488.000000,2708.000000,416.000000,0.0000
ChineseRemnants.esp,305A95DE,00067A2A,BldConcSmCeilOnly01,STAT,3218.000000,3294.000000,190.000000,90.0000
ChineseRemnants.esp,305A95DD,00067AA6,BldConcSmWall01,STAT,3218.000000,3278.000000,158.000000,270.0000
ChineseRemnants.esp,305A95DC,00067AA6,BldConcSmWall01,STAT,3218.000000,3310.000000,158.000000,90.0000
ChineseRemnants.esp,305A95DB,00067A40,BldConcSmFlrOnly01,STAT,3218.000000,3294.000000,158.000000,90.0000
ChineseRemnants.esp,305A517E,30364394,00Bunker01Main_IDCard,MISC,1132.000000,5524.000000,216.000000,270.0000
ChineseRemnants.esp,305A517D,30364394,00Bunker01Main_IDCard,MISC,1672.000000,5340.000000,202.343658,0.0000
ChineseRemnants.esp,305A517C,30364394,00Bunker01Main_IDCard,MISC,808.000000,3508.000000,214.487274,0.0000
ChineseRemnants.esp,305A517B,30364394,00Bunker01Main_IDCard,MISC,640.000000,4172.000000,216.952911,0.0000
ChineseRemnants.esp,305A517A,000998F4,IDCardReader01,ACTI,1152.000000,4254.000000,248.000000,180.0000
ChineseRemnants.esp,305A5179,000998F4,IDCardReader01,ACTI,996.000000,4222.000000,248.000000,0.0000
ChineseRemnants.esp,305A0D26,00059AB4,Chessboard,MISC,484.006866,3188.002930,196.199036,0.0111
ChineseRemnants.esp,305A0D24,0005821E,CigarBox,MISC,1226.369629,2646.001953,199.113052,89.9988
ChineseRemnants.esp,305A0D23,30364394,00Bunker01Main_IDCard,MISC,1222.771729,2646.003174,196.548843,90.7504
ChineseRemnants.esp,3058B76C,0008C8B5,BldConcSmBrokeWallChunk03,STAT,744.000000,6072.000000,168.000000,180.0000
ChineseRemnants.esp,3058B76B,0008C803,DebrisPileSmallConc01,STAT,712.000000,5968.000000,160.000000,90.0000
ChineseRemnants.esp,3058B76A,0006FB26,BldConcSmDmgFlrChunk01,STAT,744.000000,6048.000000,160.000000,270.0000
ChineseRemnants.esp,3058B769,0006FB25,BldConcSmDmgFlrChunk03,STAT,696.000000,5976.000000,160.000000,270.0000
ChineseRemnants.esp,3058B765,0008C8B6,BldConcSmBrokeWallChunk01,STAT,720.000000,5880.000000,176.000000,0.0000
ChineseRemnants.esp,30587314,0001820E,MetalTable02,STAT,1880.000000,6080.000000,160.000000,0.0000
ChineseRemnants.esp,30582EC2,001A7DA3,Handcart01,STAT,1096.000000,5632.000000,160.000000,180.0000
ChineseRemnants.esp,30582EC1,000CD29D,MetalBox,CONT,1472.000000,5624.000000,160.000000,0.0000
ChineseRemnants.esp,3057EA6E,000DB202,Shelf_Big_TwoPoles,STAT,1408.000000,5624.000000,160.000000,90.0000
ChineseRemnants.esp,3057EA6D,000DB202,Shelf_Big_TwoPoles,STAT,1408.000000,5624.000000,224.000000,90.0000
ChineseRemnants.esp,3057EA6A,000DB202,Shelf_Big_TwoPoles,STAT,1152.000000,5624.000000,160.000000,90.0000
ChineseRemnants.esp,3057EA69,000DB202,Shelf_Big_TwoPoles,STAT,1152.000000,5624.000000,224.000000,90.0000
ChineseRemnants.esp,3057EA68,000DB20D,Shelf_Big_Metal,STAT,1280.000000,5624.000000,176.000000,90.0000
ChineseRemnants.esp,3057EA67,000DB20D,Shelf_Big_Metal,STAT,1280.000000,5624.000000,224.000000,90.0000
ChineseRemnants.esp,3057EA66,000DB20D,Shelf_Big_Metal,STAT,1280.000000,5624.000000,272.000000,90.0000
ChineseRemnants.esp,3057EA65,000DB20D,Shelf_Big_Metal,STAT,920.000000,5624.000000,272.000000,90.0000
ChineseRemnants.esp,3057EA64,000DB20D,Shelf_Big_Metal,STAT,920.000000,5624.000000,224.000000,90.0000
ChineseRemnants.esp,3057EA63,000DB20D,Shelf_Big_Metal,STAT,920.000000,5624.000000,176.000000,90.0000
ChineseRemnants.esp,3057EA62,000DB203,Shelf_Big_End,STAT,920.000000,5624.000000,176.000000,270.0000
ChineseRemnants.esp,3057EA61,000DB203,Shelf_Big_End,STAT,920.000000,5624.000000,224.000000,270.0000
ChineseRemnants.esp,3057EA60,000DB203,Shelf_Big_End,STAT,920.000000,5624.000000,272.000000,270.0000
ChineseRemnants.esp,3057EA5C,000DB203,Shelf_Big_End,STAT,920.000000,5624.000000,224.000000,90.0000
ChineseRemnants.esp,3057EA5B,000DB202,Shelf_Big_TwoPoles,STAT,1048.000000,5624.000000,160.000000,90.0000
ChineseRemnants.esp,3057EA5A,000DB202,Shelf_Big_TwoPoles,STAT,1048.000000,5624.000000,224.000000,90.0000
ChineseRemnants.esp,3057EA59,000DB203,Shelf_Big_End,STAT,920.000000,5624.000000,272.000000,90.0000
ChineseRemnants.esp,3057EA58,000DB203,Shelf_Big_End,STAT,1408.000000,6040.000000,224.000000,90.0000
ChineseRemnants.esp,3057EA57,000DB203,Shelf_Big_End,STAT,920.000000,5624.000000,176.000000,90.0000
ChineseRemnants.esp,3057EA56,000DB202,Shelf_Big_TwoPoles,STAT,792.000000,5624.000000,224.000000,90.0000
ChineseRemnants.esp,3057EA55,000DB202,Shelf_Big_TwoPoles,STAT,792.000000,5624.000000,160.000000,90.0000
ChineseRemnants.esp,3057619E,0003AA09,CaveHallEndcapFree,STAT,-1086.000000,5980.000000,188.000000,270.0000
ChineseRemnants.esp,30565045,00050AB6,PlayerHouse_BathroomRack01,STAT,176.000000,2320.000000,272.000000,270.0000
ChineseRemnants.esp,30560BE0,0003937C,CaveHall3Way01,STAT,-224.000000,5980.000000,188.000000,180.0000
ChineseRemnants.esp,3055C773,00039375,CaveHall1WayHalf01,STAT,-224.000000,6492.000000,188.000000,0.0000
ChineseRemnants.esp,3055C772,00039388,CaveHall1WayHalf01Floor,STAT,-224.000000,6494.000000,158.000000,0.0000
ChineseRemnants.esp,3055C76B,000E7D99,StepLadderClosed,STAT,730.000000,5778.000000,158.000000,90.0000
ChineseRemnants.esp,30553E9A,00022563,BldWoodPDoor02,DOOR,306.000000,2382.000000,158.000000,90.0000
ChineseRemnants.esp,30553E98,0001820C,MetalTable01,STAT,1608.000000,6088.000000,160.000000,0.0000
ChineseRemnants.esp,3054FA3D,00067ABF,BldConcSmWallHole01,STAT,560.000000,5982.000000,158.000000,180.0000
ChineseRemnants.esp,3054FA3C,00067AA6,BldConcSmWall01,STAT,818.000000,5998.000000,158.000000,90.0000
ChineseRemnants.esp,3054FA3B,00067AC1,BldConcSmWallHole03,STAT,802.000000,5982.000000,158.000000,0.0000
ChineseRemnants.esp,3054B5E4,0003A0EA,CaveHallFloorENDCAPs,STAT,680.000000,5996.000000,160.000000,90.0000
ChineseRemnants.esp,3054B5E2,00039398,CaveHall3Way01Floor,STAT,-224.000000,5982.000000,158.000000,180.0000
ChineseRemnants.esp,3054B5E1,00039371,CaveHall1Way01,STAT,416.000000,5980.000000,188.000000,270.0000
ChineseRemnants.esp,3054B5E0,00039385,CaveHall1Way01Floor,STAT,416.000000,5982.000000,158.000000,270.0000
ChineseRemnants.esp,3053E8E5,000560DC,defaultLightWarm01NS,LIGH,1164.622925,6005.670410,279.111908,0.2408
ChineseRemnants.esp,3053E8E4,000560DC,defaultLightWarm01NS,LIGH,1164.622925,6005.670410,359.111908,0.2408
ChineseRemnants.esp,3053E8E3,00017A89,HoodedLamp01,STAT,1076.624023,6006.040527,335.111908,0.2408
ChineseRemnants.esp,3053E8E2,0006704A,PowerGenerator01,MSTT,1072.152710,5951.501465,155.060608,180.0000
ChineseRemnants.esp,3053E8E0,0001F484,NpcBenchFederalistSit01,FURN,2240.000000,5984.000000,160.000000,270.0000
ChineseRemnants.esp,3053E8DF,0014D090,NpcBedMilitaryCotMattressLay01,FURN,2224.000000,5728.000000,136.000000,0.0000
ChineseRemnants.esp,3053E8DD,001A594B,TrashcanMetalOffice01,MSTT,1768.000000,6080.000000,158.000000,0.0000
ChineseRemnants.esp,3053E8DC,001A0380,Loot_ToolChest,CONT,1696.000000,5648.000000,160.000000,180.0000
ChineseRemnants.esp,3053E8DB,000211F7,WoodCrate03,STAT,716.000000,5656.000000,160.000000,0.0000
ChineseRemnants.esp,3053E8D9,301C5CD3,00TurretBubble_ChineseRemnant,NPC_,412.000000,2420.000000,414.000000,135.0000
ChineseRemnants.esp,3053E8D8,301C5CD3,00TurretBubble_ChineseRemnant,NPC_,200.000000,2420.000000,414.000000,90.0000
ChineseRemnants.esp,3053E8D6,00002CE2,PatrolIdleMarker,IDLM,1528.000000,4944.000000,160.000000,270.0000
ChineseRemnants.esp,3053E8D4,00049D9F,Prewar_Cabinet_Garage_01,CONT,1676.000000,5800.000000,160.000000,90.0000
ChineseRemnants.esp,3053A482,000AE441,NpcChairVaultSit02Closed,MSTT,1682.000000,5400.000000,160.000000,270.0000
ChineseRemnants.esp,3053602F,00049DA0,Prewar_Cabinet_Garage_02,CONT,968.000000,5532.000000,160.000000,0.0000
ChineseRemnants.esp,3053602D,0004D208,CartDiagnosticGarage01,STAT,1688.000000,5472.000000,160.000000,90.0000
ChineseRemnants.esp,3053602B,0012F2F5,WorkbenchChemistryA,FURN,1816.000000,5472.000000,160.000000,270.0000
ChineseRemnants.esp,30531BD4,0011EB5B,Prewar_Locker_Wall02,CONT,1056.000000,3404.000000,160.000000,0.0000
ChineseRemnants.esp,3052D783,3000CA6C,00ChineseRemnants_FoodCrate,CONT,1592.000000,2416.000000,160.000000,0.0000
ChineseRemnants.esp,30502C31,0004D1CD,PlayerHouse_Rug01,STAT,5328.000000,3032.000000,416.000000,90.0000
ChineseRemnants.esp,30502C30,000C3884,WoodPallet01,STAT,3724.000000,3202.000000,340.000000,0.0000
ChineseRemnants.esp,30502C2F,000211F7,WoodCrate03,STAT,408.000000,3358.000000,158.000000,0.0000
ChineseRemnants.esp,30502C2D,000211F5,WoodCrate01,STAT,408.000000,2434.000000,158.000000,0.0000
ChineseRemnants.esp,30502C2C,00024572,NPCInvWallLean01,FURN,192.000000,2200.000000,160.000000,90.0000
ChineseRemnants.esp,304ED618,0006704D,PowerGenerator02_NeverUseByItself,MSTT,864.000000,5952.000000,168.000000,180.0000
ChineseRemnants.esp,304ED616,0006704D,PowerGenerator02_NeverUseByItself,MSTT,1280.000000,5952.000000,168.000000,180.0000
ChineseRemnants.esp,304E91C2,000AE441,NpcChairVaultSit02Closed,MSTT,4864.000000,3320.000000,416.000000,270.0000
ChineseRemnants.esp,304E91C1,00067ACC,BldConcSmWallPillar01,STAT,2842.000000,3158.000000,158.000000,0.0000
ChineseRemnants.esp,304E91C0,00067ACC,BldConcSmWallPillar01,STAT,2842.000000,3430.000000,158.000000,0.0000
ChineseRemnants.esp,304E091F,00067ACC,BldConcSmWallPillar01,STAT,4890.000000,2902.000000,414.000000,0.0000
ChineseRemnants.esp,304E091E,00067ACC,BldConcSmWallPillar01,STAT,4890.000000,3174.000000,414.000000,0.0000
ChineseRemnants.esp,304DC4CD,00067A2A,BldConcSmCeilOnly01,STAT,5362.000000,3038.000000,798.000000,90.0000
ChineseRemnants.esp,304DC4CB,0006799B,BldConcMdWall01,STAT,5266.000000,3054.000000,414.000000,90.0000
ChineseRemnants.esp,304DC4CA,0006799B,BldConcMdWall01,STAT,5266.000000,3022.000000,414.000000,270.0000
ChineseRemnants.esp,304DC4C9,00067A40,BldConcSmFlrOnly01,STAT,5266.000000,3038.000000,414.000000,90.0000
ChineseRemnants.esp,304DC4C8,00067A2A,BldConcSmCeilOnly01,STAT,4754.000000,2782.000000,446.000000,90.0000
ChineseRemnants.esp,304DC4C7,00067A2A,BldConcSmCeilOnly01,STAT,4498.000000,2782.000000,446.000000,90.0000
ChineseRemnants.esp,304DC4C6,00067AA6,BldConcSmWall01,STAT,4770.000000,2782.000000,414.000000,180.0000
ChineseRemnants.esp,304DC4C5,00067AA6,BldConcSmWall01,STAT,4482.000000,2782.000000,414.000000,0.0000
ChineseRemnants.esp,304DC4C4,00067A40,BldConcSmFlrOnly01,STAT,4754.000000,2782.000000,414.000000,90.0000
ChineseRemnants.esp,304DC4C3,00067A40,BldConcSmFlrOnly01,STAT,4498.000000,2782.000000,414.000000,90.0000
ChineseRemnants.esp,304D3C22,0011EB5C,Prewar_Locker_Wall01,CONT,196.000000,2496.000000,160.000000,270.0000
ChineseRemnants.esp,304D3C21,00067A2A,BldConcSmCeilOnly01,STAT,818.000000,1982.000000,190.000000,90.0000
ChineseRemnants.esp,304D3C20,00067A2A,BldConcSmCeilOnly01,STAT,818.000000,2238.000000,190.000000,90.0000
ChineseRemnants.esp,304D3C1F,00067A2A,BldConcSmCeilOnly01,STAT,562.000000,1982.000000,190.000000,90.0000
ChineseRemnants.esp,304D3C1E,00067A2A,BldConcSmCeilOnly01,STAT,562.000000,2238.000000,190.000000,90.0000
ChineseRemnants.esp,304D3C1D,00067A2A,BldConcSmCeilOnly01,STAT,306.000000,1982.000000,190.000000,90.0000
ChineseRemnants.esp,304D3C1C,00067A2A,BldConcSmCeilOnly01,STAT,306.000000,2238.000000,190.000000,90.0000
ChineseRemnants.esp,304D3C1A,00050AB6,PlayerHouse_BathroomRack01,STAT,312.000000,1856.000000,272.000000,180.0000
ChineseRemnants.esp,304D3C19,00034A3F,BathroomToiletBroken01,STAT,486.000000,2338.000000,160.000000,0.0000
ChineseRemnants.esp,304D3C18,00080261,BathroomStallMid01,STAT,550.000000,2384.000000,160.000000,0.0000
ChineseRemnants.esp,304D3C17,00080265,BathroomStallDoor01,DOOR,550.000000,2384.000000,160.000000,0.0000
ChineseRemnants.esp,304CF7BC,000BA4B5,SecurityGateSmLatch02,DOOR,1730.000000,5982.000000,158.000000,270.0000
ChineseRemnants.esp,304CF7BB,00022783,UtilMetalDoorPlugA01,STAT,1730.000000,5982.000000,158.000000,0.0000
ChineseRemnants.esp,304CF7BA,00067A2A,BldConcSmCeilOnly01,STAT,2130.000000,5982.000000,190.000000,90.0000
ChineseRemnants.esp,304CF7B9,00067A2A,BldConcSmCeilOnly01,STAT,2130.000000,5726.000000,190.000000,90.0000
ChineseRemnants.esp,304CF7B8,00067A2A,BldConcSmCeilOnly01,STAT,1874.000000,5726.000000,190.000000,90.0000
ChineseRemnants.esp,304CF7B7,00067A2A,BldConcSmCeilOnly01,STAT,1874.000000,5982.000000,190.000000,90.0000
ChineseRemnants.esp,304CF7B6,00067AA6,BldConcSmWall01,STAT,2146.000000,5726.000000,158.000000,180.0000
ChineseRemnants.esp,304CF7B5,00067AA6,BldConcSmWall01,STAT,2130.000000,5710.000000,158.000000,270.0001
ChineseRemnants.esp,304CF7B4,00067AA6,BldConcSmWall01,STAT,1874.000000,5710.000000,158.000000,270.0001
ChineseRemnants.esp,304CF7B3,00067AA6,BldConcSmWall01,STAT,1858.000000,5726.000000,158.000000,0.0000
ChineseRemnants.esp,304CF7B2,00067AA6,BldConcSmWall01,STAT,2146.000000,5982.000000,158.000000,180.0000
ChineseRemnants.esp,304CF7B1,00067AA6,BldConcSmWall01,STAT,2130.000000,5998.000000,158.000000,90.0000
ChineseRemnants.esp,304CF7B0,00067AA6,BldConcSmWall01,STAT,1874.000000,5998.000000,158.000000,90.0000
ChineseRemnants.esp,304CF7AF,00067A95,BldConcSmWallScktA01,STAT,1858.000000,5982.000000,158.000000,0.0000
ChineseRemnants.esp,304CF7AE,00067A40,BldConcSmFlrOnly01,STAT,2130.000000,5726.000000,158.000000,90.0000
ChineseRemnants.esp,304CF7AD,00067A40,BldConcSmFlrOnly01,STAT,2130.000000,5982.000000,158.000000,90.0000
ChineseRemnants.esp,304CF7AC,00067A40,BldConcSmFlrOnly01,STAT,1874.000000,5726.000000,158.000000,90.0000
ChineseRemnants.esp,304CF7AB,00067A40,BldConcSmFlrOnly01,STAT,1874.000000,5982.000000,158.000000,90.0000
ChineseRemnants.esp,304CF7A7,00067A2A,BldConcSmCeilOnly01,STAT,818.000000,5726.000000,190.000000,90.0000
ChineseRemnants.esp,304CF7A6,00067A2A,BldConcSmCeilOnly01,STAT,1074.000000,5726.000000,190.000000,90.0000
ChineseRemnants.esp,304CF7A5,00067A2A,BldConcSmCeilOnly01,STAT,818.000000,5982.000000,190.000000,90.0000
ChineseRemnants.esp,304CF7A4,00067A2A,BldConcSmCeilOnly01,STAT,1074.000000,5982.000000,190.000000,90.0000
ChineseRemnants.esp,304CF7A3,00067A2A,BldConcSmCeilOnly01,STAT,1330.000000,5982.000000,190.000000,90.0000
ChineseRemnants.esp,304CF7A2,00067A2A,BldConcSmCeilOnly01,STAT,1330.000000,5726.000000,190.000000,90.0000
ChineseRemnants.esp,304CF7A1,00067A2A,BldConcSmCeilOnly01,STAT,1586.000000,5982.000000,190.000000,90.0000
ChineseRemnants.esp,304CF7A0,00067A2A,BldConcSmCeilOnly01,STAT,1586.000000,5726.000000,190.000000,90.0000
ChineseRemnants.esp,304CB34F,00067A95,BldConcSmWallScktA01,STAT,1602.000000,5982.000000,158.000000,180.0000
ChineseRemnants.esp,304CB34B,00067AA6,BldConcSmWall01,STAT,1586.000000,5998.000000,158.000000,90.0000
ChineseRemnants.esp,304CB34A,00067AA6,BldConcSmWall01,STAT,1330.000000,5998.000000,158.000000,90.0000
ChineseRemnants.esp,304CB349,00067AA6,BldConcSmWall01,STAT,1074.000000,5998.000000,158.000000,90.0000
ChineseRemnants.esp,304CB347,00067AA6,BldConcSmWall01,STAT,818.000000,5710.000000,158.000000,270.0000
ChineseRemnants.esp,304CB346,00067AA6,BldConcSmWall01,STAT,1074.000000,5710.000000,158.000000,270.0000
ChineseRemnants.esp,304CB345,00067AA6,BldConcSmWall01,STAT,1330.000000,5710.000000,158.000000,270.0000
ChineseRemnants.esp,304CB343,00067AA6,BldConcSmWall01,STAT,802.000000,5726.000000,158.000000,0.0000
ChineseRemnants.esp,304CB341,00067AA6,BldConcSmWall01,STAT,1602.000000,5726.000000,158.000000,180.0000
ChineseRemnants.esp,304CB340,00067A40,BldConcSmFlrOnly01,STAT,818.000000,5982.000000,158.000000,90.0000
ChineseRemnants.esp,304CB33F,00067A40,BldConcSmFlrOnly01,STAT,818.000000,5726.000000,158.000000,90.0000
ChineseRemnants.esp,304C6EEE,00067A40,BldConcSmFlrOnly01,STAT,1586.000000,5982.000000,158.000000,90.0000
ChineseRemnants.esp,304C6EED,00067A40,BldConcSmFlrOnly01,STAT,1330.000000,5982.000000,158.000000,90.0000
ChineseRemnants.esp,304C6EEC,00067A40,BldConcSmFlrOnly01,STAT,1074.000000,5982.000000,158.000000,90.0000
ChineseRemnants.esp,304C6EEB,00067A40,BldConcSmFlrOnly01,STAT,1074.000000,5726.000000,158.000000,90.0000
ChineseRemnants.esp,304C6EEA,00067A40,BldConcSmFlrOnly01,STAT,1330.000000,5726.000000,158.000000,90.0000
ChineseRemnants.esp,304C6EE9,00067A40,BldConcSmFlrOnly01,STAT,1586.000000,5726.000000,158.000000,90.0000
ChineseRemnants.esp,304C6EE8,00067AA6,BldConcSmWall01,STAT,1602.000000,5438.000000,158.000000,180.0000
ChineseRemnants.esp,304C6EE7,00067A95,BldConcSmWallScktA01,STAT,1586.000000,5454.000000,158.000000,90.0000
ChineseRemnants.esp,304C6EE6,00067AA6,BldConcSmWall01,STAT,818.000000,5454.000000,158.000000,90.0000
ChineseRemnants.esp,30446BAF,000AE441,NpcChairVaultSit02Closed,MSTT,408.000000,3486.000000,160.000000,0.0000
ChineseRemnants.esp,30446BAE,001A594B,TrashcanMetalOffice01,MSTT,204.000000,2316.000000,158.000000,0.0000
ChineseRemnants.esp,30446BA7,0014BF76,Mirror03,STAT,178.000000,2160.000000,272.000000,270.0000
ChineseRemnants.esp,30446BA6,0014BF76,Mirror03,STAT,178.000000,2240.000000,272.000000,270.0000
ChineseRemnants.esp,30446BA4,00050AB6,PlayerHouse_BathroomRack01,STAT,944.000000,2112.000000,272.000000,90.0000
ChineseRemnants.esp,30446BA3,00020DA8,UtilFreePipeSocket01,STAT,190.000000,1866.000000,412.000000,0.0000
ChineseRemnants.esp,30446BA2,00020DA8,UtilFreePipeSocket01,STAT,214.000000,1866.000000,412.000000,0.0000
ChineseRemnants.esp,30446BA1,00020DA8,UtilFreePipeSocket01,STAT,190.000000,1866.000000,160.000000,0.0000
ChineseRemnants.esp,30446BA0,00020DA8,UtilFreePipeSocket01,STAT,214.000000,1866.000000,160.000000,0.0000
ChineseRemnants.esp,30446B9F,00020D86,UtilFreePipe01,STAT,190.000000,1866.000000,286.000000,0.0000
ChineseRemnants.esp,30446B9E,00020D95,UtilFreePipe02,STAT,214.000000,1866.000000,286.000000,0.0000
ChineseRemnants.esp,30446B9B,00034A3F,BathroomToiletBroken01,STAT,870.000000,2338.000000,160.000000,0.0000
ChineseRemnants.esp,30446B9A,00034A3F,BathroomToiletBroken01,STAT,742.000000,2338.000000,160.000000,0.0000
ChineseRemnants.esp,30446B99,00106953,ShowerHead01,STAT,858.000000,1854.000000,280.000000,90.0000
ChineseRemnants.esp,30446B98,0018F36A,FloorDrain01,STAT,858.000000,1886.000000,158.000000,0.0000
ChineseRemnants.esp,30446B97,00106953,ShowerHead01,STAT,730.000000,1854.000000,280.000000,90.0000
ChineseRemnants.esp,30446B96,0018F36A,FloorDrain01,STAT,602.000000,1886.000000,158.000000,0.0000
ChineseRemnants.esp,30446B95,00106953,ShowerHead01,STAT,602.000000,1854.000000,280.000000,90.0000
ChineseRemnants.esp,30446B94,0018F36A,FloorDrain01,STAT,730.000000,1886.000000,158.000000,0.0000
ChineseRemnants.esp,30446B93,0008025D,BathroomStallUrinal01,STAT,162.000000,2080.000000,184.000000,270.0000
ChineseRemnants.esp,30446B92,000305A8,UrinalBroken01,STAT,176.000000,2048.000000,168.000000,270.0000
ChineseRemnants.esp,3044273D,00034A3F,BathroomToiletBroken01,STAT,614.000000,2338.000000,160.000000,0.0000
ChineseRemnants.esp,3044273C,00106953,ShowerHead01,STAT,474.000000,1854.000000,280.000000,90.0000
ChineseRemnants.esp,3044273B,0018F36A,FloorDrain01,STAT,474.000000,1886.000000,158.000000,0.0000
ChineseRemnants.esp,30442739,00080265,BathroomStallDoor01,DOOR,934.000000,2384.000000,160.000000,0.0000
ChineseRemnants.esp,30442738,00080265,BathroomStallDoor01,DOOR,806.000000,2384.000000,160.000000,0.0000
ChineseRemnants.esp,30442737,00080265,BathroomStallDoor01,DOOR,678.000000,2384.000000,160.000000,0.0000
ChineseRemnants.esp,30442736,00080265,BathroomStallDoor01,DOOR,800.000000,1836.000000,160.000000,180.0000
ChineseRemnants.esp,30442735,00080265,BathroomStallDoor01,DOOR,672.000000,1836.000000,160.000000,180.0000
ChineseRemnants.esp,30442734,00080265,BathroomStallDoor01,DOOR,544.000000,1836.000000,160.000000,180.0000
ChineseRemnants.esp,30442733,00080265,BathroomStallDoor01,DOOR,416.000000,1836.000000,160.000000,180.0000
ChineseRemnants.esp,30442731,00080261,BathroomStallMid01,STAT,800.000000,1836.000000,160.000000,180.0000
ChineseRemnants.esp,3044272E,00080261,BathroomStallMid01,STAT,806.000000,2384.000000,160.000000,0.0000
ChineseRemnants.esp,3044272C,0008025B,BathroomStallRight01,STAT,934.000000,2384.000000,160.000000,0.0000
ChineseRemnants.esp,3044272A,00080261,BathroomStallMid01,STAT,678.000000,2384.000000,160.000000,0.0000
ChineseRemnants.esp,30442729,00080260,BathroomStallLeft01,STAT,422.000000,2384.000000,160.000000,0.0000
ChineseRemnants.esp,30442724,00080260,BathroomStallLeft01,STAT,928.000000,1836.000000,160.000000,180.0000
ChineseRemnants.esp,30442723,00080261,BathroomStallMid01,STAT,672.000000,1836.000000,160.000000,180.0000
ChineseRemnants.esp,30442722,00080261,BathroomStallMid01,STAT,544.000000,1836.000000,160.000000,180.0000
ChineseRemnants.esp,3044271F,00067AA6,BldConcSmWall01,STAT,290.000000,1982.000000,158.000000,0.0000
ChineseRemnants.esp,3044271E,0008025B,BathroomStallRight01,STAT,416.000000,1836.000000,160.000000,180.0000
ChineseRemnants.esp,3044271C,0008025D,BathroomStallUrinal01,STAT,160.000000,1888.000000,184.000000,270.0000
ChineseRemnants.esp,3044271B,0008025D,BathroomStallUrinal01,STAT,162.000000,2016.000000,184.000000,270.0000
ChineseRemnants.esp,3044271A,0008025D,BathroomStallUrinal01,STAT,162.000000,1952.000000,184.000000,270.0000
ChineseRemnants.esp,30442719,000305A8,UrinalBroken01,STAT,176.000000,1984.000000,168.000000,270.0000
ChineseRemnants.esp,30442718,000305A8,UrinalBroken01,STAT,176.000000,1920.000000,168.000000,270.0000
ChineseRemnants.esp,30442716,00034A3E,BathroomSinkBroken02,STAT,176.000000,2240.000000,160.000000,270.0000
ChineseRemnants.esp,30442714,00034A3D,BathroomSinkBroken01,STAT,176.000000,2160.000000,160.000000,270.0001
ChineseRemnants.esp,3043E2B9,00067AA6,BldConcSmWall01,STAT,306.000000,1966.000000,158.000000,270.0000
ChineseRemnants.esp,3043E2B8,00067AA6,BldConcSmWall01,STAT,562.000000,1966.000000,158.000000,270.0000
ChineseRemnants.esp,3043E2B7,00067AA6,BldConcSmWall01,STAT,818.000000,1966.000000,158.000000,270.0000
ChineseRemnants.esp,3043E2B6,00067AA6,BldConcSmWall01,STAT,834.000000,1982.000000,158.000000,180.0001
ChineseRemnants.esp,3043E2B5,00067AA6,BldConcSmWall01,STAT,834.000000,2238.000000,158.000000,180.0001
ChineseRemnants.esp,3043E2B4,00067AA6,BldConcSmWall01,STAT,818.000000,2254.000000,158.000000,90.0000
ChineseRemnants.esp,3043E2B3,00067AA6,BldConcSmWall01,STAT,562.000000,2254.000000,158.000000,90.0000
ChineseRemnants.esp,3043E2B2,00082DA4,BldBrickSmFlrOnly01,STAT,818.000000,1982.000000,158.000000,0.0000
ChineseRemnants.esp,3043E2B1,00082DA4,BldBrickSmFlrOnly01,STAT,562.000000,1982.000000,158.000000,0.0000
ChineseRemnants.esp,3043E2B0,00082DA4,BldBrickSmFlrOnly01,STAT,306.000000,1982.000000,158.000000,0.0000
ChineseRemnants.esp,3043E2AB,00082DA4,BldBrickSmFlrOnly01,STAT,818.000000,2238.000000,158.000000,0.0000
ChineseRemnants.esp,3043E2AA,00082DA4,BldBrickSmFlrOnly01,STAT,562.000000,2238.000000,158.000000,0.0000
ChineseRemnants.esp,3043E2A9,00067AA6,BldConcSmWall01,STAT,290.000000,2238.000000,158.000000,0.0000
ChineseRemnants.esp,3043E2A8,00067A95,BldConcSmWallScktA01,STAT,306.000000,2254.000000,158.000000,90.0000
ChineseRemnants.esp,3043E2A1,00082DA4,BldBrickSmFlrOnly01,STAT,306.000000,2238.000000,158.000000,0.0000
ChineseRemnants.esp,3043E29D,0006795B,BldConcBgWallPlugABotDoor01,STAT,306.000000,2382.000000,158.000000,90.0000
ChineseRemnants.esp,3043E29B,00067A95,BldConcSmWallScktA01,STAT,306.000000,2510.000000,158.000000,270.0000
ChineseRemnants.esp,30439E49,000E74F4,JailDoorSwing01,DOOR,1998.000000,5982.000000,160.000000,180.0000
ChineseRemnants.esp,30439E43,00060CB4,Loot_AmmoBox,CONT,4712.000000,3400.000000,416.000000,0.0000
ChineseRemnants.esp,30439E42,00060CB4,Loot_AmmoBox,CONT,4688.000000,3408.000000,451.730591,270.0000
ChineseRemnants.esp,30439E40,00060CB4,Loot_AmmoBox,CONT,4670.000000,3394.000000,451.714600,324.7860
ChineseRemnants.esp,304359E9,000BC249,TerminalBroken01,STAT,4834.000000,3232.000000,472.000000,180.0000
ChineseRemnants.esp,304359E7,00049DA2,Prewar_Cabinet_Garage_04,CONT,722.000000,5088.000000,160.000000,270.0000
ChineseRemnants.esp,304359E6,00059A9A,Loot_Toolbox,CONT,1436.000000,5550.000000,216.000000,90.0000
ChineseRemnants.esp,304359E5,001A0380,Loot_ToolChest,CONT,1336.000000,5550.000000,157.989639,90.0000
ChineseRemnants.esp,304359DE,000211F5,WoodCrate01,STAT,5344.000000,2936.000000,416.000000,270.0000
ChineseRemnants.esp,3043158C,000211F6,WoodCrate02,STAT,5184.000000,3140.000000,416.000000,270.0000
ChineseRemnants.esp,30431587,0020DE62,Vault_WaterFountain01_Rads,ACTI,180.000000,2588.000000,152.000000,270.0000
ChineseRemnants.esp,30431585,00059A80,MetalBucket,MISC,1291.333374,2513.025146,188.193954,0.0000
ChineseRemnants.esp,30431584,00059ABA,CookingPot01,MISC,1294.127075,2467.118652,259.069092,225.0000
ChineseRemnants.esp,3042D126,0006D140,EnamelBucket01,MISC,1600.000000,2416.000000,195.000000,0.0000
ChineseRemnants.esp,3042D122,0009BECB,UtilitySink,STAT,1656.000000,2420.000000,158.000000,180.0000
ChineseRemnants.esp,3042D121,000AE442,NpcChairVaultSit03Closed,MSTT,722.000000,5472.000000,160.000000,90.0000
ChineseRemnants.esp,3042D120,00049DA1,Prewar_Cabinet_Garage_03,CONT,1454.000000,5536.000000,160.000000,0.0000
ChineseRemnants.esp,3042D11F,00049D9C,Prewar_Cabinet_Garage_05,CONT,690.000000,5448.000000,304.000000,270.0000
ChineseRemnants.esp,3042040E,0011EB5C,Prewar_Locker_Wall01,CONT,1808.000000,5616.000000,160.000000,180.0000
ChineseRemnants.esp,3042040C,000BD53C,OfficeDesk01,CONT,1816.000000,5824.000000,160.000000,0.0000
ChineseRemnants.esp,3042040A,000E7486,JailSmMid01,STAT,2000.000000,5728.000000,160.000000,180.0000
ChineseRemnants.esp,30420408,000E7483,JailSmDoorway01,STAT,2000.000000,5982.000000,160.000000,180.0000
ChineseRemnants.esp,3041BFA1,0006704D,PowerGenerator02_NeverUseByItself,MSTT,1480.000000,5952.000000,168.000000,180.0000
ChineseRemnants.esp,304136D0,00067A95,BldConcSmWallScktA01,STAT,1586.000000,5710.000000,158.000000,270.0000
ChineseRemnants.esp,3040F27E,0004D208,CartDiagnosticGarage01,STAT,3088.000000,3200.000000,160.000000,180.0000
ChineseRemnants.esp,3040F27D,000E479C,FlatbedCart,STAT,4440.000000,3384.000000,416.000000,0.0000
ChineseRemnants.esp,3040F27C,001ABE33,MetalShelf04_Broken02,STAT,4976.000000,3136.000000,416.000000,180.0000
ChineseRemnants.esp,3040F27A,000E7D9B,StepLadderOpen,STAT,4984.000000,2936.000000,416.000000,270.0000
ChineseRemnants.esp,3040F273,001A7DA3,Handcart01,STAT,5088.000000,3152.000000,416.000000,0.0000
ChineseRemnants.esp,3040F272,000BA58F,Vault_Crate_01_Steel,STAT,5240.000000,2928.000000,416.000000,0.0000
ChineseRemnants.esp,3040F271,000211F7,WoodCrate03,STAT,5328.000000,3136.000000,416.000000,270.0000
ChineseRemnants.esp,3040F26F,0004D207,CartWheeledGarage01,STAT,5112.000000,2944.000000,416.000000,0.0000
ChineseRemnants.esp,3040F265,000E37D1,IndustrialCart01,STAT,3288.000000,3384.000000,160.000000,90.0000
ChineseRemnants.esp,3040AE11,000211F6,WoodCrate02,STAT,4944.000000,3232.000000,416.000000,0.0000
ChineseRemnants.esp,3040AE0F,00038C21,Loot_Raider_ExplosivesBox,CONT,4672.000000,3400.000000,416.000000,0.0000
ChineseRemnants.esp,3040AE0D,00045762,SandbagWall01,MSTT,4224.000000,3408.000000,416.000000,180.0000
ChineseRemnants.esp,3040AE0A,00045762,SandbagWall01,MSTT,4379.960449,3072.695557,416.000000,90.0000
ChineseRemnants.esp,3040AE09,00049DA0,Prewar_Cabinet_Garage_02,CONT,4816.000000,3384.000000,416.000000,0.0000
ChineseRemnants.esp,3040AE08,000BD53C,OfficeDesk01,CONT,4808.000000,3240.000000,416.000000,180.0000
ChineseRemnants.esp,3040AE06,00067A2A,BldConcSmCeilOnly01,STAT,5266.000000,3038.000000,574.000000,90.0000
ChineseRemnants.esp,3040AE00,0006799B,BldConcMdWall01,STAT,5010.000000,3022.000000,414.000000,270.0000
ChineseRemnants.esp,304069A8,00067AA6,BldConcSmWall01,STAT,4242.000000,3278.000000,414.000000,270.0000
ChineseRemnants.esp,304069A7,00067AA6,BldConcSmWall01,STAT,4242.000000,3310.000000,414.000000,90.0000
ChineseRemnants.esp,304069A6,00067A2A,BldConcSmCeilOnly01,STAT,4242.000000,3294.000000,446.000000,90.0000
ChineseRemnants.esp,304069A5,00067A40,BldConcSmFlrOnly01,STAT,4242.000000,3294.000000,414.000000,90.0000
ChineseRemnants.esp,303F9C85,000AE441,NpcChairVaultSit02Closed,MSTT,2384.000000,3584.000000,162.000000,0.0000
ChineseRemnants.esp,303F5824,001ABE3A,MetalShelf01_Broken02,STAT,2696.000000,2680.000000,160.000000,0.0000
ChineseRemnants.esp,303F5823,000DB203,Shelf_Big_End,STAT,2080.000000,2880.000000,224.000000,90.0000
ChineseRemnants.esp,303F5822,000DB203,Shelf_Big_End,STAT,2080.000000,2880.000000,176.000000,90.0000
ChineseRemnants.esp,303F5821,000DB203,Shelf_Big_End,STAT,2080.000000,2880.000000,272.000000,90.0000
ChineseRemnants.esp,303F5820,000DB202,Shelf_Big_TwoPoles,STAT,1952.000000,2880.000000,160.000000,90.0000
ChineseRemnants.esp,303F581F,000DB202,Shelf_Big_TwoPoles,STAT,1952.000000,2880.000000,224.000000,90.0000
ChineseRemnants.esp,303F581E,000DB203,Shelf_Big_End,STAT,2080.000000,2880.000000,176.000000,270.0000
ChineseRemnants.esp,303F581D,000DB203,Shelf_Big_End,STAT,2080.000000,2880.000000,224.000000,270.0000
ChineseRemnants.esp,303F581C,000DB203,Shelf_Big_End,STAT,2080.000000,2880.000000,272.000000,270.0000
ChineseRemnants.esp,303F581B,000DB202,Shelf_Big_TwoPoles,STAT,2208.000000,2880.000000,224.000000,90.0000
ChineseRemnants.esp,303F581A,000DB202,Shelf_Big_TwoPoles,STAT,2208.000000,2880.000000,160.000000,90.0000
ChineseRemnants.esp,303F5819,000DB200,Shelf_Big_Wood,STAT,2080.000000,2880.000000,176.000000,90.0000
ChineseRemnants.esp,303F5818,000DB200,Shelf_Big_Wood,STAT,2080.000000,2880.000000,224.000000,90.0000
ChineseRemnants.esp,303F5817,000DB200,Shelf_Big_Wood,STAT,2080.000000,2880.000000,272.000000,90.0000
ChineseRemnants.esp,303F5816,000DB203,Shelf_Big_End,STAT,2080.000000,2688.000000,176.000000,270.0000
ChineseRemnants.esp,303F5815,000DB203,Shelf_Big_End,STAT,2080.000000,2688.000000,224.000000,270.0000
ChineseRemnants.esp,303F5814,000DB203,Shelf_Big_End,STAT,2080.000000,2688.000000,272.000000,270.0000
ChineseRemnants.esp,303F5813,000DB203,Shelf_Big_End,STAT,2080.000000,2688.000000,176.000000,90.0000
ChineseRemnants.esp,303F5812,000DB203,Shelf_Big_End,STAT,2080.000000,2688.000000,224.000000,90.0000
ChineseRemnants.esp,303F5811,000DB203,Shelf_Big_End,STAT,2080.000000,2688.000000,272.000000,90.0000
ChineseRemnants.esp,303F5810,000DB202,Shelf_Big_TwoPoles,STAT,1952.000000,2688.000000,160.000000,90.0000
ChineseRemnants.esp,303F580F,000DB202,Shelf_Big_TwoPoles,STAT,1952.000000,2688.000000,224.000000,90.0000
ChineseRemnants.esp,303F580E,000DB202,Shelf_Big_TwoPoles,STAT,2208.000000,2688.000000,160.000000,90.0000
ChineseRemnants.esp,303F580D,000DB202,Shelf_Big_TwoPoles,STAT,2208.000000,2688.000000,224.000000,90.0000
ChineseRemnants.esp,303F580C,000DB200,Shelf_Big_Wood,STAT,2080.000000,2688.000000,176.000000,90.0000
ChineseRemnants.esp,303F580B,000DB200,Shelf_Big_Wood,STAT,2080.000000,2688.000000,224.000000,90.0000
ChineseRemnants.esp,303F580A,000DB200,Shelf_Big_Wood,STAT,2080.000000,2688.000000,272.000000,90.0000
ChineseRemnants.esp,303F5809,001A7DA3,Handcart01,STAT,2376.000000,3408.000000,160.000000,45.0000
ChineseRemnants.esp,303F5808,000DB203,Shelf_Big_End,STAT,2464.000000,2688.000000,176.000000,90.0000
ChineseRemnants.esp,303F5807,000DB203,Shelf_Big_End,STAT,2464.000000,2688.000000,224.000000,90.0000
ChineseRemnants.esp,303F5806,000DB203,Shelf_Big_End,STAT,2464.000000,2688.000000,272.000000,90.0000
ChineseRemnants.esp,303F5805,000DB203,Shelf_Big_End,STAT,2464.000000,2688.000000,176.000000,270.0000
ChineseRemnants.esp,303F5804,000DB203,Shelf_Big_End,STAT,2464.000000,2688.000000,224.000000,270.0000
ChineseRemnants.esp,303F5803,000DB203,Shelf_Big_End,STAT,2464.000000,2688.000000,272.000000,270.0000
ChineseRemnants.esp,303F5802,000DB202,Shelf_Big_TwoPoles,STAT,2336.000000,2688.000000,160.000000,90.0000
ChineseRemnants.esp,303F5801,000DB202,Shelf_Big_TwoPoles,STAT,2336.000000,2688.000000,224.000000,90.0000
ChineseRemnants.esp,303F5800,000DB200,Shelf_Big_Wood,STAT,2464.000000,2688.000000,272.000000,90.0000
ChineseRemnants.esp,303F57FF,000DB202,Shelf_Big_TwoPoles,STAT,2592.000000,2688.000000,224.000000,90.0000
ChineseRemnants.esp,303F57FE,000DB200,Shelf_Big_Wood,STAT,2464.000000,2688.000000,224.000000,90.0000
ChineseRemnants.esp,303F57FD,000DB202,Shelf_Big_TwoPoles,STAT,2592.000000,2688.000000,160.000000,90.0000
ChineseRemnants.esp,303F57FC,000DB200,Shelf_Big_Wood,STAT,2464.000000,2688.000000,176.000000,90.0000
ChineseRemnants.esp,303F13A8,000DB203,Shelf_Big_End,STAT,2800.000000,2856.000000,272.000000,0.0000
ChineseRemnants.esp,303F13A7,000DB203,Shelf_Big_End,STAT,2800.000000,2856.000000,224.000000,0.0000
ChineseRemnants.esp,303F13A6,000DB202,Shelf_Big_TwoPoles,STAT,2800.000000,2728.000000,224.000000,180.0000
ChineseRemnants.esp,303F13A5,000DB203,Shelf_Big_End,STAT,2800.000000,2856.000000,176.000000,0.0000
ChineseRemnants.esp,303F13A4,000DB202,Shelf_Big_TwoPoles,STAT,2800.000000,2728.000000,160.000000,180.0000
ChineseRemnants.esp,303F13A3,000DB203,Shelf_Big_End,STAT,2800.000000,2856.000000,272.000000,180.0000
ChineseRemnants.esp,303F13A2,000DB200,Shelf_Big_Wood,STAT,2800.000000,2856.000000,272.000000,0.0001
ChineseRemnants.esp,303F13A1,000DB203,Shelf_Big_End,STAT,2800.000000,2856.000000,224.000000,180.0000
ChineseRemnants.esp,303F13A0,000DB202,Shelf_Big_TwoPoles,STAT,2800.000000,2984.000000,224.000000,180.0000
ChineseRemnants.esp,303F139F,000DB200,Shelf_Big_Wood,STAT,2800.000000,2856.000000,224.000000,0.0000
ChineseRemnants.esp,303F139E,000DB203,Shelf_Big_End,STAT,2800.000000,2856.000000,176.000000,180.0000
ChineseRemnants.esp,303F139D,000DB202,Shelf_Big_TwoPoles,STAT,2800.000000,2984.000000,160.000000,180.0000
ChineseRemnants.esp,303F139C,000E479C,FlatbedCart,STAT,2800.000000,3064.000000,160.000000,270.0000
ChineseRemnants.esp,303F139B,000DB200,Shelf_Big_Wood,STAT,2800.000000,2856.000000,176.000000,0.0000
ChineseRemnants.esp,303F139A,0004D207,CartWheeledGarage01,STAT,2368.000000,3040.000000,160.000000,270.0000
ChineseRemnants.esp,303F1398,000DB203,Shelf_Big_End,STAT,2464.000000,2936.000000,176.000000,90.0000
ChineseRemnants.esp,303F1397,000DB203,Shelf_Big_End,STAT,2464.000000,2936.000000,272.000000,90.0000
ChineseRemnants.esp,303F1396,000DB203,Shelf_Big_End,STAT,2464.000000,2936.000000,224.000000,90.0000
ChineseRemnants.esp,303F1395,000DB202,Shelf_Big_TwoPoles,STAT,2336.000000,3128.000000,160.000000,90.0000
ChineseRemnants.esp,303F1394,000DB202,Shelf_Big_TwoPoles,STAT,2336.000000,2936.000000,224.000000,90.0000
ChineseRemnants.esp,303F1393,000DB203,Shelf_Big_End,STAT,2464.000000,2936.000000,176.000000,270.0000
ChineseRemnants.esp,303F1392,000DB203,Shelf_Big_End,STAT,2464.000000,3128.000000,224.000000,270.0000
ChineseRemnants.esp,303F1391,000DB203,Shelf_Big_End,STAT,2464.000000,3128.000000,272.000000,270.0000
ChineseRemnants.esp,303F1390,000DB202,Shelf_Big_TwoPoles,STAT,2592.000000,2936.000000,224.000000,90.0000
ChineseRemnants.esp,303F138F,000DB202,Shelf_Big_TwoPoles,STAT,2592.000000,3128.000000,160.000000,90.0000
ChineseRemnants.esp,303F138E,000DB200,Shelf_Big_Wood,STAT,2464.000000,2936.000000,272.000000,90.0000
ChineseRemnants.esp,303F138D,000DB200,Shelf_Big_Wood,STAT,2464.000000,2936.000000,224.000000,90.0000
ChineseRemnants.esp,303F138C,000DB200,Shelf_Big_Wood,STAT,2464.000000,2936.000000,176.000000,90.0000
ChineseRemnants.esp,303ECF3A,000DB203,Shelf_Big_End,STAT,2464.000000,3128.000000,176.000000,90.0000
ChineseRemnants.esp,303ECF39,000DB203,Shelf_Big_End,STAT,2464.000000,3128.000000,224.000000,90.0000
ChineseRemnants.esp,303ECF38,000DB203,Shelf_Big_End,STAT,2464.000000,3128.000000,272.000000,90.0000
ChineseRemnants.esp,303ECF37,000DB202,Shelf_Big_TwoPoles,STAT,2336.000000,3128.000000,224.000000,90.0000
ChineseRemnants.esp,303ECF36,000DB202,Shelf_Big_TwoPoles,STAT,2336.000000,2936.000000,160.000000,90.0000
ChineseRemnants.esp,303ECF35,000DB203,Shelf_Big_End,STAT,2464.000000,2936.000000,272.000000,270.0000
ChineseRemnants.esp,303ECF34,000DB203,Shelf_Big_End,STAT,2464.000000,2936.000000,224.000000,270.0000
ChineseRemnants.esp,303ECF33,000DB203,Shelf_Big_End,STAT,2464.000000,3128.000000,176.000000,270.0000
ChineseRemnants.esp,303ECF32,000DB202,Shelf_Big_TwoPoles,STAT,2592.000000,2936.000000,160.000000,90.0000
ChineseRemnants.esp,303ECF31,000DB202,Shelf_Big_TwoPoles,STAT,2592.000000,3128.000000,224.000000,90.0000
ChineseRemnants.esp,303ECF30,000DB200,Shelf_Big_Wood,STAT,2464.000000,3128.000000,272.000000,90.0000
ChineseRemnants.esp,303ECF2F,000DB200,Shelf_Big_Wood,STAT,2464.000000,3128.000000,224.000000,90.0000
ChineseRemnants.esp,303ECF2E,000DB200,Shelf_Big_Wood,STAT,2464.000000,3128.000000,176.000000,90.0000
ChineseRemnants.esp,303ECF2D,001467B9,CrateLargeBlueRust,STAT,2376.000000,3288.000000,160.000000,90.0000
ChineseRemnants.esp,303ECF2B,001ABE38,MetalShelf01_Broken01,STAT,2808.000000,3504.000000,160.000000,90.0000
ChineseRemnants.esp,303ECF22,001467E3,CrateLargeRedRust,STAT,2744.000000,3632.000000,160.000000,180.0000
ChineseRemnants.esp,303ECF20,000DB203,Shelf_Big_End,STAT,2464.000000,3456.000000,272.000000,270.0000
ChineseRemnants.esp,303ECF1F,000DB203,Shelf_Big_End,STAT,2464.000000,3456.000000,176.000000,90.0000
ChineseRemnants.esp,303ECF1E,000DB203,Shelf_Big_End,STAT,2464.000000,3456.000000,272.000000,90.0000
ChineseRemnants.esp,303ECF1D,000DB203,Shelf_Big_End,STAT,2464.000000,3456.000000,224.000000,90.0000
ChineseRemnants.esp,303ECF1B,000DB203,Shelf_Big_End,STAT,2464.000000,3456.000000,224.000000,270.0000
ChineseRemnants.esp,303ECF1A,000DB203,Shelf_Big_End,STAT,2464.000000,3456.000000,176.000000,270.0000
ChineseRemnants.esp,303ECF19,000DB202,Shelf_Big_TwoPoles,STAT,2336.000000,3456.000000,224.000000,90.0000
ChineseRemnants.esp,303ECF18,000DB200,Shelf_Big_Wood,STAT,2464.000000,3456.000000,272.000000,90.0000
ChineseRemnants.esp,303ECF17,000DB200,Shelf_Big_Wood,STAT,2464.000000,3456.000000,224.000000,90.0000
ChineseRemnants.esp,303ECF16,000DB202,Shelf_Big_TwoPoles,STAT,2336.000000,3456.000000,160.000000,90.0000
ChineseRemnants.esp,303ECF15,000DB202,Shelf_Big_TwoPoles,STAT,2592.000000,3456.000000,224.000000,90.0000
ChineseRemnants.esp,303ECF14,000DB202,Shelf_Big_TwoPoles,STAT,2592.000000,3456.000000,160.000000,90.0000
ChineseRemnants.esp,303ECF13,000DB200,Shelf_Big_Wood,STAT,2464.000000,3456.000000,176.000000,90.0000
ChineseRemnants.esp,303ECF11,000DB203,Shelf_Big_End,STAT,2464.000000,3648.000000,176.000000,90.0000
ChineseRemnants.esp,303ECF10,000DB203,Shelf_Big_End,STAT,2464.000000,3648.000000,272.000000,270.0000
ChineseRemnants.esp,303ECF0E,000DB200,Shelf_Big_Wood,STAT,2464.000000,3648.000000,272.000000,90.0000
ChineseRemnants.esp,303ECF0B,000DB203,Shelf_Big_End,STAT,2464.000000,3648.000000,272.000000,90.0000
ChineseRemnants.esp,303ECF09,000DB203,Shelf_Big_End,STAT,2464.000000,3648.000000,224.000000,270.0000
ChineseRemnants.esp,303ECF06,000DB200,Shelf_Big_Wood,STAT,2464.000000,3648.000000,224.000000,90.0000
ChineseRemnants.esp,303ECF05,000DB202,Shelf_Big_TwoPoles,STAT,2336.000000,3648.000000,224.000000,90.0000
ChineseRemnants.esp,303ECF04,000DB202,Shelf_Big_TwoPoles,STAT,2592.000000,3648.000000,224.000000,90.0000
ChineseRemnants.esp,303ECF03,000DB203,Shelf_Big_End,STAT,2464.000000,3648.000000,176.000000,270.0000
ChineseRemnants.esp,303ECF02,000DB203,Shelf_Big_End,STAT,2464.000000,3648.000000,224.000000,90.0000
ChineseRemnants.esp,303ECF01,0001820C,MetalTable01,STAT,2360.000000,3548.000000,156.000000,90.0000
ChineseRemnants.esp,303ECF00,000DB202,Shelf_Big_TwoPoles,STAT,2592.000000,3648.000000,160.000000,90.0000
ChineseRemnants.esp,303ECEFF,000DB200,Shelf_Big_Wood,STAT,2464.000000,3648.000000,176.000000,90.0000
ChineseRemnants.esp,303ECEFE,00067AA6,BldConcSmWall01,STAT,2450.000000,3566.000000,158.000000,90.0000
ChineseRemnants.esp,303ECEFC,000DB202,Shelf_Big_TwoPoles,STAT,2336.000000,3648.000000,160.000000,90.0000
ChineseRemnants.esp,303E8AAA,00067A2A,BldConcSmCeilOnly01,STAT,2706.000000,3550.000000,190.000000,90.0000
ChineseRemnants.esp,303E8AA9,00067A2A,BldConcSmCeilOnly01,STAT,2450.000000,3550.000000,190.000000,90.0000
ChineseRemnants.esp,303E8AA8,00067AA6,BldConcSmWall01,STAT,2722.000000,3550.000000,158.000000,180.0000
ChineseRemnants.esp,303E8AA7,00067A40,BldConcSmFlrOnly01,STAT,2706.000000,3550.000000,158.000000,90.0000
ChineseRemnants.esp,303E8AA6,00067AA6,BldConcSmWall01,STAT,2434.000000,3550.000000,158.000000,0.0000
ChineseRemnants.esp,303E8AA5,00067A40,BldConcSmFlrOnly01,STAT,2450.000000,3550.000000,158.000000,90.0000
ChineseRemnants.esp,303E464C,0006799B,BldConcMdWall01,STAT,5010.000000,3054.000000,414.000000,90.0000
ChineseRemnants.esp,303E464B,0006799B,BldConcMdWall01,STAT,5282.000000,3038.000000,414.000000,180.0000
ChineseRemnants.esp,303E4649,00067A97,BldConcSmWallScktB01,STAT,1666.000000,2782.000000,158.000000,180.0000
ChineseRemnants.esp,303E4646,00022782,UtilMetalDoorPlugB01,STAT,1794.000000,2782.000000,158.000000,0.0000
ChineseRemnants.esp,303E4645,00067A97,BldConcSmWallScktB01,STAT,1922.000000,2782.000000,158.000000,0.0000
ChineseRemnants.esp,303E01F4,00067AB6,BldConcSmWall128Up01,STAT,3474.000000,3310.000000,158.000000,90.0000
ChineseRemnants.esp,303E01F3,00067AB6,BldConcSmWall128Up01,STAT,3986.000000,3310.000000,286.000000,90.0000
ChineseRemnants.esp,303E01F2,00067AA6,BldConcSmWall01,STAT,3730.000000,3310.000000,286.000000,90.0000
ChineseRemnants.esp,303E01F1,00067AA6,BldConcSmWall01,STAT,3730.000000,3278.000000,286.000000,270.0000
ChineseRemnants.esp,303E01F0,00067AB7,BldConcSmWall128Up02,STAT,3474.000000,3278.000000,158.000000,270.0000
ChineseRemnants.esp,303E01EF,00067AB7,BldConcSmWall128Up02,STAT,3986.000000,3278.000000,286.000000,270.0000
ChineseRemnants.esp,303E01EE,00067A34,BldConcSmCeilOnly128Up01,STAT,3474.000000,3294.000000,190.000000,90.0001
ChineseRemnants.esp,303E01ED,00067A2A,BldConcSmCeilOnly01,STAT,3730.000000,3294.000000,318.000000,90.0000
ChineseRemnants.esp,303E01EC,00067A34,BldConcSmCeilOnly128Up01,STAT,3986.000000,3294.000000,318.000000,90.0001
ChineseRemnants.esp,303E01EB,00067A2A,BldConcSmCeilOnly01,STAT,4498.000000,3294.000000,446.000000,90.0000
ChineseRemnants.esp,303E01EA,00067A2A,BldConcSmCeilOnly01,STAT,4754.000000,3294.000000,446.000000,90.0000
ChineseRemnants.esp,303E01E9,00067A2A,BldConcSmCeilOnly01,STAT,4498.000000,3038.000000,446.000000,90.0000
ChineseRemnants.esp,303E01E8,00067A2A,BldConcSmCeilOnly01,STAT,4754.000000,3038.000000,446.000000,90.0000
ChineseRemnants.esp,303E01E6,00067AA6,BldConcSmWall01,STAT,4482.000000,3038.000000,414.000000,0.0000
ChineseRemnants.esp,303E01E5,00067AA6,BldConcSmWall01,STAT,4498.000000,3310.000000,414.000000,90.0000
ChineseRemnants.esp,303E01E4,00067AA6,BldConcSmWall01,STAT,4754.000000,3310.000000,414.000000,90.0000
ChineseRemnants.esp,303E01E3,00067AA6,BldConcSmWall01,STAT,4770.000000,3294.000000,414.000000,180.0000
ChineseRemnants.esp,303E01DF,00067A40,BldConcSmFlrOnly01,STAT,5010.000000,3038.000000,414.000000,90.0000
ChineseRemnants.esp,303E01DE,00067A40,BldConcSmFlrOnly01,STAT,4754.000000,3294.000000,414.000000,90.0000
ChineseRemnants.esp,303E01DD,00067AA6,BldConcSmWall01,STAT,4754.000000,2766.000000,414.000000,270.0000
ChineseRemnants.esp,303E01DC,00067AA6,BldConcSmWall01,STAT,4498.000000,2766.000000,414.000000,270.0000
ChineseRemnants.esp,303E01DB,00067A40,BldConcSmFlrOnly01,STAT,4754.000000,3038.000000,414.000000,90.0000
ChineseRemnants.esp,303E01DA,00067A40,BldConcSmFlrOnly01,STAT,4498.000000,3038.000000,414.000000,90.0000
ChineseRemnants.esp,303E01D7,00067A40,BldConcSmFlrOnly01,STAT,4498.000000,3294.000000,414.000000,90.0000
ChineseRemnants.esp,303E01D6,00067A0C,BldConcSmStairsBlockShort01,STAT,3986.000000,3294.000000,286.000000,270.0000
ChineseRemnants.esp,303E01D5,00067A40,BldConcSmFlrOnly01,STAT,3730.000000,3294.000000,286.000000,90.0000
ChineseRemnants.esp,303E01D4,00067A0C,BldConcSmStairsBlockShort01,STAT,3474.000000,3294.000000,158.000000,270.0000
ChineseRemnants.esp,303E01D0,00067A2A,BldConcSmCeilOnly01,STAT,5010.000000,3038.000000,446.000000,90.0000
ChineseRemnants.esp,303E01CF,00067A2A,BldConcSmCeilOnly01,STAT,2962.000000,3294.000000,190.000000,90.0000
ChineseRemnants.esp,303E01CC,00067AA6,BldConcSmWall01,STAT,2962.000000,3278.000000,158.000000,270.0000
ChineseRemnants.esp,303E01C8,00067AA6,BldConcSmWall01,STAT,2962.000000,3310.000000,158.000000,90.0000
ChineseRemnants.esp,303E01C6,00067A40,BldConcSmFlrOnly01,STAT,2962.000000,3294.000000,158.000000,90.0000
ChineseRemnants.esp,303E01C2,00067AA6,BldConcSmWall01,STAT,2706.000000,3566.000000,158.000000,90.0000
ChineseRemnants.esp,303E01C1,00067A2A,BldConcSmCeilOnly01,STAT,2706.000000,2782.000000,190.000000,90.0000
ChineseRemnants.esp,303E01BF,00067AA6,BldConcSmWall01,STAT,2722.000000,3038.000000,158.000000,180.0000
ChineseRemnants.esp,303E01BE,00067AA6,BldConcSmWall01,STAT,2722.000000,2782.000000,158.000000,180.0000
ChineseRemnants.esp,303E01BD,00067A2A,BldConcSmCeilOnly01,STAT,2706.000000,3294.000000,190.000000,90.0000
ChineseRemnants.esp,303E01BC,00067A2A,BldConcSmCeilOnly01,STAT,2706.000000,3038.000000,190.000000,90.0000
ChineseRemnants.esp,303E01BB,00067A2A,BldConcSmCeilOnly01,STAT,2450.000000,3294.000000,190.000000,90.0000
ChineseRemnants.esp,303E01BA,00067A2A,BldConcSmCeilOnly01,STAT,2450.000000,3038.000000,190.000000,90.0000
ChineseRemnants.esp,303E01B9,00067AA6,BldConcSmWall01,STAT,2434.000000,3294.000000,158.000000,0.0000
ChineseRemnants.esp,303E01B8,00067AA6,BldConcSmWall01,STAT,2434.000000,3038.000000,158.000000,0.0000
ChineseRemnants.esp,303E01B6,00067A2A,BldConcSmCeilOnly01,STAT,2450.000000,2782.000000,190.000000,90.0000
ChineseRemnants.esp,303E01B5,00067AA6,BldConcSmWall01,STAT,2706.000000,2766.000000,158.000000,270.0000
ChineseRemnants.esp,303E01B4,00067AA6,BldConcSmWall01,STAT,2450.000000,2766.000000,158.000000,270.0000
ChineseRemnants.esp,303E01B3,00067A2A,BldConcSmCeilOnly01,STAT,2194.000000,2782.000000,190.000000,90.0000
ChineseRemnants.esp,303E01B1,00067AA6,BldConcSmWall01,STAT,2194.000000,2798.000000,158.000000,90.0000
ChineseRemnants.esp,303E01B0,00067AA6,BldConcSmWall01,STAT,1938.000000,2798.000000,158.000000,90.0000
ChineseRemnants.esp,303E01AF,00067AA6,BldConcSmWall01,STAT,2194.000000,2766.000000,158.000000,270.0000
ChineseRemnants.esp,303E01AA,00067AA6,BldConcSmWall01,STAT,1938.000000,2766.000000,158.000000,270.0000
ChineseRemnants.esp,303E01A9,00067A40,BldConcSmFlrOnly01,STAT,2706.000000,3294.000000,158.000000,90.0000
ChineseRemnants.esp,303E01A8,00067A40,BldConcSmFlrOnly01,STAT,2706.000000,3038.000000,158.000000,0.0000
ChineseRemnants.esp,303E01A7,00067A40,BldConcSmFlrOnly01,STAT,2706.000000,2782.000000,158.000000,90.0000
ChineseRemnants.esp,303E01A6,00067A40,BldConcSmFlrOnly01,STAT,2450.000000,3294.000000,158.000000,90.0000
ChineseRemnants.esp,303E01A5,00067A40,BldConcSmFlrOnly01,STAT,2450.000000,3038.000000,158.000000,90.0000
ChineseRemnants.esp,303E01A4,00067A40,BldConcSmFlrOnly01,STAT,2450.000000,2782.000000,158.000000,90.0000
ChineseRemnants.esp,303E01A3,00067A40,BldConcSmFlrOnly01,STAT,2194.000000,2782.000000,158.000000,90.0000
ChineseRemnants.esp,303E01A0,00067A2A,BldConcSmCeilOnly01,STAT,1938.000000,2782.000000,190.000000,90.0000
ChineseRemnants.esp,303E019F,00067A40,BldConcSmFlrOnly01,STAT,1938.000000,2782.000000,158.000000,90.0000
ChineseRemnants.esp,30364397,00022783,UtilMetalDoorPlugA01,STAT,1074.000000,4238.000000,158.000000,90.0000
ChineseRemnants.esp,30364393,000998F4,IDCardReader01,ACTI,384.000000,3454.000000,248.000000,180.0000
ChineseRemnants.esp,30364390,00022783,UtilMetalDoorPlugA01,STAT,306.000000,3438.000000,158.000000,90.0000
ChineseRemnants.esp,301E3B40,03008833,DLC03Vim,ALCH,1422.785645,3407.566650,222.000000,315.0000
ChineseRemnants.esp,301DB297,001A77E9,OfficeBoxPapersOpen01,MSTT,1184.000000,4716.000000,158.000000,270.0000
ChineseRemnants.esp,301DB292,001A5947,WoodBox01,MSTT,414.000000,2626.000000,158.000000,0.0000
ChineseRemnants.esp,301DB290,000E726A,Cardboard_Box_Empty01,MSTT,204.000000,2802.000000,188.000000,135.0000
ChineseRemnants.esp,301C5CD9,301C5CD3,00TurretBubble_ChineseRemnant,NPC_,410.000000,3398.000000,414.000000,180.0000
ChineseRemnants.esp,301C5CD8,301C5CD3,00TurretBubble_ChineseRemnant,NPC_,204.000000,3398.000000,414.000000,180.0000
ChineseRemnants.esp,301C5CD7,301C5CD3,00TurretBubble_ChineseRemnant,NPC_,1287.000000,2419.000000,414.000000,45.0000
ChineseRemnants.esp,301C5CD6,301C5CD3,00TurretBubble_ChineseRemnant,NPC_,1757.000000,2420.000000,414.000000,315.0000
ChineseRemnants.esp,301C5CD5,301C5CD3,00TurretBubble_ChineseRemnant,NPC_,1757.000000,3401.000000,414.000000,225.0000
ChineseRemnants.esp,301C5CD4,301C5CD3,00TurretBubble_ChineseRemnant,NPC_,1287.000000,3401.000000,414.000000,135.0000
ChineseRemnants.esp,30181791,0003A9EB,OfficeBoxPapers01,STAT,328.000000,4202.000000,158.000000,177.6170
ChineseRemnants.esp,3018178E,000AE441,NpcChairVaultSit02Closed,MSTT,1176.000000,4278.000000,158.000000,90.0000
ChineseRemnants.esp,3018178D,0003A9ED,OfficeBoxPapers03,STAT,976.000000,4482.000000,160.000000,315.0000
ChineseRemnants.esp,30181788,00049D9F,Prewar_Cabinet_Garage_01,CONT,1166.000000,4608.000000,160.000000,90.0000
ChineseRemnants.esp,30181787,00049DA0,Prewar_Cabinet_Garage_02,CONT,982.000000,4574.000000,158.000000,270.0000
ChineseRemnants.esp,30181784,00002CE2,PatrolIdleMarker,IDLM,448.000000,3986.000000,158.000000,180.0000
ChineseRemnants.esp,3018177F,000211C4,CoffeeCup01,MISC,1278.000122,3170.000000,224.057892,180.0000
ChineseRemnants.esp,3018177E,000211C4,CoffeeCup01,MISC,1282.000000,2774.000000,225.000000,0.0000
ChineseRemnants.esp,30181778,00023C32,Bowl_02_Ceramic,MISC,1280.000000,3182.000000,172.000000,0.0000
ChineseRemnants.esp,30181777,00023C32,Bowl_02_Ceramic,MISC,1288.597534,3111.275391,246.000000,0.0000
ChineseRemnants.esp,30181776,000AF8EF,KitchenScale,MISC,1751.375610,2985.998535,287.000000,63.9889
ChineseRemnants.esp,30181774,00059ADB,HotPlate,MISC,1286.387085,2808.481934,192.968750,5.7296
ChineseRemnants.esp,30181772,00059AB4,Chessboard,MISC,870.695923,3405.712158,196.021301,0.0000
ChineseRemnants.esp,30181771,0006B165,BoardGame01,MISC,1169.919434,2746.706543,158.000000,63.0254
ChineseRemnants.esp,30181770,00059B15,Telephone01,MISC,198.641281,3638.972900,223.000000,240.6423
ChineseRemnants.esp,3018176D,00154AD2,CircuitBoardMilitary,MISC,854.528503,4192.047852,308.500000,108.8620
ChineseRemnants.esp,3018176C,00154AD2,CircuitBoardMilitary,MISC,755.337891,3473.195068,285.125000,103.1324
ChineseRemnants.esp,3018176B,00154AD3,BiometricScanner,MISC,692.676208,3847.249023,225.625000,211.9944
ChineseRemnants.esp,3018176A,00060E77,MilitaryAmmoBag,MISC,412.002716,4874.063477,290.891113,91.6733
ChineseRemnants.esp,30181769,00059B15,Telephone01,MISC,1180.575928,3754.889404,214.502884,131.7803
ChineseRemnants.esp,30181768,00060E82,LiquorDecanter,MISC,1375.488647,3473.572998,306.552917,0.0000
ChineseRemnants.esp,30181767,001ACC8E,SensorModule,MISC,365.234650,4207.423828,225.078094,0.0000
ChineseRemnants.esp,30181765,0003A9EC,OfficeBoxPapers02,STAT,202.144287,4058.625000,158.000000,0.0000
ChineseRemnants.esp,30181764,0003A9EB,OfficeBoxPapers01,STAT,758.611877,3863.712646,158.000015,177.6170
ChineseRemnants.esp,30181763,0003A9EC,OfficeBoxPapers02,STAT,803.657288,3805.713135,158.000000,292.9183
ChineseRemnants.esp,30181762,0003A9ED,OfficeBoxPapers03,STAT,574.000000,3851.000000,199.000000,90.0000
ChineseRemnants.esp,30181761,0003A9EB,OfficeBoxPapers01,STAT,572.000000,3812.000000,199.000000,0.0000
ChineseRemnants.esp,30181760,000BA591,Vault_Crate_03_Steel,STAT,577.000000,3827.000000,158.000000,90.0000
ChineseRemnants.esp,3018175F,00192D5D,DeskFanOfficeOff01,MISC,1462.000000,3568.000000,214.000000,309.3972
ChineseRemnants.esp,3017D30E,001ABE38,MetalShelf01_Broken01,STAT,410.000000,3062.000000,158.000000,90.0000
ChineseRemnants.esp,3017D30D,00049620,OfficeFileCabinetDrawer01,STAT,1028.000000,3484.000000,160.000000,180.0000
ChineseRemnants.esp,3017D30C,00049620,OfficeFileCabinetDrawer01,STAT,1068.000000,3490.000000,210.000000,180.0000
ChineseRemnants.esp,3017D30B,0003A9EB,OfficeBoxPapers01,STAT,492.000000,3858.000000,158.000000,0.0000
ChineseRemnants.esp,3017D309,0020A700,Loot_Medkit_Chems_Wall_Dirty,CONT,946.000000,4222.000000,298.000000,180.0000
ChineseRemnants.esp,3017D306,00059B27,AlarmClock,MISC,1480.000000,3540.000000,214.000000,90.0000
ChineseRemnants.esp,3017D304,000366C2,Wine,ALCH,1346.000000,3462.000000,232.000000,180.0000
ChineseRemnants.esp,3017D303,0005821E,CigarBox,MISC,1474.725342,3570.878906,193.000000,0.0000
ChineseRemnants.esp,3017D302,000BA58F,Vault_Crate_01_Steel,STAT,950.000000,4200.000000,158.000000,180.0000
ChineseRemnants.esp,3017D301,0001D975,Globe01,MISC,208.000000,3798.000000,264.651398,223.4536
ChineseRemnants.esp,3017D2FF,0003A9EC,OfficeBoxPapers02,STAT,936.000000,3486.000000,158.000000,45.0000
ChineseRemnants.esp,3017D2FD,0003A9ED,OfficeBoxPapers03,STAT,622.000000,3476.000000,158.000000,135.0000
ChineseRemnants.esp,3017D2F8,00017C73,NoodleCup,ALCH,754.163452,3507.697998,214.000015,0.0000
ChineseRemnants.esp,3017D2F7,0003A9EC,OfficeBoxPapers02,STAT,1164.000000,3810.000000,158.000000,0.0000
ChineseRemnants.esp,3017D2F5,0003A9EB,OfficeBoxPapers01,STAT,1174.000000,3850.000000,214.000000,180.0000
ChineseRemnants.esp,3017D2F3,0003A9EB,OfficeBoxPapers01,STAT,658.000000,4188.000000,158.000000,90.0000
ChineseRemnants.esp,3017D2F1,0003A9EC,OfficeBoxPapers02,STAT,758.000000,3484.000000,158.000000,90.0000
ChineseRemnants.esp,3017D2EE,0003A9ED,OfficeBoxPapers03,STAT,1184.000000,4132.000000,198.000000,0.0000
ChineseRemnants.esp,3017D2EB,00192D5D,DeskFanOfficeOff01,MISC,614.000000,4172.000000,218.000000,131.7803
ChineseRemnants.esp,3017D2E9,00192D5D,DeskFanOfficeOff01,MISC,990.617981,3483.247803,263.069672,309.3972
ChineseRemnants.esp,3017D2E8,001C88E7,Typewriter_Rare,MISC,197.574478,3623.599365,255.000000,269.2902
ChineseRemnants.esp,3017D2E6,0001F905,DeskFanOffice01,MISC,1171.310181,3717.897705,264.710052,326.4593
ChineseRemnants.esp,3017D2E5,0003A9EC,OfficeBoxPapers02,STAT,208.000000,3640.000000,192.000000,0.0000
ChineseRemnants.esp,3017D2E4,0003A9ED,OfficeBoxPapers03,STAT,200.000000,3592.000000,224.000000,0.0000
ChineseRemnants.esp,3017D2E3,0004B6EA,Loot_Prewar_Medkit_Wall,CONT,212.000000,3454.000000,298.000000,0.0000
ChineseRemnants.esp,3017D2E1,0003A9ED,OfficeBoxPapers03,STAT,408.000000,2950.000000,208.000000,45.0000
ChineseRemnants.esp,3017D2E0,000211F5,WoodCrate01,STAT,406.000000,2948.000000,158.000000,180.0000
ChineseRemnants.esp,3017D2DF,000BA58F,Vault_Crate_01_Steel,STAT,416.000000,3214.000000,200.000000,90.0000
ChineseRemnants.esp,3017D2DE,000BA591,Vault_Crate_03_Steel,STAT,414.000000,3224.000000,158.000000,90.0000
ChineseRemnants.esp,3017D2DD,000211F6,WoodCrate02,STAT,204.000000,3382.000000,158.000000,0.0000
ChineseRemnants.esp,3017D2DA,000E7D9A,StepLadderClosedSmall,STAT,214.000000,3296.000000,158.000000,270.0001
ChineseRemnants.esp,3017D2D9,000BA590,Vault_Crate_02_Steel,STAT,198.000000,3038.000000,158.000000,90.0000
ChineseRemnants.esp,3017D2D5,000BD531,OfficeFileCabinet03,CONT,1192.000000,4052.000000,158.000000,90.0001
ChineseRemnants.esp,3017D2D4,00017DD7,MetalShelf01,STAT,202.000000,3622.000000,158.000000,90.0000
ChineseRemnants.esp,30178E81,000BD531,OfficeFileCabinet03,CONT,1290.000000,3694.000000,158.000000,0.0000
ChineseRemnants.esp,30178E80,0003F432,NpcCouchOfficeSit01,FURN,514.000000,3500.000000,158.000000,0.0000
ChineseRemnants.esp,30178E7E,00118340,OfficeFileCabine01Static,STAT,212.000000,2690.000000,158.000000,270.0000
ChineseRemnants.esp,30178E7D,000BD52E,OfficeFileCabinet02,CONT,988.000000,3482.000000,158.000000,180.0000
ChineseRemnants.esp,30178E7C,00049621,OfficeFileCabinetEmpty01,STAT,1028.000000,3482.000000,158.000000,180.0000
ChineseRemnants.esp,30178E7B,00049621,OfficeFileCabinetEmpty01,STAT,1068.000000,3482.000000,158.000000,180.0000
ChineseRemnants.esp,30178E79,000BD52E,OfficeFileCabinet02,CONT,1110.000000,3482.000000,158.000000,180.0000
ChineseRemnants.esp,30178E78,000BA58F,Vault_Crate_01_Steel,STAT,1174.000000,4130.000000,158.000000,90.0000
ChineseRemnants.esp,30178E77,00118340,OfficeFileCabine01Static,STAT,1168.000000,4394.000000,158.000000,90.0000
ChineseRemnants.esp,30178E72,001A594B,TrashcanMetalOffice01,MSTT,210.000000,3480.000000,158.000000,0.0000
ChineseRemnants.esp,30178E71,00049620,OfficeFileCabinetDrawer01,STAT,202.000000,3918.000000,212.000000,270.0000
ChineseRemnants.esp,30178E70,00049620,OfficeFileCabinetDrawer01,STAT,208.000000,3918.000000,158.000000,270.0000
ChineseRemnants.esp,30178E6F,00049620,OfficeFileCabinetDrawer01,STAT,206.000000,3798.000000,188.000000,270.0000
ChineseRemnants.esp,30178E6E,00049621,OfficeFileCabinetEmpty01,STAT,204.000000,3798.000000,157.600403,270.0000
ChineseRemnants.esp,30178E6D,00049621,OfficeFileCabinetEmpty01,STAT,204.000000,3918.000000,158.600433,270.0000
ChineseRemnants.esp,30178E6C,000BD531,OfficeFileCabinet03,CONT,1192.000000,3678.000000,158.151505,90.0000
ChineseRemnants.esp,30178E6B,000BD52E,OfficeFileCabinet02,CONT,1174.000000,3720.000000,158.000000,90.0000
ChineseRemnants.esp,30178E6A,000BD52E,OfficeFileCabinet02,CONT,1176.000000,3986.000000,158.000000,90.0000
ChineseRemnants.esp,30178E67,000018FA,ConBig03,STAT,1172.000000,3918.000000,158.000000,90.0000
ChineseRemnants.esp,30178E66,000BD52E,OfficeFileCabinet02,CONT,205.000000,3759.000000,158.000000,270.0000
ChineseRemnants.esp,30178E65,000BD52E,OfficeFileCabinet02,CONT,204.000000,3838.000000,158.000000,270.0000
ChineseRemnants.esp,30178E63,000BD52E,OfficeFileCabinet02,CONT,205.000000,3878.000000,158.000000,270.0000
ChineseRemnants.esp,30178E61,0018B217,Loot_DuffleBag_Cash,CONT,1434.000000,3596.000000,158.000000,0.0000
ChineseRemnants.esp,30178E5F,001A594B,TrashcanMetalOffice01,MSTT,1272.000000,3480.000000,158.000000,0.0000
ChineseRemnants.esp,30178E5E,0007350B,PlayerHouse_Ruin_Rug01,STAT,1266.000000,3584.000000,158.000000,90.0000
ChineseRemnants.esp,30178E5C,00175500,FootLocker01,CONT,1244.000000,3682.000000,158.000000,270.0000
ChineseRemnants.esp,30178E5B,0011EB5C,Prewar_Locker_Wall01,CONT,1374.000000,3472.000000,158.000000,180.0000
ChineseRemnants.esp,30178E59,0001820E,MetalTable02,STAT,1464.000000,3546.000000,158.000000,90.0000
ChineseRemnants.esp,30178E58,001340D3,NpcBedMetalLay01,FURN,1404.000000,3654.000000,158.000000,90.0000
ChineseRemnants.esp,30178E57,00067A95,BldConcSmWallScktA01,STAT,1346.000000,3582.000000,158.000000,0.0001
ChineseRemnants.esp,30178E56,00067A2A,BldConcSmCeilOnly01,STAT,1362.000000,3582.000000,190.000000,90.0000
ChineseRemnants.esp,30178E55,00067AA6,BldConcSmWall01,STAT,1362.000000,3598.000000,158.000000,90.0000
ChineseRemnants.esp,30178E54,00067AA6,BldConcSmWall01,STAT,1378.000000,3582.000000,158.000000,180.0000
ChineseRemnants.esp,30178E53,00067AA6,BldConcSmWall01,STAT,1362.000000,3566.000000,158.000000,270.0000
ChineseRemnants.esp,30178E52,00067A40,BldConcSmFlrOnly01,STAT,1362.000000,3582.000000,158.000000,90.0000
ChineseRemnants.esp,30178E50,0006795B,BldConcBgWallPlugABotDoor01,STAT,1218.000000,3582.000000,158.000000,0.0000
ChineseRemnants.esp,30178E4F,00067A95,BldConcSmWallScktA01,STAT,1090.000000,3582.000000,158.000000,180.0001
ChineseRemnants.esp,301749FB,00140603,ConsoleTowerBRight01,SCOL,668.000000,3470.000000,158.000000,180.0000
ChineseRemnants.esp,301749FA,00140620,ConsoleTowerBMid01a,SCOL,754.000000,3470.000000,158.000000,180.0000
ChineseRemnants.esp,301749F9,00140621,ConsoleTowerBMid01b,SCOL,802.000000,3470.000000,158.000000,180.0000
ChineseRemnants.esp,301749F8,00143CEA,ConsoleTowerBRight03,SCOL,850.000000,3470.000000,158.000000,180.0000
ChineseRemnants.esp,301749F4,00143CEB,ConsoleTowerBRight04,SCOL,890.000000,3470.000000,158.000000,180.0000
ChineseRemnants.esp,301749F3,00143CEA,ConsoleTowerBRight03,SCOL,714.000000,3470.000000,158.000000,180.0000
ChineseRemnants.esp,301749E6,001405F9,ConsoleTowerALeft01,SCOL,528.000000,3848.000000,158.000000,180.0000
ChineseRemnants.esp,301749E5,00140613,ConsoleTowerAMid02,SCOL,484.000000,3850.000000,158.000000,180.0000
ChineseRemnants.esp,301749D8,001405FD,ConsoleTowerARight01,SCOL,430.000000,3846.000000,158.000000,180.0000
ChineseRemnants.esp,301749D4,001405FD,ConsoleTowerARight01,SCOL,438.000000,3818.000000,158.000000,0.0000
ChineseRemnants.esp,301749D3,00140611,ConsoleTowerAMid02a,SCOL,482.000000,3818.000000,158.000000,0.0000
ChineseRemnants.esp,301749D2,001405FD,ConsoleTowerARight01,SCOL,536.000000,3818.000000,158.000000,0.0000
ChineseRemnants.esp,301749D0,00082447,RadioDiamondCityReceiver,ACTI,642.000000,4194.000000,216.000000,343.6479
ChineseRemnants.esp,301749CF,001BA3A0,HamRadioOFF,ACTI,697.855957,4197.240723,216.000000,22.0818
ChineseRemnants.esp,3017057C,000BD53C,OfficeDesk01,CONT,668.000000,4188.000000,160.000000,0.0000
ChineseRemnants.esp,3017057B,000018FB,ConBig02,STAT,560.000000,4192.000000,160.000000,0.0000
ChineseRemnants.esp,3017057A,000018F5,ConBig01,STAT,480.000000,4192.000000,160.000000,0.0000
ChineseRemnants.esp,30170579,000018FA,ConBig03,STAT,856.000000,4192.000000,160.000000,0.0000
ChineseRemnants.esp,30170578,000018FB,ConBig02,STAT,776.000000,4192.000000,160.000000,0.0000
ChineseRemnants.esp,3017056C,0014060B,ConsoleTowerSingle01,SCOL,880.000000,3848.000000,156.000000,180.0000
ChineseRemnants.esp,3017056B,0014060B,ConsoleTowerSingle01,SCOL,688.000000,3818.000000,158.000000,0.0000
ChineseRemnants.esp,30170568,001422F0,ConsoleTowerSingle03,SCOL,680.000000,3850.000000,158.000000,180.0000
ChineseRemnants.esp,30170564,001422F0,ConsoleTowerSingle03,SCOL,372.000000,4206.000000,158.000000,0.0000
ChineseRemnants.esp,30170562,00140611,ConsoleTowerAMid02a,SCOL,318.000000,4206.000000,158.000000,0.0000
ChineseRemnants.esp,30170561,001405FF,ConsoleTowerBLeft01,SCOL,272.000000,4200.000000,160.000000,0.0000
ChineseRemnants.esp,30170560,00140617,ConsoleTowerAFull01,SCOL,194.000000,4072.000000,158.000000,270.0000
ChineseRemnants.esp,3017055F,00153B03,ConsoleTowerCorner03,SCOL,216.000000,4184.000000,160.000000,0.0001
ChineseRemnants.esp,30170558,001422F0,ConsoleTowerSingle03,SCOL,888.000000,3816.000000,156.000000,0.0000
ChineseRemnants.esp,30170556,00140617,ConsoleTowerAFull01,SCOL,784.000000,3816.000000,158.000000,0.0000
ChineseRemnants.esp,30170555,00140615,ConsoleTowerBFull01,SCOL,784.000000,3848.000000,158.000000,180.0000
ChineseRemnants.esp,30170553,000BD53C,OfficeDesk01,CONT,1162.000000,3806.000000,158.000000,90.0001
ChineseRemnants.esp,30170552,0004B6EA,Loot_Prewar_Medkit_Wall,CONT,1778.000000,2622.000000,306.000000,270.0000
ChineseRemnants.esp,3016C100,00059B3B,PaintCanFull,MISC,1692.000000,5548.000000,158.000000,0.0000
ChineseRemnants.esp,3016C0FF,00059B3B,PaintCanFull,MISC,1704.000000,5016.000000,160.000000,0.0000
ChineseRemnants.esp,3016C0FE,00059B3A,PaintCanEmpty,MISC,1704.000000,4824.000000,160.000000,0.0000
ChineseRemnants.esp,3016C0FD,00059B3A,PaintCanEmpty,MISC,932.000000,4870.000000,158.000000,0.0000
ChineseRemnants.esp,3016C0FC,000DF222,BottleEmpty02,MISC,1004.000000,2406.000000,158.000000,0.0000
ChineseRemnants.esp,3016C0FB,000DF222,BottleEmpty02,MISC,638.533813,2450.585693,162.000000,0.0000
ChineseRemnants.esp,3016C0FA,000DF222,BottleEmpty02,MISC,494.000000,3410.000000,158.013443,0.0000
ChineseRemnants.esp,3016C0F9,000DF222,BottleEmpty02,MISC,766.000000,3408.000000,158.013428,0.0000
ChineseRemnants.esp,3016C0F8,0008E371,Ashtray01_Filled,MISC,483.572571,2940.524658,232.918457,0.0000
ChineseRemnants.esp,3016C0F7,0005821A,CigarettePack,MISC,1220.000000,2640.000000,234.000000,0.0000
ChineseRemnants.esp,3016C0F6,0005821A,CigarettePack,MISC,571.197571,3001.354492,204.000000,90.0000
ChineseRemnants.esp,3016C0F5,00145857,Rum,ALCH,818.000000,2406.000000,214.000000,180.0000
ChineseRemnants.esp,3016C0F4,001A594C,Bin_Plastic,MSTT,518.468140,2627.343506,167.397202,179.9853
ChineseRemnants.esp,3016C0F3,001A5949,WoodBasket,MSTT,1123.999756,2966.004150,181.065445,224.9994
ChineseRemnants.esp,3016C0F2,000366C3,Vodka,ALCH,1220.000000,2626.000000,234.000000,135.0000
ChineseRemnants.esp,3016C0F1,000366C1,Whiskey,ALCH,868.000000,3408.000000,234.000000,0.0000
ChineseRemnants.esp,3016C0F0,0007132E,Loot_Prewar_Medkit_Chems_Wall,CONT,1640.000000,2398.000000,298.000000,0.0000
ChineseRemnants.esp,30167C9D,00059B14,TeddyBear,MISC,908.000000,3214.000000,164.074219,90.0000
ChineseRemnants.esp,30167C9B,00059A7E,DogBowl,MISC,1094.000000,3158.000000,158.000000,90.0000
ChineseRemnants.esp,30167C97,00017C73,NoodleCup,ALCH,772.000000,4822.000000,190.000000,0.0000
ChineseRemnants.esp,30167C92,001A594B,TrashcanMetalOffice01,MSTT,1290.000000,3398.000000,158.000000,0.0000
ChineseRemnants.esp,30167C85,000AE441,NpcChairVaultSit02Closed,MSTT,672.000000,3392.000000,160.000000,0.0000
ChineseRemnants.esp,30167C84,000AE441,NpcChairVaultSit02Closed,MSTT,504.000000,2424.000000,156.000000,180.0000
ChineseRemnants.esp,30167C83,00059AB5,Cigarette_Off01,MISC,879.344238,2433.631348,214.000000,0.0000
ChineseRemnants.esp,30167C81,00058224,Lighter,MISC,868.000000,2412.000000,216.000000,0.0000
ChineseRemnants.esp,30167C7F,0008E371,Ashtray01_Filled,MISC,876.000000,2424.000000,216.000000,0.0000
ChineseRemnants.esp,30167C7E,0005821C,CigaretteCarton,MISC,860.000000,2424.000000,196.000000,90.0000
ChineseRemnants.esp,30167C7D,001A5947,WoodBox01,MSTT,552.000000,2864.000000,160.000000,45.0000
ChineseRemnants.esp,30167C7C,0011EB5B,Prewar_Locker_Wall02,CONT,637.704773,2413.220459,158.000000,180.0000
ChineseRemnants.esp,30167C7B,001A5949,WoodBasket,MSTT,1014.000000,2476.000000,158.000000,0.0000
ChineseRemnants.esp,30167C7A,001A594B,TrashcanMetalOffice01,MSTT,1208.000000,3392.000000,160.000000,0.0000
ChineseRemnants.esp,30167C78,001A594C,Bin_Plastic,MSTT,842.000000,3374.000000,158.000000,0.0000
ChineseRemnants.esp,30167C77,0011EB5C,Prewar_Locker_Wall01,CONT,832.000000,3404.000000,160.000000,0.0000
ChineseRemnants.esp,30167C72,0004A13F,MeatBrahmin,ALCH,1286.000000,2684.000000,230.000000,90.0000
ChineseRemnants.esp,30167C70,000330EE,Cram,ALCH,1286.000000,2992.000000,190.000000,135.0000
ChineseRemnants.esp,30167C6F,000330EE,Cram,ALCH,1284.000000,3106.000000,194.000000,0.0000
ChineseRemnants.esp,30167C6E,0004835D,NukaCola,ALCH,1302.000000,3314.000000,168.000000,90.0000
ChineseRemnants.esp,30167C6D,000366C4,bourbon,ALCH,1289.547729,3259.817139,199.759995,270.0000
ChineseRemnants.esp,30167C6C,00145857,Rum,ALCH,1292.000000,3244.000000,252.000000,270.0000
ChineseRemnants.esp,30167C6B,000366C2,Wine,ALCH,1336.000000,2416.000000,222.000000,225.0000
ChineseRemnants.esp,30167C68,000366C1,Whiskey,ALCH,1280.000000,3247.000000,168.000000,270.0000
ChineseRemnants.esp,30167C67,000366C3,Vodka,ALCH,1279.000000,3297.000000,253.000000,270.0000
ChineseRemnants.esp,3016380F,00017C73,NoodleCup,ALCH,802.000000,2426.000000,214.000000,0.0000
ChineseRemnants.esp,3016380E,000657FE,VegetableStarch,MISC,1764.000000,2998.000000,224.000000,0.0000
ChineseRemnants.esp,3016380D,0007350B,PlayerHouse_Ruin_Rug01,STAT,1196.000000,3294.000000,158.000000,90.0000
ChineseRemnants.esp,3016380C,00060EC7,Pillow_01_Straw,MISC,1394.000000,2812.000000,164.000000,0.0000
ChineseRemnants.esp,3016380B,00061FA7,CookingOil,MISC,1288.000000,2988.000000,256.000000,0.0000
ChineseRemnants.esp,30163803,0602689B,DLC04_Food_FunnelCake,ALCH,1286.000000,3142.000000,286.000000,0.0000
ChineseRemnants.esp,30163801,000366B9,InstaMash,ALCH,1298.000000,2774.000000,192.000000,135.0000
ChineseRemnants.esp,301637FF,000366BD,YumYumDeviledEggs,ALCH,1287.066162,3004.333252,223.000000,0.0000
ChineseRemnants.esp,301637FE,000366BD,YumYumDeviledEggs,ALCH,1278.000000,3144.000000,240.000000,0.0000
ChineseRemnants.esp,301637FC,0002FBE4,BlamcoMacAndCheese,ALCH,1326.000000,2420.000000,166.000000,0.0000
ChineseRemnants.esp,301637FB,000366B9,InstaMash,ALCH,1296.000000,2968.000000,222.968506,225.0000
ChineseRemnants.esp,301637FA,000366B9,InstaMash,ALCH,1756.000000,2954.000000,224.000000,0.0000
ChineseRemnants.esp,301637F9,000330F0,PorknBeans,ALCH,1292.000000,3334.000000,201.787399,0.0000
ChineseRemnants.esp,301637F8,000330F0,PorknBeans,ALCH,1762.000000,2922.000000,190.000000,0.0000
ChineseRemnants.esp,301637F6,0002FBE4,BlamcoMacAndCheese,ALCH,1740.000000,2938.000000,190.000000,270.0001
ChineseRemnants.esp,301637F5,000BEA58,Dogfood,ALCH,1632.199829,3403.272705,194.000000,0.0000
ChineseRemnants.esp,301637F4,000BEA58,Dogfood,ALCH,1286.000000,2842.000000,192.000000,0.0000
ChineseRemnants.esp,301637EF,00059B44,Scissors,MISC,750.000000,5336.000000,164.000000,0.0000
ChineseRemnants.esp,301637EC,00059B3E,Yardstick,MISC,1631.126587,5309.462891,158.000000,0.0000
ChineseRemnants.esp,301637E7,0011DA0F,Blowtorch,MISC,1646.000000,4812.000000,216.000000,315.0000
ChineseRemnants.esp,301637E2,000330F0,PorknBeans,ALCH,1300.000000,2778.000000,256.977020,0.0000
ChineseRemnants.esp,301637E1,00058224,Lighter,MISC,1388.000000,2416.000000,222.000000,45.0000
ChineseRemnants.esp,301637E0,000E7D9A,StepLadderClosedSmall,STAT,1740.000000,2542.000000,160.000000,90.0000
ChineseRemnants.esp,301637DF,000D75BC,NpcBedSleepingBagSleep01,FURN,1340.000000,2846.000000,158.000000,180.0000
ChineseRemnants.esp,301637DE,00059A80,MetalBucket,MISC,1488.000000,3374.000000,170.359375,0.0000
ChineseRemnants.esp,301637DC,000330F2,SugarBombs,ALCH,1288.000000,3042.000000,224.000000,135.0000
ChineseRemnants.esp,301637DB,000330F2,SugarBombs,ALCH,1694.368530,2425.743164,160.000000,0.0000
ChineseRemnants.esp,301637DA,000330F2,SugarBombs,ALCH,1298.000000,2844.000000,258.000000,0.0000
ChineseRemnants.esp,301637D9,000330F2,SugarBombs,ALCH,1690.000000,3404.000000,194.000000,315.0000
ChineseRemnants.esp,301637D6,000330F2,SugarBombs,ALCH,1284.000000,3280.000000,230.563049,270.0000
ChineseRemnants.esp,301637D4,00143AD1,RadioDiamondCityReceiverOff,ACTI,842.000000,2416.000000,214.000000,180.0001
ChineseRemnants.esp,301637D3,00002CE2,PatrolIdleMarker,IDLM,936.000000,3000.000000,160.000000,0.0000
ChineseRemnants.esp,3015F380,00038A0A,Loot_Raider_Cooler,CONT,1753.000000,2994.000000,191.000000,45.0000
ChineseRemnants.esp,3015F37F,000211F5,WoodCrate01,STAT,1751.000000,3204.000000,158.000000,0.0000
ChineseRemnants.esp,3015F37E,00017DD8,MetalShelf03,STAT,1752.000000,2965.000000,158.000000,90.0000
ChineseRemnants.esp,3015AF28,00082D0E,BldBrickBgWallPlugABotDoor01,STAT,1250.000000,3294.000000,158.000000,0.0000
ChineseRemnants.esp,30156AD7,0001F43E,FederalistBookcaseShort01,STAT,1664.000000,3404.000000,158.000000,270.0000
ChineseRemnants.esp,30156AD3,3000CA6C,00ChineseRemnants_FoodCrate,CONT,1288.000000,2906.000000,158.000000,90.0000
ChineseRemnants.esp,30156AD2,00017DD7,MetalShelf01,STAT,1290.000000,3008.000000,158.000000,90.0000
ChineseRemnants.esp,30156AD1,0001F43F,FederalistBookcaseStack01,STAT,1400.000000,3404.000000,158.000000,270.0001
ChineseRemnants.esp,30156ACF,0001F441,FederalistBookcase01,STAT,1284.000000,3146.000000,158.000000,180.0000
ChineseRemnants.esp,3015267D,00060CB4,Loot_AmmoBox,CONT,494.000000,5044.000000,222.000000,270.0000
ChineseRemnants.esp,3015267C,00060CB4,Loot_AmmoBox,CONT,460.000000,4824.000000,190.000000,180.0000
ChineseRemnants.esp,30152679,0004B6EA,Loot_Prewar_Medkit_Wall,CONT,1872.000000,4800.000000,296.000000,0.0000
ChineseRemnants.esp,3014E214,00059A71,AbraxoCleaner,MISC,1585.377930,4809.736328,295.740692,0.0000
ChineseRemnants.esp,3014E212,0018B217,Loot_DuffleBag_Cash,CONT,476.000000,4826.000000,256.000000,0.0000
ChineseRemnants.esp,3014E20E,00064A47,Loot_DuffleBag_Guns,CONT,484.000000,5024.000000,158.000000,157.5000
ChineseRemnants.esp,3014E20D,00038C21,Loot_Raider_ExplosivesBox,CONT,622.000000,5034.000000,194.000000,0.0000
ChineseRemnants.esp,3014E20C,00064A47,Loot_DuffleBag_Guns,CONT,476.000000,4924.000000,158.000000,90.0000
ChineseRemnants.esp,3014E209,00060CB4,Loot_AmmoBox,CONT,510.000000,4822.000000,190.000000,225.0000
ChineseRemnants.esp,3014E208,000CAC78,AmmoFlamerFuel,AMMO,408.000000,4968.000000,294.211395,135.0000
ChineseRemnants.esp,3014E205,00060CB4,Loot_AmmoBox,CONT,480.000000,4824.000000,190.000000,180.0000
ChineseRemnants.esp,3014E204,00060CB4,Loot_AmmoBox,CONT,442.000000,4824.000000,190.000000,180.0000
ChineseRemnants.esp,3014E202,00060CB4,Loot_AmmoBox,CONT,492.000000,5032.000000,190.000000,135.0000
ChineseRemnants.esp,3014E201,000CAC78,AmmoFlamerFuel,AMMO,408.000000,4980.000000,294.211395,90.0000
ChineseRemnants.esp,3014E1FF,000E6B2E,AmmoFatManMiniNuke,AMMO,416.000000,4932.000000,298.000000,0.0000
ChineseRemnants.esp,3014E1FE,00060CB4,Loot_AmmoBox,CONT,520.000000,5034.000000,190.000000,180.0000
ChineseRemnants.esp,3014E1FD,00060CB4,Loot_AmmoBox,CONT,450.000000,5028.000000,190.000000,0.0000
ChineseRemnants.esp,3014E1FC,0019D813,ShelfSmall_Metal01_1Long,SCOL,1627.232178,4798.000000,292.849609,180.0000
ChineseRemnants.esp,3014E1F9,00060CB4,Loot_AmmoBox,CONT,498.000000,4824.000000,222.000000,180.0000
ChineseRemnants.esp,3014E1F7,00038C21,Loot_Raider_ExplosivesBox,CONT,622.000000,5034.000000,158.000000,0.0000
ChineseRemnants.esp,3014E1F5,00038C21,Loot_Raider_ExplosivesBox,CONT,602.000000,4816.000000,158.000000,0.0000
ChineseRemnants.esp,3014E1F4,00060CB4,Loot_AmmoBox,CONT,444.000000,4824.000000,222.000000,180.0000
ChineseRemnants.esp,3014E1F3,00017DD7,MetalShelf01,STAT,484.000000,5030.000000,158.000000,0.0000
ChineseRemnants.esp,3014E1F2,00017DD7,MetalShelf01,STAT,482.000000,4822.000000,158.000000,0.0000
ChineseRemnants.esp,3014E1F1,0019D813,ShelfSmall_Metal01_1Long,SCOL,402.000000,4862.000000,290.000000,270.0001
ChineseRemnants.esp,3014E1F0,00176054,ChemistrySetCan01,MISC,1272.000488,4808.001953,157.780258,180.0000
ChineseRemnants.esp,3014E1EF,00067AA6,BldConcSmWall01,STAT,514.000000,4926.000000,158.000000,0.0000
ChineseRemnants.esp,3014E1EE,00067AA6,BldConcSmWall01,STAT,530.000000,4942.000000,158.000000,90.0000
ChineseRemnants.esp,3014E1ED,00067AA6,BldConcSmWall01,STAT,530.000000,4910.000000,158.000000,270.0000
ChineseRemnants.esp,3014E1EC,00067A2A,BldConcSmCeilOnly01,STAT,530.000000,4926.000000,190.000000,90.0000
ChineseRemnants.esp,3014E1EB,00067A40,BldConcSmFlrOnly01,STAT,530.000000,4926.000000,158.000000,90.0000
ChineseRemnants.esp,3014E1EA,00067A95,BldConcSmWallScktA01,STAT,546.000000,4926.000000,158.000000,180.0000
ChineseRemnants.esp,3014E1E8,00067A95,BldConcSmWallScktA01,STAT,802.000000,4926.000000,158.000000,0.0000
ChineseRemnants.esp,30149D94,00064A47,Loot_DuffleBag_Guns,CONT,838.000000,2428.000000,158.000000,0.0000
ChineseRemnants.esp,30149D93,000E7AB9,Sledgehammer,WEAP,1568.000000,5096.000000,160.000000,135.0000
ChineseRemnants.esp,30149D92,00002CE2,PatrolIdleMarker,IDLM,304.000000,2944.000000,160.000000,180.0000
ChineseRemnants.esp,30149D8B,0001820C,MetalTable01,STAT,834.000000,2422.000000,158.000000,0.0000
ChineseRemnants.esp,30149D89,001A594C,Bin_Plastic,MSTT,1532.000000,4824.000000,216.000000,45.0000
ChineseRemnants.esp,30149D87,00059B33,GasCanister,MISC,1454.000000,4828.000000,158.000000,315.0000
ChineseRemnants.esp,30149D86,00059B33,GasCanister,MISC,1708.000000,5250.000000,158.000000,90.0000
ChineseRemnants.esp,30149D85,001A0380,Loot_ToolChest,CONT,1694.000000,5056.000000,158.000000,180.0000
ChineseRemnants.esp,30145930,00017DD7,MetalShelf01,STAT,1360.000000,4824.000000,160.000000,180.0000
ChineseRemnants.esp,30145928,0004D1F7,Wrench03,MISC,1116.000000,5498.000000,192.000000,45.0000
ChineseRemnants.esp,30145923,0001F905,DeskFanOffice01,MISC,1588.000000,4840.000000,218.000000,0.0000
ChineseRemnants.esp,30145914,00049D9F,Prewar_Cabinet_Garage_01,CONT,1568.000000,4834.000000,159.155518,180.0000
ChineseRemnants.esp,30145910,0001F905,DeskFanOffice01,MISC,696.000000,5330.000000,256.000000,135.0000
ChineseRemnants.esp,3014590E,0004B273,OilCan01,MISC,1096.000000,5490.000000,194.000000,0.0000
ChineseRemnants.esp,30145908,000E1FF9,AutoPart04,MISC,1058.000000,5526.000000,158.000000,0.0000
ChineseRemnants.esp,30145907,000E1FF0,AutoPartChromeCoolantCap01,MISC,1034.000000,5508.000000,158.000000,0.0000
ChineseRemnants.esp,30145901,000E1FF7,AutoPart02,MISC,1370.000000,5492.000000,158.000000,225.0000
ChineseRemnants.esp,30145900,000E1FF6,AutoPart01,MISC,1262.000000,5444.000000,158.000000,0.0000
ChineseRemnants.esp,301458FC,001A5947,WoodBox01,MSTT,746.000000,5344.000000,160.000000,135.0000
ChineseRemnants.esp,301458FB,001AAD69,MakeshiftBattery01,MISC,1120.000000,5522.000000,158.000000,225.0000
ChineseRemnants.esp,301458FA,001AAD69,MakeshiftBattery01,MISC,1094.000000,5506.000000,158.000000,180.0000
ChineseRemnants.esp,301458F9,00060E78,DuctTapeMilitary,MISC,1104.000000,5512.000000,218.000000,0.0000
ChineseRemnants.esp,301458F8,0004D1F2,DuctTape01,MISC,1094.000000,5502.000000,218.000000,0.0000
ChineseRemnants.esp,301458F7,001C7F1F,DuctTape01_Rare,MISC,1094.000000,5516.000000,218.000000,0.0000
ChineseRemnants.esp,301458F5,0001F905,DeskFanOffice01,MISC,1122.000000,5496.000000,214.000000,135.0000
ChineseRemnants.esp,301458F4,001A5947,WoodBox01,MSTT,1098.000000,5504.000000,216.000000,0.0000
ChineseRemnants.esp,301458F3,0001820E,MetalTable02,STAT,1100.000000,5508.000000,158.000000,180.0000
ChineseRemnants.esp,301458F0,000399ED,ToolRackGarage01,STAT,692.000000,5236.000000,316.000000,270.0000
ChineseRemnants.esp,301458ED,0008F6B7,Loot_Prewar_Toolcase,CONT,786.000000,5296.000000,158.000000,270.0000
ChineseRemnants.esp,301458EC,00059A9A,Loot_Toolbox,CONT,704.000000,5088.000000,216.000000,0.0000
ChineseRemnants.esp,301458EB,0008F6B7,Loot_Prewar_Toolcase,CONT,1306.000000,5500.000000,158.000000,315.0000
ChineseRemnants.esp,30141494,0012EA9B,WorkbenchArmorA,FURN,754.000000,5206.000000,158.000000,270.0001
ChineseRemnants.esp,3013D043,00038A0A,Loot_Raider_Cooler,CONT,1296.000000,2796.000000,226.000000,0.0000
ChineseRemnants.esp,3013D03D,000E7D99,StepLadderClosed,STAT,1000.000000,4700.000000,156.000000,90.0000
ChineseRemnants.esp,3013D037,0011EB5C,Prewar_Locker_Wall01,CONT,196.000000,3184.000000,160.000000,270.0000
ChineseRemnants.esp,3013D036,00017DDA,MetalShelf02,STAT,206.000000,2900.000000,160.000000,270.0001
ChineseRemnants.esp,3013D034,0011EB5B,Prewar_Locker_Wall02,CONT,416.000000,2764.000000,158.000000,90.0000
ChineseRemnants.esp,3013D032,00018F7B,Prewar_Locker_01,CONT,482.000000,2684.000000,158.000000,270.0000
ChineseRemnants.esp,3013D031,0011EB5C,Prewar_Locker_Wall01,CONT,482.000000,3152.000000,158.000000,270.0001
ChineseRemnants.esp,3013D030,0011EB5C,Prewar_Locker_Wall01,CONT,482.000000,2904.000000,158.000000,270.0000
ChineseRemnants.esp,3013D02F,00018F7B,Prewar_Locker_01,CONT,1216.000000,3156.000000,160.000000,90.0000
ChineseRemnants.esp,3013D02E,0011EB5C,Prewar_Locker_Wall01,CONT,1218.000000,2928.000000,158.000000,90.0000
ChineseRemnants.esp,3013D02D,00018F7B,Prewar_Locker_01,CONT,1217.000000,2444.000000,160.000000,90.0000
ChineseRemnants.esp,3013D02C,0011EB5C,Prewar_Locker_Wall01,CONT,1218.000000,2672.000000,158.000000,90.0000
ChineseRemnants.esp,3013D029,00175500,FootLocker01,CONT,630.000000,3288.000000,160.000000,270.0000
ChineseRemnants.esp,3013D028,00175500,FootLocker01,CONT,632.000000,3032.000000,158.000000,270.0000
ChineseRemnants.esp,3013D027,00175500,FootLocker01,CONT,628.000000,2778.000000,158.000000,270.0000
ChineseRemnants.esp,3013D026,00175500,FootLocker01,CONT,1072.000000,2536.000000,158.000000,90.0000
ChineseRemnants.esp,3013D025,00175500,FootLocker01,CONT,1072.000000,2796.000000,156.000000,90.0000
ChineseRemnants.esp,3013D024,00175500,FootLocker01,CONT,1076.000000,3052.000000,156.000000,90.0000
ChineseRemnants.esp,30127A6C,000AB568,NpcBedVaultBunkLay01,FURN,1150.000000,2546.000000,158.000000,270.0000
ChineseRemnants.esp,30127A6B,000AB568,NpcBedVaultBunkLay01,FURN,1150.000000,2800.000000,158.000000,270.0000
ChineseRemnants.esp,30127A6A,000AB568,NpcBedVaultBunkLay01,FURN,1152.000000,3056.000000,158.000000,270.0000
ChineseRemnants.esp,30127A69,000AB568,NpcBedVaultBunkLay01,FURN,552.000000,3286.000000,158.000000,270.0000
ChineseRemnants.esp,30127A68,000AB568,NpcBedVaultBunkLay01,FURN,554.000000,3032.000000,158.000000,270.0000
ChineseRemnants.esp,30127A67,000AB568,NpcBedVaultBunkLay01,FURN,552.000000,2778.000000,158.000000,270.0000
ChineseRemnants.esp,30127A66,3000CA6C,00ChineseRemnants_FoodCrate,CONT,1745.522339,2481.890625,158.000000,112.9184
ChineseRemnants.esp,30127A65,3000CA6C,00ChineseRemnants_FoodCrate,CONT,1730.000000,2422.000000,158.000000,0.0000
ChineseRemnants.esp,30127A64,00017DDA,MetalShelf02,STAT,1290.000000,2814.000000,160.000000,270.0001
ChineseRemnants.esp,30127A62,000211F6,WoodCrate02,STAT,1750.000000,2624.000000,186.000000,180.0000
ChineseRemnants.esp,30127A5D,00067A2A,BldConcSmCeilOnly01,STAT,1586.000000,5438.000000,190.000000,90.0000
ChineseRemnants.esp,30127A5C,00067A2A,BldConcSmCeilOnly01,STAT,1586.000000,5182.000000,190.000000,90.0000
ChineseRemnants.esp,30127A5B,00067A2A,BldConcSmCeilOnly01,STAT,1586.000000,4926.000000,190.000000,90.0000
ChineseRemnants.esp,30127A59,00067AA6,BldConcSmWall01,STAT,1586.000000,4910.000000,158.000000,270.0000
ChineseRemnants.esp,30127A58,00067A40,BldConcSmFlrOnly01,STAT,1586.000000,5438.000000,158.000000,90.0000
ChineseRemnants.esp,30127A56,00067A40,BldConcSmFlrOnly01,STAT,1330.000000,5182.000000,158.000000,90.0000
ChineseRemnants.esp,30127A55,00067A40,BldConcSmFlrOnly01,STAT,1586.000000,4926.000000,158.000000,90.0000
ChineseRemnants.esp,30123604,3000CA6C,00ChineseRemnants_FoodCrate,CONT,1760.000000,3296.000000,158.000000,90.0000
ChineseRemnants.esp,30123603,3000CA6C,00ChineseRemnants_FoodCrate,CONT,1750.000000,3382.000000,158.000000,67.5000
ChineseRemnants.esp,30123602,000211F7,WoodCrate03,STAT,1745.302490,3072.436279,158.000015,0.0000
ChineseRemnants.esp,301235FD,001715FD,FederalistBookcaseStack_Broken01,STAT,1362.000000,2417.000000,158.000000,90.0000
ChineseRemnants.esp,301235FB,0017B3A4,workbenchWeaponsA,FURN,1208.000000,5442.000000,158.000000,0.0000
ChineseRemnants.esp,301235F9,00157FEB,WorkbenchPowerArmor,FURN,1566.000000,5170.000000,158.000000,270.0000
ChineseRemnants.esp,301235F8,00067AA6,BldConcSmWall01,STAT,1330.000000,5454.000000,158.000000,90.0000
ChineseRemnants.esp,301235F7,00067AA6,BldConcSmWall01,STAT,1074.000000,5454.000000,158.000000,90.0000
ChineseRemnants.esp,301235F4,00067AA6,BldConcSmWall01,STAT,1602.000000,5182.000000,158.000000,180.0000
ChineseRemnants.esp,301235F3,00067A2A,BldConcSmCeilOnly01,STAT,1074.000000,5438.000000,190.000000,90.0000
ChineseRemnants.esp,301235F2,00067A2A,BldConcSmCeilOnly01,STAT,1074.000000,5182.000000,190.000000,90.0000
ChineseRemnants.esp,301235F1,00067A2A,BldConcSmCeilOnly01,STAT,1330.000000,5438.000000,190.000000,90.0000
ChineseRemnants.esp,301235F0,00067A2A,BldConcSmCeilOnly01,STAT,1330.000000,5182.000000,190.000000,90.0000
ChineseRemnants.esp,301235EF,00067A2A,BldConcSmCeilOnly01,STAT,818.000000,5438.000000,190.000000,90.0000
ChineseRemnants.esp,301235EE,00067A2A,BldConcSmCeilOnly01,STAT,818.000000,5182.000000,190.000000,90.0000
ChineseRemnants.esp,301235ED,00067AA6,BldConcSmWall01,STAT,802.000000,5438.000000,158.000000,0.0000
ChineseRemnants.esp,301235EC,00067AA6,BldConcSmWall01,STAT,802.000000,5182.000000,158.000000,0.0000
ChineseRemnants.esp,301235EB,00067A2A,BldConcSmCeilOnly01,STAT,818.000000,4926.000000,190.000000,90.0000
ChineseRemnants.esp,301235EA,00067A2A,BldConcSmCeilOnly01,STAT,1330.000000,4926.000000,190.000000,90.0000
ChineseRemnants.esp,301235E9,00067A2A,BldConcSmCeilOnly01,STAT,1074.000000,4926.000000,190.000000,90.0000
ChineseRemnants.esp,301235E8,00067AA6,BldConcSmWall01,STAT,1330.000000,4910.000000,158.000000,270.0000
ChineseRemnants.esp,301235E7,00067AA6,BldConcSmWall01,STAT,818.000000,4910.000000,158.000000,270.0000
ChineseRemnants.esp,301235E6,00067AA6,BldConcSmWall01,STAT,1890.000000,4926.000000,158.000000,180.0000
ChineseRemnants.esp,301235E4,00067A40,BldConcSmFlrOnly01,STAT,1330.000000,5438.000000,158.000000,90.0000
ChineseRemnants.esp,301235E3,00067A40,BldConcSmFlrOnly01,STAT,1074.000000,5438.000000,158.000000,90.0000
ChineseRemnants.esp,301235E2,00067A40,BldConcSmFlrOnly01,STAT,818.000000,5438.000000,158.000000,90.0000
ChineseRemnants.esp,301235E1,00067A40,BldConcSmFlrOnly01,STAT,818.000000,5182.000000,158.000000,90.0000
ChineseRemnants.esp,301235E0,00067A40,BldConcSmFlrOnly01,STAT,1074.000000,5182.000000,158.000000,90.0000
ChineseRemnants.esp,301235DF,00067A40,BldConcSmFlrOnly01,STAT,1586.000000,5182.000000,158.000000,90.0000
ChineseRemnants.esp,301235DE,00067A40,BldConcSmFlrOnly01,STAT,818.000000,4926.000000,158.000000,90.0000
ChineseRemnants.esp,301235DD,00067A40,BldConcSmFlrOnly01,STAT,1074.000000,4926.000000,158.000000,90.0000
ChineseRemnants.esp,301235DC,00067A40,BldConcSmFlrOnly01,STAT,1330.000000,4926.000000,158.000000,90.0000
ChineseRemnants.esp,301235DB,00067A95,BldConcSmWallScktA01,STAT,1074.000000,4910.000000,158.000000,270.0000
ChineseRemnants.esp,3011F189,0006795B,BldConcBgWallPlugABotDoor01,STAT,1074.000000,4782.000000,158.000000,270.0000
ChineseRemnants.esp,3011F188,00067A95,BldConcSmWallScktA01,STAT,1074.000000,4654.000000,158.000000,90.0000
ChineseRemnants.esp,3011F187,00067A2A,BldConcSmCeilOnly01,STAT,1074.000000,4638.000000,190.000000,90.0000
ChineseRemnants.esp,3011F186,00067A2A,BldConcSmCeilOnly01,STAT,1074.000000,4382.000000,190.000000,90.0000
ChineseRemnants.esp,3011F185,00067AA6,BldConcSmWall01,STAT,1058.000000,4638.000000,158.000000,0.0000
ChineseRemnants.esp,3011F184,00067AA6,BldConcSmWall01,STAT,1058.000000,4382.000000,158.000000,0.0000
ChineseRemnants.esp,3011F183,00067AA6,BldConcSmWall01,STAT,1090.000000,4638.000000,158.000000,180.0000
ChineseRemnants.esp,3011F182,00067AA6,BldConcSmWall01,STAT,1090.000000,4382.000000,158.000000,180.0000
ChineseRemnants.esp,3011F181,00067A40,BldConcSmFlrOnly01,STAT,1074.000000,4638.000000,158.000000,90.0000
ChineseRemnants.esp,3011F180,00067A40,BldConcSmFlrOnly01,STAT,1074.000000,4382.000000,158.000000,90.0000
ChineseRemnants.esp,3011F17D,00067A95,BldConcSmWallScktA01,STAT,1074.000000,4366.000000,158.000000,270.0000
ChineseRemnants.esp,3011F17B,00067A95,BldConcSmWallScktA01,STAT,1074.000000,4110.000000,158.000000,90.0001
ChineseRemnants.esp,3011AD25,000211F7,WoodCrate03,STAT,1292.000000,2490.000000,158.000000,0.0000
ChineseRemnants.esp,3011AD24,000211F5,WoodCrate01,STAT,1292.000000,2467.000000,188.000000,0.0000
ChineseRemnants.esp,3011AD23,3000CA6C,00ChineseRemnants_FoodCrate,CONT,1284.000000,2692.000000,194.000000,90.0000
ChineseRemnants.esp,3011AD21,3000CA6C,00ChineseRemnants_FoodCrate,CONT,1284.000000,2692.000000,158.000000,90.0000
ChineseRemnants.esp,3011AD20,001865B9,WorkbenchCookingStove,FURN,1350.000000,2578.000000,158.000000,270.0000
ChineseRemnants.esp,3011AD1F,00100CD5,ProtectronPod01,FURN,1562.000000,3364.000000,158.000000,180.0000
ChineseRemnants.esp,3011AD1E,00018C93,IndMetalDoor01,DOOR,450.000000,2526.000000,158.000000,270.0000
ChineseRemnants.esp,3011AD1D,00067AA6,BldConcSmWall01,STAT,1122.000000,2782.000000,158.000000,180.0000
ChineseRemnants.esp,3011AD1C,00067AA6,BldConcSmWall01,STAT,1378.000000,2782.000000,158.000000,0.0000
ChineseRemnants.esp,3011AD1A,00067A2A,BldConcSmCeilOnly01,STAT,1074.000000,4094.000000,190.000000,90.0000
ChineseRemnants.esp,3011AD19,00067A2A,BldConcSmCeilOnly01,STAT,1074.000000,3838.000000,190.000000,90.0000
ChineseRemnants.esp,3011AD18,00067A2A,BldConcSmCeilOnly01,STAT,1074.000000,3582.000000,190.000000,90.0000
ChineseRemnants.esp,3011AD17,00067AA6,BldConcSmWall01,STAT,1090.000000,4094.000000,158.000000,180.0000
ChineseRemnants.esp,3011AD16,00067AA6,BldConcSmWall01,STAT,1090.000000,3838.000000,158.000000,180.0000
ChineseRemnants.esp,3011AD13,00067A40,BldConcSmFlrOnly01,STAT,1074.000000,4094.000000,158.000000,90.0000
ChineseRemnants.esp,3011AD12,00067A40,BldConcSmFlrOnly01,STAT,1074.000000,3838.000000,158.000000,90.0000
ChineseRemnants.esp,3011AD11,00067A40,BldConcSmFlrOnly01,STAT,1074.000000,3582.000000,158.000000,90.0000
ChineseRemnants.esp,3011AD10,00067AA6,BldConcSmWall01,STAT,1074.000000,3566.000000,158.000000,270.0000
ChineseRemnants.esp,301168BF,00067A2A,BldConcSmCeilOnly01,STAT,818.000000,4094.000000,190.000000,90.0000
ChineseRemnants.esp,301168BE,00067A2A,BldConcSmCeilOnly01,STAT,818.000000,3838.000000,190.000000,90.0000
ChineseRemnants.esp,301168BD,00067A2A,BldConcSmCeilOnly01,STAT,818.000000,3582.000000,190.000000,90.0000
ChineseRemnants.esp,301168BC,00067AA6,BldConcSmWall01,STAT,818.000000,4110.000000,158.000000,90.0000
ChineseRemnants.esp,301168BB,00067A40,BldConcSmFlrOnly01,STAT,818.000000,4094.000000,158.000000,90.0000
ChineseRemnants.esp,301168BA,00067A40,BldConcSmFlrOnly01,STAT,818.000000,3838.000000,158.000000,90.0000
ChineseRemnants.esp,301168B9,00067A40,BldConcSmFlrOnly01,STAT,818.000000,3582.000000,158.000000,90.0000
ChineseRemnants.esp,301168B8,00067AA6,BldConcSmWall01,STAT,818.000000,3566.000000,158.000000,270.0000
ChineseRemnants.esp,301168B7,00067A2A,BldConcSmCeilOnly01,STAT,562.000000,3582.000000,190.000000,90.0000
ChineseRemnants.esp,301168B6,00067A2A,BldConcSmCeilOnly01,STAT,562.000000,3838.000000,190.000000,90.0000
ChineseRemnants.esp,301168B5,00067A2A,BldConcSmCeilOnly01,STAT,562.000000,4094.000000,190.000000,90.0000
ChineseRemnants.esp,301168B4,00067AA6,BldConcSmWall01,STAT,562.000000,4110.000000,158.000000,90.0000
ChineseRemnants.esp,301168B3,00067AA6,BldConcSmWall01,STAT,562.000000,3566.000000,158.000000,270.0000
ChineseRemnants.esp,301168B2,00067A2A,BldConcSmCeilOnly01,STAT,306.000000,4094.000000,190.000000,90.0000
ChineseRemnants.esp,301168B1,00067A2A,BldConcSmCeilOnly01,STAT,306.000000,3838.000000,190.000000,90.0000
ChineseRemnants.esp,301168B0,00067A2A,BldConcSmCeilOnly01,STAT,306.000000,3294.000000,190.000000,90.0000
ChineseRemnants.esp,3011245F,00067A2A,BldConcSmCeilOnly01,STAT,306.000000,2782.000000,190.000000,90.0000
ChineseRemnants.esp,3011245E,00067A2A,BldConcSmCeilOnly01,STAT,306.000000,2526.000000,190.000000,90.0000
ChineseRemnants.esp,3011245D,00067A2A,BldConcSmCeilOnly01,STAT,306.000000,3038.000000,190.000000,90.0000
ChineseRemnants.esp,3011245C,00067AA6,BldConcSmWall01,STAT,290.000000,3294.000000,158.000000,0.0000
ChineseRemnants.esp,3011245B,00067A40,BldConcSmFlrOnly01,STAT,306.000000,3294.000000,158.000000,90.0000
ChineseRemnants.esp,3011245A,00067A40,BldConcSmFlrOnly01,STAT,306.000000,3038.000000,158.000000,90.0000
ChineseRemnants.esp,30112459,00067A40,BldConcSmFlrOnly01,STAT,306.000000,2782.000000,158.000000,90.0000
ChineseRemnants.esp,30112458,00067AA6,BldConcSmWall01,STAT,594.000000,3310.000000,158.000000,90.0000
ChineseRemnants.esp,30112456,00067A40,BldConcSmFlrOnly01,STAT,562.000000,4094.000000,158.000000,90.0000
ChineseRemnants.esp,30112455,00067A40,BldConcSmFlrOnly01,STAT,562.000000,3838.000000,158.000000,90.0000
ChineseRemnants.esp,30112454,00067A40,BldConcSmFlrOnly01,STAT,562.000000,3582.000000,158.000000,90.0000
ChineseRemnants.esp,30112452,00067AA6,BldConcSmWall01,STAT,306.000000,4110.000000,158.000000,90.0000
ChineseRemnants.esp,30112451,00067AA6,BldConcSmWall01,STAT,290.000000,4094.000000,158.000000,0.0000
ChineseRemnants.esp,30112450,00067AA6,BldConcSmWall01,STAT,290.000000,3838.000000,158.000000,0.0000
ChineseRemnants.esp,3011244F,00067AA6,BldConcSmWall01,STAT,290.000000,3582.000000,158.000000,0.0000
ChineseRemnants.esp,3011244E,00067A40,BldConcSmFlrOnly01,STAT,306.000000,4094.000000,158.000000,90.0000
ChineseRemnants.esp,3011244D,00067A40,BldConcSmFlrOnly01,STAT,306.000000,3838.000000,158.000000,90.0000
ChineseRemnants.esp,3011244C,00067A40,BldConcSmFlrOnly01,STAT,306.000000,3582.000000,158.000000,90.0000
ChineseRemnants.esp,3011244B,00067A95,BldConcSmWallScktA01,STAT,306.000000,3566.000000,158.000000,270.0001
ChineseRemnants.esp,3010DFF9,00067A2A,BldConcSmCeilOnly01,STAT,306.000000,3582.000000,190.000000,90.0000
ChineseRemnants.esp,3010DFF8,00067AA6,BldConcSmWall01,STAT,290.000000,3038.000000,158.000000,0.0000
ChineseRemnants.esp,3010DFF6,00067A40,BldConcSmFlrOnly01,STAT,306.000000,2526.000000,158.000000,90.0000
ChineseRemnants.esp,3010DFF4,00067A2A,BldConcSmCeilOnly01,STAT,594.000000,3294.000000,190.000000,90.0000
ChineseRemnants.esp,3010DFF3,00067A2A,BldConcSmCeilOnly01,STAT,594.000000,3038.000000,190.000000,90.0000
ChineseRemnants.esp,3010DFF2,00067A2A,BldConcSmCeilOnly01,STAT,594.000000,2782.000000,190.000000,90.0000
ChineseRemnants.esp,3010DFF1,00067A2A,BldConcSmCeilOnly01,STAT,594.000000,2526.000000,190.000000,90.0000
ChineseRemnants.esp,3010DFEF,00067A95,BldConcSmWallScktA01,STAT,306.000000,3310.000000,158.000000,90.0000
ChineseRemnants.esp,3010DFEE,00067AA6,BldConcSmWall01,STAT,322.000000,3294.000000,158.000000,180.0001
ChineseRemnants.esp,3010DFED,00067AA6,BldConcSmWall01,STAT,322.000000,3038.000000,158.000000,180.0001
ChineseRemnants.esp,3010DFEC,00067AA6,BldConcSmWall01,STAT,322.000000,2782.000000,158.000000,180.0001
ChineseRemnants.esp,3010DFEB,00067AA6,BldConcSmWall01,STAT,578.000000,3294.000000,158.000000,0.0000
ChineseRemnants.esp,3010DFEA,00067AA6,BldConcSmWall01,STAT,578.000000,3038.000000,158.000000,0.0000
ChineseRemnants.esp,3010DFE9,00067A40,BldConcSmFlrOnly01,STAT,594.000000,3294.000000,158.000000,90.0000
ChineseRemnants.esp,3010DFE8,00067A40,BldConcSmFlrOnly01,STAT,594.000000,3038.000000,158.000000,90.0000
ChineseRemnants.esp,3010DFE7,00067A40,BldConcSmFlrOnly01,STAT,594.000000,2782.000000,158.000000,90.0000
ChineseRemnants.esp,3010DFE6,00067AA6,BldConcSmWall01,STAT,578.000000,2782.000000,158.000000,0.0000
ChineseRemnants.esp,3010DFE5,00067A95,BldConcSmWallScktA01,STAT,322.000000,2526.000000,158.000000,180.0000
ChineseRemnants.esp,3010DFE4,00067AA6,BldConcSmWall01,STAT,594.000000,2510.000000,158.000000,270.0001
ChineseRemnants.esp,3010DFE3,0006795B,BldConcBgWallPlugABotDoor01,STAT,450.000000,2526.000000,158.000000,180.0000
ChineseRemnants.esp,3010DFE2,00067A95,BldConcSmWallScktA01,STAT,578.000000,2526.000000,158.000000,0.0000
ChineseRemnants.esp,3010DFE1,00067A40,BldConcSmFlrOnly01,STAT,594.000000,2526.000000,158.000000,90.0000
ChineseRemnants.esp,3010DFE0,00067A2A,BldConcSmCeilOnly01,STAT,850.000000,2526.000000,190.000000,90.0000
ChineseRemnants.esp,3010DFDF,00067A2A,BldConcSmCeilOnly01,STAT,850.000000,2782.000000,190.000000,90.0000
ChineseRemnants.esp,3010DFDE,00067A2A,BldConcSmCeilOnly01,STAT,850.000000,3038.000000,190.000000,90.0000
ChineseRemnants.esp,3010DFDD,00067A2A,BldConcSmCeilOnly01,STAT,850.000000,3294.000000,190.000000,90.0000
ChineseRemnants.esp,3010DFDC,00067AA6,BldConcSmWall01,STAT,850.000000,3310.000000,158.000000,90.0000
ChineseRemnants.esp,3010DFDB,00067AA6,BldConcSmWall01,STAT,850.000000,2510.000000,158.000000,270.0001
ChineseRemnants.esp,3010DFDA,00067A40,BldConcSmFlrOnly01,STAT,850.000000,3294.000000,158.000000,90.0000
ChineseRemnants.esp,3010DFD9,00067A40,BldConcSmFlrOnly01,STAT,850.000000,3038.000000,158.000000,90.0000
ChineseRemnants.esp,3010DFD8,00067A40,BldConcSmFlrOnly01,STAT,850.000000,2782.000000,158.000000,90.0000
ChineseRemnants.esp,3010DFD7,00067A40,BldConcSmFlrOnly01,STAT,850.000000,2526.000000,158.000000,90.0000
ChineseRemnants.esp,30109B86,00067AA6,BldConcSmWall01,STAT,1106.000000,2510.000000,158.000000,270.0001
ChineseRemnants.esp,30109B84,00067A2A,BldConcSmCeilOnly01,STAT,1106.000000,3294.000000,190.000000,90.0000
ChineseRemnants.esp,30109B83,00067AA6,BldConcSmWall01,STAT,1122.000000,3038.000000,158.000000,180.0000
ChineseRemnants.esp,30109B82,00067A40,BldConcSmFlrOnly01,STAT,1106.000000,3294.000000,158.000000,90.0000
ChineseRemnants.esp,30109B81,00067A2A,BldConcSmCeilOnly01,STAT,1394.000000,3294.000000,190.000000,90.0000
ChineseRemnants.esp,30109B80,00067A2A,BldConcSmCeilOnly01,STAT,1650.000000,3294.000000,190.000000,90.0000
ChineseRemnants.esp,30109B7E,00067A40,BldConcSmFlrOnly01,STAT,1394.000000,3294.000000,158.000000,90.0000
ChineseRemnants.esp,30109B7C,00067AA6,BldConcSmWall01,STAT,1666.000000,3294.000000,158.000000,180.0000
ChineseRemnants.esp,30109B7B,00067A40,BldConcSmFlrOnly01,STAT,1650.000000,3294.000000,158.000000,90.0000
ChineseRemnants.esp,301012D9,0600D04D,FederalistBookcaseDoor01_NoName,DOOR,1286.000000,3294.000000,160.000000,180.0000
ChineseRemnants.esp,301012D8,00067A2A,BldConcSmCeilOnly01,STAT,1106.000000,2526.000000,190.000000,90.0000
ChineseRemnants.esp,301012D7,00067A2A,BldConcSmCeilOnly01,STAT,1106.000000,2782.000000,190.000000,90.0000
ChineseRemnants.esp,301012D6,00067A2A,BldConcSmCeilOnly01,STAT,1106.000000,3038.000000,190.000000,90.0000
ChineseRemnants.esp,301012D5,00067AA6,BldConcSmWall01,STAT,1378.000000,3038.000000,158.000000,0.0000
ChineseRemnants.esp,301012D4,00067AA6,BldConcSmWall01,STAT,290.000000,2782.000000,158.000000,0.0000
ChineseRemnants.esp,301012D3,00067A95,BldConcSmWallScktA01,STAT,1122.000000,3294.000000,158.000000,180.0000
ChineseRemnants.esp,301012D1,00067AA6,BldConcSmWall01,STAT,1122.000000,2526.000000,158.000000,180.0000
ChineseRemnants.esp,301012D0,00067A40,BldConcSmFlrOnly01,STAT,1106.000000,3038.000000,158.000000,90.0000
ChineseRemnants.esp,301012CF,00067A40,BldConcSmFlrOnly01,STAT,1106.000000,2782.000000,158.000000,90.0000
ChineseRemnants.esp,301012CC,00067A40,BldConcSmFlrOnly01,STAT,1106.000000,2526.000000,158.000000,90.0000
ChineseRemnants.esp,301012CA,00067A95,BldConcSmWallScktA01,STAT,1378.000000,3294.000000,158.000000,0.0000
ChineseRemnants.esp,300FCE79,00067A2A,BldConcSmCeilOnly01,STAT,1394.000000,3038.000000,190.000000,90.0000
ChineseRemnants.esp,300FCE78,00067AA6,BldConcSmWall01,STAT,1394.000000,2510.000000,158.000000,270.0000
ChineseRemnants.esp,300FCE77,00067A2A,BldConcSmCeilOnly01,STAT,1650.000000,3038.000000,190.000000,90.0000
ChineseRemnants.esp,300FCE76,00067AA6,BldConcSmWall01,STAT,1106.000000,3310.000000,158.000000,90.0000
ChineseRemnants.esp,300FCE75,00067A40,BldConcSmFlrOnly01,STAT,1394.000000,3038.000000,158.000000,90.0000
ChineseRemnants.esp,300FCE74,00067AA6,BldConcSmWall01,STAT,1666.000000,3038.000000,158.000000,180.0000
ChineseRemnants.esp,300FCE73,00067A40,BldConcSmFlrOnly01,STAT,1650.000000,3038.000000,158.000000,90.0000
ChineseRemnants.esp,300F8A22,000211F7,WoodCrate03,STAT,1750.000000,2618.000000,158.000000,0.0000
ChineseRemnants.esp,300E78D2,0007350B,PlayerHouse_Ruin_Rug01,STAT,1730.000000,2788.000000,158.000000,90.0000
ChineseRemnants.esp,300E78CE,00067A2A,BldConcSmCeilOnly01,STAT,1394.000000,2782.000000,190.000000,90.0000
ChineseRemnants.esp,300E78CD,00067A2A,BldConcSmCeilOnly01,STAT,1394.000000,2526.000000,190.000000,90.0000
ChineseRemnants.esp,300E78CC,00067A40,BldConcSmFlrOnly01,STAT,1394.000000,2526.000000,158.000000,0.0000
ChineseRemnants.esp,300E78CB,00067AA6,BldConcSmWall01,STAT,1394.000000,3310.000000,158.000000,90.0000
ChineseRemnants.esp,300E78C9,00067A40,BldConcSmFlrOnly01,STAT,1394.000000,2782.000000,158.000000,90.0000
ChineseRemnants.esp,300E3477,00067AA6,BldConcSmWall01,STAT,1378.000000,2526.000000,158.000000,0.0000
ChineseRemnants.esp,300E3476,00067A2A,BldConcSmCeilOnly01,STAT,1650.000000,2782.000000,190.000000,90.0000
ChineseRemnants.esp,300E3475,00067AA6,BldConcSmWall01,STAT,1666.000000,2526.000000,158.000000,180.0000
ChineseRemnants.esp,300E3474,00067A40,BldConcSmFlrOnly01,STAT,1650.000000,2526.000000,158.000000,90.0000
ChineseRemnants.esp,300DABD2,00067A2A,BldConcSmCeilOnly01,STAT,1650.000000,2526.000000,190.000000,90.0000
ChineseRemnants.esp,300DABD1,00067AA6,BldConcSmWall01,STAT,290.000000,2526.000000,158.000000,0.0000
ChineseRemnants.esp,300DABD0,00067AA6,BldConcSmWall01,STAT,1650.000000,2510.000000,158.000000,270.0000
ChineseRemnants.esp,300DABCF,00067AA6,BldConcSmWall01,STAT,1650.000000,3310.000000,158.000000,90.0000
ChineseRemnants.esp,300DABCE,00067A40,BldConcSmFlrOnly01,STAT,1650.000000,2782.000000,158.000000,90.0000
ChineseRemnants.esp,300A3352,001A7FEA,DefaultTerminalWallEmbedded,TERM,1810.000000,3152.000000,158.000000,90.0000
ChineseRemnants.esp,305A5178,000BB48B,SecurityGateSm02A,ACTI,1074.000000,4238.000000,158.000000,180.0000
ChineseRemnants.esp,30948E29,00098163,PackageLocationPrimitive,ACTI,856.000000,5200.000000,312.000000,0.0000
ChineseRemnants.esp,30933898,000001F7,LightBox,STAT,904.000000,2904.000000,288.000000,0.0000
ChineseRemnants.esp,3083BCA3,3083BCA1,00ChineseRemnant_TrunkMilitary,CONT,432.000000,4928.000000,160.000000,270.0000
ChineseRemnants.esp,306DCED7,00002CE2,PatrolIdleMarker,IDLM,3456.000000,3296.000000,256.000000,90.0000
ChineseRemnants.esp,306D8A86,0003376D,DefaultActivateSelfTrigger,ACTI,2584.000000,2792.000000,312.000000,0.0000
ChineseRemnants.esp,306D8A83,0003376D,DefaultActivateSelfTrigger,ACTI,2952.000000,3296.000000,288.000000,0.0000
ChineseRemnants.esp,306D8A81,0003376D,DefaultActivateSelfTrigger,ACTI,4288.000000,3280.000000,544.000000,0.0000
ChineseRemnants.esp,306D462F,0003376D,DefaultActivateSelfTrigger,ACTI,4968.000000,3032.000000,552.000000,0.0000
ChineseRemnants.esp,306D462D,00002CE2,PatrolIdleMarker,IDLM,2296.000000,2792.000000,160.000000,90.0000
ChineseRemnants.esp,306D462C,00002CE2,PatrolIdleMarker,IDLM,2696.000000,3032.000000,160.000000,0.0000
ChineseRemnants.esp,306D462B,00002CE2,PatrolIdleMarker,IDLM,2792.000000,3280.000000,160.000000,90.0000
ChineseRemnants.esp,306D462A,00002CE2,PatrolIdleMarker,IDLM,3144.000000,3280.000000,160.000000,90.0000
ChineseRemnants.esp,306D4629,00002CE2,PatrolIdleMarker,IDLM,3936.000000,3312.000000,360.000000,90.0000
ChineseRemnants.esp,306D4628,00002CE2,PatrolIdleMarker,IDLM,4288.000000,3288.000000,416.000000,90.0000
ChineseRemnants.esp,306D4627,00002CE2,PatrolIdleMarker,IDLM,4832.000000,3040.000000,416.000000,90.0000
ChineseRemnants.esp,306D4626,00002CE2,PatrolIdleMarker,IDLM,5112.000000,3040.000000,416.000000,90.0000
ChineseRemnants.esp,306D01D3,00098163,PackageLocationPrimitive,ACTI,1752.000000,5928.000000,304.000000,0.0000
ChineseRemnants.esp,306D01CE,00098163,PackageLocationPrimitive,ACTI,1061.050293,5848.000000,312.000000,0.0000
ChineseRemnants.esp,306D01CD,00098163,PackageLocationPrimitive,ACTI,1560.000000,5160.000000,312.000000,0.0000
ChineseRemnants.esp,306CBD76,00098163,PackageLocationPrimitive,ACTI,1528.000000,3184.000000,288.000000,0.0000
ChineseRemnants.esp,306CBD75,00098163,PackageLocationPrimitive,ACTI,792.000000,3848.000000,296.000000,0.0000
ChineseRemnants.esp,306CBD74,00098163,PackageLocationPrimitive,ACTI,304.000000,3112.000000,288.000000,0.0000
ChineseRemnants.esp,306CBD73,00098163,PackageLocationPrimitive,ACTI,800.000000,2912.000000,288.000000,0.0000
ChineseRemnants.esp,306C791F,301CA12B,00LvlChineseRemnant_FeralBoss,NPC_,1902.281250,2767.231201,157.999985,90.0000
ChineseRemnants.esp,306BAC1D,30001070,00LvlChineseRemnant_Captain,NPC_,824.000000,5728.000000,160.000000,90.0000
ChineseRemnants.esp,306BAC1C,30006493,00LvlChineseRemnant_Militant,NPC_,797.377319,2675.121582,158.000000,0.0000
ChineseRemnants.esp,306BAC1B,30006493,00LvlChineseRemnant_Militant,NPC_,832.000000,2496.000000,160.000000,0.0000
ChineseRemnants.esp,306BAC1A,30006493,00LvlChineseRemnant_Militant,NPC_,1048.000000,3336.000000,160.000000,180.0000
ChineseRemnants.esp,306BAC19,301BD42E,00LvlChineseRemnant_Liutenant,NPC_,312.000000,3360.000000,158.000000,180.0000
ChineseRemnants.esp,305A0D22,305A0D21,00QuestChineseRemnant_Locker,CONT,484.000000,3382.000000,158.000000,270.0000
ChineseRemnants.esp,3053E8E7,00075FE4,AmmoFusionCore,AMMO,1112.000000,6016.000000,216.000000,270.0000
ChineseRemnants.esp,3053E8E6,00026251,MuseumSpotWarm,LIGH,1164.622925,6005.670410,391.111908,90.0016
ChineseRemnants.esp,3053E8D5,00002CE2,PatrolIdleMarker,IDLM,1872.000000,5104.000000,160.000000,180.0000
ChineseRemnants.esp,30536030,00024572,NPCInvWallLean01,FURN,1052.000000,5552.000000,160.000000,180.0000
ChineseRemnants.esp,30520A8B,00024572,NPCInvWallLean01,FURN,912.000000,3408.000000,160.000000,180.0000
ChineseRemnants.esp,3051C63A,00095E5E,SteamTMetalDoor02,DOOR,1250.000000,3294.000000,158.000000,270.0001
ChineseRemnants.esp,30439E3F,0009F974,AmbushFeralGhoulGetUpA,FURN,3808.000000,3208.000000,288.000000,90.0000
ChineseRemnants.esp,3040F26B,0009F975,AmbushFeralGhoulGetUpB,FURN,2488.000000,3000.000000,160.000000,90.0000
ChineseRemnants.esp,3040F26A,0009F974,AmbushFeralGhoulGetUpA,FURN,2728.000000,2904.000000,160.000000,0.0000
ChineseRemnants.esp,3040F269,0009F974,AmbushFeralGhoulGetUpA,FURN,2738.646240,3497.498291,158.000000,180.0000
ChineseRemnants.esp,3040AE14,0009F975,AmbushFeralGhoulGetUpB,FURN,4816.000000,2768.000000,416.000000,315.0000
ChineseRemnants.esp,3040AE13,0009F974,AmbushFeralGhoulGetUpA,FURN,4792.000000,3312.000000,416.000000,270.0000
ChineseRemnants.esp,304069AB,0009F974,AmbushFeralGhoulGetUpA,FURN,1890.000000,2872.000000,158.000000,90.0000
ChineseRemnants.esp,304069AA,0009F975,AmbushFeralGhoulGetUpB,FURN,3200.000000,3376.000000,160.000000,90.0000
ChineseRemnants.esp,303E464F,0018EA20,MetalTrapdoorLadder02,DOOR,5344.000000,3034.000000,800.000000,270.0001
ChineseRemnants.esp,303E4648,00093EAC,SecurityGateLg02,ACTI,1794.000000,2782.000000,158.000000,90.0000
ChineseRemnants.esp,30364392,000998F4,IDCardReader01,ACTI,232.000000,3422.000000,256.000000,0.0000
ChineseRemnants.esp,3036438D,000BB48B,SecurityGateSm02A,ACTI,306.000000,3438.000000,158.000000,180.0000
ChineseRemnants.esp,301F90DB,301F90DA,00TerminalChineseRemnant_Captain,TERM,1166.000000,3804.000000,158.500000,90.0000
ChineseRemnants.esp,301B8FCC,000D981C,DefaultTerminalDeskCorded,TERM,2358.000000,3548.000000,156.000000,270.0000
ChineseRemnants.esp,30181783,00002CE2,PatrolIdleMarker,IDLM,948.000000,3972.000000,158.000000,270.0000
ChineseRemnants.esp,30178E5D,3000C203,00ChineseRemnantCaptain_Safe01_Main,CONT,1466.000000,3478.000000,158.000000,180.0000
ChineseRemnants.esp,301749FE,000D83CC,NpcChairIndustrialMetalOfficeSit01,FURN,814.000000,3546.000000,158.000000,270.0000
ChineseRemnants.esp,301749E7,000D83CC,NpcChairIndustrialMetalOfficeSit01,FURN,700.000000,4120.000000,158.000000,315.0000
ChineseRemnants.esp,301637D2,00002CE2,PatrolIdleMarker,IDLM,928.000000,2648.000000,158.000000,0.0000
ChineseRemnants.esp,3015F37A,00190CB6,ViciousDogSleepOnGround,FURN,896.000000,3256.000000,160.000000,90.0000
ChineseRemnants.esp,3015AF29,000EEFBD,PowerLiftButton01,ACTI,1144.000000,3204.000000,135.000000,90.0000
ChineseRemnants.esp,30152670,000AE440,NpcChairVaultSit03,FURN,932.000000,2424.000000,158.000000,0.0000
ChineseRemnants.esp,3015266E,000BB48A,SecurityGateSm01A,ACTI,674.000000,4926.000000,158.000000,90.0000
ChineseRemnants.esp,3014E20F,000D981B,DefaultTerminalWall,TERM,688.000000,5022.000000,154.000000,270.0001
ChineseRemnants.esp,30149D91,00002CE2,PatrolIdleMarker,IDLM,304.000000,3304.000000,160.000000,180.0000
ChineseRemnants.esp,30127A60,0011807C,NpcBenchFederalistSit01OneSlot,FURN,828.000000,4820.000000,158.000000,0.0000
ChineseRemnants.esp,30127A5E,30027910,00ChineseRemnant_TrunkSilver01_Main,CONT,1686.000000,5320.000000,158.000000,90.0000
ChineseRemnants.esp,301235FF,000EEFBD,PowerLiftButton01,ACTI,1222.698608,2402.546631,117.000000,87.7440
ChineseRemnants.esp,30A11980,3001F185,00LvlChineseRemnant_Dog,NPC_,-79.366844,-690.490723,-0.000031,90.0000
ChineseRemnants.esp,30A1197F,00190CB6,ViciousDogSleepOnGround,FURN,-256.000000,-696.000000,8.000000,90.0000
ChineseRemnants.esp,30A04C83,00024572,NPCInvWallLean01,FURN,-88.000000,600.000000,0.000000,0.0000
ChineseRemnants.esp,309FC3DC,000211F6,WoodCrate02,STAT,-352.000000,-308.000000,38.000000,0.0000
ChineseRemnants.esp,309FC3DB,000211F6,WoodCrate02,STAT,-352.000000,-308.000000,0.000000,0.0000
ChineseRemnants.esp,3094D27B,000A4920,DishRag01,MISC,363.657471,-859.210327,58.570251,5.0625
ChineseRemnants.esp,3094D27A,0601AABC,DLC04_DisciplesBlade,WEAP,-365.020660,774.508423,38.575886,299.5319
ChineseRemnants.esp,309048E9,00101818,ExitSignRedNSNonSpec,LIGH,0.000000,-1094.000000,332.000000,270.0000
ChineseRemnants.esp,309048E8,00101818,ExitSignRedNSNonSpec,LIGH,0.000000,-1094.000000,172.000000,270.0000
ChineseRemnants.esp,309048E7,00101818,ExitSignRedNSNonSpec,LIGH,0.000000,-1360.000000,264.000000,270.0000
ChineseRemnants.esp,309048E6,00101818,ExitSignRedNSNonSpec,LIGH,0.000000,-1358.000000,404.000000,270.0000
ChineseRemnants.esp,308C8BBC,06027705,DLC04_Armor_Pack_Heavy_Helmet_Animal_01,ARMO,-359.993561,383.981476,148.550842,90.0000
ChineseRemnants.esp,307F73F7,00059B0A,ShotGlass01,MISC,-369.910706,760.106018,38.169525,0.0000
ChineseRemnants.esp,307F73DD,00059ABA,CookingPot01,MISC,-362.000000,-678.000000,0.000000,0.0000
ChineseRemnants.esp,307F73DC,00059AEC,CookingPan01,MISC,-324.000000,-550.000000,57.527325,5.7296
ChineseRemnants.esp,307F73C2,000BEA58,Dogfood,ALCH,-364.050140,-730.899231,36.000000,45.8366
ChineseRemnants.esp,307F73B1,000E7E71,ChipBoard_Chip,MISC,366.146149,223.439972,127.185860,1.6370
ChineseRemnants.esp,307E1D17,00059ACC,Fuse,MISC,792.284302,64.477486,2.445181,359.7779
ChineseRemnants.esp,307E1D16,00059ACC,Fuse,MISC,802.171021,82.768898,2.440580,0.1414
ChineseRemnants.esp,307E1D15,001AAD69,MakeshiftBattery01,MISC,-102.000000,-302.000000,0.000000,11.4592
ChineseRemnants.esp,307E1D14,001AAD69,MakeshiftBattery01,MISC,-124.000000,-278.000000,0.000000,314.1634
ChineseRemnants.esp,307DD8BE,0602A185,DLC04_SouvenirSlothToy,MISC,-270.000000,112.000000,6.000000,352.9158
ChineseRemnants.esp,307DD8BD,0602689C,DLC04_SouvenirTeddyBear,MISC,-94.000000,198.000000,4.000000,184.9851
ChineseRemnants.esp,307DD8BB,00059A7E,DogBowl,MISC,-286.000000,310.000000,0.000000,262.5972
ChineseRemnants.esp,307DD8BA,00060EC7,Pillow_01_Straw,MISC,216.000000,-658.000000,5.613281,251.1381
ChineseRemnants.esp,307DD8B9,000342BA,Lightbulb_Broken,MISC,94.001785,821.992371,3.902717,180.0493
ChineseRemnants.esp,307DD8B7,000342BA,Lightbulb_Broken,MISC,79.910904,822.644958,3.904411,0.0419
ChineseRemnants.esp,307DD8B6,00058224,Lighter,MISC,-269.764740,829.424500,32.968750,315.1268
ChineseRemnants.esp,307DD8B5,06024538,DLC04_NukaCola_Quartz,ALCH,-56.000000,832.000000,-2.000000,165.1944
ChineseRemnants.esp,307DD8B4,0005821C,CigaretteCarton,MISC,-288.174103,809.857300,34.985516,270.0001
ChineseRemnants.esp,307DD8B3,000C9AD7,SurgicalScissors,MISC,144.000000,-308.000000,2.000000,68.7550
ChineseRemnants.esp,307DD8B1,00059B43,Scalpel,MISC,154.136215,-311.254852,12.233801,277.1887
ChineseRemnants.esp,307DD8AF,0021C00B,RadioactiveGland,MISC,128.135162,-308.587982,4.049818,47.4313
ChineseRemnants.esp,307DD8AE,000A4920,DishRag01,MISC,-146.702271,-60.985649,9.303862,348.6073
ChineseRemnants.esp,307DD8AD,00059A80,MetalBucket,MISC,-148.000000,-60.000000,0.000000,0.0000
ChineseRemnants.esp,307DD8AC,0005238F,Broom01,MISC,-166.000000,-20.000000,42.000000,90.0000
ChineseRemnants.esp,307DD8AA,000D75BC,NpcBedSleepingBagSleep01,FURN,216.000000,-566.000000,0.000000,0.0000
ChineseRemnants.esp,307DD8A9,000AE442,NpcChairVaultSit03Closed,MSTT,830.088562,520.274780,0.000000,180.0000
ChineseRemnants.esp,307DD8A8,000E7AB9,Sledgehammer,WEAP,482.000000,282.000000,2.000000,229.1832
ChineseRemnants.esp,307DD8A7,00059B1E,Turpentine,MISC,512.000000,544.000000,56.356728,0.0000
ChineseRemnants.esp,307DD8A6,0006C5AE,WonderglueLarge,MISC,492.000000,546.000000,56.256588,274.0564
ChineseRemnants.esp,307DD8A5,00060E78,DuctTapeMilitary,MISC,580.000000,544.000000,58.000000,0.0000
ChineseRemnants.esp,307DD8A4,00059B25,Wonderglue,MISC,340.000000,-472.000000,56.067692,0.0000
ChineseRemnants.esp,307DD8A3,00154AD2,CircuitBoardMilitary,MISC,778.000000,530.000000,76.000000,0.0000
ChineseRemnants.esp,307DD8A2,0004D1F3,Hammer01,MISC,662.000000,516.000000,41.429134,262.5973
ChineseRemnants.esp,307DD8A1,0011DA0F,Blowtorch,MISC,712.000000,538.000000,0.000000,302.7042
ChineseRemnants.esp,307DD8A0,0004D1F7,Wrench03,MISC,806.091125,74.274521,12.205552,225.8755
ChineseRemnants.esp,307DD89E,0005A0D3,Lightbulb,MISC,810.701111,70.846153,4.013407,269.9773
ChineseRemnants.esp,307DD89D,0005A0D3,Lightbulb,MISC,796.985535,77.956726,6.685466,125.6285
ChineseRemnants.esp,307DD89C,001A77E9,OfficeBoxPapersOpen01,MSTT,804.000000,74.000000,0.000000,68.7550
ChineseRemnants.esp,307DD89B,000A4920,DishRag01,MISC,530.000000,510.000000,56.362015,97.4029
ChineseRemnants.esp,307DD89A,00192D5D,DeskFanOfficeOff01,MISC,544.000000,538.000000,57.026329,177.6169
ChineseRemnants.esp,307DD899,000A4920,DishRag01,MISC,426.000000,134.000000,0.000000,216.7606
ChineseRemnants.esp,307DD898,00059A71,AbraxoCleaner,MISC,746.000000,50.000000,0.000000,91.6732
ChineseRemnants.esp,307DD897,000C437F,Coolant01,MISC,720.000000,112.000000,0.000000,233.9494
ChineseRemnants.esp,307DD896,00060E73,AntiFreeze,MISC,602.723022,50.489693,0.000000,166.1578
ChineseRemnants.esp,307DD895,0004B273,OilCan01,MISC,437.131378,92.976982,0.000000,228.2197
ChineseRemnants.esp,307DD894,0004D1F4,ScrewDriver01,MISC,588.834229,160.627289,23.529356,47.6037
ChineseRemnants.esp,307DD893,0004D1F3,Hammer01,MISC,586.000000,148.000000,2.000000,0.0000
ChineseRemnants.esp,307DD892,0004D1F7,Wrench03,MISC,594.017029,152.458099,14.793477,359.9072
ChineseRemnants.esp,307DD891,0004D1F6,Wrench02,MISC,581.990417,139.406448,14.711569,0.0474
ChineseRemnants.esp,307DD890,0004D1F5,Wrench01,MISC,540.000000,138.000000,0.300293,17.1887
ChineseRemnants.esp,307DD88F,001A5947,WoodBox01,MSTT,588.000000,146.000000,0.000000,0.0000
ChineseRemnants.esp,307DD88E,00059B11,Ladle,MISC,-342.819550,-851.401306,70.800217,178.8151
ChineseRemnants.esp,307DD88D,00060E73,AntiFreeze,MISC,301.167206,-793.151123,0.000000,0.0000
ChineseRemnants.esp,307DD88C,00059B40,Bonesaw,MISC,248.000000,-288.000000,63.948402,337.0817
ChineseRemnants.esp,307DD88B,00059B16,LabTtube01,MISC,218.000000,-284.000000,134.000000,0.0000
ChineseRemnants.esp,307DD88A,00059B16,LabTtube01,MISC,212.000000,-276.000000,134.000000,0.0000
ChineseRemnants.esp,307DD889,00059B16,LabTtube01,MISC,200.000000,-282.000000,134.000000,0.0000
ChineseRemnants.esp,307DD888,000EAFBE,WoodTtubeRack,MISC,212.000000,-280.000000,128.000000,91.6734
ChineseRemnants.esp,307DD887,00059B44,Scissors,MISC,230.000000,-278.000000,100.000000,97.4028
ChineseRemnants.esp,307DD886,00059AEB,Microscope,MISC,280.000000,-266.000000,98.000000,256.8678
ChineseRemnants.esp,307DD884,00176051,ChemistrySetBeaker02,MISC,231.398148,-271.246124,102.487411,248.0661
ChineseRemnants.esp,307DD883,000B91FF,MrHandyFuel,MISC,-362.000000,-362.000000,0.000000,0.0000
ChineseRemnants.esp,307DD882,001AB5EE,ChemistrySetCan03,MISC,102.000000,-262.000000,0.000000,320.8564
ChineseRemnants.esp,307DD881,00059AD8,SurgicalTray01,MISC,236.000000,-274.000000,99.146973,103.1324
ChineseRemnants.esp,307DD880,00176053,ChemistrySetBeaker04,MISC,204.000000,-282.000000,102.000000,0.0000
ChineseRemnants.esp,307DD87F,000EC8B6,Beaker_Stand,MISC,270.000000,-270.000000,134.000000,0.0000
ChineseRemnants.esp,307DD87E,00176050,ChemistrySetBeaker01,MISC,268.000000,-278.000000,68.000000,87.2702
ChineseRemnants.esp,307DD87D,00059B17,LabBeaker,MISC,226.000000,-276.000000,66.000000,0.0000
ChineseRemnants.esp,307DD87B,000EC8B8,BunsenBurner,MISC,200.000000,-280.000000,64.000000,0.0000
ChineseRemnants.esp,307D942A,001A77E9,OfficeBoxPapersOpen01,MSTT,90.000000,822.000000,0.000000,90.0000
ChineseRemnants.esp,307D9429,0004835A,NukaColaEmpty,MISC,95.760986,618.054688,5.737559,0.0000
ChineseRemnants.esp,307D9428,0001F909,TinCan03,MISC,-348.670990,604.343872,8.346950,13.1127
ChineseRemnants.esp,307D9427,0003B55B,MilkBottleEmpty,MISC,-350.000031,616.036560,2.525520,0.0063
ChineseRemnants.esp,307D9426,0001F908,TinCan02,MISC,-361.900513,615.465576,4.779548,335.8107
ChineseRemnants.esp,307D9425,000342BA,Lightbulb_Broken,MISC,-356.547699,607.774414,4.267407,179.9144
ChineseRemnants.esp,307D9424,001A5949,WoodBasket,MSTT,102.000000,608.000000,0.000000,0.0000
ChineseRemnants.esp,307D9423,001A5947,WoodBox01,MSTT,-94.000000,810.000000,12.000000,90.0013
ChineseRemnants.esp,307D9422,00140B22,Glass_Generic,MISC,-302.818970,807.188477,56.000000,90.0000
ChineseRemnants.esp,307D9420,0005821A,CigarettePack,MISC,-273.729767,815.966675,57.279655,336.5110
ChineseRemnants.esp,307D941F,000DEDED,BottleEmptyWine01,MISC,-280.000000,834.000000,56.000000,0.0000
ChineseRemnants.esp,307D941E,0008E371,Ashtray01_Filled,MISC,-268.000000,832.000000,56.000000,0.0000
ChineseRemnants.esp,307D941D,0006B165,BoardGame01,MISC,-368.000000,770.000000,1.928947,0.0000
ChineseRemnants.esp,307D941C,00059AB4,Chessboard,MISC,-358.000000,452.000000,2.000000,0.0000
ChineseRemnants.esp,307D941B,0003A9EC,OfficeBoxPapers02,STAT,350.000000,250.000000,2.000000,45.0000
ChineseRemnants.esp,307D941A,0001F8F9,FireExtinguisher01,MISC,-176.000000,544.000000,84.000000,270.0000
ChineseRemnants.esp,307D9418,0001F8FD,FireExtinguisherHolder01,STAT,-176.000000,552.000000,104.000000,0.0000
ChineseRemnants.esp,307D9414,0001F8F9,FireExtinguisher01,MISC,176.000000,-880.000000,76.000000,90.0000
ChineseRemnants.esp,307D9413,0001F8FD,FireExtinguisherHolder01,STAT,176.000000,-888.000000,96.000000,180.0000
ChineseRemnants.esp,307D9410,000C437F,Coolant01,MISC,376.000000,-642.000000,0.000000,135.0000
ChineseRemnants.esp,307D940E,001AB5ED,ChemistrySetCan02,MISC,906.000000,536.000000,0.000000,180.0000
ChineseRemnants.esp,307D940D,0005821A,CigarettePack,MISC,576.259827,510.544586,57.647293,0.0554
ChineseRemnants.esp,307D940C,00058224,Lighter,MISC,495.997406,525.525757,57.417648,90.0787
ChineseRemnants.esp,307D940B,0008E371,Ashtray01_Filled,MISC,494.000000,512.000000,56.362011,0.0000
ChineseRemnants.esp,307D940A,00059B33,GasCanister,MISC,456.000000,544.000000,0.000000,180.0000
ChineseRemnants.esp,307D9409,00059B33,GasCanister,MISC,424.000000,520.000000,0.000000,270.0000
ChineseRemnants.esp,307D9408,0011DA0F,Blowtorch,MISC,112.000000,-952.000000,40.000000,0.0000
ChineseRemnants.esp,307D9401,00060E77,MilitaryAmmoBag,MISC,1145.744873,527.848633,32.968754,177.6169
ChineseRemnants.esp,307D93FF,06024544,DLC04_NukaCola_Victory,ALCH,-366.000000,270.000000,0.004513,90.0000
ChineseRemnants.esp,307D93FE,0001F905,DeskFanOffice01,MISC,336.000000,240.000000,56.000000,225.0000
ChineseRemnants.esp,307D93F4,00154AD3,BiometricScanner,MISC,-112.000000,504.000000,148.626495,135.0000
ChineseRemnants.esp,307D93F3,000EF2D1,Clock02_Wall,STAT,0.000000,-248.000000,216.000000,0.0000
ChineseRemnants.esp,307D93F2,0005821C,CigaretteCarton,MISC,-370.000000,314.000000,110.489281,180.0000
ChineseRemnants.esp,307D93F1,0004D1F2,DuctTape01,MISC,84.000000,532.000000,58.869457,0.0000
ChineseRemnants.esp,307D93F0,00140AF0,FolderPapers01,MISC,-134.000000,70.000000,34.000000,180.0000
ChineseRemnants.esp,307D93EF,00059A83,Camera,MISC,300.000000,62.000000,106.045738,180.0000
ChineseRemnants.esp,307D93EE,000AE441,NpcChairVaultSit02Closed,MSTT,-353.781891,68.949997,0.000015,90.0000
ChineseRemnants.esp,307D93EC,0003A9ED,OfficeBoxPapers03,STAT,352.000000,534.000000,0.000000,57.2958
ChineseRemnants.esp,307D93EB,0003A9EB,OfficeBoxPapers01,STAT,60.000000,64.000000,0.000000,348.5410
ChineseRemnants.esp,307D93EA,0003A9EB,OfficeBoxPapers01,STAT,100.000000,64.000000,0.000000,0.0001
ChineseRemnants.esp,307D93E8,0003A9EC,OfficeBoxPapers02,STAT,80.000000,514.000000,2.000000,342.8113
ChineseRemnants.esp,307D93E7,0001D975,Globe01,MISC,-356.394592,189.223389,105.937492,229.1831
ChineseRemnants.esp,307D93E6,00059A83,Camera,MISC,-360.000000,448.000000,38.045811,240.6423
ChineseRemnants.esp,307D93E4,0001F92F,Clipboard01,MISC,-348.000000,142.000000,106.176750,268.3268
ChineseRemnants.esp,307D93E3,06019988,DLC04_Nukacade_Ticket01,MISC,72.000000,520.000000,56.588436,0.0000
ChineseRemnants.esp,307D93E2,00140D99,Pen01,MISC,36.000000,496.000000,57.039902,34.3775
ChineseRemnants.esp,307D93E1,00140AF0,FolderPapers01,MISC,344.000000,80.000000,106.270950,108.8620
ChineseRemnants.esp,307D93E0,001ACC8E,SensorModule,MISC,46.000000,60.000000,127.539261,0.0000
ChineseRemnants.esp,307D93DF,00060AA3,VacuumTube,MISC,-154.151566,63.290966,35.730270,89.7803
ChineseRemnants.esp,307D93DE,00154AD2,CircuitBoardMilitary,MISC,370.000000,270.000000,128.000000,0.0000
ChineseRemnants.esp,307D93DD,0011DA13,MagnifyingGlass,MISC,-90.000000,58.000000,36.000000,57.2958
ChineseRemnants.esp,307D93DC,00059AF8,Pencil,MISC,-94.302467,78.096756,56.000000,296.9747
ChineseRemnants.esp,307D93DB,0001F92F,Clipboard01,MISC,-114.772423,68.169563,56.000000,189.0761
ChineseRemnants.esp,307D93DA,001C88E7,Typewriter_Rare,MISC,-156.000000,56.000000,56.000000,168.5409
ChineseRemnants.esp,307D93D9,00059B15,Telephone01,MISC,-92.000000,54.000000,56.000000,180.0000
ChineseRemnants.esp,307D93D8,000366C3,Vodka,ALCH,-368.000000,304.000000,74.018372,270.0000
ChineseRemnants.esp,307D93D6,0004835F,NukaColaQuantum,ALCH,1087.977417,311.986633,97.082199,0.0000
ChineseRemnants.esp,307D93D5,000EF2D1,Clock02_Wall,STAT,-384.000061,298.115814,216.102402,270.0001
ChineseRemnants.esp,307D93D4,000EF2D1,Clock02_Wall,STAT,-384.000000,718.258789,216.926407,270.0000
ChineseRemnants.esp,307D93D3,00059B27,AlarmClock,MISC,-380.000000,776.000000,74.279694,270.0000
ChineseRemnants.esp,307D93D1,000AEF5B,Vault_FloorMat_Small_01,STAT,256.000000,766.000000,0.000000,0.0000
ChineseRemnants.esp,307D93D0,000AEF5B,Vault_FloorMat_Small_01,STAT,308.000000,692.000000,0.000000,0.0000
ChineseRemnants.esp,307D93CF,000AEF5B,Vault_FloorMat_Small_01,STAT,320.000000,756.000000,0.000000,0.0000
ChineseRemnants.esp,307D93CD,00091926,PlayerHouse_Ruin_BathroomRack01,STAT,212.000000,584.000000,112.000000,180.0000
ChineseRemnants.esp,307D93CB,00091926,PlayerHouse_Ruin_BathroomRack01,STAT,212.000000,840.000000,112.000000,0.0000
ChineseRemnants.esp,307D93C9,000366C1,Whiskey,ALCH,-370.000000,760.000000,74.000000,275.0198
ChineseRemnants.esp,307D93C8,00145857,Rum,ALCH,-362.000000,-704.000000,8.000000,275.6748
ChineseRemnants.esp,307D4F77,00059B1E,Turpentine,MISC,378.000000,-550.000000,0.000000,91.6733
ChineseRemnants.esp,307D4F76,00059A71,AbraxoCleaner,MISC,253.097778,591.719177,0.000000,74.4846
ChineseRemnants.esp,307D4F75,0019945F,Soap,MISC,172.198013,822.002869,3.035438,359.7765
ChineseRemnants.esp,307D4F74,00059A80,MetalBucket,MISC,176.000000,822.000000,0.000000,0.0000
ChineseRemnants.esp,307D4F73,001A594B,TrashcanMetalOffice01,MSTT,182.000000,612.000000,0.000000,0.0000
ChineseRemnants.esp,307D4F72,00059A71,AbraxoCleaner,MISC,368.063080,604.034851,2.604998,359.9529
ChineseRemnants.esp,307D4F71,0006D140,EnamelBucket01,MISC,368.000000,604.000000,0.000000,0.0000
ChineseRemnants.esp,307D4F70,00059AEE,Mop,MISC,376.000000,618.000000,38.889767,173.8142
ChineseRemnants.esp,307D4F6F,00059AFB,Plunger,MISC,306.676361,598.209106,0.000000,0.0000
ChineseRemnants.esp,307D4F6E,00060ECE,Toothbrush,MISC,292.000000,836.000000,90.000000,0.0000
ChineseRemnants.esp,307D4F6D,00199A88,Toothpaste,MISC,270.000000,816.000000,77.285156,91.6734
ChineseRemnants.esp,307D4F6C,0019945F,Soap,MISC,308.000000,824.000000,80.736107,85.9437
ChineseRemnants.esp,307D4F6B,001A594C,Bin_Plastic,MSTT,140.000000,-310.000000,0.000000,348.5409
ChineseRemnants.esp,307D4F6A,0004D1F2,DuctTape01,MISC,364.000000,-346.000000,37.821930,0.0000
ChineseRemnants.esp,307D4F69,0004D1F5,Wrench01,MISC,354.000000,-652.000000,0.000000,137.5099
ChineseRemnants.esp,307D4F68,00192D5D,DeskFanOfficeOff01,MISC,372.000000,-614.000000,98.000000,234.9128
ChineseRemnants.esp,307D4F67,00059B44,Scissors,MISC,340.000000,-514.000000,56.000000,176.6537
ChineseRemnants.esp,307D4F66,000657FB,CuttingFluid,MISC,339.996552,-406.000580,56.083012,183.3465
ChineseRemnants.esp,307D4F65,00059B3B,PaintCanFull,MISC,-106.000000,-1412.000000,245.703079,0.0000
ChineseRemnants.esp,307D4F63,00059B33,GasCanister,MISC,-58.000000,-1426.000000,144.000000,18.1522
ChineseRemnants.esp,307D4F62,000B91FF,MrHandyFuel,MISC,-144.000000,-862.000000,0.000000,188.1127
ChineseRemnants.esp,307D4F61,000D83BF,PipeWrench,WEAP,-102.000000,-1344.000000,184.103012,17.1888
ChineseRemnants.esp,307D4F60,00059A80,MetalBucket,MISC,364.000000,-858.000000,52.010281,0.0000
ChineseRemnants.esp,307D4F5F,0004D1F7,Wrench03,MISC,288.010529,-851.025879,40.254070,68.0041
ChineseRemnants.esp,307D4F5E,0004D1F6,Wrench02,MISC,258.000000,-738.000000,0.000000,126.0508
ChineseRemnants.esp,307D4F5D,0004D1F5,Wrench01,MISC,310.000000,-558.000000,8.592791,0.0000
ChineseRemnants.esp,307D4F5C,001A0B13,SmithingToolHammer02,MISC,338.589783,-282.848999,0.000000,256.8676
ChineseRemnants.esp,307D4F5B,001A0B14,SmithingToolHammer03,MISC,368.000000,-588.000000,97.840431,0.0000
ChineseRemnants.esp,307D4F5A,001A0B15,SmithingToolTongs01,MISC,322.681580,-444.703644,0.000000,0.0000
ChineseRemnants.esp,307D4F58,00173F02,SmithingToolSaw01,MISC,376.000000,-324.000000,34.000000,171.8874
ChineseRemnants.esp,307D4F56,000E1FF7,AutoPart02,MISC,294.000000,-658.000000,0.000000,154.6986
ChineseRemnants.esp,307D4F54,000E1FF9,AutoPart04,MISC,248.000000,-824.000000,0.000000,0.0000
ChineseRemnants.esp,307D4F53,000E1FF8,AutoPart03,MISC,308.058136,-818.064819,0.000000,154.6986
ChineseRemnants.esp,307D4F52,000E1FF6,AutoPart01,MISC,362.000000,-804.000000,0.000000,0.0000
ChineseRemnants.esp,307D4F51,000E1FF8,AutoPart03,MISC,344.000000,-572.000000,0.000000,34.3775
ChineseRemnants.esp,307D4F50,000E1FF6,AutoPart01,MISC,356.000000,-536.000000,0.000004,0.0000
ChineseRemnants.esp,307D4F4F,000E1FF7,AutoPart02,MISC,310.000000,-362.000000,0.000000,108.8620
ChineseRemnants.esp,307D4F4E,000E1FF9,AutoPart04,MISC,324.000000,-302.000000,0.000000,0.0000
ChineseRemnants.esp,307D4F4D,000FC9C3,LeadPipe,WEAP,-104.000000,-966.000000,43.031250,0.0000
ChineseRemnants.esp,307D4F4B,000A4920,DishRag01,MISC,98.000000,-1344.000000,173.919083,68.7550
ChineseRemnants.esp,307D4F4A,0006D140,EnamelBucket01,MISC,106.000000,-1304.000000,144.280594,0.0000
ChineseRemnants.esp,307D4F49,000A4920,DishRag01,MISC,-354.000000,-732.000000,8.007820,5.7296
ChineseRemnants.esp,307D4F41,0602689B,DLC04_Food_FunnelCake,ALCH,-298.000000,830.000000,56.000000,85.9437
ChineseRemnants.esp,307D4F40,000FFE09,Spoon_Wooden,MISC,-344.000000,-560.000000,70.000000,0.0000
ChineseRemnants.esp,307D4F3F,00140B22,Glass_Generic,MISC,-364.000000,-784.000000,106.000000,0.0000
ChineseRemnants.esp,307D4F3E,00140B22,Glass_Generic,MISC,-372.000000,-714.000000,8.000000,0.0000
ChineseRemnants.esp,307D4F3D,0602453D,DLC04_NukaCola_Wild,ALCH,-366.684204,-729.057861,7.999996,97.4028
ChineseRemnants.esp,307D4F3B,060138C5,DLC04_MeatSwarm,ALCH,-368.000000,-760.000000,82.000000,0.0000
ChineseRemnants.esp,307D4F3A,0602689A,DLC04_Food_CottonCandyBites,ALCH,-364.000000,-782.000000,82.000000,0.0000
ChineseRemnants.esp,307D4F39,0602689B,DLC04_Food_FunnelCake,ALCH,-359.149780,-751.553528,105.000000,0.0000
ChineseRemnants.esp,307D4F38,00059AE1,Knife_02_StainlessSteel,MISC,-346.000000,-282.000000,76.467285,85.9437
ChineseRemnants.esp,307D4F37,0604CBB9,DLC04_steakRadGazelle,ALCH,-338.551514,-302.263885,76.495750,279.7860
ChineseRemnants.esp,307D4F35,00060E93,Fork_02_StainlessSteel,MISC,-340.000000,-292.000000,76.517090,91.6732
ChineseRemnants.esp,307D4F34,00059AFA,Plate_01_Plastic,MISC,-340.000000,-298.000000,75.088524,0.0000
ChineseRemnants.esp,307D4F33,060138C4,DLC04_MeatCaveCricket,ALCH,-364.000000,-734.000000,82.000000,319.8930
ChineseRemnants.esp,307D4F32,0604AA1C,DLC04_SteakGatorclaw,ALCH,-346.000000,-606.000000,74.000000,0.0000
ChineseRemnants.esp,307D4F31,000211C4,CoffeeCup01,MISC,-372.000000,-728.000000,106.000000,90.0000
ChineseRemnants.esp,307D4F30,000FFE09,Spoon_Wooden,MISC,-370.000000,-750.000000,106.000000,0.0000
ChineseRemnants.esp,307D4F2E,00060E93,Fork_02_StainlessSteel,MISC,-362.138916,-775.376770,12.203576,176.6536
ChineseRemnants.esp,307D4F2D,00060E93,Fork_02_StainlessSteel,MISC,-370.766296,-781.901672,12.202030,0.0000
ChineseRemnants.esp,307D4F2C,00060E96,Spoon_02_StainlessSteel,MISC,-361.556061,-754.310059,10.802787,183.3465
ChineseRemnants.esp,307D4F2B,00059B10,Spoon_01_Plastic,MISC,-366.693665,-754.495728,10.805869,0.0000
ChineseRemnants.esp,307D4F2A,00059B10,Spoon_01_Plastic,MISC,120.000000,496.000000,56.613792,314.1634
ChineseRemnants.esp,307D4F29,0602689D,DLC04_SouvenirCoffeeCup01,MISC,108.000000,492.000000,56.000000,131.7803
ChineseRemnants.esp,307D4F28,0602689D,DLC04_SouvenirCoffeeCup01,MISC,-362.000000,-772.000000,106.000000,34.3775
ChineseRemnants.esp,307D4F27,000211CC,CoffeePot01,MISC,-378.000000,-748.000000,128.000000,45.8366
ChineseRemnants.esp,307D4F26,00023C32,Bowl_02_Ceramic,MISC,-354.000000,-712.000000,106.000000,0.0000
ChineseRemnants.esp,307D4F25,00023C32,Bowl_02_Ceramic,MISC,-366.000000,-718.000000,106.000000,0.0000
ChineseRemnants.esp,307D4F24,00023C32,Bowl_02_Ceramic,MISC,254.000000,76.000000,106.442513,0.0000
ChineseRemnants.esp,307D4F23,00017C73,NoodleCup,ALCH,-178.291641,-835.144104,40.112991,0.0000
ChineseRemnants.esp,307D4F20,00060E90,Plate_02_Dinner,MISC,-367.743134,-777.995911,10.794917,0.0067
ChineseRemnants.esp,307D4F1E,00060E90,Plate_02_Dinner,MISC,-366.000000,-754.000000,8.000000,0.0000
ChineseRemnants.esp,307D4F1D,00060E90,Plate_02_Dinner,MISC,-364.000519,-778.001038,9.396746,0.0000
ChineseRemnants.esp,307D4F1C,00060E90,Plate_02_Dinner,MISC,-363.200897,-778.304688,7.999992,0.0000
ChineseRemnants.esp,307D0AC7,00023C32,Bowl_02_Ceramic,MISC,-369.186493,-704.668884,105.000000,0.0000
ChineseRemnants.esp,307D0AC4,0604B419,DLC04_MeatRadgazelle,ALCH,-357.998962,-761.996887,37.761330,111.9197
ChineseRemnants.esp,307D0AC3,0604B419,DLC04_MeatRadgazelle,ALCH,-357.872589,-717.927612,60.784222,112.5265
ChineseRemnants.esp,307D0AC2,060138EE,DLC04_MeatRadAnt,ALCH,-367.941223,-712.042236,40.002403,0.0000
ChineseRemnants.esp,307D0ABE,0604AA1E,DLC04_MeatNukalurk,ALCH,-370.000000,-780.000000,59.034687,0.0000
ChineseRemnants.esp,307D0ABD,0604AA1E,DLC04_MeatNukalurk,ALCH,-370.001404,-705.999512,81.931900,0.0000
ChineseRemnants.esp,307D0AB5,060138C3,DLC04_MeatBloodworm,ALCH,-338.000000,-850.000000,56.000000,339.2288
ChineseRemnants.esp,307D0AB3,000657FE,VegetableStarch,MISC,-360.000000,-752.000000,59.044098,0.0000
ChineseRemnants.esp,307D0AB2,00059ADB,HotPlate,MISC,-366.000000,-728.000000,128.043335,0.0000
ChineseRemnants.esp,307D0AB0,000AF8EF,KitchenScale,MISC,-362.000000,-778.000000,128.000000,257.8311
ChineseRemnants.esp,307D0AAD,00033FE0,Machete,WEAP,-352.000000,-638.000000,73.646416,337.0817
ChineseRemnants.esp,307D0AAB,00059ABC,CuttingBoard,MISC,-346.000000,-608.000000,72.000000,270.0000
ChineseRemnants.esp,307D0AAA,00061FA7,CookingOil,MISC,-370.000000,-700.000000,128.000000,0.0000
ChineseRemnants.esp,307D0AA8,00059A7A,BigPot,MISC,-342.000000,-854.000000,52.000000,315.0000
ChineseRemnants.esp,307D0AA5,060296B8,DLC04_Armor_SpaceSuit_Helmet,ARMO,1196.000000,410.000000,43.893639,270.0000
ChineseRemnants.esp,307D0AA4,0600D2AE,DLC04_Armor_SpaceSuit,ARMO,1188.000000,448.000000,44.000000,270.0001
ChineseRemnants.esp,307D0AA3,00058224,Lighter,MISC,-361.525726,-313.991974,77.877571,26.4845
ChineseRemnants.esp,307D0AA2,00059AB5,Cigarette_Off01,MISC,-343.993713,-333.000702,77.121490,90.0002
ChineseRemnants.esp,307D0AA1,0008E371,Ashtray01_Filled,MISC,-335.981201,-319.989899,75.821701,0.0000
ChineseRemnants.esp,307D0AA0,00059A9A,Loot_Toolbox,CONT,104.000000,-1392.000000,213.000000,180.0000
ChineseRemnants.esp,307D0A97,000A1395,IndustrialFanSmall,STAT,672.000000,552.000000,200.000000,180.0000
ChineseRemnants.esp,307D0A95,000C1897,AmmoFusionCell,AMMO,1206.000000,390.000000,136.915604,0.0000
ChineseRemnants.esp,307D0A94,000C1897,AmmoFusionCell,AMMO,1210.000000,396.000000,136.915604,0.0000
ChineseRemnants.esp,307D0A93,000C1897,AmmoFusionCell,AMMO,1200.000000,378.000000,136.915619,0.0000
ChineseRemnants.esp,307D0A92,000C1897,AmmoFusionCell,AMMO,1206.000000,372.000000,136.915619,0.0000
ChineseRemnants.esp,307D0A91,000C1897,AmmoFusionCell,AMMO,1208.000000,382.000000,136.915604,0.0000
ChineseRemnants.esp,307D0A8C,0004B6EA,Loot_Prewar_Medkit_Wall,CONT,-136.000000,-256.000000,128.000000,180.0000
ChineseRemnants.esp,307D0A8A,0004B6EA,Loot_Prewar_Medkit_Wall,CONT,-384.000000,88.000000,128.000000,90.0000
ChineseRemnants.esp,307D0A86,0004B6EA,Loot_Prewar_Medkit_Wall,CONT,959.999939,332.906799,127.782204,90.0000
ChineseRemnants.esp,307D0A84,0020A6FD,Loot_Medkit_Chems_Dirty,CONT,1134.650146,317.048279,97.000000,0.0000
ChineseRemnants.esp,307D0A83,000E6B2E,AmmoFatManMiniNuke,AMMO,1208.000000,434.000000,143.294266,17.1888
ChineseRemnants.esp,307D0A7E,0009221C,Ammo44,AMMO,1200.000000,476.000000,136.000000,0.0000
ChineseRemnants.esp,307D0A7D,0009221C,Ammo44,AMMO,1212.000000,480.000000,136.000000,0.0000
ChineseRemnants.esp,307D0A7C,0009221C,Ammo44,AMMO,1202.000000,482.000000,136.000000,0.0000
ChineseRemnants.esp,307D0A7B,0009221C,Ammo44,AMMO,1206.000000,478.000000,136.000000,0.0000
ChineseRemnants.esp,307D0A7A,0009221C,Ammo44,AMMO,1208.278931,480.924133,136.891113,0.0000
ChineseRemnants.esp,307D0A79,060415B3,DLC04_Revolver,WEAP,1202.978027,460.909790,138.753220,279.1228
ChineseRemnants.esp,307D0A78,0018B217,Loot_DuffleBag_Cash,CONT,1108.000000,322.000000,130.000000,348.5410
ChineseRemnants.esp,307D0A77,307D0A76,00ChineseRemnant_DuffleBag_AssautlRifle,CONT,1110.000000,528.000000,98.000000,171.8874
ChineseRemnants.esp,307D0A75,00060CB4,Loot_AmmoBox,CONT,1082.000000,320.000000,64.000000,169.3776
ChineseRemnants.esp,307D0A74,00060CB4,Loot_AmmoBox,CONT,1100.000000,534.000000,32.000000,74.4847
ChineseRemnants.esp,307D0A73,00060CB4,Loot_AmmoBox,CONT,1128.000000,530.000000,66.000000,354.2705
ChineseRemnants.esp,307D0A72,00060CB4,Loot_AmmoBox,CONT,1082.000000,530.000000,66.000000,28.6479
ChineseRemnants.esp,307D0A71,00060CB4,Loot_AmmoBox,CONT,1092.000000,312.000000,32.000000,111.2451
ChineseRemnants.esp,307D0A70,00060CB4,Loot_AmmoBox,CONT,1144.000000,320.000000,32.000000,202.9183
ChineseRemnants.esp,307D0A6F,00060CB4,Loot_AmmoBox,CONT,1144.000000,320.000000,64.000000,135.0000
ChineseRemnants.esp,307D0A6E,000A1395,IndustrialFanSmall,STAT,-384.000000,-602.746277,205.759399,90.0000
ChineseRemnants.esp,307D0A6D,000A1395,IndustrialFanSmall,STAT,384.000000,-602.746277,205.759399,270.0000
ChineseRemnants.esp,307D0A6C,000E6DB0,DecoGreebFree01,STAT,-140.000000,-1112.000000,336.000000,270.0000
ChineseRemnants.esp,307D0A6B,000E6DB1,DecoGreebFree02,STAT,-142.000000,-1364.000000,392.000000,270.0000
ChineseRemnants.esp,307D0A6A,000E6DB0,DecoGreebFree01,STAT,140.000000,-1112.000000,336.000000,90.0001
ChineseRemnants.esp,307D0A69,000E6DB1,DecoGreebFree02,STAT,142.000000,-1364.000000,392.000000,90.0000
ChineseRemnants.esp,307D0A68,000BF83F,GenericPosterGroup06,STAT,88.000000,551.000000,128.000000,0.0000
ChineseRemnants.esp,307D0A67,000BF83C,GenericPosterGroup03,STAT,-128.000000,41.000000,128.000000,180.0000
ChineseRemnants.esp,307D0A5C,000E6F28,BulletinBoard01Static,STAT,84.000000,552.000000,128.000000,0.0000
ChineseRemnants.esp,307D0A5B,000E6F28,BulletinBoard01Static,STAT,-128.000000,40.000000,128.000000,180.0000
ChineseRemnants.esp,3074C06A,00018FAB,ExitSignOff01,STAT,0.000000,-897.245178,256.000000,0.0000
ChineseRemnants.esp,3074C069,00101818,ExitSignRedNSNonSpec,LIGH,0.000000,-1240.000000,264.000000,270.0000
ChineseRemnants.esp,3074C068,00101818,ExitSignRedNSNonSpec,LIGH,0.000000,-1240.000000,368.000000,270.0000
ChineseRemnants.esp,3074C066,0002EB0E,GlowFillRoundMid,STAT,0.000000,-1256.000000,378.000000,270.0000
ChineseRemnants.esp,3074C065,00018FAA,ExitSignOn01,STAT,0.000000,-1256.848755,389.000000,0.0000
ChineseRemnants.esp,3074C060,0001CE94,FluorescentLightThin01,STAT,784.000000,296.000000,256.000000,270.0000
ChineseRemnants.esp,3074C05F,0002B770,FluorescentLightBeam01Thin,MSTT,784.000000,296.000000,256.000000,270.0000
ChineseRemnants.esp,3074C05E,0010172B,MuseumBounceWarm04NSNonSpec,LIGH,777.167542,285.921936,74.277237,117.0447
ChineseRemnants.esp,3074C05D,0004DE07,MuseumBounceWarm04NS,LIGH,789.837463,296.600769,113.649429,117.0447
ChineseRemnants.esp,3074C05C,0001CE94,FluorescentLightThin01,STAT,528.000000,296.000000,256.000000,270.0000
ChineseRemnants.esp,3074C05B,0002B770,FluorescentLightBeam01Thin,MSTT,528.000000,296.000000,256.000000,270.0000
ChineseRemnants.esp,3074C05A,0010172B,MuseumBounceWarm04NSNonSpec,LIGH,521.167542,285.921936,74.277206,117.0447
ChineseRemnants.esp,3074C059,0004DE07,MuseumBounceWarm04NS,LIGH,533.837463,296.600769,113.649399,117.0447
ChineseRemnants.esp,30747BF4,0001CE94,FluorescentLightThin01,STAT,0.000000,-456.000000,256.000000,0.0000
ChineseRemnants.esp,30747BF3,0002B770,FluorescentLightBeam01Thin,MSTT,0.000000,-456.000000,256.000000,0.0000
ChineseRemnants.esp,30747BF2,0010172B,MuseumBounceWarm04NSNonSpec,LIGH,-10.078079,-449.167542,74.277206,291.5356
ChineseRemnants.esp,30747BF1,0004DE07,MuseumBounceWarm04NS,LIGH,0.600754,-461.837402,113.649399,291.5356
ChineseRemnants.esp,30747BF0,0001CE94,FluorescentLightThin01,STAT,0.000000,-752.000000,256.000000,0.0000
ChineseRemnants.esp,30747BEF,0002B770,FluorescentLightBeam01Thin,MSTT,0.000000,-752.000000,256.000000,0.0000
ChineseRemnants.esp,30747BEE,0010172B,MuseumBounceWarm04NSNonSpec,LIGH,-10.078079,-745.167542,74.277222,291.5356
ChineseRemnants.esp,30747BED,0004DE07,MuseumBounceWarm04NS,LIGH,0.600754,-757.837402,113.649414,291.5356
ChineseRemnants.esp,30747BEA,0001D0C3,LightbulbOn01,STAT,1088.000000,424.000000,256.000000,0.0000
ChineseRemnants.esp,30747BE9,00056723,defaultLightCool02NS,LIGH,1091.018799,423.806885,155.302475,0.0000
ChineseRemnants.esp,30747BE8,000D8555,defaultLightCool02NSNonSpec,LIGH,1088.464355,423.258789,145.560242,0.0000
ChineseRemnants.esp,3073F330,0001D0C3,LightbulbOn01,STAT,264.000000,712.000000,256.000000,0.0000
ChineseRemnants.esp,3073F32F,00056723,defaultLightCool02NS,LIGH,267.018799,711.806885,155.302460,0.0000
ChineseRemnants.esp,3073F32E,000D8555,defaultLightCool02NSNonSpec,LIGH,264.464355,711.258789,145.560242,0.0000
ChineseRemnants.esp,3073F32D,0001D0C3,LightbulbOn01,STAT,-112.000000,720.000000,256.000000,0.0000
ChineseRemnants.esp,3073F32C,00056723,defaultLightCool02NS,LIGH,-108.981201,719.806885,155.302490,0.0000
ChineseRemnants.esp,3073F32B,000D8555,defaultLightCool02NSNonSpec,LIGH,-111.535645,719.258789,145.560242,0.0000
ChineseRemnants.esp,3073F32A,00001B90,CeilingLamp02On,STAT,-176.000000,296.000000,256.000000,0.0000
ChineseRemnants.esp,3073F329,000D8555,defaultLightCool02NSNonSpec,LIGH,-172.594696,299.409180,128.901886,0.0000
ChineseRemnants.esp,3073F328,00056723,defaultLightCool02NS,LIGH,-172.594696,299.409180,170.875870,0.0000
ChineseRemnants.esp,3073F327,00001B90,CeilingLamp02On,STAT,176.000000,296.000000,256.000000,0.0000
ChineseRemnants.esp,3073F326,000D8555,defaultLightCool02NSNonSpec,LIGH,179.405304,299.409180,128.901886,0.0000
ChineseRemnants.esp,3073F325,00056723,defaultLightCool02NS,LIGH,179.405304,299.409180,170.875870,0.0000
ChineseRemnants.esp,3073F31F,0001D0B7,EmergencyLightOn01,STAT,-256.000000,8.000000,216.000000,0.0000
ChineseRemnants.esp,3073F31E,0002B76C,EmergencyLightBeamSet01,MSTT,-256.000000,8.000000,216.000000,0.0000
ChineseRemnants.esp,3073F31D,000D8556,DefaultLightWhite01NSNonSpec,LIGH,-254.581299,-123.158684,111.059502,90.5027
ChineseRemnants.esp,3073F31C,000517B0,DefaultLightWhite01NS,LIGH,-258.429932,-87.202148,111.059502,90.5027
ChineseRemnants.esp,3069451C,001338F9,NPCNewspaperLeanLeft,FURN,264.000000,122.000000,0.000000,270.0000
ChineseRemnants.esp,3067EF74,00024572,NPCInvWallLean01,FURN,-296.000000,-440.000000,8.000000,90.0000
ChineseRemnants.esp,3066DE26,00064A47,Loot_DuffleBag_Guns,CONT,-128.000000,80.000000,0.000000,0.0000
ChineseRemnants.esp,3066DE25,00064A47,Loot_DuffleBag_Guns,CONT,-376.000000,744.000000,148.000000,90.0000
ChineseRemnants.esp,3066DE24,30037DE6,00ChineseRemnant_DuffleBag_CombatRifle,CONT,1112.000000,336.000000,0.000000,0.0000
ChineseRemnants.esp,3066DE23,30037DE6,00ChineseRemnant_DuffleBag_CombatRifle,CONT,1112.000000,512.000000,0.000000,0.0000
ChineseRemnants.esp,30629864,0001820C,MetalTable01,STAT,-128.000000,64.000000,0.000000,0.0000
ChineseRemnants.esp,30629863,000AE442,NpcChairVaultSit03Closed,MSTT,366.000000,136.000000,0.000000,270.0000
ChineseRemnants.esp,30629862,00140620,ConsoleTowerBMid01a,SCOL,48.000000,56.000000,0.000000,180.0000
ChineseRemnants.esp,30629861,00140621,ConsoleTowerBMid01b,SCOL,96.000000,56.000000,0.000000,180.0000
ChineseRemnants.esp,30629860,00140615,ConsoleTowerBFull01,SCOL,368.000000,248.000000,0.000000,90.0000
ChineseRemnants.esp,3062540D,000018FB,ConBig02,STAT,280.000000,523.000000,0.000000,0.0000
ChineseRemnants.esp,3060FE4E,0001F441,FederalistBookcase01,STAT,-364.000000,-744.000000,0.000000,180.0000
ChineseRemnants.esp,3060B9FD,000211F5,WoodCrate01,STAT,-96.000000,-1416.000000,194.000000,0.0000
ChineseRemnants.esp,3060B9FC,000211F5,WoodCrate01,STAT,-96.000000,-1416.000000,144.000000,0.0000
ChineseRemnants.esp,3060B9FB,000211F6,WoodCrate02,STAT,96.000000,-1392.000000,174.000000,0.0000
ChineseRemnants.esp,3060B9FA,0001820E,MetalTable02,STAT,-280.000000,816.000000,0.000000,0.0000
ChineseRemnants.esp,306075A9,001C8FD0,IndCatConc1Way01_NoRails,STAT,0.000000,-1360.000000,128.000000,90.0000
ChineseRemnants.esp,306075A6,00048107,IndFrameCat256x256EmptyShape01,STAT,0.000000,-1436.000000,-144.000000,90.0000
ChineseRemnants.esp,306075A5,00048107,IndFrameCat256x256EmptyShape01,STAT,0.000000,-1284.000000,-144.000000,90.0000
ChineseRemnants.esp,305FA8B1,0004A9DD,BldgShellFloorConcrete01,STAT,0.000000,-1400.000000,0.000000,0.0000
ChineseRemnants.esp,305FA8AC,00057D37,BldgShellFloorConcrete01Full,STAT,0.000000,-1144.000000,421.000000,0.0000
ChineseRemnants.esp,305FA8AA,0004A9DD,BldgShellFloorConcrete01,STAT,0.000000,-1016.000000,384.000000,0.0000
ChineseRemnants.esp,305FA8A7,00057D37,BldgShellFloorConcrete01Full,STAT,0.000000,-1400.000000,536.000000,0.0000
ChineseRemnants.esp,305FA8A5,00067994,BldConcBgWall01,STAT,-16.000000,-1016.000000,0.000000,0.0000
ChineseRemnants.esp,305FA8A4,00067994,BldConcBgWall01,STAT,-16.000000,-1272.000000,0.000000,0.0000
ChineseRemnants.esp,305FA8A3,00067994,BldConcBgWall01,STAT,-16.000000,-1528.000000,0.000000,0.0000
ChineseRemnants.esp,305FA8A2,00067994,BldConcBgWall01,STAT,16.000000,-1016.000000,0.000000,180.0000
ChineseRemnants.esp,305FA8A0,00067994,BldConcBgWall01,STAT,16.000000,-1528.000000,0.000000,180.0000
ChineseRemnants.esp,305FA89F,00067994,BldConcBgWall01,STAT,16.000000,-1272.000000,0.000000,180.0000
ChineseRemnants.esp,305FA89E,00067994,BldConcBgWall01,STAT,0.000000,-1336.000000,0.000000,270.0000
ChineseRemnants.esp,305FA89D,001C8FBF,IndCatConcStairsHalf01,STAT,0.000000,-1144.000000,16.000000,180.0000
ChineseRemnants.esp,305FA89B,001C8FD0,IndCatConc1Way01_NoRails,STAT,0.000000,-1360.000000,144.000000,90.0000
ChineseRemnants.esp,305EDB83,0004A9DD,BldgShellFloorConcrete01,STAT,256.000000,-888.000000,0.000000,0.0000
ChineseRemnants.esp,305EDB82,0004A9DD,BldgShellFloorConcrete01,STAT,-256.000000,-888.000000,0.000000,0.0000
ChineseRemnants.esp,305E972C,000560DC,defaultLightWarm01NS,LIGH,795.377197,138.329605,119.111900,180.2408
ChineseRemnants.esp,305E972B,000560DC,defaultLightWarm01NS,LIGH,795.377197,138.329605,199.111893,180.2408
ChineseRemnants.esp,305E972A,00017A89,HoodedLamp01,STAT,883.375977,137.959503,175.111893,180.2408
ChineseRemnants.esp,305E9729,0006704A,PowerGenerator01,MSTT,879.847412,200.498703,3.060608,0.0000
ChineseRemnants.esp,305E9728,000211F6,WoodCrate02,STAT,768.000000,528.000000,38.000000,270.0000
ChineseRemnants.esp,305E9727,000211F6,WoodCrate02,STAT,768.000000,526.000000,0.000000,270.0000
ChineseRemnants.esp,305E9721,001A594B,TrashcanMetalOffice01,MSTT,-352.000000,616.000000,0.000000,0.0000
ChineseRemnants.esp,305E52D0,00022563,BldWoodPDoor02,DOOR,144.000000,712.000000,0.000000,0.0000
ChineseRemnants.esp,305E0E7B,00067A2A,BldConcSmCeilOnly01,STAT,288.000000,712.000000,32.000000,90.0000
ChineseRemnants.esp,305E0E79,00067A2A,BldConcSmCeilOnly01,STAT,0.000000,712.000000,32.000000,90.0000
ChineseRemnants.esp,305E0E78,00067A2A,BldConcSmCeilOnly01,STAT,-256.000000,712.000000,32.000000,90.0000
ChineseRemnants.esp,305DCA27,00018C93,IndMetalDoor01,DOOR,-256.000000,568.000000,0.000000,0.0000
ChineseRemnants.esp,305DCA26,00067AA6,BldConcSmWall01,STAT,272.000000,712.000000,0.000000,180.0000
ChineseRemnants.esp,305D85D5,301C5CD3,00TurretBubble_ChineseRemnant,NPC_,-360.000000,64.000000,256.000000,44.9999
ChineseRemnants.esp,305D85D2,0020DE62,Vault_WaterFountain01_Rads,ACTI,-384.000000,-56.000000,0.000000,270.0001
ChineseRemnants.esp,305D4180,0006799B,BldConcMdWall01,STAT,0.000000,-1384.000000,389.000000,90.0000
ChineseRemnants.esp,305CB8D0,000211F7,WoodCrate03,STAT,96.000000,-1384.000000,144.000000,0.0000
ChineseRemnants.esp,305CB8C8,0004A9DD,BldgShellFloorConcrete01,STAT,-256.000000,-120.000000,256.000000,0.0000
ChineseRemnants.esp,305CB8C7,0004A9DD,BldgShellFloorConcrete01,STAT,-256.000000,-376.000000,256.000000,0.0000
ChineseRemnants.esp,305CB8C6,0004A9DD,BldgShellFloorConcrete01,STAT,256.000000,-376.000000,256.000000,0.0000
ChineseRemnants.esp,305CB8C5,0004A9DD,BldgShellFloorConcrete01,STAT,0.000000,-376.000000,256.000000,0.0000
ChineseRemnants.esp,305CB8C4,0004A9DD,BldgShellFloorConcrete01,STAT,256.000000,-632.000000,256.000000,0.0000
ChineseRemnants.esp,305CB8C3,0004A9DD,BldgShellFloorConcrete01,STAT,0.000000,-632.000000,256.000000,0.0000
ChineseRemnants.esp,305CB8C2,0004A9DD,BldgShellFloorConcrete01,STAT,-256.000000,-632.000000,256.000000,0.0000
ChineseRemnants.esp,305CB8C0,0004A9DD,BldgShellFloorConcrete01,STAT,256.000000,-888.000000,256.000000,0.0000
ChineseRemnants.esp,305CB8BF,0004A9DD,BldgShellFloorConcrete01,STAT,-256.000000,-888.000000,256.000000,0.0000
ChineseRemnants.esp,305CB8BE,0004A9DD,BldgShellFloorConcrete01,STAT,0.000000,-888.000000,256.000000,0.0000
ChineseRemnants.esp,305CB8BC,00038C21,Loot_Raider_ExplosivesBox,CONT,1008.000000,312.000000,0.000000,0.0000
ChineseRemnants.esp,305CB8BB,00038C21,Loot_Raider_ExplosivesBox,CONT,1008.000000,536.000000,0.000000,180.0000
ChineseRemnants.esp,304AD4CE,0018F36A,FloorDrain01,STAT,352.000000,712.000000,0.000000,0.0000
ChineseRemnants.esp,304AD4CD,00118340,OfficeFileCabine01Static,STAT,-346.000000,192.000000,0.000000,264.2704
ChineseRemnants.esp,304AD4CB,000BD52E,OfficeFileCabinet02,CONT,296.000000,64.000000,0.000000,180.0001
ChineseRemnants.esp,304AD4CA,000BD52E,OfficeFileCabinet02,CONT,336.000000,64.000000,0.000000,180.0000
ChineseRemnants.esp,304AD4C9,00049622,OfficeFileCabinet01_Prewar,CONT,256.000000,64.000000,0.000000,180.0000
ChineseRemnants.esp,304AD4C6,0011EB5C,Prewar_Locker_Wall01,CONT,-368.000000,736.000000,0.000000,270.0001
ChineseRemnants.esp,304AD4C5,00091431,PlayerHouse_Ruin_BathroomMirror02,CONT,288.000000,840.000000,128.000000,0.0000
ChineseRemnants.esp,304AD4C3,000BA4B5,SecurityGateSmLatch02,DOOR,-256.000000,24.000000,0.000000,180.0000
ChineseRemnants.esp,304A906F,00067AA6,BldConcSmWall01,STAT,256.000000,728.000000,0.000000,90.0000
ChineseRemnants.esp,304A906E,00067A95,BldConcSmWallScktA01,STAT,16.000000,712.000000,0.000000,180.0000
ChineseRemnants.esp,304A4C1C,00067AA6,BldConcSmWall01,STAT,-272.000000,424.000000,0.000000,0.0000
ChineseRemnants.esp,304A4C1B,00067A93,BldConcSmWallPlugADoor01,STAT,-256.000000,568.000000,0.000000,90.0000
ChineseRemnants.esp,304A4C1A,00067A95,BldConcSmWallScktA01,STAT,-256.000000,440.000000,0.000000,90.0000
ChineseRemnants.esp,304A4C19,00067AA6,BldConcSmWall01,STAT,-272.000000,712.000000,0.000000,0.0000
ChineseRemnants.esp,304A07C8,0011EB5B,Prewar_Locker_Wall02,CONT,-360.000000,400.000000,0.000000,270.0000
ChineseRemnants.esp,304A07C7,00175500,FootLocker01,CONT,-164.000000,672.000000,0.000000,0.0000
ChineseRemnants.esp,304A07C4,000AB568,NpcBedVaultBunkLay01,FURN,-160.000000,752.000000,0.000000,0.0000
ChineseRemnants.esp,304A07C3,00067AA6,BldConcSmWall01,STAT,0.000000,696.000000,0.000000,270.0000
ChineseRemnants.esp,304A07C1,00067AA6,BldConcSmWall01,STAT,-256.000000,728.000000,0.000000,90.0000
ChineseRemnants.esp,304A07BB,00067A40,BldConcSmFlrOnly01,STAT,0.000000,712.000000,0.000000,90.0000
ChineseRemnants.esp,304A07BA,000AB568,NpcBedVaultBunkLay01,FURN,8.000000,752.000000,0.000000,0.0000
ChineseRemnants.esp,304A07B9,00067AA6,BldConcSmWall01,STAT,0.000000,728.000000,0.000000,90.0000
ChineseRemnants.esp,304A07B8,00067A40,BldConcSmFlrOnly01,STAT,256.000000,712.000000,0.000000,90.0000
ChineseRemnants.esp,304A07B7,00067A93,BldConcSmWallPlugADoor01,STAT,144.000000,712.000000,0.000000,180.0000
ChineseRemnants.esp,3048F65C,00067A2A,BldConcSmCeilOnly01,STAT,-256.000000,424.000000,32.000000,90.0000
ChineseRemnants.esp,3048F65B,00067A40,BldConcSmFlrOnly01,STAT,-256.000000,424.000000,0.000000,90.0000
ChineseRemnants.esp,3048B20A,000BA58F,Vault_Crate_01_Steel,STAT,664.000000,528.000000,0.000000,0.0000
ChineseRemnants.esp,3048B209,00034A3F,BathroomToiletBroken01,STAT,280.000000,616.000000,0.000000,180.0000
ChineseRemnants.esp,3048B208,00034A3D,BathroomSinkBroken01,STAT,288.000000,840.000000,8.000000,0.0000
ChineseRemnants.esp,3048B206,00106953,ShowerHead01,STAT,384.000000,712.000000,120.000000,0.0000
ChineseRemnants.esp,3048B204,001A0380,Loot_ToolChest,CONT,432.000000,296.000000,0.000000,0.0000
ChineseRemnants.esp,30486DAE,00067A95,BldConcSmWallScktA01,STAT,-256.000000,696.000000,0.000000,270.0000
ChineseRemnants.esp,30486DAD,00067A40,BldConcSmFlrOnly01,STAT,-256.000000,712.000000,0.000000,90.0000
ChineseRemnants.esp,30486DAA,00067A95,BldConcSmWallScktA01,STAT,272.000000,712.000000,0.000000,0.0000
ChineseRemnants.esp,30486DA9,000BA4B5,SecurityGateSmLatch02,DOOR,400.000000,424.000000,0.000000,270.0000
ChineseRemnants.esp,30486DA8,00067A2A,BldConcSmCeilOnly01,STAT,1088.000000,424.000000,32.000000,90.0000
ChineseRemnants.esp,30486DA7,00067AA6,BldConcSmWall01,STAT,800.000000,440.000000,0.000000,90.0000
ChineseRemnants.esp,30486DA5,00067AA6,BldConcSmWall01,STAT,1104.000000,424.000000,0.000000,180.0000
ChineseRemnants.esp,30486DA4,00067A95,BldConcSmWallScktA01,STAT,816.000000,424.000000,0.000000,180.0000
ChineseRemnants.esp,30482950,00067A2A,BldConcSmCeilOnly01,STAT,800.000000,168.000000,32.000000,90.0000
ChineseRemnants.esp,3048294F,00067A2A,BldConcSmCeilOnly01,STAT,800.000000,424.000000,32.000000,90.0000
ChineseRemnants.esp,3048294D,00067AA6,BldConcSmWall01,STAT,1088.000000,440.000000,0.000000,90.0000
ChineseRemnants.esp,3048294C,00067AA6,BldConcSmWall01,STAT,1088.000000,408.000000,0.000000,270.0000
ChineseRemnants.esp,3048294B,00067A95,BldConcSmWallScktA01,STAT,1072.000000,424.000000,0.000000,0.0000
ChineseRemnants.esp,3048294A,00067A40,BldConcSmFlrOnly01,STAT,1088.000000,424.000000,0.000000,90.0000
ChineseRemnants.esp,30482949,00022783,UtilMetalDoorPlugA01,STAT,944.000000,424.000000,0.000000,180.0000
ChineseRemnants.esp,30482947,0006704D,PowerGenerator02_NeverUseByItself,MSTT,664.000000,200.000000,8.000000,0.0000
ChineseRemnants.esp,30482945,00067AA6,BldConcSmWall01,STAT,544.000000,152.000000,0.000000,270.0000
ChineseRemnants.esp,30482944,00067AA6,BldConcSmWall01,STAT,800.000000,152.000000,0.000000,270.0000
ChineseRemnants.esp,30482942,00067AA6,BldConcSmWall01,STAT,816.000000,168.000000,0.000000,180.0000
ChineseRemnants.esp,30482940,00067A40,BldConcSmFlrOnly01,STAT,800.000000,424.000000,0.000000,90.0000
ChineseRemnants.esp,3048293F,00067A40,BldConcSmFlrOnly01,STAT,800.000000,168.000000,0.000000,90.0000
ChineseRemnants.esp,3048293C,00067A40,BldConcSmFlrOnly01,STAT,544.000000,168.000000,0.000000,90.0000
ChineseRemnants.esp,303D78FE,301C5CD3,00TurretBubble_ChineseRemnant,NPC_,362.000000,62.000000,256.000000,315.0000
ChineseRemnants.esp,303D78FD,301C5CD3,00TurretBubble_ChineseRemnant,NPC_,-362.000000,530.000000,256.000000,89.9999
ChineseRemnants.esp,303D78FC,301C5CD3,00TurretBubble_ChineseRemnant,NPC_,362.000000,530.000000,256.000000,225.0000
ChineseRemnants.esp,303CF04F,000299C2,NPCInvGroundSit,FURN,336.000000,-608.000000,0.000000,270.0000
ChineseRemnants.esp,303B5664,0004D1CD,PlayerHouse_Rug01,STAT,0.000000,-1376.000000,144.000000,0.0000
ChineseRemnants.esp,303ACDB7,000BA58F,Vault_Crate_01_Steel,STAT,104.000000,-960.000000,0.000000,90.0000
ChineseRemnants.esp,303ACDB6,000BA591,Vault_Crate_03_Steel,STAT,-96.000000,-936.000000,0.000000,90.0000
ChineseRemnants.esp,303ACDB3,000211F6,WoodCrate02,STAT,-96.000000,-1336.000000,144.000000,0.0000
ChineseRemnants.esp,303A895D,000AE441,NpcChairVaultSit02Closed,MSTT,-168.000000,-280.000000,0.000000,180.0000
ChineseRemnants.esp,303A895C,000AE442,NpcChairVaultSit03Closed,MSTT,216.000000,-856.000000,0.000000,0.0000
ChineseRemnants.esp,303A8957,00059A9A,Loot_Toolbox,CONT,344.000000,-264.000000,0.000000,90.0000
ChineseRemnants.esp,303A8956,001A037F,Loot_ToolboxLarge,CONT,368.000000,-328.000000,0.000000,180.0000
ChineseRemnants.esp,303A8954,0008F6B7,Loot_Prewar_Toolcase,CONT,312.000000,-560.000000,0.000000,315.0000
ChineseRemnants.esp,303A8953,00059A9A,Loot_Toolbox,CONT,288.000000,-872.000000,38.897785,270.0000
ChineseRemnants.esp,303A8951,000211F6,WoodCrate02,STAT,288.000000,-862.000000,0.000000,90.0000
ChineseRemnants.esp,303A8950,000211F5,WoodCrate01,STAT,360.000000,-858.000000,0.000000,0.0000
ChineseRemnants.esp,303A894D,001A0380,Loot_ToolChest,CONT,368.000000,-600.000000,0.000000,180.0000
ChineseRemnants.esp,303A894C,0012EA9B,WorkbenchArmorA,FURN,320.000000,-432.000000,0.000000,90.0000
ChineseRemnants.esp,303A894A,0017B3A4,workbenchWeaponsA,FURN,256.000000,-720.000000,0.000000,90.0000
ChineseRemnants.esp,303A8949,0012F2F5,WorkbenchChemistryA,FURN,0.000000,-320.000000,0.000000,0.0000
ChineseRemnants.esp,303A44F6,0007132E,Loot_Prewar_Medkit_Chems_Wall,CONT,416.000000,520.000000,128.000000,90.0000
ChineseRemnants.esp,303A44F5,00049DA1,Prewar_Cabinet_Garage_03,CONT,536.000000,520.000000,0.000000,0.0000
ChineseRemnants.esp,303A00A1,00059A9A,Loot_Toolbox,CONT,664.000000,536.000000,41.069489,90.0000
ChineseRemnants.esp,303A0092,00157FEB,WorkbenchPowerArmor,FURN,512.000000,188.000000,0.000000,0.0000
ChineseRemnants.esp,303A0090,00067A2A,BldConcSmCeilOnly01,STAT,544.000000,168.000000,32.000000,90.0000
ChineseRemnants.esp,303A008F,00067AA6,BldConcSmWall01,STAT,528.000000,168.000000,0.000000,0.0000
ChineseRemnants.esp,3037DDD6,00049DA0,Prewar_Cabinet_Garage_02,CONT,248.000000,-280.000000,0.000000,0.0000
ChineseRemnants.esp,3037DDD1,0019D813,ShelfSmall_Metal01_1Long,SCOL,1216.000000,488.000000,136.000000,90.0000
ChineseRemnants.esp,3037DDCB,00017DDA,MetalShelf02,STAT,1112.000000,528.000000,0.000000,0.0000
ChineseRemnants.esp,3037DDC4,00067A95,BldConcSmWallScktA01,STAT,528.000000,424.000000,0.000000,0.0000
ChineseRemnants.esp,3037DDC2,00017DD7,MetalShelf01,STAT,1112.000000,320.000000,0.000000,180.0000
ChineseRemnants.esp,3037DDB6,001A594B,TrashcanMetalOffice01,MSTT,-332.000000,530.000000,0.000000,0.0000
ChineseRemnants.esp,3037DDB3,00175500,FootLocker01,CONT,4.000000,672.000000,0.000000,0.0000
ChineseRemnants.esp,3037DDAB,000B9807,RadioStatic,ACTI,40.000000,520.000000,56.000000,0.0000
ChineseRemnants.esp,3037DDAA,0018E8FC,HamRadio,ACTI,112.000000,520.000000,56.588184,0.0000
ChineseRemnants.esp,3037DDA9,000AE440,NpcChairVaultSit03,FURN,128.000000,464.000000,0.000000,270.0000
ChineseRemnants.esp,3037DDA8,00140603,ConsoleTowerBRight01,SCOL,-40.000000,57.000000,0.000000,180.0000
ChineseRemnants.esp,3037DDA7,00143CEB,ConsoleTowerBRight04,SCOL,144.000000,57.000000,0.000000,180.0000
ChineseRemnants.esp,3037DDA6,00143CEB,ConsoleTowerBRight04,SCOL,184.000000,57.000000,0.000000,180.0000
ChineseRemnants.esp,3037DDA5,00143CEA,ConsoleTowerBRight03,SCOL,8.000000,57.000000,0.000000,180.0000
ChineseRemnants.esp,3037DDA1,000018FA,ConBig03,STAT,-107.000000,523.000000,0.000000,0.0000
ChineseRemnants.esp,3037DDA0,000018FB,ConBig02,STAT,-24.000000,523.000000,0.000000,0.0000
ChineseRemnants.esp,3037DD9F,000018F5,ConBig01,STAT,192.000000,523.000000,0.000000,0.0000
ChineseRemnants.esp,3037DD9E,000BD53C,OfficeDesk01,CONT,84.000000,516.000000,0.000000,0.0000
ChineseRemnants.esp,3037994D,000211F5,WoodCrate01,STAT,-344.000000,-856.000000,0.000000,90.0000
ChineseRemnants.esp,303754F9,3000CA6C,00ChineseRemnants_FoodCrate,CONT,-352.000000,-624.000000,36.000000,90.0000
ChineseRemnants.esp,303710A5,3000CA6C,00ChineseRemnants_FoodCrate,CONT,-352.000000,-624.000000,0.000000,90.0000
ChineseRemnants.esp,303710A3,001A77E9,OfficeBoxPapersOpen01,MSTT,-232.000000,-272.000000,30.000000,90.0000
ChineseRemnants.esp,3037109F,001A77E9,OfficeBoxPapersOpen01,MSTT,-304.000000,-272.000000,24.000000,270.0001
ChineseRemnants.esp,3037109E,000E726A,Cardboard_Box_Empty01,MSTT,-232.000000,-274.000000,30.000000,90.0000
ChineseRemnants.esp,3037109A,001865B9,WorkbenchCookingStove,FURN,-288.000000,-568.000000,0.000000,270.0000
ChineseRemnants.esp,30371098,00034D44,Prewar_Refrigerator_Broken,CONT,-348.000000,-434.000000,0.000000,276.0000
ChineseRemnants.esp,3036CC40,00022783,UtilMetalDoorPlugA01,STAT,-256.000000,24.000000,0.000000,90.0001
ChineseRemnants.esp,3028A633,00067A2A,BldConcSmCeilOnly01,STAT,544.000000,424.000000,32.000000,90.0000
ChineseRemnants.esp,3028A630,00067AA6,BldConcSmWall01,STAT,544.000000,440.000000,0.000000,90.0000
ChineseRemnants.esp,3028A62F,00067A40,BldConcSmFlrOnly01,STAT,544.000000,424.000000,0.000000,90.0000
ChineseRemnants.esp,3028A62E,00022783,UtilMetalDoorPlugA01,STAT,400.000000,424.000000,0.000000,0.0000
ChineseRemnants.esp,3028A62D,00067A95,BldConcSmWallScktA01,STAT,272.000000,424.000000,0.000000,180.0000
ChineseRemnants.esp,3028A62C,00067A2A,BldConcSmCeilOnly01,STAT,256.000000,168.000000,32.000000,90.0000
ChineseRemnants.esp,3028A62B,00067A2A,BldConcSmCeilOnly01,STAT,256.000000,424.000000,32.000000,90.0000
ChineseRemnants.esp,3028A62A,00067A2A,BldConcSmCeilOnly01,STAT,0.000000,424.000000,32.000000,90.0000
ChineseRemnants.esp,3028A629,00067A2A,BldConcSmCeilOnly01,STAT,0.000000,168.000000,32.000000,90.0000
ChineseRemnants.esp,3028A627,00067A2A,BldConcSmCeilOnly01,STAT,-256.000000,168.000000,32.000000,90.0000
ChineseRemnants.esp,3028A626,00067AA6,BldConcSmWall01,STAT,0.000000,152.000000,0.000000,270.0001
ChineseRemnants.esp,3028A625,00067AA6,BldConcSmWall01,STAT,256.000000,152.000000,0.000000,270.0001
ChineseRemnants.esp,3028A624,00067AA6,BldConcSmWall01,STAT,272.000000,168.000000,0.000000,180.0001
ChineseRemnants.esp,3028A622,00067A95,BldConcSmWallScktA01,STAT,-256.000000,152.000000,0.000000,270.0000
ChineseRemnants.esp,3028A621,00067AA6,BldConcSmWall01,STAT,256.000000,440.000000,0.000000,90.0000
ChineseRemnants.esp,3028A620,00067A40,BldConcSmFlrOnly01,STAT,256.000000,424.000000,0.000000,90.0000
ChineseRemnants.esp,3028A61F,00067A40,BldConcSmFlrOnly01,STAT,256.000000,168.000000,0.000000,90.0000
ChineseRemnants.esp,3028A61E,00067AA6,BldConcSmWall01,STAT,0.000000,440.000000,0.000000,90.0000
ChineseRemnants.esp,3028A61D,00067AA6,BldConcSmWall01,STAT,256.000000,696.000000,0.000000,270.0000
ChineseRemnants.esp,3028A61C,00067AA6,BldConcSmWall01,STAT,-272.000000,168.000000,0.000000,0.0000
ChineseRemnants.esp,3028A61A,00067A40,BldConcSmFlrOnly01,STAT,0.000000,168.000000,0.000000,90.0000
ChineseRemnants.esp,3028A619,00067A40,BldConcSmFlrOnly01,STAT,0.000000,424.000000,0.000000,90.0000
ChineseRemnants.esp,3028A617,00067A40,BldConcSmFlrOnly01,STAT,-256.000000,168.000000,0.000000,90.0000
ChineseRemnants.esp,30281D71,000679C1,BldConcMdWallPillar01,STAT,136.000000,-896.000000,0.000000,0.0000
ChineseRemnants.esp,30281D70,000679C1,BldConcMdWallPillar01,STAT,-136.000000,-608.000000,0.000000,0.0000
ChineseRemnants.esp,302794B2,000679C1,BldConcMdWallPillar01,STAT,136.000000,-608.000000,0.000000,0.0000
ChineseRemnants.esp,302794B1,000679C1,BldConcMdWallPillar01,STAT,-136.000000,-896.000000,0.000000,0.0000
ChineseRemnants.esp,302794AE,00087238,BldgShellConcreteBasementWall01,STAT,-520.000000,-888.000000,256.000000,270.0001
ChineseRemnants.esp,302794AD,0004A9DD,BldgShellFloorConcrete01,STAT,0.000000,-1144.000000,0.000000,0.0000
ChineseRemnants.esp,302794AC,00087238,BldgShellConcreteBasementWall01,STAT,520.000000,-888.000000,256.000000,90.0000
ChineseRemnants.esp,302794AA,0004A9DD,BldgShellFloorConcrete01,STAT,0.000000,-888.000000,0.000000,0.0000
ChineseRemnants.esp,30275058,0011033C,SimpleElevatorMaster,ACTI,-264.000000,-256.000000,120.000000,0.0000
ChineseRemnants.esp,30275053,00067A95,BldConcSmWallScktA01,STAT,-256.000000,-104.000000,0.000000,90.0000
ChineseRemnants.esp,30275052,00087238,BldgShellConcreteBasementWall01,STAT,8.000000,-120.000000,256.000000,90.0000
ChineseRemnants.esp,30275051,00087238,BldgShellConcreteBasementWall01,STAT,520.000000,-376.000000,256.000000,90.0000
ChineseRemnants.esp,30275050,00087238,BldgShellConcreteBasementWall01,STAT,520.000000,-632.000000,256.000000,90.0000
ChineseRemnants.esp,3027504F,00087238,BldgShellConcreteBasementWall01,STAT,256.000000,-1024.000000,256.000000,180.0000
ChineseRemnants.esp,3027504D,00087238,BldgShellConcreteBasementWall01,STAT,-256.000000,-1024.000000,256.000000,180.0000
ChineseRemnants.esp,3027504B,00087238,BldgShellConcreteBasementWall01,STAT,-520.000000,-376.000000,256.000000,270.0001
ChineseRemnants.esp,3027504A,00087238,BldgShellConcreteBasementWall01,STAT,-520.000000,-632.000000,256.000000,270.0001
ChineseRemnants.esp,30275049,00087238,BldgShellConcreteBasementWall01,STAT,-520.000000,-120.000000,256.000000,270.0000
ChineseRemnants.esp,30275046,0004A9DD,BldgShellFloorConcrete01,STAT,256.000000,-632.000000,0.000000,0.0000
ChineseRemnants.esp,30275045,0004A9DD,BldgShellFloorConcrete01,STAT,0.000000,-632.000000,0.000000,0.0000
ChineseRemnants.esp,30275044,0004A9DD,BldgShellFloorConcrete01,STAT,-256.000000,-632.000000,0.000000,0.0000
ChineseRemnants.esp,30275041,0004A9DD,BldgShellFloorConcrete01,STAT,-256.000000,-120.000000,0.000000,0.0000
ChineseRemnants.esp,30275040,000679C1,BldConcMdWallPillar01,STAT,136.000000,-240.000000,0.000000,0.0000
ChineseRemnants.esp,3027503F,00087238,BldgShellConcreteBasementWall01,STAT,256.000000,-112.000000,256.000000,0.0000
ChineseRemnants.esp,3027503E,00087238,BldgShellConcreteBasementWall01,STAT,0.000000,-112.000000,256.000000,0.0000
ChineseRemnants.esp,3027503D,0004A9DD,BldgShellFloorConcrete01,STAT,256.000000,-376.000000,0.000000,0.0000
ChineseRemnants.esp,3027503C,000679C1,BldConcMdWallPillar01,STAT,-136.000000,-240.000000,0.000000,0.0000
ChineseRemnants.esp,3027503A,0004A9DD,BldgShellFloorConcrete01,STAT,0.000000,-376.000000,0.000000,0.0000
ChineseRemnants.esp,30275039,0004A9DD,BldgShellFloorConcrete01,STAT,-256.000000,-376.000000,0.000000,0.0000
ChineseRemnants.esp,30275038,00087238,BldgShellConcreteBasementWall01,STAT,-256.000000,-368.000000,16.000000,180.0000
ChineseRemnants.esp,30275036,00087238,BldgShellConcreteBasementWall01,STAT,-256.000000,-112.000000,256.000000,0.0000
ChineseRemnants.esp,30A04C84,00098163,PackageLocationPrimitive,ACTI,-120.000000,712.000000,136.000000,0.0000
ChineseRemnants.esp,30718B6A,00098163,PackageLocationPrimitive,ACTI,112.000000,296.000000,152.000000,0.0000
ChineseRemnants.esp,30718B69,00098163,PackageLocationPrimitive,ACTI,8.000000,-872.000000,160.000000,0.0000
ChineseRemnants.esp,306B2378,30006493,00LvlChineseRemnant_Militant,NPC_,-24.000000,608.000000,0.000000,0.0000
ChineseRemnants.esp,306B2377,30006493,00LvlChineseRemnant_Militant,NPC_,272.000000,-504.000000,0.000000,270.0001
ChineseRemnants.esp,306B2376,3003430D,00LvlChineseRemnant_Dragoon05,NPC_,-120.000000,-840.000000,0.000000,0.0000
ChineseRemnants.esp,306B2375,301BD42E,00LvlChineseRemnant_Liutenant,NPC_,198.721863,128.854431,0.000000,270.0000
ChineseRemnants.esp,306B2374,30006495,00LvlChineseRemnant_Spy,NPC_,171.765869,397.683472,0.000000,270.0000
ChineseRemnants.esp,3069CDC5,0003F432,NpcCouchOfficeSit01,FURN,-240.000000,-844.000000,0.000000,0.0000
ChineseRemnants.esp,305E972E,00075FE4,AmmoFusionCore,AMMO,840.000000,136.000000,64.000000,90.0000
ChineseRemnants.esp,305E972D,00026251,MuseumSpotWarm,LIGH,795.377197,138.329605,231.111893,270.0016
ChineseRemnants.esp,303C235A,0018EA20,MetalTrapdoorLadder02,DOOR,0.000000,-1398.000000,508.000000,0.0000
ChineseRemnants.esp,303754FA,000EEFBD,PowerLiftButton01,ACTI,-294.000000,-402.000000,-24.000000,270.0001
ChineseRemnants.esp,3036CC41,001A7FEA,DefaultTerminalWallEmbedded,TERM,960.000000,516.000000,0.000000,90.0000
ChineseRemnants.esp,3036CC3F,3021B3CC,00ChineseRemnant_TrunkSilver05,CONT,1188.000000,424.000000,0.000000,90.0000
ChineseRemnants.esp,3028A634,000BB48A,SecurityGateSm01A,ACTI,944.000000,424.000000,0.000000,270.0000
ChineseRemnants.esp,30275056,0005815F,RedR_ButtonBox,ACTI,-128.000000,-168.000000,0.000000,90.0000
ChineseRemnants.esp,30275055,000539CB,platformhelperfree01,ACTI,-384.000000,-248.000000,0.000000,90.0000
ChineseRemnants.esp,30A090DC,00121D4F,EncProtectron02,NPC_,-183.519699,-246.114807,22.614056,270.0000
ChineseRemnants.esp,30926BA3,00059B0A,ShotGlass01,MISC,-135.918945,1847.999878,74.267632,0.0000
ChineseRemnants.esp,30922752,000BF83F,GenericPosterGroup06,STAT,44.000000,1217.000000,128.000000,180.0000
ChineseRemnants.esp,30922751,000E6F28,BulletinBoard01Static,STAT,44.000000,1216.000000,128.000000,180.0000
ChineseRemnants.esp,30922750,0003A9ED,OfficeBoxPapers03,STAT,616.000000,1312.000000,41.000000,0.0000
ChineseRemnants.esp,3092274F,00060E77,MilitaryAmmoBag,MISC,551.999146,1704.001953,129.221436,270.0001
ChineseRemnants.esp,3092274E,000BA58F,Vault_Crate_01_Steel,STAT,618.000000,1304.000000,0.000000,90.0000
ChineseRemnants.esp,3092274D,00038C21,Loot_Raider_ExplosivesBox,CONT,620.000000,1692.000000,36.000000,270.0000
ChineseRemnants.esp,3092274C,30037DE6,00ChineseRemnant_DuffleBag_CombatRifle,CONT,528.000000,1688.000000,0.000000,180.0000
ChineseRemnants.esp,3092274B,00038C21,Loot_Raider_ExplosivesBox,CONT,622.000000,1694.000000,0.000000,270.0000
ChineseRemnants.esp,30922749,00038C1E,Loot_Raider_AmmoBox,CONT,568.000000,1708.000000,32.000000,0.0000
ChineseRemnants.esp,30922748,00017DD7,MetalShelf01,STAT,528.000000,1704.000000,0.000000,0.0000
ChineseRemnants.esp,30900495,00101818,ExitSignRedNSNonSpec,LIGH,-256.000000,-244.000000,160.000000,270.0000
ChineseRemnants.esp,30900493,00101818,ExitSignRedNSNonSpec,LIGH,-256.000000,-246.000000,276.000000,270.0000
ChineseRemnants.esp,30900492,00101818,ExitSignRedNSNonSpec,LIGH,-256.000000,34.000000,160.000000,270.0000
ChineseRemnants.esp,307FFCC0,00058224,Lighter,MISC,-336.000000,1352.000000,56.000000,0.0000
ChineseRemnants.esp,307FFCBF,0008E371,Ashtray01_Filled,MISC,-326.000000,1340.000000,56.502888,0.0000
ChineseRemnants.esp,307FFCBE,0008E36F,Cigar_Off01,MISC,-324.000000,1354.000000,58.000000,308.4339
ChineseRemnants.esp,307F73F4,00059B0A,ShotGlass01,MISC,782.018005,145.987747,74.364616,358.5950
ChineseRemnants.esp,307F73DF,00059A80,MetalBucket,MISC,468.000000,144.000000,0.000000,0.0000
ChineseRemnants.esp,307F73D9,00059AEC,CookingPan01,MISC,167.113739,161.531082,55.000008,42.1766
ChineseRemnants.esp,307F73AF,000E7E71,ChipBoard_Chip,MISC,-362.000000,1360.000000,56.691704,178.0269
ChineseRemnants.esp,307F2F29,00060ECF,Paintbrush_01,MISC,317.999878,600.000549,56.356361,255.1003
ChineseRemnants.esp,307F2F23,000E1FF7,AutoPart02,MISC,-262.000000,454.000000,0.000000,57.2958
ChineseRemnants.esp,307F2F22,001A0B15,SmithingToolTongs01,MISC,-298.000000,238.000000,0.206665,211.9944
ChineseRemnants.esp,307F2F21,000A4920,DishRag01,MISC,-318.000000,292.000000,2.000000,0.0000
ChineseRemnants.esp,307F2F20,00059B25,Wonderglue,MISC,-342.000000,304.000000,56.067707,239.6790
ChineseRemnants.esp,307F2F1F,001A0B13,SmithingToolHammer02,MISC,-364.000000,120.000000,34.000000,251.1381
ChineseRemnants.esp,307F2F1D,00173F01,SmithingToolSaw02,MISC,-346.000000,350.000000,8.800962,0.0000
ChineseRemnants.esp,307F2F1C,000FC9C3,LeadPipe,WEAP,207.984207,591.240784,20.610945,53.7775
ChineseRemnants.esp,307F2F1B,00059B3B,PaintCanFull,MISC,366.000000,610.000000,56.000000,0.0000
ChineseRemnants.esp,307F2F14,000E1FF0,AutoPartChromeCoolantCap01,MISC,-236.588409,1442.923340,0.000000,0.0000
ChineseRemnants.esp,307F2EB9,00059B44,Scissors,MISC,-358.001648,99.833900,39.958828,316.0041
ChineseRemnants.esp,307F2EB8,000657FB,CuttingFluid,MISC,-366.685699,84.242500,37.750763,239.6789
ChineseRemnants.esp,307D93FC,0004835A,NukaColaEmpty,MISC,610.123840,1231.899536,6.106470,0.0000
ChineseRemnants.esp,307D93FA,0001F909,TinCan03,MISC,610.112854,1240.886108,6.031695,337.4934
ChineseRemnants.esp,307D93F9,0001F908,TinCan02,MISC,604.822021,1229.982788,6.198495,54.2092
ChineseRemnants.esp,307D93F8,0001F90A,TinCan01,MISC,607.016479,1243.903687,5.421035,0.2483
ChineseRemnants.esp,307D93F7,0004D1F4,ScrewDriver01,MISC,370.428040,1687.671265,109.085243,270.0454
ChineseRemnants.esp,307D93F6,000342BA,Lightbulb_Broken,MISC,388.071014,1704.618774,110.504921,0.1027
ChineseRemnants.esp,307D93F5,0005A0D3,Lightbulb,MISC,364.633514,1712.362305,110.613304,89.9345
ChineseRemnants.esp,307CC60A,0005238F,Broom01,MISC,-168.666397,-7.581800,37.645737,90.5501
ChineseRemnants.esp,307CC609,00059AEE,Mop,MISC,1182.000000,352.000000,40.000000,90.0000
ChineseRemnants.esp,307BF89D,000FC9C3,LeadPipe,WEAP,740.006287,1705.918335,68.406418,89.9997
ChineseRemnants.esp,307BF84D,00023C32,Bowl_02_Ceramic,MISC,96.000000,150.000000,108.000000,0.0000
ChineseRemnants.esp,307BF84C,00023C32,Bowl_02_Ceramic,MISC,96.000000,150.000000,106.000000,0.0000
ChineseRemnants.esp,307B6F5A,000EF2D1,Clock02_Wall,STAT,262.988892,128.000000,212.228561,180.0000
ChineseRemnants.esp,307B2B09,000E6DB0,DecoGreebFree01,STAT,-396.000000,-8.000000,208.000000,270.0000
ChineseRemnants.esp,307B2B08,000E6DB0,DecoGreebFree01,STAT,-116.000000,-8.000000,208.000000,90.0001
ChineseRemnants.esp,307B2B06,000E6DB1,DecoGreebFree02,STAT,-398.000000,-264.899200,262.924896,270.0000
ChineseRemnants.esp,307B2B05,000E6DB1,DecoGreebFree02,STAT,-114.000000,-264.899200,262.924896,90.0000
ChineseRemnants.esp,307AA25B,000A1395,IndustrialFanSmall,STAT,128.000000,640.000000,208.000000,291.8014
ChineseRemnants.esp,307AA25A,000A1395,IndustrialFanSmall,STAT,864.000000,1216.000000,200.000000,0.0000
ChineseRemnants.esp,307AA259,000A1395,IndustrialFanSmall,STAT,864.000000,1728.000000,192.000000,180.0000
ChineseRemnants.esp,307AA258,000A1395,IndustrialFanSmall,STAT,-384.000000,368.000000,208.000000,90.0001
ChineseRemnants.esp,307AA251,0001F8F9,FireExtinguisher01,MISC,632.000000,176.000000,84.000000,0.0000
ChineseRemnants.esp,307AA250,0001F8FD,FireExtinguisherHolder01,STAT,640.000000,176.000000,104.000000,90.0000
ChineseRemnants.esp,307AA24D,0001F8F9,FireExtinguisher01,MISC,600.000000,1224.000000,84.000000,135.0000
ChineseRemnants.esp,307AA24C,0001F8FD,FireExtinguisherHolder01,STAT,600.000000,1216.000000,104.000000,180.0000
ChineseRemnants.esp,307AA24A,000BF83C,GenericPosterGroup03,STAT,-382.471985,1606.021851,126.658882,270.0000
ChineseRemnants.esp,307AA244,000E6F28,BulletinBoard01Static,STAT,-384.000000,1608.000000,128.000000,270.0000
ChineseRemnants.esp,307AA243,00017C73,NoodleCup,ALCH,594.316895,613.531372,73.625008,0.0000
ChineseRemnants.esp,307AA241,00140D99,Pen01,MISC,98.000000,1266.000000,57.039902,0.0000
ChineseRemnants.esp,307AA240,00060E93,Fork_02_StainlessSteel,MISC,64.000000,154.000000,85.691658,270.0000
ChineseRemnants.esp,307AA23F,00060E8B,Fork_03_Silver,MISC,48.000000,144.000000,36.000000,315.0000
ChineseRemnants.esp,307AA23E,00060E93,Fork_02_StainlessSteel,MISC,67.016266,150.961945,59.000000,0.0000
ChineseRemnants.esp,307AA23D,00059ACB,Fork_01_Plastic,MISC,12.024494,150.342239,82.000000,0.0000
ChineseRemnants.esp,307AA23C,00059B2C,TVdinnerTray,MISC,68.000000,148.000000,84.000000,0.0000
ChineseRemnants.esp,307AA23B,00060E96,Spoon_02_StainlessSteel,MISC,13.367977,150.673782,105.000000,0.0000
ChineseRemnants.esp,307AA23A,00059B10,Spoon_01_Plastic,MISC,36.000000,144.000000,82.147461,0.0000
ChineseRemnants.esp,307AA239,00059B10,Spoon_01_Plastic,MISC,42.000000,146.000000,82.147461,0.0000
ChineseRemnants.esp,307AA238,00059B2C,TVdinnerTray,MISC,66.000000,144.000000,81.977112,0.0000
ChineseRemnants.esp,307A5DE7,00059B3B,PaintCanFull,MISC,-5.466602,615.276855,64.999992,0.0000
ChineseRemnants.esp,307A5DE6,00059B3E,Yardstick,MISC,316.000000,602.000000,8.000000,90.0000
ChineseRemnants.esp,307A5DE5,00059B2C,TVdinnerTray,MISC,71.665100,142.635406,7.999992,0.0000
ChineseRemnants.esp,307A5DE4,00060ED8,RatPoison,MISC,782.000000,1414.000000,0.000000,90.0000
ChineseRemnants.esp,307A5DE3,00059B3A,PaintCanEmpty,MISC,696.000000,1534.000000,0.000000,0.0000
ChineseRemnants.esp,307A5DE1,0005A0D3,Lightbulb,MISC,998.000000,1696.000000,60.000000,0.0000
ChineseRemnants.esp,307A5DDE,00059ACC,Fuse,MISC,828.000000,1232.000000,34.000000,90.0000
ChineseRemnants.esp,307A5DDD,0004D1F2,DuctTape01,MISC,914.000000,1230.000000,36.000000,0.0000
ChineseRemnants.esp,307A5DDC,000657FB,CuttingFluid,MISC,1010.000000,1720.000000,56.174141,0.0000
ChineseRemnants.esp,307A5DDA,00154AD3,BiometricScanner,MISC,432.000000,1704.000000,106.228683,135.0000
ChineseRemnants.esp,307A5DD9,00059A80,MetalBucket,MISC,994.000000,1638.000000,0.000000,0.0000
ChineseRemnants.esp,307A5DD8,0006C5AE,WonderglueLarge,MISC,829.557434,1231.032959,56.000008,90.0000
ChineseRemnants.esp,307A5DD7,00060AA3,VacuumTube,MISC,-64.000000,1710.000000,62.086102,0.0000
ChineseRemnants.esp,307A5DD6,00091FDE,PowerRelayCoil,MISC,-348.000000,1566.000000,10.585064,0.0000
ChineseRemnants.esp,307A5DD5,00060ED8,RatPoison,MISC,-288.000000,630.000000,0.000000,0.0000
ChineseRemnants.esp,307A5DD4,000657FE,VegetableStarch,MISC,16.000000,146.000000,60.000000,0.0000
ChineseRemnants.esp,307A5DD3,0015799E,BookBurnt02,MISC,-356.000000,1964.000000,44.000000,72.8113
ChineseRemnants.esp,307A5DD1,000B91FF,MrHandyFuel,MISC,590.000000,160.000000,0.000000,180.0000
ChineseRemnants.esp,307A5DD0,001AB5EE,ChemistrySetCan03,MISC,398.000000,766.000000,0.000000,90.0000
ChineseRemnants.esp,307A5DCE,000B91FF,MrHandyFuel,MISC,624.000000,144.000000,0.000000,270.0000
ChineseRemnants.esp,307A5DCC,000A4920,DishRag01,MISC,788.348999,1303.450195,-0.000008,0.0000
ChineseRemnants.esp,307A5DCB,0008E371,Ashtray01_Filled,MISC,736.410645,1686.490479,65.499992,0.0000
ChineseRemnants.esp,307A5DCA,0005821C,CigaretteCarton,MISC,868.000000,1690.000000,58.000000,0.0000
ChineseRemnants.esp,307A5DC9,00059AB4,Chessboard,MISC,-64.000000,1708.000000,8.000000,0.0000
ChineseRemnants.esp,307A5DC8,001C7F28,Camera_Rare,MISC,-140.000000,1856.000000,38.000000,90.0000
ChineseRemnants.esp,307A5DC6,00059A83,Camera,MISC,10.000000,1712.000000,44.000000,0.0000
ChineseRemnants.esp,307A5DC5,0015799C,BookBurnt01,MISC,730.000000,550.000000,0.000000,296.9747
ChineseRemnants.esp,307A5DC4,000A4920,DishRag01,MISC,415.069000,706.838013,50.250000,0.0000
ChineseRemnants.esp,307A5DC3,00059AF8,Pencil,MISC,200.000000,1680.000000,56.000000,325.6226
ChineseRemnants.esp,307A5DC2,00140AF0,FolderPapers01,MISC,596.000000,1466.000000,106.272102,0.0000
ChineseRemnants.esp,307A5DC1,0008FCA8,BobbyPinBox,MISC,-138.000000,1846.000000,2.000000,252.8114
ChineseRemnants.esp,307A5DC0,00059B3B,PaintCanFull,MISC,632.000000,348.000000,0.000000,0.0000
ChineseRemnants.esp,307A5DBF,000FAFEB,Melon,ALCH,-160.000000,128.000000,17.953300,0.0000
ChineseRemnants.esp,307A5DBE,000A4920,DishRag01,MISC,-58.000000,156.000000,76.824074,0.0000
ChineseRemnants.esp,307A5DBD,0004D1F7,Wrench03,MISC,-214.000000,1494.000000,2.000000,337.0818
ChineseRemnants.esp,307A5DBA,00060E88,LighterGoldPlated,MISC,-332.000000,1578.000000,56.000000,0.0000
ChineseRemnants.esp,307A5DB9,0008E371,Ashtray01_Filled,MISC,-344.000000,1628.000000,56.362011,0.0000
ChineseRemnants.esp,307A5DB8,00140AF0,FolderPapers01,MISC,-164.000000,1716.000000,56.110298,0.0000
ChineseRemnants.esp,307A5DB6,001ACC8E,SensorModule,MISC,234.000000,1246.000000,148.883545,0.0000
ChineseRemnants.esp,307A1965,001A594C,Bin_Plastic,MSTT,-213.718811,1243.902954,0.000015,302.7043
ChineseRemnants.esp,307A1964,000E726A,Cardboard_Box_Empty01,MSTT,378.000000,1702.000000,106.115242,91.6733
ChineseRemnants.esp,307A1963,0001F92F,Clipboard01,MISC,58.000000,1266.000000,56.632748,91.6732
ChineseRemnants.esp,307A1961,001C7F26,Turpentine_Rare,MISC,1040.000000,1720.000000,0.000000,0.0000
ChineseRemnants.esp,307A1960,00059AF8,Pencil,MISC,-11.443350,1713.259033,35.999992,0.0000
ChineseRemnants.esp,307A195F,00060E78,DuctTapeMilitary,MISC,-12.178991,1707.096924,58.999992,0.0000
ChineseRemnants.esp,307A195E,001C7F1F,DuctTape01_Rare,MISC,-26.272385,1712.810059,59.000000,0.0000
ChineseRemnants.esp,307A195C,00154AD2,CircuitBoardMilitary,MISC,144.000000,1710.000000,127.135040,91.6733
ChineseRemnants.esp,307A195B,0001F92F,Clipboard01,MISC,-55.081100,1712.412720,36.000008,34.3775
ChineseRemnants.esp,307A195A,0001D975,Globe01,MISC,-26.000000,1706.000000,128.000000,315.0000
ChineseRemnants.esp,307A1959,00140D99,Pen01,MISC,-330.000000,1280.000000,58.000000,239.6789
ChineseRemnants.esp,307A1958,00059B20,Typewriter,MISC,-62.000000,1714.000000,82.000000,0.0000
ChineseRemnants.esp,307A1957,000211C4,CoffeeCup01,MISC,154.000000,1680.000000,56.240612,0.0000
ChineseRemnants.esp,307A1956,00060ECF,Paintbrush_01,MISC,400.000000,1136.000000,73.851028,0.0000
ChineseRemnants.esp,307A1955,00059B3A,PaintCanEmpty,MISC,414.000000,1086.000000,0.000000,0.0000
ChineseRemnants.esp,307A1954,00059B3A,PaintCanEmpty,MISC,394.000000,1092.000000,0.000000,0.0000
ChineseRemnants.esp,307A1953,00059B3A,PaintCanEmpty,MISC,393.792603,1065.087524,0.000000,0.0000
ChineseRemnants.esp,307A1952,0003A9ED,OfficeBoxPapers03,STAT,-4.000000,1706.000000,8.000000,90.0000
ChineseRemnants.esp,307A1950,000211CC,CoffeePot01,MISC,-374.000000,1786.000000,56.000000,315.0000
ChineseRemnants.esp,307A194F,000211C4,CoffeeCup01,MISC,-346.885559,1808.524658,56.000000,0.0000
ChineseRemnants.esp,307A194E,0005821E,CigarBox,MISC,-356.000000,1784.000000,58.000000,0.0000
ChineseRemnants.esp,307A194D,00145857,Rum,ALCH,-146.000000,1862.000000,74.240196,90.0000
ChineseRemnants.esp,307A194C,00059B27,AlarmClock,MISC,-368.000000,1814.000000,56.000000,180.0000
ChineseRemnants.esp,307A194A,000EF2D1,Clock02_Wall,STAT,638.000000,1446.000000,212.000000,90.0001
ChineseRemnants.esp,307A1945,0007E941,AutomotiveHubCap01,MISC,-324.000000,1490.000000,0.000000,0.0000
ChineseRemnants.esp,307A1944,0004D1F5,Wrench01,MISC,-360.000000,1644.000000,56.000000,45.8366
ChineseRemnants.esp,307A1943,0003A9EC,OfficeBoxPapers02,STAT,46.000000,1248.000000,1.155513,285.5155
ChineseRemnants.esp,307A1942,0003A9EB,OfficeBoxPapers01,STAT,-340.000000,1296.000000,0.000000,0.0000
ChineseRemnants.esp,307A1941,00140AF0,FolderPapers01,MISC,-336.000000,1260.000000,56.728104,256.8677
ChineseRemnants.esp,307A1940,00059B15,Telephone01,MISC,-350.000000,1342.000000,56.502892,245.4085
ChineseRemnants.esp,307A193F,0001F905,DeskFanOffice01,MISC,-350.000000,1258.000000,57.167206,85.9437
ChineseRemnants.esp,307A193E,0001F905,DeskFanOffice01,MISC,1042.000000,1594.000000,98.504745,268.3268
ChineseRemnants.esp,307A193D,000C437F,Coolant01,MISC,914.000000,1252.000000,0.000000,143.2395
ChineseRemnants.esp,307A193C,00176054,ChemistrySetCan01,MISC,1044.000000,1540.000000,0.000000,74.4845
ChineseRemnants.esp,307A193B,00059B33,GasCanister,MISC,812.000000,1710.000000,0.000000,0.0000
ChineseRemnants.esp,307A193A,0004D1F4,ScrewDriver01,MISC,916.000000,1716.000000,57.628685,40.1070
ChineseRemnants.esp,307A1939,0004D1F3,Hammer01,MISC,908.465332,1240.591797,56.000000,0.0000
ChineseRemnants.esp,307A1938,0004D1F7,Wrench03,MISC,850.000000,1242.000000,34.000000,348.5409
ChineseRemnants.esp,307A1937,0004D1F6,Wrench02,MISC,896.825012,1247.291504,32.968750,63.0254
ChineseRemnants.esp,307A1936,0004D1F5,Wrench01,MISC,932.561768,1293.188721,-0.000015,0.0000
ChineseRemnants.esp,307A1935,0007E941,AutomotiveHubCap01,MISC,904.000000,1320.000000,0.208339,0.0000
ChineseRemnants.esp,307A1934,001C7F2B,Blowtorch_Rare,MISC,960.000000,1688.000000,56.000000,0.0000
ChineseRemnants.esp,307A1933,001C7F31,AntiFreeze_Rare,MISC,858.000000,1716.000000,56.000000,0.0000
ChineseRemnants.esp,307A1932,00059A9A,Loot_Toolbox,CONT,872.000000,1238.000000,56.000000,286.4790
ChineseRemnants.esp,307A1931,00059B33,GasCanister,MISC,796.000000,1228.000000,0.000000,0.0000
ChineseRemnants.esp,307A192F,001AB5ED,ChemistrySetCan02,MISC,63.887619,624.006836,-0.000008,189.0761
ChineseRemnants.esp,3079D4DB,000E1FF8,AutoPart03,MISC,-286.000000,356.000000,0.000000,108.8620
ChineseRemnants.esp,3079D4D9,000E1FF9,AutoPart04,MISC,-130.000000,578.000000,0.000001,0.0000
ChineseRemnants.esp,3079D4D8,000E1FF9,AutoPart04,MISC,-262.000000,538.000000,0.000002,314.1634
ChineseRemnants.esp,3079D4D7,000E1FF6,AutoPart01,MISC,-310.000000,520.000000,0.000004,0.0000
ChineseRemnants.esp,3079D4D6,00059B44,Scissors,MISC,-72.000000,614.000000,97.393913,0.0000
ChineseRemnants.esp,3079D4D5,00059B3B,PaintCanFull,MISC,-164.000000,554.000000,0.000000,0.0000
ChineseRemnants.esp,3079D4D2,00058224,Lighter,MISC,-302.000000,454.000000,57.602345,0.0000
ChineseRemnants.esp,3079D4D0,00059B33,GasCanister,MISC,-360.000000,-128.000000,0.000000,253.6480
ChineseRemnants.esp,3079D4CE,00059B36,FishingRod,MISC,-324.000000,-194.000000,1.387900,91.6733
ChineseRemnants.esp,3079D4CD,000A4920,DishRag01,MISC,436.000000,176.000000,0.000000,0.0000
ChineseRemnants.esp,3079D4CC,000C437F,Coolant01,MISC,-190.000000,608.000000,133.516357,0.0000
ChineseRemnants.esp,3079D4CB,000D83BF,PipeWrench,WEAP,-38.000000,626.000000,98.664062,120.3212
ChineseRemnants.esp,3079D4C8,0004D1F3,Hammer01,MISC,-222.000000,602.000000,99.418518,0.0000
ChineseRemnants.esp,3079D4C7,0004D1F4,ScrewDriver01,MISC,-202.000000,588.000000,65.402924,131.7803
ChineseRemnants.esp,3079D4C5,0004D1F5,Wrench01,MISC,-32.000000,618.000000,65.300293,0.0000
ChineseRemnants.esp,3079D4C4,0004D1F7,Wrench03,MISC,-70.000000,616.000000,66.487709,45.8367
ChineseRemnants.esp,3079D4C3,0004D1F6,Wrench02,MISC,-8.000000,604.000000,33.619347,74.4845
ChineseRemnants.esp,3079D4C2,0004D1F5,Wrench01,MISC,-238.000000,606.000000,133.000000,120.3212
ChineseRemnants.esp,3079D4BF,00059B0C,BrahminSkull,MISC,-50.000000,618.000000,130.000000,0.0000
ChineseRemnants.esp,3079D4BE,00059B40,Bonesaw,MISC,-178.000000,610.000000,98.514183,0.0000
ChineseRemnants.esp,3079D4BD,00060E73,AntiFreeze,MISC,-238.000000,602.000000,64.000000,256.8676
ChineseRemnants.esp,3079D4BC,00059B25,Wonderglue,MISC,630.000000,440.000000,116.000000,0.0000
ChineseRemnants.esp,3079D4BB,001C7F1F,DuctTape01_Rare,MISC,-206.000000,622.000000,99.080116,28.6479
ChineseRemnants.esp,3079D4B9,0004D1F2,DuctTape01,MISC,-364.000000,106.000000,38.000000,0.0000
ChineseRemnants.esp,3079D4B8,00059A71,AbraxoCleaner,MISC,-186.000000,614.000000,66.000000,0.0000
ChineseRemnants.esp,3079D4B7,00059B1E,Turpentine,MISC,-250.000000,610.000000,99.328232,28.6479
ChineseRemnants.esp,3079D4B6,00140B1A,Bowl_Generic,MISC,18.000000,138.000000,8.000000,0.0000
ChineseRemnants.esp,3079D4B5,00140B22,Glass_Generic,MISC,26.000000,144.000000,128.000000,354.2704
ChineseRemnants.esp,3079D4B4,00060E93,Fork_02_StainlessSteel,MISC,26.976608,148.982620,107.814453,0.0000
ChineseRemnants.esp,3079D4B3,00060E95,Spoon_03_Silver,MISC,36.000000,148.000000,107.961914,0.0000
ChineseRemnants.esp,3079D4B1,00060E96,Spoon_02_StainlessSteel,MISC,78.000000,150.000000,106.926247,0.0000
ChineseRemnants.esp,3079D4B0,00059A71,AbraxoCleaner,MISC,624.000000,440.000000,145.000000,0.0000
ChineseRemnants.esp,3079D4AD,001A5947,WoodBox01,MSTT,-360.000000,94.000000,35.750763,0.0000
ChineseRemnants.esp,3079D4AC,0022CB6D,BotModelParts03,MISC,614.000000,470.000000,118.000000,270.0001
ChineseRemnants.esp,3079D4A8,000E1FF8,AutoPart03,MISC,254.971893,581.099487,0.000000,296.9747
ChineseRemnants.esp,3079D4A7,000E1FF6,AutoPart01,MISC,216.861435,557.384644,0.000000,314.1634
ChineseRemnants.esp,3079D4A6,000E1FF8,AutoPart03,MISC,52.874962,597.329346,-0.000015,120.3212
ChineseRemnants.esp,3079D4A5,000E1FF7,AutoPart02,MISC,20.000000,620.000000,0.000000,336.2451
ChineseRemnants.esp,3079D4A4,000E1FF6,AutoPart01,MISC,32.000000,576.000000,0.000000,90.0000
ChineseRemnants.esp,3079D4A3,00059ABC,CuttingBoard,MISC,352.000000,136.000000,132.000000,0.0000
ChineseRemnants.esp,3079D4A1,00061FA7,CookingOil,MISC,304.000000,148.000000,72.000000,90.0000
ChineseRemnants.esp,3079D4A0,0005821A,CigarettePack,MISC,616.000000,618.000000,76.000000,0.0000
ChineseRemnants.esp,3079D49F,0008E371,Ashtray01_Filled,MISC,620.000000,610.000000,74.000000,0.0000
ChineseRemnants.esp,3079D49C,000AF8EF,KitchenScale,MISC,408.000000,136.000000,132.000000,0.0000
ChineseRemnants.esp,3079D49A,00140B22,Glass_Generic,MISC,12.000000,136.000000,104.000000,0.0000
ChineseRemnants.esp,3079D499,000211C4,CoffeeCup01,MISC,688.000000,508.000000,56.000000,315.0000
ChineseRemnants.esp,3079D498,00140B22,Glass_Generic,MISC,12.000000,136.000000,128.000000,354.2704
ChineseRemnants.esp,3079D496,00165326,PlateCeramic01_White_Dirty,MISC,76.000000,148.000000,106.000000,0.0000
ChineseRemnants.esp,3079D495,00060E91,Plate_03_Silver,MISC,32.000000,148.000000,106.407227,0.0000
ChineseRemnants.esp,3079D494,00060E91,Plate_03_Silver,MISC,32.834480,148.414413,105.000000,0.0000
ChineseRemnants.esp,3079D493,00059ADB,HotPlate,MISC,384.211212,135.917496,130.891113,0.0000
ChineseRemnants.esp,3079D492,00020194,PlayerHouse_Ruin_CoffeeTin01,MISC,56.000000,148.000000,106.000000,90.0000
ChineseRemnants.esp,3079D491,000211C4,CoffeeCup01,MISC,42.000000,148.000000,60.000000,315.0000
ChineseRemnants.esp,3079D490,000330EE,Cram,ALCH,56.000000,136.000000,60.000000,0.0000
ChineseRemnants.esp,3079D48E,00192D5D,DeskFanOfficeOff01,MISC,334.158508,629.284485,57.030056,201.7186
ChineseRemnants.esp,3079D48D,0011DA0F,Blowtorch,MISC,286.000000,614.000000,56.000000,26.1381
ChineseRemnants.esp,3079D48C,001C7F31,AntiFreeze_Rare,MISC,264.000000,628.000000,0.000000,90.0000
ChineseRemnants.esp,3079D48B,00059A9A,Loot_Toolbox,CONT,-52.000000,620.000000,32.000000,103.1326
ChineseRemnants.esp,3079D48A,001AAD69,MakeshiftBattery01,MISC,-132.000000,620.000000,0.000000,11.4592
ChineseRemnants.esp,3079D489,001AAD69,MakeshiftBattery01,MISC,-100.000000,592.000000,0.000000,302.7043
ChineseRemnants.esp,30799037,00074D0D,MeatBloodbug,ALCH,44.000000,152.000000,8.000000,0.0000
ChineseRemnants.esp,30799033,00046940,steakDog,ALCH,84.000000,148.000000,35.938690,0.0000
ChineseRemnants.esp,30799032,000366BA,SalisburySteak,ALCH,84.000000,148.000000,59.103527,90.0000
ChineseRemnants.esp,3079902D,000211CC,CoffeePot01,MISC,56.000000,144.000000,128.000000,180.0000
ChineseRemnants.esp,3079902C,00059A7A,BigPot,MISC,160.000000,200.000000,1.299029,95.7298
ChineseRemnants.esp,3079902B,00059ABA,CookingPot01,MISC,88.000000,152.000000,127.999908,0.0000
ChineseRemnants.esp,3079902A,000330FF,MeatMirelurk,ALCH,32.000000,152.000000,36.012207,0.0000
ChineseRemnants.esp,30799029,00033100,MeatMirelurkSoftshell,ALCH,96.000000,144.000000,7.984836,0.0000
ChineseRemnants.esp,30799028,0023E9D4,MirelurkEgg,ALCH,320.000000,184.000000,14.953312,0.0000
ChineseRemnants.esp,30799027,00033100,MeatMirelurkSoftshell,ALCH,440.000000,144.000000,36.649773,0.0000
ChineseRemnants.esp,30799026,0023E9D4,MirelurkEgg,ALCH,336.000000,152.000000,86.298798,0.0000
ChineseRemnants.esp,30799025,0023E9D4,MirelurkEgg,ALCH,124.000000,144.000000,20.000000,0.0000
ChineseRemnants.esp,30799024,000330FF,MeatMirelurk,ALCH,24.000000,144.000000,81.980118,0.0000
ChineseRemnants.esp,30799023,000330FF,MeatMirelurk,ALCH,93.989197,142.344742,82.000000,0.0000
ChineseRemnants.esp,30799021,000330FF,MeatMirelurk,ALCH,316.000000,136.000000,130.885132,0.0000
ChineseRemnants.esp,30799020,000366C2,Wine,ALCH,304.000000,132.000000,130.921570,180.0000
ChineseRemnants.esp,3079901D,00059B0F,Spatula,MISC,264.000000,192.000000,57.555161,0.0000
ChineseRemnants.esp,30799016,000E726A,Cardboard_Box_Empty01,MSTT,-160.000000,144.000000,0.000000,0.0000
ChineseRemnants.esp,30799014,001A5947,WoodBox01,MSTT,-344.000000,-112.000000,-19.398899,291.8014
ChineseRemnants.esp,30799012,001A5947,WoodBox01,MSTT,889.073059,361.018860,24.011738,198.6301
ChineseRemnants.esp,30799011,000AE442,NpcChairVaultSit03Closed,MSTT,752.000000,488.000000,8.000000,90.0000
ChineseRemnants.esp,3079900F,0001F90A,TinCan01,MISC,721.097351,144.258987,10.495637,49.2602
ChineseRemnants.esp,3079900E,000EF2D1,Clock02_Wall,STAT,800.000000,128.000000,216.000000,180.0000
ChineseRemnants.esp,3079900D,001A594C,Bin_Plastic,MSTT,900.162842,557.206177,9.211837,0.0042
ChineseRemnants.esp,3079900C,001A5949,WoodBasket,MSTT,776.000000,432.000000,0.000000,0.0000
ChineseRemnants.esp,3079900B,00059B27,AlarmClock,MISC,680.000000,472.000000,32.968750,270.0000
ChineseRemnants.esp,3079900A,00192D5D,DeskFanOfficeOff01,MISC,680.000000,488.000000,56.000000,90.0000
ChineseRemnants.esp,30799009,000330F2,SugarBombs,ALCH,792.094421,576.227417,130.720032,269.8907
ChineseRemnants.esp,30799008,0005821A,CigarettePack,MISC,760.000000,144.000000,39.999996,179.9519
ChineseRemnants.esp,30799007,000DF222,BottleEmpty02,MISC,893.463989,611.445923,3.492298,269.9254
ChineseRemnants.esp,30799006,000366C3,Vodka,ALCH,762.024414,147.584717,73.316475,180.0000
ChineseRemnants.esp,30799004,000DEDE1,BottleEmptyWhiskey01,MISC,675.494873,167.513031,3.510640,269.9432
ChineseRemnants.esp,30799003,000DF221,BottleEmpty01,MISC,741.660278,148.092010,4.080844,295.2630
ChineseRemnants.esp,30799002,0001F909,TinCan03,MISC,713.476685,165.552109,9.397937,91.6414
ChineseRemnants.esp,30799001,0001F908,TinCan02,MISC,705.242676,152.317978,5.420161,359.9666
ChineseRemnants.esp,30799000,0001F90A,TinCan01,MISC,712.034363,144.029541,5.417162,359.6593
ChineseRemnants.esp,30798FFF,000342BA,Lightbulb_Broken,MISC,719.653442,144.426834,4.268818,180.0157
ChineseRemnants.esp,30798FFE,00058224,Lighter,MISC,696.000000,504.000000,32.000000,0.0000
ChineseRemnants.esp,30798FFD,0005821C,CigaretteCarton,MISC,776.000000,138.000000,76.262604,90.0000
ChineseRemnants.esp,30798FFC,0006B165,BoardGame01,MISC,772.000000,144.000000,0.000000,0.0000
ChineseRemnants.esp,30798FFB,00059AB4,Chessboard,MISC,704.000000,488.000000,32.000000,0.0000
ChineseRemnants.esp,30798FFA,000AEF5B,Vault_FloorMat_Small_01,STAT,1016.000000,272.000000,0.000000,0.0000
ChineseRemnants.esp,30798FF9,000AEF5C,Vault_FloorMat_Medium_02,STAT,1144.000000,272.000000,0.000000,90.0001
ChineseRemnants.esp,30798FEE,000DF222,BottleEmpty02,MISC,1208.702393,136.231659,0.000000,0.0000
ChineseRemnants.esp,30798FED,00199A88,Toothpaste,MISC,1048.000000,368.000000,0.000000,90.0000
ChineseRemnants.esp,30798FEC,00060ECE,Toothbrush,MISC,1076.520508,377.811340,88.840576,0.0000
ChineseRemnants.esp,30798FEB,00059A71,AbraxoCleaner,MISC,1184.000000,352.000000,1.089159,0.0000
ChineseRemnants.esp,30798FEA,00059A71,AbraxoCleaner,MISC,1144.000000,144.000000,2.068362,0.0000
ChineseRemnants.esp,30798FE9,00059A80,MetalBucket,MISC,1184.000000,352.000000,0.000000,0.0000
ChineseRemnants.esp,30798FE8,00059AFB,Plunger,MISC,1048.000000,136.000000,0.000000,0.0000
ChineseRemnants.esp,30798FE7,0019945F,Soap,MISC,1088.000000,360.000000,68.202446,0.0000
ChineseRemnants.esp,30798FE5,00091927,PlayerHouse_Ruin_BathroomRack02,STAT,1016.000000,384.000000,112.000000,0.0000
ChineseRemnants.esp,30798FE4,00091926,PlayerHouse_Ruin_BathroomRack01,STAT,1016.000000,128.000000,112.000000,180.0000
ChineseRemnants.esp,3074C062,00101818,ExitSignRedNSNonSpec,LIGH,-256.000000,-96.000000,232.000000,270.0000
ChineseRemnants.esp,3074C061,00101818,ExitSignRedNSNonSpec,LIGH,-256.000000,-96.000000,160.000000,270.0000
ChineseRemnants.esp,30747BE2,0002EB0E,GlowFillRoundMid,STAT,-252.958191,-116.092796,246.185791,270.0000
ChineseRemnants.esp,30747BE1,00018FAA,ExitSignOn01,STAT,-254.293701,-116.803703,256.000000,180.0000
ChineseRemnants.esp,30743790,0001D0C3,LightbulbOn01,STAT,1088.000000,256.000000,224.000000,0.0000
ChineseRemnants.esp,3074378F,00056723,defaultLightCool02NS,LIGH,1091.018799,255.806885,123.302460,0.0000
ChineseRemnants.esp,3074378E,000D8555,defaultLightCool02NSNonSpec,LIGH,1088.464355,255.258789,113.560242,0.0000
ChineseRemnants.esp,3073AEC0,0001CE94,FluorescentLightThin01,STAT,864.000000,1472.000000,256.000000,90.0000
ChineseRemnants.esp,3073AEBF,0002B770,FluorescentLightBeam01Thin,MSTT,864.000000,1472.000000,256.000000,90.0000
ChineseRemnants.esp,3073AEBE,0010172B,MuseumBounceWarm04NSNonSpec,LIGH,870.832520,1482.078003,74.277237,297.0448
ChineseRemnants.esp,3073AEBD,0004DE07,MuseumBounceWarm04NS,LIGH,858.162598,1471.399292,113.649429,297.0448
ChineseRemnants.esp,3073AEB5,0001D0C3,LightbulbOn01,STAT,-256.000000,1888.000000,256.000000,0.0000
ChineseRemnants.esp,3073AEB4,00056723,defaultLightCool02NS,LIGH,-252.981201,1887.806885,155.302460,0.0000
ChineseRemnants.esp,3073AEB3,000D8555,defaultLightCool02NSNonSpec,LIGH,-255.535645,1887.258789,145.560242,0.0000
ChineseRemnants.esp,3073AEB2,00001B90,CeilingLamp02On,STAT,-128.000000,1472.000000,256.000000,0.0000
ChineseRemnants.esp,3073AEB1,000D8555,defaultLightCool02NSNonSpec,LIGH,-124.594727,1475.409180,128.901886,0.0000
ChineseRemnants.esp,3073AEB0,00056723,defaultLightCool02NS,LIGH,-124.594727,1475.409180,170.875885,0.0000
ChineseRemnants.esp,3073AEAF,00001B90,CeilingLamp02On,STAT,384.000000,1472.000000,256.000000,0.0000
ChineseRemnants.esp,3073AEAE,000D8555,defaultLightCool02NSNonSpec,LIGH,387.405273,1475.409180,128.901886,0.0000
ChineseRemnants.esp,3073AEAD,00056723,defaultLightCool02NS,LIGH,387.405273,1475.409180,170.875885,0.0000
ChineseRemnants.esp,3073AEAC,0001D0B7,EmergencyLightOn01,STAT,512.000000,1184.000000,216.000000,0.0000
ChineseRemnants.esp,3073AEAB,0002B76C,EmergencyLightBeamSet01,MSTT,512.000000,1184.000000,216.000000,0.0000
ChineseRemnants.esp,3073AEAA,000D8556,DefaultLightWhite01NSNonSpec,LIGH,513.418701,1052.841309,111.059502,90.5027
ChineseRemnants.esp,3073AEA9,000517B0,DefaultLightWhite01NS,LIGH,509.570038,1088.797852,111.059502,90.5027
ChineseRemnants.esp,3073AEA8,0001D0B7,EmergencyLightOn01,STAT,512.000000,672.000000,216.000000,180.0000
ChineseRemnants.esp,3073AEA7,0002B76C,EmergencyLightBeamSet01,MSTT,512.000000,672.000000,216.000000,180.0000
ChineseRemnants.esp,3073AEA6,000D8556,DefaultLightWhite01NSNonSpec,LIGH,510.581329,803.158691,111.059502,270.5027
ChineseRemnants.esp,3073AEA5,000517B0,DefaultLightWhite01NS,LIGH,514.429932,767.202148,111.059502,270.5027
ChineseRemnants.esp,3073AE9E,0001D0C3,LightbulbOn01,STAT,784.000000,384.000000,256.000000,0.0000
ChineseRemnants.esp,3073AE9D,00056723,defaultLightCool02NS,LIGH,787.018799,383.806885,155.302475,0.0000
ChineseRemnants.esp,3073AE9C,000D8555,defaultLightCool02NSNonSpec,LIGH,784.464355,383.258789,145.560242,0.0000
ChineseRemnants.esp,307369A9,0001CE94,FluorescentLightThin01,STAT,384.000000,384.000000,256.000000,90.0000
ChineseRemnants.esp,307369A8,0002B770,FluorescentLightBeam01Thin,MSTT,384.000000,384.000000,256.000000,90.0000
ChineseRemnants.esp,307369A7,0010172B,MuseumBounceWarm04NSNonSpec,LIGH,390.832458,394.078033,74.277222,297.0448
ChineseRemnants.esp,307369A6,0004DE07,MuseumBounceWarm04NS,LIGH,378.162598,383.399200,113.649414,297.0448
ChineseRemnants.esp,307369A5,0001CE94,FluorescentLightThin01,STAT,-128.000000,384.000000,256.000000,90.0000
ChineseRemnants.esp,307369A4,0002B770,FluorescentLightBeam01Thin,MSTT,-128.000000,384.000000,256.000000,90.0000
ChineseRemnants.esp,307369A3,0010172B,MuseumBounceWarm04NSNonSpec,LIGH,-121.167557,394.078064,74.277222,297.0448
ChineseRemnants.esp,307369A2,0004DE07,MuseumBounceWarm04NS,LIGH,-133.837418,383.399231,113.649414,297.0448
ChineseRemnants.esp,30707A23,000BA4B5,SecurityGateSmLatch02,DOOR,656.000000,1600.000000,0.000000,270.0000
ChineseRemnants.esp,30707A22,00094731,SecurityGateSmLatch01,DOOR,512.000000,656.000000,0.000000,0.0000
ChineseRemnants.esp,306900CB,00024572,NPCInvWallLean01,FURN,624.000000,576.000000,0.000000,270.0000
ChineseRemnants.esp,3067EF78,000211F6,WoodCrate02,STAT,-72.000000,152.000000,38.000000,90.0000
ChineseRemnants.esp,3067EF77,001A5949,WoodBasket,MSTT,-154.820129,-42.426327,23.064140,180.1751
ChineseRemnants.esp,3067EF76,00034D44,Prewar_Refrigerator_Broken,CONT,528.000000,160.000000,0.000000,180.0000
ChineseRemnants.esp,3066DE1C,00064A47,Loot_DuffleBag_Guns,CONT,-32.000000,600.000000,0.000000,0.0000
ChineseRemnants.esp,3066DE19,30037DE6,00ChineseRemnant_DuffleBag_CombatRifle,CONT,528.000000,1704.000000,98.000000,0.0000
ChineseRemnants.esp,3062540C,000018FB,ConBig02,STAT,-152.000000,1246.000000,0.000000,180.0000
ChineseRemnants.esp,30620FBB,000679C1,BldConcMdWallPillar01,STAT,-392.000000,120.000000,0.000000,0.0000
ChineseRemnants.esp,30620FBA,000679C1,BldConcMdWallPillar01,STAT,-120.000000,120.000000,0.000000,0.0000
ChineseRemnants.esp,30620FB9,000679C1,BldConcMdWallPillar01,STAT,-120.000000,-128.000000,0.000000,0.0000
ChineseRemnants.esp,30620FB8,000679C1,BldConcMdWallPillar01,STAT,-392.000000,-128.000000,0.000000,0.0000
ChineseRemnants.esp,305C3017,302FDB2E,00Bunker03_IDCard,MISC,776.000000,136.000000,38.591362,0.0000
ChineseRemnants.esp,305C3016,302FDB2E,00Bunker03_IDCard,MISC,704.000000,472.000000,56.450027,270.0000
ChineseRemnants.esp,305BEBC4,0018F36A,FloorDrain01,STAT,1176.000000,256.000000,0.000000,0.0000
ChineseRemnants.esp,305BEBC3,00106953,ShowerHead01,STAT,1216.000000,256.000000,120.000000,0.0000
ChineseRemnants.esp,305BEBC2,000211F6,WoodCrate02,STAT,744.000000,1702.000000,28.000000,90.0000
ChineseRemnants.esp,305BEBC1,000211F7,WoodCrate03,STAT,744.000000,1702.000000,0.000000,90.0000
ChineseRemnants.esp,305BEBBE,00049D9F,Prewar_Cabinet_Garage_01,CONT,932.000000,1692.000000,0.000000,0.0000
ChineseRemnants.esp,305BEBBD,00067A40,BldConcSmFlrOnly01,STAT,1056.000000,1600.000000,0.000000,0.0000
ChineseRemnants.esp,305BEBBC,00067A40,BldConcSmFlrOnly01,STAT,1056.000000,1344.000000,0.000000,0.0000
ChineseRemnants.esp,304717CD,00067A2A,BldConcSmCeilOnly01,STAT,-256.000000,-352.000000,384.000000,0.0000
ChineseRemnants.esp,304717CC,00067A2A,BldConcSmCeilOnly01,STAT,-256.000000,-256.000000,160.000000,0.0000
ChineseRemnants.esp,304717CB,00067AA6,BldConcSmWall01,STAT,-272.000000,256.000000,0.000000,0.0000
ChineseRemnants.esp,304717CA,00067AA6,BldConcSmWall01,STAT,-272.000000,0.000000,0.000000,0.0000
ChineseRemnants.esp,304717C9,0006799B,BldConcMdWall01,STAT,-240.000000,0.000000,0.000000,180.0000
ChineseRemnants.esp,304717C8,0006799B,BldConcMdWall01,STAT,-272.000000,-256.000000,0.000000,0.0000
ChineseRemnants.esp,304717C7,0006799B,BldConcMdWall01,STAT,-256.000000,-272.000000,0.000000,270.0001
ChineseRemnants.esp,304717C6,0006799B,BldConcMdWall01,STAT,-240.000000,-256.000000,0.000000,180.0000
ChineseRemnants.esp,304717C5,00067AA6,BldConcSmWall01,STAT,1056.000000,1616.000000,0.000000,90.0000
ChineseRemnants.esp,304717C4,00067AA6,BldConcSmWall01,STAT,800.000000,1616.000000,0.000000,90.0000
ChineseRemnants.esp,304717C3,00067AA6,BldConcSmWall01,STAT,1056.000000,1328.000000,0.000000,270.0001
ChineseRemnants.esp,304717C2,00067AA6,BldConcSmWall01,STAT,800.000000,1328.000000,0.000000,270.0001
ChineseRemnants.esp,304717C1,00067AA6,BldConcSmWall01,STAT,944.000000,1344.000000,0.000000,180.0000
ChineseRemnants.esp,304717C0,00067AA6,BldConcSmWall01,STAT,944.000000,1600.000000,0.000000,180.0000
ChineseRemnants.esp,3046D35E,00067AAA,BldConcSmWall03,STAT,784.000000,1344.000000,0.000000,0.0000
ChineseRemnants.esp,3046D356,0001D92C,BldWoodPDoor01,DOOR,944.000000,256.000000,0.000000,0.0000
ChineseRemnants.esp,3046D354,0001820C,MetalTable01,STAT,872.000000,1240.000000,0.000000,0.0000
ChineseRemnants.esp,30468F03,000BA590,Vault_Crate_02_Steel,STAT,608.000000,618.000000,0.000000,0.0000
ChineseRemnants.esp,30468F01,00060CB4,Loot_AmmoBox,CONT,536.000000,1704.000000,32.000000,0.0000
ChineseRemnants.esp,30468EFF,001A0380,Loot_ToolChest,CONT,1040.000000,1592.000000,0.000000,180.0000
ChineseRemnants.esp,30468EF9,001A594B,TrashcanMetalOffice01,MSTT,608.000000,1240.000000,0.000000,0.0000
ChineseRemnants.esp,30468EF8,0006704D,PowerGenerator02_NeverUseByItself,MSTT,728.000000,1368.000000,0.000000,0.0000
ChineseRemnants.esp,30468EF5,000560DC,defaultLightWarm01NS,LIGH,915.377197,1298.329590,119.111900,180.2408
ChineseRemnants.esp,30468EF4,000560DC,defaultLightWarm01NS,LIGH,915.377197,1298.329590,199.111893,180.2408
ChineseRemnants.esp,30468EF3,00017A89,HoodedLamp01,STAT,1003.375977,1297.959473,175.111893,180.2408
ChineseRemnants.esp,30468EF2,0006704A,PowerGenerator01,MSTT,1007.847412,1360.498657,3.060608,0.0000
ChineseRemnants.esp,30468EEA,00067A2A,BldConcSmCeilOnly01,STAT,1056.000000,1600.000000,32.000000,0.0000
ChineseRemnants.esp,30468EE9,00067A2A,BldConcSmCeilOnly01,STAT,1056.000000,1344.000000,32.000000,0.0000
ChineseRemnants.esp,30468EE8,00067A2A,BldConcSmCeilOnly01,STAT,800.000000,1344.000000,32.000000,0.0000
ChineseRemnants.esp,30468EE1,00067A40,BldConcSmFlrOnly01,STAT,800.000000,1344.000000,0.000000,0.0000
ChineseRemnants.esp,30468EDE,00067A95,BldConcSmWallScktA01,STAT,784.000000,1600.000000,0.000000,0.0000
ChineseRemnants.esp,30468EDD,00067A2A,BldConcSmCeilOnly01,STAT,800.000000,1600.000000,32.000000,0.0000
ChineseRemnants.esp,30468EDB,00067A40,BldConcSmFlrOnly01,STAT,800.000000,1600.000000,0.000000,0.0000
ChineseRemnants.esp,30468ED9,00022783,UtilMetalDoorPlugA01,STAT,512.000000,1200.000000,0.000000,90.0000
ChineseRemnants.esp,30468ED8,0006795B,BldConcBgWallPlugABotDoor01,STAT,656.000000,1600.000000,0.000000,180.0001
ChineseRemnants.esp,30468ED7,00067A95,BldConcSmWallScktA01,STAT,528.000000,1600.000000,0.000000,180.0000
ChineseRemnants.esp,30468ED3,3000CA6C,00ChineseRemnants_FoodCrate,CONT,330.000000,148.000000,36.672760,0.0000
ChineseRemnants.esp,30468ED2,0009BECB,UtilitySink,STAT,160.000000,152.000000,0.000000,180.0000
ChineseRemnants.esp,30468ED1,0011EB5C,Prewar_Locker_Wall01,CONT,624.000000,856.000000,0.000000,90.0000
ChineseRemnants.esp,30468ED0,0020DE62,Vault_WaterFountain01_Rads,ACTI,640.000000,760.000000,-8.000000,90.0000
ChineseRemnants.esp,30468ECE,0011EB5C,Prewar_Locker_Wall01,CONT,808.000000,144.000000,0.000000,180.0000
ChineseRemnants.esp,30464A7B,0014BF76,Mirror03,STAT,1088.000000,384.000000,120.000000,0.0000
ChineseRemnants.esp,30464A79,001A594B,TrashcanMetalOffice01,MSTT,984.000000,344.000000,0.000000,0.0000
ChineseRemnants.esp,30464A75,00034A3D,BathroomSinkBroken01,STAT,1088.000000,384.000000,8.000000,0.0000
ChineseRemnants.esp,30464A73,00034A3F,BathroomToiletBroken01,STAT,1080.000000,160.000000,0.000000,180.0000
ChineseRemnants.esp,30464A71,0001BA2E,BldWlpSmWall01,STAT,1088.000000,240.000000,0.000000,270.0000
ChineseRemnants.esp,30464A70,0001BA2E,BldWlpSmWall01,STAT,1104.000000,256.000000,0.000000,180.0000
ChineseRemnants.esp,30464A6E,0001BA2E,BldWlpSmWall01,STAT,1088.000000,272.000000,0.000000,90.0000
ChineseRemnants.esp,30464A6C,0001BA0D,BldWlpSmCeilOnly01,STAT,1088.000000,256.000000,0.000000,0.0000
ChineseRemnants.esp,30464A69,0001B9C4,BldWlpSmFlrOnly01,STAT,1088.000000,256.000000,0.000000,0.0000
ChineseRemnants.esp,30464A67,0001BA59,BldWlpSmWallScktA01,STAT,1072.000000,256.000000,0.000000,0.0000
ChineseRemnants.esp,30464A66,000AB568,NpcBedVaultBunkLay01,FURN,760.000000,384.000000,0.000000,270.0000
ChineseRemnants.esp,30464A65,00067AA6,BldConcSmWall01,STAT,800.000000,528.000000,0.000000,90.0000
ChineseRemnants.esp,30464A63,0006795B,BldConcBgWallPlugABotDoor01,STAT,944.000000,256.000000,0.000000,180.0000
ChineseRemnants.esp,30464A62,00067A95,BldConcSmWallScktA01,STAT,816.000000,256.000000,0.000000,180.0000
ChineseRemnants.esp,3033537A,0007E290,IndMetalDoor02,DOOR,-256.000000,1744.000000,0.000000,0.0000
ChineseRemnants.esp,3032CAD0,0003A9ED,OfficeBoxPapers03,STAT,-104.000000,1704.000000,0.000000,45.0000
ChineseRemnants.esp,3032CACF,000BD531,OfficeFileCabinet03,CONT,-160.000000,1720.000000,0.000000,0.0000
ChineseRemnants.esp,3032CACE,302FDB2E,00Bunker03_IDCard,MISC,-8.000000,1272.000000,56.952919,0.0000
ChineseRemnants.esp,30328679,0007E290,IndMetalDoor02,DOOR,656.000000,256.000000,0.000000,90.0000
ChineseRemnants.esp,30324224,000D83CC,NpcChairIndustrialMetalOfficeSit01,FURN,-286.000000,1232.000000,0.000000,0.0000
ChineseRemnants.esp,3031FDCF,00002CE2,PatrolIdleMarker,IDLM,-80.000000,1496.000000,0.000000,90.0000
ChineseRemnants.esp,3031752A,00002CE2,PatrolIdleMarker,IDLM,480.000000,264.000000,0.000000,268.3269
ChineseRemnants.esp,30317529,00002CE2,PatrolIdleMarker,IDLM,112.000000,280.000000,0.000000,270.0000
ChineseRemnants.esp,303130CB,00017C73,NoodleCup,ALCH,22.000000,1276.000000,56.000000,0.0000
ChineseRemnants.esp,303130C9,302FDB2E,00Bunker03_IDCard,MISC,-368.000000,1780.000000,34.000000,0.0000
ChineseRemnants.esp,303130C8,0018B217,Loot_DuffleBag_Cash,CONT,-144.000000,1896.000000,148.000000,91.6734
ChineseRemnants.esp,303130C7,0017B3A4,workbenchWeaponsA,FURN,-260.000000,440.000000,0.000000,270.0001
ChineseRemnants.esp,3030A825,000998F4,IDCardReader01,ACTI,440.000000,1216.000000,88.000000,180.0000
ChineseRemnants.esp,302FDB2C,000998F4,IDCardReader01,ACTI,440.000000,1184.000000,88.000000,0.0000
ChineseRemnants.esp,302F96DA,0019D813,ShelfSmall_Metal01_1Long,SCOL,428.000000,124.000000,130.000000,180.0000
ChineseRemnants.esp,3026C760,00143CEB,ConsoleTowerBRight04,SCOL,279.668793,1711.922363,0.000000,0.0000
ChineseRemnants.esp,3026C75F,00140603,ConsoleTowerBRight01,SCOL,248.000000,1712.000000,0.000000,0.0000
ChineseRemnants.esp,3026C75E,00143CEB,ConsoleTowerBRight04,SCOL,79.668846,1711.922363,0.000000,0.0000
ChineseRemnants.esp,3026C75D,00143CEA,ConsoleTowerBRight03,SCOL,120.000000,1712.000000,0.000000,0.0000
ChineseRemnants.esp,3026C75C,00140601,ConsoleTowerBMid01,SCOL,184.000000,1712.000000,0.000000,0.0000
ChineseRemnants.esp,30228157,00049620,OfficeFileCabinetDrawer01,STAT,614.429688,1458.965576,28.520300,97.4029
ChineseRemnants.esp,30228156,00049620,OfficeFileCabinetDrawer01,STAT,614.429688,1458.965576,77.520348,97.4029
ChineseRemnants.esp,30228155,00049620,OfficeFileCabinetDrawer01,STAT,601.741394,1371.387207,27.000000,95.7296
ChineseRemnants.esp,30228154,00049620,OfficeFileCabinetDrawer01,STAT,604.000000,1414.000000,54.000000,90.0000
ChineseRemnants.esp,30228153,00049620,OfficeFileCabinetDrawer01,STAT,592.000000,1374.000000,0.000000,90.0000
ChineseRemnants.esp,30228150,0001820E,MetalTable02,STAT,-360.000000,1790.000000,0.000000,90.0000
ChineseRemnants.esp,3022814F,0001F441,FederalistBookcase01,STAT,-32.000000,1710.000000,0.000000,270.0000
ChineseRemnants.esp,3022814C,00060CB4,Loot_AmmoBox,CONT,896.000000,144.000000,0.000000,112.9184
ChineseRemnants.esp,3022814B,00064A47,Loot_DuffleBag_Guns,CONT,808.000000,144.000000,148.359299,180.0000
ChineseRemnants.esp,3022814A,0001820E,MetalTable02,STAT,696.000000,480.000000,0.000000,90.0000
ChineseRemnants.esp,30228148,000211F6,WoodCrate02,STAT,-72.000000,154.000000,0.000000,90.0000
ChineseRemnants.esp,30228145,00118340,OfficeFileCabine01Static,STAT,604.000000,1416.000000,0.000000,90.0000
ChineseRemnants.esp,30228144,0003F432,NpcCouchOfficeSit01,FURN,358.000000,1260.000000,0.000000,0.0000
ChineseRemnants.esp,30228141,0001F441,FederalistBookcase01,STAT,56.000000,146.000000,0.000000,90.0001
ChineseRemnants.esp,30223CEE,00060CB4,Loot_AmmoBox,CONT,488.000000,1710.000000,32.000000,0.0000
ChineseRemnants.esp,30223CED,00060CB4,Loot_AmmoBox,CONT,504.000000,1708.000000,32.000000,0.0000
ChineseRemnants.esp,30223CEC,00060CB4,Loot_AmmoBox,CONT,498.000000,1718.000000,64.000000,270.0000
ChineseRemnants.esp,30223CEB,00060CB4,Loot_AmmoBox,CONT,-362.000000,1694.000000,0.000000,225.0000
ChineseRemnants.esp,30223CE3,00060CB4,Loot_AmmoBox,CONT,552.000000,1704.000000,64.000000,315.0000
ChineseRemnants.esp,30223CE0,0004B6EA,Loot_Prewar_Medkit_Wall,CONT,-348.000000,1760.000000,144.000000,0.0000
ChineseRemnants.esp,30223CDF,0020A700,Loot_Medkit_Chems_Wall_Dirty,CONT,-128.000000,1728.000000,144.000000,180.0000
ChineseRemnants.esp,30223CDE,0004B6EA,Loot_Prewar_Medkit_Wall,CONT,384.000000,1216.000000,142.000000,0.0000
ChineseRemnants.esp,30223CDD,0003A9ED,OfficeBoxPapers03,STAT,400.000000,922.000000,2.000000,0.0000
ChineseRemnants.esp,30223CDC,000AE442,NpcChairVaultSit03Closed,MSTT,608.000000,696.000000,0.000000,270.0000
ChineseRemnants.esp,30223CDB,000BA590,Vault_Crate_02_Steel,STAT,406.000000,1142.000000,0.000000,90.0000
ChineseRemnants.esp,30223CDA,000E7D9A,StepLadderClosedSmall,STAT,604.000000,1138.000000,0.000000,90.0000
ChineseRemnants.esp,30223CD9,000E7D99,StepLadderClosed,STAT,632.000000,540.000000,18.000000,90.0000
ChineseRemnants.esp,30223CD8,0020A700,Loot_Medkit_Chems_Wall_Dirty,CONT,672.000000,164.000000,142.000000,90.0000
ChineseRemnants.esp,30223CD7,0004B6EA,Loot_Prewar_Medkit_Wall,CONT,-72.000000,128.000000,158.000000,0.0000
ChineseRemnants.esp,30223CD1,00049D9C,Prewar_Cabinet_Garage_05,CONT,640.000000,456.000000,144.000000,90.0000
ChineseRemnants.esp,30223CD0,000AE441,NpcChairVaultSit02Closed,MSTT,416.000000,608.000000,0.000000,180.0000
ChineseRemnants.esp,30223CCD,001A037F,Loot_ToolboxLarge,CONT,-360.000000,100.000000,0.000000,0.0000
ChineseRemnants.esp,30223CCB,0012EA9B,WorkbenchArmorA,FURN,-320.000000,224.000000,0.000000,270.0001
ChineseRemnants.esp,30223CCA,00017DD7,MetalShelf01,STAT,-34.000000,616.000000,0.000000,0.0000
ChineseRemnants.esp,3021F876,000BA591,Vault_Crate_03_Steel,STAT,410.000000,1000.000000,0.000000,90.0000
ChineseRemnants.esp,3021F873,000211F5,WoodCrate01,STAT,410.000000,710.000000,0.000000,0.0000
ChineseRemnants.esp,3021F872,001ABE3A,MetalShelf01_Broken02,STAT,414.000000,838.000000,0.000000,270.0000
ChineseRemnants.esp,3021F871,00118340,OfficeFileCabine01Static,STAT,606.000000,1014.000000,0.000000,90.0000
ChineseRemnants.esp,3021F870,000D83CC,NpcChairIndustrialMetalOfficeSit01,FURN,128.000000,1648.000000,0.000000,90.0000
ChineseRemnants.esp,3021F86D,0003A9EB,OfficeBoxPapers01,STAT,-142.000000,1990.000000,1.155514,0.0000
ChineseRemnants.esp,3021F86C,301C5CD3,00TurretBubble_ChineseRemnant,NPC_,405.760590,1162.000000,255.837402,135.0000
ChineseRemnants.esp,3021F86B,301C5CD3,00TurretBubble_ChineseRemnant,NPC_,617.904114,1162.000000,257.211212,225.0000
ChineseRemnants.esp,3021F867,00049DA1,Prewar_Cabinet_Garage_03,CONT,327.000000,608.000000,0.000000,0.0000
ChineseRemnants.esp,3021F865,0008F6B7,Loot_Prewar_Toolcase,CONT,-259.000000,1558.000000,0.000000,135.0000
ChineseRemnants.esp,3021F864,00059A9A,Loot_Toolbox,CONT,-358.000000,1591.000000,52.000000,0.0000
ChineseRemnants.esp,3021F860,00049DA1,Prewar_Cabinet_Garage_03,CONT,-353.000000,1608.000000,0.000000,270.0000
ChineseRemnants.esp,3021F85B,00082447,RadioDiamondCityReceiver,ACTI,80.767784,1243.449219,55.503212,135.0000
ChineseRemnants.esp,3021F85A,001BA3A0,HamRadioOFF,ACTI,18.000000,1244.000000,56.588181,180.0000
ChineseRemnants.esp,3021F858,000018FA,ConBig03,STAT,234.000000,1246.000000,0.000000,180.0000
ChineseRemnants.esp,3021F857,000018F5,ConBig01,STAT,152.000000,1246.000000,0.000000,180.0000
ChineseRemnants.esp,3021F856,000018FB,ConBig02,STAT,-64.000000,1246.000000,0.000000,180.0000
ChineseRemnants.esp,3021F853,0003A9EC,OfficeBoxPapers02,STAT,176.000000,1696.000000,0.000000,270.0000
ChineseRemnants.esp,3021F852,000BD531,OfficeFileCabinet03,CONT,628.000000,1510.000000,0.000000,90.0000
ChineseRemnants.esp,3021F851,000BD52E,OfficeFileCabinet02,CONT,434.000000,1700.000000,0.000000,0.0000
ChineseRemnants.esp,3021F850,00049622,OfficeFileCabinet01_Prewar,CONT,354.000000,1700.000000,0.000000,0.0000
ChineseRemnants.esp,3021F84F,000BD52E,OfficeFileCabinet02,CONT,394.000000,1700.000000,0.000000,0.0000
ChineseRemnants.esp,3021F84E,001D15DC,WoodPallet01DMG,MSTT,-370.000000,-294.000000,60.000000,90.0000
ChineseRemnants.esp,3021F84D,001A5947,WoodBox01,MSTT,221.701736,595.192261,0.000000,239.6789
ChineseRemnants.esp,3021F84B,00049DA0,Prewar_Cabinet_Garage_02,CONT,-203.261002,605.510925,-0.000031,0.0000
ChineseRemnants.esp,3021F84A,000211F6,WoodCrate02,STAT,-360.032806,-28.895399,28.578110,0.0000
ChineseRemnants.esp,3021F848,000211F5,WoodCrate01,STAT,-152.000000,-336.000000,0.000000,0.0000
ChineseRemnants.esp,3021F847,000211F5,WoodCrate01,STAT,-360.000000,-172.000000,0.000000,0.0000
ChineseRemnants.esp,3021F844,000670B1,Loot_Prewar_ToolBox,CONT,-321.271332,570.293335,0.000000,11.4592
ChineseRemnants.esp,3021F843,0008F6B7,Loot_Prewar_Toolcase,CONT,-347.991302,351.894836,0.000000,137.5100
ChineseRemnants.esp,3021F842,001A037F,Loot_ToolboxLarge,CONT,-366.630951,589.773315,-0.000008,0.0000
ChineseRemnants.esp,3021F841,0005D8F8,Loot_Prewar_Cooler,CONT,406.000000,142.000000,36.000000,103.1326
ChineseRemnants.esp,3021F840,001A594B,TrashcanMetalOffice01,MSTT,712.000000,152.000000,0.000000,0.0000
ChineseRemnants.esp,3021F83D,00175500,FootLocker01,CONT,840.000000,388.000000,0.000000,270.0000
ChineseRemnants.esp,3021F83C,00175500,FootLocker01,CONT,848.000000,588.000000,0.000000,270.0000
ChineseRemnants.esp,3021F83A,00067AA6,BldConcSmWall01,STAT,784.000000,512.000000,0.000000,0.0000
ChineseRemnants.esp,3021F839,00067A2A,BldConcSmCeilOnly01,STAT,800.000000,512.000000,32.000000,0.0000
ChineseRemnants.esp,3021F838,00067AA6,BldConcSmWall01,STAT,816.000000,512.000000,0.000000,180.0000
ChineseRemnants.esp,3021F837,00067A40,BldConcSmFlrOnly01,STAT,800.000000,512.000000,0.000000,0.0000
ChineseRemnants.esp,3021F836,000AB568,NpcBedVaultBunkLay01,FURN,768.000000,592.000000,0.000000,270.0000
ChineseRemnants.esp,3021F834,00067A95,BldConcSmWallScktA01,STAT,784.000000,256.000000,0.000000,0.0000
ChineseRemnants.esp,3021F832,00067A2A,BldConcSmCeilOnly01,STAT,800.000000,256.000000,32.000000,0.0000
ChineseRemnants.esp,3021F831,00067AA6,BldConcSmWall01,STAT,800.000000,240.000000,0.000000,270.0000
ChineseRemnants.esp,3021F830,00067A95,BldConcSmWallScktA01,STAT,528.000000,256.000000,0.000000,180.0000
ChineseRemnants.esp,3021F82F,0006795B,BldConcBgWallPlugABotDoor01,STAT,656.000000,256.000000,0.000000,0.0000
ChineseRemnants.esp,3021F82E,00067A40,BldConcSmFlrOnly01,STAT,800.000000,256.000000,0.000000,0.0000
ChineseRemnants.esp,3021B3DC,000211F7,WoodCrate03,STAT,-360.000000,-32.000000,0.000000,0.0000
ChineseRemnants.esp,3021B3DB,000211F6,WoodCrate02,STAT,-152.000000,35.000000,0.000000,0.0000
ChineseRemnants.esp,3021B3DA,001D15DC,WoodPallet01DMG,MSTT,-148.000000,-138.000000,60.000000,270.0001
ChineseRemnants.esp,3021B3D8,001A594B,TrashcanMetalOffice01,MSTT,-154.000000,1790.000000,2.000000,0.0000
ChineseRemnants.esp,3021B3D4,3000CA6C,00ChineseRemnants_FoodCrate,CONT,417.000000,147.000000,0.000000,0.0000
ChineseRemnants.esp,3021B3D3,3000CA6C,00ChineseRemnants_FoodCrate,CONT,331.000000,148.000000,0.000000,0.0000
ChineseRemnants.esp,3021B3D1,000BD53C,OfficeDesk01,CONT,44.000000,1254.000000,0.000000,180.0000
ChineseRemnants.esp,3021B3D0,00175500,FootLocker01,CONT,-336.000000,1852.000000,0.000000,0.0000
ChineseRemnants.esp,3021B3CF,0011EB5C,Prewar_Locker_Wall01,CONT,-144.000000,1888.000000,0.000000,90.0000
ChineseRemnants.esp,3021B3CE,00067A95,BldConcSmWallScktA01,STAT,-256.000000,1872.000000,0.000000,270.0000
ChineseRemnants.esp,3021B3CB,0018C56F,WorkshopNpcBedMetalLay01,FURN,-328.000000,1930.000000,0.000000,0.0000
ChineseRemnants.esp,3021B3CA,00067A2A,BldConcSmCeilOnly01,STAT,-256.000000,1888.000000,32.000000,0.0000
ChineseRemnants.esp,3021B3C9,00067AA6,BldConcSmWall01,STAT,-240.000000,1888.000000,0.000000,180.0000
ChineseRemnants.esp,3021B3C8,00067AA6,BldConcSmWall01,STAT,-272.000000,1888.000000,0.000000,0.0000
ChineseRemnants.esp,3021B3C7,0006795B,BldConcBgWallPlugABotDoor01,STAT,-256.000000,1744.000000,0.000000,90.0000
ChineseRemnants.esp,3021B3C6,00067A40,BldConcSmFlrOnly01,STAT,-256.000000,1888.000000,0.000000,0.0000
ChineseRemnants.esp,3021B3C5,00067A95,BldConcSmWallScktA01,STAT,-256.000000,1616.000000,0.000000,90.0000
ChineseRemnants.esp,30216F74,000BD53C,OfficeDesk01,CONT,-345.000000,1307.000000,0.000000,270.0001
ChineseRemnants.esp,30216F73,301C5CD3,00TurretBubble_ChineseRemnant,NPC_,617.992310,150.000000,255.533905,135.0000
ChineseRemnants.esp,30216F72,301C5CD3,00TurretBubble_ChineseRemnant,NPC_,617.049622,616.000000,256.205994,225.0000
ChineseRemnants.esp,30216F6E,001865B9,WorkbenchCookingStove,FURN,264.000000,224.000000,0.000000,180.0000
ChineseRemnants.esp,30216F6D,00100CD5,ProtectronPod01,FURN,128.000000,584.000000,0.000000,180.0000
ChineseRemnants.esp,30216F6C,00157FEB,WorkbenchPowerArmor,FURN,-232.000000,1472.000000,0.000000,90.0000
ChineseRemnants.esp,30216F6A,00067AA6,BldConcSmWall01,STAT,-256.000000,1904.000000,0.000000,90.0000
ChineseRemnants.esp,30216F69,00067AA6,BldConcSmWall01,STAT,0.000000,1616.000000,0.000000,90.0000
ChineseRemnants.esp,30216F68,00067AA6,BldConcSmWall01,STAT,256.000000,1616.000000,0.000000,90.0000
ChineseRemnants.esp,30216F67,00067AA6,BldConcSmWall01,STAT,512.000000,1616.000000,0.000000,90.0000
ChineseRemnants.esp,30216F66,00067A2A,BldConcSmCeilOnly01,STAT,256.000000,1600.000000,32.000000,0.0000
ChineseRemnants.esp,30216F65,00067A2A,BldConcSmCeilOnly01,STAT,0.000000,1600.000000,32.000000,0.0000
ChineseRemnants.esp,30216F64,00067A2A,BldConcSmCeilOnly01,STAT,-256.000000,1600.000000,32.000000,0.0000
ChineseRemnants.esp,30216F63,00067AA6,BldConcSmWall01,STAT,-272.000000,1600.000000,0.000000,0.0000
ChineseRemnants.esp,30216F62,00067AA6,BldConcSmWall01,STAT,-272.000000,1344.000000,0.000000,0.0000
ChineseRemnants.esp,30216F61,00067A2A,BldConcSmCeilOnly01,STAT,-256.000000,1344.000000,32.000000,0.0000
ChineseRemnants.esp,30216F60,00067A2A,BldConcSmCeilOnly01,STAT,0.000000,1344.000000,32.000000,0.0000
ChineseRemnants.esp,30216F5F,00067A2A,BldConcSmCeilOnly01,STAT,256.000000,1344.000000,32.000000,0.0000
ChineseRemnants.esp,30216F5E,00067AA6,BldConcSmWall01,STAT,-256.000000,1328.000000,0.000000,270.0000
ChineseRemnants.esp,30216F5D,00067AA6,BldConcSmWall01,STAT,0.000000,1328.000000,0.000000,270.0000
ChineseRemnants.esp,30216F5C,00067AA6,BldConcSmWall01,STAT,256.000000,1328.000000,0.000000,270.0000
ChineseRemnants.esp,30216F5A,00067AA6,BldConcSmWall01,STAT,528.000000,1344.000000,0.000000,180.0000
ChineseRemnants.esp,30216F59,00067A2A,BldConcSmCeilOnly01,STAT,512.000000,1600.000000,32.000000,0.0000
ChineseRemnants.esp,30216F58,00067A2A,BldConcSmCeilOnly01,STAT,512.000000,1344.000000,32.000000,0.0000
ChineseRemnants.esp,30216F57,00067A40,BldConcSmFlrOnly01,STAT,-256.000000,1600.000000,0.000000,0.0000
ChineseRemnants.esp,30216F56,00067A40,BldConcSmFlrOnly01,STAT,0.000000,1600.000000,0.000000,0.0000
ChineseRemnants.esp,30216F55,00067A40,BldConcSmFlrOnly01,STAT,256.000000,1600.000000,0.000000,0.0000
ChineseRemnants.esp,30216F54,00067A40,BldConcSmFlrOnly01,STAT,512.000000,1600.000000,0.000000,0.0000
ChineseRemnants.esp,30216F53,00067A40,BldConcSmFlrOnly01,STAT,512.000000,1344.000000,0.000000,0.0000
ChineseRemnants.esp,30216F52,00067A95,BldConcSmWallScktA01,STAT,512.000000,1072.000000,0.000000,90.0000
ChineseRemnants.esp,30216F51,00067A95,BldConcSmWallScktA01,STAT,512.000000,1328.000000,0.000000,270.0000
ChineseRemnants.esp,30216F4F,00067A2A,BldConcSmCeilOnly01,STAT,512.000000,1056.000000,32.000000,0.0000
ChineseRemnants.esp,30216F4E,00067A2A,BldConcSmCeilOnly01,STAT,512.000000,800.000000,32.000000,0.0000
ChineseRemnants.esp,30216F4D,00067A95,BldConcSmWallScktA01,STAT,512.000000,784.000000,0.000000,270.0000
ChineseRemnants.esp,30216F4C,00067AA6,BldConcSmWall01,STAT,496.000000,1056.000000,0.000000,0.0000
ChineseRemnants.esp,30216F4B,00067AA6,BldConcSmWall01,STAT,528.000000,1056.000000,0.000000,180.0000
ChineseRemnants.esp,30216F4A,00067AA6,BldConcSmWall01,STAT,528.000000,800.000000,0.000000,180.0000
ChineseRemnants.esp,30216F49,00067AA6,BldConcSmWall01,STAT,496.000000,800.000000,0.000000,0.0000
ChineseRemnants.esp,30216F47,00067A40,BldConcSmFlrOnly01,STAT,512.000000,1056.000000,0.000000,0.0000
ChineseRemnants.esp,30216F46,00067A40,BldConcSmFlrOnly01,STAT,512.000000,800.000000,0.000000,0.0000
ChineseRemnants.esp,30216F45,0004D1CD,PlayerHouse_Rug01,STAT,-256.000000,-312.000000,0.000000,0.0000
ChineseRemnants.esp,30216F41,00067A40,BldConcSmFlrOnly01,STAT,-256.000000,-256.000000,0.000000,0.0000
ChineseRemnants.esp,30212AF0,00067A40,BldConcSmFlrOnly01,STAT,256.000000,1344.000000,0.000000,0.0000
ChineseRemnants.esp,30212AEF,00067A40,BldConcSmFlrOnly01,STAT,0.000000,1344.000000,0.000000,0.0000
ChineseRemnants.esp,30212AEE,00067A40,BldConcSmFlrOnly01,STAT,-256.000000,1344.000000,0.000000,0.0000
ChineseRemnants.esp,3020E69B,0006795B,BldConcBgWallPlugABotDoor01,STAT,512.000000,656.000000,0.000000,90.0000
ChineseRemnants.esp,3020E694,00067A95,BldConcSmWallScktA01,STAT,512.000000,528.000000,0.000000,90.0000
ChineseRemnants.esp,3020E693,30A26F11,00TurretBubble_ChineseRemnant_768,NPC_,-362.000000,618.000000,256.000000,135.0000
ChineseRemnants.esp,3020A23D,00067AA6,BldConcSmWall01,STAT,256.000000,528.000000,0.000000,90.0000
ChineseRemnants.esp,3020A23C,00067AA6,BldConcSmWall01,STAT,0.000000,528.000000,0.000000,90.0000
ChineseRemnants.esp,3020A23B,00067AA6,BldConcSmWall01,STAT,-256.000000,528.000000,0.000000,90.0000
ChineseRemnants.esp,3020A23A,00067A2A,BldConcSmCeilOnly01,STAT,512.000000,512.000000,32.000000,0.0000
ChineseRemnants.esp,3020A239,00067A2A,BldConcSmCeilOnly01,STAT,512.000000,256.000000,32.000000,0.0000
ChineseRemnants.esp,3020A238,00067A2A,BldConcSmCeilOnly01,STAT,256.000000,512.000000,32.000000,0.0000
ChineseRemnants.esp,3020A237,00067A2A,BldConcSmCeilOnly01,STAT,256.000000,256.000000,32.000000,0.0000
ChineseRemnants.esp,3020A236,00067A2A,BldConcSmCeilOnly01,STAT,0.000000,512.000000,32.000000,0.0000
ChineseRemnants.esp,3020A235,00067A2A,BldConcSmCeilOnly01,STAT,0.000000,256.000000,32.000000,0.0000
ChineseRemnants.esp,3020A234,00067A2A,BldConcSmCeilOnly01,STAT,-256.000000,512.000000,32.000000,0.0000
ChineseRemnants.esp,3020A233,00067A2A,BldConcSmCeilOnly01,STAT,-256.000000,256.000000,32.000000,0.0000
ChineseRemnants.esp,3020A232,00067AA6,BldConcSmWall01,STAT,-272.000000,512.000000,0.000000,0.0000
ChineseRemnants.esp,3020A230,00067AA6,BldConcSmWall01,STAT,528.000000,512.000000,0.000000,180.0000
ChineseRemnants.esp,3020A22E,00067AA6,BldConcSmWall01,STAT,512.000000,240.000000,0.000000,270.0000
ChineseRemnants.esp,3020A22D,00067AA6,BldConcSmWall01,STAT,256.000000,240.000000,0.000000,270.0000
ChineseRemnants.esp,3020A22C,00067AA6,BldConcSmWall01,STAT,0.000000,240.000000,0.000000,270.0000
ChineseRemnants.esp,3020A22B,00067A40,BldConcSmFlrOnly01,STAT,-256.000000,512.000000,0.000000,0.0000
ChineseRemnants.esp,3020A22A,00067A40,BldConcSmFlrOnly01,STAT,-256.000000,256.000000,0.000000,0.0000
ChineseRemnants.esp,3020A228,00067A40,BldConcSmFlrOnly01,STAT,512.000000,512.000000,0.000000,0.0000
ChineseRemnants.esp,3020A227,00067A40,BldConcSmFlrOnly01,STAT,256.000000,512.000000,0.000000,0.0000
ChineseRemnants.esp,3020A226,00067A40,BldConcSmFlrOnly01,STAT,512.000000,256.000000,0.000000,0.0000
ChineseRemnants.esp,3020A225,00067A40,BldConcSmFlrOnly01,STAT,256.000000,256.000000,0.000000,0.0000
ChineseRemnants.esp,3020A224,00067A40,BldConcSmFlrOnly01,STAT,0.000000,512.000000,0.000000,0.0000
ChineseRemnants.esp,3020A223,00067A40,BldConcSmFlrOnly01,STAT,0.000000,256.000000,0.000000,0.0000
ChineseRemnants.esp,3020A222,00067A2A,BldConcSmCeilOnly01,STAT,-256.000000,0.000000,32.000000,0.0000
ChineseRemnants.esp,3020A21E,00067A40,BldConcSmFlrOnly01,STAT,-256.000000,0.000000,0.000000,0.0000
ChineseRemnants.esp,307035CC,00098163,PackageLocationPrimitive,ACTI,128.000000,344.000000,144.000000,0.0000
ChineseRemnants.esp,307035C9,00098163,PackageLocationPrimitive,ACTI,40.000000,1456.000000,152.000000,0.0000
ChineseRemnants.esp,306900CA,30006493,00LvlChineseRemnant_Militant,NPC_,572.824768,277.847595,0.000000,270.0000
ChineseRemnants.esp,306900C9,30006493,00LvlChineseRemnant_Militant,NPC_,550.567871,558.214600,-0.000031,270.0000
ChineseRemnants.esp,306900C8,3031751E,00LvlChineseRemnant_Officer03,NPC_,-128.000000,1640.000000,0.000000,90.0000
ChineseRemnants.esp,306900C7,001338F9,NPCNewspaperLeanLeft,FURN,360.000000,1640.000000,0.000000,90.0000
ChineseRemnants.esp,306900C6,30006495,00LvlChineseRemnant_Spy,NPC_,90.739380,1394.330933,0.000000,90.0000
ChineseRemnants.esp,306900C5,3000106F,00LvlChineseRemnant_Commando,NPC_,456.000000,1624.000000,0.000000,180.0000
ChineseRemnants.esp,30468EF7,00075FE4,AmmoFusionCore,AMMO,968.000000,1296.000000,64.000000,90.0000
ChineseRemnants.esp,30468EF6,00026251,MuseumSpotWarm,LIGH,915.377197,1298.329590,231.111893,270.0016
ChineseRemnants.esp,30324222,30899C3C,00TerminalChineseRemnant_Officer03,TERM,-348.000000,1306.000000,0.000000,270.0000
ChineseRemnants.esp,3031FDCE,00002CE2,PatrolIdleMarker,IDLM,-256.000000,1648.000000,0.000000,107.1889
ChineseRemnants.esp,3031751D,300053C1,00PowerArmorFurniture_ChineseRemnant_NoCoreFull,FURN,-160.000000,1472.000000,0.000000,90.0000
ChineseRemnants.esp,3030A824,00093EA7,SecurityGateSm02,ACTI,512.000000,1200.000000,0.000000,0.0000
ChineseRemnants.esp,302F0E1F,0018EA20,MetalTrapdoorLadder02,DOOR,-256.000000,-336.000000,384.000000,0.0000
ChineseRemnants.esp,3021F86F,000D83CC,NpcChairIndustrialMetalOfficeSit01,FURN,8.000000,1312.000000,0.000000,90.0000
ChineseRemnants.esp,3021B3CD,3001B6B1,00ChineseRemnant_TrunkSilver03,CONT,-220.000000,1990.000000,0.000000,0.0000
ChineseRemnants.esp,3099E4D7,00018CD4,MetalBarrelStatic01,STAT,84.000000,200.000000,0.000000,0.0000
ChineseRemnants.esp,3091E2F7,0001F92F,Clipboard01,MISC,704.000061,-280.004181,-310.096893,224.9922
ChineseRemnants.esp,3091E2F6,0003A9ED,OfficeBoxPapers03,STAT,880.000000,104.000000,-384.000000,90.0000
ChineseRemnants.esp,3091E2F5,000DF222,BottleEmpty02,MISC,1184.029663,96.503563,-374.616272,0.1395
ChineseRemnants.esp,3091E2F4,0001F909,TinCan03,MISC,1188.445190,105.601196,-378.585358,179.9596
ChineseRemnants.esp,3091E2F3,0001F909,TinCan03,MISC,1187.627930,112.013359,-378.344849,243.1926
ChineseRemnants.esp,3091E2F2,0001F908,TinCan02,MISC,1181.091064,113.791275,-374.179901,28.6429
ChineseRemnants.esp,3091E2F1,0001F90A,TinCan01,MISC,1173.490845,103.660561,-379.775604,358.1265
ChineseRemnants.esp,3091E2F0,001A594B,TrashcanMetalOffice01,MSTT,1184.000000,104.000000,-384.000000,0.0000
ChineseRemnants.esp,3091E2EF,000BA58F,Vault_Crate_01_Steel,STAT,1386.000000,-664.000000,-384.000000,90.0000
ChineseRemnants.esp,3091E2ED,000BA592,Vault_Crate_04_Steel,STAT,696.000000,-272.000000,-384.000000,0.0000
ChineseRemnants.esp,3091E2EB,00059B3A,PaintCanEmpty,MISC,680.000000,-760.000000,-384.000000,0.0000
ChineseRemnants.esp,3091E2EA,00059B3A,PaintCanEmpty,MISC,696.000000,-800.000000,-376.000000,269.9655
ChineseRemnants.esp,3091E2E9,00060E77,MilitaryAmmoBag,MISC,688.001404,23.997164,-318.823547,90.0000
ChineseRemnants.esp,3091E2E8,30037DE6,00ChineseRemnant_DuffleBag_CombatRifle,CONT,688.000000,56.000000,-288.000000,90.0000
ChineseRemnants.esp,3091E2E7,00060CB4,Loot_AmmoBox,CONT,688.000000,56.000000,-320.000000,270.0000
ChineseRemnants.esp,3091E2E6,00017DD7,MetalShelf01,STAT,694.000000,56.000000,-384.000000,90.0000
ChineseRemnants.esp,30919E95,0004D1F6,Wrench02,MISC,-74.371620,196.248398,45.876484,176.3924
ChineseRemnants.esp,30919E94,0004D1F4,ScrewDriver01,MISC,-84.062683,224.090240,32.929131,90.3345
ChineseRemnants.esp,30919E92,000342BA,Lightbulb_Broken,MISC,-87.114662,205.048416,35.788597,114.9701
ChineseRemnants.esp,30919E91,000E726A,Cardboard_Box_Empty01,MSTT,-87.456306,208.001114,29.957230,359.0347
ChineseRemnants.esp,30919E90,001A5949,WoodBasket,MSTT,79.992149,144.004196,23.063440,0.0000
ChineseRemnants.esp,30919E8D,000A4920,DishRag01,MISC,71.943039,207.923157,76.832321,359.7857
ChineseRemnants.esp,30919E8C,000211F6,WoodCrate02,STAT,-84.000000,312.000000,38.000000,0.0000
ChineseRemnants.esp,30919E8A,000211F6,WoodCrate02,STAT,-86.000000,312.000000,0.000000,0.0000
ChineseRemnants.esp,30919E86,0005238F,Broom01,MISC,77.757622,96.178001,42.092617,91.5884
ChineseRemnants.esp,30919E85,000BA591,Vault_Crate_03_Steel,STAT,88.000000,312.000000,0.000000,270.0000
ChineseRemnants.esp,30919E83,000211F7,WoodCrate03,STAT,-86.000000,200.000000,0.000000,0.0000
ChineseRemnants.esp,30919E81,00045762,SandbagWall01,MSTT,-88.000000,40.000000,2.000000,270.0000
ChineseRemnants.esp,30915A30,0002EB0E,GlowFillRoundMid,STAT,-2.000000,-652.000000,-44.000000,270.0000
ChineseRemnants.esp,308FC041,00027696,ExitSignRedNS,LIGH,-2.000000,-770.000000,-126.000000,90.0000
ChineseRemnants.esp,308FC040,00027696,ExitSignRedNS,LIGH,0.000000,-288.000000,32.000000,90.0000
ChineseRemnants.esp,308FC03F,00027696,ExitSignRedNS,LIGH,-2.000000,-454.000000,-68.000000,90.0000
ChineseRemnants.esp,308FC03E,00027696,ExitSignRedNS,LIGH,-2.000000,-670.000000,-126.000000,90.0000
ChineseRemnants.esp,308FC03D,00027696,ExitSignRedNS,LIGH,-2.000000,-670.000000,-54.000000,90.0000
ChineseRemnants.esp,308FC03C,00018FAA,ExitSignOn01,STAT,0.000000,-652.000000,-32.000000,0.0000
ChineseRemnants.esp,308F7BEB,000D8556,DefaultLightWhite01NSNonSpec,LIGH,296.000000,-792.000000,-176.000000,90.5027
ChineseRemnants.esp,308F7BE9,00027696,ExitSignRedNS,LIGH,0.000000,-104.000000,116.000000,90.0000
ChineseRemnants.esp,308F7BE8,00027696,ExitSignRedNS,LIGH,0.000000,252.000000,250.000000,90.0000
ChineseRemnants.esp,308F7BE7,00027696,ExitSignRedNS,LIGH,0.000000,248.000000,128.000000,90.0000
ChineseRemnants.esp,307FFCBC,00058224,Lighter,MISC,1472.762085,-691.928406,-326.613525,85.3155
ChineseRemnants.esp,307F7410,00059B0A,ShotGlass01,MISC,526.000000,104.000000,-345.954163,0.0000
ChineseRemnants.esp,307F740F,000330FE,IguanaStick,ALCH,526.001892,-831.999817,-324.857971,358.6411
ChineseRemnants.esp,307F740E,000330FE,IguanaStick,ALCH,534.018005,-827.996826,-326.658234,80.2151
ChineseRemnants.esp,307F740B,00033101,MeatMolerat,ALCH,610.058838,-575.390869,-351.031250,338.0451
ChineseRemnants.esp,307F740A,0004A14F,MeatRadstag,ALCH,604.000000,-536.000000,-352.000000,97.4029
ChineseRemnants.esp,307F7402,00023C32,Bowl_02_Ceramic,MISC,598.346375,-577.104004,-282.497986,359.8217
ChineseRemnants.esp,307F7401,00023C32,Bowl_02_Ceramic,MISC,598.346375,-577.104004,-284.497986,359.8217
ChineseRemnants.esp,307F73FF,00023C32,Bowl_02_Ceramic,MISC,598.346375,-577.104004,-286.498016,359.8217
ChineseRemnants.esp,307F73FE,000366C4,bourbon,ALCH,595.809570,-583.717834,-318.924408,97.3138
ChineseRemnants.esp,307F73FD,000366BA,SalisburySteak,ALCH,626.000000,-540.000000,-320.000000,0.0000
ChineseRemnants.esp,307F73FC,000366BD,YumYumDeviledEggs,ALCH,608.003479,-525.999695,-319.038544,0.0000
ChineseRemnants.esp,307F73FB,000330F1,PotatoCrisps,ALCH,600.000000,-500.000000,-320.000000,148.9690
ChineseRemnants.esp,307F73FA,000330FD,IguanaBits,ALCH,610.000000,-554.000000,-318.000000,359.8771
ChineseRemnants.esp,307F73F9,000366B9,InstaMash,ALCH,619.986755,-576.002930,-319.077148,171.8870
ChineseRemnants.esp,307F73F8,000330EE,Cram,ALCH,617.406433,-510.072845,-318.897980,97.4025
ChineseRemnants.esp,307F73F3,00140B22,Glass_Generic,MISC,592.000000,-588.000000,-286.000000,0.1052
ChineseRemnants.esp,307F73F2,000211C4,CoffeeCup01,MISC,593.999878,-556.000000,-254.905212,228.2198
ChineseRemnants.esp,307F73F0,00140B22,Glass_Generic,MISC,620.000000,-564.000000,-286.000000,355.3091
ChineseRemnants.esp,307F73EF,00140B22,Glass_Generic,MISC,618.414795,-584.746338,-286.919220,0.0000
ChineseRemnants.esp,307F73EE,00060E8B,Fork_03_Silver,MISC,606.002563,-568.020325,-286.888123,90.3180
ChineseRemnants.esp,307F73ED,00060E93,Fork_02_StainlessSteel,MISC,600.061523,-550.554565,-282.696045,0.0000
ChineseRemnants.esp,307F73EC,00060E93,Fork_02_StainlessSteel,MISC,607.344360,-548.137939,-282.702515,0.0000
ChineseRemnants.esp,307F73EB,00060E90,Plate_02_Dinner,MISC,605.998230,-552.000793,-284.129852,0.0411
ChineseRemnants.esp,307F73EA,00060E90,Plate_02_Dinner,MISC,606.004150,-551.995422,-285.527405,0.0165
ChineseRemnants.esp,307F73E9,00060E90,Plate_02_Dinner,MISC,605.394531,-551.324341,-286.924866,0.0000
ChineseRemnants.esp,307F73E8,00060E96,Spoon_02_StainlessSteel,MISC,604.005493,-525.997803,-282.821320,74.4745
ChineseRemnants.esp,307F73E7,00060E96,Spoon_02_StainlessSteel,MISC,598.456177,-508.783112,-282.536285,188.1932
ChineseRemnants.esp,307F73E6,00060E95,Spoon_03_Silver,MISC,604.000000,-508.000000,-282.821564,0.0000
ChineseRemnants.esp,307F73E5,00059A82,CafeteriaTray,MISC,606.000000,-514.000000,-284.943665,91.6732
ChineseRemnants.esp,307F73E4,00059A82,CafeteriaTray,MISC,606.000000,-514.000000,-286.937683,91.6732
ChineseRemnants.esp,307F73E3,000211C4,CoffeeCup01,MISC,602.000000,-526.000000,-254.897980,319.8930
ChineseRemnants.esp,307F73E2,001C7F1B,CoffeePot01_Rare,MISC,616.000000,-542.000000,-254.900391,252.1015
ChineseRemnants.esp,307F73E0,00020194,PlayerHouse_Ruin_CoffeeTin01,MISC,606.000000,-506.000000,-254.850037,343.7747
ChineseRemnants.esp,307F73D8,00059AEC,CookingPan01,MISC,424.000000,-862.000000,-347.128265,160.4282
ChineseRemnants.esp,307F73D7,000657FE,VegetableStarch,MISC,588.000000,-834.000000,-348.000000,0.0000
ChineseRemnants.esp,307F73D6,00061FA7,CookingOil,MISC,564.000000,-838.000000,-348.000000,302.7042
ChineseRemnants.esp,307F73D5,000AF8EF,KitchenScale,MISC,608.000000,-576.000000,-256.000000,91.6733
ChineseRemnants.esp,307F73D4,00059ADB,HotPlate,MISC,394.000000,-676.000000,-306.308502,0.0000
ChineseRemnants.esp,307F73D2,00059B0F,Spatula,MISC,506.143250,-837.044128,-319.478546,177.7256
ChineseRemnants.esp,307F73CE,00033FE0,Machete,WEAP,603.571045,-511.265839,-384.000000,189.0762
ChineseRemnants.esp,307F73CC,00059ABC,CuttingBoard,MISC,408.000000,-654.000000,-308.000000,0.0001
ChineseRemnants.esp,307F73CB,000211F6,WoodCrate02,STAT,400.000000,-664.000000,-345.175903,0.0000
ChineseRemnants.esp,307F73CA,00059ABA,CookingPot01,MISC,392.000000,-794.000000,-347.594513,0.0000
ChineseRemnants.esp,307F73C9,00059A7A,BigPot,MISC,572.000000,-794.000000,-382.700958,68.7549
ChineseRemnants.esp,307F73C8,0009DCC4,Tato,ALCH,405.610657,-725.588074,-383.352051,0.0000
ChineseRemnants.esp,307F73C7,0009DCC4,Tato,ALCH,392.572021,-721.793274,-383.352051,0.0000
ChineseRemnants.esp,307F73C4,000EF24D,Gourd,ALCH,392.373108,-733.435852,-378.232147,0.0000
ChineseRemnants.esp,307F73C0,000BEA58,Dogfood,ALCH,526.000000,104.000000,-382.066284,126.0507
ChineseRemnants.esp,307F73BF,00059A76,Baseball,MISC,442.608826,47.948528,-376.903656,334.6801
ChineseRemnants.esp,307F73BD,00059B14,TeddyBear,MISC,364.000000,-208.000000,-380.000000,359.7566
ChineseRemnants.esp,307F73BC,00059A7E,DogBowl,MISC,448.000000,54.000000,-384.000000,337.0817
ChineseRemnants.esp,307F73BB,00060ED8,RatPoison,MISC,-108.564751,148.982239,-384.000000,28.6479
ChineseRemnants.esp,307F73B9,00060E7D,WatchSilver,MISC,1501.996216,-886.013306,-309.725311,177.6175
ChineseRemnants.esp,307F73B8,0005821A,CigarettePack,MISC,1498.004639,-886.019165,-344.596039,0.0292
ChineseRemnants.esp,307F73B7,000CE97D,44,WEAP,1515.991211,-886.029053,-344.101349,269.9191
ChineseRemnants.esp,307F73B6,00140AF0,FolderPapers01,MISC,1664.001465,-795.999146,-350.822052,0.0000
ChineseRemnants.esp,307F73B5,00145857,Rum,ALCH,1520.000000,-880.000000,-309.630402,177.6169
ChineseRemnants.esp,307F73B4,000DF221,BottleEmpty01,MISC,186.000015,384.000000,-383.982269,0.0008
ChineseRemnants.esp,307F73AE,000E1FF0,AutoPartChromeCoolantCap01,MISC,1326.000000,508.000000,-285.148590,309.5737
ChineseRemnants.esp,307F73AD,000E1FF7,AutoPart02,MISC,1272.000000,520.000000,-286.000000,40.1071
ChineseRemnants.esp,307F73AC,000E7E71,ChipBoard_Chip,MISC,716.024902,-477.291138,-327.812500,181.6114
ChineseRemnants.esp,307F73AA,00059B33,GasCanister,MISC,946.000000,434.000000,-384.000000,357.8604
ChineseRemnants.esp,307F73A7,00060ECF,Paintbrush_01,MISC,1300.012573,499.998993,-320.046478,305.8486
ChineseRemnants.esp,307F73A6,00059B3A,PaintCanEmpty,MISC,915.994507,317.994202,-327.996399,0.0000
ChineseRemnants.esp,307F73A5,00059B3B,PaintCanFull,MISC,1318.000000,528.000000,-320.000000,0.0000
ChineseRemnants.esp,307F73A4,000E1FF6,AutoPart01,MISC,1036.580322,291.691284,-382.672760,0.0000
ChineseRemnants.esp,307F73A3,000366C3,Vodka,ALCH,510.590393,97.501137,-346.602173,0.0000
ChineseRemnants.esp,307F73A2,000FC9C3,LeadPipe,WEAP,1386.000000,348.000000,-352.529846,270.0000
ChineseRemnants.esp,307F73A1,0005821A,CigarettePack,MISC,1385.196655,247.606155,-331.019623,359.9455
ChineseRemnants.esp,307F73A0,0008E371,Ashtray01_Filled,MISC,1368.000000,246.000000,-332.296906,0.0000
ChineseRemnants.esp,307F739F,0006C5AE,WonderglueLarge,MISC,1287.276001,525.894043,-250.904282,270.0037
ChineseRemnants.esp,307F739E,001C7F1F,DuctTape01_Rare,MISC,1356.000000,520.000000,-285.347168,45.0005
ChineseRemnants.esp,307F739C,001C7F26,Turpentine_Rare,MISC,1272.000000,506.000000,-320.000000,359.9986
ChineseRemnants.esp,307F739B,00058224,Lighter,MISC,476.559204,354.270752,-380.753967,270.1964
ChineseRemnants.esp,307F739A,0005821A,CigarettePack,MISC,484.842041,347.895508,-380.530182,0.1588
ChineseRemnants.esp,307F7399,0015799E,BookBurnt02,MISC,494.009399,371.991852,-351.047791,89.8520
ChineseRemnants.esp,307F7397,00192D5D,DeskFanOfficeOff01,MISC,289.934967,387.066040,-309.016632,155.4411
ChineseRemnants.esp,307F7395,00140B22,Glass_Generic,MISC,284.000000,380.000000,-345.752258,0.0000
ChineseRemnants.esp,307F7394,0006B165,BoardGame01,MISC,292.000000,382.000000,-382.071045,85.9437
ChineseRemnants.esp,307F2F43,0004D1F4,ScrewDriver01,MISC,912.000000,404.000000,-328.000000,16.3522
ChineseRemnants.esp,307F2F42,000C437F,Coolant01,MISC,1356.000000,512.000000,-320.000000,359.9980
ChineseRemnants.esp,307F2F41,001C7F31,AntiFreeze_Rare,MISC,1346.000000,530.000000,-250.000000,359.9966
ChineseRemnants.esp,307F2F40,00059A71,AbraxoCleaner,MISC,1309.895752,524.024658,-285.061340,90.0029
ChineseRemnants.esp,307F2F3F,000AE442,NpcChairVaultSit03Closed,MSTT,1332.000000,454.000000,-378.000000,263.5606
ChineseRemnants.esp,307F2F3E,000E726A,Cardboard_Box_Empty01,MSTT,1026.000000,284.000000,-384.000000,85.9437
ChineseRemnants.esp,307F2F3A,00059ACC,Fuse,MISC,1381.595459,174.050583,-380.416138,359.6613
ChineseRemnants.esp,307F2F39,00059ACC,Fuse,MISC,1371.636597,179.205093,-380.416321,359.6789
ChineseRemnants.esp,307F2F38,000A4920,DishRag01,MISC,932.000000,360.000000,-328.000000,0.0000
ChineseRemnants.esp,307F2F37,0011DA0F,Blowtorch,MISC,910.000000,358.000000,-328.000000,245.4086
ChineseRemnants.esp,307F2F36,0004D1F7,Wrench03,MISC,925.994385,383.997589,-350.802765,36.7722
ChineseRemnants.esp,307F2F35,0004D1F6,Wrench02,MISC,911.999634,321.999969,-350.592621,359.9955
ChineseRemnants.esp,307F2F34,0005A0D3,Lightbulb,MISC,1387.874756,175.554230,-378.844971,270.1072
ChineseRemnants.esp,307F2F33,0004D1F5,Wrench01,MISC,1367.675537,192.261169,-370.362732,307.1240
ChineseRemnants.esp,307F2F32,000D83BF,PipeWrench,WEAP,936.000000,308.000000,-326.000000,343.7747
ChineseRemnants.esp,307F2F31,000E1FF0,AutoPartChromeCoolantCap01,MISC,1021.499329,284.357941,-382.472504,309.5737
ChineseRemnants.esp,307F2F2F,000E1FF9,AutoPart04,MISC,1033.999878,274.000244,-382.461273,0.1104
ChineseRemnants.esp,307F2F2E,000E1FF8,AutoPart03,MISC,998.000000,422.000000,-384.000000,131.7803
ChineseRemnants.esp,307F2F2D,000E1FF7,AutoPart02,MISC,968.000000,340.000000,-384.000000,251.1381
ChineseRemnants.esp,307F2F2C,000E1FF6,AutoPart01,MISC,914.000000,274.000000,-384.000000,5.7296
ChineseRemnants.esp,307F2F2B,00173F01,SmithingToolSaw02,MISC,1366.000000,-122.000000,-384.000000,5.7297
ChineseRemnants.esp,307F2F28,001AB5ED,ChemistrySetCan02,MISC,700.207520,-720.668640,-250.808838,6.6930
ChineseRemnants.esp,307F2F27,00060ECF,Paintbrush_01,MISC,716.000000,-716.000000,-320.000000,0.0000
ChineseRemnants.esp,307F2F26,0001D95A,PaintCanBlue,MISC,701.911499,-727.329651,-319.908295,338.2744
ChineseRemnants.esp,307F2F25,00059B3B,PaintCanFull,MISC,693.998169,-699.997375,-320.055389,0.0000
ChineseRemnants.esp,307F2F24,001A0B15,SmithingToolTongs01,MISC,218.000000,-10.000000,-383.793335,0.0000
ChineseRemnants.esp,307F2F1A,001AAD69,MakeshiftBattery01,MISC,932.000000,388.000000,-384.000000,348.5409
ChineseRemnants.esp,307F2F19,001AAD69,MakeshiftBattery01,MISC,923.015015,328.863678,-384.000000,291.2451
ChineseRemnants.esp,307F2F17,00173F02,SmithingToolSaw01,MISC,704.000000,-658.000000,-285.192200,137.5099
ChineseRemnants.esp,307F2F16,00059A71,AbraxoCleaner,MISC,676.000000,-688.000000,-285.015625,0.0000
ChineseRemnants.esp,307F2F15,00059B1E,Turpentine,MISC,680.000000,-678.000000,-250.000000,85.9437
ChineseRemnants.esp,307F2F12,00059A80,MetalBucket,MISC,-80.517563,-88.542252,10.012239,310.0331
ChineseRemnants.esp,307F2F0F,001AB5ED,ChemistrySetCan02,MISC,337.754852,94.463943,-384.000000,91.6733
ChineseRemnants.esp,307F2F0E,00060E73,AntiFreeze,MISC,858.000000,-882.000000,-328.000000,183.3468
ChineseRemnants.esp,307F2F0D,00059B3E,Yardstick,MISC,1120.321045,-776.973022,-384.000000,0.0000
ChineseRemnants.esp,307F2F0C,0004B273,OilCan01,MISC,702.000000,-642.000000,-250.000000,17.1889
ChineseRemnants.esp,307F2F0A,0004D1F3,Hammer01,MISC,1338.000000,-102.000000,-375.083374,0.0000
ChineseRemnants.esp,307F2F09,0004B273,OilCan01,MISC,1392.000000,96.000000,-286.159576,131.7803
ChineseRemnants.esp,307F2F06,000E1FF9,AutoPart04,MISC,1336.633423,75.763863,-377.311523,8.1347
ChineseRemnants.esp,307F2F04,000E1FF8,AutoPart03,MISC,1352.551270,64.000786,-377.569672,4.5799
ChineseRemnants.esp,307F2F02,0004D1F2,DuctTape01,MISC,1392.000000,74.000000,-284.000000,0.0000
ChineseRemnants.esp,307F2F01,000E1FF7,AutoPart02,MISC,902.000000,-850.000000,-330.000000,22.9183
ChineseRemnants.esp,307F2EFA,000E1FF6,AutoPart01,MISC,874.000000,-844.000000,-328.000000,0.0000
ChineseRemnants.esp,307F2EF8,000E1FF0,AutoPartChromeCoolantCap01,MISC,1042.000000,-766.000000,-384.000000,287.6381
ChineseRemnants.esp,307F2EF7,000E1FF0,AutoPartChromeCoolantCap01,MISC,992.000000,-824.000000,-384.000000,286.6083
ChineseRemnants.esp,307F2EF6,000C4380,Coolant_Empty01,MISC,1105.095947,-852.608398,-381.082367,180.0324
ChineseRemnants.esp,307F2EF5,000C437F,Coolant01,MISC,699.958191,-722.092407,-284.847565,268.3344
ChineseRemnants.esp,307F2EF3,0004D1F3,Hammer01,MISC,952.000000,-746.000000,-383.497559,148.9690
ChineseRemnants.esp,307F2EF2,0004D1F7,Wrench03,MISC,1030.000000,-804.000000,-382.569183,68.7549
ChineseRemnants.esp,307F2EF1,0004D1F6,Wrench02,MISC,851.318604,-803.943909,-372.609009,299.8280
ChineseRemnants.esp,307F2EF0,0004D1F5,Wrench01,MISC,862.000000,-864.000000,-328.000000,319.8929
ChineseRemnants.esp,307F2EEF,0006907B,c_Circuitry_scrap,MISC,940.000000,-838.000000,-326.000000,0.0000
ChineseRemnants.esp,307F2EEE,001A0B11,SmithingToolHammer01A,MISC,1322.000000,0.000000,-326.000000,108.8620
ChineseRemnants.esp,307F2EEC,0004D1F4,ScrewDriver01,MISC,1340.206299,58.747025,-380.279572,161.8214
ChineseRemnants.esp,307F2EEB,0004D1F5,Wrench01,MISC,1344.950928,87.196182,-364.612061,0.2969
ChineseRemnants.esp,307F2EEA,0011DA0F,Blowtorch,MISC,706.000000,-652.000000,-320.000000,241.6059
ChineseRemnants.esp,307F2EE9,000A4920,DishRag01,MISC,614.000000,-766.000000,-333.614014,251.1380
ChineseRemnants.esp,307F2EE8,000366C1,Whiskey,ALCH,300.000000,392.000000,-345.868164,0.0220
ChineseRemnants.esp,307F2EE7,0001F909,TinCan03,MISC,159.175903,159.549408,-372.089508,254.3837
ChineseRemnants.esp,307F2EE6,0001F908,TinCan02,MISC,152.807541,167.155670,-379.715240,0.0797
ChineseRemnants.esp,307F2EE5,0001F90A,TinCan01,MISC,152.065628,177.180008,-380.712830,4.6024
ChineseRemnants.esp,307F2EE4,000342BA,Lightbulb_Broken,MISC,142.980881,166.870819,-376.643738,77.8019
ChineseRemnants.esp,307F2EE3,000211DD,BeerBottleEmpty01,MISC,141.032196,175.618484,-379.955627,163.6938
ChineseRemnants.esp,307F2EE2,000211DD,BeerBottleEmpty01,MISC,503.744476,395.132385,-328.000000,320.8564
ChineseRemnants.esp,307F2EE1,00059B27,AlarmClock,MISC,472.000000,394.000000,-328.000000,0.0000
ChineseRemnants.esp,307F2EE0,00023C34,Bowl_02b_Ceramic_Cracked,MISC,498.000000,370.000000,-327.565430,0.0000
ChineseRemnants.esp,307F2EDF,00060E93,Fork_02_StainlessSteel,MISC,476.000000,366.000000,-326.571381,354.2704
ChineseRemnants.esp,307F2EDD,00060E95,Spoon_03_Silver,MISC,468.000000,368.000000,-326.445282,0.0000
ChineseRemnants.esp,307F2EDC,00059AFA,Plate_01_Plastic,MISC,470.000000,368.000000,-327.999969,0.0000
ChineseRemnants.esp,307F2EDB,00059AB4,Chessboard,MISC,376.000000,77.894966,-382.320160,359.9995
ChineseRemnants.esp,307F2EDA,0001F908,TinCan02,MISC,300.132172,-600.066589,-381.761047,1.4478
ChineseRemnants.esp,307F2ED9,000DEDED,BottleEmptyWine01,MISC,285.408539,-589.356079,-369.297638,294.5102
ChineseRemnants.esp,307F2ED8,000342BA,Lightbulb_Broken,MISC,289.546112,-604.027771,-379.735901,179.8626
ChineseRemnants.esp,307F2ED7,000C9AD7,SurgicalScissors,MISC,178.364410,86.001045,-372.046814,103.3018
ChineseRemnants.esp,307F2ED6,0004D1F2,DuctTape01,MISC,172.000000,86.000000,-374.000000,0.0000
ChineseRemnants.esp,307F2ED3,000B91FF,MrHandyFuel,MISC,610.000000,-626.000000,-384.000000,342.8114
ChineseRemnants.esp,307F2ED2,000B91FF,MrHandyFuel,MISC,612.843262,-468.444305,-384.000000,342.8114
ChineseRemnants.esp,307F2ED1,00176054,ChemistrySetCan01,MISC,1392.000000,288.000000,-384.000000,317.1150
ChineseRemnants.esp,307F2ED0,00059B33,GasCanister,MISC,915.999146,415.999817,-383.994934,11.4585
ChineseRemnants.esp,307F2ECF,00059B33,GasCanister,MISC,1228.000000,520.000000,-384.000000,0.0001
ChineseRemnants.esp,307F2ECE,001A5949,WoodBasket,MSTT,398.000000,-728.000000,-384.000000,0.0000
ChineseRemnants.esp,307F2ECC,00059A80,MetalBucket,MISC,314.000000,-568.000000,-374.000000,359.8999
ChineseRemnants.esp,307F2ECB,0005238F,Broom01,MISC,374.000000,-608.000000,-380.000000,90.0000
ChineseRemnants.esp,307F2EC9,0008FCA8,BobbyPinBox,MISC,188.000000,84.000000,-380.367737,314.1634
ChineseRemnants.esp,307F2EC8,001A5947,WoodBox01,MSTT,184.000000,84.000000,-382.426300,103.1324
ChineseRemnants.esp,307F2EC7,00059A71,AbraxoCleaner,MISC,152.000000,76.000000,-384.000000,0.0000
ChineseRemnants.esp,307F2EC6,0004835D,NukaCola,ALCH,386.000000,94.000000,-312.000000,189.0761
ChineseRemnants.esp,307F2EC4,00058224,Lighter,MISC,383.863770,103.839622,-272.429016,89.7730
ChineseRemnants.esp,307F2EC3,0005821A,CigarettePack,MISC,374.000000,98.000000,-308.000000,0.4521
ChineseRemnants.esp,307F2EC1,0008E371,Ashtray01_Filled,MISC,366.000000,94.000000,-310.000000,0.0000
ChineseRemnants.esp,307F2EC0,00059B25,Wonderglue,MISC,182.000000,52.000000,-328.000000,189.0761
ChineseRemnants.esp,307F2EBF,000A4920,DishRag01,MISC,160.000000,-16.000000,-328.000000,0.0000
ChineseRemnants.esp,307F2EBE,000657FB,CuttingFluid,MISC,160.000000,-94.000000,-360.000000,331.3521
ChineseRemnants.esp,307F2EBD,001A0B13,SmithingToolHammer02,MISC,188.000000,22.000000,-328.000000,0.0000
ChineseRemnants.esp,307F2EBA,00059B44,Scissors,MISC,188.000000,-60.000000,-327.605896,251.1381
ChineseRemnants.esp,307EEA67,00060ECE,Toothbrush,MISC,-8.067402,380.998169,-317.397919,105.1885
ChineseRemnants.esp,307EEA66,00199A88,Toothpaste,MISC,4.215357,376.296265,-305.596191,97.4029
ChineseRemnants.esp,307EEA65,0019945F,Soap,MISC,6.001343,160.001678,-380.964539,0.0000
ChineseRemnants.esp,307EEA64,0019945F,Soap,MISC,-21.987698,379.993164,-313.471588,80.2147
ChineseRemnants.esp,307EEA63,000A4920,DishRag01,MISC,-22.000000,380.000000,-318.000000,0.0000
ChineseRemnants.esp,307EEA61,00059AEE,Mop,MISC,-118.000000,162.000000,-333.403442,21.1288
ChineseRemnants.esp,307EEA60,00059A71,AbraxoCleaner,MISC,-6.000000,394.000000,-384.000000,90.0000
ChineseRemnants.esp,307EEA5F,00059A71,AbraxoCleaner,MISC,-121.575027,388.626007,-384.000000,0.0000
ChineseRemnants.esp,307EEA5E,00059A80,MetalBucket,MISC,6.000000,162.000000,-384.000000,0.0000
ChineseRemnants.esp,307EEA5D,00059AFB,Plunger,MISC,85.751152,155.291870,-384.000000,0.0000
ChineseRemnants.esp,307EEA5C,000AEF5B,Vault_FloorMat_Small_01,STAT,16.000000,232.000000,-384.000000,0.0000
ChineseRemnants.esp,307EEA5B,000AEF5B,Vault_FloorMat_Small_01,STAT,-44.000000,304.000000,-384.000000,0.0000
ChineseRemnants.esp,307EEA59,000AEF5B,Vault_FloorMat_Small_01,STAT,-48.000000,240.000000,-384.000000,0.0000
ChineseRemnants.esp,307EEA58,00050AB6,PlayerHouse_BathroomRack01,STAT,49.488106,399.999939,-270.927124,0.0000
ChineseRemnants.esp,307EEA57,00050AB6,PlayerHouse_BathroomRack01,STAT,49.488098,143.999893,-270.927124,180.0000
ChineseRemnants.esp,307EA605,0005A0D3,Lightbulb,MISC,915.151245,77.186172,-379.128571,179.9916
ChineseRemnants.esp,307EA604,00140D99,Pen01,MISC,1260.000000,-836.000000,-328.000000,308.4338
ChineseRemnants.esp,307EA603,00059AF8,Pencil,MISC,1146.000000,-858.000000,-327.760803,251.1381
ChineseRemnants.esp,307EA602,001C7F1F,DuctTape01_Rare,MISC,923.998596,71.554855,-376.890228,359.9928
ChineseRemnants.esp,307EA601,00060AA3,VacuumTube,MISC,1268.000000,-862.000000,-326.000000,269.8791
ChineseRemnants.esp,307EA5FF,00154AD3,BiometricScanner,MISC,1380.000000,-190.000000,-234.000000,242.3760
ChineseRemnants.esp,307EA5FC,000A4920,DishRag01,MISC,1623.153809,-745.614502,-381.813324,82.3305
ChineseRemnants.esp,307EA5FB,0001F90A,TinCan01,MISC,1463.511230,-868.059387,-378.577454,89.9477
ChineseRemnants.esp,307EA5FA,000211DD,BeerBottleEmpty01,MISC,1468.925659,-868.500488,-380.078613,0.2006
ChineseRemnants.esp,307EA5F9,000211DD,BeerBottleEmpty01,MISC,1476.005493,-872.564026,-380.075562,0.1055
ChineseRemnants.esp,307EA5F7,001A594C,Bin_Plastic,MSTT,1616.000000,-744.000000,-384.000000,11.4592
ChineseRemnants.esp,307EA5F6,0005821E,CigarBox,MISC,1671.993530,-775.977173,-348.955627,29.6241
ChineseRemnants.esp,307EA5F4,0008E36F,Cigar_Off01,MISC,1486.003662,-690.010681,-325.492401,0.0018
ChineseRemnants.esp,307EA5F2,0008E371,Ashtray01_Filled,MISC,1488.000000,-690.000000,-328.000000,0.0000
ChineseRemnants.esp,307EA5F1,000366C2,Wine,ALCH,1687.462646,-813.387939,-328.000000,97.4028
ChineseRemnants.esp,307EA5F0,00140B22,Glass_Generic,MISC,1660.000000,-802.000000,-328.000000,0.0000
ChineseRemnants.esp,307EA5EF,00059B27,AlarmClock,MISC,1690.000000,-794.000000,-328.000000,91.6733
ChineseRemnants.esp,307EA5EE,001C7F28,Camera_Rare,MISC,1286.000000,-878.000000,-328.782562,137.5099
ChineseRemnants.esp,307EA5ED,000211C4,CoffeeCup01,MISC,1212.000000,-840.000000,-328.000000,34.3775
ChineseRemnants.esp,307EA5EB,00140AF0,FolderPapers01,MISC,1289.999878,-850.000305,-327.526550,183.3461
ChineseRemnants.esp,307EA5EA,001ACC8E,SensorModule,MISC,690.361877,-458.298462,-257.000000,245.4085
ChineseRemnants.esp,307EA5E8,00140AF0,FolderPapers01,MISC,1288.000000,-852.000000,-328.000000,177.6169
ChineseRemnants.esp,307EA5E7,00059B20,Typewriter,MISC,1138.000000,-882.000000,-328.000000,177.6172
ChineseRemnants.esp,307EA5E6,00059A83,Camera,MISC,1398.000000,-372.000000,-327.141174,85.9437
ChineseRemnants.esp,307EA5E5,3034EDEB,00Bunker02_IDCard,MISC,1354.000732,-345.999573,-326.694641,0.0000
ChineseRemnants.esp,307EA5E4,3034EDEB,00Bunker02_IDCard,MISC,1188.000000,-846.000000,-328.000000,103.1324
ChineseRemnants.esp,307EA5E3,000211C4,CoffeeCup01,MISC,1354.000000,-430.000000,-327.141144,291.2451
ChineseRemnants.esp,307EA5E2,0001F92F,Clipboard01,MISC,1364.000000,-386.000000,-327.011322,68.7549
ChineseRemnants.esp,307EA5E1,00140D99,Pen01,MISC,1368.000000,-318.000000,-326.000000,274.0564
ChineseRemnants.esp,307EA5E0,0003A9EB,OfficeBoxPapers01,STAT,1370.000000,-384.000000,-376.000000,331.3521
ChineseRemnants.esp,307EA5DE,0001D975,Globe01,MISC,1016.000000,98.000000,-278.000000,315.0000
ChineseRemnants.esp,307EA5DD,00055398,WallEmergencyLight01,STAT,636.000000,-146.000000,-192.000000,0.0000
ChineseRemnants.esp,307EA5DB,000E6DB0,DecoGreebFree01,STAT,-124.000000,-760.000000,-80.000000,270.0001
ChineseRemnants.esp,307EA5DA,000E6DB0,DecoGreebFree01,STAT,124.000000,-6.375800,178.671997,90.0000
ChineseRemnants.esp,307EA5D9,000E6DB0,DecoGreebFree01,STAT,-124.000000,-6.375800,178.671997,270.0000
ChineseRemnants.esp,307EA5D8,000E6DB1,DecoGreebFree02,STAT,126.000000,263.250610,245.805496,90.0000
ChineseRemnants.esp,307EA5D7,000E6DB1,DecoGreebFree02,STAT,-126.000000,263.250610,245.805496,270.0000
ChineseRemnants.esp,307EA5D3,0003A9ED,OfficeBoxPapers03,STAT,688.000000,-40.000000,-344.000000,0.0000
ChineseRemnants.esp,307EA5D2,0001F8F9,FireExtinguisher01,MISC,676.139771,-62.288200,-299.057404,180.0000
ChineseRemnants.esp,307EA5D0,0001F8FD,FireExtinguisherHolder01,STAT,668.067810,-62.312302,-277.860992,270.0000
ChineseRemnants.esp,307EA5CD,0001F8F9,FireExtinguisher01,MISC,151.892273,-324.578461,-306.900635,180.0000
ChineseRemnants.esp,307EA5CA,0001F8FD,FireExtinguisherHolder01,STAT,143.999985,-324.787506,-286.822510,270.0000
ChineseRemnants.esp,307EA5C9,000A1395,IndustrialFanSmall,STAT,507.373901,-880.000000,-83.918701,0.0001
ChineseRemnants.esp,307EA5C8,000A1395,IndustrialFanSmall,STAT,144.000000,-138.662399,-88.781700,90.0001
ChineseRemnants.esp,307E6176,000EF2D1,Clock02_Wall,STAT,483.859711,400.000000,-165.751404,0.0000
ChineseRemnants.esp,307E6175,000EF2D1,Clock02_Wall,STAT,664.000000,-416.000000,-168.000000,270.0000
ChineseRemnants.esp,307E6173,000A1395,IndustrialFanSmall,STAT,1408.000000,362.165710,-185.439804,270.0001
ChineseRemnants.esp,307E6172,000BF83F,GenericPosterGroup06,STAT,1407.000000,-382.000000,-252.000000,90.0000
ChineseRemnants.esp,307E616D,000BF83C,GenericPosterGroup03,STAT,1154.000000,-895.000000,-256.000000,180.0000
ChineseRemnants.esp,307E616A,000E6F28,BulletinBoard01Static,STAT,1156.000000,-896.000000,-256.000000,180.0000
ChineseRemnants.esp,307E6169,000E6F28,BulletinBoard01Static,STAT,1408.000000,-379.539307,-253.609894,90.0000
ChineseRemnants.esp,30790731,0001CE94,FluorescentLightThin01,STAT,504.000000,-800.000000,-32.000000,0.0000
ChineseRemnants.esp,30790730,0002B770,FluorescentLightBeam01Thin,MSTT,504.000000,-800.000000,-32.000000,0.0000
ChineseRemnants.esp,3079072F,0010172B,MuseumBounceWarm04NSNonSpec,LIGH,493.921967,-793.167542,-213.722778,291.5356
ChineseRemnants.esp,3079072E,0004DE07,MuseumBounceWarm04NS,LIGH,504.600800,-805.837402,-174.350586,291.5356
ChineseRemnants.esp,3076E39A,0001D0B7,EmergencyLightOn01,STAT,400.000000,112.000000,-176.000000,0.0000
ChineseRemnants.esp,3076E399,0002B76C,EmergencyLightBeamSet01,MSTT,400.000000,112.000000,-176.000000,0.0000
ChineseRemnants.esp,3076E398,000D8556,DefaultLightWhite01NSNonSpec,LIGH,401.418701,-19.158684,-280.940491,90.5027
ChineseRemnants.esp,3076E397,000517B0,DefaultLightWhite01NS,LIGH,397.570068,16.797859,-280.940491,90.5027
ChineseRemnants.esp,3076E395,00018779,FluorescentLight01,STAT,1020.000000,-640.000000,-32.000000,0.0000
ChineseRemnants.esp,3076E394,0002B76F,FluorescentLightBeam01,MSTT,1020.000000,-640.000000,-32.000000,0.0000
ChineseRemnants.esp,3076E393,0004DE07,MuseumBounceWarm04NS,LIGH,1020.600769,-645.837402,-174.350586,291.5356
ChineseRemnants.esp,3076E392,0010172B,MuseumBounceWarm04NSNonSpec,LIGH,1009.921936,-633.167542,-213.722778,291.5356
ChineseRemnants.esp,3076E391,00018779,FluorescentLight01,STAT,1020.000000,-128.000000,-32.000000,0.0000
ChineseRemnants.esp,3076E390,0002B76F,FluorescentLightBeam01,MSTT,1020.000000,-128.000000,-32.000000,0.0000
ChineseRemnants.esp,3076E38F,0004DE07,MuseumBounceWarm04NS,LIGH,1020.600769,-133.837402,-174.350586,291.5356
ChineseRemnants.esp,3076E38E,0010172B,MuseumBounceWarm04NSNonSpec,LIGH,1009.921997,-121.167534,-213.722778,291.5356
ChineseRemnants.esp,30769F1A,00018779,FluorescentLight01,STAT,384.000000,-280.000000,-32.000000,0.0000
ChineseRemnants.esp,30769F19,0002B76F,FluorescentLightBeam01,MSTT,384.000000,-280.000000,-32.000000,0.0000
ChineseRemnants.esp,30769F18,0004DE07,MuseumBounceWarm04NS,LIGH,384.600769,-285.837402,-174.350586,291.5356
ChineseRemnants.esp,30769F17,0010172B,MuseumBounceWarm04NSNonSpec,LIGH,373.921936,-273.167511,-213.722778,291.5356
ChineseRemnants.esp,30765AAB,00027696,ExitSignRedNS,LIGH,0.000000,92.000000,128.000000,90.0000
ChineseRemnants.esp,30765AAA,0002EB0E,GlowFillRoundMid,STAT,0.000000,110.000000,214.000000,270.0000
ChineseRemnants.esp,30765AA9,00027696,ExitSignRedNS,LIGH,0.000000,92.000000,200.000000,90.0000
ChineseRemnants.esp,30765AA8,00018FAA,ExitSignOn01,STAT,0.000000,112.000000,224.000000,0.0000
ChineseRemnants.esp,30765AA7,0001D0C3,LightbulbOn01,STAT,384.000000,272.000000,-128.000000,0.0000
ChineseRemnants.esp,30765AA6,00056723,defaultLightCool02NS,LIGH,387.018799,271.806885,-228.697540,0.0000
ChineseRemnants.esp,30765AA5,000D8555,defaultLightCool02NSNonSpec,LIGH,384.464355,271.258789,-238.439758,0.0000
ChineseRemnants.esp,30765AA4,0001CE94,FluorescentLightThin01,STAT,1136.000000,352.000000,-128.000000,0.0000
ChineseRemnants.esp,30765AA3,0002B770,FluorescentLightBeam01Thin,MSTT,1136.000000,352.000000,-128.000000,0.0000
ChineseRemnants.esp,30765AA2,0010172B,MuseumBounceWarm04NSNonSpec,LIGH,1125.921875,358.832458,-309.722778,291.5356
ChineseRemnants.esp,30765AA1,0004DE07,MuseumBounceWarm04NS,LIGH,1136.600708,346.162598,-270.350586,291.5356
ChineseRemnants.esp,30765A9B,0001D0C3,LightbulbOn01,STAT,1568.000000,-768.000000,-128.000000,0.0000
ChineseRemnants.esp,30765A9A,00056723,defaultLightCool02NS,LIGH,1571.018799,-768.193115,-228.697540,0.0000
ChineseRemnants.esp,30765A99,000D8555,defaultLightCool02NSNonSpec,LIGH,1568.464355,-768.741211,-238.439758,0.0000
ChineseRemnants.esp,30765A97,0001D0C3,LightbulbOn01,STAT,-16.000000,272.000000,-160.000000,0.0000
ChineseRemnants.esp,30765A96,00056723,defaultLightCool02NS,LIGH,-12.981202,271.806885,-260.697510,0.0000
ChineseRemnants.esp,30765A95,000D8555,defaultLightCool02NSNonSpec,LIGH,-15.535645,271.258789,-270.439758,0.0000
ChineseRemnants.esp,30707A21,00094731,SecurityGateSmLatch01,DOOR,1280.000000,144.000000,-384.000000,0.0000
ChineseRemnants.esp,3067EF75,00034D44,Prewar_Refrigerator_Broken,CONT,604.000000,-680.000000,-384.000000,90.0000
ChineseRemnants.esp,3066DE18,00064A47,Loot_DuffleBag_Guns,CONT,16.000000,-864.000000,-226.000000,0.0000
ChineseRemnants.esp,3066DE17,00064A47,Loot_DuffleBag_Guns,CONT,256.000000,386.000000,-236.000000,0.0000
ChineseRemnants.esp,3066DE16,30037DE6,00ChineseRemnant_DuffleBag_CombatRifle,CONT,792.000000,-812.000000,-384.000000,22.0817
ChineseRemnants.esp,3062540E,000018FB,ConBig02,STAT,1378.213501,-580.196594,-384.000000,90.0000
ChineseRemnants.esp,305BA768,3034EDEB,00Bunker02_IDCard,MISC,472.000000,376.000000,-351.000000,0.0000
ChineseRemnants.esp,305BA767,3034EDEB,00Bunker02_IDCard,MISC,298.002075,380.004669,-345.332794,0.0006
ChineseRemnants.esp,305B6316,000C3884,WoodPallet01,STAT,96.000000,16.000000,64.000000,0.0000
ChineseRemnants.esp,305B6315,0018F36A,FloorDrain01,STAT,-89.912598,270.072296,-384.000000,0.0000
ChineseRemnants.esp,305B6313,00106953,ShowerHead01,STAT,-128.000000,272.000000,-264.000000,180.0000
ChineseRemnants.esp,305B6311,000679C1,BldConcMdWallPillar01,STAT,120.000000,128.000000,0.000000,0.0000
ChineseRemnants.esp,305B6310,000679C1,BldConcMdWallPillar01,STAT,-120.000000,128.000000,0.000000,0.0000
ChineseRemnants.esp,305B630F,0006799B,BldConcMdWall01,STAT,256.000000,-256.000000,-384.000000,0.0000
ChineseRemnants.esp,305B630E,00067C2F,BldConcMdRoomMid01,SCOL,256.000000,-256.000000,-384.000000,0.0000
ChineseRemnants.esp,305B630D,0006799B,BldConcMdWall01,STAT,256.000000,0.000000,-384.000000,0.0000
ChineseRemnants.esp,305B630C,00067C2F,BldConcMdRoomMid01,SCOL,256.000000,0.000000,-384.000000,0.0000
ChineseRemnants.esp,305B630B,0006799B,BldConcMdWall01,STAT,512.000000,0.000000,-384.000000,90.0000
ChineseRemnants.esp,305B630A,00067C2F,BldConcMdRoomMid01,SCOL,512.000000,0.000000,-384.000000,0.0000
ChineseRemnants.esp,305B6309,0006799B,BldConcMdWall01,STAT,512.000000,-768.000000,-384.000000,270.0000
ChineseRemnants.esp,305B6308,00067C2F,BldConcMdRoomMid01,SCOL,512.000000,-768.000000,-384.000000,0.0000
ChineseRemnants.esp,305B6307,00067AA6,BldConcSmWall01,STAT,256.000000,-768.000000,-256.000000,270.0000
ChineseRemnants.esp,305B6305,00067A2A,BldConcSmCeilOnly01,STAT,0.000000,352.000000,352.000000,90.0000
ChineseRemnants.esp,305B6304,0006799B,BldConcMdWall01,STAT,0.000000,256.000000,0.000000,180.0000
ChineseRemnants.esp,305B6303,0006799B,BldConcMdWall01,STAT,0.000000,272.000000,0.000000,90.0000
ChineseRemnants.esp,305B6302,0006799B,BldConcMdWall01,STAT,0.000000,256.000000,0.000000,0.0000
ChineseRemnants.esp,305B6301,0001820C,MetalTable01,STAT,920.000000,352.000000,-384.000000,90.0000
ChineseRemnants.esp,305B6300,0001820E,MetalTable02,STAT,492.000000,376.000000,-384.000000,0.0000
ChineseRemnants.esp,305B62FD,000560DC,defaultLightWarm01NS,LIGH,980.329590,292.622772,-262.888000,270.2409
ChineseRemnants.esp,305B62FC,000560DC,defaultLightWarm01NS,LIGH,980.329590,292.622772,-182.888000,270.2409
ChineseRemnants.esp,305B62FB,00017A89,HoodedLamp01,STAT,979.959473,204.624023,-206.888000,270.2409
ChineseRemnants.esp,305B62FA,0006704A,PowerGenerator01,MSTT,1042.498657,208.152557,-378.939392,90.0000
ChineseRemnants.esp,305B62ED,00067A40,BldConcSmFlrOnly01,STAT,1024.000000,544.000000,-384.000000,90.0000
ChineseRemnants.esp,305B62EB,0006799B,BldConcMdWall01,STAT,1296.000000,544.000000,-384.000000,180.0000
ChineseRemnants.esp,305B62EA,0006799B,BldConcMdWall01,STAT,1008.000000,544.000000,-384.000000,0.0000
ChineseRemnants.esp,305B62E9,00067A40,BldConcSmFlrOnly01,STAT,1280.000000,544.000000,-384.000000,90.0000
ChineseRemnants.esp,304717BE,0006799B,BldConcMdWall01,STAT,1296.000000,288.000000,-384.000000,180.0000
ChineseRemnants.esp,304717BD,0006799B,BldConcMdWall01,STAT,1024.000000,432.000000,-384.000000,90.0000
ChineseRemnants.esp,304717BC,0006799B,BldConcMdWall01,STAT,1280.000000,432.000000,-384.000000,90.0000
ChineseRemnants.esp,304717BA,0006799B,BldConcMdWall01,STAT,1008.000000,288.000000,-384.000000,0.0000
ChineseRemnants.esp,304717B9,0006799B,BldConcMdWall01,STAT,1024.000000,272.000000,-384.000000,270.0000
ChineseRemnants.esp,30468ED6,00022563,BldWoodPDoor02,DOOR,114.000000,272.000000,-384.000000,180.0000
ChineseRemnants.esp,3045C1B6,0006799B,BldConcMdWall01,STAT,768.000000,-784.000000,-384.000000,270.0000
ChineseRemnants.esp,3045C1B5,0006799B,BldConcMdWall01,STAT,1024.000000,-784.000000,-384.000000,270.0000
ChineseRemnants.esp,3045C1B4,00067C2F,BldConcMdRoomMid01,SCOL,768.000000,-768.000000,-384.000000,0.0000
ChineseRemnants.esp,3045C1B3,00067C2F,BldConcMdRoomMid01,SCOL,1024.000000,-768.000000,-384.000000,0.0000
ChineseRemnants.esp,3045C1B1,001A037F,Loot_ToolboxLarge,CONT,1384.000000,386.000000,-354.000000,180.0000
ChineseRemnants.esp,3045C1B0,000211F5,WoodCrate01,STAT,1380.000000,240.000000,-384.000000,0.0000
ChineseRemnants.esp,3045C1AE,000211F7,WoodCrate03,STAT,1380.000000,368.000000,-384.000000,0.0000
ChineseRemnants.esp,3045C1AD,00049DA0,Prewar_Cabinet_Garage_02,CONT,1320.000000,512.000000,-384.000000,0.0000
ChineseRemnants.esp,3045C1A1,0006704D,PowerGenerator02_NeverUseByItself,MSTT,1056.000000,494.000000,-384.000000,90.0000
ChineseRemnants.esp,3045C19F,000679CC,BldConcMdWallScktABot01,STAT,1280.000000,16.000000,-384.000000,90.0000
ChineseRemnants.esp,3045C19E,00067A2A,BldConcSmCeilOnly01,STAT,1024.000000,544.000000,-352.000000,90.0000
ChineseRemnants.esp,3045C19D,00067A2A,BldConcSmCeilOnly01,STAT,1280.000000,544.000000,-352.000000,90.0000
ChineseRemnants.esp,3045C19C,00067A2A,BldConcSmCeilOnly01,STAT,1024.000000,288.000000,-352.000000,90.0000
ChineseRemnants.esp,3045C19B,00067A2A,BldConcSmCeilOnly01,STAT,1280.000000,288.000000,-352.000000,90.0000
ChineseRemnants.esp,3045C18B,00067A40,BldConcSmFlrOnly01,STAT,1024.000000,288.000000,-384.000000,90.0000
ChineseRemnants.esp,3045C18A,00067A40,BldConcSmFlrOnly01,STAT,1280.000000,288.000000,-384.000000,90.0000
ChineseRemnants.esp,3045C189,0006795B,BldConcBgWallPlugABotDoor01,STAT,1280.000000,144.000000,-384.000000,270.0001
ChineseRemnants.esp,3045C188,0006799B,BldConcMdWall01,STAT,768.000000,16.000000,-384.000000,90.0000
ChineseRemnants.esp,3045C187,0006799B,BldConcMdWall01,STAT,1024.000000,16.000000,-384.000000,90.0000
ChineseRemnants.esp,3045C186,00067C2F,BldConcMdRoomMid01,SCOL,1024.000000,0.000000,-384.000000,0.0000
ChineseRemnants.esp,3045C185,00067C2F,BldConcMdRoomMid01,SCOL,768.000000,0.000000,-384.000000,0.0000
ChineseRemnants.esp,3045C184,000679CC,BldConcMdWallScktABot01,STAT,1280.000000,272.000000,-384.000000,270.0000
ChineseRemnants.esp,30457D31,0020DE62,Vault_WaterFountain01_Rads,ACTI,166.000000,400.000000,-392.000000,0.0000
ChineseRemnants.esp,30457D30,000211F5,WoodCrate01,STAT,610.000000,-416.000000,-384.000000,0.0000
ChineseRemnants.esp,30457D2F,0009BECB,UtilitySink,STAT,616.000000,-768.000000,-384.000000,90.0000
ChineseRemnants.esp,30457D2E,001A594B,TrashcanMetalOffice01,MSTT,72.000000,376.000000,-384.000000,0.0000
ChineseRemnants.esp,304538DB,0011EB5C,Prewar_Locker_Wall01,CONT,256.000000,384.000000,-384.000000,0.0000
ChineseRemnants.esp,304538D7,0001BA0D,BldWlpSmCeilOnly01,STAT,-32.000000,272.000000,-384.000000,0.0000
ChineseRemnants.esp,304538D6,0014BF76,Mirror03,STAT,-16.000000,400.000000,-264.000000,0.0000
ChineseRemnants.esp,304538D3,00034A3D,BathroomSinkBroken01,STAT,-16.000000,400.000000,-376.000000,0.0000
ChineseRemnants.esp,304538D2,00034A3F,BathroomToiletBroken01,STAT,-28.000000,176.000000,-384.000000,180.0000
ChineseRemnants.esp,304538D1,0001BA2E,BldWlpSmWall01,STAT,-16.000000,272.000000,-384.000000,0.0000
ChineseRemnants.esp,304538CE,0001BA2E,BldWlpSmWall01,STAT,-32.000000,256.000000,-384.000000,270.0001
ChineseRemnants.esp,304538CA,0001BA2E,BldWlpSmWall01,STAT,-32.000000,288.000000,-384.000000,90.0000
ChineseRemnants.esp,304538C5,0001BA59,BldWlpSmWallScktA01,STAT,-16.000000,272.000000,-384.000000,180.0000
ChineseRemnants.esp,304538C4,0001B9C4,BldWlpSmFlrOnly01,STAT,0.000000,272.000000,-384.000000,0.0000
ChineseRemnants.esp,3044F46C,0006799B,BldConcMdWall01,STAT,520.000000,272.000000,-384.000000,180.0000
ChineseRemnants.esp,3044F469,0006799B,BldConcMdWall01,STAT,512.000000,256.000000,-384.000000,270.0000
ChineseRemnants.esp,3044F466,00067A2A,BldConcSmCeilOnly01,STAT,512.000000,528.000000,-352.000000,90.0000
ChineseRemnants.esp,3044F465,00067A2A,BldConcSmCeilOnly01,STAT,256.000000,528.000000,-352.000000,90.0000
ChineseRemnants.esp,3044F45E,0006795B,BldConcBgWallPlugABotDoor01,STAT,112.000000,272.000000,-384.000000,180.0000
ChineseRemnants.esp,3044F45D,000679CC,BldConcMdWallScktABot01,STAT,240.000000,272.000000,-384.000000,0.0000
ChineseRemnants.esp,3036438B,001A594C,Bin_Plastic,MSTT,477.999939,351.999634,-383.999573,46.7059
ChineseRemnants.esp,3035BAE2,00045762,SandbagWall01,MSTT,320.000000,-752.000000,-256.000000,90.0001
ChineseRemnants.esp,3034EDED,00022783,UtilMetalDoorPlugA01,STAT,652.000000,-148.000000,-384.000000,0.0000
ChineseRemnants.esp,3034EDEA,000998F4,IDCardReader01,ACTI,668.000000,-220.000000,-292.000000,270.0000
ChineseRemnants.esp,3034EDE9,000998F4,IDCardReader01,ACTI,636.000000,-72.000000,-292.000000,90.0000
ChineseRemnants.esp,3034EDE4,0003A9EB,OfficeBoxPapers01,STAT,696.000000,-432.000000,-384.000000,0.0000
ChineseRemnants.esp,3034EDE3,001A5949,WoodBasket,MSTT,602.004089,174.007309,-360.935059,174.3539
ChineseRemnants.esp,3034EDDF,000211F5,WoodCrate01,STAT,-80.000000,-848.000000,-256.000000,90.0000
ChineseRemnants.esp,3034EDDD,000211F7,WoodCrate03,STAT,16.000000,-856.000000,-256.000000,90.0000
ChineseRemnants.esp,3034EDDB,0006799B,BldConcMdWall01,STAT,256.000000,288.000000,-384.000000,90.0000
ChineseRemnants.esp,3034EDDA,0006799B,BldConcMdWall01,STAT,512.000000,288.000000,-384.000000,90.0000
ChineseRemnants.esp,3034EDD5,000BA58F,Vault_Crate_01_Steel,STAT,688.000000,-40.000000,-384.000000,90.0000
ChineseRemnants.esp,3034EDD1,0011EB5B,Prewar_Locker_Wall02,CONT,464.000000,96.000000,-384.000000,0.0000
ChineseRemnants.esp,3034EDCD,000211F6,WoodCrate02,STAT,400.000000,-664.000000,-384.000000,0.0000
ChineseRemnants.esp,3034EDCB,00017DD7,MetalShelf01,STAT,608.000000,-544.000000,-384.000000,90.0000
ChineseRemnants.esp,3034EDCA,00143CEB,ConsoleTowerBRight04,SCOL,684.000000,-552.000000,-384.000000,270.0000
ChineseRemnants.esp,3034EDC9,00140603,ConsoleTowerBRight01,SCOL,684.000000,-384.000000,-384.000000,270.0000
ChineseRemnants.esp,3034EDC8,00143CEA,ConsoleTowerBRight03,SCOL,684.000000,-352.000000,-384.000000,270.0000
ChineseRemnants.esp,3034EDC5,00143CEA,ConsoleTowerBRight03,SCOL,684.000000,-512.000000,-384.000000,270.0000
ChineseRemnants.esp,3034EDC3,00140601,ConsoleTowerBMid01,SCOL,684.000000,-448.000000,-384.000000,270.0000
ChineseRemnants.esp,3034EDC1,00049DA0,Prewar_Cabinet_Garage_02,CONT,702.000000,-680.000000,-384.000000,270.0000
ChineseRemnants.esp,3034A970,00002CE2,PatrolIdleMarker,IDLM,1088.000000,-560.000000,-384.000000,0.0000
ChineseRemnants.esp,3034A96E,0007E290,IndMetalDoor02,DOOR,1424.000000,-768.000000,-384.000000,90.0000
ChineseRemnants.esp,3034A96D,0011EB5C,Prewar_Locker_Wall01,CONT,1544.000000,-879.000000,-384.000000,180.0001
ChineseRemnants.esp,3034A96B,00067AA6,BldConcSmWall01,STAT,1568.000000,-752.000000,-384.000000,90.0000
ChineseRemnants.esp,3034A96A,00067AA6,BldConcSmWall01,STAT,1584.000000,-768.000000,-384.000000,180.0000
ChineseRemnants.esp,3034A969,00067A2A,BldConcSmCeilOnly01,STAT,1568.000000,-768.000000,-352.000000,0.0000
ChineseRemnants.esp,3034A967,00067AA6,BldConcSmWall01,STAT,1568.000000,-784.000000,-384.000000,270.0001
ChineseRemnants.esp,3034A966,00067A40,BldConcSmFlrOnly01,STAT,1568.000000,-768.000000,-384.000000,90.0000
ChineseRemnants.esp,3034A965,000679CC,BldConcMdWallScktABot01,STAT,1552.000000,-768.000000,-384.000000,0.0000
ChineseRemnants.esp,3034A964,0006799B,BldConcMdWall01,STAT,1296.000000,-256.000000,-384.000000,180.0000
ChineseRemnants.esp,3034A962,0006799B,BldConcMdWall01,STAT,1296.000000,0.000000,-384.000000,180.0000
ChineseRemnants.esp,3034A961,0006799B,BldConcMdWall01,STAT,1296.000000,-512.000000,-384.000000,180.0000
ChineseRemnants.esp,3034A960,000679CC,BldConcMdWallScktABot01,STAT,1296.000000,-768.000000,-384.000000,180.0000
ChineseRemnants.esp,3034650F,00067A2A,BldConcSmCeilOnly01,STAT,0.000000,256.000000,160.000000,90.0000
ChineseRemnants.esp,3034650C,00067A40,BldConcSmFlrOnly01,STAT,-0.000044,255.999985,0.000000,90.0000
ChineseRemnants.esp,3034650B,00067A71,BldConcSmFlrPlatTrimEdge01,STAT,0.000000,-512.000000,-376.000000,0.0000
ChineseRemnants.esp,303420BA,001A5947,WoodBox01,MSTT,928.000000,72.000000,-384.000000,135.0000
ChineseRemnants.esp,303420B8,0003A9ED,OfficeBoxPapers03,STAT,688.000000,-592.000000,-384.000000,180.0000
ChineseRemnants.esp,303420B1,000AE441,NpcChairVaultSit02Closed,MSTT,1152.000000,-688.000000,-384.000000,180.0000
ChineseRemnants.esp,303420AD,00192D5D,DeskFanOfficeOff01,MISC,1368.000000,-874.000000,-310.000000,301.8676
ChineseRemnants.esp,303420AB,000BD531,OfficeFileCabinet03,CONT,1136.000000,-888.000000,-384.000000,180.0000
ChineseRemnants.esp,303420A9,000BA590,Vault_Crate_02_Steel,STAT,1368.000000,-872.000000,-384.000000,0.0000
ChineseRemnants.esp,303420A5,0003A9ED,OfficeBoxPapers03,STAT,1138.000000,112.000000,-384.000000,90.0000
ChineseRemnants.esp,303420A4,001A0380,Loot_ToolChest,CONT,1390.000000,84.000000,-384.000000,180.0000
ChineseRemnants.esp,303420A3,0004B6EA,Loot_Prewar_Medkit_Wall,CONT,1408.000000,-672.000000,-248.000000,270.0000
ChineseRemnants.esp,3034209B,00060CB4,Loot_AmmoBox,CONT,785.854553,-844.521179,-384.000000,135.0000
ChineseRemnants.esp,3034209A,00038C21,Loot_Raider_ExplosivesBox,CONT,704.055237,-828.939087,-384.000000,348.5409
ChineseRemnants.esp,30342099,000BD52E,OfficeFileCabinet02,CONT,1058.000000,100.000000,-384.000000,0.0000
ChineseRemnants.esp,30342098,000670B1,Loot_Prewar_ToolBox,CONT,910.000000,-878.000000,-328.000000,270.0001
ChineseRemnants.esp,30342097,00049DA1,Prewar_Cabinet_Garage_03,CONT,896.000000,-864.000000,-384.000000,180.0000
ChineseRemnants.esp,3033DC44,001A594B,TrashcanMetalOffice01,MSTT,152.000000,168.000000,-384.000000,0.0000
ChineseRemnants.esp,3033DC42,000AB568,NpcBedVaultBunkLay01,FURN,584.000000,312.000000,-384.000000,0.0000
ChineseRemnants.esp,3033DC41,000AB568,NpcBedVaultBunkLay01,FURN,392.000000,312.000000,-384.000000,0.0000
ChineseRemnants.esp,3033DC3C,00067A2A,BldConcSmCeilOnly01,STAT,512.000000,272.000000,-352.000000,90.0000
ChineseRemnants.esp,3033DC3B,00067A2A,BldConcSmCeilOnly01,STAT,256.000000,272.000000,-352.000000,90.0000
ChineseRemnants.esp,3033DC39,000679CC,BldConcMdWallScktABot01,STAT,256.000000,256.000000,-384.000000,270.0000
ChineseRemnants.esp,3033DC37,00067A40,BldConcSmFlrOnly01,STAT,512.000000,272.000000,-384.000000,90.0000
ChineseRemnants.esp,3033DC33,00067A40,BldConcSmFlrOnly01,STAT,256.000000,272.000000,-384.000000,90.0000
ChineseRemnants.esp,3033DC30,0003A9EC,OfficeBoxPapers02,STAT,1472.000000,-664.000000,-326.516388,90.0000
ChineseRemnants.esp,3033DC2F,00049DA2,Prewar_Cabinet_Garage_04,CONT,1473.000000,-672.000000,-384.000000,0.0000
ChineseRemnants.esp,3033DC2E,001A594B,TrashcanMetalOffice01,MSTT,1464.000000,-872.000000,-384.000000,0.0000
ChineseRemnants.esp,3033DC2D,0001820E,MetalTable02,STAT,1671.000000,-800.000000,-384.000000,90.0000
ChineseRemnants.esp,3033DC2C,0018B217,Loot_DuffleBag_Cash,CONT,1544.000000,-880.000000,-236.000000,180.0000
ChineseRemnants.esp,3033DC21,0006795B,BldConcBgWallPlugABotDoor01,STAT,1424.000000,-768.000000,-384.000000,0.0000
ChineseRemnants.esp,3033DC1F,00018C93,IndMetalDoor01,DOOR,256.000000,128.000000,-384.000000,0.0000
ChineseRemnants.esp,3033DC1E,0006795B,BldConcBgWallPlugABotDoor01,STAT,256.000000,128.000000,-384.000000,270.0001
ChineseRemnants.esp,3033DC1C,000679CC,BldConcMdWallScktABot01,STAT,256.000000,0.000000,-384.000000,90.0000
ChineseRemnants.esp,301DF6EF,301C5CD3,00TurretBubble_ChineseRemnant,NPC_,603.000000,91.000000,-32.000000,225.0000
ChineseRemnants.esp,301DF6EE,301C5CD3,00TurretBubble_ChineseRemnant,NPC_,165.000000,91.000000,-32.000000,135.0000
ChineseRemnants.esp,301DF6ED,301C5CD3,00TurretBubble_ChineseRemnant,NPC_,614.000000,-859.000000,-32.000000,315.0000
ChineseRemnants.esp,301DF6EC,301C5CD3,00TurretBubble_ChineseRemnant,NPC_,-91.000000,-858.000000,-32.000000,0.0001
ChineseRemnants.esp,3018A054,001A5947,WoodBox01,MSTT,288.000000,-800.000000,-243.410461,0.0000
ChineseRemnants.esp,3018A052,000AE442,NpcChairVaultSit03Closed,MSTT,-80.000000,-768.000000,-256.000000,268.1386
ChineseRemnants.esp,3018A04F,0005821C,CigaretteCarton,MISC,372.000000,94.000000,-272.000000,0.0000
ChineseRemnants.esp,3018A04B,00192D5D,DeskFanOfficeOff01,MISC,1672.000000,-774.000000,-328.000000,297.8114
ChineseRemnants.esp,3018A04A,00059B15,Telephone01,MISC,1196.000000,-866.000000,-328.782593,191.4592
ChineseRemnants.esp,3018A049,00154AD2,CircuitBoardMilitary,MISC,1378.000000,-482.000000,-222.000000,45.0000
ChineseRemnants.esp,3018A048,00017C73,NoodleCup,ALCH,776.000000,112.000000,-350.084595,0.4368
ChineseRemnants.esp,3018A043,001A594C,Bin_Plastic,MSTT,1376.000000,184.000000,-384.000000,28.6479
ChineseRemnants.esp,30185BF1,001A594C,Bin_Plastic,MSTT,856.000000,-808.000000,-384.000000,28.6479
ChineseRemnants.esp,30185BF0,000AE442,NpcChairVaultSit03Closed,MSTT,174.474548,-268.710449,-384.000000,268.1386
ChineseRemnants.esp,30185BEF,001A594B,TrashcanMetalOffice01,MSTT,290.000000,-602.000000,-384.000000,0.0000
ChineseRemnants.esp,30185BEE,001A5947,WoodBox01,MSTT,1344.000000,72.000000,-384.000000,337.0817
ChineseRemnants.esp,30185BED,000AE442,NpcChairVaultSit03Closed,MSTT,760.000000,-280.000000,-384.000000,268.1386
ChineseRemnants.esp,30185BE8,0003A9EC,OfficeBoxPapers02,STAT,1102.000000,106.000000,-328.000000,0.0000
ChineseRemnants.esp,30185BE7,000BD52E,OfficeFileCabinet02,CONT,978.000000,100.000000,-384.000000,0.0000
ChineseRemnants.esp,30185BE5,000BD531,OfficeFileCabinet03,CONT,1100.000000,118.000000,-384.848511,0.0000
ChineseRemnants.esp,30185BE3,00049622,OfficeFileCabinet01_Prewar,CONT,1018.000000,100.000000,-384.000000,0.0000
ChineseRemnants.esp,3013D015,0003A9EC,OfficeBoxPapers02,STAT,1240.000000,-864.000000,-384.000000,45.0000
ChineseRemnants.esp,30130313,0006799B,BldConcMdWall01,STAT,524.067810,-403.922913,-384.000000,180.0000
ChineseRemnants.esp,30130312,0006799B,BldConcMdWall01,STAT,780.067627,-403.922913,-384.000000,0.0001
ChineseRemnants.esp,3013030F,00067AA6,BldConcSmWall01,STAT,0.000000,0.000000,0.000000,180.0000
ChineseRemnants.esp,300353E4,000670B1,Loot_Prewar_ToolBox,CONT,-80.000000,-848.000000,-204.296783,269.2902
ChineseRemnants.esp,300353E3,00045762,SandbagWall01,MSTT,176.000000,-872.000000,-256.000000,0.0000
ChineseRemnants.esp,30034B7B,00045762,SandbagWall01,MSTT,209.100464,-216.118805,-384.000000,180.0921
ChineseRemnants.esp,30034B7A,00002CE2,PatrolIdleMarker,IDLM,458.769012,-428.112061,-384.000000,234.9128
ChineseRemnants.esp,3002ABBE,0020A700,Loot_Medkit_Chems_Wall_Dirty,CONT,176.000000,112.000000,-248.000000,177.6986
ChineseRemnants.esp,3002ABBC,0020A700,Loot_Medkit_Chems_Wall_Dirty,CONT,746.218201,-894.987000,-249.960495,0.0000
ChineseRemnants.esp,3002ABBB,0004B6EA,Loot_Prewar_Medkit_Wall,CONT,632.000000,-824.000000,-256.000000,268.3268
ChineseRemnants.esp,3002ABBA,0004B6EA,Loot_Prewar_Medkit_Wall,CONT,1184.000000,128.000000,-248.000000,180.0000
ChineseRemnants.esp,3002A352,000BD53C,OfficeDesk01,CONT,1240.725586,-858.721985,-385.285461,178.9437
ChineseRemnants.esp,3002A349,00175500,FootLocker01,CONT,388.000000,232.000000,-384.000000,0.0000
ChineseRemnants.esp,3002A348,3000CA6C,00ChineseRemnants_FoodCrate,CONT,589.807678,-836.541260,-384.000000,157.0817
ChineseRemnants.esp,3002A342,00175500,FootLocker01,CONT,580.000000,232.000000,-384.000000,0.0000
ChineseRemnants.esp,3002A340,00060CB4,Loot_AmmoBox,CONT,688.000000,88.000000,-320.000000,270.0000
ChineseRemnants.esp,30029AD6,0018E8FC,HamRadio,ACTI,1384.000000,-408.000000,-324.000000,114.5916
ChineseRemnants.esp,30029AD3,00082447,RadioDiamondCityReceiver,ACTI,1374.000000,-344.000000,-326.000000,68.7550
ChineseRemnants.esp,30029AD1,00175500,FootLocker01,CONT,708.000000,72.000000,-384.000000,270.0000
ChineseRemnants.esp,30029AD0,000018FA,ConBig03,STAT,1377.793945,-185.029099,-381.821747,90.0000
ChineseRemnants.esp,30029ACF,000018F5,ConBig01,STAT,1377.987793,-488.821899,-381.396606,90.0000
ChineseRemnants.esp,30029ACE,000018FB,ConBig02,STAT,1378.213501,-268.196594,-384.000000,90.0000
ChineseRemnants.esp,30029ACC,000BD53C,OfficeDesk01,CONT,1372.580322,-375.925415,-383.644043,90.0000
ChineseRemnants.esp,30029ACA,00060CB4,Loot_AmmoBox,CONT,802.603943,-876.545105,-384.000000,40.1071
ChineseRemnants.esp,30029AC9,00060CB4,Loot_AmmoBox,CONT,768.629883,-874.154419,-384.000000,0.0000
ChineseRemnants.esp,30029AC8,00060CB4,Loot_AmmoBox,CONT,749.122192,-873.924316,-384.000000,0.0000
ChineseRemnants.esp,30029AC6,00038C21,Loot_Raider_ExplosivesBox,CONT,704.991150,-875.140991,-384.000000,180.0000
ChineseRemnants.esp,30029AC5,00060CB4,Loot_AmmoBox,CONT,696.000000,32.000000,-352.000000,206.2649
ChineseRemnants.esp,30029AC4,00060CB4,Loot_AmmoBox,CONT,688.000000,80.000000,-352.000000,143.2395
ChineseRemnants.esp,30029259,00175500,FootLocker01,CONT,1528.000000,-688.000000,-384.000000,90.0000
ChineseRemnants.esp,30027924,0018C56F,WorkshopNpcBedMetalLay01,FURN,1607.000000,-696.000000,-384.000000,90.0000
ChineseRemnants.esp,3002791A,0008F6B7,Loot_Prewar_Toolcase,CONT,1336.000000,-104.000000,-384.000000,34.3776
ChineseRemnants.esp,30027919,000670B1,Loot_Prewar_ToolBox,CONT,1390.000000,-114.000000,-384.000000,166.1578
ChineseRemnants.esp,30027917,0017B3A4,workbenchWeaponsA,FURN,1284.677612,-4.037900,-384.000000,89.6733
ChineseRemnants.esp,30027916,000670B1,Loot_Prewar_ToolBox,CONT,160.462402,-111.870697,-382.884125,0.0000
ChineseRemnants.esp,30027914,0012EA9B,WorkbenchArmorA,FURN,209.383102,-33.684200,-384.000000,269.2902
ChineseRemnants.esp,30027913,0008F6B7,Loot_Prewar_Toolcase,CONT,928.000000,-784.000000,-384.000000,45.8367
ChineseRemnants.esp,3002790E,00157FEB,WorkbenchPowerArmor,FURN,1022.978882,-748.142273,-383.217133,357.9636
ChineseRemnants.esp,30026834,0005D8F8,Loot_Prewar_Cooler,CONT,389.933411,-858.086792,-348.210907,286.4789
ChineseRemnants.esp,30026833,3000CA6C,00ChineseRemnants_FoodCrate,CONT,391.568298,-789.711975,-384.000000,264.5243
ChineseRemnants.esp,30026832,3000CA6C,00ChineseRemnants_FoodCrate,CONT,406.265411,-855.657227,-384.000000,177.6169
ChineseRemnants.esp,30026831,001865B9,WorkbenchCookingStove,FURN,527.775818,-788.459290,-384.000000,177.6170
ChineseRemnants.esp,30023E32,000679C2,BldConcMdWallPillar02,STAT,895.436768,-639.546326,-384.000000,0.0000
ChineseRemnants.esp,300235CA,0007350B,PlayerHouse_Ruin_Rug01,STAT,0.000000,312.000000,0.000000,0.0000
ChineseRemnants.esp,30022D4B,0007350B,PlayerHouse_Ruin_Rug01,STAT,601.779907,-145.123474,-384.000000,93.1057
ChineseRemnants.esp,30022D3A,00067A0C,BldConcSmStairsBlockShort01,STAT,0.000000,-256.000000,-128.000000,180.0000
ChineseRemnants.esp,30022D39,00067AB6,BldConcSmWall128Up01,STAT,0.000000,-256.000000,-128.000000,0.0000
ChineseRemnants.esp,30022D38,00067AA6,BldConcSmWall01,STAT,0.000000,-768.000000,-256.000000,0.0000
ChineseRemnants.esp,30022D36,00067AA6,BldConcSmWall01,STAT,0.000000,-768.000000,-256.000000,270.0000
ChineseRemnants.esp,30022D35,00067AB7,BldConcSmWall128Up02,STAT,0.000000,-256.000000,-128.000000,180.0000
ChineseRemnants.esp,30022D2C,00067A40,BldConcSmFlrOnly01,STAT,256.000000,-512.000000,-384.000000,90.0000
ChineseRemnants.esp,30022D17,000679C3,BldConcMdWallPillar03,STAT,896.000000,-128.000000,-384.000000,0.0000
ChineseRemnants.esp,30022D16,000679C2,BldConcMdWallPillar02,STAT,1152.000000,-640.000000,-384.000000,0.0000
ChineseRemnants.esp,30022D15,000679C1,BldConcMdWallPillar01,STAT,1152.000000,-128.000000,-384.000000,0.0000
ChineseRemnants.esp,30022D13,00067A40,BldConcSmFlrOnly01,STAT,-32.000000,-768.000000,-256.000000,180.0000
ChineseRemnants.esp,30022D12,00067A2A,BldConcSmCeilOnly01,STAT,256.000000,-768.000000,-256.000000,90.0000
ChineseRemnants.esp,30022D11,00067A2A,BldConcSmCeilOnly01,STAT,0.000000,-768.000000,-256.000000,90.0000
ChineseRemnants.esp,30022D00,00067AA6,BldConcSmWall01,STAT,0.000000,0.000000,0.000000,0.0000
ChineseRemnants.esp,30022CFF,00067A40,BldConcSmFlrOnly01,STAT,0.000000,0.000000,0.000000,90.0000
ChineseRemnants.esp,30022CFE,00067A2A,BldConcSmCeilOnly01,STAT,0.000000,0.000000,0.000000,90.0000
ChineseRemnants.esp,30022CCD,0006799B,BldConcMdWall01,STAT,780.067444,-915.922913,-384.000000,0.0000
ChineseRemnants.esp,30022CCC,0006799B,BldConcMdWall01,STAT,780.067627,-659.922913,-384.000000,0.0001
ChineseRemnants.esp,30022CC6,000679CC,BldConcMdWallScktABot01,STAT,780.067810,-147.922913,-384.000000,0.0000
ChineseRemnants.esp,30022CC3,0001CE3B,BldCopperPipe1Way01,STAT,539.097229,-617.632751,-11.124060,90.0000
ChineseRemnants.esp,30022CC2,0001CE3B,BldCopperPipe1Way01,STAT,283.097229,-617.632690,-11.124060,90.0000
ChineseRemnants.esp,30022CC1,0001CE3C,BldCopperPipe1Way02,STAT,266.246399,164.465149,-11.124060,180.0000
ChineseRemnants.esp,30022CC0,0001CE3C,BldCopperPipe1Way02,STAT,266.246338,-91.534851,-11.124060,180.0000
ChineseRemnants.esp,30022CBF,0001CE3B,BldCopperPipe1Way01,STAT,266.246307,-347.534851,-11.124060,180.0000
ChineseRemnants.esp,30022CBE,0001CE30,BldSmPipeInsideWall02,STAT,138.246277,-490.304352,-257.362488,180.0000
ChineseRemnants.esp,30022CBD,0001CE3D,BldCopperPipe2Way01,STAT,266.246246,-603.534851,-11.124060,270.0001
ChineseRemnants.esp,30022CBC,0001CE3E,BldCopperPipeEnd01,STAT,10.246254,-603.534790,-11.124060,90.0000
ChineseRemnants.esp,30022CBB,0001CE3E,BldCopperPipeEnd01,STAT,27.097239,-617.632629,-11.124060,90.0000
ChineseRemnants.esp,30022CBA,00067AA6,BldConcSmWall01,STAT,0.000000,-512.000000,0.000000,180.0000
ChineseRemnants.esp,30022CB9,000679E9,BldConcMdWallUnderhang01,STAT,0.000000,-512.000000,-384.000000,180.0000
ChineseRemnants.esp,30022CB8,00067955,BldConcBgWallPillar01,STAT,128.000000,-640.000000,-384.000000,0.0000
ChineseRemnants.esp,30022CB7,00067AA6,BldConcSmWall01,STAT,256.000000,-512.000000,-512.000000,0.0000
ChineseRemnants.esp,30022CB6,00067A71,BldConcSmFlrPlatTrimEdge01,STAT,0.000000,-512.000000,-256.000000,0.0000
ChineseRemnants.esp,30022CB5,0008A500,IndFreeRail1WaySide04,STAT,272.000000,-752.000000,-256.000000,180.0000
ChineseRemnants.esp,30022CB4,00067A70,BldConcSmFlrPlatTrimCorner01,STAT,224.000000,-768.000000,-375.716003,270.0000
ChineseRemnants.esp,30022CB3,00067A40,BldConcSmFlrOnly01,STAT,256.000000,-768.000000,-384.000000,180.0000
ChineseRemnants.esp,30022CB2,00067ABA,BldConcSmWallCorner01,STAT,352.000000,-640.000000,-512.000000,90.0000
ChineseRemnants.esp,30022CB1,00067AA6,BldConcSmWall01,STAT,480.000000,-768.000000,-512.000000,0.0000
ChineseRemnants.esp,30022CB0,00067AA6,BldConcSmWall01,STAT,224.000000,-512.000000,-512.000000,270.0000
ChineseRemnants.esp,30022CAF,00067A40,BldConcSmFlrOnly01,STAT,224.000000,-768.000000,-256.000000,180.0000
ChineseRemnants.esp,30022CAE,00067A70,BldConcSmFlrPlatTrimCorner01,STAT,224.000000,-768.000000,-256.000000,270.0000
ChineseRemnants.esp,30022CAD,00029F2B,IndCatRampHalfLSide01,STAT,272.000000,-496.000000,-384.000000,180.0000
ChineseRemnants.esp,30022CAC,0006799B,BldConcMdWall01,STAT,524.067810,-659.922913,-384.000000,180.0000
ChineseRemnants.esp,30022CAB,000679CC,BldConcMdWallScktABot01,STAT,524.067810,-147.922913,-384.000000,180.0000
ChineseRemnants.esp,30022CA7,00045762,SandbagWall01,MSTT,621.213501,-295.924103,-383.999969,266.0357
ChineseRemnants.esp,30022C9B,00045762,SandbagWall01,MSTT,607.322937,14.990056,-384.000000,254.3935
ChineseRemnants.esp,30022C96,00067A40,BldConcSmFlrOnly01,STAT,1280.000000,0.000000,-384.000000,90.0000
ChineseRemnants.esp,30022C95,00067A2A,BldConcSmCeilOnly01,STAT,1280.000000,0.000000,-256.000000,90.0000
ChineseRemnants.esp,30022C92,00067A40,BldConcSmFlrOnly01,STAT,1280.000000,-256.000000,-384.000000,90.0000
ChineseRemnants.esp,30022C91,00067A2A,BldConcSmCeilOnly01,STAT,1280.000000,-256.000000,-256.000000,90.0000
ChineseRemnants.esp,30022C8F,00067A40,BldConcSmFlrOnly01,STAT,1280.000000,-512.000000,-384.000000,90.0000
ChineseRemnants.esp,30022C8E,00067A2A,BldConcSmCeilOnly01,STAT,1280.000000,-512.000000,-256.000000,90.0000
ChineseRemnants.esp,30022C8C,00067A40,BldConcSmFlrOnly01,STAT,1280.000000,-768.000000,-384.000000,90.0000
ChineseRemnants.esp,30022C8B,00067A2A,BldConcSmCeilOnly01,STAT,1280.000000,-768.000000,-256.000000,90.0000
ChineseRemnants.esp,30022C8A,0006799B,BldConcMdWall01,STAT,1280.000000,-784.000000,-384.000000,270.0000
ChineseRemnants.esp,30022C88,0006799B,BldConcMdWall01,STAT,524.067810,-915.922913,-384.000000,180.0000
ChineseRemnants.esp,30022C87,0006799B,BldConcMdWall01,STAT,780.067810,108.077087,-384.000000,0.0000
ChineseRemnants.esp,30022C86,0006799B,BldConcMdWall01,STAT,524.067810,108.077087,-384.000000,180.0000
ChineseRemnants.esp,30022C85,00067955,BldConcBgWallPillar01,STAT,128.000000,-384.000000,-384.000000,0.0000
ChineseRemnants.esp,30022C84,000679C1,BldConcMdWallPillar01,STAT,376.420349,-892.158630,-384.000000,0.0000
ChineseRemnants.esp,30022C83,000679C1,BldConcMdWallPillar01,STAT,640.000000,96.000000,-384.000000,0.0000
ChineseRemnants.esp,30022C82,00067C2F,BldConcMdRoomMid01,SCOL,1024.000000,-256.000000,-384.000000,0.0000
ChineseRemnants.esp,30022C81,00067C2F,BldConcMdRoomMid01,SCOL,1024.000000,-512.000000,-384.000000,0.0000
ChineseRemnants.esp,30022C7D,00067C2F,BldConcMdRoomMid01,SCOL,512.000000,-256.000000,-384.000000,0.0000
ChineseRemnants.esp,30022C7C,00067C2F,BldConcMdRoomMid01,SCOL,768.000000,-256.000000,-384.000000,0.0000
ChineseRemnants.esp,30022C7B,00067A0C,BldConcSmStairsBlockShort01,STAT,0.000000,-512.000000,-256.000000,180.0000
ChineseRemnants.esp,30022C7A,00067A34,BldConcSmCeilOnly128Up01,STAT,0.000000,-512.000000,-256.000000,0.0000
ChineseRemnants.esp,30022C79,00067AB6,BldConcSmWall128Up01,STAT,0.000000,-512.000000,-256.000000,0.0000
ChineseRemnants.esp,30022C76,00067C2F,BldConcMdRoomMid01,SCOL,768.000000,-512.000000,-384.000000,0.0000
ChineseRemnants.esp,30022C75,00067C2F,BldConcMdRoomMid01,SCOL,512.000000,-512.000000,-384.000000,0.0000
ChineseRemnants.esp,30022C6F,00067A2A,BldConcSmCeilOnly01,STAT,256.000000,-512.000000,-256.000000,90.0000
ChineseRemnants.esp,30022C6E,00067A34,BldConcSmCeilOnly128Up01,STAT,0.000000,-256.000000,-128.000000,0.0000
ChineseRemnants.esp,307035D0,00098163,PackageLocationPrimitive,ACTI,1152.000000,-400.000000,-184.000000,0.0000
ChineseRemnants.esp,307035CE,00098163,PackageLocationPrimitive,ACTI,352.000000,-384.000000,-192.000000,0.0000
ChineseRemnants.esp,30687821,3000106F,00LvlChineseRemnant_Commando,NPC_,913.519287,12.747692,-383.999969,180.0000
ChineseRemnants.esp,30687820,30006493,00LvlChineseRemnant_Militant,NPC_,232.000000,-152.000000,-384.000000,90.0000
ChineseRemnants.esp,3068781F,30006493,00LvlChineseRemnant_Militant,NPC_,381.510345,19.760834,-365.369995,180.0000
ChineseRemnants.esp,3068781D,30006495,00LvlChineseRemnant_Spy,NPC_,1285.189209,-298.821014,-384.000000,270.0000
ChineseRemnants.esp,3068781C,3013030D,00LvlChineseRemnant_Officer02,NPC_,1290.224854,-637.745972,-384.000000,315.0000
ChineseRemnants.esp,305B6306,0018EA20,MetalTrapdoorLadder02,DOOR,0.000000,330.000000,384.000000,180.0000
ChineseRemnants.esp,305B62FF,00075FE4,AmmoFusionCore,AMMO,978.000000,248.000000,-318.000000,180.0000
ChineseRemnants.esp,305B62FE,00026251,MuseumSpotWarm,LIGH,980.329590,292.622772,-150.888000,270.0000
ChineseRemnants.esp,3034EDE8,000BB48B,SecurityGateSm02A,ACTI,652.000000,-148.000000,-384.000000,270.0000
ChineseRemnants.esp,3034A96F,00002CE2,PatrolIdleMarker,IDLM,1344.000000,-768.000000,-384.000000,315.0000
ChineseRemnants.esp,303420A0,000AE440,NpcChairVaultSit03,FURN,1312.000000,-424.000000,-384.000000,315.0000
ChineseRemnants.esp,3033DC2A,3013476B,00ChineseRemnant_TrunkSilver02,CONT,1652.000000,-869.000000,-384.000000,180.0000
ChineseRemnants.esp,30034B79,00002CE2,PatrolIdleMarker,IDLM,484.503113,-28.070471,-384.000000,177.6170
ChineseRemnants.esp,3002ABB9,30899C3B,00TerminalChineseRemnant_Officer02,TERM,1241.774292,-862.882629,-384.000000,177.6170
ChineseRemnants.esp,30029AC2,0011807C,NpcBenchFederalistSit01OneSlot,FURN,836.270935,112.907700,-382.499908,178.6169
ChineseRemnants.esp,30027920,00024572,NPCInvWallLean01,FURN,158.000000,-158.000000,-384.000000,91.6733
ChineseRemnants.esp,3002790F,300053C1,00PowerArmorFurniture_ChineseRemnant_NoCoreFull,FURN,1025.703125,-680.737915,-384.000000,355.2339
ChineseRemnants.esp,30A1197E,30049801,00LvlChineseRemnant_Wolf,NPC_,155.031830,479.269775,0.000000,270.0000
ChineseRemnants.esp,30A1197D,00190CB6,ViciousDogSleepOnGround,FURN,272.000000,392.000000,8.000000,270.0000
ChineseRemnants.esp,30A00831,00024572,NPCInvWallLean01,FURN,176.000000,864.000000,-288.000000,90.0000
ChineseRemnants.esp,309EF6E6,00067A2A,BldConcSmCeilOnly01,STAT,0.000000,1024.000000,192.000000,0.0000
ChineseRemnants.esp,309EF6E5,0003A9ED,OfficeBoxPapers03,STAT,-168.000000,760.000000,-288.844513,337.0818
ChineseRemnants.esp,309E6E43,0004A9DD,BldgShellFloorConcrete01,STAT,0.000000,1024.000000,-32.000000,0.0000
ChineseRemnants.esp,309516CE,00059A76,Baseball,MISC,-195.177429,753.693481,-283.852997,5.7296
ChineseRemnants.esp,309516CD,00059B14,TeddyBear,MISC,-208.439697,843.481384,-288.000000,190.2041
ChineseRemnants.esp,309516CC,00059A7E,DogBowl,MISC,-150.000000,1068.000000,-288.000000,45.8367
ChineseRemnants.esp,30908D3E,00101818,ExitSignRedNSNonSpec,LIGH,0.000000,28.000000,160.000000,270.0000
ChineseRemnants.esp,30908D3D,00101818,ExitSignRedNSNonSpec,LIGH,0.000000,-192.000000,160.000000,270.0000
ChineseRemnants.esp,30908D3C,00101818,ExitSignRedNSNonSpec,LIGH,0.000000,-188.000000,276.000000,270.0000
ChineseRemnants.esp,30908D3A,000D8556,DefaultLightWhite01NSNonSpec,LIGH,2.000000,858.000000,-186.000000,90.5027
ChineseRemnants.esp,3086682A,00064A47,Loot_DuffleBag_Guns,CONT,318.000000,1138.000000,-138.000000,180.0000
ChineseRemnants.esp,307F73F6,00140B22,Glass_Generic,MISC,378.000000,1052.000000,-254.000000,0.0000
ChineseRemnants.esp,307F73F5,00059B0A,ShotGlass01,MISC,358.000000,1130.000000,-213.561646,0.0023
ChineseRemnants.esp,307F73DA,00059AEC,CookingPan01,MISC,-296.449036,439.378906,10.983438,17.5763
ChineseRemnants.esp,307F73C1,000BEA58,Dogfood,ALCH,-245.222366,275.785706,0.000000,0.0000
ChineseRemnants.esp,307F73B0,000E7E71,ChipBoard_Chip,MISC,-621.326172,1119.279907,-280.046722,358.6700
ChineseRemnants.esp,307E1D18,00059ACC,Fuse,MISC,-1137.100952,711.219604,-284.594635,269.8077
ChineseRemnants.esp,307DD8C3,306A9AD2,00TurretTripod_ChineseRemnant,NPC_,-189.647705,431.247009,-182.062500,337.0818
ChineseRemnants.esp,307DD8C2,0001F8F9,FireExtinguisher01,MISC,-632.000000,592.000000,-204.000000,180.0000
ChineseRemnants.esp,307DD8C1,0001F8FD,FireExtinguisherHolder01,STAT,-640.000000,592.000000,-184.000000,270.0000
ChineseRemnants.esp,307DD8C0,030088A6,DLC03Vim_CaptainsBlend,ALCH,-598.000000,786.000000,-232.000000,199.5718
ChineseRemnants.esp,307D9407,0001F8F9,FireExtinguisher01,MISC,168.000000,264.000000,72.000000,135.0000
ChineseRemnants.esp,307D9405,0001F8FD,FireExtinguisherHolder01,STAT,168.000000,256.000000,96.000000,180.0000
ChineseRemnants.esp,307D4F45,000FFE09,Spoon_Wooden,MISC,-198.000000,292.000000,65.130005,262.5973
ChineseRemnants.esp,307D0AAF,000D83BF,PipeWrench,WEAP,-340.000000,732.000000,136.000000,0.0000
ChineseRemnants.esp,307D0AAE,00033FE0,Machete,WEAP,102.000000,134.000000,9.058594,17.1888
ChineseRemnants.esp,307D0A9C,0020A700,Loot_Medkit_Chems_Wall_Dirty,CONT,384.000000,336.000000,136.000000,270.0000
ChineseRemnants.esp,307D0A9A,0004B6EA,Loot_Prewar_Medkit_Wall,CONT,-384.000000,336.000000,136.000000,90.0000
ChineseRemnants.esp,307D0A98,0004B6EA,Loot_Prewar_Medkit_Wall,CONT,-576.000000,384.000000,-160.000000,0.0000
ChineseRemnants.esp,307CC602,0005821C,CigaretteCarton,MISC,13.998733,888.005493,143.654800,262.5980
ChineseRemnants.esp,307CC601,030088A6,DLC03Vim_CaptainsBlend,ALCH,382.000000,1080.000000,-232.000000,0.0000
ChineseRemnants.esp,307CC600,03008833,DLC03Vim,ALCH,342.000000,352.000000,38.000000,0.0000
ChineseRemnants.esp,307CC5FE,0004D1F6,Wrench02,MISC,-364.000000,732.000000,64.407295,0.0000
ChineseRemnants.esp,307CC5FC,0004D1F7,Wrench03,MISC,-242.000000,884.000000,57.510445,279.7860
ChineseRemnants.esp,307CC5FB,0003A9ED,OfficeBoxPapers03,STAT,-108.000000,-34.000000,42.306057,0.0000
ChineseRemnants.esp,307CC5F9,0015799C,BookBurnt01,MISC,370.000000,430.000000,8.000000,11.4593
ChineseRemnants.esp,307CC5F8,0015799C,BookBurnt01,MISC,368.000000,486.000000,11.261347,22.9183
ChineseRemnants.esp,307CC5F7,0015799C,BookBurnt01,MISC,368.000000,460.000000,8.000000,348.5409
ChineseRemnants.esp,307CC5F6,0015799C,BookBurnt01,MISC,367.000305,485.792969,8.000000,0.0000
ChineseRemnants.esp,307CC5F5,000366C3,Vodka,ALCH,376.000000,480.000000,36.000000,45.8366
ChineseRemnants.esp,307CC5F4,00145857,Rum,ALCH,371.117462,490.534180,36.000000,91.6732
ChineseRemnants.esp,307CC5F3,0005A0D3,Lightbulb,MISC,87.980797,-221.258728,4.386083,0.0206
ChineseRemnants.esp,307CC5F2,0005A0D3,Lightbulb,MISC,104.254738,-242.642212,4.389694,359.9496
ChineseRemnants.esp,307CC5F1,0001D95A,PaintCanBlue,MISC,104.000000,-216.000000,1.532207,0.0000
ChineseRemnants.esp,307CC5F0,001AAD69,MakeshiftBattery01,MISC,-104.000000,-208.000000,0.000000,342.8115
ChineseRemnants.esp,307CC5EF,001AAD69,MakeshiftBattery01,MISC,-108.133774,-238.062576,0.000000,45.8367
ChineseRemnants.esp,307C819E,00057D39,BldgShellFloorConcreteHalf01,STAT,-256.000000,256.000000,0.000000,90.0000
ChineseRemnants.esp,307C3D4D,000399ED,ToolRackGarage01,STAT,-228.000000,896.000000,152.000000,0.0000
ChineseRemnants.esp,307C3D4B,00192D5D,DeskFanOfficeOff01,MISC,372.593994,605.998596,120.669952,294.2144
ChineseRemnants.esp,307C3D49,0011DA0F,Blowtorch,MISC,-338.013702,743.780151,98.621918,320.7906
ChineseRemnants.esp,307C3D48,000C437F,Coolant01,MISC,-366.000000,764.000000,134.000000,0.0000
ChineseRemnants.esp,307C3D47,001AB5ED,ChemistrySetCan02,MISC,188.000000,814.000000,0.000000,256.8676
ChineseRemnants.esp,307C3D45,00059B33,GasCanister,MISC,-310.000000,754.000000,0.000000,268.3267
ChineseRemnants.esp,307C3D42,000B91FF,MrHandyFuel,MISC,-99.449242,237.415680,-0.000015,251.1380
ChineseRemnants.esp,307C3D41,00059B3A,PaintCanEmpty,MISC,-114.000000,-90.000000,0.000000,34.3775
ChineseRemnants.esp,307C3D3F,00059B25,Wonderglue,MISC,-344.000000,706.000000,134.000000,155.6620
ChineseRemnants.esp,307C3D3E,00060E73,AntiFreeze,MISC,-360.037415,672.682739,133.080368,229.1791
ChineseRemnants.esp,307C3D3D,001A0B15,SmithingToolTongs01,MISC,-370.000000,684.000000,99.380455,0.0000
ChineseRemnants.esp,307C3D3C,001A0B13,SmithingToolHammer02,MISC,-368.000000,746.000000,98.663010,228.2198
ChineseRemnants.esp,307C3D3A,00173F01,SmithingToolSaw02,MISC,-346.000000,708.000000,100.000000,17.1888
ChineseRemnants.esp,307C3D39,00059B3B,PaintCanFull,MISC,12.000000,880.000000,114.644943,57.2825
ChineseRemnants.esp,307C3D38,0004D1F6,Wrench02,MISC,192.000000,746.000000,28.000000,296.9747
ChineseRemnants.esp,307C3D37,0004D1F7,Wrench03,MISC,264.000000,822.000000,59.033127,74.4845
ChineseRemnants.esp,307C3D36,0004D1F5,Wrench01,MISC,368.000000,684.000000,74.000000,331.3521
ChineseRemnants.esp,307C3D34,0004D1F3,Hammer01,MISC,-342.471741,698.641235,66.298927,0.0000
ChineseRemnants.esp,307C3D33,000A4920,DishRag01,MISC,-350.003876,736.003784,63.945724,239.6789
ChineseRemnants.esp,307C3D2E,00060EC7,Pillow_01_Straw,MISC,256.000000,488.000000,8.000000,342.8113
ChineseRemnants.esp,307C3D2D,00060EC7,Pillow_01_Straw,MISC,-274.000000,706.000000,6.000000,51.5662
ChineseRemnants.esp,307C3D2C,00059A71,AbraxoCleaner,MISC,-358.000000,670.000000,64.000000,337.0817
ChineseRemnants.esp,307C3D2A,0006D140,EnamelBucket01,MISC,-204.000000,282.000000,0.000000,0.0000
ChineseRemnants.esp,307C3D29,000E1FF7,AutoPart02,MISC,168.000000,810.000000,0.000000,211.0310
ChineseRemnants.esp,307C3D28,000E1FF6,AutoPart01,MISC,312.004486,770.002380,-0.001631,0.0000
ChineseRemnants.esp,307C3D27,000E1FF8,AutoPart03,MISC,361.922913,878.323669,2.726448,51.5662
ChineseRemnants.esp,307C3D26,000E1FF9,AutoPart04,MISC,170.000000,856.000000,0.000000,0.0000
ChineseRemnants.esp,307C3D25,000E1FF7,AutoPart02,MISC,-366.000000,844.000000,0.000000,315.0001
ChineseRemnants.esp,307C3D24,000E1FF6,AutoPart01,MISC,-328.000000,784.000000,0.000000,90.0000
ChineseRemnants.esp,307C3D23,0005821A,CigarettePack,MISC,346.000000,320.000000,38.000000,90.0001
ChineseRemnants.esp,307C3D22,00058224,Lighter,MISC,356.755096,341.250427,41.240116,89.9499
ChineseRemnants.esp,307C3D21,00058224,Lighter,MISC,-172.005890,723.871521,-180.898651,90.0767
ChineseRemnants.esp,307C3D20,0008E371,Ashtray01_Filled,MISC,-96.000000,140.000000,67.824074,0.0000
ChineseRemnants.esp,307C3D1F,000657FB,CuttingFluid,MISC,-197.094849,804.100891,5.312207,27.8843
ChineseRemnants.esp,307C3D1E,00059B44,Scissors,MISC,-182.000000,796.000000,2.000000,1.5488
ChineseRemnants.esp,307C3D1D,0004D1F2,DuctTape01,MISC,-26.000000,874.000000,116.628845,359.9890
ChineseRemnants.esp,307C3D1C,001C7F26,Turpentine_Rare,MISC,-32.000000,884.000000,146.792725,89.8613
ChineseRemnants.esp,307C3D1B,00059B1E,Turpentine,MISC,-1172.000000,680.000000,-288.000000,0.0000
ChineseRemnants.esp,307C3D1A,00059ACB,Fork_01_Plastic,MISC,0.000000,1138.000000,-249.925613,0.0000
ChineseRemnants.esp,307C3D19,00059B10,Spoon_01_Plastic,MISC,-16.532137,1137.349243,-248.546951,45.0000
ChineseRemnants.esp,307C3D18,00059AFA,Plate_01_Plastic,MISC,-14.000000,1138.000000,-249.954178,0.0000
ChineseRemnants.esp,307C3D17,00023C34,Bowl_02b_Ceramic_Cracked,MISC,-158.000000,1138.000000,-213.556229,0.0000
ChineseRemnants.esp,307C3D15,000AE441,NpcChairVaultSit02Closed,MSTT,-1152.000000,770.000000,-288.000000,90.0001
ChineseRemnants.esp,307C3D14,000E726A,Cardboard_Box_Empty01,MSTT,98.000000,-226.000000,0.000000,0.0000
ChineseRemnants.esp,307C3D13,0011DA13,MagnifyingGlass,MISC,-395.119720,1100.134888,-231.812500,63.0254
ChineseRemnants.esp,307C3D12,000211C4,CoffeeCup01,MISC,311.999908,290.000305,31.991550,292.2086
ChineseRemnants.esp,307C3D11,000211C4,CoffeeCup01,MISC,372.000000,412.000000,36.035233,314.1636
ChineseRemnants.esp,307C3D10,00060E96,Spoon_02_StainlessSteel,MISC,376.008057,443.989410,41.658833,166.1844
ChineseRemnants.esp,307C3D0F,00060E96,Spoon_02_StainlessSteel,MISC,375.999207,444.000092,40.307114,166.1580
ChineseRemnants.esp,307C3D0E,00060E93,Fork_02_StainlessSteel,MISC,367.839661,445.732086,41.578293,0.5232
ChineseRemnants.esp,307C3D0D,00060E93,Fork_02_StainlessSteel,MISC,367.495575,445.560089,40.224773,1.8930
ChineseRemnants.esp,307C3D0C,00059AFA,Plate_01_Plastic,MISC,369.999847,441.999695,38.795570,0.0000
ChineseRemnants.esp,307C3D0B,00059AFA,Plate_01_Plastic,MISC,369.999481,445.998901,37.396122,0.0000
ChineseRemnants.esp,307C3D0A,00059AFA,Plate_01_Plastic,MISC,370.000000,444.000000,36.000000,0.0000
ChineseRemnants.esp,307C3D09,00020194,PlayerHouse_Ruin_CoffeeTin01,MISC,-228.000000,288.000000,66.000000,80.2141
ChineseRemnants.esp,307C3D07,00059ABC,CuttingBoard,MISC,-350.020660,280.833679,71.778175,0.0000
ChineseRemnants.esp,307C3D06,000211CC,CoffeePot01,MISC,-352.000000,400.000000,58.000000,0.0000
ChineseRemnants.esp,307C3D04,00059ADB,HotPlate,MISC,-322.000000,274.000000,72.716080,0.0000
ChineseRemnants.esp,307C3D03,000657FE,VegetableStarch,MISC,-346.000000,594.000000,50.000000,0.0000
ChineseRemnants.esp,307C3D02,000AF8EF,KitchenScale,MISC,-190.000000,276.000000,66.000000,183.3465
ChineseRemnants.esp,307C3D01,00059B0F,Spatula,MISC,-359.600525,333.995178,50.602787,107.4589
ChineseRemnants.esp,307C3D00,00059A7A,BigPot,MISC,-296.000000,446.000000,0.000000,0.0000
ChineseRemnants.esp,307C3CFF,00061FA7,CookingOil,MISC,-214.000000,276.000000,66.000000,180.0000
ChineseRemnants.esp,307C3CFE,03056A49,DLC03_MeatRabbit,ALCH,-266.000000,290.000000,32.000000,0.0000
ChineseRemnants.esp,307C3CFD,0301C714,DLC03_MeatAngler,ALCH,-208.000000,272.000000,96.995026,180.0000
ChineseRemnants.esp,307C3CFB,0304BA11,DLC03_MeatHermitCrab,ALCH,-190.000000,290.000000,33.009274,0.0000
ChineseRemnants.esp,307C3CFA,0301C710,DLC03_MeatCrawler,ALCH,-248.000000,290.000000,96.586426,0.0000
ChineseRemnants.esp,307C3CF9,0301C714,DLC03_MeatAngler,ALCH,-232.000000,274.000000,34.000000,0.0000
ChineseRemnants.esp,307C3CF8,0304D2E7,DLC03_MeatGulper,ALCH,-264.000000,266.000000,96.000000,0.0000
ChineseRemnants.esp,307C3CF7,0304D2E7,DLC03_MeatGulper,ALCH,-186.000000,270.000000,34.000000,0.0000
ChineseRemnants.esp,307C3CF6,03057158,DLC03_SteakRabbit,ALCH,-340.000000,380.000000,56.000000,180.0000
ChineseRemnants.esp,307C3CF5,03057158,DLC03_SteakRabbit,ALCH,-344.000000,376.000000,56.000000,180.0000
ChineseRemnants.esp,307C3CF3,00059ABA,CookingPot01,MISC,-320.000000,320.000000,0.000000,0.0000
ChineseRemnants.esp,307C3CF0,03025FC4,DLC03_RadiumRifle,WEAP,-697.446655,1088.147095,-219.865829,10.2053
ChineseRemnants.esp,307C3CEF,03010B81,DLC03_HarpoonGun,WEAP,-899.044312,1031.832031,-139.567261,0.0000
ChineseRemnants.esp,307C3CEE,00059AB5,Cigarette_Off01,MISC,-173.892960,802.015076,-213.911652,91.6142
ChineseRemnants.esp,307BF89C,0001F908,TinCan02,MISC,-611.782898,428.016663,-282.583984,0.1565
ChineseRemnants.esp,307BF89B,0001F90A,TinCan01,MISC,-601.959900,407.867706,-282.585175,277.7040
ChineseRemnants.esp,307BF89A,0005238F,Broom01,MISC,-706.000000,800.000000,-248.000000,85.9438
ChineseRemnants.esp,307BF899,0005A0D3,Lightbulb,MISC,-1119.064575,722.552795,-279.279785,153.8113
ChineseRemnants.esp,307BF898,0004D1F2,DuctTape01,MISC,-688.000000,768.000000,-233.930328,0.0000
ChineseRemnants.esp,307BF897,00060ED8,RatPoison,MISC,-174.973877,559.871887,-287.971375,239.6790
ChineseRemnants.esp,307BF896,0006C5AE,WonderglueLarge,MISC,-815.985229,399.991394,-231.740555,91.6729
ChineseRemnants.esp,307BF894,0004D1F4,ScrewDriver01,MISC,-784.020874,399.946472,-230.183701,114.5917
ChineseRemnants.esp,307BF893,0004D1F3,Hammer01,MISC,-784.915283,431.555908,-228.988861,207.0794
ChineseRemnants.esp,307BF892,00059A80,MetalBucket,MISC,-975.958923,783.932129,-277.995209,88.1120
ChineseRemnants.esp,307BF891,00059ACC,Fuse,MISC,-1119.580078,721.245239,-284.590668,359.6446
ChineseRemnants.esp,307BF890,000A4920,DishRag01,MISC,-752.000000,418.000000,-231.637970,0.0000
ChineseRemnants.esp,307BF88F,000D83BF,PipeWrench,WEAP,-752.437012,414.491821,-279.082184,327.6759
ChineseRemnants.esp,307BF88E,000FC9C3,LeadPipe,WEAP,-814.054260,422.073334,-230.056458,234.9123
ChineseRemnants.esp,307BF88D,0004B273,OilCan01,MISC,-740.000000,398.000000,-231.634247,143.2393
ChineseRemnants.esp,307BF88C,0004D1F7,Wrench03,MISC,-1137.805420,718.684570,-273.262207,65.4941
ChineseRemnants.esp,307BF88B,0004D1F6,Wrench02,MISC,-1126.792480,711.067871,-276.742767,293.8281
ChineseRemnants.esp,307BF88A,0004D1F5,Wrench01,MISC,-1104.000000,768.000000,-288.000000,74.4845
ChineseRemnants.esp,307BF889,001A5947,WoodBox01,MSTT,-1130.000000,716.000000,-288.000000,68.7550
ChineseRemnants.esp,307BF888,0011DA0F,Blowtorch,MISC,-1086.000000,408.000000,-288.000000,251.1381
ChineseRemnants.esp,307BF887,000C437F,Coolant01,MISC,-1128.000000,568.000000,-288.000000,0.0000
ChineseRemnants.esp,307BF886,00059A71,AbraxoCleaner,MISC,-991.903320,406.636414,-285.933960,89.9987
ChineseRemnants.esp,307BF885,001C7F31,AntiFreeze_Rare,MISC,-1160.000000,396.000000,-288.000000,211.9945
ChineseRemnants.esp,307BF884,000A4920,DishRag01,MISC,-920.000000,396.000000,-190.159546,0.0000
ChineseRemnants.esp,307BF883,00192D5D,DeskFanOfficeOff01,MISC,-940.000000,394.000000,-190.000000,0.0000
ChineseRemnants.esp,307BF882,001AB5ED,ChemistrySetCan02,MISC,-886.000000,404.000000,-288.000000,337.0819
ChineseRemnants.esp,307BF880,00059B33,GasCanister,MISC,-712.000000,400.000000,-288.000000,75.4480
ChineseRemnants.esp,307BF87F,00059B33,GasCanister,MISC,-685.938477,404.826233,-288.000000,263.5607
ChineseRemnants.esp,307BF87D,001C7F1F,DuctTape01_Rare,MISC,-162.000000,1136.000000,-177.334961,0.0000
ChineseRemnants.esp,307BF87B,0001F905,DeskFanOffice01,MISC,-392.000000,432.000000,-232.000000,337.0817
ChineseRemnants.esp,307BF87A,000342BA,Lightbulb_Broken,MISC,-617.545776,588.196350,-282.536957,84.3480
ChineseRemnants.esp,307BF879,000342BA,Lightbulb_Broken,MISC,-619.164124,593.839233,-282.847015,269.7860
ChineseRemnants.esp,307BF878,001A594C,Bin_Plastic,MSTT,-618.000000,594.000000,-288.000000,18.0254
ChineseRemnants.esp,307BF877,0001D975,Globe01,MISC,-120.000000,1138.000000,-139.447067,315.0000
ChineseRemnants.esp,307BF875,0005A0D3,Lightbulb,MISC,-611.165588,1123.037109,-278.083771,117.7473
ChineseRemnants.esp,307BF874,00060AA3,VacuumTube,MISC,-624.040649,1131.036621,-280.306030,357.4334
ChineseRemnants.esp,307BF873,00154AD2,CircuitBoardMilitary,MISC,-467.625275,1130.452515,-161.000015,270.0000
ChineseRemnants.esp,307BF872,00059B20,Typewriter,MISC,-156.000000,594.000000,-231.973526,90.0000
ChineseRemnants.esp,307BF870,0008E371,Ashtray01_Filled,MISC,-586.000000,790.000000,-231.497086,0.0000
ChineseRemnants.esp,307BF86F,00059A83,Camera,MISC,352.000000,1136.000000,-286.000000,0.0000
ChineseRemnants.esp,307BF86E,001ACC8E,SensorModule,MISC,-178.000000,508.000000,-181.513092,0.0000
ChineseRemnants.esp,307BF86D,00059B15,Telephone01,MISC,-166.000000,824.000000,-214.000000,90.0000
ChineseRemnants.esp,307BF86C,00059A83,Camera,MISC,-172.000000,678.000000,-182.000000,68.7550
ChineseRemnants.esp,307BF86B,00154AD3,BiometricScanner,MISC,-554.559692,1134.121948,-247.093750,131.7803
ChineseRemnants.esp,307BF86A,00140D99,Pen01,MISC,-410.000000,430.000000,-232.000000,296.9747
ChineseRemnants.esp,307BF869,00140AF0,FolderPapers01,MISC,-352.000000,426.000000,-229.847717,183.3465
ChineseRemnants.esp,307BF867,0005821A,CigarettePack,MISC,-168.000000,808.000000,-212.000000,0.0544
ChineseRemnants.esp,307BF866,0008E371,Ashtray01_Filled,MISC,-174.938705,802.620117,-214.375000,0.0000
ChineseRemnants.esp,307BF865,00140D99,Pen01,MISC,-614.000000,900.000000,-230.960083,245.4085
ChineseRemnants.esp,307BF864,0001F92F,Clipboard01,MISC,-621.023621,1118.636963,-281.241608,0.8543
ChineseRemnants.esp,307BF863,0001F92F,Clipboard01,MISC,-620.001648,1126.002930,-285.984406,359.9876
ChineseRemnants.esp,307BF862,00140AF0,FolderPapers01,MISC,-600.000000,848.000000,-231.245209,203.2322
ChineseRemnants.esp,307BF861,00140D99,Pen01,MISC,-622.647278,1116.785767,-286.479553,296.9746
ChineseRemnants.esp,307BF860,00059AF8,Pencil,MISC,-611.785950,1132.549072,-286.574158,36.1230
ChineseRemnants.esp,307BF85F,001A77E9,OfficeBoxPapersOpen01,MSTT,-620.000000,1124.000000,-288.000000,0.0000
ChineseRemnants.esp,307BF85E,0003A9EC,OfficeBoxPapers02,STAT,-372.000000,404.000000,-288.000000,103.1324
ChineseRemnants.esp,307BF85D,0003A9EB,OfficeBoxPapers01,STAT,-606.000000,848.000000,-278.000000,348.5409
ChineseRemnants.esp,307BF85C,000366C1,Whiskey,ALCH,338.000000,1142.000000,-286.000000,0.0000
ChineseRemnants.esp,307BF85B,000A4920,DishRag01,MISC,222.000000,740.000000,-288.000000,0.0000
ChineseRemnants.esp,307BF85A,00059A80,MetalBucket,MISC,336.100037,831.137634,-278.002899,313.7909
ChineseRemnants.esp,307BF859,000AE442,NpcChairVaultSit03Closed,MSTT,232.000000,1134.000000,-288.000000,179.9987
ChineseRemnants.esp,307BF858,000DEDE0,BottleEmptyVodka01,MISC,181.980408,671.626465,-282.699066,180.0465
ChineseRemnants.esp,307BF857,001A594C,Bin_Plastic,MSTT,188.000000,668.000000,-288.000000,348.5409
ChineseRemnants.esp,307BF856,001A5949,WoodBasket,MSTT,394.724976,683.262085,-264.935242,244.1419
ChineseRemnants.esp,307BF855,0006B165,BoardGame01,MISC,388.000000,1072.000000,-256.000000,0.0000
ChineseRemnants.esp,307BF854,0005821C,CigaretteCarton,MISC,342.000000,1134.000000,-212.000000,270.0278
ChineseRemnants.esp,307BF852,0001F90A,TinCan01,MISC,164.772949,1105.275269,-283.992859,0.0945
ChineseRemnants.esp,307BF851,0001F908,TinCan02,MISC,246.284485,1119.695068,-283.992126,0.1930
ChineseRemnants.esp,307BF850,0001F90A,TinCan01,MISC,180.713699,1124.869751,-276.951294,131.5117
ChineseRemnants.esp,307BF84F,000DF223,BottleEmpty03,MISC,194.041458,1117.515747,-283.987610,0.0672
ChineseRemnants.esp,307BF84E,000DF221,BottleEmpty01,MISC,180.500183,1131.923828,-283.335632,66.5133
ChineseRemnants.esp,307BF84B,00023C32,Bowl_02_Ceramic,MISC,396.000000,1046.000000,-232.000000,0.0000
ChineseRemnants.esp,307BF849,00058224,Lighter,MISC,408.000000,1042.000000,-232.000000,206.2648
ChineseRemnants.esp,307BF848,0005821A,CigarettePack,MISC,382.000000,1060.000000,-230.000000,180.0000
ChineseRemnants.esp,307BF847,00059AB4,Chessboard,MISC,346.000000,1136.000000,-250.000000,0.0000
ChineseRemnants.esp,307BF845,0011EA93,BeerBottleStandard01,ALCH,410.000000,1028.000000,-288.000000,0.0000
ChineseRemnants.esp,307BF844,0008E371,Ashtray01_Filled,MISC,376.000000,1046.000000,-232.000000,0.0000
ChineseRemnants.esp,307BF843,00059B27,AlarmClock,MISC,408.000000,1074.000000,-232.000000,67.0817
ChineseRemnants.esp,307BF842,00059AB5,Cigarette_Off01,MISC,184.010468,473.963562,-222.447006,0.0138
ChineseRemnants.esp,307BF840,000AEF5B,Vault_FloorMat_Small_01,STAT,324.000000,502.000000,-288.000000,0.0000
ChineseRemnants.esp,307BF83F,000AEF5B,Vault_FloorMat_Small_01,STAT,238.000000,416.000000,-288.000000,0.0000
ChineseRemnants.esp,307BF83E,000AEF5B,Vault_FloorMat_Small_01,STAT,330.000000,438.000000,-288.000000,0.0000
ChineseRemnants.esp,307BF83D,000AEF5B,Vault_FloorMat_Small_01,STAT,258.000000,494.000000,-288.000000,0.0000
ChineseRemnants.esp,307BF83C,001A594C,Bin_Plastic,MSTT,388.000000,558.000000,-288.000000,241.3521
ChineseRemnants.esp,307BF83B,00059AEE,Mop,MISC,176.000000,394.000000,-236.000000,0.0000
ChineseRemnants.esp,307BF83A,00059AFB,Plunger,MISC,408.000000,446.000000,-288.000000,0.0000
ChineseRemnants.esp,307BF839,00059A71,AbraxoCleaner,MISC,412.000000,506.000000,-288.000000,0.0000
ChineseRemnants.esp,307BF838,00059A71,AbraxoCleaner,MISC,394.000000,498.000000,-223.928787,90.0000
ChineseRemnants.esp,307BF837,00059A80,MetalBucket,MISC,182.000000,454.000000,-288.000000,0.0000
ChineseRemnants.esp,307BF836,001A594B,TrashcanMetalOffice01,MSTT,184.000000,586.000000,-288.000000,0.0000
ChineseRemnants.esp,307BF835,00199A88,Toothpaste,MISC,410.000000,502.000000,-206.338669,90.0000
ChineseRemnants.esp,307BF834,00060ECE,Toothbrush,MISC,394.934784,467.515869,-217.578491,0.0000
ChineseRemnants.esp,307BF833,0019945F,Soap,MISC,400.000000,508.000000,-217.178268,0.0000
ChineseRemnants.esp,307BF832,00050AB6,PlayerHouse_BathroomRack01,STAT,160.000000,556.306519,-174.009903,270.0000
ChineseRemnants.esp,307BF82F,00050AB6,PlayerHouse_BathroomRack01,STAT,416.000000,556.306519,-174.009903,90.0000
ChineseRemnants.esp,307BF82E,00038C21,Loot_Raider_ExplosivesBox,CONT,-688.000000,976.000000,-252.000000,270.0000
ChineseRemnants.esp,307BB3DD,0001CE94,FluorescentLightThin01,STAT,-928.000000,512.000000,-32.000000,0.0000
ChineseRemnants.esp,307BB3DC,0002B770,FluorescentLightBeam01Thin,MSTT,-928.000000,512.000000,-32.000000,0.0000
ChineseRemnants.esp,307BB3DB,0010172B,MuseumBounceWarm04NSNonSpec,LIGH,-938.078064,518.832458,-213.722778,291.5356
ChineseRemnants.esp,307BB3DA,0004DE07,MuseumBounceWarm04NS,LIGH,-927.399231,506.162598,-174.350586,291.5356
ChineseRemnants.esp,307BB3D5,000A1395,IndustrialFanSmall,STAT,-928.000000,384.000000,-88.000000,0.0000
ChineseRemnants.esp,307BB3D2,0004B6EA,Loot_Prewar_Medkit_Wall,CONT,-708.000000,928.000000,-152.000000,0.0000
ChineseRemnants.esp,307BB3D1,0020A6FD,Loot_Medkit_Chems_Dirty,CONT,-700.000000,1096.000000,-190.262543,269.2902
ChineseRemnants.esp,307BB3D0,000C1897,AmmoFusionCell,AMMO,-777.999084,1174.003418,-159.081757,0.0000
ChineseRemnants.esp,307BB3CF,000C1897,AmmoFusionCell,AMMO,-788.000000,1174.000000,-160.000000,0.0000
ChineseRemnants.esp,307BB3CE,000C1897,AmmoFusionCell,AMMO,-786.000000,1178.000000,-160.000000,0.0000
ChineseRemnants.esp,307BB3CD,000C1897,AmmoFusionCell,AMMO,-794.000000,1178.000000,-160.000000,0.0000
ChineseRemnants.esp,307BB3CC,0018ABDF,Ammo2mmEC,AMMO,-828.000000,1166.000000,-160.000000,126.0507
ChineseRemnants.esp,307BB3CB,0018ABDF,Ammo2mmEC,AMMO,-832.000000,1176.000000,-160.000000,126.0507
ChineseRemnants.esp,307BB3CA,0018ABDF,Ammo2mmEC,AMMO,-819.324646,1173.367676,-159.108887,342.8113
ChineseRemnants.esp,307BB3C9,00060E77,MilitaryAmmoBag,MISC,-846.000000,1172.000000,-158.969971,166.1578
ChineseRemnants.esp,307BB3C8,0018B217,Loot_DuffleBag_Cash,CONT,-704.000000,1072.000000,-158.000000,80.2141
ChineseRemnants.esp,307BB3C7,00064A47,Loot_DuffleBag_Guns,CONT,-904.000000,1080.000000,-190.000000,91.6733
ChineseRemnants.esp,307BB3C6,00060CB4,Loot_AmmoBox,CONT,-696.000000,1056.000000,-224.000000,61.3521
ChineseRemnants.esp,307BB3C5,00060CB4,Loot_AmmoBox,CONT,-713.922974,1078.215332,-255.031250,0.0000
ChineseRemnants.esp,307BB3C4,00060CB4,Loot_AmmoBox,CONT,-896.000000,1112.000000,-224.000000,298.6479
ChineseRemnants.esp,307BB3C3,00060CB4,Loot_AmmoBox,CONT,-904.000000,1056.000000,-224.000000,258.5409
ChineseRemnants.esp,307BB3C2,00060CB4,Loot_AmmoBox,CONT,-896.000000,1112.000000,-256.000000,270.0000
ChineseRemnants.esp,307BB3C1,00060CB4,Loot_AmmoBox,CONT,-896.000000,1048.000000,-256.000000,270.0000
ChineseRemnants.esp,307BB3C0,000E6DB0,DecoGreebFree01,STAT,-214.000000,244.000000,208.000000,180.0000
ChineseRemnants.esp,307BB3BF,000E6DB0,DecoGreebFree01,STAT,214.000000,244.000000,208.000000,180.0000
ChineseRemnants.esp,307BB3BC,000EF2D1,Clock02_Wall,STAT,296.000000,1152.000000,-72.000000,0.0000
ChineseRemnants.esp,307BB3BB,000EF2D1,Clock02_Wall,STAT,-381.155701,384.000000,-72.636597,180.0000
ChineseRemnants.esp,307BB3BA,000EF2D1,Clock02_Wall,STAT,0.000000,895.602234,221.053696,0.0000
ChineseRemnants.esp,307BB3B7,000A1395,IndustrialFanSmall,STAT,-384.000000,600.000000,208.000000,90.0000
ChineseRemnants.esp,307BB3B6,000A1395,IndustrialFanSmall,STAT,384.000000,600.000000,208.000000,270.0001
ChineseRemnants.esp,307BB3B5,000E6DB0,DecoGreebFree01,STAT,-140.000000,48.000000,208.000000,270.0000
ChineseRemnants.esp,307BB3B4,000E6DB0,DecoGreebFree01,STAT,140.000000,48.000000,208.000000,90.0000
ChineseRemnants.esp,307BB3B2,000BF83C,GenericPosterGroup03,STAT,-145.000000,812.000000,-162.000000,90.0000
ChineseRemnants.esp,307BB3B1,000BF83F,GenericPosterGroup06,STAT,-639.000000,844.000000,-160.000000,270.0001
ChineseRemnants.esp,307BB3AF,000E6F28,BulletinBoard01Static,STAT,-144.000000,812.000000,-160.000000,90.0000
ChineseRemnants.esp,307BB3AC,000E6F28,BulletinBoard01Static,STAT,-640.000000,844.000000,-160.000000,270.0000
ChineseRemnants.esp,3075D1F2,0002EB0E,GlowFillRoundMid,STAT,0.000000,-119.237900,245.074829,270.0000
ChineseRemnants.esp,3075D1F1,00101818,ExitSignRedNSNonSpec,LIGH,0.000000,-100.000000,160.000000,270.0000
ChineseRemnants.esp,3075D1F0,00101818,ExitSignRedNSNonSpec,LIGH,0.000000,-100.000000,232.000000,270.0000
ChineseRemnants.esp,3075D1EF,00018FAA,ExitSignOn01,STAT,0.000000,-119.948799,256.000000,0.0000
ChineseRemnants.esp,30758D9E,0001CE94,FluorescentLightThin01,STAT,0.000000,760.000000,256.000000,0.0000
ChineseRemnants.esp,30758D9D,0002B770,FluorescentLightBeam01Thin,MSTT,0.000000,760.000000,256.000000,0.0000
ChineseRemnants.esp,30758D9C,0010172B,MuseumBounceWarm04NSNonSpec,LIGH,-10.078079,766.832520,74.277237,291.5356
ChineseRemnants.esp,30758D9B,0004DE07,MuseumBounceWarm04NS,LIGH,0.600754,754.162598,113.649429,291.5356
ChineseRemnants.esp,30758D9A,0001CE94,FluorescentLightThin01,STAT,0.000000,392.000000,256.000000,0.0000
ChineseRemnants.esp,30758D99,0002B770,FluorescentLightBeam01Thin,MSTT,0.000000,392.000000,256.000000,0.0000
ChineseRemnants.esp,30758D98,0010172B,MuseumBounceWarm04NSNonSpec,LIGH,-10.078079,398.832489,74.277222,291.5356
ChineseRemnants.esp,30758D97,0004DE07,MuseumBounceWarm04NS,LIGH,0.600754,386.162598,113.649414,291.5356
ChineseRemnants.esp,30754943,0001CE94,FluorescentLightThin01,STAT,-928.000000,768.000000,-32.000000,0.0000
ChineseRemnants.esp,30754942,0002B770,FluorescentLightBeam01Thin,MSTT,-928.000000,768.000000,-32.000000,0.0000
ChineseRemnants.esp,30754941,0010172B,MuseumBounceWarm04NSNonSpec,LIGH,-938.078064,774.832458,-213.722763,291.5356
ChineseRemnants.esp,30754940,0004DE07,MuseumBounceWarm04NS,LIGH,-927.399231,762.162598,-174.350586,291.5356
ChineseRemnants.esp,30754936,00001B90,CeilingLamp02On,STAT,-384.000000,944.000000,-32.000000,0.0000
ChineseRemnants.esp,30754935,000D8555,defaultLightCool02NSNonSpec,LIGH,-380.594727,947.409180,-159.098099,0.0000
ChineseRemnants.esp,30754934,00056723,defaultLightCool02NS,LIGH,-380.594727,947.409180,-117.124130,0.0000
ChineseRemnants.esp,30754933,00001B90,CeilingLamp02On,STAT,-384.000000,592.000000,-32.000000,0.0000
ChineseRemnants.esp,30754932,000D8555,defaultLightCool02NSNonSpec,LIGH,-380.594727,595.409180,-159.098114,0.0000
ChineseRemnants.esp,30754931,00056723,defaultLightCool02NS,LIGH,-380.594727,595.409180,-117.124130,0.0000
ChineseRemnants.esp,307504C5,0001D0C3,LightbulbOn01,STAT,-800.000000,1056.000000,-32.000000,0.0000
ChineseRemnants.esp,307504C4,00056723,defaultLightCool02NS,LIGH,-796.981201,1055.806885,-132.697510,0.0000
ChineseRemnants.esp,307504C3,000D8555,defaultLightCool02NSNonSpec,LIGH,-799.535645,1055.258789,-142.439758,0.0000
ChineseRemnants.esp,307504C1,0001D0C3,LightbulbOn01,STAT,280.000000,896.000000,-32.000000,0.0000
ChineseRemnants.esp,307504C0,00056723,defaultLightCool02NS,LIGH,283.018799,895.806885,-132.697540,0.0000
ChineseRemnants.esp,307504BF,000D8555,defaultLightCool02NSNonSpec,LIGH,280.464355,895.258789,-142.439758,0.0000
ChineseRemnants.esp,307504BE,0001D0C3,LightbulbOn01,STAT,288.000000,496.000000,-32.000000,0.0000
ChineseRemnants.esp,307504BD,00056723,defaultLightCool02NS,LIGH,291.018799,495.806885,-132.697525,0.0000
ChineseRemnants.esp,307504BC,000D8555,defaultLightCool02NSNonSpec,LIGH,288.464355,495.258789,-142.439758,0.0000
ChineseRemnants.esp,30747C08,0001D0B7,EmergencyLightOn01,STAT,0.000000,1152.000000,-64.000000,0.0000
ChineseRemnants.esp,30747C07,0002B76C,EmergencyLightBeamSet01,MSTT,0.000000,1152.000000,-64.000000,0.0000
ChineseRemnants.esp,30747C06,000D8556,DefaultLightWhite01NSNonSpec,LIGH,1.418701,1020.841309,-168.940506,90.5027
ChineseRemnants.esp,30747C05,000517B0,DefaultLightWhite01NS,LIGH,-2.429932,1056.797852,-168.940506,90.5027
ChineseRemnants.esp,306A9AD3,306A9AD2,00TurretTripod_ChineseRemnant,NPC_,88.000000,944.000000,-288.000000,180.0000
ChineseRemnants.esp,306A9ACF,301C5CD3,00TurretBubble_ChineseRemnant,NPC_,-616.000000,406.000000,-32.000000,44.9999
ChineseRemnants.esp,306A9ACE,301C5CD3,00TurretBubble_ChineseRemnant,NPC_,-618.000000,1130.000000,-32.000000,135.0000
ChineseRemnants.esp,306A9ACD,001338FA,NPCNewspaperLeanRight,FURN,-226.000000,648.000000,-288.000000,0.0000
ChineseRemnants.esp,306A1224,00067A2A,BldConcSmCeilOnly01,STAT,0.000000,-256.000000,160.000000,0.0000
ChineseRemnants.esp,306A1222,00067A2A,BldConcSmCeilOnly01,STAT,0.000000,-352.000000,384.000000,0.0000
ChineseRemnants.esp,306A1221,00067A2A,BldConcSmCeilOnly01,STAT,0.000000,0.000000,32.000000,0.0000
ChineseRemnants.esp,306A1220,00067A2A,BldConcSmCeilOnly01,STAT,-256.000000,256.000000,32.000000,0.0000
ChineseRemnants.esp,306A121F,00067A2A,BldConcSmCeilOnly01,STAT,0.000000,256.000000,32.000000,0.0000
ChineseRemnants.esp,306A121E,00067A2A,BldConcSmCeilOnly01,STAT,256.000000,256.000000,32.000000,0.0000
ChineseRemnants.esp,306A121D,00067A2A,BldConcSmCeilOnly01,STAT,256.000000,512.000000,32.000000,0.0000
ChineseRemnants.esp,306A121C,00067A2A,BldConcSmCeilOnly01,STAT,0.000000,512.000000,32.000000,0.0000
ChineseRemnants.esp,306A121B,00067A2A,BldConcSmCeilOnly01,STAT,-256.000000,512.000000,32.000000,0.0000
ChineseRemnants.esp,306A121A,00067A2A,BldConcSmCeilOnly01,STAT,256.000000,768.000000,32.000000,0.0000
ChineseRemnants.esp,306A1219,00067A2A,BldConcSmCeilOnly01,STAT,0.000000,768.000000,32.000000,0.0000
ChineseRemnants.esp,306A1218,00067A2A,BldConcSmCeilOnly01,STAT,-256.000000,768.000000,32.000000,0.0000
ChineseRemnants.esp,3067EF7A,3000CA6C,00ChineseRemnants_FoodCrate,CONT,-336.000000,280.000000,36.000000,0.0000
ChineseRemnants.esp,3067EF79,00034D44,Prewar_Refrigerator_Broken,CONT,-350.000000,504.000000,0.000000,270.0000
ChineseRemnants.esp,3066DE22,00064A47,Loot_DuffleBag_Guns,CONT,398.000000,856.000000,-288.000000,90.0000
ChineseRemnants.esp,3066DE20,30037DE6,00ChineseRemnant_DuffleBag_CombatRifle,CONT,-720.000000,1080.000000,-288.000000,90.0000
ChineseRemnants.esp,3066DE1F,30037DE6,00ChineseRemnant_DuffleBag_CombatRifle,CONT,-876.115417,1078.506714,-288.000000,90.0000
ChineseRemnants.esp,30620FB5,000BA590,Vault_Crate_02_Steel,STAT,368.000000,680.000000,0.000000,90.0000
ChineseRemnants.esp,30620FB2,000BA592,Vault_Crate_04_Steel,STAT,-96.000000,-136.000000,0.000000,0.0000
ChineseRemnants.esp,30620FB1,000C3884,WoodPallet01,STAT,112.000000,40.000000,64.000000,90.0000
ChineseRemnants.esp,30620FAF,000211F5,WoodCrate01,STAT,-358.000000,600.000000,0.000000,0.0000
ChineseRemnants.esp,30620FAE,00049DA0,Prewar_Cabinet_Garage_02,CONT,-352.000000,720.000000,0.000000,270.0000
ChineseRemnants.esp,3061CB5D,00038C21,Loot_Raider_ExplosivesBox,CONT,-690.000000,976.000000,-288.000000,90.0000
ChineseRemnants.esp,3061CB5C,00038C21,Loot_Raider_ExplosivesBox,CONT,-910.000000,976.000000,-288.000000,90.0000
ChineseRemnants.esp,3061CB59,000BA4B5,SecurityGateSmLatch02,DOOR,-656.000000,512.000000,-288.000000,90.0000
ChineseRemnants.esp,3061CB57,000211F5,WoodCrate01,STAT,-696.000000,760.000000,-288.000000,0.0000
ChineseRemnants.esp,3061CB54,000AE442,NpcChairVaultSit03Closed,MSTT,-192.000000,1134.000000,-288.000000,180.0000
ChineseRemnants.esp,3061CB53,000AE440,NpcChairVaultSit03,FURN,-552.000000,800.000000,-288.000000,0.0000
ChineseRemnants.esp,3061CB52,0003A9EB,OfficeBoxPapers01,STAT,-536.000000,400.000000,-264.000000,90.0000
ChineseRemnants.esp,3061CB50,0003A9ED,OfficeBoxPapers03,STAT,-536.000000,400.000000,-288.000000,90.0000
ChineseRemnants.esp,3061CB4F,0003A9ED,OfficeBoxPapers03,STAT,-238.000000,1128.000000,-288.000000,90.0000
ChineseRemnants.esp,3061CB4C,000018FB,ConBig02,STAT,-616.000000,1040.000000,-288.000000,270.0000
ChineseRemnants.esp,3061CB4B,000BA58F,Vault_Crate_01_Steel,STAT,-552.000000,1128.000000,-288.000000,0.0000
ChineseRemnants.esp,306186F9,0014400E,ConsoleTowerBLeft03,SCOL,-272.000000,1136.000000,-288.000000,0.0000
ChineseRemnants.esp,306186F6,00144008,ConsoleTowerBLeft02,SCOL,-472.000000,1136.000000,-288.000000,0.0000
ChineseRemnants.esp,306186F3,00140615,ConsoleTowerBFull01,SCOL,-376.000000,1136.000000,-288.000000,0.0000
ChineseRemnants.esp,306186F2,00140620,ConsoleTowerBMid01a,SCOL,-408.000000,400.000000,-288.000000,180.0000
ChineseRemnants.esp,306186F1,00140621,ConsoleTowerBMid01b,SCOL,-360.000000,400.000000,-288.000000,180.0000
ChineseRemnants.esp,305F6446,00067A9B,BldConcSmWallUnderhang01,STAT,-528.000000,680.000000,-256.000000,0.0000
ChineseRemnants.esp,305F6445,00067A9B,BldConcSmWallUnderhang01,STAT,400.000000,664.000000,-256.000000,180.0000
ChineseRemnants.esp,305F1FEF,00057D39,BldgShellFloorConcreteHalf01,STAT,0.000000,-256.000000,0.000000,90.0000
ChineseRemnants.esp,305F1FEE,0006799B,BldConcMdWall01,STAT,-16.000000,-128.000000,0.000000,0.0000
ChineseRemnants.esp,305F1FED,0006799B,BldConcMdWall01,STAT,-16.000000,128.000000,0.000000,0.0000
ChineseRemnants.esp,305F1FEC,0006799B,BldConcMdWall01,STAT,0.000000,-144.000000,0.000000,270.0000
ChineseRemnants.esp,305F1FEB,0006799B,BldConcMdWall01,STAT,16.000000,128.000000,0.000000,180.0000
ChineseRemnants.esp,305F1FEA,0006799B,BldConcMdWall01,STAT,16.000000,-128.000000,0.000000,180.0000
ChineseRemnants.esp,305F1FE9,00022563,BldWoodPDoor02,DOOR,288.000000,624.000000,-288.000000,90.0000
ChineseRemnants.esp,305F1FE8,001A594B,TrashcanMetalOffice01,MSTT,192.000000,1128.000000,-288.000000,0.0000
ChineseRemnants.esp,305F1FE7,0001820E,MetalTable02,STAT,392.000000,1056.000000,-288.000000,90.0000
ChineseRemnants.esp,305F1FE6,000AB568,NpcBedVaultBunkLay01,FURN,332.000000,952.000000,-288.000000,270.0000
ChineseRemnants.esp,305F1FE3,00057D39,BldgShellFloorConcreteHalf01,STAT,256.000000,256.000000,0.000000,90.0000
ChineseRemnants.esp,305F1FE2,00067AA6,BldConcSmWall01,STAT,288.000000,496.000000,-288.000000,270.0001
ChineseRemnants.esp,305F1FE1,00067AA6,BldConcSmWall01,STAT,304.000000,512.000000,-288.000000,180.0000
ChineseRemnants.esp,305F1FE0,00067AA6,BldConcSmWall01,STAT,272.000000,512.000000,-288.000000,0.0000
ChineseRemnants.esp,305F1FDF,00067A95,BldConcSmWallScktA01,STAT,288.000000,496.000000,-288.000000,90.0000
ChineseRemnants.esp,305F1FDE,00067A40,BldConcSmFlrOnly01,STAT,288.000000,512.000000,-288.000000,90.0000
ChineseRemnants.esp,305F1FDD,00067A93,BldConcSmWallPlugADoor01,STAT,288.000000,624.000000,-288.000000,270.0000
ChineseRemnants.esp,305F1FDC,00067A95,BldConcSmWallScktA01,STAT,288.000000,752.000000,-288.000000,270.0001
ChineseRemnants.esp,305F1FDB,00067AA6,BldConcSmWall01,STAT,272.000000,768.000000,-288.000000,0.0000
ChineseRemnants.esp,305F1FDA,00067A40,BldConcSmFlrOnly01,STAT,288.000000,768.000000,-288.000000,90.0000
ChineseRemnants.esp,305F1FD9,00057D39,BldgShellFloorConcreteHalf01,STAT,512.000000,512.000000,0.000000,0.0000
ChineseRemnants.esp,305F1FD8,00057D39,BldgShellFloorConcreteHalf01,STAT,512.000000,768.000000,0.000000,0.0000
ChineseRemnants.esp,305F1FD5,00057D39,BldgShellFloorConcreteHalf01,STAT,512.000000,1024.000000,0.000000,0.0000
ChineseRemnants.esp,304BE63F,00059A9A,Loot_Toolbox,CONT,-688.000000,672.000000,-248.000000,180.0000
ChineseRemnants.esp,304BE63E,00049DA1,Prewar_Cabinet_Garage_03,CONT,-784.000000,416.000000,-288.000000,180.0000
ChineseRemnants.esp,304BE63B,000560DC,defaultLightWarm01NS,LIGH,-1093.670410,708.622681,-168.888107,270.2408
ChineseRemnants.esp,304BE63A,000560DC,defaultLightWarm01NS,LIGH,-1093.670410,708.622681,-88.888100,270.2408
ChineseRemnants.esp,304BE639,00017A89,HoodedLamp01,STAT,-1094.040649,620.623962,-112.888100,270.2408
ChineseRemnants.esp,304BE638,0006704A,PowerGenerator01,MSTT,-1031.501465,624.152527,-284.939392,90.0000
ChineseRemnants.esp,304BE636,001A594B,TrashcanMetalOffice01,MSTT,-608.000000,416.000000,-288.000000,0.0000
ChineseRemnants.esp,304BE631,00175500,FootLocker01,CONT,256.000000,948.000000,-288.000000,90.0000
ChineseRemnants.esp,304BE630,00175500,FootLocker01,CONT,256.000000,764.000000,-288.000000,90.0000
ChineseRemnants.esp,304BE62F,0011EB5C,Prewar_Locker_Wall01,CONT,312.000000,1136.000000,-288.000000,0.0000
ChineseRemnants.esp,304BA1DD,00118340,OfficeFileCabine01Static,STAT,-184.000000,464.000000,-288.000000,90.0000
ChineseRemnants.esp,304BA1DC,00018C93,IndMetalDoor01,DOOR,144.000000,1024.000000,-288.000000,90.0000
ChineseRemnants.esp,304BA1DB,0011EB5B,Prewar_Locker_Wall02,CONT,-64.000000,1136.000000,-288.000000,0.0000
ChineseRemnants.esp,304BA1D9,000AB568,NpcBedVaultBunkLay01,FURN,332.000000,768.000000,-288.000000,270.0000
ChineseRemnants.esp,304BA1D7,00057D39,BldgShellFloorConcreteHalf01,STAT,256.000000,1280.000000,0.000000,0.0000
ChineseRemnants.esp,304BA1D6,00057D39,BldgShellFloorConcreteHalf01,STAT,-128.000000,1280.000000,0.000000,0.0000
ChineseRemnants.esp,304BA1D4,00067AA6,BldConcSmWall01,STAT,-512.000000,1040.000000,-288.000000,90.0000
ChineseRemnants.esp,304BA1C9,00057D37,BldgShellFloorConcrete01Full,STAT,-512.000000,512.000000,0.000000,0.0000
ChineseRemnants.esp,304BA1C8,00057D37,BldgShellFloorConcrete01Full,STAT,-512.000000,768.000000,0.000000,0.0000
ChineseRemnants.esp,304BA1C7,00057D37,BldgShellFloorConcrete01Full,STAT,-512.000000,1024.000000,0.000000,0.0000
ChineseRemnants.esp,304BA1C6,000BA590,Vault_Crate_02_Steel,STAT,-168.000000,816.000000,-288.000000,90.0000
ChineseRemnants.esp,304BA1C5,000BD531,OfficeFileCabinet03,CONT,-152.000000,592.000000,-288.000000,90.0000
ChineseRemnants.esp,304BA1C4,000BD52E,OfficeFileCabinet02,CONT,-168.000000,672.000000,-288.000000,90.0000
ChineseRemnants.esp,304BA1C2,00049622,OfficeFileCabinet01_Prewar,CONT,-168.000000,632.000000,-288.000000,90.0000
ChineseRemnants.esp,304BA1C1,000BD52E,OfficeFileCabinet02,CONT,-168.000000,712.000000,-288.000000,90.0000
ChineseRemnants.esp,30493AB9,00067ACC,BldConcSmWallPillar01,STAT,-136.000000,912.000000,-288.000000,0.0000
ChineseRemnants.esp,30493AB7,00067AA6,BldConcSmWall01,STAT,-256.000000,768.000000,-288.000000,180.0000
ChineseRemnants.esp,30493AB6,00067AA6,BldConcSmWall01,STAT,-256.000000,512.000000,-288.000000,180.0000
ChineseRemnants.esp,30493AB4,00067AA6,BldConcSmWall01,STAT,-528.000000,768.000000,-288.000000,0.0000
ChineseRemnants.esp,30493AB3,00067A40,BldConcSmFlrOnly01,STAT,-512.000000,512.000000,-288.000000,90.0000
ChineseRemnants.esp,30493AB2,00067A40,BldConcSmFlrOnly01,STAT,-256.000000,512.000000,-288.000000,90.0000
ChineseRemnants.esp,30493AB1,00067A40,BldConcSmFlrOnly01,STAT,-512.000000,768.000000,-288.000000,90.0000
ChineseRemnants.esp,30493AB0,00067A40,BldConcSmFlrOnly01,STAT,-256.000000,768.000000,-288.000000,90.0000
ChineseRemnants.esp,3047A09B,00067A2A,BldConcSmCeilOnly01,STAT,-800.000000,768.000000,-256.000000,0.0000
ChineseRemnants.esp,3047A09A,00067A2A,BldConcSmCeilOnly01,STAT,-1056.000000,768.000000,-256.000000,0.0000
ChineseRemnants.esp,3047A099,00067A2A,BldConcSmCeilOnly01,STAT,-1056.000000,512.000000,-256.000000,0.0000
ChineseRemnants.esp,3047A098,00067A2A,BldConcSmCeilOnly01,STAT,-800.000000,512.000000,-256.000000,0.0000
ChineseRemnants.esp,3047A097,00067A2A,BldConcSmCeilOnly01,STAT,-800.000000,1056.000000,-256.000000,0.0000
ChineseRemnants.esp,3047A096,000BA591,Vault_Crate_03_Steel,STAT,-692.000000,648.000000,-288.000000,90.0000
ChineseRemnants.esp,3047A08F,0006704D,PowerGenerator02_NeverUseByItself,MSTT,-1024.000000,848.000000,-288.000000,270.0001
ChineseRemnants.esp,3047A08E,00067A95,BldConcSmWallScktA01,STAT,-800.000000,784.000000,-288.000000,90.0000
ChineseRemnants.esp,3047A08D,00067AA6,BldConcSmWall01,STAT,-1072.000000,512.000000,-288.000000,0.0000
ChineseRemnants.esp,3047A08C,00067AA6,BldConcSmWall01,STAT,-784.000000,768.000000,-288.000000,180.0000
ChineseRemnants.esp,3047A08B,00067A40,BldConcSmFlrOnly01,STAT,-800.000000,512.000000,-288.000000,90.0000
ChineseRemnants.esp,3047A08A,00067AA6,BldConcSmWall01,STAT,-1056.000000,496.000000,-288.000000,270.0000
ChineseRemnants.esp,3047A088,00067A95,BldConcSmWallScktA01,STAT,-800.000000,1040.000000,-288.000000,270.0000
ChineseRemnants.esp,3047A087,00022783,UtilMetalDoorPlugA01,STAT,-800.000000,912.000000,-288.000000,90.0000
ChineseRemnants.esp,3047A084,00067AA6,BldConcSmWall01,STAT,-1056.000000,784.000000,-288.000000,90.0000
ChineseRemnants.esp,3047A083,00067A40,BldConcSmFlrOnly01,STAT,-1056.000000,768.000000,-288.000000,90.0000
ChineseRemnants.esp,3047A082,00067A40,BldConcSmFlrOnly01,STAT,-1056.000000,512.000000,-288.000000,90.0000
ChineseRemnants.esp,30475C30,0009BECB,UtilitySink,STAT,-360.000000,336.000000,0.000000,270.0000
ChineseRemnants.esp,30475C2D,0020DE62,Vault_WaterFountain01_Rads,ACTI,88.000000,1152.000000,-288.000000,0.0000
ChineseRemnants.esp,30475C2C,00091431,PlayerHouse_Ruin_BathroomMirror02,CONT,416.000000,488.000000,-168.000000,90.0000
ChineseRemnants.esp,30475C28,0018F36A,FloorDrain01,STAT,288.000000,424.000000,-288.000000,0.0000
ChineseRemnants.esp,30475C27,00034A3D,BathroomSinkBroken01,STAT,416.000000,488.000000,-288.000000,90.0000
ChineseRemnants.esp,30475C26,00034A3F,BathroomToiletBroken01,STAT,192.000000,496.000000,-288.000000,270.0000
ChineseRemnants.esp,30475C25,00106953,ShowerHead01,STAT,288.000000,384.000000,-168.000000,90.0000
ChineseRemnants.esp,30475C24,00067A95,BldConcSmWallScktA01,STAT,272.000000,1024.000000,-288.000000,0.0000
ChineseRemnants.esp,30475C23,00067AA6,BldConcSmWall01,STAT,304.000000,768.000000,-288.000000,180.0000
ChineseRemnants.esp,30475C22,00067AA6,BldConcSmWall01,STAT,288.000000,1040.000000,-288.000000,90.0000
ChineseRemnants.esp,30475C21,00067A40,BldConcSmFlrOnly01,STAT,288.000000,1024.000000,-288.000000,90.0000
ChineseRemnants.esp,30475C20,00067A93,BldConcSmWallPlugADoor01,STAT,144.000000,1024.000000,-288.000000,0.0000
ChineseRemnants.esp,30475C1E,00067A95,BldConcSmWallScktA01,STAT,16.000000,1024.000000,-288.000000,180.0000
ChineseRemnants.esp,303ACDC0,001A0380,Loot_ToolChest,CONT,-936.000000,400.000000,-288.000000,270.0000
ChineseRemnants.esp,303ACDBE,00157FEB,WorkbenchPowerArmor,FURN,-1036.000000,480.000000,-288.000000,90.0000
ChineseRemnants.esp,303ACDBD,00017DD7,MetalShelf01,STAT,-896.000000,1080.000000,-288.000000,270.0000
ChineseRemnants.esp,303ACDBB,00067AA6,BldConcSmWall01,STAT,-1072.000000,768.000000,-288.000000,0.0000
ChineseRemnants.esp,303ACDBA,00067AA6,BldConcSmWall01,STAT,-784.000000,1056.000000,-288.000000,180.0000
ChineseRemnants.esp,303ACDB9,00067A40,BldConcSmFlrOnly01,STAT,-800.000000,768.000000,-288.000000,90.0000
ChineseRemnants.esp,30393396,00057D37,BldgShellFloorConcrete01Full,STAT,256.000000,1024.000000,0.000000,0.0000
ChineseRemnants.esp,3038AAF0,00067A2A,BldConcSmCeilOnly01,STAT,0.000000,1280.000000,192.000000,0.0000
ChineseRemnants.esp,3038AAEA,00067A2A,BldConcSmCeilOnly01,STAT,0.000000,1280.000000,-224.000000,0.0000
ChineseRemnants.esp,3038AAE9,00067A2A,BldConcSmCeilOnly01,STAT,0.000000,1024.000000,-224.000000,0.0000
ChineseRemnants.esp,3038AAE6,00067ACC,BldConcSmWallPillar01,STAT,-128.000000,382.000000,-32.000000,90.0000
ChineseRemnants.esp,30382232,00067AA6,BldConcSmWall01,STAT,-256.000000,368.000000,0.000000,270.0000
ChineseRemnants.esp,30382231,00067AA6,BldConcSmWall01,STAT,256.000000,368.000000,0.000000,270.0000
ChineseRemnants.esp,30382230,00067AA6,BldConcSmWall01,STAT,272.000000,256.000000,0.000000,180.0000
ChineseRemnants.esp,3038222F,00067AA6,BldConcSmWall01,STAT,272.000000,512.000000,0.000000,180.0000
ChineseRemnants.esp,3038222E,00067AA6,BldConcSmWall01,STAT,272.000000,768.000000,0.000000,180.0000
ChineseRemnants.esp,3038222D,00067AA6,BldConcSmWall01,STAT,256.000000,784.000000,0.000000,90.0000
ChineseRemnants.esp,3038222C,00067AA6,BldConcSmWall01,STAT,0.000000,784.000000,0.000000,90.0000
ChineseRemnants.esp,3038222B,00067AA6,BldConcSmWall01,STAT,-256.000000,784.000000,0.000000,90.0000
ChineseRemnants.esp,3038222A,00067AA6,BldConcSmWall01,STAT,-272.000000,256.000000,0.000000,0.0000
ChineseRemnants.esp,30382229,00067AA6,BldConcSmWall01,STAT,-272.000000,512.000000,0.000000,0.0000
ChineseRemnants.esp,30382228,00067AA6,BldConcSmWall01,STAT,-272.000000,768.000000,0.000000,0.0000
ChineseRemnants.esp,302DFCD6,000AE442,NpcChairVaultSit03Closed,MSTT,136.000000,282.000000,0.000000,0.0000
ChineseRemnants.esp,302BDA40,00017C73,NoodleCup,ALCH,336.000000,720.000000,0.000000,0.0000
ChineseRemnants.esp,302BDA3F,000299C2,NPCInvGroundSit,FURN,344.000000,680.000000,0.000000,270.0000
ChineseRemnants.esp,3029FBE1,0017B3A4,workbenchWeaponsA,FURN,248.000000,772.000000,0.000000,0.0000
ChineseRemnants.esp,3029B790,000AE440,NpcChairVaultSit03,FURN,-456.000000,464.000000,-288.000000,90.0000
ChineseRemnants.esp,30292EE0,001715FE,FederalistBookcaseShort_Broken,STAT,112.000000,168.000000,0.000000,0.0000
ChineseRemnants.esp,30292EDD,001A594C,Bin_Plastic,MSTT,360.000000,336.000000,38.000000,90.0000
ChineseRemnants.esp,30292EDC,001A0380,Loot_ToolChest,CONT,368.000000,768.000000,0.000000,180.0000
ChineseRemnants.esp,30292EDA,0005D8F8,Loot_Prewar_Cooler,CONT,-256.000000,280.000000,64.000000,135.0000
ChineseRemnants.esp,30270BB8,0004D1CD,PlayerHouse_Rug01,STAT,0.000000,-112.000000,0.000000,0.0000
ChineseRemnants.esp,3026C758,000D75BC,NpcBedSleepingBagSleep01,FURN,-264.000000,608.000000,0.000000,0.0000
ChineseRemnants.esp,3026C756,0005D8F8,Loot_Prewar_Cooler,CONT,-368.000000,592.000000,51.408092,180.0000
ChineseRemnants.esp,3026C749,000AE441,NpcChairVaultSit02Closed,MSTT,-110.000000,84.000000,0.000000,90.0000
ChineseRemnants.esp,3026C748,000211F5,WoodCrate01,STAT,100.000000,-148.000000,0.000000,0.0000
ChineseRemnants.esp,3026C747,000211F6,WoodCrate02,STAT,100.000000,-80.000000,0.000000,0.0000
ChineseRemnants.esp,3026C746,000BA591,Vault_Crate_03_Steel,STAT,-100.000000,-12.000000,0.000000,90.0000
ChineseRemnants.esp,3026C737,0019D813,ShelfSmall_Metal01_1Long,SCOL,-864.000000,1184.000000,-160.000000,0.0001
ChineseRemnants.esp,3026C736,00017DD7,MetalShelf01,STAT,-704.000000,1080.000000,-288.000000,270.0000
ChineseRemnants.esp,3026C734,000211F6,WoodCrate02,STAT,-104.000000,152.000000,29.000000,180.0000
ChineseRemnants.esp,302682DF,000211F7,WoodCrate03,STAT,-104.000000,160.000000,0.000000,180.0000
ChineseRemnants.esp,302682DE,000211F6,WoodCrate02,STAT,360.000000,336.000000,0.000000,0.0000
ChineseRemnants.esp,302682D7,000D75BC,NpcBedSleepingBagSleep01,FURN,312.000000,520.000000,0.000000,0.0000
ChineseRemnants.esp,30263E82,00024572,NPCInvWallLean01,FURN,-296.000000,504.000000,0.000000,90.0000
ChineseRemnants.esp,30263E7F,001A594C,Bin_Plastic,MSTT,-188.000000,802.000000,0.000000,45.0000
ChineseRemnants.esp,30263E7E,0008F6B7,Loot_Prewar_Toolcase,CONT,348.000000,832.000000,0.000000,315.0000
ChineseRemnants.esp,30263E7D,00059A9A,Loot_Toolbox,CONT,156.000000,880.000000,0.000000,90.0000
ChineseRemnants.esp,30263E7C,001A037F,Loot_ToolboxLarge,CONT,-352.000000,880.000000,0.000000,90.0000
ChineseRemnants.esp,30263E7B,00059A9A,Loot_Toolbox,CONT,-376.000000,808.000000,0.000000,0.0000
ChineseRemnants.esp,30263E7A,0012EA9B,WorkbenchArmorA,FURN,-256.000000,832.000000,0.000000,0.0000
ChineseRemnants.esp,30263E78,00017DDA,MetalShelf02,STAT,-224.000000,280.000000,0.000000,0.0000
ChineseRemnants.esp,30263E76,3000CA6C,00ChineseRemnants_FoodCrate,CONT,-336.000000,280.000000,0.000000,0.0000
ChineseRemnants.esp,30263E6D,00067ACC,BldConcSmWallPillar01,STAT,136.000000,248.000000,0.000000,180.0000
ChineseRemnants.esp,30263E6C,00067ACC,BldConcSmWallPillar01,STAT,-136.000000,248.000000,0.000000,180.0000
ChineseRemnants.esp,3025FA11,001715F6,FederalistBookcase_Broken01,STAT,368.000000,448.000000,0.000000,0.0000
ChineseRemnants.esp,3025FA0D,000C9A81,PrewarBookStack02,STAT,379.000000,557.000000,22.000000,90.0000
ChineseRemnants.esp,3025FA0C,000C9A86,PrewarBookStackSm04,STAT,382.000000,595.000000,22.000000,90.0000
ChineseRemnants.esp,3025FA0B,000C9A87,PrewarBookSingle01,STAT,382.000000,558.000000,76.000000,90.0000
ChineseRemnants.esp,3025FA09,000C9A84,PrewarBookStackSm02,STAT,383.000000,558.000000,50.000000,90.0000
ChineseRemnants.esp,3025FA08,000C9A85,PrewarBookStackSm03,STAT,380.000000,546.000000,77.000000,90.0000
ChineseRemnants.esp,3025FA07,000FE257,OverdueBook,MISC,367.000000,608.000000,75.000000,90.0000
ChineseRemnants.esp,3025FA04,000C9A80,PrewarBookStack01,STAT,382.000000,590.187012,77.312500,90.0000
ChineseRemnants.esp,3025FA00,000C9A87,PrewarBookSingle01,STAT,382.000000,612.000000,48.000000,90.0000
ChineseRemnants.esp,3025F9FF,000C9A85,PrewarBookStackSm03,STAT,382.000000,613.000000,22.000000,90.0000
ChineseRemnants.esp,3025F9FE,000C9A83,PrewarBookStackSm01,STAT,382.000000,601.000000,49.000000,90.0000
ChineseRemnants.esp,3025F9FD,000FE257,OverdueBook,MISC,370.302094,613.593018,75.000000,90.0000
ChineseRemnants.esp,3025F9FC,000FE257,OverdueBook,MISC,370.302094,616.593018,75.000000,90.0000
ChineseRemnants.esp,3025F9F4,0001F43F,FederalistBookcaseStack01,STAT,367.000000,577.000000,0.000000,0.0000
ChineseRemnants.esp,3025B58D,001865B9,WorkbenchCookingStove,FURN,-300.000000,380.000000,0.000000,270.0000
ChineseRemnants.esp,3025B58C,001A5947,WoodBox01,MSTT,184.000000,736.000000,16.000000,90.0000
ChineseRemnants.esp,3025B589,00049D9C,Prewar_Cabinet_Garage_05,CONT,0.000000,896.000000,142.000000,0.0000
ChineseRemnants.esp,3025B588,06025B40,DLC04RaiderRadioReceiver,ACTI,-608.000000,808.000000,-232.000000,225.0001
ChineseRemnants.esp,3025B587,001BA3A0,HamRadioOFF,ACTI,-616.000000,872.000000,-232.000000,315.0000
ChineseRemnants.esp,3025B586,00140603,ConsoleTowerBRight01,SCOL,-496.000000,400.000000,-288.000000,180.0000
ChineseRemnants.esp,3025B584,00143CEB,ConsoleTowerBRight04,SCOL,-272.000000,400.000000,-288.000000,180.0000
ChineseRemnants.esp,3025B582,00143CEB,ConsoleTowerBRight04,SCOL,-448.000000,400.000000,-288.000000,180.0000
ChineseRemnants.esp,3025B581,00143CEA,ConsoleTowerBRight03,SCOL,-312.000000,400.000000,-288.000000,180.0000
ChineseRemnants.esp,3025B57C,000018FA,ConBig03,STAT,-608.000000,656.000000,-288.000000,270.0000
ChineseRemnants.esp,3025B57B,000018FB,ConBig02,STAT,-608.000000,736.000000,-288.000000,270.0000
ChineseRemnants.esp,3025B57A,000018F5,ConBig01,STAT,-616.000000,952.000000,-288.000000,270.0000
ChineseRemnants.esp,3025B579,000BD53C,OfficeDesk01,CONT,-608.000000,844.000000,-288.000000,270.0000
ChineseRemnants.esp,3025B577,00067A40,BldConcSmFlrOnly01,STAT,-800.000000,1056.000000,-288.000000,90.0000
ChineseRemnants.esp,3025B573,00067AA6,BldConcSmWall01,STAT,-512.000000,496.000000,-288.000000,270.0000
ChineseRemnants.esp,3025B572,00067A40,BldConcSmFlrOnly01,STAT,-512.000000,1024.000000,-288.000000,90.0000
ChineseRemnants.esp,3025711D,00022783,UtilMetalDoorPlugA01,STAT,-656.000000,512.000000,-288.000000,0.0000
ChineseRemnants.esp,3025711C,00067A95,BldConcSmWallScktA01,STAT,-528.000000,512.000000,-288.000000,0.0000
ChineseRemnants.esp,3025711B,00067A95,BldConcSmWallScktA01,STAT,-784.000000,512.000000,-288.000000,180.0000
ChineseRemnants.esp,30257119,00067AA6,BldConcSmWall01,STAT,-800.000000,496.000000,-288.000000,270.0000
ChineseRemnants.esp,30257118,00067AA6,BldConcSmWall01,STAT,-800.000000,1072.000000,-288.000000,90.0000
ChineseRemnants.esp,30252CC3,00067AA6,BldConcSmWall01,STAT,-816.000000,1056.000000,-288.000000,0.0000
ChineseRemnants.esp,30252CC2,00067AA6,BldConcSmWall01,STAT,-256.000000,1040.000000,-288.000000,90.0000
ChineseRemnants.esp,30252CBF,00067AA6,BldConcSmWall01,STAT,-256.000000,496.000000,-288.000000,270.0000
ChineseRemnants.esp,30252CBD,00067A40,BldConcSmFlrOnly01,STAT,-256.000000,1024.000000,-288.000000,90.0000
ChineseRemnants.esp,30252CB9,00057D37,BldgShellFloorConcrete01Full,STAT,-256.000000,1024.000000,0.000000,0.0000
ChineseRemnants.esp,3024A417,00057D37,BldgShellFloorConcrete01Full,STAT,0.000000,512.000000,0.000000,0.0000
ChineseRemnants.esp,30241B76,0011033C,SimpleElevatorMaster,ACTI,12.000000,850.000000,88.000000,0.0000
ChineseRemnants.esp,3023D720,00057D37,BldgShellFloorConcrete01Full,STAT,-256.000000,768.000000,0.000000,0.0000
ChineseRemnants.esp,3023D71D,00057D37,BldgShellFloorConcrete01Full,STAT,256.000000,512.000000,0.000000,0.0000
ChineseRemnants.esp,3023D71B,00057D37,BldgShellFloorConcrete01Full,STAT,-256.000000,512.000000,0.000000,0.0000
ChineseRemnants.esp,3023D719,00057D37,BldgShellFloorConcrete01Full,STAT,0.000000,256.000000,0.000000,0.0000
ChineseRemnants.esp,30234E67,00067AA6,BldConcSmWall01,STAT,-16.000000,512.000000,-288.000000,0.0000
ChineseRemnants.esp,30234E66,00067AA6,BldConcSmWall01,STAT,-16.000000,768.000000,-288.000000,0.0000
ChineseRemnants.esp,30234E65,00067AA6,BldConcSmWall01,STAT,-528.000000,1024.000000,-288.000000,0.0000
ChineseRemnants.esp,30234E61,00057D37,BldgShellFloorConcrete01Full,STAT,256.000000,768.000000,0.000000,0.0000
ChineseRemnants.esp,30234E60,00067AA6,BldConcSmWall01,STAT,0.000000,1040.000000,-288.000000,90.0000
ChineseRemnants.esp,30234E5F,00067AA6,BldConcSmWall01,STAT,304.000000,1024.000000,-288.000000,180.0000
ChineseRemnants.esp,30234E5E,00067AA6,BldConcSmWall01,STAT,16.000000,768.000000,-288.000000,180.0000
ChineseRemnants.esp,30234E5D,00067AA6,BldConcSmWall01,STAT,16.000000,512.000000,-288.000000,180.0000
ChineseRemnants.esp,30234E5B,00067A40,BldConcSmFlrOnly01,STAT,0.000000,1024.000000,-288.000000,90.0000
ChineseRemnants.esp,30234E57,00067A0C,BldConcSmStairsBlockShort01,STAT,0.000000,768.000000,-288.000000,0.0000
ChineseRemnants.esp,30234E56,00067A0C,BldConcSmStairsBlockShort01,STAT,0.000000,512.000000,-160.000000,0.0000
ChineseRemnants.esp,302309FD,00057D37,BldgShellFloorConcrete01Full,STAT,0.000000,0.000000,0.000000,0.0000
ChineseRemnants.esp,30A00832,00098163,PackageLocationPrimitive,ACTI,144.000000,1008.000000,-168.000000,0.0000
ChineseRemnants.esp,30718B67,00098163,PackageLocationPrimitive,ACTI,-8.000000,296.000000,144.000000,0.0000
ChineseRemnants.esp,30714716,00098163,PackageLocationPrimitive,ACTI,-392.000000,640.000000,-160.000000,0.0000
ChineseRemnants.esp,306A9ACB,30006495,00LvlChineseRemnant_Spy,NPC_,-488.000000,864.000000,-288.000000,0.0000
ChineseRemnants.esp,306A9ACA,301BD42E,00LvlChineseRemnant_Liutenant,NPC_,-266.180817,551.900818,-288.000000,0.0000
ChineseRemnants.esp,306A9AC9,30006493,00LvlChineseRemnant_Militant,NPC_,216.000000,856.000000,-288.000000,90.0000
ChineseRemnants.esp,306A9AC8,30006493,00LvlChineseRemnant_Militant,NPC_,-178.102814,493.953674,0.000000,90.0000
ChineseRemnants.esp,306A9AC7,300053C0,00LvlChineseRemnant_Dragoon04,NPC_,104.000000,336.000000,0.000000,0.0000
ChineseRemnants.esp,3061CB5B,000BB48A,SecurityGateSm01A,ACTI,-800.000000,912.000000,-288.000000,180.0000
ChineseRemnants.esp,304BE63D,00075FE4,AmmoFusionCore,AMMO,-1096.000000,664.000000,-224.000000,180.0000
ChineseRemnants.esp,304BE63C,00026251,MuseumSpotWarm,LIGH,-1093.670410,708.622681,-56.888100,270.0000
ChineseRemnants.esp,302B5197,000EEFBD,PowerLiftButton01,ACTI,-236.000000,872.000000,-320.000000,90.0001
ChineseRemnants.esp,30270BBA,0018EA20,MetalTrapdoorLadder02,DOOR,0.000000,-206.000000,382.000000,0.0000
ChineseRemnants.esp,30263E81,0011807C,NpcBenchFederalistSit01OneSlot,FURN,256.000000,280.000000,0.000000,0.0000
ChineseRemnants.esp,30257121,30257120,00ChineseRemnant_TrunkSilver04,CONT,-800.000000,1160.000000,-288.000000,0.0000
ChineseRemnants.esp,3025711F,001A7FEA,DefaultTerminalWallEmbedded,TERM,-704.000000,928.000000,-280.000000,0.0000
ChineseRemnants.esp,30241B75,000EEFBD,PowerLiftButton01,ACTI,295.000000,613.000000,-22.000000,90.0000
ChineseRemnants.esp,30241B74,000539CB,platformhelperfree01,ACTI,-132.000000,640.000000,0.000000,180.0000
ChineseRemnants.esp,3023D71C,00057D37,BldgShellFloorConcrete01Full,STAT,0.000000,768.000000,0.000000,0.0000
ChineseRemnants.esp,309D18AE,00020D9E,UtilFreePipe02End,STAT,-120.000000,-364.000000,258.000000,0.0000
ChineseRemnants.esp,309D18AD,00020D9E,UtilFreePipe02End,STAT,-120.000000,430.000000,258.000000,180.0000
ChineseRemnants.esp,309C900C,000366BF,WaterDirty,ALCH,112.040176,-352.036682,49.747471,89.9999
ChineseRemnants.esp,309C900B,000366BF,WaterDirty,ALCH,-80.201187,-12.562704,46.278816,359.8941
ChineseRemnants.esp,309C9008,00020DA8,UtilFreePipeSocket01,STAT,168.000000,-366.000000,254.000000,0.0000
ChineseRemnants.esp,309C9006,00020D95,UtilFreePipe02,STAT,-120.000000,432.000000,258.000000,0.0000
ChineseRemnants.esp,309C9005,00020D95,UtilFreePipe02,STAT,-120.000000,176.000000,258.000000,0.0000
ChineseRemnants.esp,309C9004,00020D95,UtilFreePipe02,STAT,-120.000000,-80.000000,258.000000,0.0000
ChineseRemnants.esp,309C9003,00020D95,UtilFreePipe02,STAT,-120.000000,-336.000000,258.000000,0.0000
ChineseRemnants.esp,309C9002,00020D86,UtilFreePipe01,STAT,168.000000,-272.000000,254.000000,0.0000
ChineseRemnants.esp,309C9001,00020D86,UtilFreePipe01,STAT,168.000000,-16.000000,254.000000,0.0000
ChineseRemnants.esp,309C9000,00020D86,UtilFreePipe01,STAT,168.000000,240.000000,254.000000,0.0000
ChineseRemnants.esp,309C8FFF,00020D87,UtilFreePipe01End,STAT,168.000000,364.000000,254.000000,180.0000
ChineseRemnants.esp,30977DB0,00064A3C,Loot_Prewar_Suitcase_Clothes,CONT,-122.000000,392.000000,66.174652,18.4349
ChineseRemnants.esp,3096B0BB,3096B0BA,00DIA_DuffleBag_CombatRifle,CONT,38.000000,-344.000000,196.359299,0.0000
ChineseRemnants.esp,3096B0B9,00059A82,CafeteriaTray,MISC,91.859238,-231.115448,42.982994,312.9684
ChineseRemnants.esp,3096B0B8,00064A3C,Loot_Prewar_Suitcase_Clothes,CONT,210.000000,-368.000000,66.000000,0.0000
ChineseRemnants.esp,3096B0B6,00140AF0,FolderPapers01,MISC,-66.000603,54.007053,43.224670,296.9749
ChineseRemnants.esp,3096B0B5,00140D99,Pen01,MISC,-96.169632,237.928314,96.569504,337.0817
ChineseRemnants.esp,3096B0B4,0001F92F,Clipboard01,MISC,-92.000740,197.999039,96.012894,0.1607
ChineseRemnants.esp,3096B0B3,0001F92F,Clipboard01,MISC,116.024971,-57.992275,42.976498,45.8189
ChineseRemnants.esp,3096B0B2,3096B0B1,00SurveillanceOutpostPassword,KEYM,238.000000,92.000000,96.000000,331.3522
ChineseRemnants.esp,308623D6,0001D1AF,TrashDecal03,STAT,24.000000,-126.000000,44.000000,225.0001
ChineseRemnants.esp,308623D5,0001D1AF,TrashDecal03,STAT,34.000000,72.000000,44.000000,45.0000
ChineseRemnants.esp,3085DF82,001C7F28,Camera_Rare,MISC,246.000000,4.000000,146.046906,135.0000
ChineseRemnants.esp,3085DF7E,0008A5E0,TrashEdge02,STAT,-106.000000,-216.000000,44.000000,270.0000
ChineseRemnants.esp,308556C9,00165012,OfficePaperDebris03,STAT,158.000000,322.000000,44.000000,0.0000
ChineseRemnants.esp,308556C8,00165024,OfficePaperDebris02,STAT,14.000000,282.000000,44.000000,0.0000
ChineseRemnants.esp,308556C7,0003A9F2,OfficePaperDebris01,STAT,174.000000,118.000000,44.124901,270.0000
ChineseRemnants.esp,308556C3,000366B9,InstaMash,ALCH,235.743805,103.655655,42.866306,331.2999
ChineseRemnants.esp,308556C2,0015799C,BookBurnt01,MISC,24.235458,337.465637,42.996685,314.1637
ChineseRemnants.esp,308556BF,0015799E,BookBurnt02,MISC,173.793991,-288.645447,42.996704,302.7048
ChineseRemnants.esp,308556BE,000330EE,Cram,ALCH,-117.870621,-2.979750,86.185234,180.0265
ChineseRemnants.esp,308556BD,000330F0,PorknBeans,ALCH,-80.302505,360.280914,47.222759,276.9950
ChineseRemnants.esp,308556BC,000366BA,SalisburySteak,ALCH,102.000000,-350.000000,158.552963,108.8620
ChineseRemnants.esp,308556BA,00059ACB,Fork_01_Plastic,MISC,-31.991417,-341.410828,118.550331,359.9583
ChineseRemnants.esp,308556B9,00059AFA,Plate_01_Plastic,MISC,-31.598621,-304.122406,44.398216,359.2336
ChineseRemnants.esp,308556B8,00059B2C,TVdinnerTray,MISC,-35.999977,-336.000000,86.044060,74.4846
ChineseRemnants.esp,308556B6,00023C34,Bowl_02b_Ceramic_Cracked,MISC,201.965805,-212.897446,91.184593,1.2436
ChineseRemnants.esp,308556B4,00060E93,Fork_02_StainlessSteel,MISC,187.999268,-182.000412,83.944656,319.8926
ChineseRemnants.esp,308556B3,00060E96,Spoon_02_StainlessSteel,MISC,112.000000,-344.000000,122.110199,336.2451
ChineseRemnants.esp,308556B2,00004822,10mm,WEAP,106.178642,411.000031,99.120857,89.7975
ChineseRemnants.esp,308556B1,00059B20,Typewriter,MISC,232.000000,158.000000,96.000000,85.9437
ChineseRemnants.esp,308556B0,00192D5D,DeskFanOfficeOff01,MISC,-124.823761,285.815582,167.000000,103.1324
ChineseRemnants.esp,308556AE,0003A9ED,OfficeBoxPapers03,STAT,-112.000000,202.000000,44.000000,0.0000
ChineseRemnants.esp,308556AC,0003A9EB,OfficeBoxPapers01,STAT,260.000000,132.000000,96.000000,354.2705
ChineseRemnants.esp,308556AB,000DF221,BottleEmpty01,MISC,214.464005,-141.907990,46.246414,269.9513
ChineseRemnants.esp,308556AA,0003B55B,MilkBottleEmpty,MISC,212.001038,200.090927,46.907906,359.9621
ChineseRemnants.esp,308556A9,0004835A,NukaColaEmpty,MISC,129.196304,-305.469574,47.952736,130.8170
ChineseRemnants.esp,308556A8,0004835A,NukaColaEmpty,MISC,120.000000,44.000000,48.000000,0.0000
ChineseRemnants.esp,308556A7,001A77F3,OfficeBoxPapersOpen04,MSTT,-70.859169,359.180878,43.069496,311.8612
ChineseRemnants.esp,308556A2,00140D99,Pen01,MISC,110.000000,366.000000,98.000000,256.8677
ChineseRemnants.esp,308556A1,00059AF8,Pencil,MISC,240.000000,112.000000,96.851158,70.5548
ChineseRemnants.esp,308556A0,0001F908,TinCan02,MISC,7.804367,215.274200,47.282291,352.3435
ChineseRemnants.esp,3085569F,0001F909,TinCan03,MISC,195.956680,326.624969,47.012039,0.1284
ChineseRemnants.esp,3085569E,0001F90A,TinCan01,MISC,-60.000000,308.000000,47.003635,270.1082
ChineseRemnants.esp,3085569D,0001F90A,TinCan01,MISC,136.000000,172.000000,48.000000,0.0313
ChineseRemnants.esp,3085569C,0001F909,TinCan03,MISC,-100.920624,-103.588905,47.815430,321.2329
ChineseRemnants.esp,3085569B,0001F908,TinCan02,MISC,-3.789924,-125.432793,47.005047,269.8620
ChineseRemnants.esp,3085569A,0001F90A,TinCan01,MISC,-65.964363,-195.884033,46.998047,0.0371
ChineseRemnants.esp,30855699,000211C4,CoffeeCup01,MISC,36.000000,378.000000,96.000000,154.6986
ChineseRemnants.esp,30855698,000211C4,CoffeeCup01,MISC,220.000000,74.000000,96.502884,285.5155
ChineseRemnants.esp,30855697,0005821A,CigarettePack,MISC,56.000004,371.999969,97.780563,186.0183
ChineseRemnants.esp,30855696,0008E371,Ashtray01_Filled,MISC,14.000000,370.000000,96.502884,0.0000
ChineseRemnants.esp,30855695,00140AF0,FolderPapers01,MISC,110.000000,382.000000,96.728096,239.6790
ChineseRemnants.esp,30855694,00059B15,Telephone01,MISC,26.000000,406.000000,96.000000,0.0000
ChineseRemnants.esp,30855693,00140AF0,FolderPapers01,MISC,236.000000,118.000000,97.453003,91.6733
ChineseRemnants.esp,3074378C,0001CE94,FluorescentLightThin01,STAT,64.000000,56.000000,264.000000,0.0000
ChineseRemnants.esp,3074378B,0002B770,FluorescentLightBeam01Thin,MSTT,64.000000,56.000000,264.000000,0.0000
ChineseRemnants.esp,3074378A,0010172B,MuseumBounceWarm04NSNonSpec,LIGH,53.921921,62.832458,82.277222,291.5356
ChineseRemnants.esp,30743789,0004DE07,MuseumBounceWarm04NS,LIGH,64.600754,50.162598,121.649414,291.5356
ChineseRemnants.esp,306DCED9,308623D9,00Ext_FeralGhoul,NPC_,104.000000,152.000000,40.000000,180.0000
ChineseRemnants.esp,306DCED8,308623D9,00Ext_FeralGhoul,NPC_,-24.000000,152.000000,40.000000,180.0000
ChineseRemnants.esp,30531BD7,001A594B,TrashcanMetalOffice01,MSTT,-127.140884,-335.889526,57.852539,2.3466
ChineseRemnants.esp,30531BD6,000CD29D,MetalBox,CONT,-120.000000,8.000000,42.000000,90.0000
ChineseRemnants.esp,3050F944,00067AA6,BldConcSmWall01,STAT,-32.000000,-408.000000,40.000000,0.0000
ChineseRemnants.esp,3050B4F2,000D75BC,NpcBedSleepingBagSleep01,FURN,-48.000000,120.000000,0.000000,0.0000
ChineseRemnants.esp,3050B4F1,0001F88B,NpcChairFederalistOfficeSit01,FURN,192.000000,224.000000,40.000000,270.0000
ChineseRemnants.esp,3050B4F0,000AB568,NpcBedVaultBunkLay01,FURN,224.000000,-240.000000,40.000000,0.0000
ChineseRemnants.esp,3050B4EE,00118341,OfficeFileCabine02Static,STAT,240.000000,-48.000000,40.000000,90.0000
ChineseRemnants.esp,3050B4EC,000018FB,ConBig02,STAT,-40.000000,408.000000,40.000000,0.0000
ChineseRemnants.esp,3050B4EA,000018F5,ConBig01,STAT,184.000000,408.000000,40.000000,0.0000
ChineseRemnants.esp,3050B4E9,000018FB,ConBig02,STAT,248.000000,240.000000,40.000000,90.0000
ChineseRemnants.esp,3050B4E8,000018FB,ConBig02,STAT,248.000000,322.000000,40.000000,90.0000
ChineseRemnants.esp,3050B4E4,00143CEB,ConsoleTowerBRight04,SCOL,-128.000000,328.000000,40.000000,270.0000
ChineseRemnants.esp,3050B4E3,00143CEA,ConsoleTowerBRight03,SCOL,-128.000000,288.000000,40.000000,270.0000
ChineseRemnants.esp,3050B4E2,00140620,ConsoleTowerBMid01a,SCOL,-128.000000,248.000000,40.000000,270.0000
ChineseRemnants.esp,3050B4E1,00140621,ConsoleTowerBMid01b,SCOL,-128.000000,200.000000,40.000000,270.0000
ChineseRemnants.esp,30507090,001BA3A0,HamRadioOFF,ACTI,250.000000,84.000000,96.000000,112.9183
ChineseRemnants.esp,30507089,00143CEB,ConsoleTowerBRight04,SCOL,-128.000000,112.000000,40.000000,270.0000
ChineseRemnants.esp,30507088,00143CEA,ConsoleTowerBRight03,SCOL,-128.000000,152.000000,40.000000,270.0000
ChineseRemnants.esp,30507087,00143CEA,ConsoleTowerBRight03,SCOL,-128.000000,72.000000,40.000000,270.0000
ChineseRemnants.esp,30507085,000BD53C,OfficeDesk01,CONT,240.000000,112.000000,40.000000,90.0000
ChineseRemnants.esp,30507084,0011EB5B,Prewar_Locker_Wall02,CONT,16.000000,-344.000000,48.000000,180.0000
ChineseRemnants.esp,30502C28,000BD53C,OfficeDesk01,CONT,72.000000,392.000000,40.000000,0.0000
ChineseRemnants.esp,30502C27,00067AA6,BldConcSmWall01,STAT,162.000000,496.000000,40.000000,180.0000
ChineseRemnants.esp,30502C26,00067AA6,BldConcSmWall01,STAT,-32.000000,326.000000,40.000000,0.0000
ChineseRemnants.esp,30502C25,0003D0B6,BldConcSmFlrCeil01,STAT,240.000000,512.000000,43.000000,0.0000
ChineseRemnants.esp,30502C24,0003D0B6,BldConcSmFlrCeil01,STAT,-16.000000,256.000000,43.000000,0.0000
ChineseRemnants.esp,304FE7D1,00067ACC,BldConcSmWallPillar01,STAT,-152.000000,-288.000000,40.000000,0.0000
ChineseRemnants.esp,304FE7D0,00067ACC,BldConcSmWallPillar01,STAT,-152.000000,-48.000000,40.000000,0.0000
ChineseRemnants.esp,304FE7CF,00067AA6,BldConcSmWall01,STAT,162.000000,-272.000000,40.000000,180.0000
ChineseRemnants.esp,304FE7CE,00067AA6,BldConcSmWall01,STAT,162.000000,-16.000000,40.000000,180.0000
ChineseRemnants.esp,304FE7CD,00067AA6,BldConcSmWall01,STAT,162.000000,240.000000,40.000000,180.0000
ChineseRemnants.esp,304FE7CC,00067AA6,BldConcSmWall01,STAT,240.000000,322.000000,40.000000,90.0000
ChineseRemnants.esp,304FE7CB,00067AA6,BldConcSmWall01,STAT,-16.000000,322.000000,40.000000,90.0000
ChineseRemnants.esp,304FE7CA,00067AA6,BldConcSmWall01,STAT,-32.000000,70.000000,40.000000,0.0000
ChineseRemnants.esp,304FE7C8,00067AA6,BldConcSmWall01,STAT,-528.000000,-170.000000,300.000000,90.0000
ChineseRemnants.esp,304FE7C7,00067AA6,BldConcSmWall01,STAT,-272.000000,-170.000000,300.000000,90.0000
ChineseRemnants.esp,304FE7C6,00067AA6,BldConcSmWall01,STAT,-528.000000,-170.000000,44.000000,90.0000
ChineseRemnants.esp,304FE7C5,00067AA6,BldConcSmWall01,STAT,-272.000000,-170.000000,44.000000,90.0000
ChineseRemnants.esp,304FE7C4,00067AA6,BldConcSmWall01,STAT,-400.000000,-168.000000,284.000000,0.0000
ChineseRemnants.esp,304FE7C3,00067AA6,BldConcSmWall01,STAT,-528.000000,-168.000000,43.000000,270.0001
ChineseRemnants.esp,304FE7C2,00067AA6,BldConcSmWall01,STAT,-528.000000,-168.000000,299.000000,270.0001
ChineseRemnants.esp,304FE7C1,00067AA6,BldConcSmWall01,STAT,-272.000000,-168.000000,299.000000,270.0001
ChineseRemnants.esp,304FE7C0,00067AA6,BldConcSmWall01,STAT,-272.000000,-168.000000,43.000000,270.0001
ChineseRemnants.esp,304FA36E,00067AA6,BldConcSmWall01,STAT,240.000000,-256.000000,43.000000,270.0001
ChineseRemnants.esp,304FA36C,00067AA6,BldConcSmWall01,STAT,-16.000000,-256.000000,43.000000,270.0001
ChineseRemnants.esp,304FA369,0003D0B6,BldConcSmFlrCeil01,STAT,240.000000,256.000000,43.000000,0.0000
ChineseRemnants.esp,304FA368,0003D0B6,BldConcSmFlrCeil01,STAT,-16.000000,512.000000,43.000000,0.0000
ChineseRemnants.esp,304FA367,0003D0B6,BldConcSmFlrCeil01,STAT,-16.000000,0.000000,43.000000,0.0000
ChineseRemnants.esp,304FA366,0003D0B6,BldConcSmFlrCeil01,STAT,240.000000,0.000000,43.000000,0.0000
ChineseRemnants.esp,304FA365,0003D0B6,BldConcSmFlrCeil01,STAT,240.000000,-256.000000,43.000000,0.0000
ChineseRemnants.esp,304FA362,0003D0B6,BldConcSmFlrCeil01,STAT,-16.000000,-256.000000,43.000000,0.0000
ChineseRemnants.esp,304FA35F,00067A01,BldConcSmStairs02,STAT,-272.000000,-168.000000,288.000000,90.0000
ChineseRemnants.esp,304F5EEB,00067A0A,BldConcSmStairsBlock02,STAT,-272.000000,-168.000000,28.000000,90.0000
ChineseRemnants.esp,306DCEE0,0003376D,DefaultActivateSelfTrigger,ACTI,32.000000,-176.000000,176.000000,0.0000
ChineseRemnants.esp,306DCEDE,00002CE2,PatrolIdleMarker,IDLM,-64.000000,-192.000000,40.000000,270.0000
ChineseRemnants.esp,306DCEDD,00002CE2,PatrolIdleMarker,IDLM,44.775028,30.181076,43.000000,180.0001
ChineseRemnants.esp,306DCEDC,0009F974,AmbushFeralGhoulGetUpA,FURN,192.000000,112.000000,40.000000,270.0001
ChineseRemnants.esp,306DCEDA,0009F974,AmbushFeralGhoulGetUpA,FURN,-64.000000,200.000000,40.000000,180.0000
ChineseRemnants.esp,30513D96,30513D95,00TerminalSurveillancePost,TERM,72.000000,400.000000,40.000000,0.0000
ChineseRemnants.esp,304F5F04,0001F65A,RoofHatch01,DOOR,-416.000000,-168.000000,372.000000,270.0001
