source_file,ref_formid,base_formid,base_editorid,base_signature,pos_x,pos_y,pos_z,rot_z
Darlene.esm,10016E0B,00000032,COCMarkerHeading,STAT,320.851471,111.606232,1153.060059,0.0000
Darlene.esm,10036533,0008FCA8,BobbyPinBox,MISC,212.716370,392.548889,1152.616455,40.1070
Darlene.esm,10035D97,0008FCA8,BobbyPinBox,MISC,945.878845,233.485779,1231.299438,308.4339
Darlene.esm,10035D96,000366BE,SweetRoll,ALCH,1009.413818,-166.795715,1193.244507,0.0000
Darlene.esm,10035D95,00165328,PlateCeramic01_Yellow_Dirty,MISC,1010.009766,-167.984131,1193.244751,0.0000
Darlene.esm,10035D94,0012E2BE,NewspaperLowPoly,MSTT,1137.059937,-161.885086,1154.397583,51.5662
Darlene.esm,10035D93,0008E371,Ashtray01_Filled,MISC,1047.722412,-159.878799,1153.342041,0.0002
Darlene.esm,10035D92,0005821A,CigarettePack,MISC,1036.966919,-153.183914,1154.814697,0.0000
Darlene.esm,10035D91,0008E36D,Cigarette_Lit01,MISC,1049.834229,-161.543945,1155.140625,34.3775
Darlene.esm,10035D8E,0008ADFA,defaultLightFire01NSFlicker,LIGH,555.230652,62.939602,1284.492188,215.4778
Darlene.esm,10035D8D,10035D89,VanessaQuest01Terminal,TERM,174.863297,267.221313,1151.944336,247.0000
Darlene.esm,100355E9,0002B6E2,LunchPail,CONT,1376.568726,582.517090,1301.214600,0.0000
Darlene.esm,100355E8,00038C1D,Loot_Raider_Toolbox,CONT,1713.266235,770.403442,1151.985107,245.4086
Darlene.esm,100355E7,00059B15,Telephone01,MISC,1624.838379,415.869904,1201.197998,74.4845
Darlene.esm,100355E6,00038C22,Loot_Raider_Suitcase_Armor,CONT,1562.988281,418.742157,1153.041504,68.7550
Darlene.esm,100355E3,000211F5,WoodCrate01,STAT,1625.595215,417.423523,1150.947998,0.0000
Darlene.esm,1002CB43,001944B5,ClutterGenDeskD,STAT,1260.000000,938.000000,1221.000000,0.0000
Darlene.esm,1002CB42,001944AA,ClutterGenDeskB,STAT,1260.000000,940.000000,1218.000000,0.0000
Darlene.esm,1002CB40,001944AA,ClutterGenDeskB,STAT,1248.000000,960.000000,1258.000244,0.0000
Darlene.esm,1002CB3F,000C9A86,PrewarBookStackSm04,STAT,1607.000000,664.000000,1210.000000,90.0000
Darlene.esm,1002CB3E,001944B5,ClutterGenDeskD,STAT,1605.000000,693.000000,1214.000000,90.0000
Darlene.esm,1002CB3C,000196D1,BeachUmbrella01,STAT,1605.000000,639.000000,1172.000000,0.0000
Darlene.esm,10029CFF,00020DA7,UtilFreePipe05,STAT,366.000000,-27.000000,1414.000000,0.0000
Darlene.esm,10029CFD,00020DA7,UtilFreePipe05,STAT,366.000000,-27.000000,1235.000000,0.0000
Darlene.esm,10029CFC,00020DA5,UtilFreePipe04,STAT,366.000000,-35.000000,1183.000000,0.0000
Darlene.esm,10029CFB,00020DA5,UtilFreePipe04,STAT,366.000000,-35.000000,1311.000000,0.0000
Darlene.esm,10029CFA,00020DA5,UtilFreePipe04,STAT,366.000000,-44.000000,1311.000000,0.0000
Darlene.esm,10029CF9,00020DA5,UtilFreePipe04,STAT,366.000000,-44.000000,1183.000000,0.0000
Darlene.esm,10028D9E,000CF446,FishDead03,STAT,323.000000,2.000000,1183.000000,0.0000
Darlene.esm,10028D9D,000CA9C5,FishDead01,STAT,324.000000,0.000000,1177.000000,315.0000
Darlene.esm,10028D9C,10028D9B,VanessaQuest01CookingStove,FURN,348.000000,29.000000,1153.000000,180.0000
Darlene.esm,100285DF,0008A5D7,TrashEdge01,STAT,1369.000000,566.000000,1153.000000,0.0000
Darlene.esm,100285DE,0008A5D7,TrashEdge01,STAT,1252.000000,254.000000,1153.000000,135.0000
Darlene.esm,100285DD,0008ADFA,defaultLightFire01NSFlicker,LIGH,1322.000000,373.000000,1261.000000,215.4779
Darlene.esm,100285DC,0008ADFA,defaultLightFire01NSFlicker,LIGH,1119.000000,389.000000,1297.000000,215.4779
Darlene.esm,100285DB,0008ADFA,defaultLightFire01NSFlicker,LIGH,1502.000000,379.000000,1296.000000,215.4779
Darlene.esm,100285DA,0008B5FD,TrashEdge03,STAT,1047.000000,446.000000,1153.000000,0.0000
Darlene.esm,100285D9,0008A5D7,TrashEdge01,STAT,1353.000000,501.000000,1153.000000,250.0268
Darlene.esm,10027E3B,000366BF,WaterDirty,ALCH,1439.000000,510.000000,1156.000000,135.0000
Darlene.esm,10027E3A,000211C4,CoffeeCup01,MISC,1584.000000,680.000000,1210.000000,135.0000
Darlene.esm,10027E39,00181068,AO_Comment_Marker_256,ACTI,1168.000000,5.000000,1155.000000,0.0000
Darlene.esm,10027E36,0001D199,DebrisPile02Trash,STAT,1886.000000,979.000000,1158.000000,270.0000
Darlene.esm,10027E35,00038C1E,Loot_Raider_AmmoBox,CONT,1395.000000,142.000000,1153.000000,0.0000
Darlene.esm,10027E34,000C9A86,PrewarBookStackSm04,STAT,1612.000000,699.000000,1159.000000,270.0000
Darlene.esm,10027E33,000C9A83,PrewarBookStackSm01,STAT,1619.999878,705.999939,1169.000000,105.7932
Darlene.esm,10027E32,000C9A86,PrewarBookStackSm04,STAT,1617.060669,702.853516,1180.000000,270.0000
Darlene.esm,10027E2C,000F2554,HitDebrisPileCeiling03,STAT,1859.000000,933.000000,1380.000000,180.0001
Darlene.esm,10027E2B,000F2549,HitDebrisPileCeiling01,STAT,1743.000000,818.000000,1384.000000,45.0001
Darlene.esm,10027E2A,000F2549,HitDebrisPileCeiling01,STAT,1861.000000,822.000000,1384.000000,270.0001
Darlene.esm,10027E29,0001D907,DebrisWoodPileSm05,STAT,1020.000000,122.000000,1153.000000,0.0000
Darlene.esm,10027E28,0001D906,DebrisWoodPileSm04,STAT,817.000000,74.000000,1153.000000,0.0000
Darlene.esm,10027E27,0001D909,DebrisWoodPileSm02,STAT,863.000000,154.000000,1154.000000,0.0000
Darlene.esm,10027E26,0001D908,DebrisWoodPileSm01,STAT,971.000000,161.000000,1155.000000,0.0000
Darlene.esm,10027E23,000F2549,HitDebrisPileCeiling01,STAT,1017.000000,344.000000,1384.000000,270.0000
Darlene.esm,10027E22,000F2554,HitDebrisPileCeiling03,STAT,1028.000000,435.000000,1384.000000,90.0001
Darlene.esm,10027E21,000F2549,HitDebrisPileCeiling01,STAT,1119.999878,396.999725,1384.000000,180.0001
Darlene.esm,10027E20,0001D199,DebrisPile02Trash,STAT,1669.000000,335.000000,1153.000000,0.0000
Darlene.esm,10026E06,001C9080,MistLargeRoundDustyDimmer,MSTT,1130.983643,756.671631,1277.095337,45.0000
Darlene.esm,10026E05,000F2549,HitDebrisPileCeiling01,STAT,745.000000,215.000000,1381.000000,0.0000
Darlene.esm,10026E04,000F2549,HitDebrisPileCeiling01,STAT,716.000000,220.000000,1381.000000,225.0000
Darlene.esm,10026E03,000F2549,HitDebrisPileCeiling01,STAT,789.000000,214.000000,1381.000000,270.0000
Darlene.esm,10026E02,000F2554,HitDebrisPileCeiling03,STAT,860.000000,40.000000,1392.000000,45.0000
Darlene.esm,10026E01,001CC172,PictureAbstractRect01Framed02,STAT,796.000000,23.000000,1304.000000,180.0000
Darlene.esm,10026E00,001CC172,PictureAbstractRect01Framed02,STAT,367.000000,483.000000,1215.000000,14.0000
Darlene.esm,10026DFF,001CC171,PictureAbstractRect01Framed01,STAT,148.000000,219.000000,1199.000000,90.0000
Darlene.esm,10026DFE,001CC172,PictureAbstractRect01Framed02,STAT,727.000000,242.000000,1320.000000,0.0000
Darlene.esm,10026DFD,001CC171,PictureAbstractRect01Framed01,STAT,939.000000,-175.000000,1201.000000,287.0000
Darlene.esm,10026DFC,001CC171,PictureAbstractRect01Framed01,STAT,944.000000,-136.000000,1201.000000,287.0000
Darlene.esm,10026DF8,0001F92F,Clipboard01,MISC,1385.000000,101.000000,1169.000000,45.0000
Darlene.esm,10026DF7,00059AB4,Chessboard,MISC,1088.000000,-185.000000,1261.000000,0.0000
Darlene.esm,10026DF6,001A6397,MoldyFood01,ALCH,1255.000000,928.000000,1180.000000,0.0000
Darlene.esm,10026DF5,001A6397,MoldyFood01,ALCH,1227.000000,928.000000,1232.000000,0.0000
Darlene.esm,10026DF3,000A158B,Loot_Raider_WoodCrate,CONT,1575.999634,319.999725,1157.000000,0.0000
Darlene.esm,10026DEF,001796A6,MonkeyTrapTrigger,ACTI,1519.000000,770.000000,1234.000000,0.0000
Darlene.esm,10026DEE,00249231,LunchBoxKidsACTBe,ACTI,1147.000000,207.000000,1231.000000,45.0000
Darlene.esm,1002664C,0001F909,TinCan03,MISC,1527.000000,916.000000,1157.000000,285.9410
Darlene.esm,1002664B,0001F909,TinCan03,MISC,1538.000000,929.000000,1155.000000,180.0000
Darlene.esm,1002664A,0001F909,TinCan03,MISC,1576.000000,660.000000,1155.000000,180.0000
Darlene.esm,10026649,000C9A86,PrewarBookStackSm04,STAT,1389.000000,582.000000,1289.000000,90.0000
Darlene.esm,10026648,000C9A86,PrewarBookStackSm04,STAT,1606.146484,678.696716,1180.000000,90.0000
Darlene.esm,10026647,000C9A83,PrewarBookStackSm01,STAT,1606.292969,674.393433,1169.000000,90.0000
Darlene.esm,10026646,000C9A86,PrewarBookStackSm04,STAT,1607.000000,685.000000,1159.000000,90.0000
Darlene.esm,10026645,00058801,Loot_Raider_Safe_Wall_Boss,CONT,1482.000000,491.000000,1219.000000,180.0000
Darlene.esm,10026644,001AE1F4,Beercrate_Static,STAT,1380.070190,534.648560,1301.000000,90.0000
Darlene.esm,10026643,000F9232,Clock03_Wall,STAT,1497.000000,496.000000,1317.000000,180.0000
Darlene.esm,10026642,0001D30A,ClockStarburst01,STAT,1410.000000,-4.000000,1329.000000,90.0000
Darlene.esm,1002663F,0007132E,Loot_Prewar_Medkit_Chems_Wall,CONT,1467.000000,-209.000000,1284.000000,0.0000
Darlene.esm,1002663E,100C3B94,VanessaAutoDoc02,ACTI,1717.000000,746.000000,1270.000000,0.0000
Darlene.esm,1002663D,0001CC63,PictureFrame04,STAT,1593.000000,620.000000,1187.000000,180.0000
Darlene.esm,1002663B,0001D1CF,DebrisPile04Trash,STAT,1693.000000,296.000000,1156.000000,90.0000
Darlene.esm,1002663A,0004835D,NukaCola,ALCH,1592.000000,532.000000,1157.000000,0.0000
Darlene.esm,10026639,001ADB1D,TrashEdge03_Nochunks,STAT,739.000000,186.000000,1153.000000,0.0000
Darlene.esm,10026638,0020DE62,Vault_WaterFountain01_Rads,ACTI,734.000000,240.000000,1166.000000,0.0000
Darlene.esm,10026634,0008ADFA,defaultLightFire01NSFlicker,LIGH,1568.000000,-139.000000,1270.000000,215.4778
Darlene.esm,10026632,000F2549,HitDebrisPileCeiling01,STAT,1490.999878,431.999939,1382.000000,135.0000
Darlene.esm,10026631,0001D199,DebrisPile02Trash,STAT,1571.000000,298.000000,1153.000000,90.0000
Darlene.esm,10026630,000F2554,HitDebrisPileCeiling03,STAT,1578.999878,327.999908,1384.000000,270.0001
Darlene.esm,1002662F,000F2549,HitDebrisPileCeiling01,STAT,1487.000000,366.000061,1384.000000,0.0001
Darlene.esm,1002662E,0001BA2E,BldWlpSmWall01,STAT,798.000000,-97.000000,1152.000000,180.0000
Darlene.esm,1002662D,0001D611,BldWlpSmWallHole03,STAT,798.000000,159.000000,1152.000000,180.0000
Darlene.esm,1002662C,0001D62A,BldWoodPSmWallHole11,STAT,1043.760742,157.533798,1152.982300,0.0000
Darlene.esm,10024F54,001A77F3,OfficeBoxPapersOpen04,MSTT,837.000000,221.000000,1152.000000,225.0000
Darlene.esm,10024F53,0003A9ED,OfficeBoxPapers03,STAT,675.000000,222.000000,1176.000000,180.0000
Darlene.esm,10024F52,000BC249,TerminalBroken01,STAT,717.000000,221.000000,1176.000000,90.0000
Darlene.esm,10024F50,0014CCA8,TerminalBroken02,STAT,795.000000,161.000000,1304.000000,0.0000
Darlene.esm,10024F4F,0014CCA8,TerminalBroken02,STAT,792.000000,207.000000,1220.000000,90.0001
Darlene.esm,10024F4E,0003A9EC,OfficeBoxPapers02,STAT,794.000000,145.000000,1161.000000,180.0000
Darlene.esm,10024F4D,0003A9EB,OfficeBoxPapers01,STAT,797.000000,146.000000,1206.000000,180.0000
Darlene.esm,10024F4B,0003A9EC,OfficeBoxPapers02,STAT,793.000000,141.000000,1281.000000,282.0000
Darlene.esm,10024F4A,0003A9EB,OfficeBoxPapers01,STAT,792.000000,194.000000,1303.000000,180.0000
Darlene.esm,10024F49,0003A9ED,OfficeBoxPapers03,STAT,795.000000,171.999985,1281.000000,270.0001
Darlene.esm,10024F48,0003A9ED,OfficeBoxPapers03,STAT,797.000000,207.000000,1281.000000,180.0000
Darlene.esm,10024F47,001C9080,MistLargeRoundDustyDimmer,MSTT,1184.983643,446.671600,1265.095337,146.1955
Darlene.esm,10024F46,001C9080,MistLargeRoundDustyDimmer,MSTT,1284.000000,804.000000,1232.000000,146.1955
Darlene.esm,10024F45,000211DD,BeerBottleEmpty01,MISC,1150.000000,185.000000,1154.000000,0.0000
Darlene.esm,10024F44,000211DD,BeerBottleEmpty01,MISC,1380.594604,91.152176,1281.000000,180.0000
Darlene.esm,10024F43,000211DD,BeerBottleEmpty01,MISC,1387.000000,82.000000,1281.000000,0.0000
Darlene.esm,10024F42,000211DD,BeerBottleEmpty01,MISC,1616.000000,-48.000000,1153.000000,0.0000
Darlene.esm,10024F41,000211DD,BeerBottleEmpty01,MISC,1588.000000,-142.000000,1153.000000,0.0000
Darlene.esm,10024F40,0019945F,Soap,MISC,1650.000000,-113.000000,1153.000000,135.0000
Darlene.esm,10024F3E,000DF221,BottleEmpty01,MISC,1389.000000,104.000000,1281.000000,135.0000
Darlene.esm,10024F3D,000DEDE0,BottleEmptyVodka01,MISC,1389.000000,65.000000,1281.000000,0.0000
Darlene.esm,10024F3C,000DF222,BottleEmpty02,MISC,1387.000000,54.000000,1281.000000,0.0000
Darlene.esm,10024F3B,000DEDE0,BottleEmptyVodka01,MISC,1389.000000,34.000000,1281.000000,0.0000
Darlene.esm,10024F3A,000DEDED,BottleEmptyWine01,MISC,1159.000000,182.000000,1153.000000,0.0000
Darlene.esm,10024F39,000DEDE1,BottleEmptyWhiskey01,MISC,1068.000000,257.000000,1275.000000,45.0000
Darlene.esm,10024F38,000DF223,BottleEmpty03,MISC,1041.000000,252.000000,1275.000000,0.0000
Darlene.esm,10024F37,000DEDE0,BottleEmptyVodka01,MISC,1565.000000,-110.000000,1153.000000,0.0000
Darlene.esm,10024F36,000DEDED,BottleEmptyWine01,MISC,1557.000000,-188.000000,1167.000000,0.0000
Darlene.esm,10024F35,0014A138,BottleEmptyRum01,MISC,1640.000000,-42.000000,1153.000000,0.0000
Darlene.esm,10024F34,000DF24D,BottleEmpty04,MISC,1624.000000,-132.000000,1153.000000,0.0000
Darlene.esm,10024F33,000DF222,BottleEmpty02,MISC,1649.000000,-131.000000,1153.000000,0.0000
Darlene.esm,10024782,001A77F3,OfficeBoxPapersOpen04,MSTT,1317.000000,178.000000,1154.000000,270.0000
Darlene.esm,10024781,001A77F3,OfficeBoxPapersOpen04,MSTT,892.000000,36.000000,1163.000000,0.0000
Darlene.esm,1002477F,000AC8BE,VaseVintageDirtyFlowers01a,MISC,1148.000000,-187.000000,1283.000000,0.0000
Darlene.esm,1002477D,0001CC63,PictureFrame04,STAT,945.000000,64.000000,1195.000000,270.0001
Darlene.esm,1002477C,0001A84F,BldWoodPSmFlrPlatTrimCorner01,STAT,1044.000000,296.000000,1267.000000,0.0001
Darlene.esm,1002477B,0001A84F,BldWoodPSmFlrPlatTrimCorner01,STAT,1287.977905,999.000000,1236.000000,0.0001
Darlene.esm,10023F7F,001944B2,ClutterGenDeskC,STAT,1569.000000,-170.000000,1167.000000,0.0000
Darlene.esm,10023F7E,00194497,ClutterGenDeskA,STAT,1577.000000,-189.000000,1165.000000,180.0000
Darlene.esm,10023F7C,0003A9EB,OfficeBoxPapers01,STAT,687.000000,225.000000,1198.000000,90.0000
Darlene.esm,10023F7A,0003A9ED,OfficeBoxPapers03,STAT,679.000000,222.000000,1153.000000,90.0000
Darlene.esm,10023F79,0003A9ED,OfficeBoxPapers03,STAT,714.000000,220.000000,1153.000000,180.0000
Darlene.esm,10023F77,0003615C,BldWoodPDoorBroke02,DOOR,643.000122,130.000305,1152.000000,0.0000
Darlene.esm,10023F76,001944D0,ClutterGenShelfA,STAT,1475.000000,887.000000,1153.000000,270.0001
Darlene.esm,10023F74,001944D0,ClutterGenShelfA,STAT,1456.000000,920.000000,1221.000000,270.0001
Darlene.esm,10023F73,0019D819,ShelfSmall_Wood02_1Long,SCOL,1332.000000,962.000000,1274.000000,0.0001
Darlene.esm,10023F72,000BEA58,Dogfood,ALCH,1409.165771,911.672668,1231.000000,45.0000
Darlene.esm,10023F71,000330EE,Cram,ALCH,1264.598877,775.128601,1154.000000,270.0000
Darlene.esm,10023F70,0004D1CD,PlayerHouse_Rug01,STAT,1331.000000,845.000000,1153.000000,225.0000
Darlene.esm,10023F6B,001944AA,ClutterGenDeskB,STAT,1381.000000,553.000000,1286.000000,270.0000
Darlene.esm,10023F6A,0001F449,FederalistCoffeeTable01,STAT,1382.000000,548.000000,1306.000000,7.0000
Darlene.esm,10023F67,001944B2,ClutterGenDeskC,STAT,1209.000000,946.000000,1231.000000,0.0000
Darlene.esm,10023F63,001944B5,ClutterGenDeskD,STAT,1210.000000,924.000000,1231.000000,0.0000
Darlene.esm,10023F62,001944B2,ClutterGenDeskC,STAT,1346.000000,951.000000,1231.000000,0.0000
Darlene.esm,10023F61,001944AA,ClutterGenDeskB,STAT,1340.000000,934.000000,1231.000000,0.0000
Darlene.esm,10023F5F,001944B0,ClutterGenDecalA1,STAT,1388.000000,600.000000,1155.000000,0.0000
Darlene.esm,10023F5E,001944B0,ClutterGenDecalA1,STAT,1440.000000,577.000000,1156.000000,0.0000
Darlene.esm,10023F5D,001944D0,ClutterGenShelfA,STAT,1459.000000,922.000000,1179.000000,270.0001
Darlene.esm,10023F5C,00082DA6,BldBrickSmFlrOnly03,STAT,1288.000000,967.000000,1236.000000,180.0001
Darlene.esm,10023F5A,00082DA6,BldBrickSmFlrOnly03,STAT,1044.000000,263.999695,1238.000000,180.0000
Darlene.esm,10023F59,0001CC63,PictureFrame04,STAT,1325.000000,-204.000000,1311.000000,180.0000
Darlene.esm,10023F58,0019B56D,FederalistBookcase_Broken02Debris01,SCOL,1388.000000,69.000000,1153.000000,0.0000
Darlene.esm,10023F56,0001CC64,PictureFrame05,STAT,955.000000,66.000000,1184.000000,270.0001
Darlene.esm,10023F55,0001CC65,PictureFrame06,STAT,967.000000,91.000000,1171.000000,270.0001
Darlene.esm,10023F54,001944B5,ClutterGenDeskD,STAT,962.000000,234.999695,1231.000000,315.0000
Darlene.esm,10023F53,0019449D,ClutterGenTableA,STAT,1087.000000,197.000000,1154.000000,0.0000
Darlene.esm,10023F52,000211C4,CoffeeCup01,MISC,1056.000000,248.999695,1231.000000,180.0000
Darlene.esm,10023F51,00194497,ClutterGenDeskA,STAT,1101.000000,235.999695,1231.000000,0.0000
Darlene.esm,10023F50,0019B568,FederalistBookcase_Broken01Debris01,SCOL,1118.000000,-187.000000,1155.000000,90.0000
Darlene.esm,10023F4E,0006E5A4,NpcCouchOfficeSit01Dogmeat01,FURN,1241.000000,-164.000000,1155.000000,0.0000
Darlene.esm,100237B0,0001E2D4,BldWoodPDoorStatic01,STAT,1588.999634,374.999756,1155.000000,270.0001
Darlene.esm,100237AF,0003A9EC,OfficeBoxPapers02,STAT,754.000000,215.000000,1185.000000,90.0000
Darlene.esm,100237AE,0007E5BE,NpcChairFederalistSit01Static,STAT,758.000000,218.000000,1153.000000,180.0000
Darlene.esm,100237AD,0019149E,Rubble_Pile_Debris_05,STAT,773.648682,166.561798,1152.647827,91.1458
Darlene.esm,100237AC,001ADB1D,TrashEdge03_Nochunks,STAT,787.683289,159.704727,1153.000000,270.0001
Darlene.esm,100237AB,001914C2,DecalDebris05,STAT,778.000000,170.000000,1153.000000,90.0000
Darlene.esm,100237AA,0019B568,FederalistBookcase_Broken01Debris01,SCOL,795.000000,174.000000,1153.000000,0.0000
Darlene.esm,100237A9,0001D1AF,TrashDecal03,STAT,1658.000000,856.000000,1154.000000,180.0001
Darlene.esm,100237A8,000F2554,HitDebrisPileCeiling03,STAT,828.000000,39.000000,1382.000000,225.0000
Darlene.esm,100237A7,000F2549,HitDebrisPileCeiling01,STAT,734.000000,81.000000,1382.000000,0.0000
Darlene.esm,100237A6,0008ADFA,defaultLightFire01NSFlicker,LIGH,727.000000,159.000000,1274.000000,215.4778
Darlene.esm,100237A5,0008ADFA,defaultLightFire01NSFlicker,LIGH,866.000000,140.000000,1280.000000,215.4778
Darlene.esm,100237A4,0001B9C6,BldWlpSmFlrPlat01,STAT,1012.000000,120.000000,1152.000000,0.0000
Darlene.esm,100237A2,0001D1CF,DebrisPile04Trash,STAT,917.000000,30.000000,1153.000000,0.0000
Darlene.esm,1002379E,00024572,NPCInvWallLean01,FURN,1395.999756,-16.999817,1153.000000,270.0001
Darlene.esm,1002379D,00024572,NPCInvWallLean01,FURN,1184.000244,706.000061,1154.000000,90.0001
Darlene.esm,1002379C,0001A80C,BldWoodPSmCeilOnly04,STAT,771.760559,-162.465881,1152.982300,180.0000
Darlene.esm,1002379B,0001A871,BldWoodPSmWallPlugADoor01,STAT,1669.999634,379.999359,1153.000000,0.0001
Darlene.esm,10023799,00023736,Stimpak,ALCH,1779.000000,786.999634,1178.000000,180.0000
Darlene.esm,10023798,0009A702,DeskLamp01NoBulb,STAT,1623.000000,667.000000,1210.000000,45.0001
Darlene.esm,10023797,0007E5BE,NpcChairFederalistSit01Static,STAT,1602.000000,699.999878,1242.000000,0.0000
Darlene.esm,10023796,0019B589,FederalistTableCircle01Debris02,SCOL,1608.000000,681.999878,1153.000000,270.0001
Darlene.esm,10023795,000AB726,PlayerHouse_Ruin_KitchenRefrigerator02_Static_BareMetal,STAT,1213.069336,237.283279,1152.982300,0.0000
Darlene.esm,10023794,000AB723,PlayerHouse_Ruin_KitchenRefrigeratorDoor02_BareMetal,DOOR,1213.069336,237.283279,1152.982300,0.0000
Darlene.esm,10023793,00035AE6,PlayerHouse_Ruin_Kitchen_Cabinet02_White,STAT,1056.000000,263.000000,1350.000000,0.0001
Darlene.esm,10023792,00037BC4,PlayerHouse_Ruin_Kitchen_Cabinet05_Yellow,STAT,1298.639038,923.040283,1153.000000,0.0001
Darlene.esm,10023791,0001A88C,BldWoodPSmWall03,STAT,1535.000244,604.999634,1153.000000,180.0001
Darlene.esm,10023790,0001A883,BldWoodPSmWallScktA02,STAT,1535.000244,857.000061,1153.000000,180.0001
Darlene.esm,1002378F,0001A863,BldWoodPSmWall05,STAT,1534.000488,860.999329,1153.000000,90.0001
Darlene.esm,1002378E,0001A864,BldWoodPSmWall06,STAT,1278.000610,860.999756,1153.000000,90.0001
Darlene.esm,1002378D,0001A865,BldWoodPSmWall07,STAT,1278.000366,861.000000,1153.000000,0.0001
Darlene.esm,1002378C,0001A865,BldWoodPSmWall07,STAT,1278.000244,604.999817,1153.000000,0.0001
Darlene.esm,1002378B,0001A883,BldWoodPSmWallScktA02,STAT,1278.000244,604.999817,1153.000000,270.0001
Darlene.esm,1002378A,0001A88A,BldWoodPSmWall02,STAT,1534.000244,604.999512,1153.000000,270.0001
Darlene.esm,10023789,0019945F,Soap,MISC,1865.000122,809.999756,1223.000000,225.0001
Darlene.esm,10023788,00059A80,MetalBucket,MISC,1771.000000,934.000000,1172.000000,225.0000
Darlene.esm,10023787,00059A71,AbraxoCleaner,MISC,1882.000000,764.999634,1153.000000,45.0001
Darlene.esm,10023786,00059AFB,Plunger,MISC,1824.000000,760.999634,1153.000000,180.0000
Darlene.esm,10023785,000DEDE1,BottleEmptyWhiskey01,MISC,1452.000000,883.000000,1156.000000,225.0035
Darlene.esm,10023784,000DEDE1,BottleEmptyWhiskey01,MISC,1442.000244,885.999878,1153.000000,180.0000
Darlene.esm,10023783,000DF24D,BottleEmpty04,MISC,1256.000000,942.000000,1220.000000,270.0000
Darlene.esm,10023782,000DF223,BottleEmpty03,MISC,1302.000000,952.000000,1231.000000,180.0000
Darlene.esm,10023781,0001F908,TinCan02,MISC,1433.000000,922.000000,1221.000000,180.0002
Darlene.esm,10023780,0001F90A,TinCan01,MISC,1477.000244,927.999878,1193.000000,180.0000
Darlene.esm,1002377F,0001F909,TinCan03,MISC,1437.000122,751.000061,1157.000000,285.9410
Darlene.esm,1002377E,0001F909,TinCan03,MISC,1449.000000,869.000000,1155.000000,180.0000
Darlene.esm,1002377D,0001F908,TinCan02,MISC,1242.000366,823.999939,1154.000000,180.0000
Darlene.esm,1002377C,00034A3E,BathroomSinkBroken02,STAT,1899.000000,827.999512,1153.000000,90.0000
Darlene.esm,1002377B,00034A3F,BathroomToiletBroken01,STAT,1776.000000,778.999695,1153.000000,180.0001
Darlene.esm,1002377A,0001F8FD,FireExtinguisherHolder01,STAT,1634.000244,971.999756,1283.000000,0.0001
Darlene.esm,10023779,0001F8F9,FireExtinguisher01,MISC,1634.022217,963.168335,1262.931519,287.9341
Darlene.esm,10023778,000C79B4,WorkbenchCookingGroundPot,FURN,1329.000244,839.000000,1153.000000,225.0001
Darlene.esm,10023777,0001D18E,TrashDecal02,STAT,1341.000366,851.000000,1153.000000,270.0001
Darlene.esm,10023776,0001D18E,TrashDecal02,STAT,1219.000366,859.000061,1154.000000,180.0001
Darlene.esm,10023775,0003000C,loot_capsStash_tin,ACTI,1595.000000,591.000000,1157.000000,180.0000
Darlene.esm,10023774,0000000F,Caps001,MISC,1571.000000,519.000000,1157.000000,180.0000
Darlene.esm,10023773,0000000F,Caps001,MISC,1565.000000,521.000000,1157.000000,180.0000
Darlene.esm,10023772,0000000F,Caps001,MISC,1567.000000,512.999939,1157.000000,180.0000
Darlene.esm,10023771,0019B568,FederalistBookcase_Broken01Debris01,SCOL,1382.000122,549.000000,1153.000000,180.0000
Darlene.esm,10023770,00082DA6,BldBrickSmFlrOnly03,STAT,1286.853027,875.040283,1153.000000,180.0001
Darlene.esm,1002376F,000D75BC,NpcBedSleepingBagSleep01,FURN,1507.000000,556.000061,1154.000000,90.0001
Darlene.esm,1002376E,00187663,PictureFramePortrait05Dest,MSTT,1645.000000,700.000000,1311.000000,90.0001
Darlene.esm,1002376D,0014D092,MilitaryCot01Frame,STAT,1336.000000,565.000061,1186.000000,270.0000
Darlene.esm,1002376C,001AE1F4,Beercrate_Static,STAT,1409.000122,628.999939,1185.000000,270.0001
Darlene.esm,1002376B,0007E5BE,NpcChairFederalistSit01Static,STAT,1405.000122,631.000061,1244.000000,90.0000
Darlene.esm,1002376A,0007E5BE,NpcChairFederalistSit01Static,STAT,1410.000244,630.000000,1154.000000,270.0001
Darlene.esm,10023769,0014D092,MilitaryCot01Frame,STAT,1606.999878,501.999908,1222.000000,180.0000
Darlene.esm,10023768,0002FB6F,RefrigeratorBrokenDoor01,STAT,1529.000366,935.000000,1198.000000,0.0001
Darlene.esm,10023767,000AB71C,RefrigeratorBroken04_Static,STAT,1463.000122,937.000061,1153.000000,0.0001
Darlene.esm,10023766,0001A861,BldWoodPSmWall04,STAT,1022.000122,349.000183,1153.000000,90.0001
Darlene.esm,10023765,0001A883,BldWoodPSmWallScktA02,STAT,1277.999878,349.000122,1153.000000,90.0001
Darlene.esm,10023764,0001A88C,BldWoodPSmWall03,STAT,1534.000000,348.999695,1153.000000,90.0001
Darlene.esm,10023763,0001A865,BldWoodPSmWall07,STAT,1278.000244,604.999817,1153.000000,0.0001
Darlene.esm,10023762,00187664,PictureFramePortrait06Dest,MSTT,1166.735840,668.487488,1307.314819,270.0001
Darlene.esm,10023761,00038C1E,Loot_Raider_AmmoBox,CONT,1416.000000,518.000183,1155.000000,180.0001
Darlene.esm,10023760,000518E0,ACDuctMedEnd01,STAT,1947.000000,810.000000,1329.000000,0.0001
Darlene.esm,1002375F,0001BA0F,BldWlpSmCeilOnly03,STAT,1791.000122,856.999390,1153.000000,180.0001
Darlene.esm,1002375E,0001BA36,BldWlpSmWall05,STAT,1791.000122,856.999390,1153.000000,180.0001
Darlene.esm,1002375D,00020194,PlayerHouse_Ruin_CoffeeTin01,MISC,1612.000000,535.000000,1157.000000,225.0001
Darlene.esm,1002375C,000211CC,CoffeePot01,MISC,1391.000000,936.000000,1240.000000,90.0001
Darlene.esm,1002375B,000211C4,CoffeeCup01,MISC,1381.000000,909.000000,1231.000000,180.0001
Darlene.esm,1002375A,00035AE6,PlayerHouse_Ruin_Kitchen_Cabinet02_White,STAT,1299.092041,968.506592,1350.017700,0.0001
Darlene.esm,10023759,00059ADB,HotPlate,MISC,1391.789917,934.209961,1230.982300,0.0001
Darlene.esm,10023758,0001D1AF,TrashDecal03,STAT,1804.000122,864.999634,1153.000000,180.0001
Darlene.esm,10023757,0001D18E,TrashDecal02,STAT,1219.334717,628.418884,1153.306519,180.0001
Darlene.esm,10023756,0001D1AF,TrashDecal03,STAT,1400.368530,907.274414,1154.725464,0.0001
Darlene.esm,10023755,0001D184,TrashDecal01,STAT,1533.001953,854.513062,1153.339722,0.0001
Darlene.esm,10023754,0001D1CF,DebrisPile04Trash,STAT,1649.000000,503.000000,1158.000000,0.0000
Darlene.esm,10023753,0001D1CF,DebrisPile04Trash,STAT,1350.000366,977.000000,1154.000000,270.0001
Darlene.esm,10023752,0001D18E,TrashDecal02,STAT,1478.382080,428.198914,1153.200562,271.1916
Darlene.esm,10023751,0008B5FD,TrashEdge03,STAT,1408.000000,262.000000,1153.000000,180.3211
Darlene.esm,10023750,0008A5E0,TrashEdge02,STAT,1583.574097,452.793732,1153.038452,206.1043
Darlene.esm,1002374E,0008ADFA,defaultLightFire01NSFlicker,LIGH,1784.000000,867.000000,1289.000000,215.4779
Darlene.esm,1002374D,0008ADFA,defaultLightFire01NSFlicker,LIGH,1344.000244,792.999939,1320.000000,35.4778
Darlene.esm,1002374C,0008ADFA,defaultLightFire01NSFlicker,LIGH,1495.000244,759.999939,1320.000000,35.4778
Darlene.esm,1002374B,0008ADFA,defaultLightFire01NSFlicker,LIGH,1295.000000,887.000000,1249.000000,35.4778
Darlene.esm,1002374A,0008E7C5,OilLampOn,STAT,1405.000122,632.999939,1216.000000,125.4778
Darlene.esm,10023749,0008ADFA,defaultLightFire01NSFlicker,LIGH,1403.863159,632.562134,1234.577026,35.4778
Darlene.esm,10023748,0008ADF9,defaultLightFire01Flicker,LIGH,1403.863159,632.562134,1272.549683,46.9367
Darlene.esm,10023747,0010693D,Rubble_Flat_Trash_Sm03,STAT,1669.497559,811.791016,1152.982300,172.0350
Darlene.esm,10023746,0010693D,Rubble_Flat_Trash_Sm03,STAT,1534.841675,704.216797,1153.000000,352.0350
Darlene.esm,10023745,0010693D,Rubble_Flat_Trash_Sm03,STAT,1255.658813,639.064880,1153.000000,352.0350
Darlene.esm,10023744,0008C800,DebrisPileSmallBrick03,STAT,1800.000122,960.999634,1153.000000,37.0015
Darlene.esm,10023743,0001CE32,BldSmPipeInsideWall01,STAT,1713.995117,1008.492249,1152.982300,270.0001
Darlene.esm,10023742,0001CE30,BldSmPipeInsideWall02,STAT,1803.968506,994.711060,1153.000000,90.0001
Darlene.esm,10023741,0001D610,BldWlpSmWallHole05,STAT,1791.000122,856.999390,1153.000000,90.0001
Darlene.esm,10023740,00082E66,BldBrickSmWallHoleSealed01,STAT,1791.000122,856.999390,1153.000000,90.0001
Darlene.esm,1002373F,000CD2AC,WelcomeMat006,STAT,1280.587036,453.584564,1153.000000,348.5409
Darlene.esm,1002373E,0001CA49,BldWlpSmWallScktA02,STAT,1791.000122,856.999390,1153.000000,0.0001
Darlene.esm,1002373D,00082DA8,BldBrickSmFlrOnly05,STAT,1791.000122,856.999390,1153.000000,180.0001
Darlene.esm,1002373C,0001A84F,BldWoodPSmFlrPlatTrimCorner01,STAT,1286.853027,875.040283,1153.444336,0.0001
Darlene.esm,1002373B,000711B5,PlayerHouse_Ruin_Rug02,STAT,1500.000122,609.999878,1153.000000,90.0001
Darlene.esm,1002373A,0001A81F,BldWoodPSmFlrOnly01,STAT,1557.000244,876.999817,1153.000000,180.0001
Darlene.esm,10023739,0001E2D4,BldWoodPDoorStatic01,STAT,1592.000000,634.999878,1153.000000,90.0000
Darlene.esm,10023738,0002CD28,BathroomBathtubBroken01,STAT,1804.000122,931.999695,1153.000000,180.0001
Darlene.esm,10023737,0001BA34,BldWlpSmWall04,STAT,1791.000122,856.999390,1153.000000,270.0001
Darlene.esm,10023736,0001A871,BldWoodPSmWallPlugADoor01,STAT,1663.000122,856.999878,1153.000000,180.0001
Darlene.esm,10023735,0001A80A,BldWoodPSmCeilOnly02,STAT,1278.000122,624.000366,1153.000000,180.0001
Darlene.esm,10023734,0001A80D,BldWoodPSmCeilOnly05,STAT,1278.000244,880.000427,1153.000000,180.0001
Darlene.esm,10023733,0001A80C,BldWoodPSmCeilOnly04,STAT,1534.000244,880.000000,1153.000000,180.0001
Darlene.esm,10023732,0001A81F,BldWoodPSmFlrOnly01,STAT,1533.000000,620.999878,1153.000000,180.0001
Darlene.esm,10023731,0001A81F,BldWoodPSmFlrOnly01,STAT,1278.000122,617.000122,1153.000000,180.0001
Darlene.esm,10023730,0001A80B,BldWoodPSmCeilOnly03,STAT,1534.000000,623.999878,1153.000000,180.0001
Darlene.esm,1002372F,0001A871,BldWoodPSmWallPlugADoor01,STAT,1278.000122,476.999756,1153.000000,270.0001
Darlene.esm,1002372E,0001A863,BldWoodPSmWall05,STAT,1790.239746,1051.465576,1153.017700,0.0001
Darlene.esm,1002372D,0001A80C,BldWoodPSmCeilOnly04,STAT,1806.239746,907.465698,1153.017700,0.0001
Darlene.esm,1002372C,0001A883,BldWoodPSmWallScktA02,STAT,1541.999756,379.999664,1153.000000,180.0001
Darlene.esm,1002372B,000CF446,FishDead03,STAT,1017.000000,210.000061,1189.000000,225.0001
Darlene.esm,1002372A,000CF443,FishDead02,STAT,1018.000000,210.000229,1183.000000,180.0000
Darlene.esm,10023729,0001CC65,PictureFrame06,STAT,965.000000,19.000000,1177.000000,270.0001
Darlene.esm,10023728,0001A864,BldWoodPSmWall06,STAT,1299.760742,-98.466064,1152.982300,270.0001
Darlene.esm,10023727,0001A863,BldWoodPSmWall05,STAT,1043.760498,-98.466003,1152.982300,270.0001
Darlene.esm,10023726,0001A861,BldWoodPSmWall04,STAT,1043.760498,-98.466003,1152.982300,0.0001
Darlene.esm,10023724,0001A88A,BldWoodPSmWall02,STAT,1043.760742,157.533783,1152.982300,90.0001
Darlene.esm,10023723,0001A883,BldWoodPSmWallScktA02,STAT,1299.760620,157.533813,1152.982300,90.0001
Darlene.esm,10023722,0001A865,BldWoodPSmWall07,STAT,1299.760620,157.533813,1152.982300,180.0001
Darlene.esm,10023721,0001A883,BldWoodPSmWallScktA02,STAT,1299.760498,-98.466125,1152.982300,180.0001
Darlene.esm,10023720,00082DA6,BldBrickSmFlrOnly03,STAT,1043.760620,173.533936,1152.982300,180.0000
Darlene.esm,1002371F,000211F7,WoodCrate03,STAT,974.999634,-168.999634,1153.000000,180.0000
Darlene.esm,1002371E,000211F7,WoodCrate03,STAT,1012.999756,-169.999329,1153.000000,180.0000
Darlene.esm,1002371D,000211F7,WoodCrate03,STAT,1012.999878,-89.999451,1153.000000,180.0000
Darlene.esm,1002371C,000211F7,WoodCrate03,STAT,974.999878,-88.999481,1153.000000,180.0000
Darlene.esm,1002371B,0014D090,NpcBedMilitaryCotMattressLay01,FURN,993.999756,-129.999573,1153.000000,180.0000
Darlene.esm,1002371A,00187664,PictureFramePortrait06Dest,MSTT,1411.000000,186.000000,1307.000000,90.0001
Darlene.esm,10023719,0001CC64,PictureFrame05,STAT,949.000000,-4.999542,1195.000000,270.0001
Darlene.esm,10023718,0001CC63,PictureFrame04,STAT,944.000000,-86.999298,1184.000000,270.0001
Darlene.esm,10023717,0006D4C3,Loot_Prewar_Safe_Wall,CONT,1336.000000,-210.000000,1217.000000,180.0000
Darlene.esm,10023716,0003A9ED,OfficeBoxPapers03,STAT,1387.999634,-183.999695,1180.000000,270.0001
Darlene.esm,10023715,0003A9ED,OfficeBoxPapers03,STAT,1352.999634,-190.999695,1154.000000,270.0001
Darlene.esm,10023714,0003A9ED,OfficeBoxPapers03,STAT,1388.999634,-185.999634,1154.000000,180.0000
Darlene.esm,10023713,0003A9EC,OfficeBoxPapers02,STAT,1383.999756,-182.999756,1203.000000,45.0000
Darlene.esm,10023712,0003A9EB,OfficeBoxPapers01,STAT,1352.999634,-190.999695,1177.000000,270.0001
Darlene.esm,10023711,00038C1E,Loot_Raider_AmmoBox,CONT,1596.000000,-180.000000,1163.000000,71.0000
Darlene.esm,10023710,0002018A,PlayerHouse_Ruin_SaltShaker01,MISC,967.949219,246.192627,1277.285767,0.0000
Darlene.esm,1002370F,00020189,PlayerHouse_Ruin_PepperMill01,MISC,961.949219,249.192581,1275.285767,180.0000
Darlene.esm,1002370E,000047DE,DiamondGreebAntenna01,STAT,985.000000,0.000000,1249.000000,90.8940
Darlene.esm,1002370D,000518E0,ACDuctMedEnd01,STAT,1711.999512,-124.999939,1338.000000,0.0001
Darlene.esm,1002370C,00187663,PictureFramePortrait05Dest,MSTT,933.000000,-95.000000,1311.000000,270.0001
Darlene.esm,1002370B,0008E7C5,OilLampOn,STAT,1188.000000,445.000000,1158.000000,180.0000
Darlene.esm,1002370A,0008ADFA,defaultLightFire01NSFlicker,LIGH,1186.983643,445.671600,1176.577026,90.0000
Darlene.esm,10023709,00101183,defaultLightFire01NSNonSpec,LIGH,1186.983643,445.671600,1233.095337,90.0000
Darlene.esm,10023707,0001BA36,BldWlpSmWall05,STAT,1555.760376,-98.466370,1152.982300,180.0001
Darlene.esm,10023706,001A5947,WoodBox01,MSTT,1517.000000,-22.000000,1155.000000,191.4613
Darlene.esm,10023705,00020194,PlayerHouse_Ruin_CoffeeTin01,MISC,1095.000000,253.999695,1231.000000,225.0001
Darlene.esm,10023704,000211CC,CoffeePot01,MISC,1156.209961,236.789505,1240.017700,90.0001
Darlene.esm,10023703,000211C4,CoffeeCup01,MISC,982.908081,220.492981,1230.982300,180.0000
Darlene.esm,10023702,000F932D,BeerGwinnettBrew,ALCH,1210.000000,227.000305,1223.000000,180.0000
Darlene.esm,10023701,000459C5,Addictol,ALCH,1230.350830,228.028076,1196.626343,225.0001
Darlene.esm,10023700,000330EE,Cram,ALCH,1197.994141,226.772644,1195.657349,225.0001
Darlene.esm,100236FF,00027696,ExitSignRedNS,LIGH,1638.999390,377.999512,1348.000000,270.0001
Darlene.esm,100236FE,0002EB0E,GlowFillRoundMid,STAT,1650.921143,378.784607,1345.767944,270.0001
Darlene.esm,100236FD,00018FAA,ExitSignOn01,STAT,1650.921143,378.784607,1357.334961,270.0001
Darlene.esm,100236FC,000518E0,ACDuctMedEnd01,STAT,1531.999512,245.999695,1333.000000,90.0001
Darlene.esm,100236FA,00060ED8,RatPoison,MISC,1358.000000,119.000000,1154.000000,280.0678
Darlene.esm,100236F9,0003B55B,MilkBottleEmpty,MISC,1193.997192,229.103470,1223.145264,180.0000
Darlene.esm,100236F8,00059ADB,HotPlate,MISC,1157.000000,234.999695,1231.000000,0.0000
Darlene.esm,100236F7,00059AD1,GlassPitcher01,MISC,1021.000000,255.000000,1275.000000,180.0000
Darlene.esm,100236F6,000211C4,CoffeeCup01,MISC,996.000000,258.000000,1275.000000,247.3226
Darlene.esm,100236F5,000211C4,CoffeeCup01,MISC,983.000000,258.000000,1275.000000,155.6492
Darlene.esm,100236F4,0019D819,ShelfSmall_Wood02_1Long,SCOL,1074.144775,263.726105,1274.212402,0.0001
Darlene.esm,100236F3,0001D1AF,TrashDecal03,STAT,1611.103271,-57.685547,1153.142456,180.0000
Darlene.esm,100236F2,0001D18E,TrashDecal02,STAT,1358.426514,134.114838,1153.288818,0.0000
Darlene.esm,100236F1,0001D1AF,TrashDecal03,STAT,1177.392578,-144.740784,1154.707764,180.0000
Darlene.esm,100236F0,0001D184,TrashDecal01,STAT,1044.759033,-91.979553,1153.322021,180.0000
Darlene.esm,100236EF,0001D1CF,DebrisPile04Trash,STAT,926.000000,41.000000,1154.000000,180.0001
Darlene.esm,100236EE,0001D1CF,DebrisPile04Trash,STAT,1252.674561,-222.005188,1153.858276,90.0001
Darlene.esm,100236ED,0001D18E,TrashDecal02,STAT,1099.378784,334.334656,1153.182861,91.1916
Darlene.esm,100236EC,0008B5FD,TrashEdge03,STAT,1108.346924,315.509247,1153.020752,0.3211
Darlene.esm,100236EB,0008A5E0,TrashEdge02,STAT,994.186523,309.739563,1153.020752,26.1043
Darlene.esm,100236EA,0008A5D7,TrashEdge01,STAT,1194.000000,464.000000,1153.000000,45.0000
Darlene.esm,100236E9,0001D1CF,DebrisPile04Trash,STAT,1608.000000,462.000000,1154.000000,270.0001
Darlene.esm,100236E8,0001D199,DebrisPile02Trash,STAT,881.000244,414.000488,1153.000000,180.0000
Darlene.esm,100236E7,001471CD,CameraAttachDustBig,ACTI,986.000000,424.000000,1006.000000,270.0001
Darlene.esm,100236E6,001C9080,MistLargeRoundDustyDimmer,MSTT,1058.000000,-8.000000,1245.000000,146.1955
Darlene.esm,100236E5,0008ADFA,defaultLightFire01NSFlicker,LIGH,1448.000000,-76.000000,1270.000000,215.4778
Darlene.esm,100236E4,0008ADFA,defaultLightFire01NSFlicker,LIGH,1238.546875,18.593719,1319.765015,215.4778
Darlene.esm,100236E3,0008ADFA,defaultLightFire01NSFlicker,LIGH,1122.768433,82.046967,1319.765015,215.4778
Darlene.esm,100236E2,0008ADFA,defaultLightFire01NSFlicker,LIGH,1284.000000,-38.000000,1241.000000,125.4778
Darlene.esm,100236E1,0008E7C5,OilLampOn,STAT,1055.000000,-11.000000,1154.000000,305.4778
Darlene.esm,100236E0,0008ADFA,defaultLightFire01NSFlicker,LIGH,1056.137085,-10.562256,1172.577026,215.4778
Darlene.esm,100236DF,0008ADF9,defaultLightFire01Flicker,LIGH,1056.137085,-10.562256,1210.549683,226.9367
Darlene.esm,100236DE,00027696,ExitSignRedNS,LIGH,1596.999634,380.999359,1333.000000,90.0001
Darlene.esm,100236DB,0008029F,DebrisPileSmallWood02,STAT,1228.541748,401.723663,1152.982300,211.5127
Darlene.esm,100236DA,0010693D,Rubble_Flat_Trash_Sm03,STAT,1434.497070,-161.208435,1152.982300,172.0350
Darlene.esm,100236D9,0010693D,Rubble_Flat_Trash_Sm03,STAT,1042.919434,58.316406,1152.982300,172.0350
Darlene.esm,100236D8,0010693D,Rubble_Flat_Trash_Sm03,STAT,1322.102295,123.468689,1152.982300,172.0350
Darlene.esm,100236D7,0010693D,Rubble_Flat_Trash_Sm03,STAT,1506.319336,392.899811,1152.982300,102.6506
Darlene.esm,100236D6,0010693D,Rubble_Flat_Trash_Sm03,STAT,1123.355469,387.848114,1152.982300,262.1153
Darlene.esm,100236D5,0008C800,DebrisPileSmallBrick03,STAT,1571.364868,35.454071,1152.982300,37.0015
Darlene.esm,100236D4,0001CE32,BldSmPipeInsideWall01,STAT,1478.994507,35.492920,1152.982300,270.0001
Darlene.esm,100236D3,0001CE30,BldSmPipeInsideWall02,STAT,1568.728882,39.245239,1152.982300,90.0001
Darlene.esm,100236D1,00082E66,BldBrickSmWallHoleSealed01,STAT,1555.760376,-98.466370,1152.982300,90.0001
Darlene.esm,100236D0,0001F8FD,FireExtinguisherHolder01,STAT,1347.760742,461.533661,1216.982300,0.0001
Darlene.esm,100236CF,0001F8F9,FireExtinguisher01,MISC,1347.782471,452.701965,1196.913940,287.9341
Darlene.esm,100236CE,000CD2AC,WelcomeMat006,STAT,1297.173828,308.948975,1152.982300,168.5408
Darlene.esm,100236CD,00075F38,PlayerHouse_Ruin_Television01,STAT,1008.050659,-1.037590,1154.893555,262.3225
Darlene.esm,100236CC,0001CA49,BldWlpSmWallScktA02,STAT,1555.760376,-98.466370,1152.982300,0.0001
Darlene.esm,100236CB,00082DA8,BldBrickSmFlrOnly05,STAT,1555.760376,-98.466370,1152.982300,180.0000
Darlene.esm,100236CA,0001A84F,BldWoodPSmFlrPlatTrimCorner01,STAT,1043.760620,173.533936,1153.426636,0.0001
Darlene.esm,100236C9,000711B5,PlayerHouse_Ruin_Rug02,STAT,1179.598022,-63.054382,1152.982300,180.0000
Darlene.esm,100236C8,000A78FE,DaisyRug,STAT,1025.000000,0.000000,1153.000000,180.0000
Darlene.esm,100236C7,0001A81F,BldWoodPSmFlrOnly01,STAT,1043.760742,-82.465942,1152.982300,0.0000
Darlene.esm,100236C6,0001E2D4,BldWoodPDoorStatic01,STAT,1498.000000,-56.000000,1155.000000,90.0000
Darlene.esm,100236C5,00034A40,BathroomToiletBroken02,STAT,1601.000000,-15.000000,1153.000000,0.0001
Darlene.esm,100236C4,0002CD28,BathroomBathtubBroken01,STAT,1587.760376,-178.466309,1152.982300,0.0001
Darlene.esm,100236C3,00034A3D,BathroomSinkBroken01,STAT,1667.760376,-50.466522,1152.982300,90.0001
Darlene.esm,100236C2,0001BA34,BldWlpSmWall04,STAT,1555.760376,-98.466370,1152.982300,270.0001
Darlene.esm,100236C1,0001A871,BldWoodPSmWallPlugADoor01,STAT,1427.760376,-98.466309,1152.982300,180.0001
Darlene.esm,100236C0,00037BC4,PlayerHouse_Ruin_Kitchen_Cabinet05_Yellow,STAT,1055.546997,217.533661,1152.982300,0.0000
Darlene.esm,100236BF,0001A80A,BldWoodPSmCeilOnly02,STAT,1299.760620,93.533691,1152.982300,0.0000
Darlene.esm,100236BE,0001A80D,BldWoodPSmCeilOnly05,STAT,1299.760498,-162.466187,1152.982300,0.0000
Darlene.esm,100236BD,0001A80C,BldWoodPSmCeilOnly04,STAT,1043.760376,-162.466125,1152.982300,0.0000
Darlene.esm,100236BC,0001A81F,BldWoodPSmFlrOnly01,STAT,1299.760498,-162.466187,1152.982300,0.0000
Darlene.esm,100236BB,0001A81F,BldWoodPSmFlrOnly01,STAT,1299.760620,93.533691,1152.982300,0.0000
Darlene.esm,100236BA,0001A80B,BldWoodPSmCeilOnly03,STAT,1043.760498,93.533905,1152.982300,0.0000
Darlene.esm,100236B9,000302DC,Empty_NukaColaMachine,ACTI,968.725586,378.939026,1152.982300,268.5672
Darlene.esm,100236B8,000928D5,DummyNoEdit_Drink_NukaCola,MISC,995.052185,397.781006,1228.482300,2.6231
Darlene.esm,100236B7,000928D5,DummyNoEdit_Drink_NukaCola,MISC,995.590698,406.290405,1228.482300,2.6231
Darlene.esm,100236B6,000928D5,DummyNoEdit_Drink_NukaCola,MISC,995.587097,417.401031,1228.482300,2.6231
Darlene.esm,100236B5,000928D5,DummyNoEdit_Drink_NukaCola,MISC,999.780579,398.136993,1199.888550,182.6231
Darlene.esm,100236B4,000928D5,DummyNoEdit_Drink_NukaCola,MISC,991.993164,409.053406,1199.888550,182.6231
Darlene.esm,100236B3,000928D5,DummyNoEdit_Drink_NukaCola,MISC,1000.315552,417.757019,1199.888550,182.6231
Darlene.esm,100236B1,0002F3BF,PlywoodDoor01,STAT,1670.513550,374.631836,1233.000000,270.0001
Darlene.esm,100236B0,0001A81F,BldWoodPSmFlrOnly01,STAT,1027.760742,349.533936,1152.982300,180.0000
Darlene.esm,100236AF,0001A81F,BldWoodPSmFlrOnly01,STAT,1283.760742,349.533630,1152.982300,180.0000
Darlene.esm,100236AE,0001A81F,BldWoodPSmFlrOnly01,STAT,1539.760742,349.533478,1152.982300,180.0000
Darlene.esm,100236AD,0001A88C,BldWoodPSmWall03,STAT,1043.760864,413.533813,1152.982300,270.0001
Darlene.esm,100236AC,0001A80C,BldWoodPSmCeilOnly04,STAT,1027.760742,349.533936,1152.982300,180.0000
Darlene.esm,100236AB,0001A80D,BldWoodPSmCeilOnly05,STAT,1283.760742,349.533630,1152.982300,180.0000
Darlene.esm,100236AA,0001A80E,BldWoodPSmCeilOnly06,STAT,1539.760742,349.533478,1152.982300,180.0000
Darlene.esm,100236A9,0001A871,BldWoodPSmWallPlugADoor01,STAT,1299.760742,285.533661,1152.982300,90.0001
Darlene.esm,100236A8,0001A861,BldWoodPSmWall04,STAT,1555.760742,413.533508,1152.982300,270.0001
Darlene.esm,100236A7,0001A883,BldWoodPSmWallScktA02,STAT,1299.760742,413.533630,1152.982300,270.0001
Darlene.esm,100236A6,0001A863,BldWoodPSmWall05,STAT,1038.000000,401.000000,1153.000000,0.0001
Darlene.esm,10023697,0001B9C6,BldWlpSmFlrPlat01,STAT,757.000000,120.000000,1152.000000,0.0000
Darlene.esm,10023696,00001B57,DecalDebris02,STAT,628.000000,107.000000,1155.000000,0.0000
Darlene.esm,10023694,0001BA2E,BldWlpSmWall01,STAT,803.000000,128.253601,1152.000000,90.0000
Darlene.esm,10023693,0001BA2E,BldWlpSmWall01,STAT,784.000000,133.000000,1152.000000,270.0001
Darlene.esm,10023692,0001BA11,BldWlpSmCeilOnly05,STAT,766.000000,128.000000,1152.000000,0.0000
Darlene.esm,10023691,0001BA59,BldWlpSmWallScktA01,STAT,771.000000,130.000000,1152.000000,0.0001
Darlene.esm,10023690,0001B960,BldWlpBgWallPlugABotDoor01,STAT,643.000122,130.000305,1152.000000,180.0000
Darlene.esm,1002368F,0001BA59,BldWlpSmWallScktA01,STAT,515.000122,130.000488,1152.000000,180.0001
Darlene.esm,1002368D,000518F2,PowerBox_Static_Ajar,STAT,599.000000,16.000000,1262.000000,180.0000
Darlene.esm,10020795,00141E6F,PlayerHouse_ShowerFX,MSTT,577.106995,416.573700,1152.000000,270.0000
Darlene.esm,1002078B,00091431,PlayerHouse_Ruin_BathroomMirror02,CONT,492.000000,500.000000,1286.000000,0.0000
Darlene.esm,1002078A,00059AFB,Plunger,MISC,602.000000,331.000000,1153.000000,0.0000
Darlene.esm,10020789,0001F90A,TinCan01,MISC,209.000000,67.000000,1157.000000,0.0000
Darlene.esm,10020788,0001F90A,TinCan01,MISC,281.000000,-1.000000,1156.000000,180.0000
Darlene.esm,10020787,0001F90A,TinCan01,MISC,281.000000,-1.000000,1156.000000,180.0000
Darlene.esm,10020786,0001F909,TinCan03,MISC,253.000000,17.000000,1152.000000,0.0000
Darlene.esm,10020785,0001F90A,TinCan01,MISC,231.000000,27.000000,1155.000000,180.0001
Darlene.esm,10020781,00033778,Buffout,ALCH,473.406921,484.515320,1156.134399,315.0000
Darlene.esm,10020780,00033778,Buffout,ALCH,282.000000,478.000000,1213.000000,270.0000
Darlene.esm,1002077F,00033778,Buffout,ALCH,185.000000,224.000000,1197.000000,225.0001
Darlene.esm,1002077E,00058A01,GreenHsTable02,STAT,255.709412,-49.414642,1152.210449,0.0000
Darlene.esm,1002077D,001A594C,Bin_Plastic,MSTT,197.992462,-25.956663,1284.554810,89.9069
Darlene.esm,1002077B,001C9085,MistLargeRoundDustyDimmest,MSTT,178.795059,200.036697,1263.000000,220.5633
Darlene.esm,1002077A,0014CCA8,TerminalBroken02,STAT,613.485901,53.589272,1204.846436,90.0001
Darlene.esm,10020779,0014CCA8,TerminalBroken02,STAT,609.925476,63.549015,1177.793335,180.0001
Darlene.esm,10020778,000BC249,TerminalBroken01,STAT,611.867432,65.622017,1150.560547,90.0000
Darlene.esm,10020777,000BC249,TerminalBroken01,STAT,609.823669,34.074501,1181.883911,180.0000
Darlene.esm,10020776,000BC249,TerminalBroken01,STAT,604.684326,38.169937,1154.598389,0.0000
Darlene.esm,10020775,0010129A,GrapeMentats,ALCH,512.000000,474.000000,1180.000000,0.0000
Darlene.esm,10020774,000518BB,BerryMentats,ALCH,175.000000,263.000000,1247.000000,270.0000
Darlene.esm,10020773,0003377B,Mentats,ALCH,257.237823,473.446777,1194.787598,315.0000
Darlene.esm,10020772,000518C5,OrangeMentats,ALCH,256.545654,473.206116,1191.520020,0.0000
Darlene.esm,10020771,0010129A,GrapeMentats,ALCH,237.578369,477.138153,1220.837036,45.0000
Darlene.esm,10020770,000518BB,BerryMentats,ALCH,163.796356,296.891113,1207.937500,45.0000
Darlene.esm,1002076F,0010129A,GrapeMentats,ALCH,241.471954,3.448718,1178.209961,180.0000
Darlene.esm,1002076E,000211C4,CoffeeCup01,MISC,260.362732,2.333700,1206.274170,45.0000
Darlene.esm,1002076D,000211C4,CoffeeCup01,MISC,255.720886,-11.700409,1206.274170,270.0001
Darlene.esm,1002076C,000211CC,CoffeePot01,MISC,239.023407,-0.107011,1215.906250,270.0001
Darlene.esm,1002076B,00020189,PlayerHouse_Ruin_PepperMill01,MISC,277.530548,-25.936731,1206.274170,0.0000
Darlene.esm,1002076A,0002018A,PlayerHouse_Ruin_SaltShaker01,MISC,280.378296,-35.823746,1207.462158,135.0000
Darlene.esm,10020769,0004D1F5,Wrench01,MISC,169.191513,137.205048,1152.645508,315.0000
Darlene.esm,10020768,0004D1F5,Wrench01,MISC,188.000000,220.000000,1159.000000,45.0000
Darlene.esm,10020767,0004D1F6,Wrench02,MISC,194.000000,215.000000,1196.000000,0.0000
Darlene.esm,10020766,000D83CC,NpcChairIndustrialMetalOfficeSit01,FURN,243.692566,329.086609,1154.812256,225.0001
Darlene.esm,10020765,00237E69,AMBIntGenericWindDraftSpotALPmarker,SOUN,576.437561,-189.215698,1269.342407,0.0000
Darlene.esm,10020764,00237FF4,AMBIntSpotGenericRumbleA2DLPmarker,SOUN,279.000000,454.000000,1344.000000,0.0000
Darlene.esm,10020763,00165012,OfficePaperDebris03,STAT,344.393982,198.063370,1152.149658,0.0000
Darlene.esm,10020762,00165012,OfficePaperDebris03,STAT,479.607117,193.861801,1152.332886,0.0000
Darlene.esm,10020761,00165024,OfficePaperDebris02,STAT,466.744476,75.322006,1152.332886,0.0000
Darlene.esm,10020760,001AAE03,OfficeBoxPapersOpen08,MSTT,503.676056,208.448425,1152.332886,45.0000
Darlene.esm,1002075F,001AAE05,OfficeBoxPapersOpen09a,MSTT,508.796112,88.623680,1153.462769,0.0000
Darlene.esm,1002075E,001A77F3,OfficeBoxPapersOpen04,MSTT,563.000000,182.000000,1152.000000,0.0000
Darlene.esm,1002075D,001AAE06,OfficeBoxPapersOpen09b,MSTT,402.782379,151.882019,1152.332886,0.0000
Darlene.esm,1002075C,001A77F1,OfficeBoxPapersOpen03,MSTT,409.549927,209.580185,1152.000000,0.0000
Darlene.esm,1002075B,000E6F28,BulletinBoard01Static,STAT,149.154541,297.616974,1240.409058,270.0001
Darlene.esm,1002075A,001A8B42,PlayerHouse_Ruin_Calendar01,STAT,152.065094,319.338287,1256.101685,180.0000
Darlene.esm,10020759,00059A9A,Loot_Toolbox,CONT,179.898560,438.429321,1153.000000,0.0000
Darlene.esm,10020757,0014CCA8,TerminalBroken02,STAT,165.727310,-32.030605,1311.527710,270.0001
Darlene.esm,10020756,000BC249,TerminalBroken01,STAT,171.386093,-24.581682,1283.289062,180.0001
Darlene.esm,10020750,00059B10,Spoon_01_Plastic,MISC,197.819046,325.572479,1207.937500,0.0000
Darlene.esm,1002074F,00102157,IguanaSoup,ALCH,179.968811,315.871216,1207.937500,0.0000
Darlene.esm,1002074E,0019A6AF,HighTechDebris02,STAT,119.293068,348.518860,1207.743164,0.0000
Darlene.esm,1002074D,0005821A,CigarettePack,MISC,184.180283,337.779327,1210.766357,0.0000
Darlene.esm,1002074C,0008E371,Ashtray01_Filled,MISC,197.536423,341.796753,1207.937500,0.0000
Darlene.esm,1002074A,0009192A,PlayerHouse_Ruin_BathroomHook02,STAT,526.180359,494.675629,1268.135742,0.0000
Darlene.esm,10020749,00142428,IVBag,MISC,227.557816,426.707825,1153.002563,45.0000
Darlene.esm,10020748,000286F5,Newspaper,MISC,265.601257,478.639282,1216.048706,45.0000
Darlene.esm,10020747,001BD154,FolderPapers02,MISC,206.738800,421.250641,1154.808716,0.0000
Darlene.esm,10020746,001BD154,FolderPapers02,MISC,269.624756,481.006378,1213.406372,90.0000
Darlene.esm,10020745,000C9A86,PrewarBookStackSm04,STAT,236.602768,483.462250,1216.637085,0.0000
Darlene.esm,10020744,000C9A83,PrewarBookStackSm01,STAT,150.704407,329.393433,1279.408203,270.0001
Darlene.esm,10020743,000C9A83,PrewarBookStackSm01,STAT,154.201172,274.341400,1277.238770,270.0000
Darlene.esm,10020742,000C9A86,PrewarBookStackSm04,STAT,158.927933,283.938873,1276.901611,270.0000
Darlene.esm,10020741,000C9A83,PrewarBookStackSm01,STAT,151.656448,293.477844,1279.172852,270.0000
Darlene.esm,10020740,000C9A84,PrewarBookStackSm02,STAT,150.582825,306.719818,1279.637939,270.0001
Darlene.esm,1002073F,000C9A83,PrewarBookStackSm01,STAT,151.259064,317.616486,1277.238770,270.0000
Darlene.esm,1002073E,000C9A83,PrewarBookStackSm01,STAT,147.981033,260.846008,1277.238770,270.0000
Darlene.esm,1002073D,000C9A86,PrewarBookStackSm04,STAT,150.472153,338.218048,1306.672363,270.0000
Darlene.esm,1002073C,000C9A83,PrewarBookStackSm01,STAT,144.704666,329.195068,1308.219727,270.0001
Darlene.esm,1002073B,000C9A83,PrewarBookStackSm01,STAT,151.656448,293.477844,1307.984375,270.0000
Darlene.esm,1002073A,000C9A84,PrewarBookStackSm02,STAT,146.895218,282.707306,1308.449463,270.0001
Darlene.esm,10020739,000C9A83,PrewarBookStackSm01,STAT,149.516617,270.086395,1306.050293,270.0000
Darlene.esm,10020738,000C9A83,PrewarBookStackSm01,STAT,147.981033,259.405090,1306.050293,270.0000
Darlene.esm,10020737,000C9A86,PrewarBookStackSm04,STAT,158.927933,301.997589,1305.713135,270.0000
Darlene.esm,10020736,000C9A83,PrewarBookStackSm01,STAT,154.201172,310.209045,1306.050293,270.0000
Darlene.esm,10020735,000C9A86,PrewarBookStackSm04,STAT,155.561493,318.469788,1305.713135,270.0000
Darlene.esm,10020734,0023AE16,WorkshopWallShelfWood02,STAT,149.046265,296.885864,1298.004639,0.0000
Darlene.esm,10020733,0023AE16,WorkshopWallShelfWood02,STAT,149.046265,296.885864,1268.725464,0.0000
Darlene.esm,10020732,000C9A86,PrewarBookStackSm04,STAT,239.691666,473.557953,1199.091675,0.0000
Darlene.esm,10020731,000C9A83,PrewarBookStackSm01,STAT,231.430923,474.918243,1199.428833,0.0000
Darlene.esm,10020730,0002552C,SandbagSingle02,STAT,277.566833,479.485260,1195.526001,225.0000
Darlene.esm,1002072F,0022B98D,LS_Dufflebag,STAT,254.077271,477.301727,1170.153687,0.0000
Darlene.esm,1002072E,000BF83A,GenericPosterGroup01,STAT,279.338959,494.841187,1281.236816,0.0000
Darlene.esm,1002072D,00082CD0,BldBrickBgWall01,STAT,236.637863,38.191925,902.715515,270.0002
Darlene.esm,1002072C,00017DD7,MetalShelf01,STAT,255.512360,479.028351,1126.530029,0.0000
Darlene.esm,1002072B,0019A6B1,HighTechDebris04,STAT,215.599335,218.034271,1152.149658,90.0000
Darlene.esm,1002072A,0019A6B0,HighTechDebris03,STAT,313.646454,323.979004,1153.219727,90.0000
Darlene.esm,10020729,0019A6AF,HighTechDebris02,STAT,157.405945,325.511597,1153.107788,270.0000
Darlene.esm,10020728,0019A6AE,HighTechDebris01,STAT,222.388748,475.048584,1153.170654,0.0000
Darlene.esm,10020727,000BC249,TerminalBroken01,STAT,193.463364,-18.954357,1177.848999,135.0001
Darlene.esm,10020726,000BC249,TerminalBroken01,STAT,508.949738,473.667419,1151.996704,45.0000
Darlene.esm,10020725,0008ADFA,defaultLightFire01NSFlicker,LIGH,174.317734,202.997253,1214.682983,45.0000
Darlene.esm,10020724,0008E7C5,OilLampOn,STAT,175.511353,203.240967,1196.105957,135.0000
Darlene.esm,10020723,000622FE,Shack_Single_CrrgtdMetal01,STAT,137.294006,137.628571,1215.827026,0.0000
Darlene.esm,10020721,00059A80,MetalBucket,MISC,562.050171,469.830627,1154.027344,0.0000
Darlene.esm,10020720,0019945F,Soap,MISC,574.797607,450.692902,1154.027344,135.0000
Darlene.esm,1002071F,0019945F,Soap,MISC,597.071533,471.073975,1154.027344,0.0000
Darlene.esm,1002071E,0009192C,PlayerHouse_Ruin_BathroomSoapTray01,STAT,451.036377,494.461395,1248.295044,0.0000
Darlene.esm,1002071D,0019945F,Soap,MISC,507.220978,460.268036,1238.109009,135.0000
Darlene.esm,1002071C,000C3676,Vault_Sink_01Activator,ACTI,490.663513,494.803284,1167.876343,0.0000
Darlene.esm,1002071B,000F2554,HitDebrisPileCeiling03,STAT,190.558151,497.887299,1385.994995,0.0000
Darlene.esm,1002071A,000F2548,HitDebrisPileCeiling02,STAT,239.000000,548.000000,1409.000000,0.0000
Darlene.esm,10020719,000F2549,HitDebrisPileCeiling01,STAT,271.161774,448.453461,1381.648926,0.0000
Darlene.esm,10020718,001BE70B,Clothingrack_01,STAT,258.359528,461.311523,1154.069580,0.0000
Darlene.esm,10020717,0023C9C4,WorkshopNpcBedMilitaryCottLay01,FURN,360.299744,415.002319,1153.133667,0.0000
Darlene.esm,10020716,000622FE,Shack_Single_CrrgtdMetal01,STAT,117.357300,112.127563,1226.742920,0.0000
Darlene.esm,10020715,000622FE,Shack_Single_CrrgtdMetal01,STAT,136.818375,161.932312,1215.827026,0.0000
Darlene.esm,10020714,000622FE,Shack_Single_CrrgtdMetal01,STAT,137.415695,206.592010,1215.827026,0.0000
Darlene.esm,10020713,000622FE,Shack_Single_CrrgtdMetal01,STAT,114.870384,112.239441,1215.827026,0.0000
Darlene.esm,10020712,000622FE,Shack_Single_CrrgtdMetal01,STAT,116.958069,72.890442,1215.827026,0.0000
Darlene.esm,10020711,0001BA2E,BldWlpSmWall01,STAT,259.078613,384.253998,1152.000000,0.0001
Darlene.esm,10020710,0008E9EC,TerminalWall01,STAT,147.060425,445.672211,1217.910278,270.0001
Darlene.esm,1002070F,0008E9EC,TerminalWall01,STAT,147.060425,413.793121,1217.910278,270.0001
Darlene.esm,1002070E,0008E9EC,TerminalWall01,STAT,147.060425,381.912842,1217.910278,270.0001
Darlene.esm,1002070D,0014CCA8,TerminalBroken02,STAT,174.168259,449.655731,1250.352051,270.0000
Darlene.esm,1002070C,00047853,Terminal01,STAT,176.377945,446.846710,1218.202271,270.0000
Darlene.esm,1002070B,0014CCA8,TerminalBroken02,STAT,177.351379,414.249908,1218.202271,270.0000
Darlene.esm,1002070A,00047853,Terminal01,STAT,175.580872,382.211853,1218.256104,270.0001
Darlene.esm,10020709,00047853,Terminal01,STAT,173.805115,414.701965,1250.202271,270.0001
Darlene.esm,10020708,000BC249,TerminalBroken01,STAT,175.768829,381.021637,1250.202271,270.0000
Darlene.esm,10020707,00017DD7,MetalShelf01,STAT,173.487091,413.610901,1153.202271,90.0000
Darlene.esm,10020706,001A6E7B,HighTechDesk02_Main_DirtyStatic,STAT,180.459549,298.575226,1152.000000,270.0000
Darlene.esm,10020705,0009A702,DeskLamp01NoBulb,STAT,164.614700,342.576599,1209.643555,180.0000
Darlene.esm,10020704,000FE257,OverdueBook,MISC,241.127258,3.676516,1175.094604,177.2143
Darlene.esm,10020703,00001B55,RubChunkiesSmall01,STAT,247.490417,123.969971,1152.000000,256.8676
Darlene.esm,10020702,0008029F,DebrisPileSmallWood02,STAT,344.354553,374.046356,1152.000000,206.2649
Darlene.esm,10020701,00001B56,DecalDebris03,STAT,337.101013,366.038239,1152.525269,0.0000
Darlene.esm,10020700,001A780B,OfficeBoxPapersOpen05,MSTT,271.673706,423.113647,1154.613892,78.6879
Darlene.esm,100206FF,00060EC7,Pillow_01_Straw,MISC,360.000000,459.000000,1197.000000,90.8059
Darlene.esm,100206FE,0001CC64,PictureFrame05,STAT,863.000000,239.000000,1269.000000,0.0000
Darlene.esm,100206FD,0001D1A6,DebrisPileRoad01Trash,STAT,722.000000,35.000000,1150.000000,180.0000
Darlene.esm,100206FC,0001D1A6,DebrisPileRoad01Trash,STAT,336.767242,471.698090,1154.624878,0.0000
Darlene.esm,100206F8,0008E7C5,OilLampOn,STAT,448.503754,334.098785,1151.767700,0.0000
Darlene.esm,100206F7,0008ADFA,defaultLightFire01NSFlicker,LIGH,449.520111,333.427155,1170.344727,270.0000
Darlene.esm,100206F6,0008ADF9,defaultLightFire01Flicker,LIGH,467.157623,341.263275,1223.676514,242.5298
Darlene.esm,100206F5,00032575,NPCInvChairSit,FURN,583.072693,307.092865,1152.000000,266.6536
Darlene.esm,100206F3,00101183,defaultLightFire01NSNonSpec,LIGH,266.589081,72.112793,1276.118164,114.7875
Darlene.esm,100206F2,00024572,NPCInvWallLean01,FURN,416.004883,30.659523,1158.188477,0.0000
Darlene.esm,100206F1,0008A5D7,TrashEdge01,STAT,171.289780,10.598061,1152.000000,58.9690
Darlene.esm,100206F0,00059ADB,HotPlate,MISC,239.291901,-1.303540,1206.049805,270.0000
Darlene.esm,100206EF,0013FE2D,RefrigeratorBroken05_Static,STAT,182.084641,-20.271862,1152.000000,182.3831
Darlene.esm,100206EE,0008ADF9,defaultLightFire01Flicker,LIGH,179.000000,207.000000,1287.000000,190.6793
Darlene.esm,100206ED,0001B960,BldWlpBgWallPlugABotDoor01,STAT,515.078125,0.253662,1152.000000,270.0001
Darlene.esm,100206EC,0001BA60,BldWlpSmBrokeWallFreeEdge01,STAT,419.078491,256.253784,1152.000000,0.0001
Darlene.esm,100206EB,0001BA5F,BldWlpSmBrokeWallEdge03,STAT,419.078674,384.253815,1152.000000,180.0001
Darlene.esm,100206EA,0001BA3E,BldWlpSmWallCorner01,STAT,419.078491,256.253784,1152.000000,270.0001
Darlene.esm,100206E9,0001BA59,BldWlpSmWallScktA01,STAT,547.078308,128.253601,1152.000000,90.0001
Darlene.esm,100206E8,0001B960,BldWlpBgWallPlugABotDoor01,STAT,547.078430,256.253601,1152.000000,90.0000
Darlene.esm,100206E7,0001BA59,BldWlpSmWallScktA01,STAT,547.078674,384.253601,1152.000000,270.0001
Darlene.esm,100206E6,00034A3F,BathroomToiletBroken01,STAT,600.305542,306.738464,1152.000000,90.0001
Darlene.esm,100206E5,00091933,PlayerHouse_Ruin_Shower01,STAT,577.106995,416.573700,1152.000000,270.0001
Darlene.esm,100206E4,0001BA2E,BldWlpSmWall01,STAT,259.078125,58.326057,1152.000000,270.0001
Darlene.esm,100206E3,0001BA2E,BldWlpSmWall01,STAT,259.077942,-127.745972,1152.000000,0.0001
Darlene.esm,100206E2,0001D61C,BldWlpSmWallHole06,STAT,259.078308,128.254028,1152.000000,0.0001
Darlene.esm,100206E1,0001BA59,BldWlpSmWallScktA01,STAT,515.078308,128.253662,1152.000000,270.0001
Darlene.esm,100206E0,0001B9C6,BldWlpSmFlrPlat01,STAT,515.078735,288.253906,1152.000000,0.0000
Darlene.esm,100206DF,0001B9C6,BldWlpSmFlrPlat01,STAT,515.078430,32.253906,1152.000000,0.0000
Darlene.esm,100206DE,0001B9C6,BldWlpSmFlrPlat01,STAT,515.078735,544.253906,1152.000000,0.0000
Darlene.esm,100206DD,0001B9C6,BldWlpSmFlrPlat01,STAT,259.078461,32.253906,1152.000000,0.0000
Darlene.esm,100206DC,0001B9C6,BldWlpSmFlrPlat01,STAT,259.078766,288.253906,1152.000000,0.0000
Darlene.esm,100206DB,0001BA3E,BldWlpSmWallCorner01,STAT,387.078186,0.253815,1152.000000,0.0000
Darlene.esm,100206DA,0001BA2E,BldWlpSmWall01,STAT,259.078003,-127.746033,1152.000000,180.0001
Darlene.esm,100206D8,0001BA2E,BldWlpSmWall01,STAT,515.078613,384.253662,1152.000000,180.0001
Darlene.esm,100206D7,0001BA2E,BldWlpSmWall01,STAT,534.000000,384.000000,1152.000000,90.0001
Darlene.esm,100206D6,0001D5FA,BldWlpMdWallBotHole05,STAT,3.077911,128.254547,1152.000000,180.0001
Darlene.esm,100206D5,0001B9C6,BldWlpSmFlrPlat01,STAT,259.078766,544.253906,1152.000000,0.0000
Darlene.esm,100206D4,00049DA2,Prewar_Cabinet_Garage_04,CONT,179.000000,214.000000,1152.000000,270.0000
Darlene.esm,100206D3,0001F905,DeskFanOffice01,MISC,164.000000,223.000000,1197.000000,68.9816
Darlene.esm,100206D2,0003A9EB,OfficeBoxPapers01,STAT,161.934113,176.752930,1165.864136,271.7865
Darlene.esm,100206D1,00165024,OfficePaperDebris02,STAT,226.676071,278.919006,1153.077759,313.1087
Darlene.esm,100206D0,0003A9EB,OfficeBoxPapers01,STAT,178.849380,384.766083,1184.780273,161.9742
Darlene.esm,100206CF,0003A9EC,OfficeBoxPapers02,STAT,180.314346,428.444305,1184.780273,224.9993
Darlene.esm,100206CE,0003A9ED,OfficeBoxPapers03,STAT,166.536621,262.393494,1152.577637,252.6844
Darlene.esm,100206CD,0003A9ED,OfficeBoxPapers03,STAT,172.297287,395.116028,1153.244019,93.2194
Darlene.esm,100206CC,000211DD,BeerBottleEmpty01,MISC,451.216644,404.613983,1152.612915,0.0000
Darlene.esm,100206CB,000211DD,BeerBottleEmpty01,MISC,452.054901,380.620789,1152.612915,0.0000
Darlene.esm,100206CA,001A899B,BabyBottleDirty02,MISC,450.580963,392.594666,1159.612793,0.0000
Darlene.esm,100206C9,000DF223,BottleEmpty03,MISC,447.797058,449.124542,1152.612915,306.3023
Darlene.esm,100206C8,000DEDED,BottleEmptyWine01,MISC,449.945587,434.462860,1152.612915,16.1099
Darlene.esm,100206C7,000DF222,BottleEmpty02,MISC,448.944672,419.099640,1152.612915,56.6139
Darlene.esm,100206C6,000DEDE1,BottleEmptyWhiskey01,MISC,157.257797,284.826447,1152.000000,293.6896
Darlene.esm,100206C5,0003B55B,MilkBottleEmpty,MISC,171.417450,304.915710,1152.000000,14.8356
Darlene.esm,100206C4,000DF222,BottleEmpty02,MISC,449.978760,364.549683,1152.612915,85.6650
Darlene.esm,100206C3,000DEDED,BottleEmptyWine01,MISC,451.945007,350.650604,1152.612915,315.1094
Darlene.esm,100206C2,000DF223,BottleEmpty03,MISC,267.439697,-6.826876,1206.939575,342.8938
Darlene.esm,100206C1,000DF24D,BottleEmpty04,MISC,263.923889,-18.424236,1207.338379,47.3264
Darlene.esm,100206C0,000DEDED,BottleEmptyWine01,MISC,269.379395,-39.272743,1207.206421,328.2211
Darlene.esm,100206BF,0011EA93,BeerBottleStandard01,ALCH,160.962509,-20.878405,1179.284546,282.1492
Darlene.esm,100206BE,000211DD,BeerBottleEmpty01,MISC,605.279846,407.742828,1154.027344,41.5437
Darlene.esm,100206BD,000DF221,BottleEmpty01,MISC,591.252625,436.779938,1154.027344,57.1853
Darlene.esm,100206BC,000DF223,BottleEmpty03,MISC,493.022400,478.634338,1226.746216,292.4029
Darlene.esm,100206BB,000AF8EF,KitchenScale,MISC,242.241776,-26.189901,1207.083740,233.9497
Darlene.esm,100206BA,000366C5,Jet,ALCH,263.145355,2.057147,1174.620605,0.0000
Darlene.esm,100206B9,000330EE,Cram,ALCH,198.461502,-19.971519,1205.891846,0.0000
Darlene.esm,100206B8,000BEA58,Dogfood,ALCH,165.313110,-5.622999,1178.785767,28.1095
Darlene.esm,100206B7,000BEA58,Dogfood,ALCH,168.928802,-31.789639,1178.785889,13.4871
Darlene.esm,100206B5,0001BA11,BldWlpSmCeilOnly05,STAT,515.078735,128.254150,1152.000000,0.0000
Darlene.esm,100206B4,0001BA0E,BldWlpSmCeilOnly02,STAT,259.078705,128.254150,1152.000000,0.0000
Darlene.esm,100206B3,0001BA0D,BldWlpSmCeilOnly01,STAT,259.078735,384.254181,1152.000000,0.0000
Darlene.esm,100206B2,0001BA0D,BldWlpSmCeilOnly01,STAT,515.078735,384.254150,1152.000000,0.0000
Darlene.esm,100206B1,0001BA0D,BldWlpSmCeilOnly01,STAT,259.078674,-127.745911,1152.000000,0.0000
Darlene.esm,100206B0,00001B56,DecalDebris03,STAT,552.770386,81.111801,1152.332886,355.9437
Darlene.esm,100206AF,00060ECE,Toothbrush,MISC,476.156647,471.983337,1238.953125,0.0000
Darlene.esm,100206AE,00199A88,Toothpaste,MISC,473.900970,466.948242,1237.102661,0.0000
Darlene.esm,100206AD,001F2617,SignClutterM01,STAT,292.000000,-55.000000,1286.000000,0.0000
Darlene.esm,100206AC,000679F7,BldConcSmDmgFlrSm04,STAT,195.063828,105.381950,1151.149658,45.0000
Darlene.esm,100206AB,000679F5,BldConcSmDmgFlrSm02,STAT,498.158234,18.463455,1152.000000,184.5380
Darlene.esm,100206AA,0001CC37,BldWlpSmWallPillar03,STAT,157.422165,480.254211,1152.000000,90.0001
Darlene.esm,100206A9,0001BA34,BldWlpSmWall04,STAT,278.000000,384.000305,1152.000000,90.0001
Darlene.esm,100206A8,000679F8,BldConcSmDmgFlrSm05,STAT,283.647308,374.354095,1152.000000,147.2957
Darlene.esm,100206A7,001A594C,Bin_Plastic,MSTT,172.106659,101.400070,1152.000000,28.6479
Darlene.esm,100206A6,001A594C,Bin_Plastic,MSTT,206.384064,94.303131,1152.000000,94.5377
Darlene.esm,100206A5,001914DB,DecalDebris06,STAT,336.937012,183.342056,1152.332886,312.9718
Darlene.esm,100206A4,001914C2,DecalDebris05,STAT,311.450775,276.210510,1152.332886,310.1070
Darlene.esm,10035D90,10035D8A,VanessaQuest01FensApartmentKey,KEYM,418.264984,177.020142,1157.268677,0.0000
Darlene.esm,1002CB3D,0006187E,DecalGrossStain01,TXST,1525.000000,671.000000,1292.000000,135.0000
Darlene.esm,10028D89,0000003B,XMarker,STAT,426.000000,-43.000000,1166.000000,0.0000
Darlene.esm,10028D8A,0000003B,XMarker,STAT,1107.000000,131.000000,1154.000000,0.0000
Darlene.esm,100237B1,1001838F,VanessaMagSurvival01,BOOK,1532.000000,511.000000,1157.000000,225.0000
Darlene.esm,10027E31,0006187E,DecalGrossStain01,TXST,1781.000000,886.000000,1227.000000,135.0000
Darlene.esm,10026DF0,0014BED3,TrapCymbalMonkey02,ACTI,1623.000000,957.000000,1154.000000,225.0000
Darlene.esm,10026633,00214280,Decal_moss3,TXST,1573.000000,-138.000000,1177.000000,90.0000
Darlene.esm,10023708,0001BA0F,BldWlpSmCeilOnly03,STAT,1555.760376,-98.466370,1152.982300,180.0000
Darlene.esm,100236D2,0001D610,BldWlpSmWallHole05,STAT,1555.760376,-98.466370,1152.982300,90.0001
Darlene.esm,10024780,00061946,DecalStainRust14,TXST,565.000000,390.000000,1264.000000,90.0000
Darlene.esm,100236A5,00061894,DecalGrossStain04,TXST,1496.000122,689.000000,1270.000000,180.0000
Darlene.esm,100236A3,00022563,BldWoodPDoor02,DOOR,1278.000122,476.999756,1153.000000,270.0001
Darlene.esm,100236A2,0021317E,DecalBloodPuddleSmall,TXST,1608.999634,-47.999908,1245.000000,180.0000
Darlene.esm,1002369F,00061899,DecalGrossStain06,TXST,1517.000000,-119.000000,1255.000000,180.0000
Darlene.esm,1002369E,00061897,DecalGrossStain05,TXST,1307.000000,-84.000000,1240.000000,180.0001
Darlene.esm,1002369D,00061897,DecalGrossStain05,TXST,1458.000000,374.000000,1230.000000,90.0000
Darlene.esm,1002369C,00022563,BldWoodPDoor02,DOOR,1299.760742,285.533661,1152.982300,90.0001
Darlene.esm,10020793,00061946,DecalStainRust14,TXST,794.000000,120.000000,1264.000000,180.0000
Darlene.esm,100206A3,000C971A,BldWoodPDoorLoad02,DOOR,515.078125,0.253700,1152.000000,270.0001
Darlene.esm,100206A2,00000034,XMarkerHeading,STAT,442.844879,106.162369,1152.967896,0.0000
Darlene.esm,10020F51,000C971A,BldWoodPDoorLoad02,DOOR,-925.911316,-639.539429,-384.000000,0.0000
Darlene.esm,10028D88,0000003B,XMarker,STAT,-895.000000,-640.000000,-234.000000,0.0000
Darlene.esm,1009C92F,1000E2D1,DarleneApartment303Door,DOOR,1.906600,130.109100,62.957199,0.0000
Darlene.esm,10007306,10002688,VanessaNPC,NPC_,2215.448730,-4283.717773,2298.054688,263.5612
Darlene.esm,10008D45,10005D19,VanessaGlassesTL_Note,BOOK,2516.767822,-3908.112793,1669.372559,331.3522
Darlene.esm,1000C4CF,00000021,CollisionMarker,STAT,1870.676514,-3678.471191,1730.586548,180.0000
Darlene.esm,1000C4CE,001340D5,NpcBedWoodLay01,FURN,3128.147949,-3876.089844,1673.187256,90.0000
Darlene.esm,1000C4CD,001340D5,NpcBedWoodLay01,FURN,2325.952881,-3765.218750,1668.891846,270.0000
Darlene.esm,1006BFA5,0012B4B7,DefaultLightWhite01SpotNoAttenGoboPlugC,LIGH,2564.000000,-3240.000000,1888.000000,237.5764
Darlene.esm,1006BFA4,0012B4B7,DefaultLightWhite01SpotNoAttenGoboPlugC,LIGH,3670.000000,-3942.000000,1876.000000,226.9220
Darlene.esm,1006BFA3,0015CC87,CarpetRectangle01,STAT,3354.000000,-3866.000000,1670.000000,90.0000
Darlene.esm,1005C3D6,1005C3CD,VanessaGlassesTL,ARMO,2567.001465,-3905.500244,1700.333374,337.0818
Darlene.esm,100336C0,000D9B88,TowelBathClean01a,STAT,3444.182373,-3911.798340,1726.643555,0.0000
Darlene.esm,100336BF,000D9B87,TowelBathClean01,STAT,3445.656006,-3909.992676,1715.616089,0.0000
Darlene.esm,100336BE,00050AA6,PlayerHouse_BathroomHook01,STAT,1905.868896,-3698.029053,1787.656006,180.0000
Darlene.esm,100336BD,001A4AA7,PlayerHouse_Ruin_KitchenCounterNoSink01_White,STAT,1875.000000,-3659.616211,1670.000000,180.0000
Darlene.esm,100336BC,001A4AA4,PlayerHouse_Ruin_KitchenSink01Activator,ACTI,1874.745361,-3658.918213,1670.680420,180.0000
Darlene.esm,1001B783,00140D98,Chalk01,MISC,3296.315186,-3493.482910,1667.000000,45.8366
Darlene.esm,1001B782,00140D98,Chalk01,MISC,3277.066406,-3507.135498,1668.726807,314.1635
Darlene.esm,1001B781,00140D98,Chalk01,MISC,3295.429932,-3505.821289,1668.726807,0.0000
Darlene.esm,1001B780,00000003,NorthMarker,STAT,2926.129395,-3714.130127,1923.000000,0.0000
Darlene.esm,1001288D,0001CC64,PictureFrame05,STAT,3019.521240,-3693.452637,1820.297485,0.0000
Darlene.esm,1001288C,001CBF3E,PictureAbstractRect01,STAT,3221.954834,-3829.000000,1815.000000,90.0000
Darlene.esm,1001288B,001CBF3E,PictureAbstractRect01,STAT,2365.000000,-2767.000000,1814.000000,0.0000
Darlene.esm,100120EE,001CBF3E,PictureAbstractRect01,STAT,2488.181152,-3938.542480,1694.636963,178.3765
Darlene.esm,100120ED,001CBF3E,PictureAbstractRect01,STAT,2691.000000,-3868.000000,1697.000000,86.5658
Darlene.esm,100120EC,001CBF3E,PictureAbstractRect01,STAT,2690.000000,-3873.000000,1710.000000,78.0000
Darlene.esm,100120EB,001CBF3E,PictureAbstractRect01,STAT,2646.953857,-3933.382080,1698.028687,178.3697
Darlene.esm,100120EA,001CBF3E,PictureAbstractRect01,STAT,2633.276367,-3928.878906,1707.138428,106.9997
Darlene.esm,100120E8,001CBF3E,PictureAbstractRect01,STAT,1800.690186,-3282.745850,1789.715820,176.0206
Darlene.esm,100120E7,001CBF3E,PictureAbstractRect01,STAT,2183.987305,-3149.907959,1819.838623,90.0000
Darlene.esm,100766AA,1000FA9D,Vanessa_Prewar_Fancy_Bureau01,CONT,2240.936279,-3117.785400,1667.220825,177.6169
Darlene.esm,100766A0,1000FA9B,Vanessa_Prewar_Fancy_TableConsole01,CONT,2158.476807,-3150.975830,1667.220825,0.0000
Darlene.esm,100765B7,1000FA9C,Vanessa_Loot_AmmoBox,CONT,2532.827637,-2799.503418,1667.339111,67.7917
Darlene.esm,1000FA99,00059B34,SilverLocket,MISC,2441.072021,-2806.864746,1667.284302,120.3211
Darlene.esm,1000DBBA,0015EFB9,BrahminMeatStatic,STAT,1788.292114,-3329.825684,1808.697754,310.6814
Darlene.esm,1000DBB9,0015EFB9,BrahminMeatStatic,STAT,1814.803101,-3321.447021,1808.697754,88.3091
Darlene.esm,1000DBB8,0015EFB9,BrahminMeatStatic,STAT,1843.660156,-3333.046631,1808.697754,180.0000
Darlene.esm,1000DBB7,0007C5D2,Meathook01,STAT,1853.144531,-3329.229004,1858.312988,103.1326
Darlene.esm,1000DBB6,0007C5D2,Meathook01,STAT,1816.316650,-3329.229004,1858.312988,91.6734
Darlene.esm,1000DBB5,0007C5D2,Meathook01,STAT,1777.863403,-3329.229004,1858.312988,74.4847
Darlene.esm,10006546,0001CC63,PictureFrame04,STAT,3070.896973,-3660.596680,1818.910645,180.0000
Darlene.esm,10006545,10006541,VanessaBookContainerMagNoteI,CONT,3503.701660,-3635.255127,1724.077026,270.0000
Darlene.esm,10006544,10006540,VanessaBookContainerMagNoteH,CONT,2998.126221,-3918.949707,1745.026245,90.0000
Darlene.esm,10006543,000C9A85,PrewarBookStackSm03,STAT,2997.865234,-3928.249512,1747.684326,90.0000
Darlene.esm,10006542,1000653D,VanessaBookContainerMagNoteG,CONT,2514.445312,-3150.965332,1684.700928,270.0000
Darlene.esm,10005D1D,10005D1C,VanessaGlassesTL_Note_Container,CONT,2545.338379,-3895.034424,1702.173462,270.0000
Darlene.esm,10076777,000C9A8A,PrewarBookSingle04,STAT,1737.542236,-3084.693604,1730.680420,271.5403
Darlene.esm,10005507,10005506,VanessaBookContainerMagNoteF,CONT,1731.905640,-3100.906738,1708.365112,268.4588
Darlene.esm,100045A1,100045A0,VanessaBookContainerMagNoteE,CONT,1885.560425,-2744.541504,1686.928345,180.0000
Darlene.esm,1000459E,1000459C,VanessaBookContainerMagNoteD,CONT,2231.027344,-3082.625000,1809.389648,262.5972
Darlene.esm,1000459D,1000459A,VanessaBookContainerMagNoteC,CONT,2865.914795,-3523.292969,1722.295410,0.0000
Darlene.esm,10003620,0008FCA8,BobbyPinBox,MISC,2931.418945,-3924.191650,1695.380371,35.3410
Darlene.esm,1000361E,001E55E5,LunchBoxKids01,MISC,2952.101807,-3925.374756,1695.380371,331.3521
Darlene.esm,1000361D,00059AD1,GlassPitcher01,MISC,2996.638184,-3886.122803,1667.766357,166.1578
Darlene.esm,1000361C,00059B25,Wonderglue,MISC,2854.055908,-3938.944336,1724.875000,0.0000
Darlene.esm,1000361B,00059B25,Wonderglue,MISC,2154.496094,-3388.890381,1728.768433,108.8620
Darlene.esm,1000361A,00059B25,Wonderglue,MISC,2169.753174,-3387.131836,1728.768433,0.0000
Darlene.esm,10003619,001E55E5,LunchBoxKids01,MISC,1738.383911,-3442.541992,1674.070068,0.0000
Darlene.esm,10003618,001E55E5,LunchBoxKids01,MISC,1730.137817,-3417.736572,1670.000000,85.9437
Darlene.esm,10003617,00059AD1,GlassPitcher01,MISC,1831.361450,-3330.123535,1670.000000,154.6988
Darlene.esm,10003616,10003613,VanessaBookContainerMagNoteB,CONT,2376.926270,-3923.519531,1716.498535,274.6067
Darlene.esm,10003615,10003611,VanessaBookContainerMagNoteA,CONT,2242.532471,-3751.144043,1737.292603,273.7372
Darlene.esm,10013268,0005821A,CigarettePack,MISC,2265.630615,-3870.497559,1722.418091,0.0000
Darlene.esm,10013266,10013264,VanessaBookContainerB,CONT,1737.835937,-3041.714600,1753.237305,279.7860
Darlene.esm,10013263,1000FCFE,VanessaMagPola,BOOK,2509.037598,-2869.035889,1699.686890,154.6986
Darlene.esm,10010686,00023736,Stimpak,ALCH,3273.303955,-3735.261475,1706.029297,296.9742
Darlene.esm,10010682,000330F1,PotatoCrisps,ALCH,2058.000000,-3662.000000,1736.000000,40.1070
Darlene.esm,10010681,00061FA7,CookingOil,MISC,2078.000000,-3666.000000,1736.000000,0.0000
Darlene.esm,10010680,001ADC60,IndustrialFan01_Dest,MSTT,2190.000000,-3330.000000,1860.000000,270.0000
Darlene.esm,1001067F,00036B3C,MistLargeRoundDusty,MSTT,1928.000000,-3494.000000,1844.000000,0.0000
Darlene.esm,1009C8B0,000C9A82,PrewarBookStack03,STAT,2937.959961,-3698.101318,1733.085327,347.5438
Darlene.esm,10004541,000FE257,OverdueBook,MISC,1748.000000,-3058.000000,1689.000000,268.3268
Darlene.esm,1000F9FD,1000F9FE,VanessaBookContainerD,CONT,3183.821777,-3812.885742,1673.075317,90.0000
Darlene.esm,10004540,000FE257,OverdueBook,MISC,2248.000000,-3144.000000,1760.000000,0.0000
Darlene.esm,10038B3F,000C9A8D,PrewarBookSingle07,STAT,2999.448975,-3891.204590,1745.019897,270.0000
Darlene.esm,1001F55B,1009A8B5,VanessaPaintingA,STAT,2349.083496,-3278.108643,1813.428589,180.0000
Darlene.esm,1017E738,001796A6,MonkeyTrapTrigger,ACTI,2874.653076,-3812.356201,1798.982910,183.3465
Darlene.esm,10155DD3,100077EF,VanessaCat,NPC_,2165.750732,-2919.046875,1667.220825,182.3832
Darlene.esm,10153F65,000FFC0D,CatSunning,FURN,2336.383057,-3017.314697,1668.590088,17.1888
Darlene.esm,10153F64,0014E682,CatTableSitting,FURN,1987.412476,-2853.713379,1672.162598,331.3522
Darlene.esm,10150294,10150288,VanessaOmeletteRadscorpion,ALCH,2104.260742,-3663.614990,1768.614868,211.9944
Darlene.esm,10150292,00165327,PlateCeramic01_Red_Dirty,MISC,2106.166992,-3664.749512,1767.505859,0.0000
Darlene.esm,1013B1A1,00004E3D,CageBulbWire02,STAT,2336.565186,-3949.706543,1885.670776,279.7862
Darlene.esm,1013B19F,00004E3C,CageBulbWire01,STAT,2224.347412,-3882.832520,1887.379517,31.6480
Darlene.esm,1013649C,000CA9C5,FishDead01,STAT,3568.512207,-3734.507324,1733.079224,256.8677
Darlene.esm,10136499,100E5201,VanessaCoffeeCupIns,MISC,1871.808960,-3673.875732,1736.096924,291.2451
Darlene.esm,10136498,00165326,PlateCeramic01_White_Dirty,MISC,1874.304199,-3670.845703,1735.419434,0.0086
Darlene.esm,10120C30,0009DCC4,Tato,ALCH,1792.097412,-3652.837158,1749.000000,0.0000
Darlene.esm,10120C2F,10120C2B,VanessaBrahminBurger,ALCH,1781.484131,-3654.703613,1751.013916,57.2958
Darlene.esm,10120C2E,10120C2B,VanessaBrahminBurger,ALCH,1790.572021,-3663.072021,1750.374756,291.2451
Darlene.esm,10120C2C,00165326,PlateCeramic01_White_Dirty,MISC,1787.268677,-3658.897705,1749.000000,0.0000
Darlene.esm,1011A94A,000FFE0B,Pot_FoodLarge,STAT,1762.458862,-3574.346436,1744.286011,228.2198
Darlene.esm,101101ED,00181068,AO_Comment_Marker_256,ACTI,3108.525146,-3735.659424,1667.000000,0.0000
Darlene.esm,1010FA53,00181068,AO_Comment_Marker_256,ACTI,1997.043945,-3029.450684,1667.220825,0.0000
Darlene.esm,1010DBEA,00000032,COCMarkerHeading,STAT,2387.532959,-2951.155762,1675.435791,0.0000
Darlene.esm,100EADB0,00060ED8,RatPoison,MISC,2117.689941,-3662.104492,1799.000000,17.1887
Darlene.esm,100EADAF,00060ED8,RatPoison,MISC,2128.592285,-3665.510010,1799.000000,0.0000
Darlene.esm,100EADAE,00060ED8,RatPoison,MISC,2126.629639,-3680.403320,1799.000000,0.0000
Darlene.esm,100EADA8,00059B1A,Toaster_01_PostWar,MISC,1946.573975,-3661.791504,1748.651611,180.0000
Darlene.esm,100EADA7,0001F90A,TinCan01,MISC,1730.427246,-3401.315918,1670.000000,0.0000
Darlene.esm,100EADA6,00192699,Teacup01,MISC,1758.631348,-3479.035889,1702.379883,68.7549
Darlene.esm,100EADA5,0019269B,TeacupSaucer01,MISC,1757.898682,-3478.653320,1701.000000,0.0000
Darlene.esm,100EADA4,00060ED8,RatPoison,MISC,1733.165649,-3399.703857,1700.968750,0.0000
Darlene.esm,100EADA3,00060ED8,RatPoison,MISC,1744.000000,-3424.000000,1700.000000,85.9438
Darlene.esm,100EADA2,00060E7B,OvenMitt,MISC,1794.768555,-3322.921387,1726.000000,80.2141
Darlene.esm,100EAD9F,0001D975,Globe01,MISC,3003.761230,-3881.590088,1797.711304,274.0564
Darlene.esm,100EAD9D,00196AB9,FeatherDuster,MISC,3086.803955,-3821.228027,1667.766357,63.0254
Darlene.esm,100EAD9B,000211C4,CoffeeCup01,MISC,3210.652100,-3744.328369,1716.968750,0.0000
Darlene.esm,100EAD9A,0005821C,CigaretteCarton,MISC,3199.364258,-3754.123779,1701.527100,63.0254
Darlene.esm,100EAD99,00059AB4,Chessboard,MISC,3139.234375,-3824.059326,1667.766357,17.1887
Darlene.esm,100EAD98,001C9E96,AbraxoCleaner_Rare,MISC,3574.876221,-3707.665283,1670.000000,348.5410
Darlene.esm,100EAD97,00059A71,AbraxoCleaner,MISC,3251.313965,-3703.809326,1670.077393,74.4845
Darlene.esm,100EAD95,00059AEA,SubwayTicket,MISC,2479.205566,-3738.857910,1725.867065,291.2451
Darlene.esm,100EAD94,00059AEA,SubwayTicket,MISC,2470.024170,-3781.107422,1726.285645,222.4902
Darlene.esm,100EAD93,0004835F,NukaColaQuantum,ALCH,2453.118164,-3789.307617,1724.850098,0.0000
Darlene.esm,100E6145,0008E371,Ashtray01_Filled,MISC,2482.827393,-3769.915283,1725.242798,0.0000
Darlene.esm,100E59A9,0003A9ED,OfficeBoxPapers03,STAT,2275.566406,-3927.315674,1689.660889,263.5609
Darlene.esm,100E59A8,0003A9ED,OfficeBoxPapers03,STAT,2275.488770,-3923.715332,1668.000000,183.3468
Darlene.esm,100E59A7,100688D8,VanessaSweetRollTES,ALCH,2240.148926,-3892.432373,1713.841187,0.0000
Darlene.esm,100E59A6,100688D8,VanessaSweetRollTES,ALCH,2246.656982,-3901.627197,1713.749268,0.0000
Darlene.esm,100E59A5,100688D8,VanessaSweetRollTES,ALCH,2238.087891,-3904.081543,1714.665405,0.0000
Darlene.esm,100E59A4,00165326,PlateCeramic01_White_Dirty,MISC,2241.586426,-3898.732178,1713.484497,0.0000
Darlene.esm,100E59A3,0008E371,Ashtray01_Filled,MISC,2261.426514,-3854.755127,1721.309570,0.0000
Darlene.esm,100DF66A,0001A829,BldWoodPSmFlrPlat01,STAT,3506.462158,-3960.866699,1922.779175,0.0000
Darlene.esm,100DF669,000FE257,OverdueBook,MISC,2748.070801,-3737.263184,1719.423706,91.7980
Darlene.esm,100DF668,000D3852,PrewarBookSingle11,STAT,2754.332275,-3725.718994,1712.031738,91.6734
Darlene.esm,100DF667,000C9A8D,PrewarBookSingle07,STAT,2752.180176,-3721.700684,1712.890259,85.9437
Darlene.esm,100DF666,000C9A85,PrewarBookStackSm03,STAT,2745.015137,-3734.781494,1715.392456,270.0000
Darlene.esm,100DF665,000C9A85,PrewarBookStackSm03,STAT,2751.958984,-3738.498291,1706.750977,90.0000
Darlene.esm,100DF664,001DFD69,Cardboard_Box_Empty01_CustomStatic,STAT,2748.300537,-3734.849365,1702.292114,0.0000
Darlene.esm,100DF663,0019537A,Loot_Chargen_Suitcase_Clothes,CONT,3549.168213,-3508.976562,1691.175171,0.0000
Darlene.esm,100DF662,0003A9EC,OfficeBoxPapers02,STAT,3481.134766,-3644.613770,1666.885742,269.2903
Darlene.esm,100DF661,00087A65,NpcChairFederalistSit01_Static,STAT,3556.000000,-3632.000000,1666.000000,332.3156
Darlene.esm,100DF660,0003A9EC,OfficeBoxPapers02,STAT,3551.707520,-3630.910645,1698.796021,355.2339
Darlene.esm,100DF65F,00087A65,NpcChairFederalistSit01_Static,STAT,3554.455566,-3624.790283,1748.796021,19.5719
Darlene.esm,100DF65E,00087A65,NpcChairFederalistSit01_Static,STAT,3511.167969,-3633.393799,1668.203979,0.9635
Darlene.esm,100DF65D,0003A9EC,OfficeBoxPapers02,STAT,3509.087402,-3631.479248,1700.203979,275.0199
Darlene.esm,100DF65C,0000000F,Caps001,MISC,3215.611816,-3902.021484,1733.639282,0.0000
Darlene.esm,100DF65B,0000000F,Caps001,MISC,3212.159424,-3907.292969,1733.644287,0.0000
Darlene.esm,100DF65A,0000000F,Caps001,MISC,3206.274414,-3901.600586,1733.493530,0.0000
Darlene.esm,100DF659,0000000F,Caps001,MISC,3191.062500,-3738.505127,1716.968750,0.0000
Darlene.esm,100DF658,0000000F,Caps001,MISC,3202.114258,-3737.022949,1716.968750,0.0000
Darlene.esm,100DF657,0000000F,Caps001,MISC,3199.848389,-3740.511719,1716.968750,0.0000
Darlene.esm,100DF656,0000000F,Caps001,MISC,3196.042969,-3747.144287,1701.407227,0.0000
Darlene.esm,100DF655,0000000F,Caps001,MISC,3017.825928,-3867.727783,1733.711304,0.0000
Darlene.esm,100DF654,0000000F,Caps001,MISC,2997.984131,-3867.057129,1733.711304,0.0000
Darlene.esm,100DF653,0000000F,Caps001,MISC,2993.272705,-3880.070312,1733.711304,0.0000
Darlene.esm,100DF652,0000000F,Caps001,MISC,3018.287109,-3881.263916,1733.711304,0.0000
Darlene.esm,100DF651,0010DEE5,DN011OverdueBookReturnToken,MISC,2988.716797,-3897.420410,1733.711304,233.9493
Darlene.esm,100DF64F,0005821A,CigarettePack,MISC,2992.348877,-3890.507568,1767.069458,0.0974
Darlene.esm,100DF64E,0008E371,Ashtray01_Filled,MISC,2990.676270,-3871.940430,1765.711304,0.0000
Darlene.esm,100DF64D,000D83AB,FancyChandelierCandle01,STAT,1970.000000,-2968.000000,1888.000000,0.0000
Darlene.esm,100DF64C,00020DA5,UtilFreePipe04,STAT,2158.658936,-3694.022705,1883.220825,0.0000
Darlene.esm,100DF64B,00020D9F,UtilFreePipe03,STAT,2170.658936,-3691.791260,1883.220825,0.0000
Darlene.esm,100DF64A,00020DA5,UtilFreePipe04,STAT,2158.658936,-3438.565186,1883.220825,0.0000
Darlene.esm,100DF649,00020D9F,UtilFreePipe03,STAT,2170.658936,-3436.565186,1883.220825,0.0000
Darlene.esm,100DF648,00020DA5,UtilFreePipe04,STAT,2434.887695,-3385.806152,1883.220825,0.0000
Darlene.esm,100DF647,00020D9F,UtilFreePipe03,STAT,2446.887695,-3383.574707,1883.220825,0.0000
Darlene.esm,100DF646,0001A7F8,BldWoodPSmCeilOnly01,STAT,2079.376465,-2560.067383,1667.220825,0.0000
Darlene.esm,100DF645,0001A82D,BldWoodPSmFlrPlat05,STAT,1823.292847,-2560.957275,1923.120850,0.0000
Darlene.esm,100DF644,0001A82D,BldWoodPSmFlrPlat05,STAT,1823.376465,-2816.854736,1923.120850,0.0000
Darlene.esm,100DEE62,00033101,MeatMolerat,ALCH,1855.531494,-3336.573242,1726.000000,325.6226
Darlene.esm,100DEE5E,000913CA,Knife,WEAP,1820.616333,-3339.227539,1731.616211,34.3775
Darlene.esm,100DEE5D,00059ABC,CuttingBoard,MISC,1820.398804,-3334.232910,1726.616211,154.6986
Darlene.esm,100DEE5C,00061AB1,VaseVintageDirty01a,MISC,2992.584961,-3857.133789,1765.711304,0.0000
Darlene.esm,100DEE5B,00061AFE,VaseVintageDirty03e,MISC,2994.066162,-3904.645020,1765.711304,0.0000
Darlene.esm,100DEE5A,00061AFD,VaseVintageDirty03d,MISC,3011.412598,-3914.867432,1765.711304,0.0000
Darlene.esm,100DEE59,00061AFB,VaseVintageDirty03c,MISC,2992.761719,-3925.630127,1765.711304,0.0000
Darlene.esm,100DEE58,00061AF3,VaseVintageDirty03b,MISC,3011.629883,-3926.851318,1765.711304,0.0000
Darlene.esm,100DEE57,000C9A86,PrewarBookStackSm04,STAT,2998.707764,-3902.439697,1747.070068,268.3268
Darlene.esm,100DEE56,000C9A85,PrewarBookStackSm03,STAT,2999.694580,-3915.422852,1747.684326,270.0000
Darlene.esm,100DEE55,000C9A8D,PrewarBookSingle07,STAT,3003.675049,-3936.552002,1744.197144,270.0000
Darlene.esm,100DEE54,000C9A86,PrewarBookStackSm04,STAT,3001.249756,-3925.403564,1745.974121,270.0000
Darlene.esm,100DC0B6,000347E1,BonesSkull,MISC,3002.439697,-3859.624023,1804.224121,274.0564
Darlene.esm,100DC0B4,000AC8C0,VaseVintageDirtyFlowers01c,MISC,3011.450439,-3906.509766,1797.711304,0.0000
Darlene.esm,100DC0B3,00061AFD,VaseVintageDirty03d,MISC,2992.556152,-3917.122559,1797.711304,0.0000
Darlene.esm,100DC0B2,00061AE1,VaseVintageDirty02e,MISC,3013.091064,-3932.223389,1797.711304,0.0000
Darlene.esm,100DC0B1,00061AFD,VaseVintageDirty03d,MISC,3006.987305,-3877.773682,1733.711304,0.0000
Darlene.esm,100DC0B0,00061ADF,VaseVintageDirty02c,MISC,3005.167969,-3856.306396,1733.711304,0.0000
Darlene.esm,100DC0AF,000C9A80,PrewarBookStack01,STAT,3020.866455,-3888.245361,1774.700562,88.3268
Darlene.esm,100DC0AE,000C9A8D,PrewarBookSingle07,STAT,3006.703857,-3849.279053,1772.992920,268.6996
Darlene.esm,100DC0AD,000C9A80,PrewarBookStack01,STAT,3018.824951,-3866.681641,1774.700562,88.3268
Darlene.esm,100DC0AC,00017DD7,MetalShelf01,STAT,3002.637207,-3894.112305,1668.711304,270.0000
Darlene.esm,100D09A4,100D09A3,VanessaSignRoad01,STAT,2604.944824,-3939.978271,1669.456177,171.8874
Darlene.esm,100C5A1F,0008C817,BldBrickSmFlrPlatQuarter01,STAT,2188.838379,-3716.943115,1733.868652,270.0000
Darlene.esm,100C5A1E,0008C817,BldBrickSmFlrPlatQuarter01,STAT,2023.622803,-3698.917236,1733.868652,270.0000
Darlene.esm,100C5A1D,0008C817,BldBrickSmFlrPlatQuarter01,STAT,2151.784424,-3698.917236,1733.868652,270.0000
Darlene.esm,100C5A1B,0003A9EB,OfficeBoxPapers01,STAT,1864.811768,-2774.312500,1667.000000,216.7607
Darlene.esm,100C5A1A,0004CD99,PottedPlantSet_PotAPlant03_Dirty,STAT,2155.679443,-3067.980225,1669.106323,0.0000
Darlene.esm,100C3BA8,0008C817,BldBrickSmFlrPlatQuarter01,STAT,1714.739136,-3571.420410,1733.868652,270.0000
Darlene.esm,100C3BA7,0008C817,BldBrickSmFlrPlatQuarter01,STAT,1714.739136,-3571.420410,1861.900024,270.0000
Darlene.esm,100C3BA6,0008C817,BldBrickSmFlrPlatQuarter01,STAT,1714.739136,-3699.543457,1861.900024,270.0000
Darlene.esm,100C3BA5,0008C817,BldBrickSmFlrPlatQuarter01,STAT,1714.739136,-3699.543457,1733.868652,270.0000
Darlene.esm,100C3BA4,0008C817,BldBrickSmFlrPlatQuarter01,STAT,1701.982056,-3698.917236,1733.868652,270.0000
Darlene.esm,100C3BA3,0008C817,BldBrickSmFlrPlatQuarter01,STAT,1701.982056,-3698.917236,1861.900024,270.0000
Darlene.esm,100C3BA2,0008C817,BldBrickSmFlrPlatQuarter01,STAT,1829.954834,-3698.917236,1733.868652,270.0000
Darlene.esm,100C3BA1,0008C817,BldBrickSmFlrPlatQuarter01,STAT,1829.954834,-3698.917236,1861.900024,270.0000
Darlene.esm,100C3B9E,0008C817,BldBrickSmFlrPlatQuarter01,STAT,1958.000000,-3698.917236,1861.900024,270.0000
Darlene.esm,100C3B9C,0008C817,BldBrickSmFlrPlatQuarter01,STAT,1958.000000,-3698.917236,1733.868652,270.0000
Darlene.esm,100C3B9B,000A790A,DaisyWallpaper02,STAT,3459.605713,-3693.383789,1720.908447,0.0000
Darlene.esm,100C3B9A,0008C817,BldBrickSmFlrPlatQuarter01,STAT,3587.014893,-3838.581299,1669.593750,270.0000
Darlene.esm,100C3B99,0008C817,BldBrickSmFlrPlatQuarter01,STAT,3586.910156,-3731.197998,1688.975342,270.0000
Darlene.esm,100C3B98,0008C817,BldBrickSmFlrPlatQuarter01,STAT,3359.656982,-3948.088135,1688.975342,270.0000
Darlene.esm,100C3B97,0008C817,BldBrickSmFlrPlatQuarter01,STAT,3488.160156,-3948.088135,1688.975342,270.0000
Darlene.esm,100C3B95,100C3B94,VanessaAutoDoc02,ACTI,3370.000000,-3950.000000,1796.000000,0.0000
Darlene.esm,100C33F4,0011DA13,MagnifyingGlass,MISC,3566.329102,-3918.145508,1755.186768,40.1071
Darlene.esm,100C33F3,0019945F,Soap,MISC,3542.629639,-3937.156006,1709.426025,337.0817
Darlene.esm,100C33F2,000286F5,Newspaper,MISC,3559.478516,-3905.121338,1752.631836,0.0000
Darlene.esm,100C33F0,000AC916,VaseVintageCleanFlowers02d,MISC,3578.603760,-3937.429932,1752.631836,0.0000
Darlene.esm,100C33ED,00171947,CoffeeCup01clean,MISC,3562.996826,-3938.230225,1752.631836,256.8677
Darlene.esm,100C33EC,00059B44,Scissors,MISC,3570.860107,-3901.694336,1752.631836,354.2705
Darlene.esm,100C33EB,00059B44,Scissors,MISC,3578.703857,-3902.588379,1752.631836,28.6479
Darlene.esm,100C33E9,00060ECD,Hairbrush_02_Silver,MISC,3581.971680,-3920.223877,1752.631836,0.0000
Darlene.esm,100C33E8,0008C817,BldBrickSmFlrPlatQuarter01,STAT,3551.632812,-3953.542969,1688.116089,270.0000
Darlene.esm,100C33E7,0008C817,BldBrickSmFlrPlatQuarter01,STAT,3616.576172,-3953.542969,1752.631836,270.0000
Darlene.esm,100C33E6,0008C817,BldBrickSmFlrPlatQuarter01,STAT,3615.997559,-3888.788086,1687.669312,270.0000
Darlene.esm,100C33E4,000C9A80,PrewarBookStack01,STAT,3218.069580,-3890.201416,1763.354370,88.3268
Darlene.esm,100C33E3,000C9A8D,PrewarBookSingle07,STAT,3205.948486,-3872.798828,1763.373779,268.6996
Darlene.esm,100C33E2,0003377B,Mentats,ALCH,3095.319824,-3706.196533,1673.993408,80.6014
Darlene.esm,100C33E1,00033779,MedX,ALCH,3084.932861,-3711.514160,1673.372803,91.5731
Darlene.esm,100C33E0,000366C5,Jet,ALCH,3074.923828,-3713.014160,1674.085449,104.1178
Darlene.esm,100C33DF,000366C5,Jet,ALCH,3091.148193,-3707.712402,1676.776611,114.6129
Darlene.esm,100C33DE,00023736,Stimpak,ALCH,3088.549072,-3710.693359,1672.603027,205.3692
Darlene.esm,100C33DD,00023736,Stimpak,ALCH,3088.203857,-3705.448730,1668.498047,279.7855
Darlene.esm,100C33DC,001DFD69,Cardboard_Box_Empty01_CustomStatic,STAT,3085.727783,-3710.066650,1667.368042,85.9437
Darlene.esm,100C33DB,00022792,BeerGwinnettStout,ALCH,1736.507568,-3379.283691,1665.218140,347.2936
Darlene.esm,100C33DA,000F9329,BeerGwinnettPale,ALCH,1721.219849,-3358.215332,1671.009521,359.8974
Darlene.esm,100C33D9,000F932D,BeerGwinnettBrew,ALCH,1721.200317,-3364.851562,1670.384644,0.0185
Darlene.esm,100C33D8,000F932C,BeerGwinnettAle,ALCH,1721.171021,-3373.117187,1671.009888,0.1434
Darlene.esm,100C33D7,000F932D,BeerGwinnettBrew,ALCH,1740.536743,-3373.547119,1682.075562,0.1434
Darlene.esm,100C33D6,000F932C,BeerGwinnettAle,ALCH,1749.756836,-3364.869141,1671.005981,0.0540
Darlene.esm,100C33D5,001AE1F4,Beercrate_Static,STAT,1739.624512,-3368.909424,1670.000000,0.0000
Darlene.esm,100BFE9C,0001BA5B,BldWlpSmWallScktC01,STAT,2458.000000,-2642.182861,1667.000000,180.0000
Darlene.esm,100BE7D0,0001BA5B,BldWlpSmWallScktC01,STAT,3478.158447,-4072.630859,1667.402466,180.0000
Darlene.esm,100BE7CF,0008C817,BldBrickSmFlrPlatQuarter01,STAT,3422.784180,-3952.241455,1644.910278,270.0000
Darlene.esm,100BD100,0008C817,BldBrickSmFlrPlatQuarter01,STAT,3614.986084,-3887.486572,1644.463501,270.0000
Darlene.esm,100BD0FF,0008C817,BldBrickSmFlrPlatQuarter01,STAT,3615.564697,-3952.241455,1709.426025,270.0000
Darlene.esm,100BD0FE,0008C817,BldBrickSmFlrPlatQuarter01,STAT,3614.986084,-3865.535645,1624.779907,270.0000
Darlene.esm,100BD0FD,0008C817,BldBrickSmFlrPlatQuarter01,STAT,3615.564697,-3930.290527,1689.742432,270.0000
Darlene.esm,100BD0FC,0008C817,BldBrickSmFlrPlatQuarter01,STAT,3487.148926,-3865.535645,1624.779907,270.0000
Darlene.esm,100BD0FB,0008C817,BldBrickSmFlrPlatQuarter01,STAT,3487.727539,-3930.290527,1689.742432,270.0000
Darlene.esm,100BD0FA,0008C817,BldBrickSmFlrPlatQuarter01,STAT,3487.148926,-3887.486572,1644.463501,270.0000
Darlene.esm,100BD0F9,0008C817,BldBrickSmFlrPlatQuarter01,STAT,3487.727539,-3952.241455,1709.426025,270.0000
Darlene.esm,100BC957,001BEAF0,PlayerHouse_Ruin_ShowerCurtain01,STAT,3265.500000,-3786.756104,1866.037109,0.0000
Darlene.esm,100BC955,00050AA6,PlayerHouse_BathroomHook01,STAT,3523.285645,-3693.397705,1755.225464,0.0000
Darlene.esm,100BC953,00050AA7,PlayerHouse_BathroomHook02,STAT,3236.744385,-3773.611572,1804.603027,270.0000
Darlene.esm,100BC952,00050AA6,PlayerHouse_BathroomHook01,STAT,3237.816162,-3756.021729,1804.603027,270.0000
Darlene.esm,100BC950,00050AB4,PlayerHouse_BathroomSoapTray01,STAT,3551.417236,-3693.772217,1753.523193,0.0000
Darlene.esm,100BC94C,00091925,PlayerHouse_Ruin_BathroomRackNewspaper01,STAT,3266.233398,-3694.040039,1756.467163,0.0000
Darlene.esm,100BC947,0003A9ED,OfficeBoxPapers03,STAT,3001.496582,-3869.764160,1701.289551,0.0000
Darlene.esm,100BC945,0003A9ED,OfficeBoxPapers03,STAT,2996.798828,-3914.401367,1702.129272,22.9185
Darlene.esm,100BC943,0003A9ED,OfficeBoxPapers03,STAT,3000.069580,-3926.910156,1668.917847,0.0000
Darlene.esm,100B9BA2,000D8556,DefaultLightWhite01NSNonSpec,LIGH,3413.053711,-3824.346680,1754.752563,0.0003
Darlene.esm,100B7D38,00119D24,OBJCookingPotBoilLPMarker,SOUN,1762.000000,-3567.616211,1768.000000,0.0000
Darlene.esm,100B759C,0009DCC4,Tato,ALCH,1738.695435,-3332.689697,1833.677246,91.9746
Darlene.esm,100B759B,0009DCC4,Tato,ALCH,1743.044312,-3339.258789,1831.990967,23.0502
Darlene.esm,100B759A,001C400D,TatoWild,ALCH,1746.484619,-3329.166748,1830.178467,352.9255
Darlene.esm,100B7599,0009DCC4,Tato,ALCH,1730.348145,-3338.879883,1830.575073,300.9897
Darlene.esm,100B7598,0009DCC4,Tato,ALCH,1742.625977,-3335.718994,1822.918091,290.1951
Darlene.esm,100B7597,001C400D,TatoWild,ALCH,1734.589478,-3333.850830,1823.607544,348.8048
Darlene.esm,100B7596,00090E5E,ShoppingBasket,MISC,1739.999268,-3337.000977,1819.507324,0.0000
Darlene.esm,100B6DF9,10081030,VanessaTeddyMoney,CONT,2056.000000,-3662.000000,1829.000000,183.3465
Darlene.esm,100B6DF6,0003A9ED,OfficeBoxPapers03,STAT,1887.000000,-2754.000000,1667.000000,40.1071
Darlene.esm,100B6DF3,0003A9EB,OfficeBoxPapers01,STAT,1906.000000,-2726.000000,1667.000000,34.3775
Darlene.esm,100B6DF2,000E9AE2,NpcChairVaultSit03ClosedStatic,STAT,2163.845459,-3655.469238,1670.000000,0.0000
Darlene.esm,100B4F54,00245D63,CeilingFanLight01Animated,MSTT,2984.000000,-3826.000000,1889.000000,0.0000
Darlene.esm,100B4F53,00245D63,CeilingFanLight01Animated,MSTT,2556.000000,-3832.000000,1888.000000,0.0000
Darlene.esm,100B2945,100B2944,VanessaBookContainerA,CONT,2476.000000,-3249.000000,1681.000000,180.0000
Darlene.esm,100B2943,0004835F,NukaColaQuantum,ALCH,2115.528564,-3683.033936,1797.974487,75.4479
Darlene.esm,100B2942,000BEA58,Dogfood,ALCH,2088.000000,-3663.000000,1799.000000,148.0058
Darlene.esm,100B2941,000BEA58,Dogfood,ALCH,2098.275391,-3691.017822,1799.000000,0.0000
Darlene.esm,100B2940,000BEA58,Dogfood,ALCH,2101.407471,-3668.288574,1799.000000,205.3015
Darlene.esm,100B293F,000366C0,WaterPurified,ALCH,2086.041748,-3665.967041,1767.000000,0.0000
Darlene.esm,100B293E,000366C3,Vodka,ALCH,2126.000000,-3686.000000,1767.000000,28.6479
Darlene.esm,100B293D,000366BF,WaterDirty,ALCH,2114.000000,-3683.000000,1767.000000,45.8366
Darlene.esm,100B293C,0004F4A6,StealthBoy,ALCH,2086.000000,-3679.000000,1799.000000,0.0000
Darlene.esm,100B219F,0003A9ED,OfficeBoxPapers03,STAT,2057.000000,-3673.000000,1800.000000,85.9437
Darlene.esm,100B1A04,000330F1,PotatoCrisps,ALCH,2044.000000,-3668.000000,1736.000000,0.0000
Darlene.esm,100B1A03,000330F1,PotatoCrisps,ALCH,2037.601440,-3694.892334,1706.492554,0.0151
Darlene.esm,100B1A02,00033102,Mutfruit,ALCH,2100.014404,-3681.042236,1771.199951,28.6103
Darlene.esm,100B19FF,0004A152,MirelurkCake,ALCH,2071.202881,-3661.510742,1767.079468,68.7546
Darlene.esm,100B19FE,0004835F,NukaColaQuantum,ALCH,2084.876465,-3681.162109,1767.082153,0.0000
Darlene.esm,100B19FD,00017C73,NoodleCup,ALCH,2128.763916,-3667.759277,1767.000000,97.5166
Darlene.esm,100B19FC,00048360,NukaColaCherry,ALCH,2071.993408,-3683.996338,1767.082153,0.0000
Darlene.esm,100B19FB,000330F0,PorknBeans,ALCH,2058.719482,-3663.758789,1767.069702,0.0000
Darlene.esm,100B19FA,000330F1,PotatoCrisps,ALCH,2064.000244,-3678.000000,1767.154785,0.0000
Darlene.esm,100B19F9,0004835D,NukaCola,ALCH,2050.997070,-3686.002686,1767.082397,0.0000
Darlene.esm,100B19F8,00017C73,NoodleCup,ALCH,2046.911621,-3666.201660,1767.000000,0.0000
Darlene.esm,100B19F7,000330F2,SugarBombs,ALCH,2072.000000,-3687.000000,1735.000000,268.3269
Darlene.esm,100B19F6,000366C1,Whiskey,ALCH,2109.000000,-3665.000000,1703.000000,22.9183
Darlene.esm,100B19F5,000366C0,WaterPurified,ALCH,2125.000000,-3666.000000,1703.000000,256.8677
Darlene.esm,100B19F4,000366BF,WaterDirty,ALCH,2113.000000,-3682.000000,1703.000000,17.1887
Darlene.esm,100B19F3,000366BF,WaterDirty,ALCH,2125.000000,-3681.000000,1703.000000,0.0000
Darlene.esm,100B19F2,00178B24,NukaColaCherry_Cold,ALCH,2050.999268,-3688.002441,1735.060425,45.8366
Darlene.esm,100B19F1,0009DCC4,Tato,ALCH,2118.017334,-3670.510254,1740.674561,200.2802
Darlene.esm,100B19F0,0009DCC4,Tato,ALCH,2097.575684,-3658.766602,1742.397827,156.8797
Darlene.esm,100B19EF,0009DCC4,Tato,ALCH,2101.481934,-3666.151855,1743.649292,348.4752
Darlene.esm,100B19EE,0009DCC4,Tato,ALCH,2096.333496,-3665.443359,1741.656006,89.8228
Darlene.esm,100B19ED,0009DCC4,Tato,ALCH,2104.188965,-3660.925049,1741.809448,339.2826
Darlene.esm,100B19EC,0009DCC4,Tato,ALCH,2107.390625,-3686.468262,1736.709839,9.8869
Darlene.esm,100B19EB,0009DCC4,Tato,ALCH,2104.519287,-3677.619141,1745.523071,354.2816
Darlene.esm,100B19EA,0009DCC4,Tato,ALCH,2094.457031,-3675.919922,1742.678589,31.6491
Darlene.esm,100B19E9,0009DCC4,Tato,ALCH,2103.464355,-3673.327148,1738.237427,5.4223
Darlene.esm,100B19E7,00090E5E,ShoppingBasket,MISC,2098.000000,-3667.000000,1735.000000,97.4028
Darlene.esm,100B19E1,100B19D9,VanessaHelloKittySoupStatic,STAT,1884.000000,-3662.000000,1697.000000,256.8677
Darlene.esm,100B19E0,100B19DE,VanessaMireLurkSoupStatic,STAT,1867.000000,-3661.000000,1698.000000,143.2395
Darlene.esm,100B19DF,100B19DE,VanessaMireLurkSoupStatic,STAT,2000.000000,-3673.000000,1751.000000,40.1070
Darlene.esm,100B19DD,100B19DC,VanessaPartyXmasPoireStatic,STAT,2000.000000,-3672.000000,1764.000000,202.5352
Darlene.esm,100B19DB,100B19D9,VanessaHelloKittySoupStatic,STAT,1985.000000,-3670.000000,1750.000000,90.7101
Darlene.esm,100B19DA,00017DD7,MetalShelf01,STAT,2085.000000,-3674.000000,1670.000000,0.0000
Darlene.esm,100B19CF,00018F7B,Prewar_Locker_01,CONT,1739.000000,-3330.000000,1671.000000,0.0000
Darlene.esm,100B19CE,001ABE37,MetalShelf_Piece,STAT,1768.000000,-3313.000000,1804.000000,90.0000
Darlene.esm,100B19CD,001ABE37,MetalShelf_Piece,STAT,1816.000000,-3313.000000,1804.000000,90.0000
Darlene.esm,100B19CA,000CF443,FishDead02,STAT,1775.000000,-3476.000000,1676.000000,318.9298
Darlene.esm,100B19C7,00238442,Workshop_MinuteManStatue01,STAT,2406.000000,-3248.000000,1738.000000,136.5465
Darlene.esm,100B19C5,0008E7C5,OilLampOn,STAT,2244.000000,-3220.000000,1720.000000,291.2452
Darlene.esm,100B19C4,0008ADF9,defaultLightFire01Flicker,LIGH,2244.000000,-3220.000000,1746.000000,201.2452
Darlene.esm,100B02E1,00036182,FXSmokeStackSteamSmall,MSTT,1757.138184,-3597.664551,1756.000000,337.0817
Darlene.esm,100B02DF,00046940,steakDog,ALCH,1758.000000,-3602.616211,1747.000000,17.1888
Darlene.esm,100B02DE,0019797D,SteakRadroach,ALCH,1744.000000,-3600.616211,1751.000000,51.5662
Darlene.esm,100B02DB,00058AEB,bleedOut,ALCH,3207.000000,-3883.000000,1734.000000,0.0000
Darlene.esm,100B02DA,000459C5,Addictol,ALCH,3210.176514,-3816.082275,1733.833252,68.7549
Darlene.esm,100B02D9,00058AA5,Bufftats,ALCH,3211.000000,-3842.000000,1734.000000,302.7042
Darlene.esm,100B02D8,00033778,Buffout,ALCH,3209.886230,-3863.678223,1733.726929,57.2958
Darlene.esm,100B02D7,00058AA3,Buffjet,ALCH,2876.000000,-3520.000000,1667.000000,0.0000
Darlene.esm,100B02D6,00033778,Buffout,ALCH,2565.000000,-3905.000000,1723.000000,103.1324
Darlene.esm,100B02D5,00033778,Buffout,ALCH,2434.000000,-3799.000000,1725.469727,0.0000
Darlene.esm,100B02D4,000459C5,Addictol,ALCH,2432.000000,-3772.000000,1724.469727,285.5156
Darlene.esm,100B02D3,000366C5,Jet,ALCH,2241.589111,-3817.734863,1752.483887,120.3211
Darlene.esm,100B02D2,00033778,Buffout,ALCH,2387.000000,-3896.000000,1668.000000,0.0000
Darlene.esm,100B02D1,0003377D,Psycho,ALCH,2343.000000,-3919.000000,1727.000000,337.0817
Darlene.esm,100B02BE,001ABE37,MetalShelf_Piece,STAT,1814.000000,-3331.000000,1855.000000,0.0000
Darlene.esm,100B02B8,000FDBA8,MetalTable02Prewar,STAT,1739.900513,-3480.807617,1668.031250,91.6733
Darlene.esm,100AFB0D,0002A62A,FXDripsFew,MSTT,2269.000000,-3520.000000,1887.000000,0.0000
Darlene.esm,100AFB0C,00151A66,defaultLightCool01SpotFlicker,LIGH,2324.000000,-3878.000000,1756.000000,82.5972
Darlene.esm,100AFB0A,000913CA,Knife,WEAP,1808.356812,-3665.078369,1748.000000,103.1324
Darlene.esm,100AFB09,00059AE1,Knife_02_StainlessSteel,MISC,1811.000000,-3685.616211,1748.000000,154.6986
Darlene.esm,100AFB08,00046943,steakMolerat,ALCH,1829.707397,-3680.686523,1750.000000,57.2958
Darlene.esm,100AFB07,0009DCC4,Tato,ALCH,1828.233398,-3692.637451,1749.217285,63.0254
Darlene.esm,100AFB06,0009DCC4,Tato,ALCH,1837.914429,-3686.929199,1749.000000,0.0000
Darlene.esm,100AFB05,00165326,PlateCeramic01_White_Dirty,MISC,1831.000000,-3684.616211,1749.000000,0.0000
Darlene.esm,100AFB04,0019797D,SteakRadroach,ALCH,1834.851196,-3655.415283,1751.000000,68.7549
Darlene.esm,100AFB01,00059ABC,CuttingBoard,MISC,1833.851196,-3655.415283,1748.000000,0.0000
Darlene.esm,100AFAFA,000E9AE2,NpcChairVaultSit03ClosedStatic,STAT,2159.194336,-3669.469238,1670.000000,0.0000
Darlene.esm,100AFAF9,000E9AE1,NpcChairVaultSit02ClosedStatic,STAT,2166.958984,-3685.469238,1670.000000,0.0000
Darlene.esm,100AFAF7,0003292B,PipeWaterLeak01,MSTT,2133.000000,-3503.000000,1683.000000,0.0000
Darlene.esm,100AFAF6,0003292B,PipeWaterLeak01,MSTT,2179.000000,-3481.000000,1784.000000,0.0000
Darlene.esm,100AFAE0,00061ADE,VaseVintageDirty02b,MISC,1737.000000,-3104.000000,1791.000000,0.0000
Darlene.esm,100AFADF,00061AFD,VaseVintageDirty03d,MISC,1736.000000,-3087.000000,1791.000000,0.0000
Darlene.esm,100AFADE,00061AFE,VaseVintageDirty03e,MISC,1741.000000,-3071.000000,1791.000000,0.0000
Darlene.esm,100AFADD,00061AB1,VaseVintageDirty01a,MISC,1734.000000,-3050.000000,1791.000000,0.0000
Darlene.esm,100AFADC,000AC8BE,VaseVintageDirtyFlowers01a,MISC,1733.000000,-3122.000000,1791.000000,0.0000
Darlene.esm,100AFADB,00020194,PlayerHouse_Ruin_CoffeeTin01,MISC,1757.000000,-3401.000000,1703.000000,166.1578
Darlene.esm,100AFADA,000211C4,CoffeeCup01,MISC,1729.000000,-3429.000000,1726.000000,126.0507
Darlene.esm,100AFAD9,000211CC,CoffeePot01,MISC,1755.000000,-3429.000000,1733.000000,148.9690
Darlene.esm,100AFAD8,000211C4,CoffeeCup01,MISC,1735.000000,-3398.000000,1725.000000,34.3775
Darlene.esm,100AFAD7,00059ADB,HotPlate,MISC,1755.170166,-3429.985352,1724.000000,80.2141
Darlene.esm,100AFAD5,0003A9ED,OfficeBoxPapers03,STAT,2488.000000,-2793.000000,1667.000000,0.0000
Darlene.esm,100AFAD3,0003A9EB,OfficeBoxPapers01,STAT,2460.000000,-2794.000000,1667.000000,0.0000
Darlene.esm,100AFAD2,000CF443,FishDead02,STAT,1762.000000,-3529.616211,1708.000000,143.0057
Darlene.esm,100AFAD1,000CF446,FishDead03,STAT,1764.000000,-3527.616211,1700.000000,126.0507
Darlene.esm,100AFAD0,00020191,PlayerHouse_CoffeeTin01,MISC,1738.000000,-3653.616211,1748.000000,137.5101
Darlene.esm,100AFACE,000913CA,Knife,WEAP,1756.000000,-3552.616211,1753.000000,0.0000
Darlene.esm,100AFACD,00059ABC,CuttingBoard,MISC,1753.000000,-3548.616211,1748.000000,120.3212
Darlene.esm,100AFAC9,000CF446,FishDead03,STAT,1736.611572,-3518.998535,1748.000000,303.6677
Darlene.esm,100AFAC8,000CA9C5,FishDead01,STAT,1762.611572,-3517.998535,1750.000000,338.0452
Darlene.esm,100AEB93,00061ABB,VaseVintageDirty01d,MISC,2018.000000,-2718.000000,1722.000000,0.0000
Darlene.esm,100AEB92,00061AD0,VaseVintageDirty02a,MISC,2031.000000,-2705.000000,1722.000000,0.0000
Darlene.esm,100AEB91,00061AF3,VaseVintageDirty03b,MISC,1960.588379,-2717.635254,1721.974609,0.0000
Darlene.esm,100AEB90,00061AFD,VaseVintageDirty03d,MISC,1939.928955,-2718.522705,1721.935059,0.0000
Darlene.esm,100AEB8F,00061AB6,VaseVintageDirty01c,MISC,1938.143066,-2700.270508,1722.321777,0.0000
Darlene.esm,100AEB8E,000978C4,FancyTableConsole02,STAT,1985.669922,-2712.906250,1665.413818,270.0000
Darlene.esm,100AEB8D,0007E2A6,Planter01_Long,STAT,1988.000000,-2710.000000,1724.000000,0.0000
Darlene.esm,100AEB8C,0014EBB9,RoseBush02White,STAT,1983.467529,-2707.683105,1724.904297,0.0000
Darlene.esm,100AEB8B,0003A329,defaultLightCandle01Flicker,LIGH,1974.360596,-2830.151855,1745.190308,0.0000
Darlene.esm,100AEB8A,0004CD70,PottedPlantSet_PotBPlant04_Clean,STAT,2178.000000,-2816.000000,1667.000000,91.6732
Darlene.esm,100AEB81,0008ADF9,defaultLightFire01Flicker,LIGH,2447.000000,-3744.000000,1756.220459,201.2452
Darlene.esm,100AEB80,0003A329,defaultLightCandle01Flicker,LIGH,2755.528564,-3846.040771,1743.000000,0.0000
Darlene.esm,100AEB7F,0008E7C5,OilLampOn,STAT,2756.000000,-3846.000000,1725.000000,319.8932
Darlene.esm,100AEB7E,0003A329,defaultLightCandle01Flicker,LIGH,3212.000000,-3924.000000,1773.000000,0.0000
Darlene.esm,100AEB7D,000FFE0B,Pot_FoodLarge,STAT,1739.835205,-3619.010986,1748.000000,0.0000
Darlene.esm,100AEB7C,0010CBE0,FXSteamVent01,MSTT,1744.000000,-3621.616211,1751.000000,0.0000
Darlene.esm,100AEB7B,0003292B,PipeWaterLeak01,MSTT,2878.000000,-3915.000000,1779.000000,0.0000
Darlene.esm,100AE3E0,000EF2D1,Clock02_Wall,STAT,2107.000000,-3708.000000,1845.000000,180.0000
Darlene.esm,100AE3DD,0003A9ED,OfficeBoxPapers03,STAT,2239.000000,-3188.000000,1700.000000,0.0000
Darlene.esm,100AE3D9,0003A9EC,OfficeBoxPapers02,STAT,2233.000000,-3218.000000,1697.000000,103.1325
Darlene.esm,100AE3D8,00087A65,NpcChairFederalistSit01_Static,STAT,2232.000000,-3188.000000,1665.000000,85.9438
Darlene.esm,100AE3D7,0003A9EC,OfficeBoxPapers02,STAT,2240.000000,-3189.000000,1717.000000,91.6734
Darlene.esm,100AE3D6,00087A65,NpcChairFederalistSit01_Static,STAT,2230.445557,-3221.547119,1665.000000,80.2142
Darlene.esm,100AE3D5,00087A65,NpcChairFederalistSit01_Static,STAT,2235.922607,-3260.210937,1668.000000,91.6733
Darlene.esm,100AE3D4,00087A65,NpcChairFederalistSit01_Static,STAT,2237.000000,-3222.000000,1748.000000,271.6733
Darlene.esm,100AE3D3,0003A9EC,OfficeBoxPapers02,STAT,2237.863525,-3258.154053,1700.000000,5.7297
Darlene.esm,100AE3D2,00059B0A,ShotGlass01,MISC,2341.000000,-3241.000000,1738.000000,0.0000
Darlene.esm,100AE3D1,00059B0A,ShotGlass01,MISC,2352.000000,-3241.000000,1738.000000,0.0000
Darlene.esm,100AE3D0,00059B0A,ShotGlass01,MISC,2344.000000,-3254.000000,1738.000000,0.0000
Darlene.esm,100AE3CF,0011EB44,BeerGlassGwinnett01,MISC,2321.000000,-3239.000000,1738.000000,148.9690
Darlene.esm,100AE3CE,000366C4,bourbon,ALCH,2393.000000,-3259.000000,1738.000000,166.1578
Darlene.esm,100AE3CD,000366C1,Whiskey,ALCH,2383.000000,-3235.000000,1739.000000,189.0761
Darlene.esm,100AE3CC,00145857,Rum,ALCH,2373.930176,-3244.763428,1739.078247,223.4536
Darlene.esm,100AE3CB,000366C3,Vodka,ALCH,2361.000000,-3247.000000,1739.000000,166.1578
Darlene.esm,100AE3C6,00087A65,NpcChairFederalistSit01_Static,STAT,2908.000000,-3511.000000,1665.000000,177.6170
Darlene.esm,100AE3C5,000EC1ED,AMBIntSteamTunnelsSpotSteamA2DLPmarker,SOUN,2770.000000,-3926.000000,1774.000000,0.0000
Darlene.esm,100AE3C3,0005077E,AMBSteamVaultPipeAMarker,SOUN,1755.000000,-3619.616211,1761.000000,0.0000
Darlene.esm,100AE3C2,0014DB62,AMBLightNeonSignBuzz06LPmarker,SOUN,2773.000000,-3579.000000,1848.000000,0.0000
Darlene.esm,100AE3C0,0004AF54,AMBIntWaterSpotDripGroundALPmarker,SOUN,3301.596191,-3886.424072,1770.973511,0.0000
Darlene.esm,100AE3BD,0010CBE0,FXSteamVent01,MSTT,2757.000000,-3927.000000,1760.000000,0.0000
Darlene.esm,100ADC19,00141E6F,PlayerHouse_ShowerFX,MSTT,3283.481201,-3866.970947,1677.949951,90.7099
Darlene.esm,100ADC16,0002A629,FXDrips,MSTT,2906.000000,-3725.000000,1886.000000,0.0000
Darlene.esm,100ADC09,001A77E9,OfficeBoxPapersOpen01,MSTT,2153.000000,-3398.000000,1670.000000,0.0000
Darlene.esm,100ADBF4,00059B14,TeddyBear,MISC,3258.000000,-3922.000000,1690.000000,222.4903
Darlene.esm,100ADBF2,0003A9F2,OfficePaperDebris01,STAT,2039.000000,-3396.000000,1670.000000,0.0000
Darlene.esm,100ADBF1,00165024,OfficePaperDebris02,STAT,2020.000000,-3571.000000,1670.000000,40.1071
Darlene.esm,100ADBF0,00165022,OfficePaperDebris07,STAT,2029.000000,-3651.000000,1670.000000,308.4338
Darlene.esm,100ADBEF,00165015,OfficePaperDebris05,STAT,2061.570557,-3490.437256,1670.000000,171.8874
Darlene.esm,100ADBEE,00165012,OfficePaperDebris03,STAT,2111.000000,-3649.000000,1670.000000,0.0000
Darlene.esm,100ADBE1,0003A9ED,OfficeBoxPapers03,STAT,3199.000000,-3752.000000,1685.000000,81.1776
Darlene.esm,100ADBE0,0003A9ED,OfficeBoxPapers03,STAT,3200.000000,-3754.000000,1667.000000,0.9635
Darlene.esm,100ADBDF,0003A9EB,OfficeBoxPapers01,STAT,3207.000000,-3711.000000,1690.000000,91.6733
Darlene.esm,100ADBDE,0003A9EC,OfficeBoxPapers02,STAT,3203.000000,-3788.000000,1690.000000,6.6930
Darlene.esm,100ADBDD,0003A9ED,OfficeBoxPapers03,STAT,3205.359131,-3716.128906,1667.000000,171.8874
Darlene.esm,100ADBDC,0003A9ED,OfficeBoxPapers03,STAT,3201.000000,-3787.000000,1667.000000,275.0198
Darlene.esm,100ADBD7,00059AB5,Cigarette_Off01,MISC,3194.000000,-3771.000000,1717.000000,0.0000
Darlene.esm,100ADBD6,0008E371,Ashtray01_Filled,MISC,3192.000000,-3764.000000,1717.000000,0.0000
Darlene.esm,100ADBD5,00058AA8,PsychoJet,ALCH,3205.000000,-3767.000000,1717.000000,5.7296
Darlene.esm,100ADBD4,000366C5,Jet,ALCH,3193.000000,-3747.000000,1717.000000,28.6479
Darlene.esm,100AA66F,100634F3,Vanessa_Loot_Prewar_Suitcase,CONT,2319.000000,-3816.000000,1668.000000,349.5044
Darlene.esm,100A8809,0019593F,CafeSideTable01,STAT,3200.000000,-3755.000000,1668.000000,268.3269
Darlene.esm,100A8807,00037BC2,PlayerHouse_Ruin_Kitchen_CabinetPlatform01,STAT,1986.599609,-3611.000000,1670.000000,90.0000
Darlene.esm,100A8805,00037BC2,PlayerHouse_Ruin_Kitchen_CabinetPlatform01,STAT,1926.000000,-3611.000000,1670.000000,90.0000
Darlene.esm,100A8803,00037BC2,PlayerHouse_Ruin_Kitchen_CabinetPlatform01,STAT,1866.000000,-3612.000000,1670.000000,90.0000
Darlene.esm,100A8801,00037BC2,PlayerHouse_Ruin_Kitchen_CabinetPlatform01,STAT,1805.695801,-3542.408447,1670.000000,90.0000
Darlene.esm,100A8800,00037BC2,PlayerHouse_Ruin_Kitchen_CabinetPlatform01,STAT,1805.000000,-3611.000000,1670.000000,90.0000
Darlene.esm,100A87F8,0008ADF9,defaultLightFire01Flicker,LIGH,2067.000000,-3344.000000,1767.000000,270.0000
Darlene.esm,100A87F7,0008E7C5,OilLampOn,STAT,2065.983887,-3343.328613,1717.455811,0.0000
Darlene.esm,100A87F6,00059B10,Spoon_01_Plastic,MISC,2438.000000,-3806.000000,1723.000000,63.0254
Darlene.esm,100A87F4,00060E95,Spoon_03_Silver,MISC,2474.910156,-3778.345215,1725.398682,0.0000
Darlene.esm,100A87F3,0012B4B7,DefaultLightWhite01SpotNoAttenGoboPlugC,LIGH,2564.000000,-3158.000000,1888.000000,237.5764
Darlene.esm,100A87F1,00059B10,Spoon_01_Plastic,MISC,1907.605103,-3664.062500,1749.000000,177.6169
Darlene.esm,100A87F0,100A526B,VanessaHelloKittySoup,ALCH,1917.578003,-3663.417236,1748.000000,274.0564
Darlene.esm,100A87EF,00020189,PlayerHouse_Ruin_PepperMill01,MISC,1928.315186,-3687.876953,1748.000000,0.0000
Darlene.esm,100A87EE,0002018A,PlayerHouse_Ruin_SaltShaker01,MISC,1919.767456,-3690.470459,1748.000000,0.0000
Darlene.esm,100A87ED,000286F5,Newspaper,MISC,1930.335449,-3667.053467,1748.000000,17.1888
Darlene.esm,100A87EB,00061FA7,CookingOil,MISC,1939.928467,-3688.042725,1748.000000,0.0000
Darlene.esm,100A87EA,0003A9EC,OfficeBoxPapers02,STAT,2079.000000,-3669.000000,1705.000000,263.5606
Darlene.esm,100A87E9,0003A9ED,OfficeBoxPapers03,STAT,2082.000000,-3675.000000,1671.000000,189.0762
Darlene.esm,100A87E8,0003A9ED,OfficeBoxPapers03,STAT,2046.000000,-3676.000000,1671.000000,85.9437
Darlene.esm,100A87E7,0003A9EC,OfficeBoxPapers02,STAT,2119.000000,-3676.000000,1670.000000,91.6732
Darlene.esm,100A87E6,0003A9EB,OfficeBoxPapers01,STAT,2046.000000,-3663.000000,1705.000000,5.7296
Darlene.esm,100A87E5,00187669,PictureFramePortrait04,STAT,2106.000000,-3314.000000,1834.000000,0.0000
Darlene.esm,100A87E3,001A71B5,PictureFrameRect03,STAT,2068.000000,-3314.000000,1778.000000,0.0000
Darlene.esm,100A87E2,0010008A,PictureFrameModern04,STAT,2042.000000,-3314.000000,1824.000000,0.0000
Darlene.esm,100A87E1,00087A65,NpcChairFederalistSit01_Static,STAT,2068.000000,-3348.000000,1745.000000,196.2254
Darlene.esm,100A87E0,0003A9EC,OfficeBoxPapers02,STAT,2071.193604,-3342.566650,1695.000000,178.5804
Darlene.esm,100A87DF,00087A65,NpcChairFederalistSit01_Static,STAT,2067.118896,-3340.984619,1665.000000,155.6621
Darlene.esm,100A87DE,00087A65,NpcChairFederalistSit01_Static,STAT,2022.175171,-3337.228760,1668.000000,184.3099
Darlene.esm,100A87DD,0003A9EC,OfficeBoxPapers02,STAT,2024.141479,-3339.262207,1700.000000,98.3663
Darlene.esm,100A61BB,0001A829,BldWoodPSmFlrPlat01,STAT,3096.000000,-3450.034180,1924.000000,0.0000
Darlene.esm,100A61BA,0001A829,BldWoodPSmFlrPlat01,STAT,2242.000000,-3579.000000,1923.000000,0.0000
Darlene.esm,100A61B9,0001A829,BldWoodPSmFlrPlat01,STAT,2333.000000,-3325.000000,1923.000000,0.0000
Darlene.esm,100A61B7,0001A829,BldWoodPSmFlrPlat01,STAT,2589.444824,-3324.515869,1922.779175,0.0000
Darlene.esm,100A61B6,0001A829,BldWoodPSmFlrPlat01,STAT,2588.445801,-3076.510498,1923.000000,0.0000
Darlene.esm,100A5A1B,0001BA2E,BldWlpSmWall01,STAT,3345.000000,-4069.000000,1667.000000,0.0000
Darlene.esm,100A5A1A,0001BA2E,BldWlpSmWall01,STAT,3614.000000,-3549.000000,1669.000000,270.0000
Darlene.esm,100A5A19,0001BA2E,BldWlpSmWall01,STAT,3610.291504,-3804.788818,1669.259644,90.0000
Darlene.esm,100A5A17,0001BA3D,BldWlpSmWall12,STAT,3614.481201,-3838.970947,1666.949951,270.0000
Darlene.esm,100A5A16,000A790A,DaisyWallpaper02,STAT,3459.074951,-3947.970947,1776.099365,180.0000
Darlene.esm,100A5A15,0008C817,BldBrickSmFlrPlatQuarter01,STAT,3553.000000,-3881.000000,1670.000000,270.0000
Darlene.esm,100A5A14,0008C817,BldBrickSmFlrPlatQuarter01,STAT,3553.000000,-3753.000000,1670.000000,270.0000
Darlene.esm,100A5A13,0001A81F,BldWoodPSmFlrOnly01,STAT,3630.000000,-3602.000000,1667.000000,0.0000
Darlene.esm,100A5A12,0008C817,BldBrickSmFlrPlatQuarter01,STAT,2144.000000,-3722.501465,1670.000000,268.5824
Darlene.esm,100A5A11,0001A81F,BldWoodPSmFlrOnly01,STAT,2614.000000,-2870.722412,1667.000000,0.0000
Darlene.esm,100A5A0F,0001A81F,BldWoodPSmFlrOnly01,STAT,2614.000000,-3125.114258,1667.000000,0.0000
Darlene.esm,100A5A0E,0001A81F,BldWoodPSmFlrOnly01,STAT,2614.212402,-3376.488037,1666.779175,0.0000
Darlene.esm,100A5A0D,000D384F,PrewarBookStack04,STAT,2459.000000,-3247.000000,1681.000000,180.0000
Darlene.esm,100A5A0C,0001A821,BldWoodPSmFlrOnly03,STAT,2106.000000,-3372.000000,1667.000000,0.0000
Darlene.esm,100A5A0B,0001A81F,BldWoodPSmFlrOnly01,STAT,2360.000000,-3377.000000,1667.000000,0.0000
Darlene.esm,100A5A0A,0001BA2E,BldWlpSmWall01,STAT,2079.000000,-3341.000000,1667.000000,180.0000
Darlene.esm,100A5A09,0001BA2E,BldWlpSmWall01,STAT,2193.000000,-3423.500000,1670.000000,90.0000
Darlene.esm,100A526F,0008ADF9,defaultLightFire01Flicker,LIGH,2571.000000,-3909.000000,1755.000000,201.2452
Darlene.esm,100A526E,100A526B,VanessaHelloKittySoup,ALCH,2439.000000,-3821.000000,1725.469727,268.3268
Darlene.esm,100A4AC3,0008E7C5,OilLampOn,STAT,3215.000000,-3928.000000,1755.000000,319.8932
Darlene.esm,100A4AC1,100A431F,VanessaPaintingD,STAT,2455.258301,-3948.000000,1816.689331,180.0000
Darlene.esm,100A4327,100A4325,VanessaCookingStove,FURN,1799.000000,-3621.616211,1690.000000,270.0000
Darlene.esm,100A3B85,0001BA3D,BldWlpSmWall12,STAT,3113.000000,-3839.000000,1667.000000,270.0000
Darlene.esm,100A3B84,0001BA3D,BldWlpSmWall12,STAT,2601.000000,-3839.000000,1667.000000,270.0000
Darlene.esm,100A3B83,0001BA3D,BldWlpSmWall12,STAT,1811.000000,-3594.000000,1667.000000,270.0000
Darlene.esm,100A3B82,0001BA3D,BldWlpSmWall12,STAT,2067.000000,-3594.000000,1667.000000,270.0000
Darlene.esm,100A3B81,0001BA2E,BldWlpSmWall01,STAT,2345.000000,-3601.000000,1668.000000,90.0000
Darlene.esm,1009E035,0001BA3D,BldWlpSmWall12,STAT,2588.000000,-4076.000000,1665.000000,180.0000
Darlene.esm,1009D896,0005E9C6,DogmeatLay01,FURN,1937.000000,-3009.000000,1673.000000,18.1522
Darlene.esm,1009D0E7,000517B0,DefaultLightWhite01NS,LIGH,3280.217773,-3588.003662,1786.000000,0.0000
Darlene.esm,1009D0E6,000517B0,DefaultLightWhite01NS,LIGH,3070.745850,-3570.770508,1770.000000,0.0000
Darlene.esm,1009D0E5,000517B0,DefaultLightWhite01NS,LIGH,1970.427612,-3495.249756,1815.801758,0.0000
Darlene.esm,1009C938,0004CD99,PottedPlantSet_PotAPlant03_Dirty,STAT,2549.000000,-3919.000000,1723.000000,0.0000
Darlene.esm,1009C92B,10081030,VanessaTeddyMoney,CONT,2241.285156,-3745.492187,1761.248901,275.0200
Darlene.esm,1009C91D,0003A9ED,OfficeBoxPapers03,STAT,2255.992920,-3859.520264,1700.947021,177.6171
Darlene.esm,1009C91C,00087A65,NpcChairFederalistSit01_Static,STAT,2247.266113,-3860.426758,1668.903076,85.9438
Darlene.esm,1009C91B,00087A65,NpcChairFederalistSit01_Static,STAT,2254.153076,-3862.031982,1748.903076,265.9437
Darlene.esm,1009C91A,0008ADF9,defaultLightFire01Flicker,LIGH,2258.000000,-3861.000000,1740.000000,201.2452
Darlene.esm,1009C919,0008E7C5,OilLampOn,STAT,2244.315186,-3862.498779,1720.903076,291.2452
Darlene.esm,1009C916,000399ED,ToolRackGarage01,STAT,2185.340820,-3411.367187,1768.000000,88.3268
Darlene.esm,1009C913,0003A9ED,OfficeBoxPapers03,STAT,2947.000000,-3516.000000,1669.000000,274.0566
Darlene.esm,1009C912,0003A9EC,OfficeBoxPapers02,STAT,2911.000000,-3511.000000,1696.000000,183.3465
Darlene.esm,1009C911,00087A65,NpcChairFederalistSit01_Static,STAT,2866.756836,-3515.733154,1665.203979,154.6986
Darlene.esm,1009C910,0003A9EC,OfficeBoxPapers02,STAT,2871.000000,-3517.000000,1698.000000,177.6170
Darlene.esm,1009C90F,00087A65,NpcChairFederalistSit01_Static,STAT,2868.000000,-3523.000000,1748.000000,197.1889
Darlene.esm,1009C90E,0008ADF9,defaultLightFire01Flicker,LIGH,2864.772949,-3514.404541,1766.748169,270.0000
Darlene.esm,1009C90D,0008E7C5,OilLampOn,STAT,2864.000000,-3514.000000,1720.000000,0.0000
Darlene.esm,1009C90C,0003A9EC,OfficeBoxPapers02,STAT,2823.756836,-3514.733154,1700.203979,97.4029
Darlene.esm,1009C90B,00087A65,NpcChairFederalistSit01_Static,STAT,2821.756836,-3512.733154,1668.203979,183.3465
Darlene.esm,1009C909,00018779,FluorescentLight01,STAT,3194.000000,-3575.000000,1888.000000,0.0000
Darlene.esm,1009C905,001A71B3,PictureFrameRect02,STAT,2877.000000,-3493.000000,1791.000000,0.0000
Darlene.esm,1009C904,0001CC63,PictureFrame04,STAT,2916.000000,-3492.000000,1842.000000,0.0000
Darlene.esm,1009C903,0001CC64,PictureFrame05,STAT,2852.922852,-3486.663330,1838.273682,0.0000
Darlene.esm,1009C902,000F92E6,PictureFrame07,STAT,3503.340576,-3490.846680,1808.596313,0.0000
Darlene.esm,1009C901,0001CC64,PictureFrame05,STAT,3184.459961,-3694.050049,1803.016113,0.0000
Darlene.esm,1009C900,001A71B9,PictureFrameRect05,STAT,3115.338867,-3692.000000,1832.487061,0.0000
Darlene.esm,1009C8FF,001A71B7,PictureFrameRect04,STAT,3190.699219,-3695.242432,1851.935059,0.0000
Darlene.esm,1009C8FC,000D445A,BldDecoSmFlrOnly04,STAT,2845.798828,-3818.733154,1667.766357,180.0000
Darlene.esm,1009C8FB,000D445A,BldDecoSmFlrOnly04,STAT,3101.191406,-3818.733154,1667.766357,180.0000
Darlene.esm,1009C8FA,000D445A,BldDecoSmFlrOnly04,STAT,2313.582275,-3818.733154,1667.766357,180.0000
Darlene.esm,1009C8F9,000D445A,BldDecoSmFlrOnly04,STAT,2568.974854,-3818.733154,1667.766357,180.0000
Darlene.esm,1009C8F4,00107E47,SignDiner01,STAT,1715.000000,-3362.061523,1849.000000,270.0000
Darlene.esm,1009C8E9,001A718D,PictureFrameRect01,STAT,2613.087158,-3491.470215,1814.977539,0.0000
Darlene.esm,1009C8E7,00061AF3,VaseVintageDirty03b,MISC,2582.377930,-3518.830811,1722.359619,0.0000
Darlene.esm,1009C8E6,00061AFD,VaseVintageDirty03d,MISC,2561.718506,-3519.718262,1722.320068,0.0000
Darlene.esm,1009C8E5,00061AB6,VaseVintageDirty01c,MISC,2559.932617,-3501.466064,1722.706787,0.0000
Darlene.esm,1009C8E4,00061AD0,VaseVintageDirty02a,MISC,2588.633301,-3503.822754,1722.355957,0.0000
Darlene.esm,1009C8E3,00061ABB,VaseVintageDirty01d,MISC,2606.789551,-3521.195557,1722.385010,0.0000
Darlene.esm,1009C8E2,0007E2A6,Planter01_Long,STAT,2643.117432,-3500.280518,1724.318237,180.0000
Darlene.esm,1009C8E1,0007E2A6,Planter01_Long,STAT,2643.010986,-3513.888672,1724.318237,0.0000
Darlene.esm,1009C8DD,0014EBB9,RoseBush02White,STAT,2638.478516,-3511.571777,1725.222534,0.0000
Darlene.esm,1009C8DB,000978C4,FancyTableConsole02,STAT,2607.459473,-3514.101807,1665.798828,270.0000
Darlene.esm,1009C8D8,0001D492,defaultLight03,LIGH,1843.000000,-3494.000000,1791.000000,0.0000
Darlene.esm,1009C8D0,0001A829,BldWoodPSmFlrPlat01,STAT,2324.000000,-3825.000000,1923.000000,0.0000
Darlene.esm,1009C8C5,000A790A,DaisyWallpaper02,STAT,3234.000000,-3717.000000,1757.964600,270.0000
Darlene.esm,1009C8C4,000A790A,DaisyWallpaper02,STAT,3548.000000,-3693.383789,1792.442749,0.0000
Darlene.esm,1009C8C3,000A790A,DaisyWallpaper02,STAT,3408.086670,-3693.788818,1863.461548,0.0000
Darlene.esm,1009C8C2,000A790A,DaisyWallpaper02,STAT,3587.000000,-3728.327637,1855.468262,90.0000
Darlene.esm,1009C8C1,000A790A,DaisyWallpaper02,STAT,3587.000000,-3915.000000,1803.262939,90.0000
Darlene.esm,1009C8C0,000A790A,DaisyWallpaper02,STAT,3233.655518,-3762.431152,1837.837402,270.0000
Darlene.esm,1009C8BF,000A790A,DaisyWallpaper02,STAT,3234.865479,-3835.848877,1782.077393,270.0000
Darlene.esm,1009C8BE,000A790A,DaisyWallpaper02,STAT,3234.000000,-3903.000000,1858.000000,270.0000
Darlene.esm,1009C8BD,000FDBA8,MetalTable02Prewar,STAT,2755.720947,-3785.704346,1662.411621,270.0000
Darlene.esm,1009C8BC,000978C4,FancyTableConsole02,STAT,2979.387695,-3714.577881,1665.798828,270.0000
Darlene.esm,1009C8B8,00144AAF,NPCBoxSearch,FURN,2946.003418,-3882.585449,1665.000000,180.0000
Darlene.esm,1009C8B7,0003A9EB,OfficeBoxPapers01,STAT,2947.613770,-3917.075684,1721.095215,180.0000
Darlene.esm,1009C8B6,000FDBA8,MetalTable02Prewar,STAT,2937.829834,-3931.644775,1662.411621,180.0000
Darlene.esm,1009C8B5,0007132E,Loot_Prewar_Medkit_Chems_Wall,CONT,3167.000000,-3692.000000,1776.000000,180.0000
Darlene.esm,1009C8B4,000D2A5E,MS09AncientWall,STAT,3146.836426,-3702.176270,1662.000000,181.0000
Darlene.esm,1009C8B2,000E2E39,MS09AncientMedal,STAT,3010.959961,-3715.101318,1725.085327,5.7299
Darlene.esm,1009C8B1,000488BA,InsVase01c,MISC,2970.959961,-3710.101318,1725.085327,85.9437
Darlene.esm,1009C8AE,000518BB,BerryMentats,ALCH,2833.000000,-3922.000000,1723.000000,268.3271
Darlene.esm,1009C8AD,00058AA3,Buffjet,ALCH,2760.310791,-3897.163330,1725.000000,302.7044
Darlene.esm,1009C8AC,0003377D,Psycho,ALCH,2875.000000,-3939.000000,1723.000000,108.8621
Darlene.esm,1009C8AB,00023736,Stimpak,ALCH,2807.000000,-3917.000000,1725.000000,183.3466
Darlene.esm,1009C8AA,0010129A,GrapeMentats,ALCH,2857.000000,-3915.000000,1728.000000,228.2199
Darlene.esm,1009C8A9,00058AA8,PsychoJet,ALCH,2782.008545,-3905.386475,1724.000610,308.4340
Darlene.esm,1009C8A8,0012F2F5,WorkbenchChemistryA,FURN,2824.000000,-3880.000000,1669.000000,180.0000
Darlene.esm,1009C8A7,000C9A88,PrewarBookSingle02,STAT,2738.555176,-3889.898926,1733.841797,273.6091
Darlene.esm,1009C8A6,000C9A83,PrewarBookStackSm01,STAT,2735.764893,-3901.503174,1735.053467,279.7862
Darlene.esm,1009C8A5,000C9A86,PrewarBookStackSm04,STAT,2738.294678,-3912.733887,1734.291504,274.0566
Darlene.esm,1009C0FC,0012B4B7,DefaultLightWhite01SpotNoAttenGoboPlugC,LIGH,3584.000000,-3824.000000,1875.000000,238.3810
Darlene.esm,1009C0FB,000D8556,DefaultLightWhite01NSNonSpec,LIGH,3511.479248,-3887.688965,1800.000000,0.0000
Darlene.esm,1009C0F8,0007481B,PlayerHouse_Curtain01,STAT,3582.946533,-3861.515381,1876.449951,270.0003
Darlene.esm,1009C0F7,000FE2A3,PlayerHouse_CurtainRod04,STAT,3584.946533,-3828.460449,1878.449951,90.0000
Darlene.esm,1009C0F6,000FE2A3,PlayerHouse_CurtainRod04,STAT,3587.489502,-3569.084473,1878.298706,90.0000
Darlene.esm,1009C0F4,000C3676,Vault_Sink_01Activator,ACTI,3585.518555,-3732.020020,1668.011597,90.0000
Darlene.esm,1009C0F3,000978CA,FancyTableRectangle01,STAT,3563.000000,-3792.000000,1671.000000,180.0000
Darlene.esm,1009C0F2,00060ECD,Hairbrush_02_Silver,MISC,3564.087402,-3767.515137,1727.500000,269.2903
Darlene.esm,1009C0F1,00060ECE,Toothbrush,MISC,3561.222412,-3791.843750,1727.500000,183.3466
Darlene.esm,1009C0F0,00199A88,Toothpaste,MISC,3557.066650,-3782.136230,1727.500000,194.8058
Darlene.esm,1009C0EF,0014A349,ClothesBathrobe,ARMO,3555.981445,-3806.138428,1727.566895,91.6734
Darlene.esm,1009C0EE,0007132E,Loot_Prewar_Medkit_Chems_Wall,CONT,2934.000000,-3946.000000,1794.000000,0.0000
Darlene.esm,1009C0ED,000A790A,DaisyWallpaper02,STAT,3526.591553,-3950.767334,1839.354736,180.0000
Darlene.esm,1009C0EC,000A790A,DaisyWallpaper02,STAT,3385.481201,-3948.970947,1855.816895,180.0000
Darlene.esm,1009C0EB,00059AFB,Plunger,MISC,3255.292725,-3763.786377,1670.926147,103.1325
Darlene.esm,1009C0EA,000A78FE,DaisyRug,STAT,3519.031006,-3568.635254,1667.950439,103.1325
Darlene.esm,1009C0E9,00091932,PlayerHouse_Ruin_Toilet01,STAT,3270.220947,-3734.675293,1670.000000,270.0000
Darlene.esm,1009C0E8,0019945F,Soap,MISC,3388.000000,-3818.000000,1672.000000,103.1325
Darlene.esm,1009C0E7,0019945F,Soap,MISC,3352.000000,-3850.000000,1674.000000,240.6424
Darlene.esm,1009C0E6,00091933,PlayerHouse_Ruin_Shower01,STAT,3283.000000,-3867.000000,1677.000000,90.0000
Darlene.esm,1009C0E3,0001BA3D,BldWlpSmWall12,STAT,3120.000000,-4075.000000,1667.000000,180.0000
Darlene.esm,1009C0D9,000D8556,DefaultLightWhite01NSNonSpec,LIGH,3567.489502,-3569.084473,1750.298706,0.0000
Darlene.esm,1009C0D4,0001A829,BldWoodPSmFlrPlat01,STAT,3697.612305,-3458.624023,1922.848755,0.0000
Darlene.esm,1009C0D3,0001A829,BldWoodPSmFlrPlat01,STAT,3602.000000,-3706.108643,1923.000000,0.0000
Darlene.esm,1009C0D1,0001A829,BldWoodPSmFlrPlat01,STAT,3606.192871,-3457.866699,1923.779175,0.0000
Darlene.esm,1009C0D0,0001A829,BldWoodPSmFlrPlat01,STAT,3347.000000,-3706.000000,1923.000000,0.0000
Darlene.esm,1009C0CF,0001A829,BldWoodPSmFlrPlat01,STAT,3250.792725,-3960.866699,1922.779175,0.0000
Darlene.esm,1009C0CE,0001A829,BldWoodPSmFlrPlat01,STAT,2996.599854,-3961.000000,1922.000000,0.0000
Darlene.esm,1009C0CC,0001A829,BldWoodPSmFlrPlat01,STAT,3091.000000,-3706.000000,1923.000000,0.0000
Darlene.esm,1009C0CB,0001A829,BldWoodPSmFlrPlat01,STAT,3352.000000,-3458.000000,1924.000000,0.0000
Darlene.esm,1009C0C9,000EF2D1,Clock02_Wall,STAT,3244.009766,-3487.421387,1845.596313,0.0000
Darlene.esm,1009C0C8,001C3D6D,BldGlassTransExt01Opaque,STAT,3409.169189,-3477.293213,1695.971680,90.0000
Darlene.esm,1009C0C7,000CBAB4,BldWlpSmWallPlugC01,STAT,3367.032471,-3474.293213,1668.412109,90.0000
Darlene.esm,1009C0C6,0007481B,PlayerHouse_Curtain01,STAT,3409.862305,-3493.317871,1876.198608,0.0000
Darlene.esm,1009C0C5,0001BA5B,BldWlpSmWallScktC01,STAT,3367.055420,-3600.750000,1668.000000,90.0000
Darlene.esm,1009C0C4,000FE2A3,PlayerHouse_CurtainRod04,STAT,3366.240723,-3494.190186,1877.596313,0.0000
Darlene.esm,1009C0C3,0007481B,PlayerHouse_Curtain01,STAT,3326.671631,-3494.933594,1876.198608,0.0000
Darlene.esm,1009C0C2,0007481B,PlayerHouse_Curtain01,STAT,3074.000000,-3494.000000,1878.000000,0.0000
Darlene.esm,1009C0C1,000CBAB4,BldWlpSmWallPlugC01,STAT,3111.194336,-3473.307617,1667.696655,90.0000
Darlene.esm,1009C0BF,001C3D6D,BldGlassTransExt01Opaque,STAT,3114.907715,-3481.012451,1699.545288,90.0000
Darlene.esm,1009C0BE,0007481B,PlayerHouse_Curtain01,STAT,3156.213867,-3495.175049,1877.729248,0.0000
Darlene.esm,1009C0BD,000FE2A3,PlayerHouse_CurtainRod04,STAT,3116.750000,-3495.321045,1877.596313,0.0000
Darlene.esm,1009C0BC,0001BA5B,BldWlpSmWallScktC01,STAT,3111.369141,-3600.750000,1668.000000,90.0000
Darlene.esm,1009C0B8,0001BA2E,BldWlpSmWall01,STAT,2843.000000,-4074.000000,1667.000000,0.0000
Darlene.esm,1009C0AE,0008C817,BldBrickSmFlrPlatQuarter01,STAT,3384.000000,-4010.000000,1669.000000,270.0000
Darlene.esm,1009C0AD,0008C817,BldBrickSmFlrPlatQuarter01,STAT,3553.000000,-4009.000000,1670.000000,270.0000
Darlene.esm,1009C0AC,0008C817,BldBrickSmFlrPlatQuarter01,STAT,3299.674561,-3880.741943,1670.077393,270.0000
Darlene.esm,1009C0AB,0008C817,BldBrickSmFlrPlatQuarter01,STAT,3427.674561,-3880.741943,1670.077393,270.0000
Darlene.esm,1009C0AA,0008C817,BldBrickSmFlrPlatQuarter01,STAT,3427.554443,-3752.741943,1670.077393,270.0000
Darlene.esm,1009C0A9,0008C817,BldBrickSmFlrPlatQuarter01,STAT,3299.674561,-3752.741943,1670.077393,270.0000
Darlene.esm,1009C0A8,0008C817,BldBrickSmFlrPlatQuarter01,STAT,2135.899902,-3338.898926,1670.000000,268.5824
Darlene.esm,1009C0A7,0008C817,BldBrickSmFlrPlatQuarter01,STAT,2138.962402,-3466.831543,1670.000000,268.5824
Darlene.esm,1009C0A5,0008C817,BldBrickSmFlrPlatQuarter01,STAT,2141.361816,-3594.834473,1670.000000,268.5824
Darlene.esm,1009C0A4,0008C817,BldBrickSmFlrPlatQuarter01,STAT,1760.071045,-3731.958740,1670.000000,268.5824
Darlene.esm,1009C0A3,0008C817,BldBrickSmFlrPlatQuarter01,STAT,1888.000000,-3728.916504,1670.000000,268.5824
Darlene.esm,1009C0A2,0008C817,BldBrickSmFlrPlatQuarter01,STAT,2015.961426,-3725.850342,1670.000000,268.5824
Darlene.esm,1009C0A1,0008C817,BldBrickSmFlrPlatQuarter01,STAT,1758.039307,-3604.166260,1670.000000,268.5824
Darlene.esm,1009C0A0,0008C817,BldBrickSmFlrPlatQuarter01,STAT,1885.500122,-3601.000000,1670.000000,268.5824
Darlene.esm,1009C09F,0008C817,BldBrickSmFlrPlatQuarter01,STAT,2013.461548,-3597.832520,1670.000000,268.5824
Darlene.esm,1009C09E,0008C817,BldBrickSmFlrPlatQuarter01,STAT,2010.961426,-3469.832520,1670.000000,268.5824
Darlene.esm,1009C09D,0008C817,BldBrickSmFlrPlatQuarter01,STAT,1883.000000,-3473.000000,1670.000000,268.5824
Darlene.esm,1009C09C,0008C817,BldBrickSmFlrPlatQuarter01,STAT,1755.039307,-3476.166260,1670.000000,268.5824
Darlene.esm,1009C09B,0008C817,BldBrickSmFlrPlatQuarter01,STAT,1753.117187,-3348.500000,1670.000000,268.5824
Darlene.esm,1009C09A,0008C817,BldBrickSmFlrPlatQuarter01,STAT,1881.077881,-3345.333740,1670.000000,268.5824
Darlene.esm,1009C099,0008C817,BldBrickSmFlrPlatQuarter01,STAT,2008.039551,-3342.166260,1670.000000,268.5824
Darlene.esm,1009C098,1009BFE1,VanessaTerminalJournal,TERM,2453.000000,-3807.000000,1671.166016,262.5972
Darlene.esm,1009C097,0003A9ED,OfficeBoxPapers03,STAT,2675.460693,-3710.282471,1669.225464,359.0369
Darlene.esm,1009C096,0003A9ED,OfficeBoxPapers03,STAT,2674.000000,-3746.000000,1667.000000,90.7102
Darlene.esm,1009C095,0003A9EC,OfficeBoxPapers02,STAT,2680.410889,-3744.003418,1690.510742,359.0369
Darlene.esm,1009C093,0003A9EB,OfficeBoxPapers01,STAT,2673.023438,-3709.131348,1692.376587,84.9806
Darlene.esm,1009C092,0000000F,Caps001,MISC,2489.000000,-3801.000000,1723.000000,182.3833
Darlene.esm,1009C091,0010DEE5,DN011OverdueBookReturnToken,MISC,2483.883057,-3803.377930,1723.000000,182.3833
Darlene.esm,1009C090,0000000F,Caps001,MISC,2458.000000,-3745.000000,1725.469727,182.3833
Darlene.esm,1009C08F,0000000F,Caps001,MISC,2464.535400,-3784.441406,1725.469727,182.3833
Darlene.esm,1009C08E,0005821A,CigarettePack,MISC,2436.000000,-3748.000000,1727.469727,180.0000
Darlene.esm,1009C08D,0008E371,Ashtray01_Filled,MISC,2464.000000,-3737.000000,1725.469727,182.3833
Darlene.esm,1009C08C,0008E7C5,OilLampOn,STAT,2445.805420,-3744.300293,1725.469727,319.8932
Darlene.esm,1009C08A,0010DEE5,DN011OverdueBookReturnToken,MISC,2468.107178,-3789.667480,1725.469727,182.3833
Darlene.esm,1009C089,0010DEE5,DN011OverdueBookReturnToken,MISC,2485.670166,-3796.560303,1723.000000,182.3833
Darlene.esm,1009C088,0000000F,Caps001,MISC,2487.272949,-3790.811035,1723.000000,182.3833
Darlene.esm,1009C087,0000000F,Caps001,MISC,2487.000000,-3738.000000,1725.469727,182.3833
Darlene.esm,1009C086,0000000F,Caps001,MISC,2462.000000,-3716.000000,1725.469727,182.3833
Darlene.esm,1009C085,0000000F,Caps001,MISC,2473.000000,-3736.000000,1725.469727,182.3833
Darlene.esm,1009C083,0008C178,NpcChairVaultSit01,FURN,2522.000000,-3722.000000,1667.000000,189.0764
Darlene.esm,1009C082,001A8B42,PlayerHouse_Ruin_Calendar01,STAT,2501.000000,-3693.000000,1778.000000,270.0000
Darlene.esm,1009C081,000FD395,OfficeBoxPapers01Prewar,STAT,2443.000000,-3713.000000,1746.000000,263.5609
Darlene.esm,1009C080,0003A9EC,OfficeBoxPapers02,STAT,2455.685547,-3772.479492,1670.093262,183.3467
Darlene.esm,1009C07F,001BD154,FolderPapers02,MISC,2478.692627,-3729.865479,1726.156982,183.3467
Darlene.esm,1009C07E,00059B02,PrewarMoney,MISC,2473.528320,-3719.088379,1726.280640,286.4791
Darlene.esm,1009C07D,00059B02,PrewarMoney,MISC,2484.380371,-3725.916748,1728.040771,286.4791
Darlene.esm,1009C07C,0001F92F,Clipboard01,MISC,2479.828125,-3753.387451,1725.750122,280.7495
Darlene.esm,1009C07B,0003A9ED,OfficeBoxPapers03,STAT,2444.000000,-3712.000000,1725.469727,183.3467
Darlene.esm,1009C07A,00059B02,PrewarMoney,MISC,2456.092773,-3763.822754,1728.593384,194.8059
Darlene.esm,1009C079,00140AF0,FolderPapers01,MISC,2455.000000,-3772.000000,1726.612427,171.8876
Darlene.esm,1009C078,000BD537,OfficeDesk01_Beige,CONT,2461.305176,-3767.387695,1668.407104,270.0000
Darlene.esm,1009C05F,0002FA50,WaxCandle03,STAT,2239.000000,-3796.000000,1749.000000,177.6169
Darlene.esm,1009C05D,0002FA4F,WaxCandle02,STAT,2240.954590,-3782.465332,1752.943726,177.6169
Darlene.esm,1009C05C,00035A10,WaxCandlePuddle03,STAT,2239.345459,-3795.717285,1751.924927,343.7750
Darlene.esm,1009C05B,00035A0D,WaxCandlePuddle01,STAT,2241.198242,-3783.042725,1752.185181,97.4029
Darlene.esm,1009C05A,00035A0D,WaxCandlePuddle01,STAT,2237.008301,-3788.306396,1752.319946,177.6169
Darlene.esm,1009C059,0002FA50,WaxCandle03,STAT,2236.479736,-3788.289062,1746.853027,177.6169
Darlene.esm,1009C057,000D3856,PrewarBookSingle15,STAT,2252.712891,-3732.735107,1730.875122,90.0000
Darlene.esm,1009C056,000C9A83,PrewarBookStackSm01,STAT,2243.000000,-3828.000000,1735.000000,270.0000
Darlene.esm,1009C054,000C9A8C,PrewarBookSingle06,STAT,2243.077637,-3766.846436,1736.236206,267.6780
Darlene.esm,1009C053,000C9A81,PrewarBookStack02,STAT,2243.870361,-3778.528076,1736.561523,270.0000
Darlene.esm,1009C052,000D3856,PrewarBookSingle15,STAT,2242.000000,-3794.000000,1736.000000,267.6780
Darlene.esm,1009C051,000C9A85,PrewarBookStackSm03,STAT,2241.000000,-3800.000000,1736.000000,270.0000
Darlene.esm,1009C050,000C9A83,PrewarBookStackSm01,STAT,2238.372070,-3807.540283,1736.464478,270.0000
Darlene.esm,1009C04F,000C9A84,PrewarBookStackSm02,STAT,2241.027100,-3815.348877,1736.552368,270.0000
Darlene.esm,1009C049,00197502,ToyWoodenBlock03,MISC,2560.479736,-3925.529785,1703.625610,85.9438
Darlene.esm,1009C048,00197502,ToyWoodenBlock03,MISC,2569.498047,-3925.087158,1704.000000,256.8678
Darlene.esm,1009C047,00197501,ToyWoodenBlock02,MISC,2577.955078,-3922.624512,1703.559814,270.0000
Darlene.esm,1009C046,00059B1D,ToyWoodenBlock01,MISC,2584.038086,-3917.430176,1703.234619,136.5468
Darlene.esm,1009C044,0022CC0E,DN154_GiddyupButtercup_STATIC,STAT,2411.472656,-3919.443115,1716.115723,268.3269
Darlene.esm,1009C043,0004D1C5,PlayerHouse_Television01,STAT,2328.000000,-3926.000000,1667.000000,176.6538
Darlene.esm,1009C042,0003A9ED,OfficeBoxPapers03,STAT,2388.836914,-3919.876465,1669.303833,268.3269
Darlene.esm,1009C041,0003A9ED,OfficeBoxPapers03,STAT,2387.646240,-3919.109863,1692.800415,182.3832
Darlene.esm,1009C040,0003A9ED,OfficeBoxPapers03,STAT,2426.632324,-3920.706055,1669.953003,0.0002
Darlene.esm,1009C03F,0003A9ED,OfficeBoxPapers03,STAT,2419.567871,-3926.204346,1692.757324,268.3269
Darlene.esm,1009C03B,00197502,ToyWoodenBlock03,MISC,2537.000000,-3916.000000,1704.000000,270.0000
Darlene.esm,1009C03A,00197503,ToyWoodenBlock04,MISC,2543.401855,-3921.210205,1704.095947,26.2651
Darlene.esm,1009C039,00197502,ToyWoodenBlock03,MISC,2551.053955,-3924.044189,1704.000000,270.0000
Darlene.esm,1009C038,00129268,SignFrameMetalRectPoster01RedRocket01,STAT,2230.000000,-3819.000000,1822.000000,270.0000
Darlene.esm,1009C035,0002FA50,WaxCandle03,STAT,2574.697021,-3922.182129,1718.565308,50.6031
Darlene.esm,1009C034,00035A10,WaxCandlePuddle03,STAT,2578.903320,-3915.421387,1723.637207,216.7611
Darlene.esm,1009C033,00035A0D,WaxCandlePuddle01,STAT,2574.391602,-3921.748779,1724.032227,50.6031
Darlene.esm,1009C032,00035A0D,WaxCandlePuddle01,STAT,2567.666016,-3921.572021,1723.897461,330.3891
Darlene.esm,1009C031,0002FA4F,WaxCandle02,STAT,2567.350586,-3922.112793,1724.656006,50.6031
Darlene.esm,1009C02F,0002FA50,WaxCandle03,STAT,2579.336426,-3915.528076,1720.712280,50.6031
Darlene.esm,1009C02E,000FDBA8,MetalTable02Prewar,STAT,2568.000000,-3921.000000,1667.000000,0.0000
Darlene.esm,1009C02D,0001A829,BldWoodPSmFlrPlat01,STAT,2492.000000,-3960.000000,1923.000000,0.0000
Darlene.esm,1009C02C,00020D9F,UtilFreePipe03,STAT,2447.000000,-3966.000000,1883.000000,180.0000
Darlene.esm,1009C02A,0001BA2E,BldWlpSmWall01,STAT,3345.000000,-3813.000000,1667.000000,0.0000
Darlene.esm,1009C029,0001BA3D,BldWlpSmWall12,STAT,3115.000000,-3819.000000,1667.000000,180.0000
Darlene.esm,1009C028,0001BA2E,BldWlpSmWall01,STAT,2843.000000,-3820.000000,1667.000000,0.0000
Darlene.esm,1009C027,0001BA3D,BldWlpSmWall12,STAT,2588.000000,-3820.000000,1665.000000,180.0000
Darlene.esm,1009C026,0001BA3D,BldWlpSmWall12,STAT,3359.481201,-3838.970947,1666.949951,270.0000
Darlene.esm,1009C01E,0021B03A,PlayerHouse_Ruin_Calendar02,STAT,2732.260254,-3861.227539,1802.455933,180.0000
Darlene.esm,1009C013,0021B03A,PlayerHouse_Ruin_Calendar02,STAT,3133.000000,-3949.000000,1805.000000,90.0000
Darlene.esm,1009C00F,0001BA2E,BldWlpSmWall01,STAT,3621.549561,-3600.750000,1668.000000,90.0000
Darlene.esm,1009C00E,0001BA5B,BldWlpSmWallScktC01,STAT,3478.158447,-3816.797119,1667.402466,180.0000
Darlene.esm,1009C00D,001C3D6D,BldGlassTransExt01Opaque,STAT,3609.877197,-3780.515381,1654.449951,181.6733
Darlene.esm,1009C00A,0007481B,PlayerHouse_Curtain01,STAT,3582.946533,-3788.515381,1876.449951,270.0003
Darlene.esm,1009C009,000CBAB4,BldWlpSmWallPlugC01,STAT,3606.158447,-3816.797119,1667.402466,180.0000
Darlene.esm,1009C008,0001A821,BldWoodPSmFlrOnly03,STAT,3377.000000,-3837.000000,1667.000000,0.0000
Darlene.esm,1009C007,0001A81F,BldWoodPSmFlrOnly01,STAT,3374.000000,-3602.000000,1667.000000,0.0000
Darlene.esm,1009C006,0001A821,BldWoodPSmFlrOnly03,STAT,3122.000000,-3837.000000,1667.000000,0.0000
Darlene.esm,1009C005,0001A81F,BldWoodPSmFlrOnly01,STAT,3119.000000,-3592.000000,1667.000000,0.0000
Darlene.esm,1009C004,0001CA49,BldWlpSmWallScktA02,STAT,3357.978760,-3804.950928,1669.133179,90.0000
Darlene.esm,1009C003,0001CA49,BldWlpSmWallScktA02,STAT,3358.000000,-3549.000000,1669.000000,270.0000
Darlene.esm,1009C002,0001BA47,BldWlpSmWallPlugADoor01,STAT,3358.000000,-3677.000000,1669.151245,270.0000
Darlene.esm,1009C001,0001BA2E,BldWlpSmWall01,STAT,2354.000000,-3804.000000,1668.000000,90.0000
Darlene.esm,1009BFFF,0001BA2E,BldWlpSmWall01,STAT,3107.892090,-3804.000000,1668.553589,90.0000
Darlene.esm,1009BFFE,0001CA49,BldWlpSmWallScktA02,STAT,2858.049561,-3804.000000,1668.553589,90.0000
Darlene.esm,1009BFFD,0001CA49,BldWlpSmWallScktA02,STAT,2602.865479,-3804.000000,1668.000000,90.0000
Darlene.esm,1009BFFC,0001BA2E,BldWlpSmWall01,STAT,2346.912598,-3548.794189,1668.000000,270.0000
Darlene.esm,1009BFFB,0001BA47,BldWlpSmWallPlugADoor01,STAT,2602.968506,-3676.331543,1668.594727,270.0000
Darlene.esm,1009BFFA,0001CA49,BldWlpSmWallScktA02,STAT,2602.768799,-3548.794189,1668.000000,270.0000
Darlene.esm,1009BFF9,0001BA47,BldWlpSmWallPlugADoor01,STAT,2858.135254,-3676.687988,1668.553589,270.0000
Darlene.esm,1009BFF8,0001BA2E,BldWlpSmWall01,STAT,3110.411865,-3548.794189,1668.553589,270.0000
Darlene.esm,1009BFF7,0001CA49,BldWlpSmWallScktA02,STAT,2858.280518,-3548.794189,1668.553589,270.0000
Darlene.esm,1009B839,0012B4B7,DefaultLightWhite01SpotNoAttenGoboPlugC,LIGH,3575.489502,-3564.084473,1875.298706,238.3810
Darlene.esm,1009B838,0001A829,BldWoodPSmFlrPlat01,STAT,2741.599854,-3961.000000,1922.000000,0.0000
Darlene.esm,1009B815,000FE2A3,PlayerHouse_CurtainRod04,STAT,2471.456055,-4009.564941,1877.237671,270.0003
Darlene.esm,1009B814,000FE2A3,PlayerHouse_CurtainRod04,STAT,2471.456055,-3827.611328,1877.237671,270.0003
Darlene.esm,1009B812,0001BA2E,BldWlpSmWall01,STAT,2335.000000,-3852.859131,1667.000000,0.0000
Darlene.esm,1009B811,0001A821,BldWoodPSmFlrOnly03,STAT,2614.197998,-3837.355469,1667.220825,0.0000
Darlene.esm,1009B810,0001A821,BldWoodPSmFlrOnly03,STAT,2607.000000,-3588.000000,1667.000000,0.0000
Darlene.esm,1009B80F,0001A821,BldWoodPSmFlrOnly03,STAT,2867.604736,-3837.355469,1667.220825,0.0000
Darlene.esm,1009B80E,0001A81F,BldWoodPSmFlrOnly01,STAT,2863.000000,-3593.000000,1667.000000,0.0000
Darlene.esm,1009B80B,0001BA3D,BldWlpSmWall12,STAT,2857.000000,-3839.000000,1667.000000,270.0000
Darlene.esm,1009B809,0001BA2E,BldWlpSmWall01,STAT,2856.956787,-3601.000000,1668.000000,90.0000
Darlene.esm,1009B808,0001A829,BldWoodPSmFlrPlat01,STAT,2840.807129,-3450.034180,1923.220825,0.0000
Darlene.esm,1009B806,0001CA49,BldWlpSmWallScktA02,STAT,2335.000000,-3596.874512,1667.000000,0.0000
Darlene.esm,1009B805,0001BA3D,BldWlpSmWall12,STAT,2083.000000,-3849.000000,1667.000000,180.0000
Darlene.esm,1009B804,0001BA47,BldWlpSmWallPlugADoor01,STAT,2207.000000,-3596.871582,1667.000000,180.0000
Darlene.esm,1009B803,0001CA49,BldWlpSmWallScktA02,STAT,2079.000000,-3596.872070,1667.000000,180.0000
Darlene.esm,1009A8BE,0009F428,Prewar_Fancy_TableConsole01,CONT,2357.000000,-3248.000000,1667.000000,90.0000
Darlene.esm,1009A8BA,0001BA2E,BldWlpSmWall01,STAT,2193.499023,-3167.500000,1669.854492,270.0000
Darlene.esm,1009A8B8,1009A8B6,VanessaPaintingB,STAT,1715.020142,-2836.894043,1799.292847,270.0000
Darlene.esm,1009A8B4,10077730,VanessaTelephone,STAT,2161.000000,-3160.000000,1739.000000,91.6732
Darlene.esm,1009A8A8,001C3D6D,BldGlassTransExt01Opaque,STAT,1697.615356,-2949.646729,1698.975708,0.0000
Darlene.esm,1009A8A7,001C3D6D,BldGlassTransExt01Opaque,STAT,1705.978516,-3473.814453,1698.975708,0.0000
Darlene.esm,1009A8A3,001C3D6D,BldGlassTransExt01Opaque,STAT,3609.489502,-3525.139404,1654.298706,181.6733
Darlene.esm,1009A8A1,001C3D6D,BldGlassTransExt01Opaque,STAT,2589.218750,-3068.229248,1654.117065,181.6733
Darlene.esm,1009A89F,001C3D6D,BldGlassTransExt01Opaque,STAT,2592.274414,-2850.479004,1652.603027,181.6733
Darlene.esm,1009A89D,0001BA30,BldWlpSmWall02,STAT,1824.379150,-3726.859375,1669.538818,0.0000
Darlene.esm,1009A89C,00020DA7,UtilFreePipe05,STAT,1792.656982,-3627.782715,1886.220825,180.0000
Darlene.esm,1009A89B,00020DA5,UtilFreePipe04,STAT,1773.602539,-3630.187012,1885.220825,0.0000
Darlene.esm,100767DE,00059B02,PrewarMoney,MISC,2249.230713,-2815.839355,1675.377441,63.0254
Darlene.esm,100767DD,00059B02,PrewarMoney,MISC,2234.745361,-2815.152100,1675.377441,34.3775
Darlene.esm,100767DC,00059B02,PrewarMoney,MISC,2234.167969,-2806.707764,1678.800171,0.0000
Darlene.esm,100767DB,00059B02,PrewarMoney,MISC,2258.167969,-2806.707764,1678.800171,74.4845
Darlene.esm,100767DA,00059B02,PrewarMoney,MISC,2266.167969,-2822.707764,1678.800171,279.7860
Darlene.esm,100767D6,00059B02,PrewarMoney,MISC,2498.278564,-3152.593994,1726.703247,34.3775
Darlene.esm,100767D5,00059B02,PrewarMoney,MISC,2164.774414,-3139.868896,1737.842529,40.1070
Darlene.esm,100767D4,00059B02,PrewarMoney,MISC,2158.000000,-3128.000000,1738.000000,0.0000
Darlene.esm,100767D0,000D8556,DefaultLightWhite01NSNonSpec,LIGH,2478.000000,-2896.000000,1720.000000,0.0000
Darlene.esm,100767CE,000D8556,DefaultLightWhite01NSNonSpec,LIGH,2540.380859,-3154.490234,1738.457520,0.0000
Darlene.esm,100767CB,000D8556,DefaultLightWhite01NSNonSpec,LIGH,3527.577637,-3593.736328,1800.268066,0.0000
Darlene.esm,100767B4,000366C2,Wine,ALCH,2226.572754,-2791.500488,1699.207153,0.0000
Darlene.esm,100767B3,000366C3,Vodka,ALCH,2249.750488,-2780.381592,1699.210937,22.9183
Darlene.esm,100767B2,00145857,Rum,ALCH,2240.043457,-2779.082275,1699.257690,51.5662
Darlene.esm,100767B1,00165326,PlateCeramic01_White_Dirty,MISC,2243.651367,-2809.362793,1701.705688,0.0000
Darlene.esm,100767B0,100688D8,VanessaSweetRollTES,ALCH,2242.213867,-2803.062988,1702.062378,0.0000
Darlene.esm,100767AF,100688D8,VanessaSweetRollTES,ALCH,2248.721924,-2812.257812,1701.970459,0.0000
Darlene.esm,100767AE,100688D8,VanessaSweetRollTES,ALCH,2240.152832,-2814.712158,1702.886597,0.0000
Darlene.esm,100767AD,0003377D,Psycho,ALCH,2271.281006,-2812.510742,1699.196777,0.0000
Darlene.esm,100767AC,000330F1,PotatoCrisps,ALCH,2271.885986,-2778.120850,1699.166504,0.0000
Darlene.esm,100767AB,0004835D,NukaCola,ALCH,2291.088135,-2819.755371,1667.166504,0.0000
Darlene.esm,100767AA,00033779,MedX,ALCH,2227.900635,-2808.803223,1699.189087,0.0000
Darlene.esm,100767A9,000366C4,bourbon,ALCH,2229.625488,-2781.131348,1699.308105,0.0000
Darlene.esm,100767A8,0019B585,FederalistCoffeeTableSmall01Debris02,SCOL,2251.340576,-2798.344238,1667.166504,357.1352
Darlene.esm,100767A7,000366C4,bourbon,ALCH,2309.000000,-3247.000000,1739.000000,296.9747
Darlene.esm,100767A6,000366C4,bourbon,ALCH,2332.000000,-3247.000000,1739.000000,189.0762
Darlene.esm,1007679B,0001BA2E,BldWlpSmWall01,STAT,2320.443359,-3151.791748,1667.836792,0.0000
Darlene.esm,1007679A,0001BA2E,BldWlpSmWall01,STAT,2447.000000,-3167.500000,1669.854492,270.0000
Darlene.esm,10076797,000D83AB,FancyChandelierCandle01,STAT,2292.000000,-2968.000000,1888.000000,0.0000
Darlene.esm,10076796,000DF45C,NPCChairMemoryLoungeSit01,FURN,1744.813843,-3000.385986,1667.220825,91.6734
Darlene.esm,10076794,000D8556,DefaultLightWhite01NSNonSpec,LIGH,1847.057129,-3185.146729,1774.138672,0.0000
Darlene.esm,10076792,0001A825,BldWoodPSmFlrOnly07,STAT,1849.787598,-3374.703857,1667.220825,0.0000
Darlene.esm,10076785,0001CC37,BldWlpSmWallPillar03,STAT,1820.723145,-2762.893555,1667.196777,90.0000
Darlene.esm,10076784,0001CC37,BldWlpSmWallPillar03,STAT,2127.993896,-2766.044922,1667.196777,90.0000
Darlene.esm,10076783,000C9A84,PrewarBookStackSm02,STAT,1739.202393,-3048.271484,1734.723511,269.2902
Darlene.esm,10076782,000C9A80,PrewarBookStack01,STAT,1733.255859,-3125.325439,1681.148682,271.6733
Darlene.esm,10076781,000D384F,PrewarBookStack04,STAT,1733.763184,-3090.997803,1680.885864,271.6733
Darlene.esm,10076780,000C9A8B,PrewarBookSingle05,STAT,1733.013184,-3058.382080,1675.647827,270.0000
Darlene.esm,1007677F,000C9A8E,PrewarBookSingle08,STAT,1754.068848,-3056.379883,1681.111938,90.0000
Darlene.esm,1007677E,000C9A87,PrewarBookSingle01,STAT,1755.175781,-3058.155029,1686.314575,90.0000
Darlene.esm,1007677D,000C9A84,PrewarBookStackSm02,STAT,1733.046631,-3107.685547,1682.590210,269.2902
Darlene.esm,1007677C,000C9A80,PrewarBookStack01,STAT,1732.065918,-3123.357666,1706.016846,271.6733
Darlene.esm,1007677B,000C9A84,PrewarBookStackSm02,STAT,1729.964355,-3066.436035,1709.855347,269.2902
Darlene.esm,1007677A,000D384F,PrewarBookStack04,STAT,1734.964600,-3049.872070,1708.151001,271.6733
Darlene.esm,10076779,000C9A80,PrewarBookStack01,STAT,1734.457275,-3084.200439,1708.413818,271.6733
Darlene.esm,10076778,000C9A80,PrewarBookStack01,STAT,1739.412109,-3065.910889,1733.281982,271.6733
Darlene.esm,10076776,000C9A82,PrewarBookStack03,STAT,1734.159668,-3100.205322,1730.680420,271.6733
Darlene.esm,10076775,000D384F,PrewarBookStack04,STAT,1733.759521,-3122.095215,1731.878662,271.6733
Darlene.esm,10076774,000C9A8A,PrewarBookSingle04,STAT,1738.643311,-3054.104004,1754.007935,271.5403
Darlene.esm,10076772,000C9A84,PrewarBookStackSm02,STAT,1733.046631,-3107.685547,1755.623901,269.2902
Darlene.esm,10076771,000C9A80,PrewarBookStack01,STAT,1733.255859,-3125.325439,1754.182373,271.6733
Darlene.esm,10076770,000D384F,PrewarBookStack04,STAT,1734.104736,-3091.583984,1754.206177,271.6733
Darlene.esm,1007676F,000C9A80,PrewarBookStack01,STAT,1735.267334,-3070.137695,1754.182373,271.6733
Darlene.esm,1007676E,000C9A80,PrewarBookStack01,STAT,1737.083008,-3062.949463,1775.590576,271.6733
Darlene.esm,1007676D,000C9A84,PrewarBookStackSm02,STAT,1736.873291,-3045.309814,1777.032104,269.2902
Darlene.esm,1007676C,000C9A8D,PrewarBookSingle07,STAT,1748.095215,-3102.248047,1776.593018,91.3005
Darlene.esm,1007676B,000C9A80,PrewarBookStack01,STAT,1734.457275,-3084.200439,1776.670166,271.6733
Darlene.esm,1007676A,000C9A80,PrewarBookStack01,STAT,1732.065918,-3123.357666,1777.327271,271.6733
Darlene.esm,10076769,0001F441,FederalistBookcase01,STAT,1734.305420,-3086.699707,1663.120239,183.3466
Darlene.esm,10076768,000DF459,NPCCouchMemoryLoungeSit01,FURN,2359.763672,-2806.233154,1672.666626,180.0000
Darlene.esm,10076767,000E2E35,Ms09CowStatue,STAT,2491.458496,-3247.965576,1791.088135,222.4902
Darlene.esm,10076766,000E2E30,MS09AncientPot,STAT,2523.681396,-3247.380371,1790.822388,0.0000
Darlene.esm,10076765,000E2E30,MS09AncientPot,STAT,2250.766113,-3092.349121,1821.892700,0.0000
Darlene.esm,10076764,000E2E39,MS09AncientMedal,STAT,2250.554688,-3117.608398,1799.277466,262.5974
Darlene.esm,10076763,000C9A8A,PrewarBookSingle04,STAT,2240.848145,-3109.204834,1830.723267,260.9788
Darlene.esm,10076762,000C9A80,PrewarBookStack01,STAT,2240.957031,-3126.311768,1830.897705,260.2142
Darlene.esm,10076761,000D384F,PrewarBookStack04,STAT,2244.079346,-3147.561523,1830.921509,260.2142
Darlene.esm,10076760,000C9A80,PrewarBookStack01,STAT,2241.358398,-3147.431396,1806.054932,265.9438
Darlene.esm,1007675F,000C9A8B,PrewarBookSingle05,STAT,2245.351318,-3156.702637,1746.555176,270.0002
Darlene.esm,1007675E,000C9A8E,PrewarBookSingle08,STAT,2242.734863,-3135.714600,1752.019287,270.0000
Darlene.esm,1007675D,000C9A87,PrewarBookSingle01,STAT,2244.476807,-3134.556396,1757.221924,270.0000
Darlene.esm,1007675C,000C9A84,PrewarBookStackSm02,STAT,2231.430664,-3094.383545,1808.550171,263.5607
Darlene.esm,1007675B,000C9A84,PrewarBookStackSm02,STAT,2239.824951,-3083.667480,1784.089966,263.5607
Darlene.esm,1007675A,000C9A80,PrewarBookStack01,STAT,2241.794434,-3101.197266,1782.648437,265.9438
Darlene.esm,10076759,000C9A8D,PrewarBookSingle07,STAT,2256.675049,-3139.200195,1783.650879,86.8456
Darlene.esm,10076758,000C9A80,PrewarBookStack01,STAT,2241.303467,-3122.604492,1783.728027,265.9438
Darlene.esm,10076757,000D384F,PrewarBookStack04,STAT,2233.716553,-3087.432373,1752.198486,271.6733
Darlene.esm,10076756,000C9A84,PrewarBookStackSm02,STAT,2228.717285,-3103.995605,1753.902832,269.2902
Darlene.esm,10076755,000C9A80,PrewarBookStack01,STAT,2233.209717,-3121.760010,1752.461304,271.6733
Darlene.esm,10076754,000C9A8B,PrewarBookSingle05,STAT,2223.429688,-3109.113037,1806.961548,271.4492
Darlene.esm,10076753,0001D975,Globe01,MISC,2464.938232,-3253.957520,1791.088135,45.8367
Darlene.esm,10076752,000C9A87,PrewarBookSingle01,STAT,2517.882324,-3132.162598,1680.578247,270.0000
Darlene.esm,10076751,000C9A8E,PrewarBookSingle08,STAT,2516.140381,-3133.320801,1675.375610,270.0000
Darlene.esm,10076750,000C9A8B,PrewarBookSingle05,STAT,2518.756836,-3154.308838,1669.911499,270.0002
Darlene.esm,1007674F,000C9A80,PrewarBookStack01,STAT,2470.625732,-3244.275879,1775.558472,180.0000
Darlene.esm,1007674E,000C9A84,PrewarBookStackSm02,STAT,2453.000000,-3245.000000,1777.000000,177.6169
Darlene.esm,1007674D,000C9A8D,PrewarBookSingle07,STAT,2509.800049,-3231.052246,1776.657471,0.0000
Darlene.esm,1007674C,000C9A80,PrewarBookStack01,STAT,2531.154785,-3247.526855,1777.295166,180.0000
Darlene.esm,1007674B,000C9A80,PrewarBookStack01,STAT,2491.944580,-3246.279541,1776.638062,180.0000
Darlene.esm,1007674A,000C9A8B,PrewarBookSingle05,STAT,2509.000000,-3246.000000,1707.000000,180.0000
Darlene.esm,10076749,000C9A80,PrewarBookStack01,STAT,2531.154785,-3247.526855,1705.984741,180.0000
Darlene.esm,10076748,000C9A80,PrewarBookStack01,STAT,2473.518555,-3241.861328,1733.249878,180.0000
Darlene.esm,10076747,000C9A84,PrewarBookStackSm02,STAT,2455.892822,-3242.585449,1734.691406,177.6169
Darlene.esm,10076746,000C9A80,PrewarBookStack01,STAT,2477.864502,-3245.880859,1754.150269,180.0000
Darlene.esm,10076745,000D384F,PrewarBookStack04,STAT,2499.335449,-3246.416748,1754.174072,180.0000
Darlene.esm,10076744,000C9A8A,PrewarBookSingle04,STAT,2460.988037,-3243.080811,1753.975830,180.0000
Darlene.esm,10076743,000C9A8A,PrewarBookSingle04,STAT,2492.718506,-3243.142090,1731.648315,180.0000
Darlene.esm,10076742,000C9A82,PrewarBookStack03,STAT,2507.950928,-3246.109863,1730.648315,180.0000
Darlene.esm,10076741,000D384F,PrewarBookStack04,STAT,2498.759033,-3246.775146,1680.853760,180.0000
Darlene.esm,10076740,000C9A84,PrewarBookStackSm02,STAT,2515.461182,-3247.003662,1682.558105,177.6169
Darlene.esm,1007673F,000C9A80,PrewarBookStack01,STAT,2533.086914,-3246.279541,1681.116577,180.0000
Darlene.esm,1007673E,000D384F,PrewarBookStack04,STAT,2457.616699,-3246.775146,1708.118896,180.0000
Darlene.esm,1007673D,000C9A84,PrewarBookStackSm02,STAT,2474.318848,-3251.289307,1709.823242,177.6169
Darlene.esm,1007673C,000C9A80,PrewarBookStack01,STAT,2491.944580,-3246.279541,1708.381714,180.0000
Darlene.esm,1007673B,000D384F,PrewarBookStack04,STAT,2530.057617,-3244.802002,1731.943115,180.0000
Darlene.esm,1007673A,000C9A84,PrewarBookStackSm02,STAT,2515.674805,-3245.935547,1755.688354,177.6169
Darlene.esm,10076739,000C9A80,PrewarBookStack01,STAT,2533.086914,-3246.279541,1754.150269,180.0000
Darlene.esm,10076738,0001F441,FederalistBookcase01,STAT,2494.447754,-3246.358887,1663.088135,91.6733
Darlene.esm,10076737,0004D1CE,PlayerHouse_Rug02,STAT,1976.000000,-3098.000000,1668.000000,0.0000
Darlene.esm,10076736,00027EB4,PlayerHouse_Rug03,STAT,2375.000000,-2997.000000,1667.000000,0.0000
Darlene.esm,10076732,0001BA5B,BldWlpSmWallScktC01,STAT,1824.379150,-3471.957520,1669.275513,0.0000
Darlene.esm,1007672F,0001BA5B,BldWlpSmWallScktC01,STAT,1584.446777,-3590.872559,1667.220825,270.0000
Darlene.esm,1007672C,0003A9ED,OfficeBoxPapers03,STAT,2562.000000,-3915.000000,1669.000000,85.9438
Darlene.esm,1007672B,0003A9ED,OfficeBoxPapers03,STAT,2329.000000,-3916.000000,1667.000000,85.9439
Darlene.esm,1007672A,0003A9ED,OfficeBoxPapers03,STAT,2242.409424,-3896.650879,1668.000000,91.6734
Darlene.esm,10076729,0003A9EB,OfficeBoxPapers01,STAT,2241.145264,-3899.409180,1690.955933,166.1580
Darlene.esm,10076726,00059A9A,Loot_Toolbox,CONT,3063.930176,-3512.082275,1669.913696,97.4032
Darlene.esm,10076725,001A037F,Loot_ToolboxLarge,CONT,2749.803223,-3732.087158,1667.000000,354.2707
Darlene.esm,10076724,0011EB44,BeerGlassGwinnett01,MISC,1745.000000,-3481.000000,1701.000000,91.6733
Darlene.esm,10076723,00140B22,Glass_Generic,MISC,1735.402100,-3484.074951,1701.000000,91.6733
Darlene.esm,10076722,00059B0A,ShotGlass01,MISC,1731.098022,-3473.692383,1701.000000,91.6733
Darlene.esm,10076721,00059B0A,ShotGlass01,MISC,1742.533813,-3467.426758,1701.000000,91.6733
Darlene.esm,10076720,00140B22,Glass_Generic,MISC,1757.260010,-3468.153564,1701.000000,91.6733
Darlene.esm,1007671F,00023C36,Bowl_03_Glass,MISC,1735.189941,-3453.576172,1701.000000,91.6733
Darlene.esm,1007671E,00023C36,Bowl_03_Glass,MISC,1975.566895,-3682.162598,1831.393433,0.0000
Darlene.esm,1007671D,0011EB44,BeerGlassGwinnett01,MISC,1755.585937,-3457.186523,1701.000000,91.6733
Darlene.esm,1007671C,00059A71,AbraxoCleaner,MISC,1732.757324,-3485.342773,1724.031250,91.6733
Darlene.esm,1007671B,00059A71,AbraxoCleaner,MISC,1731.070435,-3492.571045,1724.031250,91.6733
Darlene.esm,1007671A,00059A71,AbraxoCleaner,MISC,1727.047119,-3459.843506,1724.031250,342.8113
Darlene.esm,10076719,0019945F,Soap,MISC,1745.691772,-3478.946777,1724.031250,28.6479
Darlene.esm,10076718,0019945F,Soap,MISC,1754.401733,-3488.523926,1724.031250,91.6733
Darlene.esm,10076715,00018779,FluorescentLight01,STAT,2726.000000,-3577.000000,1888.000000,0.0000
Darlene.esm,10076714,00018779,FluorescentLight01,STAT,1924.000000,-3495.000000,1888.000000,0.0000
Darlene.esm,10076704,0001BA5B,BldWlpSmWallScktC01,STAT,3477.770752,-3561.421143,1668.000000,180.0000
Darlene.esm,10076703,0001BA5B,BldWlpSmWallScktC01,STAT,2458.000000,-2898.000000,1667.000000,180.0000
Darlene.esm,10076702,0001BA5B,BldWlpSmWallScktC01,STAT,2457.286377,-3152.131104,1666.973022,180.0000
Darlene.esm,100766F4,0001A829,BldWoodPSmFlrPlat01,STAT,1566.953125,-3324.537109,1923.220825,0.0000
Darlene.esm,100766F3,0001A829,BldWoodPSmFlrPlat01,STAT,1731.000000,-3576.000000,1923.000000,0.0000
Darlene.esm,100766DB,0001BA3D,BldWlpSmWall12,STAT,2506.874756,-2879.262207,1667.220825,90.0000
Darlene.esm,100766DA,0001BA3D,BldWlpSmWall12,STAT,2254.542236,-2879.262207,1667.220825,90.0000
Darlene.esm,100766D9,0001BA3D,BldWlpSmWall12,STAT,1708.501221,-2879.262207,1667.220825,90.0000
Darlene.esm,100766D8,0001CC37,BldWlpSmWallPillar03,STAT,2196.305908,-3034.000000,1667.000000,90.0000
Darlene.esm,100766D7,0001BA3D,BldWlpSmWall12,STAT,2074.988037,-3151.619141,1668.312134,180.0000
Darlene.esm,100766D6,0001BA2E,BldWlpSmWall01,STAT,1681.739746,-3167.500000,1669.854492,270.0000
Darlene.esm,100766D5,0001CA49,BldWlpSmWallScktA02,STAT,1937.499634,-3167.500000,1669.854492,270.0000
Darlene.esm,100766D4,0001CA49,BldWlpSmWallScktA02,STAT,1824.379150,-3219.159668,1669.275513,0.0000
Darlene.esm,100766D3,0001BA44,BldWlpSmWallPillar01,STAT,1730.577637,-2760.734619,1667.220825,180.0000
Darlene.esm,100766D2,0001BA3D,BldWlpSmWall12,STAT,1825.364014,-2712.572998,1669.275513,0.0000
Darlene.esm,100766D1,0001BA5B,BldWlpSmWallScktC01,STAT,1825.364014,-2966.761475,1669.275513,0.0000
Darlene.esm,100766D0,0008E79C,Floorlamp01On,STAT,2160.000000,-3254.000000,1667.000000,0.0000
Darlene.esm,100766CF,00165326,PlateCeramic01_White_Dirty,MISC,1750.860962,-3462.276123,1727.809204,91.6733
Darlene.esm,100766CE,0015CDF6,PlateCeramic02_Red_Clean,MISC,1749.168701,-3460.695557,1725.438477,91.6733
Darlene.esm,100766CD,00060E91,Plate_03_Silver,MISC,1751.254761,-3462.547363,1729.326050,91.6733
Darlene.esm,100766CC,000FDBA8,MetalTable02Prewar,STAT,1740.000000,-3423.000000,1668.000000,91.6733
Darlene.esm,100766CA,100B02D0,VanessaRefrigerator,CONT,1991.000000,-3683.616211,1679.000000,180.0000
Darlene.esm,100766C8,0017E787,workbenchWeaponsB,FURN,2095.000000,-3401.000000,1671.000000,88.3268
Darlene.esm,100766A2,0008E79A,DeskLamp02On,STAT,2163.538818,-3115.936279,1738.750488,239.6789
Darlene.esm,100766A1,000517B0,DefaultLightWhite01NS,LIGH,2167.791748,-3119.896484,1746.873779,0.0000
Darlene.esm,1007669F,000CBAB4,BldWlpSmWallPlugC01,STAT,1698.314209,-3470.762695,1669.275513,0.0000
Darlene.esm,1007669E,0001A825,BldWoodPSmFlrOnly07,STAT,1595.009766,-3374.703857,1667.220825,0.0000
Darlene.esm,1007669A,0001BA2E,BldWlpSmWall01,STAT,2601.000000,-3601.000000,1668.000000,90.0000
Darlene.esm,10076697,0001CA49,BldWlpSmWallScktA02,STAT,1937.500000,-3423.500000,1670.000000,90.0000
Darlene.esm,10076696,0001BA2E,BldWlpSmWall01,STAT,1689.800781,-3422.969971,1670.000000,90.0000
Darlene.esm,10076695,0001BA47,BldWlpSmWallPlugADoor01,STAT,1937.499023,-3295.500000,1670.000000,270.0000
Darlene.esm,10076680,0001A829,BldWoodPSmFlrPlat01,STAT,2835.000000,-3706.000000,1923.000000,0.0000
Darlene.esm,1007667F,0001A829,BldWoodPSmFlrPlat01,STAT,2517.588867,-4118.324219,1923.220825,0.0000
Darlene.esm,1007667E,0001A829,BldWoodPSmFlrPlat01,STAT,2587.153076,-2821.837158,1923.220825,0.0000
Darlene.esm,1007667D,0001A829,BldWoodPSmFlrPlat01,STAT,2682.765381,-3083.108154,1923.069580,0.0000
Darlene.esm,1007667C,0001A829,BldWoodPSmFlrPlat01,STAT,2587.153076,-3448.242676,1923.220825,0.0000
Darlene.esm,1007667B,00020DA5,UtilFreePipe04,STAT,1773.602539,-3374.354248,1885.220825,0.0000
Darlene.esm,1007667A,00020DA7,UtilFreePipe05,STAT,1786.622314,-3371.307129,1886.220825,180.0000
Darlene.esm,10076679,00020DA7,UtilFreePipe05,STAT,1792.656982,-3372.307129,1886.220825,180.0000
Darlene.esm,10076677,00020DA5,UtilFreePipe04,STAT,1773.694824,-3753.914551,1885.220825,0.0000
Darlene.esm,10076676,00020DA7,UtilFreePipe05,STAT,1786.694824,-3626.237061,1886.220825,180.0000
Darlene.esm,10076675,00020DA7,UtilFreePipe05,STAT,1792.694824,-3750.914551,1886.220825,180.0000
Darlene.esm,10076674,00020DA7,UtilFreePipe05,STAT,1703.201660,-3359.887695,1886.220825,180.0000
Darlene.esm,10076673,00020DA7,UtilFreePipe05,STAT,1697.201660,-3359.887695,1886.220825,180.0000
Darlene.esm,10076672,00020DA5,UtilFreePipe04,STAT,1684.201660,-3362.887695,1885.220825,0.0000
Darlene.esm,10076671,00020D9F,UtilFreePipe03,STAT,2446.887695,-3710.611084,1883.220825,180.0000
Darlene.esm,10076670,00020DA5,UtilFreePipe04,STAT,2434.887695,-3882.623047,1883.220825,0.0000
Darlene.esm,1007666F,00020D9F,UtilFreePipe03,STAT,2446.887695,-3127.063232,1883.220825,0.0000
Darlene.esm,1007666E,00020DA5,UtilFreePipe04,STAT,2434.887695,-3129.294678,1883.220825,0.0000
Darlene.esm,1007666C,0001BA34,BldWlpSmWall04,STAT,1798.829102,-3250.662598,1621.075928,0.0000
Darlene.esm,10076666,000FE2A3,PlayerHouse_CurtainRod04,STAT,2565.213623,-3137.919922,1877.086426,270.0003
Darlene.esm,1007665F,0001BA47,BldWlpSmWallPlugADoor01,STAT,1695.942017,-3218.342041,1669.220825,180.0000
Darlene.esm,1007665E,0001A829,BldWoodPSmFlrPlat01,STAT,2580.000000,-3704.000000,1923.000000,0.0000
Darlene.esm,1007665A,000517B0,DefaultLightWhite01NS,LIGH,2585.413086,-2889.838379,1782.776611,270.0001
Darlene.esm,10076659,000517B0,DefaultLightWhite01NS,LIGH,2585.413086,-2889.838379,1818.875732,270.0001
Darlene.esm,10076652,0001BA5B,BldWlpSmWallScktC01,STAT,1840.267334,-3594.256348,1667.220825,270.0000
Darlene.esm,10076650,0001BA3D,BldWlpSmWall12,STAT,2345.833984,-3839.000000,1667.220825,270.0000
Darlene.esm,1007664F,0001BA44,BldWlpSmWallPillar01,STAT,2471.911377,-3998.762695,1667.220825,0.0000
Darlene.esm,1007664E,00083878,BldgShellComWin01,STAT,2052.378174,-2659.137451,1648.949097,53.0000
Darlene.esm,1007664D,0001A825,BldWoodPSmFlrOnly07,STAT,1597.033691,-2864.598877,1667.220825,0.0000
Darlene.esm,1007664C,0001A820,BldWoodPSmFlrOnly02,STAT,1597.033691,-3120.598877,1667.220825,0.0000
Darlene.esm,1007664B,0001A820,BldWoodPSmFlrOnly02,STAT,1596.262939,-3627.320068,1667.220825,0.0000
Darlene.esm,1007664A,000FE2A3,PlayerHouse_CurtainRod04,STAT,1718.092773,-2953.339111,1880.836182,90.0000
Darlene.esm,10076649,000CBAB4,BldWlpSmWallPlugC01,STAT,1698.314209,-2966.006104,1669.275513,0.0000
Darlene.esm,10076647,0007481B,PlayerHouse_Curtain01,STAT,1721.456299,-2916.222900,1879.438354,90.0000
Darlene.esm,10076645,0007481B,PlayerHouse_Curtain01,STAT,1717.663574,-3003.548584,1879.438354,93.3467
Darlene.esm,10076644,000517B0,DefaultLightWhite01NS,LIGH,1683.000000,-2964.000000,1785.000000,91.6733
Darlene.esm,10076643,000517B0,DefaultLightWhite01NS,LIGH,1683.000000,-2964.000000,1821.099121,91.6733
Darlene.esm,10076640,000FE2A3,PlayerHouse_CurtainRod04,STAT,1718.092773,-3483.041992,1880.836182,90.0000
Darlene.esm,1007663E,0007481B,PlayerHouse_Curtain01,STAT,1718.430420,-3431.147217,1879.438354,90.0000
Darlene.esm,1007663D,0007481B,PlayerHouse_Curtain01,STAT,1719.000000,-3515.403809,1879.000000,93.3467
Darlene.esm,1007663C,000517B0,DefaultLightWhite01NS,LIGH,1692.012695,-3464.725098,1785.052124,91.6733
Darlene.esm,1007663B,000517B0,DefaultLightWhite01NS,LIGH,1692.012695,-3464.725098,1821.151245,91.6733
Darlene.esm,10076639,0001A821,BldWoodPSmFlrOnly03,STAT,2359.194336,-3870.891113,1667.220825,0.0000
Darlene.esm,10076636,0001A821,BldWoodPSmFlrOnly03,STAT,2105.787598,-3374.703857,1667.220825,0.0000
Darlene.esm,10076635,0001A820,BldWoodPSmFlrOnly02,STAT,1850.570557,-3630.834473,1667.220825,0.0000
Darlene.esm,10076634,0001A821,BldWoodPSmFlrOnly03,STAT,2105.787598,-3870.891113,1667.220825,0.0000
Darlene.esm,10076633,0001A81F,BldWoodPSmFlrOnly01,STAT,2361.110107,-2871.047119,1667.220825,0.0000
Darlene.esm,10076632,0001A821,BldWoodPSmFlrOnly03,STAT,2105.787598,-3120.626221,1667.220825,0.0000
Darlene.esm,10076631,0001A829,BldWoodPSmFlrPlat01,STAT,1987.000000,-3579.000000,1923.000000,0.0000
Darlene.esm,1007662F,0007481B,PlayerHouse_Curtain01,STAT,3585.956299,-3609.929443,1875.870239,270.0003
Darlene.esm,1007662E,0007481B,PlayerHouse_Curtain01,STAT,3586.489502,-3534.139404,1876.298706,270.0003
Darlene.esm,1007662D,000FE2A3,PlayerHouse_CurtainRod04,STAT,2471.456055,-3645.001221,1877.237671,270.0003
Darlene.esm,1007662B,000ABFFD,Halloween_CatPoster3,SCOL,2696.000000,-3799.000000,1813.000000,269.2902
Darlene.esm,1007662A,000CBAB4,BldWlpSmWallPlugC01,STAT,3605.770752,-3561.421143,1668.251221,180.0000
Darlene.esm,10076628,000517B0,DefaultLightWhite01NS,LIGH,3185.612305,-3416.624023,1818.848755,270.0001
Darlene.esm,10076626,00020DA5,UtilFreePipe04,STAT,2434.887695,-3629.325439,1883.220825,0.0000
Darlene.esm,10076625,00020D9F,UtilFreePipe03,STAT,2446.887695,-3457.313477,1883.220825,180.0000
Darlene.esm,10076624,0001A81F,BldWoodPSmFlrOnly01,STAT,2351.000000,-3627.000000,1667.000000,0.0000
Darlene.esm,10076622,0001A829,BldWoodPSmFlrPlat01,STAT,2332.555176,-3073.484131,1923.220825,0.0000
Darlene.esm,10076621,0001A829,BldWoodPSmFlrPlat01,STAT,2332.555176,-2821.837158,1923.220825,0.0000
Darlene.esm,10076620,0001A829,BldWoodPSmFlrPlat01,STAT,1821.178711,-3324.537109,1923.220825,0.0000
Darlene.esm,1007661F,0001A829,BldWoodPSmFlrPlat01,STAT,1824.207520,-3072.889893,1923.220825,0.0000
Darlene.esm,1007661D,0001A829,BldWoodPSmFlrPlat01,STAT,2332.555176,-3570.600098,1923.220825,0.0000
Darlene.esm,1007661C,0001A829,BldWoodPSmFlrPlat01,STAT,2141.879639,-3833.660889,1923.220825,0.0000
Darlene.esm,1007661B,0001A829,BldWoodPSmFlrPlat01,STAT,2077.178711,-3326.944580,1923.220825,0.0000
Darlene.esm,10076612,000366BF,WaterDirty,ALCH,1734.000000,-3672.616211,1749.000000,0.0000
Darlene.esm,1007660F,001C9713,NpcChairFederalistOfficeSit01WithTable,FURN,1918.000000,-2820.000000,1672.000000,108.8621
Darlene.esm,1007660E,001C9713,NpcChairFederalistOfficeSit01WithTable,FURN,2040.492676,-2828.583008,1673.058838,251.1383
Darlene.esm,1007660D,000978C6,FancyTableCircle01,STAT,1978.575195,-2840.047852,1669.369873,342.8113
Darlene.esm,10076609,00020DA7,UtilFreePipe05,STAT,1792.656982,-2616.189697,1886.220825,180.0000
Darlene.esm,10076608,00020DA7,UtilFreePipe05,STAT,1786.622314,-2615.189697,1886.220825,180.0000
Darlene.esm,10076607,00020DA5,UtilFreePipe04,STAT,1773.694824,-2873.119629,1885.220825,0.0000
Darlene.esm,10076606,00020DA7,UtilFreePipe05,STAT,1792.694824,-2870.119629,1886.220825,180.0000
Darlene.esm,10076605,00020DA7,UtilFreePipe05,STAT,1786.694824,-2870.119629,1886.220825,180.0000
Darlene.esm,10076604,00020DA5,UtilFreePipe04,STAT,1773.602539,-2618.236816,1885.220825,0.0000
Darlene.esm,100765FE,0007481B,PlayerHouse_Curtain01,STAT,2565.073242,-3111.554688,1875.688599,270.0003
Darlene.esm,100765FD,0007481B,PlayerHouse_Curtain01,STAT,2564.000000,-3194.000000,1876.000000,270.0003
Darlene.esm,100765FC,000FE2A3,PlayerHouse_CurtainRod04,STAT,2471.940674,-3464.440430,1877.237671,270.0003
Darlene.esm,100765FB,0007481B,PlayerHouse_Curtain01,STAT,2561.897705,-2931.848389,1875.619019,270.0003
Darlene.esm,100765FA,000FE2A3,PlayerHouse_CurtainRod04,STAT,2563.162354,-2884.565918,1877.016846,270.0003
Darlene.esm,100765F9,0007481B,PlayerHouse_Curtain01,STAT,2563.720215,-2855.455811,1875.619019,270.0003
Darlene.esm,100765EE,000C9A84,PrewarBookStackSm02,STAT,2537.000000,-3102.000000,1676.000000,90.0000
Darlene.esm,100765DE,0002FA27,WaxCandle04,STAT,1977.798096,-2826.975586,1729.522705,131.7803
Darlene.esm,100765DD,0002FA4E,WaxCandle01,STAT,1978.182861,-2820.728516,1728.679077,342.8113
Darlene.esm,100765DC,0002FA50,WaxCandle03,STAT,1971.834229,-2825.078125,1730.610718,342.8113
Darlene.esm,100765DB,00035A10,WaxCandlePuddle03,STAT,1977.879395,-2820.092041,1727.957397,342.8113
Darlene.esm,100765DA,00035A0F,WaxCandlePuddle02,STAT,1977.682129,-2827.209473,1727.957397,74.4846
Darlene.esm,100765D9,00035A0D,WaxCandlePuddle01,STAT,1971.318604,-2824.788330,1727.957397,342.8113
Darlene.esm,100765D8,000FE2A3,PlayerHouse_CurtainRod04,STAT,1905.133789,-2711.255127,1837.000000,313.1635
Darlene.esm,100765D3,0016567B,DogmeatSniff,FURN,1858.079102,-2825.678955,1667.945312,269.2902
Darlene.esm,100765D2,0005E9C6,DogmeatLay01,FURN,1964.000000,-3112.000000,1673.000000,292.2086
Darlene.esm,100765D0,00020184,PlayerHouse_PepperMill01,MISC,1820.643433,-3676.315918,1802.133423,0.0000
Darlene.esm,100765CE,00020183,PlayerHouse_SaltShaker01,MISC,1804.361938,-3686.093262,1777.860107,0.0000
Darlene.esm,100765CD,00020194,PlayerHouse_Ruin_CoffeeTin01,MISC,2006.676025,-3696.747314,1832.331055,39.1439
Darlene.esm,100765CC,000330F1,PotatoCrisps,ALCH,1938.898193,-3684.065918,1831.393433,0.0000
Darlene.esm,100765CB,000330F0,PorknBeans,ALCH,1951.906738,-3683.780762,1831.761353,74.4845
Darlene.esm,100765CA,0004835F,NukaColaQuantum,ALCH,1927.247803,-3683.647461,1830.854492,0.0000
Darlene.esm,100765C9,0004835D,NukaCola,ALCH,1963.310547,-3684.974609,1830.458496,0.0000
Darlene.esm,100765C8,00023C3A,NoodleBowlPile,STAT,1844.245728,-3686.718262,1801.536743,268.3268
Darlene.esm,100765C7,000C9A5C,PlayerHouse_ShelfCloset01,STAT,1968.059082,-3674.142822,1828.893433,0.0000
Darlene.esm,100765C6,00082447,RadioDiamondCityReceiver,ACTI,2471.043945,-2795.258545,1688.000000,17.1888
Darlene.esm,100765C5,00114100,SignTheaterPoster02,STAT,2699.000000,-3889.000000,1815.000000,90.0000
Darlene.esm,100765B6,0008029C,DebrisPileSmallWood04,STAT,1961.206787,-2656.586670,1667.220825,0.0000
Darlene.esm,100765B4,001C3D6D,BldGlassTransExt01Opaque,STAT,1925.302979,-2672.777588,1631.393921,43.7044
Darlene.esm,100765B3,001C3D6D,BldGlassTransExt01Opaque,STAT,2033.391357,-2664.922119,1631.393921,143.6226
Darlene.esm,100765B2,000CF8C9,BldGlassTrans01,STAT,1958.260254,-2669.059570,1674.202393,270.0000
Darlene.esm,100765B1,000CF8C9,BldGlassTrans01,STAT,1958.260254,-2669.059570,1674.202393,270.0000
Darlene.esm,100765B0,001C3D6D,BldGlassTransExt01Opaque,STAT,1961.106689,-2670.592041,1631.393921,90.0000
Darlene.esm,100765AF,001411CB,NPCEatingNoodlesStanding,FURN,1927.000000,-3519.000000,1671.000000,269.2903
Darlene.esm,100765AE,000FE2A3,PlayerHouse_CurtainRod04,STAT,2050.289551,-2705.257568,1837.423706,231.9495
Darlene.esm,100765AD,000A8C6F,MemDenHangingCloth01,STAT,2104.000000,-2777.000000,1670.000000,52.3780
Darlene.esm,100765AB,0007C610,NPCInvWallLean01Spouse,FURN,1823.117432,-2806.564697,1667.368408,80.2143
Darlene.esm,100765AA,000FE257,OverdueBook,MISC,2432.000000,-2796.000000,1668.000000,124.1244
Darlene.esm,100765A4,0000000F,Caps001,MISC,2457.374512,-2934.386719,1931.431763,0.0000
Darlene.esm,1007659E,0010DEE5,DN011OverdueBookReturnToken,MISC,2463.357178,-2933.775391,1931.431763,0.0000
Darlene.esm,1007659D,0010DEE5,DN011OverdueBookReturnToken,MISC,2459.541504,-2942.396240,1931.431763,0.0000
Darlene.esm,10076594,00132981,MS04_SilverShroudStandUp,MSTT,2663.000000,-3800.000000,1669.000000,188.1130
Darlene.esm,10076592,000A78FE,DaisyRug,STAT,2171.889160,-2905.890381,1667.000000,0.0000
Darlene.esm,10076591,000FFC0D,CatSunning,FURN,2172.000000,-2903.000000,1667.000000,296.9748
Darlene.esm,10076590,00101CBE,CatBowlStatic,STAT,1777.000000,-3479.000000,1670.000000,0.0000
Darlene.esm,1007658F,000FCDCB,CatDrinking,FURN,1784.678711,-3479.960693,1667.203369,274.0564
Darlene.esm,1007658D,00060E93,Fork_02_StainlessSteel,MISC,2502.099121,-2897.817383,1699.069580,0.0000
Darlene.esm,1007658C,00017C73,NoodleCup,ALCH,2507.846924,-2893.009033,1699.450806,0.0000
Darlene.esm,1007658B,0021B03A,PlayerHouse_Ruin_Calendar02,STAT,2179.340820,-3392.367187,1787.000000,0.0000
Darlene.esm,10076587,0004835D,NukaCola,ALCH,1810.409302,-3678.924805,1801.178467,0.0000
Darlene.esm,10076586,0004835F,NukaColaQuantum,ALCH,1800.186890,-3683.485352,1801.178467,0.0000
Darlene.esm,10076585,000330F0,PorknBeans,ALCH,1789.527222,-3676.346191,1802.347900,308.4339
Darlene.esm,10076584,000330F0,PorknBeans,ALCH,1790.750122,-3684.601318,1802.347900,74.4845
Darlene.esm,10076583,0011DA13,MagnifyingGlass,MISC,2449.175293,-3781.016846,1727.469727,85.9438
Darlene.esm,10076582,00059AD1,GlassPitcher01,MISC,1983.142822,-3697.251953,1831.525269,148.0057
Darlene.esm,10076581,000330F1,PotatoCrisps,ALCH,1827.637573,-3686.458496,1802.515015,194.8057
Darlene.esm,10076580,00023C3A,NoodleBowlPile,STAT,1858.963989,-3690.447510,1801.536743,0.0000
Darlene.esm,1007657F,0002FBE4,BlamcoMacAndCheese,ALCH,1781.189087,-3679.083496,1802.347900,0.0001
Darlene.esm,1007657E,0002FBE4,BlamcoMacAndCheese,ALCH,1803.628784,-3678.696289,1805.502563,0.0001
Darlene.esm,1007657D,000330F0,PorknBeans,ALCH,1832.572388,-3677.984375,1802.347900,279.7860
Darlene.esm,1007657C,000C9A5C,PlayerHouse_ShelfCloset01,STAT,1817.985962,-3670.515381,1772.000000,0.0000
Darlene.esm,10076578,0012B4B7,DefaultLightWhite01SpotNoAttenGoboPlugC,LIGH,1979.254883,-2691.451660,1886.578003,237.5764
Darlene.esm,10076577,0012B4B7,DefaultLightWhite01SpotNoAttenGoboPlugC,LIGH,2486.681885,-3383.720947,1886.578003,237.5764
Darlene.esm,10076576,000CF8C9,BldGlassTrans01,STAT,1958.260254,-2669.059570,1674.202393,270.0000
Darlene.esm,10076573,0003377D,Psycho,ALCH,2521.666260,-3159.107910,1725.700928,256.8677
Darlene.esm,10076572,00033779,MedX,ALCH,2519.910889,-3122.171875,1725.700928,0.0000
Darlene.esm,10076571,000366C5,Jet,ALCH,2523.462891,-2857.716309,1699.248047,80.2141
Darlene.esm,10076570,00058AA3,Buffjet,ALCH,2531.627441,-2899.555176,1700.077393,0.0000
Darlene.esm,10076564,00060E95,Spoon_03_Silver,MISC,1739.044312,-3457.017334,1722.343628,80.2142
Darlene.esm,10076563,00059B0A,ShotGlass01,MISC,1733.973389,-3472.950195,1724.281982,80.2142
Darlene.esm,10076562,00059B2B,ToyAlien,MISC,1732.748535,-3469.620117,1667.796143,91.6733
Darlene.esm,10076561,00060E8B,Fork_03_Silver,MISC,1762.000000,-3687.000000,1748.000000,0.0000
Darlene.esm,10076560,00210B68,ModelKit_Eyebot,ACTI,2560.057373,-3508.598877,1671.674072,126.0507
Darlene.esm,1007655F,0022CB52,ModelKit_MrHandy,ACTI,2506.278564,-3120.593994,1726.703247,0.0000
Darlene.esm,1007655E,0022CB6B,BotModelHandy,MISC,1788.838989,-3682.223877,1774.500000,5.7296
Darlene.esm,1007655D,000330F0,PorknBeans,ALCH,1803.404907,-3683.311523,1774.500000,0.0000
Darlene.esm,1007655C,000330F1,PotatoCrisps,ALCH,1798.430298,-3690.902588,1774.500000,188.1127
Darlene.esm,1007655B,000330F1,PotatoCrisps,ALCH,1808.559692,-3690.241699,1774.500000,0.0000
Darlene.esm,1007655A,000330F0,PorknBeans,ALCH,1823.309204,-3681.291016,1774.500000,0.0000
Darlene.esm,10076559,0002FBE4,BlamcoMacAndCheese,ALCH,1830.977173,-3688.813721,1774.500000,0.0000
Darlene.esm,10076558,0002FBE4,BlamcoMacAndCheese,ALCH,1840.138306,-3688.108154,1774.500000,97.4028
Darlene.esm,10076557,000330EE,Cram,ALCH,1851.682983,-3691.046387,1774.500000,308.4339
Darlene.esm,10076556,000C9A5C,PlayerHouse_ShelfCloset01,STAT,1817.985962,-3670.515381,1799.633423,0.0000
Darlene.esm,10076555,000330F1,PotatoCrisps,ALCH,2512.306885,-3132.869141,1725.700928,0.0000
Darlene.esm,10076554,000330F1,PotatoCrisps,ALCH,1736.000000,-3412.000000,1724.000000,80.2141
Darlene.esm,10076552,000330F0,PorknBeans,ALCH,1748.925781,-3681.942627,1748.000000,262.5973
Darlene.esm,10076551,000330F0,PorknBeans,ALCH,1752.079102,-3691.354980,1748.000000,0.0000
Darlene.esm,10076550,000330EE,Cram,ALCH,1738.908691,-3689.060059,1748.000000,233.9494
Darlene.esm,1007654F,00179403,SignFentonsFoodstuffs02,STAT,1930.158936,-3698.000000,1814.283447,180.0000
Darlene.esm,1007654E,000FFE0B,Pot_FoodLarge,STAT,1788.158813,-3339.889893,1726.000000,228.2198
Darlene.esm,1007654D,00059ABA,CookingPot01,MISC,1797.000000,-3334.000000,1670.000000,0.0000
Darlene.esm,1007654C,00059AEC,CookingPan01,MISC,1789.302612,-3682.418701,1748.000000,247.3357
Darlene.esm,1007654B,00132974,ComicBurnt01,MISC,1754.854736,-3420.652344,1671.673828,170.9241
Darlene.esm,1007654A,0007D5D3,DinerIntTable02,STAT,1821.000000,-3334.000000,1670.000000,0.0000
Darlene.esm,10076549,0008E79C,Floorlamp01On,STAT,2536.505859,-2825.556396,1667.069580,0.0000
Darlene.esm,10076548,00135F47,MacTube03,STAT,1742.484741,-3464.947998,1722.557983,80.2142
Darlene.esm,10076540,0001A825,BldWoodPSmFlrOnly07,STAT,1988.204346,-2609.172119,1667.220825,0.0000
Darlene.esm,1007653F,00083878,BldgShellComWin01,STAT,1929.741699,-2653.271484,1648.949097,0.0000
Darlene.esm,1007653E,00083878,BldgShellComWin01,STAT,1909.425537,-2663.668945,1648.949097,313.0000
Darlene.esm,10076533,0012B4B7,DefaultLightWhite01SpotNoAttenGoboPlugC,LIGH,2567.000000,-2894.000000,1887.000000,237.5764
Darlene.esm,10076531,000517B0,DefaultLightWhite01NS,LIGH,2604.755615,-2908.349609,1818.875732,0.0003
Darlene.esm,10076530,000517B0,DefaultLightWhite01NS,LIGH,1986.442627,-2640.008301,1789.135742,182.3833
Darlene.esm,1007652F,000517B0,DefaultLightWhite01NS,LIGH,1986.442627,-2640.008301,1825.234863,182.3833
Darlene.esm,1007652E,00020DA8,UtilFreePipeSocket01,STAT,1804.171387,-2749.634033,1883.220825,182.3833
Darlene.esm,1007652D,00020DA8,UtilFreePipeSocket01,STAT,1816.160889,-2750.133057,1883.220825,182.3833
Darlene.esm,1007652C,00020DA8,UtilFreePipeSocket01,STAT,1795.137695,-2750.259277,1886.220825,182.3833
Darlene.esm,1007652A,0001BA44,BldWlpSmWallPillar01,STAT,1777.236084,-2747.512207,1667.220825,182.3833
Darlene.esm,10076529,0004835A,NukaColaEmpty,MISC,2005.236328,-2863.938477,1671.004272,248.6746
Darlene.esm,10076526,0005821E,CigarBox,MISC,2236.501709,-2827.737793,1670.945679,83.6520
Darlene.esm,10076524,001944AF,ClutterGenSlimeA,STAT,2026.473389,-2885.589111,1668.870117,10.5542
Darlene.esm,10076523,001944BC,ClutterGenDustA,STAT,2070.210693,-3551.821289,1670.075073,349.0682
Darlene.esm,10076520,0005A688,AdvertsPoster03,STAT,2561.500977,-3023.968750,1794.879639,90.0000
Darlene.esm,1007651F,0005A689,AdvertsPoster04,STAT,2562.543457,-3059.602051,1802.921509,90.0000
Darlene.esm,1007651E,0005A68B,AdvertsPoster06,STAT,2562.857422,-2979.663086,1802.921509,90.0000
Darlene.esm,1007651D,00165326,PlateCeramic01_White_Dirty,MISC,2517.394043,-2882.829590,1678.011841,58.3984
Darlene.esm,1007651C,00140B1A,Bowl_Generic,MISC,2523.362061,-2880.571777,1702.114990,326.7235
Darlene.esm,1007651B,000A4920,DishRag01,MISC,2516.163086,-2860.717041,1675.805664,114.5984
Darlene.esm,10076517,001914DB,DecalDebris06,STAT,2034.161865,-2937.857422,1923.220825,270.0000
Darlene.esm,10076516,001914DB,DecalDebris06,STAT,1881.266846,-2600.421875,1923.225342,178.3268
Darlene.esm,10076515,001914C9,DecalDebris04,STAT,2366.867676,-2805.072510,1923.320801,270.0000
Darlene.esm,10076514,000EF2D1,Clock02_Wall,STAT,1774.391846,-2771.298340,1825.064697,0.0000
Darlene.esm,10076513,0001CE98,FluorescentLightThinOff02,STAT,2063.376465,-2629.438965,1891.220825,180.0001
Darlene.esm,10076511,00059AB4,Chessboard,MISC,1759.764648,-2951.015137,1672.678711,0.0000
Darlene.esm,100764FB,000517B0,DefaultLightWhite01NS,LIGH,1982.132935,-2966.032471,1806.397095,0.0000
Darlene.esm,100764F0,000CBAB4,BldWlpSmWallPlugC01,STAT,2586.000000,-2898.000000,1667.000000,180.0000
Darlene.esm,100764EE,000517B0,DefaultLightWhite01NS,LIGH,3012.000000,-3467.000000,1823.000000,270.0001
Darlene.esm,100764EC,000CBAB4,BldWlpSmWallPlugC01,STAT,2585.286377,-3152.131104,1666.973022,180.0000
Darlene.esm,100764E9,000517B0,DefaultLightWhite01NS,LIGH,2595.259033,-3153.476562,1818.848755,270.0001
Darlene.esm,100764DC,000517B0,DefaultLightWhite01NS,LIGH,2092.957031,-3728.656982,1782.997437,0.0000
Darlene.esm,100764D9,000517B0,DefaultLightWhite01NS,LIGH,2092.957031,-3728.656982,1819.096558,0.0000
Darlene.esm,100764D7,00020DA8,UtilFreePipeSocket01,STAT,2446.887695,-2774.438965,1883.220825,0.0000
Darlene.esm,100764D6,00020DA8,UtilFreePipeSocket01,STAT,2434.887695,-2774.438965,1883.220825,0.0000
Darlene.esm,100764D2,00020D9F,UtilFreePipe03,STAT,2446.887695,-2871.837158,1883.220825,0.0000
Darlene.esm,100764D1,00020DA5,UtilFreePipe04,STAT,2434.887695,-2873.837158,1883.220825,0.0000
Darlene.esm,100764D0,00020DA7,UtilFreePipe05,STAT,1792.410645,-3124.438965,1886.220825,180.0000
Darlene.esm,100764CF,00020DA7,UtilFreePipe05,STAT,1786.410645,-3124.438965,1886.220825,180.0000
Darlene.esm,100764CD,00020DA5,UtilFreePipe04,STAT,1773.410645,-3127.438965,1885.220825,0.0000
Darlene.esm,100764CC,000E6F28,BulletinBoard01Static,STAT,2567.018799,-3020.094971,1798.146606,90.0000
Darlene.esm,100764CB,0001D1AF,TrashDecal03,STAT,1695.469604,-3227.585205,1667.605957,97.4028
Darlene.esm,100764C9,0001D18E,TrashDecal02,STAT,1946.818115,-3688.073486,1667.220825,96.4393
Darlene.esm,100764C6,0008029C,DebrisPileSmallWood04,STAT,1691.593262,-3164.921387,1667.120850,75.4478
Darlene.esm,100764C4,0004835A,NukaColaEmpty,MISC,2526.681641,-3141.254883,1725.700928,271.0091
Darlene.esm,100764C3,0004835A,NukaColaEmpty,MISC,2537.372803,-3119.950439,1729.049194,246.4960
Darlene.esm,100764BF,0001A81F,BldWoodPSmFlrOnly01,STAT,1695.376465,-3125.438965,1667.120850,180.0000
Darlene.esm,100764BC,0001A7F8,BldWoodPSmCeilOnly01,STAT,2079.376465,-2815.742920,1667.220825,0.0000
Darlene.esm,100764BA,0001A829,BldWoodPSmFlrPlat01,STAT,2079.376465,-3071.123047,1923.220825,0.0000
Darlene.esm,100764B9,0001A81F,BldWoodPSmFlrOnly01,STAT,2079.376465,-2815.123047,1923.220825,0.0000
Darlene.esm,100764B8,0001A81F,BldWoodPSmFlrOnly01,STAT,1823.376465,-2815.123047,1923.220825,0.0000
Darlene.esm,100764B7,0001F440,FederalistTableCircle01,STAT,2519.952148,-3139.708008,1669.200928,268.1443
Darlene.esm,100764B6,0019B585,FederalistCoffeeTableSmall01Debris02,SCOL,2529.833496,-2881.428711,1667.069580,357.1352
Darlene.esm,100764B5,000EA1BC,NpcCouchModernDomesticSit01,FURN,2520.201904,-3015.952148,1670.703247,272.8648
Darlene.esm,100764B4,0001A81F,BldWoodPSmFlrOnly01,STAT,2361.110107,-3125.438965,1667.220825,0.0000
Darlene.esm,100764B3,0001A821,BldWoodPSmFlrOnly03,STAT,2105.787598,-2864.937744,1667.220825,0.0000
Darlene.esm,100764B2,0001A820,BldWoodPSmFlrOnly02,STAT,1850.558350,-3120.598877,1667.220825,0.0000
Darlene.esm,100764B1,0001A825,BldWoodPSmFlrOnly07,STAT,1850.558350,-2864.598877,1667.220825,0.0000
Darlene.esm,100764B0,0008E371,Ashtray01_Filled,MISC,2527.337158,-3127.937012,1725.700928,248.0908
Darlene.esm,100764AE,0005821E,CigarBox,MISC,2510.757324,-3145.594238,1727.217163,130.4519
Darlene.esm,100764AD,00059ADB,HotPlate,MISC,2538.169189,-2861.286377,1700.112549,89.1407
Darlene.esm,100764AC,000211CC,CoffeePot01,MISC,2538.963135,-2861.762207,1709.350830,116.8834
Darlene.esm,100764AB,000211C4,CoffeeCup01,MISC,2539.937988,-2888.499023,1700.069214,61.8795
Darlene.esm,100764AA,000211C4,CoffeeCup01,MISC,2550.917725,-2887.572754,1700.069214,238.0640
Darlene.esm,100764A9,000211C4,CoffeeCup01,MISC,2545.648926,-2896.170898,1703.078979,89.8961
Darlene.esm,100764A8,000286F5,Newspaper,MISC,2536.929443,-2862.890869,1678.271118,320.4659
Darlene.esm,100764A6,00165014,OfficePaperDebris04,STAT,2499.160400,-3824.424805,1668.895996,198.5299
Darlene.esm,1005C3D3,1005C3CA,VanessaPoster03TL,STAT,1716.210815,-3376.969482,1791.213501,90.0000
Darlene.esm,1005C3D1,1005C3C8,VanessaPoster02TL,STAT,2799.742188,-3948.721191,1816.029907,180.0000
Darlene.esm,1005C3CF,1005C3C6,VanessaPoster01TL,STAT,2347.639893,-3693.940186,1809.963623,0.0000
Darlene.esm,1005C3CE,1005C3C5,VanessaPoster01,STAT,2347.639893,-3692.881592,1809.963623,0.0000
Darlene.esm,1000269A,10002699,VanessaQuest03Mirror01_Broken,ACTI,3590.000000,-3732.000000,1790.000000,90.0000
Darlene.esm,1005C3D0,1005C3C7,VanessaPoster02,STAT,2799.742188,-3950.030029,1816.029907,180.0000
Darlene.esm,1005C3D2,1005C3C9,VanessaPoster03,STAT,1714.675049,-3376.969482,1791.213501,90.0000
Darlene.esm,1005C3D4,1005C3CB,VanessaPoster04,STAT,2179.323486,-3424.088379,1766.912842,0.0000
Darlene.esm,10007B42,1000269D,vanessaQuest03DecalBloodSplatterSmall,TXST,3518.000000,-3728.000000,1776.000000,91.6732
Darlene.esm,10007B38,1000269C,VanessaQuest03DecalBloodHandPrint,TXST,3558.000000,-3750.000000,1774.000000,90.0000
Darlene.esm,1000269B,10002698,VanessaQuest03Mirror01_Fixed,ACTI,3592.668213,-3732.819092,1791.638916,90.0000
Darlene.esm,100110F7,100110EF,VanessaBookContainerMagNote03,CONT,2761.093994,-3767.875244,1720.787231,270.0000
Darlene.esm,100110F8,100110F0,VanessaBookContainerMagNote04,CONT,3207.135986,-3864.072510,1762.321533,270.0000
Darlene.esm,100110FA,100110F3,VanessaBookContainerMagNote06,CONT,2904.129150,-3900.217041,1726.423096,90.0000
Darlene.esm,100110F9,100110F1,VanessaBookContainerMagNote05,CONT,2922.943848,-3700.890381,1732.212158,347.5438
Darlene.esm,100110F6,100110ED,VanessaBookContainerMagNote02,CONT,2239.437500,-3154.702637,1782.655762,268.4588
Darlene.esm,100110F4,100110EE,VanessaBookContainerMagNote01,CONT,2457.829346,-3243.756348,1753.537476,177.4130
Darlene.esm,10013267,10013265,VanessaQuest02BookContainer,CONT,2771.526855,-3795.874756,1697.657227,90.0000
Darlene.esm,1009C926,0001D92C,BldWoodPDoor01,DOOR,2210.000000,-3596.758789,1667.000000,0.0000
Darlene.esm,1005C3D5,1005C3CC,VanessaPoster04TL,STAT,2178.319580,-3424.088379,1766.912842,0.0000
Darlene.esm,1017E744,00000034,XMarkerHeading,STAT,1793.915771,-3126.079102,1667.220825,91.6732
Darlene.esm,1017E739,0014BED3,TrapCymbalMonkey02,ACTI,2747.643311,-3803.734619,1718.788574,93.3465
Darlene.esm,1017D064,1017D063,VanessaNotHiredXMarker,STAT,2314.988770,-2927.083496,1667.594971,0.0000
Darlene.esm,1015B9D3,1015B9D2,VanessaHomeXMarker,STAT,1916.592529,-3418.732178,1670.000000,0.0000
Darlene.esm,1013B19E,1013B19C,VanessaSinkWaterInt,ACTI,3595.901855,-3732.038574,1711.080688,180.0000
Darlene.esm,10136497,1013B19C,VanessaSinkWaterInt,ACTI,1877.179565,-3714.314941,1714.395142,270.0000
Darlene.esm,100DC0A8,100DC0A7,Vanessa_RadioAddReceiver,ACTI,3202.229004,-3709.855957,1708.506348,68.7550
Darlene.esm,100DC0A1,100DB906,VanessaEyebot,NPC_,1821.682129,-2874.081787,1795.839966,114.5916
Darlene.esm,100E6144,100E5202,VanessaMagPoppy,BOOK,2271.551025,-3922.785156,1713.579956,291.2452
Darlene.esm,1009D0EC,0001D92C,BldWoodPDoor01,DOOR,1937.500000,-3294.000000,1671.000000,90.0000
Darlene.esm,100DCFED,100DCFEC,Vanessa_RadioEyebotRadioTransmitter,ACTI,2418.156006,-4598.853516,1740.197632,0.0000
Darlene.esm,100DC0B9,00000034,XMarkerHeading,STAT,1793.522461,-3183.538818,1667.167236,90.0000
Darlene.esm,1009C929,0001D92C,BldWoodPDoor01,DOOR,3358.000000,-3679.000000,1670.000000,90.0000
Darlene.esm,100BE035,00000034,XMarkerHeading,STAT,3516.793701,-3811.904541,1670.000000,180.0000
Darlene.esm,100BE033,1004BAF4,Vanessa_Chair_Barber,FURN,3511.038818,-3912.971191,1709.426025,0.0000
Darlene.esm,100B19C9,100B19C8,Vanessa_Loot_Bills_Suitcase,CONT,2100.000000,-3274.000000,1691.000000,0.0000
Darlene.esm,100B121B,100B121A,VanessaPartyXMasLine,CONT,1847.000000,-2773.000000,1838.000000,0.0000
Darlene.esm,100765AC,000A8C6F,MemDenHangingCloth01,STAT,1842.182861,-2778.059570,1670.021118,133.3216
Darlene.esm,100B4F5A,0006533B,VltXmasLightsLine02DoubleDip,STAT,2558.000000,-2990.000000,1890.000000,90.0000
Darlene.esm,100B6DF1,0002B95A,DecalFlameBurn01,TXST,1752.000000,-3597.616211,1794.000000,270.0000
Darlene.esm,100B664E,00090CBD,Xmas_Orange_wide_FU,LIGH,2126.000000,-3189.000000,1740.000000,0.0000
Darlene.esm,100B664B,000ABFD1,Halloween_Cat_Leg2,STAT,2094.000000,-3280.000000,1787.000000,166.1578
Darlene.esm,100B664A,000ABFD0,Halloween_Cat_Leg1,STAT,2089.000000,-3276.000000,1793.000000,180.0000
Darlene.esm,100B6648,000ABFCF,Halloween_Cat_Head,STAT,2070.000000,-3278.000000,1795.000000,180.0000
Darlene.esm,100B6649,000ABFF2,Halloween_Cat_Chest,STAT,2082.000000,-3278.000000,1796.000000,0.0000
Darlene.esm,100B4F59,0006533B,VltXmasLightsLine02DoubleDip,STAT,2422.000000,-2775.000000,1890.000000,56.0254
Darlene.esm,100B4F57,0006533B,VltXmasLightsLine02DoubleDip,STAT,2174.000000,-2770.000000,1890.000000,0.0000
Darlene.esm,100B1223,100B1222,VanessaPartyHalloPumpCont,CONT,2160.000000,-3191.000000,1737.000000,108.8620
Darlene.esm,100B1221,000AC003,Halloween_Banner_HappyHalloween,SCOL,1978.000000,-2777.000000,1811.000000,0.0000
Darlene.esm,100B121F,000ABFD7,Halloween_Pumpkin_Head,STAT,2486.000000,-2777.000000,1781.000000,0.0000
Darlene.esm,100B1220,000ABFDA,Halloween_SkullPoster,STAT,2233.000000,-2769.000000,1747.000000,0.0000
Darlene.esm,100B1217,100B1216,VanessaPartyXMasTree,CONT,1770.000000,-2846.000000,1667.000000,0.0000
Darlene.esm,100B02C9,0006194B,DecalStainRust15,TXST,1798.000000,-3425.000000,1777.000000,0.0000
Darlene.esm,100B02C0,000BA4B8,DecalBloodSmear02,TXST,1834.000000,-3345.000000,1788.000000,0.0000
Darlene.esm,100B02BF,0021317C,DecalBloodPuddleMed,TXST,1814.000000,-3383.000000,1753.000000,0.0000
Darlene.esm,100AFB0F,00028A4B,PuddleTownDecalSmall,TXST,3542.797607,-3737.973877,1841.000000,0.0000
Darlene.esm,100AFAFB,00028A4B,PuddleTownDecalSmall,TXST,2126.000000,-3494.000000,1740.000000,0.0000
Darlene.esm,100AFAF0,00061899,DecalGrossStain06,TXST,2034.258545,-3452.741699,1736.000000,97.4028
Darlene.esm,100AFAE9,00028A4B,PuddleTownDecalSmall,TXST,1874.000000,-3580.000000,1743.000000,0.0000
Darlene.esm,100AFAE8,00028A4B,PuddleTownDecalSmall,TXST,1826.804687,-3615.464355,1743.000000,0.0000
Darlene.esm,100AFACC,000BA4B8,DecalBloodSmear02,TXST,1759.000000,-3555.616211,1788.000000,0.0000
Darlene.esm,100ADBDA,0003059C,DecalBloodSplatMed,TXST,2889.000000,-3857.000000,1813.000000,0.0000
Darlene.esm,100A61B8,000001F7,LightBox,STAT,2463.000000,-3133.000000,1768.000000,0.0000
Darlene.esm,1009D0E1,000001F7,LightBox,STAT,3057.758789,-3651.588379,1764.000000,0.0000
Darlene.esm,1009D0DD,000001F7,LightBox,STAT,2472.179199,-3658.265869,1763.611572,0.0000
Darlene.esm,1009D0D9,000001F7,LightBox,STAT,1935.000000,-3629.000000,1764.000000,0.0000
Darlene.esm,1009C92E,000C971A,BldWoodPDoorLoad02,DOOR,1694.000000,-3219.000000,1669.000000,0.9634
Darlene.esm,1009C928,0001D92C,BldWoodPDoor01,DOOR,2602.000000,-3676.000000,1669.000000,90.0000
Darlene.esm,1009C927,0001D92C,BldWoodPDoor01,DOOR,2858.309570,-3676.000000,1669.000000,90.0000
Darlene.esm,100764A4,000001F7,LightBox,STAT,2451.000000,-2864.000000,1769.000000,0.0000
Darlene.esm,100764A3,000D8556,DefaultLightWhite01NSNonSpec,LIGH,2243.000000,-2951.000000,1774.000000,0.0000
Darlene.esm,1007649E,000001F7,LightBox,STAT,1916.000000,-2958.000000,1764.000000,0.0000
