source_file,ref_formid,base_formid,base_editorid,base_signature,pos_x,pos_y,pos_z,rot_z
LessLoot - AmericaRising2.esp,0E02CCB3,FE043002,Loot_Prewar_Medkit_Wall_AR2,CONT,14872.158203,34329.015625,846.168396,148.0634
LessLoot - AmericaRising2.esp,0E02D69F,FE043001,Loot_Prewar_Medkit_AR2,CONT,16924.935547,28213.162109,392.052094,327.1239
LessLoot - AmericaRising2.esp,0E02D69E,FE043001,Loot_Prewar_Medkit_AR2,CONT,13837.186523,29995.146484,1012.542480,15.8136
LessLoot - AmericaRising2.esp,0E02D69B,FE043001,Loot_Prewar_Medkit_AR2,CONT,17550.671875,30015.462891,340.740662,103.1324
LessLoot - AmericaRising2.esp,0E02CA56,FE043002,Loot_Prewar_Medkit_Wall_AR2,CONT,14870.319336,16503.656250,706.313293,14.9083
LessLoot - AmericaRising2.esp,0E02D7F7,00041ED0,DummyNoEdit_FusionCore,MISC,18610.640625,15054.425781,670.395630,55.1761
LessLoot - AmericaRising2.esp,0E02D7F6,00041ED0,DummyNoEdit_FusionCore,MISC,18591.496094,15067.548828,670.395630,32.2578
LessLoot - AmericaRising2.esp,0E02D7F5,00041ED0,DummyNoEdit_FusionCore,MISC,18599.279297,15060.123047,670.395630,352.1508
LessLoot - AmericaRising2.esp,0E02D1DD,FE043001,Loot_Prewar_Medkit_AR2,CONT,18412.951172,15336.633789,682.629395,319.6639
LessLoot - AmericaRising2.esp,0E02D1DC,FE043001,Loot_Prewar_Medkit_AR2,CONT,17337.130859,15882.865234,726.948975,85.7145
LessLoot - AmericaRising2.esp,0E02D1DB,FE043001,Loot_Prewar_Medkit_AR2,CONT,16492.574219,17674.160156,687.150269,336.8525
LessLoot - AmericaRising2.esp,0E02EC9F,FE043002,Loot_Prewar_Medkit_Wall_AR2,CONT,-2253.438965,19443.150391,535.850891,90.0001
LessLoot - AmericaRising2.esp,0E02EC7F,FE043006,Ammo_Box_Empty,CONT,-2206.630371,18869.380859,503.757599,87.2718
LessLoot - AmericaRising2.esp,0E02EC7E,FE043006,Ammo_Box_Empty,CONT,-2204.964355,18887.259766,503.757599,87.2718
LessLoot - AmericaRising2.esp,0E02EC24,FE043006,Ammo_Box_Empty,CONT,-1753.325439,17157.644531,679.264160,0.1602
LessLoot - AmericaRising2.esp,0E02EC23,FE043006,Ammo_Box_Empty,CONT,-1770.132080,17156.181641,679.264160,359.3009
LessLoot - AmericaRising2.esp,0E02EC22,FE043006,Ammo_Box_Empty,CONT,-1786.942627,17158.039062,679.264160,0.1030
LessLoot - AmericaRising2.esp,0E02EF5A,00023736,Stimpak,ALCH,3733.890137,14653.023437,372.713654,44.7245
LessLoot - AmericaRising2.esp,0E02EF57,00033778,Buffout,ALCH,3742.539062,14646.573242,407.092560,47.9453
LessLoot - AmericaRising2.esp,0E02EF56,00023736,Stimpak,ALCH,3682.328613,14653.965820,406.874786,323.6983
LessLoot - AmericaRising2.esp,0E02EF53,00033778,Buffout,ALCH,3703.584229,14648.161133,407.092560,122.4296
LessLoot - AmericaRising2.esp,0E02EF52,00033778,Buffout,ALCH,3709.309814,14659.339844,407.091583,179.7251
LessLoot - AmericaRising2.esp,0E02EF51,000366C5,Jet,ALCH,3721.885010,14653.644531,406.536896,179.6347
LessLoot - AmericaRising2.esp,0E02EF50,00023742,RadAway,ALCH,3709.590088,14654.145508,372.845245,110.8886
LessLoot - AmericaRising2.esp,0E02EF4F,00023742,RadAway,ALCH,3690.306396,14646.939453,372.845490,254.6613
LessLoot - AmericaRising2.esp,0E02EF13,00198DC1,DummyNoEdit_PlasmaGun_Pistol,MISC,2908.767578,15178.408203,389.708527,271.8259
LessLoot - AmericaRising2.esp,0E02779B,FE043001,Loot_Prewar_Medkit_AR2,CONT,201.691147,15650.129883,662.625916,108.8620
LessLoot - AmericaRising2.esp,0E027790,FE043007,AR2_FootLocker01,CONT,228.861572,15476.376953,672.149170,182.6812
LessLoot - AmericaRising2.esp,0E02778F,FE043007,AR2_FootLocker01,CONT,295.608032,15473.705078,672.149170,181.7645
LessLoot - AmericaRising2.esp,0E02778E,FE043007,AR2_FootLocker01,CONT,356.113495,15476.654297,672.149170,176.6079
LessLoot - AmericaRising2.esp,0E02772D,FE043006,Ammo_Box_Empty,CONT,1190.709839,15655.574219,320.000000,143.5376
LessLoot - AmericaRising2.esp,0E02772C,FE043006,Ammo_Box_Empty,CONT,1174.056396,15642.255859,320.000000,133.2817
LessLoot - AmericaRising2.esp,0E026460,FE043002,Loot_Prewar_Medkit_Wall_AR2,CONT,2387.929443,14128.182617,404.639282,179.9999
LessLoot - AmericaRising2.esp,0E02645A,000655D6,Loot_Prewar_WoodCrate,CONT,2447.105225,13981.848633,280.552094,92.5326
LessLoot - AmericaRising2.esp,0E026459,00023736,Stimpak,ALCH,2263.707275,14090.372070,315.225525,10.3226
LessLoot - AmericaRising2.esp,0E026458,00023736,Stimpak,ALCH,2278.659912,14091.644531,313.766449,359.2046
LessLoot - AmericaRising2.esp,0E026455,FE043006,Ammo_Box_Empty,CONT,2177.483398,14097.359375,344.000000,6.6463
LessLoot - AmericaRising2.esp,0E026453,FE043006,Ammo_Box_Empty,CONT,2199.999756,14096.000000,344.000000,0.0000
LessLoot - AmericaRising2.esp,0E02F0CE,000B3634,DummyNoEdit_Ammo_CombatShotgun,MISC,3681.867676,19138.939453,426.721924,11.2873
LessLoot - AmericaRising2.esp,0E02F0CC,00198DAC,DummyNoEdit_CombatRifle_Rifle,MISC,3711.001465,19097.607422,432.220795,269.9999
LessLoot - AmericaRising2.esp,0E02F08C,FE043006,Ammo_Box_Empty,CONT,3689.040283,19346.691406,393.646667,356.3407
LessLoot - AmericaRising2.esp,0E027405,FE043001,Loot_Prewar_Medkit_AR2,CONT,7105.276855,19951.722656,598.903931,0.0000
LessLoot - AmericaRising2.esp,0E02EE85,FE043007,AR2_FootLocker01,CONT,227.393417,23664.000000,488.925507,180.0000
LessLoot - AmericaRising2.esp,0E02EE83,FE043007,AR2_FootLocker01,CONT,227.392685,23943.998047,488.925507,0.0001
LessLoot - AmericaRising2.esp,0E02EE7F,FE043007,AR2_FootLocker01,CONT,419.394043,23664.000000,488.925507,180.0000
LessLoot - AmericaRising2.esp,0E02EE7B,FE043007,AR2_FootLocker01,CONT,419.393555,23943.998047,488.925507,0.0001
LessLoot - AmericaRising2.esp,0E02EE75,FE043007,AR2_FootLocker01,CONT,611.392944,23943.998047,488.925507,0.0001
LessLoot - AmericaRising2.esp,0E02EE74,FE043007,AR2_FootLocker01,CONT,611.393555,23664.000000,488.925507,180.0000
LessLoot - AmericaRising2.esp,0E02EE65,FE043007,AR2_FootLocker01,CONT,232.002686,22904.000000,473.289825,180.0000
LessLoot - AmericaRising2.esp,0E02EE63,FE043007,AR2_FootLocker01,CONT,232.001953,23183.998047,473.289825,0.0001
LessLoot - AmericaRising2.esp,0E02EE5F,FE043007,AR2_FootLocker01,CONT,424.003296,22904.000000,473.289825,180.0000
LessLoot - AmericaRising2.esp,0E02EE5B,FE043007,AR2_FootLocker01,CONT,424.002808,23183.998047,473.289825,0.0001
LessLoot - AmericaRising2.esp,0E02EE55,FE043007,AR2_FootLocker01,CONT,616.002197,23183.998047,473.289825,0.0001
LessLoot - AmericaRising2.esp,0E02EE54,FE043007,AR2_FootLocker01,CONT,616.002808,22904.000000,473.289825,180.0000
LessLoot - AmericaRising2.esp,0E02EE45,FE043007,AR2_FootLocker01,CONT,2880.001953,22415.998047,472.716919,0.0000
LessLoot - AmericaRising2.esp,0E02EE43,FE043007,AR2_FootLocker01,CONT,2880.002930,22136.000000,472.716919,180.0000
LessLoot - AmericaRising2.esp,0E02EE3F,FE043007,AR2_FootLocker01,CONT,2688.001953,22415.998047,472.716919,0.0000
LessLoot - AmericaRising2.esp,0E02EE3B,FE043007,AR2_FootLocker01,CONT,2688.002930,22136.000000,472.716919,180.0000
LessLoot - AmericaRising2.esp,0E02EE35,FE043007,AR2_FootLocker01,CONT,2496.002930,22136.000000,472.716919,180.0000
LessLoot - AmericaRising2.esp,0E02EE34,FE043007,AR2_FootLocker01,CONT,2496.001953,22415.998047,472.716919,0.0000
LessLoot - AmericaRising2.esp,0E02EE25,FE043007,AR2_FootLocker01,CONT,2874.160400,23199.998047,473.020752,0.0000
LessLoot - AmericaRising2.esp,0E02EE23,FE043007,AR2_FootLocker01,CONT,2874.161377,22920.000000,473.020752,180.0000
LessLoot - AmericaRising2.esp,0E02EE1F,FE043007,AR2_FootLocker01,CONT,2682.160400,23199.998047,473.020752,0.0000
LessLoot - AmericaRising2.esp,0E02EE1B,FE043007,AR2_FootLocker01,CONT,2682.161377,22920.000000,473.020752,180.0000
LessLoot - AmericaRising2.esp,0E02EE15,FE043007,AR2_FootLocker01,CONT,2490.161377,22920.000000,473.020752,180.0000
LessLoot - AmericaRising2.esp,0E02EE14,FE043007,AR2_FootLocker01,CONT,2490.160400,23199.998047,473.020752,0.0000
LessLoot - AmericaRising2.esp,0E02EE05,FE043007,AR2_FootLocker01,CONT,2872.000000,23960.000000,488.000000,0.0000
LessLoot - AmericaRising2.esp,0E02EE03,FE043007,AR2_FootLocker01,CONT,2872.000977,23680.001953,488.000000,180.0000
LessLoot - AmericaRising2.esp,0E02EDFF,FE043007,AR2_FootLocker01,CONT,2680.000000,23960.000000,488.000000,0.0000
LessLoot - AmericaRising2.esp,0E02EDFB,FE043007,AR2_FootLocker01,CONT,2680.000977,23680.001953,488.000000,180.0000
LessLoot - AmericaRising2.esp,0E02EDF5,FE043007,AR2_FootLocker01,CONT,2488.000977,23680.001953,488.000000,180.0000
LessLoot - AmericaRising2.esp,0E02EDF4,FE043007,AR2_FootLocker01,CONT,2488.000000,23960.000000,488.000000,0.0000
LessLoot - AmericaRising2.esp,0E02EDDC,FE043007,AR2_FootLocker01,CONT,2872.000977,24440.001953,496.000000,180.0000
LessLoot - AmericaRising2.esp,0E02EDDB,FE043007,AR2_FootLocker01,CONT,2680.000977,24440.001953,496.000000,180.0000
LessLoot - AmericaRising2.esp,0E02EDDA,FE043007,AR2_FootLocker01,CONT,2488.000977,24440.001953,496.000000,180.0000
LessLoot - AmericaRising2.esp,0E0279A1,FE043001,Loot_Prewar_Medkit_AR2,CONT,2256.338379,21284.005859,507.924011,181.4558
LessLoot - AmericaRising2.esp,0E026572,FE043001,Loot_Prewar_Medkit_AR2,CONT,306.175781,22469.101562,495.187500,184.4924
LessLoot - AmericaRising2.esp,0E026571,FE043001,Loot_Prewar_Medkit_AR2,CONT,492.980560,22092.039062,514.808777,77.1774
LessLoot - AmericaRising2.esp,0E0273CF,00098148,CementBag,MISC,7492.835449,20529.808594,463.976074,359.3365
LessLoot - AmericaRising2.esp,0E0273CD,00098148,CementBag,MISC,7513.030762,20546.035156,472.327026,174.0441
LessLoot - AmericaRising2.esp,0E0273CC,00098148,CementBag,MISC,7481.042480,20535.781250,462.815582,179.3323
LessLoot - AmericaRising2.esp,0E02754B,FE043001,Loot_Prewar_Medkit_AR2,CONT,8887.120117,21560.560547,503.976562,74.4845
LessLoot - AmericaRising2.esp,0E02754A,FE043006,Ammo_Box_Empty,CONT,8884.716797,21516.478516,473.451050,271.1916
LessLoot - AmericaRising2.esp,0E027548,FE043006,Ammo_Box_Empty,CONT,8886.254883,21413.607422,503.976562,271.1916
LessLoot - AmericaRising2.esp,0E027547,FE043006,Ammo_Box_Empty,CONT,8892.884766,20983.839844,536.552124,270.9624
LessLoot - AmericaRising2.esp,0E02627A,0001F276,Ammo10mm,AMMO,9211.277344,21307.625000,530.514648,97.4028
LessLoot - AmericaRising2.esp,0E026279,0001F276,Ammo10mm,AMMO,9218.118164,21307.810547,530.489380,97.4028
LessLoot - AmericaRising2.esp,0E026278,0001F276,Ammo10mm,AMMO,9212.767578,21313.119141,532.492065,97.4028
LessLoot - AmericaRising2.esp,0E026277,0001F276,Ammo10mm,AMMO,9215.431641,21316.058594,532.493103,97.4028
LessLoot - AmericaRising2.esp,0E026276,0001F276,Ammo10mm,AMMO,9217.942383,21311.287109,530.458862,97.4028
LessLoot - AmericaRising2.esp,0E026275,0001F276,Ammo10mm,AMMO,9210.000977,21316.128906,530.473877,97.4028
LessLoot - AmericaRising2.esp,0E026274,0001F276,Ammo10mm,AMMO,9207.416992,21302.585938,530.415222,0.0000
LessLoot - AmericaRising2.esp,0E026273,0001F276,Ammo10mm,AMMO,9212.682617,21305.443359,530.467590,0.0000
LessLoot - AmericaRising2.esp,0E026272,0001F276,Ammo10mm,AMMO,9212.842773,21301.806641,530.408936,0.0000
LessLoot - AmericaRising2.esp,0E026271,0001F276,Ammo10mm,AMMO,9208.617188,21302.339844,530.476196,0.0000
LessLoot - AmericaRising2.esp,0E026270,0001F276,Ammo10mm,AMMO,9208.173828,21304.718750,530.470825,0.0000
LessLoot - AmericaRising2.esp,0E02626F,0001F276,Ammo10mm,AMMO,9206.809570,21297.337891,530.452209,0.0000
LessLoot - AmericaRising2.esp,0E02626E,0001F276,Ammo10mm,AMMO,9216.115234,21302.666016,530.377625,0.0000
LessLoot - AmericaRising2.esp,0E02626D,0001F276,Ammo10mm,AMMO,9214.671875,21306.224609,530.441528,0.0000
LessLoot - AmericaRising2.esp,0E02626C,0001F276,Ammo10mm,AMMO,9215.499023,21298.632812,530.356750,0.0000
LessLoot - AmericaRising2.esp,0E02626B,0001F276,Ammo10mm,AMMO,9216.941406,21306.085938,530.430908,0.0000
LessLoot - AmericaRising2.esp,0E02626A,0001F276,Ammo10mm,AMMO,9205.471680,21310.333984,530.328613,0.0000
LessLoot - AmericaRising2.esp,0E026269,0001F276,Ammo10mm,AMMO,9203.279297,21306.718750,530.295654,0.0000
LessLoot - AmericaRising2.esp,0E026266,00199072,DummyNoEdit_10mm_Pistol_SemiAuto,MISC,9205.333008,21244.507812,541.046936,90.0000
LessLoot - AmericaRising2.esp,0E026265,00199072,DummyNoEdit_10mm_Pistol_SemiAuto,MISC,9205.333008,21232.494141,541.046936,90.0000
LessLoot - AmericaRising2.esp,0E026264,00199072,DummyNoEdit_10mm_Pistol_SemiAuto,MISC,9205.333008,21221.359375,541.046936,90.0000
LessLoot - AmericaRising2.esp,0E026263,00199072,DummyNoEdit_10mm_Pistol_SemiAuto,MISC,9205.333008,21211.164062,541.046936,90.0000
LessLoot - AmericaRising2.esp,0E026262,00198DAF,DummyNoEdit_HuntingRifle_Sniper,MISC,9207.168945,21383.457031,498.130371,164.4782
LessLoot - AmericaRising2.esp,0E02623B,00199072,DummyNoEdit_10mm_Pistol_SemiAuto,MISC,9193.514648,21648.363281,518.284058,177.0625
LessLoot - AmericaRising2.esp,0E02623A,00198DAC,DummyNoEdit_CombatRifle_Rifle,MISC,9201.861328,21565.527344,535.300781,90.0000
LessLoot - AmericaRising2.esp,0E026239,FE043006,Ammo_Box_Empty,CONT,9208.583984,21709.371094,530.500000,104.8057
LessLoot - AmericaRising2.esp,0E026231,0001F278,Ammo556,AMMO,8961.048828,21075.888672,535.555176,180.3098
LessLoot - AmericaRising2.esp,0E026230,0001F278,Ammo556,AMMO,8967.760742,21062.046875,535.555176,180.3098
LessLoot - AmericaRising2.esp,0E026226,FE043006,Ammo_Box_Empty,CONT,8971.334961,21459.664062,536.537231,229.8929
LessLoot - AmericaRising2.esp,0E026224,FE043006,Ammo_Box_Empty,CONT,8972.606445,21408.740234,536.537231,275.7295
LessLoot - AmericaRising2.esp,0E026223,FE043006,Ammo_Box_Empty,CONT,8971.334961,21389.531250,536.537231,270.0000
LessLoot - AmericaRising2.esp,0E02EDD3,FE043007,AR2_FootLocker01,CONT,2872.000000,24720.000000,496.000000,0.0000
LessLoot - AmericaRising2.esp,0E02EDD2,FE043007,AR2_FootLocker01,CONT,2680.000000,24720.000000,496.000000,0.0000
LessLoot - AmericaRising2.esp,0E02731A,FE043007,AR2_FootLocker01,CONT,2488.000000,24720.000000,496.000000,0.0000
LessLoot - AmericaRising2.esp,0E0154E4,FE043002,Loot_Prewar_Medkit_Wall_AR2,CONT,-55070.687500,-54760.773437,1323.527344,0.0000
LessLoot - AmericaRising2.esp,0E016E4E,001990D5,DummyNoEdit_PlasmaGun_Shotgun,MISC,-1104.235840,2664.205078,2823.334961,314.1633
LessLoot - AmericaRising2.esp,0E016E45,FE043006,Ammo_Box_Empty,CONT,-1465.358154,2680.459229,2770.058594,348.5252
LessLoot - AmericaRising2.esp,0E016E43,FE043006,Ammo_Box_Empty,CONT,-1412.492432,2684.259521,2768.534180,0.0000
LessLoot - AmericaRising2.esp,0E016E41,FE043006,Ammo_Box_Empty,CONT,-1351.476074,2679.939209,2767.910889,0.0000
LessLoot - AmericaRising2.esp,0E016E3E,00198DB8,DummyNoEdit_GaussRifle,MISC,-1393.080078,2540.692871,2760.465820,270.0001
LessLoot - AmericaRising2.esp,0E016E3B,00199090,DummyNoEdit_LaserGun_Pistol,MISC,-1530.139404,2615.904785,2753.062744,80.2276
LessLoot - AmericaRising2.esp,0E016E3A,00199090,DummyNoEdit_LaserGun_Pistol,MISC,-1462.307251,2619.894775,2757.795898,300.0735
LessLoot - AmericaRising2.esp,0E016E39,00199090,DummyNoEdit_LaserGun_Pistol,MISC,-1414.253784,2622.443604,2762.864746,45.8769
LessLoot - AmericaRising2.esp,0E016E24,00198DAF,DummyNoEdit_HuntingRifle_Sniper,MISC,-1046.435181,2627.976074,2896.961914,0.0000
LessLoot - AmericaRising2.esp,0E016E1E,00198DC1,DummyNoEdit_PlasmaGun_Pistol,MISC,-1045.102051,2527.909180,2897.698486,0.0000
LessLoot - AmericaRising2.esp,0E016E1C,00199093,DummyNoEdit_LaserGun_RifleShort,MISC,-1045.524536,2492.260010,2860.276855,0.0000
LessLoot - AmericaRising2.esp,0E016DEA,00198DF8,DummyNoEdit_Ammo_PlasmaCartridge,MISC,-1224.740723,2691.234375,2823.762207,11.4592
LessLoot - AmericaRising2.esp,0E016DE9,00198DF8,DummyNoEdit_Ammo_PlasmaCartridge,MISC,-1207.953613,2686.240723,2823.762207,348.5409
LessLoot - AmericaRising2.esp,0E016DE8,00198DF2,DummyNoEdit_Ammo_Missile,MISC,-1292.676025,2688.493164,2828.385254,337.0818
LessLoot - AmericaRising2.esp,0E016DE7,000B362B,DummyNoEdit_Ammo_Minigun,MISC,-1258.842407,2688.791992,2825.183594,11.4592
LessLoot - AmericaRising2.esp,0E016DE6,000B362B,DummyNoEdit_Ammo_Minigun,MISC,-1250.910767,2672.338867,2825.183594,354.2705
LessLoot - AmericaRising2.esp,0E016DE5,00198DF8,DummyNoEdit_Ammo_PlasmaCartridge,MISC,-1209.012085,2671.916016,2823.762207,5.7297
LessLoot - AmericaRising2.esp,0E016DE4,00198DF8,DummyNoEdit_Ammo_PlasmaCartridge,MISC,-1193.419434,2685.994141,2823.762207,5.7297
LessLoot - AmericaRising2.esp,0E016066,FE043006,Ammo_Box_Empty,CONT,-663.506165,7220.533203,2062.025146,177.4266
LessLoot - AmericaRising2.esp,0E016065,FE043006,Ammo_Box_Empty,CONT,-682.370422,7217.847168,2062.025146,177.4266
LessLoot - AmericaRising2.esp,0E013DD4,FE043006,Ammo_Box_Empty,CONT,-663.506165,7220.533203,2062.025146,177.4266
LessLoot - AmericaRising2.esp,0E013DD3,FE043006,Ammo_Box_Empty,CONT,-645.630798,7218.819336,2062.025146,177.4266
LessLoot - AmericaRising2.esp,0E032530,000366BF,WaterDirty,ALCH,807.965210,1576.423340,68.188019,58.2126
LessLoot - AmericaRising2.esp,0E03252F,000366BF,WaterDirty,ALCH,800.179504,1580.225342,68.188019,257.7845
LessLoot - AmericaRising2.esp,0E03252E,000366BF,WaterDirty,ALCH,800.497742,1570.965210,68.188019,160.3817
LessLoot - AmericaRising2.esp,0E016F55,00199090,DummyNoEdit_LaserGun_Pistol,MISC,1079.840210,5961.525879,2511.666504,118.7168
LessLoot - AmericaRising2.esp,0E016F54,00199090,DummyNoEdit_LaserGun_Pistol,MISC,1108.535522,6150.227051,2526.658691,276.7828
LessLoot - AmericaRising2.esp,0E01675E,00198DBE,DummyNoEdit_LaserGun_Rifle,MISC,403.359772,8030.562012,2049.048340,79.1235
LessLoot - AmericaRising2.esp,0E01675D,00198DBE,DummyNoEdit_LaserGun_Rifle,MISC,352.314178,7894.467773,2049.048340,138.2056
LessLoot - AmericaRising2.esp,0E016759,00198DBE,DummyNoEdit_LaserGun_Rifle,MISC,2201.523193,5681.883789,2024.306030,305.1613
LessLoot - AmericaRising2.esp,0E016756,00199090,DummyNoEdit_LaserGun_Pistol,MISC,1141.243774,4269.142090,2519.848389,316.9665
LessLoot - AmericaRising2.esp,0E016755,00198DBE,DummyNoEdit_LaserGun_Rifle,MISC,1174.599609,4145.666992,2506.406250,106.8089
LessLoot - AmericaRising2.esp,0E016754,00198DBE,DummyNoEdit_LaserGun_Rifle,MISC,501.598724,4313.732910,2520.322266,265.8328
LessLoot - AmericaRising2.esp,0E016352,FE043006,Ammo_Box_Empty,CONT,2734.266846,5313.947266,2062.219971,87.2718
LessLoot - AmericaRising2.esp,0E016351,FE043006,Ammo_Box_Empty,CONT,2737.004395,5295.089355,2062.219971,87.2718
LessLoot - AmericaRising2.esp,0E013A8B,FE043006,Ammo_Box_Empty,CONT,2735.932373,5331.826660,2062.219971,87.2718
LessLoot - AmericaRising2.esp,0E013A8A,FE043006,Ammo_Box_Empty,CONT,2734.836182,5357.032715,2062.219971,106.7524
LessLoot - AmericaRising2.esp,0E016E29,0E0014B5,AR_Armor_Enclave_CombatArmor_GasMask,ARMO,-1048.745728,2655.910400,2853.023193,79.7389
LessLoot - AmericaRising2.esp,0E016E28,0E0014B5,AR_Armor_Enclave_CombatArmor_GasMask,ARMO,-1048.745728,2641.139648,2854.593994,79.7389
LessLoot - AmericaRising2.esp,0E01645B,001AB88D,HighPoweredMagnet,MISC,1492.856445,8533.810547,2063.406006,203.8460
LessLoot - AmericaRising2.esp,0E01603E,001AB88D,HighPoweredMagnet,MISC,-1110.653809,7264.476562,2067.670410,93.6497
LessLoot - AmericaRising2.esp,0E013C6B,001AB88D,HighPoweredMagnet,MISC,1492.856445,8533.810547,2063.406006,203.8460
LessLoot - AmericaRising2.esp,0E013C61,001AB88D,HighPoweredMagnet,MISC,1528.103760,8527.748047,2062.522217,272.6009
LessLoot - AmericaRising2.esp,0E003877,000928D5,DummyNoEdit_Drink_NukaCola,MISC,2332.810547,-6046.972168,3.499985,2.8979
LessLoot - AmericaRising2.esp,0E003876,000928D5,DummyNoEdit_Drink_NukaCola,MISC,2336.907227,-6066.258789,-25.093761,182.8979
LessLoot - AmericaRising2.esp,0E003875,000928D5,DummyNoEdit_Drink_NukaCola,MISC,2329.174561,-6055.302734,-25.093761,182.8979
LessLoot - AmericaRising2.esp,0E003874,000928D5,DummyNoEdit_Drink_NukaCola,MISC,2337.539551,-6046.638184,-25.093761,182.8979
LessLoot - AmericaRising2.esp,0E0274E8,00199075,DummyNoEdit_CombatRifle_AssaultRifle,MISC,3821.923828,7664.877441,37.598339,144.8602
LessLoot - AmericaRising2.esp,0E0274A0,FE043002,Loot_Prewar_Medkit_Wall_AR2,CONT,3192.559570,7091.119141,133.630508,277.7923
LessLoot - AmericaRising2.esp,0E027497,00199075,DummyNoEdit_CombatRifle_AssaultRifle,MISC,2768.461182,6916.346191,110.458984,322.7923
LessLoot - AmericaRising2.esp,0E027496,00199075,DummyNoEdit_CombatRifle_AssaultRifle,MISC,2768.461182,6916.346191,151.363403,323.6739
LessLoot - AmericaRising2.esp,0E027494,00199075,DummyNoEdit_CombatRifle_AssaultRifle,MISC,2689.263428,7020.656250,110.458984,322.7923
LessLoot - AmericaRising2.esp,0E02748C,0018AE56,LvlPowerArmorFurniturePartial,FURN,2648.971191,7291.117187,21.630512,52.7923
LessLoot - AmericaRising2.esp,0E01F36F,FE043002,Loot_Prewar_Medkit_Wall_AR2,CONT,11008.000000,6888.000000,520.000000,180.0000
LessLoot - AmericaRising2.esp,0E01F33A,FE043006,Ammo_Box_Empty,CONT,8766.708008,5947.890137,196.089142,319.8930
LessLoot - AmericaRising2.esp,0E003717,000F8617,LvlSentryBot,NPC_,10048.000000,7496.000000,288.000000,180.0000
LessLoot - AmericaRising2.esp,0E031422,FE043006,Ammo_Box_Empty,CONT,-21192.013672,-60016.945312,2325.969727,322.3567
LessLoot - AmericaRising2.esp,0E031421,FE043001,Loot_Prewar_Medkit_AR2,CONT,-21258.119141,-60059.511719,2325.969727,141.0622
LessLoot - AmericaRising2.esp,0E02C282,FE043001,Loot_Prewar_Medkit_AR2,CONT,-1355.342285,39236.523438,972.122375,4.1253
LessLoot - AmericaRising2.esp,0E02C27C,FE043006,Ammo_Box_Empty,CONT,-1309.215332,39440.148438,970.764893,305.7409
LessLoot - AmericaRising2.esp,0E02C27B,FE043006,Ammo_Box_Empty,CONT,-1323.229736,39418.132812,970.764893,285.6301
LessLoot - AmericaRising2.esp,0E0314DD,FE043006,Ammo_Box_Empty,CONT,-63619.164062,24976.406250,4445.119141,90.0001
LessLoot - AmericaRising2.esp,0E0314D6,FE043006,Ammo_Box_Empty,CONT,-63590.878906,24918.142578,4448.232422,106.5702
LessLoot - AmericaRising2.esp,0E0314D4,FE043006,Ammo_Box_Empty,CONT,-63709.753906,24988.878906,4437.111328,189.8209
LessLoot - AmericaRising2.esp,0E0313E6,000366BF,WaterDirty,ALCH,1520.976440,-17180.376953,1199.090820,218.7039
LessLoot - AmericaRising2.esp,0E0313E5,000366BF,WaterDirty,ALCH,1533.872437,-17177.480469,1199.087280,193.8426
LessLoot - AmericaRising2.esp,0E0313E4,000366C0,WaterPurified,ALCH,1541.922485,-17182.917969,1199.081421,120.3248
LessLoot - AmericaRising2.esp,0E0313E3,000366C0,WaterPurified,ALCH,1542.385498,-17174.960937,1199.072754,285.5165
LessLoot - AmericaRising2.esp,0E0313DE,00199099,DummyNoEdit_LaserGun_SniperRifle,MISC,1799.576050,-16928.953125,1152.683960,58.9918
LessLoot - AmericaRising2.esp,0E0313DD,00198DBE,DummyNoEdit_LaserGun_Rifle,MISC,1808.576050,-16947.894531,1154.196289,57.6970
LessLoot - AmericaRising2.esp,0E0313DC,0019909C,DummyNoEdit_LaserGun_SubmachineGun,MISC,1819.278442,-16962.183594,1155.390747,60.5141
LessLoot - AmericaRising2.esp,0E0313D8,FE043001,Loot_Prewar_Medkit_AR2,CONT,1524.294434,-17155.103516,1196.793579,165.1372
LessLoot - AmericaRising2.esp,0E0313D7,FE043001,Loot_Prewar_Medkit_AR2,CONT,1514.371582,-17132.025391,1196.793579,348.4835
LessLoot - AmericaRising2.esp,0E000AF8,00038C1F,Loot_Raider_Trunk_Boss,CONT,-2134.647461,-6134.339844,4543.000000,274.0565
LessLoot - AmericaRising2.esp,0E031C4D,0019908A,DummyNoEdit_LaserGun_AssaultRifle,MISC,1755.855103,-3182.303711,1408.635986,270.0000
LessLoot - AmericaRising2.esp,0E031C4C,00198DBE,DummyNoEdit_LaserGun_Rifle,MISC,1755.855103,-3182.303711,1436.831665,270.0000
LessLoot - AmericaRising2.esp,0E031C4B,00198DC1,DummyNoEdit_PlasmaGun_Pistol,MISC,1731.044312,-3181.881348,1464.551270,270.0000
LessLoot - AmericaRising2.esp,0E031C4A,00198DC1,DummyNoEdit_PlasmaGun_Pistol,MISC,1801.100464,-3181.881104,1464.551270,270.0000
LessLoot - AmericaRising2.esp,0E031C48,00198DC1,DummyNoEdit_PlasmaGun_Pistol,MISC,1542.789307,-3181.881348,1464.551270,270.0000
LessLoot - AmericaRising2.esp,0E031C47,00198DC1,DummyNoEdit_PlasmaGun_Pistol,MISC,1612.845459,-3181.881104,1464.551270,270.0000
LessLoot - AmericaRising2.esp,0E02BF86,FE043001,Loot_Prewar_Medkit_AR2,CONT,1107.896973,-3064.956055,1750.657837,149.1579
LessLoot - AmericaRising2.esp,0E02BE5A,FE043002,Loot_Prewar_Medkit_Wall_AR2,CONT,880.000000,-3224.000000,1408.000000,180.0001
LessLoot - AmericaRising2.esp,0E02BE59,FE043002,Loot_Prewar_Medkit_Wall_AR2,CONT,1408.000000,-3240.000000,1408.000000,180.0001
LessLoot - AmericaRising2.esp,0E02BD61,000366C0,WaterPurified,ALCH,1208.044189,-2547.970215,1322.370972,319.7865
LessLoot - AmericaRising2.esp,0E02BD60,000366C0,WaterPurified,ALCH,1199.598633,-2550.888672,1322.372437,225.6198
LessLoot - AmericaRising2.esp,0E02BD5F,000366C0,WaterPurified,ALCH,1201.100220,-2540.278564,1324.322632,231.8833
LessLoot - AmericaRising2.esp,0E02BCFF,00198DBE,DummyNoEdit_LaserGun_Rifle,MISC,1713.091919,-2905.007324,1370.620117,89.9896
LessLoot - AmericaRising2.esp,0E024051,FE043002,Loot_Prewar_Medkit_Wall_AR2,CONT,14328.000000,15216.000000,-1368.000000,0.0000
LessLoot - AmericaRising2.esp,0E024050,000670B1,Loot_Prewar_ToolBox,CONT,13343.271484,7819.902832,-3515.555908,168.1076
LessLoot - AmericaRising2.esp,0E02338A,FE043001,Loot_Prewar_Medkit_AR2,CONT,23067.710938,12341.585938,-1758.496582,264.3053
LessLoot - AmericaRising2.esp,0E02329D,000670B1,Loot_Prewar_ToolBox,CONT,15550.904297,8400.756836,-3257.000000,171.8884
LessLoot - AmericaRising2.esp,0E0228D9,0005821A,CigarettePack,MISC,21919.984375,12321.109375,-1821.063354,172.0901
LessLoot - AmericaRising2.esp,0E0228A1,0005821A,CigarettePack,MISC,21758.804688,12209.316406,-1854.169312,180.0909
LessLoot - AmericaRising2.esp,0E022598,FE043001,Loot_Prewar_Medkit_AR2,CONT,14569.699219,16673.472656,-1141.586182,105.0000
LessLoot - AmericaRising2.esp,0E0034BF,FE043001,Loot_Prewar_Medkit_AR2,CONT,-4859.378418,2035.793579,2498.211914,331.3523
LessLoot - AmericaRising2.esp,0E003471,00059B15,Telephone01,MISC,-4726.335449,2210.365234,2968.000000,34.3775
LessLoot - AmericaRising2.esp,0E003463,00059ACC,Fuse,MISC,-4752.390137,2238.147705,3011.019043,359.6181
LessLoot - AmericaRising2.esp,0E003462,00059ACC,Fuse,MISC,-4763.790039,2242.302002,3011.018311,90.3153
LessLoot - AmericaRising2.esp,0E003460,0005821A,CigarettePack,MISC,-4881.135254,2089.405029,2968.000000,222.4902
LessLoot - AmericaRising2.esp,0E0032C5,FE043002,Loot_Prewar_Medkit_Wall_AR2,CONT,-4512.161621,1668.273804,2760.941162,270.0001
LessLoot - AmericaRising2.esp,0E0032C2,00199075,DummyNoEdit_CombatRifle_AssaultRifle,MISC,-4569.484863,1643.266846,2770.777100,270.0000
LessLoot - AmericaRising2.esp,0E0032C1,00199075,DummyNoEdit_CombatRifle_AssaultRifle,MISC,-4569.484863,1643.266846,2746.800293,270.0000
LessLoot - AmericaRising2.esp,0E0032BF,00199075,DummyNoEdit_CombatRifle_AssaultRifle,MISC,-4569.484863,1643.266846,2723.571045,270.0000
LessLoot - AmericaRising2.esp,0E003190,00059AD8,SurgicalTray01,MISC,-4177.342285,1086.356812,2425.250488,237.4329
LessLoot - AmericaRising2.esp,0E00318D,00176053,ChemistrySetBeaker04,MISC,-3760.605713,1283.384644,2455.687500,317.1789
LessLoot - AmericaRising2.esp,0E003188,00023736,Stimpak,ALCH,-4166.989258,620.648987,2464.061035,62.3169
LessLoot - AmericaRising2.esp,0E003185,00176051,ChemistrySetBeaker02,MISC,-4097.385742,619.647339,2496.061035,44.3110
LessLoot - AmericaRising2.esp,0E003182,00176053,ChemistrySetBeaker04,MISC,-4088.555420,831.981689,2463.901855,133.0958
LessLoot - AmericaRising2.esp,0E003181,00176051,ChemistrySetBeaker02,MISC,-4084.861572,847.460388,2463.901855,83.0228
LessLoot - AmericaRising2.esp,0E003180,00176053,ChemistrySetBeaker04,MISC,-4094.367432,853.158508,2463.901855,264.6184
LessLoot - AmericaRising2.esp,0E00317F,00176051,ChemistrySetBeaker02,MISC,-4096.525879,838.451294,2463.901855,126.4730
LessLoot - AmericaRising2.esp,0E0030DF,FE043001,Loot_Prewar_Medkit_AR2,CONT,-3839.782227,1613.863403,2498.046143,17.1345
LessLoot - AmericaRising2.esp,0E0030CF,00059ACC,Fuse,MISC,-3825.239990,1568.640991,2439.568359,269.0652
LessLoot - AmericaRising2.esp,0E00304F,0004B273,OilCan01,MISC,-6614.341797,2925.795410,2503.518066,0.0000
LessLoot - AmericaRising2.esp,0E003018,00024057,RadX,ALCH,-4039.288818,1330.146973,2502.341064,90.0000
LessLoot - AmericaRising2.esp,0E003017,00023742,RadAway,ALCH,-3978.942383,1327.284058,2502.350586,315.4072
LessLoot - AmericaRising2.esp,0E003016,00023742,RadAway,ALCH,-3943.618896,1327.643433,2502.356689,202.6632
LessLoot - AmericaRising2.esp,0E003015,00023742,RadAway,ALCH,-3918.998779,1327.138550,2502.356445,352.5936
LessLoot - AmericaRising2.esp,0E002F66,00059B15,Telephone01,MISC,-4814.509766,3999.776855,2712.847168,226.7949
LessLoot - AmericaRising2.esp,0E002F29,00059A71,AbraxoCleaner,MISC,-2771.057129,1173.165283,2758.244873,269.9986
LessLoot - AmericaRising2.esp,0E002F0A,0004B273,OilCan01,MISC,-4662.286133,870.797852,2469.086914,296.9747
LessLoot - AmericaRising2.esp,0E002EA0,FE043002,Loot_Prewar_Medkit_Wall_AR2,CONT,-6174.999023,313.903442,2784.490234,90.0000
LessLoot - AmericaRising2.esp,0E002E92,00059A71,AbraxoCleaner,MISC,-6007.984863,333.721069,2737.471924,270.0269
LessLoot - AmericaRising2.esp,0E002D92,00060EC7,Pillow_01_Straw,MISC,-5770.221680,396.228363,2784.591064,270.0000
LessLoot - AmericaRising2.esp,0E002D90,00060EC7,Pillow_01_Straw,MISC,-5818.161621,132.070984,2784.591064,281.4592
LessLoot - AmericaRising2.esp,0E002D74,00060EC7,Pillow_01_Straw,MISC,-5225.093750,537.733521,2785.473877,292.3911
LessLoot - AmericaRising2.esp,0E002D72,00060EC7,Pillow_01_Straw,MISC,-5542.452637,496.920166,2785.473877,41.2530
LessLoot - AmericaRising2.esp,0E002D70,00060EC7,Pillow_01_Straw,MISC,-5335.626465,566.660522,2701.902100,85.9437
LessLoot - AmericaRising2.esp,0E002D53,00060EC7,Pillow_01_Straw,MISC,-5612.165039,135.945801,2784.591064,270.0000
LessLoot - AmericaRising2.esp,0E002D52,00060EC7,Pillow_01_Straw,MISC,-5209.196777,125.866089,2784.591064,283.7510
LessLoot - AmericaRising2.esp,0E002D51,00060EC7,Pillow_01_Straw,MISC,-5400.169434,222.731445,2784.591064,270.0000
LessLoot - AmericaRising2.esp,0E002D50,FE043001,Loot_Prewar_Medkit_AR2,CONT,-5284.992188,112.379517,2655.767578,348.5407
LessLoot - AmericaRising2.esp,0E0024CE,00059B15,Telephone01,MISC,-3172.139404,3460.103271,2632.187500,63.0253
LessLoot - AmericaRising2.esp,0E0024CD,00059B15,Telephone01,MISC,-3063.866455,3830.916016,2593.701172,296.9745
LessLoot - AmericaRising2.esp,0E0024CC,00059B15,Telephone01,MISC,-3122.954346,3705.632568,2593.701172,354.2703
LessLoot - AmericaRising2.esp,0E0024C9,00059B15,Telephone01,MISC,-3712.773437,3690.670898,2593.701172,11.4591
LessLoot - AmericaRising2.esp,0E02E985,FE043001,Loot_Prewar_Medkit_AR2,CONT,25133.996094,4998.492188,3487.000000,349.9733
LessLoot - AmericaRising2.esp,0E02E984,FE043001,Loot_Prewar_Medkit_AR2,CONT,24639.988281,6046.985352,3113.648193,75.9169
LessLoot - AmericaRising2.esp,0E02E983,FE043001,Loot_Prewar_Medkit_AR2,CONT,24958.746094,6488.390625,3487.000000,7.1620
LessLoot - AmericaRising2.esp,0E02E981,FE043006,Ammo_Box_Empty,CONT,25434.882812,7050.735840,3486.999512,91.6733
LessLoot - AmericaRising2.esp,0E02E746,FE043006,Ammo_Box_Empty,CONT,24857.146484,6062.615234,3113.676270,85.9437
LessLoot - AmericaRising2.esp,0E02E744,FE043001,Loot_Prewar_Medkit_AR2,CONT,24213.037109,5996.905273,3188.305664,262.5973
LessLoot - AmericaRising2.esp,0E02E742,FE043001,Loot_Prewar_Medkit_AR2,CONT,21588.203125,5178.372559,3418.488037,337.5000
LessLoot - AmericaRising2.esp,0E015C57,000FF21D,CryoGrenade,WEAP,-3488.344482,-3396.131348,8456.762695,357.5224
LessLoot - AmericaRising2.esp,0E015C55,000FF21D,CryoGrenade,WEAP,-3531.601807,-3394.423340,8450.087891,347.6978
LessLoot - AmericaRising2.esp,0E015C54,00198DC1,DummyNoEdit_PlasmaGun_Pistol,MISC,-3400.162354,-3398.972412,8603.545898,270.0001
LessLoot - AmericaRising2.esp,0E015C4F,0E0014B5,AR_Armor_Enclave_CombatArmor_GasMask,ARMO,-3432.793457,-3395.885986,8564.182617,0.0000
LessLoot - AmericaRising2.esp,0E015C4E,0008C14D,Baton,WEAP,-3411.149658,-3374.225098,8449.120117,308.8661
LessLoot - AmericaRising2.esp,0E015C4A,0008C14D,Baton,WEAP,-3387.395020,-3370.097656,8449.120117,299.3517
LessLoot - AmericaRising2.esp,0E015C09,00198DBE,DummyNoEdit_LaserGun_Rifle,MISC,-3928.876709,-1901.668945,8990.941406,265.8328
LessLoot - AmericaRising2.esp,0E015C08,00198DBE,DummyNoEdit_LaserGun_Rifle,MISC,-3423.461426,-1350.206909,8972.428711,276.0759
LessLoot - AmericaRising2.esp,0E015C07,00198DBE,DummyNoEdit_LaserGun_Rifle,MISC,-3898.626709,-1357.991333,8998.545898,82.6793
LessLoot - AmericaRising2.esp,0E015C06,00198DBE,DummyNoEdit_LaserGun_Rifle,MISC,-3800.548584,-1127.317383,8971.311523,267.3298
LessLoot - AmericaRising2.esp,0E014025,0008C14D,Baton,WEAP,-3425.503418,-3400.000000,8538.500977,0.0000
LessLoot - AmericaRising2.esp,0E014024,0008C14D,Baton,WEAP,-3420.860840,-3400.000000,8538.500977,0.0000
LessLoot - AmericaRising2.esp,0E014023,0008C14D,Baton,WEAP,-3416.051758,-3400.000000,8538.500977,0.0000
LessLoot - AmericaRising2.esp,0E014022,0008C14D,Baton,WEAP,-3411.314209,-3400.000000,8538.500977,0.0000
LessLoot - AmericaRising2.esp,0E014021,0008C14D,Baton,WEAP,-3406.861816,-3400.000000,8538.500977,0.0000
LessLoot - AmericaRising2.esp,0E003BED,FE043006,Ammo_Box_Empty,CONT,204.833603,5985.099121,255.971207,28.6479
LessLoot - AmericaRising2.esp,0E003BEB,FE043006,Ammo_Box_Empty,CONT,-181.310333,5704.458984,379.468262,103.8421
LessLoot - AmericaRising2.esp,0E01AE73,001A037F,Loot_ToolboxLarge,CONT,-3783.286133,-3086.541504,-103.843872,229.8924
LessLoot - AmericaRising2.esp,0E01ADDE,FE043001,Loot_Prewar_Medkit_AR2,CONT,-2361.518555,-1598.033081,-369.793060,268.3269
LessLoot - AmericaRising2.esp,0E01ADDD,FE043001,Loot_Prewar_Medkit_AR2,CONT,-2314.328857,-1605.635132,-369.793060,245.4086
LessLoot - AmericaRising2.esp,0E01ADB7,000366C0,WaterPurified,ALCH,-2355.390625,-2879.669922,-372.793304,87.5141
LessLoot - AmericaRising2.esp,0E01ADB6,000366C0,WaterPurified,ALCH,-2355.092529,-2886.513916,-372.793304,87.5141
LessLoot - AmericaRising2.esp,0E01ADB5,000366C0,WaterPurified,ALCH,-2354.791260,-2893.458008,-372.793304,87.5141
LessLoot - AmericaRising2.esp,0E01ADB4,000366C0,WaterPurified,ALCH,-2362.783447,-2893.804199,-372.793304,87.5141
LessLoot - AmericaRising2.esp,0E01ADB3,000366C0,WaterPurified,ALCH,-2363.084961,-2886.860840,-372.793304,87.5141
LessLoot - AmericaRising2.esp,0E01ADB2,000366C0,WaterPurified,ALCH,-2363.382568,-2880.017822,-372.793304,87.5141
LessLoot - AmericaRising2.esp,0E01ADB1,000366C0,WaterPurified,ALCH,-2371.374756,-2880.364014,-372.793304,87.5141
LessLoot - AmericaRising2.esp,0E01ADB0,000366C0,WaterPurified,ALCH,-2371.078125,-2887.208496,-372.793304,87.5141
LessLoot - AmericaRising2.esp,0E01ADAF,000366C0,WaterPurified,ALCH,-2370.775635,-2894.150635,-372.793304,87.5141
LessLoot - AmericaRising2.esp,0E01ADAE,000366C0,WaterPurified,ALCH,-2378.767578,-2894.498291,-372.793304,87.5141
LessLoot - AmericaRising2.esp,0E01ADAD,000366C0,WaterPurified,ALCH,-2379.070312,-2887.555176,-372.793304,87.5141
LessLoot - AmericaRising2.esp,0E01ADAC,000366C0,WaterPurified,ALCH,-2379.366455,-2880.710449,-372.793304,87.5141
LessLoot - AmericaRising2.esp,0E01ADAA,000366C0,WaterPurified,ALCH,-2356.510498,-2881.505371,-398.387665,83.7326
LessLoot - AmericaRising2.esp,0E01ADA9,000366C0,WaterPurified,ALCH,-2355.761719,-2888.314697,-398.387665,83.7326
LessLoot - AmericaRising2.esp,0E01ADA8,000366C0,WaterPurified,ALCH,-2355.003418,-2895.223389,-398.387665,83.7326
LessLoot - AmericaRising2.esp,0E01ADA7,000366C0,WaterPurified,ALCH,-2362.956055,-2896.096924,-398.387665,83.7326
LessLoot - AmericaRising2.esp,0E01ADA6,000366BF,WaterDirty,ALCH,-2363.714355,-2889.188232,-398.387665,83.7326
LessLoot - AmericaRising2.esp,0E01ADA5,000366C0,WaterPurified,ALCH,-2364.462646,-2882.379639,-398.387665,83.7326
LessLoot - AmericaRising2.esp,0E01ADA4,000366C0,WaterPurified,ALCH,-2372.414062,-2883.251953,-398.387665,83.7326
LessLoot - AmericaRising2.esp,0E01ADA3,000366C0,WaterPurified,ALCH,-2371.666748,-2890.061768,-398.387665,83.7326
LessLoot - AmericaRising2.esp,0E01ADA2,000366C0,WaterPurified,ALCH,-2370.907471,-2896.969482,-398.387665,83.7326
LessLoot - AmericaRising2.esp,0E01ADA1,000366C0,WaterPurified,ALCH,-2378.859619,-2897.843506,-398.387665,83.7326
LessLoot - AmericaRising2.esp,0E01ADA0,000366C0,WaterPurified,ALCH,-2379.618652,-2890.935059,-398.387665,83.7326
LessLoot - AmericaRising2.esp,0E01AD9F,000366C0,WaterPurified,ALCH,-2380.366211,-2884.125732,-398.387665,83.7326
LessLoot - AmericaRising2.esp,0E01AD9D,0008F6B7,Loot_Prewar_Toolcase,CONT,-2512.311279,-2898.020752,-364.499939,286.1227
LessLoot - AmericaRising2.esp,0E01AD76,FE043006,Ammo_Box_Empty,CONT,-2268.872314,-2695.433350,-373.421875,178.9455
LessLoot - AmericaRising2.esp,0E01AD75,FE043006,Ammo_Box_Empty,CONT,-2262.770020,-2729.818115,-402.000000,79.2509
LessLoot - AmericaRising2.esp,0E01AD5E,FE043006,Ammo_Box_Empty,CONT,-2101.710449,-2892.348145,-416.000000,182.3833
LessLoot - AmericaRising2.esp,0E01AD4E,FE043001,Loot_Prewar_Medkit_AR2,CONT,-1477.350220,-2989.692139,-156.450790,337.0817
LessLoot - AmericaRising2.esp,0E01AD37,000366C0,WaterPurified,ALCH,-1970.750488,-2837.288818,-359.762482,83.7319
LessLoot - AmericaRising2.esp,0E01AD36,000366C0,WaterPurified,ALCH,-1978.703003,-2838.162842,-359.762482,83.7319
LessLoot - AmericaRising2.esp,0E01AD35,000366C0,WaterPurified,ALCH,-1986.654419,-2839.035645,-359.762482,83.7319
LessLoot - AmericaRising2.esp,0E01AD34,000366C0,WaterPurified,ALCH,-1994.606445,-2839.909180,-359.762482,83.7319
LessLoot - AmericaRising2.esp,0E01AD33,000366C0,WaterPurified,ALCH,-1995.365601,-2833.000977,-359.762482,83.7319
LessLoot - AmericaRising2.esp,0E01AD32,000366C0,WaterPurified,ALCH,-1987.413574,-2832.127930,-359.762482,83.7319
LessLoot - AmericaRising2.esp,0E01AD31,000366C0,WaterPurified,ALCH,-1979.461182,-2831.254395,-359.762482,83.7319
LessLoot - AmericaRising2.esp,0E01AD30,000366C0,WaterPurified,ALCH,-1971.508789,-2830.380615,-359.762482,83.7319
LessLoot - AmericaRising2.esp,0E01AD2F,000366BF,WaterDirty,ALCH,-1972.257324,-2823.571289,-359.762482,83.7319
LessLoot - AmericaRising2.esp,0E01AD2E,000366C0,WaterPurified,ALCH,-1980.209351,-2824.444824,-359.762482,83.7319
LessLoot - AmericaRising2.esp,0E01AD2D,000366C0,WaterPurified,ALCH,-1988.160767,-2825.317627,-359.762482,83.7319
LessLoot - AmericaRising2.esp,0E01AD2C,000366C0,WaterPurified,ALCH,-1996.113281,-2826.191650,-359.762482,83.7319
LessLoot - AmericaRising2.esp,0E01AD2B,000366C0,WaterPurified,ALCH,-1925.610596,-2819.637939,-360.000000,60.8136
LessLoot - AmericaRising2.esp,0E01AD2A,000366C0,WaterPurified,ALCH,-1928.999268,-2813.570068,-360.000000,60.8136
LessLoot - AmericaRising2.esp,0E01AD29,000366C0,WaterPurified,ALCH,-1932.340210,-2807.589844,-360.000000,60.8136
LessLoot - AmericaRising2.esp,0E01AD28,000366C0,WaterPurified,ALCH,-1932.594849,-2823.539795,-360.000000,60.8136
LessLoot - AmericaRising2.esp,0E01AD27,000366C0,WaterPurified,ALCH,-1935.983643,-2817.471680,-360.000000,60.8136
LessLoot - AmericaRising2.esp,0E01AD26,000366C0,WaterPurified,ALCH,-1939.324341,-2811.491455,-360.000000,60.8136
LessLoot - AmericaRising2.esp,0E01AD25,000366C0,WaterPurified,ALCH,-1939.578979,-2827.439697,-360.000000,60.8136
LessLoot - AmericaRising2.esp,0E01AD24,000366C0,WaterPurified,ALCH,-1942.968140,-2821.373047,-360.000000,60.8136
LessLoot - AmericaRising2.esp,0E01AD23,000366C0,WaterPurified,ALCH,-1946.308472,-2815.391357,-360.000000,60.8136
LessLoot - AmericaRising2.esp,0E01AD22,000366C0,WaterPurified,ALCH,-1953.292725,-2819.293213,-360.000000,60.8136
LessLoot - AmericaRising2.esp,0E01AD21,000366C0,WaterPurified,ALCH,-1946.563110,-2831.341309,-360.000000,60.8136
LessLoot - AmericaRising2.esp,0E01AD20,000366C0,WaterPurified,ALCH,-1949.952393,-2825.273926,-360.000000,60.8136
LessLoot - AmericaRising2.esp,0E01AD16,000670B1,Loot_Prewar_ToolBox,CONT,-1078.075562,-2249.586914,-159.778442,229.1843
LessLoot - AmericaRising2.esp,0E01ACCC,001A037F,Loot_ToolboxLarge,CONT,-1717.414185,-2011.834595,-359.843750,229.8924
LessLoot - AmericaRising2.esp,0E01AC9A,0008F6B7,Loot_Prewar_Toolcase,CONT,-51.141308,-2090.628662,-160.000031,105.0000
LessLoot - AmericaRising2.esp,0E01AC6D,00060CB4,Loot_AmmoBox,CONT,-762.326233,-2095.165039,-160.186066,355.7602
LessLoot - AmericaRising2.esp,0E01AC6C,00060CB4,Loot_AmmoBox,CONT,-741.772583,-2097.134277,-160.186066,0.0000
LessLoot - AmericaRising2.esp,0E01AC63,00059A9A,Loot_Toolbox,CONT,-769.207581,-2470.044189,-157.088928,262.5973
LessLoot - AmericaRising2.esp,0E01AC30,00059A9A,Loot_Toolbox,CONT,-4431.862793,-2178.128662,-336.022125,142.2762
LessLoot - AmericaRising2.esp,0E01ABDD,000670B1,Loot_Prewar_ToolBox,CONT,-115.256126,-1985.873291,-155.555908,6.6948
LessLoot - AmericaRising2.esp,0E01ABD2,001A037F,Loot_ToolboxLarge,CONT,-184.339828,-2204.563965,-104.124275,229.8924
LessLoot - AmericaRising2.esp,0E01ABAD,00059A9A,Loot_Toolbox,CONT,534.885315,-2403.579102,-288.322845,115.3015
LessLoot - AmericaRising2.esp,0E01AAA6,FE043001,Loot_Prewar_Medkit_AR2,CONT,65.611481,-2633.054688,-81.490936,250.6226
LessLoot - AmericaRising2.esp,0E01AA98,00023736,Stimpak,ALCH,68.725273,-2581.131104,-81.565369,53.9046
LessLoot - AmericaRising2.esp,0E01AA96,00023742,RadAway,ALCH,61.669258,-2589.084717,-115.594604,344.7923
LessLoot - AmericaRising2.esp,0E01AA95,00033778,Buffout,ALCH,62.839607,-2602.364502,-81.347382,212.6358
LessLoot - AmericaRising2.esp,0E01AA94,00033778,Buffout,ALCH,73.999557,-2608.130371,-81.348511,269.9315
LessLoot - AmericaRising2.esp,0E004C72,00060EC7,Pillow_01_Straw,MISC,-3161.700439,-6389.244141,1735.350586,26.9747
LessLoot - AmericaRising2.esp,0E004C71,00060EC7,Pillow_01_Straw,MISC,-3074.204834,-6397.344727,1820.185547,22.3911
LessLoot - AmericaRising2.esp,0E004C70,00060EC7,Pillow_01_Straw,MISC,-3053.000977,-6283.170898,1821.087891,339.8096
LessLoot - AmericaRising2.esp,0E004C57,00175500,FootLocker01,CONT,-3006.119385,-6030.972656,1691.362305,90.0000
LessLoot - AmericaRising2.esp,0E004C56,FE043002,Loot_Prewar_Medkit_Wall_AR2,CONT,-3475.460693,-6267.800781,1808.754395,270.0001
LessLoot - AmericaRising2.esp,0E004A2B,FE043002,Loot_Prewar_Medkit_Wall_AR2,CONT,-1632.646362,-2160.565186,1490.800659,0.0000
LessLoot - AmericaRising2.esp,0E033A8E,00199093,DummyNoEdit_LaserGun_RifleShort,MISC,-2909.455811,958.874878,1929.314087,219.8305
LessLoot - AmericaRising2.esp,0E033A8D,0E0014B6,AR_Armor_Enclave_CombatArmor_Helmet,ARMO,-2880.406982,961.347595,1916.750122,342.8113
LessLoot - AmericaRising2.esp,0E033A8C,0E0014BA,AR_Clothes_Enclave_Fatigues,ARMO,-2877.309326,964.431030,1910.386353,96.3251
LessLoot - AmericaRising2.esp,0E01F115,000366BF,WaterDirty,ALCH,-2242.103516,713.493530,1596.574829,359.8711
LessLoot - AmericaRising2.esp,0E01F114,000366C0,WaterPurified,ALCH,-2257.487549,810.890015,1593.320435,11.6760
LessLoot - AmericaRising2.esp,0E01F113,000366C0,WaterPurified,ALCH,-2242.152100,772.073486,1593.320435,68.2090
LessLoot - AmericaRising2.esp,0E01F110,001990A2,DummyNoEdit_LaserGun_Automatic,MISC,-2171.067871,516.779480,1728.175781,0.0000
LessLoot - AmericaRising2.esp,0E01F108,0009983B,LaserGun,WEAP,-2313.012207,434.320312,1747.203247,270.5802
LessLoot - AmericaRising2.esp,0E01F106,000C1897,AmmoFusionCell,AMMO,-2282.576904,435.846039,1735.414795,97.4027
LessLoot - AmericaRising2.esp,0E01F105,000C1897,AmmoFusionCell,AMMO,-2278.797607,438.806061,1735.414795,97.4028
LessLoot - AmericaRising2.esp,0E01F104,000C1897,AmmoFusionCell,AMMO,-2277.173096,433.668152,1735.414795,342.8113
LessLoot - AmericaRising2.esp,0E01F100,0E0014BD,AR_Clothes_Enclave_OfficerUniform_Hat,ARMO,-2350.534668,552.500793,1689.965088,54.8320
LessLoot - AmericaRising2.esp,0E01F0FF,000FF21D,CryoGrenade,WEAP,-2166.842285,498.048370,1682.201904,126.8699
LessLoot - AmericaRising2.esp,0E01F0FE,000FF21D,CryoGrenade,WEAP,-2166.842285,504.847015,1682.201904,126.8699
LessLoot - AmericaRising2.esp,0E01F0FD,000FF21D,CryoGrenade,WEAP,-2166.842285,511.905670,1682.201904,126.8699
LessLoot - AmericaRising2.esp,0E01F0FC,0E0014B5,AR_Armor_Enclave_CombatArmor_GasMask,ARMO,-2171.780273,530.806885,1700.673584,232.1006
LessLoot - AmericaRising2.esp,0E01F0FB,0E0014B5,AR_Armor_Enclave_CombatArmor_GasMask,ARMO,-2171.780273,543.523315,1700.673584,232.1006
LessLoot - AmericaRising2.esp,0E01F0FA,0E0014B5,AR_Armor_Enclave_CombatArmor_GasMask,ARMO,-2171.780273,555.056396,1700.673584,232.1006
LessLoot - AmericaRising2.esp,0E01F0F9,0008C14D,Baton,WEAP,-2167.666260,562.346558,1674.991943,263.4180
LessLoot - AmericaRising2.esp,0E01F0F8,0008C14D,Baton,WEAP,-2167.666260,566.989014,1674.991943,263.4180
LessLoot - AmericaRising2.esp,0E01F0F7,0008C14D,Baton,WEAP,-2167.666260,571.798157,1674.991943,263.4180
LessLoot - AmericaRising2.esp,0E01F0F6,0008C14D,Baton,WEAP,-2167.666260,576.535645,1674.991943,263.4180
LessLoot - AmericaRising2.esp,0E01F0F5,0008C14D,Baton,WEAP,-2167.666260,580.988159,1674.991943,263.4180
LessLoot - AmericaRising2.esp,0E018CDF,000366C0,WaterPurified,ALCH,-2896.314941,723.502197,2151.781006,5.7297
LessLoot - AmericaRising2.esp,0E01846A,00171947,CoffeeCup01clean,MISC,-2121.061279,1226.456055,2151.919434,205.7424
LessLoot - AmericaRising2.esp,0E018468,00171947,CoffeeCup01clean,MISC,-2108.672119,1210.236572,2151.920410,239.9346
LessLoot - AmericaRising2.esp,0E018467,00171947,CoffeeCup01clean,MISC,-2103.040527,1217.152100,2151.920410,51.9219
LessLoot - AmericaRising2.esp,0E018465,00171947,CoffeeCup01clean,MISC,-2120.461426,1208.125977,2151.920410,171.7094
LessLoot - AmericaRising2.esp,0E017CF8,000366C0,WaterPurified,ALCH,-2738.491211,1142.748413,1906.906738,191.4585
LessLoot - AmericaRising2.esp,0E017CF7,000366C0,WaterPurified,ALCH,-2746.494141,1142.758789,1906.892700,191.4584
LessLoot - AmericaRising2.esp,0E017CF6,000366C0,WaterPurified,ALCH,-2738.500977,1150.747314,1906.912842,191.4713
LessLoot - AmericaRising2.esp,0E017CF5,000366C0,WaterPurified,ALCH,-2746.497070,1150.748291,1906.910278,191.4725
LessLoot - AmericaRising2.esp,0E017CF4,000366C0,WaterPurified,ALCH,-2738.507568,1158.742188,1906.916016,191.4709
LessLoot - AmericaRising2.esp,0E017CF3,000366C0,WaterPurified,ALCH,-2746.482910,1158.758911,1906.918701,191.4712
LessLoot - AmericaRising2.esp,0E017CF1,000366C0,WaterPurified,ALCH,-2761.024414,1143.620728,1906.906738,197.1880
LessLoot - AmericaRising2.esp,0E017CF0,000366C0,WaterPurified,ALCH,-2768.986328,1144.430054,1906.892700,197.1880
LessLoot - AmericaRising2.esp,0E017CEF,000366C0,WaterPurified,ALCH,-2760.235596,1151.580688,1906.912842,197.2009
LessLoot - AmericaRising2.esp,0E017CEE,000366C0,WaterPurified,ALCH,-2768.191650,1152.379883,1906.910278,197.2021
LessLoot - AmericaRising2.esp,0E017CED,000366C0,WaterPurified,ALCH,-2759.443848,1159.536255,1906.916016,197.2005
LessLoot - AmericaRising2.esp,0E017CEC,000366C0,WaterPurified,ALCH,-2767.377686,1160.349121,1906.918701,197.2008
LessLoot - AmericaRising2.esp,0E017CEA,000366C0,WaterPurified,ALCH,-2644.095459,978.877075,1951.703003,191.4721
LessLoot - AmericaRising2.esp,0E017CE9,000366C0,WaterPurified,ALCH,-2636.098389,986.885071,1951.703491,191.4709
LessLoot - AmericaRising2.esp,0E017CE4,00033778,Buffout,ALCH,-2715.520996,636.273682,1903.639893,182.8624
LessLoot - AmericaRising2.esp,0E017CE0,FE043001,Loot_Prewar_Medkit_AR2,CONT,-3028.772461,408.627808,1840.657959,288.0255
LessLoot - AmericaRising2.esp,0E017CDF,FE043001,Loot_Prewar_Medkit_AR2,CONT,-3279.549805,362.885895,1881.888428,167.7043
LessLoot - AmericaRising2.esp,0E01796F,00023736,Stimpak,ALCH,-4955.699219,-591.064819,1587.771118,277.4936
LessLoot - AmericaRising2.esp,0E01796E,00023736,Stimpak,ALCH,-4955.101074,-577.750488,1587.772095,242.4404
LessLoot - AmericaRising2.esp,0E01796D,00023742,RadAway,ALCH,-4933.570801,-557.065063,1658.703003,21.8647
LessLoot - AmericaRising2.esp,0E01796C,000366C0,WaterPurified,ALCH,-5037.983398,-528.593628,1587.421631,90.0824
LessLoot - AmericaRising2.esp,0E01796B,000366C0,WaterPurified,ALCH,-4999.876953,-549.172668,1587.485962,271.6598
LessLoot - AmericaRising2.esp,0E01796A,000366C0,WaterPurified,ALCH,-4982.672363,-560.572754,1588.691162,359.9396
LessLoot - AmericaRising2.esp,0E017969,000366C0,WaterPurified,ALCH,-4972.560547,-575.494385,1588.691528,0.0188
LessLoot - AmericaRising2.esp,0E017968,000366C0,WaterPurified,ALCH,-5003.854980,-610.505615,1588.830688,83.0132
LessLoot - AmericaRising2.esp,0E017967,000366C0,WaterPurified,ALCH,-4982.769043,-606.986816,1588.691406,0.0338
LessLoot - AmericaRising2.esp,0E017966,000366C0,WaterPurified,ALCH,-4918.999023,-581.084229,1644.427856,179.6110
LessLoot - AmericaRising2.esp,0E017965,000366C0,WaterPurified,ALCH,-4965.226562,-531.377075,1588.090088,73.8667
LessLoot - AmericaRising2.esp,0E017964,000366C0,WaterPurified,ALCH,-4958.244629,-582.941345,1589.629639,307.6623
LessLoot - AmericaRising2.esp,0E017963,000366C0,WaterPurified,ALCH,-4917.719238,-572.047668,1649.973267,141.9553
LessLoot - AmericaRising2.esp,0E017962,000366C0,WaterPurified,ALCH,-4936.656738,-571.013794,1590.812500,192.4333
LessLoot - AmericaRising2.esp,0E017961,000366C0,WaterPurified,ALCH,-4907.523926,-574.346191,1651.931030,182.0227
LessLoot - AmericaRising2.esp,0E017960,000366C0,WaterPurified,ALCH,-4947.005859,-571.072693,1594.924438,236.1518
LessLoot - AmericaRising2.esp,0E01795F,000366C0,WaterPurified,ALCH,-4918.874023,-564.234497,1647.006714,173.0265
LessLoot - AmericaRising2.esp,0E01795E,000366C0,WaterPurified,ALCH,-4950.974121,-617.107056,1588.693115,0.0545
LessLoot - AmericaRising2.esp,0E01795D,000366C0,WaterPurified,ALCH,-4955.461426,-549.106567,1587.482544,96.5549
LessLoot - AmericaRising2.esp,0E017932,00023736,Stimpak,ALCH,-6019.575195,-688.446716,1595.973755,38.6997
LessLoot - AmericaRising2.esp,0E017931,00023736,Stimpak,ALCH,-6077.157227,-717.332031,1594.406860,311.7074
LessLoot - AmericaRising2.esp,0E017930,00023742,RadAway,ALCH,-6035.108887,-696.018433,1598.148804,118.7371
LessLoot - AmericaRising2.esp,0E01792F,00023742,RadAway,ALCH,-6103.118164,-674.857239,1596.580200,75.0640
LessLoot - AmericaRising2.esp,0E01792E,00033778,Buffout,ALCH,-6001.463867,-650.004944,1593.651611,168.1931
LessLoot - AmericaRising2.esp,0E01792D,00033778,Buffout,ALCH,-6048.206055,-677.937988,1596.288086,90.2649
LessLoot - AmericaRising2.esp,0E017916,00023736,Stimpak,ALCH,-5726.675293,-270.408417,1635.677490,314.9988
LessLoot - AmericaRising2.esp,0E017915,00023736,Stimpak,ALCH,-5727.862793,-321.966278,1669.838623,233.9733
LessLoot - AmericaRising2.esp,0E017914,00023742,RadAway,ALCH,-5727.908691,-294.703827,1635.809082,21.2625
LessLoot - AmericaRising2.esp,0E017913,00023742,RadAway,ALCH,-5720.797363,-314.021454,1635.809326,164.8612
LessLoot - AmericaRising2.esp,0E017912,00033778,Buffout,ALCH,-5721.951660,-300.739227,1670.056396,32.7045
LessLoot - AmericaRising2.esp,0E017910,00033778,Buffout,ALCH,-5720.179199,-261.791962,1670.056396,318.2202
LessLoot - AmericaRising2.esp,0E011FFD,000366C0,WaterPurified,ALCH,-2896.314941,723.502197,2151.781006,5.7297
LessLoot - AmericaRising2.esp,0E011D4D,001C7F1F,DuctTape01_Rare,MISC,-2639.999756,583.999512,1903.791382,108.8620
LessLoot - AmericaRising2.esp,0E011D41,000B3640,DummyNoEdit_Drink_NonAlcohol,MISC,-2648.000000,792.000000,1952.000000,0.0000
LessLoot - AmericaRising2.esp,0E011D40,000B3640,DummyNoEdit_Drink_NonAlcohol,MISC,-2640.000000,792.000000,1952.000000,0.0000
LessLoot - AmericaRising2.esp,0E011D3B,000B3640,DummyNoEdit_Drink_NonAlcohol,MISC,-2648.000000,808.000000,1952.000000,0.0000
LessLoot - AmericaRising2.esp,0E011D39,000B3640,DummyNoEdit_Drink_NonAlcohol,MISC,-2648.000000,816.000000,1952.000000,0.0000
LessLoot - AmericaRising2.esp,0E011D16,000B3643,DummyNoEdit_Food_Packaged,MISC,-2629.050781,770.928040,1855.216187,270.0000
LessLoot - AmericaRising2.esp,0E011D15,000B3643,DummyNoEdit_Food_Packaged,MISC,-2629.050781,765.447327,1855.216187,270.0000
LessLoot - AmericaRising2.esp,0E011D11,000B3643,DummyNoEdit_Food_Packaged,MISC,-2646.239014,765.447327,1855.216187,270.0000
LessLoot - AmericaRising2.esp,0E011D0F,000B3643,DummyNoEdit_Food_Packaged,MISC,-2633.458984,856.075317,1861.416016,270.0000
LessLoot - AmericaRising2.esp,0E011D0D,000B3643,DummyNoEdit_Food_Packaged,MISC,-2644.540771,887.694397,1855.216187,270.0000
LessLoot - AmericaRising2.esp,0E011D09,000B3643,DummyNoEdit_Food_Packaged,MISC,-2621.527832,887.359314,1855.216187,287.1888
LessLoot - AmericaRising2.esp,0E011CFF,000B3643,DummyNoEdit_Food_Packaged,MISC,-2625.331543,792.068359,1914.434204,270.0001
LessLoot - AmericaRising2.esp,0E011CFC,000B3643,DummyNoEdit_Food_Packaged,MISC,-2640.968506,792.068542,1914.434204,270.0001
LessLoot - AmericaRising2.esp,0E011CF3,000B3643,DummyNoEdit_Food_Packaged,MISC,-2625.515381,890.501709,1914.434204,275.7296
LessLoot - AmericaRising2.esp,0E011CEF,000B3643,DummyNoEdit_Food_Packaged,MISC,-2640.315918,899.621948,1914.434204,275.7296
LessLoot - AmericaRising2.esp,0E011CBD,000366C0,WaterPurified,ALCH,-2738.491211,1142.748413,1906.906738,191.4585
LessLoot - AmericaRising2.esp,0E011CBC,000366C0,WaterPurified,ALCH,-2746.494141,1142.758789,1906.892700,191.4584
LessLoot - AmericaRising2.esp,0E011CBB,000366C0,WaterPurified,ALCH,-2738.500977,1150.747314,1906.912842,191.4713
LessLoot - AmericaRising2.esp,0E011CBA,000366C0,WaterPurified,ALCH,-2746.497070,1150.748291,1906.910278,191.4725
LessLoot - AmericaRising2.esp,0E011CB9,000366C0,WaterPurified,ALCH,-2738.507568,1158.742188,1906.916016,191.4709
LessLoot - AmericaRising2.esp,0E011CB8,000366C0,WaterPurified,ALCH,-2746.482910,1158.758911,1906.918701,191.4712
LessLoot - AmericaRising2.esp,0E011CB6,000366C0,WaterPurified,ALCH,-2761.024414,1143.620728,1906.906738,197.1880
LessLoot - AmericaRising2.esp,0E011CB5,000366C0,WaterPurified,ALCH,-2768.986328,1144.430054,1906.892700,197.1880
LessLoot - AmericaRising2.esp,0E011CB4,000366C0,WaterPurified,ALCH,-2760.235596,1151.580688,1906.912842,197.2009
LessLoot - AmericaRising2.esp,0E011CB3,000366C0,WaterPurified,ALCH,-2768.191650,1152.379883,1906.910278,197.2021
LessLoot - AmericaRising2.esp,0E011CB2,000366C0,WaterPurified,ALCH,-2759.443848,1159.536255,1906.916016,197.2005
LessLoot - AmericaRising2.esp,0E011CB1,000366C0,WaterPurified,ALCH,-2767.377686,1160.349121,1906.918701,197.2008
LessLoot - AmericaRising2.esp,0E011CAF,000366C0,WaterPurified,ALCH,-2792.017822,1143.990723,1906.892700,191.4584
LessLoot - AmericaRising2.esp,0E011CAE,000366C0,WaterPurified,ALCH,-2784.014893,1143.980347,1906.906738,191.4584
LessLoot - AmericaRising2.esp,0E011CAD,000366C0,WaterPurified,ALCH,-2792.020752,1151.980225,1906.910278,191.4725
LessLoot - AmericaRising2.esp,0E011CAC,000366C0,WaterPurified,ALCH,-2784.024658,1151.979248,1906.912842,191.4713
LessLoot - AmericaRising2.esp,0E011CAB,000366C0,WaterPurified,ALCH,-2784.031006,1159.974121,1906.916016,191.4709
LessLoot - AmericaRising2.esp,0E011CAA,000366C0,WaterPurified,ALCH,-2792.006348,1159.990967,1906.918701,191.4712
LessLoot - AmericaRising2.esp,0E011CA0,FE043001,Loot_Prewar_Medkit_AR2,CONT,-2801.909912,1148.445435,1856.290527,288.0255
LessLoot - AmericaRising2.esp,0E011C9F,FE043001,Loot_Prewar_Medkit_AR2,CONT,-2838.629395,1152.761108,1856.290527,167.7043
LessLoot - AmericaRising2.esp,0E011B8F,FE043001,Loot_Prewar_Medkit_AR2,CONT,-5516.428711,-326.655060,1663.342041,75.0000
LessLoot - AmericaRising2.esp,0E011B71,00023736,Stimpak,ALCH,-4932.737793,-594.754761,1735.532837,103.1318
LessLoot - AmericaRising2.esp,0E011B70,00023736,Stimpak,ALCH,-4933.882812,-579.955566,1735.532837,68.7546
LessLoot - AmericaRising2.esp,0E011B6E,000366C0,WaterPurified,ALCH,-4939.686035,-554.281738,1701.586792,191.4589
LessLoot - AmericaRising2.esp,0E011B6D,000366C0,WaterPurified,ALCH,-4939.686035,-562.281677,1701.586914,191.4589
LessLoot - AmericaRising2.esp,0E011B6C,000366C0,WaterPurified,ALCH,-4939.686035,-570.281677,1701.586914,191.4589
LessLoot - AmericaRising2.esp,0E011B6B,000366C0,WaterPurified,ALCH,-4939.686035,-578.281677,1701.586914,191.4589
LessLoot - AmericaRising2.esp,0E011B6A,000366C0,WaterPurified,ALCH,-4939.686035,-586.281616,1701.586914,191.4589
LessLoot - AmericaRising2.esp,0E011B69,000366C0,WaterPurified,ALCH,-4939.686035,-594.281677,1701.586914,191.4589
LessLoot - AmericaRising2.esp,0E011B68,000366C0,WaterPurified,ALCH,-4923.686035,-586.281616,1701.586914,191.4589
LessLoot - AmericaRising2.esp,0E011B67,000366C0,WaterPurified,ALCH,-4931.686523,-586.281616,1701.586914,191.4589
LessLoot - AmericaRising2.esp,0E011B66,000366C0,WaterPurified,ALCH,-4923.686035,-594.281738,1701.586792,191.4589
LessLoot - AmericaRising2.esp,0E011B65,000366C0,WaterPurified,ALCH,-4931.686523,-594.281677,1701.586914,191.4589
LessLoot - AmericaRising2.esp,0E011B64,000366C0,WaterPurified,ALCH,-4923.686035,-570.281677,1701.586914,191.4589
LessLoot - AmericaRising2.esp,0E011B63,000366C0,WaterPurified,ALCH,-4931.686523,-570.281677,1701.586914,191.4589
LessLoot - AmericaRising2.esp,0E011B62,000366C0,WaterPurified,ALCH,-4923.686035,-578.281677,1701.586914,191.4589
LessLoot - AmericaRising2.esp,0E011B61,000366C0,WaterPurified,ALCH,-4931.686523,-578.281677,1701.586914,191.4589
LessLoot - AmericaRising2.esp,0E011B60,000366C0,WaterPurified,ALCH,-4923.686035,-562.281677,1701.586914,191.4589
LessLoot - AmericaRising2.esp,0E011B5F,000366C0,WaterPurified,ALCH,-4931.686523,-562.281677,1701.586914,191.4589
LessLoot - AmericaRising2.esp,0E011B5E,000366C0,WaterPurified,ALCH,-4931.686523,-554.281799,1701.586914,191.4589
LessLoot - AmericaRising2.esp,0E011B28,00023736,Stimpak,ALCH,-6086.682617,-758.587585,1669.838623,8.9732
LessLoot - AmericaRising2.esp,0E011B27,00023742,RadAway,ALCH,-6067.372559,-777.832764,1635.809082,156.1586
LessLoot - AmericaRising2.esp,0E011B26,00023742,RadAway,ALCH,-6086.060547,-769.201477,1635.809326,299.8351
LessLoot - AmericaRising2.esp,0E011B25,00033778,Buffout,ALCH,-6075.852539,-777.777161,1670.056396,167.7045
LessLoot - AmericaRising2.esp,0E011B24,00033778,Buffout,ALCH,-6063.880371,-773.976440,1670.055420,225.0001
LessLoot - AmericaRising2.esp,0E011B23,00033778,Buffout,ALCH,-6049.565918,-806.570251,1670.056396,93.2202
LessLoot - AmericaRising2.esp,0E011B05,000366C5,Jet,ALCH,-5727.352051,-282.411835,1669.500732,89.9082
LessLoot - AmericaRising2.esp,0E011B03,00023736,Stimpak,ALCH,-5726.675293,-270.408417,1635.677490,314.9988
LessLoot - AmericaRising2.esp,0E011B02,00023736,Stimpak,ALCH,-5727.862793,-321.966278,1669.838623,233.9733
LessLoot - AmericaRising2.esp,0E011B01,00023742,RadAway,ALCH,-5727.908691,-294.703827,1635.809082,21.2625
LessLoot - AmericaRising2.esp,0E011B00,00023742,RadAway,ALCH,-5720.797363,-314.021454,1635.809326,164.8612
LessLoot - AmericaRising2.esp,0E011AFF,00033778,Buffout,ALCH,-5721.951660,-300.739227,1670.056396,32.7045
LessLoot - AmericaRising2.esp,0E011AFE,00033778,Buffout,ALCH,-5733.104980,-294.960907,1670.055420,90.0002
LessLoot - AmericaRising2.esp,0E011AFD,00033778,Buffout,ALCH,-5720.179199,-261.791962,1670.056396,318.2202
LessLoot - AmericaRising2.esp,0E011AED,FE043001,Loot_Prewar_Medkit_AR2,CONT,-4191.787598,-554.919983,1674.375366,195.0000
LessLoot - AmericaRising2.esp,0E011AC4,0008C14D,Baton,WEAP,-2526.636230,631.742310,1642.036377,252.8113
LessLoot - AmericaRising2.esp,0E011AC3,0008C14D,Baton,WEAP,-2530.123535,644.508423,1642.037720,270.0002
LessLoot - AmericaRising2.esp,0E018044,FE043001,Loot_Prewar_Medkit_AR2,CONT,-5650.758789,-2917.155273,2109.747070,177.8114
LessLoot - AmericaRising2.esp,0E018031,00023736,Stimpak,ALCH,-5892.765137,-3085.826660,2036.647339,197.0074
LessLoot - AmericaRising2.esp,0E018030,00023742,RadAway,ALCH,-5900.062500,-3077.804199,2036.635986,112.7391
LessLoot - AmericaRising2.esp,0E01802E,00033778,Buffout,ALCH,-5866.822266,-3075.625977,2037.817749,112.2374
LessLoot - AmericaRising2.esp,0E01283A,000366C0,WaterPurified,ALCH,-4115.355957,-2561.691162,1609.355591,97.4029
LessLoot - AmericaRising2.esp,0E012650,FE043001,Loot_Prewar_Medkit_AR2,CONT,-5609.203125,-3058.881104,2109.747070,286.6733
LessLoot - AmericaRising2.esp,0E012637,00023736,Stimpak,ALCH,-5923.829102,-3073.223633,2108.676270,140.7535
LessLoot - AmericaRising2.esp,0E012635,00023742,RadAway,ALCH,-5932.158691,-3066.616943,2074.646973,71.7228
LessLoot - AmericaRising2.esp,0E012633,00033778,Buffout,ALCH,-5950.497559,-3079.975342,2108.893066,356.7803
LessLoot - AmericaRising2.esp,0E012632,00033778,Buffout,ALCH,-5984.339844,-3068.933594,2108.894043,225.0006
LessLoot - AmericaRising2.esp,0E027E87,FE043006,Ammo_Box_Empty,CONT,-2555.354248,3398.845459,3071.721680,184.8469
LessLoot - AmericaRising2.esp,0E027E86,FE043006,Ammo_Box_Empty,CONT,-2531.118164,3400.321533,3071.721680,178.3152
LessLoot - AmericaRising2.esp,0E027E84,FE043006,Ammo_Box_Empty,CONT,-3182.343750,3389.482178,3071.721680,282.3070
LessLoot - AmericaRising2.esp,0E027E83,FE043006,Ammo_Box_Empty,CONT,-3581.196045,3080.739258,3071.721680,187.7011
LessLoot - AmericaRising2.esp,0E027E81,FE043006,Ammo_Box_Empty,CONT,-3628.462646,3080.230225,3071.721680,4.5264
LessLoot - AmericaRising2.esp,0E027E80,FE043001,Loot_Prewar_Medkit_AR2,CONT,-3182.196777,3073.484863,3071.721680,355.2338
LessLoot - AmericaRising2.esp,0E027E7F,FE043001,Loot_Prewar_Medkit_AR2,CONT,-2963.360107,3400.466797,3071.721680,148.9690
LessLoot - AmericaRising2.esp,0E0170E6,FE043006,Ammo_Box_Empty,CONT,-2122.360352,2573.950928,3099.221680,359.1410
LessLoot - AmericaRising2.esp,0E0170E4,FE043006,Ammo_Box_Empty,CONT,-2055.243652,2527.044678,3041.804443,180.0000
LessLoot - AmericaRising2.esp,0E0170E3,FE043006,Ammo_Box_Empty,CONT,-2070.232178,2576.478516,3099.221680,300.7565
LessLoot - AmericaRising2.esp,0E0170E1,FE043006,Ammo_Box_Empty,CONT,-2287.320801,2433.156250,3029.690186,92.8990
LessLoot - AmericaRising2.esp,0E0170E0,FE043006,Ammo_Box_Empty,CONT,-2354.027344,2568.494629,3099.221680,342.8113
LessLoot - AmericaRising2.esp,0E014B72,00171947,CoffeeCup01clean,MISC,-2643.518555,2615.019775,3062.997070,0.0001
LessLoot - AmericaRising2.esp,0E014B71,00171947,CoffeeCup01clean,MISC,-2651.518311,2615.018311,3062.997070,0.0001
LessLoot - AmericaRising2.esp,0E014B70,00171947,CoffeeCup01clean,MISC,-2659.517578,2615.019775,3062.997070,0.0001
LessLoot - AmericaRising2.esp,0E014B6E,00171947,CoffeeCup01clean,MISC,-2675.518066,2615.020020,3062.997070,0.0001
LessLoot - AmericaRising2.esp,0E014B6C,00171947,CoffeeCup01clean,MISC,-2667.517578,2625.509521,3062.997070,0.0001
LessLoot - AmericaRising2.esp,0E014B6A,00171947,CoffeeCup01clean,MISC,-2651.518799,2625.508789,3062.997070,0.0001
LessLoot - AmericaRising2.esp,0E014B69,00171947,CoffeeCup01clean,MISC,-2643.518066,2625.508057,3062.997070,0.0001
LessLoot - AmericaRising2.esp,0E014B68,00171947,CoffeeCup01clean,MISC,-2635.518066,2625.508789,3062.997070,0.0001
LessLoot - AmericaRising2.esp,0E014B66,00171947,CoffeeCup01clean,MISC,-2643.518555,2635.611084,3062.997070,0.0001
LessLoot - AmericaRising2.esp,0E014B64,00171947,CoffeeCup01clean,MISC,-2659.517334,2635.611084,3062.997070,0.0001
LessLoot - AmericaRising2.esp,0E014B62,00171947,CoffeeCup01clean,MISC,-2675.518066,2635.610352,3062.997070,0.0001
LessLoot - AmericaRising2.esp,0E014B61,00171947,CoffeeCup01clean,MISC,-2675.518799,2645.552490,3062.997070,0.0001
LessLoot - AmericaRising2.esp,0E014B60,00171947,CoffeeCup01clean,MISC,-2667.517822,2645.551758,3062.997070,0.0001
LessLoot - AmericaRising2.esp,0E014B5E,00171947,CoffeeCup01clean,MISC,-2651.519531,2645.551758,3062.997070,0.0001
LessLoot - AmericaRising2.esp,0E014B5C,00171947,CoffeeCup01clean,MISC,-2643.518555,2645.552002,3062.997070,0.0001
LessLoot - AmericaRising2.esp,0E014A78,FE043006,Ammo_Box_Empty,CONT,-2084.370605,2573.509766,3099.221680,358.3962
LessLoot - AmericaRising2.esp,0E014A77,FE043006,Ammo_Box_Empty,CONT,-2065.695068,2575.207275,3099.221680,1.7192
LessLoot - AmericaRising2.esp,0E014A75,FE043006,Ammo_Box_Empty,CONT,-2344.438721,2457.647949,3099.221680,269.7595
LessLoot - AmericaRising2.esp,0E014A74,FE043006,Ammo_Box_Empty,CONT,-2343.407959,2478.401855,3099.221680,271.2492
LessLoot - AmericaRising2.esp,0E014A72,FE043006,Ammo_Box_Empty,CONT,-2332.223145,2568.212891,3099.221680,348.5409
LessLoot - AmericaRising2.esp,0E014A71,FE043006,Ammo_Box_Empty,CONT,-2354.027344,2568.494629,3099.221680,342.8113
LessLoot - AmericaRising2.esp,0E013A16,00171947,CoffeeCup01clean,MISC,-3148.746826,3100.386230,2805.252686,89.1291
LessLoot - AmericaRising2.esp,0E013A15,00171947,CoffeeCup01clean,MISC,-3158.843994,3100.232666,2805.252686,89.1291
LessLoot - AmericaRising2.esp,0E013A13,00171947,CoffeeCup01clean,MISC,-3169.955811,3092.030029,2805.252686,83.8007
LessLoot - AmericaRising2.esp,0E013A12,00171947,CoffeeCup01clean,MISC,-3158.722656,3092.235352,2805.252686,89.1291
LessLoot - AmericaRising2.esp,0E013A10,00171947,CoffeeCup01clean,MISC,-3138.683105,3092.539795,2805.252686,33.6096
LessLoot - AmericaRising2.esp,0E013A0F,00171947,CoffeeCup01clean,MISC,-3138.561279,3084.540039,2805.252686,71.5394
LessLoot - AmericaRising2.esp,0E013A0D,00171947,CoffeeCup01clean,MISC,-3157.208252,3083.133545,2805.252686,129.2362
LessLoot - AmericaRising2.esp,0E013A0C,00171947,CoffeeCup01clean,MISC,-3169.089600,3084.075439,2805.252686,83.8007
LessLoot - AmericaRising2.esp,0E013A08,00171947,CoffeeCup01clean,MISC,-3158.480469,3076.237305,2805.252686,89.1291
LessLoot - AmericaRising2.esp,0E013A07,00171947,CoffeeCup01clean,MISC,-3145.976074,3074.836670,2805.252686,111.2453
LessLoot - AmericaRising2.esp,0E0139FD,00171947,CoffeeCup01clean,MISC,-3138.317627,3068.544678,2805.252686,89.1291
LessLoot - AmericaRising2.esp,0E0139FB,00171947,CoffeeCup01clean,MISC,-3092.947266,3068.454346,2805.252686,157.8841
LessLoot - AmericaRising2.esp,0E0139F3,00171947,CoffeeCup01clean,MISC,-3169.613525,3067.900146,2805.252686,76.3522
LessLoot - AmericaRising2.esp,0E0139A2,00171947,CoffeeCup01clean,MISC,-3169.917480,3059.344971,2805.252686,86.2643
LessLoot - AmericaRising2.esp,0E0139A0,00171947,CoffeeCup01clean,MISC,-3148.016357,3064.473145,2805.252686,106.0314
LessLoot - AmericaRising2.esp,0E013965,00171947,CoffeeCup01clean,MISC,-3081.449951,3062.774170,2805.252686,243.8278
LessLoot - AmericaRising2.esp,0E02A0D2,FE043001,Loot_Prewar_Medkit_AR2,CONT,4330.767578,1493.863403,-1533.040649,126.0507
LessLoot - AmericaRising2.esp,0E0296A2,FE043002,Loot_Prewar_Medkit_Wall_AR2,CONT,5507.986816,-492.000000,-1664.034668,0.0000
LessLoot - AmericaRising2.esp,0E0296A1,FE043002,Loot_Prewar_Medkit_Wall_AR2,CONT,5807.867676,2536.963623,-1648.193237,180.0000
LessLoot - AmericaRising2.esp,0E02969E,FE043002,Loot_Prewar_Medkit_Wall_AR2,CONT,1968.000000,1186.914062,-1148.660156,90.0000
LessLoot - AmericaRising2.esp,0E02969D,FE043002,Loot_Prewar_Medkit_Wall_AR2,CONT,4519.975586,-1552.937500,-1153.802368,180.0000
LessLoot - AmericaRising2.esp,0E02784C,FE043001,Loot_Prewar_Medkit_AR2,CONT,3752.330322,23828.322266,526.393982,234.9127
LessLoot - AmericaRising2.esp,0E027814,FE043006,Ammo_Box_Empty,CONT,4100.609375,24174.347656,528.968750,94.8818
LessLoot - AmericaRising2.esp,0E027813,00059A9A,Loot_Toolbox,CONT,4078.248047,24169.267578,496.000000,85.9438
LessLoot - AmericaRising2.esp,0E02780E,00198DAC,DummyNoEdit_CombatRifle_Rifle,MISC,4162.521973,24170.734375,598.861328,90.0000
LessLoot - AmericaRising2.esp,0E02780D,00198DAC,DummyNoEdit_CombatRifle_Rifle,MISC,4209.658691,24184.115234,598.861328,270.0000
LessLoot - AmericaRising2.esp,0E02780C,00198DAC,DummyNoEdit_CombatRifle_Rifle,MISC,4206.872559,24179.482422,533.769531,270.0000
LessLoot - AmericaRising2.esp,0E02780A,FE043006,Ammo_Box_Empty,CONT,4266.124512,24177.814453,561.000000,359.5991
LessLoot - AmericaRising2.esp,0E027809,0016892C,ClothesMilitaryFatigues,ARMO,4312.494141,24158.984375,598.079712,11.5738
LessLoot - AmericaRising2.esp,0E027807,0019CBB3,ClothesFatiguesPostWar,ARMO,4313.679199,24178.564453,561.000000,91.3295
LessLoot - AmericaRising2.esp,0E0277F6,FE043006,Ammo_Box_Empty,CONT,4169.240723,24180.042969,561.000000,0.8022
LessLoot - AmericaRising2.esp,0E0277F4,FE043006,Ammo_Box_Empty,CONT,4151.216309,24178.537109,561.000000,359.4271
LessLoot - AmericaRising2.esp,0E0277E2,FE043001,Loot_Prewar_Medkit_AR2,CONT,5175.579102,23772.750000,634.519531,90.0000
LessLoot - AmericaRising2.esp,0E0277C1,0005821A,CigarettePack,MISC,5213.914062,23914.419922,530.439148,0.0997
LessLoot - AmericaRising2.esp,0E0277C0,0005821A,CigarettePack,MISC,5201.545410,23914.429688,530.437683,359.9603
LessLoot - AmericaRising2.esp,0E0269E9,FE043001,Loot_Prewar_Medkit_AR2,CONT,4374.237305,24087.324219,896.000000,270.0001
LessLoot - AmericaRising2.esp,0E026907,0005821A,CigarettePack,MISC,4162.257324,23673.593750,530.751404,0.0000
LessLoot - AmericaRising2.esp,0E02689B,FE043002,Loot_Prewar_Medkit_Wall_AR2,CONT,4408.288086,24087.324219,896.000000,90.0000
LessLoot - AmericaRising2.esp,0E01E6A0,000E1FF9,AutoPart04,MISC,-4814.710938,2868.943848,696.283630,26.9207
LessLoot - AmericaRising2.esp,0E01E69F,000E1FF9,AutoPart04,MISC,-4815.924316,2904.158936,696.283142,100.8909
LessLoot - AmericaRising2.esp,0E01E69E,000E1FF8,AutoPart03,MISC,-4792.348633,2893.909912,697.830994,345.9255
LessLoot - AmericaRising2.esp,0E01E69D,000E1FF9,AutoPart04,MISC,-4794.441895,2875.541016,696.283447,284.4085
LessLoot - AmericaRising2.esp,0E01E69C,000E1FF9,AutoPart04,MISC,-4831.261719,2866.169434,696.283447,283.8443
LessLoot - AmericaRising2.esp,0E01E69B,000E1FF8,AutoPart03,MISC,-4825.542480,2888.544434,696.287109,249.6968
LessLoot - AmericaRising2.esp,0E01E69A,000E1FF9,AutoPart04,MISC,-4837.888184,2884.368164,696.283447,90.0000
LessLoot - AmericaRising2.esp,0E01E699,000E1FF9,AutoPart04,MISC,-4790.215332,2894.308350,696.302551,92.9084
LessLoot - AmericaRising2.esp,0E01E4AF,000211C4,CoffeeCup01,MISC,-6002.126465,1601.333984,923.234253,180.0040
LessLoot - AmericaRising2.esp,0E01E49B,000211C4,CoffeeCup01,MISC,-6032.102051,1575.923706,975.052551,159.1215
LessLoot - AmericaRising2.esp,0E01E49A,000211C4,CoffeeCup01,MISC,-6053.829102,1598.795288,975.052185,282.3777
LessLoot - AmericaRising2.esp,0E01E499,000211C4,CoffeeCup01,MISC,-6045.262207,1589.415405,975.052551,27.3410
LessLoot - AmericaRising2.esp,0E01E467,00154AD2,CircuitBoardMilitary,MISC,-6217.582520,1680.794800,921.492981,144.0854
LessLoot - AmericaRising2.esp,0E01E431,000BA58F,Vault_Crate_01_Steel,STAT,-2837.353760,-890.385498,792.786499,2.3304
LessLoot - AmericaRising2.esp,0E01E430,000211F6,WoodCrate02,STAT,-2758.990723,-890.415649,792.786499,4.6221
LessLoot - AmericaRising2.esp,0E01E42E,0003A9ED,OfficeBoxPapers03,STAT,-2714.979736,-1254.384521,793.006836,177.7988
LessLoot - AmericaRising2.esp,0E01E42D,00060CB4,Loot_AmmoBox,CONT,-2938.378418,-1248.749390,793.006836,176.6532
LessLoot - AmericaRising2.esp,0E01E42C,00060CB4,Loot_AmmoBox,CONT,-2919.552002,-1245.808350,793.006836,176.6532
LessLoot - AmericaRising2.esp,0E01E42B,0003A9ED,OfficeBoxPapers03,STAT,-2901.654785,-1247.281128,793.006836,176.6532
LessLoot - AmericaRising2.esp,0E01E42A,00060CB4,Loot_AmmoBox,CONT,-2876.461670,-1245.913086,793.006836,196.1338
LessLoot - AmericaRising2.esp,0E01E2B6,00199090,DummyNoEdit_LaserGun_Pistol,MISC,-3868.161621,-590.728088,744.000000,36.7630
LessLoot - AmericaRising2.esp,0E01E285,001AAD69,MakeshiftBattery01,MISC,-3830.937744,150.925720,737.267700,274.0564
LessLoot - AmericaRising2.esp,0E01E266,00060CB4,Loot_AmmoBox,CONT,-3192.646484,-420.048950,729.260742,94.4339
LessLoot - AmericaRising2.esp,0E01E264,00060CB4,Loot_AmmoBox,CONT,-3238.802734,147.330338,728.000000,10.7821
LessLoot - AmericaRising2.esp,0E01E262,00060CB4,Loot_AmmoBox,CONT,-3199.662109,264.367615,728.000000,170.6372
LessLoot - AmericaRising2.esp,0E01E22A,000CD29D,MetalBox,CONT,-5469.504883,2386.188721,700.666931,165.0684
LessLoot - AmericaRising2.esp,0E01E229,000CD29D,MetalBox,CONT,-5744.000000,2376.000000,680.000000,186.2954
LessLoot - AmericaRising2.esp,0E01E228,000BA58F,Vault_Crate_01_Steel,STAT,-5521.917480,2180.187012,744.774109,358.4174
LessLoot - AmericaRising2.esp,0E01E226,00060CB4,Loot_AmmoBox,CONT,-5298.592773,2172.141113,744.774109,357.2718
LessLoot - AmericaRising2.esp,0E01E225,00060CB4,Loot_AmmoBox,CONT,-5317.450684,2169.403320,744.774109,357.2718
LessLoot - AmericaRising2.esp,0E01E224,00060CB4,Loot_AmmoBox,CONT,-5335.330078,2171.068848,744.774109,357.2718
LessLoot - AmericaRising2.esp,0E01E223,00060CB4,Loot_AmmoBox,CONT,-5360.536133,2169.972656,744.774109,16.7524
LessLoot - AmericaRising2.esp,0E01E222,000211F6,WoodCrate02,STAT,-5418.987793,2173.146973,744.774109,0.7092
LessLoot - AmericaRising2.esp,0E01E1DF,0E01A47E,AR_ECS_EnclaveSoldier_PowerArmorFurniture_Standard,FURN,-4880.000000,808.000000,680.000000,180.0000
LessLoot - AmericaRising2.esp,0E01E1DE,0E01A47E,AR_ECS_EnclaveSoldier_PowerArmorFurniture_Standard,FURN,-5120.000000,808.000000,680.000000,180.0000
LessLoot - AmericaRising2.esp,0E01E1DD,0E01A47E,AR_ECS_EnclaveSoldier_PowerArmorFurniture_Standard,FURN,-4880.000000,399.999634,680.000000,0.0001
LessLoot - AmericaRising2.esp,0E01E1DC,0E01A47E,AR_ECS_EnclaveSoldier_PowerArmorFurniture_Standard,FURN,-5120.000000,400.000000,680.000000,0.0001
LessLoot - AmericaRising2.esp,0E01E1BD,0E01A47E,AR_ECS_EnclaveSoldier_PowerArmorFurniture_Standard,FURN,-5392.000000,399.999634,680.000000,0.0001
LessLoot - AmericaRising2.esp,0E01E1BC,0E01A47E,AR_ECS_EnclaveSoldier_PowerArmorFurniture_Standard,FURN,-5632.000000,400.000000,680.000000,0.0001
LessLoot - AmericaRising2.esp,0E01E1B9,001AAD69,MakeshiftBattery01,MISC,-5153.974609,549.103699,690.521484,269.9580
LessLoot - AmericaRising2.esp,0E01E1B2,00060CB4,Loot_AmmoBox,CONT,-5676.705078,927.433167,680.000000,291.2451
LessLoot - AmericaRising2.esp,0E01E1B1,00060CB4,Loot_AmmoBox,CONT,-5683.845215,955.768616,680.000000,285.4582
LessLoot - AmericaRising2.esp,0E01E16B,000BA58F,Vault_Crate_01_Steel,STAT,-4552.579590,3073.415039,792.955261,267.6623
LessLoot - AmericaRising2.esp,0E01E16A,000BA58F,Vault_Crate_01_Steel,STAT,-4556.425781,3177.853027,792.955261,271.1002
LessLoot - AmericaRising2.esp,0E01E0D8,00171947,CoffeeCup01clean,MISC,-3966.143311,3691.280762,735.952759,100.9687
LessLoot - AmericaRising2.esp,0E01E0D3,00171947,CoffeeCup01clean,MISC,-3933.548828,3627.091309,685.307556,269.7619
LessLoot - AmericaRising2.esp,0E01E0D2,00171947,CoffeeCup01clean,MISC,-3912.622314,3673.625488,735.953247,246.0390
LessLoot - AmericaRising2.esp,0E01E0CF,00171947,CoffeeCup01clean,MISC,-3952.233887,3668.483154,738.957092,270.0792
LessLoot - AmericaRising2.esp,0E01E0A0,00075FE4,AmmoFusionCore,AMMO,-6475.344727,5532.828125,742.890808,262.5979
LessLoot - AmericaRising2.esp,0E01E09F,00075FE4,AmmoFusionCore,AMMO,-6484.805176,5544.693359,742.890808,279.7854
LessLoot - AmericaRising2.esp,0E01E09E,00075FE4,AmmoFusionCore,AMMO,-6504.269531,5533.626465,742.890808,308.4344
LessLoot - AmericaRising2.esp,0E01E09D,00075FE4,AmmoFusionCore,AMMO,-6525.668945,5541.886230,742.890808,251.1376
LessLoot - AmericaRising2.esp,0E01E096,000C1897,AmmoFusionCell,AMMO,-6502.280762,5876.024902,740.833801,357.8719
LessLoot - AmericaRising2.esp,0E01E095,000C1897,AmmoFusionCell,AMMO,-6502.002441,5871.906738,740.832336,315.5851
LessLoot - AmericaRising2.esp,0E01E094,000C1897,AmmoFusionCell,AMMO,-6497.150879,5871.905762,740.827820,314.3742
LessLoot - AmericaRising2.esp,0E01E093,000C1897,AmmoFusionCell,AMMO,-6497.317383,5876.129395,740.838806,359.6143
LessLoot - AmericaRising2.esp,0E01E092,000C1897,AmmoFusionCell,AMMO,-6492.271973,5871.589355,740.833374,313.5458
LessLoot - AmericaRising2.esp,0E01E091,000C1897,AmmoFusionCell,AMMO,-6492.079590,5875.806641,740.831665,359.6705
LessLoot - AmericaRising2.esp,0E01E08F,000C1897,AmmoFusionCell,AMMO,-6487.799316,5875.795898,740.837158,359.6646
LessLoot - AmericaRising2.esp,0E01E08E,000C1897,AmmoFusionCell,AMMO,-6482.952637,5871.671387,740.831482,314.3852
LessLoot - AmericaRising2.esp,0E01E08D,000C1897,AmmoFusionCell,AMMO,-6483.206543,5875.840332,740.830750,359.6070
LessLoot - AmericaRising2.esp,0E01E08C,000C1897,AmmoFusionCell,AMMO,-6478.158203,5871.819336,740.833008,314.2899
LessLoot - AmericaRising2.esp,0E01E08B,000C1897,AmmoFusionCell,AMMO,-6478.837402,5875.978516,740.831848,359.2959
LessLoot - AmericaRising2.esp,0E01E08A,000C1897,AmmoFusionCell,AMMO,-6478.022949,5867.038574,740.835571,314.3668
LessLoot - AmericaRising2.esp,0E01E089,000C1897,AmmoFusionCell,AMMO,-6482.752930,5867.015625,740.832336,314.3842
LessLoot - AmericaRising2.esp,0E01E088,000C1897,AmmoFusionCell,AMMO,-6487.492187,5866.909668,740.825439,313.8360
LessLoot - AmericaRising2.esp,0E01E087,000C1897,AmmoFusionCell,AMMO,-6492.172852,5866.804688,740.832703,313.6826
LessLoot - AmericaRising2.esp,0E01E086,000C1897,AmmoFusionCell,AMMO,-6497.043945,5867.239258,740.834229,314.3709
LessLoot - AmericaRising2.esp,0E01E085,000C1897,AmmoFusionCell,AMMO,-6501.901855,5867.087402,740.832092,314.3662
LessLoot - AmericaRising2.esp,0E01E084,000C1897,AmmoFusionCell,AMMO,-6475.923828,5895.168457,740.831299,315.3471
LessLoot - AmericaRising2.esp,0E01E083,000C1897,AmmoFusionCell,AMMO,-6480.747070,5895.200684,740.829468,315.5585
LessLoot - AmericaRising2.esp,0E01E082,000C1897,AmmoFusionCell,AMMO,-6485.445312,5895.210938,740.833191,314.8619
LessLoot - AmericaRising2.esp,0E01E081,000C1897,AmmoFusionCell,AMMO,-6490.155762,5895.202637,740.831482,314.7016
LessLoot - AmericaRising2.esp,0E01E080,000C1897,AmmoFusionCell,AMMO,-6494.988770,5895.619141,740.831116,315.5357
LessLoot - AmericaRising2.esp,0E01E07F,000C1897,AmmoFusionCell,AMMO,-6499.853516,5895.657227,740.831299,315.4068
LessLoot - AmericaRising2.esp,0E01E07E,000C1897,AmmoFusionCell,AMMO,-6499.854980,5900.443848,740.829468,316.6674
LessLoot - AmericaRising2.esp,0E01E07D,000C1897,AmmoFusionCell,AMMO,-6495.016602,5900.409668,740.831421,315.5319
LessLoot - AmericaRising2.esp,0E01E07C,000C1897,AmmoFusionCell,AMMO,-6500.080566,5904.638672,740.830078,358.8124
LessLoot - AmericaRising2.esp,0E01E07B,000C1897,AmmoFusionCell,AMMO,-6495.114746,5904.661621,740.828064,0.5047
LessLoot - AmericaRising2.esp,0E01E07A,000C1897,AmmoFusionCell,AMMO,-6489.884766,5904.235352,740.827942,0.8671
LessLoot - AmericaRising2.esp,0E01E079,000C1897,AmmoFusionCell,AMMO,-6490.190918,5899.955078,740.828125,314.4723
LessLoot - AmericaRising2.esp,0E01E078,000C1897,AmmoFusionCell,AMMO,-6485.580078,5904.113281,740.833008,0.6629
LessLoot - AmericaRising2.esp,0E01E077,000C1897,AmmoFusionCell,AMMO,-6485.491699,5899.889648,740.831360,314.4236
LessLoot - AmericaRising2.esp,0E01E076,000C1897,AmmoFusionCell,AMMO,-6480.989746,5904.106934,740.830750,0.5173
LessLoot - AmericaRising2.esp,0E01E075,000C1897,AmmoFusionCell,AMMO,-6480.781738,5899.912109,740.832520,315.5292
LessLoot - AmericaRising2.esp,0E01E074,000C1897,AmmoFusionCell,AMMO,-6476.638184,5904.146973,740.829285,0.1857
LessLoot - AmericaRising2.esp,0E01E073,000C1897,AmmoFusionCell,AMMO,-6476.033691,5899.943359,740.829163,315.3258
LessLoot - AmericaRising2.esp,0E01E072,000C1897,AmmoFusionCell,AMMO,-6477.910156,5929.078613,740.831238,312.5614
LessLoot - AmericaRising2.esp,0E01E071,000C1897,AmmoFusionCell,AMMO,-6482.710449,5928.879395,740.831116,312.7406
LessLoot - AmericaRising2.esp,0E01E070,000C1897,AmmoFusionCell,AMMO,-6487.409180,5928.658691,740.831543,312.0511
LessLoot - AmericaRising2.esp,0E01E06F,000C1897,AmmoFusionCell,AMMO,-6492.109375,5928.416992,740.831299,311.8968
LessLoot - AmericaRising2.esp,0E01E06E,000C1897,AmmoFusionCell,AMMO,-6496.964844,5928.601074,740.831299,312.7204
LessLoot - AmericaRising2.esp,0E01E06D,000C1897,AmmoFusionCell,AMMO,-6501.821777,5928.401855,740.830750,312.5893
LessLoot - AmericaRising2.esp,0E01E06C,000C1897,AmmoFusionCell,AMMO,-6502.057617,5933.177246,740.832703,313.8369
LessLoot - AmericaRising2.esp,0E01E06A,000C1897,AmmoFusionCell,AMMO,-6502.489746,5937.347168,740.831238,356.0235
LessLoot - AmericaRising2.esp,0E01E069,000C1897,AmmoFusionCell,AMMO,-6497.532227,5937.610840,740.834839,357.7204
LessLoot - AmericaRising2.esp,0E01E068,000C1897,AmmoFusionCell,AMMO,-6492.285645,5937.426758,740.831238,357.9749
LessLoot - AmericaRising2.esp,0E01E067,000C1897,AmmoFusionCell,AMMO,-6492.372070,5933.183594,740.833679,311.6998
LessLoot - AmericaRising2.esp,0E01E066,000C1897,AmmoFusionCell,AMMO,-6487.981934,5937.529785,740.831482,357.8771
LessLoot - AmericaRising2.esp,0E01E065,000C1897,AmmoFusionCell,AMMO,-6487.685059,5933.335449,740.831238,311.6695
LessLoot - AmericaRising2.esp,0E01E064,000C1897,AmmoFusionCell,AMMO,-6483.395996,5937.748535,740.831116,357.7392
LessLoot - AmericaRising2.esp,0E01E063,000C1897,AmmoFusionCell,AMMO,-6482.989746,5933.581543,740.832458,312.7007
LessLoot - AmericaRising2.esp,0E01E062,000C1897,AmmoFusionCell,AMMO,-6479.051758,5938.005859,740.831055,357.4224
LessLoot - AmericaRising2.esp,0E01E061,000C1897,AmmoFusionCell,AMMO,-6478.245117,5933.847656,740.831299,312.5157
LessLoot - AmericaRising2.esp,0E01E060,00060CB4,Loot_AmmoBox,CONT,-6611.510742,5841.595703,680.000000,80.2141
LessLoot - AmericaRising2.esp,0E01E05F,00060CB4,Loot_AmmoBox,CONT,-6619.608887,5886.879883,680.000000,85.9437
LessLoot - AmericaRising2.esp,0E01E016,0001DBB7,AmmoPlasmaCartridge,AMMO,-6354.881348,5940.652344,740.857178,356.9637
LessLoot - AmericaRising2.esp,0E01E014,0001DBB7,AmmoPlasmaCartridge,AMMO,-6336.625488,5943.435547,740.857605,345.9885
LessLoot - AmericaRising2.esp,0E01E013,0001DBB7,AmmoPlasmaCartridge,AMMO,-6332.745117,5936.156250,740.859558,13.3791
LessLoot - AmericaRising2.esp,0E01E012,0001DBB7,AmmoPlasmaCartridge,AMMO,-6332.457520,5902.546387,740.858948,12.2905
LessLoot - AmericaRising2.esp,0E01E011,0001DBB7,AmmoPlasmaCartridge,AMMO,-6345.040039,5901.274414,740.857117,346.5545
LessLoot - AmericaRising2.esp,0E01E010,0001DBB7,AmmoPlasmaCartridge,AMMO,-6338.006348,5910.778320,740.857117,87.4336
LessLoot - AmericaRising2.esp,0E01E00F,0001DBB7,AmmoPlasmaCartridge,AMMO,-6353.808105,5907.480957,740.857117,355.8751
LessLoot - AmericaRising2.esp,0E01E00E,0001DBB7,AmmoPlasmaCartridge,AMMO,-6343.872559,5877.039062,740.856995,87.4336
LessLoot - AmericaRising2.esp,0E01E00C,0001DBB7,AmmoPlasmaCartridge,AMMO,-6352.553223,5866.859863,740.858459,284.3535
LessLoot - AmericaRising2.esp,0E01E00B,0001DBB7,AmmoPlasmaCartridge,AMMO,-6357.341797,5876.027344,740.857056,70.2892
LessLoot - AmericaRising2.esp,0E01DFDC,00060CB4,Loot_AmmoBox,CONT,-5432.526367,5785.346191,681.267578,2.6356
LessLoot - AmericaRising2.esp,0E01DFDB,00060CB4,Loot_AmmoBox,CONT,-5536.622559,5784.865723,681.267578,52.0246
LessLoot - AmericaRising2.esp,0E01DFDA,00060CB4,Loot_AmmoBox,CONT,-5508.702148,5843.379395,754.384399,0.3438
LessLoot - AmericaRising2.esp,0E01DFD3,00060CB4,Loot_AmmoBox,CONT,-7197.767090,5487.514648,692.726562,309.6371
LessLoot - AmericaRising2.esp,0E01DFD2,0003A9ED,OfficeBoxPapers03,STAT,-7183.270020,5501.337891,692.726562,312.7311
LessLoot - AmericaRising2.esp,0E01DFD1,00060CB4,Loot_AmmoBox,CONT,-7167.206055,5519.332520,694.880127,310.3222
LessLoot - AmericaRising2.esp,0E01DFB4,000B0F48,Vault_Shelf_03,STAT,-6512.000000,4344.000000,680.000000,0.0000
LessLoot - AmericaRising2.esp,0E01DFB3,000B0F49,Vault_Shelf_04,STAT,-6536.000000,4624.000000,680.000000,0.0000
LessLoot - AmericaRising2.esp,0E01DFB0,0006907A,c_Aluminum_scrap,MISC,-5834.773438,4494.248535,723.085571,279.7623
LessLoot - AmericaRising2.esp,0E01DFAF,00069081,c_Screws_scrap,MISC,-5822.528320,4498.282227,723.093262,10.3174
LessLoot - AmericaRising2.esp,0E01DFAE,00069081,c_Screws_scrap,MISC,-5823.520020,4490.906250,725.726624,110.4797
LessLoot - AmericaRising2.esp,0E01DFAC,000731A4,c_Steel_scrap,MISC,-5884.187012,4564.352051,723.086670,0.4067
LessLoot - AmericaRising2.esp,0E01DFAB,00069082,c_Springs_scrap,MISC,-5890.335449,4570.558105,723.088867,0.7500
LessLoot - AmericaRising2.esp,0E01DFAA,001BF732,c_Oil_scrap,MISC,-5890.375977,4562.440918,723.092712,87.8664
LessLoot - AmericaRising2.esp,0E01DFA9,00106D98,c_Rubber_scrap,MISC,-5881.205566,4564.611816,725.663757,351.4908
LessLoot - AmericaRising2.esp,0E01DFA7,001A037F,Loot_ToolboxLarge,CONT,-6553.847168,4619.535156,767.375000,92.0272
LessLoot - AmericaRising2.esp,0E01DFA6,0E01B1ED,AR_Armor_Enclave_CombatArmor_HelmetTattered,ARMO,-6489.265625,4619.320801,691.324463,0.0000
LessLoot - AmericaRising2.esp,0E01DFA5,0E01B1ED,AR_Armor_Enclave_CombatArmor_HelmetTattered,ARMO,-6505.937988,4619.359863,731.535034,0.2507
LessLoot - AmericaRising2.esp,0E01DFA4,0E01B1ED,AR_Armor_Enclave_CombatArmor_HelmetTattered,ARMO,-6514.882812,4585.842773,680.002197,0.0000
LessLoot - AmericaRising2.esp,0E01DFA3,0E01B1ED,AR_Armor_Enclave_CombatArmor_HelmetTattered,ARMO,-6539.592773,4619.320801,691.324463,0.0000
LessLoot - AmericaRising2.esp,0E01DFA2,0E0014BE,AR_Clothes_Enclave_OfficerUniform,ARMO,-6561.485352,4624.682617,729.310486,0.0000
LessLoot - AmericaRising2.esp,0E01DFA1,001A594C,Bin_Plastic,MSTT,-6563.254395,4625.275391,691.257751,102.6851
LessLoot - AmericaRising2.esp,0E01DFA0,000AEC5B,c_AntiBallisticFiber_scrap,MISC,-6564.141113,4638.640137,693.458374,330.9815
LessLoot - AmericaRising2.esp,0E01DF9F,0006907C,c_Copper_scrap,MISC,-6558.317383,4628.161621,695.286377,13.5404
LessLoot - AmericaRising2.esp,0E01DF9E,000AEC63,c_Lead_scrap,MISC,-6567.363770,4627.744629,696.909912,9.6607
LessLoot - AmericaRising2.esp,0E01DF9D,00069082,c_Springs_scrap,MISC,-6571.082520,4612.194336,693.444580,2.4087
LessLoot - AmericaRising2.esp,0E01DF9C,0006907E,c_Gears_scrap,MISC,-6570.316406,4613.073242,700.283386,359.9988
LessLoot - AmericaRising2.esp,0E01DF34,00198DBE,DummyNoEdit_LaserGun_Rifle,MISC,-6520.000000,4344.000000,694.225464,90.0000
LessLoot - AmericaRising2.esp,0E01DF33,00198DBE,DummyNoEdit_LaserGun_Rifle,MISC,-6520.000000,4344.000000,732.426086,90.0000
LessLoot - AmericaRising2.esp,0E01DF32,00198DBE,DummyNoEdit_LaserGun_Rifle,MISC,-6520.000000,4344.000000,808.000000,90.0000
LessLoot - AmericaRising2.esp,0E01DF31,00198DBE,DummyNoEdit_LaserGun_Rifle,MISC,-6520.000000,4344.000000,770.516785,90.0000
LessLoot - AmericaRising2.esp,0E01DF2F,001A594C,Bin_Plastic,MSTT,-6551.551758,4350.416016,729.390869,119.9885
LessLoot - AmericaRising2.esp,0E01DF2E,000C1897,AmmoFusionCell,AMMO,-6542.626465,4359.626953,735.397400,0.0000
LessLoot - AmericaRising2.esp,0E01DF2D,000C1897,AmmoFusionCell,AMMO,-6548.610840,4359.074219,735.397400,0.0000
LessLoot - AmericaRising2.esp,0E01DF2C,000C1897,AmmoFusionCell,AMMO,-6546.527344,4362.208984,735.397400,0.0000
LessLoot - AmericaRising2.esp,0E01DF2B,000C1897,AmmoFusionCell,AMMO,-6548.209961,4353.793457,735.397400,0.0000
LessLoot - AmericaRising2.esp,0E01DF2A,000C1897,AmmoFusionCell,AMMO,-6546.057129,4350.019531,735.397400,256.8677
LessLoot - AmericaRising2.esp,0E01DF29,000C1897,AmmoFusionCell,AMMO,-6551.108398,4348.430176,735.397400,256.8677
LessLoot - AmericaRising2.esp,0E01DF28,000C1897,AmmoFusionCell,AMMO,-6554.635742,4349.748047,735.397400,256.8677
LessLoot - AmericaRising2.esp,0E01DF27,000C1897,AmmoFusionCell,AMMO,-6553.006836,4354.130859,735.397400,256.8677
LessLoot - AmericaRising2.esp,0E01DEAC,001AAD69,MakeshiftBattery01,MISC,-8095.218262,2086.023682,736.000000,182.3829
LessLoot - AmericaRising2.esp,0E01DEA6,00154AD2,CircuitBoardMilitary,MISC,-7944.122070,2105.197266,681.406433,298.7161
LessLoot - AmericaRising2.esp,0E01DE92,001AAD69,MakeshiftBattery01,MISC,-9059.796875,2815.966797,736.174011,285.5155
LessLoot - AmericaRising2.esp,0E01DE91,00154AD2,CircuitBoardMilitary,MISC,-8875.914062,2808.873291,736.301086,0.0000
LessLoot - AmericaRising2.esp,0E01DE55,000E3760,AbraxoCleaner_PreWar,MISC,-4194.085449,3326.774658,791.250000,274.0564
LessLoot - AmericaRising2.esp,0E01DE4F,000366C0,WaterPurified,ALCH,-4182.623047,3386.648193,736.031250,34.3775
LessLoot - AmericaRising2.esp,0E01DD18,000366C0,WaterPurified,ALCH,-4185.955566,3348.252686,736.031250,34.3775
LessLoot - AmericaRising2.esp,0E01DD17,000366C0,WaterPurified,ALCH,-4188.361816,3358.022461,736.031250,0.0000
LessLoot - AmericaRising2.esp,0E01DD12,000E3760,AbraxoCleaner_PreWar,MISC,-4192.483398,3373.310791,791.250000,274.0564
LessLoot - AmericaRising2.esp,0E01DD11,000E3760,AbraxoCleaner_PreWar,MISC,-4189.030273,3388.973145,791.250000,256.8677
LessLoot - AmericaRising2.esp,0E01DBD0,00154AD2,CircuitBoardMilitary,MISC,-9034.570312,2810.807617,736.301086,0.0000
LessLoot - AmericaRising2.esp,0E01DB99,00154AD2,CircuitBoardMilitary,MISC,-8031.882324,2138.569336,736.126892,279.7859
LessLoot - AmericaRising2.esp,0E01DB91,00154AD2,CircuitBoardMilitary,MISC,-8072.361816,2129.901855,736.126892,74.4845
LessLoot - AmericaRising2.esp,0E01D604,00198DBE,DummyNoEdit_LaserGun_Rifle,MISC,-6520.000000,4344.000000,770.516785,90.0000
LessLoot - AmericaRising2.esp,0E01D603,00198DBE,DummyNoEdit_LaserGun_Rifle,MISC,-6520.000000,4344.000000,808.000000,90.0000
LessLoot - AmericaRising2.esp,0E01D602,00198DBE,DummyNoEdit_LaserGun_Rifle,MISC,-6520.000000,4344.000000,732.426086,90.0000
LessLoot - AmericaRising2.esp,0E01D601,00198DBE,DummyNoEdit_LaserGun_Rifle,MISC,-6520.000000,4344.000000,694.225464,90.0000
LessLoot - AmericaRising2.esp,0E01D47E,000C1897,AmmoFusionCell,AMMO,-6478.245117,5933.847656,740.831299,312.5157
LessLoot - AmericaRising2.esp,0E01D47D,000C1897,AmmoFusionCell,AMMO,-6479.051758,5938.005859,740.831055,357.4224
LessLoot - AmericaRising2.esp,0E01D47C,000C1897,AmmoFusionCell,AMMO,-6482.989746,5933.581543,740.832458,312.7007
LessLoot - AmericaRising2.esp,0E01D47B,000C1897,AmmoFusionCell,AMMO,-6483.395996,5937.748535,740.831116,357.7392
LessLoot - AmericaRising2.esp,0E01D47A,000C1897,AmmoFusionCell,AMMO,-6487.685059,5933.335449,740.831238,311.6695
LessLoot - AmericaRising2.esp,0E01D479,000C1897,AmmoFusionCell,AMMO,-6487.981934,5937.529785,740.831482,357.8771
LessLoot - AmericaRising2.esp,0E01D478,000C1897,AmmoFusionCell,AMMO,-6492.372070,5933.183594,740.833679,311.6998
LessLoot - AmericaRising2.esp,0E01D477,000C1897,AmmoFusionCell,AMMO,-6492.285645,5937.426758,740.831238,357.9749
LessLoot - AmericaRising2.esp,0E01D476,000C1897,AmmoFusionCell,AMMO,-6497.532227,5937.610840,740.834839,357.7204
LessLoot - AmericaRising2.esp,0E01D475,000C1897,AmmoFusionCell,AMMO,-6502.489746,5937.347168,740.831238,356.0235
LessLoot - AmericaRising2.esp,0E01D474,000C1897,AmmoFusionCell,AMMO,-6497.223633,5933.385254,740.831360,312.7168
LessLoot - AmericaRising2.esp,0E01D473,000C1897,AmmoFusionCell,AMMO,-6502.057617,5933.177246,740.832703,313.8369
LessLoot - AmericaRising2.esp,0E01D472,000C1897,AmmoFusionCell,AMMO,-6501.821777,5928.401855,740.830750,312.5893
LessLoot - AmericaRising2.esp,0E01D471,000C1897,AmmoFusionCell,AMMO,-6496.964844,5928.601074,740.831299,312.7204
LessLoot - AmericaRising2.esp,0E01D470,000C1897,AmmoFusionCell,AMMO,-6492.109375,5928.416992,740.831299,311.8968
LessLoot - AmericaRising2.esp,0E01D46F,000C1897,AmmoFusionCell,AMMO,-6487.409180,5928.658691,740.831543,312.0511
LessLoot - AmericaRising2.esp,0E01D46E,000C1897,AmmoFusionCell,AMMO,-6482.710449,5928.879395,740.831116,312.7406
LessLoot - AmericaRising2.esp,0E01D46D,000C1897,AmmoFusionCell,AMMO,-6477.910156,5929.078613,740.831238,312.5614
LessLoot - AmericaRising2.esp,0E01D46C,000C1897,AmmoFusionCell,AMMO,-6476.033691,5899.943359,740.829163,315.3258
LessLoot - AmericaRising2.esp,0E01D46B,000C1897,AmmoFusionCell,AMMO,-6476.638184,5904.146973,740.829285,0.1857
LessLoot - AmericaRising2.esp,0E01D46A,000C1897,AmmoFusionCell,AMMO,-6480.781738,5899.912109,740.832520,315.5292
LessLoot - AmericaRising2.esp,0E01D469,000C1897,AmmoFusionCell,AMMO,-6480.989746,5904.106934,740.830750,0.5173
LessLoot - AmericaRising2.esp,0E01D468,000C1897,AmmoFusionCell,AMMO,-6485.491699,5899.889648,740.831360,314.4236
LessLoot - AmericaRising2.esp,0E01D467,000C1897,AmmoFusionCell,AMMO,-6485.580078,5904.113281,740.833008,0.6629
LessLoot - AmericaRising2.esp,0E01D466,000C1897,AmmoFusionCell,AMMO,-6490.190918,5899.955078,740.828125,314.4723
LessLoot - AmericaRising2.esp,0E01D465,000C1897,AmmoFusionCell,AMMO,-6489.884766,5904.235352,740.827942,0.8671
LessLoot - AmericaRising2.esp,0E01D464,000C1897,AmmoFusionCell,AMMO,-6495.114746,5904.661621,740.828064,0.5047
LessLoot - AmericaRising2.esp,0E01D463,000C1897,AmmoFusionCell,AMMO,-6500.080566,5904.638672,740.830078,358.8124
LessLoot - AmericaRising2.esp,0E01D462,000C1897,AmmoFusionCell,AMMO,-6495.016602,5900.409668,740.831421,315.5319
LessLoot - AmericaRising2.esp,0E01D461,000C1897,AmmoFusionCell,AMMO,-6499.854980,5900.443848,740.829468,316.6674
LessLoot - AmericaRising2.esp,0E01D460,000C1897,AmmoFusionCell,AMMO,-6499.853516,5895.657227,740.831299,315.4068
LessLoot - AmericaRising2.esp,0E01D45F,000C1897,AmmoFusionCell,AMMO,-6494.988770,5895.619141,740.831116,315.5357
LessLoot - AmericaRising2.esp,0E01D45E,000C1897,AmmoFusionCell,AMMO,-6490.155762,5895.202637,740.831482,314.7016
LessLoot - AmericaRising2.esp,0E01D45D,000C1897,AmmoFusionCell,AMMO,-6485.445312,5895.210938,740.833191,314.8619
LessLoot - AmericaRising2.esp,0E01D45C,000C1897,AmmoFusionCell,AMMO,-6480.747070,5895.200684,740.829468,315.5585
LessLoot - AmericaRising2.esp,0E01D45B,000C1897,AmmoFusionCell,AMMO,-6475.923828,5895.168457,740.831299,315.3471
LessLoot - AmericaRising2.esp,0E01D45A,000C1897,AmmoFusionCell,AMMO,-6501.901855,5867.087402,740.832092,314.3662
LessLoot - AmericaRising2.esp,0E01D459,000C1897,AmmoFusionCell,AMMO,-6497.043945,5867.239258,740.834229,314.3709
LessLoot - AmericaRising2.esp,0E01D458,000C1897,AmmoFusionCell,AMMO,-6492.172852,5866.804688,740.832703,313.6826
LessLoot - AmericaRising2.esp,0E01D457,000C1897,AmmoFusionCell,AMMO,-6487.492187,5866.909668,740.825439,313.8360
LessLoot - AmericaRising2.esp,0E01D456,000C1897,AmmoFusionCell,AMMO,-6482.752930,5867.015625,740.832336,314.3842
LessLoot - AmericaRising2.esp,0E01D455,000C1897,AmmoFusionCell,AMMO,-6478.022949,5867.038574,740.835571,314.3668
LessLoot - AmericaRising2.esp,0E01D454,000C1897,AmmoFusionCell,AMMO,-6478.837402,5875.978516,740.831848,359.2959
LessLoot - AmericaRising2.esp,0E01D453,000C1897,AmmoFusionCell,AMMO,-6478.158203,5871.819336,740.833008,314.2899
LessLoot - AmericaRising2.esp,0E01D452,000C1897,AmmoFusionCell,AMMO,-6483.206543,5875.840332,740.830750,359.6070
LessLoot - AmericaRising2.esp,0E01D451,000C1897,AmmoFusionCell,AMMO,-6482.952637,5871.671387,740.831482,314.3852
LessLoot - AmericaRising2.esp,0E01D450,000C1897,AmmoFusionCell,AMMO,-6487.799316,5875.795898,740.837158,359.6646
LessLoot - AmericaRising2.esp,0E01D44F,000C1897,AmmoFusionCell,AMMO,-6487.606934,5871.604980,740.831787,313.5664
LessLoot - AmericaRising2.esp,0E01D44E,000C1897,AmmoFusionCell,AMMO,-6492.079590,5875.806641,740.831665,359.6705
LessLoot - AmericaRising2.esp,0E01D44D,000C1897,AmmoFusionCell,AMMO,-6492.271973,5871.589355,740.833374,313.5458
LessLoot - AmericaRising2.esp,0E01D44C,000C1897,AmmoFusionCell,AMMO,-6497.317383,5876.129395,740.838806,359.6143
LessLoot - AmericaRising2.esp,0E01D44B,000C1897,AmmoFusionCell,AMMO,-6497.150879,5871.905762,740.827820,314.3742
LessLoot - AmericaRising2.esp,0E01D44A,000C1897,AmmoFusionCell,AMMO,-6502.002441,5871.906738,740.832336,315.5851
LessLoot - AmericaRising2.esp,0E01D449,000C1897,AmmoFusionCell,AMMO,-6502.280762,5876.024902,740.833801,357.8719
LessLoot - AmericaRising2.esp,0E01D442,00075FE4,AmmoFusionCore,AMMO,-6525.668945,5541.886230,742.890808,251.1376
LessLoot - AmericaRising2.esp,0E01D441,00075FE4,AmmoFusionCore,AMMO,-6504.269531,5533.626465,742.890808,308.4344
LessLoot - AmericaRising2.esp,0E01D440,00075FE4,AmmoFusionCore,AMMO,-6484.805176,5544.693359,742.890808,279.7854
LessLoot - AmericaRising2.esp,0E01D43F,00075FE4,AmmoFusionCore,AMMO,-6475.344727,5532.828125,742.890808,262.5979
LessLoot - AmericaRising2.esp,0E01D2AE,00171947,CoffeeCup01clean,MISC,-3874.109131,3674.483887,735.953247,154.3658
LessLoot - AmericaRising2.esp,0E01D2AB,00171947,CoffeeCup01clean,MISC,-3922.096680,3672.355957,735.953247,284.6404
LessLoot - AmericaRising2.esp,0E01D2A6,00171947,CoffeeCup01clean,MISC,-3966.143311,3691.280762,735.952759,100.9687
LessLoot - AmericaRising2.esp,0E01C9F5,FE043006,Ammo_Box_Empty,CONT,-5335.330078,2171.068848,744.774109,357.2718
LessLoot - AmericaRising2.esp,0E01C9F3,FE043006,Ammo_Box_Empty,CONT,-5298.592773,2172.141113,744.774109,357.2718
LessLoot - AmericaRising2.esp,0E01C391,FE043006,Ammo_Box_Empty,CONT,-3203.449219,452.949554,728.000000,90.4231
LessLoot - AmericaRising2.esp,0E01C38F,FE043006,Ammo_Box_Empty,CONT,-3182.407471,23.344543,728.000000,10.7821
LessLoot - AmericaRising2.esp,0E01C38D,FE043006,Ammo_Box_Empty,CONT,-3196.068115,-500.802856,729.260742,94.4339
LessLoot - AmericaRising2.esp,0E01C336,000E27BC,GatlingLaser,WEAP,-3884.451416,-575.400879,779.277893,13.4862
LessLoot - AmericaRising2.esp,0E01C303,00199090,DummyNoEdit_LaserGun_Pistol,MISC,-3868.161621,-590.728088,744.000000,36.7630
LessLoot - AmericaRising2.esp,0E01C302,00199096,DummyNoEdit_LaserGun_Shotgun,MISC,-3841.752686,-571.809814,744.530029,80.5369
LessLoot - AmericaRising2.esp,0E01C132,FE043006,Ammo_Box_Empty,CONT,-2901.654785,-1247.281128,793.006836,176.6532
LessLoot - AmericaRising2.esp,0E01C130,FE043006,Ammo_Box_Empty,CONT,-2938.378418,-1248.749390,793.006836,176.6532
LessLoot - AmericaRising2.esp,0E01BB5D,00171947,CoffeeCup01clean,MISC,-6045.262207,1589.415405,975.052551,27.3410
LessLoot - AmericaRising2.esp,0E01BB5B,00171947,CoffeeCup01clean,MISC,-6032.102051,1575.923706,975.052551,159.1215
LessLoot - AmericaRising2.esp,0E01BB59,00171947,CoffeeCup01clean,MISC,-6075.954590,1597.548828,975.052551,67.4480
LessLoot - AmericaRising2.esp,0E01BB06,00171947,CoffeeCup01clean,MISC,-6014.709473,1587.143555,975.052185,150.5974
LessLoot - AmericaRising2.esp,0E019927,00023742,RadAway,ALCH,-695.130005,-399.854614,421.185455,71.6197
LessLoot - AmericaRising2.esp,0E019926,00023742,RadAway,ALCH,-697.987183,-366.348236,350.431671,328.4873
LessLoot - AmericaRising2.esp,0E019925,00023742,RadAway,ALCH,-697.987183,-366.348236,386.290466,25.7831
LessLoot - AmericaRising2.esp,0E019924,00024057,RadX,ALCH,-691.553711,-404.905273,386.250031,5.7296
LessLoot - AmericaRising2.esp,0E019921,000CEAC4,Armor_HazmatSuit,ARMO,-694.563599,-435.946838,352.203369,271.1915
LessLoot - AmericaRising2.esp,0E019824,FE043006,Ammo_Box_Empty,CONT,576.370850,2171.687500,696.000000,244.3197
LessLoot - AmericaRising2.esp,0E019756,00023742,RadAway,ALCH,-1314.865967,-1029.330444,376.026093,88.3173
LessLoot - AmericaRising2.esp,0E019755,00023742,RadAway,ALCH,-1337.089478,-1028.298950,376.026093,59.7289
LessLoot - AmericaRising2.esp,0E01974F,00023742,RadAway,ALCH,-612.799072,-1043.867554,324.094879,64.3576
LessLoot - AmericaRising2.esp,0E019359,00023742,RadAway,ALCH,-1299.102783,-1113.988647,317.855591,139.4776
LessLoot - AmericaRising2.esp,0E019358,00023742,RadAway,ALCH,-1332.065796,-1116.007324,317.845001,107.7904
LessLoot - AmericaRising2.esp,0E019352,00023742,RadAway,ALCH,-608.899048,-1024.831299,324.094879,64.3576
LessLoot - AmericaRising2.esp,0E01924E,00024057,RadX,ALCH,-616.452393,-2337.475586,105.481468,357.4355
LessLoot - AmericaRising2.esp,0E018F0C,00024057,RadX,ALCH,-623.714722,-2346.610352,90.725281,16.1003
LessLoot - AmericaRising2.esp,0E018E8E,FE043006,Ammo_Box_Empty,CONT,388.278320,2065.638428,696.000000,353.1817
LessLoot - AmericaRising2.esp,0E01DE30,00059B33,GasCanister,MISC,-2666.328857,-893.805542,792.786499,89.4201
LessLoot - AmericaRising2.esp,0E01DDEF,00059B33,GasCanister,MISC,-5583.312988,2376.102051,685.166321,180.0030
LessLoot - AmericaRising2.esp,0E01DD95,00059B33,GasCanister,MISC,-6253.463379,5140.706055,745.137024,295.6854
LessLoot - AmericaRising2.esp,0E01CAA1,00059B33,GasCanister,MISC,-6211.641602,5139.878418,745.137024,88.2742
LessLoot - AmericaRising2.esp,0E01C9C9,00059B33,GasCanister,MISC,-5525.055664,2308.053711,745.117188,116.7856
LessLoot - AmericaRising2.esp,0E01C125,00059B33,GasCanister,MISC,-2708.124512,-892.144043,792.786499,296.8313
LessLoot - AmericaRising2.esp,0E026CDC,FE043006,Ammo_Box_Empty,CONT,2759.465820,19839.212891,718.500000,86.9462
LessLoot - AmericaRising2.esp,0E026CB4,FE043006,Ammo_Box_Empty,CONT,1793.950562,19719.306641,600.168823,271.3283
LessLoot - AmericaRising2.esp,0E026CA5,FE043006,Ammo_Box_Empty,CONT,1418.267090,19870.166016,600.042969,271.4207
LessLoot - AmericaRising2.esp,0E026CA3,FE043006,Ammo_Box_Empty,CONT,1419.729492,19905.900391,600.042969,269.3009
LessLoot - AmericaRising2.esp,0E026C65,FE043006,Ammo_Box_Empty,CONT,2102.388916,20306.765625,423.973419,16.7524
LessLoot - AmericaRising2.esp,0E026C63,FE043006,Ammo_Box_Empty,CONT,2145.475342,20306.195312,423.973419,357.2718
LessLoot - AmericaRising2.esp,0E026B60,FE043006,Ammo_Box_Empty,CONT,1812.454224,19852.099609,424.168762,285.8591
LessLoot - AmericaRising2.esp,0E026B5E,FE043006,Ammo_Box_Empty,CONT,1812.345337,19895.197266,424.168762,266.3785
LessLoot - AmericaRising2.esp,0E026854,0004D1F4,ScrewDriver01,MISC,790.741333,20379.958984,434.809967,0.0000
LessLoot - AmericaRising2.esp,0E026853,00069081,c_Screws_scrap,MISC,779.019531,20361.859375,435.139160,341.6654
LessLoot - AmericaRising2.esp,0E026852,0004D1F5,Wrench01,MISC,724.505676,20355.943359,435.331238,298.0634
LessLoot - AmericaRising2.esp,0E026851,00059A9A,Loot_Toolbox,CONT,727.124695,20372.851562,434.296753,102.9605
LessLoot - AmericaRising2.esp,0E026822,FE043002,Loot_Prewar_Medkit_Wall_AR2,CONT,1524.536621,20399.041016,464.000000,180.0000
LessLoot - AmericaRising2.esp,0E0267C0,000E3760,AbraxoCleaner_PreWar,MISC,1252.370972,20360.308594,457.000000,358.9115
LessLoot - AmericaRising2.esp,0E026796,000E3778,FancyLadSnackCakes_PreWar,ALCH,1207.530029,20356.076172,425.000000,291.2451
LessLoot - AmericaRising2.esp,0E026794,000E377A,InstaMash_PreWar,ALCH,1138.210938,20356.701172,424.922455,358.3960
LessLoot - AmericaRising2.esp,0E026793,000E377A,InstaMash_PreWar,ALCH,1128.504517,20356.703125,424.922272,0.0000
LessLoot - AmericaRising2.esp,0E026792,000366C0,WaterPurified,ALCH,1189.450439,20357.279297,459.325775,272.4221
LessLoot - AmericaRising2.esp,0E026790,000366C0,WaterPurified,ALCH,1181.067749,20356.076172,459.309570,179.5297
LessLoot - AmericaRising2.esp,0E02678F,000366C0,WaterPurified,ALCH,1207.795288,20351.941406,459.314911,359.3346
LessLoot - AmericaRising2.esp,0E02678E,000366C0,WaterPurified,ALCH,1201.070801,20357.101562,459.311371,294.6583
LessLoot - AmericaRising2.esp,0E02678D,000366C0,WaterPurified,ALCH,1195.478271,20351.876953,459.306702,17.9427
LessLoot - AmericaRising2.esp,0E02678C,000366C0,WaterPurified,ALCH,1137.064941,20361.429688,459.354004,200.2505
LessLoot - AmericaRising2.esp,0E02678B,000366C0,WaterPurified,ALCH,1124.481201,20361.244141,459.306335,180.1060
LessLoot - AmericaRising2.esp,0E02678A,000366C0,WaterPurified,ALCH,1131.465454,20356.000000,459.310974,115.3686
LessLoot - AmericaRising2.esp,0E026789,000366C0,WaterPurified,ALCH,1143.047974,20355.480469,459.304413,92.9633
LessLoot - AmericaRising2.esp,0E026C42,00059B33,GasCanister,MISC,2456.200684,20316.482422,424.020538,296.7856
LessLoot - AmericaRising2.esp,0E026C3D,00059B33,GasCanister,MISC,2497.998291,20314.853516,424.020538,89.3744
LessLoot - AmericaRising2.esp,0E026C27,00059B33,GasCanister,MISC,2261.403809,19491.888672,425.162170,179.3744
LessLoot - AmericaRising2.esp,0E026C26,00059B33,GasCanister,MISC,2261.403809,19477.597656,425.162170,179.3744
LessLoot - AmericaRising2.esp,0E026C25,00059B33,GasCanister,MISC,2261.403809,19462.648438,425.162170,179.3744
LessLoot - AmericaRising2.esp,0E026B8E,00059B33,GasCanister,MISC,2261.403809,19448.585938,425.162170,179.3744
LessLoot - AmericaRising2.esp,0E026B56,00059B33,GasCanister,MISC,1425.649902,19685.128906,424.042938,206.5225
LessLoot - AmericaRising2.esp,0E0271D9,FE043006,Ammo_Box_Empty,CONT,1397.943481,18364.808594,377.230316,278.9266
LessLoot - AmericaRising2.esp,0E0271D8,FE043001,Loot_Prewar_Medkit_AR2,CONT,1391.453125,18451.806641,433.420013,178.3268
LessLoot - AmericaRising2.esp,0E0271B9,000670B1,Loot_Prewar_ToolBox,CONT,1296.493896,17600.839844,335.000000,126.0519
LessLoot - AmericaRising2.esp,0E0271B2,000670B1,Loot_Prewar_ToolBox,CONT,2244.981934,18008.572266,339.444092,292.2103
LessLoot - AmericaRising2.esp,0E0322EF,00059B33,GasCanister,MISC,13845.040039,10734.566406,-1392.971558,0.0966
LessLoot - AmericaRising2.esp,0E0322EE,00059B33,GasCanister,MISC,13850.875000,10764.977539,-1403.238281,359.9761
LessLoot - AmericaRising2.esp,0E021F62,001AB5ED,ChemistrySetCan02,MISC,6583.626953,11731.013672,-495.820343,206.9756
LessLoot - AmericaRising2.esp,0E021F2A,00059A9A,Loot_Toolbox,CONT,1061.588013,5190.020996,1.907495,331.3521
LessLoot - AmericaRising2.esp,0E021E84,00059B33,GasCanister,MISC,10731.561523,10935.759766,-748.286194,180.0222
LessLoot - AmericaRising2.esp,0E021E74,000670B1,Loot_Prewar_ToolBox,CONT,10748.660156,11017.502930,-752.000000,200.5363
LessLoot - AmericaRising2.esp,0E021E2C,00059B33,GasCanister,MISC,10736.067383,12311.011719,-746.647095,0.0124
LessLoot - AmericaRising2.esp,0E021DFC,00098148,CementBag,MISC,13612.116211,12149.490234,-1443.774536,179.9239
LessLoot - AmericaRising2.esp,0E021DEE,00098148,CementBag,MISC,11787.833008,11055.538086,-1508.122314,180.1304
LessLoot - AmericaRising2.esp,0E021DED,00098148,CementBag,MISC,11779.991211,11028.163086,-1503.986084,23.1078
LessLoot - AmericaRising2.esp,0E021DEC,00098148,CementBag,MISC,11775.704102,11034.863281,-1495.216797,19.0366
LessLoot - AmericaRising2.esp,0E021DEB,00098148,CementBag,MISC,11800.437500,11053.275391,-1511.601929,9.0804
LessLoot - AmericaRising2.esp,0E021DEA,00098148,CementBag,MISC,11804.992188,11041.208984,-1496.901245,53.6238
LessLoot - AmericaRising2.esp,0E021DB2,00059B33,GasCanister,MISC,13624.434570,11133.429688,-1484.286133,180.0222
LessLoot - AmericaRising2.esp,0E021D8B,001AB5ED,ChemistrySetCan02,MISC,12165.023438,11891.313477,-1480.580566,157.5564
LessLoot - AmericaRising2.esp,0E021C05,000670B1,Loot_Prewar_ToolBox,CONT,11480.672852,10970.754883,-1488.000000,309.3984
LessLoot - AmericaRising2.esp,0E021BEB,00098148,CementBag,MISC,12071.546875,11667.857422,-1406.804932,191.1096
LessLoot - AmericaRising2.esp,0E021BE4,00098148,CementBag,MISC,12047.730469,11674.533203,-1488.000000,359.9863
LessLoot - AmericaRising2.esp,0E021BAB,00098148,CementBag,MISC,10979.457031,11735.194336,-1443.577271,359.9309
LessLoot - AmericaRising2.esp,0E021B87,001AB5ED,ChemistrySetCan02,MISC,11313.162109,12073.382812,-1480.580566,157.5396
LessLoot - AmericaRising2.esp,0E0218E7,00098148,CementBag,MISC,4368.212402,5024.004395,-312.589752,0.0116
LessLoot - AmericaRising2.esp,0E0218E6,00098148,CementBag,MISC,4361.621582,5019.935059,-302.223053,0.0122
LessLoot - AmericaRising2.esp,0E0218E5,00098148,CementBag,MISC,4349.811035,5050.639160,-312.595612,0.0948
LessLoot - AmericaRising2.esp,0E0218E4,00098148,CementBag,MISC,4363.832520,5048.848145,-297.269440,169.4347
LessLoot - AmericaRising2.esp,0E0218E3,00098148,CementBag,MISC,4344.129395,5038.665527,-309.972076,334.2474
LessLoot - AmericaRising2.esp,0E0218D3,00098148,CementBag,MISC,3883.388428,4521.201660,-294.334869,146.0279
LessLoot - AmericaRising2.esp,0E0218D2,00098148,CementBag,MISC,3860.207764,4490.722168,-304.850494,185.5729
LessLoot - AmericaRising2.esp,0E0218D1,00098148,CementBag,MISC,3865.758545,4501.015137,-293.427643,187.0393
LessLoot - AmericaRising2.esp,0E021831,000330EE,Cram,ALCH,8125.348145,11255.014648,-436.897522,63.0261
LessLoot - AmericaRising2.esp,0E021830,000330EE,Cram,ALCH,8112.766113,11246.715820,-436.897522,191.9393
LessLoot - AmericaRising2.esp,0E02182E,0003377B,Mentats,ALCH,8062.946777,11255.296875,-391.027527,63.0259
LessLoot - AmericaRising2.esp,0E02182D,0003377B,Mentats,ALCH,8049.548340,11250.215820,-391.027527,181.6777
LessLoot - AmericaRising2.esp,0E02182B,000330F0,PorknBeans,ALCH,8050.939941,11255.085938,-436.948242,169.0190
LessLoot - AmericaRising2.esp,0E02182A,000330F0,PorknBeans,ALCH,8069.431152,11240.566406,-436.948181,270.6941
LessLoot - AmericaRising2.esp,0E021826,00023742,RadAway,ALCH,8080.349121,11253.706055,-414.033691,63.0629
LessLoot - AmericaRising2.esp,0E021825,00023742,RadAway,ALCH,8062.536621,11254.449219,-414.034363,170.8890
LessLoot - AmericaRising2.esp,0E021820,00059B33,GasCanister,MISC,8381.095703,11693.253906,-492.740936,0.0000
LessLoot - AmericaRising2.esp,0E02171F,001AB5ED,ChemistrySetCan02,MISC,6849.189453,12176.214844,-495.614655,121.0320
LessLoot - AmericaRising2.esp,0E0216E9,00059B33,GasCanister,MISC,5527.644531,8998.405273,-464.262421,180.0222
LessLoot - AmericaRising2.esp,0E0216D7,001AB5ED,ChemistrySetCan02,MISC,5481.394531,11067.206055,-567.678101,157.5491
LessLoot - AmericaRising2.esp,0E0216AF,001AB5ED,ChemistrySetCan02,MISC,4979.840820,11682.787109,-495.920959,306.7617
LessLoot - AmericaRising2.esp,0E033A97,0E01B1EB,AR_Clothes_Enclave_FatiguesTattered,ARMO,-583.971130,-609.239624,143.485107,57.2964
LessLoot - AmericaRising2.esp,0E033A96,0E01B1ED,AR_Armor_Enclave_CombatArmor_HelmetTattered,ARMO,-583.119751,-531.226685,142.919098,151.8333
LessLoot - AmericaRising2.esp,0E033A95,0E01B1ED,AR_Armor_Enclave_CombatArmor_HelmetTattered,ARMO,-600.892700,-540.114075,142.919098,120.3206
LessLoot - AmericaRising2.esp,0E033A94,0E01B1ED,AR_Armor_Enclave_CombatArmor_HelmetTattered,ARMO,464.777252,-506.461151,120.593750,20.7984
LessLoot - AmericaRising2.esp,0E033A93,0E01B1EB,AR_Clothes_Enclave_FatiguesTattered,ARMO,442.775482,-526.175720,120.593735,335.9931
LessLoot - AmericaRising2.esp,0E01EDBE,FE043002,Loot_Prewar_Medkit_Wall_AR2,CONT,-350.062836,-143.931656,115.233864,180.0000
LessLoot - AmericaRising2.esp,0E01EDA6,00069081,c_Screws_scrap,MISC,1079.181763,677.565430,-125.986214,0.0000
LessLoot - AmericaRising2.esp,0E01ECC0,00052409,Bloodpack,ALCH,179.706406,-845.343506,74.549774,2.7234
LessLoot - AmericaRising2.esp,0E01ECBF,0003377B,Mentats,ALCH,193.361679,-854.217407,128.000015,131.7803
LessLoot - AmericaRising2.esp,0E01ECBD,00023742,RadAway,ALCH,136.188904,-849.994690,100.000015,337.0817
LessLoot - AmericaRising2.esp,0E01ECBC,00023736,Stimpak,ALCH,180.118271,-841.461426,101.796486,97.3542
LessLoot - AmericaRising2.esp,0E01ECBB,00023736,Stimpak,ALCH,184.871399,-844.988770,99.999176,245.4086
LessLoot - AmericaRising2.esp,0E01ECB9,000330F2,SugarBombs,ALCH,869.091064,-738.548523,208.164429,22.9183
LessLoot - AmericaRising2.esp,0E01ECB8,000330F1,PotatoCrisps,ALCH,875.303223,-749.165100,208.164429,148.9690
LessLoot - AmericaRising2.esp,0E01ECB7,000330F1,PotatoCrisps,ALCH,868.440430,-754.854431,208.164429,68.7549
LessLoot - AmericaRising2.esp,0E01ECAB,00023742,RadAway,ALCH,850.933105,255.684875,59.000004,91.6733
LessLoot - AmericaRising2.esp,0E01ECAA,00023742,RadAway,ALCH,856.624084,225.933014,59.000004,296.9748
LessLoot - AmericaRising2.esp,0E01ECA9,000330B4,FancyLadSnackCakes,ALCH,-214.100281,-1094.972778,168.752441,270.1162
LessLoot - AmericaRising2.esp,0E01ECA7,0002FBF7,DandyBoyApples,ALCH,-187.478104,-1100.900879,161.000031,0.0000
LessLoot - AmericaRising2.esp,0E01ECA5,0002FBE4,BlamcoMacAndCheese,ALCH,840.071472,-822.151794,143.906647,269.9775
LessLoot - AmericaRising2.esp,0E01ECA2,0E01ECA1,AR_SalisburySteakStatic,STAT,842.738892,-611.485413,134.408478,108.8620
LessLoot - AmericaRising2.esp,0E01EC9F,000330EE,Cram,ALCH,863.216064,-827.055481,142.000000,0.0000
