source_file,ref_formid,base_formid,base_editorid,base_signature,pos_x,pos_y,pos_z,rot_z
llamaCompanionHeatherv2.esp,3CB249FB,3CA27C79,llamaFHExtTriggerDoorFS,ACTI,-1757.141968,55353.910156,737.601685,28.6479
llamaCompanionHeatherv2.esp,3CA27C7A,3CA27C79,llamaFHExtTriggerDoorFS,ACTI,-1946.639648,55474.023437,737.601685,28.6479
llamaCompanionHeatherv2.esp,3CAC1A79,000457C4,VineHanging03,STAT,-2081.128418,55411.171875,857.997864,68.7550
llamaCompanionHeatherv2.esp,3CAC1A78,0004D322,VineHanging08,STAT,-2108.161621,55481.050781,821.299011,102.1836
llamaCompanionHeatherv2.esp,3CAC1A77,0004D322,VineHanging08,STAT,-2084.373779,55502.714844,732.802368,285.5156
llamaCompanionHeatherv2.esp,3CAC1A6C,00001DFC,CinderBlocks09,STAT,-2195.359863,55604.582031,506.143585,296.9747
llamaCompanionHeatherv2.esp,3CAC1A6B,00048281,MetalBarrel01Fire02_Static,STAT,-2229.552002,55625.011719,464.378296,28.6479
llamaCompanionHeatherv2.esp,3C5BFFB1,000424FD,TerminalWallBroken01,STAT,-1854.854614,55537.898437,640.959900,28.6480
llamaCompanionHeatherv2.esp,3C5A64C1,0015A0A7,OilLampOnHandleUp,STAT,-1801.247314,55492.753906,798.728516,108.8620
llamaCompanionHeatherv2.esp,3C5A64C0,0300160A,BuoyHangHooklLG01,STAT,-1896.338013,55341.257812,841.026306,163.6479
llamaCompanionHeatherv2.esp,3C5A64BF,0300161D,BuoyRopeWall05,STAT,-1823.992798,55459.277344,845.179565,118.6479
llamaCompanionHeatherv2.esp,3C5A64BE,0603DA2F,DLC04_Sign_NukaGalaxy_Interior_Welcome,STAT,-1880.161865,55390.761719,840.456177,296.9747
llamaCompanionHeatherv2.esp,3C5A206D,3C56A52A,llamaFHTugCabin02,STAT,-1952.873047,55469.027344,601.101685,28.6479
llamaCompanionHeatherv2.esp,3CB8A747,3CB751B2,llamaFH03CliffsEdge,CONT,31975.144531,33193.929687,3087.953613,342.8113
llamaCompanionHeatherv2.esp,3CABD619,3CC28773,llamaFHPatioChairExt01,FURN,-2243.836426,55556.824219,511.094269,120.3212
llamaCompanionHeatherv2.esp,3CABD618,3CC28773,llamaFHPatioChairExt01,FURN,-2171.282715,55670.957031,511.110565,114.5916
llamaCompanionHeatherv2.esp,3CC79A0D,0000003B,XMarker,STAT,-10065.120117,50669.683594,1173.570679,0.0000
llamaCompanionHeatherv2.esp,3CC1762A,3CC17629,llamaFHExtTriggerChairs,ACTI,-2205.363525,55609.468750,550.442688,28.6479
llamaCompanionHeatherv2.esp,3CB8EB9B,3CB8EB9A,llamaFHArchTrigger,ACTI,14995.033203,55662.105469,650.927856,342.8113
llamaCompanionHeatherv2.esp,3CB3D8FB,3CB3D8FC,llamaManholeDoor01,DOOR,-12517.346680,50858.195312,1059.717041,0.0000
llamaCompanionHeatherv2.esp,3C5C4408,00000010,MapMarker,STAT,-1503.446167,55466.675781,644.804321,262.5973
llamaCompanionHeatherv2.esp,3C5A64C2,3C167E18,llamaMetalTrapdoor01Exterior,DOOR,-2032.159058,55514.031250,656.068054,118.6482
llamaCompanionHeatherv2.esp,3C6E7B80,000CF446,FishDead03,STAT,-10430.226562,62910.218750,2311.613037,45.0002
llamaCompanionHeatherv2.esp,3C6E7B7F,000CF443,FishDead02,STAT,-10451.253906,62924.703125,2311.613037,135.0001
llamaCompanionHeatherv2.esp,3C6E372E,00101CBE,CatBowlStatic,STAT,-10422.706055,62953.539062,2311.613037,0.0000
llamaCompanionHeatherv2.esp,3C6E372D,3CF24FAF,llamaBunkerCatBowl,STAT,-10438.363281,62953.191406,2311.613037,180.0000
llamaCompanionHeatherv2.esp,3C3EF83D,03002B76,FishDeadMackerel03,STAT,-10236.980469,62610.500000,2391.428711,121.7498
llamaCompanionHeatherv2.esp,3CF4B6A6,3CEE0A72,llamaCat2,NPC_,-10184.387695,62621.562500,2326.662354,268.3269
llamaCompanionHeatherv2.esp,3CEA4D40,00164393,DefaultLightGreenFungus01NS,LIGH,-11049.288086,65433.082031,2517.683350,0.0000
llamaCompanionHeatherv2.esp,3CEA08EC,00001DFD,CinderBlockSingle01,STAT,-11023.335938,65398.039062,2468.541992,296.9747
llamaCompanionHeatherv2.esp,3CEA08EB,00001DFD,CinderBlockSingle01,STAT,-11065.986328,65374.664062,2468.750488,354.2705
llamaCompanionHeatherv2.esp,3CEA08EA,3CEA9191,llamaWildwoodMemorial,ACTI,-11048.221680,65385.039062,2488.799805,148.0058
llamaCompanionHeatherv2.esp,3CF47254,0014E682,CatTableSitting,FURN,-10232.989258,62625.222656,2333.975098,274.0565
llamaCompanionHeatherv2.esp,3C3619F7,00000010,MapMarker,STAT,-11254.315430,62466.941406,2279.065430,62.1889
llamaCompanionHeatherv2.esp,3C31C458,3C31DB3D,llamaRadioTransmitter,ACTI,-14873.358398,59956.437500,2156.560059,0.0000
llamaCompanionHeatherv2.esp,3C257D37,3C2584D1,llamaNPCSmokeIdleMarker,IDLM,-14869.881836,59972.441406,1699.604248,205.3015
llamaCompanionHeatherv2.esp,3C0DF863,3C167E18,llamaMetalTrapdoor01Exterior,DOOR,-10486.575195,62517.835937,2304.000000,0.0000
llamaCompanionHeatherv2.esp,3C00D157,3C00AB33,llamaCompanion,NPC_,-14874.800781,59942.328125,1707.405029,195.5930
llamaCompanionHeatherv2.esp,3C61677D,000B391A,VaultCryoAmbWarm,LIGH,-708.474792,450.504028,-157.681244,315.0000
llamaCompanionHeatherv2.esp,3C909990,000B391A,VaultCryoAmbWarm,LIGH,-1302.839722,874.542603,-208.366180,270.0002
llamaCompanionHeatherv2.esp,3C143BFC,000DC8AA,SubLight02Hanging,STAT,-1047.727661,1068.326782,-121.117149,135.0002
llamaCompanionHeatherv2.esp,3C143BFB,000B391A,VaultCryoAmbWarm,LIGH,-1064.397339,1051.701660,-212.927185,180.0002
llamaCompanionHeatherv2.esp,3C13F7A3,3C13F7A2,llamaFHMapStaticProp,STAT,-1645.351929,989.675354,-290.583527,302.7040
llamaCompanionHeatherv2.esp,3C13F7A1,3C13F79F,llamaFHNoteStaticProp,STAT,-1647.188232,887.324585,-328.665192,266.8943
llamaCompanionHeatherv2.esp,3C13F7A0,3C13F79F,llamaFHNoteStaticProp,STAT,-1559.496948,977.977112,-328.523987,0.0000
llamaCompanionHeatherv2.esp,3C81A67A,3C81A679,llamaFHEntryTrigger,ACTI,-1627.386963,699.400208,-191.854553,179.9999
llamaCompanionHeatherv2.esp,3C065904,00020948,PlayerHouse_Doily01,STAT,-1112.168091,846.048279,-253.371674,225.0002
llamaCompanionHeatherv2.esp,3C065902,00020948,PlayerHouse_Doily01,STAT,-1061.584961,1065.466187,-256.155090,314.1634
llamaCompanionHeatherv2.esp,3C054774,3C054776,llamaFHPotCooking,STAT,-1081.119873,1084.999634,-246.946259,125.0867
llamaCompanionHeatherv2.esp,3C0614A6,3C79A4B2,llamaFHNoodleCupEmpty,STAT,-1068.688843,1065.404663,-253.855591,60.1606
llamaCompanionHeatherv2.esp,3C0614A5,3C79A4B2,llamaFHNoodleCupEmpty,STAT,-1068.747559,1064.941650,-256.317627,60.1606
llamaCompanionHeatherv2.esp,3C789338,3C5BBB49,llamaFHPlate,STAT,-1324.881348,876.335205,-242.141144,224.8881
llamaCompanionHeatherv2.esp,3C79A4C9,3C79A4CA,llamaFHWine,STAT,-1053.942505,1068.392822,-256.530090,50.9705
llamaCompanionHeatherv2.esp,3C5B3272,3C5B326A,llamaFHGlass,STAT,-1290.769897,867.297607,-242.355789,180.0003
llamaCompanionHeatherv2.esp,3C78933A,3C5B326A,llamaFHGlass,STAT,-1325.081177,856.309753,-242.355789,180.0003
llamaCompanionHeatherv2.esp,3C5B3246,3C5BBB49,llamaFHPlate,STAT,-1293.259277,885.600220,-241.775085,213.4289
llamaCompanionHeatherv2.esp,3C59DBCC,3C01CEF7,llamaNpcBedPlayerHouseFH02,FURN,-723.609558,465.201935,-263.789276,135.0002
llamaCompanionHeatherv2.esp,3C77818D,001437FC,NpcStoolStadiumSit01EatNoodles,FURN,-1257.664062,917.877441,-317.454529,234.7863
llamaCompanionHeatherv2.esp,3C77818E,001437FC,NpcStoolStadiumSit01EatNoodles,FURN,-1355.732056,914.017212,-318.325836,121.8680
llamaCompanionHeatherv2.esp,3C5FBC85,3C5BFFB0,llamaFHTerminal,TERM,-1486.496826,966.738220,-328.209839,45.0003
llamaCompanionHeatherv2.esp,3C577452,03001514,BuoyRopeWall01,STAT,-1072.653564,234.779953,-94.059746,45.0001
llamaCompanionHeatherv2.esp,3CB97446,03001921,BuoyHook01,STAT,-1025.852539,184.640457,-106.573067,0.0000
llamaCompanionHeatherv2.esp,3CB97445,0015A0A7,OilLampOnHandleUp,STAT,-1018.028687,193.449417,-155.395142,180.8371
llamaCompanionHeatherv2.esp,3CB97444,000B391A,VaultCryoAmbWarm,LIGH,-1005.758240,239.948547,-158.840881,0.0000
llamaCompanionHeatherv2.esp,3CACA392,000B391A,VaultCryoAmbWarm,LIGH,-1071.652466,777.285156,-219.398056,0.0000
llamaCompanionHeatherv2.esp,3CAA804E,3CAA8046,llamaFHEntrySyringe,MISC,-1718.753174,912.962280,-272.068542,163.7907
llamaCompanionHeatherv2.esp,3CACA38F,0008B214,SkeletonClothedF01,MSTT,-1681.230835,926.480713,-313.042114,91.2536
llamaCompanionHeatherv2.esp,3CAA803E,001A4D42,SkeletonClothedM03,MSTT,-1694.564941,907.864014,-311.853027,78.6907
llamaCompanionHeatherv2.esp,3CAC1A70,0004D320,VineHanging07,STAT,-1918.893433,545.251221,15.538956,287.1888
llamaCompanionHeatherv2.esp,3CAC1A6E,00020E47,VineDecalLarge01NF,STAT,-1860.655762,643.327148,7.851429,45.0007
llamaCompanionHeatherv2.esp,3CAC1A6D,0603DA2B,DLC04_Sign_NukaGalaxy_Interior_Exit,STAT,-1876.738647,484.878601,13.664851,225.0000
llamaCompanionHeatherv2.esp,3CAB91BB,3C8BCB89,llamaFHTableClutter01,STAT,-878.981873,300.204315,-196.418243,314.1635
llamaCompanionHeatherv2.esp,3CAB91B8,3CAB91B7,llamaFHCandleBowl,STAT,-1306.588745,848.532715,-243.485001,314.1635
llamaCompanionHeatherv2.esp,3CAB91B6,3CAB91B5,llamaFHPlantBowl,STAT,-1169.709229,788.749268,-253.442734,34.3775
llamaCompanionHeatherv2.esp,3CAB4D5E,0014C75C,defaultLightWarm01FlickerNS,LIGH,-1616.717163,956.391113,-272.240845,0.0000
llamaCompanionHeatherv2.esp,3CAAC4B4,03010B80,DLC03_AmmoHarpoon,AMMO,-1433.701172,839.681946,-324.353607,33.5792
llamaCompanionHeatherv2.esp,3CAAC4B2,0004D1F4,ScrewDriver01,MISC,-1413.135376,843.741028,-326.601532,85.9437
llamaCompanionHeatherv2.esp,3CAAC4B1,3CAAC4B0,llamaFHToolbox,CONT,-1434.947876,805.657104,-327.057068,233.9496
llamaCompanionHeatherv2.esp,3CAAC4AF,001A0B14,SmithingToolHammer03,MISC,-1424.569946,833.309265,-328.394714,84.2742
llamaCompanionHeatherv2.esp,3CAAC4AD,000DEDE1,BottleEmptyWhiskey01,MISC,-1670.176025,889.835937,-326.603668,34.7985
llamaCompanionHeatherv2.esp,3CAAC4AC,000DEDE1,BottleEmptyWhiskey01,MISC,-1652.793945,959.931030,-324.003265,33.2834
llamaCompanionHeatherv2.esp,3CAAC4AA,3C608993,llamaFHWall01,STAT,-1004.971497,1352.398071,-345.691620,135.0002
llamaCompanionHeatherv2.esp,3CAAC4A9,3C608993,llamaFHWall01,STAT,-842.379517,1166.422607,-326.147461,135.0002
llamaCompanionHeatherv2.esp,3CA3498F,3CA34990,llamaFHSeaside31,ACTI,-1248.905396,995.505371,-200.350555,179.9999
llamaCompanionHeatherv2.esp,3CAA804F,3CAA8046,llamaFHEntrySyringe,MISC,-1635.993652,989.759399,-290.199829,193.9839
llamaCompanionHeatherv2.esp,3CAA804B,3CAA8046,llamaFHEntrySyringe,MISC,-1654.009277,897.601868,-327.587311,292.1106
llamaCompanionHeatherv2.esp,3CAA8045,3CAA803F,llamaFHEntryHolotape,MISC,-1533.140991,772.424683,-328.167358,211.8798
llamaCompanionHeatherv2.esp,3CAA8044,3CAA803F,llamaFHEntryHolotape,MISC,-1712.577271,948.276367,-271.031006,194.4384
llamaCompanionHeatherv2.esp,3CAA8043,3CAA803F,llamaFHEntryHolotape,MISC,-1629.440552,1001.771973,-290.570465,45.0459
llamaCompanionHeatherv2.esp,3CAA8042,3CAA803F,llamaFHEntryHolotape,MISC,-1651.864624,996.905884,-288.869720,1.5477
llamaCompanionHeatherv2.esp,3CAA8041,3CAA803F,llamaFHEntryHolotape,MISC,-1639.486084,912.275269,-328.187134,357.9930
llamaCompanionHeatherv2.esp,3CAA8040,3CAA803F,llamaFHEntryHolotape,MISC,-1535.968140,957.565430,-327.155273,359.9638
llamaCompanionHeatherv2.esp,3CAA803D,06043A5A,DLC04WW_HayBale01,STAT,-1701.998413,924.638733,-297.644348,0.0000
llamaCompanionHeatherv2.esp,3CAA3BEB,3C561C6C,llamaBunkerGnome01,STAT,-1638.249146,1015.403381,-289.637482,165.1945
llamaCompanionHeatherv2.esp,3CAA3BEA,000A8AB1,PlasticPumpkin,MISC,-1682.699463,977.329956,-328.206909,254.7884
llamaCompanionHeatherv2.esp,3CAA3BE9,06043A5A,DLC04WW_HayBale01,STAT,-1632.395508,1009.667114,-329.078522,342.8113
llamaCompanionHeatherv2.esp,3CAA3BE8,000A8AB1,PlasticPumpkin,MISC,-1654.647461,997.421143,-290.250671,353.4785
llamaCompanionHeatherv2.esp,3CAA3BE4,00000003,NorthMarker,STAT,-2124.086426,799.622192,17.927673,315.0003
llamaCompanionHeatherv2.esp,3CAA3BE3,0002F672,NatParWall01,STAT,-1610.414917,1101.036865,-312.209839,135.0002
llamaCompanionHeatherv2.esp,3CAA3BE2,0002F672,NatParWall01,STAT,-1986.445557,560.218262,-184.209839,45.0003
llamaCompanionHeatherv2.esp,3CAA3BE0,0002496C,NatSmHallEndCap01,STAT,-1881.946167,478.783813,-200.209839,225.0002
llamaCompanionHeatherv2.esp,3CAA3BDE,00064827,MistGround01,MSTT,-1967.727783,419.858582,-209.537430,225.0002
llamaCompanionHeatherv2.esp,3CAA3BDD,0002496C,NatSmHallEndCap01,STAT,-1706.581787,1016.184326,-328.209839,315.0002
llamaCompanionHeatherv2.esp,3CAA3BDB,0002A131,NatSmHall1wayStairs01,STAT,-1706.583008,654.145691,-328.209839,225.0002
llamaCompanionHeatherv2.esp,3CA67F68,0018055A,DN131_SwanBoat05,STAT,-749.360229,340.797882,-199.822647,0.0004
llamaCompanionHeatherv2.esp,3CA67F67,001BE3CB,BlastedForestLeafPile03,STAT,-1723.552734,908.704163,-328.209839,0.0003
llamaCompanionHeatherv2.esp,3CA67F66,001BCE57,BlastedForestLeafPile02,STAT,-1607.436768,946.132446,-328.209839,90.0002
llamaCompanionHeatherv2.esp,3CA67F65,001BCE57,BlastedForestLeafPile02,STAT,-1706.974731,882.452332,-328.209839,90.0002
llamaCompanionHeatherv2.esp,3CA3D248,00000021,CollisionMarker,STAT,-1131.342041,867.218018,-227.572571,315.0003
llamaCompanionHeatherv2.esp,3CA3D247,00000021,CollisionMarker,STAT,-1016.993896,980.248718,-227.572571,315.0003
llamaCompanionHeatherv2.esp,3CA1F3D5,3CA1F3D6,llamaFHSecretSafe,CONT,-855.269836,282.807159,-145.426208,135.0003
llamaCompanionHeatherv2.esp,3C57740B,03001515,BuoyWallClusterLG01,STAT,-566.086914,615.802429,-94.303055,315.0003
llamaCompanionHeatherv2.esp,3C9B4708,0007BEDB,DinerIntTable01,STAT,-1148.632446,815.237976,-321.008118,315.0000
llamaCompanionHeatherv2.esp,3C93012A,3C5BBB4C,llamaFHFolder,STAT,-1139.806396,818.430908,-253.301956,225.0003
llamaCompanionHeatherv2.esp,3C91AB2C,00049442,HitExtAWindowC01IntWin,STAT,-836.222290,827.843567,-257.653442,225.0000
llamaCompanionHeatherv2.esp,3C91AB2B,00049442,HitExtAWindowC01IntWin,STAT,-923.968933,914.010864,-259.475281,225.0000
llamaCompanionHeatherv2.esp,3C912270,3C90DDE6,llamaFHLifePreserver,STAT,-928.044250,910.084045,-193.481049,225.0002
llamaCompanionHeatherv2.esp,3C90DE1B,3C909988,llamaFHSignLobsterCongaLine,STAT,-1288.502075,1167.412720,-195.265396,135.0000
llamaCompanionHeatherv2.esp,3C90DDE5,3C90DDE6,llamaFHLifePreserver,STAT,-842.065796,824.374939,-192.021057,315.0000
llamaCompanionHeatherv2.esp,3C90998F,3C90998E,llamaFHSignWhalesDontFeed,STAT,-1165.176392,824.538696,-199.644119,315.0000
llamaCompanionHeatherv2.esp,3C8FCC79,000C4387,Bell_Wall,ACTI,-1208.303345,785.831543,-190.763489,225.0002
llamaCompanionHeatherv2.esp,3C8FCC78,0011DA0C,Crane_Hook_01,STAT,-1140.684814,879.638428,-115.566650,315.7105
llamaCompanionHeatherv2.esp,3C8FCC77,03001921,BuoyHook01,STAT,-1140.293579,646.641235,-193.763290,0.0000
llamaCompanionHeatherv2.esp,3C8FCC76,03001921,BuoyHook01,STAT,-1094.015869,599.322144,-193.763290,0.0000
llamaCompanionHeatherv2.esp,3C8FCC75,03001610,BuoyHangLg02,STAT,-1124.182251,673.089417,-167.500839,22.9183
llamaCompanionHeatherv2.esp,3C8FCC74,03001613,BuoyHangMed01,STAT,-1053.174683,603.770203,-166.596710,0.0000
llamaCompanionHeatherv2.esp,3C8FCC73,0300160D,BuoyHangSm01,STAT,-1088.490112,635.846741,-164.914337,40.1070
llamaCompanionHeatherv2.esp,3C8FCC70,03001921,BuoyHook01,STAT,-1131.219360,665.780945,-164.457458,0.0000
llamaCompanionHeatherv2.esp,3C8FCC6F,03001921,BuoyHook01,STAT,-1095.677979,628.978271,-162.254379,0.0000
llamaCompanionHeatherv2.esp,3C8FCC6E,03001921,BuoyHook01,STAT,-1061.764038,594.879639,-164.303940,0.0000
llamaCompanionHeatherv2.esp,3C880ED9,0002B77E,MistLargeRound01,MSTT,-1820.177856,528.208679,-58.639851,315.0002
llamaCompanionHeatherv2.esp,3C8674B7,000DC8AA,SubLight02Hanging,STAT,-584.623108,832.087036,-73.031868,133.3271
llamaCompanionHeatherv2.esp,3C856362,00021F2F,BldMurStarSmCeilOnly01,STAT,-1038.629883,109.720062,-301.674561,135.0002
llamaCompanionHeatherv2.esp,3C827387,00141E6F,PlayerHouse_ShowerFX,MSTT,-512.945923,738.712219,-262.094086,315.0004
llamaCompanionHeatherv2.esp,3C81A680,0015A0A7,OilLampOnHandleUp,STAT,-1604.211060,1009.049194,-290.787567,191.4595
llamaCompanionHeatherv2.esp,3C79E92B,000BAD57,NpcStoolStadiumSit01Static,STAT,-1277.527832,826.214111,-321.154602,17.1887
llamaCompanionHeatherv2.esp,3C79A4CE,000BAD57,NpcStoolStadiumSit01Static,STAT,-1255.497314,800.625366,-321.154602,17.1887
llamaCompanionHeatherv2.esp,3C796058,3C791BEA,llamaDishrag,STAT,-1114.688110,1144.235718,-257.980133,262.5973
llamaCompanionHeatherv2.esp,3C789337,0007D630,DinerIntTableSquare01,STAT,-1305.860474,869.277710,-320.376038,315.0000
llamaCompanionHeatherv2.esp,3C57745D,3C5AEDDA,llamaFHCooler,CONT,-1026.947998,1026.600708,-257.171143,343.6481
llamaCompanionHeatherv2.esp,3C577437,3C5BBB49,llamaFHPlate,STAT,-1015.738403,1049.585571,-186.945251,42.7337
llamaCompanionHeatherv2.esp,3C77C5F2,00024572,NPCInvWallLean01,FURN,-650.805420,614.568420,-258.227112,225.7104
llamaCompanionHeatherv2.esp,3C778190,03001921,BuoyHook01,STAT,-1124.581543,871.244507,-166.345993,179.9999
llamaCompanionHeatherv2.esp,3C77818F,000DC8AA,SubLight02Hanging,STAT,-1146.643921,1091.695312,-106.459267,135.0002
llamaCompanionHeatherv2.esp,3C77818A,3C5B324E,llamaFHCoffeePot,STAT,-1032.488770,1050.198242,-219.684860,127.7273
llamaCompanionHeatherv2.esp,3C778189,00024572,NPCInvWallLean01,FURN,-895.974487,857.262390,-313.832092,225.0003
llamaCompanionHeatherv2.esp,3C773D33,3C773D34,llamaFHKitchenClutter01,STAT,-1039.109497,1075.930542,-256.912781,228.2202
llamaCompanionHeatherv2.esp,3C773D2F,3C755CA1,llamaFHCoffeeTin,STAT,-1020.037231,1056.272583,-256.119019,319.8935
llamaCompanionHeatherv2.esp,3C75A0FE,00143AD1,RadioDiamondCityReceiverOff,ACTI,-1278.681763,1176.909180,-195.796539,318.9300
llamaCompanionHeatherv2.esp,3C655900,3C8FCC7A,llamaFHFishingRod,STAT,-1169.017700,688.891602,-196.976959,224.9184
llamaCompanionHeatherv2.esp,3C651494,000B391A,VaultCryoAmbWarm,LIGH,-584.275391,832.188538,-134.493134,45.0002
llamaCompanionHeatherv2.esp,3C648BE1,0015A0A7,OilLampOnHandleUp,STAT,-709.744202,447.663452,-135.189713,135.0004
llamaCompanionHeatherv2.esp,3C648BDF,3C64475A,llamaFHToiletPaper,STAT,-624.448364,616.901489,-212.953430,225.0004
llamaCompanionHeatherv2.esp,3C644755,3CAB91B9,llamaFHPlantBasket,STAT,-617.460510,516.805847,-264.209839,285.5157
llamaCompanionHeatherv2.esp,3C644743,001BCE57,BlastedForestLeafPile02,STAT,-1621.729004,999.213501,-328.209839,90.0004
llamaCompanionHeatherv2.esp,3C644742,001BCE57,BlastedForestLeafPile02,STAT,-1508.592896,716.370361,-328.209839,90.0002
llamaCompanionHeatherv2.esp,3C644741,001BE3CB,BlastedForestLeafPile03,STAT,-1505.330078,970.881714,-328.209839,135.0002
llamaCompanionHeatherv2.esp,3C64473F,001BE3CB,BlastedForestLeafPile03,STAT,-1599.102417,750.311768,-328.209839,135.0002
llamaCompanionHeatherv2.esp,3C64473E,001BCE57,BlastedForestLeafPile02,STAT,-1428.312744,877.076172,-328.209839,0.0002
llamaCompanionHeatherv2.esp,3C64473D,00020E47,VineDecalLarge01NF,STAT,-1893.280518,478.996552,42.552689,315.0006
llamaCompanionHeatherv2.esp,3C64473C,00020E41,VineDecalCorner01NF,STAT,-1945.987549,533.193909,11.261841,135.0001
llamaCompanionHeatherv2.esp,3C644739,00001B57,DecalDebris02,STAT,-1900.720459,627.060364,-198.520096,343.6475
llamaCompanionHeatherv2.esp,3C644735,001CCDA2,BlastedForestBurntBranchPile02,STAT,-1892.373657,561.261353,-197.207565,263.4335
llamaCompanionHeatherv2.esp,3C644734,001BCE57,BlastedForestLeafPile02,STAT,-1772.345215,458.225647,-201.055527,34.3776
llamaCompanionHeatherv2.esp,3C644733,001BE3CB,BlastedForestLeafPile03,STAT,-1853.877686,485.094910,-200.573807,315.0002
llamaCompanionHeatherv2.esp,3C644732,001BCE57,BlastedForestLeafPile02,STAT,-1901.828857,565.032166,-200.573807,263.4336
llamaCompanionHeatherv2.esp,3C644730,001CCDA2,BlastedForestBurntBranchPile02,STAT,-1801.179810,474.400940,-197.618759,132.6165
llamaCompanionHeatherv2.esp,3C64472E,001A97CF,GrassMoundFull01_BlastedForest_Grass,STAT,-1513.872070,734.552917,-327.655457,359.0371
llamaCompanionHeatherv2.esp,3C63BE7F,0009192C,PlayerHouse_Ruin_BathroomSoapTray01,STAT,-1100.089966,1159.458374,-236.766068,45.0003
llamaCompanionHeatherv2.esp,3C63BE7E,00091929,PlayerHouse_Ruin_BathroomHook01,STAT,-1071.213501,1129.788330,-192.473984,45.0003
llamaCompanionHeatherv2.esp,3C62F125,3C608993,llamaFHWall01,STAT,-719.684753,825.254883,-75.531708,135.0003
llamaCompanionHeatherv2.esp,3C62F124,3C608993,llamaFHWall01,STAT,-900.705017,644.236450,-75.531708,135.0003
llamaCompanionHeatherv2.esp,3C62ACCE,03001921,BuoyHook01,STAT,-706.564148,444.802155,-80.000000,135.0004
llamaCompanionHeatherv2.esp,3C62ACCC,000DC8AA,SubLight02Hanging,STAT,-1314.652344,859.416992,-104.565186,225.0002
llamaCompanionHeatherv2.esp,3C6223F2,00000021,CollisionMarker,STAT,-1026.740845,1027.558594,-254.921646,45.0002
llamaCompanionHeatherv2.esp,3C6223F1,00000021,CollisionMarker,STAT,-1065.872070,1079.702148,-254.921646,45.0002
llamaCompanionHeatherv2.esp,3C6223F0,00000021,CollisionMarker,STAT,-1146.819214,1163.301147,-254.921646,45.0002
llamaCompanionHeatherv2.esp,3C61DF7D,001A4AA4,PlayerHouse_Ruin_KitchenSink01Activator,ACTI,-1118.839966,1116.273804,-334.444336,45.0002
llamaCompanionHeatherv2.esp,3C615688,000A729D,USSConstINTFloor01,STAT,-1140.436279,811.591614,-337.154602,135.0003
llamaCompanionHeatherv2.esp,3C615687,000A729D,USSConstINTFloor01,STAT,-959.416138,992.610474,-337.154602,135.0003
llamaCompanionHeatherv2.esp,3C615686,000A729D,USSConstINTFloor01,STAT,-1140.434326,1173.630249,-337.154602,315.0003
llamaCompanionHeatherv2.esp,3C615685,000A729D,USSConstINTFloor01,STAT,-1321.454468,992.611572,-337.154602,315.0003
llamaCompanionHeatherv2.esp,3C604542,030024AF,FishNetHanging01,STAT,-1209.235352,823.454956,-177.109909,221.6541
llamaCompanionHeatherv2.esp,3C604541,0300161E,BuoyRopeWall03,STAT,-1202.122314,818.435059,-104.403435,310.8171
llamaCompanionHeatherv2.esp,3C5FBC8D,3C608993,llamaFHWall01,STAT,-1635.435425,549.471985,22.106207,179.9999
llamaCompanionHeatherv2.esp,3C5FBC8C,0002F676,NatSmRmMidFloor01,STAT,-1343.446411,649.353577,-327.651367,225.0003
llamaCompanionHeatherv2.esp,3C5FBC88,000A729D,USSConstINTFloor01,STAT,-1178.279541,446.062775,-285.769196,135.0003
llamaCompanionHeatherv2.esp,3C5FBC83,0603DA2F,DLC04_Sign_NukaGalaxy_Interior_Welcome,STAT,-1441.529541,919.490967,-119.614494,45.0003
llamaCompanionHeatherv2.esp,3C5FBC7D,0002496A,NatSmHall3way01,STAT,-1525.562988,835.164368,-328.209839,135.0002
llamaCompanionHeatherv2.esp,3C5FBC73,3C608993,llamaFHWall01,STAT,-991.668640,494.542328,-249.426208,135.0003
llamaCompanionHeatherv2.esp,3C5FBC72,3C608993,llamaFHWall01,STAT,-1170.921875,315.583466,-249.426208,45.0003
llamaCompanionHeatherv2.esp,3C5FBC71,3C608993,llamaFHWall01,STAT,-806.964417,318.911102,-249.426208,135.0003
llamaCompanionHeatherv2.esp,3C5FBC70,3C608993,llamaFHWall01,STAT,-406.561707,763.626282,-249.426208,225.0003
llamaCompanionHeatherv2.esp,3C5FBC6F,3C608993,llamaFHWall01,STAT,-591.275208,580.179688,-249.426208,315.0003
llamaCompanionHeatherv2.esp,3C5F780C,3C608993,llamaFHWall01,STAT,-1296.346069,1366.359009,-326.797302,45.0002
llamaCompanionHeatherv2.esp,3C5F7804,3C608993,llamaFHWall01,STAT,-1321.915039,1174.574829,-328.209839,315.0003
llamaCompanionHeatherv2.esp,3C5C440D,3C5D99AB,llamaSMBathroomSpotDrip,SOUN,-474.202698,773.038269,-267.587830,0.0000
llamaCompanionHeatherv2.esp,3C5C440A,3CA30527,llamaFHSecretFan,CONT,-588.173462,654.806763,-70.790688,180.0000
llamaCompanionHeatherv2.esp,3C5C4409,000A1395,IndustrialFanSmall,STAT,-1180.011475,1242.875000,-152.455536,225.0004
llamaCompanionHeatherv2.esp,3C5BFFAB,06029FE4,BasketMarket04,STAT,-1205.085571,1219.336670,-321.605408,302.7043
llamaCompanionHeatherv2.esp,3C5BFFA3,3C608993,llamaFHWall01,STAT,-1115.327637,1185.338989,-326.797302,45.0002
llamaCompanionHeatherv2.esp,3C5BFFA1,3C608993,llamaFHWall01,STAT,-1163.525024,654.143677,-311.854553,225.0002
llamaCompanionHeatherv2.esp,3C5BBB48,00000021,CollisionMarker,STAT,-601.658508,335.341980,-163.698853,315.0004
llamaCompanionHeatherv2.esp,3C5BBB47,00000021,CollisionMarker,STAT,-545.039978,488.745850,-163.698853,253.6483
llamaCompanionHeatherv2.esp,3C5BBB46,00000021,CollisionMarker,STAT,-783.465149,288.239929,-163.698853,207.8116
llamaCompanionHeatherv2.esp,3C5BBB45,00000021,CollisionMarker,STAT,-606.642090,598.628906,-163.698853,225.0003
llamaCompanionHeatherv2.esp,3C5BBB44,00000021,CollisionMarker,STAT,-842.359253,337.132446,-163.698853,225.0003
llamaCompanionHeatherv2.esp,3C5BBB42,00000021,CollisionMarker,STAT,-1098.760132,607.983154,-227.572571,45.0002
llamaCompanionHeatherv2.esp,3C5BBB41,00000021,CollisionMarker,STAT,-866.786133,856.179443,-227.572571,45.0002
llamaCompanionHeatherv2.esp,3C5BBB40,00000021,CollisionMarker,STAT,-1181.502197,815.224243,-241.154602,135.0002
llamaCompanionHeatherv2.esp,3C5B76EF,00000021,CollisionMarker,STAT,-877.443298,624.481384,-280.774414,135.0003
llamaCompanionHeatherv2.esp,3C5B76EE,00000021,CollisionMarker,STAT,-893.373169,646.039856,-295.909821,135.0003
llamaCompanionHeatherv2.esp,3C5B76ED,00000021,CollisionMarker,STAT,-915.157471,661.416687,-310.802185,135.0003
llamaCompanionHeatherv2.esp,3C5B76EC,001C501B,ShackMidFloor01B,STAT,-855.452576,785.832336,-346.185944,50.1893
llamaCompanionHeatherv2.esp,3C5B76EB,00000021,CollisionMarker,STAT,-935.162598,679.729675,-326.379852,135.0003
llamaCompanionHeatherv2.esp,3C5B3287,001C337B,LobsterFloat01_Static,STAT,-999.105286,953.967041,-286.523682,0.0000
llamaCompanionHeatherv2.esp,3C5B3284,03001614,BuoyHangMed02,STAT,-996.703796,964.721252,-251.415497,245.4086
llamaCompanionHeatherv2.esp,3C5B3283,0300160F,BuoyHangLg01,STAT,-1016.124695,967.160889,-246.165970,262.1579
llamaCompanionHeatherv2.esp,3C5B3282,03001612,BuoyHangLg04,STAT,-1018.670654,954.231079,-267.220612,243.5783
llamaCompanionHeatherv2.esp,3C5B3276,000C9A86,PrewarBookStackSm04,STAT,-625.449280,431.862488,-200.321671,90.0000
llamaCompanionHeatherv2.esp,3C5B3274,001BCFA8,BoatModel01,STAT,-660.293884,408.260590,-184.893127,135.0001
llamaCompanionHeatherv2.esp,3C5B3270,3C5B326A,llamaFHGlass,STAT,-1054.001709,1076.417480,-191.962997,0.0000
llamaCompanionHeatherv2.esp,3C5B326F,3C5B326A,llamaFHGlass,STAT,-1046.765137,1083.996338,-191.962997,0.0000
llamaCompanionHeatherv2.esp,3C5B326E,3C5B326A,llamaFHGlass,STAT,-555.099121,882.962219,-164.885727,0.0003
llamaCompanionHeatherv2.esp,3C5B3269,00027EB6,PlayerHouse_Rug05,STAT,-1017.332764,756.121582,-320.104858,222.4903
llamaCompanionHeatherv2.esp,3C5B3268,00027EB6,PlayerHouse_Rug05,STAT,-999.732178,297.871887,-264.007385,296.9747
llamaCompanionHeatherv2.esp,3C5B3267,3C5B325B,llamaFHRug02,STAT,-784.313232,498.762421,-264.321014,45.7104
llamaCompanionHeatherv2.esp,3C5B3265,000A0F1D,Rowboat01,STAT,-1102.510498,621.622803,-191.044144,270.0000
llamaCompanionHeatherv2.esp,3C5B3261,3C5B325F,llamaFHBreadBox,CONT,-1143.718506,1171.629761,-256.992767,40.1064
llamaCompanionHeatherv2.esp,3C5B325C,00020948,PlayerHouse_Doily01,STAT,-1149.104614,1165.442261,-256.155090,314.1634
llamaCompanionHeatherv2.esp,3C5B3256,06029FE6,BasketMarket06,STAT,-731.295898,760.050659,-263.873322,134.1635
llamaCompanionHeatherv2.esp,3C5B3255,06029FE5,BasketMarket05,STAT,-1004.033813,961.514954,-321.022522,314.1635
llamaCompanionHeatherv2.esp,3C5B3254,06029FE4,BasketMarket04,STAT,-592.626709,900.535828,-263.917297,302.7043
llamaCompanionHeatherv2.esp,3C5B324A,3C57B8C8,llamaFHCuttingBoard,STAT,-1000.425232,1031.954712,-242.222214,103.9618
llamaCompanionHeatherv2.esp,3C5B3243,00020948,PlayerHouse_Doily01,STAT,-1170.066406,789.132507,-252.889008,225.0002
llamaCompanionHeatherv2.esp,3C5B3240,00140D99,Pen01,MISC,-1131.738403,817.917908,-252.651199,342.8113
llamaCompanionHeatherv2.esp,3C5B323E,00165026,OfficePaperDebrisSinglePg03,STAT,-1110.937256,845.103516,-252.489838,319.8931
llamaCompanionHeatherv2.esp,3C5B323B,001A8B42,PlayerHouse_Ruin_Calendar01,STAT,-1140.137939,830.221008,-252.897766,269.9576
llamaCompanionHeatherv2.esp,3C5B323A,3C5BBB4B,llamaFHClipboard,STAT,-1110.940552,846.194519,-253.119186,320.7255
llamaCompanionHeatherv2.esp,3C5B3239,3C5BBB4C,llamaFHFolder,STAT,-1154.847412,800.045715,-252.869995,214.9734
llamaCompanionHeatherv2.esp,3C5AEDDE,0005DC70,PlayerHouse_Ruin_Kitchen_Cabinet03_Blue,STAT,-1076.604492,1130.656982,-143.941162,45.0002
llamaCompanionHeatherv2.esp,3C5AA986,000A729E,USSConstINTFloor02,STAT,-959.417603,630.570984,-337.154602,135.0003
llamaCompanionHeatherv2.esp,3C5AA984,000A729E,USSConstINTFloor02,STAT,-778.397400,811.589844,-337.154602,135.0003
llamaCompanionHeatherv2.esp,3C5AA983,000A729E,USSConstINTFloor02,STAT,-934.606567,11.545900,-280.140137,135.0003
llamaCompanionHeatherv2.esp,3C5AA982,000A729D,USSConstINTFloor01,STAT,-1115.625122,192.566132,-280.140137,135.0003
llamaCompanionHeatherv2.esp,3C5AA981,000A729E,USSConstINTFloor02,STAT,-753.586487,192.564331,-280.140137,135.0003
llamaCompanionHeatherv2.esp,3C5AA980,000A729D,USSConstINTFloor01,STAT,-934.604919,373.584595,-280.140137,135.0003
llamaCompanionHeatherv2.esp,3C5AA97B,000A729D,USSConstINTFloor01,STAT,-753.584717,554.603027,-280.140137,135.0003
llamaCompanionHeatherv2.esp,3C5AA97A,000A729E,USSConstINTFloor02,STAT,-572.566284,373.582825,-280.140137,135.0003
llamaCompanionHeatherv2.esp,3C5AA979,000A729E,USSConstINTFloor02,STAT,-586.844116,758.649170,-280.140137,135.0003
llamaCompanionHeatherv2.esp,3C5AA96D,0004D1CD,PlayerHouse_Rug01,STAT,-592.034180,825.028015,-264.174866,45.0003
llamaCompanionHeatherv2.esp,3C5AA968,000C9A85,PrewarBookStackSm03,STAT,-690.620422,368.351288,-196.440277,89.9998
llamaCompanionHeatherv2.esp,3C5AA964,3C5BFF9E,llamaFHDresser02,CONT,-881.865295,299.105621,-264.788361,135.0003
llamaCompanionHeatherv2.esp,3C5AA95A,03001513,BuoyWallClusterSm02,STAT,-1259.136108,1215.042847,-135.455948,135.0003
llamaCompanionHeatherv2.esp,3C5AA959,0300191F,BuoyWallClusterMed02,STAT,-1339.420166,1132.087402,-127.713303,135.0003
llamaCompanionHeatherv2.esp,3C5AA953,00097635,workshop_PictureFrame07A,STAT,-498.465271,844.320068,-125.990395,45.0003
llamaCompanionHeatherv2.esp,3C5AA951,0009762F,workshop_PictureFrame04A,STAT,-1337.729004,839.897522,-200.209839,225.0003
llamaCompanionHeatherv2.esp,3C5AA950,3C5B3248,llamaFHMug,STAT,-1012.944153,1034.377197,-207.741272,170.3304
llamaCompanionHeatherv2.esp,3C5AA94C,0009192A,PlayerHouse_Ruin_BathroomHook02,STAT,-508.376221,675.188904,-163.699982,135.0003
llamaCompanionHeatherv2.esp,3C5AA94B,00091925,PlayerHouse_Ruin_BathroomRackNewspaper01,STAT,-632.416992,623.631226,-167.063950,225.0003
llamaCompanionHeatherv2.esp,3C5AA94A,0009192A,PlayerHouse_Ruin_BathroomHook02,STAT,-521.710815,661.023254,-163.699982,135.0003
llamaCompanionHeatherv2.esp,3C5AA949,00091929,PlayerHouse_Ruin_BathroomHook01,STAT,-500.451263,845.084839,-160.953949,45.0003
llamaCompanionHeatherv2.esp,3C5AA946,0009192C,PlayerHouse_Ruin_BathroomSoapTray01,STAT,-433.232697,771.807373,-149.880508,45.0003
llamaCompanionHeatherv2.esp,3C5AA945,00091932,PlayerHouse_Ruin_Toilet01,STAT,-591.749756,638.440125,-264.321442,135.0003
llamaCompanionHeatherv2.esp,3C5AA944,3C633580,llamaFHBathroomMirror00,CONT,-534.546143,882.135742,-130.774902,43.5679
llamaCompanionHeatherv2.esp,3C5AA941,3C5AA943,llamaFHBRCabinet,CONT,-553.332275,862.348083,-266.243744,45.0003
llamaCompanionHeatherv2.esp,3C5AA93C,3C5AA93E,llamaFHSinkDiscolored,STAT,-541.375610,874.959961,-245.525101,43.5679
llamaCompanionHeatherv2.esp,3C5AA93A,00091933,PlayerHouse_Ruin_Shower01,STAT,-510.803772,740.576904,-258.267853,315.0003
llamaCompanionHeatherv2.esp,3C5AA937,00097639,workshop_PictureFrameRect04A,STAT,-1064.434326,409.604248,-134.240891,315.0003
llamaCompanionHeatherv2.esp,3C5AA935,0009762E,workshop_PictureFrame01A,STAT,-687.515930,830.893921,-139.928223,315.0002
llamaCompanionHeatherv2.esp,3C5AA933,0300160A,BuoyHangHooklLG01,STAT,-587.506531,897.252319,-72.768143,315.0004
llamaCompanionHeatherv2.esp,3C5AA932,0015A0A7,OilLampOnHandleUp,STAT,-1117.233398,862.836670,-214.936600,314.1634
llamaCompanionHeatherv2.esp,3C5AA931,3C5BFF9D,llamaFHDresser02Bedside,CONT,-750.510620,341.142761,-263.843964,135.0002
llamaCompanionHeatherv2.esp,3C5AA92A,3C619B2A,llamaFHKitchenCabinet,STAT,-1118.839966,1116.273804,-334.444336,45.0002
llamaCompanionHeatherv2.esp,3C5AA923,3C608993,llamaFHWall01,STAT,-842.379517,1166.422607,-326.147461,135.0002
llamaCompanionHeatherv2.esp,3C5AA91B,3C60453B,llamaFHWallExSm01,STAT,-1344.543701,835.163696,-328.209839,225.0002
llamaCompanionHeatherv2.esp,3C5AA91A,3C608993,llamaFHWall01,STAT,-1502.935059,993.556213,-328.209839,315.0002
llamaCompanionHeatherv2.esp,3C59DC15,3C5AA942,llamaFHWetBar,CONT,-1048.872925,392.634552,-264.788361,315.0003
llamaCompanionHeatherv2.esp,3C59DC0C,000B391A,VaultCryoAmbWarm,LIGH,-1146.518921,1092.654419,-212.927185,45.0003
llamaCompanionHeatherv2.esp,3C59DC09,030024AF,FishNetHanging01,STAT,-1299.067383,1175.407837,-177.335678,45.0005
llamaCompanionHeatherv2.esp,3C59DC06,03003697,Barn_Shelf01,STAT,-1283.117310,1155.625977,-205.078003,45.0005
llamaCompanionHeatherv2.esp,3C59DC02,03003A00,Barn_Shelf_FishLattice01,STAT,-1283.157959,1158.778564,-204.744614,45.0005
llamaCompanionHeatherv2.esp,3C59DC01,3C5B3248,llamaFHMug,STAT,-1265.405396,1185.187012,-210.123703,45.0663
llamaCompanionHeatherv2.esp,3C59DC00,3C5B3248,llamaFHMug,STAT,-1276.307373,1174.146484,-210.123703,45.0663
llamaCompanionHeatherv2.esp,3C59DBFF,3C5B3248,llamaFHMug,STAT,-1286.245850,1165.356445,-210.123703,45.0663
llamaCompanionHeatherv2.esp,3C59DBFE,3C5B3248,llamaFHMug,STAT,-1295.453857,1156.237061,-210.123703,45.0663
llamaCompanionHeatherv2.esp,3C59DBFD,3C5B3248,llamaFHMug,STAT,-1307.096191,1144.957764,-210.123703,45.0663
llamaCompanionHeatherv2.esp,3C59DBE9,00013464,CapsuleIntPartitionFlat01,STAT,-521.255615,650.841492,-246.308273,135.0003
llamaCompanionHeatherv2.esp,3C59DBE2,03003697,Barn_Shelf01,STAT,-1038.579712,1053.727905,-198.826355,135.0002
llamaCompanionHeatherv2.esp,3C59DBE1,03003A00,Barn_Shelf_FishLattice01,STAT,-1039.822266,1051.428833,-202.362167,135.0002
llamaCompanionHeatherv2.esp,3C59DBD1,0300160A,BuoyHangHooklLG01,STAT,-697.393066,334.315765,-78.827362,41.4006
llamaCompanionHeatherv2.esp,3C59DBD0,03001514,BuoyRopeWall01,STAT,-637.597046,348.802338,-74.533119,320.7298
llamaCompanionHeatherv2.esp,3C59DBCF,0300161E,BuoyRopeWall03,STAT,-577.699890,437.160767,-63.392815,274.8934
llamaCompanionHeatherv2.esp,3C59DBCE,030024AF,FishNetHanging01,STAT,-679.987549,324.136871,-160.355850,265.8174
llamaCompanionHeatherv2.esp,3C59DBCD,030024AF,FishNetHanging01,STAT,-576.879517,424.641449,-164.892487,8.9496
llamaCompanionHeatherv2.esp,3C59DBCB,00013464,CapsuleIntPartitionFlat01,STAT,-527.039673,469.155243,-246.308273,242.8991
llamaCompanionHeatherv2.esp,3C59DBCA,00013464,CapsuleIntPartitionFlat01,STAT,-524.024414,403.698547,-246.308273,265.8174
llamaCompanionHeatherv2.esp,3C59DBC9,00013464,CapsuleIntPartitionFlat01,STAT,-551.596680,343.353485,-246.308273,294.4652
llamaCompanionHeatherv2.esp,3C59DBC8,00013464,CapsuleIntPartitionFlat01,STAT,-597.297363,294.473236,-246.308273,311.6539
llamaCompanionHeatherv2.esp,3C59DBC7,00013464,CapsuleIntPartitionFlat01,STAT,-657.814270,268.417816,-246.308273,334.5721
llamaCompanionHeatherv2.esp,3C59DBC6,00013464,CapsuleIntPartitionFlat01,STAT,-723.487793,272.785370,-246.308273,3.2200
llamaCompanionHeatherv2.esp,3C59DBC5,00013464,CapsuleIntPartitionFlat01,STAT,-786.240051,297.861664,-246.308273,20.4087
llamaCompanionHeatherv2.esp,3C59DBC4,001BEAF0,PlayerHouse_Ruin_ShowerCurtain01,STAT,-740.213135,302.795197,-79.086052,18.0258
llamaCompanionHeatherv2.esp,3C59DBC3,001BEAF0,PlayerHouse_Ruin_ShowerCurtain01,STAT,-687.028687,284.372040,-79.086052,0.8370
llamaCompanionHeatherv2.esp,3C59DBC2,001BEAF0,PlayerHouse_Ruin_ShowerCurtain01,STAT,-631.993713,294.829010,-79.086052,332.1892
llamaCompanionHeatherv2.esp,3C59DBC1,001BEAF0,PlayerHouse_Ruin_ShowerCurtain01,STAT,-585.316162,328.493317,-79.086052,309.2708
llamaCompanionHeatherv2.esp,3C59DBC0,001BEAF0,PlayerHouse_Ruin_ShowerCurtain01,STAT,-551.621033,376.983795,-79.086052,297.8117
llamaCompanionHeatherv2.esp,3C59DBBF,001BEAF0,PlayerHouse_Ruin_ShowerCurtain01,STAT,-539.876892,435.512115,-80.149529,263.4342
llamaCompanionHeatherv2.esp,3C59DBBE,001BEAF0,PlayerHouse_Ruin_ShowerCurtain01,STAT,-555.617004,492.800232,-80.335052,246.2455
llamaCompanionHeatherv2.esp,3C59DBBA,3C608993,llamaFHWall01,STAT,-767.184998,764.463257,-249.426208,315.0003
llamaCompanionHeatherv2.esp,3C59DBB5,00021F2F,BldMurStarSmCeilOnly01,STAT,-587.107239,758.793701,-295.745178,135.0002
llamaCompanionHeatherv2.esp,3C59DBB4,00021F2F,BldMurStarSmCeilOnly01,STAT,-1016.315857,332.952545,-303.590607,135.0002
llamaCompanionHeatherv2.esp,3C59DBB2,00021F2F,BldMurStarSmCeilOnly01,STAT,-620.021362,415.188538,-301.674561,135.0002
llamaCompanionHeatherv2.esp,3C59DBB1,00021F2F,BldMurStarSmCeilOnly01,STAT,-801.041443,234.169907,-301.674561,135.0002
llamaCompanionHeatherv2.esp,3C59DBB0,00021F2F,BldMurStarSmCeilOnly01,STAT,-772.755981,579.237976,-301.674561,135.0002
llamaCompanionHeatherv2.esp,3C59DBAF,00021F2F,BldMurStarSmCeilOnly01,STAT,-953.775879,398.219299,-301.674561,135.0002
llamaCompanionHeatherv2.esp,3C59DBAE,00021F2F,BldMurStarSmCeilOnly01,STAT,-1205.679077,1230.138672,-329.596497,135.0002
llamaCompanionHeatherv2.esp,3C59DBAD,00021F2F,BldMurStarSmCeilOnly01,STAT,-1386.698975,1049.119995,-329.596497,135.0002
llamaCompanionHeatherv2.esp,3C59DBAC,00021F2F,BldMurStarSmCeilOnly01,STAT,-1024.660400,1049.118652,-329.596497,135.0002
llamaCompanionHeatherv2.esp,3C59DBAB,00021F2F,BldMurStarSmCeilOnly01,STAT,-1205.680298,868.099976,-329.596497,135.0002
llamaCompanionHeatherv2.esp,3C59DBA8,00021F2F,BldMurStarSmCeilOnly01,STAT,-1024.661865,687.079956,-329.596497,135.0002
llamaCompanionHeatherv2.esp,3C59DBA6,00021F2F,BldMurStarSmCeilOnly01,STAT,-843.641968,868.098633,-329.596497,135.0002
llamaCompanionHeatherv2.esp,3C59DB8E,001C501B,ShackMidFloor01B,STAT,-1036.472778,604.813904,-346.185944,50.1893
llamaCompanionHeatherv2.esp,3C59DB7A,3C56EB42,llamaFHTugCabin01,STAT,-818.603149,565.594116,-328.565186,225.0001
llamaCompanionHeatherv2.esp,3C59DB79,00239130,PrydwenShipsWheel01,STAT,-1110.830444,320.788239,-261.320160,79.3776
llamaCompanionHeatherv2.esp,3C59DB78,00247927,AnchorStatic,STAT,-1213.989990,747.493652,-228.857590,89.9990
llamaCompanionHeatherv2.esp,3C57B8E5,0300161D,BuoyRopeWall05,STAT,-965.404785,180.217270,-92.152023,315.0003
llamaCompanionHeatherv2.esp,3C57B8E4,001A6B6A,NpcCouchSet02Weathered1x1Straight01Sit01,FURN,-1053.573975,257.878601,-265.159485,45.0002
llamaCompanionHeatherv2.esp,3C57B8E3,001A6B6A,NpcCouchSet02Weathered1x1Straight01Sit01,FURN,-940.382996,258.499329,-265.159515,315.0003
llamaCompanionHeatherv2.esp,3C57B8E2,001A7232,NpcCouchSet02Weathered1x1Cor01Static,STAT,-996.869934,202.522552,-265.159515,315.0003
llamaCompanionHeatherv2.esp,3C57B8E1,001A7235,NpcCouchSet02WeatheredEnd02Static,STAT,-1078.464600,287.714111,-265.159515,45.0002
llamaCompanionHeatherv2.esp,3C57B8E0,001A7233,NpcCouchSet02WeatheredEnd01Static,STAT,-912.098572,286.783478,-265.159515,315.0003
llamaCompanionHeatherv2.esp,3C57B8C6,3C57B8C5,llamaFHHotPlate,STAT,-1080.932617,1084.194336,-257.496857,314.8861
llamaCompanionHeatherv2.esp,3C577470,00000032,COCMarkerHeading,STAT,-1861.318848,504.513123,-200.624390,43.3270
llamaCompanionHeatherv2.esp,3C57746B,03010129,DLC03_Bowl01,MISC,-1027.022827,1070.042358,-191.090805,136.8000
llamaCompanionHeatherv2.esp,3C577464,3C5B3248,llamaFHMug,STAT,-1024.098145,1045.512085,-207.741272,170.3304
llamaCompanionHeatherv2.esp,3C577463,03010129,DLC03_Bowl01,MISC,-1035.609497,1060.489136,-190.948807,136.8000
llamaCompanionHeatherv2.esp,3C577462,03010129,DLC03_Bowl01,MISC,-1036.756470,1078.795532,-191.292496,136.8000
llamaCompanionHeatherv2.esp,3C577461,03010129,DLC03_Bowl01,MISC,-1044.988159,1069.067627,-191.090805,136.8000
llamaCompanionHeatherv2.esp,3C577460,3C5BBB49,llamaFHPlate,STAT,-1015.940308,1049.377563,-188.304535,45.0216
llamaCompanionHeatherv2.esp,3C57745F,3C5BBB49,llamaFHPlate,STAT,-1016.777466,1049.176514,-189.653244,52.1003
llamaCompanionHeatherv2.esp,3C57745E,3C5BBB49,llamaFHPlate,STAT,-1017.231812,1049.167480,-190.981598,51.6103
llamaCompanionHeatherv2.esp,3C780A6B,000E210E,NPCSmokeIdleMarker,IDLM,-1090.344482,712.178162,-320.104858,28.6481
llamaCompanionHeatherv2.esp,3C77C5F3,3CC28779,llamaFHWallLean01Spouse,FURN,-863.258972,407.552032,-259.203156,315.1268
llamaCompanionHeatherv2.esp,3CA01554,3CA01553,llamaFHCourtesyNote01,BOOK,-1110.288696,845.766846,-252.508453,325.0329
llamaCompanionHeatherv2.esp,3C5FBC8F,3C138C52,llamaMetalTrapdoor01,DOOR,-1860.361084,561.927795,15.790161,135.0002
llamaCompanionHeatherv2.esp,3C5FBC79,0008C04D,DN158_BulkheadDoor,DOOR,-1435.052979,925.673706,-129.111633,314.9967
llamaCompanionHeatherv2.esp,3CB35002,3C82B7D8,llamaFH03TermRequired,TERM,3050.999268,1922.629639,286.316010,148.0058
llamaCompanionHeatherv2.esp,3C072605,00064827,MistGround01,MSTT,2945.773193,2175.225586,296.157074,0.0000
llamaCompanionHeatherv2.esp,3C0658FF,0019912C,DefaultLightBlueFungusNowGreen01,LIGH,3029.221436,2290.805908,305.259369,0.0000
llamaCompanionHeatherv2.esp,3C0658FE,001C0FCA,FloraFungusGlowing03,FLOR,3031.144043,2292.302490,286.900574,0.0000
llamaCompanionHeatherv2.esp,3C047A77,00039501,CaveRmCeiling256,STAT,2893.206055,2225.248291,247.705963,22.9181
llamaCompanionHeatherv2.esp,3C047A76,00039501,CaveRmCeiling256,STAT,2850.408936,2254.730713,249.360672,0.0000
llamaCompanionHeatherv2.esp,3CB34FEF,0004F14E,CaveColmRockTall,STAT,2523.697754,1793.089111,237.794357,225.0000
llamaCompanionHeatherv2.esp,3CEA91A0,00004822,10mm,WEAP,3001.203613,2301.166260,286.896179,112.4106
llamaCompanionHeatherv2.esp,3CB34FEE,0004F14E,CaveColmRockTall,STAT,3025.512451,2455.332031,240.718170,0.0000
llamaCompanionHeatherv2.esp,3CEA919B,3C0614A2,llamaFH03Skeleton,CONT,3022.006592,2332.780273,300.516327,211.0311
llamaCompanionHeatherv2.esp,3CB9743F,3CA23827,llamaFH03PortWine,ALCH,2632.975830,1826.958984,371.593872,256.6153
llamaCompanionHeatherv2.esp,3CB34FEB,00039388,CaveHall1WayHalf01Floor,STAT,2957.776611,2260.384766,288.718170,180.0000
llamaCompanionHeatherv2.esp,3CCC687D,00000021,CollisionMarker,STAT,2881.249023,1971.187744,362.896667,270.0001
llamaCompanionHeatherv2.esp,3CCC687C,00000021,CollisionMarker,STAT,2849.389404,2017.347656,362.896667,0.0000
llamaCompanionHeatherv2.esp,3CB34FCD,00039371,CaveHall1Way01,STAT,2957.776611,2388.384766,288.718170,0.0000
llamaCompanionHeatherv2.esp,3CCC687B,000C3884,WoodPallet01,STAT,3028.721924,2002.728516,269.371094,75.3212
llamaCompanionHeatherv2.esp,3CCC6879,01001EB5,MacMechWireBox01,STAT,3054.829834,1925.012817,412.399231,90.8367
llamaCompanionHeatherv2.esp,3CCC6878,01001EB5,MacMechWireBox01,STAT,3048.560547,1927.181274,411.878906,62.1888
llamaCompanionHeatherv2.esp,3CB4EAA6,3CB4EAA5,llamaFH03EntryTrigger,ACTI,2956.707520,1762.237061,388.651520,92.8648
llamaCompanionHeatherv2.esp,3CB3501F,3CC131D6,llamaFH03Lunchbox,MISC,2642.835693,1773.358521,317.192169,240.5159
llamaCompanionHeatherv2.esp,3CC131D4,03010129,DLC03_Bowl01,MISC,2638.584473,1777.022217,342.996887,160.3017
llamaCompanionHeatherv2.esp,3CC131D3,03010129,DLC03_Bowl01,MISC,2638.584473,1777.022217,345.023438,160.3017
llamaCompanionHeatherv2.esp,3CC131D2,03010129,DLC03_Bowl01,MISC,2638.584473,1777.022217,346.652832,160.3017
llamaCompanionHeatherv2.esp,3CB5737D,3CB52F15,llamaFH03RecipeBook,MISC,2940.069092,1743.111572,335.297668,277.6298
llamaCompanionHeatherv2.esp,3CB5737A,3CB4EAA2,llamaFH03PortWineRecipe,ALCH,2955.112305,1732.811279,335.303040,176.6539
llamaCompanionHeatherv2.esp,3CB57376,00165027,OfficePaperDebrisSinglePg04,STAT,2973.329346,1748.162231,336.797974,176.6537
llamaCompanionHeatherv2.esp,3CB57371,0004AF5C,AMBIntWaterSpotDripGroundB2DLPmarker,SOUN,2766.832520,2240.915283,332.342957,0.0000
llamaCompanionHeatherv2.esp,3CB52F20,3C791BEA,llamaDishrag,STAT,3084.225830,1784.110718,292.607910,63.0254
llamaCompanionHeatherv2.esp,3CB52F1F,3C791BEA,llamaDishrag,STAT,2641.459473,1761.574341,371.844360,73.5213
llamaCompanionHeatherv2.esp,3CB52F1E,3C791BEA,llamaDishrag,STAT,2680.441162,1741.271851,326.316925,256.8677
llamaCompanionHeatherv2.esp,3CB52F1A,3CAB91B5,llamaFHPlantBowl,STAT,2631.283447,1831.695312,343.433899,0.0000
llamaCompanionHeatherv2.esp,3CB52F19,3CAB91B5,llamaFHPlantBowl,STAT,2615.125488,1831.269043,343.433899,0.0000
llamaCompanionHeatherv2.esp,3CB52F18,3CB52F17,llamaFH03SignGreyTort,STAT,2661.745605,1724.326660,257.562134,282.3106
llamaCompanionHeatherv2.esp,3CB52F13,002094A5,SignClutterL01c,STAT,2589.378662,1716.658203,278.397125,265.7142
llamaCompanionHeatherv2.esp,3CB52F12,3CB52F10,llamaFH03Glass,STAT,2973.722168,1727.348755,335.134521,0.0000
llamaCompanionHeatherv2.esp,3CB52F11,3CB52F10,llamaFH03Glass,STAT,2982.682373,1730.151978,335.134521,0.0000
llamaCompanionHeatherv2.esp,3CB52F0F,000B391A,VaultCryoAmbWarm,LIGH,2983.449219,1765.130249,389.948761,251.1382
llamaCompanionHeatherv2.esp,3CB52F0E,00004E38,CageBulbWire03,STAT,2936.845215,1939.593018,512.613098,74.4846
llamaCompanionHeatherv2.esp,3CB52F0C,3CB52F0D,llamaFH03Tube,STAT,3008.826660,1759.392578,337.729004,269.8462
llamaCompanionHeatherv2.esp,3CB52F0B,3CB52F0D,llamaFH03Tube,STAT,3001.236572,1735.830322,338.887543,1.2259
llamaCompanionHeatherv2.esp,3CB52F09,3CB52F08,llamaFH03Tray,STAT,3000.541748,1754.758667,335.325806,85.9437
llamaCompanionHeatherv2.esp,3CB52F07,3CB52F0D,llamaFH03Tube,STAT,3006.646240,1737.216675,338.866333,8.9393
llamaCompanionHeatherv2.esp,3CB52F06,3CB57378,llamaFH03TubeRack,STAT,3006.985596,1734.582275,335.298950,76.4160
llamaCompanionHeatherv2.esp,3CB52F05,3CB57379,llamaFH03Pitcher,STAT,3093.622070,1798.993774,292.718170,28.6479
llamaCompanionHeatherv2.esp,3CB52F03,00223CCA,PryPowerCableCurve04,STAT,3095.607910,1796.378662,330.164673,0.0001
llamaCompanionHeatherv2.esp,3CB52F02,0019AC47,ValvePlain01,STAT,3103.067139,1791.963623,335.080597,61.0783
llamaCompanionHeatherv2.esp,3CB52F01,000211F4,WoodBarrel01,STAT,3181.877930,1728.916748,399.794189,270.0001
llamaCompanionHeatherv2.esp,3CB52F00,3CD20371,llamaFH03Barrel,STAT,3141.803467,1766.711304,397.025879,92.3833
llamaCompanionHeatherv2.esp,3CB4EAA8,3C5BBB4B,llamaFHClipboard,STAT,2973.315186,1747.870361,336.001038,177.6169
llamaCompanionHeatherv2.esp,3CB4EAA7,00017DD8,MetalShelf03,STAT,2976.303711,1742.814209,210.195801,354.2705
llamaCompanionHeatherv2.esp,3CB4EAA0,3CD20371,llamaFH03Barrel,STAT,3128.784180,1749.084961,367.772064,92.3833
llamaCompanionHeatherv2.esp,3CB4EA9F,000211F4,WoodBarrel01,STAT,3169.781982,1718.561646,368.706299,270.0001
llamaCompanionHeatherv2.esp,3CB4EA9E,3CD20371,llamaFH03Barrel,STAT,3103.544678,1724.384155,311.818939,92.3833
llamaCompanionHeatherv2.esp,3CB4EA9D,000211F4,WoodBarrel01,STAT,3146.414307,1693.356323,311.818939,270.0001
llamaCompanionHeatherv2.esp,3CB4EA9C,000211F4,WoodBarrel01,STAT,3157.223145,1704.480347,339.624695,270.0001
llamaCompanionHeatherv2.esp,3CB4EA9B,3CD20371,llamaFH03Barrel,STAT,3118.558838,1735.906128,339.624695,92.3833
llamaCompanionHeatherv2.esp,3CB4EA9A,000C3884,WoodPallet01,STAT,3079.471191,1692.164795,276.718170,36.0507
llamaCompanionHeatherv2.esp,3CB4EA99,3CD20371,llamaFH03Barrel,STAT,3153.047363,1784.425293,367.772064,92.3833
llamaCompanionHeatherv2.esp,3CB4EA98,000211F4,WoodBarrel01,STAT,3194.045166,1753.901978,368.706299,270.0001
llamaCompanionHeatherv2.esp,3CB4EA97,3CD20371,llamaFH03Barrel,STAT,3161.555664,1802.415527,339.624695,92.3833
llamaCompanionHeatherv2.esp,3CB4EA96,3CD20371,llamaFH03Barrel,STAT,3139.042725,1767.478149,339.624695,86.6537
llamaCompanionHeatherv2.esp,3CB4EA95,3CD20371,llamaFH03Barrel,STAT,3126.097412,1752.731812,311.818939,92.3832
llamaCompanionHeatherv2.esp,3CB4EA94,3CD20371,llamaFH03Barrel,STAT,3148.825439,1786.608154,311.818939,92.3833
llamaCompanionHeatherv2.esp,3CB4EA93,3CD20371,llamaFH03Barrel,STAT,3171.338379,1821.545532,311.818939,86.6538
llamaCompanionHeatherv2.esp,3CB4EA92,000211F4,WoodBarrel01,STAT,3181.912354,1736.450317,339.624695,270.0001
llamaCompanionHeatherv2.esp,3CB4EA91,000211F4,WoodBarrel01,STAT,3204.425293,1771.387695,339.624695,270.0001
llamaCompanionHeatherv2.esp,3CB4EA90,000211F4,WoodBarrel01,STAT,3168.967041,1721.703979,311.818939,270.0001
llamaCompanionHeatherv2.esp,3CB4EA8F,000211F4,WoodBarrel01,STAT,3191.695068,1755.580322,311.818939,270.0001
llamaCompanionHeatherv2.esp,3CB4EA8E,000211F4,WoodBarrel01,STAT,3214.208008,1790.517700,311.818939,270.0001
llamaCompanionHeatherv2.esp,3CB4EA8D,001C983F,WaterDripsSmall,MSTT,2870.043213,2205.531494,446.731049,254.0027
llamaCompanionHeatherv2.esp,3CB4EA8C,001C989F,WaterSplashDrips,MSTT,2869.513916,2201.743652,284.723541,17.1887
llamaCompanionHeatherv2.esp,3CB4EA89,001C983F,WaterDripsSmall,MSTT,2847.396484,2243.891357,405.652924,266.8940
llamaCompanionHeatherv2.esp,3CB4A638,001C0FCE,FloraFungusBrain01,FLOR,2868.315674,2217.772217,282.298859,328.3417
llamaCompanionHeatherv2.esp,3CB461E4,000B391A,VaultCryoAmbWarm,LIGH,3067.097168,1811.209961,389.948761,0.0000
llamaCompanionHeatherv2.esp,3CB461E3,000B391A,VaultCryoAmbWarm,LIGH,2952.942627,2063.515137,389.948761,0.0000
llamaCompanionHeatherv2.esp,3CB461E2,000B391A,VaultCryoAmbWarm,LIGH,2734.089600,1787.449219,389.948761,0.0000
llamaCompanionHeatherv2.esp,3CB461E1,01001EB5,MacMechWireBox01,STAT,2986.188721,2326.995361,463.717041,0.0000
llamaCompanionHeatherv2.esp,3CB461E0,01001EB5,MacMechWireBox01,STAT,3008.116211,2327.196045,463.717041,180.0000
llamaCompanionHeatherv2.esp,3CB461DF,01001EB5,MacMechWireBox01,STAT,2954.256836,1904.680786,491.175140,180.0000
llamaCompanionHeatherv2.esp,3CB461DE,01001EB5,MacMechWireBox01,STAT,2932.378418,1905.115234,491.175140,0.0000
llamaCompanionHeatherv2.esp,3CB461DB,00223CB7,PryPowerCableStraight01,STAT,2996.201904,1923.806763,492.108734,358.3264
llamaCompanionHeatherv2.esp,3CB461DA,00223CCA,PryPowerCableCurve04,STAT,2938.879883,1920.122070,493.001862,80.2141
llamaCompanionHeatherv2.esp,3CB461D9,00223CB7,PryPowerCableStraight01,STAT,3050.725098,1917.295410,486.480225,180.0000
llamaCompanionHeatherv2.esp,3CB461D8,00223CB7,PryPowerCableStraight01,STAT,3048.589844,1917.146729,420.338989,180.0000
llamaCompanionHeatherv2.esp,3CB461D4,00004E38,CageBulbWire03,STAT,2997.047852,2326.003662,460.252869,97.4029
llamaCompanionHeatherv2.esp,3CB41D81,00004E38,CageBulbWire03,STAT,2585.129639,1603.226807,512.218628,319.8930
llamaCompanionHeatherv2.esp,3CB41D80,00004E38,CageBulbWire03,STAT,2880.955078,1965.356323,531.333801,45.8367
llamaCompanionHeatherv2.esp,3CB34FCB,0003937C,CaveHall3Way01,STAT,2957.776611,1748.384766,288.718170,180.0000
llamaCompanionHeatherv2.esp,3CB41D5A,000C3884,WoodPallet01,STAT,3156.316650,1794.377686,276.718170,36.0507
llamaCompanionHeatherv2.esp,3CB41D51,000211F5,WoodCrate01,STAT,2671.708984,1733.342285,278.662659,66.9556
llamaCompanionHeatherv2.esp,3CB41D50,000211F5,WoodCrate01,STAT,2658.279297,1681.932495,323.524139,124.2513
llamaCompanionHeatherv2.esp,3CB41D4F,00039388,CaveHall1WayHalf01Floor,STAT,2957.776611,2516.384766,288.718170,180.0000
llamaCompanionHeatherv2.esp,3CB41D4E,001C88B3,SecurityGateFencingFiller01,STAT,3108.998291,1913.894287,278.046783,0.0000
llamaCompanionHeatherv2.esp,3CB34FC9,00039398,CaveHall3Way01Floor,STAT,2957.776611,1748.384766,288.718170,180.0000
llamaCompanionHeatherv2.esp,3CB3505A,3C5B326A,llamaFHGlass,STAT,2723.205566,1696.172729,317.002228,319.7668
llamaCompanionHeatherv2.esp,3CB35059,000E376E,CigaretteCarton_PreWar,MISC,2711.830811,1700.057983,324.264313,331.7019
llamaCompanionHeatherv2.esp,3CB35058,3C5B326A,llamaFHGlass,STAT,2707.062744,1713.090088,318.702728,319.7668
llamaCompanionHeatherv2.esp,3CB35057,03010129,DLC03_Bowl01,MISC,2716.354736,1708.972656,317.252625,319.7668
llamaCompanionHeatherv2.esp,3CB35056,03010129,DLC03_Bowl01,MISC,2716.354736,1708.972656,320.248169,319.7668
llamaCompanionHeatherv2.esp,3CB35055,03010129,DLC03_Bowl01,MISC,2716.354736,1708.972656,322.761780,319.7668
llamaCompanionHeatherv2.esp,3CB35054,03010129,DLC03_Bowl01,MISC,2712.470215,1718.559448,322.271027,319.7668
llamaCompanionHeatherv2.esp,3CB35053,03010129,DLC03_Bowl01,MISC,2712.423584,1718.378906,320.413666,319.7668
llamaCompanionHeatherv2.esp,3CB35052,03010129,DLC03_Bowl01,MISC,2712.439697,1718.508667,318.453003,319.7668
llamaCompanionHeatherv2.esp,3CB35051,3CB35050,llamaFH03Bin,STAT,2716.225098,1705.393799,316.280060,61.9361
llamaCompanionHeatherv2.esp,3CB3504E,000E376E,CigaretteCarton_PreWar,MISC,2635.873291,1824.381836,315.284576,177.4908
llamaCompanionHeatherv2.esp,3CB3504A,030088AA,DLC03Vim_Refresh,ALCH,2666.789307,1726.055420,317.516510,28.5217
llamaCompanionHeatherv2.esp,3CB35049,030088A8,DLC03Vim_Quartz,ALCH,2676.671143,1727.946289,317.564789,62.8992
llamaCompanionHeatherv2.esp,3CB35048,030088A8,DLC03Vim_Quartz,ALCH,2672.437012,1721.978882,318.181580,80.0879
llamaCompanionHeatherv2.esp,3CB35047,030088AA,DLC03Vim_Refresh,ALCH,2662.366943,1720.465210,317.516510,28.5217
llamaCompanionHeatherv2.esp,3CB35046,030088A8,DLC03Vim_Quartz,ALCH,2668.354980,1716.266235,317.608215,28.5217
llamaCompanionHeatherv2.esp,3CB35045,03008833,DLC03Vim,ALCH,2673.821777,1712.169189,317.560242,28.5217
llamaCompanionHeatherv2.esp,3CB35044,03008833,DLC03Vim,ALCH,2678.423340,1717.775024,317.560242,131.6541
llamaCompanionHeatherv2.esp,3CB35043,03008833,DLC03Vim,ALCH,2682.669189,1723.744995,317.500885,28.5217
llamaCompanionHeatherv2.esp,3CB35042,001AE1F4,Beercrate_Static,STAT,2675.979248,1732.980225,316.464264,124.9614
llamaCompanionHeatherv2.esp,3CB35041,000E376E,CigaretteCarton_PreWar,MISC,2625.968262,1823.844482,315.284576,177.4908
llamaCompanionHeatherv2.esp,3CB35040,000E376E,CigaretteCarton_PreWar,MISC,2615.382568,1822.548706,315.284515,171.7604
llamaCompanionHeatherv2.esp,3CB3503C,3C5B326A,llamaFHGlass,STAT,2636.393555,1814.138794,343.390930,160.3017
llamaCompanionHeatherv2.esp,3CB3503B,3C5B326A,llamaFHGlass,STAT,2636.803955,1802.142334,343.390930,160.3017
llamaCompanionHeatherv2.esp,3CB3503A,3C5B326A,llamaFHGlass,STAT,2635.679688,1791.350220,343.390930,160.3017
llamaCompanionHeatherv2.esp,3CB35036,03010129,DLC03_Bowl01,MISC,2637.847900,1764.429932,346.918304,160.3017
llamaCompanionHeatherv2.esp,3CB35035,03010129,DLC03_Bowl01,MISC,2637.787842,1764.445801,343.249603,160.3017
llamaCompanionHeatherv2.esp,3CB35034,03010129,DLC03_Bowl01,MISC,2637.787842,1764.445801,345.106964,160.3017
llamaCompanionHeatherv2.esp,3CB35033,03010129,DLC03_Bowl01,MISC,2627.611572,1763.833252,342.996887,160.3017
llamaCompanionHeatherv2.esp,3CB35032,03010129,DLC03_Bowl01,MISC,2627.611572,1763.833252,344.957550,160.3017
llamaCompanionHeatherv2.esp,3CB35031,03010129,DLC03_Bowl01,MISC,2627.611572,1763.833252,346.814911,160.3017
llamaCompanionHeatherv2.esp,3CB35019,03010129,DLC03_Bowl01,MISC,2617.190674,1762.916748,342.996887,160.3017
llamaCompanionHeatherv2.esp,3CB35018,03010129,DLC03_Bowl01,MISC,2617.190674,1762.916748,344.957550,160.3017
llamaCompanionHeatherv2.esp,3CB35017,03010129,DLC03_Bowl01,MISC,2617.190674,1762.916748,346.814911,160.3017
llamaCompanionHeatherv2.esp,3CB35030,3C5B326A,llamaFHGlass,STAT,2624.808105,1790.807861,343.390930,160.3017
llamaCompanionHeatherv2.esp,3CB3502F,3C5B326A,llamaFHGlass,STAT,2612.191162,1790.271606,343.390930,160.3017
llamaCompanionHeatherv2.esp,3CB3502E,3C5B326A,llamaFHGlass,STAT,2624.126221,1813.393188,343.390930,160.3017
llamaCompanionHeatherv2.esp,3CB3502D,3C5B326A,llamaFHGlass,STAT,2611.760742,1812.589111,343.390930,160.3017
llamaCompanionHeatherv2.esp,3CB3502C,3C5B326A,llamaFHGlass,STAT,2626.017578,1801.890259,343.390930,160.3017
llamaCompanionHeatherv2.esp,3CB3502B,3C5B326A,llamaFHGlass,STAT,2612.938965,1800.992310,343.390930,160.3017
llamaCompanionHeatherv2.esp,3CB3502A,00145857,Rum,ALCH,2621.292725,1836.527954,371.584808,269.0892
llamaCompanionHeatherv2.esp,3CB35027,00145857,Rum,ALCH,2611.635254,1836.053101,371.584534,269.1630
llamaCompanionHeatherv2.esp,3CB35026,00145857,Rum,ALCH,2612.581055,1826.029175,371.584503,269.1663
llamaCompanionHeatherv2.esp,3CB35020,3CC1FECB,llamaFH03LunchboxFeature,MISC,2639.620605,1796.711426,317.192169,84.6115
llamaCompanionHeatherv2.esp,3CB3501E,3CC131D6,llamaFH03Lunchbox,MISC,2631.392334,1767.597412,317.189301,234.7864
llamaCompanionHeatherv2.esp,3CB3501D,3CC131D6,llamaFH03Lunchbox,MISC,2624.172363,1794.594727,317.189301,80.0878
llamaCompanionHeatherv2.esp,3CB35016,03010129,DLC03_Bowl01,MISC,2614.054932,1776.346802,342.996887,160.3017
llamaCompanionHeatherv2.esp,3CB35015,03010129,DLC03_Bowl01,MISC,2614.054932,1776.346802,345.023438,160.3017
llamaCompanionHeatherv2.esp,3CB35014,03010129,DLC03_Bowl01,MISC,2614.054932,1776.346802,346.652832,160.3017
llamaCompanionHeatherv2.esp,3CB35013,03010129,DLC03_Bowl01,MISC,2625.941406,1777.915649,345.023438,160.3017
llamaCompanionHeatherv2.esp,3CB35012,03010129,DLC03_Bowl01,MISC,2625.941406,1777.915649,346.652832,160.3017
llamaCompanionHeatherv2.esp,3CB35011,3C5B326A,llamaFHGlass,STAT,2632.192871,1720.791260,325.499207,234.7863
llamaCompanionHeatherv2.esp,3CB35010,3C5B326A,llamaFHGlass,STAT,2618.401123,1735.452759,325.499207,234.7863
llamaCompanionHeatherv2.esp,3CB3500F,03010129,DLC03_Bowl01,MISC,2625.941406,1777.915649,342.996887,160.3017
llamaCompanionHeatherv2.esp,3CB3500E,3C5B326A,llamaFHGlass,STAT,2625.311768,1734.990967,325.499207,234.7863
llamaCompanionHeatherv2.esp,3CB3500D,3CB3500C,llamaFH03CratePort,CONT,2622.291992,1786.229248,371.790649,165.0683
llamaCompanionHeatherv2.esp,3CB3500A,00017DDA,MetalShelf02,STAT,2624.837891,1799.585815,286.233887,85.8173
llamaCompanionHeatherv2.esp,3CB35008,000211F5,WoodCrate01,STAT,2628.927490,1723.462769,287.986664,175.8176
llamaCompanionHeatherv2.esp,3CB35007,000211F5,WoodCrate01,STAT,2718.152588,1703.385132,278.662659,118.5217
llamaCompanionHeatherv2.esp,3CB35004,000211F5,WoodCrate01,STAT,2660.748047,1679.888306,285.958862,107.0626
llamaCompanionHeatherv2.esp,3CB35006,001AE1F4,Beercrate_Static,STAT,2628.891113,1724.597290,324.373901,91.5470
llamaCompanionHeatherv2.esp,3CB34FC7,00000032,COCMarkerHeading,STAT,2939.022217,2215.345703,289.322754,179.1635
llamaCompanionHeatherv2.esp,3CB35001,0001B42F,SecurityGateFencingExSm01,STAT,3059.351318,1913.213745,278.046783,2.3833
llamaCompanionHeatherv2.esp,3CB34FFD,0003AA09,CaveHallEndcapFree,STAT,3196.024414,1767.137939,288.718170,90.0000
llamaCompanionHeatherv2.esp,3CB34FFC,0003B2E1,CavePedestalColumnThin03,STAT,2578.907471,1635.287964,152.806580,258.5409
llamaCompanionHeatherv2.esp,3CB34FFA,0003AA09,CaveHallEndcapFree,STAT,2614.344727,1765.302734,288.718170,274.1832
llamaCompanionHeatherv2.esp,3CB34FF9,000394F2,CaveRmWallFreeWallSheet01,STAT,2996.390625,2351.068848,419.174438,251.1384
llamaCompanionHeatherv2.esp,3CB34FF8,0004F14F,CaveColmRockBase,STAT,2910.968506,2459.980225,272.718170,331.3522
llamaCompanionHeatherv2.esp,3CEA919D,0021317E,DecalBloodPuddleSmall,TXST,3014.842041,2308.547119,304.000000,0.0000
llamaCompanionHeatherv2.esp,3CB35000,000BA4B5,SecurityGateSmLatch02,DOOR,2931.265625,1919.407349,278.046783,182.3835
llamaCompanionHeatherv2.esp,3CB34FBF,3C138C52,llamaMetalTrapdoor01,DOOR,2930.177490,2261.239502,481.362061,179.1635
llamaCompanionHeatherv2.esp,3CA8ADC1,3CA8ADC0,llamaTESTholdingCell,CONT,-2449.437012,-3190.740967,348.740936,315.0000
llamaCompanionHeatherv2.esp,3C2889EA,00000032,COCMarkerHeading,STAT,-2287.174561,-3410.557129,351.648346,117.4563
llamaCompanionHeatherv2.esp,3C42E338,0001D491,defaultLight01,LIGH,-2342.598145,-3553.989746,475.068054,0.0000
llamaCompanionHeatherv2.esp,3C12812A,0001CE3C,BldCopperPipe1Way02,STAT,-2407.354492,-3488.300781,572.740967,0.0000
llamaCompanionHeatherv2.esp,3C128129,0001CE3D,BldCopperPipe2Way01,STAT,-2407.354492,-3232.300781,572.740967,90.0000
llamaCompanionHeatherv2.esp,3C128128,0001CE3C,BldCopperPipe1Way02,STAT,-2151.354492,-3232.300781,572.740967,90.0000
llamaCompanionHeatherv2.esp,3C128238,00067AA6,BldConcSmWall01,STAT,-2187.410156,-3504.385986,348.740936,270.0000
llamaCompanionHeatherv2.esp,3C128220,3C11E88B,llamaBldConcSmWall01,STAT,-2191.354492,-3248.300781,348.740936,90.0000
llamaCompanionHeatherv2.esp,3C128201,00067AA6,BldConcSmWall01,STAT,-2683.044189,-3714.224365,348.740936,180.0002
llamaCompanionHeatherv2.esp,3C1281FB,00101187,defaultLightWarm02NSNonSpec,LIGH,-2334.035156,-3418.613281,467.910950,0.0000
llamaCompanionHeatherv2.esp,3C1281B2,00067AA6,BldConcSmWall01,STAT,-2396.597900,-3509.603027,348.740936,0.0001
llamaCompanionHeatherv2.esp,3C128176,00067AA6,BldConcSmWall01,STAT,-2671.354492,-2992.300781,348.740814,270.0000
llamaCompanionHeatherv2.esp,3C12816C,00067AA6,BldConcSmWall01,STAT,-2474.770996,-3249.137695,348.740814,90.0000
llamaCompanionHeatherv2.esp,3C128169,00084D6A,DecoStain1x2Wall01,STAT,-2239.354492,-2616.300781,452.740814,0.0001
llamaCompanionHeatherv2.esp,3C128167,001944AF,ClutterGenSlimeA,STAT,-2151.251465,-3055.814209,348.740814,315.0000
llamaCompanionHeatherv2.esp,3C128165,00084CF6,DecoStain3x1WallL01,STAT,-2067.932129,-2925.386719,345.125122,90.0000
llamaCompanionHeatherv2.esp,3C128161,00084D6A,DecoStain1x2Wall01,STAT,-2064.321533,-2729.915527,451.690643,90.0001
llamaCompanionHeatherv2.esp,3C128151,00067A2A,BldConcSmCeilOnly01,STAT,-2183.354492,-2736.300781,348.740814,0.0000
llamaCompanionHeatherv2.esp,3C12814E,00067ACF,BldConcSmWallPillarBg01,STAT,-2055.354492,-3120.300781,348.740814,0.0000
llamaCompanionHeatherv2.esp,3C12814D,00067ACD,BldConcSmWallPillar02,STAT,-2327.354492,-3136.300781,348.740814,0.0000
llamaCompanionHeatherv2.esp,3C12814C,00067ACF,BldConcSmWallPillarBg01,STAT,-2537.693604,-3649.946045,348.740814,0.0000
llamaCompanionHeatherv2.esp,3C128149,00067AA6,BldConcSmWall01,STAT,-2183.354492,-2992.300781,348.740814,270.0000
llamaCompanionHeatherv2.esp,3C128144,00067A2A,BldConcSmCeilOnly01,STAT,-2439.354492,-2736.300781,348.740814,0.0000
llamaCompanionHeatherv2.esp,3C128142,00067A2A,BldConcSmCeilOnly01,STAT,-2439.354492,-2992.300781,348.740814,0.0000
llamaCompanionHeatherv2.esp,3C128141,00067AA6,BldConcSmWall01,STAT,-2397.245850,-3257.623779,348.740814,0.0001
llamaCompanionHeatherv2.esp,3C128137,00067A2A,BldConcSmCeilOnly01,STAT,-2439.354492,-3504.300781,348.740936,0.0000
llamaCompanionHeatherv2.esp,3C128136,00067A40,BldConcSmFlrOnly01,STAT,-2439.354492,-3504.300781,348.740936,0.0000
llamaCompanionHeatherv2.esp,3C128135,00067A2A,BldConcSmCeilOnly01,STAT,-2439.354492,-3248.300781,348.740936,0.0000
llamaCompanionHeatherv2.esp,3C128134,00067A40,BldConcSmFlrOnly01,STAT,-2439.354492,-3248.300781,348.740936,0.0000
llamaCompanionHeatherv2.esp,3C128133,00067A2A,BldConcSmCeilOnly01,STAT,-2183.354492,-3248.300781,348.740936,0.0000
llamaCompanionHeatherv2.esp,3C128132,00067A40,BldConcSmFlrOnly01,STAT,-2183.354492,-3248.300781,348.740936,0.0000
llamaCompanionHeatherv2.esp,3C128131,00067A2A,BldConcSmCeilOnly01,STAT,-2183.354492,-3504.300781,348.740814,0.0000
llamaCompanionHeatherv2.esp,3C128130,00067AA6,BldConcSmWall01,STAT,-2439.354492,-3504.300781,348.740936,270.0000
llamaCompanionHeatherv2.esp,3C12812E,00067AA6,BldConcSmWall01,STAT,-2183.354492,-3504.300781,348.740936,180.0000
llamaCompanionHeatherv2.esp,3C12812D,00067AA6,BldConcSmWall01,STAT,-2183.354492,-3248.300781,348.740936,180.0000
llamaCompanionHeatherv2.esp,3C12812B,00067A40,BldConcSmFlrOnly01,STAT,-2183.354492,-3504.300781,348.740814,0.0000
llamaCompanionHeatherv2.esp,3C12823A,3C128239,llamaLvlRobotContainerOnly,NPC_,-2183.781494,-3464.392090,402.910828,297.9381
llamaCompanionHeatherv2.esp,3CB7A0FF,0004A9DE,BldgShellFloorWood01,STAT,-2448.770020,-2249.483887,347.907715,0.0000
llamaCompanionHeatherv2.esp,3C005E09,00055398,WallEmergencyLight01,STAT,-2180.229004,-3898.609619,359.325226,89.9999
llamaCompanionHeatherv2.esp,3CB0AFFF,0016567B,DogmeatSniff,FURN,-2831.637207,-3568.380615,347.907349,342.8113
llamaCompanionHeatherv2.esp,3C005DE3,0006D140,EnamelBucket01,MISC,-2271.401123,-2902.497559,349.030975,45.0000
llamaCompanionHeatherv2.esp,3CB0B000,0016567B,DogmeatSniff,FURN,-2375.041504,-3153.925537,347.907593,131.7803
llamaCompanionHeatherv2.esp,3CAD7BF5,0007C610,NPCInvWallLean01Spouse,FURN,-2268.725586,-3597.157227,347.907593,356.6537
llamaCompanionHeatherv2.esp,3CAC6AB0,3C029BF9,llamaBunkerRugFlower,STAT,-2182.493408,-3867.399902,348.965790,0.0001
llamaCompanionHeatherv2.esp,3CF5C7FC,3CF5C7FD,llamaBunkerMetalArmor,CONT,-2897.796875,-3597.310059,348.574707,270.0001
llamaCompanionHeatherv2.esp,3C005DE1,001944AF,ClutterGenSlimeA,STAT,-2157.487061,-3079.880859,348.740814,337.9183
llamaCompanionHeatherv2.esp,3CAC6AAB,00067AA6,BldConcSmWall01,STAT,-2054.817139,-4016.160645,492.813721,65.3232
llamaCompanionHeatherv2.esp,3CAC6AAA,00067AA6,BldConcSmWall01,STAT,-2054.977783,-3760.160645,492.813995,65.3232
llamaCompanionHeatherv2.esp,3CAC6AA9,0004A9DE,BldgShellFloorWood01,STAT,-2194.361328,-4016.479492,347.907715,90.0000
llamaCompanionHeatherv2.esp,3CAC6AA8,0004A9DE,BldgShellFloorWood01,STAT,-2194.361084,-3760.479492,347.907715,90.0000
llamaCompanionHeatherv2.esp,3C006DCF,3CA4F0D5,llamaWorkbenchPowerArmorSmall,FURN,-2680.003418,-3631.290771,348.740936,336.2459
llamaCompanionHeatherv2.esp,3C005DDF,00084DD4,DecoStain1x2Wall02,STAT,-2178.825439,-2873.781250,497.472595,0.0000
llamaCompanionHeatherv2.esp,3CA20136,03001921,BuoyHook01,STAT,-2287.503418,-3135.207031,553.841675,180.0000
llamaCompanionHeatherv2.esp,3C005DD9,00084DD4,DecoStain1x2Wall02,STAT,-2060.037354,-3382.381836,407.875641,90.0000
llamaCompanionHeatherv2.esp,3C1AFD45,3C1AFD44,llamaBunkerEntryTrigger,ACTI,-2455.135254,-3153.012939,519.366577,296.9747
llamaCompanionHeatherv2.esp,3C773D28,3C773D27,llamaBunkerPlantComment,ACTI,-1917.481079,-2981.591309,476.740845,0.0000
llamaCompanionHeatherv2.esp,3C9820B5,00000021,CollisionMarker,STAT,-2434.888916,-2620.956543,510.102722,180.0000
llamaCompanionHeatherv2.esp,3C11E897,3CCA8A1E,llamaNpcBedPlayerHouseLay01,FURN,-2817.346924,-2914.321533,349.243195,270.0001
llamaCompanionHeatherv2.esp,3C89B668,00034102,PipeWaterLeakGardens,MSTT,-1864.891602,-2893.023926,428.605927,0.0000
llamaCompanionHeatherv2.esp,3C89B667,00034102,PipeWaterLeakGardens,MSTT,-1831.069336,-2936.594971,428.524384,0.0000
llamaCompanionHeatherv2.esp,3C89B666,0001CE3A,BldCopperPipeWall01,STAT,-1864.835327,-2887.293701,427.896942,90.0001
llamaCompanionHeatherv2.esp,3C89B665,0019AC47,ValvePlain01,STAT,-1864.406128,-2887.872803,574.392639,89.9965
llamaCompanionHeatherv2.esp,3C89B664,0001CE3A,BldCopperPipeWall01,STAT,-1825.400879,-2936.769775,427.896942,180.0000
llamaCompanionHeatherv2.esp,3C89B663,0019AC47,ValvePlain01,STAT,-1825.979980,-2937.198975,574.392639,359.6606
llamaCompanionHeatherv2.esp,3C8971FE,0001CE3A,BldCopperPipeWall01,STAT,-1874.022705,-3077.519775,427.896942,270.0000
llamaCompanionHeatherv2.esp,3C89B65D,00020D71,UtilFreePipe05End,STAT,-1847.463501,-3175.176514,423.488312,180.0000
llamaCompanionHeatherv2.esp,3C89720B,00034102,PipeWaterLeakGardens,MSTT,-1824.098999,-2950.224609,364.261292,0.0000
llamaCompanionHeatherv2.esp,3C89720A,00034102,PipeWaterLeakGardens,MSTT,-1831.243896,-2994.223877,364.505127,0.0000
llamaCompanionHeatherv2.esp,3C897209,0019AC47,ValvePlain01,STAT,-1798.302124,-2994.386475,392.881531,180.0000
llamaCompanionHeatherv2.esp,3C897208,0001CE3E,BldCopperPipeEnd01,STAT,-1774.185791,-2867.471924,387.363281,0.0000
llamaCompanionHeatherv2.esp,3C897207,0001CE3E,BldCopperPipeEnd01,STAT,-1903.719482,-2950.123291,363.057709,89.9999
llamaCompanionHeatherv2.esp,3C897206,0001CE3E,BldCopperPipeEnd01,STAT,-1910.410400,-2994.563965,363.229492,89.9999
llamaCompanionHeatherv2.esp,3C897205,0001CE3B,BldCopperPipe1Way01,STAT,-1772.825928,-2994.614502,446.572113,270.0001
llamaCompanionHeatherv2.esp,3C897204,0001CE3B,BldCopperPipe1Way01,STAT,-1695.587158,-2994.680420,597.805359,90.0000
llamaCompanionHeatherv2.esp,3C897200,00034102,PipeWaterLeakGardens,MSTT,-1873.919312,-3071.535400,428.641357,0.0000
llamaCompanionHeatherv2.esp,3C8971FF,0019AC47,ValvePlain01,STAT,-1874.451904,-3076.940674,574.392639,270.0000
llamaCompanionHeatherv2.esp,3C8971F9,0001CE3D,BldCopperPipe2Way01,STAT,-1823.925659,-2886.289795,597.805359,180.0001
llamaCompanionHeatherv2.esp,3C8971F8,0001CE3D,BldCopperPipe2Way01,STAT,-2015.926147,-2886.289307,597.805359,0.0001
llamaCompanionHeatherv2.esp,3C8971F6,0001CE3D,BldCopperPipe2Way01,STAT,-1823.925781,-3078.289795,597.805359,270.0001
llamaCompanionHeatherv2.esp,3C8971F4,0001CE3D,BldCopperPipe2Way01,STAT,-2015.925781,-3078.289795,597.805359,90.0000
llamaCompanionHeatherv2.esp,3C61F02A,00025251,SubwayFluorOmni01NS,LIGH,-1891.840454,-2981.492676,500.344849,0.0000
llamaCompanionHeatherv2.esp,3C61ABD3,0001CE94,FluorescentLightThin01,STAT,-1885.260132,-2980.883545,597.305298,270.0000
llamaCompanionHeatherv2.esp,3C61ABD1,00101187,defaultLightWarm02NSNonSpec,LIGH,-2135.787354,-3432.495361,434.412384,0.0000
llamaCompanionHeatherv2.esp,3C6011DD,0006799B,BldConcMdWall01,STAT,-2183.354492,-4016.300781,668.740845,180.0000
llamaCompanionHeatherv2.esp,3C6011DC,0006799B,BldConcMdWall01,STAT,-2183.354492,-3760.300781,668.740845,180.0000
llamaCompanionHeatherv2.esp,3C6011DB,0006799B,BldConcMdWall01,STAT,-2183.354492,-3248.300781,284.740814,180.0000
llamaCompanionHeatherv2.esp,3C6011DA,0006799B,BldConcMdWall01,STAT,-2183.354492,-3504.300781,284.740814,180.0000
llamaCompanionHeatherv2.esp,3C6011D9,00084DD4,DecoStain1x2Wall02,STAT,-1799.354492,-3824.300781,412.740814,90.0000
llamaCompanionHeatherv2.esp,3C3E6F99,3C3E6F96,llamaCat4Baby,NPC_,-2598.300537,-3259.022705,348.073273,88.8085
llamaCompanionHeatherv2.esp,3C3EB3EB,3C3EB3EA,llamaCat3Friend,NPC_,-2600.722900,-3238.842529,348.445862,91.6732
llamaCompanionHeatherv2.esp,3CFE53CD,000FFC0D,CatSunning,FURN,-2326.853271,-3189.178711,349.314514,106.2256
llamaCompanionHeatherv2.esp,3CEE0A6B,000FFC0D,CatSunning,FURN,-2842.618896,-3054.767822,349.314514,312.4906
llamaCompanionHeatherv2.esp,3CEE0A69,000FFC0D,CatSunning,FURN,-2848.569824,-3517.060303,349.645844,326.4593
llamaCompanionHeatherv2.esp,3CEE0A6D,000FCDCB,CatDrinking,FURN,-2780.162598,-3428.213867,354.633026,45.8368
llamaCompanionHeatherv2.esp,3C3A2A40,00067AA6,BldConcSmWall01,STAT,-1918.234985,-2725.172363,352.000000,270.0000
llamaCompanionHeatherv2.esp,3C005DCB,000A1395,IndustrialFanSmall,STAT,-2327.869141,-3084.829590,547.475342,270.0001
llamaCompanionHeatherv2.esp,3C2F379C,0019593F,CafeSideTable01,STAT,-2411.036133,-2149.433838,347.907715,180.0001
llamaCompanionHeatherv2.esp,3C2EAEAC,3C19D8D6,llamaBunkerMinuteNoodles,STAT,-2413.169189,-3614.136963,487.912750,345.6758
llamaCompanionHeatherv2.esp,3C005DB6,00023A7E,SteamTPipeTinySocketMid01,STAT,-2226.414551,-3035.700684,567.609680,269.9955
llamaCompanionHeatherv2.esp,3C005DB5,001404D0,ShowerHead02,STAT,-2226.381592,-3033.959961,567.325928,88.1665
llamaCompanionHeatherv2.esp,3C780A7A,03025B1C,DLC03KasumiThinkIdleMarker,IDLM,-1973.465210,-3004.527588,348.550232,68.7550
llamaCompanionHeatherv2.esp,3C2AACB0,3C122D5B,llamaPotionOintment,ALCH,-2159.334473,-2884.859863,435.613464,359.9998
llamaCompanionHeatherv2.esp,3C005DB4,0018F36A,FloorDrain01,STAT,-2199.209717,-2984.462891,348.740814,4.5837
llamaCompanionHeatherv2.esp,3C005D7F,00023A7E,SteamTPipeTinySocketMid01,STAT,-2226.474365,-3034.489746,567.330322,179.8806
llamaCompanionHeatherv2.esp,3C24CCB3,3C24CCB2,llamaBunkerGasCanisster,STAT,-2461.673828,-2780.101074,509.906586,299.8393
llamaCompanionHeatherv2.esp,3C043620,3C04361D,llamaworkbenchWeaponsB,FURN,-2854.539795,-3228.272705,347.873657,270.0001
llamaCompanionHeatherv2.esp,3C1EEC5B,3C1EEC5A,llamaBunkerEmptyNukaBottle,STAT,-2900.582520,-3440.083984,402.718231,71.6195
llamaCompanionHeatherv2.esp,3C1A1D2A,3C0D49F0,llamaBunkerNoteDesk,STAT,-2815.013184,-3400.516846,430.304840,192.8916
llamaCompanionHeatherv2.esp,3C19D8D7,3C19D8D6,llamaBunkerMinuteNoodles,STAT,-2372.035645,-3617.025879,433.833893,354.2704
llamaCompanionHeatherv2.esp,3C190BD3,3C79A4B2,llamaFHNoodleCupEmpty,STAT,-2341.233154,-3596.003662,474.792847,327.0548
llamaCompanionHeatherv2.esp,3C190BD2,3C79A4B2,llamaFHNoodleCupEmpty,STAT,-2341.241455,-3596.008057,477.841125,327.0221
llamaCompanionHeatherv2.esp,3C190BD1,3C79A4B2,llamaFHNoodleCupEmpty,STAT,-2333.898438,-3580.668701,477.791504,0.0000
llamaCompanionHeatherv2.esp,3C190BD0,3C79A4B2,llamaFHNoodleCupEmpty,STAT,-2340.979492,-3595.398682,481.485992,327.0548
llamaCompanionHeatherv2.esp,3C190BCF,3C79A4B2,llamaFHNoodleCupEmpty,STAT,-2333.888672,-3580.669678,474.743225,0.0000
llamaCompanionHeatherv2.esp,3C18C778,3C18C775,llamaBunkerFloraTeacupCakeGlow,CONT,-2162.044434,-3159.810791,419.985962,201.4860
llamaCompanionHeatherv2.esp,3C18C777,3C18C776,llamaBunkerFloraTeacupCakeTarberry,CONT,-2275.993652,-3162.414551,419.874847,225.0000
llamaCompanionHeatherv2.esp,3C177085,3C177086,llamaBunkerBanner,STAT,-2331.157959,-2789.356445,459.249390,90.0001
llamaCompanionHeatherv2.esp,3C005DD7,00084DD4,DecoStain1x2Wall02,STAT,-2203.721924,-2855.248535,449.250946,180.0000
llamaCompanionHeatherv2.esp,3C1591B4,00152075,Mirror04,STAT,-2501.233398,-3569.888916,387.760437,68.5523
llamaCompanionHeatherv2.esp,3C791BEC,00101187,defaultLightWarm02NSNonSpec,LIGH,-2209.989746,-3191.175537,475.679626,0.0000
llamaCompanionHeatherv2.esp,3C005D77,00023A10,SteamTPipeTiny1Way02,STAT,-2226.029785,-3101.715332,505.179779,180.4361
llamaCompanionHeatherv2.esp,3C005D76,00023A0E,SteamTPipeTiny2Way01,STAT,-2226.190186,-3035.410889,567.315796,180.0000
llamaCompanionHeatherv2.esp,3C103A74,3C029BF9,llamaBunkerRugFlower,STAT,-2412.018311,-3571.794189,348.965790,0.0001
llamaCompanionHeatherv2.esp,3C103A72,3CFE53D9,llamaBunkerRugFlowerCircle,STAT,-2583.759766,-3164.101074,402.132446,181.4616
llamaCompanionHeatherv2.esp,3C103A71,3C103A70,llamaBunkerTray,STAT,-2221.127441,-3152.108154,424.899658,270.0001
llamaCompanionHeatherv2.esp,3C103A6C,001715F4,FederalistBookcase_Shelf01,STAT,-2065.099365,-3245.381592,468.012299,0.0001
llamaCompanionHeatherv2.esp,3C0F6CAB,0014E682,CatTableSitting,FURN,-2587.363770,-3166.154297,346.839996,249.9464
llamaCompanionHeatherv2.esp,3C0F6CBE,3CF7EA9B,llamaBunkerGunsAndBullets,STAT,-2864.020996,-3208.897705,422.976257,281.2181
llamaCompanionHeatherv2.esp,3C005D60,00022783,UtilMetalDoorPlugA01,STAT,-2311.354492,-2992.300781,348.740814,0.0000
llamaCompanionHeatherv2.esp,3C1AD737,0010EDA1,HotelBell,ACTI,-2899.137695,-3495.362549,406.266022,0.0000
llamaCompanionHeatherv2.esp,3C0F6CB9,3C103A73,llamaBunkerBlockH,STAT,-2895.293213,-3505.923340,408.603729,342.8113
llamaCompanionHeatherv2.esp,3C0F6CAC,000BAD57,NpcStoolStadiumSit01Static,STAT,-2583.779297,-3164.116699,348.141052,355.7028
llamaCompanionHeatherv2.esp,3C1AD73D,00059AF8,Pencil,MISC,-2878.569336,-3500.854492,405.526428,106.7936
llamaCompanionHeatherv2.esp,3C0D49EE,00140D99,Pen01,MISC,-2876.669922,-3503.572021,405.308655,100.6219
llamaCompanionHeatherv2.esp,3C005D5D,00067ACD,BldConcSmWallPillar02,STAT,-2327.354492,-2848.300781,348.740814,0.0000
llamaCompanionHeatherv2.esp,3C0F6C93,0007C610,NPCInvWallLean01Spouse,FURN,-2349.881104,-3060.489502,347.907593,180.0000
llamaCompanionHeatherv2.esp,3C0D8E41,3C79604C,llamaBunkerTeaPot,STAT,-2286.926514,-3148.071045,397.995605,70.1871
llamaCompanionHeatherv2.esp,3C0D49EC,3C0D49EB,llamaBunkerSmokeAshtrayDesk,STAT,-2880.486816,-3428.087158,404.536377,319.8928
llamaCompanionHeatherv2.esp,3C0D0599,3C0CC143,llamaFloorIndBldShellInMidFlrOnly01,STAT,-1672.386353,-2738.150879,348.360291,90.0000
llamaCompanionHeatherv2.esp,3C0D0598,3C0CC143,llamaFloorIndBldShellInMidFlrOnly01,STAT,-1672.386475,-2994.150879,348.360291,90.0000
llamaCompanionHeatherv2.esp,3C0B271C,00101187,defaultLightWarm02NSNonSpec,LIGH,-2815.583740,-3227.672363,461.782196,270.0001
llamaCompanionHeatherv2.esp,3C2C1656,3C0D0596,llamaBunkerHighPoly_Note,STAT,-2785.068848,-3403.041748,460.262878,179.9998
llamaCompanionHeatherv2.esp,3C0CC144,3C0CC143,llamaFloorIndBldShellInMidFlrOnly01,STAT,-1928.386475,-2738.150879,348.360291,90.0001
llamaCompanionHeatherv2.esp,3CFC30E5,3C0CC143,llamaFloorIndBldShellInMidFlrOnly01,STAT,-1928.386475,-2994.150879,348.360291,90.0000
llamaCompanionHeatherv2.esp,3C0C388A,3C0C3888,llamaBunkerPlate,STAT,-2286.449951,-3148.128174,397.407227,331.3520
llamaCompanionHeatherv2.esp,3C0C3889,3C0C3888,llamaBunkerPlate,STAT,-2286.449951,-3148.128174,396.739166,331.3520
llamaCompanionHeatherv2.esp,3C0C3887,3C0C3881,llamaBunkerWine,STAT,-2269.917725,-3145.372314,365.470306,180.4774
llamaCompanionHeatherv2.esp,3C0C3886,3C0C3881,llamaBunkerWine,STAT,-2270.836426,-3141.799072,361.244019,156.9633
llamaCompanionHeatherv2.esp,3C0C3885,3C0C3881,llamaBunkerWine,STAT,-2270.079102,-3148.860596,361.244019,228.9424
llamaCompanionHeatherv2.esp,3C0C3880,3C796044,llamaBunkerTeaCup,STAT,-2291.223877,-3143.777100,383.811066,248.1502
llamaCompanionHeatherv2.esp,3C0C387F,3C796044,llamaBunkerTeaCup,STAT,-2290.944336,-3144.379395,381.783539,248.2730
llamaCompanionHeatherv2.esp,3C0C387E,3C79604C,llamaBunkerTeaPot,STAT,-2280.124756,-3149.565674,377.050385,121.7535
llamaCompanionHeatherv2.esp,3C0C387D,3C79A4B2,llamaFHNoodleCupEmpty,STAT,-2291.139404,-3144.364258,379.122650,180.0000
llamaCompanionHeatherv2.esp,3C0C387C,3C79A4B2,llamaFHNoodleCupEmpty,STAT,-2291.486328,-3144.543701,377.030609,180.0000
llamaCompanionHeatherv2.esp,3C0B2725,3C0B2724,llamaBunkerBlueMat,STAT,-2169.729492,-3169.384521,425.546295,271.4324
llamaCompanionHeatherv2.esp,3C0B272E,0003030D,DinerIntCounterHalf01,STAT,-2233.311523,-3162.598145,347.068665,90.0001
llamaCompanionHeatherv2.esp,3C0B272D,00077C8D,DinerIntCounterEnd02,STAT,-2265.311523,-3162.598145,347.068665,180.0002
llamaCompanionHeatherv2.esp,3C0B2726,3C0B2724,llamaBunkerBlueMat,STAT,-2265.513672,-3168.114258,425.546295,294.3507
llamaCompanionHeatherv2.esp,3C0B271D,000DC8AD,SubLight02WallFree,STAT,-2910.628174,-3225.176025,574.038513,0.0000
llamaCompanionHeatherv2.esp,3C0B271B,000DC8AD,SubLight02WallFree,STAT,-2692.410400,-3112.753418,573.347351,90.0000
llamaCompanionHeatherv2.esp,3C0B271A,00101187,defaultLightWarm02NSNonSpec,LIGH,-2693.304932,-3171.237793,461.091064,0.0001
llamaCompanionHeatherv2.esp,3C003672,0008FCA8,BobbyPinBox,MISC,-2622.139160,-2807.016602,416.743713,76.8674
llamaCompanionHeatherv2.esp,3C79A4D6,3C0C388E,llamaBunkerSmokeBottle,STAT,-2890.232666,-3005.988281,411.273529,0.0000
llamaCompanionHeatherv2.esp,3C11E896,3C11E894,llamaBunkerChester,STAT,-2880.855957,-2926.531250,405.717499,276.0748
llamaCompanionHeatherv2.esp,3CF9C932,3C11E894,llamaBunkerChester,STAT,-2767.409912,-3084.709717,508.777924,181.5110
llamaCompanionHeatherv2.esp,3CF8FC2D,3C058B2E,llamaBunkerWillowVaseCylinder,STAT,-2710.291504,-3085.365967,498.681152,314.1634
llamaCompanionHeatherv2.esp,3CF8FC32,3C058B31,llamaBunkerWillowVaseRoundTall,STAT,-2729.378906,-3086.144531,498.724182,0.0000
llamaCompanionHeatherv2.esp,3C0AE2C8,000DC8AD,SubLight02WallFree,STAT,-2430.705811,-2762.660645,573.347351,90.0000
llamaCompanionHeatherv2.esp,3C7629FE,3C0A9E6E,llamaStoolStadiumSit01EatNoodlesLeft,FURN,-2285.214355,-3230.033203,348.896942,21.4859
llamaCompanionHeatherv2.esp,3C005D5B,00067ACF,BldConcSmWallPillarBg01,STAT,-2055.354492,-2864.300781,348.740814,0.0000
llamaCompanionHeatherv2.esp,3C098D0A,0019912C,DefaultLightBlueFungusNowGreen01,LIGH,-2095.434326,-3303.808594,438.773529,0.0000
llamaCompanionHeatherv2.esp,3C644785,000330F1,PotatoCrisps,ALCH,-2897.089355,-2905.627441,410.652679,55.6620
llamaCompanionHeatherv2.esp,3C644786,000330B4,FancyLadSnackCakes,ALCH,-2899.905273,-2884.211182,409.195831,70.6565
llamaCompanionHeatherv2.esp,3C087BC1,03001921,BuoyHook01,STAT,-2910.207764,-3149.137207,584.059937,270.0002
llamaCompanionHeatherv2.esp,3C07AEC0,3C07AEBC,llamaBunkerPotPlants,STAT,-2864.299316,-3271.242432,471.693085,180.0001
llamaCompanionHeatherv2.esp,3C05D03A,0004835F,NukaColaQuantum,ALCH,-2772.477051,-3155.951660,407.751556,265.4617
llamaCompanionHeatherv2.esp,3C00BD7F,3C0614A8,llamaBunkerPillowCapt,STAT,-2101.899658,-3430.845459,391.768707,268.3268
llamaCompanionHeatherv2.esp,3C00757C,3C0017A5,llamaBunkerAlchemyOther,CONT,-2627.361084,-3337.937988,475.197235,180.0000
llamaCompanionHeatherv2.esp,3C005D5A,00067ACF,BldConcSmWallPillarBg01,STAT,-2055.354492,-3120.300781,348.115997,0.0000
llamaCompanionHeatherv2.esp,3C05D036,3C03AD70,llamaBunkerPaints,STAT,-2911.837891,-3324.627441,347.678741,95.0057
llamaCompanionHeatherv2.esp,3C75A0FA,3C047A74,llamaMechanistPoster02,STAT,-2156.894531,-3137.179932,484.645477,180.0001
llamaCompanionHeatherv2.esp,3C047A73,001650AE,SignFactoryMetalFrame01,STAT,-2156.723145,-3136.892578,485.611755,0.0000
llamaCompanionHeatherv2.esp,3C047A72,0001CE3C,BldCopperPipe1Way02,STAT,-2407.354492,-3744.300781,605.387390,0.0000
llamaCompanionHeatherv2.esp,3C005D59,00067ACD,BldConcSmWallPillar02,STAT,-2327.354492,-3136.300781,348.115997,0.0000
llamaCompanionHeatherv2.esp,3C005D58,00067ACF,BldConcSmWallPillarBg01,STAT,-2564.924561,-3648.664307,348.740814,0.0000
llamaCompanionHeatherv2.esp,3C03AD5F,0023FA04,WastelandFungusStalk01_1,STAT,-2915.387939,-3732.108154,478.584351,210.0687
llamaCompanionHeatherv2.esp,3C03AD5E,0023FA04,WastelandFungusStalk01_1,STAT,-2919.926758,-3729.203369,480.237061,7.6311
llamaCompanionHeatherv2.esp,3C029BF8,3C029BF9,llamaBunkerRugFlower,STAT,-2770.104980,-3400.515137,349.090942,180.0001
llamaCompanionHeatherv2.esp,3C55D7D0,3C561C6D,llamaBunkerGnome02,STAT,-2419.918701,-2749.040283,414.642029,351.8745
llamaCompanionHeatherv2.esp,3C0257A2,001650AE,SignFactoryMetalFrame01,STAT,-2674.052490,-2694.646973,468.040375,0.0000
llamaCompanionHeatherv2.esp,3C02579E,3C00BD7E,llamaBunkerPillow,STAT,-2672.398682,-2738.612305,385.486969,13.7411
llamaCompanionHeatherv2.esp,3C02579D,3C00BD7E,llamaBunkerPillow,STAT,-2859.359619,-2742.742676,385.319489,339.7137
llamaCompanionHeatherv2.esp,3C78D78D,000DC8AD,SubLight02WallFree,STAT,-2072.135498,-3433.206787,534.512207,180.0000
llamaCompanionHeatherv2.esp,3C0101FA,030247AD,DLC03CandleFusionCore03,STAT,-2894.048096,-2951.959473,408.875305,92.1422
llamaCompanionHeatherv2.esp,3C0101F9,030247AB,DLC03CandleFusionCore02,STAT,-2896.190186,-2959.639648,408.875305,69.2245
llamaCompanionHeatherv2.esp,3CF8FC24,3C00340E,llamaBunkerBlueChair,FURN,-2675.626709,-2744.523926,348.740845,205.3016
llamaCompanionHeatherv2.esp,3CFF6539,3CFE53DC,llamaBunkerRugRectBlue,STAT,-2168.583008,-3460.821777,347.865479,0.0000
llamaCompanionHeatherv2.esp,3CFF6538,3CFE53DC,llamaBunkerRugRectBlue,STAT,-2690.626465,-3235.613281,347.741364,270.0000
llamaCompanionHeatherv2.esp,3CFE53E1,000A78FE,DaisyRug,STAT,-2441.768555,-2859.460205,348.921173,271.4326
llamaCompanionHeatherv2.esp,3CFE53DF,3CFE53DA,llamaBunkerRugRectOld,STAT,-2774.615723,-2887.747070,347.592133,180.4573
llamaCompanionHeatherv2.esp,3CFE53CA,0003030D,DinerIntCounterHalf01,STAT,-2169.311523,-3162.598389,347.068665,90.0001
llamaCompanionHeatherv2.esp,3CFE53C0,0004A9DE,BldgShellFloorWood01,STAT,-2450.361816,-3760.478027,347.907471,180.0000
llamaCompanionHeatherv2.esp,3C005D4C,00067A95,BldConcSmWallScktA01,STAT,-2183.354492,-2992.300781,348.740814,0.0000
llamaCompanionHeatherv2.esp,3CFC7579,00067AA6,BldConcSmWall01,STAT,-1792.820190,-2983.823242,484.893555,65.3232
llamaCompanionHeatherv2.esp,3CFC7578,00067AA6,BldConcSmWall01,STAT,-2311.660400,-2672.321289,492.741394,65.3232
llamaCompanionHeatherv2.esp,3CFC7577,00067AA6,BldConcSmWall01,STAT,-2311.339355,-3184.321289,492.740845,65.3232
llamaCompanionHeatherv2.esp,3CFC7576,00067AA6,BldConcSmWall01,STAT,-2055.299072,-3248.160645,492.814575,65.3232
llamaCompanionHeatherv2.esp,3CFC7575,00067AA6,BldConcSmWall01,STAT,-2063.630371,-2976.160645,492.815155,65.3232
llamaCompanionHeatherv2.esp,3CFC7574,00067AA6,BldConcSmWall01,STAT,-2311.499756,-2928.321289,492.741119,65.3232
llamaCompanionHeatherv2.esp,3CFC7573,00067AA6,BldConcSmWall01,STAT,-2311.018066,-3696.321289,492.740265,65.3232
llamaCompanionHeatherv2.esp,3CFC7572,00067AA6,BldConcSmWall01,STAT,-2182.576172,-4400.240723,492.776398,270.0001
llamaCompanionHeatherv2.esp,3CFC7571,00067AA6,BldConcSmWall01,STAT,-2055.138428,-3504.160645,492.814270,65.3232
llamaCompanionHeatherv2.esp,3CFC7570,00067AA6,BldConcSmWall01,STAT,-2311.178711,-3440.321289,492.740540,65.3232
llamaCompanionHeatherv2.esp,3CFC756F,00067AA6,BldConcSmWall01,STAT,-2567.660400,-2672.481934,492.667603,65.3232
llamaCompanionHeatherv2.esp,3CFC756E,00067AA6,BldConcSmWall01,STAT,-2823.660400,-2672.642578,492.593781,65.3232
llamaCompanionHeatherv2.esp,3CFC756B,00067AA6,BldConcSmWall01,STAT,-2567.499756,-2928.481934,492.667328,65.3232
llamaCompanionHeatherv2.esp,3CFC756A,00067AA6,BldConcSmWall01,STAT,-2823.499756,-2928.642578,492.593506,65.3232
llamaCompanionHeatherv2.esp,3CFC7569,00067AA6,BldConcSmWall01,STAT,-2567.339111,-3184.481934,492.667023,65.3232
llamaCompanionHeatherv2.esp,3CFC7568,00067AA6,BldConcSmWall01,STAT,-2823.339111,-3184.642578,492.593231,65.3232
llamaCompanionHeatherv2.esp,3CFC7567,00067AA6,BldConcSmWall01,STAT,-2567.178467,-3440.481934,492.666748,65.3232
llamaCompanionHeatherv2.esp,3CFC7566,00067AA6,BldConcSmWall01,STAT,-2823.178467,-3440.642578,492.592957,65.3232
llamaCompanionHeatherv2.esp,3CFC7565,00067AA6,BldConcSmWall01,STAT,-2823.018066,-3696.642578,492.592651,65.3232
llamaCompanionHeatherv2.esp,3CFC7564,00067AA6,BldConcSmWall01,STAT,-2567.018066,-3696.481934,492.666443,65.3232
llamaCompanionHeatherv2.esp,3CFC755B,00067ACF,BldConcSmWallPillarBg01,STAT,-2567.354736,-3376.300781,348.740814,180.0001
llamaCompanionHeatherv2.esp,3CFC7540,0001DB7F,FloorChunk02,STAT,-1481.459717,-3546.487061,705.809814,0.0000
llamaCompanionHeatherv2.esp,3C55D7DC,0002279B,UtilMetalDoor01,DOOR,-2064.406250,-2966.935059,348.912964,90.0001
llamaCompanionHeatherv2.esp,3CFC30E0,0004A9DE,BldgShellFloorWood01,STAT,-2962.358643,-2736.477295,347.907349,0.0000
llamaCompanionHeatherv2.esp,3CFC30DF,0004A9DE,BldgShellFloorWood01,STAT,-2706.358643,-2736.478027,347.907471,0.0000
llamaCompanionHeatherv2.esp,3CFC30DE,0004A9DE,BldgShellFloorWood01,STAT,-2450.358887,-2736.478760,347.907593,90.0000
llamaCompanionHeatherv2.esp,3CFC30DD,0004A9DE,BldgShellFloorWood01,STAT,-2194.358887,-2736.479492,347.907715,0.0000
llamaCompanionHeatherv2.esp,3CFC30DC,0004A9DE,BldgShellFloorWood01,STAT,-2962.359375,-2992.477295,347.907349,0.0000
llamaCompanionHeatherv2.esp,3CFC30DB,0004A9DE,BldgShellFloorWood01,STAT,-2706.359375,-2992.478027,347.907471,0.0000
llamaCompanionHeatherv2.esp,3CFC30DA,0004A9DE,BldgShellFloorWood01,STAT,-2450.359619,-2992.478760,347.907593,90.0000
llamaCompanionHeatherv2.esp,3CFC30D8,0004A9DE,BldgShellFloorWood01,STAT,-2962.360352,-3248.477295,347.907349,180.0000
llamaCompanionHeatherv2.esp,3CFC30D7,0004A9DE,BldgShellFloorWood01,STAT,-2706.360352,-3248.478027,347.907471,0.0000
llamaCompanionHeatherv2.esp,3CFC30D6,0004A9DE,BldgShellFloorWood01,STAT,-2450.360596,-3248.478760,347.907593,90.0000
llamaCompanionHeatherv2.esp,3CFC30D5,0004A9DE,BldgShellFloorWood01,STAT,-2194.360596,-3248.479492,347.907715,90.0000
llamaCompanionHeatherv2.esp,3CFC30D4,0004A9DE,BldgShellFloorWood01,STAT,-2962.361816,-3760.477295,347.907349,180.0000
llamaCompanionHeatherv2.esp,3CFC30D3,0004A9DE,BldgShellFloorWood01,STAT,-2706.361816,-3760.478027,347.907471,180.0000
llamaCompanionHeatherv2.esp,3CFC30D2,0004A9DE,BldgShellFloorWood01,STAT,-2962.360840,-3504.477295,347.907349,180.0000
llamaCompanionHeatherv2.esp,3CFC30D1,0004A9DE,BldgShellFloorWood01,STAT,-2706.360840,-3504.478027,347.907471,180.0000
llamaCompanionHeatherv2.esp,3CFC30D0,0004A9DE,BldgShellFloorWood01,STAT,-2450.361084,-3504.478760,347.907593,90.0000
llamaCompanionHeatherv2.esp,3CFC30CF,0004A9DE,BldgShellFloorWood01,STAT,-2194.361084,-3504.479492,347.907715,90.0000
llamaCompanionHeatherv2.esp,3CFC30A1,3C0CC143,llamaFloorIndBldShellInMidFlrOnly01,STAT,-2184.386475,-2994.150879,348.360291,90.0000
llamaCompanionHeatherv2.esp,3C796040,000DC8AD,SubLight02WallFree,STAT,-2438.075928,-3628.683350,569.626709,270.0001
llamaCompanionHeatherv2.esp,3C78D793,000DC8AD,SubLight02WallFree,STAT,-2209.322021,-3136.209961,567.311218,90.0001
llamaCompanionHeatherv2.esp,3CFC3089,001C9D5E,SignRoad_Arrow_NoPost01,STAT,-2925.564941,-3454.921631,474.533722,357.3267
llamaCompanionHeatherv2.esp,3CFC3088,000036CC,ConcBrckSmWall01,STAT,-2975.169434,-2805.450195,606.150330,269.9996
llamaCompanionHeatherv2.esp,3CFC3087,000036CC,ConcBrckSmWall01,STAT,-2719.169434,-2805.451660,606.150330,269.9996
llamaCompanionHeatherv2.esp,3C005E08,3CFBEC2B,llamaBunkerSmStairs02,STAT,-2032.862671,-4336.746582,646.830078,0.0000
llamaCompanionHeatherv2.esp,3C005D3D,3CFBEC2A,llamaBunkerSmStairsBlock02,STAT,-1927.266479,-4301.859375,348.259613,0.0000
llamaCompanionHeatherv2.esp,3CFBEC21,000036CC,ConcBrckSmWall01,STAT,-2421.675537,-3516.601074,606.559143,89.9997
llamaCompanionHeatherv2.esp,3CFBEC20,000036CC,ConcBrckSmWall01,STAT,-2210.367432,-3247.938965,604.360291,269.9998
llamaCompanionHeatherv2.esp,3CFBEC1F,000036CC,ConcBrckSmWall01,STAT,-2442.458740,-2874.595947,606.559143,269.9998
llamaCompanionHeatherv2.esp,3CFBEC1E,000036CC,ConcBrckSmWall01,STAT,-2802.458740,-2722.594727,606.559082,0.0000
llamaCompanionHeatherv2.esp,3CFBEC1B,000036CC,ConcBrckSmWall01,STAT,-2802.458984,-2978.594727,606.559082,0.0000
llamaCompanionHeatherv2.esp,3CFA9652,030247B1,DLC03CandleFusionCore05,STAT,-2896.188477,-2969.973877,408.875305,182.3834
llamaCompanionHeatherv2.esp,3CF9C93E,030247B1,DLC03CandleFusionCore05,STAT,-2794.342529,-3074.230225,498.683502,216.7607
llamaCompanionHeatherv2.esp,3CF9C93D,030247AF,DLC03CandleFusionCore04,STAT,-2788.504883,-3076.137695,497.952271,0.0000
llamaCompanionHeatherv2.esp,3CF9C93C,030247AB,DLC03CandleFusionCore02,STAT,-2743.917725,-3073.340088,498.074646,0.0000
llamaCompanionHeatherv2.esp,3CF9C936,000CF8C9,BldGlassTrans01,STAT,-2810.936035,-3070.775635,441.596710,270.0000
llamaCompanionHeatherv2.esp,3CF9C935,000CF8C9,BldGlassTrans01,STAT,-2764.091309,-3070.567139,441.596710,270.0000
llamaCompanionHeatherv2.esp,3C79A4D5,3C1A3E4A,llamaBunkerDresser01,CONT,-2617.856689,-2835.927490,347.712158,270.0003
llamaCompanionHeatherv2.esp,3C005D4B,00067AA6,BldConcSmWall01,STAT,-2183.354492,-2736.300781,348.740814,270.0000
llamaCompanionHeatherv2.esp,3CF8FC36,0022CC0E,DN154_GiddyupButtercup_STATIC,STAT,-2818.462402,-3075.543701,498.502594,279.7860
llamaCompanionHeatherv2.esp,3CF8FC35,0022CC0E,DN154_GiddyupButtercup_STATIC,STAT,-2809.737793,-3088.148438,498.502594,279.7860
llamaCompanionHeatherv2.esp,3CF8FC33,06043187,MacMechNukaJar02a,STAT,-2767.349365,-3083.410889,498.493774,0.0000
llamaCompanionHeatherv2.esp,3CF8FC31,3C058B30,llamaBunkerWillowVaseRound,STAT,-2720.828857,-3073.440430,498.550751,0.0000
llamaCompanionHeatherv2.esp,3CF8FC25,3C00340E,llamaBunkerBlueChair,FURN,-2855.299805,-2746.930176,348.740845,142.2764
llamaCompanionHeatherv2.esp,3CF8FC22,000A78FE,DaisyRug,STAT,-2762.842773,-2773.876465,349.701477,8.9496
llamaCompanionHeatherv2.esp,3CF8FC0D,0009B065,PosterCosmos,STAT,-2911.098389,-3333.657227,488.320343,270.0000
llamaCompanionHeatherv2.esp,3CF8FC0B,001ABE37,MetalShelf_Piece,STAT,-2879.220215,-3814.391357,505.712585,90.0000
llamaCompanionHeatherv2.esp,3CF8FC0A,001ABE37,MetalShelf_Piece,STAT,-2926.828125,-3814.521973,505.712585,90.0000
llamaCompanionHeatherv2.esp,3CF8FC09,001ABE37,MetalShelf_Piece,STAT,-2926.148926,-3782.463135,505.712646,90.1137
llamaCompanionHeatherv2.esp,3CF8FC08,001ABE37,MetalShelf_Piece,STAT,-2926.049072,-3734.815674,505.712646,90.1137
llamaCompanionHeatherv2.esp,3CF8FC07,001ABE37,MetalShelf_Piece,STAT,-2926.049072,-3688.344971,505.712585,90.1137
llamaCompanionHeatherv2.esp,3CF8FC06,001ABE37,MetalShelf_Piece,STAT,-2926.138428,-3640.432861,505.712585,90.1137
llamaCompanionHeatherv2.esp,3CF8FC05,001ABE37,MetalShelf_Piece,STAT,-2912.943359,-3111.859375,400.810211,270.0000
llamaCompanionHeatherv2.esp,3CF8FC04,001ABE37,MetalShelf_Piece,STAT,-2913.046875,-3111.928223,504.518219,270.0000
llamaCompanionHeatherv2.esp,3CF8B7B3,001ABE37,MetalShelf_Piece,STAT,-2913.105469,-3159.259521,400.810211,270.0000
llamaCompanionHeatherv2.esp,3CF8B7B2,001ABE37,MetalShelf_Piece,STAT,-2913.105469,-3207.147949,400.810120,270.0000
llamaCompanionHeatherv2.esp,3CF8B7B1,001ABE37,MetalShelf_Piece,STAT,-2912.936768,-3206.335205,504.518280,270.0000
llamaCompanionHeatherv2.esp,3CF8B7B0,001ABE37,MetalShelf_Piece,STAT,-2913.208984,-3159.328369,504.518219,270.0000
llamaCompanionHeatherv2.esp,3CF8B7AC,001ABE37,MetalShelf_Piece,STAT,-2912.798340,-3254.046387,504.518219,270.0000
llamaCompanionHeatherv2.esp,3CF8B7AB,001ABE37,MetalShelf_Piece,STAT,-2913.099365,-3253.843018,400.810211,270.0000
llamaCompanionHeatherv2.esp,3CF8B7A6,001ABE37,MetalShelf_Piece,STAT,-2879.220215,-3814.391357,401.903992,90.0000
llamaCompanionHeatherv2.esp,3CF8B7A5,001ABE37,MetalShelf_Piece,STAT,-2926.828125,-3814.521973,401.903992,90.0000
llamaCompanionHeatherv2.esp,3CF8B7A4,001ABE37,MetalShelf_Piece,STAT,-2926.860840,-3782.575439,401.904053,90.1137
llamaCompanionHeatherv2.esp,3CF8B7A3,001ABE37,MetalShelf_Piece,STAT,-2926.138428,-3640.432861,401.903992,90.1137
llamaCompanionHeatherv2.esp,3CF8B7A2,001ABE37,MetalShelf_Piece,STAT,-2926.049072,-3734.815674,401.904053,90.1137
llamaCompanionHeatherv2.esp,3CF8B7A1,001ABE37,MetalShelf_Piece,STAT,-2926.049072,-3688.344971,401.903992,90.1137
llamaCompanionHeatherv2.esp,3CF8B7A0,0009B060,PosterMart01,STAT,-2927.298828,-3722.750977,514.801880,270.0000
llamaCompanionHeatherv2.esp,3CF8B79F,0009B065,PosterCosmos,STAT,-2927.105957,-3670.003906,514.177979,270.0000
llamaCompanionHeatherv2.esp,3CF8B79D,000A78FE,DaisyRug,STAT,-2846.210938,-3527.539795,348.921173,107.1889
llamaCompanionHeatherv2.esp,3C79A4D3,3CF7EAA8,llamaBunkerVaseBedside,STAT,-2901.238525,-3017.305664,411.338806,0.0000
llamaCompanionHeatherv2.esp,3CF7EAA3,3CF7EA9E,llamaBunkerSchematics,STAT,-2869.533691,-3241.137207,476.277069,168.6905
llamaCompanionHeatherv2.esp,3CF7EA9F,3CF7EA9E,llamaBunkerSchematics,STAT,-2867.418945,-3248.114746,406.098480,202.4022
llamaCompanionHeatherv2.esp,3CF7A648,000731A4,c_Steel_scrap,MISC,-2918.876709,-3673.853271,493.878571,89.9996
llamaCompanionHeatherv2.esp,3CF7A647,0300A2BA,DefaultOrangeBlight01NS,LIGH,-2032.304199,-3055.340332,433.076538,0.0000
llamaCompanionHeatherv2.esp,3C76F89D,0010B0B2,defaultLightCandle02FlickerNS,LIGH,-2762.636719,-2736.501465,403.727753,0.0000
llamaCompanionHeatherv2.esp,3C057BF3,00101187,defaultLightWarm02NSNonSpec,LIGH,-2438.864014,-3565.588135,442.285278,0.0000
llamaCompanionHeatherv2.esp,3C77C5F8,00101187,defaultLightWarm02NSNonSpec,LIGH,-2826.407471,-3474.142822,475.023010,90.0001
llamaCompanionHeatherv2.esp,3C77C5F6,00101187,defaultLightWarm02NSNonSpec,LIGH,-2870.547852,-3746.267578,468.467987,270.0000
llamaCompanionHeatherv2.esp,3CF60C59,3CF60C58,llamaBunkerArmorShelf,STAT,-2929.727051,-3721.318848,478.993866,0.0000
llamaCompanionHeatherv2.esp,3CF24FAE,0019912C,DefaultLightBlueFungusNowGreen01,LIGH,-2911.891113,-3732.032715,503.755798,90.0000
llamaCompanionHeatherv2.esp,3CF24FAD,0019912C,DefaultLightBlueFungusNowGreen01,LIGH,-2032.576904,-3071.081787,377.174408,90.0000
llamaCompanionHeatherv2.esp,3C005D48,00067AA6,BldConcSmWall01,STAT,-1907.802002,-2984.814209,342.893555,180.0000
llamaCompanionHeatherv2.esp,3C005D49,00067AA6,BldConcSmWall01,STAT,-2183.354492,-2992.300781,348.740814,270.0000
llamaCompanionHeatherv2.esp,3CEE0A6E,3CF24FAF,llamaBunkerCatBowl,STAT,-2770.979492,-3419.206787,349.261871,359.1636
llamaCompanionHeatherv2.esp,3CD0ADB8,0004835A,NukaColaEmpty,MISC,-2288.137695,-3145.627686,425.071442,162.3296
llamaCompanionHeatherv2.esp,3C005D47,00067AA6,BldConcSmWall01,STAT,-2183.354492,-2992.300781,348.740814,90.0000
llamaCompanionHeatherv2.esp,3CA01562,3CA01561,llamaBunkerPlantBucket,STAT,-2093.549072,-3307.701660,396.491425,93.1056
llamaCompanionHeatherv2.esp,3CA0155E,3C058B31,llamaBunkerWillowVaseRoundTall,STAT,-2314.289307,-3584.991455,475.030701,0.0000
llamaCompanionHeatherv2.esp,3CA0155C,3C755CA1,llamaFHCoffeeTin,STAT,-2885.856689,-2752.434570,492.863403,18.7354
llamaCompanionHeatherv2.esp,3CA0155B,3C755CA1,llamaFHCoffeeTin,STAT,-2848.915527,-2724.008545,507.652100,202.0818
llamaCompanionHeatherv2.esp,3CA01559,001179A5,CageBulbRed01NS,LIGH,-2886.229004,-2752.607910,532.682007,0.0000
llamaCompanionHeatherv2.esp,3CA01558,001179A5,CageBulbRed01NS,LIGH,-2848.135986,-2724.967041,544.117981,0.0000
llamaCompanionHeatherv2.esp,3CA01557,00115C02,LighrRedChain01,STAT,-2849.481934,-2722.830322,605.206116,0.0000
llamaCompanionHeatherv2.esp,3CA01556,00115C02,LighrRedChain01,STAT,-2888.478027,-2750.400146,605.239868,0.0000
llamaCompanionHeatherv2.esp,3C76F883,3C76F880,llamaBunkerFHAlmanac,STAT,-2846.063232,-3401.592285,432.462097,90.0000
llamaCompanionHeatherv2.esp,3C4104BB,06047F44,DLC04_ParkMapPamphlet,BOOK,-2713.295410,-3426.271729,389.810913,359.9868
llamaCompanionHeatherv2.esp,3C644767,3C644766,llamaBunkerBasket,CONT,-2125.244141,-3157.853516,426.045135,95.7296
llamaCompanionHeatherv2.esp,3C7DA5C1,3CABD616,llamaBunkerSideTableSm02,CONT,-2100.901611,-3554.798340,348.740936,270.0000
llamaCompanionHeatherv2.esp,3C1384B4,001A6E11,HighTechLightFloor01_Dirty_Orange_On,STAT,-2622.139648,-2737.036133,348.740814,274.8930
llamaCompanionHeatherv2.esp,3C77C605,00101187,defaultLightWarm02NSNonSpec,LIGH,-2429.832764,-2861.053955,461.091064,0.0001
llamaCompanionHeatherv2.esp,3C791BED,00101187,defaultLightWarm02NSNonSpec,LIGH,-2694.988770,-3599.481689,462.446960,241.3522
llamaCompanionHeatherv2.esp,3C7A2DA3,03003C48,Fern01_DLC03_01,STAT,-2850.142334,-2722.519287,529.214355,0.0000
llamaCompanionHeatherv2.esp,3C7A2DA1,001BBE06,ChainHanging02static,STAT,-2849.457031,-2723.187012,645.104614,11.4592
llamaCompanionHeatherv2.esp,3C79E949,001BBE06,ChainHanging02static,STAT,-2888.291260,-2751.273926,631.938416,205.3017
llamaCompanionHeatherv2.esp,3C79E947,03003C48,Fern01_DLC03_01,STAT,-2885.403320,-2753.948242,516.048157,193.8424
llamaCompanionHeatherv2.esp,3C057BEB,3C79A4D1,llamaBunkerDiamondSignScience01,STAT,-2091.390137,-3217.264648,468.591888,89.9998
llamaCompanionHeatherv2.esp,3C005D45,00067A95,BldConcSmWallScktA01,STAT,-2439.354492,-2992.300781,348.740814,180.0000
llamaCompanionHeatherv2.esp,3C796055,3C796056,llamaBunkerOvenMitt,STAT,-2427.112549,-3618.813965,462.531281,157.0818
llamaCompanionHeatherv2.esp,3C796054,03001921,BuoyHook01,STAT,-2425.378662,-3627.010742,475.847534,0.0000
llamaCompanionHeatherv2.esp,3C796051,000EF051,Clock01_Wall,STAT,-2477.311768,-3628.270264,436.334137,180.0000
llamaCompanionHeatherv2.esp,3C79604F,3C796050,llamaBunkerKitchenClutter,STAT,-2392.250244,-3613.993652,412.865387,0.0000
llamaCompanionHeatherv2.esp,3C79604B,3C78D798,llamaBunkerMug,STAT,-2469.996094,-3614.711914,471.944275,287.7044
llamaCompanionHeatherv2.esp,3C79604A,3C78D798,llamaBunkerMug,STAT,-2446.641846,-3613.105469,472.309418,287.7044
llamaCompanionHeatherv2.esp,3C796049,3C78D798,llamaBunkerMug,STAT,-2457.951416,-3614.568848,472.309418,287.7044
llamaCompanionHeatherv2.esp,3C796048,03001921,BuoyHook01,STAT,-2456.482666,-3615.257568,486.931000,8.1130
llamaCompanionHeatherv2.esp,3C796047,03001921,BuoyHook01,STAT,-2468.383545,-3615.245850,486.931000,8.1130
llamaCompanionHeatherv2.esp,3C796043,03001921,BuoyHook01,STAT,-2444.411377,-3614.230469,486.931000,8.1130
llamaCompanionHeatherv2.esp,3C796042,001F25FF,SignClutterF03b,STAT,-2533.099121,-3622.694824,481.873505,180.0003
llamaCompanionHeatherv2.esp,3C76B42B,3C76B42A,llamaBunkerVengeanceDisplay,STAT,-2895.382568,-3149.427734,579.868958,319.4239
llamaCompanionHeatherv2.esp,3C005D43,00067AA6,BldConcSmWall01,STAT,-2447.354492,-2728.300781,348.740814,0.0000
llamaCompanionHeatherv2.esp,3C644757,3C78D797,llamaBunkerBathroomMirror00,CONT,-2145.829834,-2880.093262,473.702057,0.0000
llamaCompanionHeatherv2.esp,3C76F8BF,3C78D796,llamaBunkerBRCabinet,CONT,-2894.955322,-3021.343262,348.740814,270.0001
llamaCompanionHeatherv2.esp,3C561C65,3CBECAE5,llamaBunkerFloraBlightFH,CONT,-2044.973267,-3056.488281,427.736908,270.6094
llamaCompanionHeatherv2.esp,3C78D792,000A1395,IndustrialFanSmall,STAT,-2120.816162,-3105.059814,531.187073,180.0001
llamaCompanionHeatherv2.esp,3C78D791,000DC8B5,SubLight03WallFree,STAT,-2145.936768,-2879.671875,543.466431,90.0001
llamaCompanionHeatherv2.esp,3C78D790,000A1395,IndustrialFanSmall,STAT,-2538.087646,-3592.120605,554.771179,90.0001
llamaCompanionHeatherv2.esp,3C561C55,3CBECAE0,llamaBunkerFloraMutatedFern,CONT,-1894.947266,-2893.158203,412.696503,272.5100
llamaCompanionHeatherv2.esp,3C561C66,3CBECADF,llamaBunkerFloraFeverBlossom,CONT,-1826.361084,-2984.668213,415.992035,307.4708
llamaCompanionHeatherv2.esp,3C005D40,00067AA6,BldConcSmWall01,STAT,-2799.355225,-3240.300537,348.740814,0.0001
llamaCompanionHeatherv2.esp,3C75A0F6,3C62ACC7,llamaFHAdvertsPoster04,STAT,-2673.974609,-2695.790039,467.382660,0.0001
llamaCompanionHeatherv2.esp,3C4104C2,03010135,DLC03_CoffeeCup,MISC,-2459.037598,-2787.462891,472.738190,314.1641
llamaCompanionHeatherv2.esp,3C64475E,0300160A,BuoyHangHooklLG01,STAT,-2910.824951,-3422.193848,604.836365,135.0002
llamaCompanionHeatherv2.esp,3C644760,3C755CA4,llamaBunkerSS,STAT,-2522.617920,-2818.186035,349.234161,70.8509
llamaCompanionHeatherv2.esp,3C76F890,06029BD6,DLC04_SignGrandChester,STAT,-2925.859619,-3723.942871,504.545593,270.0001
llamaCompanionHeatherv2.esp,3C64475F,3C414919,llamaBunkerNWSloth,STAT,-2249.589600,-3183.156982,512.984619,180.0002
llamaCompanionHeatherv2.esp,3C766E72,3C766E6E,llamaBunkerNWMagnetCow,STAT,-2325.601807,-3555.010254,459.732056,0.0000
llamaCompanionHeatherv2.esp,3C55D7CE,3C561C6C,llamaBunkerGnome01,STAT,-2623.231689,-3417.573486,348.740936,108.8623
llamaCompanionHeatherv2.esp,3C5660BF,3CBECAE4,llamaBunkerFloraBloodLeafFH,CONT,-1831.750977,-2957.880859,356.760132,308.4339
llamaCompanionHeatherv2.esp,3C561C62,3CBECAE4,llamaBunkerFloraBloodLeafFH,CONT,-1840.557495,-2943.070312,356.760132,90.0000
llamaCompanionHeatherv2.esp,3C780A7B,06029FE1,BasketMarket01,STAT,-1882.998291,-3075.114502,369.496704,0.0000
llamaCompanionHeatherv2.esp,3C780A78,3C561C43,llamaBunkerFertilizer,STAT,-1919.368042,-3099.778076,348.061951,0.0001
llamaCompanionHeatherv2.esp,3C780A73,3C780A75,llamaBunkerBRDivider,STAT,-2165.022217,-3111.197998,316.097778,270.0001
llamaCompanionHeatherv2.esp,3C780A6E,3C61DF7E,llamaFHBathroomSink,ACTI,-2146.351807,-2879.907471,354.110748,0.0000
llamaCompanionHeatherv2.esp,3C780A69,3C00A397,llamaBunkerNPCInvWallLean01,FURN,-2521.338135,-3375.487061,348.740814,90.0000
llamaCompanionHeatherv2.esp,3C780A68,3C2584D1,llamaNPCSmokeIdleMarker,IDLM,-2533.573975,-3288.693359,348.740906,97.8721
llamaCompanionHeatherv2.esp,3C780A65,0014B737,NPCStandingExamineIdleMarker,IDLM,-2439.453613,-2893.543213,348.740814,5.7297
llamaCompanionHeatherv2.esp,3C780A61,000DC8AA,SubLight02Hanging,STAT,-2831.882568,-3474.745850,604.673218,270.0000
llamaCompanionHeatherv2.esp,3C780A60,000DC8AA,SubLight02Hanging,STAT,-2840.974121,-3727.792969,604.535706,270.0000
llamaCompanionHeatherv2.esp,3C76F8C1,000A78FE,DaisyRug,STAT,-2841.697510,-3065.551025,348.921173,323.9496
llamaCompanionHeatherv2.esp,3C76F8AB,0002FA4E,WaxCandle01,STAT,-2758.339600,-2724.077637,383.936218,0.0000
llamaCompanionHeatherv2.esp,3C76F8AA,0002FA4E,WaxCandle01,STAT,-2765.946289,-2726.508057,383.936218,0.0000
llamaCompanionHeatherv2.esp,3C76F8A9,030247AD,DLC03CandleFusionCore03,STAT,-2755.974121,-2732.215332,383.143097,0.0000
llamaCompanionHeatherv2.esp,3C76F8A7,030247AD,DLC03CandleFusionCore03,STAT,-2773.049805,-2732.411133,383.718842,0.0000
llamaCompanionHeatherv2.esp,3C76F8A6,030247AF,DLC03CandleFusionCore04,STAT,-2761.778564,-2733.247314,385.195953,0.0000
llamaCompanionHeatherv2.esp,3C76F8A5,030247B1,DLC03CandleFusionCore05,STAT,-2767.041260,-2737.791992,383.992432,0.0000
llamaCompanionHeatherv2.esp,3C76F8A2,00035A0F,WaxCandlePuddle02,STAT,-2765.122559,-2732.629639,384.675507,350.9242
llamaCompanionHeatherv2.esp,3C76F8A0,00035A0F,WaxCandlePuddle02,STAT,-2767.022705,-2737.490479,384.675507,215.9242
llamaCompanionHeatherv2.esp,3C76F89E,00035A0F,WaxCandlePuddle02,STAT,-2759.187988,-2729.049072,384.675507,350.9242
llamaCompanionHeatherv2.esp,3C76F89C,00035A0F,WaxCandlePuddle02,STAT,-2758.526611,-2724.196045,384.675507,170.9242
llamaCompanionHeatherv2.esp,3C76F89B,00035A10,WaxCandlePuddle03,STAT,-2766.657227,-2728.185547,385.699432,41.6538
llamaCompanionHeatherv2.esp,3C76F898,00035A0F,WaxCandlePuddle02,STAT,-2773.851074,-2732.328857,384.675507,125.9242
llamaCompanionHeatherv2.esp,3C76F897,000DF251,PlayerHouse_Ruin_Fireplace01,STAT,-2763.259521,-2694.835938,349.595032,270.0000
llamaCompanionHeatherv2.esp,3C1A3E5A,3C1A3E59,llamaAdvertsPoster04propaganda,STAT,-2753.201172,-3368.046143,476.799438,180.0001
llamaCompanionHeatherv2.esp,3C76B429,03001921,BuoyHook01,STAT,-2889.622559,-3146.427490,627.163269,64.6855
llamaCompanionHeatherv2.esp,3C766E64,001650AE,SignFactoryMetalFrame01,STAT,-2214.082764,-3137.185547,485.229584,0.0000
llamaCompanionHeatherv2.esp,3C766E63,3C766E62,llamaAdvertsPoster02MrPebbles,STAT,-2213.311035,-3137.279297,485.551971,0.0000
llamaCompanionHeatherv2.esp,3C766E61,3C766E60,llamaBunkerPosterNW,STAT,-2643.461426,-3089.541992,478.468903,0.0000
llamaCompanionHeatherv2.esp,3C766E5F,3C766E5E,llamaBunkerPosterNukaDark,STAT,-2643.540283,-3089.415283,419.232788,0.0000
llamaCompanionHeatherv2.esp,3C762A0C,3C762A0B,llamaBunkerFallonsSign,STAT,-2949.679199,-2912.122559,441.717163,270.0001
llamaCompanionHeatherv2.esp,3C762A02,3C755CA1,llamaFHCoffeeTin,STAT,-2371.956055,-3618.391113,412.740936,222.4903
llamaCompanionHeatherv2.esp,3C005D3C,000679C3,BldConcMdWallPillar03,STAT,-1911.241455,-3640.065430,588.858276,180.0000
llamaCompanionHeatherv2.esp,3C64D037,3C64D041,llamaBunkerKitchenCabinet,STAT,-2437.853516,-3585.319336,334.852448,180.0000
llamaCompanionHeatherv2.esp,3C64D040,001A4AA4,PlayerHouse_Ruin_KitchenSink01Activator,ACTI,-2438.561523,-3584.533936,335.208130,180.0000
llamaCompanionHeatherv2.esp,3C64D03F,3C64D03C,llamaBunkerFridge00,CONT,-2325.183350,-3593.965576,344.622681,180.0000
llamaCompanionHeatherv2.esp,3C64D033,0009192C,PlayerHouse_Ruin_BathroomSoapTray01,STAT,-2277.645752,-3104.178467,450.494080,180.0000
llamaCompanionHeatherv2.esp,3C64478A,06041A12,DLC04_Cactus01,STAT,-2864.356445,-3815.248535,348.110199,0.0000
llamaCompanionHeatherv2.esp,3C644780,06029FE2,BasketMarket02,STAT,-2899.287598,-2904.804199,409.229675,45.8366
llamaCompanionHeatherv2.esp,3C64477F,000C9A84,PrewarBookStackSm02,STAT,-2907.824707,-2863.609375,417.685913,270.0001
llamaCompanionHeatherv2.esp,3C644773,00035A0F,WaxCandlePuddle02,STAT,-2757.038574,-2733.175293,384.675507,350.9242
llamaCompanionHeatherv2.esp,3C644772,00035A10,WaxCandlePuddle03,STAT,-2762.899658,-2733.033447,384.675507,266.6538
llamaCompanionHeatherv2.esp,3C644763,0001D30A,ClockStarburst01,STAT,-2591.485840,-2852.200928,485.993164,90.0000
llamaCompanionHeatherv2.esp,3C644759,3C64475A,llamaFHToiletPaper,STAT,-2080.517822,-3059.246582,406.540405,90.0002
llamaCompanionHeatherv2.esp,3C005D3B,000679C3,BldConcMdWallPillar03,STAT,-2304.478516,-3638.628662,348.740814,0.0000
llamaCompanionHeatherv2.esp,3C5D99AE,03003C48,Fern01_DLC03_01,STAT,-2315.229248,-3585.431396,497.485077,0.0000
llamaCompanionHeatherv2.esp,3C5D5555,00000032,COCMarkerHeading,STAT,-2183.962646,-3812.097412,348.838501,0.0001
llamaCompanionHeatherv2.esp,3C005E24,0002279B,UtilMetalDoor01,DOOR,-2575.354248,-2984.300781,348.740814,270.0001
llamaCompanionHeatherv2.esp,3C5C4407,3C5C4406,llamaSMFire,SOUN,-2874.445557,-3786.970459,370.714355,0.0000
llamaCompanionHeatherv2.esp,3C5660D9,0009B05D,PosterArmy03,STAT,-2926.406250,-3603.342529,449.231476,335.7723
llamaCompanionHeatherv2.esp,3C5660D6,00129257,SignFrameMetalRectPoster01NukaCola,STAT,-2926.883057,-3581.658936,543.404419,270.0000
llamaCompanionHeatherv2.esp,3C5660D4,00097626,workshop_PictureFrameModern01A,STAT,-2708.750000,-3400.878662,520.014771,0.0000
llamaCompanionHeatherv2.esp,3C5660D2,001140FE,SignTheaterPoster01,STAT,-2755.322266,-3113.563721,479.710602,0.0000
llamaCompanionHeatherv2.esp,3C5660CB,3C5D99AB,llamaSMBathroomSpotDrip,SOUN,-2199.354736,-2984.301514,76.740814,0.0000
llamaCompanionHeatherv2.esp,3C005D62,0002279B,UtilMetalDoor01,DOOR,-2311.354492,-2992.300781,348.740814,90.0000
llamaCompanionHeatherv2.esp,3C5660C3,000A1395,IndustrialFanSmall,STAT,-1963.360352,-3111.441406,541.278748,180.0001
llamaCompanionHeatherv2.esp,3C005D3A,0006799B,BldConcMdWall01,STAT,-2183.354492,-4016.300781,284.740814,180.0000
llamaCompanionHeatherv2.esp,3C561C69,3CC064DB,llamaBunkerFloraWildMelon,CONT,-1828.803345,-2991.203125,412.795563,34.3776
llamaCompanionHeatherv2.esp,3C561C68,001944AF,ClutterGenSlimeA,STAT,-1895.047119,-2986.947754,348.410248,280.6227
llamaCompanionHeatherv2.esp,3C561C64,000F3BBC,HitPlanterFree04,STAT,-1831.439941,-2951.920898,346.637146,0.0000
llamaCompanionHeatherv2.esp,3C005D39,0006799B,BldConcMdWall01,STAT,-2183.354492,-4016.300781,348.740814,0.0000
llamaCompanionHeatherv2.esp,3C561C61,3CBECAE3,llamaBunkerFloraBloodLeaf,CONT,-1834.005127,-3014.660889,356.760132,239.6790
llamaCompanionHeatherv2.esp,3C561C60,000F3BBC,HitPlanterFree04,STAT,-1832.111816,-3013.810059,346.637146,0.0000
llamaCompanionHeatherv2.esp,3C005D38,0006799B,BldConcMdWall01,STAT,-2183.354492,-3760.300781,348.740814,0.0000
llamaCompanionHeatherv2.esp,3C561C5B,3CBECAE2,llamaBunkerFloraThistle,CONT,-1897.709717,-3074.397705,409.761017,274.0564
llamaCompanionHeatherv2.esp,3C561C5A,3CBECADE,llamaBunkerFloraSiltBean,CONT,-1837.534912,-2900.238281,411.585327,228.2199
llamaCompanionHeatherv2.esp,3C561C59,3CBECAE1,llamaBunkerFloraWildTato,CONT,-1848.716431,-3073.956543,420.298492,136.6733
llamaCompanionHeatherv2.esp,3C561C54,0019912C,DefaultLightBlueFungusNowGreen01,LIGH,-2014.421997,-3081.126709,370.540131,90.0000
llamaCompanionHeatherv2.esp,3C561C53,000EF2F7,GreenHsPlanter01,STAT,-1826.106567,-2982.169434,407.772308,0.0000
llamaCompanionHeatherv2.esp,3C561C52,00100C92,GreenHsPlanter01Empty,STAT,-1826.229370,-2981.851318,408.004242,0.0000
llamaCompanionHeatherv2.esp,3C561C51,000EF2F7,GreenHsPlanter01,STAT,-1857.019897,-3073.589355,407.772308,90.0000
llamaCompanionHeatherv2.esp,3C561C50,00100C92,GreenHsPlanter01Empty,STAT,-1856.701904,-3073.466553,408.004242,90.0000
llamaCompanionHeatherv2.esp,3C561C4F,00100C92,GreenHsPlanter01Empty,STAT,-1860.628662,-2888.208496,408.004242,90.0000
llamaCompanionHeatherv2.esp,3C561C4D,000EF2F7,GreenHsPlanter01,STAT,-1860.946655,-2888.331299,407.772308,90.0000
llamaCompanionHeatherv2.esp,3C561C4B,3C561C43,llamaBunkerFertilizer,STAT,-1934.110107,-2905.013184,348.061951,270.1359
llamaCompanionHeatherv2.esp,3C561C49,000211CC,CoffeePot01,MISC,-1874.851196,-2906.184326,369.793182,136.5467
llamaCompanionHeatherv2.esp,3C561C48,0006D140,EnamelBucket01,MISC,-2099.470459,-2902.184082,349.030975,10.6226
llamaCompanionHeatherv2.esp,3C561C47,00083FEB,Gardenhose01,STAT,-2105.733398,-2881.413330,409.254486,0.0000
llamaCompanionHeatherv2.esp,3C561C46,3CBECAE7,llamaBunkerFloraFungusGlow,CONT,-2014.211548,-3083.416992,351.331879,262.5973
llamaCompanionHeatherv2.esp,3C561C45,3C561C43,llamaBunkerFertilizer,STAT,-2012.460327,-3065.247559,356.300812,161.5800
llamaCompanionHeatherv2.esp,3C561C44,3C561C43,llamaBunkerFertilizer,STAT,-2003.338745,-3105.731201,348.061951,0.0000
llamaCompanionHeatherv2.esp,3C55D7E9,000EF2EE,GreenHsTable01,STAT,-1828.379761,-2982.666748,348.643158,0.0001
llamaCompanionHeatherv2.esp,3C55D7E8,00058A01,GreenHsTable02,STAT,-1858.224854,-3078.038574,348.643158,90.0000
llamaCompanionHeatherv2.esp,3C55D7E7,00058A01,GreenHsTable02,STAT,-1859.836060,-2887.888184,348.643158,90.0000
llamaCompanionHeatherv2.esp,3C55D7E5,001944AF,ClutterGenSlimeA,STAT,-2229.418457,-3022.310791,348.740814,280.6227
llamaCompanionHeatherv2.esp,3C55D7E3,0018F36A,FloorDrain01,STAT,-1892.352905,-2983.281250,349.022766,90.0001
llamaCompanionHeatherv2.esp,3C55D7E2,00067AA6,BldConcSmWall01,STAT,-1908.015747,-2998.414062,342.893555,270.0000
llamaCompanionHeatherv2.esp,3C55D7E0,00067AA6,BldConcSmWall01,STAT,-1905.098877,-2968.417236,342.893555,90.0000
llamaCompanionHeatherv2.esp,3C55D7DF,00067A95,BldConcSmWallScktA01,STAT,-1936.675415,-2966.882080,344.969604,0.0001
llamaCompanionHeatherv2.esp,3C55D7DE,00067A95,BldConcSmWallScktA01,STAT,-2192.406250,-2966.935059,348.756195,180.0000
llamaCompanionHeatherv2.esp,3C55D7DD,00022783,UtilMetalDoorPlugA01,STAT,-2064.406250,-2966.935059,348.912964,0.0000
llamaCompanionHeatherv2.esp,3C55D7D2,3CBECAE7,llamaBunkerFloraFungusGlow,CONT,-2033.182007,-3072.071533,360.190460,106.9356
llamaCompanionHeatherv2.esp,3C4CC327,3C4CC326,llamaDLC04CappyFlyer,STAT,-2815.886230,-3401.389893,456.014069,170.9283
llamaCompanionHeatherv2.esp,3C4104C5,0004835D,NukaCola,ALCH,-2654.128662,-3406.936279,467.748077,188.1129
llamaCompanionHeatherv2.esp,3C4104C3,3C4104BC,llamaNukaColaDarkEmpty,MISC,-2443.755371,-2784.928955,472.807678,170.9241
llamaCompanionHeatherv2.esp,3C005DDC,0018844A,DecoStain2x1Wall01Mat,STAT,-2222.338135,-3106.844971,486.837463,180.0000
llamaCompanionHeatherv2.esp,3C32BF3D,00093E2B,HamRadio01static,STAT,-2616.763184,-2832.296875,416.855713,90.0001
llamaCompanionHeatherv2.esp,3C005D37,0006799B,BldConcMdWall01,STAT,-2171.471924,-3785.333740,347.907715,270.0000
llamaCompanionHeatherv2.esp,3C005E15,3C5385AB,llamaBunkerArmorWorkbench,FURN,-2858.609619,-3733.141357,348.740814,268.4892
llamaCompanionHeatherv2.esp,3C005E60,3C64D034,llamaBunkerStove,FURN,-2503.157959,-3596.967285,348.740936,180.0001
llamaCompanionHeatherv2.esp,3C00E850,3C00E851,llamaBunkerWorkshopResourceContainerBunker,CONT,-3005.488770,-3674.922363,351.532959,90.0001
llamaCompanionHeatherv2.esp,3C2D09C3,001C400F,RazorgrainWild,ALCH,-2788.365234,-3340.737549,427.712982,101.8030
llamaCompanionHeatherv2.esp,3C2C165C,000ABFD9,Halloween_SkeletonPoster,STAT,-2785.373779,-3403.015137,534.960327,0.0000
llamaCompanionHeatherv2.esp,3C005D2F,00067AA6,BldConcSmWall01,STAT,-2440.558350,-3526.694580,348.740936,270.0000
llamaCompanionHeatherv2.esp,3C005D2E,0006799B,BldConcMdWall01,STAT,-2183.354492,-3760.300781,284.740814,180.0000
llamaCompanionHeatherv2.esp,3C28EFF7,00023C32,Bowl_02_Ceramic,MISC,-2435.725342,-3601.503174,407.547729,224.0935
llamaCompanionHeatherv2.esp,3C28EFF5,3C0C388D,llamaBunkerSmokeCigPack,STAT,-2118.769043,-3317.362305,398.138306,179.9839
llamaCompanionHeatherv2.esp,3C28EFF4,3C0C388C,llamaBunkerSmokeAshtray,STAT,-2116.608154,-3324.386719,396.824951,353.8149
llamaCompanionHeatherv2.esp,3C28EFF3,3C0C388E,llamaBunkerSmokeBottle,STAT,-2114.949707,-3336.791992,351.065613,359.4308
llamaCompanionHeatherv2.esp,3C28EFF1,3C0C388E,llamaBunkerSmokeBottle,STAT,-2445.083740,-3603.015869,406.633911,281.3022
llamaCompanionHeatherv2.esp,3C28EFEC,0001A4B9,Newspaper01,MISC,-2129.259277,-3364.466797,350.042542,335.6493
llamaCompanionHeatherv2.esp,3C005D29,00067AA6,BldConcSmWall01,STAT,-2695.354492,-3256.300781,348.740814,270.0001
llamaCompanionHeatherv2.esp,3C005D1E,0001CE3C,BldCopperPipe1Way02,STAT,-2407.354492,-3488.300781,605.387390,0.0000
llamaCompanionHeatherv2.esp,3C005D1D,0001CE3D,BldCopperPipe2Way01,STAT,-2407.354492,-3232.300781,605.387390,90.0000
llamaCompanionHeatherv2.esp,3C005D1C,0001CE3C,BldCopperPipe1Way02,STAT,-2151.354492,-3232.300781,605.387390,90.0000
llamaCompanionHeatherv2.esp,3C1CB6AB,3C1CB69D,llamaBunkerAstoundinglyAwesomeTales11,BOOK,-2692.971191,-3415.048340,434.499817,90.0148
llamaCompanionHeatherv2.esp,3C1CB6AA,3C1CB6A0,llamaBunkerGrognakTheBarbarian04,BOOK,-2666.238037,-3409.981934,455.036346,90.0156
llamaCompanionHeatherv2.esp,3C1CB6A9,3C1CB6A1,llamaBunkerJunktownJerkyVendor02,BOOK,-2675.187256,-3420.313721,413.362305,90.0096
llamaCompanionHeatherv2.esp,3C1CB6A8,3C1CB6A4,llamaBunkerTotalHack01,BOOK,-2707.105713,-3409.401123,455.217102,90.0179
llamaCompanionHeatherv2.esp,3C004D8D,00091932,PlayerHouse_Ruin_Toilet01,STAT,-2119.317627,-3071.351562,347.845154,178.5304
llamaCompanionHeatherv2.esp,3C0036AB,3C0036A9,llamaBunkerMetalBox00,CONT,-2677.511230,-3339.621338,379.268280,180.0006
llamaCompanionHeatherv2.esp,3C0036AA,3C0036A9,llamaBunkerMetalBox00,CONT,-2627.857422,-3340.253418,378.083557,180.0006
llamaCompanionHeatherv2.esp,3C1AD73C,00165027,OfficePaperDebrisSinglePg04,STAT,-2892.029541,-3497.904541,404.857788,264.9930
llamaCompanionHeatherv2.esp,3C1AD73A,00165025,OfficePaperDebrisSinglePg02,STAT,-2889.879150,-3501.502197,404.885620,274.0564
llamaCompanionHeatherv2.esp,3C1AD736,00000021,CollisionMarker,STAT,-2448.127930,-2617.281006,523.155151,180.0000
llamaCompanionHeatherv2.esp,3C1AD734,0009221C,Ammo44,AMMO,-2446.313965,-2792.133301,437.303558,268.3269
llamaCompanionHeatherv2.esp,3C1AD733,00154AB2,MQ106_Cigar,MISC,-2445.777100,-2786.320557,439.027252,5.7238
llamaCompanionHeatherv2.esp,3C1A3E58,3C76F87E,llamaAdvertsPoster04silvershroud,STAT,-2953.763672,-3325.276123,482.382263,270.0001
llamaCompanionHeatherv2.esp,3C00368B,3C0026DD,llamaBunkerAlchemyComponents,CONT,-2675.412842,-3338.705078,475.530457,180.0006
llamaCompanionHeatherv2.esp,3C00368D,3CBECAE7,llamaBunkerFloraFungusGlow,CONT,-2915.250732,-3731.997314,480.893524,359.6785
llamaCompanionHeatherv2.esp,3C00368A,3C009BF5,llamaBunkerAlchemyIngredientsCommon,CONT,-2621.205811,-3341.483887,410.738617,90.0008
llamaCompanionHeatherv2.esp,3C0084D1,3C1A3E4C,llamaBunkerDesk,CONT,-2884.359863,-3461.542725,348.740936,270.0002
llamaCompanionHeatherv2.esp,3C006606,3C1A3E4B,llamaBunkerSideTableSm01,CONT,-2100.631836,-3307.740967,348.740936,270.0000
llamaCompanionHeatherv2.esp,3C1A2F07,3C1A2F06,llamaAdvertPoster06robot,STAT,-2825.201172,-3368.046143,476.799438,180.0001
llamaCompanionHeatherv2.esp,3C00365E,3C007573,llamaBunkerHighTechTrashCan01D,CONT,-2727.427246,-3347.374268,349.102325,191.4594
llamaCompanionHeatherv2.esp,3C002EA3,0019D817,ShelfSmall_Metal02_1Long,SCOL,-2927.840088,-3661.003662,478.372803,270.0002
llamaCompanionHeatherv2.esp,3C143405,0020B29A,HighPoly_PhotoSilverShroud,STAT,-2450.295410,-2792.622314,477.895416,180.0001
llamaCompanionHeatherv2.esp,3C13E7C2,001A6DBE,HighTechLightFloor05_Dirty,STAT,-2885.092773,-3466.312988,441.142700,0.0000
llamaCompanionHeatherv2.esp,3C13E7B9,000F0D44,SignFactorySafetySm05,STAT,-2927.264893,-3597.971924,501.654053,270.0000
llamaCompanionHeatherv2.esp,3C13E7B7,3CCCF13F,llamaBunkerCanChimes,STAT,-2625.580811,-3416.446045,605.873718,268.3269
llamaCompanionHeatherv2.esp,3C13E7A0,00000021,CollisionMarker,STAT,-2444.835693,-2566.004639,572.225586,0.0000
llamaCompanionHeatherv2.esp,3C13E79F,00000021,CollisionMarker,STAT,-2337.168945,-2684.315918,599.555786,270.0001
llamaCompanionHeatherv2.esp,3C13E79E,00000021,CollisionMarker,STAT,-2558.845947,-2685.183838,599.555786,270.0001
llamaCompanionHeatherv2.esp,3C1384B3,00000021,CollisionMarker,STAT,-2440.000000,-2808.000000,461.451294,0.0000
llamaCompanionHeatherv2.esp,3C002E98,00090E60,LawnFlamingo02Static,STAT,-2910.054199,-3794.885742,341.152039,32.9585
llamaCompanionHeatherv2.esp,3C002E8C,0006B04F,MQ203ComicGrognak_Open,STAT,-2903.761963,-2954.503174,428.880951,84.2706
llamaCompanionHeatherv2.esp,3C13D0CF,3C13D0CE,llamaBunkerShowerButton,ACTI,-2250.546387,-3104.265381,320.873474,180.0000
llamaCompanionHeatherv2.esp,3C13D0CA,00000021,CollisionMarker,STAT,-2440.574219,-2616.409912,412.277130,0.0000
llamaCompanionHeatherv2.esp,3C00179C,3C00179B,llamaBunkerLoot_Raider_Suitcase_Armor,CONT,-2854.078613,-2887.655762,348.740814,218.1809
llamaCompanionHeatherv2.esp,3C138C56,00020948,PlayerHouse_Doily01,STAT,-2092.752930,-3308.162598,397.010010,0.0000
llamaCompanionHeatherv2.esp,3C001798,3C001799,llamaBunkerLoot_DuffleBag_Cash,CONT,-2650.575684,-3068.932617,348.729492,343.7750
llamaCompanionHeatherv2.esp,3C1384B2,00000021,CollisionMarker,STAT,-2806.751221,-2220.364258,649.915344,90.0000
llamaCompanionHeatherv2.esp,3C001796,3C0C388C,llamaBunkerSmokeAshtray,STAT,-2902.706543,-2882.614258,428.974274,106.3524
llamaCompanionHeatherv2.esp,3C001795,3C0C388D,llamaBunkerSmokeCigPack,STAT,-2897.109863,-2892.165039,430.253876,358.9733
llamaCompanionHeatherv2.esp,3C11E8B8,000E2E35,Ms09CowStatue,STAT,-2410.731689,-2790.075684,434.384888,303.6679
llamaCompanionHeatherv2.esp,3C11E8BD,00197501,ToyWoodenBlock02,MISC,-2402.197510,-2786.339111,438.702209,107.8987
llamaCompanionHeatherv2.esp,3C11E8BA,00060E7C,WatchGold,MISC,-2455.099609,-2787.289062,438.215271,0.0001
llamaCompanionHeatherv2.esp,3C11E8B7,0001EE9D,FlagpoleUSA01,STAT,-2505.669922,-2787.454590,348.740814,45.0000
llamaCompanionHeatherv2.esp,3C11E8B0,0013296C,Sign_OnTheAir,STAT,-2422.083008,-2781.952881,520.923096,90.0000
llamaCompanionHeatherv2.esp,3C11E8AE,001EC1DF,WallClockNuka01,STAT,-2773.647705,-3401.864746,547.924805,0.0000
llamaCompanionHeatherv2.esp,3C11E8AB,000E6B2E,AmmoFatManMiniNuke,AMMO,-2418.929443,-2788.191895,479.028625,270.0000
llamaCompanionHeatherv2.esp,3C11E8AA,3C11E8A9,llamaBunkerCabinetDoor,STAT,-2429.960693,-2777.098145,342.825531,270.0001
llamaCompanionHeatherv2.esp,3C11E8A6,000D3851,PrewarBookSingle10,STAT,-2450.303467,-2778.715820,436.170319,255.1737
llamaCompanionHeatherv2.esp,3C11E8A4,3C11E8A3,llamaBunkerMonkeyCymbal,STAT,-2360.221680,-2800.327881,348.139557,193.8424
llamaCompanionHeatherv2.esp,3C11E89E,0001F441,FederalistBookcase01,STAT,-2430.796875,-2782.551758,405.535034,270.0001
llamaCompanionHeatherv2.esp,3C11E891,3C058B30,llamaBunkerWillowVaseRound,STAT,-2617.539795,-2827.433594,429.628113,251.1381
llamaCompanionHeatherv2.esp,3C11E88E,3C79604D,llamaBunkerTeaKettle,STAT,-2461.125732,-3617.079834,488.152954,270.0001
llamaCompanionHeatherv2.esp,3C005D2B,3C11E88B,llamaBldConcSmWall01,STAT,-2191.354492,-3248.300781,348.740936,90.0000
llamaCompanionHeatherv2.esp,3C0CBFA9,00101187,defaultLightWarm02NSNonSpec,LIGH,-2626.750244,-2741.441650,446.279816,0.0000
llamaCompanionHeatherv2.esp,3C093324,000399ED,ToolRackGarage01,STAT,-2814.494141,-3396.124268,468.955994,0.0000
llamaCompanionHeatherv2.esp,3C08029B,0009B068,PosterCivil,STAT,-2925.023438,-3514.230713,538.928589,286.6993
llamaCompanionHeatherv2.esp,3C08029A,0009B05B,PosterVaultTec01,STAT,-2835.026123,-3400.880615,478.012756,0.0000
llamaCompanionHeatherv2.esp,3C003667,3C78D798,llamaBunkerMug,STAT,-2140.409424,-2884.187256,436.059509,111.2453
llamaCompanionHeatherv2.esp,3C058B41,00067AA6,BldConcSmWall01,STAT,-2682.361816,-3712.478027,347.907471,180.0002
llamaCompanionHeatherv2.esp,3C058B36,3C058B33,llamaBunkerBotModelMrHandy,STAT,-2086.058105,-3242.463135,468.912628,229.8927
llamaCompanionHeatherv2.esp,3C058B35,3C058B2D,llamaBunkerJangles,STAT,-2273.715332,-3153.950928,485.074158,180.0000
llamaCompanionHeatherv2.esp,3C058B34,03001921,BuoyHook01,STAT,-2263.600098,-3136.112549,553.841675,180.0000
llamaCompanionHeatherv2.esp,3C057BEA,00249EAE,workshop_SignClutterM02,STAT,-2364.380615,-3627.813477,515.376831,0.0000
llamaCompanionHeatherv2.esp,3C057BE8,00249EAC,workshop_SignClutterL02,STAT,-2378.971436,-3626.589844,467.354309,0.0000
llamaCompanionHeatherv2.esp,3C057BE4,00091928,PlayerHouse_Ruin_BathroomRack03,STAT,-2227.241211,-2880.207520,451.585510,0.0000
llamaCompanionHeatherv2.esp,3C057BE1,001715F4,FederalistBookcase_Shelf01,STAT,-2043.324951,-3245.676270,466.031158,0.0001
llamaCompanionHeatherv2.esp,3C057BDE,00091929,PlayerHouse_Ruin_BathroomHook01,STAT,-2411.906006,-3627.687988,465.479340,180.0000
llamaCompanionHeatherv2.esp,3C057BDD,0009192C,PlayerHouse_Ruin_BathroomSoapTray01,STAT,-2455.233398,-3626.852295,429.566406,180.0001
llamaCompanionHeatherv2.esp,3C04AE23,3C04AE24,llamaBunkerWorkshopScavengingStation,FURN,-2809.787598,-3341.366943,348.598236,180.0001
llamaCompanionHeatherv2.esp,3C01161C,3CBECAE6,llamaBunkerFloraFungusBrain,CONT,-2188.860107,-3106.233398,463.398773,203.8820
llamaCompanionHeatherv2.esp,3C008C9F,3C0C388D,llamaBunkerSmokeCigPack,STAT,-2877.760498,-3440.688232,406.057159,359.6334
llamaCompanionHeatherv2.esp,3C008C98,3C0C388E,llamaBunkerSmokeBottle,STAT,-2873.969727,-3419.103027,404.781555,2.0332
llamaCompanionHeatherv2.esp,3C008C94,0003B2E0,RockS01,STAT,-2891.135986,-3430.364502,404.228607,180.0001
llamaCompanionHeatherv2.esp,3C008C93,000C9A85,PrewarBookStackSm03,STAT,-2902.934814,-3421.339600,418.509552,270.0000
llamaCompanionHeatherv2.esp,3C008C8E,000F1103,GreenHsFlowerPot_Static01,STAT,-2909.954102,-3794.710449,367.536591,77.4507
llamaCompanionHeatherv2.esp,3C008C8D,0022DC3A,LSPrestonHat,STAT,-2896.094727,-3772.093262,431.898071,51.5663
llamaCompanionHeatherv2.esp,3C008C87,3C00A397,llamaBunkerNPCInvWallLean01,FURN,-2546.157715,-3065.260986,348.740814,90.0000
llamaCompanionHeatherv2.esp,3C0084EC,0003AA5E,SignRoad_OneWayR_NoPost01,STAT,-2924.830566,-3583.900146,576.637695,316.5766
llamaCompanionHeatherv2.esp,3C0084EA,001C9D48,SignRoad_Metro_NoPost01,STAT,-2954.697266,-3462.755859,534.924011,353.6598
llamaCompanionHeatherv2.esp,3C0084E7,0021B03A,PlayerHouse_Ruin_Calendar02,STAT,-2926.822510,-3554.254639,510.206055,180.0002
llamaCompanionHeatherv2.esp,3C0084DE,000F7C41,ExitSignWallOff01,STAT,-2926.319336,-3467.166992,545.424438,270.0002
llamaCompanionHeatherv2.esp,3C0084D9,00018FB4,SignRestroomFemale01,STAT,-2926.667480,-3519.028320,457.670898,270.0002
llamaCompanionHeatherv2.esp,3C0084D8,001C9D5E,SignRoad_Arrow_NoPost01,STAT,-2925.564941,-3454.921631,507.806091,357.3267
llamaCompanionHeatherv2.esp,3C0084D7,00018FB5,SignRestroomMale01,STAT,-2925.945557,-3494.976562,457.925323,270.0001
llamaCompanionHeatherv2.esp,3C0084D5,00018FB1,SignRestricted01,STAT,-2925.421875,-3505.177979,491.571625,270.0002
llamaCompanionHeatherv2.esp,3C0084D0,00067AA6,BldConcSmWall01,STAT,-2815.354980,-3776.301025,348.740936,0.0001
llamaCompanionHeatherv2.esp,3C007585,3C007586,llamaBunkerFootLockerWeapons,CONT,-2679.252686,-3337.660400,348.740814,0.0000
llamaCompanionHeatherv2.esp,3C007584,3C007583,llamaBunkerFootLockerArmor,CONT,-2626.919189,-3336.139648,348.740814,0.0000
llamaCompanionHeatherv2.esp,3C007582,3C00757F,llamaBunkerAlchemyTeaChest,CONT,-2435.744385,-3620.561035,486.763916,90.0001
llamaCompanionHeatherv2.esp,3C007581,3C00757B,llamaBunkerAlchemyIngredientsRarest,CONT,-2685.050781,-3342.393555,410.738617,90.0008
llamaCompanionHeatherv2.esp,3C00757E,3C009BF6,llamaBunkerAlchemyIngredientsRare,CONT,-2646.758057,-3341.265625,410.738617,90.0008
llamaCompanionHeatherv2.esp,3C00757D,00017DD8,MetalShelf03,STAT,-2652.325439,-3342.705078,346.739685,0.0000
llamaCompanionHeatherv2.esp,3C006634,00067ACF,BldConcSmWallPillarBg01,STAT,-2565.959717,-3588.774170,348.740936,0.0000
llamaCompanionHeatherv2.esp,3C00662F,00067AA6,BldConcSmWall01,STAT,-2815.354492,-3520.300781,348.740936,0.0001
llamaCompanionHeatherv2.esp,3C00662E,00067AA6,BldConcSmWall01,STAT,-2957.134521,-3512.300781,348.740936,90.0001
llamaCompanionHeatherv2.esp,3C00662D,00067AA6,BldConcSmWall01,STAT,-2702.570068,-3512.369385,348.740936,90.0001
llamaCompanionHeatherv2.esp,3C00662A,00067AA6,BldConcSmWall01,STAT,-2929.359375,-3704.042480,348.740936,270.0001
llamaCompanionHeatherv2.esp,3C006629,00067AA6,BldConcSmWall01,STAT,-2673.359131,-3704.042480,348.740936,270.0001
llamaCompanionHeatherv2.esp,3C00661A,00249EC7,workshop_PictureAbstractRect01Framed02A,STAT,-2070.623535,-3432.250977,461.853821,90.0000
llamaCompanionHeatherv2.esp,3C006607,00082447,RadioDiamondCityReceiver,ACTI,-2085.207275,-3273.276367,468.871216,90.8368
llamaCompanionHeatherv2.esp,3C005E6A,3C791BEA,llamaDishrag,STAT,-2421.643066,-3608.707520,411.744141,40.0426
llamaCompanionHeatherv2.esp,3C005E68,3C796044,llamaBunkerTeaCup,STAT,-2446.589844,-3621.419678,505.886108,226.6256
llamaCompanionHeatherv2.esp,3C005E67,3C796044,llamaBunkerTeaCup,STAT,-2440.158447,-3613.458252,505.900726,215.6135
llamaCompanionHeatherv2.esp,3C005E66,3C79604C,llamaBunkerTeaPot,STAT,-2427.936523,-3617.295410,505.856506,143.1283
llamaCompanionHeatherv2.esp,3C005E65,0019D813,ShelfSmall_Metal01_1Long,SCOL,-2405.459717,-3627.674805,487.292297,180.0001
llamaCompanionHeatherv2.esp,3C005E5B,00101187,defaultLightWarm02NSNonSpec,LIGH,-2145.425049,-2937.737305,467.366333,0.0000
llamaCompanionHeatherv2.esp,3C005E45,00067AA6,BldConcSmWall01,STAT,-2447.354492,-2720.300781,348.740814,180.0000
llamaCompanionHeatherv2.esp,3C005E41,00067ACD,BldConcSmWallPillar02,STAT,-2559.443604,-3110.291260,350.012817,0.0000
llamaCompanionHeatherv2.esp,3C005E3E,00067AA6,BldConcSmWall01,STAT,-2959.354736,-3224.300781,348.740814,90.0001
llamaCompanionHeatherv2.esp,3C005E3D,00067AA6,BldConcSmWall01,STAT,-2703.354736,-3224.300781,348.740814,90.0001
llamaCompanionHeatherv2.esp,3C005E3C,00067AA6,BldConcSmWall01,STAT,-2951.354736,-3256.300781,348.740814,270.0001
llamaCompanionHeatherv2.esp,3C005E3B,00067ACF,BldConcSmWallPillarBg01,STAT,-2567.354736,-3376.300781,348.740814,180.0001
llamaCompanionHeatherv2.esp,3C005E30,00067AA6,BldConcSmWall01,STAT,-2927.354492,-2992.300781,348.740814,270.0000
llamaCompanionHeatherv2.esp,3C005E2E,00067AA6,BldConcSmWall01,STAT,-2914.458740,-2698.594727,348.740814,0.0001
llamaCompanionHeatherv2.esp,3C005E2B,00067A95,BldConcSmWallScktA01,STAT,-2703.354492,-2984.300781,348.740814,180.0001
llamaCompanionHeatherv2.esp,3C005E2A,00067AA6,BldConcSmWall01,STAT,-2703.354492,-2728.300781,348.740814,180.0000
llamaCompanionHeatherv2.esp,3C005E28,00067AA6,BldConcSmWall01,STAT,-2671.354492,-2992.300781,348.740814,270.0000
llamaCompanionHeatherv2.esp,3C005E26,00067A95,BldConcSmWallScktA01,STAT,-2447.354492,-2984.300781,348.740814,0.0001
llamaCompanionHeatherv2.esp,3C005E23,00022783,UtilMetalDoorPlugA01,STAT,-2575.354248,-2984.300781,348.740814,180.0001
llamaCompanionHeatherv2.esp,3C005E20,00067ACF,BldConcSmWallPillarBg01,STAT,-2950.761230,-3108.491699,348.740814,180.0001
llamaCompanionHeatherv2.esp,3C005E1E,00067AA6,BldConcSmWall01,STAT,-2916.682129,-2954.607178,348.740814,0.0001
llamaCompanionHeatherv2.esp,3C005E1D,00067AA6,BldConcSmWall01,STAT,-2715.168945,-2714.200928,348.740814,90.0001
llamaCompanionHeatherv2.esp,3C25FEA4,3C28EFEB,llamaSanctuaryMailboxEmpty,CONT,-2889.663086,-3542.374023,351.730438,270.0001
llamaCompanionHeatherv2.esp,3C358998,3C358997,llamaBunkerBlueCouch,FURN,-2118.502197,-3432.164795,350.154724,270.0000
llamaCompanionHeatherv2.esp,3C15D607,3C32B12C,llamaBunkerCounter,ACTI,-2374.968994,-3590.999268,412.737488,268.5678
llamaCompanionHeatherv2.esp,3C2F379D,3CBA4137,llamaGiftWeddingRing,ARMO,-2422.180908,-2147.453125,396.876465,268.8084
llamaCompanionHeatherv2.esp,3C047A78,3C0A9E6D,llamaStoolStadiumSit01EatNoodlesRight,FURN,-2166.714844,-3235.700928,348.896942,355.7028
llamaCompanionHeatherv2.esp,3C005E49,3CFE53C3,llamaBunkerChemStationHere,FURN,-2696.386963,-3149.948242,348.861389,180.0000
llamaCompanionHeatherv2.esp,3C25AAD4,3C00A398,llamaBunkerTerminal,TERM,-2882.728760,-3466.196045,348.709534,270.0001
llamaCompanionHeatherv2.esp,3CF8FC1C,3CF9C931,llamaBunkerBedroomWall,CONT,-2769.637695,-3104.392334,468.849304,180.0000
llamaCompanionHeatherv2.esp,3C05D038,3C05D039,llamaBunkerMetalWeapons,CONT,-2845.089844,-3211.433838,347.613342,271.4323
llamaCompanionHeatherv2.esp,3C2C165F,000625D9,ChalkBoard01,STAT,-2784.467285,-3402.173340,466.539948,0.0000
llamaCompanionHeatherv2.esp,3CEE0A71,3CEE0A6F,llamaCat1,NPC_,-2601.761719,-3213.155762,348.740814,92.3829
llamaCompanionHeatherv2.esp,3CB30B6A,0000003B,XMarker,STAT,-2422.940430,-3301.212891,348.740936,337.0817
llamaCompanionHeatherv2.esp,3C79603F,0000003B,XMarker,STAT,-2191.571533,-3085.243164,781.605103,0.0000
llamaCompanionHeatherv2.esp,3C79A4B1,0000003B,XMarker,STAT,-2010.468994,-3061.365479,773.228821,0.0000
llamaCompanionHeatherv2.esp,3C78933C,0000003B,XMarker,STAT,-2068.828857,-3090.393311,780.175049,0.0000
llamaCompanionHeatherv2.esp,3C780A84,0000003B,XMarker,STAT,-2182.398682,-3218.037598,770.772461,0.0000
llamaCompanionHeatherv2.esp,3C780A80,0000003B,XMarker,STAT,-2127.980469,-3079.874268,780.175049,0.0000
llamaCompanionHeatherv2.esp,3C780A7F,0000003B,XMarker,STAT,-2240.508545,-3204.139404,772.592957,0.0000
llamaCompanionHeatherv2.esp,3C780A7E,0000003B,XMarker,STAT,-2304.383789,-3200.628906,770.351868,0.0000
llamaCompanionHeatherv2.esp,3C561C6B,0006533C,VltXmasLightsLine01,STAT,-2332.644531,-3153.707520,606.526184,185.7297
llamaCompanionHeatherv2.esp,3C008C92,3C008C91,llamaBunkerSafeWall,CONT,-2565.865723,-3753.830566,406.271423,161.9549
llamaCompanionHeatherv2.esp,3C561C63,0305D6DE,DLC03_V118_Water1024,ACTI,-1831.312988,-2951.674072,357.086243,268.3270
llamaCompanionHeatherv2.esp,3C561C5F,0305D6DE,DLC03_V118_Water1024,ACTI,-1831.984863,-3013.563232,356.961639,268.3270
llamaCompanionHeatherv2.esp,3C32919C,00183FCD,DN160_GrognakAxe,WEAP,-2453.600586,-2775.903809,418.092133,99.8811
llamaCompanionHeatherv2.esp,3C31AD87,000FF995,AlienBlaster,WEAP,-2458.780273,-2787.230713,418.282288,106.3123
llamaCompanionHeatherv2.esp,3C2F6ACE,3C2F6ACD,llamaBunkerSharedContainer,CONT,-3238.489746,-3649.865479,350.138367,0.0000
llamaCompanionHeatherv2.esp,3C00E84F,0012E2C4,WorkshopWorkbenchInterior,CONT,-3008.147949,-3490.900879,348.740936,90.0001
llamaCompanionHeatherv2.esp,3C2C1648,3C2C1646,llamaBunkerBookStories,ACTI,-2897.122070,-3023.552979,412.975067,270.0790
llamaCompanionHeatherv2.esp,3C2C164D,3C2C164B,llamaBunkerBookCocktails,ACTI,-2765.411621,-3153.252197,406.168304,90.0000
llamaCompanionHeatherv2.esp,3C2C1650,3C2C164E,llamaBunkerBookAltMed,ACTI,-2666.453857,-3346.708984,427.779419,175.5555
llamaCompanionHeatherv2.esp,3C277374,3C277371,llamaBunkerHolidayTree,CONT,-2391.508057,-2877.534424,351.382965,272.5100
llamaCompanionHeatherv2.esp,3C1AFD42,3C1AFD41,llamaBunkerSouvenirsDump,CONT,-2160.000000,-2784.000000,344.000000,90.0001
llamaCompanionHeatherv2.esp,3C11E8A8,3C11E8A7,llamaBunkerSouvenirs,CONT,-2430.241699,-2767.197754,351.068634,270.0001
llamaCompanionHeatherv2.esp,3C1A3E4F,3C1A3E4D,llamaBunkerGiddyupButtercup,ACTI,-2517.211182,-2845.960693,348.965271,290.6494
llamaCompanionHeatherv2.esp,3C057BDC,3C057BDB,llamaBunkerCollectibles,CONT,-2491.353271,-3614.369629,487.820282,180.0512
llamaCompanionHeatherv2.esp,3C1461A5,3C1461A4,llamaBunkerShowerMistCloud,MSTT,-2187.253662,-2984.900146,458.284729,298.6470
llamaCompanionHeatherv2.esp,3C058B50,3C058B4F,llamaBunkerCage,ACTI,-2274.039062,-3164.602051,562.375671,0.0001
llamaCompanionHeatherv2.esp,3C058B4E,3C058B4C,llamaBunkerRadstag,ACTI,-2072.698730,-3560.179443,491.105621,270.0000
llamaCompanionHeatherv2.esp,3C1A1838,3C00BA7E,llamaCompanionVendorChest,CONT,-3056.927734,-3202.315186,348.740814,270.0000
llamaCompanionHeatherv2.esp,3C143401,3C15C731,llamaBunkerMagazineRackContainer02,CONT,-2688.011719,-3415.333740,348.666138,90.0001
llamaCompanionHeatherv2.esp,3C11E8C1,3C13D0D0,llamaBunkerShowerH2O,MSTT,-2227.266357,-3005.741943,551.560608,0.0000
llamaCompanionHeatherv2.esp,3C0DF864,3C138C52,llamaMetalTrapdoor01,DOOR,-2182.072998,-3846.465820,604.186584,0.0001
llamaCompanionHeatherv2.esp,3C073CF0,3C07353B,llamaBunkerPAFurniture,FURN,-2680.190918,-3638.241943,348.740936,330.5164
