source_file,ref_formid,base_formid,base_editorid,base_signature,pos_x,pos_y,pos_z,rot_z
LootableACUnit_Q.esp,06017D14,FE012812,IndustrialFanSmall_Stat,CONT,-9743.416992,-26075.484375,497.707336,126.0507
LootableACUnit_Q.esp,060411AE,FE01280F,IndustrialFan_Stat,CONT,-23615.699219,3847.492676,986.553040,180.0000
LootableACUnit_Q.esp,0602B7AD,001932CA,ACUnit01_Container,CONT,-22971.771484,5967.323730,881.534119,90.0002
LootableACUnit_Q.esp,06044DB2,FE012812,IndustrialFanSmall_Stat,CONT,-14987.541016,14328.823242,709.311279,270.9554
LootableACUnit_Q.esp,06044B65,FE012812,IndustrialFanSmall_Stat,CONT,-14968.522461,14767.623047,708.312927,282.6503
LootableACUnit_Q.esp,060397E2,FE012812,IndustrialFanSmall_Stat,CONT,-11591.402344,2618.175293,680.000000,29.9996
LootableACUnit_Q.esp,06039787,FE012812,IndustrialFanSmall_Stat,CONT,-11819.899414,1505.169678,791.653870,209.9996
LootableACUnit_Q.esp,06047EB6,FE012812,IndustrialFanSmall_Stat,CONT,-4441.301270,15119.999023,802.430786,0.0000
LootableACUnit_Q.esp,06050142,001932CA,ACUnit01_Container,CONT,-7213.976562,31872.046875,1000.000000,90.2062
LootableACUnit_Q.esp,0604072A,FE012811,IndustrialFan01_Small_Dest_Mstt,CONT,-51744.648437,503.287537,4760.662109,132.4928
LootableACUnit_Q.esp,0603F4AC,FE01280F,IndustrialFan_Stat,CONT,2053.283691,-12586.486328,1192.000000,45.0002
LootableACUnit_Q.esp,0602E70C,FE01280F,IndustrialFan_Stat,CONT,8735.376953,-20495.837891,704.541321,90.0000
LootableACUnit_Q.esp,06050C50,FE012804,MetalRoofACVent01_Stat,CONT,23871.427734,-15526.616211,1746.912354,37.8607
LootableACUnit_Q.esp,0603A4B7,FE012812,IndustrialFanSmall_Stat,CONT,2684.980469,-32988.289062,1524.213135,90.0000
LootableACUnit_Q.esp,0603A4B6,FE012812,IndustrialFanSmall_Stat,CONT,2684.980469,-33234.386719,1524.213135,90.0000
LootableACUnit_Q.esp,0603A4B3,FE012812,IndustrialFanSmall_Stat,CONT,3090.651611,-34142.617187,1225.537964,0.0000
LootableACUnit_Q.esp,0603A4B2,FE012812,IndustrialFanSmall_Stat,CONT,3090.651611,-34142.617187,1517.394531,0.0000
LootableACUnit_Q.esp,0603A4B1,FE012812,IndustrialFanSmall_Stat,CONT,1026.026001,-32878.980469,1026.205811,180.0000
LootableACUnit_Q.esp,0603A4B0,FE012812,IndustrialFanSmall_Stat,CONT,2389.441406,-32878.277344,1282.454346,180.0000
LootableACUnit_Q.esp,0603A4AF,FE012812,IndustrialFanSmall_Stat,CONT,1442.991577,-33616.000000,1281.575439,0.0000
LootableACUnit_Q.esp,0603A4AE,FE012812,IndustrialFanSmall_Stat,CONT,1565.257568,-33618.273437,1025.839844,0.0000
LootableACUnit_Q.esp,0603A4AD,FE012812,IndustrialFanSmall_Stat,CONT,1279.114746,-33618.273437,1025.839844,0.0000
LootableACUnit_Q.esp,0603A4B9,FE012812,IndustrialFanSmall_Stat,CONT,5241.248047,-33229.304687,1510.608276,270.0000
LootableACUnit_Q.esp,0603A4B8,FE012812,IndustrialFanSmall_Stat,CONT,5241.248047,-33518.277344,1510.608276,270.0000
LootableACUnit_Q.esp,0603A4B5,FE012812,IndustrialFanSmall_Stat,CONT,4357.059570,-34142.617187,1517.394531,0.0000
LootableACUnit_Q.esp,0603A4B4,FE012812,IndustrialFanSmall_Stat,CONT,4357.059570,-34142.617187,1225.537964,0.0000
LootableACUnit_Q.esp,0604F09A,001932CA,ACUnit01_Container,CONT,24348.908203,39889.769531,1210.023438,323.3306
LootableACUnit_Q.esp,06026941,FE01280F,IndustrialFan_Stat,CONT,27856.744141,53763.742187,1482.025391,2.8647
LootableACUnit_Q.esp,06025CFF,001932CA,ACUnit01_Container,CONT,29250.304687,43815.898438,1683.563232,2.0100
LootableACUnit_Q.esp,06023FD1,FE012804,MetalRoofACVent01_Stat,CONT,31603.763672,45824.707031,2506.368652,0.0000
LootableACUnit_Q.esp,06018F34,FE012804,MetalRoofACVent01_Stat,CONT,31255.292969,49252.824219,2607.599365,225.0000
LootableACUnit_Q.esp,0602719D,FE01280F,IndustrialFan_Stat,CONT,7528.043457,27824.029297,1496.000000,0.0000
LootableACUnit_Q.esp,06048D33,FE012812,IndustrialFanSmall_Stat,CONT,15472.000000,28184.000000,1960.000000,90.0000
LootableACUnit_Q.esp,0603D7A9,FE012812,IndustrialFanSmall_Stat,CONT,14414.865234,28371.148437,1282.291870,270.0001
LootableACUnit_Q.esp,06034557,FE012812,IndustrialFanSmall_Stat,CONT,14415.234375,31009.884766,1496.359253,270.0003
LootableACUnit_Q.esp,06029188,FE01280F,IndustrialFan_Stat,CONT,22797.486328,31849.626953,1095.871338,89.6563
LootableACUnit_Q.esp,030048CF,FE012804,MetalRoofACVent01_Stat,CONT,-29823.324219,-24768.150391,729.268372,214.7549
LootableACUnit_Q.esp,03007AE5,FE012804,MetalRoofACVent01_Stat,CONT,-9882.890625,35782.296875,2068.500000,270.0000
LootableACUnit_Q.esp,0301EADD,FE012811,IndustrialFan01_Small_Dest_Mstt,CONT,-21771.832031,4739.789551,1094.996460,124.1136
LootableACUnit_Q.esp,0301EADC,FE012811,IndustrialFan01_Small_Dest_Mstt,CONT,-21848.105469,4627.191406,1094.996460,124.1136
LootableACUnit_Q.esp,0304DAC4,FE012812,IndustrialFanSmall_Stat,CONT,-6021.343262,16963.591797,1034.802734,0.0000
LootableACUnit_Q.esp,0304DAC3,FE012812,IndustrialFanSmall_Stat,CONT,-5865.714355,16956.992187,1034.802734,0.0000
LootableACUnit_Q.esp,0304D7D6,FE012812,IndustrialFanSmall_Stat,CONT,-6957.732910,25248.363281,1069.615479,0.0000
LootableACUnit_Q.esp,03032162,FE012804,MetalRoofACVent01_Stat,CONT,38806.019531,-23482.125000,2506.868164,232.7577
LootableACUnit_Q.esp,03032164,001932CA,ACUnit01_Container,CONT,42783.625000,-23956.783203,2513.171631,22.5000
LootableACUnit_Q.esp,03032163,FE012804,MetalRoofACVent01_Stat,CONT,41303.679688,-22750.437500,2506.868164,232.7578
LootableACUnit_Q.esp,03031F58,001932CA,ACUnit01_Container,CONT,49370.937500,-13705.015625,1541.950684,16.2875
LootableACUnit_Q.esp,03024E2F,FE01280F,IndustrialFan_Stat,CONT,6943.430664,-30722.634766,1261.735107,90.0000
LootableACUnit_Q.esp,03024E2D,FE01280F,IndustrialFan_Stat,CONT,8191.601074,-28654.166016,1111.664307,0.0000
LootableACUnit_Q.esp,0305D0AD,FE01280F,IndustrialFan_Stat,CONT,8823.152344,-32525.576172,1045.818115,180.0001
LootableACUnit_Q.esp,03024E2E,FE01280F,IndustrialFan_Stat,CONT,9246.047852,-29933.576172,1474.359131,0.0000
LootableACUnit_Q.esp,0301EECC,FE012812,IndustrialFanSmall_Stat,CONT,11151.430664,-30685.576172,1584.088257,0.0000
LootableACUnit_Q.esp,0301EECB,FE012812,IndustrialFanSmall_Stat,CONT,11407.429688,-30941.576172,1584.088257,0.0000
LootableACUnit_Q.esp,0301EECA,FE012812,IndustrialFanSmall_Stat,CONT,11151.429688,-30941.576172,1584.088257,0.0000
LootableACUnit_Q.esp,03035796,FE012812,IndustrialFanSmall_Stat,CONT,11209.245117,-38060.402344,903.879272,51.5661
LootableACUnit_Q.esp,0302319B,001932CA,ACUnit01_Container,CONT,49819.257812,28207.027344,1237.160522,42.1352
LootableACUnit_Q.esp,03029BC6,001932CA,ACUnit01_Container,CONT,51734.042969,29940.484375,1053.588623,46.4323
LootableACUnit_Q.esp,0302946E,FE012811,IndustrialFan01_Small_Dest_Mstt,CONT,51314.417969,28738.687500,1203.573975,53.1125
LootableACUnit_Q.esp,0302319C,FE012804,MetalRoofACVent01_Stat,CONT,49553.000000,28717.792969,1455.986450,314.1824
LootableACUnit_Q.esp,030234EF,FE012812,IndustrialFanSmall_Stat,CONT,56092.199219,21520.425781,1635.359375,89.9999
LootableACUnit_Q.esp,0303890F,FE012811,IndustrialFan01_Small_Dest_Mstt,CONT,6282.319824,49098.398438,1292.019287,334.7897
LootableACUnit_Q.esp,0302F9AD,FE012804,MetalRoofACVent01_Stat,CONT,9314.858398,43545.855469,2269.414062,270.0000
LootableACUnit_Q.esp,0303F349,001932CA,ACUnit01_Container,CONT,30313.976562,55625.781250,1065.873779,228.7015
LootableACUnit_Q.esp,00193754,001932CA,ACUnit01_Container,CONT,22544.000000,-8472.000000,1304.000000,90.0001
LootableACUnit_Q.esp,000B1615,FE012812,IndustrialFanSmall_Stat,CONT,1754.456421,-290.451965,-1399.503418,354.1424
LootableACUnit_Q.esp,000AF239,FE012812,IndustrialFanSmall_Stat,CONT,3036.959229,-350.499725,-1403.854248,259.6165
LootableACUnit_Q.esp,000A8DAA,FE012804,MetalRoofACVent01_Stat,CONT,1376.774902,-417.870178,-1298.348633,117.0354
LootableACUnit_Q.esp,000A8DA0,FE012812,IndustrialFanSmall_Stat,CONT,1027.315552,-594.031494,-1416.738403,292.8360
LootableACUnit_Q.esp,000181A3,FE012804,MetalRoofACVent01_Stat,CONT,3580.305420,-338.798950,-1111.666382,270.0000
LootableACUnit_Q.esp,000B15EF,FE01280F,IndustrialFan_Stat,CONT,1333.290283,3644.545410,-1266.871216,2.9396
LootableACUnit_Q.esp,000B15EE,FE012812,IndustrialFanSmall_Stat,CONT,2567.838867,190.702774,-1342.968994,176.5726
LootableACUnit_Q.esp,000B15ED,FE01280F,IndustrialFan_Stat,CONT,3784.185059,698.031494,-1088.764526,82.0401
LootableACUnit_Q.esp,000B15EC,FE012812,IndustrialFanSmall_Stat,CONT,3648.249268,461.089233,-1376.940918,162.4333
LootableACUnit_Q.esp,000B15EB,FE012812,IndustrialFanSmall_Stat,CONT,2221.946533,3603.030273,-1409.335571,359.5308
LootableACUnit_Q.esp,000B15EA,FE012812,IndustrialFanSmall_Stat,CONT,3359.891602,2699.067871,-971.227539,36.2312
LootableACUnit_Q.esp,000AF201,FE012812,IndustrialFanSmall_Stat,CONT,3350.854492,2085.012939,-867.208557,270.7244
LootableACUnit_Q.esp,000AF1B6,FE01280F,IndustrialFan_Stat,CONT,1953.475098,2362.984619,-1389.333496,186.4996
LootableACUnit_Q.esp,000AF1B2,FE012812,IndustrialFanSmall_Stat,CONT,1344.522095,1339.978027,-1407.361206,91.3886
LootableACUnit_Q.esp,000A8F2D,FE012812,IndustrialFanSmall_Stat,CONT,780.079895,2140.171875,-1442.454468,100.6061
LootableACUnit_Q.esp,000A8EB8,FE012812,IndustrialFanSmall_Stat,CONT,3010.163574,3212.814941,-1416.425781,92.1182
LootableACUnit_Q.esp,000A8DED,FE012812,IndustrialFanSmall_Stat,CONT,1093.556274,3536.025635,-1325.052246,270.3841
LootableACUnit_Q.esp,000A8DEC,FE012812,IndustrialFanSmall_Stat,CONT,1021.300232,1582.859741,-1405.079346,276.6365
LootableACUnit_Q.esp,000181AC,FE012804,MetalRoofACVent01_Stat,CONT,1640.335083,2477.007324,-1211.550171,0.0000
LootableACUnit_Q.esp,000181AB,FE012804,MetalRoofACVent01_Stat,CONT,284.998413,479.898743,-1245.997803,271.1918
LootableACUnit_Q.esp,000181AA,FE012804,MetalRoofACVent01_Stat,CONT,491.351288,2128.152588,-1114.612183,277.9122
LootableACUnit_Q.esp,000181A9,FE012804,MetalRoofACVent01_Stat,CONT,470.204437,2029.285034,-1109.724976,8.4395
LootableACUnit_Q.esp,000181A8,FE012804,MetalRoofACVent01_Stat,CONT,2896.306641,3565.310791,-1111.199951,359.9795
LootableACUnit_Q.esp,000181A2,FE012804,MetalRoofACVent01_Stat,CONT,1215.047119,1595.046875,-1221.072021,270.0000
LootableACUnit_Q.esp,000B15E9,FE01280F,IndustrialFan_Stat,CONT,4589.625000,2430.526367,-1228.735474,349.6740
LootableACUnit_Q.esp,000B130F,FE012812,IndustrialFanSmall_Stat,CONT,5139.815430,2838.930420,-1319.344116,293.0677
LootableACUnit_Q.esp,000181A7,FE012804,MetalRoofACVent01_Stat,CONT,4667.502930,2152.142090,-910.108521,359.7344
LootableACUnit_Q.esp,000181A6,FE012804,MetalRoofACVent01_Stat,CONT,4609.886230,1841.076172,-856.176453,270.0000
LootableACUnit_Q.esp,000181A5,FE012804,MetalRoofACVent01_Stat,CONT,4597.180664,1716.774902,-865.804932,270.0000
LootableACUnit_Q.esp,000181A4,FE012804,MetalRoofACVent01_Stat,CONT,5004.460938,723.856689,-1153.882446,270.0000
LootableACUnit_Q.esp,00230661,001932CA,ACUnit01_Container,CONT,-18530.216797,-30373.208984,2072.047363,355.6496
LootableACUnit_Q.esp,00230660,001932CA,ACUnit01_Container,CONT,-18599.244141,-32743.552734,2099.035156,131.8369
LootableACUnit_Q.esp,0023065F,001932CA,ACUnit01_Container,CONT,-18236.384766,-32091.951172,1936.000000,131.8369
LootableACUnit_Q.esp,0023065E,001932CA,ACUnit01_Container,CONT,-18202.294922,-30958.097656,1944.000000,85.6496
LootableACUnit_Q.esp,00193679,001932CB,ACUnit02_Container,CONT,-18969.197266,-31934.365234,2127.833008,302.0395
LootableACUnit_Q.esp,0022F5F1,FE012812,IndustrialFanSmall_Stat,CONT,-15636.434570,-29777.568359,1682.893799,25.2102
LootableACUnit_Q.esp,0022F5F0,FE012812,IndustrialFanSmall_Stat,CONT,-14281.900391,-30408.457031,1709.430664,25.2102
LootableACUnit_Q.esp,001B125C,001932CA,ACUnit01_Container,CONT,-5136.125977,-29460.988281,2203.913574,240.0001
LootableACUnit_Q.esp,0022F946,FE012812,IndustrialFanSmall_Stat,CONT,-16683.507812,-24869.613281,1675.857666,0.0000
LootableACUnit_Q.esp,001B6038,001932CA,ACUnit01_Container,CONT,-26003.322266,-21220.683594,1627.034668,167.1085
LootableACUnit_Q.esp,001B6036,001932CA,ACUnit01_Container,CONT,-27101.529297,-20633.876953,1630.992676,257.1085
LootableACUnit_Q.esp,001935EF,001932CA,ACUnit01_Container,CONT,-31214.843750,-19603.244141,1341.694336,44.9994
LootableACUnit_Q.esp,001B6037,001932CA,ACUnit01_Container,CONT,-27231.310547,-20451.492188,1886.135620,167.1085
LootableACUnit_Q.esp,001B5F6D,001932CA,ACUnit01_Container,CONT,-24649.322266,-18072.349609,1870.084595,303.6212
LootableACUnit_Q.esp,001B5F6C,001932CA,ACUnit01_Container,CONT,-24861.093750,-18384.064453,1612.145508,303.6212
LootableACUnit_Q.esp,001B5F6B,001932CA,ACUnit01_Container,CONT,-24861.093750,-18384.064453,1863.305298,303.6212
LootableACUnit_Q.esp,001B6142,001932CA,ACUnit01_Container,CONT,-8853.431641,-16498.863281,1294.517578,272.7618
LootableACUnit_Q.esp,001B61B4,001932CA,ACUnit01_Container,CONT,-8105.827637,-17223.728516,1467.375366,210.0002
LootableACUnit_Q.esp,001B61B3,001932CA,ACUnit01_Container,CONT,-7635.979980,-16881.832031,1308.737671,345.0001
LootableACUnit_Q.esp,001B61A1,001932CA,ACUnit01_Container,CONT,-7118.243164,-16530.867187,1562.454102,255.0001
LootableACUnit_Q.esp,001B61A0,001932CA,ACUnit01_Container,CONT,-7039.332520,-17379.203125,1457.289307,255.0002
LootableACUnit_Q.esp,001B619F,001932CA,ACUnit01_Container,CONT,-7360.558594,-17315.253906,1722.639771,165.0003
LootableACUnit_Q.esp,001B6144,001932CA,ACUnit01_Container,CONT,-8581.594727,-16134.061523,2076.764648,75.0001
LootableACUnit_Q.esp,001B6143,001932CA,ACUnit01_Container,CONT,-8327.505859,-16270.106445,1565.729736,345.0001
LootableACUnit_Q.esp,0019363F,001932CA,ACUnit01_Container,CONT,-29969.945312,-63718.351562,1780.625977,270.0000
LootableACUnit_Q.esp,001F37A5,001932CA,ACUnit01_Container,CONT,-8750.882812,-61872.929687,1987.440308,90.6352
LootableACUnit_Q.esp,001F37A7,FE012804,MetalRoofACVent01_Stat,CONT,-8426.583008,-61019.089844,1669.780273,0.0000
LootableACUnit_Q.esp,001935ED,001932CA,ACUnit01_Container,CONT,-8357.458008,-60878.722656,1505.463867,180.0001
LootableACUnit_Q.esp,001F37A6,001932CA,ACUnit01_Container,CONT,-7710.458496,-61025.652344,1789.604858,90.6352
LootableACUnit_Q.esp,001936E9,001932CA,ACUnit01_Container,CONT,-6563.009766,-61155.468750,1589.634766,270.0001
LootableACUnit_Q.esp,0019363D,001932CA,ACUnit01_Container,CONT,-2844.809326,-59785.882812,1598.162720,90.0000
LootableACUnit_Q.esp,002062B5,FE012812,IndustrialFanSmall_Stat,CONT,-23622.968750,-54401.515625,2851.385254,90.0007
LootableACUnit_Q.esp,00193806,001932CA,ACUnit01_Container,CONT,-60164.562500,-24671.654297,2331.093262,19.8979
LootableACUnit_Q.esp,001935B5,001932CA,ACUnit01_Container,CONT,-63647.351562,-22919.349609,2276.526123,16.2084
LootableACUnit_Q.esp,00193675,001932CB,ACUnit02_Container,CONT,-62673.152344,-18852.373047,1734.663086,180.0001
LootableACUnit_Q.esp,0019363B,001932CA,ACUnit01_Container,CONT,-61537.738281,-16561.687500,1487.260864,270.0000
LootableACUnit_Q.esp,00193845,001932CB,ACUnit02_Container,CONT,-59393.582031,-19384.759766,1528.491821,270.0000
LootableACUnit_Q.esp,00193639,001932CA,ACUnit01_Container,CONT,-60912.976562,-17765.400391,1476.989868,90.0000
LootableACUnit_Q.esp,00193637,001932CA,ACUnit01_Container,CONT,-59423.015625,-18902.097656,1467.761108,270.0000
LootableACUnit_Q.esp,001935EB,001932CA,ACUnit01_Container,CONT,-61961.648437,-15685.212891,1490.826172,355.4169
LootableACUnit_Q.esp,001935B1,001932CA,ACUnit01_Container,CONT,-63456.613281,-16349.751953,1402.145142,306.8354
LootableACUnit_Q.esp,00193635,001932CA,ACUnit01_Container,CONT,-61009.515625,-15480.205078,1488.936035,90.0000
LootableACUnit_Q.esp,001935E9,001932CA,ACUnit01_Container,CONT,-60627.117187,-14512.731445,1689.842529,180.0000
LootableACUnit_Q.esp,001935CA,001932CA,ACUnit01_Container,CONT,-59850.562500,-15908.100586,1455.953125,19.6185
LootableACUnit_Q.esp,0007B596,FE012804,MetalRoofACVent01_Stat,CONT,-59496.101562,-4324.000488,663.900024,90.0000
LootableACUnit_Q.esp,0007B595,FE012804,MetalRoofACVent01_Stat,CONT,-59496.101562,-4164.000488,663.900024,90.0000
LootableACUnit_Q.esp,0007B522,FE012804,MetalRoofACVent01_Stat,CONT,-64136.000000,-2792.000000,904.000000,90.0000
LootableACUnit_Q.esp,0007B521,FE012804,MetalRoofACVent01_Stat,CONT,-63896.000000,-2792.000000,904.000000,90.0000
LootableACUnit_Q.esp,0007B520,FE012804,MetalRoofACVent01_Stat,CONT,-62840.000000,-2792.000000,904.000000,90.0000
LootableACUnit_Q.esp,0007B513,FE012804,MetalRoofACVent01_Stat,CONT,-63080.000000,-2792.000000,904.000000,90.0000
LootableACUnit_Q.esp,0023DA33,FE012812,IndustrialFanSmall_Stat,CONT,-49420.058594,-89005.859375,4543.770020,14.3241
LootableACUnit_Q.esp,0023DA32,FE012812,IndustrialFanSmall_Stat,CONT,-49399.714844,-89694.507812,4739.672852,0.0000
LootableACUnit_Q.esp,0023DA31,FE012812,IndustrialFanSmall_Stat,CONT,-49631.718750,-89753.093750,4739.672852,0.0000
LootableACUnit_Q.esp,0020D9EC,001932CA,ACUnit01_Container,CONT,-89406.648438,-946.562744,6709.667480,38.5606
LootableACUnit_Q.esp,0020D9EB,001932CA,ACUnit01_Container,CONT,-88829.312500,-413.989502,6700.059082,218.5605
LootableACUnit_Q.esp,0023254C,FE012812,IndustrialFanSmall_Stat,CONT,-87163.023438,-51344.550781,2779.758545,133.5907
LootableACUnit_Q.esp,00096B70,FE012812,IndustrialFanSmall_Stat,CONT,-86423.992188,-51761.425781,2818.909668,320.3057
LootableACUnit_Q.esp,0019369D,001932CB,ACUnit02_Container,CONT,-87322.250000,-44697.195312,3087.536621,343.8539
LootableACUnit_Q.esp,00193633,001932CA,ACUnit01_Container,CONT,-86855.820312,-44546.277344,3020.737061,343.8539
LootableACUnit_Q.esp,001FFFD0,001932CA,ACUnit01_Container,CONT,-71789.046875,-44688.906250,2131.222168,254.0027
LootableACUnit_Q.esp,001FA392,001932CA,ACUnit01_Container,CONT,-86323.085938,-37813.859375,2466.294678,164.0028
LootableACUnit_Q.esp,001E8060,001932CA,ACUnit01_Container,CONT,-89757.937500,-40043.644531,2944.587891,249.9465
LootableACUnit_Q.esp,001E805F,001932CA,ACUnit01_Container,CONT,-90063.328125,-40700.167969,2944.587891,249.9461
LootableACUnit_Q.esp,00107B75,FE012812,IndustrialFanSmall_Stat,CONT,-88511.382812,-34186.804687,3019.464111,286.3518
LootableACUnit_Q.esp,00107B74,FE01280F,IndustrialFan_Stat,CONT,-88712.882812,-34873.574219,3019.464111,286.3518
LootableACUnit_Q.esp,0009BC44,FE012804,MetalRoofACVent01_Stat,CONT,-88385.765625,-34022.980469,3273.516357,16.0425
LootableACUnit_Q.esp,0009BB63,FE012804,MetalRoofACVent01_Stat,CONT,-88449.578125,-34376.996094,3481.516357,16.0425
LootableACUnit_Q.esp,0009BB3C,FE012804,MetalRoofACVent01_Stat,CONT,-88667.992188,-35091.289062,3481.516357,16.0425
LootableACUnit_Q.esp,0009BAB5,FE012804,MetalRoofACVent01_Stat,CONT,-88349.367188,-35188.347656,3481.516357,16.0425
LootableACUnit_Q.esp,0009BAB0,FE012804,MetalRoofACVent01_Stat,CONT,-86886.570312,-34454.476562,3273.516357,16.0425
LootableACUnit_Q.esp,0009B9C9,FE012804,MetalRoofACVent01_Stat,CONT,-88394.625000,-35782.152344,2889.516357,16.0425
LootableACUnit_Q.esp,0009BB33,FE012804,MetalRoofACVent01_Stat,CONT,-85122.406250,-35657.437500,3049.516357,16.0425
LootableACUnit_Q.esp,0009BB2F,FE012804,MetalRoofACVent01_Stat,CONT,-85419.453125,-35932.488281,3049.515869,16.0425
LootableACUnit_Q.esp,0009BA2C,FE012804,MetalRoofACVent01_Stat,CONT,-85765.054688,-35861.250000,3049.516357,16.0425
LootableACUnit_Q.esp,000F2325,FE012804,MetalRoofACVent01_Stat,CONT,-86752.000000,-97888.000000,4812.271484,270.0000
LootableACUnit_Q.esp,00192681,FE012812,IndustrialFanSmall_Stat,CONT,-79180.515625,-130860.828125,5440.000000,0.0099
LootableACUnit_Q.esp,00192680,FE012812,IndustrialFanSmall_Stat,CONT,-79180.515625,-130892.828125,5440.000000,180.0000
LootableACUnit_Q.esp,001920AD,FE012812,IndustrialFanSmall_Stat,CONT,-79372.773438,-130444.828125,4872.000000,270.0000
LootableACUnit_Q.esp,001920AC,FE012812,IndustrialFanSmall_Stat,CONT,-78708.773438,-129708.828125,4960.000000,0.0000
LootableACUnit_Q.esp,001920AB,FE012812,IndustrialFanSmall_Stat,CONT,-78092.773438,-130124.828125,5136.000000,270.0001
LootableACUnit_Q.esp,00192028,FE01280F,IndustrialFan_Stat,CONT,-79595.445312,-129772.664062,4864.000000,90.0000
LootableACUnit_Q.esp,00192633,FE012812,IndustrialFanSmall_Stat,CONT,-78284.515625,-131260.828125,5440.000000,270.0001
LootableACUnit_Q.esp,000E6DD6,FE012812,IndustrialFanSmall_Stat,CONT,-32655.281250,33951.992187,4154.514160,0.0000
LootableACUnit_Q.esp,001935AF,001932CA,ACUnit01_Container,CONT,-25764.869141,35170.195312,2963.994385,95.1103
LootableACUnit_Q.esp,001935AD,001932CA,ACUnit01_Container,CONT,-22566.464844,33859.843750,2835.994385,320.1103
LootableACUnit_Q.esp,00193631,001932CA,ACUnit01_Container,CONT,-32397.640625,42059.007812,3478.071289,237.7851
LootableACUnit_Q.esp,001937E7,001932CA,ACUnit01_Container,CONT,-26975.160156,44530.722656,3125.757568,268.3272
LootableACUnit_Q.esp,001937E5,001932CA,ACUnit01_Container,CONT,-28263.396484,44880.554688,3095.577881,89.6020
LootableACUnit_Q.esp,001937E3,001932CA,ACUnit01_Container,CONT,-27006.750000,45552.179688,3125.757568,268.3272
LootableACUnit_Q.esp,001935AB,001932CA,ACUnit01_Container,CONT,-10680.000000,62192.000000,2456.000000,0.0000
LootableACUnit_Q.esp,001795C4,001932CA,ACUnit01_Container,CONT,-9831.712891,3251.580078,2046.144531,0.0000
LootableACUnit_Q.esp,001795C2,FE012804,MetalRoofACVent01_Stat,CONT,-8074.063965,2618.505371,1914.419189,289.3260
LootableACUnit_Q.esp,001795BD,FE012804,MetalRoofACVent01_Stat,CONT,-8005.419922,2828.075684,1914.419189,289.3260
LootableACUnit_Q.esp,00193750,001932CA,ACUnit01_Container,CONT,-28872.031250,7603.409180,2098.799316,56.7233
LootableACUnit_Q.esp,0019362F,001932CA,ACUnit01_Container,CONT,-27814.537109,8165.542480,1884.510986,161.7222
LootableACUnit_Q.esp,001935C8,001932CA,ACUnit01_Container,CONT,-9535.860352,8024.834961,1808.045898,189.1028
LootableACUnit_Q.esp,00193673,001932CB,ACUnit02_Container,CONT,-5152.105469,7879.410156,1801.500244,277.9203
LootableACUnit_Q.esp,0023BEB7,001932CA,ACUnit01_Container,CONT,-30461.156250,10764.386719,1806.538696,237.2161
LootableACUnit_Q.esp,0023BEA5,001932CA,ACUnit01_Container,CONT,-30131.642578,12020.959961,2388.110107,0.0000
LootableACUnit_Q.esp,00193671,001932CB,ACUnit02_Container,CONT,-29736.132812,11091.924805,2122.220703,236.7233
LootableACUnit_Q.esp,0019362D,001932CA,ACUnit01_Container,CONT,-30178.863281,10927.960938,1980.273926,236.7233
LootableACUnit_Q.esp,001BCFA1,001932CA,ACUnit01_Container,CONT,-9017.269531,10611.648438,1937.029175,187.8709
LootableACUnit_Q.esp,001BCFA0,001932CA,ACUnit01_Container,CONT,-9251.414062,10437.056641,1680.658447,97.8709
LootableACUnit_Q.esp,001BCF9F,001932CA,ACUnit01_Container,CONT,-9321.023438,9923.512695,1935.228027,97.8709
LootableACUnit_Q.esp,001BCF9E,001932CA,ACUnit01_Container,CONT,-9190.685547,8996.912109,1863.547852,97.8709
LootableACUnit_Q.esp,00148621,FE012804,MetalRoofACVent01_Stat,CONT,-9926.245117,9545.888672,1528.371094,330.2019
LootableACUnit_Q.esp,001BFBBD,001932CA,ACUnit01_Container,CONT,-4124.889648,11985.883789,1707.290405,274.0553
LootableACUnit_Q.esp,001BFBBC,001932CA,ACUnit01_Container,CONT,-2666.877441,11962.730469,1627.290405,184.0553
LootableACUnit_Q.esp,001BFBBB,001932CA,ACUnit01_Container,CONT,-2156.158936,11926.527344,1627.290405,184.0553
LootableACUnit_Q.esp,001BFBBA,001932CA,ACUnit01_Container,CONT,-2025.529785,11732.803711,1451.290405,172.8063
LootableACUnit_Q.esp,00193717,001932CA,ACUnit01_Container,CONT,-28718.414062,12844.875000,2605.240234,172.9999
LootableACUnit_Q.esp,001936BE,001932CA,ACUnit01_Container,CONT,-30730.005859,15833.466797,2387.949219,314.4589
LootableACUnit_Q.esp,001936BD,001932CA,ACUnit01_Container,CONT,-30475.306641,16030.560547,2596.000000,322.4589
LootableACUnit_Q.esp,00193855,001932CA,ACUnit01_Container,CONT,-26837.164062,13966.312500,2602.335938,0.0000
LootableACUnit_Q.esp,00193854,001932CA,ACUnit01_Container,CONT,-27999.107422,14447.584961,2398.285156,44.4589
LootableACUnit_Q.esp,00193853,001932CA,ACUnit01_Container,CONT,-27800.103516,14195.149414,2606.030762,52.4589
LootableACUnit_Q.esp,00193718,001932CA,ACUnit01_Container,CONT,-28435.371094,12821.886719,2356.065918,192.9173
LootableACUnit_Q.esp,0019362B,001932CA,ACUnit01_Container,CONT,-26337.228516,14200.008789,2348.514648,90.0000
LootableACUnit_Q.esp,00193629,001932CA,ACUnit01_Container,CONT,-26721.228516,14200.008789,2348.514648,90.0000
LootableACUnit_Q.esp,00193804,001932CA,ACUnit01_Container,CONT,-21334.933594,13919.765625,2230.699707,315.0381
LootableACUnit_Q.esp,0019366F,001932CB,ACUnit02_Container,CONT,-21893.044922,13628.161133,2317.933594,0.0386
LootableACUnit_Q.esp,00193841,001932CB,ACUnit02_Container,CONT,-4145.058105,15834.130859,1320.834229,279.9203
LootableACUnit_Q.esp,00193669,001932CB,ACUnit02_Container,CONT,-5327.457031,13942.604492,1382.719360,189.7847
LootableACUnit_Q.esp,0019366D,001932CB,ACUnit02_Container,CONT,-4078.899902,16212.388672,1288.834229,279.9203
LootableACUnit_Q.esp,00193715,001932CA,ACUnit01_Container,CONT,-30227.015625,18200.927734,2374.825684,282.9174
LootableACUnit_Q.esp,00193714,001932CA,ACUnit01_Container,CONT,-30204.027344,18483.972656,2624.000000,263.0000
LootableACUnit_Q.esp,001936BF,001932CA,ACUnit01_Container,CONT,-30250.478516,16996.123047,2600.000000,270.0000
LootableACUnit_Q.esp,00193627,001932CA,ACUnit01_Container,CONT,-28870.144531,17735.929688,2351.718506,180.0000
LootableACUnit_Q.esp,001935E7,001932CA,ACUnit01_Container,CONT,-29119.642578,16705.603516,2329.541016,90.0000
LootableACUnit_Q.esp,001E23F6,001932CA,ACUnit01_Container,CONT,-21223.070312,19766.408203,2502.532959,168.8853
LootableACUnit_Q.esp,00193802,001932CA,ACUnit01_Container,CONT,-14640.978516,18608.541016,1780.678833,185.3276
LootableACUnit_Q.esp,001937DF,001932CA,ACUnit01_Container,CONT,-12177.720703,20282.435547,1297.868042,5.4886
LootableACUnit_Q.esp,001937E1,001932CA,ACUnit01_Container,CONT,-6229.085938,17192.060547,1007.435669,262.5620
LootableACUnit_Q.esp,00193712,001932CA,ACUnit01_Container,CONT,-3084.133789,17769.947266,1121.390259,27.1623
LootableACUnit_Q.esp,00193711,001932CA,ACUnit01_Container,CONT,-2815.449219,17678.019531,1370.564697,7.2432
LootableACUnit_Q.esp,000E6FE9,FE012812,IndustrialFanSmall_Stat,CONT,-30352.000000,31832.000000,3976.000000,90.0000
LootableACUnit_Q.esp,001935E5,001932CA,ACUnit01_Container,CONT,-59101.218750,69532.601562,6504.105469,40.0007
LootableACUnit_Q.esp,001952B9,001932CA,ACUnit01_Container,CONT,-38816.101562,67649.992187,4856.786621,189.1802
LootableACUnit_Q.esp,00193625,001932CA,ACUnit01_Container,CONT,-63287.308594,72976.148438,6526.282715,259.2711
LootableACUnit_Q.esp,00193C3C,001932CA,ACUnit01_Container,CONT,-58123.101562,70116.117188,6588.905273,310.1634
LootableACUnit_Q.esp,0019386D,001932CA,ACUnit01_Container,CONT,-57933.554687,71954.992188,6532.345215,53.2958
LootableACUnit_Q.esp,0019386C,001932CA,ACUnit01_Container,CONT,-57729.714844,71754.515625,6780.121582,33.3775
LootableACUnit_Q.esp,0019383B,001932CB,ACUnit02_Container,CONT,-61315.859375,70743.437500,6593.229492,220.0019
LootableACUnit_Q.esp,001937DD,001932CA,ACUnit01_Container,CONT,-59843.000000,71831.609375,6291.705566,220.0007
LootableACUnit_Q.esp,001935A9,001932CA,ACUnit01_Container,CONT,-61149.414062,71496.125000,6291.705566,40.0006
LootableACUnit_Q.esp,00193C3B,001932CB,ACUnit02_Container,CONT,-55686.179687,71545.632812,6465.507324,132.5099
LootableACUnit_Q.esp,00193667,001932CB,ACUnit02_Container,CONT,-56976.179687,73324.148438,6465.229492,40.0013
LootableACUnit_Q.esp,00193665,001932CB,ACUnit02_Container,CONT,-57270.343750,73570.976562,6529.229492,40.0013
LootableACUnit_Q.esp,00193839,001932CB,ACUnit02_Container,CONT,-64181.777344,74001.703125,6593.229492,259.2716
LootableACUnit_Q.esp,00193837,001932CB,ACUnit02_Container,CONT,-62235.722656,74268.539062,6593.229492,355.2232
LootableACUnit_Q.esp,001937DB,001932CA,ACUnit01_Container,CONT,-63530.203125,75232.648438,6291.705566,64.1887
LootableACUnit_Q.esp,0019374E,001932CA,ACUnit01_Container,CONT,-61462.761719,75368.476562,6752.518555,152.7500
LootableACUnit_Q.esp,001936E7,001932CA,ACUnit01_Container,CONT,-64444.472656,74936.101562,6588.276367,259.2711
LootableACUnit_Q.esp,001936BA,001932CA,ACUnit01_Container,CONT,-61839.074219,74336.640625,6568.813965,354.6819
LootableACUnit_Q.esp,001936B9,001932CA,ACUnit01_Container,CONT,-61517.820312,74325.578125,6776.559570,2.6810
LootableACUnit_Q.esp,00193699,001932CB,ACUnit02_Container,CONT,-64437.453125,76167.398438,6594.865723,40.0007
LootableACUnit_Q.esp,00193800,001932CA,ACUnit01_Container,CONT,-58962.640625,74944.601562,6505.995605,85.0006
LootableACUnit_Q.esp,0019374C,001932CA,ACUnit01_Container,CONT,-58275.757812,75756.843750,7059.017578,265.0006
LootableACUnit_Q.esp,0019372D,001932CA,ACUnit01_Container,CONT,-59046.304687,75913.367188,6782.020996,85.0006
LootableACUnit_Q.esp,0019372C,001932CA,ACUnit01_Container,CONT,-59007.320312,75467.750000,7038.685059,85.0006
LootableACUnit_Q.esp,001936BB,001932CA,ACUnit01_Container,CONT,-60721.269531,74913.054688,6772.864746,310.2227
LootableACUnit_Q.esp,001935C6,001932CA,ACUnit01_Container,CONT,-60057.007812,75701.554688,6505.995605,310.0007
LootableACUnit_Q.esp,001935A7,001932CA,ACUnit01_Container,CONT,-60032.277344,76477.203125,6291.705566,265.0006
LootableACUnit_Q.esp,0009E5E6,FE012804,MetalRoofACVent01_Stat,CONT,-52566.496094,98194.015625,8949.099609,346.5354
LootableACUnit_Q.esp,00193835,001932CB,ACUnit02_Container,CONT,-37088.050781,36731.511719,3815.515625,180.5729
LootableACUnit_Q.esp,000E6DD3,FE01280F,IndustrialFan_Stat,CONT,-38318.644531,33740.921875,4609.427734,270.0000
LootableACUnit_Q.esp,000E6CA4,FE012812,IndustrialFanSmall_Stat,CONT,-37776.000000,34064.000000,4216.000000,0.0000
LootableACUnit_Q.esp,000E6CA3,FE012812,IndustrialFanSmall_Stat,CONT,-37672.000000,34064.000000,4216.000000,180.0000
LootableACUnit_Q.esp,000E6DD5,FE01280F,IndustrialFan_Stat,CONT,-34199.933594,34063.992187,4395.164551,0.0000
LootableACUnit_Q.esp,000E6CA2,FE01280F,IndustrialFan_Stat,CONT,-36704.000000,34064.000000,4064.000000,0.0000
LootableACUnit_Q.esp,0023CDDA,001932CA,ACUnit01_Container,CONT,-40365.175781,40342.347656,3904.000000,195.2648
LootableACUnit_Q.esp,001937FE,001932CA,ACUnit01_Container,CONT,-35493.253906,37073.691406,3648.258301,43.6940
LootableACUnit_Q.esp,001937D9,001932CA,ACUnit01_Container,CONT,-33264.480469,38249.132812,3362.060303,192.8915
LootableACUnit_Q.esp,001936B7,001932CA,ACUnit01_Container,CONT,-37387.722656,42439.187500,3816.095703,149.9203
LootableACUnit_Q.esp,001936B6,001932CA,ACUnit01_Container,CONT,-36141.046875,42605.109375,3612.044922,194.3790
LootableACUnit_Q.esp,001936B5,001932CA,ACUnit01_Container,CONT,-36439.773438,42723.804688,3819.790283,202.3797
LootableACUnit_Q.esp,0019BB31,FE012804,MetalRoofACVent01_Stat,CONT,-41042.253906,3714.633301,1728.000000,0.0000
LootableACUnit_Q.esp,0004286F,FE012812,IndustrialFanSmall_Stat,CONT,-43239.929688,3792.029297,1932.478882,180.0000
LootableACUnit_Q.esp,0004286E,FE012812,IndustrialFanSmall_Stat,CONT,-41347.824219,3571.822510,1645.616211,180.0000
LootableACUnit_Q.esp,00042865,FE01280F,IndustrialFan_Stat,CONT,-43439.878906,3994.381836,1426.323730,270.0000
LootableACUnit_Q.esp,0004286C,FE012812,IndustrialFanSmall_Stat,CONT,-41103.992188,6290.804688,1949.682617,90.0000
LootableACUnit_Q.esp,0004286B,FE012812,IndustrialFanSmall_Stat,CONT,-41103.992188,5566.050293,1539.501831,90.0000
LootableACUnit_Q.esp,0004286A,FE012812,IndustrialFanSmall_Stat,CONT,-41227.589844,6384.028320,1225.155396,0.0000
LootableACUnit_Q.esp,00042869,FE012812,IndustrialFanSmall_Stat,CONT,-43305.089844,6384.029297,1952.552612,0.0000
LootableACUnit_Q.esp,00042868,FE012812,IndustrialFanSmall_Stat,CONT,-43439.992188,6185.977539,1455.118286,270.0000
LootableACUnit_Q.esp,00042867,FE012812,IndustrialFanSmall_Stat,CONT,-43439.992188,6272.334473,1455.118286,270.0000
LootableACUnit_Q.esp,00042866,FE012812,IndustrialFanSmall_Stat,CONT,-43439.992188,5100.542480,1924.451172,270.0000
LootableACUnit_Q.esp,00042864,FE012812,IndustrialFanSmall_Stat,CONT,-43577.687500,4176.026855,1433.209717,180.0000
LootableACUnit_Q.esp,0004286D,FE012812,IndustrialFanSmall_Stat,CONT,-40872.480469,4498.695312,1643.371460,90.0000
LootableACUnit_Q.esp,001936E5,001932CA,ACUnit01_Container,CONT,-34075.882812,14924.787109,2325.711914,90.0000
LootableACUnit_Q.esp,001A4CB6,FE012804,MetalRoofACVent01_Stat,CONT,-37107.199219,32722.250000,6000.000000,0.0000
LootableACUnit_Q.esp,000E6DD4,FE012812,IndustrialFanSmall_Stat,CONT,-38316.847656,31074.681641,5408.541016,270.0000
LootableACUnit_Q.esp,000E6CA6,FE01280F,IndustrialFan_Stat,CONT,-38320.000000,31658.615234,4976.000000,270.0000
LootableACUnit_Q.esp,000E6CA5,FE012812,IndustrialFanSmall_Stat,CONT,-38312.000000,32552.000000,5168.000000,270.0000
LootableACUnit_Q.esp,0018A684,FE01280F,IndustrialFan_Stat,CONT,-35540.632812,29679.992187,5167.860352,180.0001
LootableACUnit_Q.esp,0018A683,FE012812,IndustrialFanSmall_Stat,CONT,-33586.269531,31727.992187,4847.956543,180.0001
LootableACUnit_Q.esp,0018A682,FE01280F,IndustrialFan_Stat,CONT,-34702.285156,30436.634766,5161.180664,90.0000
LootableACUnit_Q.esp,0015843D,FE012812,IndustrialFanSmall_Stat,CONT,128057.515625,-36553.566406,-3839.342041,180.0000
LootableACUnit_Q.esp,001D70BD,001932CA,ACUnit01_Container,CONT,76873.093750,-12148.233398,687.114685,166.4846
LootableACUnit_Q.esp,00159F28,FE012812,IndustrialFanSmall_Stat,CONT,72492.023438,-4709.080078,1047.212646,335.2249
LootableACUnit_Q.esp,00159F27,FE012812,IndustrialFanSmall_Stat,CONT,72492.023438,-4709.080078,1031.212646,24.8523
LootableACUnit_Q.esp,00159F26,FE012812,IndustrialFanSmall_Stat,CONT,72492.023438,-4493.080078,1031.212646,24.8523
LootableACUnit_Q.esp,00159F25,FE012812,IndustrialFanSmall_Stat,CONT,72492.023438,-4493.080078,1047.212646,335.2249
LootableACUnit_Q.esp,001D2E0F,001932CA,ACUnit01_Container,CONT,91786.734375,-2400.292969,-6829.153809,0.0000
LootableACUnit_Q.esp,00166F54,FE012812,IndustrialFanSmall_Stat,CONT,96182.492188,-56689.140625,-2811.180176,217.5798
LootableACUnit_Q.esp,001E0C2B,001932CA,ACUnit01_Container,CONT,92247.585938,-42744.773438,-5234.206055,0.0000
LootableACUnit_Q.esp,0006AB1C,FE012804,MetalRoofACVent01_Stat,CONT,33976.679687,-32672.703125,1635.351196,131.6543
LootableACUnit_Q.esp,0006AB1B,FE012804,MetalRoofACVent01_Stat,CONT,33891.238281,-31783.927734,1842.679443,131.6543
LootableACUnit_Q.esp,0003DE2E,FE012812,IndustrialFanSmall_Stat,CONT,34311.269531,-32273.380859,1290.229492,41.6543
LootableACUnit_Q.esp,0003DE2B,FE012812,IndustrialFanSmall_Stat,CONT,34128.375000,-31425.431641,1473.250000,41.6543
LootableACUnit_Q.esp,0003DE2A,FE012812,IndustrialFanSmall_Stat,CONT,32923.191406,-31038.634766,1260.992920,41.6543
LootableACUnit_Q.esp,0003DE28,FE012812,IndustrialFanSmall_Stat,CONT,33041.812500,-32557.486328,1560.743164,221.6543
LootableACUnit_Q.esp,001FAC09,001932CA,ACUnit01_Container,CONT,33142.683594,-17790.111328,880.000000,310.0014
LootableACUnit_Q.esp,001937D7,001932CA,ACUnit01_Container,CONT,33060.406250,-17888.162109,880.000000,310.0014
LootableACUnit_Q.esp,00193621,001932CA,ACUnit01_Container,CONT,32823.660156,-17438.957031,935.718384,220.0013
LootableACUnit_Q.esp,001937D5,001932CA,ACUnit01_Container,CONT,35434.136719,-13747.986328,527.907349,124.2706
LootableACUnit_Q.esp,001935A5,001932CA,ACUnit01_Container,CONT,34441.367188,-14251.692383,770.766296,124.9996
LootableACUnit_Q.esp,000E09D9,FE01280F,IndustrialFan_Stat,CONT,33846.773437,-45086.535156,1317.065918,180.0001
LootableACUnit_Q.esp,00064D07,FE012812,IndustrialFanSmall_Stat,CONT,48747.378906,-48798.875000,1199.108154,180.0001
LootableACUnit_Q.esp,00064D05,FE01280F,IndustrialFan_Stat,CONT,45066.503906,-45884.859375,1113.961060,232.8442
LootableACUnit_Q.esp,000D9417,FE012812,IndustrialFanSmall_Stat,CONT,33782.558594,-44154.980469,1421.065918,0.0000
LootableACUnit_Q.esp,000D9416,FE01280F,IndustrialFan_Stat,CONT,33638.773437,-44030.535156,1037.065918,0.0000
LootableACUnit_Q.esp,000428DD,FE012812,IndustrialFanSmall_Stat,CONT,32937.808594,-41557.183594,1123.777344,140.0000
LootableACUnit_Q.esp,00064D04,FE01280F,IndustrialFan_Stat,CONT,49277.960938,-44860.144531,1196.605713,36.0000
LootableACUnit_Q.esp,0006AB1E,FE012804,MetalRoofACVent01_Stat,CONT,33917.386719,-33251.824219,1171.351196,131.6543
LootableACUnit_Q.esp,0006AB1D,FE012804,MetalRoofACVent01_Stat,CONT,34382.523438,-32990.386719,1411.351196,131.6543
LootableACUnit_Q.esp,0006AB1A,FE012804,MetalRoofACVent01_Stat,CONT,33092.257812,-33713.402344,1635.351196,131.6543
LootableACUnit_Q.esp,0003DE30,FE012812,IndustrialFanSmall_Stat,CONT,33369.046875,-33509.015625,1424.642090,131.6543
LootableACUnit_Q.esp,0003DE2F,FE012812,IndustrialFanSmall_Stat,CONT,33432.496094,-33437.687500,1424.642090,131.6543
LootableACUnit_Q.esp,0003DE24,FE012812,IndustrialFanSmall_Stat,CONT,33654.113281,-33188.546875,1424.642090,131.6543
LootableACUnit_Q.esp,00042EDF,FE012804,MetalRoofACVent01_Stat,CONT,40582.332031,-90131.062500,1890.005859,225.0000
LootableACUnit_Q.esp,00042EE5,FE012804,MetalRoofACVent01_Stat,CONT,41409.769531,-90958.289062,1890.005859,225.0000
LootableACUnit_Q.esp,00042EE4,FE012804,MetalRoofACVent01_Stat,CONT,41676.472656,-91224.992188,1890.005859,225.0000
LootableACUnit_Q.esp,00042EE1,FE012804,MetalRoofACVent01_Stat,CONT,41117.171875,-90679.859375,1890.005859,225.0000
LootableACUnit_Q.esp,00042ECF,FE012804,MetalRoofACVent01_Stat,CONT,41082.492188,-90276.007812,2146.000000,225.0000
LootableACUnit_Q.esp,00042EC9,FE012804,MetalRoofACVent01_Stat,CONT,41574.984375,-90234.000000,2146.000000,225.0000
LootableACUnit_Q.esp,00042EC8,FE012804,MetalRoofACVent01_Stat,CONT,41311.140625,-90497.843750,2146.000000,225.0000
LootableACUnit_Q.esp,00042EC7,FE012804,MetalRoofACVent01_Stat,CONT,43564.269531,-90797.914062,1890.000244,225.0000
LootableACUnit_Q.esp,00042EC6,FE012804,MetalRoofACVent01_Stat,CONT,43262.199219,-91097.523438,1890.000244,225.0000
LootableACUnit_Q.esp,00042EC4,FE012804,MetalRoofACVent01_Stat,CONT,42987.722656,-91374.460938,1890.000244,225.0000
LootableACUnit_Q.esp,00042EC3,FE012804,MetalRoofACVent01_Stat,CONT,42721.214844,-91640.968750,1890.000244,225.0000
LootableACUnit_Q.esp,00042EC2,FE012804,MetalRoofACVent01_Stat,CONT,42488.824219,-91873.359375,1890.000244,225.0000
LootableACUnit_Q.esp,00042EDE,FE012804,MetalRoofACVent01_Stat,CONT,40516.828125,-89682.578125,1890.000000,225.0000
LootableACUnit_Q.esp,00042ED1,FE012804,MetalRoofACVent01_Stat,CONT,41158.828125,-89040.578125,1890.000000,225.0000
LootableACUnit_Q.esp,00042ED0,FE012804,MetalRoofACVent01_Stat,CONT,41152.578125,-89447.789062,2130.000000,225.0000
LootableACUnit_Q.esp,00042ECE,FE012804,MetalRoofACVent01_Stat,CONT,41349.742188,-90008.757812,2146.000000,225.0000
LootableACUnit_Q.esp,000E881C,FE012804,MetalRoofACVent01_Stat,CONT,14206.858398,-30770.339844,1930.489502,277.9758
LootableACUnit_Q.esp,0019374A,001932CA,ACUnit01_Container,CONT,18524.080078,-31805.769531,1585.651367,48.0930
LootableACUnit_Q.esp,0019372A,001932CA,ACUnit01_Container,CONT,19250.240234,-31486.058594,1316.654663,228.0931
LootableACUnit_Q.esp,00193729,001932CA,ACUnit01_Container,CONT,18951.464844,-31153.150391,1573.319092,228.0931
LootableACUnit_Q.esp,00188252,FE012804,MetalRoofACVent01_Stat,CONT,17689.250000,-32125.660156,2448.000000,60.0001
LootableACUnit_Q.esp,0018263A,FE01280F,IndustrialFan_Stat,CONT,19715.423828,-29537.199219,963.270386,220.3247
LootableACUnit_Q.esp,0006AD15,FE012804,MetalRoofACVent01_Stat,CONT,32680.976562,-31934.931641,1839.573730,131.6543
LootableACUnit_Q.esp,0003DE29,FE012812,IndustrialFanSmall_Stat,CONT,31859.750000,-32076.441406,1078.682861,311.6543
LootableACUnit_Q.esp,0003DE27,FE012812,IndustrialFanSmall_Stat,CONT,32612.505859,-32175.595703,1292.014893,221.6543
LootableACUnit_Q.esp,0003DE22,FE01280F,IndustrialFan_Stat,CONT,31944.535156,-31983.765625,1516.881348,311.6543
LootableACUnit_Q.esp,0018263B,FE01280F,IndustrialFan_Stat,CONT,21058.458984,-28622.017578,947.270386,40.3247
LootableACUnit_Q.esp,0013D788,FE012804,MetalRoofACVent01_Stat,CONT,12401.134766,-21290.187500,1526.756592,186.1238
LootableACUnit_Q.esp,0013AC26,FE01280F,IndustrialFan_Stat,CONT,13134.196289,-23495.824219,1654.474121,4.8931
LootableACUnit_Q.esp,0019382B,001932CB,ACUnit02_Container,CONT,28628.773437,-23907.791016,866.094299,310.0007
LootableACUnit_Q.esp,00193829,001932CB,ACUnit02_Container,CONT,29088.154297,-23530.693359,1002.665039,310.0007
LootableACUnit_Q.esp,00193663,001932CB,ACUnit02_Container,CONT,32660.998047,-18675.339844,1002.665039,310.0014
LootableACUnit_Q.esp,0020C7F0,FE012811,IndustrialFan01_Small_Dest_Mstt,CONT,7963.041016,-13184.341797,1105.474487,78.0138
LootableACUnit_Q.esp,0020C7EF,FE012811,IndustrialFan01_Small_Dest_Mstt,CONT,7945.566406,-13102.058594,1105.474487,78.0138
LootableACUnit_Q.esp,0020C7EE,FE012811,IndustrialFan01_Small_Dest_Mstt,CONT,7927.849609,-13018.560547,1105.474487,78.0138
LootableACUnit_Q.esp,0020C6D7,FE012811,IndustrialFan01_Small_Dest_Mstt,CONT,6286.039062,-12530.432617,1298.811157,168.5409
LootableACUnit_Q.esp,0020C6D6,FE012811,IndustrialFan01_Small_Dest_Mstt,CONT,6202.385254,-12547.387695,1298.811157,168.5409
LootableACUnit_Q.esp,0020C6D5,FE012811,IndustrialFan01_Small_Dest_Mstt,CONT,6119.946289,-12564.098633,1298.811157,168.5409
LootableACUnit_Q.esp,001937FC,001932CA,ACUnit01_Container,CONT,23146.000000,-13160.000000,906.000000,90.0001
LootableACUnit_Q.esp,001DF70B,FE012812,IndustrialFanSmall_Stat,CONT,19968.000000,-7520.000488,1231.875000,90.0001
LootableACUnit_Q.esp,001DF70A,FE012811,IndustrialFan01_Small_Dest_Mstt,CONT,19968.000000,-7520.000488,1039.875000,90.0001
LootableACUnit_Q.esp,001DF709,FE012812,IndustrialFanSmall_Stat,CONT,19968.000000,-7264.000488,1039.875000,90.0001
LootableACUnit_Q.esp,001DF708,FE012812,IndustrialFanSmall_Stat,CONT,19968.000000,-6752.000488,1039.875000,90.0001
LootableACUnit_Q.esp,001DF707,FE012811,IndustrialFan01_Small_Dest_Mstt,CONT,19968.000000,-6752.000488,1231.875000,90.0001
LootableACUnit_Q.esp,001DF706,FE012811,IndustrialFan01_Small_Dest_Mstt,CONT,19968.000000,-7264.000488,1231.875000,90.0001
LootableACUnit_Q.esp,001DF705,FE012811,IndustrialFan01_Small_Dest_Mstt,CONT,19968.000000,-7024.000488,1039.875000,90.0001
LootableACUnit_Q.esp,001DF704,FE012811,IndustrialFan01_Small_Dest_Mstt,CONT,19968.000000,-7024.000488,1231.875000,90.0001
LootableACUnit_Q.esp,00193748,001932CA,ACUnit01_Container,CONT,22528.236328,-8189.125488,1260.453125,90.0001
LootableACUnit_Q.esp,0019361D,001932CA,ACUnit01_Container,CONT,21088.000000,-5872.000000,920.000000,180.0000
LootableACUnit_Q.esp,001937FA,001932CA,ACUnit01_Container,CONT,24381.388672,-2057.171143,917.109253,347.8652
LootableACUnit_Q.esp,001936CF,001932CA,ACUnit01_Container,CONT,22489.453125,-580.090393,1045.851074,167.0003
LootableACUnit_Q.esp,00085363,FE012804,MetalRoofACVent01_Stat,CONT,19761.244141,-57796.792969,1672.000000,0.0000
LootableACUnit_Q.esp,00193727,001932CA,ACUnit01_Container,CONT,24056.644531,-55610.687500,1413.499268,0.0000
LootableACUnit_Q.esp,00193726,001932CA,ACUnit01_Container,CONT,24519.212891,-55610.687500,1641.536743,0.0000
LootableACUnit_Q.esp,00193827,001932CB,ACUnit02_Container,CONT,23965.707031,-49183.753906,982.246460,132.7434
LootableACUnit_Q.esp,001937D1,001932CA,ACUnit01_Container,CONT,22407.396484,-50568.777344,744.430847,165.7668
LootableACUnit_Q.esp,001935A3,001932CA,ACUnit01_Container,CONT,24756.998047,-52450.468750,589.559143,319.8924
LootableACUnit_Q.esp,00193573,001932CB,ACUnit02_Container,CONT,6360.745117,-45817.214844,1333.921753,10.8411
LootableACUnit_Q.esp,00193546,001932CB,ACUnit02_Container,CONT,7127.894043,-45315.972656,1335.020752,279.1674
LootableACUnit_Q.esp,00193545,001932CA,ACUnit01_Container,CONT,5677.521973,-47542.578125,1344.802246,203.5374
LootableACUnit_Q.esp,00193544,001932CA,ACUnit01_Container,CONT,5149.637207,-48435.832031,1597.333008,23.5374
LootableACUnit_Q.esp,0019370F,001932CA,ACUnit01_Container,CONT,23934.542969,-48077.273438,815.482483,281.2441
LootableACUnit_Q.esp,0019370E,001932CA,ACUnit01_Container,CONT,23949.257812,-47793.679688,1064.656860,261.3269
LootableACUnit_Q.esp,00193693,001932CB,ACUnit02_Container,CONT,24235.931641,-48906.484375,934.099365,132.7434
LootableACUnit_Q.esp,001935A1,001932CA,ACUnit01_Container,CONT,21830.386719,-46762.464844,796.679016,349.7820
LootableACUnit_Q.esp,001D1DD3,001932CA,ACUnit01_Container,CONT,26225.000000,-46237.000000,1559.166870,90.0001
LootableACUnit_Q.esp,001D1DD2,001932CA,ACUnit01_Container,CONT,26225.000000,-46365.000000,1047.166870,90.0001
LootableACUnit_Q.esp,001D1DD1,001932CA,ACUnit01_Container,CONT,25713.000000,-47261.000000,1303.166870,90.0001
LootableACUnit_Q.esp,001D1DD0,001932CA,ACUnit01_Container,CONT,26049.000000,-47597.000000,1303.166870,0.0001
LootableACUnit_Q.esp,001D1DCF,001932CA,ACUnit01_Container,CONT,26441.000000,-47357.000000,1559.166870,0.0001
LootableACUnit_Q.esp,001D1DCE,001932CA,ACUnit01_Container,CONT,26689.000000,-47341.000000,1559.166870,0.0001
LootableACUnit_Q.esp,001D1DCD,001932CA,ACUnit01_Container,CONT,27025.000000,-46237.000000,1303.166870,270.0001
LootableACUnit_Q.esp,001D1DCC,001932CA,ACUnit01_Container,CONT,26769.000000,-46877.000000,1551.166870,270.0001
LootableACUnit_Q.esp,001D1DCB,001932CA,ACUnit01_Container,CONT,26769.000000,-46877.000000,1303.166870,270.0001
LootableACUnit_Q.esp,001D1DCA,001932CA,ACUnit01_Container,CONT,26769.000000,-47133.000000,1047.166870,270.0001
LootableACUnit_Q.esp,001936E3,001932CA,ACUnit01_Container,CONT,25082.789062,-46872.832031,909.146606,357.7997
LootableACUnit_Q.esp,001CC113,FE012804,MetalRoofACVent01_Stat,CONT,10917.083008,-40990.898438,1553.005737,0.0000
LootableACUnit_Q.esp,0013ABD8,FE012812,IndustrialFanSmall_Stat,CONT,11153.182617,-41462.535156,1391.505737,85.0098
LootableACUnit_Q.esp,0013AB7B,FE012812,IndustrialFanSmall_Stat,CONT,10310.866211,-41656.539062,1415.505737,175.0098
LootableACUnit_Q.esp,001CC099,FE01280F,IndustrialFan_Stat,CONT,18824.000000,-42720.000000,992.000000,90.0000
LootableACUnit_Q.esp,001CCDDC,FE012804,MetalRoofACVent01_Stat,CONT,22573.972656,-41415.359375,1231.619141,270.0000
LootableACUnit_Q.esp,001CCDDB,FE012804,MetalRoofACVent01_Stat,CONT,22980.310547,-41415.359375,1231.619141,270.0000
LootableACUnit_Q.esp,001CC7A3,FE012804,MetalRoofACVent01_Stat,CONT,26260.982422,-43124.746094,1266.726074,307.2423
LootableACUnit_Q.esp,001CC7A2,FE012804,MetalRoofACVent01_Stat,CONT,26503.791016,-42801.613281,1266.741943,307.2423
LootableACUnit_Q.esp,001CC7A1,FE012804,MetalRoofACVent01_Stat,CONT,25933.986328,-42631.593750,1266.741943,307.2423
LootableACUnit_Q.esp,001937F8,001932CA,ACUnit01_Container,CONT,27487.085937,-43087.019531,1012.195801,180.0001
LootableACUnit_Q.esp,00193724,001932CA,ACUnit01_Container,CONT,25580.960938,-44764.906250,1136.003174,274.0559
LootableACUnit_Q.esp,00193723,001932CA,ACUnit01_Container,CONT,25612.603516,-44318.707031,1392.667603,274.0559
LootableACUnit_Q.esp,0019359F,001932CA,ACUnit01_Container,CONT,26690.355469,-44683.035156,805.188477,247.7942
LootableACUnit_Q.esp,000428E5,FE012812,IndustrialFanSmall_Stat,CONT,30810.566406,-41295.277344,820.601562,320.0000
LootableACUnit_Q.esp,000428E0,FE012812,IndustrialFanSmall_Stat,CONT,30810.566406,-41295.277344,919.105164,320.0000
LootableACUnit_Q.esp,000428D7,FE012812,IndustrialFanSmall_Stat,CONT,30501.376953,-42327.792969,851.500549,230.0000
LootableACUnit_Q.esp,0018A7A2,FE012812,IndustrialFanSmall_Stat,CONT,31792.042969,-40769.410156,1457.616455,270.0000
LootableACUnit_Q.esp,000428DF,FE012812,IndustrialFanSmall_Stat,CONT,31455.285156,-40754.289062,923.860413,320.0001
LootableACUnit_Q.esp,000428DE,FE012812,IndustrialFanSmall_Stat,CONT,32265.539062,-40397.800781,1087.417114,50.0000
LootableACUnit_Q.esp,00193619,001932CA,ACUnit01_Container,CONT,19891.958984,-33231.937500,1021.020630,237.2963
LootableACUnit_Q.esp,0003DE26,FE012812,IndustrialFanSmall_Stat,CONT,32522.306641,-33465.871094,1533.984985,221.6543
LootableACUnit_Q.esp,0020F3F0,001932CA,ACUnit01_Container,CONT,1236.441162,-84046.156250,589.083191,145.6228
LootableACUnit_Q.esp,0020EC55,001932CA,ACUnit01_Container,CONT,2797.293457,-83704.789062,846.186157,235.6229
LootableACUnit_Q.esp,0020EC54,001932CA,ACUnit01_Container,CONT,3881.923340,-85290.210938,847.158081,235.6228
LootableACUnit_Q.esp,0020EC53,001932CA,ACUnit01_Container,CONT,3582.012695,-83945.039062,846.332520,235.6230
LootableACUnit_Q.esp,0020EC52,001932CA,ACUnit01_Container,CONT,3799.335937,-84262.710938,590.909302,235.6230
LootableACUnit_Q.esp,00049E09,FE012804,MetalRoofACVent01_Stat,CONT,20474.037109,-91335.875000,1178.088013,270.0001
LootableACUnit_Q.esp,00049DBD,FE012804,MetalRoofACVent01_Stat,CONT,19568.021484,-91335.867188,1178.188110,0.0001
LootableACUnit_Q.esp,00042823,FE01280F,IndustrialFan_Stat,CONT,18992.447266,-90760.382812,1277.831787,180.0001
LootableACUnit_Q.esp,00042822,FE012812,IndustrialFanSmall_Stat,CONT,19553.638672,-91528.382812,1116.716919,180.0001
LootableACUnit_Q.esp,0002095A,FE012804,MetalRoofACVent01_Stat,CONT,19568.011719,-91431.859375,1178.188110,270.0001
LootableACUnit_Q.esp,00020959,FE012804,MetalRoofACVent01_Stat,CONT,20474.042969,-91439.859375,1178.088013,180.0001
LootableACUnit_Q.esp,0023778F,FE01280F,IndustrialFan_Stat,CONT,20640.017578,-90469.484375,1189.593018,270.0000
LootableACUnit_Q.esp,0004281F,FE012812,IndustrialFanSmall_Stat,CONT,20823.302734,-90503.859375,1173.977539,180.0001
LootableACUnit_Q.esp,0019370C,001932CA,ACUnit01_Container,CONT,28562.880859,-90500.257812,1527.962280,235.6263
LootableACUnit_Q.esp,0019370B,001932CA,ACUnit01_Container,CONT,28370.488281,-90291.390625,1777.136719,215.7073
LootableACUnit_Q.esp,001936E1,001932CA,ACUnit01_Container,CONT,30198.703125,-90243.718750,1435.296143,132.7079
LootableACUnit_Q.esp,001935E3,001932CA,ACUnit01_Container,CONT,31863.837891,-90279.906250,1304.306396,42.7079
LootableACUnit_Q.esp,001121B7,FE012812,IndustrialFanSmall_Stat,CONT,19425.257812,-90085.093750,872.812744,147.2393
LootableACUnit_Q.esp,00049ED8,FE012804,MetalRoofACVent01_Stat,CONT,19966.548828,-89795.796875,1242.088013,90.0001
LootableACUnit_Q.esp,001936B2,001932CA,ACUnit01_Container,CONT,24513.921875,-86330.710938,1565.105713,246.8040
LootableACUnit_Q.esp,001936B1,001932CA,ACUnit01_Container,CONT,24425.835938,-86021.570312,1772.851440,254.8046
LootableACUnit_Q.esp,00193746,001932CA,ACUnit01_Container,CONT,26048.685547,-88529.296875,1669.725098,42.7079
LootableACUnit_Q.esp,00193661,001932CB,ACUnit02_Container,CONT,28029.027344,-89873.171875,1603.810547,222.7079
LootableACUnit_Q.esp,00193617,001932CA,ACUnit01_Container,CONT,27660.941406,-89406.875000,1522.322021,222.7079
LootableACUnit_Q.esp,001A687F,001932CA,ACUnit01_Container,CONT,29752.554687,-87029.515625,1484.068115,24.9459
LootableACUnit_Q.esp,001A687E,001932CA,ACUnit01_Container,CONT,30173.591797,-87921.492188,1437.360962,119.9095
LootableACUnit_Q.esp,00193825,001932CB,ACUnit02_Container,CONT,30521.228516,-89027.257812,1435.836792,42.7079
LootableACUnit_Q.esp,001937F6,001932CA,ACUnit01_Container,CONT,30989.232422,-87145.468750,1431.810425,174.1359
LootableACUnit_Q.esp,00193615,001932CA,ACUnit01_Container,CONT,31995.125000,-87241.914062,1438.498657,259.0231
LootableACUnit_Q.esp,001936B3,001932CA,ACUnit01_Container,CONT,23622.207031,-85443.820312,1769.156494,202.3461
LootableACUnit_Q.esp,001937CF,001932CA,ACUnit01_Container,CONT,32431.466797,-86015.718750,1139.061279,88.7924
LootableACUnit_Q.esp,0021F5E6,FE012811,IndustrialFan01_Small_Dest_Mstt,CONT,5037.900391,-75732.234375,585.203613,165.3669
LootableACUnit_Q.esp,0021F5E5,FE012811,IndustrialFan01_Small_Dest_Mstt,CONT,4955.314453,-75753.796875,585.203613,165.3669
LootableACUnit_Q.esp,0021F5E4,FE012811,IndustrialFan01_Small_Dest_Mstt,CONT,4873.923828,-75775.046875,585.203613,165.3669
LootableACUnit_Q.esp,00193865,001932CA,ACUnit01_Container,CONT,8033.085937,-75240.406250,679.514160,202.6129
LootableACUnit_Q.esp,00193864,001932CA,ACUnit01_Container,CONT,7757.955566,-75170.078125,928.688538,182.6936
LootableACUnit_Q.esp,00193709,001932CA,ACUnit01_Container,CONT,5505.603516,-74229.523438,692.771179,11.7715
LootableACUnit_Q.esp,00193708,001932CA,ACUnit01_Container,CONT,5789.049805,-74246.851562,941.945557,351.8542
LootableACUnit_Q.esp,001935E1,001932CA,ACUnit01_Container,CONT,6869.550293,-74185.257812,664.953613,358.8545
LootableACUnit_Q.esp,001937CD,001932CA,ACUnit01_Container,CONT,9789.134766,-75618.085938,415.296509,189.6941
LootableACUnit_Q.esp,001937CB,001932CA,ACUnit01_Container,CONT,4907.317871,-71881.179688,615.330322,180.0000
LootableACUnit_Q.esp,00193613,001932CA,ACUnit01_Container,CONT,7613.122070,-72639.304688,658.949219,289.4011
LootableACUnit_Q.esp,0019359D,001932CA,ACUnit01_Container,CONT,6140.590332,-71941.867188,555.705505,180.0000
LootableACUnit_Q.esp,00158550,FE012812,IndustrialFanSmall_Stat,CONT,104462.695312,46385.238281,-92.669067,0.0000
LootableACUnit_Q.esp,00100202,FE01280F,IndustrialFan_Stat,CONT,103864.546875,23593.728516,939.042664,180.0000
LootableACUnit_Q.esp,0019E62A,001932CA,ACUnit01_Container,CONT,106095.484375,25876.238281,1139.670410,180.0000
LootableACUnit_Q.esp,0019E629,001932CA,ACUnit01_Container,CONT,106732.343750,25349.912109,1139.573486,0.0000
LootableACUnit_Q.esp,00107566,FE012812,IndustrialFanSmall_Stat,CONT,84562.515625,100369.007812,1858.436768,180.0000
LootableACUnit_Q.esp,00107564,FE012804,MetalRoofACVent01_Stat,CONT,82732.890625,98611.289062,1858.436768,295.3789
LootableACUnit_Q.esp,00107567,FE01280F,IndustrialFan_Stat,CONT,86579.289062,100354.312500,1188.638062,90.0001
LootableACUnit_Q.esp,0300BF12,FE012812,IndustrialFanSmall_Stat,CONT,84549.656250,123553.960937,692.394775,308.9162
LootableACUnit_Q.esp,0019365F,001932CB,ACUnit02_Container,CONT,91326.781250,80527.281250,1501.506226,177.4904
LootableACUnit_Q.esp,00193862,001932CA,ACUnit01_Container,CONT,93221.039062,83855.007812,1489.634399,235.4083
LootableACUnit_Q.esp,00193861,001932CA,ACUnit01_Container,CONT,93027.851562,84063.140625,1738.808838,215.4893
LootableACUnit_Q.esp,00193611,001932CA,ACUnit01_Container,CONT,92968.742188,85943.203125,1595.360596,329.6645
LootableACUnit_Q.esp,0019365B,001932CB,ACUnit02_Container,CONT,95873.734375,82672.007812,1518.404785,42.4901
LootableACUnit_Q.esp,0019360F,001932CA,ACUnit01_Container,CONT,95941.679688,83907.390625,1765.379272,132.4902
LootableACUnit_Q.esp,0019360D,001932CA,ACUnit01_Container,CONT,96387.492188,82596.554688,1468.262939,132.4901
LootableACUnit_Q.esp,001935DF,001932CA,ACUnit01_Container,CONT,97191.937500,82960.015625,1426.191895,312.4901
LootableACUnit_Q.esp,00107565,FE012804,MetalRoofACVent01_Stat,CONT,83462.445312,97892.437500,1858.436768,295.3789
LootableACUnit_Q.esp,0010747A,FE012812,IndustrialFanSmall_Stat,CONT,83984.921875,98004.054688,1218.436768,116.3789
LootableACUnit_Q.esp,00107479,FE01280F,IndustrialFan_Stat,CONT,82589.968750,97892.187500,1474.436768,206.3789
LootableACUnit_Q.esp,0005489D,FE012804,MetalRoofACVent01_Stat,CONT,84564.164062,98226.890625,1218.436768,295.3789
LootableACUnit_Q.esp,000ADA79,FE012812,IndustrialFanSmall_Stat,CONT,80323.250000,54212.242187,1692.913086,270.0001
LootableACUnit_Q.esp,000ADA78,FE012812,IndustrialFanSmall_Stat,CONT,80323.250000,54490.054687,1692.913086,270.0001
LootableACUnit_Q.esp,000242D1,FE012804,MetalRoofACVent01_Stat,CONT,78976.164062,56138.128906,1176.000000,0.0000
LootableACUnit_Q.esp,001D05EC,FE012810,IndustrialFan01_Dest_Mstt,CONT,89596.265625,2748.138916,-6555.647949,226.3183
LootableACUnit_Q.esp,001CAD78,001932CA,ACUnit01_Container,CONT,81563.460938,25892.390625,849.769348,0.0000
LootableACUnit_Q.esp,001CAD33,FE012812,IndustrialFanSmall_Stat,CONT,82304.039062,25205.171875,521.911255,0.0000
LootableACUnit_Q.esp,001EAEEB,FE012804,MetalRoofACVent01_Stat,CONT,54137.203125,35607.878906,934.158264,183.9651
LootableACUnit_Q.esp,00210078,FE012811,IndustrialFan01_Small_Dest_Mstt,CONT,52795.613281,39030.578125,832.211060,331.4214
LootableACUnit_Q.esp,001310E7,FE01280F,IndustrialFan_Stat,CONT,53162.230469,57080.996094,1609.522583,180.0000
LootableACUnit_Q.esp,0002A093,FE012812,IndustrialFanSmall_Stat,CONT,54755.789062,57080.996094,1729.967773,180.0000
LootableACUnit_Q.esp,000775A1,FE012804,MetalRoofACVent01_Stat,CONT,53082.550781,60019.460937,1671.997314,0.0000
LootableACUnit_Q.esp,0002A100,FE012812,IndustrialFanSmall_Stat,CONT,52924.000000,59920.996094,1557.862549,270.0000
LootableACUnit_Q.esp,0002A0F4,FE012804,MetalRoofACVent01_Stat,CONT,52794.656250,59596.628906,1799.997559,0.0000
LootableACUnit_Q.esp,0002A0B8,FE012804,MetalRoofACVent01_Stat,CONT,53183.503906,59327.976562,1799.997559,0.0000
LootableACUnit_Q.esp,000775A3,FE012804,MetalRoofACVent01_Stat,CONT,54492.578125,57529.753906,1799.997559,0.0000
LootableACUnit_Q.esp,000775A2,FE012804,MetalRoofACVent01_Stat,CONT,53936.992187,57526.714844,1799.997559,0.0000
LootableACUnit_Q.esp,0002A3D1,FE01280F,IndustrialFan_Stat,CONT,53424.000000,60096.996094,1534.609497,0.0000
LootableACUnit_Q.esp,0002A0A3,FE012804,MetalRoofACVent01_Stat,CONT,53492.308594,59327.976562,1799.997559,0.0000
LootableACUnit_Q.esp,0002A09E,FE012804,MetalRoofACVent01_Stat,CONT,54173.101562,60150.003906,1927.997559,0.0000
LootableACUnit_Q.esp,0002A09D,FE012804,MetalRoofACVent01_Stat,CONT,56347.972656,60363.777344,2183.997314,0.0000
LootableACUnit_Q.esp,0002A09C,FE012812,IndustrialFanSmall_Stat,CONT,56311.953125,60437.996094,2120.986816,0.0000
LootableACUnit_Q.esp,0002A095,FE012812,IndustrialFanSmall_Stat,CONT,55208.500000,60437.996094,1606.910522,0.0000
LootableACUnit_Q.esp,0002A094,FE01280F,IndustrialFan_Stat,CONT,54500.160156,60245.996094,1767.764648,0.0000
LootableACUnit_Q.esp,000D35F5,FE01280F,IndustrialFan_Stat,CONT,40482.535156,7552.150879,786.225220,323.3308
LootableACUnit_Q.esp,000D35F4,FE01280F,IndustrialFan_Stat,CONT,40482.535156,7552.150879,894.621277,323.3308
LootableACUnit_Q.esp,0013B374,FE012804,MetalRoofACVent01_Stat,CONT,42480.281250,6766.216797,1209.975342,139.8247
LootableACUnit_Q.esp,0013B373,FE012804,MetalRoofACVent01_Stat,CONT,42150.199219,6487.521484,1209.975342,139.8247
LootableACUnit_Q.esp,0013B372,FE012804,MetalRoofACVent01_Stat,CONT,42591.546875,7142.859375,1137.975342,139.8247
LootableACUnit_Q.esp,00231F7C,FE012804,MetalRoofACVent01_Stat,CONT,47172.402344,7834.637695,1635.207520,286.0428
LootableACUnit_Q.esp,00231F7B,FE012804,MetalRoofACVent01_Stat,CONT,47394.468750,7727.461426,1635.207520,297.5020
LootableACUnit_Q.esp,00193813,001932CB,ACUnit02_Container,CONT,57109.492187,8175.710937,1192.742554,59.9695
LootableACUnit_Q.esp,0019384D,001932CA,ACUnit01_Container,CONT,39959.625000,11449.918945,976.037781,326.4598
LootableACUnit_Q.esp,000D0472,001932CA,ACUnit01_Container,CONT,43094.128906,9483.416016,873.630981,236.8032
LootableACUnit_Q.esp,000D0471,001932CA,ACUnit01_Container,CONT,43159.832031,9383.000977,873.630981,236.8032
LootableACUnit_Q.esp,0023CEFD,FE012811,IndustrialFan01_Small_Dest_Mstt,CONT,51744.089844,10385.137695,1267.192139,90.0000
LootableACUnit_Q.esp,001935DD,001932CA,ACUnit01_Container,CONT,51097.433594,10847.954102,1185.541138,180.0000
LootableACUnit_Q.esp,001F1EE6,FE012804,MetalRoofACVent01_Stat,CONT,53313.843750,9424.202148,1305.250000,288.9076
LootableACUnit_Q.esp,0019360B,001932CA,ACUnit01_Container,CONT,57100.144531,8729.686523,1157.020630,149.9695
LootableACUnit_Q.esp,001935C2,001932CA,ACUnit01_Container,CONT,53503.445312,9213.728516,1143.431274,15.0001
LootableACUnit_Q.esp,001935DB,001932CA,ACUnit01_Container,CONT,58590.175781,10391.572266,1118.139404,120.9394
LootableACUnit_Q.esp,001935D9,001932CA,ACUnit01_Container,CONT,49861.089844,15669.384766,1228.389893,273.5060
LootableACUnit_Q.esp,0019385F,001932CA,ACUnit01_Container,CONT,58065.734375,26549.455078,1056.521362,277.1060
LootableACUnit_Q.esp,0019385E,001932CA,ACUnit01_Container,CONT,58059.945312,26833.373047,1305.695801,257.1886
LootableACUnit_Q.esp,00149384,FE012804,MetalRoofACVent01_Stat,CONT,55898.605469,29495.357422,933.114807,281.4592
LootableACUnit_Q.esp,000873D4,FE012811,IndustrialFan01_Small_Dest_Mstt,CONT,20404.000000,102875.328125,1972.000000,180.0000
LootableACUnit_Q.esp,001417EB,FE012804,MetalRoofACVent01_Stat,CONT,19934.429688,76499.000000,2176.337891,54.1901
LootableACUnit_Q.esp,00089F6F,FE012812,IndustrialFanSmall_Stat,CONT,20026.099609,76496.070312,1982.669434,324.1390
LootableACUnit_Q.esp,00089792,FE012812,IndustrialFanSmall_Stat,CONT,19101.937500,77585.617188,2240.000000,54.1389
LootableACUnit_Q.esp,00089791,FE01280F,IndustrialFan_Stat,CONT,21181.941406,77328.726562,2237.912842,324.1389
LootableACUnit_Q.esp,000ED53A,FE01280F,IndustrialFan_Stat,CONT,4305.926270,81654.953125,1898.301880,238.3842
LootableACUnit_Q.esp,000ED55C,FE012812,IndustrialFanSmall_Stat,CONT,8776.051758,81600.117188,1925.902710,120.0001
LootableACUnit_Q.esp,001417ED,FE012812,IndustrialFanSmall_Stat,CONT,19924.687500,79262.609375,2113.819580,324.1389
LootableACUnit_Q.esp,001417EC,FE012804,MetalRoofACVent01_Stat,CONT,20382.240234,78396.148438,2416.000000,54.1901
LootableACUnit_Q.esp,001417EA,FE012804,MetalRoofACVent01_Stat,CONT,19580.607422,78416.507812,2416.000000,54.1901
LootableACUnit_Q.esp,000897B6,FE01280F,IndustrialFan_Stat,CONT,20437.443359,78798.070312,2112.000000,54.1389
LootableACUnit_Q.esp,000897AE,FE012812,IndustrialFanSmall_Stat,CONT,18797.193359,78777.921875,2110.891113,269.9999
LootableACUnit_Q.esp,000ED552,FE01280F,IndustrialFan_Stat,CONT,8236.567383,83713.484375,2137.031006,120.0001
LootableACUnit_Q.esp,00193609,001932CA,ACUnit01_Container,CONT,20613.179688,3859.117432,1040.778809,158.4048
LootableACUnit_Q.esp,00193811,001932CB,ACUnit02_Container,CONT,30352.878906,2187.950684,1050.800537,119.9997
LootableACUnit_Q.esp,001937B5,001932CA,ACUnit01_Container,CONT,30252.216797,3520.214844,749.140991,105.0000
LootableACUnit_Q.esp,001937B3,001932CA,ACUnit01_Container,CONT,30378.210937,3017.545410,749.140991,15.0000
LootableACUnit_Q.esp,0019368D,001932CB,ACUnit02_Container,CONT,30462.544922,2568.220703,1050.653442,119.9996
LootableACUnit_Q.esp,00193607,001932CA,ACUnit01_Container,CONT,30193.224609,2592.098877,983.718384,285.0000
LootableACUnit_Q.esp,0019359B,001932CA,ACUnit01_Container,CONT,29498.259766,3845.304443,749.140991,285.0000
LootableACUnit_Q.esp,00193597,001932CA,ACUnit01_Container,CONT,30023.109375,4045.256836,749.140991,15.0000
LootableACUnit_Q.esp,001BF9AE,001932CA,ACUnit01_Container,CONT,2769.194336,13673.170898,1178.983398,125.5688
LootableACUnit_Q.esp,001BF9AD,001932CA,ACUnit01_Container,CONT,2543.975586,13371.979492,1434.983398,125.5688
LootableACUnit_Q.esp,001BF9AC,001932CA,ACUnit01_Container,CONT,2103.752930,12742.621094,1434.983398,125.5688
LootableACUnit_Q.esp,001BF9AB,001932CA,ACUnit01_Container,CONT,1799.425659,12330.804688,1178.983398,125.5688
LootableACUnit_Q.esp,001935D7,001932CA,ACUnit01_Container,CONT,3808.571289,16186.563477,1143.119629,55.9794
LootableACUnit_Q.esp,001937B1,001932CA,ACUnit01_Container,CONT,3597.134766,19875.695312,903.070129,139.5149
LootableACUnit_Q.esp,0016366A,001932CA,ACUnit01_Container,CONT,2781.687988,16944.117187,802.714966,2.9566
LootableACUnit_Q.esp,00193599,001932CA,ACUnit01_Container,CONT,30540.003906,4220.464355,749.140991,285.0000
LootableACUnit_Q.esp,00240BFB,FE012811,IndustrialFan01_Small_Dest_Mstt,CONT,13353.791992,11648.916016,1358.565796,227.0001
LootableACUnit_Q.esp,001CBCCE,001932CA,ACUnit01_Container,CONT,15753.416992,10778.369141,1540.589355,292.3452
LootableACUnit_Q.esp,001CBCCD,001932CA,ACUnit01_Container,CONT,15664.069336,10538.165039,1287.338379,292.3452
LootableACUnit_Q.esp,001937AF,001932CA,ACUnit01_Container,CONT,16108.491211,9527.768555,970.239990,224.9994
LootableACUnit_Q.esp,001D0976,001932CA,ACUnit01_Container,CONT,20387.603516,9335.030273,1037.111694,310.6269
LootableACUnit_Q.esp,001CC72E,001932CA,ACUnit01_Container,CONT,17226.478516,8270.791992,1068.975342,357.1353
LootableACUnit_Q.esp,00193595,001932CA,ACUnit01_Container,CONT,17070.671875,9553.930664,956.539429,169.6873
LootableACUnit_Q.esp,001D3FFC,001932CA,ACUnit01_Container,CONT,24106.779297,9533.134766,835.942322,2.0281
LootableACUnit_Q.esp,001D3FFB,001932CA,ACUnit01_Container,CONT,24256.785156,10223.772461,863.906311,2.0282
LootableACUnit_Q.esp,001D3FFA,001932CA,ACUnit01_Container,CONT,24350.007812,10559.727539,1110.799683,272.0282
LootableACUnit_Q.esp,001C6B61,001932CA,ACUnit01_Container,CONT,12608.002930,14933.011719,912.821045,92.0023
LootableACUnit_Q.esp,001C6B60,001932CA,ACUnit01_Container,CONT,12816.541016,15121.031250,1161.541016,182.0023
LootableACUnit_Q.esp,001C6B5F,001932CA,ACUnit01_Container,CONT,13106.203125,15460.173828,1626.369263,102.6014
LootableACUnit_Q.esp,001C6B5E,001932CA,ACUnit01_Container,CONT,13293.162109,16205.453125,1380.461304,102.6018
LootableACUnit_Q.esp,001CA241,001932CA,ACUnit01_Container,CONT,21031.330078,13996.001953,1499.488403,92.0001
LootableACUnit_Q.esp,001CA226,001932CA,ACUnit01_Container,CONT,21177.740234,14945.375000,1502.714355,182.0001
LootableACUnit_Q.esp,001CA225,001932CA,ACUnit01_Container,CONT,21336.253906,15044.708008,1214.010864,92.0001
LootableACUnit_Q.esp,001C8AFF,001932CA,ACUnit01_Container,CONT,9976.774414,19504.863281,1213.908691,0.0000
LootableACUnit_Q.esp,001C8ABA,001932CA,ACUnit01_Container,CONT,10916.994141,16630.115234,1167.624023,11.2149
LootableACUnit_Q.esp,001C8AB9,001932CA,ACUnit01_Container,CONT,10411.652344,16757.513672,914.812439,18.4205
LootableACUnit_Q.esp,001C8AB8,001932CA,ACUnit01_Container,CONT,9975.567383,16670.132812,989.363220,248.2271
LootableACUnit_Q.esp,001C896D,001932CA,ACUnit01_Container,CONT,12991.076172,16420.074219,785.952759,200.9538
LootableACUnit_Q.esp,001937AB,001932CA,ACUnit01_Container,CONT,12462.401367,16629.326172,769.200256,200.9538
LootableACUnit_Q.esp,001937A9,001932CA,ACUnit01_Container,CONT,23897.990234,17130.242187,749.140991,174.8038
LootableACUnit_Q.esp,001937A7,001932CA,ACUnit01_Container,CONT,26152.605469,18161.333984,857.858154,354.2711
LootableACUnit_Q.esp,00165279,FE01280F,IndustrialFan_Stat,CONT,19720.748047,28511.740234,1215.230469,350.0001
LootableACUnit_Q.esp,00165277,FE01280F,IndustrialFan_Stat,CONT,19860.025391,25124.130859,1219.003174,170.0000
LootableACUnit_Q.esp,00042A85,FE012812,IndustrialFanSmall_Stat,CONT,18899.632812,28250.626953,1556.077881,260.0000
LootableACUnit_Q.esp,000429EF,FE012812,IndustrialFanSmall_Stat,CONT,18899.632812,28250.626953,1658.327759,260.0000
LootableACUnit_Q.esp,000429EC,FE012812,IndustrialFanSmall_Stat,CONT,18668.458984,26621.578125,896.000000,260.0000
LootableACUnit_Q.esp,000429EA,FE012812,IndustrialFanSmall_Stat,CONT,19426.322266,25263.621094,1539.404785,260.0000
LootableACUnit_Q.esp,000429E8,FE012812,IndustrialFanSmall_Stat,CONT,19871.462891,25126.412109,1581.040405,170.0000
LootableACUnit_Q.esp,000429E6,FE012812,IndustrialFanSmall_Stat,CONT,20411.601562,25156.664062,1144.954590,170.0000
LootableACUnit_Q.esp,000429CA,FE012812,IndustrialFanSmall_Stat,CONT,19338.742188,28444.312500,1661.938599,350.0000
LootableACUnit_Q.esp,00165278,FE01280F,IndustrialFan_Stat,CONT,21063.244141,26274.166016,1138.837891,80.0000
LootableACUnit_Q.esp,000429E4,FE012812,IndustrialFanSmall_Stat,CONT,21166.789062,25896.945312,1450.019775,80.0000
LootableACUnit_Q.esp,000429E2,FE012812,IndustrialFanSmall_Stat,CONT,20892.785156,27450.896484,1073.882324,80.0000
LootableACUnit_Q.esp,000429D1,FE012812,IndustrialFanSmall_Stat,CONT,20892.785156,27450.896484,1172.678955,80.0000
LootableACUnit_Q.esp,000429D0,FE012812,IndustrialFanSmall_Stat,CONT,20793.625000,28013.250000,1452.626831,80.0000
LootableACUnit_Q.esp,000429CF,FE012812,IndustrialFanSmall_Stat,CONT,20564.912109,28660.519531,1166.397949,350.0000
LootableACUnit_Q.esp,0004315B,FE012804,MetalRoofACVent01_Stat,CONT,10237.968750,29006.855469,1488.244141,135.0000
LootableACUnit_Q.esp,00043159,FE012804,MetalRoofACVent01_Stat,CONT,9558.515625,29697.533203,1488.244141,135.0000
LootableACUnit_Q.esp,00043155,FE012804,MetalRoofACVent01_Stat,CONT,8544.159180,30714.457031,1488.244141,135.0000
LootableACUnit_Q.esp,00043154,FE012804,MetalRoofACVent01_Stat,CONT,9067.542969,30563.175781,1553.999878,135.0000
LootableACUnit_Q.esp,00043153,FE012804,MetalRoofACVent01_Stat,CONT,8954.774414,30885.839844,1554.000000,135.0000
LootableACUnit_Q.esp,00043152,FE012804,MetalRoofACVent01_Stat,CONT,9802.580078,30730.576172,1488.244141,135.0000
LootableACUnit_Q.esp,00043151,FE012804,MetalRoofACVent01_Stat,CONT,10521.287109,30012.162109,1488.244141,135.0000
LootableACUnit_Q.esp,00043150,FE012804,MetalRoofACVent01_Stat,CONT,10777.586914,29139.451172,1488.244141,135.0000
LootableACUnit_Q.esp,0004314F,FE012804,MetalRoofACVent01_Stat,CONT,10954.123047,29311.789062,1488.244141,135.0000
LootableACUnit_Q.esp,0004314E,FE012812,IndustrialFanSmall_Stat,CONT,9882.880859,29264.205078,1387.353638,225.0001
LootableACUnit_Q.esp,0004314D,FE012812,IndustrialFanSmall_Stat,CONT,9752.421875,29394.664062,925.306702,225.0001
LootableACUnit_Q.esp,0004314C,FE012812,IndustrialFanSmall_Stat,CONT,9685.261719,29461.824219,925.306702,225.0001
LootableACUnit_Q.esp,0004314B,FE012812,IndustrialFanSmall_Stat,CONT,8712.795898,30434.292969,1150.504761,225.0001
LootableACUnit_Q.esp,0004314A,FE012812,IndustrialFanSmall_Stat,CONT,8725.139648,31011.810547,1423.517700,315.0001
LootableACUnit_Q.esp,00043149,FE012812,IndustrialFanSmall_Stat,CONT,9971.775391,30668.718750,1414.538818,45.0000
LootableACUnit_Q.esp,00043148,FE012812,IndustrialFanSmall_Stat,CONT,10043.745117,30596.750000,1414.538818,45.0000
LootableACUnit_Q.esp,00043147,FE012812,IndustrialFanSmall_Stat,CONT,11127.656250,29386.640625,1427.692871,135.0000
LootableACUnit_Q.esp,00043146,FE01280F,IndustrialFan_Stat,CONT,8540.436523,30606.650391,896.215271,225.0000
LootableACUnit_Q.esp,00205F75,FE012812,IndustrialFanSmall_Stat,CONT,3632.000000,-64.000000,256.000000,0.0000
LootableACUnit_Q.esp,00205F74,FE012812,IndustrialFanSmall_Stat,CONT,3632.000000,-272.000000,256.000000,0.0000
LootableACUnit_Q.esp,00205F73,FE012812,IndustrialFanSmall_Stat,CONT,3144.000000,472.000000,512.000000,0.0000
LootableACUnit_Q.esp,05005E06,FE012812,IndustrialFanSmall_Stat,CONT,6642.858398,-4779.234863,-921.372375,268.1105
LootableACUnit_Q.esp,05005CC7,FE012802,MacFanASmlAnimated_Mstt,CONT,-9491.903320,-5231.602539,373.906006,270.0001
LootableACUnit_Q.esp,05004C4F,FE012812,IndustrialFanSmall_Stat,CONT,-34.374031,-5394.046875,186.267441,0.0000
LootableACUnit_Q.esp,05004018,FE01280F,IndustrialFan_Stat,CONT,-7207.741699,8591.306641,-83.475014,90.0002
LootableACUnit_Q.esp,05003F3E,FE012812,IndustrialFanSmall_Stat,CONT,1260.296509,-5414.216309,187.665710,0.0692
LootableACUnit_Q.esp,05003CA0,FE012812,IndustrialFanSmall_Stat,CONT,1016.863403,8497.992187,1272.798584,270.0001
LootableACUnit_Q.esp,001B2EF8,FE012812,IndustrialFanSmall_Stat,CONT,471.753723,1899.227173,308.570282,90.0000
LootableACUnit_Q.esp,000C64A2,FE012812,IndustrialFanSmall_Stat,CONT,873.708130,176.083252,303.303284,88.5738
LootableACUnit_Q.esp,000C64A0,FE01280F,IndustrialFan_Stat,CONT,1156.457397,234.731674,321.961212,181.7021
LootableACUnit_Q.esp,000C5E55,FE012812,IndustrialFanSmall_Stat,CONT,2995.223145,30.378906,257.004272,270.3841
LootableACUnit_Q.esp,000C5E54,FE01280F,IndustrialFan_Stat,CONT,3234.957031,138.898682,315.185303,2.9396
LootableACUnit_Q.esp,0603E0F0,FE012812,IndustrialFanSmall_Stat,CONT,-2018.703369,-1525.310547,421.250458,0.0000
LootableACUnit_Q.esp,0603E0EF,FE012812,IndustrialFanSmall_Stat,CONT,-1562.599365,-1525.310547,421.250458,0.0000
LootableACUnit_Q.esp,0603E0EA,FE012812,IndustrialFanSmall_Stat,CONT,-3183.603516,-1732.692505,356.623962,90.0001
LootableACUnit_Q.esp,0603E0E9,FE012812,IndustrialFanSmall_Stat,CONT,-3048.167969,-1168.405762,371.367615,180.0000
LootableACUnit_Q.esp,0015CCEC,FE012812,IndustrialFanSmall_Stat,CONT,696.798645,-993.049561,730.991333,180.0000
LootableACUnit_Q.esp,0015CCEA,FE012812,IndustrialFanSmall_Stat,CONT,332.167053,-993.049561,730.991333,180.0000
LootableACUnit_Q.esp,00156328,FE012812,IndustrialFanSmall_Stat,CONT,832.000000,351.999939,-192.000000,0.0000
LootableACUnit_Q.esp,00156327,FE012812,IndustrialFanSmall_Stat,CONT,832.000061,479.999969,-192.000000,0.0000
LootableACUnit_Q.esp,00156326,FE012812,IndustrialFanSmall_Stat,CONT,832.000061,608.000000,-192.000000,180.0001
LootableACUnit_Q.esp,00156325,FE012812,IndustrialFanSmall_Stat,CONT,704.000061,480.000000,-192.000000,180.0001
LootableACUnit_Q.esp,00156324,FE012812,IndustrialFanSmall_Stat,CONT,704.000000,351.999969,-192.000000,180.0001
LootableACUnit_Q.esp,00156323,FE012812,IndustrialFanSmall_Stat,CONT,704.000061,608.000000,-192.000000,0.0000
LootableACUnit_Q.esp,0023DBF1,FE012812,IndustrialFanSmall_Stat,CONT,12397.820312,2697.878418,1648.156372,225.0000
LootableACUnit_Q.esp,0023DBF0,FE012812,IndustrialFanSmall_Stat,CONT,11998.707031,3096.992676,1648.156372,225.0000
LootableACUnit_Q.esp,0023DBEF,FE012812,IndustrialFanSmall_Stat,CONT,12027.669922,3573.110107,1654.988892,315.0000
LootableACUnit_Q.esp,000ABBB8,FE012812,IndustrialFanSmall_Stat,CONT,10001.577148,4371.794434,878.795776,225.0865
LootableACUnit_Q.esp,000ABBB7,FE012812,IndustrialFanSmall_Stat,CONT,10236.193359,4136.468262,878.795776,225.0865
LootableACUnit_Q.esp,000A998A,FE012812,IndustrialFanSmall_Stat,CONT,9511.180664,3410.596191,868.702087,220.5888
LootableACUnit_Q.esp,000A9989,FE012812,IndustrialFanSmall_Stat,CONT,9080.032227,2800.364014,885.377563,45.8366
LootableACUnit_Q.esp,000A9988,FE012812,IndustrialFanSmall_Stat,CONT,8738.145508,3141.579590,885.377563,45.8366
LootableACUnit_Q.esp,0008F0E3,FE012812,IndustrialFanSmall_Stat,CONT,2124.530762,-1988.397949,-36.374908,90.0001
LootableACUnit_Q.esp,0008F0C3,FE01280F,IndustrialFan_Stat,CONT,1871.997070,-1228.750488,-36.374908,90.0001
LootableACUnit_Q.esp,0008F0C2,FE01280F,IndustrialFan_Stat,CONT,3115.310791,-2472.001465,-3.405609,0.0001
LootableACUnit_Q.esp,0017F9B1,FE012812,IndustrialFanSmall_Stat,CONT,-457.514771,578.719421,121.668884,206.5651
LootableACUnit_Q.esp,0017F9B0,FE012812,IndustrialFanSmall_Stat,CONT,-307.241425,578.719421,121.668884,206.5651
LootableACUnit_Q.esp,00043935,FE012812,IndustrialFanSmall_Stat,CONT,262.586029,62.043198,-150.281403,0.0000
LootableACUnit_Q.esp,00043933,FE012812,IndustrialFanSmall_Stat,CONT,-339.808929,62.043198,-150.281418,0.0000
LootableACUnit_Q.esp,00043929,FE012812,IndustrialFanSmall_Stat,CONT,-447.832611,379.513580,-201.467804,180.0000
LootableACUnit_Q.esp,00043927,FE012812,IndustrialFanSmall_Stat,CONT,-190.569397,379.513580,-201.467804,180.0000
LootableACUnit_Q.esp,00043926,FE012812,IndustrialFanSmall_Stat,CONT,448.272766,379.513580,-216.824402,180.0000
LootableACUnit_Q.esp,00043925,FE012812,IndustrialFanSmall_Stat,CONT,194.431915,379.513580,-216.824402,180.0000
LootableACUnit_Q.esp,000436C4,FE012812,IndustrialFanSmall_Stat,CONT,-357.061279,-2935.993652,-218.987518,98.2759
LootableACUnit_Q.esp,000436C3,FE012812,IndustrialFanSmall_Stat,CONT,364.535736,-2935.993652,-218.987518,98.2759
LootableACUnit_Q.esp,00043689,FE012812,IndustrialFanSmall_Stat,CONT,-56.000000,-1656.000000,224.000000,128.6598
LootableACUnit_Q.esp,00043688,FE012812,IndustrialFanSmall_Stat,CONT,240.000000,-1656.000000,224.000000,128.6598
LootableACUnit_Q.esp,00043673,FE012812,IndustrialFanSmall_Stat,CONT,1.187052,-1915.655029,-212.301163,180.0000
LootableACUnit_Q.esp,00043501,FE012812,IndustrialFanSmall_Stat,CONT,-431.789001,-1898.904785,56.215210,255.0688
LootableACUnit_Q.esp,00192DDB,001932CA,ACUnit01_Container,CONT,-767.955994,-134.566879,321.541107,90.0000
LootableACUnit_Q.esp,0603A230,FE012812,IndustrialFanSmall_Stat,CONT,-1382.380249,653.521851,359.726868,90.0000
LootableACUnit_Q.esp,0603A22F,FE012812,IndustrialFanSmall_Stat,CONT,-1382.380249,653.521851,587.798767,90.0000
LootableACUnit_Q.esp,0603A22E,FE012812,IndustrialFanSmall_Stat,CONT,-147.038544,764.315796,564.411621,270.0000
LootableACUnit_Q.esp,0603A22D,FE012812,IndustrialFanSmall_Stat,CONT,-147.038544,325.362000,564.411621,270.0000
LootableACUnit_Q.esp,0603A22C,FE012812,IndustrialFanSmall_Stat,CONT,-301.223236,1165.983032,539.277161,180.0000
LootableACUnit_Q.esp,00192DF8,001932CA,ACUnit01_Container,CONT,-572.187073,-41.910110,404.173157,90.0000
LootableACUnit_Q.esp,00203604,FE012812,IndustrialFanSmall_Stat,CONT,-705.186279,2207.423828,559.747925,180.0000
LootableACUnit_Q.esp,00203603,FE012812,IndustrialFanSmall_Stat,CONT,-183.863113,2207.423584,559.747925,180.0000
LootableACUnit_Q.esp,00100840,FE012812,IndustrialFanSmall_Stat,CONT,1646.648560,426.143036,93.940636,0.0000
LootableACUnit_Q.esp,0010083F,FE012812,IndustrialFanSmall_Stat,CONT,1757.662354,426.143036,93.940636,180.0000
LootableACUnit_Q.esp,0023E8B8,FE012812,IndustrialFanSmall_Stat,CONT,1764.974121,857.427795,1332.523682,90.0001
LootableACUnit_Q.esp,0023E8B5,FE012812,IndustrialFanSmall_Stat,CONT,788.578003,857.427795,1332.523682,90.0001
LootableACUnit_Q.esp,001C5B11,FE012812,IndustrialFanSmall_Stat,CONT,252.389099,-340.637756,430.390747,270.0001
LootableACUnit_Q.esp,001C5B0D,FE012812,IndustrialFanSmall_Stat,CONT,-516.326782,-340.637756,430.390747,90.0112
LootableACUnit_Q.esp,001C5B09,FE012812,IndustrialFanSmall_Stat,CONT,-256.004395,1108.379517,430.390747,269.9829
LootableACUnit_Q.esp,001C5B08,FE012812,IndustrialFanSmall_Stat,CONT,256.162659,1108.379517,430.390747,90.0001
LootableACUnit_Q.esp,030365B3,FE012812,IndustrialFanSmall_Stat,CONT,136.119095,63.589096,230.922867,90.0000
LootableACUnit_Q.esp,00107B60,FE012812,IndustrialFanSmall_Stat,CONT,3237.371338,3271.243164,-455.423950,225.0000
LootableACUnit_Q.esp,00107B5E,FE012812,IndustrialFanSmall_Stat,CONT,5316.195801,1231.889404,-536.317627,45.0001
LootableACUnit_Q.esp,00107B5D,FE012812,IndustrialFanSmall_Stat,CONT,3654.753662,4248.249512,326.318542,135.0000
LootableACUnit_Q.esp,00107B5C,FE012810,IndustrialFan01_Dest_Mstt,CONT,3214.839355,3808.335937,151.338501,135.0000
LootableACUnit_Q.esp,000C67A5,FE012812,IndustrialFanSmall_Stat,CONT,1678.564697,-465.306030,226.268951,342.4333
LootableACUnit_Q.esp,000C5E66,FE01280F,IndustrialFan_Stat,CONT,3091.195801,-222.390564,391.774109,82.0401
LootableACUnit_Q.esp,000C5E65,FE012812,IndustrialFanSmall_Stat,CONT,2955.260010,-459.332825,103.597733,162.4333
LootableACUnit_Q.esp,001CB830,FE012811,IndustrialFan01_Small_Dest_Mstt,CONT,-547.432068,1995.999634,228.485016,180.0000
LootableACUnit_Q.esp,001CB82F,FE012812,IndustrialFanSmall_Stat,CONT,1013.221802,1223.275269,209.978043,0.0000
LootableACUnit_Q.esp,001CB82E,FE012811,IndustrialFan01_Small_Dest_Mstt,CONT,662.087402,1850.865479,199.764786,90.0000
LootableACUnit_Q.esp,001CB82D,FE012811,IndustrialFan01_Small_Dest_Mstt,CONT,525.815857,2253.049316,216.895203,180.0000
LootableACUnit_Q.esp,001CB82C,FE012811,IndustrialFan01_Small_Dest_Mstt,CONT,1247.200317,2253.550537,461.343231,180.0000
LootableACUnit_Q.esp,001CB829,FE012812,IndustrialFanSmall_Stat,CONT,979.508606,1996.132202,458.766449,180.0000
LootableACUnit_Q.esp,001CB828,FE012812,IndustrialFanSmall_Stat,CONT,654.430298,1325.266479,477.241547,90.0000
LootableACUnit_Q.esp,000B94DF,FE012812,IndustrialFanSmall_Stat,CONT,-2400.000000,2536.000000,64.000000,0.0000
LootableACUnit_Q.esp,000B482B,FE012812,IndustrialFanSmall_Stat,CONT,-4289.109863,2841.653809,549.934448,90.0000
LootableACUnit_Q.esp,000B4828,FE012812,IndustrialFanSmall_Stat,CONT,-4289.109863,2523.799072,549.934448,90.0000
LootableACUnit_Q.esp,000B4826,FE012812,IndustrialFanSmall_Stat,CONT,-4289.109863,2193.424561,549.934448,90.0000
LootableACUnit_Q.esp,06055572,FE012812,IndustrialFanSmall_Stat,CONT,3840.423828,3087.095459,277.455078,0.0001
LootableACUnit_Q.esp,00191D80,FE012812,IndustrialFanSmall_Stat,CONT,1888.000000,2393.334717,440.044128,90.0000
LootableACUnit_Q.esp,00191D37,FE012812,IndustrialFanSmall_Stat,CONT,2249.609375,2153.420898,515.747009,0.0000
LootableACUnit_Q.esp,000BF8D5,FE012812,IndustrialFanSmall_Stat,CONT,4799.404785,639.999573,-501.511566,275.7122
LootableACUnit_Q.esp,000BF8CE,FE012812,IndustrialFanSmall_Stat,CONT,4545.021973,639.495483,-501.511566,359.5238
LootableACUnit_Q.esp,000BF8B9,FE012812,IndustrialFanSmall_Stat,CONT,4320.929688,639.920227,-501.511566,95.7107
LootableACUnit_Q.esp,000BA838,FE012812,IndustrialFanSmall_Stat,CONT,464.000000,-224.000000,-376.000000,90.0001
LootableACUnit_Q.esp,000BA837,FE012812,IndustrialFanSmall_Stat,CONT,464.000244,184.000244,-376.000000,90.0001
LootableACUnit_Q.esp,000BA836,FE012812,IndustrialFanSmall_Stat,CONT,2992.000000,32.000000,-376.000000,270.0000
LootableACUnit_Q.esp,000BA835,FE012812,IndustrialFanSmall_Stat,CONT,2992.000000,512.000427,-376.000000,270.0001
LootableACUnit_Q.esp,000BA834,FE012812,IndustrialFanSmall_Stat,CONT,1872.000000,-624.000000,-376.000000,0.0000
LootableACUnit_Q.esp,000BA833,FE012812,IndustrialFanSmall_Stat,CONT,2352.000000,-624.000000,-376.000000,0.0000
LootableACUnit_Q.esp,0021FF94,FE01280F,IndustrialFan_Stat,CONT,-3129.281738,-2285.089600,-526.964417,45.0000
LootableACUnit_Q.esp,0021FE79,FE012812,IndustrialFanSmall_Stat,CONT,-1461.538208,-1969.806396,-27.907986,314.9999
LootableACUnit_Q.esp,0021FE78,FE012812,IndustrialFanSmall_Stat,CONT,-1105.416138,-1613.683350,-27.907978,225.0001
LootableACUnit_Q.esp,0021FE77,FE012812,IndustrialFanSmall_Stat,CONT,-2502.664307,-928.681213,-27.907967,45.0000
LootableACUnit_Q.esp,0021FE76,FE012812,IndustrialFanSmall_Stat,CONT,-2146.541748,-572.558594,-27.907974,135.0000
LootableACUnit_Q.esp,00180DC3,FE012812,IndustrialFanSmall_Stat,CONT,-2736.549805,-2184.988281,-1053.834473,315.0000
LootableACUnit_Q.esp,00180CA5,FE012812,IndustrialFanSmall_Stat,CONT,-1546.584839,-1180.960693,800.000000,0.0000
LootableACUnit_Q.esp,00180CA4,FE012812,IndustrialFanSmall_Stat,CONT,-1897.309814,-1531.685547,800.000000,0.0000
LootableACUnit_Q.esp,00180CA3,FE012812,IndustrialFanSmall_Stat,CONT,-1725.524170,-1361.085083,800.000000,0.0000
LootableACUnit_Q.esp,0604CA53,FE012812,IndustrialFanSmall_Stat,CONT,3715.371582,14097.476562,116.505928,180.0000
LootableACUnit_Q.esp,06049BF2,FE012812,IndustrialFanSmall_Stat,CONT,4144.003418,9385.555664,352.186890,270.0000
LootableACUnit_Q.esp,06049BF1,FE012812,IndustrialFanSmall_Stat,CONT,2890.976807,8922.118164,361.435272,90.0000
LootableACUnit_Q.esp,06049BF0,FE012812,IndustrialFanSmall_Stat,CONT,2890.976807,9416.500000,361.435272,90.0000
LootableACUnit_Q.esp,06049A74,FE012812,IndustrialFanSmall_Stat,CONT,4292.358398,12851.713867,251.968384,357.9724
LootableACUnit_Q.esp,06049A73,FE012812,IndustrialFanSmall_Stat,CONT,2762.024414,14103.646484,488.988861,177.9724
LootableACUnit_Q.esp,06049A72,FE012812,IndustrialFanSmall_Stat,CONT,3293.551514,14103.646484,488.988861,177.9724
LootableACUnit_Q.esp,06049A71,FE012812,IndustrialFanSmall_Stat,CONT,2574.008301,12929.582031,473.927399,87.9724
LootableACUnit_Q.esp,06049A70,FE012812,IndustrialFanSmall_Stat,CONT,2574.008301,13214.024414,473.927399,87.9724
LootableACUnit_Q.esp,06049A6F,FE012812,IndustrialFanSmall_Stat,CONT,3326.266846,11309.724609,432.368439,357.9724
LootableACUnit_Q.esp,06049A6E,FE012812,IndustrialFanSmall_Stat,CONT,4074.405518,11821.370117,236.944382,357.9724
LootableACUnit_Q.esp,06049A6D,FE012812,IndustrialFanSmall_Stat,CONT,4332.082031,11980.865234,237.011307,267.9724
LootableACUnit_Q.esp,00139D5D,FE012812,IndustrialFanSmall_Stat,CONT,2234.865479,508.294952,402.917603,270.0000
LootableACUnit_Q.esp,00139D5B,FE012812,IndustrialFanSmall_Stat,CONT,2234.865479,446.952820,402.917603,270.0000
LootableACUnit_Q.esp,00139D59,FE012812,IndustrialFanSmall_Stat,CONT,2234.865479,358.794159,402.917603,270.0000
LootableACUnit_Q.esp,00139D57,FE012812,IndustrialFanSmall_Stat,CONT,2234.865479,282.707703,402.917603,270.0000
LootableACUnit_Q.esp,00139D55,FE012812,IndustrialFanSmall_Stat,CONT,2234.865479,209.959473,402.917603,270.0000
LootableACUnit_Q.esp,00139D52,FE012812,IndustrialFanSmall_Stat,CONT,2234.865479,102.592659,402.917603,270.0000
LootableACUnit_Q.esp,00139D51,FE012812,IndustrialFanSmall_Stat,CONT,2234.865479,145.322708,402.917603,270.0000
LootableACUnit_Q.esp,002131C8,FE012802,MacFanASmlAnimated_Mstt,CONT,2723.319092,4520.771973,895.572998,0.0000
LootableACUnit_Q.esp,0303E21D,FE01280F,IndustrialFan_Stat,CONT,1138.232300,-2039.996582,144.000000,0.0000
LootableACUnit_Q.esp,0302F492,FE01280F,IndustrialFan_Stat,CONT,-759.110596,-2269.539062,-608.000000,90.0000
LootableACUnit_Q.esp,001EE2A8,FE012812,IndustrialFanSmall_Stat,CONT,1542.542847,-1338.505371,884.740601,0.0001
LootableACUnit_Q.esp,001EE2A6,FE012812,IndustrialFanSmall_Stat,CONT,1542.542847,-1338.505371,1259.533936,0.0001
LootableACUnit_Q.esp,001EE2A5,FE012812,IndustrialFanSmall_Stat,CONT,848.000000,-1829.937622,1344.481812,270.0001
LootableACUnit_Q.esp,001EE2A4,FE012812,IndustrialFanSmall_Stat,CONT,927.494385,1079.228394,1364.671387,90.0001
LootableACUnit_Q.esp,001EE2A2,FE012812,IndustrialFanSmall_Stat,CONT,1506.917603,-88.000000,925.759644,180.0001
LootableACUnit_Q.esp,001EE2A1,FE012812,IndustrialFanSmall_Stat,CONT,1506.917603,-88.000000,1300.552979,180.0001
LootableACUnit_Q.esp,001EE2A0,FE012812,IndustrialFanSmall_Stat,CONT,1106.129761,-1590.726440,939.031677,0.0000
LootableACUnit_Q.esp,001EE29F,FE012812,IndustrialFanSmall_Stat,CONT,1106.129761,-1590.726440,1345.765015,0.0000
LootableACUnit_Q.esp,001EE29E,FE012812,IndustrialFanSmall_Stat,CONT,-530.878052,169.025803,1319.062500,180.0000
LootableACUnit_Q.esp,001EE29D,FE012812,IndustrialFanSmall_Stat,CONT,-114.140656,169.025803,1319.062500,180.0000
LootableACUnit_Q.esp,001EE29C,FE012812,IndustrialFanSmall_Stat,CONT,-1777.385620,-543.043579,1146.425171,90.0000
LootableACUnit_Q.esp,001EE29B,FE012812,IndustrialFanSmall_Stat,CONT,-1777.472168,-1025.630493,1146.425171,90.0000
LootableACUnit_Q.esp,001ED28D,FE012812,IndustrialFanSmall_Stat,CONT,-226.350128,309.256012,1156.212036,90.0001
LootableACUnit_Q.esp,001ED283,FE012812,IndustrialFanSmall_Stat,CONT,160.000031,1229.103149,1152.085571,90.0001
LootableACUnit_Q.esp,001ED282,FE012812,IndustrialFanSmall_Stat,CONT,452.769806,1463.129272,1150.696899,180.0000
LootableACUnit_Q.esp,001ED0B5,FE012812,IndustrialFanSmall_Stat,CONT,-2064.000000,-2559.136475,1633.461060,270.0001
LootableACUnit_Q.esp,001ED0B4,FE012812,IndustrialFanSmall_Stat,CONT,-2799.889648,-2582.334717,1636.079834,90.0000
LootableACUnit_Q.esp,001ED0B3,FE012812,IndustrialFanSmall_Stat,CONT,-2613.543213,-2929.949951,1648.074219,0.0000
LootableACUnit_Q.esp,001ED0B2,FE012812,IndustrialFanSmall_Stat,CONT,-2220.597656,-2929.949951,1648.074219,0.0000
LootableACUnit_Q.esp,001ED044,FE012812,IndustrialFanSmall_Stat,CONT,-2950.626953,-1500.012085,2353.953369,270.0001
LootableACUnit_Q.esp,001ED043,FE012811,IndustrialFan01_Small_Dest_Mstt,CONT,-3071.941650,-2164.656738,2357.649902,0.0001
LootableACUnit_Q.esp,001ED042,FE012812,IndustrialFanSmall_Stat,CONT,-2813.127441,-1137.535645,2349.419678,0.0001
LootableACUnit_Q.esp,001ED041,FE012812,IndustrialFanSmall_Stat,CONT,-2900.984375,-658.140076,2371.795410,180.0001
LootableACUnit_Q.esp,001ED03F,FE012812,IndustrialFanSmall_Stat,CONT,-3316.626953,-1282.188110,2359.014648,90.0000
LootableACUnit_Q.esp,001ED03E,FE012812,IndustrialFanSmall_Stat,CONT,-1999.088501,-871.752930,2382.742676,270.0000
LootableACUnit_Q.esp,001ED03D,FE012812,IndustrialFanSmall_Stat,CONT,-1999.088501,-1189.034424,2382.742676,270.0000
LootableACUnit_Q.esp,0020B1E4,FE01280F,IndustrialFan_Stat,CONT,-1577.149292,2565.934326,-907.615479,0.0000
LootableACUnit_Q.esp,0020B0A8,FE012812,IndustrialFanSmall_Stat,CONT,1626.319458,3618.780762,-544.514526,180.0000
LootableACUnit_Q.esp,0015D183,FE012812,IndustrialFanSmall_Stat,CONT,-1744.000000,3584.000000,-672.000000,180.0000
LootableACUnit_Q.esp,0015D181,FE012812,IndustrialFanSmall_Stat,CONT,-1744.000000,4000.000000,-672.000000,0.0000
LootableACUnit_Q.esp,0006A360,FE012812,IndustrialFanSmall_Stat,CONT,-1000.000000,-3520.000000,1072.000000,270.0001
LootableACUnit_Q.esp,0006A35A,FE012812,IndustrialFanSmall_Stat,CONT,1119.240234,1668.966553,-288.000000,180.0000
LootableACUnit_Q.esp,001682D6,FE01280F,IndustrialFan_Stat,CONT,-432.000000,-145.499634,515.807373,90.0000
LootableACUnit_Q.esp,00165521,FE01280F,IndustrialFan_Stat,CONT,1904.000000,610.052856,620.771606,270.0001
LootableACUnit_Q.esp,00165275,FE01280F,IndustrialFan_Stat,CONT,1604.500366,3184.000000,519.698181,180.0001
LootableACUnit_Q.esp,00165274,FE01280F,IndustrialFan_Stat,CONT,1604.500366,3184.000000,519.698181,180.0001
LootableACUnit_Q.esp,00165273,FE01280F,IndustrialFan_Stat,CONT,355.836456,-944.000000,511.974823,0.0000
LootableACUnit_Q.esp,00165272,FE01280F,IndustrialFan_Stat,CONT,-432.000061,1325.947144,512.442749,90.0000
LootableACUnit_Q.esp,00165271,FE01280F,IndustrialFan_Stat,CONT,1904.000000,1990.810425,514.105713,270.0001
LootableACUnit_Q.esp,000C6A33,FE01280F,IndustrialFan_Stat,CONT,1525.471436,340.838257,336.698120,169.6740
LootableACUnit_Q.esp,03031354,FE012812,IndustrialFanSmall_Stat,CONT,-5606.703125,1524.130371,-500.136536,180.0001
LootableACUnit_Q.esp,03031353,FE012812,IndustrialFanSmall_Stat,CONT,-5606.703125,1039.969482,-500.136536,0.0001
LootableACUnit_Q.esp,03031352,FE012812,IndustrialFanSmall_Stat,CONT,-5384.108398,768.160706,-563.190002,90.0000
LootableACUnit_Q.esp,03031351,FE012812,IndustrialFanSmall_Stat,CONT,-4358.897461,1039.966797,-512.140442,0.0000
LootableACUnit_Q.esp,03031350,FE012812,IndustrialFanSmall_Stat,CONT,-3861.448242,1039.966797,-512.140442,0.0000
LootableACUnit_Q.esp,0303134F,FE012812,IndustrialFanSmall_Stat,CONT,-3617.018555,2039.347900,-683.786804,270.0001
LootableACUnit_Q.esp,0303134E,FE012812,IndustrialFanSmall_Stat,CONT,-4651.350586,2192.751953,-604.941223,0.0000
LootableACUnit_Q.esp,0303134D,FE012812,IndustrialFanSmall_Stat,CONT,-3722.186035,4591.965820,-428.577148,180.0000
LootableACUnit_Q.esp,0303134C,FE012812,IndustrialFanSmall_Stat,CONT,-4510.330566,4591.965820,-428.577148,180.0000
LootableACUnit_Q.esp,0303134B,FE012812,IndustrialFanSmall_Stat,CONT,-5238.466797,4591.965820,-428.577148,180.0000
LootableACUnit_Q.esp,0303134A,FE012812,IndustrialFanSmall_Stat,CONT,-5633.371582,3720.444580,-462.233276,90.0000
LootableACUnit_Q.esp,03031253,FE012812,IndustrialFanSmall_Stat,CONT,-3355.486328,1407.692993,-30.884583,270.0001
LootableACUnit_Q.esp,03031252,FE012812,IndustrialFanSmall_Stat,CONT,-3532.044922,1039.963135,-20.141083,0.0000
LootableACUnit_Q.esp,03031251,FE012812,IndustrialFanSmall_Stat,CONT,-4245.911133,1039.962769,340.692444,180.0001
LootableACUnit_Q.esp,03031250,FE012812,IndustrialFanSmall_Stat,CONT,-4010.743408,1039.962769,340.692444,0.0000
LootableACUnit_Q.esp,0303124F,FE012812,IndustrialFanSmall_Stat,CONT,-4290.486328,2030.714844,99.232025,180.0000
LootableACUnit_Q.esp,0303124E,FE012812,IndustrialFanSmall_Stat,CONT,-4290.486328,2030.714844,377.163666,180.0000
LootableACUnit_Q.esp,0303124D,FE012812,IndustrialFanSmall_Stat,CONT,-5265.676758,1902.649292,374.193695,180.0000
LootableACUnit_Q.esp,0303124C,FE012812,IndustrialFanSmall_Stat,CONT,-4075.880615,526.604492,394.201355,0.0000
LootableACUnit_Q.esp,0303124B,FE012812,IndustrialFanSmall_Stat,CONT,-4193.907715,1010.729370,273.210999,180.0000
LootableACUnit_Q.esp,0303124A,FE012812,IndustrialFanSmall_Stat,CONT,-5637.577148,1212.266357,241.422699,90.0000
LootableACUnit_Q.esp,03031249,FE012812,IndustrialFanSmall_Stat,CONT,-5637.577148,694.202942,241.422699,90.0000
LootableACUnit_Q.esp,03024EEA,FE01280F,IndustrialFan_Stat,CONT,-5632.108398,2495.969482,180.402771,90.0002
LootableACUnit_Q.esp,03024A8F,FE012812,IndustrialFanSmall_Stat,CONT,-2211.459961,-271.999146,180.059509,180.0002
LootableACUnit_Q.esp,030248FF,FE012812,IndustrialFanSmall_Stat,CONT,-4120.103516,2319.964844,149.018494,270.0001
LootableACUnit_Q.esp,0301F29A,FE012812,IndustrialFanSmall_Stat,CONT,-4120.103027,2687.964844,149.018494,270.0001
LootableACUnit_Q.esp,0301F285,FE01280F,IndustrialFan_Stat,CONT,-4752.103027,2495.964600,256.000000,0.0000
LootableACUnit_Q.esp,001CB96B,FE012812,IndustrialFanSmall_Stat,CONT,-152.704208,3138.547363,-48.530762,90.0000
LootableACUnit_Q.esp,001CB968,FE012811,IndustrialFan01_Small_Dest_Mstt,CONT,96.934662,3019.711182,-43.847107,180.0000
LootableACUnit_Q.esp,00209106,FE01280F,IndustrialFan_Stat,CONT,-33.660023,-2159.700439,927.787292,0.0000
LootableACUnit_Q.esp,00208E09,FE01280F,IndustrialFan_Stat,CONT,2561.997070,-755.631470,-520.429016,270.0000
LootableACUnit_Q.esp,00208C3B,FE012812,IndustrialFanSmall_Stat,CONT,103.999992,-240.000015,1128.000000,0.0000
LootableACUnit_Q.esp,00208B00,FE012812,IndustrialFanSmall_Stat,CONT,784.000000,2016.000000,35.438267,90.0000
LootableACUnit_Q.esp,00207623,FE012813,MacFanAMed01Animated_Mstt,CONT,169.111359,490.103271,1396.368286,0.0000
LootableACUnit_Q.esp,00207622,FE012813,MacFanAMed01Animated_Mstt,CONT,264.507721,2210.045654,100.886108,0.0000
LootableACUnit_Q.esp,00207621,FE012813,MacFanAMed01Animated_Mstt,CONT,-1516.120117,2178.995850,354.227844,0.0000
LootableACUnit_Q.esp,00207620,FE012813,MacFanAMed01Animated_Mstt,CONT,-1484.021240,883.236267,325.152710,0.0000
LootableACUnit_Q.esp,001895B5,FE012812,IndustrialFanSmall_Stat,CONT,2692.291748,3245.885254,374.332672,0.0000
LootableACUnit_Q.esp,0018510E,FE012812,IndustrialFanSmall_Stat,CONT,2726.482178,1966.063477,377.981689,0.0000
LootableACUnit_Q.esp,0018510D,FE012812,IndustrialFanSmall_Stat,CONT,1837.667236,3038.876953,361.832794,90.0000
LootableACUnit_Q.esp,0022C377,FE012812,IndustrialFanSmall_Stat,CONT,-83.444984,443.277710,1001.795532,270.0000
LootableACUnit_Q.esp,0023CC80,FE012812,IndustrialFanSmall_Stat,CONT,3027.560059,1869.763428,451.244080,313.7854
LootableACUnit_Q.esp,0023CC7F,FE012812,IndustrialFanSmall_Stat,CONT,2962.804199,1801.196655,451.244080,313.7854
LootableACUnit_Q.esp,00192DE0,001932CA,ACUnit01_Container,CONT,-191.929901,-206.100311,343.718414,90.0000
LootableACUnit_Q.esp,00192DFD,001932CA,ACUnit01_Container,CONT,-571.882263,-43.212959,405.712006,90.0000
LootableACUnit_Q.esp,001EBEFE,FE012812,IndustrialFanSmall_Stat,CONT,-5119.798340,1141.820557,735.915588,0.0000
LootableACUnit_Q.esp,001EBEFD,FE012812,IndustrialFanSmall_Stat,CONT,-4871.835449,1141.820557,737.173950,0.0000
LootableACUnit_Q.esp,001EBEC0,FE012812,IndustrialFanSmall_Stat,CONT,-5637.159668,644.621460,733.596985,41.9858
LootableACUnit_Q.esp,001EBEBF,FE012812,IndustrialFanSmall_Stat,CONT,-5637.159668,1149.230103,733.596985,41.9858
LootableACUnit_Q.esp,001EBEBE,FE012812,IndustrialFanSmall_Stat,CONT,-6242.906738,1085.216431,420.277008,90.0000
LootableACUnit_Q.esp,001EBEBD,FE012812,IndustrialFanSmall_Stat,CONT,-6242.906738,620.144409,420.277008,90.0000
LootableACUnit_Q.esp,001EBEBC,FE012812,IndustrialFanSmall_Stat,CONT,-5124.645996,44.162510,438.772797,0.0000
LootableACUnit_Q.esp,001EBEBB,FE012812,IndustrialFanSmall_Stat,CONT,-5883.106445,44.162510,438.772797,0.0000
LootableACUnit_Q.esp,001EBE5F,FE012811,IndustrialFan01_Small_Dest_Mstt,CONT,-5764.000488,1159.864746,120.374199,90.0001
LootableACUnit_Q.esp,001EBE5E,FE012811,IndustrialFan01_Small_Dest_Mstt,CONT,-5764.000000,1395.988770,120.374199,90.0001
LootableACUnit_Q.esp,001EBE5D,FE012811,IndustrialFan01_Small_Dest_Mstt,CONT,-5291.527344,1378.499756,125.462349,270.0001
LootableACUnit_Q.esp,001EBE5C,FE012811,IndustrialFan01_Small_Dest_Mstt,CONT,-5291.527344,1132.854736,125.462349,270.0001
LootableACUnit_Q.esp,001EBE4F,FE012811,IndustrialFan01_Small_Dest_Mstt,CONT,-5408.773926,59.064232,125.942917,0.0000
LootableACUnit_Q.esp,001EBE4E,FE012811,IndustrialFan01_Small_Dest_Mstt,CONT,-5745.752441,399.021423,127.338066,90.0000
LootableACUnit_Q.esp,001EBE24,FE012811,IndustrialFan01_Small_Dest_Mstt,CONT,-5772.000000,285.303436,119.440918,270.0000
LootableACUnit_Q.esp,001EBE23,FE012811,IndustrialFan01_Small_Dest_Mstt,CONT,-5889.969238,59.028866,119.716400,0.0000
LootableACUnit_Q.esp,001EBE22,FE012811,IndustrialFan01_Small_Dest_Mstt,CONT,-6111.979492,59.028866,119.716400,0.0000
LootableACUnit_Q.esp,001EBD3C,FE012812,IndustrialFanSmall_Stat,CONT,-3702.697021,1153.947021,564.710999,270.0000
LootableACUnit_Q.esp,001EBD3B,FE012812,IndustrialFanSmall_Stat,CONT,-4060.208252,1154.203857,733.668213,0.0000
LootableACUnit_Q.esp,001EBD3A,FE012812,IndustrialFanSmall_Stat,CONT,-4311.844238,1154.203857,733.668213,0.0000
LootableACUnit_Q.esp,001E796C,FE012812,IndustrialFanSmall_Stat,CONT,-3352.000000,640.000000,224.000000,90.0000
LootableACUnit_Q.esp,001E796B,FE012812,IndustrialFanSmall_Stat,CONT,-3352.000000,864.000000,224.000000,90.0000
LootableACUnit_Q.esp,001E796A,FE012812,IndustrialFanSmall_Stat,CONT,-3680.000000,520.000000,120.000000,90.0000
LootableACUnit_Q.esp,001E7900,FE012812,IndustrialFanSmall_Stat,CONT,-3389.898682,1196.957031,224.000000,0.0000
LootableACUnit_Q.esp,001E78FF,FE012812,IndustrialFanSmall_Stat,CONT,-3613.193359,1054.995117,143.734238,0.0000
LootableACUnit_Q.esp,001E78FB,FE012812,IndustrialFanSmall_Stat,CONT,-3391.198242,1378.364258,224.000000,0.0000
LootableACUnit_Q.esp,001E78FA,FE012812,IndustrialFanSmall_Stat,CONT,-3838.783936,1125.187500,224.000000,0.0000
LootableACUnit_Q.esp,001E78F9,FE012812,IndustrialFanSmall_Stat,CONT,-4307.759277,895.073059,224.000015,0.0000
LootableACUnit_Q.esp,001E78F8,FE012812,IndustrialFanSmall_Stat,CONT,-4122.021484,417.010468,224.000000,0.0000
LootableACUnit_Q.esp,001E78F7,FE012812,IndustrialFanSmall_Stat,CONT,-4323.006348,417.010468,224.000000,0.0000
LootableACUnit_Q.esp,001E74F6,FE012811,IndustrialFan01_Small_Dest_Mstt,CONT,-4132.306152,405.663727,-134.676025,0.0000
LootableACUnit_Q.esp,001E64EB,FE012812,IndustrialFanSmall_Stat,CONT,-5134.891602,1538.768677,-30.155504,0.0000
LootableACUnit_Q.esp,001E64BC,FE012812,IndustrialFanSmall_Stat,CONT,-5625.459961,652.883789,-122.981445,0.0000
LootableACUnit_Q.esp,001E64AC,FE012812,IndustrialFanSmall_Stat,CONT,-5022.101562,253.236664,-31.944242,0.0000
LootableACUnit_Q.esp,001E64AB,FE012812,IndustrialFanSmall_Stat,CONT,-5333.052246,253.236664,-31.944242,0.0000
LootableACUnit_Q.esp,001E64AA,FE012812,IndustrialFanSmall_Stat,CONT,-5882.881348,396.104065,-31.944242,0.0000
LootableACUnit_Q.esp,001E6446,FE012812,IndustrialFanSmall_Stat,CONT,-4614.897461,2164.317139,991.110474,90.0000
LootableACUnit_Q.esp,001E6445,FE012812,IndustrialFanSmall_Stat,CONT,-5109.944336,2164.317139,991.110474,90.0000
LootableACUnit_Q.esp,001E6444,FE012812,IndustrialFanSmall_Stat,CONT,-4516.548828,1824.890991,730.124756,0.0000
LootableACUnit_Q.esp,001E6440,FE012812,IndustrialFanSmall_Stat,CONT,-5105.289062,2526.946533,766.327759,180.0000
LootableACUnit_Q.esp,001E643F,FE012812,IndustrialFanSmall_Stat,CONT,-5105.289062,2526.946533,488.900848,180.0000
LootableACUnit_Q.esp,001E643E,FE012812,IndustrialFanSmall_Stat,CONT,-4617.040527,2526.946533,766.327759,180.0000
LootableACUnit_Q.esp,001E643D,FE012812,IndustrialFanSmall_Stat,CONT,-4617.040527,2526.946533,488.900848,180.0000
LootableACUnit_Q.esp,0603DF02,FE012812,IndustrialFanSmall_Stat,CONT,-4796.565430,-2830.327637,1152.000000,180.0000
LootableACUnit_Q.esp,0603DF01,FE012812,IndustrialFanSmall_Stat,CONT,-5937.736328,-2806.329590,1152.000000,180.0000
LootableACUnit_Q.esp,0603DEEC,FE012812,IndustrialFanSmall_Stat,CONT,-4892.644531,-2065.826660,1043.791138,180.0000
LootableACUnit_Q.esp,0603DEEB,FE012812,IndustrialFanSmall_Stat,CONT,-5415.567383,-2065.826416,1043.791138,180.0000
LootableACUnit_Q.esp,0603DEEA,FE012812,IndustrialFanSmall_Stat,CONT,-6065.101562,-3170.913086,1009.002686,90.0000
LootableACUnit_Q.esp,0603DEE9,FE012812,IndustrialFanSmall_Stat,CONT,-4601.007812,-3824.969238,1047.317261,0.0000
LootableACUnit_Q.esp,0603DEE8,FE012812,IndustrialFanSmall_Stat,CONT,-5403.751953,-3824.969238,1047.317261,0.0000
LootableACUnit_Q.esp,0602E18B,FE01280F,IndustrialFan_Stat,CONT,-8272.000000,8216.000000,1280.000000,270.0001
LootableACUnit_Q.esp,001AF291,FE01280F,IndustrialFan_Stat,CONT,-2286.688477,-3407.810791,-810.061707,0.0000
LootableACUnit_Q.esp,001AF091,FE012812,IndustrialFanSmall_Stat,CONT,-3221.038574,638.175537,-293.066101,90.0000
LootableACUnit_Q.esp,001AF08E,FE012812,IndustrialFanSmall_Stat,CONT,-3248.000000,1096.000000,-286.960968,90.0000
LootableACUnit_Q.esp,00099DA2,FE012812,IndustrialFanSmall_Stat,CONT,-496.000000,-1232.000000,-896.000000,180.0001
LootableACUnit_Q.esp,00099232,FE012812,IndustrialFanSmall_Stat,CONT,-1952.000000,-1168.000000,-768.000000,159.4440
LootableACUnit_Q.esp,00099231,FE01280F,IndustrialFan_Stat,CONT,-2160.000000,-1168.000000,-800.000000,180.0000
LootableACUnit_Q.esp,00099230,FE012812,IndustrialFanSmall_Stat,CONT,-1504.000000,-1168.000000,-784.000000,180.0000
LootableACUnit_Q.esp,000F2A5A,FE012812,IndustrialFanSmall_Stat,CONT,2200.383545,-35.380356,355.448822,90.0000
LootableACUnit_Q.esp,0020F1B3,FE012812,IndustrialFanSmall_Stat,CONT,-1042.000000,-331.000000,-261.000000,0.0000
LootableACUnit_Q.esp,001F0D8F,001932CB,ACUnit02_Container,CONT,954.175476,2236.130127,678.021423,90.0000
LootableACUnit_Q.esp,03041404,FE012812,IndustrialFanSmall_Stat,CONT,240.000000,-1656.000000,224.000000,128.6598
LootableACUnit_Q.esp,03041403,FE012812,IndustrialFanSmall_Stat,CONT,-56.000000,-1656.000000,224.000000,128.6598
LootableACUnit_Q.esp,030413DD,FE012812,IndustrialFanSmall_Stat,CONT,364.535736,-2935.993652,-218.987518,98.2759
LootableACUnit_Q.esp,030413DC,FE012812,IndustrialFanSmall_Stat,CONT,-357.061279,-2935.993652,-218.987518,98.2759
LootableACUnit_Q.esp,00228862,FE012812,IndustrialFanSmall_Stat,CONT,4058.287354,-1118.667725,1822.554199,270.0001
LootableACUnit_Q.esp,0016BC24,FE012812,IndustrialFanSmall_Stat,CONT,655.918335,1169.379517,-903.808350,90.0877
LootableACUnit_Q.esp,0010F413,FE01280F,IndustrialFan_Stat,CONT,2621.807861,635.582275,-224.000000,357.0000
LootableACUnit_Q.esp,000C5F24,FE01280F,IndustrialFan_Stat,CONT,991.664551,-479.442261,198.780731,6.4082
LootableACUnit_Q.esp,000C5E60,FE01280F,IndustrialFan_Stat,CONT,3769.017578,-36.672302,95.262207,186.4996
LootableACUnit_Q.esp,00194B4B,FE012812,IndustrialFanSmall_Stat,CONT,3345.318359,1124.448120,2929.274658,0.0000
LootableACUnit_Q.esp,00194B4A,FE012812,IndustrialFanSmall_Stat,CONT,4594.290039,2562.747314,2995.873047,270.4469
LootableACUnit_Q.esp,001C2539,001932CA,ACUnit01_Container,CONT,3032.439697,784.880005,-1138.169312,180.0000
LootableACUnit_Q.esp,001C2028,FE012810,IndustrialFan01_Dest_Mstt,CONT,1936.900879,1041.945679,493.338531,90.0000
LootableACUnit_Q.esp,001C2026,FE012811,IndustrialFan01_Small_Dest_Mstt,CONT,2151.504883,2547.031006,494.822388,180.0000
LootableACUnit_Q.esp,001C1E8A,FE012811,IndustrialFan01_Small_Dest_Mstt,CONT,4800.477051,-241.174576,407.701294,0.0000
LootableACUnit_Q.esp,001C1E89,FE012811,IndustrialFan01_Small_Dest_Mstt,CONT,5997.801758,906.364624,404.922302,270.0000
LootableACUnit_Q.esp,0010764D,FE01280F,IndustrialFan_Stat,CONT,2904.951416,-2304.983154,-1230.934326,0.0000
LootableACUnit_Q.esp,00107641,FE012812,IndustrialFanSmall_Stat,CONT,5563.911621,2544.000000,-1494.984863,180.0001
LootableACUnit_Q.esp,0010763C,FE012812,IndustrialFanSmall_Stat,CONT,2591.919434,2215.861816,736.000000,0.0000
LootableACUnit_Q.esp,0010762E,FE012810,IndustrialFan01_Dest_Mstt,CONT,6000.000000,172.052826,392.455322,270.0000
LootableACUnit_Q.esp,0603A894,FE012812,IndustrialFanSmall_Stat,CONT,-439.708984,2192.000732,545.602112,180.0001
LootableACUnit_Q.esp,0603A685,FE012812,IndustrialFanSmall_Stat,CONT,1408.081055,1344.929443,522.488403,0.0020
LootableACUnit_Q.esp,0603A54E,FE012812,IndustrialFanSmall_Stat,CONT,1407.919922,2303.069580,522.488403,180.0020
LootableACUnit_Q.esp,0023C2AC,FE012812,IndustrialFanSmall_Stat,CONT,3800.750732,1966.204590,1327.831909,90.0000
LootableACUnit_Q.esp,0023C2AB,FE012812,IndustrialFanSmall_Stat,CONT,3800.750732,2354.544678,1327.831909,90.0000
LootableACUnit_Q.esp,000FB79B,FE012812,IndustrialFanSmall_Stat,CONT,3010.202393,1640.884766,816.000000,0.0000
LootableACUnit_Q.esp,000D9C64,FE01280F,IndustrialFan_Stat,CONT,3955.959961,1728.000000,1208.000000,0.0000
LootableACUnit_Q.esp,00216DFA,FE012812,IndustrialFanSmall_Stat,CONT,7264.848145,4273.882324,1322.904053,90.0000
LootableACUnit_Q.esp,00216DF6,FE012812,IndustrialFanSmall_Stat,CONT,7540.449219,4549.483398,1322.904175,90.0000
LootableACUnit_Q.esp,001BEABF,FE01280F,IndustrialFan_Stat,CONT,5980.571777,5083.557129,1402.425781,135.0483
LootableACUnit_Q.esp,001BC740,FE012812,IndustrialFanSmall_Stat,CONT,5202.532227,5708.608398,1212.223999,225.0042
LootableACUnit_Q.esp,0015EB0E,FE012812,IndustrialFanSmall_Stat,CONT,7524.866211,2933.739014,1437.714478,180.0000
LootableACUnit_Q.esp,0015BAF2,FE012812,IndustrialFanSmall_Stat,CONT,7687.674805,4178.483398,1437.714478,0.0000
LootableACUnit_Q.esp,001565D0,FE01280F,IndustrialFan_Stat,CONT,-2996.801514,1190.516846,1469.717041,135.0003
LootableACUnit_Q.esp,00192E03,001932CA,ACUnit01_Container,CONT,-77.993111,-464.941315,349.358643,12.9176
LootableACUnit_Q.esp,00192E02,001932CA,ACUnit01_Container,CONT,205.050339,-487.929199,598.533020,352.9993
LootableACUnit_Q.esp,0018F808,FE012804,MetalRoofACVent01_Stat,CONT,580.554016,-3271.536621,-1830.070068,7.0000
LootableACUnit_Q.esp,0018E788,FE012804,MetalRoofACVent01_Stat,CONT,578.023499,-1737.992065,-1830.179687,187.0000
LootableACUnit_Q.esp,0018E741,FE012804,MetalRoofACVent01_Stat,CONT,982.577454,-591.035583,-1990.157715,187.0000
LootableACUnit_Q.esp,0018E738,FE012804,MetalRoofACVent01_Stat,CONT,225.647217,-1755.954346,-2082.068604,187.0000
LootableACUnit_Q.esp,0014433E,FE01280F,IndustrialFan_Stat,CONT,1353.735718,2831.802246,1507.915771,90.0001
LootableACUnit_Q.esp,0014433D,FE012812,IndustrialFanSmall_Stat,CONT,1695.460815,3469.762939,1011.256714,101.2607
LootableACUnit_Q.esp,0014433C,FE012812,IndustrialFanSmall_Stat,CONT,1718.985840,3355.066650,1368.585083,78.7393
LootableACUnit_Q.esp,00046219,FE01280F,IndustrialFan_Stat,CONT,2365.911133,4064.033203,1166.511597,180.0001
LootableACUnit_Q.esp,001EE8D4,FE012812,IndustrialFanSmall_Stat,CONT,311.929535,116.455612,736.036194,180.0000
LootableACUnit_Q.esp,001EE8D2,FE012812,IndustrialFanSmall_Stat,CONT,311.929535,359.304138,736.036194,0.0000
LootableACUnit_Q.esp,00057AD4,FE012804,MetalRoofACVent01_Stat,CONT,1776.000732,2688.000000,784.000000,0.0000
LootableACUnit_Q.esp,00057AD1,FE012804,MetalRoofACVent01_Stat,CONT,1888.000732,3296.000000,784.000000,0.0000
LootableACUnit_Q.esp,00057AD0,FE012804,MetalRoofACVent01_Stat,CONT,2960.000732,3280.000000,784.000000,0.0000
LootableACUnit_Q.esp,00057ACF,FE012804,MetalRoofACVent01_Stat,CONT,2736.000732,3024.000000,784.000000,0.0000
LootableACUnit_Q.esp,001F07EF,FE012812,IndustrialFanSmall_Stat,CONT,7052.608887,-11760.986328,-108.785263,89.0001
LootableACUnit_Q.esp,001F07EE,FE012812,IndustrialFanSmall_Stat,CONT,7903.276855,-11519.815430,-128.831268,179.0001
LootableACUnit_Q.esp,001F07ED,FE012812,IndustrialFanSmall_Stat,CONT,7861.969238,-12228.416016,-109.937691,0.0000
LootableACUnit_Q.esp,00203C91,FE012812,IndustrialFanSmall_Stat,CONT,6.637665,-985.742615,470.152374,180.0000
LootableACUnit_Q.esp,00203C8D,FE012812,IndustrialFanSmall_Stat,CONT,6.637665,472.749695,470.152374,180.0000
LootableACUnit_Q.esp,00203C89,FE012812,IndustrialFanSmall_Stat,CONT,510.268311,472.749695,470.152374,0.0000
LootableACUnit_Q.esp,00203C85,FE012812,IndustrialFanSmall_Stat,CONT,1025.303223,249.770203,725.463440,180.0000
LootableACUnit_Q.esp,00203C81,FE012812,IndustrialFanSmall_Stat,CONT,1025.303223,-762.790100,725.463440,0.0000
LootableACUnit_Q.esp,00162859,FE01280F,IndustrialFan_Stat,CONT,544.826050,-1377.118286,2393.492920,0.0000
LootableACUnit_Q.esp,00162852,FE012812,IndustrialFanSmall_Stat,CONT,64.000000,800.000000,2512.000000,270.0000
LootableACUnit_Q.esp,00162850,FE012812,IndustrialFanSmall_Stat,CONT,448.000000,800.000000,2512.000000,270.0000
LootableACUnit_Q.esp,0016284F,FE012812,IndustrialFanSmall_Stat,CONT,256.000000,800.000000,2512.000000,270.0000
LootableACUnit_Q.esp,001F8425,FE012812,IndustrialFanSmall_Stat,CONT,2979.623291,414.332489,-856.895935,90.0000
LootableACUnit_Q.esp,001F8421,FE012812,IndustrialFanSmall_Stat,CONT,4182.152344,1377.173096,-904.480713,270.0000
LootableACUnit_Q.esp,001F841D,FE012812,IndustrialFanSmall_Stat,CONT,4180.765137,652.843140,-906.548828,270.0000
LootableACUnit_Q.esp,001F82F6,FE012812,IndustrialFanSmall_Stat,CONT,5544.000000,3154.697754,-1191.999756,90.0000
LootableACUnit_Q.esp,001F5946,FE012812,IndustrialFanSmall_Stat,CONT,5544.000000,2210.592529,-1191.999756,90.0000
LootableACUnit_Q.esp,001F5943,FE012812,IndustrialFanSmall_Stat,CONT,3584.000000,1464.000000,-562.679199,359.9971
LootableACUnit_Q.esp,001F5940,FE012812,IndustrialFanSmall_Stat,CONT,3832.000000,480.000000,-562.679199,359.9971
LootableACUnit_Q.esp,001F593D,FE012812,IndustrialFanSmall_Stat,CONT,3320.000000,480.000000,-562.679199,359.9971
LootableACUnit_Q.esp,001FEC5A,FE012812,IndustrialFanSmall_Stat,CONT,-1524.284668,-620.878357,266.265198,0.0001
LootableACUnit_Q.esp,001FEC59,FE012812,IndustrialFanSmall_Stat,CONT,-1904.510498,-1240.040771,381.569824,90.0001
LootableACUnit_Q.esp,001FEC58,FE012812,IndustrialFanSmall_Stat,CONT,-1904.000000,-27.744667,386.723846,90.0001
LootableACUnit_Q.esp,001FEC57,FE012812,IndustrialFanSmall_Stat,CONT,-1168.042236,-833.781677,372.766663,270.0001
LootableACUnit_Q.esp,001FEC56,FE012812,IndustrialFanSmall_Stat,CONT,-1452.190796,112.000000,370.975616,180.0001
LootableACUnit_Q.esp,001FEBB7,FE012812,IndustrialFanSmall_Stat,CONT,367.229523,-514.135925,145.315903,270.0001
LootableACUnit_Q.esp,001FEBB6,FE012812,IndustrialFanSmall_Stat,CONT,367.229523,-514.135925,341.100403,270.0001
LootableACUnit_Q.esp,001FEBB5,FE012812,IndustrialFanSmall_Stat,CONT,-871.802002,-142.395950,363.632080,180.0001
LootableACUnit_Q.esp,001FEBB4,FE012812,IndustrialFanSmall_Stat,CONT,14.372812,-142.396606,363.632080,180.0001
LootableACUnit_Q.esp,001FEBB3,FE012812,IndustrialFanSmall_Stat,CONT,-332.900604,-142.396317,363.632080,180.0001
LootableACUnit_Q.esp,001FEAE7,FE012812,IndustrialFanSmall_Stat,CONT,-1137.323730,-1552.650513,132.233459,90.0001
LootableACUnit_Q.esp,001FEAE1,FE012812,IndustrialFanSmall_Stat,CONT,367.820740,-2049.756104,197.989334,270.0001
LootableACUnit_Q.esp,001FEAE0,FE012812,IndustrialFanSmall_Stat,CONT,367.820740,-2049.756104,369.936981,270.0001
LootableACUnit_Q.esp,001FEADF,FE012812,IndustrialFanSmall_Stat,CONT,-2009.768433,-1421.288818,340.503357,180.0000
LootableACUnit_Q.esp,001FEADE,FE012812,IndustrialFanSmall_Stat,CONT,-1483.184448,-1679.706543,139.575745,180.0000
LootableACUnit_Q.esp,001FEADB,FE012812,IndustrialFanSmall_Stat,CONT,-2009.768433,-1421.288818,159.744064,180.0000
LootableACUnit_Q.esp,0020BA11,FE012812,IndustrialFanSmall_Stat,CONT,2040.000000,6072.000000,1112.000000,0.0000
LootableACUnit_Q.esp,0020BA10,FE012812,IndustrialFanSmall_Stat,CONT,3512.000000,6064.000000,1112.000000,0.0000
LootableACUnit_Q.esp,0020BA0F,FE012812,IndustrialFanSmall_Stat,CONT,3137.166016,6305.376953,1196.699829,270.0000
LootableACUnit_Q.esp,0020BA0E,FE012812,IndustrialFanSmall_Stat,CONT,3137.166016,6092.536133,1196.699829,270.0000
LootableACUnit_Q.esp,0020B8A1,FE012812,IndustrialFanSmall_Stat,CONT,4309.986328,3521.795898,725.242371,0.0000
LootableACUnit_Q.esp,00209C48,FE012812,IndustrialFanSmall_Stat,CONT,2290.153809,3498.933350,1240.038330,0.0000
LootableACUnit_Q.esp,00209C47,FE012812,IndustrialFanSmall_Stat,CONT,2778.153809,3498.932861,1240.038330,0.0000
LootableACUnit_Q.esp,00182639,FE01280F,IndustrialFan_Stat,CONT,-2416.000000,2880.000000,432.000000,90.0000
LootableACUnit_Q.esp,00182638,FE01280F,IndustrialFan_Stat,CONT,112.000000,2336.000000,352.000000,270.0000
LootableACUnit_Q.esp,03035FD5,FE012812,IndustrialFanSmall_Stat,CONT,509.974365,1040.000000,432.010742,0.0000
LootableACUnit_Q.esp,06047DCA,FE012812,IndustrialFanSmall_Stat,CONT,1554.719727,3897.329346,-15.939079,140.6723
LootableACUnit_Q.esp,06047DC9,FE012812,IndustrialFanSmall_Stat,CONT,2048.670410,4235.232422,-5.203651,149.9972
LootableACUnit_Q.esp,0604227B,FE012812,IndustrialFanSmall_Stat,CONT,6096.085938,3726.181396,-55.351921,177.7502
LootableACUnit_Q.esp,0604227A,FE012812,IndustrialFanSmall_Stat,CONT,6507.194824,3315.071777,-32.493694,177.7502
LootableACUnit_Q.esp,06042240,FE012812,IndustrialFanSmall_Stat,CONT,6829.320801,4886.035156,-153.526474,225.0000
LootableACUnit_Q.esp,0604223F,FE012812,IndustrialFanSmall_Stat,CONT,7148.117676,4567.238281,-153.526474,225.0000
LootableACUnit_Q.esp,0604223E,FE012812,IndustrialFanSmall_Stat,CONT,5686.098633,3819.405762,-142.240173,135.0000
LootableACUnit_Q.esp,0604223D,FE012812,IndustrialFanSmall_Stat,CONT,5938.623535,4071.930420,-142.240173,135.0000
LootableACUnit_Q.esp,0604223C,FE012812,IndustrialFanSmall_Stat,CONT,5887.570312,2206.435547,-137.577591,45.0000
LootableACUnit_Q.esp,060421E3,FE012812,IndustrialFanSmall_Stat,CONT,4618.527344,2383.514160,-256.000000,136.2291
LootableACUnit_Q.esp,060421E2,FE012812,IndustrialFanSmall_Stat,CONT,4859.424316,2614.292480,-256.000000,136.2291
LootableACUnit_Q.esp,060421E1,FE012812,IndustrialFanSmall_Stat,CONT,5115.421875,2210.945068,-256.000000,310.9437
LootableACUnit_Q.esp,060421E0,FE012812,IndustrialFanSmall_Stat,CONT,4880.606934,1970.369385,-256.000000,310.9437
LootableACUnit_Q.esp,06042171,FE012812,IndustrialFanSmall_Stat,CONT,4284.283203,2802.863770,-32.915527,225.0000
LootableACUnit_Q.esp,06042170,FE012812,IndustrialFanSmall_Stat,CONT,4073.986572,3013.160400,-32.915527,225.0000
LootableACUnit_Q.esp,0604216F,FE012812,IndustrialFanSmall_Stat,CONT,4017.977051,3301.551270,-32.000000,315.0000
LootableACUnit_Q.esp,06033769,FE012812,IndustrialFanSmall_Stat,CONT,6975.592773,2252.127197,-120.528244,315.2064
LootableACUnit_Q.esp,06031E4D,FE012812,IndustrialFanSmall_Stat,CONT,4615.924316,4197.079102,-5.457275,225.2064
LootableACUnit_Q.esp,06031D52,FE012812,IndustrialFanSmall_Stat,CONT,6561.113281,1835.636597,-120.528244,315.2064
LootableACUnit_Q.esp,0021961D,FE012812,IndustrialFanSmall_Stat,CONT,-1199.527100,2153.661621,-659.957214,90.0000
LootableACUnit_Q.esp,0021961C,FE012812,IndustrialFanSmall_Stat,CONT,-1199.527100,2407.314941,-659.957214,90.0000
LootableACUnit_Q.esp,0021961B,FE012812,IndustrialFanSmall_Stat,CONT,51.841206,2593.349854,-643.100037,270.0000
LootableACUnit_Q.esp,0021961A,FE012812,IndustrialFanSmall_Stat,CONT,-1343.448364,717.291687,-784.349121,0.0000
LootableACUnit_Q.esp,00219619,FE012812,IndustrialFanSmall_Stat,CONT,-721.702332,1751.644409,-913.002441,270.0000
LootableACUnit_Q.esp,0009FB2A,FE012812,IndustrialFanSmall_Stat,CONT,337.000000,1312.070679,-891.191589,90.0000
LootableACUnit_Q.esp,0009FB29,FE012812,IndustrialFanSmall_Stat,CONT,337.000000,1119.531006,-891.191589,90.0000
LootableACUnit_Q.esp,0009FAA1,FE01280F,IndustrialFan_Stat,CONT,70.546928,1647.169434,-888.805664,270.0001
LootableACUnit_Q.esp,0009FA6C,FE01280F,IndustrialFan_Stat,CONT,-707.757751,2591.558838,-888.805664,90.0001
LootableACUnit_Q.esp,0009FA28,FE01280F,IndustrialFan_Stat,CONT,1352.753784,1657.015015,-888.805664,270.0001
LootableACUnit_Q.esp,0009FA27,FE01280F,IndustrialFan_Stat,CONT,566.825073,2359.135254,-888.805664,90.0001
LootableACUnit_Q.esp,0009FA26,FE01280F,IndustrialFan_Stat,CONT,313.192291,1.532486,-874.886353,90.0001
LootableACUnit_Q.esp,0009FA25,FE01280F,IndustrialFan_Stat,CONT,1349.261841,750.307739,-874.886353,270.0001
LootableACUnit_Q.esp,00219499,FE012812,IndustrialFanSmall_Stat,CONT,702.727356,-767.688232,608.251770,90.0000
LootableACUnit_Q.esp,00219498,FE012812,IndustrialFanSmall_Stat,CONT,559.247375,-1392.091431,617.458801,0.0000
LootableACUnit_Q.esp,00219458,FE012812,IndustrialFanSmall_Stat,CONT,-743.637390,1904.331787,865.654785,180.0001
LootableACUnit_Q.esp,00219457,FE012812,IndustrialFanSmall_Stat,CONT,-608.000000,510.687683,612.055542,270.0001
LootableACUnit_Q.esp,00219456,FE012812,IndustrialFanSmall_Stat,CONT,-1090.808105,124.104294,615.670227,90.0001
LootableACUnit_Q.esp,00219452,FE012811,IndustrialFan01_Small_Dest_Mstt,CONT,-196.230957,881.332520,619.199219,180.0001
LootableACUnit_Q.esp,00219451,FE012811,IndustrialFan01_Small_Dest_Mstt,CONT,45.262188,878.786255,619.199219,180.0001
LootableACUnit_Q.esp,00098A8A,FE012812,IndustrialFanSmall_Stat,CONT,1011.982727,19.238199,121.747162,0.0000
LootableACUnit_Q.esp,00098A89,FE012812,IndustrialFanSmall_Stat,CONT,1136.026855,19.238199,121.747162,180.0000
LootableACUnit_Q.esp,00098560,FE01280F,IndustrialFan_Stat,CONT,-1200.270630,-1009.190002,197.518845,90.0000
LootableACUnit_Q.esp,0009855C,FE01280F,IndustrialFan_Stat,CONT,863.113403,-1776.676758,197.518845,0.0000
LootableACUnit_Q.esp,00098552,FE01280F,IndustrialFan_Stat,CONT,-559.455811,1114.110596,197.518845,90.0000
LootableACUnit_Q.esp,001BA39F,FE012811,IndustrialFan01_Small_Dest_Mstt,CONT,-463.999634,-520.871826,-96.540039,270.0000
LootableACUnit_Q.esp,0015F918,FE01280F,IndustrialFan_Stat,CONT,416.000000,2776.000000,-392.000000,90.0000
LootableACUnit_Q.esp,0015F917,FE01280F,IndustrialFan_Stat,CONT,1888.000000,2488.000000,-392.000000,270.0000
LootableACUnit_Q.esp,0015F8B2,FE012812,IndustrialFanSmall_Stat,CONT,-840.000000,2128.000000,-416.000000,0.0000
LootableACUnit_Q.esp,0015F8B1,FE012812,IndustrialFanSmall_Stat,CONT,-1288.000000,2128.000000,-416.000000,0.0000
LootableACUnit_Q.esp,0015F8B0,FE012812,IndustrialFanSmall_Stat,CONT,-1152.000000,1448.000000,-416.000000,0.0000
LootableACUnit_Q.esp,002043DA,FE012812,IndustrialFanSmall_Stat,CONT,-8544.127930,4123.255859,2367.256104,224.9998
LootableACUnit_Q.esp,002043B2,FE012812,IndustrialFanSmall_Stat,CONT,-8359.581055,5271.640137,2374.322021,225.0002
LootableACUnit_Q.esp,000C63F5,FE012812,IndustrialFanSmall_Stat,CONT,1556.922607,-476.917969,332.042206,277.5998
LootableACUnit_Q.esp,000C5E5D,FE012812,IndustrialFanSmall_Stat,CONT,2175.013184,-157.178864,37.456665,276.6365
LootableACUnit_Q.esp,000C5E5C,FE012804,MetalRoofACVent01_Stat,CONT,2368.760010,-144.991730,221.463989,270.0000
LootableACUnit_Q.esp,000C5E5B,FE012812,IndustrialFanSmall_Stat,CONT,2498.234863,-400.060577,35.174805,91.3886
LootableACUnit_Q.esp,0602C70D,FE012812,IndustrialFanSmall_Stat,CONT,-138.038223,2554.490967,118.990387,270.0001
LootableACUnit_Q.esp,00192DD0,001932CA,ACUnit01_Container,CONT,194.874634,-0.236534,220.453064,180.0000
LootableACUnit_Q.esp,001E4992,FE012812,IndustrialFanSmall_Stat,CONT,-4352.000000,-3344.000488,1376.000000,180.0000
LootableACUnit_Q.esp,001E4990,FE012812,IndustrialFanSmall_Stat,CONT,-4352.000000,-4336.000000,1376.000000,180.0000
LootableACUnit_Q.esp,00221B48,FE012812,IndustrialFanSmall_Stat,CONT,-624.000061,963.255981,507.821442,90.0000
LootableACUnit_Q.esp,00221B3C,FE012812,IndustrialFanSmall_Stat,CONT,453.567749,1936.644287,388.516022,180.0001
LootableACUnit_Q.esp,00221B39,FE012812,IndustrialFanSmall_Stat,CONT,880.982544,1232.351318,379.235626,270.0000
LootableACUnit_Q.esp,00221B38,FE012812,IndustrialFanSmall_Stat,CONT,880.982544,1365.723022,379.235626,270.0000
LootableACUnit_Q.esp,00221B37,FE012812,IndustrialFanSmall_Stat,CONT,353.182190,863.465820,460.494263,270.0000
LootableACUnit_Q.esp,00221B36,FE012812,IndustrialFanSmall_Stat,CONT,414.596741,863.465820,460.494263,90.0000
LootableACUnit_Q.esp,00066319,FE012812,IndustrialFanSmall_Stat,CONT,-1392.000122,1485.888550,479.327484,90.0000
LootableACUnit_Q.esp,00066318,FE012812,IndustrialFanSmall_Stat,CONT,-624.000122,751.814941,507.821442,90.0000
LootableACUnit_Q.esp,0017842B,FE012812,IndustrialFanSmall_Stat,CONT,-128.807037,-261.473145,121.005371,90.0001
LootableACUnit_Q.esp,0017842A,FE012812,IndustrialFanSmall_Stat,CONT,127.192993,-261.473267,121.005371,270.0000
LootableACUnit_Q.esp,00178413,FE012812,IndustrialFanSmall_Stat,CONT,604.303101,-1150.238892,1317.550537,270.0001
LootableACUnit_Q.esp,00178410,FE012812,IndustrialFanSmall_Stat,CONT,604.303101,-641.145325,1317.550537,270.0000
LootableACUnit_Q.esp,0017840F,FE012812,IndustrialFanSmall_Stat,CONT,-602.966553,-1151.043701,1317.550537,90.0000
LootableACUnit_Q.esp,0017840C,FE012812,IndustrialFanSmall_Stat,CONT,-602.966553,-641.949951,1317.550537,90.0000
LootableACUnit_Q.esp,00178361,FE012812,IndustrialFanSmall_Stat,CONT,385.601074,-400.324249,141.034637,180.0001
LootableACUnit_Q.esp,00178360,FE012812,IndustrialFanSmall_Stat,CONT,-384.075806,-400.323761,136.008789,180.0001
LootableACUnit_Q.esp,0017835F,FE012812,IndustrialFanSmall_Stat,CONT,384.731506,-1392.000000,136.008789,0.0000
LootableACUnit_Q.esp,0017835E,FE012812,IndustrialFanSmall_Stat,CONT,-384.075958,-1392.000000,136.008789,0.0000
LootableACUnit_Q.esp,00133B78,FE012812,IndustrialFanSmall_Stat,CONT,-944.000000,3088.000000,-544.000000,180.0000
LootableACUnit_Q.esp,00133B77,FE012812,IndustrialFanSmall_Stat,CONT,-1824.000000,3088.000000,-544.000000,0.0000
LootableACUnit_Q.esp,00133B76,FE012812,IndustrialFanSmall_Stat,CONT,-1925.043701,3576.793213,-416.000000,26.5650
LootableACUnit_Q.esp,00133B75,FE01280F,IndustrialFan_Stat,CONT,-1904.000000,2320.000000,-352.000000,90.0000
LootableACUnit_Q.esp,00133B74,FE012812,IndustrialFanSmall_Stat,CONT,-878.396362,3135.252930,-103.315239,90.0000
LootableACUnit_Q.esp,001B3AAA,FE012812,IndustrialFanSmall_Stat,CONT,-954.541565,-4009.438232,-719.541016,90.0001
LootableACUnit_Q.esp,001B3AA0,FE012812,IndustrialFanSmall_Stat,CONT,-1000.587585,-4875.213379,-719.235718,180.0001
LootableACUnit_Q.esp,001B3A7C,FE012812,IndustrialFanSmall_Stat,CONT,-5682.846191,-4931.104980,-909.316345,335.9358
LootableACUnit_Q.esp,001B3A7A,FE012812,IndustrialFanSmall_Stat,CONT,-2501.357666,-2024.406006,-721.646851,0.0000
LootableACUnit_Q.esp,001B3A79,FE012812,IndustrialFanSmall_Stat,CONT,-2079.000000,-2024.406006,-721.646851,0.0000
LootableACUnit_Q.esp,001B3A77,FE012811,IndustrialFan01_Small_Dest_Mstt,CONT,-967.395203,-1755.673950,-719.205444,270.0001
LootableACUnit_Q.esp,0017F65F,FE01280F,IndustrialFan_Stat,CONT,-1264.001465,-2823.677979,-913.957764,90.0001
LootableACUnit_Q.esp,0017F65E,FE01280F,IndustrialFan_Stat,CONT,1265.447266,-2797.650879,-916.451355,270.0001
LootableACUnit_Q.esp,0017F65D,FE01280F,IndustrialFan_Stat,CONT,681.238220,-908.112244,-916.451355,180.0000
LootableACUnit_Q.esp,0017F65C,FE01280F,IndustrialFan_Stat,CONT,-762.250916,-908.112244,-916.451355,180.0000
LootableACUnit_Q.esp,0017F65B,FE012812,IndustrialFanSmall_Stat,CONT,-22.132971,5427.007324,-1626.859375,90.0000
LootableACUnit_Q.esp,0017F65A,FE012812,IndustrialFanSmall_Stat,CONT,-22.132971,5000.215820,-1626.859375,90.0000
LootableACUnit_Q.esp,0017F659,FE012812,IndustrialFanSmall_Stat,CONT,-151.235550,7968.987793,-1796.240723,90.0000
LootableACUnit_Q.esp,0017F651,FE012812,IndustrialFanSmall_Stat,CONT,-149.967590,1788.829346,-1594.572388,90.0000
LootableACUnit_Q.esp,0017F520,FE012812,IndustrialFanSmall_Stat,CONT,-3094.017334,7668.849609,-1659.799194,88.2355
LootableACUnit_Q.esp,0017F51F,FE01280F,IndustrialFan_Stat,CONT,-1887.698975,8070.011230,-1655.619751,179.5535
LootableACUnit_Q.esp,0017F51E,FE012812,IndustrialFanSmall_Stat,CONT,-2245.933105,7091.822266,-1663.918579,88.2355
LootableACUnit_Q.esp,0014223B,FE01280F,IndustrialFan_Stat,CONT,-1168.000000,-1064.000000,80.000000,180.0000
LootableACUnit_Q.esp,001421A9,FE012812,IndustrialFanSmall_Stat,CONT,-1408.002197,-2031.997070,-1184.000000,0.0002
LootableACUnit_Q.esp,001421A8,FE012812,IndustrialFanSmall_Stat,CONT,-1376.002930,-2191.997070,-1136.000000,180.0002
LootableACUnit_Q.esp,001421A7,FE01280F,IndustrialFan_Stat,CONT,1263.995728,-2528.007324,-464.000000,270.0003
LootableACUnit_Q.esp,001421A6,FE01280F,IndustrialFan_Stat,CONT,-1264.001465,-1823.997559,-1111.238037,90.0001
LootableACUnit_Q.esp,001C7AC1,FE01280F,IndustrialFan_Stat,CONT,11383.600586,13429.395508,-714.840271,98.2619
LootableACUnit_Q.esp,0014B4F0,FE01280F,IndustrialFan_Stat,CONT,8358.387695,6052.107422,-789.034363,188.2619
LootableACUnit_Q.esp,00129F57,FE01280F,IndustrialFan_Stat,CONT,14977.778320,14233.961914,-289.318085,11.7112
LootableACUnit_Q.esp,00129EB1,FE01280F,IndustrialFan_Stat,CONT,9975.333008,14062.034180,-958.244263,102.3530
LootableACUnit_Q.esp,060400F9,FE012812,IndustrialFanSmall_Stat,CONT,-1013.180237,2301.931152,1188.373291,89.3384
LootableACUnit_Q.esp,060400F8,FE012812,IndustrialFanSmall_Stat,CONT,-1013.555786,2672.618408,1188.373291,89.3384
LootableACUnit_Q.esp,060400F7,FE012812,IndustrialFanSmall_Stat,CONT,-370.919098,2392.662354,1179.538818,75.1317
LootableACUnit_Q.esp,060400F6,FE012812,IndustrialFanSmall_Stat,CONT,101.629677,1943.911865,1216.675171,89.5224
LootableACUnit_Q.esp,001B4E60,FE012812,IndustrialFanSmall_Stat,CONT,2685.109131,2426.601562,-1065.611084,180.0000
LootableACUnit_Q.esp,001B4E5F,FE012812,IndustrialFanSmall_Stat,CONT,2691.438232,-2173.590088,-810.972900,270.0000
LootableACUnit_Q.esp,001B4E5E,FE012812,IndustrialFanSmall_Stat,CONT,2691.438232,-1152.617310,-811.000000,243.4349
LootableACUnit_Q.esp,001B4E5D,FE012812,IndustrialFanSmall_Stat,CONT,2685.109131,1418.811035,-1065.611084,243.4349
LootableACUnit_Q.esp,03042AA7,FE012812,IndustrialFanSmall_Stat,CONT,760.727661,909.727661,-108.542892,0.0001
LootableACUnit_Q.esp,03042AA6,FE012812,IndustrialFanSmall_Stat,CONT,397.016510,932.769531,-130.708511,90.0001
LootableACUnit_Q.esp,03042AA5,FE012812,IndustrialFanSmall_Stat,CONT,397.016510,1537.793457,-130.708511,90.0001
LootableACUnit_Q.esp,03042AA4,FE012812,IndustrialFanSmall_Stat,CONT,1139.064453,1505.196777,-125.955620,270.0001
LootableACUnit_Q.esp,03042765,FE012812,IndustrialFanSmall_Stat,CONT,-113.020241,254.106903,275.598236,90.0000
LootableACUnit_Q.esp,001E35F2,FE012812,IndustrialFanSmall_Stat,CONT,1665.891235,-2179.244629,349.039032,180.0000
LootableACUnit_Q.esp,001E35F0,FE012812,IndustrialFanSmall_Stat,CONT,1919.894531,-2179.244629,349.039032,0.0000
LootableACUnit_Q.esp,001E1EAB,FE012812,IndustrialFanSmall_Stat,CONT,1919.180298,-1007.931519,606.049011,0.0000
LootableACUnit_Q.esp,001E1EA9,FE012812,IndustrialFanSmall_Stat,CONT,1919.180298,-751.709961,606.049011,0.0000
LootableACUnit_Q.esp,001E1EA6,FE012812,IndustrialFanSmall_Stat,CONT,1919.180298,-1263.641357,606.049011,0.0000
LootableACUnit_Q.esp,001E1EA4,FE012812,IndustrialFanSmall_Stat,CONT,1536.000000,-512.000000,352.735229,0.0000
LootableACUnit_Q.esp,0604ED3F,FE012812,IndustrialFanSmall_Stat,CONT,105.510254,2073.380859,-208.592651,135.0001
LootableACUnit_Q.esp,0604ED3E,FE012812,IndustrialFanSmall_Stat,CONT,694.517395,2285.348389,-185.523712,225.0000
LootableACUnit_Q.esp,0604ECF8,FE012812,IndustrialFanSmall_Stat,CONT,-996.615723,980.920166,-359.103882,135.0000
LootableACUnit_Q.esp,0604EC95,FE012812,IndustrialFanSmall_Stat,CONT,1593.869385,1443.659424,-178.663055,315.0000
LootableACUnit_Q.esp,0604EC8E,FE012812,IndustrialFanSmall_Stat,CONT,883.387695,1050.690430,-170.137848,45.0000
LootableACUnit_Q.esp,0604EC8D,FE012812,IndustrialFanSmall_Stat,CONT,628.245789,1305.832397,-170.137848,45.0000
LootableACUnit_Q.esp,002254BE,FE012812,IndustrialFanSmall_Stat,CONT,3648.393311,6145.107910,585.852356,90.0000
LootableACUnit_Q.esp,002254B8,FE012812,IndustrialFanSmall_Stat,CONT,4017.774902,6416.318359,583.875183,0.0000
LootableACUnit_Q.esp,002254B7,FE012812,IndustrialFanSmall_Stat,CONT,3873.652100,5634.280762,589.399109,270.0000
LootableACUnit_Q.esp,002254B6,FE012812,IndustrialFanSmall_Stat,CONT,3874.733887,4482.263184,579.821777,270.0000
LootableACUnit_Q.esp,002254B5,FE012812,IndustrialFanSmall_Stat,CONT,3874.733887,4735.149902,579.821777,270.0000
LootableACUnit_Q.esp,0022546B,FE01280F,IndustrialFan_Stat,CONT,2560.408203,7154.075195,645.311523,180.0000
LootableACUnit_Q.esp,0022546A,FE01280F,IndustrialFan_Stat,CONT,2114.788086,5473.177734,583.590149,90.0000
LootableACUnit_Q.esp,00225460,FE012812,IndustrialFanSmall_Stat,CONT,3646.556396,4725.945801,352.304749,90.0000
LootableACUnit_Q.esp,0022545F,FE012812,IndustrialFanSmall_Stat,CONT,3646.556396,4500.510742,352.304749,90.0000
LootableACUnit_Q.esp,00167E46,FE012812,IndustrialFanSmall_Stat,CONT,1629.945068,5118.496094,859.046753,90.0000
LootableACUnit_Q.esp,00167E45,FE012812,IndustrialFanSmall_Stat,CONT,1629.945068,4862.938965,859.046753,90.0000
LootableACUnit_Q.esp,00167E30,FE01280F,IndustrialFan_Stat,CONT,3364.128418,5883.884766,857.224060,180.0001
LootableACUnit_Q.esp,00167E09,FE012812,IndustrialFanSmall_Stat,CONT,3616.332764,6533.512207,598.225281,270.0000
LootableACUnit_Q.esp,00167DE1,FE012812,IndustrialFanSmall_Stat,CONT,3135.498047,4520.560547,603.146667,90.0000
LootableACUnit_Q.esp,00167DCA,FE012812,IndustrialFanSmall_Stat,CONT,3512.000000,5872.000000,616.000000,180.0000
LootableACUnit_Q.esp,00167D5E,FE01280F,IndustrialFan_Stat,CONT,4400.000000,6911.761719,824.000000,180.0001
LootableACUnit_Q.esp,001443A0,FE01280F,IndustrialFan_Stat,CONT,3168.000000,2928.000000,1344.000000,209.5388
LootableACUnit_Q.esp,0013BE7E,FE01280F,IndustrialFan_Stat,CONT,4912.000000,5740.441406,810.124939,270.0000
LootableACUnit_Q.esp,0013BE7D,FE01280F,IndustrialFan_Stat,CONT,4912.000000,5604.441406,808.000000,270.0001
LootableACUnit_Q.esp,0012DBC1,FE01280F,IndustrialFan_Stat,CONT,4912.493652,5118.842773,569.181824,270.0001
LootableACUnit_Q.esp,06033328,FE012812,IndustrialFanSmall_Stat,CONT,3267.997803,4339.367676,-1438.985352,267.0002
LootableACUnit_Q.esp,06033327,FE012812,IndustrialFanSmall_Stat,CONT,3267.997803,4084.049805,-1438.985352,267.0002
LootableACUnit_Q.esp,06030353,FE012812,IndustrialFanSmall_Stat,CONT,3904.111328,1835.660156,-184.370575,270.0000
LootableACUnit_Q.esp,0603033F,FE012812,IndustrialFanSmall_Stat,CONT,3672.317139,1336.968140,-213.639359,270.0000
LootableACUnit_Q.esp,0602CF8C,FE012812,IndustrialFanSmall_Stat,CONT,2704.341797,638.580994,-686.521057,270.0000
LootableACUnit_Q.esp,06016842,FE012802,MacFanASmlAnimated_Mstt,CONT,1003.152344,3851.858887,-1427.688843,0.0000
LootableACUnit_Q.esp,000C5E4B,FE012812,IndustrialFanSmall_Stat,CONT,2150.902100,-500.714203,81.896866,292.8360
LootableACUnit_Q.esp,000C5BB1,FE012812,IndustrialFanSmall_Stat,CONT,1435.582642,-200.353027,16.517822,2.7305
LootableACUnit_Q.esp,0100B0D2,FE012812,IndustrialFanSmall_Stat,CONT,686.263062,1330.023071,17.232990,90.0001
LootableACUnit_Q.esp,0100B0D1,FE012812,IndustrialFanSmall_Stat,CONT,686.263062,877.591675,17.232990,90.0001
LootableACUnit_Q.esp,0100B0D0,FE012812,IndustrialFanSmall_Stat,CONT,1432.844604,1565.562622,6.580147,270.0000
LootableACUnit_Q.esp,0100B0B1,FE012812,IndustrialFanSmall_Stat,CONT,-594.848511,1771.870605,80.129166,90.0000
LootableACUnit_Q.esp,0100B05F,FE012812,IndustrialFanSmall_Stat,CONT,656.914001,1663.722900,32.086040,270.0000
LootableACUnit_Q.esp,0100B05E,FE012812,IndustrialFanSmall_Stat,CONT,97.402695,785.933960,17.936979,0.0000
LootableACUnit_Q.esp,0100AFAF,FE012812,IndustrialFanSmall_Stat,CONT,-334.261414,2142.750977,-904.670166,90.0000
LootableACUnit_Q.esp,0100AF76,FE012812,IndustrialFanSmall_Stat,CONT,-239.513824,786.976318,-702.316406,0.0000
LootableACUnit_Q.esp,0100AEBB,FE012812,IndustrialFanSmall_Stat,CONT,-1505.308594,3828.113281,-454.790344,180.0000
LootableACUnit_Q.esp,0100AEBA,FE012812,IndustrialFanSmall_Stat,CONT,-514.447388,4079.829590,-468.057800,180.0000
LootableACUnit_Q.esp,0100AEB9,FE012812,IndustrialFanSmall_Stat,CONT,-1198.136475,1808.245361,-505.929871,0.0000
LootableACUnit_Q.esp,0100AEB8,FE01280F,IndustrialFan_Stat,CONT,906.103821,2783.867432,-759.942017,270.0001
LootableACUnit_Q.esp,0100AEB7,FE012812,IndustrialFanSmall_Stat,CONT,654.198120,2322.040771,-537.920715,270.0001
LootableACUnit_Q.esp,0100AEB6,FE012812,IndustrialFanSmall_Stat,CONT,655.406067,1663.013550,-537.390869,270.0001
LootableACUnit_Q.esp,0100AEB5,FE012812,IndustrialFanSmall_Stat,CONT,350.654633,786.976318,-702.316406,0.0000
LootableACUnit_Q.esp,0100AEB3,FE012812,IndustrialFanSmall_Stat,CONT,684.710449,1418.510742,-485.672974,90.0000
LootableACUnit_Q.esp,0100AEB2,FE012812,IndustrialFanSmall_Stat,CONT,1419.891724,1170.171997,-454.543640,270.0000
LootableACUnit_Q.esp,0100AAFE,FE01280F,IndustrialFan_Stat,CONT,-895.247498,1774.059692,-204.567474,180.0001
LootableACUnit_Q.esp,0100AAF8,FE012812,IndustrialFanSmall_Stat,CONT,-1107.204346,1457.684692,-250.392242,89.9996
LootableACUnit_Q.esp,0100AAF7,FE012812,IndustrialFanSmall_Stat,CONT,-1107.204468,1126.503784,-250.392242,89.9996
LootableACUnit_Q.esp,0100AAF5,FE012812,IndustrialFanSmall_Stat,CONT,-1107.204346,1457.684692,-515.641785,89.9996
LootableACUnit_Q.esp,0100AAF3,FE012812,IndustrialFanSmall_Stat,CONT,-1107.204468,1126.503784,-515.641785,89.9996
LootableACUnit_Q.esp,0100A4AE,FE012812,IndustrialFanSmall_Stat,CONT,-3672.046875,2216.571777,-77.273743,90.0001
LootableACUnit_Q.esp,0100A4AD,FE012812,IndustrialFanSmall_Stat,CONT,-3148.080566,2801.648682,-77.273743,180.0000
LootableACUnit_Q.esp,0100A4A4,FE012812,IndustrialFanSmall_Stat,CONT,-2590.390137,971.580566,185.119400,0.0000
LootableACUnit_Q.esp,0100A4A3,FE012812,IndustrialFanSmall_Stat,CONT,-4171.572266,1347.677490,184.183243,0.0000
LootableACUnit_Q.esp,0100A4A2,FE012812,IndustrialFanSmall_Stat,CONT,-4275.353027,222.762268,184.183243,0.0000
LootableACUnit_Q.esp,0100A492,FE012812,IndustrialFanSmall_Stat,CONT,-2110.155029,54.328941,184.183243,180.0000
LootableACUnit_Q.esp,0100A491,FE012812,IndustrialFanSmall_Stat,CONT,-3369.257568,222.762268,184.183243,180.0000
LootableACUnit_Q.esp,0100A48D,FE012812,IndustrialFanSmall_Stat,CONT,-2018.181396,-490.488098,-451.107239,0.0001
LootableACUnit_Q.esp,0100A48C,FE012812,IndustrialFanSmall_Stat,CONT,-1282.713135,481.694580,-429.344635,180.0001
LootableACUnit_Q.esp,0100A48B,FE012812,IndustrialFanSmall_Stat,CONT,-1282.713135,481.694580,-687.099854,180.0001
LootableACUnit_Q.esp,0100A48A,FE012812,IndustrialFanSmall_Stat,CONT,-2432.674561,649.697388,-664.110168,270.0000
LootableACUnit_Q.esp,0100A489,FE012812,IndustrialFanSmall_Stat,CONT,-4344.000000,1768.000000,-432.000000,180.0000
LootableACUnit_Q.esp,0100A486,FE012812,IndustrialFanSmall_Stat,CONT,-4344.000000,1768.000000,-164.908600,180.0000
LootableACUnit_Q.esp,0100A485,FE01280F,IndustrialFan_Stat,CONT,-4687.540039,-12.332214,-145.370239,90.1501
LootableACUnit_Q.esp,0100A484,FE01280F,IndustrialFan_Stat,CONT,-4684.344238,1304.250122,-146.662704,90.1501
LootableACUnit_Q.esp,0100A481,FE012812,IndustrialFanSmall_Stat,CONT,-4309.947754,-486.112183,-166.670959,0.0000
LootableACUnit_Q.esp,0100A480,FE012812,IndustrialFanSmall_Stat,CONT,-4309.947754,-486.112183,-433.762360,0.0000
LootableACUnit_Q.esp,0100A47E,FE012812,IndustrialFanSmall_Stat,CONT,-3008.947754,-486.112183,-433.762360,0.0000
LootableACUnit_Q.esp,0100A47C,FE012812,IndustrialFanSmall_Stat,CONT,-3008.947754,-486.112183,-166.670959,0.0000
LootableACUnit_Q.esp,0100A261,FE01280F,IndustrialFan_Stat,CONT,2127.535889,755.737000,-190.081467,0.0000
LootableACUnit_Q.esp,0100A25A,FE01280F,IndustrialFan_Stat,CONT,1838.063843,-750.962280,-655.349976,0.0000
LootableACUnit_Q.esp,0100A259,FE012812,IndustrialFanSmall_Stat,CONT,2681.786621,-494.274750,-481.915802,0.0000
LootableACUnit_Q.esp,0100A258,FE012812,IndustrialFanSmall_Stat,CONT,2351.049316,-494.274750,-481.915802,0.0000
LootableACUnit_Q.esp,0100A112,FE012812,IndustrialFanSmall_Stat,CONT,310.400818,753.027832,-171.076202,180.0000
LootableACUnit_Q.esp,0100A111,FE012812,IndustrialFanSmall_Stat,CONT,859.420166,1011.441040,-414.046814,0.0000
LootableACUnit_Q.esp,0100A110,FE012812,IndustrialFanSmall_Stat,CONT,1261.332031,1011.665283,-414.046814,180.0000
LootableACUnit_Q.esp,0100A10F,FE012812,IndustrialFanSmall_Stat,CONT,627.644592,-494.274750,-481.915802,0.0000
LootableACUnit_Q.esp,0100A10E,FE012812,IndustrialFanSmall_Stat,CONT,1223.567383,-494.274750,-481.915802,0.0000
LootableACUnit_Q.esp,010082CB,FE012812,IndustrialFanSmall_Stat,CONT,403.389069,-996.698425,-168.212814,269.9996
LootableACUnit_Q.esp,0100827D,FE012812,IndustrialFanSmall_Stat,CONT,403.390717,-761.874695,46.934471,269.9996
LootableACUnit_Q.esp,01008225,FE012812,IndustrialFanSmall_Stat,CONT,2333.893311,1522.822021,-415.493347,180.0001
LootableACUnit_Q.esp,01008224,FE012812,IndustrialFanSmall_Stat,CONT,2098.171875,1522.294678,-415.493347,180.0001
LootableACUnit_Q.esp,010081F6,FE012812,IndustrialFanSmall_Stat,CONT,-624.305359,-368.460602,-591.698669,269.9996
LootableACUnit_Q.esp,010081F5,FE012812,IndustrialFanSmall_Stat,CONT,-622.953064,-733.409363,-364.662659,269.9996
LootableACUnit_Q.esp,010081F4,FE012812,IndustrialFanSmall_Stat,CONT,-626.330322,-1128.870361,-190.121826,269.9996
LootableACUnit_Q.esp,010081F3,FE012812,IndustrialFanSmall_Stat,CONT,-1109.593140,-368.218201,-591.698669,89.9996
LootableACUnit_Q.esp,010081F2,FE012812,IndustrialFanSmall_Stat,CONT,-1108.658203,-752.145447,-364.662659,89.9996
LootableACUnit_Q.esp,010081F1,FE012812,IndustrialFanSmall_Stat,CONT,-1109.152954,-1106.932983,-190.121826,89.9996
LootableACUnit_Q.esp,010081F0,FE012812,IndustrialFanSmall_Stat,CONT,1452.783813,1063.399170,-375.268433,90.0003
LootableACUnit_Q.esp,010081EF,FE012812,IndustrialFanSmall_Stat,CONT,1452.783813,1411.493408,-375.268433,90.0003
LootableACUnit_Q.esp,00192DD5,001932CA,ACUnit01_Container,CONT,-771.289062,-143.974472,323.431274,90.0001
LootableACUnit_Q.esp,0021A008,FE012812,IndustrialFanSmall_Stat,CONT,4705.697754,1653.171631,334.800873,90.0000
LootableACUnit_Q.esp,0021A004,FE012812,IndustrialFanSmall_Stat,CONT,3232.811035,1650.463745,334.800873,90.0000
LootableACUnit_Q.esp,0100E5D8,FE012812,IndustrialFanSmall_Stat,CONT,3086.930420,1707.896484,228.911102,359.7705
LootableACUnit_Q.esp,0100E5D4,FE012812,IndustrialFanSmall_Stat,CONT,2986.341797,2222.763184,228.911102,140.9473
LootableACUnit_Q.esp,0100E5D0,FE012812,IndustrialFanSmall_Stat,CONT,3921.175293,2220.881104,228.911133,219.7862
LootableACUnit_Q.esp,0100E5B9,FE012802,MacFanASmlAnimated_Mstt,CONT,1685.165894,1252.033813,33.456032,270.0000
LootableACUnit_Q.esp,0100E5B8,FE012802,MacFanASmlAnimated_Mstt,CONT,1908.262329,1440.837769,33.456108,270.0000
LootableACUnit_Q.esp,0100E5A3,FE012802,MacFanASmlAnimated_Mstt,CONT,4246.792969,561.987000,171.795349,270.0000
LootableACUnit_Q.esp,0100E5A1,FE012802,MacFanASmlAnimated_Mstt,CONT,4037.644043,811.240784,171.795273,270.0000
LootableACUnit_Q.esp,0100D74E,FE012812,IndustrialFanSmall_Stat,CONT,-965.925476,1902.632202,519.784424,45.0000
LootableACUnit_Q.esp,0100D567,FE01280F,IndustrialFan_Stat,CONT,52.384842,-2672.000000,369.600525,0.0000
LootableACUnit_Q.esp,0100D4DF,FE01280F,IndustrialFan_Stat,CONT,-1118.909180,-5497.292969,775.308838,0.0000
LootableACUnit_Q.esp,0100CEDF,FE012813,MacFanAMed01Animated_Mstt,CONT,4325.395996,2694.964111,287.446442,319.8599
LootableACUnit_Q.esp,0100CEA7,FE012813,MacFanAMed01Animated_Mstt,CONT,2559.171387,2806.492676,585.554138,270.0000
LootableACUnit_Q.esp,0100CEA5,FE012813,MacFanAMed01Animated_Mstt,CONT,2935.171387,2430.492676,585.554138,269.9753
LootableACUnit_Q.esp,0100CEA4,FE012813,MacFanAMed01Animated_Mstt,CONT,2183.171387,2430.492676,585.554138,0.0000
LootableACUnit_Q.esp,0100CEA3,FE012813,MacFanAMed01Animated_Mstt,CONT,2583.171387,2054.492676,585.554138,0.0000
LootableACUnit_Q.esp,0100CC96,FE012812,IndustrialFanSmall_Stat,CONT,-6920.256836,1432.453613,916.915833,270.0000
LootableACUnit_Q.esp,0100CC92,FE012812,IndustrialFanSmall_Stat,CONT,-6921.847656,2151.662109,921.993103,270.0000
LootableACUnit_Q.esp,0100B3E9,FE012812,IndustrialFanSmall_Stat,CONT,-3592.323975,-2590.780273,530.196472,180.0001
LootableACUnit_Q.esp,01007F7C,FE012812,IndustrialFanSmall_Stat,CONT,-3752.000000,9204.000000,1816.000000,0.0000
LootableACUnit_Q.esp,01007F7B,FE012812,IndustrialFanSmall_Stat,CONT,-3656.000000,9204.000000,1816.000000,180.0001
LootableACUnit_Q.esp,01007C24,FE012810,IndustrialFan01_Dest_Mstt,CONT,-4855.596191,9035.914062,1846.267212,90.0000
LootableACUnit_Q.esp,01004FD2,FE01280F,IndustrialFan_Stat,CONT,-3200.000000,-232.000000,208.000000,270.0000
LootableACUnit_Q.esp,01004F61,FE012812,IndustrialFanSmall_Stat,CONT,-4208.000000,-832.000000,2792.000000,90.0000
LootableACUnit_Q.esp,0603F42E,FE012812,IndustrialFanSmall_Stat,CONT,1261.806152,2084.239014,634.259338,315.0000
LootableACUnit_Q.esp,000C697C,FE012812,IndustrialFanSmall_Stat,CONT,1655.539185,-480.460632,129.280243,280.6061
LootableACUnit_Q.esp,001B48DA,001932CB,ACUnit02_Container,CONT,300.255066,1840.004272,662.503113,0.0000
LootableACUnit_Q.esp,001B0092,FE012812,IndustrialFanSmall_Stat,CONT,-1057.619751,-721.903564,579.730591,0.0000
LootableACUnit_Q.esp,001AE554,FE012811,IndustrialFan01_Small_Dest_Mstt,CONT,1077.683716,777.947144,621.362244,270.0000
LootableACUnit_Q.esp,001AE550,FE012810,IndustrialFan01_Dest_Mstt,CONT,669.109802,1829.403809,269.931946,180.0000
LootableACUnit_Q.esp,001AE54F,FE012810,IndustrialFan01_Dest_Mstt,CONT,-2212.438721,1314.538818,781.222534,90.0000
LootableACUnit_Q.esp,001AE549,FE012811,IndustrialFan01_Small_Dest_Mstt,CONT,-1142.444214,79.633720,648.976013,0.0000
LootableACUnit_Q.esp,00118255,FE01280F,IndustrialFan_Stat,CONT,-717.345825,1072.789551,961.085144,201.8014
LootableACUnit_Q.esp,00118254,FE01280F,IndustrialFan_Stat,CONT,-116.430450,1072.789551,961.085144,201.8014
LootableACUnit_Q.esp,00118253,FE01280F,IndustrialFan_Stat,CONT,-403.691956,1132.493042,961.085144,3.1798
LootableACUnit_Q.esp,00118164,FE01280F,IndustrialFan_Stat,CONT,271.199341,59.975952,263.152008,0.0000
LootableACUnit_Q.esp,00118163,FE01280F,IndustrialFan_Stat,CONT,-432.800232,59.382629,262.663391,0.0000
LootableACUnit_Q.esp,001B3B32,FE012812,IndustrialFanSmall_Stat,CONT,1259.303589,399.135223,77.086746,0.0000
LootableACUnit_Q.esp,00193FF3,FE012812,IndustrialFanSmall_Stat,CONT,4613.611328,1801.653076,-1841.795654,81.8877
LootableACUnit_Q.esp,00192461,FE012812,IndustrialFanSmall_Stat,CONT,6141.489258,742.393311,-1815.010010,351.8880
LootableACUnit_Q.esp,001904EF,FE01280F,IndustrialFan_Stat,CONT,4144.754883,1494.274902,-1591.911621,81.8876
LootableACUnit_Q.esp,00190415,FE012812,IndustrialFanSmall_Stat,CONT,4568.392090,-2367.041504,123.710960,41.3676
LootableACUnit_Q.esp,00190414,FE012812,IndustrialFanSmall_Stat,CONT,4692.131348,-2477.866455,123.710960,41.4249
LootableACUnit_Q.esp,001895BB,FE012812,IndustrialFanSmall_Stat,CONT,4039.552246,-1016.849182,-1234.590454,132.1809
LootableACUnit_Q.esp,000FD9BA,FE012812,IndustrialFanSmall_Stat,CONT,6233.241699,1119.115479,-1815.010010,261.8880
LootableACUnit_Q.esp,000FD9B9,FE012812,IndustrialFanSmall_Stat,CONT,5502.348145,1031.103271,-1815.010010,81.8879
LootableACUnit_Q.esp,000FD9B8,FE012812,IndustrialFanSmall_Stat,CONT,5919.730957,710.783691,-1815.010010,351.8880
LootableACUnit_Q.esp,000FD9B7,FE012812,IndustrialFanSmall_Stat,CONT,5697.972656,679.174011,-1815.010010,351.8880
LootableACUnit_Q.esp,000FC0FC,FE012812,IndustrialFanSmall_Stat,CONT,1788.810669,657.064026,-1559.010010,171.8878
LootableACUnit_Q.esp,000FC0FB,FE012812,IndustrialFanSmall_Stat,CONT,1536.169800,623.081299,-1559.010010,171.8878
LootableACUnit_Q.esp,000FC0DD,FE012812,IndustrialFanSmall_Stat,CONT,1435.411621,-397.935730,-1559.010010,351.8879
LootableACUnit_Q.esp,000FC0CB,FE012812,IndustrialFanSmall_Stat,CONT,1351.971436,333.698059,-1559.010010,171.8878
LootableACUnit_Q.esp,000D2870,FE012812,IndustrialFanSmall_Stat,CONT,5468.883789,1294.226562,-1816.716553,81.8877
LootableACUnit_Q.esp,000D286F,FE012812,IndustrialFanSmall_Stat,CONT,5355.146973,2587.998047,-1816.325195,171.8876
LootableACUnit_Q.esp,000D286E,FE012812,IndustrialFanSmall_Stat,CONT,4164.384766,2243.851562,-1580.239990,81.8876
LootableACUnit_Q.esp,000D286D,FE01280F,IndustrialFan_Stat,CONT,4170.583008,1301.045532,-1591.911621,81.8876
LootableACUnit_Q.esp,001C7EEF,FE012812,IndustrialFanSmall_Stat,CONT,2975.406006,57.755692,480.530945,47.5558
LootableACUnit_Q.esp,001C7EEE,FE012812,IndustrialFanSmall_Stat,CONT,3008.230957,21.863708,-86.521149,47.5558
LootableACUnit_Q.esp,001C7EED,FE01280F,IndustrialFan_Stat,CONT,3407.651123,-414.879456,342.678864,47.5558
LootableACUnit_Q.esp,060568B4,FE012812,IndustrialFanSmall_Stat,CONT,8355.743164,7293.662598,133.576614,180.0000
LootableACUnit_Q.esp,060568B3,FE012812,IndustrialFanSmall_Stat,CONT,8719.175781,7293.662598,133.576614,180.0000
LootableACUnit_Q.esp,060568A9,FE012812,IndustrialFanSmall_Stat,CONT,8453.401367,4740.521484,397.417023,180.0001
LootableACUnit_Q.esp,060568A8,FE012812,IndustrialFanSmall_Stat,CONT,8453.401367,4740.521484,698.626831,180.0001
LootableACUnit_Q.esp,060568A3,FE012812,IndustrialFanSmall_Stat,CONT,7952.323242,3927.277832,353.324005,90.0001
LootableACUnit_Q.esp,0605686D,FE012812,IndustrialFanSmall_Stat,CONT,1874.034912,4775.410156,459.675751,0.0000
LootableACUnit_Q.esp,0605680C,FE012812,IndustrialFanSmall_Stat,CONT,6896.186035,2371.803223,828.560547,270.0001
LootableACUnit_Q.esp,0605680B,FE012812,IndustrialFanSmall_Stat,CONT,6763.529297,2661.394287,835.734558,180.0000
LootableACUnit_Q.esp,060564C6,FE012812,IndustrialFanSmall_Stat,CONT,8178.655273,5005.806152,590.392212,270.0000
LootableACUnit_Q.esp,06056466,FE012812,IndustrialFanSmall_Stat,CONT,8294.516602,2715.756836,421.967529,0.0000
LootableACUnit_Q.esp,0605642F,FE012812,IndustrialFanSmall_Stat,CONT,6924.081055,4250.705078,366.371643,0.0000
LootableACUnit_Q.esp,0605642E,FE012812,IndustrialFanSmall_Stat,CONT,7701.268066,4257.785156,177.502258,0.0000
LootableACUnit_Q.esp,0605640B,FE012812,IndustrialFanSmall_Stat,CONT,5387.265137,5122.132812,325.469360,90.0000
LootableACUnit_Q.esp,0605640A,FE012812,IndustrialFanSmall_Stat,CONT,5387.265137,4367.044434,325.469360,90.0000
LootableACUnit_Q.esp,060563CB,FE012812,IndustrialFanSmall_Stat,CONT,5359.534668,5125.588379,529.728821,270.0000
LootableACUnit_Q.esp,060563CA,FE012812,IndustrialFanSmall_Stat,CONT,4470.708984,4260.616211,433.709076,0.0000
LootableACUnit_Q.esp,0604F4F6,FE01280F,IndustrialFan_Stat,CONT,2880.001221,3040.086426,715.230774,90.0001
LootableACUnit_Q.esp,060360C4,FE012811,IndustrialFan01_Small_Dest_Mstt,CONT,7151.996582,3524.197998,946.340149,270.0002
LootableACUnit_Q.esp,060360C3,FE01280F,IndustrialFan_Stat,CONT,7075.450684,3430.373535,1210.070557,14.4568
