source_file,ref_formid,base_formid,base_editorid,base_signature,pos_x,pos_y,pos_z,rot_z
LootedWorldX_ACTI.esp,06056DFC,06043B35,DLC04RadioRaiderStation,ACTI,495.831299,-18833.517578,517.089294,11.4592
LootedWorldX_ACTI.esp,06054D70,000302DC,Empty_NukaColaMachine,ACTI,1965.357544,-16593.867187,473.194977,37.2423
LootedWorldX_ACTI.esp,06054A47,000302DC,Empty_NukaColaMachine,ACTI,3097.364990,-17938.787109,483.881500,273.4829
LootedWorldX_ACTI.esp,06056E37,06025B40,DLC04RaiderRadioReceiver,ACTI,-2342.070068,-16572.447266,491.665192,269.9884
LootedWorldX_ACTI.esp,06056E38,06025B40,DLC04RaiderRadioReceiver,ACTI,-4108.446777,-18610.371094,493.551361,217.7240
LootedWorldX_ACTI.esp,0604A817,06043A92,DLC04LunchBoxKidsACT03,ACTI,-18851.728516,-2423.416504,934.740601,137.5115
LootedWorldX_ACTI.esp,0604A816,06043A91,DLC04LunchBoxKidsACT02,ACTI,-18968.349609,-2885.634521,919.778809,268.6402
LootedWorldX_ACTI.esp,06032701,000302DC,Empty_NukaColaMachine,ACTI,-16545.101562,-118.046242,974.751160,115.4505
LootedWorldX_ACTI.esp,0604A818,06043A94,DLC04LunchBoxKidsACT05,ACTI,-15204.930664,-6681.571289,656.214478,176.6539
LootedWorldX_ACTI.esp,06032721,000302DC,Empty_NukaColaMachine,ACTI,-14558.896484,-6928.337402,576.000000,169.5387
LootedWorldX_ACTI.esp,060442C1,06043A93,DLC04LunchBoxKidsACT04,ACTI,-14595.638672,-3976.551270,1088.651123,307.2666
LootedWorldX_ACTI.esp,06043D8B,0004763D,Empty_NukaColaMachineBroken,ACTI,-15737.318359,-2148.300049,832.000000,89.9830
LootedWorldX_ACTI.esp,06027FBB,00143AD1,RadioDiamondCityReceiverOff,ACTI,-11469.591797,-18111.445312,623.879822,53.2394
LootedWorldX_ACTI.esp,06032680,000302DC,Empty_NukaColaMachine,ACTI,-11842.506836,-2243.903320,464.000061,30.0000
LootedWorldX_ACTI.esp,06026551,000302DC,Empty_NukaColaMachine,ACTI,-1087.487549,-24448.558594,466.616791,271.1910
LootedWorldX_ACTI.esp,06043B3B,06043B35,DLC04RadioRaiderStation,ACTI,-2299.847900,-13058.588867,520.082520,315.0002
LootedWorldX_ACTI.esp,0603FAE8,000302DC,Empty_NukaColaMachine,ACTI,-632.273621,-13101.974609,466.094208,2.8643
LootedWorldX_ACTI.esp,0603FA68,00082447,RadioDiamondCityReceiver,ACTI,-2299.847900,-13058.588867,520.082520,315.0002
LootedWorldX_ACTI.esp,0602276C,00143AD1,RadioDiamondCityReceiverOff,ACTI,-9567.757812,-33740.175781,467.824829,0.0006
LootedWorldX_ACTI.esp,06021C6D,0019F4C6,PortADiner01Dirty,ACTI,-33069.199219,-16319.225586,1079.149048,237.3650
LootedWorldX_ACTI.esp,060253DF,000302DC,Empty_NukaColaMachine,ACTI,-5078.731445,34856.957031,791.755981,270.0001
LootedWorldX_ACTI.esp,060253DE,000302DC,Empty_NukaColaMachine,ACTI,-5078.731445,35151.347656,791.755981,270.0001
LootedWorldX_ACTI.esp,060253DD,000302DC,Empty_NukaColaMachine,ACTI,-4754.842285,33932.089844,790.503906,0.0000
LootedWorldX_ACTI.esp,060253E0,0004763D,Empty_NukaColaMachineBroken,ACTI,-7042.930664,37236.207031,1064.924683,270.0001
LootedWorldX_ACTI.esp,06047991,000302DC,Empty_NukaColaMachine,ACTI,-3342.131348,34746.718750,1056.000000,2.8644
LootedWorldX_ACTI.esp,060569A6,000302DC,Empty_NukaColaMachine,ACTI,-2255.346191,37478.921875,3238.915771,179.8676
LootedWorldX_ACTI.esp,060569A1,0004763D,Empty_NukaColaMachineBroken,ACTI,-2346.831543,37475.539062,3238.915771,179.8676
LootedWorldX_ACTI.esp,0604124E,00074841,RadioStaticOff,ACTI,-22559.523438,5583.422852,834.063965,284.6044
LootedWorldX_ACTI.esp,0602B781,000302DC,Empty_NukaColaMachine,ACTI,-23828.939453,4930.676270,805.006958,182.7731
LootedWorldX_ACTI.esp,0603BCF1,000302DC,Empty_NukaColaMachine,ACTI,-17939.089844,2539.018555,1097.093750,11.5624
LootedWorldX_ACTI.esp,0603B10F,000302DC,Empty_NukaColaMachine,ACTI,-15085.431641,2949.444580,576.000061,221.9166
LootedWorldX_ACTI.esp,06047D9E,06043A94,DLC04LunchBoxKidsACT05,ACTI,-12791.227539,20090.837891,665.680298,176.4159
LootedWorldX_ACTI.esp,06044715,001C5E6F,Jukebox01,ACTI,-16348.571289,19039.929688,697.138245,90.0000
LootedWorldX_ACTI.esp,06047E9E,06043A91,DLC04LunchBoxKidsACT02,ACTI,-14035.560547,20820.031250,634.764343,0.3275
LootedWorldX_ACTI.esp,06050222,06043A92,DLC04LunchBoxKidsACT03,ACTI,-7650.484375,30945.369141,997.688110,170.9239
LootedWorldX_ACTI.esp,060253DC,000302DC,Empty_NukaColaMachine,ACTI,-482.844086,32416.601562,807.953369,90.0000
LootedWorldX_ACTI.esp,060253DB,0004763D,Empty_NukaColaMachineBroken,ACTI,-481.315796,32300.220703,807.953369,90.0000
LootedWorldX_ACTI.esp,06056D62,0004763D,Empty_NukaColaMachineBroken,ACTI,-54544.558594,6675.799316,7696.141602,0.4746
LootedWorldX_ACTI.esp,0602D5E6,000302DC,Empty_NukaColaMachine,ACTI,-41807.207031,4328.948730,2421.068359,266.6429
LootedWorldX_ACTI.esp,0604D072,06043A93,DLC04LunchBoxKidsACT04,ACTI,-38748.273438,26302.408203,3596.997559,194.2131
LootedWorldX_ACTI.esp,06042847,000302DC,Empty_NukaColaMachine,ACTI,3097.364990,-17938.787109,483.881500,273.4829
LootedWorldX_ACTI.esp,0602A07A,000302DC,Empty_NukaColaMachine,ACTI,1965.357544,-16593.867187,473.194977,37.2423
LootedWorldX_ACTI.esp,06043B39,06043B35,DLC04RadioRaiderStation,ACTI,2443.923096,-14453.765625,526.675049,175.2216
LootedWorldX_ACTI.esp,06042955,00082447,RadioDiamondCityReceiver,ACTI,2443.923096,-14453.765625,526.675049,175.2216
LootedWorldX_ACTI.esp,06043B3D,06043B35,DLC04RadioRaiderStation,ACTI,2048.985840,-6058.231445,498.487000,5.0531
LootedWorldX_ACTI.esp,060412EF,00082447,RadioDiamondCityReceiver,ACTI,2048.985840,-6058.231445,498.487000,5.0531
LootedWorldX_ACTI.esp,06042771,0019F4C6,PortADiner01Dirty,ACTI,5061.877930,-16827.412109,512.000000,30.0001
LootedWorldX_ACTI.esp,06056166,000302DC,Empty_NukaColaMachine,ACTI,4191.656250,-11614.821289,554.492493,268.6183
LootedWorldX_ACTI.esp,06021257,0024922B,LunchBoxKidsACT01,ACTI,9855.917969,-29929.070312,805.285156,342.8113
LootedWorldX_ACTI.esp,06047D9F,06043A92,DLC04LunchBoxKidsACT03,ACTI,10123.261719,-19048.468750,682.652893,172.6373
LootedWorldX_ACTI.esp,0602FC61,00074841,RadioStaticOff,ACTI,6033.646973,-41579.003906,1306.662720,71.4479
LootedWorldX_ACTI.esp,0602FC5F,00074841,RadioStaticOff,ACTI,5075.355469,-43610.992188,1094.548340,154.6986
LootedWorldX_ACTI.esp,060226F3,0019F4C6,PortADiner01Dirty,ACTI,7446.030762,-43780.531250,1322.492554,28.6478
LootedWorldX_ACTI.esp,06020BBA,000302DC,Empty_NukaColaMachine,ACTI,6780.391113,-44167.734375,1057.595703,68.3931
LootedWorldX_ACTI.esp,06047DA0,06043A8F,DLC04LunchBoxKidsACT01,ACTI,4945.195312,-32888.042969,904.312500,0.0000
LootedWorldX_ACTI.esp,0602DA91,000302DC,Empty_NukaColaMachine,ACTI,4555.205566,-33587.125000,896.000000,179.4267
LootedWorldX_ACTI.esp,06021284,00143AD1,RadioDiamondCityReceiverOff,ACTI,5569.960938,-33300.613281,570.422241,130.6350
LootedWorldX_ACTI.esp,06020B76,00143AD1,RadioDiamondCityReceiverOff,ACTI,8884.162109,-42252.609375,1270.053345,63.0189
LootedWorldX_ACTI.esp,0601ECA5,00143AD1,RadioDiamondCityReceiverOff,ACTI,38092.230469,41105.816406,3044.083008,0.0006
LootedWorldX_ACTI.esp,0604A820,06043A93,DLC04LunchBoxKidsACT04,ACTI,1928.723267,38779.304688,1116.071533,0.0000
LootedWorldX_ACTI.esp,0604A81F,06043A92,DLC04LunchBoxKidsACT03,ACTI,2048.649658,38775.121094,1115.818115,0.0000
LootedWorldX_ACTI.esp,0604A81E,06043A91,DLC04LunchBoxKidsACT02,ACTI,2403.439697,38827.667969,1111.999634,135.0000
LootedWorldX_ACTI.esp,0604A81D,0024922E,LunchBoxKidsACTAc,ACTI,2473.973389,38842.898438,1115.788818,180.0000
LootedWorldX_ACTI.esp,0604A81C,06043A8F,DLC04LunchBoxKidsACT01,ACTI,2823.758057,39387.816406,1125.014771,0.0000
LootedWorldX_ACTI.esp,0604A81B,06043A8F,DLC04LunchBoxKidsACT01,ACTI,2822.017822,39401.386719,1125.014771,325.6226
LootedWorldX_ACTI.esp,0604A81A,06043A8F,DLC04LunchBoxKidsACT01,ACTI,2819.930176,39424.539062,1125.014771,0.0000
LootedWorldX_ACTI.esp,060253DA,0004763D,Empty_NukaColaMachineBroken,ACTI,2871.689941,39180.601562,1052.749878,0.0000
LootedWorldX_ACTI.esp,06055BC1,06043A94,DLC04LunchBoxKidsACT05,ACTI,22273.199219,33413.414062,2353.789062,19.9430
LootedWorldX_ACTI.esp,06051A05,000302DC,Empty_NukaColaMachine,ACTI,29349.679687,43862.003906,1602.073242,182.8643
LootedWorldX_ACTI.esp,0604DED8,06043A92,DLC04LunchBoxKidsACT03,ACTI,32496.708984,45750.253906,2152.162598,331.3164
LootedWorldX_ACTI.esp,0602FBB9,001796A6,MonkeyTrapTrigger,ACTI,30393.134766,45737.527344,2123.428711,273.8846
LootedWorldX_ACTI.esp,060224A5,0024922B,LunchBoxKidsACT01,ACTI,32039.068359,51179.671875,2043.549316,349.2755
LootedWorldX_ACTI.esp,060315E7,0004763D,Empty_NukaColaMachineBroken,ACTI,6268.781738,11049.760742,416.547974,0.1825
LootedWorldX_ACTI.esp,0602865A,0004763D,Empty_NukaColaMachineBroken,ACTI,10426.591797,4907.044922,402.738617,90.0001
LootedWorldX_ACTI.esp,06038CD9,000302DC,Empty_NukaColaMachine,ACTI,14067.208984,7457.775879,776.216614,270.0000
LootedWorldX_ACTI.esp,06038D53,0004763D,Empty_NukaColaMachineBroken,ACTI,15981.925781,12322.099609,1096.821533,0.0000
LootedWorldX_ACTI.esp,06055254,00082447,RadioDiamondCityReceiver,ACTI,14560.826172,26559.910156,2584.000000,57.8688
LootedWorldX_ACTI.esp,06048D2B,000302DC,Empty_NukaColaMachine,ACTI,15525.040039,27803.097656,1688.060303,178.3319
LootedWorldX_ACTI.esp,06028E8C,0024922B,LunchBoxKidsACT01,ACTI,16973.953125,29031.804687,875.687317,147.8763
LootedWorldX_ACTI.esp,06055EE7,0014BED3,TrapCymbalMonkey02,ACTI,14280.400391,15546.268555,1627.567627,84.7978
LootedWorldX_ACTI.esp,06055BA3,0024626E,WorkshopEatOTronic01Dirty,ACTI,22279.568359,31824.669922,1052.598145,90.0000
LootedWorldX_ACTI.esp,06042772,0019F4C7,PortADiner01DirtyDoor,CONT,5061.877930,-16827.412109,512.000000,30.0001
LootedWorldX_ACTI.esp,0602FBBA,00142F88,TrapCymbalMonkey,ACTI,30402.962891,45864.425781,2043.234131,183.8846
LootedWorldX_ACTI.esp,0602DCC3,00142F88,TrapCymbalMonkey,ACTI,390.647156,-32315.638672,1214.017822,188.2166
LootedWorldX_ACTI.esp,060226F4,0019F4C7,PortADiner01DirtyDoor,CONT,7446.030762,-43780.531250,1322.492554,28.6478
LootedWorldX_ACTI.esp,06021C6E,0019F4C7,PortADiner01DirtyDoor,CONT,-33069.199219,-16319.225586,1079.149048,237.3650
LootedWorldX_ACTI.esp,0304FAAE,000302DC,Empty_NukaColaMachine,ACTI,-11139.691406,-23754.265625,615.828430,1.8643
LootedWorldX_ACTI.esp,03056945,00082447,RadioDiamondCityReceiver,ACTI,-2480.862793,-14375.652344,3672.412598,0.0000
LootedWorldX_ACTI.esp,03037DF1,00249238,LunchBoxKidsACTJu,ACTI,-17166.857422,-50698.210938,854.147888,143.3235
LootedWorldX_ACTI.esp,03027F9D,000CA89D,RadioInstituteReceiver,ACTI,-3637.081055,-62267.675781,2175.648438,172.4603
LootedWorldX_ACTI.esp,03039E5B,00074841,RadioStaticOff,ACTI,-35405.597656,-32256.394531,574.022461,0.0000
LootedWorldX_ACTI.esp,0300F52C,0024922B,LunchBoxKidsACT01,ACTI,-51357.406250,-61633.417969,-355.977020,345.4837
LootedWorldX_ACTI.esp,0300F52B,0024923C,LunchBoxKidsACTZan,ACTI,-51361.535156,-61623.328125,-352.062805,359.9147
LootedWorldX_ACTI.esp,0301A76F,000B9807,RadioStatic,ACTI,-8349.639648,37192.660156,1021.949707,272.6239
LootedWorldX_ACTI.esp,030376F6,0300A2BF,DLC03_VimColaMachine,ACTI,-22448.326172,5681.181152,782.996460,124.1136
LootedWorldX_ACTI.esp,0304FAB6,000302DC,Empty_NukaColaMachine,ACTI,-24189.205078,10940.621094,679.382141,270.1029
LootedWorldX_ACTI.esp,0302BFDA,0300A2BF,DLC03_VimColaMachine,ACTI,-20980.558594,8501.226562,724.923706,8.5944
LootedWorldX_ACTI.esp,030342A1,0300A2BF,DLC03_VimColaMachine,ACTI,-4276.973145,23615.085938,933.665405,0.0000
LootedWorldX_ACTI.esp,0303425F,0024922B,LunchBoxKidsACT01,ACTI,-6411.082031,20910.996094,1427.310913,182.9112
LootedWorldX_ACTI.esp,0302C845,001796A6,MonkeyTrapTrigger,ACTI,-6862.354492,20588.121094,1009.766235,90.0000
LootedWorldX_ACTI.esp,03020D49,0019F4C6,PortADiner01Dirty,ACTI,-6657.729004,20606.599609,933.194092,88.8084
LootedWorldX_ACTI.esp,03004A65,000302DC,Empty_NukaColaMachine,ACTI,-6635.237305,20762.464844,932.961426,90.0000
LootedWorldX_ACTI.esp,03020CE6,0004763D,Empty_NukaColaMachineBroken,ACTI,-6391.584473,25355.957031,959.999878,88.8084
LootedWorldX_ACTI.esp,03020CE4,0004763D,Empty_NukaColaMachineBroken,ACTI,-6395.305664,25450.785156,959.999878,88.8084
LootedWorldX_ACTI.esp,0301A4EA,0024922D,LunchBoxKidsACTZi,ACTI,-39627.542969,43436.363281,566.592346,50.4197
LootedWorldX_ACTI.esp,0301A575,00143AD1,RadioDiamondCityReceiverOff,ACTI,-35727.632812,38234.304688,632.652832,0.0000
LootedWorldX_ACTI.esp,03024479,00074841,RadioStaticOff,ACTI,-46908.363281,6401.355957,1568.711060,82.0700
LootedWorldX_ACTI.esp,03022BD0,0014507B,RadioInstituteReceiverOff,ACTI,-39236.812500,18576.156250,846.030334,0.0000
LootedWorldX_ACTI.esp,030492A9,000302DC,Empty_NukaColaMachine,ACTI,67755.796875,-11562.166992,464.781372,34.4917
LootedWorldX_ACTI.esp,0304045A,000302DC,Empty_NukaColaMachine,ACTI,67146.742187,-9077.846680,1508.348511,126.6231
LootedWorldX_ACTI.esp,03046639,0024922B,LunchBoxKidsACT01,ACTI,66649.351562,-14173.599609,653.054810,28.6479
LootedWorldX_ACTI.esp,03021463,000302DC,Empty_NukaColaMachine,ACTI,38339.007812,-24818.767578,1482.868164,323.2441
LootedWorldX_ACTI.esp,0300B578,000302DC,Empty_NukaColaMachine,ACTI,40862.445312,-22639.623047,1482.867920,235.3817
LootedWorldX_ACTI.esp,0300B57B,0019C937,EatOTronic01Dirty,ACTI,41204.832031,-22886.498047,1478.769897,322.9864
LootedWorldX_ACTI.esp,03027569,0024922B,LunchBoxKidsACT01,ACTI,60472.613281,-4910.920410,580.287476,224.1633
LootedWorldX_ACTI.esp,0300D7B8,000B9807,RadioStatic,ACTI,39369.886719,-38246.160156,506.409546,272.2952
LootedWorldX_ACTI.esp,0302821A,001C5E6F,Jukebox01,ACTI,14027.622070,-23692.060547,1046.822021,47.9790
LootedWorldX_ACTI.esp,0302CA05,0019C937,EatOTronic01Dirty,ACTI,22129.078125,-18157.007812,1183.999878,64.1087
LootedWorldX_ACTI.esp,0302CA04,0300A2BF,DLC03_VimColaMachine,ACTI,22802.792969,-17620.117188,1180.157959,245.6949
LootedWorldX_ACTI.esp,0302CA03,0300A2BF,DLC03_VimColaMachine,ACTI,27429.517578,-21723.986328,857.108582,25.7833
LootedWorldX_ACTI.esp,0302CA02,0300A2BF,DLC03_VimColaMachine,ACTI,24617.906250,-22291.261719,860.157959,79.9276
LootedWorldX_ACTI.esp,0304A332,0300A2BF,DLC03_VimColaMachine,ACTI,10149.527344,-47493.246094,894.170837,322.4999
LootedWorldX_ACTI.esp,03043C39,00249231,LunchBoxKidsACTBe,ACTI,782.104492,-44773.066406,1361.954224,342.5072
LootedWorldX_ACTI.esp,03029A18,0300A2BF,DLC03_VimColaMachine,ACTI,35246.433594,42770.234375,758.452759,311.8716
LootedWorldX_ACTI.esp,03011CA6,0019C937,EatOTronic01Dirty,ACTI,42208.121094,38513.253906,457.706909,98.5487
LootedWorldX_ACTI.esp,03029A17,0300A2BF,DLC03_VimColaMachine,ACTI,56339.859375,35078.636719,800.000000,324.1902
LootedWorldX_ACTI.esp,0301B1EB,00143AD1,RadioDiamondCityReceiverOff,ACTI,55020.562500,34545.140625,928.326599,38.0326
LootedWorldX_ACTI.esp,030050D6,0019C937,EatOTronic01Dirty,ACTI,46299.574219,31179.091797,854.830444,182.6260
LootedWorldX_ACTI.esp,030500AD,0024922B,LunchBoxKidsACT01,ACTI,52592.863281,27229.978516,835.581177,351.9613
LootedWorldX_ACTI.esp,0304A60C,0024922B,LunchBoxKidsACT01,ACTI,55895.492187,14511.757812,1990.267822,183.6087
LootedWorldX_ACTI.esp,0304A5E6,0024922B,LunchBoxKidsACT01,ACTI,53890.390625,17938.128906,1821.164429,271.1915
LootedWorldX_ACTI.esp,03023584,0019C937,EatOTronic01Dirty,ACTI,55682.171875,21041.664062,1483.960327,178.5803
LootedWorldX_ACTI.esp,0302327D,000302DC,Empty_NukaColaMachine,ACTI,54747.812500,28233.857422,675.933716,91.6732
LootedWorldX_ACTI.esp,0302F92D,0300A2BF,DLC03_VimColaMachine,ACTI,8450.190430,44569.843750,1536.000000,181.8096
LootedWorldX_ACTI.esp,0301041B,000302DC,Empty_NukaColaMachine,ACTI,15566.905273,33349.242187,2048.000000,90.2117
LootedWorldX_ACTI.esp,03008CDF,0300A2BF,DLC03_VimColaMachine,ACTI,25703.732422,47192.546875,1248.154785,129.0112
LootedWorldX_ACTI.esp,03032F80,001C5E6F,Jukebox01,ACTI,30890.683594,36167.621094,2704.086426,315.0002
LootedWorldX_ACTI.esp,03022688,0024922B,LunchBoxKidsACT01,ACTI,31765.748047,33210.578125,3121.083252,339.9465
LootedWorldX_ACTI.esp,030335D6,0300A2BF,DLC03_VimColaMachine,ACTI,5244.333496,30770.125000,1144.933472,136.3060
LootedWorldX_ACTI.esp,0302C846,00142F88,TrapCymbalMonkey,ACTI,-6892.733398,20327.154297,1010.705078,0.0000
LootedWorldX_ACTI.esp,03020D4A,0019F4C7,PortADiner01DirtyDoor,CONT,-6657.729004,20606.599609,933.194092,88.8084
LootedWorldX_ACTI.esp,0008282B,00143AD1,RadioDiamondCityReceiverOff,ACTI,-765.965210,-1716.035522,386.500000,63.5983
LootedWorldX_ACTI.esp,000ECA04,000EDCE0,MS10RadioStatic,ACTI,3340.435303,3465.237549,-1479.000000,72.5582
LootedWorldX_ACTI.esp,001AE81D,000B9807,RadioStatic,ACTI,-24536.326172,-32439.658203,2744.947998,0.0000
LootedWorldX_ACTI.esp,00230FA0,00143AD1,RadioDiamondCityReceiverOff,ACTI,-12636.418945,-31204.767578,1869.441772,0.1539
LootedWorldX_ACTI.esp,0017B489,001796A6,MonkeyTrapTrigger,ACTI,-30464.333984,-27546.722656,1007.900024,276.3938
LootedWorldX_ACTI.esp,00101009,00143AD1,RadioDiamondCityReceiverOff,ACTI,-30386.910156,-27131.968750,894.225586,272.8581
LootedWorldX_ACTI.esp,001B1352,000B9807,RadioStatic,ACTI,-8778.016602,-26380.039062,1416.412476,236.8141
LootedWorldX_ACTI.esp,001B6087,0019C937,EatOTronic01Dirty,ACTI,-25621.472656,-20632.912109,1003.846619,167.1085
LootedWorldX_ACTI.esp,00238A2B,0024923C,LunchBoxKidsACTZan,ACTI,-19509.830078,-22852.962891,1440.327026,291.2451
LootedWorldX_ACTI.esp,0022F6E1,00143AD1,RadioDiamondCityReceiverOff,ACTI,-19975.650391,-21295.216797,1690.441895,199.3893
LootedWorldX_ACTI.esp,0022F6E0,00143AD1,RadioDiamondCityReceiverOff,ACTI,-17499.289062,-23333.757812,1370.047729,270.0000
LootedWorldX_ACTI.esp,000B29D7,00082447,RadioDiamondCityReceiver,ACTI,-908.942810,-20640.498047,1367.917480,1.3931
LootedWorldX_ACTI.esp,0022F6F9,00249230,LunchBoxKidsACTAn,ACTI,-13898.962891,-18796.103516,1113.649170,5.2577
LootedWorldX_ACTI.esp,001B372D,0019C937,EatOTronic01Dirty,ACTI,-13251.560547,-18499.146484,875.296448,339.9466
LootedWorldX_ACTI.esp,001B372C,000302DC,Empty_NukaColaMachine,ACTI,-14322.910156,-18697.400391,866.594360,260.1059
LootedWorldX_ACTI.esp,001B61BE,000302DC,Empty_NukaColaMachine,ACTI,-7732.156738,-16959.552734,1110.051392,344.4845
LootedWorldX_ACTI.esp,0020D567,000302DC,Empty_NukaColaMachine,ACTI,-1488.745728,-18063.861328,1166.596069,181.5288
LootedWorldX_ACTI.esp,00238A29,00249234,LunchBoxKidsACTDon,ACTI,-13832.375000,-13710.325195,732.682129,355.6198
LootedWorldX_ACTI.esp,001B6236,000302DC,Empty_NukaColaMachine,ACTI,-8354.863281,-15618.864258,788.764771,261.1648
LootedWorldX_ACTI.esp,0020CABF,000302DC,Empty_NukaColaMachine,ACTI,-4192.421387,-14550.061523,936.671814,181.5288
LootedWorldX_ACTI.esp,00179137,00082447,RadioDiamondCityReceiver,ACTI,-18903.306641,-10208.922852,573.795776,45.5045
LootedWorldX_ACTI.esp,002392FA,00249235,LunchBoxKidsACTGre,ACTI,-22271.167969,-2567.678467,985.716248,37.0572
LootedWorldX_ACTI.esp,0021FC00,00249233,LunchBoxKidsACTCon,ACTI,-728.255188,-615.220886,1338.473511,31.6765
LootedWorldX_ACTI.esp,001DFA28,000302DC,Empty_NukaColaMachine,ACTI,-11367.305664,-63226.503906,1384.120605,227.3603
LootedWorldX_ACTI.esp,000BA10D,000302DC,Empty_NukaColaMachine,ACTI,-7347.731934,-62102.000000,1311.922729,341.3787
LootedWorldX_ACTI.esp,001F3687,000302DC,Empty_NukaColaMachine,ACTI,-13366.154297,-59424.695312,1890.446777,219.4888
LootedWorldX_ACTI.esp,0020DFC3,001796A6,MonkeyTrapTrigger,ACTI,-10022.021484,-57613.371094,1202.133545,271.1913
LootedWorldX_ACTI.esp,0020DFC1,001796A6,MonkeyTrapTrigger,ACTI,-10022.021484,-57613.371094,1202.133545,271.1913
LootedWorldX_ACTI.esp,0020DFBF,001796A6,MonkeyTrapTrigger,ACTI,-10022.021484,-57613.371094,1202.133545,271.1913
LootedWorldX_ACTI.esp,0020DFBD,001796A6,MonkeyTrapTrigger,ACTI,-10022.021484,-57613.371094,1202.133545,271.1913
LootedWorldX_ACTI.esp,0020DFBB,001796A6,MonkeyTrapTrigger,ACTI,-10022.021484,-57613.371094,1202.133545,271.1913
LootedWorldX_ACTI.esp,0020DFB9,001796A6,MonkeyTrapTrigger,ACTI,-10022.021484,-57613.371094,1202.133545,271.1913
LootedWorldX_ACTI.esp,001D3CD1,000302DC,Empty_NukaColaMachine,ACTI,-2883.734375,-59851.597656,1256.300781,85.0842
LootedWorldX_ACTI.esp,0023FA5F,0024922C,LunchBoxKidsACTSi,ACTI,-28241.984375,-52952.824219,2239.898438,102.8283
LootedWorldX_ACTI.esp,001828E8,001796A6,MonkeyTrapTrigger,ACTI,-17454.888672,-50631.757812,2393.135986,15.5153
LootedWorldX_ACTI.esp,001E1F15,000CA89D,RadioInstituteReceiver,ACTI,-18578.912109,-46582.558594,2912.636475,263.7431
LootedWorldX_ACTI.esp,001AE7DE,000302DC,Empty_NukaColaMachine,ACTI,-22544.744141,-34750.992188,1881.096436,248.2733
LootedWorldX_ACTI.esp,001AE6F0,0019C937,EatOTronic01Dirty,ACTI,-16943.187500,-36793.546875,1757.363037,86.0002
LootedWorldX_ACTI.esp,001AE08F,000302DC,Empty_NukaColaMachine,ACTI,-13020.559570,-33448.402344,1552.152100,87.7458
LootedWorldX_ACTI.esp,0022D081,0004763D,Empty_NukaColaMachineBroken,ACTI,-2688.290039,-34725.039062,1328.442627,101.9865
LootedWorldX_ACTI.esp,0002FF2F,000302DC,Empty_NukaColaMachine,ACTI,-29719.843750,-83032.132812,1888.000000,2.8648
LootedWorldX_ACTI.esp,001A8E4D,00082447,RadioDiamondCityReceiver,ACTI,-30595.832031,-81723.382812,2228.692627,140.0507
LootedWorldX_ACTI.esp,0011F6FC,00082447,RadioDiamondCityReceiver,ACTI,-27445.759766,-73902.492188,1347.288330,177.7081
LootedWorldX_ACTI.esp,001E639F,000302DC,Empty_NukaColaMachine,ACTI,-36141.320312,-15039.791992,1466.018677,86.3441
LootedWorldX_ACTI.esp,000E5A45,00082447,RadioDiamondCityReceiver,ACTI,-61894.437500,-3278.264893,744.505371,160.4281
LootedWorldX_ACTI.esp,0008FD53,001642EE,RadioFreedomReceiver,ACTI,-33542.613281,-62915.699219,1457.156128,300.9853
LootedWorldX_ACTI.esp,001C9652,00082447,RadioDiamondCityReceiver,ACTI,-39313.324219,-56519.492187,1772.106079,45.8367
LootedWorldX_ACTI.esp,0008EF42,0007484B,RadioPreWar,ACTI,-35725.054688,-52097.906250,1894.222534,256.8675
LootedWorldX_ACTI.esp,0008EE33,000302DC,Empty_NukaColaMachine,ACTI,-33334.542969,-52236.902344,1976.790039,240.0000
LootedWorldX_ACTI.esp,001CF721,0004763D,Empty_NukaColaMachineBroken,ACTI,-56977.347656,-47790.667969,2303.388184,172.6427
LootedWorldX_ACTI.esp,001C4B65,00143AD1,RadioDiamondCityReceiverOff,ACTI,-46203.882812,-43954.449219,1387.820923,0.1386
LootedWorldX_ACTI.esp,000FE286,000302DC,Empty_NukaColaMachine,ACTI,-49705.738281,-70380.312500,2340.439697,173.7887
LootedWorldX_ACTI.esp,00239E99,00249237,LunchBoxKidsACTJac,ACTI,-35243.996094,-71257.929688,1980.615356,63.6135
LootedWorldX_ACTI.esp,001A6211,001796A6,MonkeyTrapTrigger,ACTI,-87978.796875,-12435.729492,5812.000000,357.1349
LootedWorldX_ACTI.esp,0023E577,00249232,LunchBoxKidsACTCo,ACTI,-89152.273438,-8930.088867,6132.303711,0.0000
LootedWorldX_ACTI.esp,00218D7A,000302DC,Empty_NukaColaMachine,ACTI,-86634.718750,-10172.013672,5760.000000,309.8662
LootedWorldX_ACTI.esp,001A5BE8,00143AD1,RadioDiamondCityReceiverOff,ACTI,-84814.734375,-3867.853271,6254.421387,74.7710
LootedWorldX_ACTI.esp,001CC47B,00142F88,TrapCymbalMonkey,ACTI,-76262.062500,-2021.332397,4236.454102,134.5413
LootedWorldX_ACTI.esp,001CC47A,00142F88,TrapCymbalMonkey,ACTI,-76136.765625,-2054.886719,4236.454102,281.9632
LootedWorldX_ACTI.esp,001CC479,00142F88,TrapCymbalMonkey,ACTI,-76189.070312,-2008.651733,4236.454102,193.8423
LootedWorldX_ACTI.esp,0023266B,00143AD1,RadioDiamondCityReceiverOff,ACTI,-89980.703125,-45360.765625,2840.177490,180.0000
LootedWorldX_ACTI.esp,0023235C,00143AD1,RadioDiamondCityReceiverOff,ACTI,-84415.445312,-48077.593750,2744.285156,135.0000
LootedWorldX_ACTI.esp,000C77AC,0004763D,Empty_NukaColaMachineBroken,ACTI,-89232.125000,-42831.078125,2840.587891,204.9466
LootedWorldX_ACTI.esp,0023260A,00249235,LunchBoxKidsACTGre,ACTI,-85584.570312,-44722.585938,2922.604004,280.9303
LootedWorldX_ACTI.esp,00232609,00143AD1,RadioDiamondCityReceiverOff,ACTI,-85427.054688,-44648.007812,2990.113037,0.0000
LootedWorldX_ACTI.esp,0004D3E3,00082447,RadioDiamondCityReceiver,ACTI,-79411.242188,-39213.085938,1944.732544,153.9757
LootedWorldX_ACTI.esp,001C64CB,000302DC,Empty_NukaColaMachine,ACTI,-69237.781250,-33422.093750,5360.000000,85.9432
LootedWorldX_ACTI.esp,001C64C3,000302DC,Empty_NukaColaMachine,ACTI,-69319.031250,-33532.785156,5360.000000,85.9432
LootedWorldX_ACTI.esp,001C64C2,0004763D,Empty_NukaColaMachineBroken,ACTI,-69230.179688,-33527.511719,5360.000000,85.9432
LootedWorldX_ACTI.esp,0018FD68,00143AD1,RadioDiamondCityReceiverOff,ACTI,-94860.351562,-95182.093750,5696.910645,61.2645
LootedWorldX_ACTI.esp,001D5FBA,00082447,RadioDiamondCityReceiver,ACTI,-17965.587891,74780.750000,4325.042480,279.7794
LootedWorldX_ACTI.esp,00238C19,00249230,LunchBoxKidsACTAn,ACTI,-16841.718750,95855.859375,3938.600586,357.5854
LootedWorldX_ACTI.esp,0024058E,0024922E,LunchBoxKidsACTAc,ACTI,-31879.316406,37809.546875,3508.903320,11.3740
LootedWorldX_ACTI.esp,000995BF,000302DC,Empty_NukaColaMachine,ACTI,-24731.394531,47078.839844,3026.870605,87.1351
LootedWorldX_ACTI.esp,001BCEC7,000CA89D,RadioInstituteReceiver,ACTI,-5526.561523,48539.957031,1300.335693,291.2451
LootedWorldX_ACTI.esp,001BCEC6,001B2370,RadioDiamondCityReceiverNew,ACTI,-5767.770020,46690.945312,1155.878418,165.0692
LootedWorldX_ACTI.esp,001E434D,001642EE,RadioFreedomReceiver,ACTI,-26926.859375,61109.019531,3467.052246,276.6117
LootedWorldX_ACTI.esp,001E433C,000CA89D,RadioInstituteReceiver,ACTI,-26893.164062,61068.289062,3444.441650,214.5497
LootedWorldX_ACTI.esp,001E433B,00082447,RadioDiamondCityReceiver,ACTI,-26912.179687,61157.894531,3445.178955,282.3413
LootedWorldX_ACTI.esp,00223C67,0004763D,Empty_NukaColaMachineBroken,ACTI,-22398.058594,60023.367187,2075.335693,333.6440
LootedWorldX_ACTI.esp,0023995F,0024923C,LunchBoxKidsACTZan,ACTI,-25388.429688,1662.821655,1005.153992,359.9732
LootedWorldX_ACTI.esp,00238A2F,00249237,LunchBoxKidsACTJac,ACTI,-27341.132812,2070.319580,1072.415771,148.0056
LootedWorldX_ACTI.esp,001729B0,0007484B,RadioPreWar,ACTI,-23473.376953,6188.241211,1915.753418,0.0000
LootedWorldX_ACTI.esp,000BD149,000302DC,Empty_NukaColaMachine,ACTI,-24076.802734,6428.640137,1393.504883,329.0597
LootedWorldX_ACTI.esp,000BB040,000302DC,Empty_NukaColaMachine,ACTI,-24059.595703,10810.935547,1169.764893,8.0209
LootedWorldX_ACTI.esp,000BF8AC,0019C937,EatOTronic01Dirty,ACTI,-13098.054687,9257.516602,1593.960449,263.9779
LootedWorldX_ACTI.esp,002251D4,000302DC,Empty_NukaColaMachine,ACTI,-10780.540039,10572.464844,1581.360840,10.9717
LootedWorldX_ACTI.esp,000C06BD,001796A6,MonkeyTrapTrigger,ACTI,-6271.013184,8459.893555,1807.977295,188.5030
LootedWorldX_ACTI.esp,0023C13A,000302DC,Empty_NukaColaMachine,ACTI,-32257.189453,15842.274414,2017.075684,155.8445
LootedWorldX_ACTI.esp,0023C1A6,0024923C,LunchBoxKidsACTZan,ACTI,-26386.000000,12607.383789,2079.818115,359.9937
LootedWorldX_ACTI.esp,0023C1A5,00249238,LunchBoxKidsACTJu,ACTI,-26433.210937,12571.025391,2079.822754,180.0398
LootedWorldX_ACTI.esp,00107836,00143AD1,RadioDiamondCityReceiverOff,ACTI,-28502.373047,15872.660156,2276.035645,280.7493
LootedWorldX_ACTI.esp,0023C14D,000302DC,Empty_NukaColaMachine,ACTI,-30966.824219,17572.078125,2036.936035,94.5863
LootedWorldX_ACTI.esp,000BAD26,00082447,RadioDiamondCityReceiver,ACTI,-25409.882812,18814.597656,2551.190430,43.4992
LootedWorldX_ACTI.esp,000866D6,000302DC,Empty_NukaColaMachine,ACTI,-23979.826172,19514.390625,2036.731079,173.9325
LootedWorldX_ACTI.esp,000394A3,000302DC,Empty_NukaColaMachine,ACTI,-58149.296875,75800.921875,6194.535156,264.7591
LootedWorldX_ACTI.esp,00035D42,000302DC,Empty_NukaColaMachine,ACTI,-59832.519531,74018.289062,6192.932617,135.0000
LootedWorldX_ACTI.esp,00096121,00143AD1,RadioDiamondCityReceiverOff,ACTI,-46582.488281,84189.687500,628.216919,51.5662
LootedWorldX_ACTI.esp,00094A41,00143AD1,RadioDiamondCityReceiverOff,ACTI,-44739.566406,85566.531250,655.706604,228.2197
LootedWorldX_ACTI.esp,0013B310,00143AD1,RadioDiamondCityReceiverOff,ACTI,-44071.652344,36535.878906,5616.351074,83.9037
LootedWorldX_ACTI.esp,001D8884,00082447,RadioDiamondCityReceiver,ACTI,-63375.253906,39761.375000,4967.878906,57.2958
LootedWorldX_ACTI.esp,001C2950,0019F4C6,PortADiner01Dirty,ACTI,-37261.601562,44987.578125,3235.473389,327.8925
LootedWorldX_ACTI.esp,001E98C5,0019C937,EatOTronic01Dirty,ACTI,-51881.375000,51631.445312,4570.744629,39.4053
LootedWorldX_ACTI.esp,001E98BD,0019F4C6,PortADiner01Dirty,ACTI,-51977.210937,51375.250000,4612.867676,188.1127
LootedWorldX_ACTI.esp,001E98BB,000302DC,Empty_NukaColaMachine,ACTI,-52019.757812,51227.953125,4621.465332,297.4055
LootedWorldX_ACTI.esp,0003AF74,00143AD1,RadioDiamondCityReceiverOff,ACTI,-50342.613281,54562.863281,4765.715820,222.4902
LootedWorldX_ACTI.esp,000A0E66,00082447,RadioDiamondCityReceiver,ACTI,-38208.667969,59978.136719,3984.756348,349.1137
LootedWorldX_ACTI.esp,0015B7A5,00143AD1,RadioDiamondCityReceiverOff,ACTI,-53741.433594,15938.810547,2609.917236,188.8345
LootedWorldX_ACTI.esp,001FDE48,0019F4C6,PortADiner01Dirty,ACTI,-42291.941406,12985.406250,1040.000000,186.6231
LootedWorldX_ACTI.esp,0015B789,00143AD1,RadioDiamondCityReceiverOff,ACTI,-52913.148437,17196.378906,2467.521240,321.8071
LootedWorldX_ACTI.esp,0018759A,001796A6,MonkeyTrapTrigger,ACTI,-55831.996094,28163.318359,5188.422852,256.8673
LootedWorldX_ACTI.esp,000D87E8,000302DC,Empty_NukaColaMachine,ACTI,-46714.546875,26797.019531,4842.114746,91.6731
LootedWorldX_ACTI.esp,001E09A5,00082447,RadioDiamondCityReceiver,ACTI,-50322.296875,30221.753906,5027.877930,57.2958
LootedWorldX_ACTI.esp,00152DB6,0024626E,WorkshopEatOTronic01Dirty,ACTI,-69810.835938,79807.593750,7479.379395,45.0000
LootedWorldX_ACTI.esp,00082448,000CA89D,RadioInstituteReceiver,ACTI,-70171.382812,80030.359375,7415.054687,0.2408
LootedWorldX_ACTI.esp,0003B556,000302DC,Empty_NukaColaMachine,ACTI,-69502.632812,79204.820312,7356.761719,315.0000
LootedWorldX_ACTI.esp,000B0D3E,00143AD1,RadioDiamondCityReceiverOff,ACTI,-78351.078125,85762.593750,7672.926758,239.6789
LootedWorldX_ACTI.esp,0005E2BA,0022C66B,WorkshopTelevision01,ACTI,-82285.296875,86211.101562,7710.224121,0.0002
LootedWorldX_ACTI.esp,000AEEAD,00143AD1,RadioDiamondCityReceiverOff,ACTI,-81413.578125,89913.250000,7872.695312,73.5212
LootedWorldX_ACTI.esp,000AED89,00143AD1,RadioDiamondCityReceiverOff,ACTI,-79171.531250,89230.015625,7870.160156,240.6423
LootedWorldX_ACTI.esp,0005E273,0022C66B,WorkshopTelevision01,ACTI,-78905.000000,86151.726562,7600.306641,284.9498
LootedWorldX_ACTI.esp,000AEDD9,00143AD1,RadioDiamondCityReceiverOff,ACTI,-76285.476562,88840.101562,7898.160156,0.0000
LootedWorldX_ACTI.esp,000AED9C,0022C66F,WorkshopTelevision01Table,ACTI,-76031.960938,88567.414062,7891.285156,110.2944
LootedWorldX_ACTI.esp,0005E239,0022C66B,WorkshopTelevision01,ACTI,-76519.671875,89516.468750,7823.722168,51.0002
LootedWorldX_ACTI.esp,000B0CEE,00143AD1,RadioDiamondCityReceiverOff,ACTI,-78106.148438,92697.453125,7910.746582,241.0865
LootedWorldX_ACTI.esp,0005C6E0,0022C66B,WorkshopTelevision01,ACTI,-79816.773438,91303.976562,7856.481445,62.4594
LootedWorldX_ACTI.esp,000AEE54,00143AD1,RadioDiamondCityReceiverOff,ACTI,-75415.609375,92792.945312,7882.510742,57.2958
LootedWorldX_ACTI.esp,0005DC7F,0022C66B,WorkshopTelevision01,ACTI,-76683.515625,92679.562500,7834.028320,256.8677
LootedWorldX_ACTI.esp,001875BA,001796A6,MonkeyTrapTrigger,ACTI,-73626.789062,42162.011719,4415.931641,63.0254
LootedWorldX_ACTI.esp,0009300F,00143AD1,RadioDiamondCityReceiverOff,ACTI,-86306.039062,63385.613281,7153.410645,256.8677
LootedWorldX_ACTI.esp,000F4A4C,00082447,RadioDiamondCityReceiver,ACTI,-85771.117188,64363.210937,7215.000000,225.0000
LootedWorldX_ACTI.esp,00092FCD,00143AD1,RadioDiamondCityReceiverOff,ACTI,-85924.906250,65177.183594,7587.807617,308.4339
LootedWorldX_ACTI.esp,001DE76D,000302DC,Empty_NukaColaMachine,ACTI,-79255.554688,16857.591797,3573.269287,354.7980
LootedWorldX_ACTI.esp,001E807B,00082447,RadioDiamondCityReceiver,ACTI,-74079.296875,23946.564453,4643.758301,38.3882
LootedWorldX_ACTI.esp,06023DDF,0024922B,LunchBoxKidsACT01,ACTI,-113206.437500,19368.955078,7008.655762,179.9882
LootedWorldX_ACTI.esp,06023B8E,000302DC,Empty_NukaColaMachine,ACTI,-112242.500000,18721.552734,6940.221191,188.5027
LootedWorldX_ACTI.esp,0600ABAF,0004763D,Empty_NukaColaMachineBroken,ACTI,-112118.953125,18699.269531,6977.592285,96.8057
LootedWorldX_ACTI.esp,00217507,0019F4C6,PortADiner01Dirty,ACTI,87887.656250,-24789.607422,488.516388,103.8109
LootedWorldX_ACTI.esp,00217505,000302DC,Empty_NukaColaMachine,ACTI,86742.609375,-24555.455078,559.049866,188.9861
LootedWorldX_ACTI.esp,0022C417,00249231,LunchBoxKidsACTBe,ACTI,88925.070312,-6037.662109,-6127.502930,224.1634
LootedWorldX_ACTI.esp,00217519,00082447,RadioDiamondCityReceiver,ACTI,73740.320312,-79982.859375,525.799438,121.9944
LootedWorldX_ACTI.esp,000D04CD,00143AD1,RadioDiamondCityReceiverOff,ACTI,70118.101562,-70802.273438,-369.570374,74.4845
LootedWorldX_ACTI.esp,001FAE4C,000302DC,Empty_NukaColaMachine,ACTI,32974.843750,-21068.011719,593.473022,100.1689
LootedWorldX_ACTI.esp,001842FE,0003949B,MilkVendingMachine,ACTI,50175.640625,-9997.595703,576.000122,224.7813
LootedWorldX_ACTI.esp,001842FD,000302DC,Empty_NukaColaMachine,ACTI,50256.257812,-9930.117188,576.000122,134.0518
LootedWorldX_ACTI.esp,00130629,000302DC,Empty_NukaColaMachine,ACTI,51429.664062,-10483.171875,960.000000,225.3346
LootedWorldX_ACTI.esp,00130628,000302DC,Empty_NukaColaMachine,ACTI,52744.003906,-9166.832031,960.000000,43.5245
LootedWorldX_ACTI.esp,0012FD75,000302DC,Empty_NukaColaMachine,ACTI,50772.253906,-8851.884766,960.000061,317.9715
LootedWorldX_ACTI.esp,0012FD1E,0003949B,MilkVendingMachine,ACTI,49521.730469,-8571.641602,960.000000,315.8818
LootedWorldX_ACTI.esp,0012FD1D,000302DC,Empty_NukaColaMachine,ACTI,49597.675781,-8659.425781,960.000000,225.7253
LootedWorldX_ACTI.esp,0012DCD4,0003949B,MilkVendingMachine,ACTI,51224.816406,-8377.253906,576.000000,44.6905
LootedWorldX_ACTI.esp,0012DCB0,000302DC,Empty_NukaColaMachine,ACTI,51144.285156,-8444.861328,576.000000,313.9610
LootedWorldX_ACTI.esp,001F8F9A,000302DC,Empty_NukaColaMachine,ACTI,36530.554688,-7699.176270,471.194824,268.6184
LootedWorldX_ACTI.esp,001BED6D,000302DC,Empty_NukaColaMachine,ACTI,47885.144531,-5017.559570,960.000000,126.0304
LootedWorldX_ACTI.esp,001BED6C,000302DC,Empty_NukaColaMachine,ACTI,47610.230469,-4109.036133,1002.094299,90.0000
LootedWorldX_ACTI.esp,001843B1,0003949B,MilkVendingMachine,ACTI,48469.882812,-6491.619629,576.000000,316.4548
LootedWorldX_ACTI.esp,001843B0,000302DC,Empty_NukaColaMachine,ACTI,48534.976562,-6574.201660,576.000000,225.7253
LootedWorldX_ACTI.esp,00183F53,000302DC,Empty_NukaColaMachine,ACTI,47378.183594,-4260.358398,576.000000,315.1069
LootedWorldX_ACTI.esp,001841BD,0003949B,MilkVendingMachine,ACTI,50969.933594,-7902.513672,576.000000,316.4548
LootedWorldX_ACTI.esp,001841BC,000302DC,Empty_NukaColaMachine,ACTI,51035.027344,-7985.095703,576.000000,225.7253
LootedWorldX_ACTI.esp,001BECE8,000302DC,Empty_NukaColaMachine,ACTI,46599.433594,-3122.340332,618.119751,90.0000
LootedWorldX_ACTI.esp,00183F54,0003949B,MilkVendingMachine,ACTI,47610.414062,-4055.061035,575.997375,44.1176
LootedWorldX_ACTI.esp,0020D916,000302DC,Empty_NukaColaMachine,ACTI,42117.339844,-39070.433594,608.000061,0.0000
LootedWorldX_ACTI.esp,001648CF,00082447,RadioDiamondCityReceiver,ACTI,57196.613281,-83772.945312,1878.218750,240.5156
LootedWorldX_ACTI.esp,00048A53,00082447,RadioDiamondCityReceiver,ACTI,60792.050781,-83962.937500,1354.505737,235.6982
LootedWorldX_ACTI.esp,0023B113,00249238,LunchBoxKidsACTJu,ACTI,51788.925781,-74599.343750,466.938690,27.8343
LootedWorldX_ACTI.esp,002498FD,0024922B,LunchBoxKidsACT01,ACTI,39178.464844,-70270.125000,848.860352,337.0803
LootedWorldX_ACTI.esp,002498FB,0019D6C4,DN054RadioAtomCatsReceiver,ACTI,39191.230469,-70288.179688,848.688293,168.8440
LootedWorldX_ACTI.esp,0019D6C6,0019D6C4,DN054RadioAtomCatsReceiver,ACTI,39160.457031,-72288.421875,654.410156,128.8225
LootedWorldX_ACTI.esp,00054B74,00142F88,TrapCymbalMonkey,ACTI,40399.316406,-70159.531250,520.937378,0.0000
LootedWorldX_ACTI.esp,0005230B,0019D6C4,DN054RadioAtomCatsReceiver,ACTI,37326.542969,-72161.554688,691.755127,83.9490
LootedWorldX_ACTI.esp,0005226A,0019D6C4,DN054RadioAtomCatsReceiver,ACTI,40665.644531,-70589.023438,712.714905,45.0452
LootedWorldX_ACTI.esp,0022331D,0024922B,LunchBoxKidsACT01,ACTI,55612.402344,-73178.156250,844.021484,179.9016
LootedWorldX_ACTI.esp,0019D6C5,0019D6C4,DN054RadioAtomCatsReceiver,ACTI,36829.132812,-69434.140625,637.957703,335.0871
LootedWorldX_ACTI.esp,00197D71,00143AD1,RadioDiamondCityReceiverOff,ACTI,3164.506348,-23866.470703,8012.305664,302.7043
LootedWorldX_ACTI.esp,0020C9FA,000302DC,Empty_NukaColaMachine,ACTI,3416.057129,-15368.393555,1027.629883,78.5413
LootedWorldX_ACTI.esp,000AC9B2,000302DC,Empty_NukaColaMachine,ACTI,19005.757812,-25280.384766,1581.317627,265.4615
LootedWorldX_ACTI.esp,0020559E,000302DC,Empty_NukaColaMachine,ACTI,28795.183594,-21677.505859,2132.062256,127.4882
LootedWorldX_ACTI.esp,001AD74D,000302DC,Empty_NukaColaMachine,ACTI,14896.291016,-16755.650391,495.922272,289.0934
LootedWorldX_ACTI.esp,00055CEF,0004763D,Empty_NukaColaMachineBroken,ACTI,29157.017578,-16930.732422,640.730713,88.7284
LootedWorldX_ACTI.esp,0013C3B5,000302DC,Empty_NukaColaMachine,ACTI,18958.580078,-15982.757812,1600.000000,0.0000
LootedWorldX_ACTI.esp,0012DACC,000302DC,Empty_NukaColaMachine,ACTI,22477.394531,-16352.226562,1056.000000,269.5869
LootedWorldX_ACTI.esp,00097D0B,001796A6,MonkeyTrapTrigger,ACTI,23328.794922,-13635.445312,999.335510,309.4428
LootedWorldX_ACTI.esp,001999A7,001796A6,MonkeyTrapTrigger,ACTI,8780.927734,-8643.783203,1328.008301,281.5505
LootedWorldX_ACTI.esp,000938E3,000302DC,Empty_NukaColaMachine,ACTI,26570.882812,-8587.934570,614.680481,269.3919
LootedWorldX_ACTI.esp,0015B91B,00143AD1,RadioDiamondCityReceiverOff,ACTI,19211.433594,-6317.013672,8289.625000,238.8194
LootedWorldX_ACTI.esp,00150D3C,000302DC,Empty_NukaColaMachine,ACTI,19698.035156,-4656.002441,1104.392090,103.1319
LootedWorldX_ACTI.esp,001D13AC,000302DC,Empty_NukaColaMachine,ACTI,17857.621094,-3648.400146,772.660583,169.9650
LootedWorldX_ACTI.esp,001C362B,000302DC,Empty_NukaColaMachine,ACTI,29476.552734,-2350.223877,565.409363,251.1379
LootedWorldX_ACTI.esp,00214B4C,00143AD1,RadioDiamondCityReceiverOff,ACTI,3920.974121,-36308.425781,923.343750,136.6505
LootedWorldX_ACTI.esp,00224D1C,0024922F,LunchBoxKidsACTAd,ACTI,7359.557129,-64411.492187,568.895325,3.4380
LootedWorldX_ACTI.esp,002460D6,0024923B,LunchBoxKidsACTSe,ACTI,27462.628906,-56036.570312,497.239990,359.9206
LootedWorldX_ACTI.esp,00059746,000302DC,Empty_NukaColaMachine,ACTI,12963.507812,-46407.679688,992.331604,225.0001
LootedWorldX_ACTI.esp,001F7AFE,00082447,RadioDiamondCityReceiver,ACTI,20829.111328,-46600.746094,2486.562744,115.1647
LootedWorldX_ACTI.esp,001D5D4F,00143AD1,RadioDiamondCityReceiverOff,ACTI,28466.939453,-45388.781250,1044.200806,13.1780
LootedWorldX_ACTI.esp,0013AB64,000248C2,Toilet01,ACTI,11067.230469,-41534.281250,1231.505737,175.0098
LootedWorldX_ACTI.esp,0022CB3F,00249239,LunchBoxKidsACTN,ACTI,22676.531250,-39247.187500,1434.351929,81.8288
LootedWorldX_ACTI.esp,00232880,00249236,LunchBoxKidsACTJa,ACTI,20710.406250,-90628.750000,783.891907,60.4649
LootedWorldX_ACTI.esp,0023A017,00249234,LunchBoxKidsACTDon,ACTI,20587.923828,-82242.726562,711.010315,0.0000
LootedWorldX_ACTI.esp,00055775,000302DC,Empty_NukaColaMachine,ACTI,21074.359375,-85983.750000,1055.593506,0.0000
LootedWorldX_ACTI.esp,001A68F6,00143AD1,RadioDiamondCityReceiverOff,ACTI,25935.289062,-85720.070312,1239.649292,279.2129
LootedWorldX_ACTI.esp,0008B59D,00082447,RadioDiamondCityReceiver,ACTI,28354.476562,-84878.039062,2634.814697,195.3786
LootedWorldX_ACTI.esp,0008AD7E,00143AD1,RadioDiamondCityReceiverOff,ACTI,27936.001953,-83855.726562,2556.291504,165.7671
LootedWorldX_ACTI.esp,00230E33,00249234,LunchBoxKidsACTDon,ACTI,6189.469727,-75765.851562,615.058899,9.2084
LootedWorldX_ACTI.esp,0018758F,001796A6,MonkeyTrapTrigger,ACTI,22074.041016,-73866.351562,675.708252,118.6479
LootedWorldX_ACTI.esp,000951C1,0022C66B,WorkshopTelevision01,ACTI,9439.611328,-65764.000000,561.178467,89.4674
LootedWorldX_ACTI.esp,00115545,00143AD1,RadioDiamondCityReceiverOff,ACTI,12922.354492,-66927.429687,1112.481934,103.1323
LootedWorldX_ACTI.esp,00049982,00143AD1,RadioDiamondCityReceiverOff,ACTI,93862.140625,78603.117188,1167.622437,205.3013
LootedWorldX_ACTI.esp,001D3461,000302DC,Empty_NukaColaMachine,ACTI,82424.265625,85548.445312,1252.109497,91.6727
LootedWorldX_ACTI.esp,00168273,0022C66B,WorkshopTelevision01,ACTI,69727.171875,89719.328125,1792.614746,154.6986
LootedWorldX_ACTI.esp,000BB8F9,000302DC,Empty_NukaColaMachine,ACTI,68820.468750,49454.238281,858.724426,201.7271
LootedWorldX_ACTI.esp,000FFB43,000B9807,RadioStatic,ACTI,79659.890625,54144.464844,1642.500000,225.0001
LootedWorldX_ACTI.esp,0008CC51,0022C66B,WorkshopTelevision01,ACTI,88859.304688,60794.261719,1266.490234,349.1137
LootedWorldX_ACTI.esp,001245E7,000B9807,RadioStatic,ACTI,75900.429688,18117.664062,540.135620,42.9262
LootedWorldX_ACTI.esp,00081651,000302DC,Empty_NukaColaMachine,ACTI,35735.328125,77352.625000,1777.677368,49.8473
LootedWorldX_ACTI.esp,001D7561,000B9807,RadioStatic,ACTI,49530.585938,82841.398438,1449.855347,309.8662
LootedWorldX_ACTI.esp,0016447A,000B9807,RadioStatic,ACTI,40501.453125,91948.734375,2180.282471,209.5985
LootedWorldX_ACTI.esp,001D734D,000B9807,RadioStatic,ACTI,50266.984375,92697.117188,1470.562500,7.1619
LootedWorldX_ACTI.esp,001E7C3F,000302DC,Empty_NukaColaMachine,ACTI,58164.726562,38673.074219,593.292786,2.8643
LootedWorldX_ACTI.esp,0002BD53,000302DC,Empty_NukaColaMachine,ACTI,64890.515625,40676.910156,736.221802,131.3344
LootedWorldX_ACTI.esp,001818E8,001796A6,MonkeyTrapTrigger,ACTI,63602.417969,40987.582031,814.049500,211.9596
LootedWorldX_ACTI.esp,0018183E,00082447,RadioDiamondCityReceiver,ACTI,53817.316406,58106.785156,1872.515137,195.7791
LootedWorldX_ACTI.esp,0012433D,00082447,RadioDiamondCityReceiver,ACTI,60158.988281,61098.730469,2111.406250,90.5273
LootedWorldX_ACTI.esp,0003C33E,000302DC,Empty_NukaColaMachine,ACTI,60296.949219,58198.835937,905.379639,175.9546
LootedWorldX_ACTI.esp,000E0DCA,00143AD1,RadioDiamondCityReceiverOff,ACTI,39765.953125,15575.031250,648.515198,243.0135
LootedWorldX_ACTI.esp,0019F3D6,000C3CF9,RadioFreedomReceiverOff,ACTI,55083.246094,28898.126953,811.742310,310.1071
LootedWorldX_ACTI.esp,001B0208,00143AD1,RadioDiamondCityReceiverOff,ACTI,19746.419922,102545.867188,1806.968384,321.0263
LootedWorldX_ACTI.esp,00245E5A,00143AD1,RadioDiamondCityReceiverOff,ACTI,20403.154297,66153.664062,1483.887451,123.7589
LootedWorldX_ACTI.esp,00245E54,0024922D,LunchBoxKidsACTZi,ACTI,20721.216797,67807.531250,519.558167,271.0148
LootedWorldX_ACTI.esp,001FB8F1,000CA89D,RadioInstituteReceiver,ACTI,6270.575195,71474.867188,1147.836060,274.4239
LootedWorldX_ACTI.esp,001D6023,001796A6,MonkeyTrapTrigger,ACTI,17147.234375,72192.085938,1896.702881,90.0000
LootedWorldX_ACTI.esp,000897A9,000302DC,Empty_NukaColaMachine,ACTI,19030.376953,78053.476562,2112.796387,144.1903
LootedWorldX_ACTI.esp,001F79F9,001C5E6F,Jukebox01,ACTI,5626.086914,84117.718750,1726.385132,211.2491
LootedWorldX_ACTI.esp,0020A744,000CA89D,RadioInstituteReceiver,ACTI,2598.610840,60264.777344,2601.591797,189.0762
LootedWorldX_ACTI.esp,00113907,00082447,RadioDiamondCityReceiver,ACTI,12127.016602,37085.914062,1055.808594,276.1688
LootedWorldX_ACTI.esp,00239E9A,0024922F,LunchBoxKidsACTAd,ACTI,12761.716797,37114.593750,1024.496338,313.7277
LootedWorldX_ACTI.esp,001E3B77,00143AD1,RadioDiamondCityReceiverOff,ACTI,26208.158203,38568.660156,1918.030884,63.7354
LootedWorldX_ACTI.esp,001E2321,00143AD1,RadioDiamondCityReceiverOff,ACTI,26114.996094,38382.195312,1918.030884,132.4903
LootedWorldX_ACTI.esp,001E231E,000CA89D,RadioInstituteReceiver,ACTI,25687.404297,38454.363281,1980.663330,261.9630
LootedWorldX_ACTI.esp,001E231D,00082447,RadioDiamondCityReceiver,ACTI,26180.568359,38410.367188,2046.096436,189.7860
LootedWorldX_ACTI.esp,001E231A,00143AD1,RadioDiamondCityReceiverOff,ACTI,25719.441406,38382.886719,1914.312012,206.9747
LootedWorldX_ACTI.esp,001E2319,00082447,RadioDiamondCityReceiver,ACTI,25365.085938,38892.480469,1945.319458,302.7335
LootedWorldX_ACTI.esp,0008479D,00143AD1,RadioDiamondCityReceiverOff,ACTI,15194.262695,41505.210938,1124.115601,138.2197
LootedWorldX_ACTI.esp,001A6990,00082447,RadioDiamondCityReceiver,ACTI,6077.660645,45927.675781,831.975830,186.8756
LootedWorldX_ACTI.esp,001E6886,000302DC,Empty_NukaColaMachine,ACTI,18400.513672,55889.511719,1352.217041,228.7666
LootedWorldX_ACTI.esp,000FA3DE,000302DC,Empty_NukaColaMachine,ACTI,16944.062500,59289.070312,1391.406738,2.8647
LootedWorldX_ACTI.esp,001F5641,0019F4C6,PortADiner01Dirty,ACTI,14501.936523,62361.710937,1374.690430,295.5422
LootedWorldX_ACTI.esp,001F3D70,000302DC,Empty_NukaColaMachine,ACTI,18141.525391,61440.351562,1305.860718,42.9718
LootedWorldX_ACTI.esp,001726BC,00143AD1,RadioDiamondCityReceiverOff,ACTI,28139.324219,5856.844727,1174.456055,51.5662
LootedWorldX_ACTI.esp,002397BB,0024923A,LunchBoxKidsACTSa,ACTI,28572.949219,11531.958984,911.953796,11.6875
LootedWorldX_ACTI.esp,001D40A6,0019F4C6,PortADiner01Dirty,ACTI,28550.642578,10944.305664,566.773926,25.7831
LootedWorldX_ACTI.esp,00096EB1,00096EAD,MS11RadioReceiver,ACTI,26158.503906,10861.618164,1484.015137,40.1070
LootedWorldX_ACTI.esp,000FE027,0022C66F,WorkshopTelevision01Table,ACTI,18544.431641,15994.549805,1204.754883,144.7865
LootedWorldX_ACTI.esp,000FC926,000302DC,Empty_NukaColaMachine,ACTI,16739.722656,15425.631836,1158.608276,107.8416
LootedWorldX_ACTI.esp,000B3063,000302DC,Empty_NukaColaMachine,ACTI,23660.812500,13743.371094,662.001282,78.7815
LootedWorldX_ACTI.esp,002397C3,00143AD1,RadioDiamondCityReceiverOff,ACTI,25673.351562,13104.494141,988.703491,93.9651
LootedWorldX_ACTI.esp,000995A2,00096EAD,MS11RadioReceiver,ACTI,27473.628906,12946.074219,855.557739,80.2143
LootedWorldX_ACTI.esp,000E017F,000302DC,Empty_NukaColaMachine,ACTI,9789.947266,30882.785156,1040.244141,310.9438
LootedWorldX_ACTI.esp,00217508,0019F4C7,PortADiner01DirtyDoor,CONT,87887.656250,-24789.607422,488.516388,103.8066
LootedWorldX_ACTI.esp,0020DFC4,0014BED3,TrapCymbalMonkey02,ACTI,-10255.878906,-57718.566406,1120.546875,68.7549
LootedWorldX_ACTI.esp,0020DFC2,0014BED3,TrapCymbalMonkey02,ACTI,-10297.512695,-57467.464844,1100.000000,111.7266
LootedWorldX_ACTI.esp,0020DFC0,0014BED3,TrapCymbalMonkey02,ACTI,-10335.926758,-57682.472656,1162.343750,80.9237
LootedWorldX_ACTI.esp,0020DFBE,0014BED3,TrapCymbalMonkey02,ACTI,-10342.586914,-57510.480469,1211.344727,128.2569
LootedWorldX_ACTI.esp,0020DFBC,0014BED3,TrapCymbalMonkey02,ACTI,-10157.802734,-57319.945312,1100.000000,126.7603
LootedWorldX_ACTI.esp,0020DFBA,0014BED3,TrapCymbalMonkey02,ACTI,-10255.865234,-57319.960937,1156.000000,143.9491
LootedWorldX_ACTI.esp,001FDE49,0019F4C7,PortADiner01DirtyDoor,CONT,-42291.941406,12985.406250,1040.000000,186.6231
LootedWorldX_ACTI.esp,001F5642,0019F4C7,PortADiner01DirtyDoor,CONT,14501.936523,62361.710937,1374.690430,295.5422
LootedWorldX_ACTI.esp,001E98BE,0019F4C7,PortADiner01DirtyDoor,CONT,-51977.210937,51375.250000,4612.867676,188.1127
LootedWorldX_ACTI.esp,001E231F,000CA89D,RadioInstituteReceiver,ACTI,26112.423828,39040.082031,1933.580078,53.2394
LootedWorldX_ACTI.esp,001D6024,00142F88,TrapCymbalMonkey,ACTI,17145.908203,71919.726562,1899.770020,0.0000
LootedWorldX_ACTI.esp,001D40A7,0019F4C7,PortADiner01DirtyDoor,CONT,28550.642578,10944.305664,566.773926,25.7831
LootedWorldX_ACTI.esp,001C2951,0019F4C7,PortADiner01DirtyDoor,CONT,-37261.601562,44987.578125,3235.473389,327.8925
LootedWorldX_ACTI.esp,001B8638,000302DC,Empty_NukaColaMachine,ACTI,51742.683594,-9761.852539,998.968445,0.0000
LootedWorldX_ACTI.esp,001A6212,00142F88,TrapCymbalMonkey,ACTI,-87849.671875,-12587.573242,5891.200684,326.4820
LootedWorldX_ACTI.esp,001999A8,00142F88,TrapCymbalMonkey,ACTI,8806.600586,-8518.750000,1247.813965,191.5506
LootedWorldX_ACTI.esp,001875BB,0014BED3,TrapCymbalMonkey02,ACTI,-73533.445312,41973.589844,4467.806641,333.0254
LootedWorldX_ACTI.esp,0018759B,00142F88,TrapCymbalMonkey,ACTI,-55606.113281,28218.994141,5178.837891,252.1015
LootedWorldX_ACTI.esp,00187590,00142F88,TrapCymbalMonkey,ACTI,22105.244141,-73623.437500,581.681702,185.2820
LootedWorldX_ACTI.esp,001828E9,00142F88,TrapCymbalMonkey,ACTI,-17332.548828,-50666.960938,2307.724121,285.5154
LootedWorldX_ACTI.esp,001818E9,00142F88,TrapCymbalMonkey,ACTI,63691.925781,40827.125000,733.855164,335.9357
LootedWorldX_ACTI.esp,0017B48A,00142F88,TrapCymbalMonkey,ACTI,-30536.093750,-27340.861328,890.386780,186.3938
LootedWorldX_ACTI.esp,000E9296,000E9295,MS17OfficeRadio,ACTI,-4772.042480,47526.058594,1313.138794,348.5409
LootedWorldX_ACTI.esp,000C06BE,0014BED3,TrapCymbalMonkey02,ACTI,-6426.577637,8488.776367,1745.727539,68.2668
LootedWorldX_ACTI.esp,00097D0C,00142F88,TrapCymbalMonkey,ACTI,23334.679688,-13626.929687,982.937866,225.3092
LootedWorldX_ACTI.esp,0022669A,0024922D,LunchBoxKidsACTZi,ACTI,2641.470215,1794.909668,2240.002930,145.5313
LootedWorldX_ACTI.esp,002112E7,0024923B,LunchBoxKidsACTSe,ACTI,3632.107422,-330.245697,343.770172,358.4057
LootedWorldX_ACTI.esp,0010B8F5,000302DC,Empty_NukaColaMachine,ACTI,3067.815674,-53.936703,289.895508,208.3388
LootedWorldX_ACTI.esp,0001FF78,000302DC,Empty_NukaColaMachine,ACTI,3086.587402,-329.843231,-480.000000,223.8077
LootedWorldX_ACTI.esp,000197F4,00082447,RadioDiamondCityReceiver,ACTI,3024.933350,39.216343,976.000000,274.0564
LootedWorldX_ACTI.esp,0604C988,06043A8F,DLC04LunchBoxKidsACT01,ACTI,2481.597168,1367.038818,641.572937,359.6377
LootedWorldX_ACTI.esp,0604C947,0004763D,Empty_NukaColaMachineBroken,ACTI,2923.842285,969.118469,256.250000,91.1433
LootedWorldX_ACTI.esp,0604C946,000302DC,Empty_NukaColaMachine,ACTI,2923.842285,865.401855,256.250000,91.1433
LootedWorldX_ACTI.esp,0604A819,06043A94,DLC04LunchBoxKidsACT05,ACTI,2777.670410,4223.030273,312.451233,57.2958
LootedWorldX_ACTI.esp,06048849,00143AD1,RadioDiamondCityReceiverOff,ACTI,1214.304810,2791.293457,563.829224,135.4048
LootedWorldX_ACTI.esp,060487FE,06043A93,DLC04LunchBoxKidsACT04,ACTI,3032.856201,3673.584961,256.000000,119.3580
LootedWorldX_ACTI.esp,05005C27,00074841,RadioStaticOff,ACTI,-8654.468750,-5657.773926,588.335510,165.0000
LootedWorldX_ACTI.esp,05005C21,000302DC,Empty_NukaColaMachine,ACTI,-9388.778320,-5420.123047,453.591187,254.0024
LootedWorldX_ACTI.esp,0500214F,000302DC,Empty_NukaColaMachine,ACTI,-5350.616699,-5264.954590,-450.427734,288.3799
LootedWorldX_ACTI.esp,0500210C,0019C937,EatOTronic01Dirty,ACTI,6424.381836,-6716.993164,-1189.782959,91.0887
LootedWorldX_ACTI.esp,00197D24,00143AD1,RadioDiamondCityReceiverOff,ACTI,946.633728,3678.409912,2049.208984,225.4369
LootedWorldX_ACTI.esp,00197CA9,000302DC,Empty_NukaColaMachine,ACTI,50.000370,3894.118896,1540.951172,92.8643
LootedWorldX_ACTI.esp,00195CA2,00143AD1,RadioDiamondCityReceiverOff,ACTI,640.978638,3713.336182,1614.000000,302.7043
LootedWorldX_ACTI.esp,00195BB2,00143AD1,RadioDiamondCityReceiverOff,ACTI,1041.385620,2769.537598,1600.000000,223.4536
LootedWorldX_ACTI.esp,0603E2F2,00074841,RadioStaticOff,ACTI,-2864.741943,2050.714355,168.895142,315.0000
LootedWorldX_ACTI.esp,0603E25C,0004763D,Empty_NukaColaMachineBroken,ACTI,-1787.265137,2250.487305,96.025909,0.0000
LootedWorldX_ACTI.esp,000C3CF8,000C3CF9,RadioFreedomReceiverOff,ACTI,-542.478516,-904.303955,56.137043,345.5509
LootedWorldX_ACTI.esp,0015CD63,0007484B,RadioPreWar,ACTI,-147.328430,441.163788,582.310242,22.9184
LootedWorldX_ACTI.esp,000C1ADE,0007484B,RadioPreWar,ACTI,-119.016762,431.207581,-327.500000,28.6479
LootedWorldX_ACTI.esp,0013925E,00143AD1,RadioDiamondCityReceiverOff,ACTI,1866.688599,130.479782,278.638611,0.0011
LootedWorldX_ACTI.esp,0303550F,00249232,LunchBoxKidsACTCo,ACTI,-569.992249,-352.915649,-507.120209,87.3461
LootedWorldX_ACTI.esp,00247F49,0024922B,LunchBoxKidsACT01,ACTI,11631.581055,3831.373291,1409.827148,116.7338
LootedWorldX_ACTI.esp,00247F48,0024922B,LunchBoxKidsACT01,ACTI,11800.833984,2701.224854,1412.124146,0.0000
LootedWorldX_ACTI.esp,00247F47,0024922B,LunchBoxKidsACT01,ACTI,10549.750977,718.126953,1060.000000,24.3507
LootedWorldX_ACTI.esp,00247F46,0024922B,LunchBoxKidsACT01,ACTI,9545.801758,1125.614868,1061.528442,359.9469
LootedWorldX_ACTI.esp,00247F45,0024922B,LunchBoxKidsACT01,ACTI,8368.024414,2711.847412,1024.255371,0.0000
LootedWorldX_ACTI.esp,00247F44,0024922B,LunchBoxKidsACT01,ACTI,9048.316406,2839.328613,1027.916626,0.0000
LootedWorldX_ACTI.esp,00247F43,0024922B,LunchBoxKidsACT01,ACTI,9526.787109,2915.933350,1080.500000,61.8078
LootedWorldX_ACTI.esp,0022BA18,0024922B,LunchBoxKidsACT01,ACTI,10083.398438,3735.196289,850.103088,226.8524
LootedWorldX_ACTI.esp,00217577,00249232,LunchBoxKidsACTCo,ACTI,9144.978516,3312.769287,1462.714478,0.0000
LootedWorldX_ACTI.esp,00217575,00249231,LunchBoxKidsACTBe,ACTI,8879.933594,2948.604736,1080.452881,37.7621
LootedWorldX_ACTI.esp,00181748,001796A6,MonkeyTrapTrigger,ACTI,10879.444336,1813.249634,1484.668457,218.3424
LootedWorldX_ACTI.esp,000AFED9,0019C937,EatOTronic01Dirty,ACTI,10011.555664,3639.118896,1029.938599,225.8366
LootedWorldX_ACTI.esp,000ABC19,00143AD1,RadioDiamondCityReceiverOff,ACTI,11214.894531,3123.310303,768.000000,54.4309
LootedWorldX_ACTI.esp,000ABA58,00143AD1,RadioDiamondCityReceiverOff,ACTI,10936.754883,3131.890137,1410.573242,312.7028
LootedWorldX_ACTI.esp,000A4DBA,00143AD1,RadioDiamondCityReceiverOff,ACTI,10397.470703,844.189880,1025.077393,135.3549
LootedWorldX_ACTI.esp,000A4D65,0007484B,RadioPreWar,ACTI,12178.226562,3036.750000,1130.000000,198.3802
LootedWorldX_ACTI.esp,0009F55F,00143AD1,RadioDiamondCityReceiverOff,ACTI,11804.146484,2650.194824,1029.118774,263.0363
LootedWorldX_ACTI.esp,0007E09F,000302DC,Empty_NukaColaMachine,ACTI,10938.715820,4913.208496,1024.000000,315.0000
LootedWorldX_ACTI.esp,0007E095,00091932,PlayerHouse_Ruin_Toilet01,STAT,10762.651367,5003.175781,1024.000000,45.0000
LootedWorldX_ACTI.esp,0003C00C,00091932,PlayerHouse_Ruin_Toilet01,STAT,11600.748047,4498.017578,1024.000000,315.0000
LootedWorldX_ACTI.esp,0003C00B,00091932,PlayerHouse_Ruin_Toilet01,STAT,11508.824219,4414.579102,1024.000000,315.0000
LootedWorldX_ACTI.esp,00181749,00142F88,TrapCymbalMonkey,ACTI,10848.793945,1828.731445,1463.422974,128.3424
LootedWorldX_ACTI.esp,00247F53,0024922B,LunchBoxKidsACT01,ACTI,832.208435,2900.682373,2.858161,15.5260
LootedWorldX_ACTI.esp,00247F52,0024922B,LunchBoxKidsACT01,ACTI,1651.080078,2408.453613,0.000000,219.6252
LootedWorldX_ACTI.esp,00247F51,0024922B,LunchBoxKidsACT01,ACTI,1970.713135,2370.929688,-252.451965,20.9901
LootedWorldX_ACTI.esp,00247F50,0024922B,LunchBoxKidsACT01,ACTI,1551.817139,2117.716553,-199.778442,48.7014
LootedWorldX_ACTI.esp,00247F4F,0024922B,LunchBoxKidsACT01,ACTI,2358.473633,2738.734131,-250.594177,0.0000
LootedWorldX_ACTI.esp,00247F4E,0024922B,LunchBoxKidsACT01,ACTI,1819.804321,694.811279,-251.779297,180.0000
LootedWorldX_ACTI.esp,00247F4D,0024922B,LunchBoxKidsACT01,ACTI,1371.260620,785.666321,-254.172852,304.1366
LootedWorldX_ACTI.esp,00247F4C,0024922B,LunchBoxKidsACT01,ACTI,46.276020,503.544525,0.609513,205.3012
LootedWorldX_ACTI.esp,00247F4B,0024922B,LunchBoxKidsACT01,ACTI,1484.197266,-574.747192,-195.864441,121.3197
LootedWorldX_ACTI.esp,00247F4A,0024922B,LunchBoxKidsACT01,ACTI,2235.210938,-552.765930,-256.000000,0.0000
LootedWorldX_ACTI.esp,0022C40D,00249238,LunchBoxKidsACTJu,ACTI,860.812622,2147.360107,50.069504,180.0000
LootedWorldX_ACTI.esp,0022C40C,0024922E,LunchBoxKidsACTAc,ACTI,2724.951172,67.056717,-220.036911,180.0001
LootedWorldX_ACTI.esp,00195529,001796A6,MonkeyTrapTrigger,ACTI,3879.823730,1258.345825,-89.037605,0.0000
LootedWorldX_ACTI.esp,0019552A,00142F88,TrapCymbalMonkey,ACTI,3305.285889,1627.690796,-190.567001,145.6226
LootedWorldX_ACTI.esp,00139F3D,00143AD1,RadioDiamondCityReceiverOff,ACTI,1654.265747,99.411377,155.682053,40.1070
LootedWorldX_ACTI.esp,0023C432,0024922F,LunchBoxKidsACTAd,ACTI,488.936371,3654.221436,-1091.612427,121.4690
LootedWorldX_ACTI.esp,00247F0B,0024922B,LunchBoxKidsACT01,ACTI,2291.964355,-1957.750000,1036.452759,73.8636
LootedWorldX_ACTI.esp,00247ED8,00249232,LunchBoxKidsACTCo,ACTI,1925.641113,-281.300903,544.930420,260.8330
LootedWorldX_ACTI.esp,00247EBA,0024922B,LunchBoxKidsACT01,ACTI,2499.962158,-1335.298828,-235.217651,270.0001
LootedWorldX_ACTI.esp,001C77CC,0019C937,EatOTronic01Dirty,ACTI,0.000000,0.000000,0.000000,0.0000
LootedWorldX_ACTI.esp,002388B6,001796A6,MonkeyTrapTrigger,ACTI,7414.337402,4966.811035,969.196167,28.0749
LootedWorldX_ACTI.esp,001951E4,0003949B,MilkVendingMachine,ACTI,7260.079102,6393.968262,895.999939,90.0000
LootedWorldX_ACTI.esp,001951DF,000302DC,Empty_NukaColaMachine,ACTI,7016.110840,6389.713379,895.999939,2.8643
LootedWorldX_ACTI.esp,000E8CA7,000302DC,Empty_NukaColaMachine,ACTI,6483.276855,4103.422363,256.012238,2.8647
LootedWorldX_ACTI.esp,000AD732,00143AD1,RadioDiamondCityReceiverOff,ACTI,8269.515625,124.299461,325.290863,281.2182
LootedWorldX_ACTI.esp,000AD6A7,00143AD1,RadioDiamondCityReceiverOff,ACTI,8043.288574,634.140686,389.136353,164.7254
LootedWorldX_ACTI.esp,002388B7,0014BED3,TrapCymbalMonkey02,ACTI,7417.377441,4974.901855,926.636536,189.7442
LootedWorldX_ACTI.esp,001B1F10,000302DC,Empty_NukaColaMachine,ACTI,3512.009277,52.576897,-4.381365,8.8805
LootedWorldX_ACTI.esp,001CC1A7,00082447,RadioDiamondCityReceiver,ACTI,1548.781982,174.065460,64.000000,165.1945
LootedWorldX_ACTI.esp,0002BF45,000248C2,Toilet01,ACTI,1808.000000,832.000000,0.000000,270.0000
LootedWorldX_ACTI.esp,000ECA06,000EDCE0,MS10RadioStatic,ACTI,1548.781982,174.065460,64.000000,165.1945
LootedWorldX_ACTI.esp,00097144,00082447,RadioDiamondCityReceiver,ACTI,-1945.872925,643.304321,8.094900,270.6187
LootedWorldX_ACTI.esp,00221BC2,0024922E,LunchBoxKidsACTAc,ACTI,384.304382,-321.802521,-40.048748,157.1736
LootedWorldX_ACTI.esp,0006271A,000248C2,Toilet01,ACTI,80.000000,1584.000000,-96.000000,90.0000
LootedWorldX_ACTI.esp,000626F5,000248C2,Toilet01,ACTI,-80.000000,1984.000000,-96.000000,270.0000
LootedWorldX_ACTI.esp,000626F2,000248C2,Toilet01,ACTI,-80.000000,1856.000000,-96.000000,270.0000
LootedWorldX_ACTI.esp,001D9E32,00143AD1,RadioDiamondCityReceiverOff,ACTI,-893.495117,6065.673828,-798.375000,350.8327
LootedWorldX_ACTI.esp,001D6680,0019C937,EatOTronic01Dirty,ACTI,462.277924,1820.687012,0.842495,180.0000
LootedWorldX_ACTI.esp,0012D245,000302DC,Empty_NukaColaMachine,ACTI,1791.311768,6053.759277,-896.781616,87.1347
LootedWorldX_ACTI.esp,000BC194,000302DC,Empty_NukaColaMachine,ACTI,-1395.470703,2079.329102,-5.116276,183.5745
LootedWorldX_ACTI.esp,000BC155,000302DC,Empty_NukaColaMachine,ACTI,-3.133590,1408.982300,-0.000031,90.0001
LootedWorldX_ACTI.esp,000BC14D,000302DC,Empty_NukaColaMachine,ACTI,1.491244,1288.318481,-0.000031,87.9718
LootedWorldX_ACTI.esp,000BA2D6,000302DC,Empty_NukaColaMachine,ACTI,650.798462,1750.079956,-0.000031,354.2703
LootedWorldX_ACTI.esp,000BA2CE,0004763D,Empty_NukaColaMachineBroken,ACTI,752.825012,1753.386719,-0.000031,13.1780
LootedWorldX_ACTI.esp,0003ED19,00082447,RadioDiamondCityReceiver,ACTI,-657.460449,3533.046631,-840.000000,233.5944
LootedWorldX_ACTI.esp,06040913,001796A6,MonkeyTrapTrigger,ACTI,2292.835938,596.091553,335.009430,0.0000
LootedWorldX_ACTI.esp,06040914,00142F88,TrapCymbalMonkey,ACTI,2186.166748,626.052429,254.815094,114.5916
LootedWorldX_ACTI.esp,000FC063,000302DC,Empty_NukaColaMachine,ACTI,1786.958252,1518.734375,-128.000000,2.8647
LootedWorldX_ACTI.esp,000FB884,00082447,RadioDiamondCityReceiver,ACTI,1802.638428,2574.397705,312.514130,314.1632
LootedWorldX_ACTI.esp,002112E5,0024922B,LunchBoxKidsACT01,ACTI,-305.290222,1270.459106,210.615540,180.0218
LootedWorldX_ACTI.esp,000EE94A,000302DC,Empty_NukaColaMachine,ACTI,-1159.501831,1388.745728,192.248810,137.5096
LootedWorldX_ACTI.esp,0023F267,00143AD1,RadioDiamondCityReceiverOff,ACTI,1102.784790,-1834.665649,1148.616577,112.5000
LootedWorldX_ACTI.esp,001B0D6E,0019C937,EatOTronic01Dirty,ACTI,840.435120,-583.807190,-0.519146,359.9720
LootedWorldX_ACTI.esp,001B0D6D,0019C937,EatOTronic01Dirty,ACTI,1904.000000,-738.544128,-7.421159,270.0000
LootedWorldX_ACTI.esp,0017824E,00143AD1,RadioDiamondCityReceiverOff,ACTI,2162.943359,-449.214417,1591.717651,51.5662
LootedWorldX_ACTI.esp,00175E5F,000302DC,Empty_NukaColaMachine,ACTI,563.512695,971.784424,1026.616089,92.8643
LootedWorldX_ACTI.esp,00175DD0,0003949B,MilkVendingMachine,ACTI,1461.186523,-1491.688232,1024.000000,90.0000
LootedWorldX_ACTI.esp,00175D96,000B9807,RadioStatic,ACTI,504.854736,61.196911,846.000000,28.4071
LootedWorldX_ACTI.esp,00054ABA,000302DC,Empty_NukaColaMachine,ACTI,-822.716187,300.467285,7.999985,309.8660
LootedWorldX_ACTI.esp,0018757F,001796A6,MonkeyTrapTrigger,ACTI,4490.291504,2926.862061,-1261.205811,108.8620
LootedWorldX_ACTI.esp,0011CC8B,000302DC,Empty_NukaColaMachine,ACTI,5688.158203,1741.799805,-1280.000000,88.8084
LootedWorldX_ACTI.esp,0011AC0C,000302DC,Empty_NukaColaMachine,ACTI,2002.014648,-1192.440063,-640.000061,181.6735
LootedWorldX_ACTI.esp,0011ABEA,000302DC,Empty_NukaColaMachine,ACTI,1511.260376,-325.861359,-640.000061,181.6735
LootedWorldX_ACTI.esp,00187580,0014BED3,TrapCymbalMonkey02,ACTI,4405.830078,2685.912354,-1322.721436,24.5916
LootedWorldX_ACTI.esp,0016FCD0,001642EE,RadioFreedomReceiver,ACTI,-500.835541,790.708008,90.702812,305.8099
LootedWorldX_ACTI.esp,0023B7AF,00249239,LunchBoxKidsACTN,ACTI,620.876282,12231.393555,83.412186,295.6466
LootedWorldX_ACTI.esp,002176B6,0024922D,LunchBoxKidsACTZi,ACTI,2406.491699,-2323.325684,-511.455994,76.1578
LootedWorldX_ACTI.esp,000FB152,00143AD1,RadioDiamondCityReceiverOff,ACTI,1787.728516,-2624.195801,-521.787781,286.0526
LootedWorldX_ACTI.esp,000FB113,00143AD1,RadioDiamondCityReceiverOff,ACTI,8.660226,-42.412453,-413.552399,105.0000
LootedWorldX_ACTI.esp,000946B6,00143AD1,RadioDiamondCityReceiverOff,ACTI,4816.358398,2616.204102,122.902145,137.5099
LootedWorldX_ACTI.esp,00093F07,00143AD1,RadioDiamondCityReceiverOff,ACTI,3557.400879,4015.101807,-271.718750,22.9183
LootedWorldX_ACTI.esp,001BFFEE,0019F4C6,PortADiner01Dirty,ACTI,1029.692383,-822.625916,0.250014,180.0000
LootedWorldX_ACTI.esp,001BFFEF,0019F4C7,PortADiner01DirtyDoor,CONT,1029.692383,-822.625916,0.250014,180.0000
LootedWorldX_ACTI.esp,002112E4,0024922B,LunchBoxKidsACT01,ACTI,1102.431885,2597.613037,491.329529,180.0000
LootedWorldX_ACTI.esp,0012AF61,00143AD1,RadioDiamondCityReceiverOff,ACTI,1098.460449,2594.585938,523.347229,212.0051
LootedWorldX_ACTI.esp,00221A2D,00249236,LunchBoxKidsACTJa,ACTI,456.909546,-2612.748047,15.097576,258.1948
LootedWorldX_ACTI.esp,001B1798,0019C937,EatOTronic01Dirty,ACTI,-320.000000,-2261.375732,-0.100000,90.0000
LootedWorldX_ACTI.esp,001B1797,000302DC,Empty_NukaColaMachine,ACTI,-272.571686,-2364.533203,1.795509,258.4954
LootedWorldX_ACTI.esp,0011791C,00143AD1,RadioDiamondCityReceiverOff,ACTI,9949.531250,1070.097290,-81.527367,145.5312
LootedWorldX_ACTI.esp,0011791B,00143AD1,RadioDiamondCityReceiverOff,ACTI,8184.980957,1300.672852,-103.500000,145.5312
LootedWorldX_ACTI.esp,000E346F,000B9807,RadioStatic,ACTI,1043.635010,2723.988281,439.000000,22.9183
LootedWorldX_ACTI.esp,00072282,0004763D,Empty_NukaColaMachineBroken,ACTI,549.212708,2715.249756,205.000000,53.7804
LootedWorldX_ACTI.esp,00217670,0024923B,LunchBoxKidsACTSe,ACTI,2618.948486,-73.088348,-583.874817,0.0000
LootedWorldX_ACTI.esp,0014C03D,00074841,RadioStaticOff,ACTI,4137.336914,-1482.043213,-587.860962,19.7899
LootedWorldX_ACTI.esp,0014735F,00143AD1,RadioDiamondCityReceiverOff,ACTI,2211.431641,-618.140320,-583.843750,38.9611
LootedWorldX_ACTI.esp,000AED63,000302DC,Empty_NukaColaMachine,ACTI,-1317.022583,2421.667969,0.271900,92.8643
LootedWorldX_ACTI.esp,00084CA0,000302DC,Empty_NukaColaMachine,ACTI,-570.000000,1595.000000,511.000000,135.0000
LootedWorldX_ACTI.esp,00138E4F,00143AD1,RadioDiamondCityReceiverOff,ACTI,1035.851807,-250.511780,-1.935539,197.8530
LootedWorldX_ACTI.esp,06055338,00074841,RadioStaticOff,ACTI,1169.460693,3152.217041,326.552429,0.0000
LootedWorldX_ACTI.esp,06042D42,001796A6,MonkeyTrapTrigger,ACTI,3021.449463,3489.537598,330.586487,92.8647
LootedWorldX_ACTI.esp,06042D43,0014BED3,TrapCymbalMonkey02,ACTI,3005.927490,3282.881592,321.018402,4.6289
LootedWorldX_ACTI.esp,001B2372,001B2370,RadioDiamondCityReceiverNew,ACTI,2686.020996,-4836.406250,168.804596,325.6227
LootedWorldX_ACTI.esp,0021FC95,00249238,LunchBoxKidsACTJu,ACTI,1997.541504,2013.270752,357.993622,191.3677
LootedWorldX_ACTI.esp,0007C791,000E9295,MS17OfficeRadio,ACTI,-236.713684,4534.041504,168.061584,256.8677
LootedWorldX_ACTI.esp,00211B88,00249232,LunchBoxKidsACTCo,ACTI,2309.403809,-1536.769775,55.929394,271.7650
LootedWorldX_ACTI.esp,0022C2F0,00249231,LunchBoxKidsACTBe,ACTI,1214.961060,3596.839355,143.990829,354.2705
LootedWorldX_ACTI.esp,0021A87E,000CA89D,RadioInstituteReceiver,ACTI,1240.242798,3613.419189,176.472336,303.6676
LootedWorldX_ACTI.esp,000A3724,00143AD1,RadioDiamondCityReceiverOff,ACTI,-17.311777,-252.302948,49.647263,146.1042
LootedWorldX_ACTI.esp,000D6CB1,000302DC,Empty_NukaColaMachine,ACTI,-15583.527344,-826.141052,-256.000000,164.9999
LootedWorldX_ACTI.esp,000D6A53,000302DC,Empty_NukaColaMachine,ACTI,-14533.086914,-1991.596313,-256.000000,78.5407
LootedWorldX_ACTI.esp,000D6947,000302DC,Empty_NukaColaMachine,ACTI,-20978.853516,-1727.903442,-512.000000,5.7294
LootedWorldX_ACTI.esp,0023C4D8,00249230,LunchBoxKidsACTAn,ACTI,-1659.391846,-1176.960327,-828.363098,353.8879
LootedWorldX_ACTI.esp,0022296C,0024923B,LunchBoxKidsACTSe,ACTI,-2849.118164,-2229.862061,-1133.873413,342.8113
LootedWorldX_ACTI.esp,00222902,0019C937,EatOTronic01Dirty,ACTI,-2185.837158,-2867.050293,-403.231445,45.0000
LootedWorldX_ACTI.esp,0018F2F4,0018F2EF,DN041_Radio03,ACTI,-3224.522949,-1702.697510,-327.214355,330.0000
LootedWorldX_ACTI.esp,0018F2F3,0018F2EE,DN041_Radio02,ACTI,-2494.985596,-2134.075195,184.422531,231.0508
LootedWorldX_ACTI.esp,0018F2F2,0018F2EC,DN041_Radio01,ACTI,-1109.424927,-2092.039551,184.676956,105.0000
LootedWorldX_ACTI.esp,00180CA2,00143AD1,RadioDiamondCityReceiverOff,ACTI,-1446.098022,-1774.533447,-1095.500000,210.0001
LootedWorldX_ACTI.esp,00180CA1,00143AD1,RadioDiamondCityReceiverOff,ACTI,-1894.002930,-2114.754150,-1095.500000,90.0000
LootedWorldX_ACTI.esp,00180CA0,00143AD1,RadioDiamondCityReceiverOff,ACTI,-864.531006,-1884.058716,-327.214355,195.0001
LootedWorldX_ACTI.esp,000E8244,000302DC,Empty_NukaColaMachine,ACTI,-1663.188110,-2598.729980,-383.999939,222.4899
LootedWorldX_ACTI.esp,0604CA7A,000B9807,RadioStatic,ACTI,3116.443604,10558.090820,103.944199,223.4536
LootedWorldX_ACTI.esp,0604CA18,06043A8F,DLC04LunchBoxKidsACT01,ACTI,2868.759766,16684.691406,-186.823853,166.9965
LootedWorldX_ACTI.esp,06049AA9,000302DC,Empty_NukaColaMachine,ACTI,4229.596680,11867.270508,128.646042,180.0000
LootedWorldX_ACTI.esp,000C7940,000CA89D,RadioInstituteReceiver,ACTI,646.144836,1292.457886,333.782806,14.3239
LootedWorldX_ACTI.esp,00227966,0019C937,EatOTronic01Dirty,ACTI,3682.717773,3086.385742,-127.434967,109.4878
LootedWorldX_ACTI.esp,0022795C,00082447,RadioDiamondCityReceiver,ACTI,2394.315674,4441.970215,755.552307,16.0428
LootedWorldX_ACTI.esp,000A68C4,000302DC,Empty_NukaColaMachine,ACTI,1453.824707,1486.827637,403.877655,287.2338
LootedWorldX_ACTI.esp,0019AB76,00082447,RadioDiamondCityReceiver,ACTI,3388.365479,4524.274902,333.000000,100.8863
LootedWorldX_ACTI.esp,000A770F,00143AD1,RadioDiamondCityReceiverOff,ACTI,1981.615967,2950.895752,633.000000,225.0000
LootedWorldX_ACTI.esp,000A53B1,000302DC,Empty_NukaColaMachine,ACTI,155.528915,2282.917969,271.000000,261.3021
LootedWorldX_ACTI.esp,0303E18E,00074841,RadioStaticOff,ACTI,371.521423,-707.938416,105.937500,342.8113
LootedWorldX_ACTI.esp,0303E153,000302DC,Empty_NukaColaMachine,ACTI,352.097900,-1997.082153,0.000000,182.3833
LootedWorldX_ACTI.esp,001D5548,001D5539,RadioInstitutePAReceiver,ACTI,3403.206299,615.600708,495.019409,0.0000
LootedWorldX_ACTI.esp,001D5547,001D5539,RadioInstitutePAReceiver,ACTI,3042.875732,2784.812500,489.540405,0.0000
LootedWorldX_ACTI.esp,001D5546,001D5539,RadioInstitutePAReceiver,ACTI,1778.940796,1517.486328,796.463013,0.0000
LootedWorldX_ACTI.esp,0022CFE5,00249235,LunchBoxKidsACTGre,ACTI,3876.267578,5588.437500,4141.803223,146.8770
LootedWorldX_ACTI.esp,001C036F,00082447,RadioDiamondCityReceiver,ACTI,3802.386475,5173.875977,4175.254883,152.5893
LootedWorldX_ACTI.esp,001A8E05,00143AD1,RadioDiamondCityReceiverOff,ACTI,-3757.504150,-791.312683,-868.011597,315.0000
LootedWorldX_ACTI.esp,00131C3A,00082447,RadioDiamondCityReceiver,ACTI,-2335.120361,-3760.769043,-990.341919,142.2764
LootedWorldX_ACTI.esp,001309CC,00082447,RadioDiamondCityReceiver,ACTI,-2477.339844,202.871216,-869.312500,0.0000
LootedWorldX_ACTI.esp,000200A1,00143AD1,RadioDiamondCityReceiverOff,ACTI,-3952.266113,-3712.018066,-440.625000,292.9183
LootedWorldX_ACTI.esp,0001D780,00143AD1,RadioDiamondCityReceiverOff,ACTI,-3018.284912,-6868.584961,-902.518860,358.6236
LootedWorldX_ACTI.esp,0001D77C,000302DC,Empty_NukaColaMachine,ACTI,-2944.000000,-8776.000000,-912.000000,179.9996
LootedWorldX_ACTI.esp,0020B19D,000302DC,Empty_NukaColaMachine,ACTI,-823.580261,2929.468506,-1151.769531,90.0000
LootedWorldX_ACTI.esp,0020B0F0,00143AD1,RadioDiamondCityReceiverOff,ACTI,1065.992920,3797.695557,-810.937500,350.8326
LootedWorldX_ACTI.esp,0020B054,0019C937,EatOTronic01Dirty,ACTI,984.597595,2320.000000,-773.124817,0.0000
LootedWorldX_ACTI.esp,0018C1A7,001796A6,MonkeyTrapTrigger,ACTI,-3754.507812,2426.803711,-817.644470,180.0000
LootedWorldX_ACTI.esp,001653BE,00143AD1,RadioDiamondCityReceiverOff,ACTI,-296.311951,3697.980713,-826.981323,90.0000
LootedWorldX_ACTI.esp,000FC300,00143AD1,RadioDiamondCityReceiverOff,ACTI,-505.686340,2871.524170,-820.106384,178.0858
LootedWorldX_ACTI.esp,0018C1A8,00142F88,TrapCymbalMonkey,ACTI,-3881.804687,2427.996338,-897.838867,90.0000
LootedWorldX_ACTI.esp,000D6C67,00143AD1,RadioDiamondCityReceiverOff,ACTI,2550.802490,-262.904419,128.585464,15.9972
LootedWorldX_ACTI.esp,00139125,00143AD1,RadioDiamondCityReceiverOff,ACTI,1214.929199,-252.839218,154.310211,246.5541
LootedWorldX_ACTI.esp,001C3017,0019C937,EatOTronic01Dirty,ACTI,1378.922729,2406.220703,-2688.739014,12.0212
LootedWorldX_ACTI.esp,001C3016,0019C937,EatOTronic01Dirty,ACTI,1201.648926,1964.518677,-2687.999756,90.0000
LootedWorldX_ACTI.esp,000CF745,0019F4C6,PortADiner01Dirty,ACTI,1802.576294,2338.424561,-3197.877197,42.2270
LootedWorldX_ACTI.esp,000CF751,0019F4C7,PortADiner01DirtyDoor,CONT,1802.576294,2338.424561,-3197.877197,42.2270
LootedWorldX_ACTI.esp,0022F115,001C5E6F,Jukebox01,ACTI,-1084.037354,-501.886353,15.162354,89.9999
LootedWorldX_ACTI.esp,03027003,0300A2BF,DLC03_VimColaMachine,ACTI,-4442.949219,-334.849792,32.081665,38.3882
LootedWorldX_ACTI.esp,030249A3,0019C937,EatOTronic01Dirty,ACTI,-1311.296387,-1348.391724,-368.000000,271.6732
LootedWorldX_ACTI.esp,0022C30B,0024923B,LunchBoxKidsACTSe,ACTI,-127.078354,3240.088379,-123.459328,67.4721
LootedWorldX_ACTI.esp,0021A131,001796A6,MonkeyTrapTrigger,ACTI,-729.043823,870.670227,-162.273376,90.0000
LootedWorldX_ACTI.esp,00218FC7,001796A6,MonkeyTrapTrigger,ACTI,-2873.566895,1854.068359,354.059998,135.8365
LootedWorldX_ACTI.esp,00165147,000302DC,Empty_NukaColaMachine,ACTI,-841.083313,-1211.886353,641.486633,0.9737
LootedWorldX_ACTI.esp,000D3E3F,00143AD1,RadioDiamondCityReceiverOff,ACTI,-1645.324463,1733.428955,-328.000031,185.2478
LootedWorldX_ACTI.esp,00077B1E,000302DC,Empty_NukaColaMachine,ACTI,-340.622467,1092.826660,-256.000000,90.0000
LootedWorldX_ACTI.esp,0021A132,00142F88,TrapCymbalMonkey,ACTI,-823.998230,698.264038,-151.289886,30.0000
LootedWorldX_ACTI.esp,00218FC8,00142F88,TrapCymbalMonkey,ACTI,-2990.878174,1740.637207,272.130981,45.8366
LootedWorldX_ACTI.esp,00024340,000302DC,Empty_NukaColaMachine,ACTI,-1423.123535,376.043793,255.999985,179.9087
LootedWorldX_ACTI.esp,00029953,00082447,RadioDiamondCityReceiver,ACTI,2345.570068,3288.746338,362.863647,193.8424
LootedWorldX_ACTI.esp,0023B0C0,0024922D,LunchBoxKidsACTZi,ACTI,1596.297485,4323.771973,3971.917236,359.9607
LootedWorldX_ACTI.esp,0021544F,000302DC,Empty_NukaColaMachine,ACTI,311.468018,5059.075195,3968.000000,1.2753
LootedWorldX_ACTI.esp,0022C3CC,00249233,LunchBoxKidsACTCon,ACTI,-185.563187,1112.794800,898.146240,158.9174
LootedWorldX_ACTI.esp,0022C35B,0019C937,EatOTronic01Dirty,ACTI,268.899017,1069.610718,897.787537,181.4276
LootedWorldX_ACTI.esp,0021FB50,0024923A,LunchBoxKidsACTSa,ACTI,-1589.339111,1310.911865,-244.057632,168.0494
LootedWorldX_ACTI.esp,000E1B9B,00082447,RadioDiamondCityReceiver,ACTI,884.572998,90.047142,-351.343719,20.0535
LootedWorldX_ACTI.esp,0021722A,00143AD1,RadioDiamondCityReceiverOff,ACTI,-326.165588,1985.599243,-583.500000,45.0000
LootedWorldX_ACTI.esp,00217229,00143AD1,RadioDiamondCityReceiverOff,ACTI,-1047.135132,1935.298584,-584.156250,270.0000
LootedWorldX_ACTI.esp,0018AABE,00143AD1,RadioDiamondCityReceiverOff,ACTI,-1732.191162,1823.319946,-918.000000,200.5353
LootedWorldX_ACTI.esp,00185E0B,001796A6,MonkeyTrapTrigger,ACTI,-1188.268433,1240.255493,-14.808727,90.0000
LootedWorldX_ACTI.esp,0010D456,0003949B,MilkVendingMachine,ACTI,-1514.490845,2350.351074,-128.895279,357.1352
LootedWorldX_ACTI.esp,0006BA7D,0003949B,MilkVendingMachine,ACTI,-380.651581,2995.407715,-632.716492,250.6017
LootedWorldX_ACTI.esp,0006BA7C,0003949B,MilkVendingMachine,ACTI,-1227.691650,3232.664062,-128.000000,90.0000
LootedWorldX_ACTI.esp,00187548,00142F88,TrapCymbalMonkey,ACTI,-1079.563721,1414.599243,-126.157272,249.4650
LootedWorldX_ACTI.esp,00187547,00142F88,TrapCymbalMonkey,ACTI,-1069.130249,1467.980957,-128.439575,238.0059
LootedWorldX_ACTI.esp,00187546,00142F88,TrapCymbalMonkey,ACTI,-1000.239563,1456.375854,-104.661705,255.1946
LootedWorldX_ACTI.esp,00185E0D,00142F88,TrapCymbalMonkey,ACTI,-1012.111755,1404.154297,-104.280312,249.4650
LootedWorldX_ACTI.esp,00185E0C,00142F88,TrapCymbalMonkey,ACTI,-1053.326782,1370.451416,-126.157272,266.6536
LootedWorldX_ACTI.esp,000E9B2E,000302DC,Empty_NukaColaMachine,ACTI,4281.995605,2906.362549,-0.410866,63.0251
LootedWorldX_ACTI.esp,001DE887,00143AD1,RadioDiamondCityReceiverOff,ACTI,47.203445,-659.833862,98.125465,10.7716
LootedWorldX_ACTI.esp,000E4379,000302DC,Empty_NukaColaMachine,ACTI,-4062.398437,1853.438110,0.000000,197.8647
LootedWorldX_ACTI.esp,000A4980,000302DC,Empty_NukaColaMachine,ACTI,-4990.913086,1274.049927,-276.676605,102.7463
LootedWorldX_ACTI.esp,0021FBB3,00143AD1,RadioDiamondCityReceiverOff,ACTI,1620.318115,1666.179077,345.392334,180.0000
LootedWorldX_ACTI.esp,0022326F,00143AD1,RadioDiamondCityReceiverOff,ACTI,-463.412323,630.273621,234.000000,54.4310
LootedWorldX_ACTI.esp,06049930,00074841,RadioStaticOff,ACTI,-9009.545898,8301.135742,1184.187134,268.1443
LootedWorldX_ACTI.esp,0602E2C8,001796A6,MonkeyTrapTrigger,ACTI,-3654.463379,-4083.631836,888.020508,270.0000
LootedWorldX_ACTI.esp,06029C91,001796A6,MonkeyTrapTrigger,ACTI,-7314.856445,6092.891602,744.000000,0.0000
LootedWorldX_ACTI.esp,06029C90,001796A6,MonkeyTrapTrigger,ACTI,-7065.971191,6232.710449,758.806152,0.0000
LootedWorldX_ACTI.esp,0602E2C9,0014BED3,TrapCymbalMonkey02,ACTI,-3673.814697,-3644.547119,854.822998,177.1809
LootedWorldX_ACTI.esp,001D5545,001D5539,RadioInstitutePAReceiver,ACTI,-548.858032,1780.775635,1237.582886,0.0000
LootedWorldX_ACTI.esp,0022DE19,000302DC,Empty_NukaColaMachine,ACTI,-3448.218750,-3881.112793,-411.041016,171.1648
LootedWorldX_ACTI.esp,000C7629,0019F4C6,PortADiner01Dirty,ACTI,-1469.929443,-784.761963,356.985962,90.0001
LootedWorldX_ACTI.esp,000C7627,0019C937,EatOTronic01Dirty,ACTI,-2645.930176,-776.760742,396.958984,90.0001
LootedWorldX_ACTI.esp,000C7572,0004763D,Empty_NukaColaMachineBroken,ACTI,-2064.509521,-688.944214,358.558105,2.9219
LootedWorldX_ACTI.esp,000C762A,0019F4C7,PortADiner01DirtyDoor,CONT,-1469.929443,-784.761963,356.985962,90.0001
LootedWorldX_ACTI.esp,002460B7,0024922E,LunchBoxKidsACTAc,ACTI,2166.146729,-181.758957,109.188675,357.0954
LootedWorldX_ACTI.esp,000AFB6C,00143AD1,RadioDiamondCityReceiverOff,ACTI,4901.890625,45.127151,117.596985,174.7521
LootedWorldX_ACTI.esp,0009F4CE,00143AD1,RadioDiamondCityReceiverOff,ACTI,3927.862793,156.546585,297.138336,269.7591
LootedWorldX_ACTI.esp,001AF354,00143AD1,RadioDiamondCityReceiverOff,ACTI,1345.963379,-378.409576,-953.456055,0.0000
LootedWorldX_ACTI.esp,001AF2E1,00143AD1,RadioDiamondCityReceiverOff,ACTI,162.839737,-1096.527832,-975.406250,0.0000
LootedWorldX_ACTI.esp,001AF203,0019C937,EatOTronic01Dirty,ACTI,-1360.413208,-2286.830566,-893.946716,270.0000
LootedWorldX_ACTI.esp,001AF20B,000302DC,Empty_NukaColaMachine,ACTI,-1759.850220,-2884.871826,-896.000000,182.8644
LootedWorldX_ACTI.esp,00217624,00249232,LunchBoxKidsACTCo,ACTI,3071.515869,631.060608,312.446350,175.3240
LootedWorldX_ACTI.esp,00045348,000302DC,Empty_NukaColaMachine,ACTI,3264.000000,800.000122,256.000000,0.0000
LootedWorldX_ACTI.esp,00139381,00143AD1,RadioDiamondCityReceiverOff,ACTI,2598.373779,169.725327,-248.478912,29.2202
LootedWorldX_ACTI.esp,0018A6E3,00082447,RadioDiamondCityReceiver,ACTI,-776.165100,2295.367188,672.500000,63.0254
LootedWorldX_ACTI.esp,000E0E1A,000302DC,Empty_NukaColaMachine,ACTI,104.871704,3341.948730,305.865295,270.0000
LootedWorldX_ACTI.esp,001343ED,000302DC,Empty_NukaColaMachine,ACTI,1992.916016,2018.522461,-776.058777,162.3290
LootedWorldX_ACTI.esp,000746B6,000302DC,Empty_NukaColaMachine,ACTI,3746.292969,2375.135742,-1023.999878,162.3290
LootedWorldX_ACTI.esp,0006388A,001796A6,MonkeyTrapTrigger,ACTI,2636.272949,2096.273193,445.559265,217.4829
LootedWorldX_ACTI.esp,0006388B,00142F88,TrapCymbalMonkey,ACTI,2498.987793,2066.864990,423.329376,70.1872
LootedWorldX_ACTI.esp,0022FF3A,00143AD1,RadioDiamondCityReceiverOff,ACTI,1954.676392,2833.455566,1894.241699,68.0674
LootedWorldX_ACTI.esp,002180E7,0019C937,EatOTronic01Dirty,ACTI,1842.553711,2119.353760,315.205536,40.0009
LootedWorldX_ACTI.esp,000878C5,00143AD1,RadioDiamondCityReceiverOff,ACTI,316.042542,2835.321533,568.156250,318.4605
LootedWorldX_ACTI.esp,06025B41,06025B40,DLC04RaiderRadioReceiver,ACTI,1479.054688,1704.964600,1297.440552,172.5966
LootedWorldX_ACTI.esp,0601CF6F,000302DC,Empty_NukaColaMachine,ACTI,791.741333,1238.905029,194.990067,37.5966
LootedWorldX_ACTI.esp,002311DF,0024922B,LunchBoxKidsACT01,ACTI,1839.809937,2199.849609,-1883.065063,190.5723
LootedWorldX_ACTI.esp,002302A8,0019C937,EatOTronic01Dirty,ACTI,1137.221802,1001.362488,-2436.388184,270.0000
LootedWorldX_ACTI.esp,0022E156,00143AD1,RadioDiamondCityReceiverOff,ACTI,1984.769897,2983.065918,-2144.867187,40.5533
LootedWorldX_ACTI.esp,00228A86,00082447,RadioDiamondCityReceiver,ACTI,2924.395020,2978.602295,-2107.187500,73.9116
LootedWorldX_ACTI.esp,0022895A,0019C937,EatOTronic01Dirty,ACTI,2734.501465,2862.311523,-2451.729004,0.0000
LootedWorldX_ACTI.esp,000B0B78,0019F4C6,PortADiner01Dirty,ACTI,2782.044434,3555.587158,-2432.000000,25.7831
LootedWorldX_ACTI.esp,000927D4,000302DC,Empty_NukaColaMachine,ACTI,826.283325,880.290771,-2432.000000,2.8643
LootedWorldX_ACTI.esp,000B0B79,0019F4C7,PortADiner01DirtyDoor,CONT,2782.044434,3555.587158,-2432.000000,25.7831
LootedWorldX_ACTI.esp,001F79F3,001C5E6F,Jukebox01,ACTI,242.975739,510.634613,255.967438,90.0000
LootedWorldX_ACTI.esp,001E146A,0019C937,EatOTronic01Dirty,ACTI,-520.323914,513.158203,0.024658,270.0000
LootedWorldX_ACTI.esp,000E9365,000302DC,Empty_NukaColaMachine,ACTI,-732.085693,2072.751221,0.000000,21.1995
LootedWorldX_ACTI.esp,000E852B,000302DC,Empty_NukaColaMachine,ACTI,-841.727722,2074.094727,0.000000,351.4056
LootedWorldX_ACTI.esp,002263BF,001796A6,MonkeyTrapTrigger,ACTI,2550.105713,2188.067871,144.319641,141.5089
LootedWorldX_ACTI.esp,002263C0,00142F88,TrapCymbalMonkey,ACTI,2449.728027,2109.773193,64.125305,51.5089
LootedWorldX_ACTI.esp,0022883C,0019C937,EatOTronic01Dirty,ACTI,2290.285400,-1374.114014,910.554199,0.0001
LootedWorldX_ACTI.esp,002287C0,000302DC,Empty_NukaColaMachine,ACTI,2595.888184,-319.823883,927.647949,85.9443
LootedWorldX_ACTI.esp,001F5E3E,00143AD1,RadioDiamondCityReceiverOff,ACTI,5409.567871,4592.500977,873.561646,116.1672
LootedWorldX_ACTI.esp,001D5544,001D5539,RadioInstitutePAReceiver,ACTI,-864.749695,1617.773926,1015.809082,228.2198
LootedWorldX_ACTI.esp,001D5543,001D5539,RadioInstitutePAReceiver,ACTI,53.354317,2509.841309,1093.960571,0.0000
LootedWorldX_ACTI.esp,001ADCE7,000CA89D,RadioInstituteReceiver,ACTI,448.180054,2140.000000,142.470215,90.0000
LootedWorldX_ACTI.esp,0021769E,0024922D,LunchBoxKidsACTZi,ACTI,2319.989990,219.919617,-250.695938,354.0890
LootedWorldX_ACTI.esp,0022C4E5,00249236,LunchBoxKidsACTJa,ACTI,-325.361420,-321.451050,-825.240295,64.4271
LootedWorldX_ACTI.esp,001C47FF,000302DC,Empty_NukaColaMachine,ACTI,-1221.513672,-160.527710,-384.000000,268.5671
LootedWorldX_ACTI.esp,00218C3D,00218C3C,RadioRailroadReceiver,ACTI,12798.537109,1349.077026,56.590572,297.9382
LootedWorldX_ACTI.esp,0017D9A4,00143AD1,RadioDiamondCityReceiverOff,ACTI,14198.874023,909.671814,129.410126,104.6968
LootedWorldX_ACTI.esp,002112E2,0024922B,LunchBoxKidsACT01,ACTI,3237.647217,640.448364,332.788818,359.4183
LootedWorldX_ACTI.esp,000801DF,000302DC,Empty_NukaColaMachine,ACTI,2947.420654,460.867279,256.374481,270.0000
LootedWorldX_ACTI.esp,0023CBC2,00249237,LunchBoxKidsACTJac,ACTI,1867.442993,3105.683350,-231.874710,0.0000
LootedWorldX_ACTI.esp,0022B8E1,00249233,LunchBoxKidsACTCon,ACTI,2692.635986,704.134094,-800.048828,94.3738
LootedWorldX_ACTI.esp,0016BB11,000302DC,Empty_NukaColaMachine,ACTI,3283.094238,2631.127930,-420.018311,2.8643
LootedWorldX_ACTI.esp,0604B062,06043A8F,DLC04LunchBoxKidsACT01,ACTI,11269.462891,-2800.767822,0.000015,0.0000
LootedWorldX_ACTI.esp,00230EF3,00143AD1,RadioDiamondCityReceiverOff,ACTI,-3405.753174,3122.997559,1456.824219,147.8231
LootedWorldX_ACTI.esp,000FCBEE,000248C2,Toilet01,ACTI,1302.829346,2192.089355,1392.000000,180.0002
LootedWorldX_ACTI.esp,000FCBED,000248C2,Toilet01,ACTI,1174.830322,2192.089844,1392.000000,180.0002
LootedWorldX_ACTI.esp,000C27DD,000248C2,Toilet01,ACTI,837.633850,-1280.000000,2176.000000,270.0002
LootedWorldX_ACTI.esp,000C272D,000248C2,Toilet01,ACTI,-256.001221,-655.994873,1664.000000,0.0002
LootedWorldX_ACTI.esp,000C2729,000248C2,Toilet01,ACTI,-384.001221,-639.994385,1664.000000,0.0002
LootedWorldX_ACTI.esp,000C0ECF,000248C2,Toilet01,ACTI,1535.772949,-1904.173462,1920.000000,180.0002
LootedWorldX_ACTI.esp,000C0ECD,000248C2,Toilet01,ACTI,1407.773926,-1904.172974,1920.000000,180.0002
LootedWorldX_ACTI.esp,00230E57,0024923C,LunchBoxKidsACTZan,ACTI,1996.172729,1883.467041,1666.264526,93.8786
LootedWorldX_ACTI.esp,0021FB7A,0024923B,LunchBoxKidsACTSe,ACTI,-134.606018,-58.453022,950.944031,177.4485
LootedWorldX_ACTI.esp,001C5103,00143AD1,RadioDiamondCityReceiverOff,ACTI,3017.059814,1878.534302,-1213.846558,279.7860
LootedWorldX_ACTI.esp,001076D1,000302DC,Empty_NukaColaMachine,ACTI,4543.098145,1423.086304,-1792.000122,272.6237
LootedWorldX_ACTI.esp,001076D0,000302DC,Empty_NukaColaMachine,ACTI,2043.602539,1950.974854,255.999969,269.7588
LootedWorldX_ACTI.esp,0022BA1E,0024922C,LunchBoxKidsACTSi,ACTI,4744.043945,1052.504761,7044.699219,359.8588
LootedWorldX_ACTI.esp,00225F97,0024922B,LunchBoxKidsACT01,ACTI,4352.275879,1981.023926,6787.915527,179.9832
LootedWorldX_ACTI.esp,00144D94,00091932,PlayerHouse_Ruin_Toilet01,STAT,3957.448242,2967.053955,7040.000000,270.0000
LootedWorldX_ACTI.esp,00144D89,00074841,RadioStaticOff,ACTI,4389.020996,3082.552979,7136.891113,89.1752
LootedWorldX_ACTI.esp,06056E36,06025B40,DLC04RaiderRadioReceiver,ACTI,1769.106201,2629.180176,393.163605,43.8315
LootedWorldX_ACTI.esp,06056D9C,000302DC,Empty_NukaColaMachine,ACTI,1033.912598,944.710449,256.000000,134.5099
LootedWorldX_ACTI.esp,060186EA,000302DC,Empty_NukaColaMachine,ACTI,964.926453,875.881287,256.000000,134.9994
LootedWorldX_ACTI.esp,001B9548,0007484B,RadioPreWar,ACTI,-998.103149,12870.166016,-2751.858887,225.0000
LootedWorldX_ACTI.esp,001719DC,0007484B,RadioPreWar,ACTI,-587.617493,14265.847656,-1912.000000,240.0000
LootedWorldX_ACTI.esp,001719DB,00082447,RadioDiamondCityReceiver,ACTI,-332.418671,15380.560547,-2201.792725,261.4056
LootedWorldX_ACTI.esp,001711E9,0003949B,MilkVendingMachine,ACTI,-792.195801,11950.527344,-2807.713135,0.0000
LootedWorldX_ACTI.esp,0013B9BD,000302DC,Empty_NukaColaMachine,ACTI,-806.118103,12049.249023,-2808.000000,271.1912
LootedWorldX_ACTI.esp,00215293,001C5E6F,Jukebox01,ACTI,3011.037354,-615.124573,-2432.000000,263.0789
LootedWorldX_ACTI.esp,00181786,001796A6,MonkeyTrapTrigger,ACTI,2015.766113,1512.183350,799.243896,270.0000
LootedWorldX_ACTI.esp,000AD856,00143AD1,RadioDiamondCityReceiverOff,ACTI,3352.397461,1531.820557,669.508545,136.0775
LootedWorldX_ACTI.esp,000AD855,00143AD1,RadioDiamondCityReceiverOff,ACTI,1624.306274,2378.115479,670.500000,271.1915
LootedWorldX_ACTI.esp,00181787,00142F88,TrapCymbalMonkey,ACTI,1914.455566,1717.177124,775.898132,180.0000
LootedWorldX_ACTI.esp,00216DAE,000302DC,Empty_NukaColaMachine,ACTI,7226.392090,2684.867676,1213.714478,225.7444
LootedWorldX_ACTI.esp,00216D8F,00249238,LunchBoxKidsACTJu,ACTI,7065.436523,2736.718262,1088.772095,0.0000
LootedWorldX_ACTI.esp,00193BFD,001796A6,MonkeyTrapTrigger,ACTI,8592.504883,4715.202148,1282.459229,314.9911
LootedWorldX_ACTI.esp,00193BFE,00142F88,TrapCymbalMonkey,ACTI,8740.709961,4478.370117,1270.308228,349.0591
LootedWorldX_ACTI.esp,0015BB43,00142F88,TrapCymbalMonkey,ACTI,8671.040039,4331.775391,1213.714478,356.5075
LootedWorldX_ACTI.esp,0015BB25,00142F88,TrapCymbalMonkey,ACTI,8188.491211,4778.282227,1319.714478,92.7646
LootedWorldX_ACTI.esp,0015BAD5,00142F88,TrapCymbalMonkey,ACTI,8627.977539,4316.307617,1298.459473,359.3722
LootedWorldX_ACTI.esp,0015BA89,00142F88,TrapCymbalMonkey,ACTI,8448.215820,4447.356445,1433.902832,151.5430
LootedWorldX_ACTI.esp,00157C40,00142F88,TrapCymbalMonkey,ACTI,8290.825195,4572.196289,1271.820801,83.8834
LootedWorldX_ACTI.esp,00157C3E,00142F88,TrapCymbalMonkey,ACTI,8443.377930,4330.396484,1327.821289,26.8744
LootedWorldX_ACTI.esp,00157C3D,00142F88,TrapCymbalMonkey,ACTI,8478.704102,4303.813477,1230.221191,15.9881
LootedWorldX_ACTI.esp,00157C3C,00142F88,TrapCymbalMonkey,ACTI,8177.491211,4610.079102,1277.714478,81.8784
LootedWorldX_ACTI.esp,00157C3B,00142F88,TrapCymbalMonkey,ACTI,8379.868164,4652.861328,1419.273438,28.4570
LootedWorldX_ACTI.esp,0019B4C6,00096EAD,MS11RadioReceiver,ACTI,902.062256,-1101.006958,-1781.081543,51.5662
LootedWorldX_ACTI.esp,0018E792,000B9807,RadioStatic,ACTI,597.991821,-2234.925537,-1821.156494,225.0000
LootedWorldX_ACTI.esp,00096EB0,00096EAD,MS11RadioReceiver,ACTI,167.805939,-188.138565,-1942.761597,269.2902
LootedWorldX_ACTI.esp,00096EAF,00096EAD,MS11RadioReceiver,ACTI,259.989746,-99.047485,-2140.099121,269.2903
LootedWorldX_ACTI.esp,00096EAE,00096EAD,MS11RadioReceiver,ACTI,267.011108,-104.696899,-2395.902344,269.2902
LootedWorldX_ACTI.esp,0021765E,00249239,LunchBoxKidsACTN,ACTI,2630.679443,3406.789062,333.952026,92.8173
LootedWorldX_ACTI.esp,001B0187,0019C937,EatOTronic01Dirty,ACTI,2196.854492,4656.037109,265.248688,3.1294
LootedWorldX_ACTI.esp,001505F5,000302DC,Empty_NukaColaMachine,ACTI,3337.884521,2491.176758,256.000000,175.9441
LootedWorldX_ACTI.esp,000B3CF9,00143AD1,RadioDiamondCityReceiverOff,ACTI,1471.717651,5108.245117,568.000000,264.0295
LootedWorldX_ACTI.esp,000B01AE,00143AD1,RadioDiamondCityReceiverOff,ACTI,3495.801514,3912.556641,256.000000,0.0000
LootedWorldX_ACTI.esp,00058DAC,00091932,PlayerHouse_Ruin_Toilet01,STAT,1448.718140,3331.697266,195.142639,234.8985
LootedWorldX_ACTI.esp,00058CDE,00091932,PlayerHouse_Ruin_Toilet01,STAT,1536.000000,3408.000000,256.000000,0.0000
LootedWorldX_ACTI.esp,0019F90E,00143AD1,RadioDiamondCityReceiverOff,ACTI,8113.646484,-10770.791992,-296.624939,165.0000
LootedWorldX_ACTI.esp,0019F615,0007484B,RadioPreWar,ACTI,7203.828125,-10322.917969,-583.500000,143.9494
LootedWorldX_ACTI.esp,0019E894,00143AD1,RadioDiamondCityReceiverOff,ACTI,6120.636719,-5686.575684,-417.499969,189.0761
LootedWorldX_ACTI.esp,001D554A,001D5539,RadioInstitutePAReceiver,ACTI,377.276154,1127.366943,6911.704590,0.0000
LootedWorldX_ACTI.esp,001D5549,001D5539,RadioInstitutePAReceiver,ACTI,-399.625916,1880.112915,6859.572266,137.5099
LootedWorldX_ACTI.esp,00203DE6,00143AD1,RadioDiamondCityReceiverOff,ACTI,369.231293,-1314.790283,874.000000,234.2359
LootedWorldX_ACTI.esp,0009D9FB,0004763D,Empty_NukaColaMachineBroken,ACTI,1487.597656,183.206543,1304.185791,359.3296
LootedWorldX_ACTI.esp,0009D9ED,000302DC,Empty_NukaColaMachine,ACTI,1574.748047,198.093262,1280.000000,180.4816
LootedWorldX_ACTI.esp,0009D61B,000302DC,Empty_NukaColaMachine,ACTI,1426.788086,616.489868,0.000000,17.1886
LootedWorldX_ACTI.esp,0022F7CF,00249230,LunchBoxKidsACTAn,ACTI,2164.548096,1158.770142,31.356562,136.0766
LootedWorldX_ACTI.esp,0021B6C1,0004763D,Empty_NukaColaMachineBroken,ACTI,-3012.864258,-66.469131,-1280.000000,259.7323
LootedWorldX_ACTI.esp,0021B6C0,000302DC,Empty_NukaColaMachine,ACTI,-3014.043213,140.768295,-1280.000000,268.3262
LootedWorldX_ACTI.esp,0021B684,0019C937,EatOTronic01Dirty,ACTI,-2268.617432,-506.649261,-2298.968750,0.0000
LootedWorldX_ACTI.esp,0021B66C,00143AD1,RadioDiamondCityReceiverOff,ACTI,-2217.437012,135.231720,-2503.333740,322.7576
LootedWorldX_ACTI.esp,001F82E8,00143AD1,RadioDiamondCityReceiverOff,ACTI,2920.928467,2350.067871,-1215.976440,0.0000
LootedWorldX_ACTI.esp,001F82E2,00143AD1,RadioDiamondCityReceiverOff,ACTI,4498.355957,893.319946,-1202.000000,0.0000
LootedWorldX_ACTI.esp,001F82E1,00143AD1,RadioDiamondCityReceiverOff,ACTI,2864.227051,998.439514,-967.390198,135.0000
LootedWorldX_ACTI.esp,001F81F8,0019C937,EatOTronic01Dirty,ACTI,1904.547607,544.413330,-1020.347656,270.0000
LootedWorldX_ACTI.esp,0022C51E,0024922C,LunchBoxKidsACTSi,ACTI,-755.548218,409.504364,-313.546600,2.7043
LootedWorldX_ACTI.esp,0022C51B,00143AD1,RadioDiamondCityReceiverOff,ACTI,-870.448242,411.542236,-213.535553,247.5000
LootedWorldX_ACTI.esp,002391B4,0007484B,RadioPreWar,ACTI,-732.048645,-828.161865,-740.826111,80.2141
LootedWorldX_ACTI.esp,001B2378,001B2375,RadioInstituteReceiverPreWar,ACTI,-2773.349365,-4748.519043,16.695957,91.6732
LootedWorldX_ACTI.esp,001B2376,001B2375,RadioInstituteReceiverPreWar,ACTI,-2782.278809,-2407.850342,-727.500000,91.6733
LootedWorldX_ACTI.esp,001B2374,001B2370,RadioDiamondCityReceiverNew,ACTI,-876.316040,-5292.524902,-471.863831,126.0507
LootedWorldX_ACTI.esp,001B2373,001B2370,RadioDiamondCityReceiverNew,ACTI,-4310.544434,-1049.198608,-633.627991,126.0507
LootedWorldX_ACTI.esp,001B2371,001B2370,RadioDiamondCityReceiverNew,ACTI,-2213.659668,-5031.651855,-450.222473,183.3466
LootedWorldX_ACTI.esp,0019D8A0,001B2370,RadioDiamondCityReceiverNew,ACTI,-2310.311768,-2480.269287,-527.648437,150.0000
LootedWorldX_ACTI.esp,0019D898,0007484B,RadioPreWar,ACTI,-3242.606934,-2515.059326,-433.117187,188.1128
LootedWorldX_ACTI.esp,0019D897,001B2370,RadioDiamondCityReceiverNew,ACTI,-2753.154053,-963.042175,-433.291260,342.8113
LootedWorldX_ACTI.esp,0019D896,0007484B,RadioPreWar,ACTI,-1101.736084,-348.230072,-472.031250,75.0000
LootedWorldX_ACTI.esp,0022C4C1,00143AD1,RadioDiamondCityReceiverOff,ACTI,-285.431549,-61.228542,-173.000061,292.5000
LootedWorldX_ACTI.esp,001ACC9D,0019F4C6,PortADiner01Dirty,ACTI,-490.992920,-486.619110,-251.000000,225.0001
LootedWorldX_ACTI.esp,001ACC9E,0019F4C7,PortADiner01DirtyDoor,CONT,-490.992920,-486.619110,-251.000000,225.0001
LootedWorldX_ACTI.esp,002112E6,00249239,LunchBoxKidsACTN,ACTI,2622.875732,5552.476074,303.902069,239.3715
LootedWorldX_ACTI.esp,001EB3F4,0019F4C6,PortADiner01Dirty,ACTI,2831.297363,5609.194824,248.267410,0.0000
LootedWorldX_ACTI.esp,0007DB9A,000302DC,Empty_NukaColaMachine,ACTI,1943.659546,2705.037109,494.808167,180.0000
LootedWorldX_ACTI.esp,0007DB86,000302DC,Empty_NukaColaMachine,ACTI,1836.304565,2757.508545,497.571136,180.0000
LootedWorldX_ACTI.esp,000451FE,0019C937,EatOTronic01Dirty,ACTI,3048.000000,5664.000000,248.000000,180.0001
LootedWorldX_ACTI.esp,001EB3F5,0019F4C7,PortADiner01DirtyDoor,CONT,2831.297363,5609.194824,248.267410,0.0000
LootedWorldX_ACTI.esp,0014507C,0014507B,RadioInstituteReceiverOff,ACTI,3101.315186,6063.841309,816.156250,90.0001
LootedWorldX_ACTI.esp,00152472,001796A6,MonkeyTrapTrigger,ACTI,-966.493286,1495.175537,144.743301,268.7628
LootedWorldX_ACTI.esp,00152473,00142F88,TrapCymbalMonkey,ACTI,-1106.807983,1619.471924,64.548981,178.7629
LootedWorldX_ACTI.esp,00115B22,0022E058,RadioSilverShroudReceiver,ACTI,1491.449219,-58.529495,56.999977,10.2677
LootedWorldX_ACTI.esp,0010AFA0,00143AD1,RadioDiamondCityReceiverOff,ACTI,2283.076904,-924.360046,94.100098,150.1149
LootedWorldX_ACTI.esp,06056E35,06025B40,DLC04RaiderRadioReceiver,ACTI,1437.887329,3041.606445,1358.468140,256.8677
LootedWorldX_ACTI.esp,06056E34,06025B40,DLC04RaiderRadioReceiver,ACTI,2189.431885,3366.292969,245.089600,205.3016
LootedWorldX_ACTI.esp,06056E33,06025B40,DLC04RaiderRadioReceiver,ACTI,2274.263916,1453.140259,307.042511,97.4028
LootedWorldX_ACTI.esp,0603FD24,00142F88,TrapCymbalMonkey,ACTI,2272.866943,1515.419434,306.806305,226.7874
LootedWorldX_ACTI.esp,03035F59,00249231,LunchBoxKidsACTBe,ACTI,-448.492706,942.591797,258.296539,358.1791
LootedWorldX_ACTI.esp,0604C0D0,000302DC,Empty_NukaColaMachine,ACTI,3571.879395,3398.317139,-383.814972,45.5501
LootedWorldX_ACTI.esp,06047DCB,06043A91,DLC04LunchBoxKidsACT02,ACTI,6557.894043,4237.922852,-447.646362,0.0000
LootedWorldX_ACTI.esp,0022E1FE,00249237,LunchBoxKidsACTJac,ACTI,941.099060,498.342194,37.479500,178.7137
LootedWorldX_ACTI.esp,0023A014,00249230,LunchBoxKidsACTAn,ACTI,-2452.141602,9013.365234,782.622253,135.0000
LootedWorldX_ACTI.esp,00239890,0024922F,LunchBoxKidsACTAd,ACTI,2741.197998,6828.941406,-77.433197,172.6516
LootedWorldX_ACTI.esp,002176A6,00249238,LunchBoxKidsACTJu,ACTI,2578.360107,8632.991211,-85.176041,244.0802
LootedWorldX_ACTI.esp,002176A5,0024922C,LunchBoxKidsACTSi,ACTI,1920.867676,7576.226562,-159.807678,188.9615
LootedWorldX_ACTI.esp,002176A4,0024923A,LunchBoxKidsACTSa,ACTI,2766.625732,4652.141602,-101.001083,174.1790
LootedWorldX_ACTI.esp,001C491C,000302DC,Empty_NukaColaMachine,ACTI,429.030304,10183.634766,272.347168,357.1347
LootedWorldX_ACTI.esp,001B3B9B,0019C937,EatOTronic01Dirty,ACTI,2107.310791,7597.575684,360.065735,359.9984
LootedWorldX_ACTI.esp,001A7403,000302DC,Empty_NukaColaMachine,ACTI,613.614075,5991.082520,-151.999969,0.4007
LootedWorldX_ACTI.esp,001A73CF,00082447,RadioDiamondCityReceiver,ACTI,1490.583374,6012.566895,-73.999954,296.9747
LootedWorldX_ACTI.esp,0014F65B,00143AD1,RadioDiamondCityReceiverOff,ACTI,7.981688,9972.820312,328.896973,268.3269
LootedWorldX_ACTI.esp,0021982B,00249233,LunchBoxKidsACTCon,ACTI,-560.551575,1104.817383,-1250.040161,257.8587
LootedWorldX_ACTI.esp,0009FA14,00143AD1,RadioDiamondCityReceiverOff,ACTI,543.842957,2444.875000,-747.453125,90.0000
LootedWorldX_ACTI.esp,0009F9F6,000302DC,Empty_NukaColaMachine,ACTI,503.052917,2299.572998,-768.000000,172.8492
LootedWorldX_ACTI.esp,002194C3,0024922C,LunchBoxKidsACTSi,ACTI,1016.891663,-815.663696,-236.848602,333.0200
LootedWorldX_ACTI.esp,002182F5,000B9807,RadioStatic,ACTI,-1017.372559,-715.414856,331.991089,327.9144
LootedWorldX_ACTI.esp,002182F4,000B9807,RadioStatic,ACTI,1275.321777,-1434.171143,-178.982056,127.1966
LootedWorldX_ACTI.esp,00218202,00143AD1,RadioDiamondCityReceiverOff,ACTI,-121.296791,2024.775024,64.000000,79.0682
LootedWorldX_ACTI.esp,00098CE6,00143AD1,RadioDiamondCityReceiverOff,ACTI,-1026.890991,0.220002,575.845032,239.6790
LootedWorldX_ACTI.esp,000985F3,00143AD1,RadioDiamondCityReceiverOff,ACTI,1229.996460,707.660828,542.592712,74.2368
LootedWorldX_ACTI.esp,0009854A,0019C937,EatOTronic01Dirty,ACTI,-1200.000000,640.000000,0.000000,90.0000
LootedWorldX_ACTI.esp,002176B7,00249239,LunchBoxKidsACTN,ACTI,3266.694092,1125.005981,110.791077,209.2665
LootedWorldX_ACTI.esp,00101D5A,000302DC,Empty_NukaColaMachine,ACTI,2619.016602,-506.591003,255.999985,262.5971
LootedWorldX_ACTI.esp,00190956,0014BED3,TrapCymbalMonkey02,ACTI,1737.206665,-239.409805,80.000000,120.3896
LootedWorldX_ACTI.esp,001FE854,000302DC,Empty_NukaColaMachine,ACTI,3037.716309,-2629.448975,704.000000,181.7646
LootedWorldX_ACTI.esp,001FA444,00143AD1,RadioDiamondCityReceiverOff,ACTI,2775.918945,-2976.848145,298.000000,286.6615
LootedWorldX_ACTI.esp,001FA443,00143AD1,RadioDiamondCityReceiverOff,ACTI,3984.557861,-1151.492065,249.132492,351.9787
LootedWorldX_ACTI.esp,001FA441,00143AD1,RadioDiamondCityReceiverOff,ACTI,4638.520996,-2219.358887,226.099365,286.6615
LootedWorldX_ACTI.esp,001A535C,00082447,RadioDiamondCityReceiver,ACTI,-332.085358,-1798.748657,223.999985,159.4645
LootedWorldX_ACTI.esp,00247F34,0024922B,LunchBoxKidsACT01,ACTI,3.289127,-163.568939,1966.755737,10.2643
LootedWorldX_ACTI.esp,00247F33,0024922B,LunchBoxKidsACT01,ACTI,36.196148,428.379364,2019.454834,352.0350
LootedWorldX_ACTI.esp,00247F32,0024922B,LunchBoxKidsACT01,ACTI,436.011719,-720.210938,1955.508789,0.0000
LootedWorldX_ACTI.esp,0022C54A,0024922F,LunchBoxKidsACTAd,ACTI,-245.136520,417.427948,1992.163574,331.3528
LootedWorldX_ACTI.esp,0014C103,00143AD1,RadioDiamondCityReceiverOff,ACTI,2124.560791,2594.488525,228.833649,318.9898
LootedWorldX_ACTI.esp,0010B48D,00143AD1,RadioDiamondCityReceiverOff,ACTI,1029.937378,451.797974,304.512939,352.3971
LootedWorldX_ACTI.esp,0005BAAC,00082447,RadioDiamondCityReceiver,ACTI,-1916.650757,-93.980286,312.499969,252.8113
LootedWorldX_ACTI.esp,00053803,000302DC,Empty_NukaColaMachine,ACTI,-319.156921,-1014.554993,640.000000,270.0000
LootedWorldX_ACTI.esp,0603663D,0004763D,Empty_NukaColaMachineBroken,ACTI,13248.367187,20467.404297,1792.000000,270.0452
LootedWorldX_ACTI.esp,0603633D,000302DC,Empty_NukaColaMachine,ACTI,13376.574219,21062.404297,1792.000000,168.8271
LootedWorldX_ACTI.esp,0015F9FC,00143AD1,RadioDiamondCityReceiverOff,ACTI,-1754.304810,2947.632568,266.084412,0.0000
LootedWorldX_ACTI.esp,0015F9D2,00143AD1,RadioDiamondCityReceiverOff,ACTI,-972.599487,2873.189209,311.848389,60.0000
LootedWorldX_ACTI.esp,0015F97E,00143AD1,RadioDiamondCityReceiverOff,ACTI,-2203.852295,1975.626099,311.874969,285.8367
LootedWorldX_ACTI.esp,0015F953,00143AD1,RadioDiamondCityReceiverOff,ACTI,-2229.540039,1507.025757,567.693359,228.5409
LootedWorldX_ACTI.esp,0015F949,00143AD1,RadioDiamondCityReceiverOff,ACTI,-1104.586304,1690.145386,567.687500,60.0000
LootedWorldX_ACTI.esp,0015F937,00143AD1,RadioDiamondCityReceiverOff,ACTI,-1639.635498,2152.040283,567.687500,150.0000
LootedWorldX_ACTI.esp,00113A78,000302DC,Empty_NukaColaMachine,ACTI,-1838.101562,2173.854736,-384.000000,274.0567
LootedWorldX_ACTI.esp,001139A3,000302DC,Empty_NukaColaMachine,ACTI,-955.223816,416.021851,0.000015,261.2797
LootedWorldX_ACTI.esp,000E648F,000302DC,Empty_NukaColaMachine,ACTI,-2466.908691,2251.173096,511.501740,269.1634
LootedWorldX_ACTI.esp,000AB819,00143AD1,RadioDiamondCityReceiverOff,ACTI,-1174.974121,2967.119385,523.379517,0.0000
LootedWorldX_ACTI.esp,000AB7FC,000302DC,Empty_NukaColaMachine,ACTI,342.197083,1961.987427,256.000000,257.8643
LootedWorldX_ACTI.esp,000AB613,0019C937,EatOTronic01Dirty,ACTI,-1007.710754,572.927856,-0.450657,90.0000
LootedWorldX_ACTI.esp,0006EA75,00091932,PlayerHouse_Ruin_Toilet01,STAT,2704.000000,3928.000000,0.000000,90.0000
LootedWorldX_ACTI.esp,00036681,000302DC,Empty_NukaColaMachine,ACTI,1632.000000,3112.000000,0.000000,180.1352
LootedWorldX_ACTI.esp,001C5EC5,0019F4C6,PortADiner01Dirty,ACTI,278.424835,-3596.402832,0.000000,357.1350
LootedWorldX_ACTI.esp,001C5EC0,0019C937,EatOTronic01Dirty,ACTI,-623.999939,-4079.936035,-0.985868,90.0000
LootedWorldX_ACTI.esp,0014E65C,00082447,RadioDiamondCityReceiver,ACTI,-454.791901,-3420.215332,78.001587,317.0280
LootedWorldX_ACTI.esp,001C5EC6,0019F4C7,PortADiner01DirtyDoor,CONT,278.424835,-3596.402832,0.000000,357.1350
LootedWorldX_ACTI.esp,0015B637,00143AD1,RadioDiamondCityReceiverOff,ACTI,2068.610352,1826.409912,449.089386,325.6225
LootedWorldX_ACTI.esp,0022B3BF,00143AD1,RadioDiamondCityReceiverOff,ACTI,11315.004883,-4804.666992,-232.669006,156.3035
LootedWorldX_ACTI.esp,0022CAF9,00143AD1,RadioDiamondCityReceiverOff,ACTI,-6368.862305,2376.419678,1746.939453,133.0949
LootedWorldX_ACTI.esp,0022CA9F,00143AD1,RadioDiamondCityReceiverOff,ACTI,-6566.531250,1761.692993,2182.247314,334.5462
LootedWorldX_ACTI.esp,0020E5FE,001796A6,MonkeyTrapTrigger,ACTI,-8963.216797,1986.709717,3175.440918,108.5612
LootedWorldX_ACTI.esp,06051444,06025B40,DLC04RaiderRadioReceiver,ACTI,302.193939,1300.838989,354.625000,228.2199
LootedWorldX_ACTI.esp,06018B4B,000302DC,Empty_NukaColaMachine,ACTI,1306.903564,1594.357910,256.558075,50.9088
LootedWorldX_ACTI.esp,06022BAC,000302DC,Empty_NukaColaMachine,ACTI,-818.817627,584.443298,-0.000061,196.2376
LootedWorldX_ACTI.esp,000CC061,00082447,RadioDiamondCityReceiver,ACTI,-355.006744,2452.954346,108.812500,162.2849
LootedWorldX_ACTI.esp,0010A7BC,00143AD1,RadioDiamondCityReceiverOff,ACTI,1547.613037,-429.806122,-221.201523,337.6546
LootedWorldX_ACTI.esp,06048268,06043A92,DLC04LunchBoxKidsACT03,ACTI,295.133331,2335.941162,35.528763,295.5423
LootedWorldX_ACTI.esp,00218A3F,00143AD1,RadioDiamondCityReceiverOff,ACTI,-815.110657,718.935303,124.937492,179.0799
LootedWorldX_ACTI.esp,00192726,00143AD1,RadioDiamondCityReceiverOff,ACTI,-952.354553,-95.667107,60.668182,184.0565
LootedWorldX_ACTI.esp,001926ED,00143AD1,RadioDiamondCityReceiverOff,ACTI,-176.421158,1061.137939,124.937492,69.4883
LootedWorldX_ACTI.esp,001926EC,00143AD1,RadioDiamondCityReceiverOff,ACTI,-174.101181,964.302307,124.937492,86.6537
LootedWorldX_ACTI.esp,001926C7,00143AD1,RadioDiamondCityReceiverOff,ACTI,-179.439194,976.647827,23.287050,347.4196
LootedWorldX_ACTI.esp,00055CEB,0004763D,Empty_NukaColaMachineBroken,ACTI,-1219.786011,1677.259277,0.375004,355.7038
LootedWorldX_ACTI.esp,0021FC64,0024922C,LunchBoxKidsACTSi,ACTI,-1004.644592,161.942535,56.459846,174.7896
LootedWorldX_ACTI.esp,0604B4DB,06043A91,DLC04LunchBoxKidsACT02,ACTI,-2567.675293,2661.232666,-481.273804,257.8329
LootedWorldX_ACTI.esp,0604B4D7,06043A91,DLC04LunchBoxKidsACT02,ACTI,-875.105225,3770.151123,-568.210938,150.4014
LootedWorldX_ACTI.esp,0601373A,00074841,RadioStaticOff,ACTI,-2440.000000,3512.000000,-481.495514,255.0000
LootedWorldX_ACTI.esp,00068B31,000302DC,Empty_NukaColaMachine,ACTI,285.429688,3430.925781,-769.000000,90.0000
LootedWorldX_ACTI.esp,00247F3B,0024922B,LunchBoxKidsACT01,ACTI,-3247.825928,1860.611206,573.777771,179.5744
LootedWorldX_ACTI.esp,00247F3A,0024922B,LunchBoxKidsACT01,ACTI,-2737.585205,1092.407593,164.351990,52.0675
LootedWorldX_ACTI.esp,00247F39,0024922B,LunchBoxKidsACT01,ACTI,584.582397,2319.922363,188.326309,0.0001
LootedWorldX_ACTI.esp,00247F38,0024922B,LunchBoxKidsACT01,ACTI,-616.342834,2611.782715,128.000000,121.9047
LootedWorldX_ACTI.esp,00247F37,0024922B,LunchBoxKidsACT01,ACTI,-852.264465,1283.646362,514.290894,219.9788
LootedWorldX_ACTI.esp,00247F36,0024922B,LunchBoxKidsACT01,ACTI,-1148.410767,1846.655273,514.486633,0.0000
LootedWorldX_ACTI.esp,00247F35,0024922B,LunchBoxKidsACT01,ACTI,-1645.081543,1444.775269,550.062500,338.5140
LootedWorldX_ACTI.esp,0023C591,00249234,LunchBoxKidsACTDon,ACTI,-2918.771729,2883.150879,169.414261,189.8103
LootedWorldX_ACTI.esp,00217634,00249236,LunchBoxKidsACTJa,ACTI,-570.967468,858.239868,568.452026,65.3168
LootedWorldX_ACTI.esp,0011B03F,00082447,RadioDiamondCityReceiver,ACTI,547.122375,-3375.729004,106.185539,141.8071
LootedWorldX_ACTI.esp,0011A440,000302DC,Empty_NukaColaMachine,ACTI,2299.750732,-2424.865234,65.895508,76.4897
LootedWorldX_ACTI.esp,0302C3C4,000CA89D,RadioInstituteReceiver,ACTI,3096.968018,3107.528809,293.183105,286.6612
LootedWorldX_ACTI.esp,00179029,000302DC,Empty_NukaColaMachine,ACTI,-310.186798,-219.480621,768.000000,266.2296
LootedWorldX_ACTI.esp,0017E715,00143AD1,RadioDiamondCityReceiverOff,ACTI,-866.421265,3581.966553,385.084503,225.0000
LootedWorldX_ACTI.esp,0017E653,00143AD1,RadioDiamondCityReceiverOff,ACTI,-55.403076,4667.463379,543.622131,149.2354
LootedWorldX_ACTI.esp,0017E652,00143AD1,RadioDiamondCityReceiverOff,ACTI,59.696213,4400.181641,361.937500,103.1324
LootedWorldX_ACTI.esp,0017E651,00143AD1,RadioDiamondCityReceiverOff,ACTI,1028.999512,2877.231689,256.000000,0.0000
LootedWorldX_ACTI.esp,00213F55,00249231,LunchBoxKidsACTBe,ACTI,4411.264648,1993.482300,4803.911621,0.0000
LootedWorldX_ACTI.esp,0017CE3B,001796A6,MonkeyTrapTrigger,ACTI,4362.324707,3021.896240,4239.564941,160.4739
LootedWorldX_ACTI.esp,0017CE3C,00142F88,TrapCymbalMonkey,ACTI,4212.071289,2954.632080,4255.492676,65.3173
LootedWorldX_ACTI.esp,0015EF85,00082447,RadioDiamondCityReceiver,ACTI,-4206.499023,-5451.094727,-1024.178467,235.3818
LootedWorldX_ACTI.esp,000F9001,00082447,RadioDiamondCityReceiver,ACTI,-1295.692993,-2039.337402,-725.108459,188.1128
LootedWorldX_ACTI.esp,001C7CAB,0019F4C6,PortADiner01Dirty,ACTI,271.061707,2350.163818,256.316895,228.0371
LootedWorldX_ACTI.esp,001C7CAC,0019F4C7,PortADiner01DirtyDoor,CONT,271.061707,2350.163818,256.316895,228.0371
LootedWorldX_ACTI.esp,0023B255,00249236,LunchBoxKidsACTJa,ACTI,-280.198975,2253.367188,-1694.980835,72.1673
LootedWorldX_ACTI.esp,00239660,00249237,LunchBoxKidsACTJac,ACTI,293.100800,5812.495605,-1719.651611,142.9514
LootedWorldX_ACTI.esp,0023964D,00249235,LunchBoxKidsACTGre,ACTI,1295.843994,961.637817,-1730.568115,225.0000
LootedWorldX_ACTI.esp,0023C442,0024923A,LunchBoxKidsACTSa,ACTI,2313.312012,1649.090088,91.523506,0.0000
LootedWorldX_ACTI.esp,0005351A,00091932,PlayerHouse_Ruin_Toilet01,STAT,1671.713379,2667.285156,77.000000,270.0000
LootedWorldX_ACTI.esp,00246B97,0024922B,LunchBoxKidsACT01,ACTI,-1141.134521,-1561.112915,156.000000,180.0000
LootedWorldX_ACTI.esp,001F2DCE,0019C937,EatOTronic01Dirty,ACTI,1098.978149,-1456.000000,0.957275,0.0000
LootedWorldX_ACTI.esp,001F2DCD,0004763D,Empty_NukaColaMachineBroken,ACTI,-888.332520,261.855194,0.383896,1.1460
LootedWorldX_ACTI.esp,000ED1CD,00143AD1,RadioDiamondCityReceiverOff,ACTI,1669.306519,577.509277,56.593765,91.6732
LootedWorldX_ACTI.esp,00237833,00143AD1,RadioDiamondCityReceiverOff,ACTI,3204.053223,913.192993,-934.812500,90.0000
LootedWorldX_ACTI.esp,0010B373,00143AD1,RadioDiamondCityReceiverOff,ACTI,2061.480469,-700.650940,-948.748352,306.1418
LootedWorldX_ACTI.esp,0010B248,000302DC,Empty_NukaColaMachine,ACTI,2394.881836,-1045.086060,-1014.785889,106.0427
LootedWorldX_ACTI.esp,0010B185,000302DC,Empty_NukaColaMachine,ACTI,4718.156250,-1910.325317,-384.002655,170.7870
LootedWorldX_ACTI.esp,001C8E49,0019C937,EatOTronic01Dirty,ACTI,9327.621094,13515.455078,-846.455994,102.4449
LootedWorldX_ACTI.esp,0017038F,001796A6,MonkeyTrapTrigger,ACTI,5366.490723,4925.927246,-600.267212,282.4228
LootedWorldX_ACTI.esp,0016569C,00091932,PlayerHouse_Ruin_Toilet01,STAT,8432.533203,11781.373047,-753.623840,193.8423
LootedWorldX_ACTI.esp,0015DC58,0019F4C6,PortADiner01Dirty,ACTI,6764.715332,5149.029297,-753.623840,102.4228
LootedWorldX_ACTI.esp,00129F64,000302DC,Empty_NukaColaMachine,ACTI,15324.110352,14888.529297,-432.262634,192.4231
LootedWorldX_ACTI.esp,00129F3E,000302DC,Empty_NukaColaMachine,ACTI,11712.360352,13039.147461,-857.866638,192.4231
LootedWorldX_ACTI.esp,00129F29,00143AD1,RadioDiamondCityReceiverOff,ACTI,11658.378906,13231.583008,-1103.982666,180.0000
LootedWorldX_ACTI.esp,00129E7D,00143AD1,RadioDiamondCityReceiverOff,ACTI,9582.558594,13643.470703,-834.035034,0.0000
LootedWorldX_ACTI.esp,00127277,000302DC,Empty_NukaColaMachine,ACTI,7300.295898,5359.291992,-754.446472,9.0766
LootedWorldX_ACTI.esp,00125E15,000302DC,Empty_NukaColaMachine,ACTI,4101.485840,6397.307129,-752.434448,278.3667
LootedWorldX_ACTI.esp,00170390,0014BED3,TrapCymbalMonkey02,ACTI,4925.883301,5472.208008,-722.405518,106.8691
LootedWorldX_ACTI.esp,0015DC59,0019F4C7,PortADiner01DirtyDoor,CONT,6764.715332,5149.029297,-753.623840,102.4228
LootedWorldX_ACTI.esp,06056E39,06025B40,DLC04RaiderRadioReceiver,ACTI,-1537.796387,1983.567139,1102.057129,0.0000
LootedWorldX_ACTI.esp,06048261,06043A91,DLC04LunchBoxKidsACT02,ACTI,-1759.403076,2056.416748,1050.694946,180.0861
LootedWorldX_ACTI.esp,0021BD14,0019C937,EatOTronic01Dirty,ACTI,880.028381,2.001183,1.652811,0.0000
LootedWorldX_ACTI.esp,0021BD13,0019C937,EatOTronic01Dirty,ACTI,-1283.520508,-628.441589,0.426611,270.0000
LootedWorldX_ACTI.esp,0021BCFB,00143AD1,RadioDiamondCityReceiverOff,ACTI,1276.382202,-323.464203,56.227795,179.4727
LootedWorldX_ACTI.esp,0019E1CB,00143AD1,RadioDiamondCityReceiverOff,ACTI,-1395.679688,2526.213867,568.156250,6.6931
LootedWorldX_ACTI.esp,00067172,000302DC,Empty_NukaColaMachine,ACTI,-75.995155,2540.518799,512.000000,89.9999
LootedWorldX_ACTI.esp,0006245B,000302DC,Empty_NukaColaMachine,ACTI,-1975.654541,-304.015228,0.000000,270.0000
LootedWorldX_ACTI.esp,0304B87C,0024922D,LunchBoxKidsACTZi,ACTI,3131.790039,3282.837891,394.925629,0.0000
LootedWorldX_ACTI.esp,0304B415,0019C937,EatOTronic01Dirty,ACTI,1852.310547,4489.125000,257.949585,0.0000
LootedWorldX_ACTI.esp,0304B414,0019C937,EatOTronic01Dirty,ACTI,3062.774414,4464.320801,384.749268,180.0000
LootedWorldX_ACTI.esp,0302C1B4,001C5E6F,Jukebox01,ACTI,2496.351318,4544.000488,256.000000,180.0002
LootedWorldX_ACTI.esp,0302C18F,000302DC,Empty_NukaColaMachine,ACTI,3392.000732,4103.999023,384.000000,90.0001
LootedWorldX_ACTI.esp,0302C187,0300A2BF,DLC03_VimColaMachine,ACTI,3392.000488,4007.999023,384.000000,90.0001
LootedWorldX_ACTI.esp,0023966E,0024923C,LunchBoxKidsACTZan,ACTI,2543.180420,1329.895996,-1440.048950,219.6302
LootedWorldX_ACTI.esp,0023966D,00249234,LunchBoxKidsACTDon,ACTI,2748.941406,4030.601318,-1370.057617,175.4076
LootedWorldX_ACTI.esp,001B4E29,0019C937,EatOTronic01Dirty,ACTI,2445.823242,-4373.218262,-96.000031,90.0000
LootedWorldX_ACTI.esp,00061DB0,00143AD1,RadioDiamondCityReceiverOff,ACTI,2803.378174,-3003.759033,-1119.800049,88.8084
LootedWorldX_ACTI.esp,0005C268,000302DC,Empty_NukaColaMachine,ACTI,4163.867187,-4327.366699,-1119.591675,91.4323
LootedWorldX_ACTI.esp,0004BFFF,000302DC,Empty_NukaColaMachine,ACTI,4657.517578,-4564.218750,-95.048996,31.2717
LootedWorldX_ACTI.esp,0303DF21,000B9807,RadioStatic,ACTI,704.734070,4884.101562,1811.724121,71.6197
LootedWorldX_ACTI.esp,0301C77E,001C5E6F,Jukebox01,ACTI,418.997131,5311.675293,1762.139526,239.4375
LootedWorldX_ACTI.esp,000DCF8F,000302DC,Empty_NukaColaMachine,ACTI,1220.723755,701.224060,129.895508,279.7858
LootedWorldX_ACTI.esp,000DCF07,000302DC,Empty_NukaColaMachine,ACTI,306.757172,-1176.269043,65.895508,191.4589
LootedWorldX_ACTI.esp,001EBC17,00143AD1,RadioDiamondCityReceiverOff,ACTI,692.064697,1278.767822,447.127014,0.0000
LootedWorldX_ACTI.esp,001E73A4,00143AD1,RadioDiamondCityReceiverOff,ACTI,587.341370,-615.120544,54.840855,104.9660
LootedWorldX_ACTI.esp,001E72AD,0019C937,EatOTronic01Dirty,ACTI,1029.107666,1391.582642,-1.143664,180.0000
LootedWorldX_ACTI.esp,001E727A,00143AD1,RadioDiamondCityReceiverOff,ACTI,1605.313965,1017.922607,56.518448,7.5631
LootedWorldX_ACTI.esp,001665D1,000302DC,Empty_NukaColaMachine,ACTI,997.999756,955.071472,0.006672,182.8644
LootedWorldX_ACTI.esp,0604ED44,06043A94,DLC04LunchBoxKidsACT05,ACTI,-1850.207642,-579.468628,-679.464722,62.0925
LootedWorldX_ACTI.esp,0604ED43,06043A93,DLC04LunchBoxKidsACT04,ACTI,-1869.342773,-543.310059,-679.464722,249.2368
LootedWorldX_ACTI.esp,0604ED42,06043A92,DLC04LunchBoxKidsACT03,ACTI,-1886.614746,-508.390106,-679.464722,68.7548
LootedWorldX_ACTI.esp,0600D045,000302DC,Empty_NukaColaMachine,ACTI,923.171265,1261.794312,256.000000,44.9994
LootedWorldX_ACTI.esp,0600CFD3,000CA89D,RadioInstituteReceiver,ACTI,435.537445,1643.634399,333.782806,284.3232
LootedWorldX_ACTI.esp,002176B5,00249231,LunchBoxKidsACTBe,ACTI,-423.641937,5715.693848,824.706604,80.2137
LootedWorldX_ACTI.esp,002112E3,0024922B,LunchBoxKidsACT01,ACTI,-40.300034,-866.133972,-494.086151,0.0000
LootedWorldX_ACTI.esp,001ACE11,000302DC,Empty_NukaColaMachine,ACTI,-431.087463,-1062.113159,-526.723022,268.3502
LootedWorldX_ACTI.esp,00225FFF,00143AD1,RadioDiamondCityReceiverOff,ACTI,3250.308105,5459.443848,768.657227,195.5155
LootedWorldX_ACTI.esp,002254B1,00249231,LunchBoxKidsACTBe,ACTI,3484.454834,5783.131836,535.951172,0.0000
LootedWorldX_ACTI.esp,00167D15,000302DC,Empty_NukaColaMachine,ACTI,4333.697266,3775.145752,95.968765,105.0230
LootedWorldX_ACTI.esp,002112E8,0024922D,LunchBoxKidsACTZi,ACTI,-206.720169,-68.553635,32.983418,265.4184
LootedWorldX_ACTI.esp,0021144D,00143AD1,RadioDiamondCityReceiverOff,ACTI,498.836578,-286.564850,-127.902199,190.2221
LootedWorldX_ACTI.esp,002112F3,0024922B,LunchBoxKidsACT01,ACTI,-65.325912,776.843872,-99.481636,256.3963
LootedWorldX_ACTI.esp,002112E9,0024922B,LunchBoxKidsACT01,ACTI,1022.288330,264.056244,915.313171,268.1282
LootedWorldX_ACTI.esp,00217675,0024922B,LunchBoxKidsACT01,ACTI,4463.551758,-4363.079102,356.247650,157.6882
LootedWorldX_ACTI.esp,0021B8FE,00249233,LunchBoxKidsACTCon,ACTI,8375.732422,-7736.929199,625.373108,231.8874
LootedWorldX_ACTI.esp,0013903F,00143AD1,RadioDiamondCityReceiverOff,ACTI,1483.466309,217.438751,356.045135,36.0963
LootedWorldX_ACTI.esp,0604EE52,06043A91,DLC04LunchBoxKidsACT02,ACTI,2298.987061,2873.628174,-29.636860,183.8244
LootedWorldX_ACTI.esp,06033330,0004763D,Empty_NukaColaMachineBroken,ACTI,1900.861450,4365.190430,-1565.490234,357.8515
LootedWorldX_ACTI.esp,0603332F,000302DC,Empty_NukaColaMachine,ACTI,1825.690674,4360.177734,-1565.490234,357.8515
LootedWorldX_ACTI.esp,06030FCF,00143AD1,RadioDiamondCityReceiverOff,ACTI,4297.642090,1489.972534,-1058.024048,192.4099
LootedWorldX_ACTI.esp,000C5BE2,00143AD1,RadioDiamondCityReceiverOff,ACTI,1155.090454,219.018127,-35.253441,294.1098
LootedWorldX_ACTI.esp,0023E7A3,0024922B,LunchBoxKidsACT01,ACTI,355.376495,2275.010742,70.456299,337.5000
LootedWorldX_ACTI.esp,0023C457,00249235,LunchBoxKidsACTGre,ACTI,4448.616211,3527.775391,-82.472198,86.1203
LootedWorldX_ACTI.esp,002247F8,0024923A,LunchBoxKidsACTSa,ACTI,4906.598145,4045.012207,-104.171631,244.2636
LootedWorldX_ACTI.esp,001929D8,001796A6,MonkeyTrapTrigger,ACTI,5415.262695,4122.969238,-102.572731,256.8677
LootedWorldX_ACTI.esp,0018BA11,000CA89D,RadioInstituteReceiver,ACTI,5322.483398,2581.456543,-12.360680,278.9266
LootedWorldX_ACTI.esp,0018B0DD,000CA89D,RadioInstituteReceiver,ACTI,3161.656982,3247.659424,-77.315865,200.5353
LootedWorldX_ACTI.esp,001929D9,0014BED3,TrapCymbalMonkey02,ACTI,4970.123535,5291.403809,104.297821,155.4086
LootedWorldX_ACTI.esp,0023B21C,00249232,LunchBoxKidsACTCo,ACTI,1473.995728,-5310.179688,-128.047058,0.0000
LootedWorldX_ACTI.esp,0020D1DB,000302DC,Empty_NukaColaMachine,ACTI,3376.435547,-3654.382080,-125.695908,99.8310
LootedWorldX_ACTI.esp,0020D1D3,000302DC,Empty_NukaColaMachine,ACTI,2648.606934,-1851.236572,370.768311,175.4616
LootedWorldX_ACTI.esp,0017CEB6,001796A6,MonkeyTrapTrigger,ACTI,2444.636963,-1065.082031,462.875366,309.9117
LootedWorldX_ACTI.esp,0010724D,000302DC,Empty_NukaColaMachine,ACTI,1945.200684,1075.554810,641.456787,278.5943
LootedWorldX_ACTI.esp,00061BEA,000302DC,Empty_NukaColaMachine,ACTI,3387.318848,-2238.763428,-126.255600,74.4845
LootedWorldX_ACTI.esp,00061BA5,000302DC,Empty_NukaColaMachine,ACTI,3252.103516,-2125.950684,-130.144012,91.9438
LootedWorldX_ACTI.esp,00061928,000302DC,Empty_NukaColaMachine,ACTI,967.307983,-3547.520508,-128.000000,272.8647
LootedWorldX_ACTI.esp,00023202,000302DC,Empty_NukaColaMachine,ACTI,1017.548157,-3629.499023,-128.000000,250.7831
LootedWorldX_ACTI.esp,0017CEB7,00142F88,TrapCymbalMonkey,ACTI,2543.274658,-949.021423,394.003754,219.9118
LootedWorldX_ACTI.esp,00138FC1,00143AD1,RadioDiamondCityReceiverOff,ACTI,988.765930,-108.871384,130.943604,262.0242
LootedWorldX_ACTI.esp,001D5542,001D5539,RadioInstitutePAReceiver,ACTI,-3581.716553,3.661404,1206.036865,0.0000
LootedWorldX_ACTI.esp,001D5541,001D5539,RadioInstitutePAReceiver,ACTI,1.222844,3593.061523,1163.782227,0.0000
LootedWorldX_ACTI.esp,001D5540,001D5539,RadioInstitutePAReceiver,ACTI,3588.105469,5.716835,1226.339600,0.0000
LootedWorldX_ACTI.esp,001D553F,001D5539,RadioInstitutePAReceiver,ACTI,-14.313178,-3569.727295,1225.898438,0.0000
LootedWorldX_ACTI.esp,001D553E,001D5539,RadioInstitutePAReceiver,ACTI,-5.568325,-1058.685547,289.027649,0.0000
LootedWorldX_ACTI.esp,001D553D,001D5539,RadioInstitutePAReceiver,ACTI,1057.826538,-7.665120,302.311523,0.0000
LootedWorldX_ACTI.esp,001D553C,001D5539,RadioInstitutePAReceiver,ACTI,4.883869,1040.049316,286.938477,0.0000
LootedWorldX_ACTI.esp,001D553B,001D5539,RadioInstitutePAReceiver,ACTI,-1052.519653,-4.228745,279.486816,0.0000
LootedWorldX_ACTI.esp,001D553A,001D5539,RadioInstitutePAReceiver,ACTI,-2137.049561,13.207991,4584.296875,0.0000
LootedWorldX_ACTI.esp,00125D7A,0007484B,RadioPreWar,ACTI,1807.744263,188.942154,565.353394,323.9037
LootedWorldX_ACTI.esp,0011BA2F,00238731,RadioPreWar_Institute,ACTI,1382.851196,5.548616,823.630188,220.9432
LootedWorldX_ACTI.esp,0100DC49,001C5E6F,Jukebox01,ACTI,-1256.105957,3051.724854,-837.099060,274.6928
LootedWorldX_ACTI.esp,0100B020,00074841,RadioStaticOff,ACTI,715.414978,3294.650879,-660.748352,0.0000
LootedWorldX_ACTI.esp,0100AE93,00143AD1,RadioDiamondCityReceiverOff,ACTI,-122.973450,1434.781494,-1011.713135,228.2204
LootedWorldX_ACTI.esp,0100A118,0024922F,LunchBoxKidsACTAd,ACTI,1396.120972,1096.396118,-793.312683,106.5702
LootedWorldX_ACTI.esp,00215B22,0024922E,LunchBoxKidsACTAc,ACTI,-1586.280396,2521.988281,31.955788,47.7213
LootedWorldX_ACTI.esp,0018A9FC,00143AD1,RadioDiamondCityReceiverOff,ACTI,473.830017,3676.917236,576.000000,0.0000
LootedWorldX_ACTI.esp,03048489,00074841,RadioStaticOff,ACTI,-441.449890,1932.127319,88.543213,204.4313
LootedWorldX_ACTI.esp,00162B20,00143AD1,RadioDiamondCityReceiverOff,ACTI,4093.635742,1300.805298,-200.312500,159.4648
LootedWorldX_ACTI.esp,0604E42C,0019C937,EatOTronic01Dirty,ACTI,750.916687,2821.381348,250.724289,90.0000
LootedWorldX_ACTI.esp,0100D5AC,00249238,LunchBoxKidsACTJu,ACTI,-201.496231,-2495.065430,273.652466,185.5160
LootedWorldX_ACTI.esp,0100CC7B,000302DC,Empty_NukaColaMachine,ACTI,-7304.438477,630.320374,640.412231,241.5799
LootedWorldX_ACTI.esp,0100CC5F,0019C937,EatOTronic01Dirty,ACTI,-7822.914062,1295.911499,383.999969,0.0000
LootedWorldX_ACTI.esp,0100C4F1,0019C937,EatOTronic01Dirty,ACTI,-10797.396484,1551.584961,418.801666,0.0000
LootedWorldX_ACTI.esp,0100C4C5,00249231,LunchBoxKidsACTBe,ACTI,-9883.352539,3441.507080,406.519531,311.3359
LootedWorldX_ACTI.esp,0100C492,000302DC,Empty_NukaColaMachine,ACTI,-8336.593750,3945.063721,385.326324,92.8643
LootedWorldX_ACTI.esp,0100BF71,00142F88,TrapCymbalMonkey,ACTI,-4484.068359,-2449.139893,669.045044,288.0886
LootedWorldX_ACTI.esp,0100B404,000302DC,Empty_NukaColaMachine,ACTI,-4169.063477,-3950.943115,129.129883,180.2289
LootedWorldX_ACTI.esp,01007FA5,00074841,RadioStaticOff,ACTI,-4149.104492,8356.333984,1760.000000,16.3293
LootedWorldX_ACTI.esp,01007FA4,00074841,RadioStaticOff,ACTI,-4560.085449,7793.765137,1788.937500,267.1808
LootedWorldX_ACTI.esp,002310F5,00143AD1,RadioDiamondCityReceiverOff,ACTI,372.004395,1119.194214,846.000000,0.0000
LootedWorldX_ACTI.esp,00228131,000302DC,Empty_NukaColaMachine,ACTI,139.583771,-71.464401,-0.477842,180.9816
LootedWorldX_ACTI.esp,0015D9DC,000302DC,Empty_NukaColaMachine,ACTI,-72.226784,1510.189575,127.999939,269.9189
LootedWorldX_ACTI.esp,0304D4F6,000B9807,RadioStatic,ACTI,2650.897705,2145.218506,512.000000,162.2155
LootedWorldX_ACTI.esp,00247F42,0024922B,LunchBoxKidsACT01,ACTI,-2451.081543,1715.129028,316.446991,359.9751
LootedWorldX_ACTI.esp,00247F41,0024922B,LunchBoxKidsACT01,ACTI,712.513367,1377.338379,255.966858,124.6182
LootedWorldX_ACTI.esp,00247F40,0024922B,LunchBoxKidsACT01,ACTI,323.777283,2329.750488,262.989532,57.7108
LootedWorldX_ACTI.esp,00247F3F,0024922B,LunchBoxKidsACT01,ACTI,-716.248657,2114.730713,3.916316,179.9630
LootedWorldX_ACTI.esp,00247F3E,0024922B,LunchBoxKidsACT01,ACTI,-375.682037,1826.105835,4.567350,0.2182
LootedWorldX_ACTI.esp,00247F3D,0024922B,LunchBoxKidsACT01,ACTI,-893.441101,2490.913818,2.246238,94.3127
LootedWorldX_ACTI.esp,00247F3C,0024922B,LunchBoxKidsACT01,ACTI,-202.167404,2212.137695,55.999992,245.4943
LootedWorldX_ACTI.esp,00238792,0024922B,LunchBoxKidsACT01,ACTI,-233.225571,2337.578613,-0.048749,206.7544
LootedWorldX_ACTI.esp,001B8BD7,000302DC,Empty_NukaColaMachine,ACTI,-1744.040771,3148.489502,1.461165,210.9398
LootedWorldX_ACTI.esp,001B2A73,00143AD1,RadioDiamondCityReceiverOff,ACTI,1647.340942,1906.576416,269.460785,301.8910
LootedWorldX_ACTI.esp,0022BA75,0024922B,LunchBoxKidsACT01,ACTI,1260.676636,5911.015137,-346.004181,176.7813
LootedWorldX_ACTI.esp,00100C7E,000302DC,Empty_NukaColaMachine,ACTI,6200.626465,5999.826660,127.800224,88.8084
LootedWorldX_ACTI.esp,00100C75,000302DC,Empty_NukaColaMachine,ACTI,2816.407959,5904.173340,-384.222748,179.1694
LootedWorldX_ACTI.esp,000F08B6,000302DC,Empty_NukaColaMachine,ACTI,1872.159668,4744.201660,-85.196297,270.0000
LootedWorldX_ACTI.esp,000F08A3,000302DC,Empty_NukaColaMachine,ACTI,2375.625977,6100.821777,-340.940430,270.0000
LootedWorldX_ACTI.esp,000F089C,000302DC,Empty_NukaColaMachine,ACTI,3681.397705,5871.294434,-342.340607,90.0000
LootedWorldX_ACTI.esp,0023B71B,0024922E,LunchBoxKidsACTAc,ACTI,135.042587,1334.005859,512.000000,270.0000
LootedWorldX_ACTI.esp,001BBDF5,00143AD1,RadioDiamondCityReceiverOff,ACTI,616.258118,-282.485931,279.637115,187.9302
LootedWorldX_ACTI.esp,000855A3,00143AD1,RadioDiamondCityReceiverOff,ACTI,740.346069,872.939575,560.693420,327.2958
LootedWorldX_ACTI.esp,001390D8,00143AD1,RadioDiamondCityReceiverOff,ACTI,1274.661743,-106.872673,347.897308,229.9385
LootedWorldX_ACTI.esp,0021C6F3,0024922E,LunchBoxKidsACTAc,ACTI,3217.371582,3883.750977,1544.332642,63.0242
LootedWorldX_ACTI.esp,001D5E5F,001796A6,MonkeyTrapTrigger,ACTI,1459.719482,-565.346069,1571.850830,0.0000
LootedWorldX_ACTI.esp,001B5CA3,001796A6,MonkeyTrapTrigger,ACTI,222.178848,1938.192139,464.908600,85.4738
LootedWorldX_ACTI.esp,001B15A4,000CA89D,RadioInstituteReceiver,ACTI,1038.694092,2652.450684,1065.386597,214.1146
LootedWorldX_ACTI.esp,000D520E,0019F4C6,PortADiner01Dirty,ACTI,2310.483398,678.770630,1488.664795,35.3518
LootedWorldX_ACTI.esp,000D520D,000302DC,Empty_NukaColaMachine,ACTI,2224.674316,73.720566,1492.645630,176.4726
LootedWorldX_ACTI.esp,000D520C,0019C937,EatOTronic01Dirty,ACTI,2228.929443,-52.381943,1416.780029,189.7051
LootedWorldX_ACTI.esp,001D5E60,0014BED3,TrapCymbalMonkey02,ACTI,1457.416504,-409.755035,1491.656494,180.2750
LootedWorldX_ACTI.esp,001B5CA4,00142F88,TrapCymbalMonkey,ACTI,441.057220,1971.447998,436.032135,265.0610
LootedWorldX_ACTI.esp,000D520F,0019F4C7,PortADiner01DirtyDoor,CONT,2310.483398,678.770630,1488.664795,35.3518
LootedWorldX_ACTI.esp,002478BC,0024922B,LunchBoxKidsACT01,ACTI,-585.104858,2266.477295,61.171391,267.0192
LootedWorldX_ACTI.esp,001AE4E8,000B9807,RadioStatic,ACTI,-197.319183,-757.326111,415.500000,355.9437
LootedWorldX_ACTI.esp,00185DEE,001796A6,MonkeyTrapTrigger,ACTI,509.952271,-432.354553,426.869476,90.0000
LootedWorldX_ACTI.esp,00185DEF,00142F88,TrapCymbalMonkey,ACTI,721.812561,-409.591431,429.655762,274.0565
LootedWorldX_ACTI.esp,00218CE1,001796A6,MonkeyTrapTrigger,ACTI,181.659836,868.943970,1159.434326,180.0000
LootedWorldX_ACTI.esp,00218CE2,00142F88,TrapCymbalMonkey,ACTI,-5.097134,862.366089,1154.875854,90.0000
LootedWorldX_ACTI.esp,001A0A2C,00143AD1,RadioDiamondCityReceiverOff,ACTI,-86.821968,-283.980499,558.059265,89.5183
LootedWorldX_ACTI.esp,03032D65,0300A2BF,DLC03_VimColaMachine,ACTI,-1260.753784,-1166.138184,195.224503,270.0000
LootedWorldX_ACTI.esp,0301700F,0300A2BF,DLC03_VimColaMachine,ACTI,-1214.416138,485.481110,86.596298,270.0000
LootedWorldX_ACTI.esp,03016FC1,0300A2BF,DLC03_VimColaMachine,ACTI,-1215.997925,256.174438,32.000000,270.0000
LootedWorldX_ACTI.esp,03016E8E,0300A2BF,DLC03_VimColaMachine,ACTI,-1215.997925,160.174438,32.000000,270.0000
LootedWorldX_ACTI.esp,00194ADC,0007484B,RadioPreWar,ACTI,4506.134277,1893.408936,-1663.010010,197.8074
LootedWorldX_ACTI.esp,0019041F,00143AD1,RadioDiamondCityReceiverOff,ACTI,4635.265625,-1914.702026,30.151714,313.5448
