source_file,ref_formid,base_formid,base_editorid,base_signature,pos_x,pos_y,pos_z,rot_z
LootedWorldX_FURN_Workbench.esp,06055722,001FA278,defaultLightFire01NSGoboBounce02,LIGH,-1740.760254,-18998.474609,614.315918,355.1416
LootedWorldX_FURN_Workbench.esp,0605466D,0017B3A4,workbenchWeaponsA,FURN,-666.534058,-18414.585938,472.691559,291.8179
LootedWorldX_FURN_Workbench.esp,06054E6B,0012EA9B,WorkbenchArmorA,FURN,782.142639,-17514.810547,480.660614,1.5942
LootedWorldX_FURN_Workbench.esp,06054E50,0012F2F5,WorkbenchChemistryA,FURN,1293.637451,-19532.138672,472.018494,216.5776
LootedWorldX_FURN_Workbench.esp,06054D72,002476B7,WorkbenchCookingFireWorkshop,FURN,1761.951904,-17386.466797,463.079773,281.5047
LootedWorldX_FURN_Workbench.esp,06054617,002476B7,WorkbenchCookingFireWorkshop,FURN,-1520.428833,-18901.207031,447.672211,252.8567
LootedWorldX_FURN_Workbench.esp,06052C98,0012F2F5,WorkbenchChemistryA,FURN,-2224.885742,-16472.437500,433.720337,295.7837
LootedWorldX_FURN_Workbench.esp,06052C92,001487C1,WorkbenchChemistryB,FURN,-1777.451294,-16671.402344,434.987915,120.8487
LootedWorldX_FURN_Workbench.esp,0603BD79,00157FEB,WorkbenchPowerArmor,FURN,-20512.052734,-571.903320,1096.000000,314.7884
LootedWorldX_FURN_Workbench.esp,0602BDCD,0012EA9B,WorkbenchArmorA,FURN,-17027.210937,-16574.246094,389.026917,48.9879
LootedWorldX_FURN_Workbench.esp,060142AF,0010C3B6,WorkbenchCookingFire,FURN,-17505.992188,-16014.172852,357.904297,109.1485
LootedWorldX_FURN_Workbench.esp,0603BE75,001487C1,WorkbenchChemistryB,FURN,-18962.298828,-3667.243896,832.000000,277.7352
LootedWorldX_FURN_Workbench.esp,0603BE6C,0010C3B6,WorkbenchCookingFire,FURN,-18311.486328,-3924.259033,832.000000,103.9919
LootedWorldX_FURN_Workbench.esp,0603BAAE,0012EA9B,WorkbenchArmorA,FURN,-18844.205078,-2056.230469,831.000610,330.0000
LootedWorldX_FURN_Workbench.esp,0603BA6A,0017B3A4,workbenchWeaponsA,FURN,-18928.199219,-3293.699951,862.900024,180.0004
LootedWorldX_FURN_Workbench.esp,0604CB6C,060510AF,DLC04_WorkbenchSodaMachine_Freestanding_Dark,FURN,-15580.047852,-4789.553711,1339.303711,225.0002
LootedWorldX_FURN_Workbench.esp,0604CB65,0604D8E9,DLC04_WorkbenchSodaMachine_Freestanding_Victory,FURN,-15044.446289,-2226.880615,591.657166,180.0002
LootedWorldX_FURN_Workbench.esp,060507FA,001FA278,defaultLightFire01NSGoboBounce02,LIGH,-1740.760254,-18998.474609,614.315918,355.1416
LootedWorldX_FURN_Workbench.esp,060343A9,001487C1,WorkbenchChemistryB,FURN,-1777.451294,-16671.402344,434.987915,120.8487
LootedWorldX_FURN_Workbench.esp,0603439E,0012F2F5,WorkbenchChemistryA,FURN,-2224.885742,-16472.437500,433.720337,295.7837
LootedWorldX_FURN_Workbench.esp,060272A0,0017B3A4,workbenchWeaponsA,FURN,-664.839966,-18412.496094,472.691559,291.8179
LootedWorldX_FURN_Workbench.esp,06035C02,002476B7,WorkbenchCookingFireWorkshop,FURN,-1488.401123,-8884.076172,455.473511,337.6545
LootedWorldX_FURN_Workbench.esp,060404F4,000C581B,defaultLightFire01NS,LIGH,-1662.547974,-6051.774414,521.475281,115.2235
LootedWorldX_FURN_Workbench.esp,060404EF,0017E787,workbenchWeaponsB,FURN,-2239.970459,-5955.521484,428.213257,249.9921
LootedWorldX_FURN_Workbench.esp,060338C1,001865B9,WorkbenchCookingStove,FURN,-17288.046875,-33198.023437,418.745911,271.1914
LootedWorldX_FURN_Workbench.esp,0604AD78,001865B9,WorkbenchCookingStove,FURN,-1095.380737,-47697.027344,1029.031738,189.2582
LootedWorldX_FURN_Workbench.esp,0600DAA0,001865B9,WorkbenchCookingStove,FURN,-38872.859375,-31574.091797,841.239868,241.9480
LootedWorldX_FURN_Workbench.esp,060323B1,0017B3A4,workbenchWeaponsA,FURN,-32958.519531,-15452.982422,1079.343750,56.2994
LootedWorldX_FURN_Workbench.esp,060323B0,00157FEB,WorkbenchPowerArmor,FURN,-33619.789062,-15787.017578,1079.343750,56.2994
LootedWorldX_FURN_Workbench.esp,060323AB,0012EA9B,WorkbenchArmorA,FURN,-32878.015625,-15634.344727,1079.343750,146.2993
LootedWorldX_FURN_Workbench.esp,06042E9D,0017E787,workbenchWeaponsB,FURN,-38782.210938,-43692.054688,527.317566,227.6468
LootedWorldX_FURN_Workbench.esp,06056B2A,0012EA9B,WorkbenchArmorA,FURN,-7787.279297,35234.550781,833.829346,90.7101
LootedWorldX_FURN_Workbench.esp,0600CD6C,001865B9,WorkbenchCookingStove,FURN,-5609.465820,37866.816406,1159.546631,270.0002
LootedWorldX_FURN_Workbench.esp,060569F1,060510B1,DLC04_WorkbenchSodaMachine_Freestanding_Grape,FURN,-2646.822754,38149.074219,3233.300537,270.5614
LootedWorldX_FURN_Workbench.esp,060569F0,06017D26,DLC04_WorkbenchSodaMachine_Freestanding_Orange,FURN,-2647.863770,38036.789062,3233.300537,270.5614
LootedWorldX_FURN_Workbench.esp,0600A599,0604D8E4,DLC04_WorkbenchSodaMachine_Quantum,FURN,-16461.681641,19298.371094,698.736450,0.0000
LootedWorldX_FURN_Workbench.esp,0604C077,0008ADFA,defaultLightFire01NSFlicker,LIGH,-15923.872070,19370.779297,710.177002,0.0000
LootedWorldX_FURN_Workbench.esp,0604C076,001DA027,FXFireSmall01,MSTT,-15918.838867,19370.005859,679.720459,0.0000
LootedWorldX_FURN_Workbench.esp,06042DED,060510AD,DLC04_WorkbenchSodaMachine_Wild,FURN,-13965.055664,16921.130859,631.343872,91.0001
LootedWorldX_FURN_Workbench.esp,06042DE8,0604D8E4,DLC04_WorkbenchSodaMachine_Quantum,FURN,-13665.340820,17215.238281,631.343872,180.0000
LootedWorldX_FURN_Workbench.esp,06042DE7,0604D8D5,DLC04_WorkbenchSodaMachine_Dark,FURN,-13575.704102,17126.326172,631.343872,271.0000
LootedWorldX_FURN_Workbench.esp,06042DE4,060510AB,DLC04_WorkbenchSodaMachine_Quartz,FURN,-13666.985352,16829.408203,631.343872,1.0001
LootedWorldX_FURN_Workbench.esp,06042DE2,0604D8D7,DLC04_WorkbenchSodaMachine_Grape,FURN,-13874.250000,16833.310547,631.343872,1.0001
LootedWorldX_FURN_Workbench.esp,06042DE0,0604D8D7,DLC04_WorkbenchSodaMachine_Grape,FURN,-14577.884766,17218.371094,631.343872,181.0000
LootedWorldX_FURN_Workbench.esp,06042DDA,060510A9,DLC04_WorkbenchSodaMachine_Orange,FURN,-14375.439453,16829.406250,631.343872,0.0000
LootedWorldX_FURN_Workbench.esp,06035995,0008ADFA,defaultLightFire01NSFlicker,LIGH,-10376.983398,11622.069336,593.190308,0.0000
LootedWorldX_FURN_Workbench.esp,06035994,001DA027,FXFireSmall01,MSTT,-10377.022461,11622.140625,576.232788,0.0000
LootedWorldX_FURN_Workbench.esp,06046BB3,00157FEB,WorkbenchPowerArmor,FURN,-5079.527832,14215.208984,623.544312,0.0000
LootedWorldX_FURN_Workbench.esp,0602441D,00157FEB,WorkbenchPowerArmor,FURN,-6592.239746,31430.177734,896.680054,270.0000
LootedWorldX_FURN_Workbench.esp,06047EB3,0017B3A4,workbenchWeaponsA,FURN,-3983.741943,15385.097656,671.511169,90.0000
LootedWorldX_FURN_Workbench.esp,060556FC,00000021,CollisionMarker,STAT,-2172.628662,31839.492187,995.639526,179.5181
LootedWorldX_FURN_Workbench.esp,0605050C,060510AF,DLC04_WorkbenchSodaMachine_Freestanding_Dark,FURN,-3830.698486,32563.572266,803.461304,0.0000
LootedWorldX_FURN_Workbench.esp,0604B078,0008ADFA,defaultLightFire01NSFlicker,LIGH,-2197.120361,31843.208984,997.462952,0.0000
LootedWorldX_FURN_Workbench.esp,0604B076,001DA025,FXFireMed01,MSTT,-2194.713379,31843.445312,938.036255,0.0000
LootedWorldX_FURN_Workbench.esp,0602F58B,002476B7,WorkbenchCookingFireWorkshop,FURN,-34191.707031,2117.322754,1818.459351,321.0389
LootedWorldX_FURN_Workbench.esp,0603847F,0008ADFA,defaultLightFire01NSFlicker,LIGH,-33167.773437,32607.171875,3477.708496,0.0000
LootedWorldX_FURN_Workbench.esp,0603847E,001DA027,FXFireSmall01,MSTT,-33160.421875,32612.628906,3439.829590,0.0000
LootedWorldX_FURN_Workbench.esp,0602A06F,002476B7,WorkbenchCookingFireWorkshop,FURN,1761.951904,-17386.466797,463.079773,281.5047
LootedWorldX_FURN_Workbench.esp,06041AC4,000C79B4,WorkbenchCookingGroundPot,FURN,3341.226318,-15095.626953,455.270142,309.2932
LootedWorldX_FURN_Workbench.esp,06041A93,0017B3A4,workbenchWeaponsA,FURN,3003.125488,-14619.874023,455.270142,270.0002
LootedWorldX_FURN_Workbench.esp,06035B0B,0012EA9B,WorkbenchArmorA,FURN,3154.940430,-9624.671875,471.999420,154.1257
LootedWorldX_FURN_Workbench.esp,060401F7,0013BD08,WorkbenchPowerArmorSmall,FURN,1309.763062,-4585.975586,1638.414673,213.8848
LootedWorldX_FURN_Workbench.esp,060401F6,0012F2F5,WorkbenchChemistryA,FURN,122.274078,-4525.889160,1638.414673,270.0000
LootedWorldX_FURN_Workbench.esp,06036E04,0014FBCD,WorkbenchCookingSpit,FURN,3544.959717,-5831.128906,457.182556,283.4055
LootedWorldX_FURN_Workbench.esp,06035B47,00157FEB,WorkbenchPowerArmor,FURN,3630.541748,-4580.443848,500.161774,136.0840
LootedWorldX_FURN_Workbench.esp,06049122,0012EA9B,WorkbenchArmorA,FURN,9760.545898,-20364.716797,560.169067,88.5220
LootedWorldX_FURN_Workbench.esp,06026652,0010C3B6,WorkbenchCookingFire,FURN,14039.232422,-29570.076172,860.996155,57.2958
LootedWorldX_FURN_Workbench.esp,0604897A,000C79B4,WorkbenchCookingGroundPot,FURN,7110.121582,-41846.031250,1077.215698,181.6276
LootedWorldX_FURN_Workbench.esp,06022686,0012F2F5,WorkbenchChemistryA,FURN,6051.553223,-41986.332031,1062.343750,248.2731
LootedWorldX_FURN_Workbench.esp,06022685,000C79B4,WorkbenchCookingGroundPot,FURN,6174.091309,-42224.574219,1062.340454,190.9774
LootedWorldX_FURN_Workbench.esp,060519D1,000C79B4,WorkbenchCookingGroundPot,FURN,33689.929687,50081.375000,2363.831787,89.3814
LootedWorldX_FURN_Workbench.esp,0602901A,0017E787,workbenchWeaponsB,FURN,33117.773437,52532.027344,2090.000488,331.3523
LootedWorldX_FURN_Workbench.esp,0602901B,00157FEB,WorkbenchPowerArmor,FURN,38050.269531,40820.410156,2987.181885,356.5625
LootedWorldX_FURN_Workbench.esp,0602F438,001487C1,WorkbenchChemistryB,FURN,37975.308594,30904.695312,3148.285156,327.9144
LootedWorldX_FURN_Workbench.esp,06023A60,0012EA9B,WorkbenchArmorA,FURN,28336.691406,33473.921875,1504.000000,0.9945
LootedWorldX_FURN_Workbench.esp,06023A5F,000C79B4,WorkbenchCookingGroundPot,FURN,28625.216797,33251.511719,1508.740601,183.4831
LootedWorldX_FURN_Workbench.esp,060519D3,0012F2F5,WorkbenchChemistryA,FURN,26352.992187,50772.496094,1335.630615,323.9036
LootedWorldX_FURN_Workbench.esp,0605050D,0604D8E9,DLC04_WorkbenchSodaMachine_Freestanding_Victory,FURN,410.716309,32296.445312,792.000000,0.0000
LootedWorldX_FURN_Workbench.esp,0601D901,0604D8E4,DLC04_WorkbenchSodaMachine_Quantum,FURN,6817.312012,8751.945312,396.874603,0.0000
LootedWorldX_FURN_Workbench.esp,0601D8FF,0604D8D5,DLC04_WorkbenchSodaMachine_Dark,FURN,7025.040039,8751.791016,396.874573,0.0000
LootedWorldX_FURN_Workbench.esp,0601D8FD,0604D8D5,DLC04_WorkbenchSodaMachine_Dark,FURN,6739.227539,9053.104492,396.874603,91.0000
LootedWorldX_FURN_Workbench.esp,0604FABB,0008ADFA,defaultLightFire01NSFlicker,LIGH,8909.719727,8224.092773,454.984314,0.0000
LootedWorldX_FURN_Workbench.esp,0604CD92,060510A9,DLC04_WorkbenchSodaMachine_Orange,FURN,10751.686523,14063.221680,661.932678,0.0000
LootedWorldX_FURN_Workbench.esp,0600D9AD,0604D8E4,DLC04_WorkbenchSodaMachine_Quantum,FURN,10955.214844,14250.007812,661.932678,270.0001
LootedWorldX_FURN_Workbench.esp,0600D9AB,0604D8E4,DLC04_WorkbenchSodaMachine_Quantum,FURN,10563.266602,14154.000000,661.932678,91.0000
LootedWorldX_FURN_Workbench.esp,06048DE2,0017E787,workbenchWeaponsB,FURN,9592.038086,26896.019531,1680.000000,0.0002
LootedWorldX_FURN_Workbench.esp,06048DE1,0017B3A4,workbenchWeaponsA,FURN,9672.036133,26472.019531,1680.000000,90.0002
LootedWorldX_FURN_Workbench.esp,0604BD19,001865B9,WorkbenchCookingStove,FURN,15243.311523,14500.915039,2616.466797,270.1831
LootedWorldX_FURN_Workbench.esp,0604A094,001487C1,WorkbenchChemistryB,FURN,15017.755859,14385.088867,2616.216797,180.0005
LootedWorldX_FURN_Workbench.esp,060503E2,0008ADFA,defaultLightFire01NSFlicker,LIGH,12986.327148,28541.646484,803.103882,0.0000
LootedWorldX_FURN_Workbench.esp,0602F0B7,002476B7,WorkbenchCookingFireWorkshop,FURN,25531.757812,3567.655273,1926.626221,80.2140
LootedWorldX_FURN_Workbench.esp,060502D3,0010C3B6,WorkbenchCookingFire,FURN,28290.029297,8710.625000,4169.536621,64.1713
LootedWorldX_FURN_Workbench.esp,060502A4,0013BD08,WorkbenchPowerArmorSmall,FURN,28704.990234,7670.242676,4417.105957,0.0455
LootedWorldX_FURN_Workbench.esp,06055B5F,00157FEB,WorkbenchPowerArmor,FURN,22036.375000,31779.783203,947.537292,285.0000
LootedWorldX_FURN_Workbench.esp,060503DD,0014FBCD,WorkbenchCookingSpit,FURN,12880.489258,28446.666016,751.520874,119.1749
LootedWorldX_FURN_Workbench.esp,0604FAB8,000C79B4,WorkbenchCookingGroundPot,FURN,8875.449219,8263.517578,437.129700,124.5142
LootedWorldX_FURN_Workbench.esp,0604C075,0010C3B6,WorkbenchCookingFire,FURN,-15893.064453,19418.255859,674.758545,235.9546
LootedWorldX_FURN_Workbench.esp,0604B071,0014FBCD,WorkbenchCookingSpit,FURN,-2326.982422,31877.193359,930.639526,179.5181
LootedWorldX_FURN_Workbench.esp,06037A3D,0010C3B6,WorkbenchCookingFire,FURN,-33194.113281,32556.378906,3431.205322,45.5500
LootedWorldX_FURN_Workbench.esp,06036D2D,002476B7,WorkbenchCookingFireWorkshop,FURN,-1606.177612,-6084.944336,445.283630,295.8285
LootedWorldX_FURN_Workbench.esp,06035993,0010C3B6,WorkbenchCookingFire,FURN,-10323.346680,11628.756836,560.943115,280.9318
LootedWorldX_FURN_Workbench.esp,0602A0FD,002476B7,WorkbenchCookingFireWorkshop,FURN,-1520.428833,-18901.207031,447.672211,252.8567
LootedWorldX_FURN_Workbench.esp,060291D4,0012EA9B,WorkbenchArmorA,FURN,21855.484375,32049.410156,947.161011,0.0000
LootedWorldX_FURN_Workbench.esp,03027CB4,001865B9,WorkbenchCookingStove,FURN,-31230.607422,-30954.287109,530.546204,13.5103
LootedWorldX_FURN_Workbench.esp,030409A8,0010C3B6,WorkbenchCookingFire,FURN,-16282.302734,-27195.597656,1277.069946,353.9840
LootedWorldX_FURN_Workbench.esp,0305695C,000C79B4,WorkbenchCookingGroundPot,FURN,-2202.359619,-14419.635742,3616.225098,134.0721
LootedWorldX_FURN_Workbench.esp,0304F37F,0014FBCD,WorkbenchCookingSpit,FURN,-11506.249023,-51734.597656,498.112457,234.4191
LootedWorldX_FURN_Workbench.esp,030204C0,00157FEB,WorkbenchPowerArmor,FURN,-4787.992676,-61092.730469,1248.809814,180.0000
LootedWorldX_FURN_Workbench.esp,030204E5,002476B7,WorkbenchCookingFireWorkshop,FURN,-2640.375732,-60757.792969,1341.583252,78.4951
LootedWorldX_FURN_Workbench.esp,030204BD,001865B9,WorkbenchCookingStove,FURN,-2834.165039,-61126.492187,1341.555054,192.6962
LootedWorldX_FURN_Workbench.esp,030204AD,001487C1,WorkbenchChemistryB,FURN,-3146.764160,-59908.210937,1853.555054,194.4151
LootedWorldX_FURN_Workbench.esp,030427C6,0017B3A4,workbenchWeaponsA,FURN,-2806.210205,-47991.117188,911.257507,268.3406
LootedWorldX_FURN_Workbench.esp,03027FC6,001865B9,WorkbenchCookingStove,FURN,-3755.099365,-61877.023437,3071.523438,326.9286
LootedWorldX_FURN_Workbench.esp,03027F79,001487C1,WorkbenchChemistryB,FURN,-3662.045898,-61701.339844,1341.555054,281.4135
LootedWorldX_FURN_Workbench.esp,030204C2,0012EA9B,WorkbenchArmorA,FURN,-3786.814453,-62364.875000,1343.523315,255.3210
LootedWorldX_FURN_Workbench.esp,0300EA19,000C79B4,WorkbenchCookingGroundPot,FURN,-31656.562500,-49432.667969,482.570679,16.0428
LootedWorldX_FURN_Workbench.esp,03016C14,0012EA9B,WorkbenchArmorA,FURN,-46451.007812,-5310.813477,848.326599,22.2997
LootedWorldX_FURN_Workbench.esp,0303263A,001865B9,WorkbenchCookingStove,FURN,-41683.621094,-20281.294922,638.921692,268.3269
LootedWorldX_FURN_Workbench.esp,03024708,0017B3A4,workbenchWeaponsA,FURN,-36501.503906,-30040.005859,581.617859,295.3007
LootedWorldX_FURN_Workbench.esp,030246E3,001865B9,WorkbenchCookingStove,FURN,-35439.316406,-32053.279297,517.828247,323.4669
LootedWorldX_FURN_Workbench.esp,030568D6,0010C3B6,WorkbenchCookingFire,FURN,-33662.402344,-15253.382812,1345.405151,0.0000
LootedWorldX_FURN_Workbench.esp,030568D5,0017E787,workbenchWeaponsB,FURN,-33058.574219,-14920.378906,1457.815796,90.0000
LootedWorldX_FURN_Workbench.esp,0303D3C8,00000021,CollisionMarker,STAT,-36477.066406,-11861.068359,827.972229,224.3131
LootedWorldX_FURN_Workbench.esp,0302BF95,001865B9,WorkbenchCookingStove,FURN,-20473.595703,8533.548828,738.420837,100.2675
LootedWorldX_FURN_Workbench.esp,03023E63,0017E787,workbenchWeaponsB,FURN,-7679.791016,26591.666016,975.815125,0.0000
LootedWorldX_FURN_Workbench.esp,03010183,000C79B4,WorkbenchCookingGroundPot,FURN,-45301.843750,26606.150391,482.385315,0.4432
LootedWorldX_FURN_Workbench.esp,03056C69,00101183,defaultLightFire01NSNonSpec,LIGH,-41812.003906,10487.819336,983.855103,111.4909
LootedWorldX_FURN_Workbench.esp,03010C47,001487C1,WorkbenchChemistryB,FURN,-44163.394531,9268.930664,1470.700439,178.4761
LootedWorldX_FURN_Workbench.esp,03010C46,0017E787,workbenchWeaponsB,FURN,-43986.171875,9340.043945,1144.927002,93.0013
LootedWorldX_FURN_Workbench.esp,03010CFE,000C79B4,WorkbenchCookingGroundPot,FURN,-41914.117188,13943.909180,1201.404419,14.6103
LootedWorldX_FURN_Workbench.esp,03048611,00101183,defaultLightFire01NSNonSpec,LIGH,67390.984375,-10885.684570,747.566589,252.8113
LootedWorldX_FURN_Workbench.esp,0302AB8B,0012EA9B,WorkbenchArmorA,FURN,66085.015625,-11897.733398,1224.909180,215.5687
LootedWorldX_FURN_Workbench.esp,0302AB8A,0017B3A4,workbenchWeaponsA,FURN,66257.914062,-11942.461914,1224.909180,125.5687
LootedWorldX_FURN_Workbench.esp,0302AB78,001865B9,WorkbenchCookingStove,FURN,67896.179687,-9980.712891,1224.909058,125.5690
LootedWorldX_FURN_Workbench.esp,0303F8FF,001487C1,WorkbenchChemistryB,FURN,66764.101562,-12462.782227,1573.446899,215.5684
LootedWorldX_FURN_Workbench.esp,0303E601,000C79B4,WorkbenchCookingGroundPot,FURN,34533.546875,-54649.906250,485.894012,331.3521
LootedWorldX_FURN_Workbench.esp,03008F19,000C79B4,WorkbenchCookingGroundPot,FURN,41802.933594,-44697.996094,457.635803,7.8390
LootedWorldX_FURN_Workbench.esp,0300B0B7,0017E787,workbenchWeaponsB,FURN,46186.562500,-41067.738281,413.648895,282.0778
LootedWorldX_FURN_Workbench.esp,03027159,0022F29D,DiamondRedTarp03msRed,MSTT,16117.162109,-25233.277344,1070.171875,196.7070
LootedWorldX_FURN_Workbench.esp,03027155,0008ADFA,defaultLightFire01NSFlicker,LIGH,16238.398437,-25235.630859,1130.853027,0.0000
LootedWorldX_FURN_Workbench.esp,0300789A,00157FEB,WorkbenchPowerArmor,FURN,12534.694336,-22348.859375,1042.231689,228.2197
LootedWorldX_FURN_Workbench.esp,03007899,0012EA9B,WorkbenchArmorA,FURN,12680.614258,-22802.761719,1040.884155,140.3746
LootedWorldX_FURN_Workbench.esp,03033061,0012EA9B,WorkbenchArmorA,FURN,14265.658203,-15167.689453,1563.850586,0.0000
LootedWorldX_FURN_Workbench.esp,03044184,001865B9,WorkbenchCookingStove,FURN,18379.191406,-25806.908203,1028.326294,40.1071
LootedWorldX_FURN_Workbench.esp,0302710D,0012EA9B,WorkbenchArmorA,FURN,19240.156250,-24150.939453,695.440796,163.2929
LootedWorldX_FURN_Workbench.esp,0302CA57,001487C1,WorkbenchChemistryB,FURN,32214.228516,-19641.656250,1279.017456,209.5986
LootedWorldX_FURN_Workbench.esp,0303FDF9,00036B3C,MistLargeRoundDusty,MSTT,30663.550781,-7790.827637,3735.580811,0.0000
LootedWorldX_FURN_Workbench.esp,0303FDF8,0008ADFA,defaultLightFire01NSFlicker,LIGH,30664.710937,-7836.704590,3774.000244,0.0000
LootedWorldX_FURN_Workbench.esp,0303FDF7,0008ADFA,defaultLightFire01NSFlicker,LIGH,30664.710937,-7744.020020,3774.000244,0.0000
LootedWorldX_FURN_Workbench.esp,0303D9FB,001DA027,FXFireSmall01,MSTT,30666.626953,-7785.728027,3714.623779,0.0000
LootedWorldX_FURN_Workbench.esp,030249F4,0012F2F5,WorkbenchChemistryA,FURN,10071.429688,-31045.576172,1712.088257,270.0001
LootedWorldX_FURN_Workbench.esp,0301FC96,0012F2F5,WorkbenchChemistryA,FURN,10080.329102,-30684.931641,1712.088257,270.0001
LootedWorldX_FURN_Workbench.esp,0303F04C,002476B7,WorkbenchCookingFireWorkshop,FURN,21352.816406,-6565.212402,3056.000000,123.6543
LootedWorldX_FURN_Workbench.esp,0303F03C,001487C1,WorkbenchChemistryB,FURN,21126.523438,-6103.713867,2824.000000,120.3211
LootedWorldX_FURN_Workbench.esp,030357D8,0010C3B6,WorkbenchCookingFire,FURN,14766.231445,-40350.503906,602.364075,37.2423
LootedWorldX_FURN_Workbench.esp,0303CE43,001487C1,WorkbenchChemistryB,FURN,816.789612,-44672.636719,1152.000000,270.0001
LootedWorldX_FURN_Workbench.esp,0302A8DB,000C79B4,WorkbenchCookingGroundPot,FURN,1555.077881,-44601.308594,1152.000000,67.3226
LootedWorldX_FURN_Workbench.esp,0303EBAB,0014FBCD,WorkbenchCookingSpit,FURN,21537.007812,-49547.453125,865.882080,308.4338
LootedWorldX_FURN_Workbench.esp,0303EA5E,0010C3B6,WorkbenchCookingFire,FURN,22700.406250,-43381.281250,1080.371338,193.8422
LootedWorldX_FURN_Workbench.esp,03043139,001487C1,WorkbenchChemistryB,FURN,26485.646484,-49175.246094,805.816650,151.8338
LootedWorldX_FURN_Workbench.esp,03007B7D,0014FBCD,WorkbenchCookingSpit,FURN,30907.312500,-34280.839844,890.521790,25.2101
LootedWorldX_FURN_Workbench.esp,0301119F,001865B9,WorkbenchCookingStove,FURN,34800.421875,43141.609375,756.645874,41.9557
LootedWorldX_FURN_Workbench.esp,0300259F,0012F2F5,WorkbenchChemistryA,FURN,54466.710937,34987.105469,800.000000,313.5673
LootedWorldX_FURN_Workbench.esp,0300259D,00157FEB,WorkbenchPowerArmor,FURN,53846.667969,33829.007812,800.000000,135.9506
LootedWorldX_FURN_Workbench.esp,0300256B,0012EA9B,WorkbenchArmorA,FURN,54080.042969,34238.089844,800.000000,336.4857
LootedWorldX_FURN_Workbench.esp,0300256A,0017B3A4,workbenchWeaponsA,FURN,53950.816406,33981.539062,800.000000,302.1083
LootedWorldX_FURN_Workbench.esp,03001815,001865B9,WorkbenchCookingStove,FURN,55673.117187,34871.636719,800.000000,45.2407
LootedWorldX_FURN_Workbench.esp,0304E956,0017E787,workbenchWeaponsB,FURN,55528.390625,42855.167969,1054.677856,0.0000
LootedWorldX_FURN_Workbench.esp,0304E93E,00157FEB,WorkbenchPowerArmor,FURN,55548.425781,42362.933594,1056.000000,0.0011
LootedWorldX_FURN_Workbench.esp,0302F336,002476B7,WorkbenchCookingFireWorkshop,FURN,53992.835937,42372.023438,1016.315308,310.9437
LootedWorldX_FURN_Workbench.esp,03044F0B,0012F2F5,WorkbenchChemistryA,FURN,46441.730469,31829.851562,822.830444,93.1056
LootedWorldX_FURN_Workbench.esp,03044EF7,002476B7,WorkbenchCookingFireWorkshop,FURN,45860.023438,32594.697266,824.000000,235.6225
LootedWorldX_FURN_Workbench.esp,0304D236,000C581B,defaultLightFire01NS,LIGH,59720.335937,11292.282227,997.952942,0.0000
LootedWorldX_FURN_Workbench.esp,0303353B,0010C3B6,WorkbenchCookingFire,FURN,5828.809082,36873.078125,1289.404785,0.0000
LootedWorldX_FURN_Workbench.esp,03009337,002476B7,WorkbenchCookingFireWorkshop,FURN,23815.871094,45298.199219,1562.645752,148.0056
LootedWorldX_FURN_Workbench.esp,03056F0B,0013BD08,WorkbenchPowerArmorSmall,FURN,24056.728516,54538.968750,1216.459839,90.0000
LootedWorldX_FURN_Workbench.esp,030435CA,0010C3B6,WorkbenchCookingFire,FURN,30851.310547,56047.949219,958.419617,313.5448
LootedWorldX_FURN_Workbench.esp,03027EA7,000C79B4,WorkbenchCookingGroundPot,FURN,22062.625000,9950.500000,4193.714355,68.7545
LootedWorldX_FURN_Workbench.esp,03056C33,002476B7,WorkbenchCookingFireWorkshop,FURN,-41781.132812,10493.588867,905.560791,315.3092
LootedWorldX_FURN_Workbench.esp,03048602,002476B7,WorkbenchCookingFireWorkshop,FURN,67432.757812,-10788.540039,690.979614,256.8670
LootedWorldX_FURN_Workbench.esp,0303D9F7,0014FBCD,WorkbenchCookingSpit,FURN,30802.332031,-7832.871582,3701.540283,0.0000
LootedWorldX_FURN_Workbench.esp,0303D3C7,0010C3B6,WorkbenchCookingFire,FURN,-36496.222656,-11805.868164,799.510315,178.7629
LootedWorldX_FURN_Workbench.esp,03027965,001487C1,WorkbenchChemistryB,FURN,13551.375000,-23976.601562,1026.481812,41.5394
LootedWorldX_FURN_Workbench.esp,03027154,002476B7,WorkbenchCookingFireWorkshop,FURN,16216.118164,-25284.103516,1021.713257,338.5141
LootedWorldX_FURN_Workbench.esp,030204C1,0017E787,workbenchWeaponsB,FURN,-4655.562500,-61133.273437,1249.613403,90.0000
LootedWorldX_FURN_Workbench.esp,03018A35,0010C3B6,WorkbenchCookingFire,FURN,5763.638184,-22563.591797,454.421204,310.1527
LootedWorldX_FURN_Workbench.esp,03015668,0010C3B6,WorkbenchCookingFire,FURN,59780.386719,11299.098633,979.334717,282.6504
LootedWorldX_FURN_Workbench.esp,0300933C,0017E787,workbenchWeaponsB,FURN,25238.425781,45402.734375,1626.121582,38.1589
LootedWorldX_FURN_Workbench.esp,0300665E,001865B9,WorkbenchCookingStove,FURN,-18829.728516,22711.912109,1039.170654,245.6950
LootedWorldX_FURN_Workbench.esp,001A8B96,001865B9,WorkbenchCookingStove,FURN,21843.048828,-12679.119141,634.000000,180.4817
LootedWorldX_FURN_Workbench.esp,001A0CE9,0012EA9B,WorkbenchArmorA,FURN,22133.996094,-12343.181641,634.000000,359.5180
LootedWorldX_FURN_Workbench.esp,001F4250,0013BD08,WorkbenchPowerArmorSmall,FURN,21709.644531,-12146.908203,634.000000,2.3832
LootedWorldX_FURN_Workbench.esp,001B026D,0010C3B6,WorkbenchCookingFire,FURN,21052.078125,-10125.523438,609.913696,183.3466
LootedWorldX_FURN_Workbench.esp,001AB6E1,001487C1,WorkbenchChemistryB,FURN,20816.171875,-10426.821289,610.023926,279.7853
LootedWorldX_FURN_Workbench.esp,001A7094,0017B3A4,workbenchWeaponsA,FURN,21987.449219,-12131.926758,634.000000,179.5182
LootedWorldX_FURN_Workbench.esp,001BD48D,00157FEB,WorkbenchPowerArmor,FURN,3279.719482,961.251770,-1530.467407,338.2273
LootedWorldX_FURN_Workbench.esp,001A7091,0017B3A4,workbenchWeaponsA,FURN,2411.078369,2152.527588,-1538.002686,17.1889
LootedWorldX_FURN_Workbench.esp,001A0CE4,0012EA9B,WorkbenchArmorA,FURN,2905.457764,1903.349854,-1535.999878,57.2963
LootedWorldX_FURN_Workbench.esp,0012DBD5,0010C3B6,WorkbenchCookingFire,FURN,2396.978271,1165.940186,-1567.277222,337.0817
LootedWorldX_FURN_Workbench.esp,00020979,0012F2F5,WorkbenchChemistryA,FURN,1883.252319,484.543152,-1504.095825,266.4251
LootedWorldX_FURN_Workbench.esp,001C46F7,0012EA9B,WorkbenchArmorA,FURN,-21401.593750,-31307.650391,2592.923096,179.6185
LootedWorldX_FURN_Workbench.esp,0024811A,00157FEB,WorkbenchPowerArmor,FURN,-12073.536133,-29641.857422,2368.000000,347.1084
LootedWorldX_FURN_Workbench.esp,001B126F,001865B9,WorkbenchCookingStove,FURN,-5928.717773,-29876.363281,1429.416016,157.5634
LootedWorldX_FURN_Workbench.esp,0022F949,000C79B4,WorkbenchCookingGroundPot,FURN,-19607.619141,-24602.001953,1352.000000,21.4859
LootedWorldX_FURN_Workbench.esp,001B135A,00101183,defaultLightFire01NSNonSpec,LIGH,-8788.875977,-25840.019531,1472.043579,249.9464
LootedWorldX_FURN_Workbench.esp,00213027,0008ADFA,defaultLightFire01NSFlicker,LIGH,-21192.904297,-17851.134766,997.137695,0.0000
LootedWorldX_FURN_Workbench.esp,001B8D0D,0017B3A4,workbenchWeaponsA,FURN,-20639.498047,-17376.748047,711.234924,345.0001
LootedWorldX_FURN_Workbench.esp,001B8C67,000C581B,defaultLightFire01NS,LIGH,-21332.064453,-18020.744141,907.486877,0.0000
LootedWorldX_FURN_Workbench.esp,0011B903,0008ADFA,defaultLightFire01NSFlicker,LIGH,-18422.533203,-18536.720703,625.496704,0.0000
LootedWorldX_FURN_Workbench.esp,001B6158,00157FEB,WorkbenchPowerArmor,FURN,-7630.687012,-17521.492188,1108.764771,19.4577
LootedWorldX_FURN_Workbench.esp,00091EB7,001DA027,FXFireSmall01,MSTT,-18123.199219,-9817.330078,526.976990,0.0000
LootedWorldX_FURN_Workbench.esp,001AB6EB,001487C1,WorkbenchChemistryB,FURN,-8339.077148,-1427.105591,1164.315430,75.0001
LootedWorldX_FURN_Workbench.esp,000C3CC0,0014FBCD,WorkbenchCookingSpit,FURN,-9623.702148,-1408.836670,663.004761,168.6321
LootedWorldX_FURN_Workbench.esp,00245A37,000821BD,MistLargeRoundDustyDim,MSTT,-31153.023437,-63860.781250,1530.883667,0.0000
LootedWorldX_FURN_Workbench.esp,001AB876,0017E787,workbenchWeaponsB,FURN,-30715.894531,-64065.750000,1681.407593,179.7137
LootedWorldX_FURN_Workbench.esp,0020E11E,0017E787,workbenchWeaponsB,FURN,-10548.838867,-57664.867187,1868.000000,276.3481
LootedWorldX_FURN_Workbench.esp,00161F2F,0012F2F5,WorkbenchChemistryA,FURN,-11178.143555,-53375.945312,2291.403076,32.6585
LootedWorldX_FURN_Workbench.esp,00161F30,0010C3B6,WorkbenchCookingFire,FURN,-17815.482422,-50745.687500,2230.907959,284.6558
LootedWorldX_FURN_Workbench.esp,00161F2E,00157FEB,WorkbenchPowerArmor,FURN,-16591.734375,-52810.988281,2291.403076,58.8539
LootedWorldX_FURN_Workbench.esp,0023AC09,0010C3B6,WorkbenchCookingFire,FURN,-516.221069,-51480.679687,2038.928101,176.0805
LootedWorldX_FURN_Workbench.esp,001AE814,0012F2F5,WorkbenchChemistryA,FURN,-24622.605469,-32781.726562,2676.760742,251.1379
LootedWorldX_FURN_Workbench.esp,00161F34,00157FEB,WorkbenchPowerArmor,FURN,-24673.408203,-34648.527344,1872.096924,244.7443
LootedWorldX_FURN_Workbench.esp,0023E93A,0013BD08,WorkbenchPowerArmorSmall,FURN,-9652.645508,-36481.917969,1536.160156,30.0803
LootedWorldX_FURN_Workbench.esp,0023E939,0012EA9B,WorkbenchArmorA,FURN,-9947.383789,-35070.582031,1538.327759,358.0035
LootedWorldX_FURN_Workbench.esp,001B045C,0017B3A4,workbenchWeaponsA,FURN,-9049.569336,-36200.812500,1529.141357,111.4859
LootedWorldX_FURN_Workbench.esp,00091311,0008ADFA,defaultLightFire01NSFlicker,LIGH,-5817.933594,-33108.445312,1087.452148,0.0000
LootedWorldX_FURN_Workbench.esp,00091310,001DA027,FXFireSmall01,MSTT,-5821.273926,-33095.054687,1056.112061,0.0000
LootedWorldX_FURN_Workbench.esp,002308BE,001865B9,WorkbenchCookingStove,FURN,-24377.875000,-96320.265625,1656.244629,186.4624
LootedWorldX_FURN_Workbench.esp,00230BE6,000C79B4,WorkbenchCookingGroundPot,FURN,-32665.324219,-85747.875000,2112.123779,333.6438
LootedWorldX_FURN_Workbench.esp,00224075,0012EA9B,WorkbenchArmorA,FURN,-14948.205078,-79808.710938,2579.855713,78.7816
LootedWorldX_FURN_Workbench.esp,00124185,0010C3B6,WorkbenchCookingFire,FURN,-30489.240234,-75812.078125,1440.991577,145.3644
LootedWorldX_FURN_Workbench.esp,00224009,0014FBCD,WorkbenchCookingSpit,FURN,-13592.022461,-76475.070312,1813.297974,298.4069
LootedWorldX_FURN_Workbench.esp,001F9830,001487C1,WorkbenchChemistryB,FURN,-6898.343262,-71583.070312,814.175598,248.0777
LootedWorldX_FURN_Workbench.esp,000AC944,0010C3B6,WorkbenchCookingFire,FURN,-36767.750000,-23875.853516,1881.499512,228.2198
LootedWorldX_FURN_Workbench.esp,0022B4EB,0017B3A4,workbenchWeaponsA,FURN,-62714.824219,-17084.011719,1617.778931,0.0000
LootedWorldX_FURN_Workbench.esp,002210AE,0008ADFA,defaultLightFire01NSFlicker,LIGH,-59670.636719,-12961.156250,1430.843628,0.0000
LootedWorldX_FURN_Workbench.esp,002210AD,0008ADFA,defaultLightFire01NSFlicker,LIGH,-59674.695312,-12949.294922,1501.223633,0.0000
LootedWorldX_FURN_Workbench.esp,001E6397,001865B9,WorkbenchCookingStove,FURN,-36391.406250,-14962.627930,1466.018677,0.0000
LootedWorldX_FURN_Workbench.esp,001E6381,0012F2F5,WorkbenchChemistryA,FURN,-36225.171875,-14677.739258,1466.018677,356.3441
LootedWorldX_FURN_Workbench.esp,0022110D,0010C3B6,WorkbenchCookingFire,FURN,-53896.625000,-11745.541992,1395.472534,153.6212
LootedWorldX_FURN_Workbench.esp,001CF240,0010C3B6,WorkbenchCookingFire,FURN,-60039.683594,-64467.093750,2956.358887,270.0000
LootedWorldX_FURN_Workbench.esp,0016817F,0012F2F5,WorkbenchChemistryA,FURN,-57871.957031,-53726.863281,2880.000000,90.0000
LootedWorldX_FURN_Workbench.esp,0009164F,0008ADFA,defaultLightFire01NSFlicker,LIGH,-58677.933594,-53291.753906,2943.855957,0.0000
LootedWorldX_FURN_Workbench.esp,001A0CDA,0012EA9B,WorkbenchArmorA,FURN,-33342.882812,-53362.316406,1816.000000,158.7452
LootedWorldX_FURN_Workbench.esp,001AB871,0017E787,workbenchWeaponsB,FURN,-35002.312500,-53007.679687,1648.000000,180.9999
LootedWorldX_FURN_Workbench.esp,00130774,0010C3B6,WorkbenchCookingFire,FURN,-48936.421875,-89321.906250,4967.936523,256.8677
LootedWorldX_FURN_Workbench.esp,001AB86C,0017E787,workbenchWeaponsB,FURN,-44661.390625,-73976.968750,2048.000000,1.9148
LootedWorldX_FURN_Workbench.esp,001A0CD5,0012EA9B,WorkbenchArmorA,FURN,-45923.382812,-73450.781250,2440.033447,270.0001
LootedWorldX_FURN_Workbench.esp,00153091,00157FEB,WorkbenchPowerArmor,FURN,-88665.601562,-18666.878906,5293.956055,91.5479
LootedWorldX_FURN_Workbench.esp,00153090,00157FEB,WorkbenchPowerArmor,FURN,-88647.453125,-17995.123047,5293.956055,91.5479
LootedWorldX_FURN_Workbench.esp,0015308F,00157FEB,WorkbenchPowerArmor,FURN,-88653.500000,-18219.042969,5293.956055,91.5479
LootedWorldX_FURN_Workbench.esp,0015308D,00157FEB,WorkbenchPowerArmor,FURN,-88659.554688,-18442.960938,5293.956055,91.5479
LootedWorldX_FURN_Workbench.esp,001604B6,0012F2F5,WorkbenchChemistryA,FURN,-87239.273438,-12990.689453,6020.000000,87.1349
LootedWorldX_FURN_Workbench.esp,00091643,0008ADFA,defaultLightFire01NSFlicker,LIGH,-66696.187500,-12662.068359,2862.019775,0.0000
LootedWorldX_FURN_Workbench.esp,00091642,0008ADFA,defaultLightFire01NSFlicker,LIGH,-66667.953125,-12687.692383,2711.831055,0.0000
LootedWorldX_FURN_Workbench.esp,00091640,001DA027,FXFireSmall01,MSTT,-66679.984375,-12704.278320,2701.071289,0.0000
LootedWorldX_FURN_Workbench.esp,0020F000,0012F2F5,WorkbenchChemistryA,FURN,-88716.304688,-6529.173828,5632.000000,269.7591
LootedWorldX_FURN_Workbench.esp,0020DB3E,0010C3B6,WorkbenchCookingFire,FURN,-91482.851562,-2946.553711,6224.000000,75.9169
LootedWorldX_FURN_Workbench.esp,0023E769,0017E787,workbenchWeaponsB,FURN,-87296.914062,-2071.187012,6173.421387,182.0088
LootedWorldX_FURN_Workbench.esp,0023E768,0012EA9B,WorkbenchArmorA,FURN,-86948.281250,-2887.635010,6177.518555,88.3275
LootedWorldX_FURN_Workbench.esp,0023E767,00157FEB,WorkbenchPowerArmor,FURN,-87291.531250,-2745.913574,6177.651367,268.3276
LootedWorldX_FURN_Workbench.esp,0023E76C,0012EA9B,WorkbenchArmorA,FURN,-86154.046875,-52147.175781,2654.307861,274.3427
LootedWorldX_FURN_Workbench.esp,0023E76B,0017E787,workbenchWeaponsB,FURN,-87036.039062,-52090.019531,2656.869873,191.1636
LootedWorldX_FURN_Workbench.esp,0023E76A,00157FEB,WorkbenchPowerArmor,FURN,-86960.148438,-51972.160156,2656.869873,280.9770
LootedWorldX_FURN_Workbench.esp,001AB867,0017E787,workbenchWeaponsB,FURN,-86932.484375,-45546.089844,2670.344238,343.3839
LootedWorldX_FURN_Workbench.esp,00162586,0010C3B6,WorkbenchCookingFire,FURN,-89520.257812,-41042.597656,2819.940430,210.5619
LootedWorldX_FURN_Workbench.esp,0009118F,001C9085,MistLargeRoundDustyDimmest,MSTT,-77399.898438,-38747.519531,2498.547363,233.9493
LootedWorldX_FURN_Workbench.esp,0009118E,001C9080,MistLargeRoundDustyDimmer,MSTT,-77604.679688,-38732.843750,2444.033447,233.9493
LootedWorldX_FURN_Workbench.esp,00163A06,00157FEB,WorkbenchPowerArmor,FURN,-68201.000000,-37462.195312,5360.000000,324.4537
LootedWorldX_FURN_Workbench.esp,00091195,00101183,defaultLightFire01NSNonSpec,LIGH,-88508.859375,-35050.902344,3340.695557,0.0000
LootedWorldX_FURN_Workbench.esp,00091194,00101183,defaultLightFire01NSNonSpec,LIGH,-88341.390625,-34910.777344,3340.695557,0.0000
LootedWorldX_FURN_Workbench.esp,00091193,00101183,defaultLightFire01NSNonSpec,LIGH,-88263.781250,-34775.433594,3340.695557,0.0000
LootedWorldX_FURN_Workbench.esp,00091192,00101183,defaultLightFire01NSNonSpec,LIGH,-88339.617188,-34609.789062,3340.695557,0.0000
LootedWorldX_FURN_Workbench.esp,00091191,0008ADFA,defaultLightFire01NSFlicker,LIGH,-88461.343750,-34765.746094,3340.695557,0.0000
LootedWorldX_FURN_Workbench.esp,001AB862,0017E787,workbenchWeaponsB,FURN,-68291.906250,-35249.484375,5360.000000,159.4642
LootedWorldX_FURN_Workbench.esp,001A708E,0017B3A4,workbenchWeaponsA,FURN,-90943.085938,-75569.351562,3939.500000,179.5075
LootedWorldX_FURN_Workbench.esp,00191FD6,00157FEB,WorkbenchPowerArmor,FURN,-78716.195312,-129470.234375,4736.000000,180.0000
LootedWorldX_FURN_Workbench.esp,0100C301,0012EA9B,WorkbenchArmorA,FURN,-100575.859375,-2822.614746,8926.359375,128.4338
LootedWorldX_FURN_Workbench.esp,001A0CC6,0012EA9B,WorkbenchArmorA,FURN,-104454.351562,-83896.390625,6809.535645,219.2711
LootedWorldX_FURN_Workbench.esp,00090AAA,000C581B,defaultLightFire01NS,LIGH,-104374.453125,-83871.226562,6872.307617,0.0000
LootedWorldX_FURN_Workbench.esp,00091B9D,000821BD,MistLargeRoundDustyDim,MSTT,-10250.587891,99911.820312,3861.351074,0.0000
LootedWorldX_FURN_Workbench.esp,00091B95,0008ADFA,defaultLightFire01NSFlicker,LIGH,-10140.070312,99873.601562,3990.326416,0.0000
LootedWorldX_FURN_Workbench.esp,001D5FD9,000C581B,defaultLightFire01NS,LIGH,-17689.685547,74813.664062,4306.100586,0.0000
LootedWorldX_FURN_Workbench.esp,001D5FBF,001DA027,FXFireSmall01,MSTT,-17694.501953,74812.101562,4277.310547,0.0000
LootedWorldX_FURN_Workbench.esp,001D5891,0017B3A4,workbenchWeaponsA,FURN,-13331.138672,76671.703125,5305.709961,151.3520
LootedWorldX_FURN_Workbench.esp,001D588C,00157FEB,WorkbenchPowerArmor,FURN,-14317.017578,77001.031250,5296.002441,68.7549
LootedWorldX_FURN_Workbench.esp,00091E58,000821BD,MistLargeRoundDustyDim,MSTT,-22276.833984,88639.460938,6104.757812,0.0000
LootedWorldX_FURN_Workbench.esp,001D7943,001865B9,WorkbenchCookingStove,FURN,-6588.998047,94846.882812,3083.741699,77.3493
LootedWorldX_FURN_Workbench.esp,001B0AA5,0017B3A4,workbenchWeaponsA,FURN,-29757.306641,39777.906250,4665.695312,352.8380
LootedWorldX_FURN_Workbench.esp,001AB6D7,001487C1,WorkbenchChemistryB,FURN,-31252.431641,39401.621094,3988.919189,315.5960
LootedWorldX_FURN_Workbench.esp,001A0CC1,0012EA9B,WorkbenchArmorA,FURN,-32186.609375,40336.875000,3732.919189,42.9714
LootedWorldX_FURN_Workbench.esp,001006E5,0008ADFA,defaultLightFire01NSFlicker,LIGH,-28930.406250,39455.957031,3214.416016,0.0000
LootedWorldX_FURN_Workbench.esp,000C3CEC,0010C3B6,WorkbenchCookingFire,FURN,-9545.367188,2155.476318,1022.473206,193.2692
LootedWorldX_FURN_Workbench.esp,001D8322,0012EA9B,WorkbenchArmorA,FURN,-29056.171875,8476.368164,1706.792603,146.4649
LootedWorldX_FURN_Workbench.esp,001A709D,0017B3A4,workbenchWeaponsA,FURN,-28962.955078,8607.841797,1706.792603,146.7233
LootedWorldX_FURN_Workbench.esp,0006EA16,00157FEB,WorkbenchPowerArmor,FURN,-29334.759766,8689.830078,1706.792603,56.7226
LootedWorldX_FURN_Workbench.esp,0023E93F,00157FEB,WorkbenchPowerArmor,FURN,-10309.884766,9275.006836,1540.439819,59.8455
LootedWorldX_FURN_Workbench.esp,0023E93E,0012EA9B,WorkbenchArmorA,FURN,-10841.357422,10098.653320,1581.360840,238.3378
LootedWorldX_FURN_Workbench.esp,0023E93D,0017E787,workbenchWeaponsB,FURN,-10697.654297,10013.745117,1581.610840,153.7062
LootedWorldX_FURN_Workbench.esp,001AB85D,0017E787,workbenchWeaponsB,FURN,-12227.258789,16339.262695,1712.028076,43.8078
LootedWorldX_FURN_Workbench.esp,0017FD61,001DA025,FXFireMed01,MSTT,-11873.817383,14909.333984,1476.177124,351.5881
LootedWorldX_FURN_Workbench.esp,00161F46,0010C3B6,WorkbenchCookingFire,FURN,-430.540131,13534.616211,996.274475,0.0000
LootedWorldX_FURN_Workbench.esp,0023E935,0012EA9B,WorkbenchArmorA,FURN,-23999.203125,18997.435547,2041.969360,173.9325
LootedWorldX_FURN_Workbench.esp,0023E934,0017B3A4,workbenchWeaponsA,FURN,-23588.126953,18710.625000,2041.969360,83.9325
LootedWorldX_FURN_Workbench.esp,0023E933,00157FEB,WorkbenchPowerArmor,FURN,-23770.990234,18790.460938,2041.882690,173.9326
LootedWorldX_FURN_Workbench.esp,001AB858,0017E787,workbenchWeaponsB,FURN,-17832.630859,25102.263672,1921.550659,94.1764
LootedWorldX_FURN_Workbench.esp,001AB853,0017E787,workbenchWeaponsB,FURN,-52655.492187,98336.054688,8693.875000,77.8252
LootedWorldX_FURN_Workbench.esp,000909E1,0008ADFA,defaultLightFire01NSFlicker,LIGH,-50040.953125,72601.554688,5484.375000,0.0000
LootedWorldX_FURN_Workbench.esp,001AB6D2,001487C1,WorkbenchChemistryB,FURN,-45622.691406,80311.656250,3074.647705,224.7821
LootedWorldX_FURN_Workbench.esp,00161F4E,0010C3B6,WorkbenchCookingFire,FURN,-43139.640625,79482.132812,4414.164062,185.1169
LootedWorldX_FURN_Workbench.esp,001AB84E,0017E787,workbenchWeaponsB,FURN,-44466.882812,86356.921875,2760.463379,87.6628
LootedWorldX_FURN_Workbench.esp,001A0CB7,0012EA9B,WorkbenchArmorA,FURN,-41926.332031,92426.085938,7844.110840,293.4471
LootedWorldX_FURN_Workbench.esp,00091D3F,0008ADFA,defaultLightFire01NSFlicker,LIGH,-44255.804688,36570.109375,5662.012695,0.0000
LootedWorldX_FURN_Workbench.esp,00091D3E,001DA027,FXFireSmall01,MSTT,-44260.171875,36559.066406,5601.958008,0.0000
LootedWorldX_FURN_Workbench.esp,001F912E,0010C3B6,WorkbenchCookingFire,FURN,-34961.589844,36093.878906,4591.968750,305.8555
LootedWorldX_FURN_Workbench.esp,0023E942,0012EA9B,WorkbenchArmorA,FURN,-38676.136719,39847.296875,3258.686768,160.9438
LootedWorldX_FURN_Workbench.esp,0023E941,0017E787,workbenchWeaponsB,FURN,-38934.679688,39093.687500,3262.476074,346.6545
LootedWorldX_FURN_Workbench.esp,0023E940,00157FEB,WorkbenchPowerArmor,FURN,-38354.960938,38979.390625,3215.312744,63.2116
LootedWorldX_FURN_Workbench.esp,0023CDDF,0017B3A4,workbenchWeaponsA,FURN,-40266.843750,40945.750000,3800.000000,110.2943
LootedWorldX_FURN_Workbench.esp,001AB849,0017E787,workbenchWeaponsB,FURN,-37622.976562,38307.351562,3498.842773,13.1322
LootedWorldX_FURN_Workbench.esp,0015F7AA,0014FBCD,WorkbenchCookingSpit,FURN,-41000.960938,55143.785156,4071.427734,38.3265
LootedWorldX_FURN_Workbench.esp,001AB6CD,001487C1,WorkbenchChemistryB,FURN,-64191.242187,58646.972656,5355.626465,314.1629
LootedWorldX_FURN_Workbench.esp,0023E523,000C79B4,WorkbenchCookingGroundPot,FURN,-59341.640625,16277.058594,2847.891113,72.7656
LootedWorldX_FURN_Workbench.esp,00163A0C,0010C3B6,WorkbenchCookingFire,FURN,-54688.820312,25598.533203,5022.049316,342.8113
LootedWorldX_FURN_Workbench.esp,001A0CB2,0012EA9B,WorkbenchArmorA,FURN,-46736.664062,26932.171875,4842.114746,90.0000
LootedWorldX_FURN_Workbench.esp,001639F1,0010C3B6,WorkbenchCookingFire,FURN,-47362.199219,25374.724609,4670.809082,91.6734
LootedWorldX_FURN_Workbench.esp,00245A86,000821BD,MistLargeRoundDustyDim,MSTT,-76572.453125,68631.414062,7579.926270,0.0000
LootedWorldX_FURN_Workbench.esp,001AB6C3,001487C1,WorkbenchChemistryB,FURN,-87792.085938,70984.125000,7700.898926,2.6926
LootedWorldX_FURN_Workbench.esp,00160550,0010C3B6,WorkbenchCookingFire,FURN,-88688.289062,70439.015625,7347.639160,240.8249
LootedWorldX_FURN_Workbench.esp,001A708B,0017B3A4,workbenchWeaponsA,FURN,-70153.960938,79939.585938,7359.480957,43.9729
LootedWorldX_FURN_Workbench.esp,0017FC5E,00157FEB,WorkbenchPowerArmor,FURN,-70136.007812,79674.195312,7359.684082,315.0000
LootedWorldX_FURN_Workbench.esp,00178D9F,0012EA9B,WorkbenchArmorA,FURN,-70429.203125,79394.171875,7360.000000,47.2690
LootedWorldX_FURN_Workbench.esp,00178D9D,0014FBCD,WorkbenchCookingSpit,FURN,-70789.593750,79304.148438,7352.000000,62.4981
LootedWorldX_FURN_Workbench.esp,001AB6BE,001487C1,WorkbenchChemistryB,FURN,-69572.468750,79016.078125,7359.984375,256.8670
LootedWorldX_FURN_Workbench.esp,001AB6B9,001487C1,WorkbenchChemistryB,FURN,-82570.539062,85143.484375,7669.277344,63.0252
LootedWorldX_FURN_Workbench.esp,00245C58,000821BD,MistLargeRoundDustyDim,MSTT,-79334.312500,86019.125000,7637.287109,0.0000
LootedWorldX_FURN_Workbench.esp,001AB844,0017E787,workbenchWeaponsB,FURN,-78801.429688,89602.335938,7846.000000,133.3264
LootedWorldX_FURN_Workbench.esp,000B94EA,000C581B,defaultLightFire01NS,LIGH,-78285.507812,89651.468750,7930.458496,242.4980
LootedWorldX_FURN_Workbench.esp,00091D71,0008ADFA,defaultLightFire01NSFlicker,LIGH,-78002.093750,89593.914062,7878.864746,0.0000
LootedWorldX_FURN_Workbench.esp,00020786,00157FEB,WorkbenchPowerArmor,FURN,-78282.179688,89537.320312,7846.000000,315.0000
LootedWorldX_FURN_Workbench.esp,0022DBFB,001487C1,WorkbenchChemistryB,FURN,-85835.359375,38499.589844,6650.354492,156.8179
LootedWorldX_FURN_Workbench.esp,0016054C,002476B7,WorkbenchCookingFireWorkshop,FURN,-85415.054688,40525.269531,6665.208496,291.8186
LootedWorldX_FURN_Workbench.esp,0015EFAE,00157FEB,WorkbenchPowerArmor,FURN,-86276.843750,63607.808594,7101.662109,109.5723
LootedWorldX_FURN_Workbench.esp,001AB6AF,001487C1,WorkbenchChemistryB,FURN,-84440.570312,65301.800781,7107.550293,16.7614
LootedWorldX_FURN_Workbench.esp,001A0CA8,0012EA9B,WorkbenchArmorA,FURN,-85236.164062,64511.753906,7173.877441,199.5729
LootedWorldX_FURN_Workbench.esp,001AB6AA,001487C1,WorkbenchChemistryB,FURN,-78295.031250,1696.226562,4047.044678,181.5149
LootedWorldX_FURN_Workbench.esp,0015EFA7,0010C3B6,WorkbenchCookingFire,FURN,-75300.835938,117.056900,3982.464111,320.8779
LootedWorldX_FURN_Workbench.esp,001D20BE,001865B9,WorkbenchCookingStove,FURN,-86840.984375,9660.777344,6407.582031,117.8113
LootedWorldX_FURN_Workbench.esp,001D2CA0,000C79B4,WorkbenchCookingGroundPot,FURN,-92605.375000,17698.666016,5552.924316,181.2371
LootedWorldX_FURN_Workbench.esp,001DE779,000C79B4,WorkbenchCookingGroundPot,FURN,-79033.601562,16898.935547,3557.108643,92.2458
LootedWorldX_FURN_Workbench.esp,001E8083,0017E787,workbenchWeaponsB,FURN,-74456.851562,23524.986328,4587.258301,330.2062
LootedWorldX_FURN_Workbench.esp,001E807A,0010C3B6,WorkbenchCookingFire,FURN,-74022.656250,23675.261719,4587.258301,68.5368
LootedWorldX_FURN_Workbench.esp,001EC5CD,0010C3B6,WorkbenchCookingFire,FURN,-82276.609375,31709.458984,6933.187988,28.1989
LootedWorldX_FURN_Workbench.esp,001EC5CF,0017B3A4,workbenchWeaponsA,FURN,-81266.835938,31785.412109,6946.496582,147.8815
LootedWorldX_FURN_Workbench.esp,001AB6A5,001487C1,WorkbenchChemistryB,FURN,69148.335938,-57538.347656,935.914307,296.4016
LootedWorldX_FURN_Workbench.esp,00161F49,00157FEB,WorkbenchPowerArmor,FURN,69434.578125,-57670.097656,936.979736,26.9746
LootedWorldX_FURN_Workbench.esp,0013405A,002476B7,WorkbenchCookingFireWorkshop,FURN,75180.289062,-70480.398438,599.981689,219.4427
LootedWorldX_FURN_Workbench.esp,001C2400,000C79B4,WorkbenchCookingGroundPot,FURN,40617.218750,-11322.643555,787.887268,270.0000
LootedWorldX_FURN_Workbench.esp,0020E910,00157FEB,WorkbenchPowerArmor,FURN,36761.226562,-16489.322266,473.766357,308.4333
LootedWorldX_FURN_Workbench.esp,0020E90F,001487C1,WorkbenchChemistryB,FURN,36747.667969,-16191.696289,470.973755,35.5232
LootedWorldX_FURN_Workbench.esp,0020E90E,0017E787,workbenchWeaponsB,FURN,36401.738281,-16321.330078,473.766357,215.6144
LootedWorldX_FURN_Workbench.esp,001A7088,0017B3A4,workbenchWeaponsA,FURN,47085.703125,-5098.142578,576.260986,314.9994
LootedWorldX_FURN_Workbench.esp,001A0CA3,0012EA9B,WorkbenchArmorA,FURN,47288.199219,-4798.042969,576.260986,314.9994
LootedWorldX_FURN_Workbench.esp,001A7085,0017B3A4,workbenchWeaponsA,FURN,45351.210938,-45972.949219,800.000244,232.0236
LootedWorldX_FURN_Workbench.esp,001A0C9E,0012EA9B,WorkbenchArmorA,FURN,45524.253906,-46216.015625,800.000183,164.4387
LootedWorldX_FURN_Workbench.esp,001AB6A0,001487C1,WorkbenchChemistryB,FURN,50031.539062,-47394.800781,800.000122,106.5703
LootedWorldX_FURN_Workbench.esp,001B2C8D,0010C3B6,WorkbenchCookingFire,FURN,36039.867188,-44513.722656,1237.946289,308.6973
LootedWorldX_FURN_Workbench.esp,00064D03,001865B9,WorkbenchCookingStove,FURN,47794.449219,-43972.121094,800.000427,303.6610
LootedWorldX_FURN_Workbench.esp,00049815,001865B9,WorkbenchCookingStove,FURN,57782.488281,-83905.757812,1599.257812,279.7860
LootedWorldX_FURN_Workbench.esp,0017FC52,002476B7,WorkbenchCookingFireWorkshop,FURN,58016.203125,-76776.835938,503.999939,270.0000
LootedWorldX_FURN_Workbench.esp,001AB83F,0017E787,workbenchWeaponsB,FURN,38870.062500,-71125.375000,638.843262,270.0001
LootedWorldX_FURN_Workbench.esp,001A0C99,0012EA9B,WorkbenchArmorA,FURN,39672.816406,-71088.648438,639.000000,90.0001
LootedWorldX_FURN_Workbench.esp,00165ABC,00157FEB,WorkbenchPowerArmor,FURN,37415.371094,-72472.750000,627.655334,270.0001
LootedWorldX_FURN_Workbench.esp,0015EF93,00157FEB,WorkbenchPowerArmor,FURN,37416.394531,-72302.296875,627.655334,270.0001
LootedWorldX_FURN_Workbench.esp,0005222C,001865B9,WorkbenchCookingStove,FURN,39397.496094,-72428.679688,575.000061,90.0000
LootedWorldX_FURN_Workbench.esp,001AB83A,0017E787,workbenchWeaponsB,FURN,3843.206299,-23964.417969,9090.318359,93.8273
LootedWorldX_FURN_Workbench.esp,00161F55,0010C3B6,WorkbenchCookingFire,FURN,2648.274658,-24216.197266,1356.284424,233.9492
LootedWorldX_FURN_Workbench.esp,001AB696,001487C1,WorkbenchChemistryB,FURN,3986.938232,-18283.896484,1126.256836,258.0138
LootedWorldX_FURN_Workbench.esp,001A0CEE,0012EA9B,WorkbenchArmorA,FURN,227.273651,-831.679932,902.190430,259.1145
LootedWorldX_FURN_Workbench.esp,001AB835,0017E787,workbenchWeaponsB,FURN,17920.904297,-32088.628906,753.250000,240.0008
LootedWorldX_FURN_Workbench.esp,001AB691,001487C1,WorkbenchChemistryB,FURN,18175.613281,-31991.332031,752.000000,60.0008
LootedWorldX_FURN_Workbench.esp,00188124,00157FEB,WorkbenchPowerArmor,FURN,18014.445312,-32223.154297,752.000000,330.0003
LootedWorldX_FURN_Workbench.esp,000C7F37,0010C3B6,WorkbenchCookingFire,FURN,16798.658203,-31469.416016,730.152588,0.0000
LootedWorldX_FURN_Workbench.esp,000AC97B,0014FBCD,WorkbenchCookingSpit,FURN,18816.455078,-25880.537109,1832.000000,85.3706
LootedWorldX_FURN_Workbench.esp,00178D63,0010C3B6,WorkbenchCookingFire,FURN,8481.670898,-24517.304688,2601.404785,106.7526
LootedWorldX_FURN_Workbench.esp,001AB830,0017E787,workbenchWeaponsB,FURN,17549.208984,-23399.634766,1800.000000,0.0000
LootedWorldX_FURN_Workbench.esp,000AB11F,0010C3B6,WorkbenchCookingFire,FURN,20546.794922,-21905.947266,808.000000,341.6653
LootedWorldX_FURN_Workbench.esp,001C22AD,001865B9,WorkbenchCookingStove,FURN,30124.009766,-21420.291016,608.995117,220.0008
LootedWorldX_FURN_Workbench.esp,0020C847,0017E787,workbenchWeaponsB,FURN,8298.837891,-13319.150391,833.906250,256.8676
LootedWorldX_FURN_Workbench.esp,0020C846,001487C1,WorkbenchChemistryB,FURN,8548.096680,-13220.730469,831.113647,76.7764
LootedWorldX_FURN_Workbench.esp,0020C845,00157FEB,WorkbenchPowerArmor,FURN,8382.778320,-13477.538086,833.906250,349.6868
LootedWorldX_FURN_Workbench.esp,001234C2,0010C3B6,WorkbenchCookingFire,FURN,19264.906250,-13289.108398,519.968750,204.0304
LootedWorldX_FURN_Workbench.esp,00093ADA,0010C3B6,WorkbenchCookingFire,FURN,23634.119141,-12918.545898,1130.535400,341.6652
LootedWorldX_FURN_Workbench.esp,001AB82B,0017E787,workbenchWeaponsB,FURN,28540.615234,-9461.139648,1296.000000,280.9313
LootedWorldX_FURN_Workbench.esp,001A0C94,0012EA9B,WorkbenchArmorA,FURN,28541.865234,-9596.989258,1296.000000,255.1488
LootedWorldX_FURN_Workbench.esp,00093F82,0010C3B6,WorkbenchCookingFire,FURN,28952.513672,-10388.839844,512.232605,104.5648
LootedWorldX_FURN_Workbench.esp,0020E939,00157FEB,WorkbenchPowerArmor,FURN,14185.988281,-5353.027832,634.069214,197.8927
LootedWorldX_FURN_Workbench.esp,0020E938,0017E787,workbenchWeaponsB,FURN,14338.832031,-5340.199707,637.894775,106.6733
LootedWorldX_FURN_Workbench.esp,0009335C,0008ADFA,defaultLightFire01NSFlicker,LIGH,21799.837891,-3223.640869,617.913696,0.0000
LootedWorldX_FURN_Workbench.esp,002213D9,000C79B4,WorkbenchCookingGroundPot,FURN,28260.199219,-1163.496460,638.865295,124.2173
LootedWorldX_FURN_Workbench.esp,001A0C8F,0012EA9B,WorkbenchArmorA,FURN,20201.677734,-54920.562500,1116.275146,270.0000
LootedWorldX_FURN_Workbench.esp,001AB826,0017E787,workbenchWeaponsB,FURN,21878.326172,-55511.445312,1079.185181,180.0003
LootedWorldX_FURN_Workbench.esp,001AB68C,001487C1,WorkbenchChemistryB,FURN,22622.945312,-55351.144531,1235.243652,270.0000
LootedWorldX_FURN_Workbench.esp,00093284,001865B9,WorkbenchCookingStove,FURN,20758.828125,-55037.769531,1121.978882,0.0000
LootedWorldX_FURN_Workbench.esp,000922A0,0010C3B6,WorkbenchCookingFire,FURN,22231.933594,-55052.691406,1079.185303,180.0002
LootedWorldX_FURN_Workbench.esp,001AB821,0017E787,workbenchWeaponsB,FURN,13171.459961,-45674.386719,992.288269,90.0000
LootedWorldX_FURN_Workbench.esp,00152AC9,0013BD08,WorkbenchPowerArmorSmall,FURN,12715.188477,-46091.035156,976.443665,0.0000
LootedWorldX_FURN_Workbench.esp,001F7AF9,001487C1,WorkbenchChemistryB,FURN,20940.798828,-46361.328125,2438.156006,126.3374
LootedWorldX_FURN_Workbench.esp,001F7AE7,0010C3B6,WorkbenchCookingFire,FURN,20508.292969,-45412.023438,2415.847656,247.8258
LootedWorldX_FURN_Workbench.esp,0019291F,0010C3B6,WorkbenchCookingFire,FURN,4541.735840,-43104.773438,1544.982910,275.2022
LootedWorldX_FURN_Workbench.esp,0023E938,0017E787,workbenchWeaponsB,FURN,10773.616211,-41445.480469,1233.505737,98.2706
LootedWorldX_FURN_Workbench.esp,0023E937,0012EA9B,WorkbenchArmorA,FURN,10513.982422,-41071.660156,1233.505737,85.0098
LootedWorldX_FURN_Workbench.esp,0023E936,00157FEB,WorkbenchPowerArmor,FURN,10365.240234,-41487.289062,1233.505737,355.0099
LootedWorldX_FURN_Workbench.esp,001CBC23,0012EA9B,WorkbenchArmorA,FURN,21267.851562,-43324.433594,1089.572998,180.0000
LootedWorldX_FURN_Workbench.esp,001CBC21,001487C1,WorkbenchChemistryB,FURN,21274.740234,-43351.875000,673.828247,179.9086
LootedWorldX_FURN_Workbench.esp,001CBBAE,0010C3B6,WorkbenchCookingFire,FURN,21237.132812,-43044.777344,673.572876,172.0242
LootedWorldX_FURN_Workbench.esp,0020A4D9,0012EA9B,WorkbenchArmorA,FURN,25926.667969,-37494.593750,710.969971,178.3721
LootedWorldX_FURN_Workbench.esp,0020A4D6,00157FEB,WorkbenchPowerArmor,FURN,25356.968750,-37420.550781,710.969971,358.2811
LootedWorldX_FURN_Workbench.esp,00187F09,0010C3B6,WorkbenchCookingFire,FURN,17750.007812,-34098.453125,1326.989502,51.8526
LootedWorldX_FURN_Workbench.esp,00093149,00101183,defaultLightFire01NSNonSpec,LIGH,3124.459961,-72980.835938,580.781494,0.0000
LootedWorldX_FURN_Workbench.esp,001D5813,0010C3B6,WorkbenchCookingFire,FURN,21544.470703,-97446.445312,569.574036,179.5183
LootedWorldX_FURN_Workbench.esp,001A7082,0017B3A4,workbenchWeaponsA,FURN,19520.015625,-91117.328125,858.188049,180.0001
LootedWorldX_FURN_Workbench.esp,001AB81C,0017E787,workbenchWeaponsB,FURN,27891.652344,-87412.296875,1322.603638,132.7080
LootedWorldX_FURN_Workbench.esp,001A6944,001865B9,WorkbenchCookingStove,FURN,28404.277344,-88812.679688,1474.603638,225.3549
LootedWorldX_FURN_Workbench.esp,001A6909,001865B9,WorkbenchCookingStove,FURN,26111.431641,-86494.632812,1226.934204,132.7082
LootedWorldX_FURN_Workbench.esp,001A67D2,001865B9,WorkbenchCookingStove,FURN,27133.501953,-87193.234375,1194.603638,44.6907
LootedWorldX_FURN_Workbench.esp,0015F7DF,0012F2F5,WorkbenchChemistryA,FURN,28664.158203,-89043.343750,1218.620728,132.7084
LootedWorldX_FURN_Workbench.esp,00091A76,0008ADFA,defaultLightFire01NSFlicker,LIGH,27034.117187,-86852.703125,1395.797852,0.0000
LootedWorldX_FURN_Workbench.esp,001AB687,001487C1,WorkbenchChemistryB,FURN,29111.890625,-87990.351562,1294.737549,40.4171
LootedWorldX_FURN_Workbench.esp,001A8EAD,0010C3B6,WorkbenchCookingFire,FURN,31953.339844,-88674.500000,1036.461304,0.0000
LootedWorldX_FURN_Workbench.esp,0023E948,0012EA9B,WorkbenchArmorA,FURN,20603.292969,-85326.429688,1046.814819,351.4486
LootedWorldX_FURN_Workbench.esp,0023E944,0017E787,workbenchWeaponsB,FURN,20989.953125,-85800.195312,1051.923340,183.6722
LootedWorldX_FURN_Workbench.esp,0023E943,0013BD08,WorkbenchPowerArmorSmall,FURN,21149.318359,-85481.914062,1039.864990,236.3842
LootedWorldX_FURN_Workbench.esp,001AB817,0017E787,workbenchWeaponsB,FURN,26401.867187,-85463.671875,1223.560303,42.4786
LootedWorldX_FURN_Workbench.esp,0015F7E1,00157FEB,WorkbenchPowerArmor,FURN,26503.460937,-85680.687500,1218.934204,222.7082
LootedWorldX_FURN_Workbench.esp,00091A67,001C9080,MistLargeRoundDustyDimmer,MSTT,15793.961914,-80288.015625,299.652039,247.1273
LootedWorldX_FURN_Workbench.esp,00091A66,001C9080,MistLargeRoundDustyDimmer,MSTT,15793.961914,-80288.015625,134.556183,0.0000
LootedWorldX_FURN_Workbench.esp,000919C8,0008ADFA,defaultLightFire01NSFlicker,LIGH,15823.621094,-80290.593750,274.709045,0.0000
LootedWorldX_FURN_Workbench.esp,001AB812,0017E787,workbenchWeaponsB,FURN,6629.478027,-75256.562500,602.155518,14.9428
LootedWorldX_FURN_Workbench.esp,00160547,00157FEB,WorkbenchPowerArmor,FURN,11220.042969,-75642.445312,455.108917,56.9177
LootedWorldX_FURN_Workbench.esp,001EF33A,0010C3B6,WorkbenchCookingFire,FURN,16837.419922,-73211.195312,1840.000000,9.4538
LootedWorldX_FURN_Workbench.esp,00163A0B,0010C3B6,WorkbenchCookingFire,FURN,22328.775391,-72789.640625,505.416779,0.0000
LootedWorldX_FURN_Workbench.esp,0019638E,00157FEB,WorkbenchPowerArmor,FURN,8990.458008,-65832.515625,537.178467,0.0000
LootedWorldX_FURN_Workbench.esp,00115568,002476B7,WorkbenchCookingFireWorkshop,FURN,12255.723633,-66156.359375,704.911438,220.5887
LootedWorldX_FURN_Workbench.esp,001AB682,001487C1,WorkbenchChemistryB,FURN,73308.546875,72168.273438,1698.032349,176.1850
LootedWorldX_FURN_Workbench.esp,001EB17B,00036180,FXSmokeStackSteam,MSTT,80300.460938,70962.187500,936.211304,0.0000
LootedWorldX_FURN_Workbench.esp,001AB67D,001487C1,WorkbenchChemistryB,FURN,91342.484375,70743.609375,618.773438,156.4625
LootedWorldX_FURN_Workbench.esp,001E8149,001865B9,WorkbenchCookingStove,FURN,72979.695312,80393.609375,1474.864502,0.0000
LootedWorldX_FURN_Workbench.esp,001A0C80,0012EA9B,WorkbenchArmorA,FURN,94590.390625,86433.156250,1726.911987,205.7828
LootedWorldX_FURN_Workbench.esp,0023E94C,0012EA9B,WorkbenchArmorA,FURN,82946.765625,34324.437500,862.750183,3.7240
LootedWorldX_FURN_Workbench.esp,0023E94B,0017E787,workbenchWeaponsB,FURN,83128.968750,34186.968750,862.750244,94.9391
LootedWorldX_FURN_Workbench.esp,0023E949,00157FEB,WorkbenchPowerArmor,FURN,83743.890625,33943.289062,526.877075,186.6803
LootedWorldX_FURN_Workbench.esp,001AB678,001487C1,WorkbenchChemistryB,FURN,67128.796875,42678.613281,516.046875,330.0006
LootedWorldX_FURN_Workbench.esp,001AB80D,0017E787,workbenchWeaponsB,FURN,90441.765625,60393.769531,1246.548096,221.2534
LootedWorldX_FURN_Workbench.esp,00161F39,0010C3B6,WorkbenchCookingFire,FURN,72252.453125,10408.146484,482.967834,266.6075
LootedWorldX_FURN_Workbench.esp,001AB673,001487C1,WorkbenchChemistryB,FURN,80969.257812,14778.046875,1177.215820,141.4738
LootedWorldX_FURN_Workbench.esp,001A0C7B,0012EA9B,WorkbenchArmorA,FURN,80653.007812,15001.229492,856.257446,224.0258
LootedWorldX_FURN_Workbench.esp,001AB808,0017E787,workbenchWeaponsB,FURN,80135.007812,18643.386719,574.496338,302.1134
LootedWorldX_FURN_Workbench.esp,0017FC50,0014FBCD,WorkbenchCookingSpit,FURN,52901.597656,69044.242188,1392.696777,180.0000
LootedWorldX_FURN_Workbench.esp,00091E60,0008ADFA,defaultLightFire01NSFlicker,LIGH,53178.441406,69565.250000,1474.671143,0.0000
LootedWorldX_FURN_Workbench.esp,001AB803,0017E787,workbenchWeaponsB,FURN,36191.636719,78033.453125,2008.011719,269.4701
LootedWorldX_FURN_Workbench.esp,0015F756,0014FBCD,WorkbenchCookingSpit,FURN,35337.863281,78171.828125,1768.248169,256.8673
LootedWorldX_FURN_Workbench.esp,0016257E,0014FBCD,WorkbenchCookingSpit,FURN,42213.625000,91488.070312,2048.070312,272.6236
LootedWorldX_FURN_Workbench.esp,00091401,0008ADFA,defaultLightFire01NSFlicker,LIGH,38735.914062,38890.382812,899.027710,0.0000
LootedWorldX_FURN_Workbench.esp,00091400,001DA027,FXFireSmall01,MSTT,38730.300781,38901.855469,872.000000,0.0000
LootedWorldX_FURN_Workbench.esp,000B9535,001C9080,MistLargeRoundDustyDimmer,MSTT,50009.730469,37009.175781,840.307800,13.7510
LootedWorldX_FURN_Workbench.esp,000B9534,000821BD,MistLargeRoundDustyDim,MSTT,49980.347656,36965.320312,718.968323,13.7510
LootedWorldX_FURN_Workbench.esp,000B9533,001DA027,FXFireSmall01,MSTT,49978.339844,36952.988281,699.656677,61.8794
LootedWorldX_FURN_Workbench.esp,000B9532,0008ADFA,defaultLightFire01NSFlicker,LIGH,50182.375000,36896.871094,801.234131,0.0000
LootedWorldX_FURN_Workbench.esp,000B9531,0008ADFA,defaultLightFire01NSFlicker,LIGH,50050.562500,36937.023438,725.689209,0.0000
LootedWorldX_FURN_Workbench.esp,000B952F,0008ADFA,defaultLightFire01NSFlicker,LIGH,49554.597656,37028.121094,835.076355,0.0000
LootedWorldX_FURN_Workbench.esp,000B952E,0008ADFA,defaultLightFire01NSFlicker,LIGH,49539.328125,36940.660156,835.076355,0.0000
LootedWorldX_FURN_Workbench.esp,001AB7FE,0017E787,workbenchWeaponsB,FURN,57282.074219,37307.722656,593.292786,256.3133
LootedWorldX_FURN_Workbench.esp,001A0C6C,0012EA9B,WorkbenchArmorA,FURN,58442.367187,37300.402344,593.292847,166.3133
LootedWorldX_FURN_Workbench.esp,0016053F,0010C3B6,WorkbenchCookingFire,FURN,59242.679687,38166.421875,593.292786,125.8783
LootedWorldX_FURN_Workbench.esp,00160535,00157FEB,WorkbenchPowerArmor,FURN,60477.511719,37179.253906,575.905212,256.7372
LootedWorldX_FURN_Workbench.esp,000B951C,001C9080,MistLargeRoundDustyDimmer,MSTT,54391.789062,48438.324219,972.224609,0.0000
LootedWorldX_FURN_Workbench.esp,000B951B,000821BD,MistLargeRoundDustyDim,MSTT,54351.171875,48432.640625,806.357666,0.0000
LootedWorldX_FURN_Workbench.esp,0015F78B,00157FEB,WorkbenchPowerArmor,FURN,60223.984375,58382.355469,904.927124,89.6908
LootedWorldX_FURN_Workbench.esp,001A30F1,0010C3B6,WorkbenchCookingFire,FURN,33110.121094,2351.606445,1370.234009,162.3289
LootedWorldX_FURN_Workbench.esp,001AB66E,001487C1,WorkbenchChemistryB,FURN,64521.222656,3476.007080,717.030518,295.9559
LootedWorldX_FURN_Workbench.esp,001AB7F4,0017E787,workbenchWeaponsB,FURN,54895.183594,10549.529297,848.255371,354.3514
LootedWorldX_FURN_Workbench.esp,000EF3AE,000C581B,defaultLightFire01NS,LIGH,54758.507812,13450.364258,871.665039,0.0000
LootedWorldX_FURN_Workbench.esp,000EF3AD,001DA026,FXFireMedSmokey01,MSTT,54753.273437,13451.100586,833.220215,117.4563
LootedWorldX_FURN_Workbench.esp,00090A6D,000821BD,MistLargeRoundDustyDim,MSTT,54754.960937,13451.412109,1137.842651,251.1380
LootedWorldX_FURN_Workbench.esp,00090A6C,000821BD,MistLargeRoundDustyDim,MSTT,54754.960937,13451.412109,922.129700,0.0000
LootedWorldX_FURN_Workbench.esp,00090A3C,0012B52C,defaultLightFire01FlickerGoboWireBarrel,LIGH,54622.507812,13334.092773,802.857422,205.8650
LootedWorldX_FURN_Workbench.esp,00090A3B,000C581B,defaultLightFire01NS,LIGH,54631.425781,13328.500000,831.301453,111.4909
LootedWorldX_FURN_Workbench.esp,00090A39,000C581B,defaultLightFire01NS,LIGH,54752.480469,13455.687500,1003.390381,0.0000
LootedWorldX_FURN_Workbench.esp,001A707F,0017B3A4,workbenchWeaponsA,FURN,42595.218750,17843.628906,591.299377,179.2356
LootedWorldX_FURN_Workbench.esp,001A0C67,0012EA9B,WorkbenchArmorA,FURN,42662.093750,18060.541016,591.299377,89.2357
LootedWorldX_FURN_Workbench.esp,001EC61D,0017E787,workbenchWeaponsB,FURN,46755.007812,23440.185547,458.379150,22.9756
LootedWorldX_FURN_Workbench.esp,001714EA,00157FEB,WorkbenchPowerArmor,FURN,55392.707031,25416.562500,765.649048,244.4577
LootedWorldX_FURN_Workbench.esp,000B9521,0008ADFA,defaultLightFire01NSFlicker,LIGH,38784.789062,30832.123047,1139.331421,0.0000
LootedWorldX_FURN_Workbench.esp,000B9520,001DA027,FXFireSmall01,MSTT,38982.769531,30948.273437,948.920959,0.0000
LootedWorldX_FURN_Workbench.esp,000B951F,0008ADFA,defaultLightFire01NSFlicker,LIGH,38996.804688,30939.589844,994.526489,0.0000
LootedWorldX_FURN_Workbench.esp,000B951E,000821BD,MistLargeRoundDustyDim,MSTT,38980.429688,30961.273437,986.180786,0.0000
LootedWorldX_FURN_Workbench.esp,000B951D,000821BD,MistLargeRoundDustyDim,MSTT,38990.214844,30948.611328,1152.047729,0.0000
LootedWorldX_FURN_Workbench.esp,001712B2,00157FEB,WorkbenchPowerArmor,FURN,52065.949219,29799.927734,489.690857,131.2081
LootedWorldX_FURN_Workbench.esp,00043C24,0008ADFA,defaultLightFire01NSFlicker,LIGH,57909.105469,30188.906250,1342.793213,214.1377
LootedWorldX_FURN_Workbench.esp,001AB669,001487C1,WorkbenchChemistryB,FURN,30279.876953,66903.273437,2162.878418,180.0000
LootedWorldX_FURN_Workbench.esp,000B95D7,000821BD,MistLargeRoundDustyDim,MSTT,30264.884766,67365.937500,2181.445557,0.0000
LootedWorldX_FURN_Workbench.esp,000B95D5,0008ADFA,defaultLightFire01NSFlicker,LIGH,30235.357422,67370.421875,2325.173096,0.0000
LootedWorldX_FURN_Workbench.esp,001B29CF,0010C3B6,WorkbenchCookingFire,FURN,24016.632812,89526.703125,702.365234,307.0012
LootedWorldX_FURN_Workbench.esp,001F032E,0017B3A4,workbenchWeaponsA,FURN,17619.294922,94715.953125,2927.034668,331.3521
LootedWorldX_FURN_Workbench.esp,001E883B,00036180,FXSmokeStackSteam,MSTT,24992.074219,97327.320312,2206.167725,0.0000
LootedWorldX_FURN_Workbench.esp,0015F7AC,0014FBCD,WorkbenchCookingSpit,FURN,13956.799805,39416.652344,1014.511414,327.9141
LootedWorldX_FURN_Workbench.esp,0015F7A7,002476B7,WorkbenchCookingFireWorkshop,FURN,6314.776367,45670.117188,499.628235,310.7254
LootedWorldX_FURN_Workbench.esp,001A707C,0017B3A4,workbenchWeaponsA,FURN,16516.761719,48270.421875,1262.769531,21.4061
LootedWorldX_FURN_Workbench.esp,001F768A,0017B3A4,workbenchWeaponsA,FURN,20669.792969,54825.921875,1394.340332,58.7282
LootedWorldX_FURN_Workbench.esp,00160524,0010C3B6,WorkbenchCookingFire,FURN,21657.236328,54784.933594,1650.340332,34.9504
LootedWorldX_FURN_Workbench.esp,001CC19E,00101183,defaultLightFire01NSNonSpec,LIGH,17672.535156,58528.019531,1856.779663,0.0000
LootedWorldX_FURN_Workbench.esp,001CC19D,0008ADFA,defaultLightFire01NSFlicker,LIGH,17677.099609,58530.507812,1681.851685,0.0000
LootedWorldX_FURN_Workbench.esp,001CC19C,00036181,FXSmokeStackSteam02,MSTT,17680.990234,58528.402344,1681.785034,0.0000
LootedWorldX_FURN_Workbench.esp,001CC19B,001DA027,FXFireSmall01,MSTT,17677.314453,58525.718750,1650.541138,0.0000
LootedWorldX_FURN_Workbench.esp,001639FA,00157FEB,WorkbenchPowerArmor,FURN,16461.406250,58952.355469,1391.406738,225.0518
LootedWorldX_FURN_Workbench.esp,00160522,0012F2F5,WorkbenchChemistryA,FURN,17204.445312,57820.007812,1903.406738,3.9653
LootedWorldX_FURN_Workbench.esp,001F56F7,001487C1,WorkbenchChemistryB,FURN,15437.912109,62544.292969,1185.212891,187.6436
LootedWorldX_FURN_Workbench.esp,001BF8A0,001487C1,WorkbenchChemistryB,FURN,3154.566650,14405.824219,810.983398,92.8649
LootedWorldX_FURN_Workbench.esp,001E072B,0017B3A4,workbenchWeaponsA,FURN,7703.730957,9818.671875,664.000000,222.4901
LootedWorldX_FURN_Workbench.esp,001A7079,0017B3A4,workbenchWeaponsA,FURN,9055.092773,11180.234375,1416.000000,224.9994
LootedWorldX_FURN_Workbench.esp,001CBCDE,0008ADF9,defaultLightFire01Flicker,LIGH,15759.804687,9605.766602,947.969849,0.0000
LootedWorldX_FURN_Workbench.esp,001AB7EF,0017E787,workbenchWeaponsB,FURN,23879.076172,13748.416992,661.646362,350.2776
LootedWorldX_FURN_Workbench.esp,00161F2D,0010C3B6,WorkbenchCookingFire,FURN,23850.232422,13212.021484,662.151184,291.4859
LootedWorldX_FURN_Workbench.esp,001C8A6F,0012F2F5,WorkbenchChemistryA,FURN,10584.583984,17125.701172,555.538940,102.7153
LootedWorldX_FURN_Workbench.esp,00160521,00157FEB,WorkbenchPowerArmor,FURN,16537.921875,26628.488281,726.905762,80.0000
LootedWorldX_FURN_Workbench.esp,00240B6F,0017E787,workbenchWeaponsB,FURN,2929.052979,-31823.626953,3099.876953,182.1146
LootedWorldX_FURN_Workbench.esp,002210AC,0012EA9B,WorkbenchArmorA,FURN,-59723.867187,-12940.066406,1407.999878,181.9141
LootedWorldX_FURN_Workbench.esp,00211204,000C581B,defaultLightFire01NS,LIGH,55015.617187,13206.804687,1292.084229,0.0000
LootedWorldX_FURN_Workbench.esp,001EB16E,000C79B4,WorkbenchCookingGroundPot,FURN,80340.664062,70989.960938,916.646973,233.9492
LootedWorldX_FURN_Workbench.esp,001E883F,000C79B4,WorkbenchCookingGroundPot,FURN,24976.025391,97277.335938,2173.361572,0.0000
LootedWorldX_FURN_Workbench.esp,001E32ED,0017E787,workbenchWeaponsB,FURN,16331.520508,-52339.074219,1008.000000,336.7952
LootedWorldX_FURN_Workbench.esp,001D5FBE,0010C3B6,WorkbenchCookingFire,FURN,-17689.832031,74759.492188,4266.090820,15.3553
LootedWorldX_FURN_Workbench.esp,001D16C7,001487C1,WorkbenchChemistryB,FURN,-64776.859375,49221.000000,4862.516602,248.2729
LootedWorldX_FURN_Workbench.esp,001CC19A,0010C3B6,WorkbenchCookingFire,FURN,17699.962891,58488.585937,1647.406738,0.0000
LootedWorldX_FURN_Workbench.esp,001CBCD9,0012EA9B,WorkbenchArmorA,FURN,15746.694336,9673.257812,877.271484,223.4536
LootedWorldX_FURN_Workbench.esp,001CBC22,0017E787,workbenchWeaponsB,FURN,20856.287109,-43318.972656,1089.572998,178.3719
LootedWorldX_FURN_Workbench.esp,001BA421,000C79B4,WorkbenchCookingGroundPot,FURN,-10545.020508,-18619.041016,1276.209229,15.7563
LootedWorldX_FURN_Workbench.esp,001B8CB0,002476B7,WorkbenchCookingFireWorkshop,FURN,-21346.132812,-18063.904297,727.474976,21.4859
LootedWorldX_FURN_Workbench.esp,001B1322,0012EA9B,WorkbenchArmorA,FURN,-8765.764648,-25847.607422,1360.000000,335.6492
LootedWorldX_FURN_Workbench.esp,001ADDD3,0010C3B6,WorkbenchCookingFire,FURN,-28089.138672,43964.000000,3457.552979,74.4379
LootedWorldX_FURN_Workbench.esp,001AB885,0017E787,workbenchWeaponsB,FURN,7569.493652,-24969.925781,2137.404785,45.2632
LootedWorldX_FURN_Workbench.esp,001AB7F9,0017E787,workbenchWeaponsB,FURN,58809.433594,54414.832031,2114.209961,91.8275
LootedWorldX_FURN_Workbench.esp,001AB6F0,001487C1,WorkbenchChemistryB,FURN,56292.898437,12046.711914,849.108154,60.0005
LootedWorldX_FURN_Workbench.esp,001AB6DC,001487C1,WorkbenchChemistryB,FURN,-89813.398438,-41164.832031,2838.978516,252.5700
LootedWorldX_FURN_Workbench.esp,001AB6C8,001487C1,WorkbenchChemistryB,FURN,-77215.281250,68942.437500,7528.786133,210.5615
LootedWorldX_FURN_Workbench.esp,001AB69B,001487C1,WorkbenchChemistryB,FURN,56966.234375,-83881.570312,1844.196045,279.1678
LootedWorldX_FURN_Workbench.esp,001A0CF3,0012EA9B,WorkbenchArmorA,FURN,55034.054687,11697.573242,842.983765,48.9875
LootedWorldX_FURN_Workbench.esp,001A0CDF,0012EA9B,WorkbenchArmorA,FURN,-58637.167969,-53361.472656,2880.000000,90.0000
LootedWorldX_FURN_Workbench.esp,001A0CCB,0012EA9B,WorkbenchArmorA,FURN,-88526.437500,-34698.609375,3289.516357,286.3520
LootedWorldX_FURN_Workbench.esp,001A0CAD,0012EA9B,WorkbenchArmorA,FURN,-78050.171875,89619.703125,7790.754883,225.8372
LootedWorldX_FURN_Workbench.esp,001A0C8A,0012EA9B,WorkbenchArmorA,FURN,3092.106201,-73030.937500,516.431824,166.2493
LootedWorldX_FURN_Workbench.esp,001A0C85,0012EA9B,WorkbenchArmorA,FURN,26999.175781,-86825.421875,1322.603638,222.7079
LootedWorldX_FURN_Workbench.esp,001A0C76,0012EA9B,WorkbenchArmorA,FURN,53196.589844,69508.476562,1392.696777,91.0000
LootedWorldX_FURN_Workbench.esp,001A0C71,0012EA9B,WorkbenchArmorA,FURN,49477.667969,36963.406250,744.000000,243.4853
LootedWorldX_FURN_Workbench.esp,0019D7BC,001865B9,WorkbenchCookingStove,FURN,12894.939453,-82523.656250,958.676636,135.2178
LootedWorldX_FURN_Workbench.esp,001815D6,0010C3B6,WorkbenchCookingFire,FURN,3095.299561,-31442.806641,3099.708252,55.0039
LootedWorldX_FURN_Workbench.esp,0017FD62,0010C3B6,WorkbenchCookingFire,FURN,-5034.752930,16287.483398,903.186096,333.6436
LootedWorldX_FURN_Workbench.esp,0017FD60,0014FBCD,WorkbenchCookingSpit,FURN,-11874.711914,14759.283203,1465.009521,75.4811
LootedWorldX_FURN_Workbench.esp,0017FC5C,002476B7,WorkbenchCookingFireWorkshop,FURN,30235.876953,67311.539062,2136.783691,32.0857
LootedWorldX_FURN_Workbench.esp,0017FC58,0014FBCD,WorkbenchCookingSpit,FURN,39112.875000,30965.859375,932.355469,332.4981
LootedWorldX_FURN_Workbench.esp,0017FC57,002476B7,WorkbenchCookingFireWorkshop,FURN,-45705.882812,-4907.646484,1591.076416,335.9361
LootedWorldX_FURN_Workbench.esp,0017FC55,002476B7,WorkbenchCookingFireWorkshop,FURN,64381.679687,2777.173096,694.731506,58.6243
LootedWorldX_FURN_Workbench.esp,0017FC54,002476B7,WorkbenchCookingFireWorkshop,FURN,-22311.496094,88586.312500,6041.767090,55.0041
LootedWorldX_FURN_Workbench.esp,0017FC4F,002476B7,WorkbenchCookingFireWorkshop,FURN,54355.386719,48365.722656,764.153137,0.0000
LootedWorldX_FURN_Workbench.esp,001793F8,002476B7,WorkbenchCookingFireWorkshop,FURN,-76546.500000,68676.195312,7512.723145,230.6155
LootedWorldX_FURN_Workbench.esp,00179127,0010C3B6,WorkbenchCookingFire,FURN,-18109.066406,-9869.734375,516.088257,357.7198
LootedWorldX_FURN_Workbench.esp,00178DA5,002476B7,WorkbenchCookingFireWorkshop,FURN,-79368.828125,86057.125000,7579.041504,160.8972
LootedWorldX_FURN_Workbench.esp,00162585,0010C3B6,WorkbenchCookingFire,FURN,57846.570312,30222.845703,1220.518066,144.2704
LootedWorldX_FURN_Workbench.esp,0016257A,0010C3B6,WorkbenchCookingFire,FURN,-29014.220703,39443.953125,3128.660156,68.7549
LootedWorldX_FURN_Workbench.esp,00162579,0014FBCD,WorkbenchCookingSpit,FURN,-77702.523438,-38932.484375,2081.100342,65.8901
LootedWorldX_FURN_Workbench.esp,00161F47,0010C3B6,WorkbenchCookingFire,FURN,15877.633789,-80318.062500,107.629913,309.5797
LootedWorldX_FURN_Workbench.esp,00160552,0010C3B6,WorkbenchCookingFire,FURN,-5797.980469,-33141.476562,1056.000000,0.0000
LootedWorldX_FURN_Workbench.esp,00160546,0010C3B6,WorkbenchCookingFire,FURN,50029.828125,36974.789062,690.853333,274.6289
LootedWorldX_FURN_Workbench.esp,0015F762,002476B7,WorkbenchCookingFireWorkshop,FURN,-31102.302734,-63841.367187,1469.690674,263.1698
LootedWorldX_FURN_Workbench.esp,0015BDCB,0010C3B6,WorkbenchCookingFire,FURN,18687.761719,-26560.253906,1577.250000,133.6815
LootedWorldX_FURN_Workbench.esp,00140F17,0010C3B6,WorkbenchCookingFire,FURN,91769.695312,69039.187500,649.368652,0.0000
LootedWorldX_FURN_Workbench.esp,0013B318,0010C3B6,WorkbenchCookingFire,FURN,-44233.191406,36620.781250,5587.102539,214.2510
LootedWorldX_FURN_Workbench.esp,001244B8,0010C3B6,WorkbenchCookingFire,FURN,38793.773438,38873.226562,867.421814,318.4605
LootedWorldX_FURN_Workbench.esp,001233AA,0010C3B6,WorkbenchCookingFire,FURN,54775.445312,13407.496094,827.295471,5.7293
LootedWorldX_FURN_Workbench.esp,0011B8F8,0010C3B6,WorkbenchCookingFire,FURN,-18398.625000,-18487.863281,602.470764,223.9224
LootedWorldX_FURN_Workbench.esp,001195D1,0010C3B6,WorkbenchCookingFire,FURN,-66693.679687,-12646.746094,2681.035156,165.7671
LootedWorldX_FURN_Workbench.esp,00109767,0010C3B6,WorkbenchCookingFire,FURN,-28333.773437,8962.769531,1699.884277,97.4028
LootedWorldX_FURN_Workbench.esp,000FFED4,000E2800,SandboxFeralGhoulSquatEatingOnTableDay,FURN,-32167.439453,40299.519531,3677.918945,0.0000
LootedWorldX_FURN_Workbench.esp,000BCDD1,0010C3B6,WorkbenchCookingFire,FURN,1461.810547,-356.954315,558.171265,141.8755
LootedWorldX_FURN_Workbench.esp,0007285F,002476B7,WorkbenchCookingFireWorkshop,FURN,-10176.000000,99968.000000,3840.000000,230.6155
LootedWorldX_FURN_Workbench.esp,000693B3,0010C3B6,WorkbenchCookingFire,FURN,21850.992188,-3214.190918,591.011902,279.3169
LootedWorldX_FURN_Workbench.esp,0006625B,0010C3B6,WorkbenchCookingFire,FURN,-50028.003906,72521.195312,5415.959961,0.0000
LootedWorldX_FURN_Workbench.esp,00066250,0010C3B6,WorkbenchCookingFire,FURN,-38519.390625,70906.171875,4340.443848,0.0000
LootedWorldX_FURN_Workbench.esp,0002A561,0014FBCD,WorkbenchCookingSpit,FURN,53968.863281,60869.140625,933.992737,84.2248
LootedWorldX_FURN_Workbench.esp,000198A9,001865B9,WorkbenchCookingStove,FURN,3086.990967,464.122864,799.581116,271.5238
LootedWorldX_FURN_Workbench.esp,001A0C62,0012EA9B,WorkbenchArmorA,FURN,3604.844971,502.119019,1311.772461,0.5730
LootedWorldX_FURN_Workbench.esp,001AB664,001487C1,WorkbenchChemistryB,FURN,3708.744873,-81.440475,1312.669312,179.9198
LootedWorldX_FURN_Workbench.esp,001AB7EA,0017E787,workbenchWeaponsB,FURN,3837.369141,465.176331,1314.256836,9.4760
LootedWorldX_FURN_Workbench.esp,001E6834,0008ADFA,defaultLightFire01NSFlicker,LIGH,5205.576660,2464.260742,355.241455,111.0000
LootedWorldX_FURN_Workbench.esp,001AB7E5,0017E787,workbenchWeaponsB,FURN,5132.676270,1945.921997,258.892578,267.7081
LootedWorldX_FURN_Workbench.esp,001A0C5D,0012EA9B,WorkbenchArmorA,FURN,5261.775879,2477.652832,256.000000,359.3814
LootedWorldX_FURN_Workbench.esp,03056E87,0012F2F5,WorkbenchChemistryA,FURN,2521.870117,2610.948975,-128.000000,270.0000
LootedWorldX_FURN_Workbench.esp,03056E8C,0017E787,workbenchWeaponsB,FURN,2812.726318,2329.857910,-128.000015,180.0001
LootedWorldX_FURN_Workbench.esp,0304565F,0017E787,workbenchWeaponsB,FURN,9335.763672,-1235.663696,638.409973,182.6237
LootedWorldX_FURN_Workbench.esp,03045660,0012F2F5,WorkbenchChemistryA,FURN,8945.514648,-783.218140,429.404114,269.4724
LootedWorldX_FURN_Workbench.esp,03045662,0012EA9B,WorkbenchArmorA,FURN,9921.196289,-1273.190308,432.688507,180.7681
LootedWorldX_FURN_Workbench.esp,03045667,001865B9,WorkbenchCookingStove,FURN,8912.612305,-161.667542,499.845398,180.7677
LootedWorldX_FURN_Workbench.esp,0305706F,00157FEB,WorkbenchPowerArmor,FURN,9634.866211,-1056.367798,638.188354,0.0000
LootedWorldX_FURN_Workbench.esp,001AB7E0,0017E787,workbenchWeaponsB,FURN,-817.599365,-470.936768,0.033730,261.4069
LootedWorldX_FURN_Workbench.esp,00156278,0012F2F5,WorkbenchChemistryA,FURN,270.336121,-1027.367920,256.000000,180.0000
LootedWorldX_FURN_Workbench.esp,0004A18D,00203A36,NPCWorkbenchChemistryMarker,FURN,499.114227,-766.110474,256.000000,179.0377
LootedWorldX_FURN_Workbench.esp,001EC432,000C581B,defaultLightFire01NS,LIGH,2959.495117,1419.667114,279.037567,0.0000
LootedWorldX_FURN_Workbench.esp,001EC223,0012EA9B,WorkbenchArmorA,FURN,2961.802734,1359.929932,201.716553,177.7086
LootedWorldX_FURN_Workbench.esp,0018FB5F,0012F2F5,WorkbenchChemistryA,FURN,12532.538086,3539.369629,1420.763306,42.9261
LootedWorldX_FURN_Workbench.esp,0018E39E,0014FBCD,WorkbenchCookingSpit,FURN,10109.625000,3887.324951,1024.546265,39.5340
LootedWorldX_FURN_Workbench.esp,0015F7CA,00157FEB,WorkbenchPowerArmor,FURN,9370.946289,3167.202148,736.000000,315.0000
LootedWorldX_FURN_Workbench.esp,0019388E,001865B9,WorkbenchCookingStove,FURN,751.329102,3127.461426,-256.000000,270.0001
LootedWorldX_FURN_Workbench.esp,0015EFA0,0012F2F5,WorkbenchChemistryA,FURN,-407.999786,1280.001465,0.000000,90.0001
LootedWorldX_FURN_Workbench.esp,001639E5,0012F2F5,WorkbenchChemistryA,FURN,1240.625488,2090.945801,-1056.000000,180.0000
LootedWorldX_FURN_Workbench.esp,001AB7D6,0017E787,workbenchWeaponsB,FURN,48.420773,597.017883,87.590179,134.9994
LootedWorldX_FURN_Workbench.esp,00184096,0012F2F5,WorkbenchChemistryA,FURN,-383.850159,-465.634766,-96.000000,0.0001
LootedWorldX_FURN_Workbench.esp,001AB7D1,0017E787,workbenchWeaponsB,FURN,501.104858,2045.197510,-351.641632,0.0000
LootedWorldX_FURN_Workbench.esp,0019CE7D,00101183,defaultLightFire01NSNonSpec,LIGH,1958.934082,5587.388672,-765.095764,0.0000
LootedWorldX_FURN_Workbench.esp,0019CE7C,00101183,defaultLightFire01NSNonSpec,LIGH,1960.010742,5518.437012,-843.347412,0.0000
LootedWorldX_FURN_Workbench.esp,0019CE7B,00101183,defaultLightFire01NSNonSpec,LIGH,1988.683594,5644.008301,-843.347412,0.0000
LootedWorldX_FURN_Workbench.esp,001AB7C7,0017E787,workbenchWeaponsB,FURN,-830.143555,813.623169,-0.000061,270.0000
LootedWorldX_FURN_Workbench.esp,001A0C53,0012EA9B,WorkbenchArmorA,FURN,2031.805908,5566.215820,-897.052551,90.0000
LootedWorldX_FURN_Workbench.esp,0008538D,0012F2F5,WorkbenchChemistryA,FURN,394.130219,624.686646,-256.000000,270.0002
LootedWorldX_FURN_Workbench.esp,001A7076,0017B3A4,workbenchWeaponsA,FURN,1143.767456,-131.976898,-255.999985,180.0002
LootedWorldX_FURN_Workbench.esp,0015F7C0,00157FEB,WorkbenchPowerArmor,FURN,1161.262085,-383.424744,-400.000000,0.0000
LootedWorldX_FURN_Workbench.esp,0015F7C1,0012F2F5,WorkbenchChemistryA,FURN,1689.262085,-494.038696,0.000000,180.0000
LootedWorldX_FURN_Workbench.esp,001AB65F,001487C1,WorkbenchChemistryB,FURN,374.092468,785.721436,769.350891,270.0001
LootedWorldX_FURN_Workbench.esp,001639F2,0010C3B6,WorkbenchCookingFire,FURN,1237.680176,777.825867,-2820.350586,249.2367
LootedWorldX_FURN_Workbench.esp,001AB7C2,0017E787,workbenchWeaponsB,FURN,1540.887817,117.634789,-2807.598877,179.5180
LootedWorldX_FURN_Workbench.esp,0021C374,0008ADFA,defaultLightFire01NSFlicker,LIGH,-435.697632,474.843872,129.247650,0.0000
LootedWorldX_FURN_Workbench.esp,0021C373,0008ADFA,defaultLightFire01NSFlicker,LIGH,-434.169373,375.236145,129.247650,0.0000
LootedWorldX_FURN_Workbench.esp,001A0C4E,0012EA9B,WorkbenchArmorA,FURN,-550.563477,405.607025,0.000000,269.9899
LootedWorldX_FURN_Workbench.esp,001604FF,00157FEB,WorkbenchPowerArmor,FURN,-2811.751709,6848.000000,-128.000000,90.0000
LootedWorldX_FURN_Workbench.esp,001AB65A,001487C1,WorkbenchChemistryB,FURN,-1693.975708,6553.498047,-127.657303,90.0001
LootedWorldX_FURN_Workbench.esp,001992FE,000C581B,defaultLightFire01NS,LIGH,3515.343994,3632.221680,-231.203674,0.0000
LootedWorldX_FURN_Workbench.esp,001992FD,000C581B,defaultLightFire01NS,LIGH,3425.034912,3515.126709,-231.203674,0.0000
LootedWorldX_FURN_Workbench.esp,001AB7BD,0017E787,workbenchWeaponsB,FURN,3587.968994,2790.932373,-582.150757,44.9993
LootedWorldX_FURN_Workbench.esp,001AB655,001487C1,WorkbenchChemistryB,FURN,5829.717773,2013.807617,-840.000000,44.9994
LootedWorldX_FURN_Workbench.esp,001A0C49,0012EA9B,WorkbenchArmorA,FURN,3480.679687,3499.539307,-328.000000,134.9993
LootedWorldX_FURN_Workbench.esp,00174A4F,001C9080,MistLargeRoundDustyDimmer,MSTT,1184.000000,2640.000000,360.000000,27.6844
LootedWorldX_FURN_Workbench.esp,00174A4E,000821BD,MistLargeRoundDustyDim,MSTT,1432.000000,2632.000000,376.000000,358.9909
LootedWorldX_FURN_Workbench.esp,001749A2,00101183,defaultLightFire01NSNonSpec,LIGH,1257.940796,2238.460449,350.159393,91.6732
LootedWorldX_FURN_Workbench.esp,001749A0,00101183,defaultLightFire01NSNonSpec,LIGH,1147.217407,2684.613037,350.159393,91.6732
LootedWorldX_FURN_Workbench.esp,00147A26,0012B52C,defaultLightFire01FlickerGoboWireBarrel,LIGH,1439.224731,2656.250244,321.715271,205.8650
LootedWorldX_FURN_Workbench.esp,00147A25,001FA277,defaultLightFire01NSGoboBounce01,LIGH,1446.846924,2653.026611,350.159393,91.6732
LootedWorldX_FURN_Workbench.esp,001AB650,001487C1,WorkbenchChemistryB,FURN,190.409042,-1420.969971,-511.750000,191.9404
LootedWorldX_FURN_Workbench.esp,00162567,0010C3B6,WorkbenchCookingFire,FURN,1414.982666,2609.385254,256.250000,44.4041
LootedWorldX_FURN_Workbench.esp,0015EFA9,00157FEB,WorkbenchPowerArmor,FURN,1944.000000,3616.000000,382.838165,271.5150
LootedWorldX_FURN_Workbench.esp,001B1718,001487C1,WorkbenchChemistryB,FURN,-112.427025,-2596.477539,255.999969,185.6384
LootedWorldX_FURN_Workbench.esp,0015F7F5,0014FBCD,WorkbenchCookingSpit,FURN,9980.085938,3125.159912,161.000000,19.4801
LootedWorldX_FURN_Workbench.esp,001A0C3F,0012EA9B,WorkbenchArmorA,FURN,10299.831055,2736.229980,96.258575,79.6415
LootedWorldX_FURN_Workbench.esp,001AB64B,001487C1,WorkbenchChemistryB,FURN,8738.916016,2218.110352,106.603638,180.0002
LootedWorldX_FURN_Workbench.esp,001AB7B3,0017E787,workbenchWeaponsB,FURN,10296.960938,2483.957031,96.780975,179.9087
LootedWorldX_FURN_Workbench.esp,0015F7F2,0010C3B6,WorkbenchCookingFire,FURN,8791.268555,2017.822876,-60.654911,315.3089
LootedWorldX_FURN_Workbench.esp,001604FE,0012F2F5,WorkbenchChemistryA,FURN,-3159.005859,2177.312988,0.000015,0.0000
LootedWorldX_FURN_Workbench.esp,06042CBD,0017E787,workbenchWeaponsB,FURN,2301.842041,2742.821777,766.857239,180.0000
LootedWorldX_FURN_Workbench.esp,06042CBC,001487C1,WorkbenchChemistryB,FURN,1954.435425,3083.316406,768.422913,270.0000
LootedWorldX_FURN_Workbench.esp,0019733E,000C581B,defaultLightFire01NS,LIGH,1992.001953,2376.177246,376.468079,0.0000
LootedWorldX_FURN_Workbench.esp,0019733F,000C581B,defaultLightFire01NS,LIGH,2016.001709,2280.177246,464.468079,0.0000
LootedWorldX_FURN_Workbench.esp,001A0C35,0012EA9B,WorkbenchArmorA,FURN,1954.716797,2409.672852,288.060120,270.6182
LootedWorldX_FURN_Workbench.esp,0013BEBA,0015AE5B,FXBlightLight01,LIGH,3016.348145,3082.294678,657.916992,0.0000
LootedWorldX_FURN_Workbench.esp,00053639,0008ADFA,defaultLightFire01NSFlicker,LIGH,210.525696,6767.119629,-2356.301270,0.0000
LootedWorldX_FURN_Workbench.esp,00053625,000FDEE8,defaultLightWarm01NSNonSpec,LIGH,212.307953,6744.008789,-2257.952148,0.0000
LootedWorldX_FURN_Workbench.esp,001AB7A9,0017E787,workbenchWeaponsB,FURN,3635.402100,5932.510254,-199.963882,180.0000
LootedWorldX_FURN_Workbench.esp,001A0C30,0012EA9B,WorkbenchArmorA,FURN,256.186584,6803.213867,-2432.453369,314.9994
LootedWorldX_FURN_Workbench.esp,0013BEAD,0010C3B6,WorkbenchCookingFire,FURN,3000.816895,3132.965332,640.000000,179.5176
LootedWorldX_FURN_Workbench.esp,001A0C2B,0012EA9B,WorkbenchArmorA,FURN,-3157.916016,2473.302246,-0.102248,308.4345
LootedWorldX_FURN_Workbench.esp,001AB646,001487C1,WorkbenchChemistryB,FURN,-3409.109619,1952.220581,-16.000000,234.5114
LootedWorldX_FURN_Workbench.esp,001604FD,0010C3B6,WorkbenchCookingFire,FURN,-367.188446,-939.706299,206.878433,120.3211
LootedWorldX_FURN_Workbench.esp,00156CF0,0010C3B6,WorkbenchCookingFire,FURN,1563.512817,3534.992676,47.107666,39.2009
LootedWorldX_FURN_Workbench.esp,0021634A,001487C1,WorkbenchChemistryB,FURN,2032.520142,3871.380371,176.000000,0.0000
LootedWorldX_FURN_Workbench.esp,00152AA7,0013BD08,WorkbenchPowerArmorSmall,FURN,-2902.882324,-2008.516357,-1150.749146,315.0001
LootedWorldX_FURN_Workbench.esp,060557E5,001865B9,WorkbenchCookingStove,FURN,2705.548828,12470.872070,128.958954,0.0000
LootedWorldX_FURN_Workbench.esp,002278D8,0017E787,workbenchWeaponsB,FURN,1125.224243,2005.914673,403.877777,18.0604
LootedWorldX_FURN_Workbench.esp,00227811,001487C1,WorkbenchChemistryB,FURN,1275.926147,-584.754028,404.127655,108.0602
LootedWorldX_FURN_Workbench.esp,00227810,001865B9,WorkbenchCookingStove,FURN,889.659973,-53.491795,404.235352,243.0602
LootedWorldX_FURN_Workbench.esp,001A0C26,0012EA9B,WorkbenchArmorA,FURN,2076.433105,3609.324707,659.877686,198.3898
LootedWorldX_FURN_Workbench.esp,000A651D,0010C3B6,WorkbenchCookingFire,FURN,3522.663086,2414.557129,-108.122208,169.2048
LootedWorldX_FURN_Workbench.esp,001A0C21,0012EA9B,WorkbenchArmorA,FURN,3090.079834,5089.937988,529.829834,88.3272
LootedWorldX_FURN_Workbench.esp,03013030,0012EA9B,WorkbenchArmorA,FURN,-431.251678,-844.153625,-383.999878,208.6713
LootedWorldX_FURN_Workbench.esp,03013031,0017B3A4,workbenchWeaponsA,FURN,-530.122620,-711.423950,-378.500000,217.7240
LootedWorldX_FURN_Workbench.esp,03013033,0012F2F5,WorkbenchChemistryA,FURN,754.549377,-1449.195679,-378.499969,180.0000
LootedWorldX_FURN_Workbench.esp,002253B3,001487C1,WorkbenchChemistryB,FURN,3496.078369,4876.097656,4126.142578,135.7910
LootedWorldX_FURN_Workbench.esp,001C0327,0010C3B6,WorkbenchCookingFire,FURN,3036.642822,5229.164062,4125.892578,197.8528
LootedWorldX_FURN_Workbench.esp,001604C9,0012F2F5,WorkbenchChemistryA,FURN,-2575.999512,-468.000000,1536.000000,0.0000
LootedWorldX_FURN_Workbench.esp,00131C35,0010C3B6,WorkbenchCookingFire,FURN,-2831.303955,-4267.780273,-1040.000000,37.5396
LootedWorldX_FURN_Workbench.esp,001A489A,000C581B,defaultLightFire01NS,LIGH,-2991.777588,-2267.860596,-857.249451,129.3356
LootedWorldX_FURN_Workbench.esp,001A489B,00101183,defaultLightFire01NSNonSpec,LIGH,-2931.792480,-2142.204834,-809.389771,0.0000
LootedWorldX_FURN_Workbench.esp,001A489C,0008ADFA,defaultLightFire01NSFlicker,LIGH,-3010.930908,-2282.219238,-805.812073,114.5916
LootedWorldX_FURN_Workbench.esp,001A0C17,0012EA9B,WorkbenchArmorA,FURN,-2983.477295,-2223.885498,-912.000000,270.0000
LootedWorldX_FURN_Workbench.esp,001A0C12,0012EA9B,WorkbenchArmorA,FURN,-1180.834106,3543.498779,-1152.000000,269.9999
LootedWorldX_FURN_Workbench.esp,001AB79A,0017E787,workbenchWeaponsB,FURN,-887.953186,3365.773437,-1152.000000,90.0000
LootedWorldX_FURN_Workbench.esp,001A0C0D,0012EA9B,WorkbenchArmorA,FURN,1780.057739,2844.073242,0.889297,87.5025
LootedWorldX_FURN_Workbench.esp,00139110,0010C3B6,WorkbenchCookingFire,FURN,1664.964844,-476.292206,87.741203,20.0535
LootedWorldX_FURN_Workbench.esp,001A0C08,0012EA9B,WorkbenchArmorA,FURN,1463.778931,-467.199585,95.491173,180.0797
LootedWorldX_FURN_Workbench.esp,001AB795,0017E787,workbenchWeaponsB,FURN,1648.371338,47.772736,92.040482,89.9541
LootedWorldX_FURN_Workbench.esp,0013910E,0012F2F5,WorkbenchChemistryA,FURN,1688.504639,-188.627930,89.240585,88.8083
LootedWorldX_FURN_Workbench.esp,00226335,001FA277,defaultLightFire01NSGoboBounce01,LIGH,1382.839722,2551.983643,-2079.338135,40.1071
LootedWorldX_FURN_Workbench.esp,0022625C,000C581B,defaultLightFire01NS,LIGH,1369.184814,2521.292725,-2045.191162,0.0000
LootedWorldX_FURN_Workbench.esp,001A0C03,0012EA9B,WorkbenchArmorA,FURN,1331.388672,2402.713623,-2175.999756,180.0000
LootedWorldX_FURN_Workbench.esp,03024D6E,0012EA9B,WorkbenchArmorA,FURN,-5382.871582,3409.330078,-224.000000,180.0001
LootedWorldX_FURN_Workbench.esp,03024D6F,0017B3A4,workbenchWeaponsA,FURN,-3936.377197,139.859558,32.000000,180.0002
LootedWorldX_FURN_Workbench.esp,03026F9B,0013BD08,WorkbenchPowerArmorSmall,FURN,-3602.486328,1660.974487,159.999954,180.0002
LootedWorldX_FURN_Workbench.esp,0007075D,00157FEB,WorkbenchPowerArmor,FURN,383.000916,3371.999023,-179.000000,180.0001
LootedWorldX_FURN_Workbench.esp,001A0BFE,0012EA9B,WorkbenchArmorA,FURN,-309.355530,2607.480957,-179.000000,180.0002
LootedWorldX_FURN_Workbench.esp,001A706D,0017B3A4,workbenchWeaponsA,FURN,-534.651245,2732.214355,-179.000000,270.0002
LootedWorldX_FURN_Workbench.esp,0020913E,00157FEB,WorkbenchPowerArmor,FURN,-2320.929443,2008.410889,-384.000000,180.0000
LootedWorldX_FURN_Workbench.esp,001C7D5C,0012F2F5,WorkbenchChemistryA,FURN,-662.543213,-128.966614,5.451387,226.5007
LootedWorldX_FURN_Workbench.esp,001AB63C,001487C1,WorkbenchChemistryB,FURN,-1632.042725,3338.252930,-350.732422,0.0000
LootedWorldX_FURN_Workbench.esp,001AB790,0017E787,workbenchWeaponsB,FURN,-1724.975464,183.886536,784.000000,90.0000
LootedWorldX_FURN_Workbench.esp,00029901,00000021,CollisionMarker,STAT,2545.700439,2346.992188,331.363586,274.0563
LootedWorldX_FURN_Workbench.esp,001AB786,0017E787,workbenchWeaponsB,FURN,2720.050293,2148.394531,256.863647,88.7748
LootedWorldX_FURN_Workbench.esp,000298D6,00157FEB,WorkbenchPowerArmor,FURN,3229.796143,3816.361816,280.863647,176.6538
LootedWorldX_FURN_Workbench.esp,001E2135,000C581B,defaultLightFire01NS,LIGH,2644.322754,2024.057739,301.725891,0.0000
LootedWorldX_FURN_Workbench.esp,00029900,0010C3B6,WorkbenchCookingFire,FURN,2591.984375,2355.707275,256.863647,274.0563
LootedWorldX_FURN_Workbench.esp,001A0BF9,0012EA9B,WorkbenchArmorA,FURN,2590.260986,2036.425537,256.863647,177.5485
LootedWorldX_FURN_Workbench.esp,000C3BAD,0010C3B6,WorkbenchCookingFire,FURN,2682.515625,2987.601318,57.636299,33.9869
LootedWorldX_FURN_Workbench.esp,00218555,000C581B,defaultLightFire01NS,LIGH,-51.950348,1308.271118,-195.377136,0.0000
LootedWorldX_FURN_Workbench.esp,00218554,000C581B,defaultLightFire01NS,LIGH,-96.242126,1380.306885,-195.377136,0.0000
LootedWorldX_FURN_Workbench.esp,00218552,000C581B,defaultLightFire01NS,LIGH,-109.367096,1331.089355,-108.899399,0.0000
LootedWorldX_FURN_Workbench.esp,00218551,000C581B,defaultLightFire01NS,LIGH,-139.312653,1321.612671,-195.377136,0.0000
LootedWorldX_FURN_Workbench.esp,00218550,0010C3B6,WorkbenchCookingFire,FURN,-150.416962,1302.881836,-256.000061,72.9715
LootedWorldX_FURN_Workbench.esp,001604C7,0012F2F5,WorkbenchChemistryA,FURN,-5676.000000,396.000000,-256.100006,180.0000
LootedWorldX_FURN_Workbench.esp,001604C6,0012F2F5,WorkbenchChemistryA,FURN,-5628.000000,232.000000,-256.000000,270.0000
LootedWorldX_FURN_Workbench.esp,001604C5,0012F2F5,WorkbenchChemistryA,FURN,-5942.814453,530.312500,-254.821533,270.0000
LootedWorldX_FURN_Workbench.esp,001604C4,0012F2F5,WorkbenchChemistryA,FURN,-6150.814453,170.312500,-254.821533,180.0000
LootedWorldX_FURN_Workbench.esp,001A706A,0017B3A4,workbenchWeaponsA,FURN,-3360.000000,620.298767,0.000000,90.0000
LootedWorldX_FURN_Workbench.esp,0602E26A,000C79B4,WorkbenchCookingGroundPot,FURN,-3334.347168,-5691.340332,897.412659,126.3372
LootedWorldX_FURN_Workbench.esp,0008E2EF,001865B9,WorkbenchCookingStove,FURN,5060.459961,-1888.504761,235.348404,90.0000
LootedWorldX_FURN_Workbench.esp,0015F7B2,0010C3B6,WorkbenchCookingFire,FURN,2100.378906,2320.736816,256.000000,339.3734
LootedWorldX_FURN_Workbench.esp,001A0BF4,0012EA9B,WorkbenchArmorA,FURN,2480.812500,129.089539,-8.614391,270.0000
LootedWorldX_FURN_Workbench.esp,001AB637,001487C1,WorkbenchChemistryB,FURN,3808.000000,1296.000000,256.000000,267.3377
LootedWorldX_FURN_Workbench.esp,001A0BE5,0012EA9B,WorkbenchArmorA,FURN,761.975586,1940.029297,0.000000,180.0000
LootedWorldX_FURN_Workbench.esp,0602C3C1,0017B3A4,workbenchWeaponsA,FURN,979.070435,2271.659180,1250.990112,39.4304
LootedWorldX_FURN_Workbench.esp,0602C3C0,0012EA9B,WorkbenchArmorA,FURN,1012.122070,1877.870117,1218.990234,125.0875
LootedWorldX_FURN_Workbench.esp,0602C3BE,0013BD08,WorkbenchPowerArmorSmall,FURN,773.635620,2509.247559,1250.990112,217.5961
LootedWorldX_FURN_Workbench.esp,0602C3BD,0012F2F5,WorkbenchChemistryA,FURN,1264.430664,1874.504639,1218.031738,217.5960
LootedWorldX_FURN_Workbench.esp,0601D02E,001865B9,WorkbenchCookingStove,FURN,1506.837280,1789.103516,1218.990112,127.5969
LootedWorldX_FURN_Workbench.esp,002289EC,0012F2F5,WorkbenchChemistryA,FURN,879.780640,807.012573,-2175.990723,0.0000
LootedWorldX_FURN_Workbench.esp,00228941,0010C3B6,WorkbenchCookingFire,FURN,2620.222900,3226.011230,-2432.000000,315.0001
LootedWorldX_FURN_Workbench.esp,00225C55,0012F2F5,WorkbenchChemistryA,FURN,2869.318848,2557.771973,-2176.000000,90.0001
LootedWorldX_FURN_Workbench.esp,002288AE,0013BD08,WorkbenchPowerArmorSmall,FURN,2483.217285,-1192.099731,1182.554199,312.6624
LootedWorldX_FURN_Workbench.esp,00225D84,0012EA9B,WorkbenchArmorA,FURN,2836.151855,-592.119019,926.554382,90.0001
LootedWorldX_FURN_Workbench.esp,00225D83,0013BD08,WorkbenchPowerArmorSmall,FURN,2465.557129,-302.338196,1182.554199,225.0001
LootedWorldX_FURN_Workbench.esp,001F5E2B,0010C3B6,WorkbenchCookingFire,FURN,5086.477051,4947.088379,813.717041,0.0000
LootedWorldX_FURN_Workbench.esp,001C484F,0017E787,workbenchWeaponsB,FURN,-682.781555,-1050.776489,-896.000000,135.0000
LootedWorldX_FURN_Workbench.esp,00070038,001865B9,WorkbenchCookingStove,FURN,12731.197266,788.304199,0.250009,12.5594
LootedWorldX_FURN_Workbench.esp,001A0BE0,0012EA9B,WorkbenchArmorA,FURN,12656.120117,598.951538,0.000000,178.1441
LootedWorldX_FURN_Workbench.esp,001AB62D,001487C1,WorkbenchChemistryB,FURN,13702.804687,556.629395,0.000000,235.0496
LootedWorldX_FURN_Workbench.esp,001AB76D,0017E787,workbenchWeaponsB,FURN,12881.806641,728.677856,0.249994,93.0010
LootedWorldX_FURN_Workbench.esp,002402D2,0013BD08,WorkbenchPowerArmorSmall,FURN,12220.537109,1207.501709,0.000000,90.0001
LootedWorldX_FURN_Workbench.esp,001AB768,0017E787,workbenchWeaponsB,FURN,4022.249023,-38.889168,258.028992,90.0001
LootedWorldX_FURN_Workbench.esp,0604CB53,0604D8E6,DLC04_WorkbenchSodaMachine_Freestanding_Quantum,FURN,11125.802734,-3912.000000,0.000000,270.0001
LootedWorldX_FURN_Workbench.esp,00161F54,0012F2F5,WorkbenchChemistryA,FURN,-12.359636,2741.197021,1408.000000,270.2404
LootedWorldX_FURN_Workbench.esp,0016257F,0012F2F5,WorkbenchChemistryA,FURN,5154.454590,-241.124847,-1536.000000,90.0000
LootedWorldX_FURN_Workbench.esp,001AB628,001487C1,WorkbenchChemistryB,FURN,4254.414062,1409.256348,6784.275879,270.0000
LootedWorldX_FURN_Workbench.esp,060511C0,06017D26,DLC04_WorkbenchSodaMachine_Freestanding_Orange,FURN,1768.001953,1246.641968,256.000000,90.0002
LootedWorldX_FURN_Workbench.esp,060511BB,0604D8E6,DLC04_WorkbenchSodaMachine_Freestanding_Quantum,FURN,1768.001953,2023.998413,256.000000,90.0002
LootedWorldX_FURN_Workbench.esp,0603A896,0017B3A4,workbenchWeaponsA,FURN,240.885696,2027.669922,256.000000,90.0000
LootedWorldX_FURN_Workbench.esp,0603A679,0012F2F5,WorkbenchChemistryA,FURN,1724.997559,1805.042603,256.000000,90.0002
LootedWorldX_FURN_Workbench.esp,0603A574,0012F2F5,WorkbenchChemistryA,FURN,1056.000000,1375.999512,256.000000,90.0000
LootedWorldX_FURN_Workbench.esp,0602C38B,0012EA9B,WorkbenchArmorA,FURN,1999.067627,1967.016113,256.000000,44.9983
LootedWorldX_FURN_Workbench.esp,0602C38A,0017B3A4,workbenchWeaponsA,FURN,1836.023682,1815.275879,256.000000,314.9982
LootedWorldX_FURN_Workbench.esp,0602C267,001865B9,WorkbenchCookingStove,FURN,2582.719971,2086.828613,256.000000,44.9984
LootedWorldX_FURN_Workbench.esp,0602C37E,001487C1,WorkbenchChemistryB,FURN,2495.830811,1600.326782,256.000000,135.0009
LootedWorldX_FURN_Workbench.esp,0015F7B3,0012F2F5,WorkbenchChemistryA,FURN,4084.236572,2235.651123,847.000000,90.0000
LootedWorldX_FURN_Workbench.esp,001ED5D1,0008ADFA,defaultLightFire01NSFlicker,LIGH,-2727.788330,1297.665771,1406.165283,0.0000
LootedWorldX_FURN_Workbench.esp,001BEAC8,0017B3A4,workbenchWeaponsA,FURN,8013.438965,4149.479004,1085.714478,45.0483
LootedWorldX_FURN_Workbench.esp,001BC73B,0012F2F5,WorkbenchChemistryA,FURN,5237.788086,4743.544434,1067.223999,225.0042
LootedWorldX_FURN_Workbench.esp,0015BCBF,00157FEB,WorkbenchPowerArmor,FURN,6839.426758,5049.375000,1085.714478,134.9912
LootedWorldX_FURN_Workbench.esp,000AC52B,0012F2F5,WorkbenchChemistryA,FURN,8118.750977,3471.231689,1213.714478,134.9913
LootedWorldX_FURN_Workbench.esp,001A0BDB,0012EA9B,WorkbenchArmorA,FURN,-2691.330566,1394.162598,1325.717041,314.9996
LootedWorldX_FURN_Workbench.esp,001EB874,001865B9,WorkbenchCookingStove,FURN,840.580750,386.410767,-2070.747803,270.3319
LootedWorldX_FURN_Workbench.esp,001EB873,001487C1,WorkbenchChemistryB,FURN,1018.986389,-285.457642,-1839.049438,85.9432
LootedWorldX_FURN_Workbench.esp,001EB872,0017B3A4,workbenchWeaponsA,FURN,547.193665,-330.725342,-1896.629883,176.2417
LootedWorldX_FURN_Workbench.esp,001EB871,0012EA9B,WorkbenchArmorA,FURN,770.341736,6.186476,-1869.144165,2.0054
LootedWorldX_FURN_Workbench.esp,00091FD6,00091FD5,MS11Workbench,FURN,807.624512,490.388611,-1864.893921,0.0000
LootedWorldX_FURN_Workbench.esp,0021E188,001C9080,MistLargeRoundDustyDimmer,MSTT,4928.763184,2027.509644,-2750.111816,224.7818
LootedWorldX_FURN_Workbench.esp,0021E153,0008ADFA,defaultLightFire01NSFlicker,LIGH,4855.283691,1878.286987,-2690.614014,0.0000
LootedWorldX_FURN_Workbench.esp,0021E152,0008ADFA,defaultLightFire01NSFlicker,LIGH,4855.719727,1999.395142,-2690.614014,0.0000
LootedWorldX_FURN_Workbench.esp,001B3EE6,0017E787,workbenchWeaponsB,FURN,4870.796875,1816.370728,-2815.179199,88.3634
LootedWorldX_FURN_Workbench.esp,001B3DBD,0012EA9B,WorkbenchArmorA,FURN,4911.243164,1955.814697,-2817.010254,91.2069
LootedWorldX_FURN_Workbench.esp,000B8063,0012F2F5,WorkbenchChemistryA,FURN,2795.085938,5883.093750,512.000000,270.0001
LootedWorldX_FURN_Workbench.esp,0016065D,0012F2F5,WorkbenchChemistryA,FURN,610.610107,481.060394,2048.000000,179.6222
LootedWorldX_FURN_Workbench.esp,001A0BD1,0012EA9B,WorkbenchArmorA,FURN,912.000000,-1320.000000,2048.000000,180.0000
LootedWorldX_FURN_Workbench.esp,001A7061,0017B3A4,workbenchWeaponsA,FURN,266.000000,-1043.075684,2048.000000,0.0000
LootedWorldX_FURN_Workbench.esp,001BD97D,0012EA9B,WorkbenchArmorA,FURN,2530.401855,1305.837158,-1023.999939,0.0000
LootedWorldX_FURN_Workbench.esp,001A0BC7,0012EA9B,WorkbenchArmorA,FURN,598.696533,45.391148,0.000000,0.0000
LootedWorldX_FURN_Workbench.esp,001AB754,0017E787,workbenchWeaponsB,FURN,-819.952271,-2287.490967,70.952011,180.0000
LootedWorldX_FURN_Workbench.esp,0004550B,0012F2F5,WorkbenchChemistryA,FURN,4564.841309,4491.527832,760.000000,270.0001
LootedWorldX_FURN_Workbench.esp,0015EFA2,0012F2F5,WorkbenchChemistryA,FURN,5372.854004,3563.302002,760.000000,90.0000
LootedWorldX_FURN_Workbench.esp,001A0BC2,0012EA9B,WorkbenchArmorA,FURN,-1141.405029,1749.534424,-0.000061,180.0000
LootedWorldX_FURN_Workbench.esp,001AB74F,0017E787,workbenchWeaponsB,FURN,-471.520935,2298.456787,-0.000061,180.0000
LootedWorldX_FURN_Workbench.esp,001E61E6,00157FEB,WorkbenchPowerArmor,FURN,-1152.000000,3008.000000,0.000000,180.0000
LootedWorldX_FURN_Workbench.esp,0023D763,001FA277,defaultLightFire01NSGoboBounce01,LIGH,2230.109619,9472.760742,-50.029369,44.6907
LootedWorldX_FURN_Workbench.esp,001AB623,001487C1,WorkbenchChemistryB,FURN,-2641.285400,9163.134766,750.655273,271.7656
LootedWorldX_FURN_Workbench.esp,0016AF01,001C9080,MistLargeRoundDustyDimmer,MSTT,2302.834229,9447.807617,-62.360626,158.3188
LootedWorldX_FURN_Workbench.esp,0016AEFF,001C9080,MistLargeRoundDustyDimmer,MSTT,2083.457275,9601.861328,-5.660591,291.8180
LootedWorldX_FURN_Workbench.esp,0016AEFE,001C9080,MistLargeRoundDustyDimmer,MSTT,2288.000000,9536.000000,-64.000000,0.0000
LootedWorldX_FURN_Workbench.esp,0009C6E3,0008ADFA,defaultLightFire01NSFlicker,LIGH,2338.920166,9478.316406,-159.999939,188.1129
LootedWorldX_FURN_Workbench.esp,001AB740,0017E787,workbenchWeaponsB,FURN,1905.256348,7358.181641,-169.344727,272.0508
LootedWorldX_FURN_Workbench.esp,0015EF81,0010C3B6,WorkbenchCookingFire,FURN,2340.253418,9405.668945,-215.999969,321.0391
LootedWorldX_FURN_Workbench.esp,001AB61E,001487C1,WorkbenchChemistryB,FURN,666.788025,1664.422119,512.000000,273.2538
LootedWorldX_FURN_Workbench.esp,001A5345,0012F2F5,WorkbenchChemistryA,FURN,-671.800171,-1246.835571,192.318039,270.0000
LootedWorldX_FURN_Workbench.esp,001A5346,001865B9,WorkbenchCookingStove,FURN,-476.437225,-1246.403320,192.000000,0.0000
LootedWorldX_FURN_Workbench.esp,001E5E1C,0012F2F5,WorkbenchChemistryA,FURN,-122.491440,-635.827942,2208.000000,91.1460
LootedWorldX_FURN_Workbench.esp,00163A10,0012F2F5,WorkbenchChemistryA,FURN,-1124.112427,1694.947632,255.999985,90.0000
LootedWorldX_FURN_Workbench.esp,00197D95,0012F2F5,WorkbenchChemistryA,FURN,1320.000000,3792.000000,0.000000,270.0000
LootedWorldX_FURN_Workbench.esp,001E02A9,0017B3A4,workbenchWeaponsA,FURN,11363.958008,-4221.233398,-285.918213,5.9124
LootedWorldX_FURN_Workbench.esp,0022C937,0017E787,workbenchWeaponsB,FURN,-6241.251953,5153.078613,2203.095703,2.6721
LootedWorldX_FURN_Workbench.esp,002129B0,0012EA9B,WorkbenchArmorA,FURN,-6778.408691,1568.856934,2587.095703,335.0477
LootedWorldX_FURN_Workbench.esp,0020444B,0012EA9B,WorkbenchArmorA,FURN,-6373.958008,3864.006592,2203.095703,146.1041
LootedWorldX_FURN_Workbench.esp,0601CE74,001865B9,WorkbenchCookingStove,FURN,1458.258911,2102.185059,255.999939,44.9995
LootedWorldX_FURN_Workbench.esp,001884C9,00101183,defaultLightFire01NSNonSpec,LIGH,737.444092,2198.523682,504.730347,0.0000
LootedWorldX_FURN_Workbench.esp,001884C8,0008ADFA,defaultLightFire01NSFlicker,LIGH,767.016663,2298.859131,504.730347,0.0000
LootedWorldX_FURN_Workbench.esp,00151817,00101183,defaultLightFire01NSNonSpec,LIGH,720.295471,2098.293945,488.544800,0.0000
LootedWorldX_FURN_Workbench.esp,001604F7,00101183,defaultLightFire01NSNonSpec,LIGH,740.323059,2338.449951,488.544800,0.0000
LootedWorldX_FURN_Workbench.esp,001A0BB3,0012EA9B,WorkbenchArmorA,FURN,814.851562,2291.038086,384.000000,90.0000
LootedWorldX_FURN_Workbench.esp,001A0BAE,0012EA9B,WorkbenchArmorA,FURN,-558.625793,1029.205322,-511.990112,270.0000
LootedWorldX_FURN_Workbench.esp,000694DC,0012F2F5,WorkbenchChemistryA,FURN,510.836212,1547.444092,257.532318,90.0001
LootedWorldX_FURN_Workbench.esp,06027ABD,0012F2F5,WorkbenchChemistryA,FURN,-1408.000000,2967.999512,-576.000000,0.0000
LootedWorldX_FURN_Workbench.esp,06013812,0012F2F5,WorkbenchChemistryA,FURN,-1389.750000,2688.000000,-576.000000,90.0001
LootedWorldX_FURN_Workbench.esp,00197DA3,00101183,defaultLightFire01NSNonSpec,LIGH,-535.560669,6577.162109,-669.863831,0.0000
LootedWorldX_FURN_Workbench.esp,0015747F,001865B9,WorkbenchCookingStove,FURN,-220.630569,3455.809814,-768.000000,180.0000
LootedWorldX_FURN_Workbench.esp,0015747C,0012F2F5,WorkbenchChemistryA,FURN,-160.979309,6127.224609,-512.000000,180.0000
LootedWorldX_FURN_Workbench.esp,0006ECD9,0013BD08,WorkbenchPowerArmorSmall,FURN,464.000000,5248.000000,-768.000000,270.0000
LootedWorldX_FURN_Workbench.esp,0006ECD8,0013BD08,WorkbenchPowerArmorSmall,FURN,464.000000,5760.000000,-768.000000,270.0000
LootedWorldX_FURN_Workbench.esp,0006ECD7,0013BD08,WorkbenchPowerArmorSmall,FURN,-464.000000,5248.000000,-768.000000,90.0000
LootedWorldX_FURN_Workbench.esp,0006ECD5,0013BD08,WorkbenchPowerArmorSmall,FURN,-464.000000,5760.000000,-768.000000,90.0000
LootedWorldX_FURN_Workbench.esp,001A0B9F,0012EA9B,WorkbenchArmorA,FURN,238.265701,1117.785156,-511.999969,270.0000
LootedWorldX_FURN_Workbench.esp,001AB736,0017E787,workbenchWeaponsB,FURN,516.931702,6559.268555,-768.000000,180.0000
LootedWorldX_FURN_Workbench.esp,001A0BA9,0012EA9B,WorkbenchArmorA,FURN,118.742416,5670.200684,-768.000000,270.0000
LootedWorldX_FURN_Workbench.esp,001A705B,0017B3A4,workbenchWeaponsA,FURN,-281.864990,1169.253296,-508.292358,90.5726
LootedWorldX_FURN_Workbench.esp,001A705E,0017B3A4,workbenchWeaponsA,FURN,-182.215576,5711.677246,-768.000000,90.0000
LootedWorldX_FURN_Workbench.esp,001AB619,001487C1,WorkbenchChemistryB,FURN,197.030426,6152.890625,-512.000000,180.0000
LootedWorldX_FURN_Workbench.esp,001A0BA4,0012EA9B,WorkbenchArmorA,FURN,-493.713806,6525.563477,-768.095764,180.0455
LootedWorldX_FURN_Workbench.esp,001604F3,0010C3B6,WorkbenchCookingFire,FURN,-792.976318,2285.217773,896.000000,0.0000
LootedWorldX_FURN_Workbench.esp,001604E2,0012F2F5,WorkbenchChemistryA,FURN,-2183.391846,937.959290,512.000000,90.0000
LootedWorldX_FURN_Workbench.esp,001AB731,0017E787,workbenchWeaponsB,FURN,22.328140,2034.505615,128.006744,183.0593
LootedWorldX_FURN_Workbench.esp,0302C353,001487C1,WorkbenchChemistryB,FURN,3277.810303,3189.947266,230.766953,0.0001
LootedWorldX_FURN_Workbench.esp,00162574,0012F2F5,WorkbenchChemistryA,FURN,1227.086182,3109.181396,288.000000,180.0000
LootedWorldX_FURN_Workbench.esp,00162575,0010C3B6,WorkbenchCookingFire,FURN,1300.767456,3770.776123,577.416626,75.0000
LootedWorldX_FURN_Workbench.esp,000B9590,0008ADFA,defaultLightFire01NSFlicker,LIGH,39.927692,2349.494141,-225.785583,0.0000
LootedWorldX_FURN_Workbench.esp,001AB72C,0017E787,workbenchWeaponsB,FURN,-285.783112,2306.803955,-254.739273,180.0000
LootedWorldX_FURN_Workbench.esp,001A0B9A,0012EA9B,WorkbenchArmorA,FURN,43.103218,2449.378906,-254.739273,90.0000
LootedWorldX_FURN_Workbench.esp,001957ED,0012F2F5,WorkbenchChemistryA,FURN,4334.995605,2148.995850,4160.000000,90.2409
LootedWorldX_FURN_Workbench.esp,0015EF82,0010C3B6,WorkbenchCookingFire,FURN,-4086.086914,-5492.679688,-1079.350342,274.3430
LootedWorldX_FURN_Workbench.esp,001A0B95,0012EA9B,WorkbenchArmorA,FURN,-928.611511,-8416.018555,-800.419922,191.9826
LootedWorldX_FURN_Workbench.esp,001AB727,0017E787,workbenchWeaponsB,FURN,-743.305115,-7889.607910,-859.502686,108.1342
LootedWorldX_FURN_Workbench.esp,00161F57,0012F2F5,WorkbenchChemistryA,FURN,-425.021149,-3563.088867,-1280.000000,267.7881
LootedWorldX_FURN_Workbench.esp,00070531,0010C3B6,WorkbenchCookingFire,FURN,1965.515869,2401.260498,77.000000,56.3326
LootedWorldX_FURN_Workbench.esp,00162578,0012F2F5,WorkbenchChemistryA,FURN,1616.000000,736.000000,0.000000,0.0000
LootedWorldX_FURN_Workbench.esp,0017E859,0012F2F5,WorkbenchChemistryA,FURN,11668.777344,13742.832031,-858.809937,11.4592
LootedWorldX_FURN_Workbench.esp,0015DC51,0010C3B6,WorkbenchCookingFire,FURN,4721.700195,6705.686035,-753.623840,179.4172
LootedWorldX_FURN_Workbench.esp,06055FB0,0017B3A4,workbenchWeaponsA,FURN,89.624619,1840.282471,1045.136230,343.3728
LootedWorldX_FURN_Workbench.esp,0602C499,0012EA9B,WorkbenchArmorA,FURN,210.532303,1714.627075,1045.136230,74.4845
LootedWorldX_FURN_Workbench.esp,0602C443,0010C3B6,WorkbenchCookingFire,FURN,-734.431396,1283.148071,1045.136230,243.4606
LootedWorldX_FURN_Workbench.esp,0602C442,001487C1,WorkbenchChemistryB,FURN,-933.984314,2799.834473,1045.136230,270.0000
LootedWorldX_FURN_Workbench.esp,00162583,0012F2F5,WorkbenchChemistryA,FURN,-1824.679687,167.835037,0.000000,0.0000
LootedWorldX_FURN_Workbench.esp,00162584,0010C3B6,WorkbenchCookingFire,FURN,-944.923096,-8327.433594,-320.000000,138.2193
LootedWorldX_FURN_Workbench.esp,0302C148,0017B3A4,workbenchWeaponsA,FURN,1521.155396,5065.827148,512.000000,90.0002
LootedWorldX_FURN_Workbench.esp,0302C14D,001487C1,WorkbenchChemistryB,FURN,1447.582397,5146.480469,512.000000,0.0000
LootedWorldX_FURN_Workbench.esp,0302C1B5,000C79B4,WorkbenchCookingGroundPot,FURN,2464.937744,5136.534180,256.000000,69.9008
LootedWorldX_FURN_Workbench.esp,03027EDD,0017E787,workbenchWeaponsB,FURN,1861.001587,636.598877,-215.169769,184.9182
LootedWorldX_FURN_Workbench.esp,00063FCB,0012F2F5,WorkbenchChemistryA,FURN,2270.013428,1710.612915,-28.663204,176.9977
LootedWorldX_FURN_Workbench.esp,0015EF8D,0012F2F5,WorkbenchChemistryA,FURN,2874.955566,996.335449,-28.663204,84.9804
LootedWorldX_FURN_Workbench.esp,001AB60F,001487C1,WorkbenchChemistryB,FURN,2721.666748,1112.603271,-29.902981,266.6548
LootedWorldX_FURN_Workbench.esp,001AB614,001487C1,WorkbenchChemistryB,FURN,2578.467529,1169.897949,-29.902981,86.6548
LootedWorldX_FURN_Workbench.esp,001604B0,0012F2F5,WorkbenchChemistryA,FURN,847.395142,-3019.076904,384.000000,270.0000
LootedWorldX_FURN_Workbench.esp,001A0B90,0012EA9B,WorkbenchArmorA,FURN,1424.000000,-4376.000000,384.000000,180.0000
LootedWorldX_FURN_Workbench.esp,001A7058,0017B3A4,workbenchWeaponsA,FURN,1900.653564,-4319.699219,384.000000,180.0000
LootedWorldX_FURN_Workbench.esp,060562BD,0604D8E6,DLC04_WorkbenchSodaMachine_Freestanding_Quantum,FURN,-2585.377930,-844.783997,-732.642334,137.2916
LootedWorldX_FURN_Workbench.esp,00161F2B,0012F2F5,WorkbenchChemistryA,FURN,-218.060760,2097.291748,768.000000,90.3899
LootedWorldX_FURN_Workbench.esp,001A2A25,000C581B,defaultLightFire01NS,LIGH,1822.105957,5246.479980,834.929749,0.0000
LootedWorldX_FURN_Workbench.esp,001A2A24,000C581B,defaultLightFire01NS,LIGH,1759.491089,5051.759277,830.903076,0.0000
LootedWorldX_FURN_Workbench.esp,0015F7B6,00157FEB,WorkbenchPowerArmor,FURN,3441.724365,3043.993164,864.000000,270.0001
LootedWorldX_FURN_Workbench.esp,001AB71D,0017E787,workbenchWeaponsB,FURN,1739.353516,4962.183105,736.000000,269.0000
LootedWorldX_FURN_Workbench.esp,001A0B86,0012EA9B,WorkbenchArmorA,FURN,1698.793091,5223.971191,736.000000,270.0000
LootedWorldX_FURN_Workbench.esp,001604D2,0010C3B6,WorkbenchCookingFire,FURN,6001.545898,1957.344971,-336.571075,65.6265
LootedWorldX_FURN_Workbench.esp,001AB605,001487C1,WorkbenchChemistryB,FURN,671.382141,-257.192108,-185.149994,182.3493
LootedWorldX_FURN_Workbench.esp,001AB718,0017E787,workbenchWeaponsB,FURN,160.092209,517.127258,832.095154,6.6917
LootedWorldX_FURN_Workbench.esp,0604B8EE,000C79B4,WorkbenchCookingGroundPot,FURN,722.502930,1117.048828,-78.603394,347.1082
LootedWorldX_FURN_Workbench.esp,060500AC,0604D8ED,DLC04_WorkbenchSodaMachine_Freestanding_Quartz,FURN,3927.678223,3913.403320,-1823.722168,267.0002
LootedWorldX_FURN_Workbench.esp,060500A0,0604D8E6,DLC04_WorkbenchSodaMachine_Freestanding_Quantum,FURN,6583.485352,2070.292480,-1562.500854,0.0000
LootedWorldX_FURN_Workbench.esp,0605009B,0017E787,workbenchWeaponsB,FURN,4252.737793,3150.491211,-1824.000122,177.0002
LootedWorldX_FURN_Workbench.esp,0605009A,0012EA9B,WorkbenchArmorA,FURN,3996.415527,3319.773437,-1824.000000,357.0002
LootedWorldX_FURN_Workbench.esp,06050099,00157FEB,WorkbenchPowerArmor,FURN,4055.760254,3189.231689,-1825.111084,357.0002
LootedWorldX_FURN_Workbench.esp,01001FC4,00157FEB,WorkbenchPowerArmor,FURN,1630.848267,-606.350220,-809.838745,0.0000
LootedWorldX_FURN_Workbench.esp,01001FC5,00157FEB,WorkbenchPowerArmor,FURN,2014.848267,-606.351929,-809.838745,0.0000
LootedWorldX_FURN_Workbench.esp,010021CD,00157FEB,WorkbenchPowerArmor,FURN,1278.854980,897.649292,-809.838745,270.0002
LootedWorldX_FURN_Workbench.esp,01007467,00157FEB,WorkbenchPowerArmor,FURN,840.010376,899.027527,-809.844482,90.0002
LootedWorldX_FURN_Workbench.esp,01007487,00157FEB,WorkbenchPowerArmor,FURN,-2194.507080,-864.645142,-809.543030,359.4619
LootedWorldX_FURN_Workbench.esp,01007490,00157FEB,WorkbenchPowerArmor,FURN,-1819.080322,-858.540955,-809.543030,359.4619
LootedWorldX_FURN_Workbench.esp,010081F8,0012EA9B,WorkbenchArmorA,FURN,-918.506653,2468.606934,-809.517456,271.9828
LootedWorldX_FURN_Workbench.esp,010081F9,0017B3A4,workbenchWeaponsA,FURN,-484.227814,2692.301758,-809.886780,0.0000
LootedWorldX_FURN_Workbench.esp,010081FA,0017E787,workbenchWeaponsB,FURN,144.270935,2186.206299,-1065.692749,1.2949
LootedWorldX_FURN_Workbench.esp,01008203,0017B3A4,workbenchWeaponsA,FURN,-460.961548,2944.207031,-809.882324,180.1700
LootedWorldX_FURN_Workbench.esp,01008204,0017E787,workbenchWeaponsB,FURN,525.603638,2484.710938,-1065.692749,92.9681
LootedWorldX_FURN_Workbench.esp,0100DC3F,0017E787,workbenchWeaponsB,FURN,203.512466,3724.311035,-569.379639,358.7170
LootedWorldX_FURN_Workbench.esp,010088B5,0010C3B6,WorkbenchCookingFire,FURN,-3282.721436,469.523834,-809.838806,346.1917
LootedWorldX_FURN_Workbench.esp,010088BA,001487C1,WorkbenchChemistryB,FURN,-1448.110352,591.918396,-809.838745,180.9509
LootedWorldX_FURN_Workbench.esp,0100D02B,0008ADFA,defaultLightFire01NSFlicker,LIGH,1369.739258,-370.128174,-206.473846,270.0000
LootedWorldX_FURN_Workbench.esp,0100D02C,0008ADFA,defaultLightFire01NSFlicker,LIGH,1352.454468,-440.198120,-169.683151,270.0000
LootedWorldX_FURN_Workbench.esp,0100886B,0012EA9B,WorkbenchArmorA,FURN,1270.173096,-414.975708,-297.838776,183.3465
LootedWorldX_FURN_Workbench.esp,0100886C,0017E787,workbenchWeaponsB,FURN,1317.762573,-57.722626,-297.746002,89.3815
LootedWorldX_FURN_Workbench.esp,01010BBF,0017E787,workbenchWeaponsB,FURN,1317.762573,-57.722626,-297.746002,89.3815
LootedWorldX_FURN_Workbench.esp,001EABFD,0010C3B6,WorkbenchCookingFire,FURN,1884.809448,-810.469055,-29.883884,183.3466
LootedWorldX_FURN_Workbench.esp,001A8BA1,0012F2F5,WorkbenchChemistryA,FURN,2321.596191,-224.651566,-256.000000,179.5179
LootedWorldX_FURN_Workbench.esp,0304E561,0008ADFA,defaultLightFire01NSFlicker,LIGH,-355.039673,1923.459351,-239.034424,270.0000
LootedWorldX_FURN_Workbench.esp,0304E562,0008ADFA,defaultLightFire01NSFlicker,LIGH,-306.150146,1882.951416,-228.091156,270.0000
LootedWorldX_FURN_Workbench.esp,0304E565,0008ADFA,defaultLightFire01NSFlicker,LIGH,-350.958313,1832.537109,-205.090805,270.0000
LootedWorldX_FURN_Workbench.esp,03030889,002476B7,WorkbenchCookingFireWorkshop,FURN,-274.716583,1891.779419,-285.216644,294.1096
LootedWorldX_FURN_Workbench.esp,0303B474,0012F2F5,WorkbenchChemistryA,FURN,1367.938110,4383.845703,32.000000,269.9999
LootedWorldX_FURN_Workbench.esp,0604E478,0017B3A4,workbenchWeaponsA,FURN,1810.688965,516.932251,127.999992,0.0000
LootedWorldX_FURN_Workbench.esp,010043FE,01001F16,WorkbenchRobot,FURN,-3616.000000,4200.000000,64.000000,315.0000
LootedWorldX_FURN_Workbench.esp,01004419,0017E787,workbenchWeaponsB,FURN,-3400.000000,3674.678955,128.000000,180.0000
LootedWorldX_FURN_Workbench.esp,0100F630,0013BD08,WorkbenchPowerArmorSmall,FURN,-2688.546143,-5897.562012,128.000000,270.0000
LootedWorldX_FURN_Workbench.esp,0100441C,001865B9,WorkbenchCookingStove,FURN,-2148.007080,1987.718140,127.999992,134.6906
LootedWorldX_FURN_Workbench.esp,01004449,00157FEB,WorkbenchPowerArmor,FURN,-3205.329346,4122.965332,128.000000,180.0000
LootedWorldX_FURN_Workbench.esp,010092DC,001FA262,defaultLightCandle01FlickerNSGoboBounce01,LIGH,-3658.073730,3787.486816,207.972244,0.0000
LootedWorldX_FURN_Workbench.esp,0100E27E,001C9080,MistLargeRoundDustyDimmer,MSTT,-6289.693359,1747.968384,835.023560,0.0000
LootedWorldX_FURN_Workbench.esp,0100F61E,01001F16,WorkbenchRobot,FURN,-12040.000000,1808.000000,384.000000,270.0000
LootedWorldX_FURN_Workbench.esp,0100F61F,0017B3A4,workbenchWeaponsA,FURN,-9521.710938,3696.000000,400.000000,0.0000
LootedWorldX_FURN_Workbench.esp,01001311,01010278,defaultLightFire01NSGoboBounce01Flicker,LIGH,-6306.754883,1677.339478,712.467957,0.0000
LootedWorldX_FURN_Workbench.esp,0100F622,0017B3A4,workbenchWeaponsA,FURN,-673.679077,-4784.000977,639.407288,90.0000
LootedWorldX_FURN_Workbench.esp,0100F623,01001F16,WorkbenchRobot,FURN,-3525.302490,-2778.261963,323.124115,58.1014
LootedWorldX_FURN_Workbench.esp,0100F62A,00157FEB,WorkbenchPowerArmor,FURN,771.975281,985.723877,-127.162598,243.3005
LootedWorldX_FURN_Workbench.esp,0100F62F,0012F2F5,WorkbenchChemistryA,FURN,4013.425049,2326.583252,-128.000000,219.6254
LootedWorldX_FURN_Workbench.esp,0100441B,0012EA9B,WorkbenchArmorA,FURN,-3643.139160,3788.802490,128.000000,0.0000
LootedWorldX_FURN_Workbench.esp,0100F620,0012EA9B,WorkbenchArmorA,FURN,-6257.038574,1633.072144,642.899292,180.0000
LootedWorldX_FURN_Workbench.esp,0100D7C3,01001F16,WorkbenchRobot,FURN,-4160.000000,688.000000,-128.000000,224.7592
LootedWorldX_FURN_Workbench.esp,001AB600,001487C1,WorkbenchChemistryB,FURN,1836.821899,546.775085,1024.000000,358.7690
LootedWorldX_FURN_Workbench.esp,0304EEEC,0017B3A4,workbenchWeaponsA,FURN,7316.395996,86.221497,384.000000,357.1352
LootedWorldX_FURN_Workbench.esp,001639E1,0012F2F5,WorkbenchChemistryA,FURN,775.286377,1158.298340,-0.000015,270.0001
LootedWorldX_FURN_Workbench.esp,001A0B81,0012EA9B,WorkbenchArmorA,FURN,-1428.003052,4405.652832,1.133633,0.0000
LootedWorldX_FURN_Workbench.esp,0605579D,0012F2F5,WorkbenchChemistryA,FURN,1152.164307,2931.855957,256.000854,315.0001
LootedWorldX_FURN_Workbench.esp,0604D9F9,000C581B,defaultLightFire01NS,LIGH,1333.768799,2620.399902,382.278534,0.0000
LootedWorldX_FURN_Workbench.esp,0604D9F8,000C581B,defaultLightFire01NS,LIGH,1504.294434,2600.945068,382.278534,0.0000
LootedWorldX_FURN_Workbench.esp,0602BB6F,0010C3B6,WorkbenchCookingFire,FURN,961.082031,2660.443359,256.000000,323.9034
LootedWorldX_FURN_Workbench.esp,0602BB89,0012EA9B,WorkbenchArmorA,FURN,1581.120361,2523.882080,256.000000,135.0001
LootedWorldX_FURN_Workbench.esp,0018AE87,0010C3B6,WorkbenchCookingFire,FURN,5820.824219,6767.297363,-401.943726,38.3306
LootedWorldX_FURN_Workbench.esp,001AB5FB,001487C1,WorkbenchChemistryB,FURN,6089.566406,6173.611328,-384.000000,181.0544
LootedWorldX_FURN_Workbench.esp,001F1BC1,000821BD,MistLargeRoundDustyDim,MSTT,4216.298828,4457.359375,1391.784546,34.9504
LootedWorldX_FURN_Workbench.esp,001B4655,0012EA9B,WorkbenchArmorA,FURN,2628.289307,-174.796860,1492.473267,100.0957
LootedWorldX_FURN_Workbench.esp,001B22E5,00064827,MistGround01,MSTT,4277.668945,4476.698242,1358.338989,0.0000
LootedWorldX_FURN_Workbench.esp,001B22E4,0015AE5B,FXBlightLight01,LIGH,4216.217773,4452.060059,1289.206177,0.0000
LootedWorldX_FURN_Workbench.esp,000CCE15,000FDEE8,defaultLightWarm01NSNonSpec,LIGH,4243.030273,4500.034180,1396.331543,0.0000
LootedWorldX_FURN_Workbench.esp,001B22A6,0010C3B6,WorkbenchCookingFire,FURN,4235.868652,4404.195312,1251.821777,0.0000
LootedWorldX_FURN_Workbench.esp,001B4650,0017E787,workbenchWeaponsB,FURN,2309.990967,-358.208405,1235.650757,0.0000
LootedWorldX_FURN_Workbench.esp,001639DF,0010C3B6,WorkbenchCookingFire,FURN,618.379944,-223.621048,351.903748,285.5156
LootedWorldX_FURN_Workbench.esp,001AB5F6,001487C1,WorkbenchChemistryB,FURN,730.998535,953.935364,-32.000061,270.0001
LootedWorldX_FURN_Workbench.esp,001AB70E,0017E787,workbenchWeaponsB,FURN,-71.031601,1948.353760,480.731842,270.0001
LootedWorldX_FURN_Workbench.esp,001991D3,00101183,defaultLightFire01NSNonSpec,LIGH,1289.478638,1435.609863,-136.574020,0.0000
LootedWorldX_FURN_Workbench.esp,001991D2,00101183,defaultLightFire01NSNonSpec,LIGH,1353.063477,1442.841309,-136.574020,0.0000
LootedWorldX_FURN_Workbench.esp,001AB709,0017B3A4,workbenchWeaponsA,FURN,-522.962646,2343.675049,-128.000000,90.0000
LootedWorldX_FURN_Workbench.esp,001A0B7C,0012EA9B,WorkbenchArmorA,FURN,1415.543823,1582.738647,-255.999969,0.0000
LootedWorldX_FURN_Workbench.esp,001AB5F1,001487C1,WorkbenchChemistryB,FURN,-417.843231,-688.798523,3472.364990,328.3446
LootedWorldX_FURN_Workbench.esp,0021C909,001C9080,MistLargeRoundDustyDimmer,MSTT,1244.110107,-27.245941,-991.136536,0.0000
LootedWorldX_FURN_Workbench.esp,0021C906,0008ADFA,defaultLightFire01NSFlicker,LIGH,1512.262939,28.861450,-920.598755,0.0000
LootedWorldX_FURN_Workbench.esp,0021C8E1,000C581B,defaultLightFire01NS,LIGH,1380.121704,59.769726,-917.404358,0.0000
LootedWorldX_FURN_Workbench.esp,0021C8E0,000C581B,defaultLightFire01NS,LIGH,1299.476807,-43.212803,-917.404358,0.0000
LootedWorldX_FURN_Workbench.esp,0022634C,00101183,defaultLightFire01NSNonSpec,LIGH,1366.511719,-78.171066,-917.404358,0.0000
LootedWorldX_FURN_Workbench.esp,001B28BB,0017E787,workbenchWeaponsB,FURN,1426.951782,-152.779892,-1025.179077,225.0000
LootedWorldX_FURN_Workbench.esp,001B28C0,0012EA9B,WorkbenchArmorA,FURN,1245.581299,29.086164,-1024.000000,257.7271
LootedWorldX_FURN_Workbench.esp,001972CB,000C581B,defaultLightFire01NS,LIGH,4059.531738,609.891907,-1596.758667,90.0016
LootedWorldX_FURN_Workbench.esp,00192485,0010C3B6,WorkbenchCookingFire,FURN,5672.551758,2875.995361,-1951.010010,296.0115
LootedWorldX_FURN_Workbench.esp,001AB6FA,0017E787,workbenchWeaponsB,FURN,4408.917969,368.342133,-1695.010010,263.3778
LootedWorldX_FURN_Workbench.esp,001A0B72,0012EA9B,WorkbenchArmorA,FURN,4158.122070,658.468018,-1695.010010,81.8880
LootedWorldX_FURN_Workbench.esp,0022772D,0017B3A4,workbenchWeaponsA,FURN,4090.376465,185.892548,303.429901,47.5557
LootedWorldX_FURN_Workbench.esp,0022771B,0012F2F5,WorkbenchChemistryA,FURN,3552.520996,-432.209778,-208.288712,137.5558
LootedWorldX_FURN_Workbench.esp,060511C2,0604D8ED,DLC04_WorkbenchSodaMachine_Freestanding_Quartz,FURN,8959.995117,2752.082031,219.230774,180.0001
LootedWorldX_FURN_Workbench.esp,060511C1,06017D26,DLC04_WorkbenchSodaMachine_Freestanding_Orange,FURN,8839.995117,2752.082031,219.230774,180.0001
LootedWorldX_FURN_Workbench.esp,060360D4,000C79B4,WorkbenchCookingGroundPot,FURN,9134.616211,3072.260254,-36.769226,200.0536
LootedWorldX_FURN_Workbench.esp,060360D3,0017B3A4,workbenchWeaponsA,FURN,1957.523071,3841.763428,443.230774,90.0001
LootedWorldX_FURN_Workbench.esp,06024BCD,0012F2F5,WorkbenchChemistryA,FURN,3568.000977,2528.085693,283.230774,180.0001
LootedWorldX_FURN_Workbench.esp,0304E5C3,0303EC82,DLC03LightFire01NSBigFlicker,LIGH,-64.752205,333.724609,-558.999084,0.0000
LootedWorldX_FURN_Workbench.esp,0304E54D,0008ADFA,defaultLightFire01NSFlicker,LIGH,-210.334305,367.045898,-485.533936,0.0000
LootedWorldX_FURN_Workbench.esp,0304E54C,0008ADFA,defaultLightFire01NSFlicker,LIGH,20.951265,292.669586,-568.212280,0.0000
LootedWorldX_FURN_Workbench.esp,0304E54B,0008ADFA,defaultLightFire01NSFlicker,LIGH,-83.190369,245.526993,-583.478577,0.0000
LootedWorldX_FURN_Workbench.esp,0304E54A,0008ADFA,defaultLightFire01NSFlicker,LIGH,-87.703949,414.449371,-583.478577,0.0000
LootedWorldX_FURN_Workbench.esp,0304E549,0008ADFA,defaultLightFire01NSFlicker,LIGH,-129.750504,371.967804,-583.478577,0.0000
LootedWorldX_FURN_Workbench.esp,0304E548,0008ADFA,defaultLightFire01NSFlicker,LIGH,-18.526030,372.054321,-583.478577,0.0000
LootedWorldX_FURN_Workbench.esp,0304E547,0008ADFA,defaultLightFire01NSFlicker,LIGH,-79.429550,319.339325,-460.328033,0.0000
LootedWorldX_FURN_Workbench.esp,0303852A,001FA279,defaultLightFire01NSGoboBounce03,LIGH,-65.801231,348.777130,-408.103790,309.8662
LootedWorldX_FURN_Workbench.esp,03038517,0017E787,workbenchWeaponsB,FURN,-360.272491,-430.331177,-305.080505,180.9507
LootedWorldX_FURN_Workbench.esp,03038511,002476B7,WorkbenchCookingFireWorkshop,FURN,-24.294994,305.489929,-608.866577,319.8922
LootedWorldX_FURN_Workbench.esp,0303850A,0012EA9B,WorkbenchArmorA,FURN,-789.242065,145.287628,-490.705414,268.3264
LootedWorldX_FURN_Workbench.esp,0019CDD1,0012F2F5,WorkbenchChemistryA,FURN,2446.719482,1792.223755,2099.698730,0.0000
LootedWorldX_FURN_Workbench.esp,001AB6F5,0017E787,workbenchWeaponsB,FURN,-242.047089,646.913452,-382.401459,97.3905
