source_file,ref_formid,base_formid,base_editorid,base_signature,pos_x,pos_y,pos_z,rot_z
MFC2025_EndAlz_Conspiracy.esm,0F001771,0F000FC8,VP25_AbductionTarget,NPC_,2017.054565,1344.803467,-1568.000000,0.0000
MFC2025_EndAlz_Conspiracy.esm,0F001B50,00024572,NPCInvWallLean01,FURN,2502.334717,1632.631836,-1568.435059,97.4028
MFC2025_EndAlz_Conspiracy.esm,0F0020B9,0F0020B6,VP25_VisitUFOCrashSiteTriggerExterior,ACTI,-39137.171875,-6939.126465,1565.660278,0.0000
MFC2025_EndAlz_Conspiracy.esm,0F0020BD,0003251F,DefaultSetStageTriggerPlayerOnly,ACTI,-38547.781250,-3828.502930,999.579468,348.5409
MFC2025_EndAlz_Conspiracy.esm,0F00272E,02000E87,WorkshopConcreteMidFloor01Foundation,STAT,-9209.170898,69429.750000,3160.229248,333.9879
MFC2025_EndAlz_Conspiracy.esm,0F002A29,00135F22,MacPanelFlat05,STAT,23007.060547,6001.610840,1063.151489,90.0000
MFC2025_EndAlz_Conspiracy.esm,0F002A28,00135F22,MacPanelFlat05,STAT,23007.060547,6001.610840,1059.259888,90.0000
MFC2025_EndAlz_Conspiracy.esm,0F002A26,00017D83,NpcBenchStadiumSit01,FURN,21684.347656,5621.668457,675.378662,151.5760
MFC2025_EndAlz_Conspiracy.esm,0F002A25,00017D83,NpcBenchStadiumSit01,FURN,21807.357422,5693.477539,670.094910,150.0290
MFC2025_EndAlz_Conspiracy.esm,0F002A23,0019B605,MetalTable01Debris01,SCOL,22409.859375,5841.930176,652.758240,334.6986
MFC2025_EndAlz_Conspiracy.esm,0F002A21,0F002A22,VP25_Loot_ToolChest,CONT,22482.830078,5871.749512,648.711975,243.3458
MFC2025_EndAlz_Conspiracy.esm,0F002A20,0F002834,VP25_Toolbox,CONT,22433.574219,5846.712402,707.335510,237.2215
MFC2025_EndAlz_Conspiracy.esm,0F002A1E,0F002A1F,VP25_Prewar_Locker_Wall01,CONT,22268.685547,5708.023926,654.670349,154.6986
MFC2025_EndAlz_Conspiracy.esm,0F002A1D,0002F66B,NatPlatFloor01,STAT,22657.603516,5910.760254,675.399109,334.6986
MFC2025_EndAlz_Conspiracy.esm,0F002A1C,0002F66B,NatPlatFloor01,STAT,22916.632812,6033.919922,675.399109,334.6986
MFC2025_EndAlz_Conspiracy.esm,0F002A1B,0002F66B,NatPlatFloor01,STAT,23466.320312,6074.142578,711.716370,334.6986
MFC2025_EndAlz_Conspiracy.esm,0F002A1A,0013BD08,WorkbenchPowerArmorSmall,FURN,23483.746094,6080.265137,711.097656,244.6987
MFC2025_EndAlz_Conspiracy.esm,0F002A19,001487C1,WorkbenchChemistryB,FURN,22776.980469,6069.749512,674.759583,154.6986
MFC2025_EndAlz_Conspiracy.esm,0F002A18,0012EA9B,WorkbenchArmorA,FURN,22609.533203,5973.493164,673.767822,154.6987
MFC2025_EndAlz_Conspiracy.esm,0F002A17,0017E787,workbenchWeaponsB,FURN,22916.707031,6157.069336,673.514526,155.1570
MFC2025_EndAlz_Conspiracy.esm,0F002A16,00149E91,NpcCouchAirplaneSit02,FURN,22289.003906,5514.644043,1020.220581,246.0960
MFC2025_EndAlz_Conspiracy.esm,0F002A15,0F002857,VP25_BeerEmpty,STAT,22611.105469,5597.413086,1130.991577,0.0000
MFC2025_EndAlz_Conspiracy.esm,0F002A14,0F002857,VP25_BeerEmpty,STAT,22755.164062,5568.929688,1175.231934,0.0000
MFC2025_EndAlz_Conspiracy.esm,0F002A13,0F002857,VP25_BeerEmpty,STAT,22733.771484,5569.262695,1175.231934,0.0000
MFC2025_EndAlz_Conspiracy.esm,0F002A12,0F0027F8,VP25_Beer02,STAT,22768.259766,5588.087891,1175.231934,17.1887
MFC2025_EndAlz_Conspiracy.esm,0F002A11,0F0027F7,VP25_Beer01,STAT,22710.574219,5629.915039,1123.770020,0.0000
MFC2025_EndAlz_Conspiracy.esm,0F002A10,0F0027F7,VP25_Beer01,STAT,22707.199219,5607.373535,1123.770020,0.0000
MFC2025_EndAlz_Conspiracy.esm,0F002A0F,0F0027F7,VP25_Beer01,STAT,22719.919922,5617.145996,1123.770020,0.0000
MFC2025_EndAlz_Conspiracy.esm,0F002A0E,001AE1F4,Beercrate_Static,STAT,22715.552734,5619.538574,1120.000000,258.5642
MFC2025_EndAlz_Conspiracy.esm,0F002A03,001EABF6,BldGlassTransExt02OpaqueOnesided,STAT,22683.576172,5474.158691,571.096558,64.6986
MFC2025_EndAlz_Conspiracy.esm,0F002A02,001EABF6,BldGlassTransExt02OpaqueOnesided,STAT,23084.591797,5662.259766,571.096558,64.6986
MFC2025_EndAlz_Conspiracy.esm,0F002A01,001EABF6,BldGlassTransExt02OpaqueOnesided,STAT,22507.714844,5848.601562,571.096558,244.6986
MFC2025_EndAlz_Conspiracy.esm,0F002A00,001EABF6,BldGlassTransExt02OpaqueOnesided,STAT,22902.328125,6038.568359,571.096558,244.6986
MFC2025_EndAlz_Conspiracy.esm,0F0029FF,00151A66,defaultLightCool01SpotFlicker,LIGH,21797.791016,5285.921387,719.758484,325.4471
MFC2025_EndAlz_Conspiracy.esm,0F0029FE,00092A1F,Spotlight45deg_On,SCOL,21793.386719,5281.675293,679.826904,335.4487
MFC2025_EndAlz_Conspiracy.esm,0F0029FD,00135F59,MacBaseBlockCMed01,STAT,22036.841797,5328.884766,852.417114,219.0824
MFC2025_EndAlz_Conspiracy.esm,0F0029FC,000211F5,WoodCrate01,STAT,22035.962891,5418.493652,845.873718,150.2636
MFC2025_EndAlz_Conspiracy.esm,0F0029FB,000211F5,WoodCrate01,STAT,22076.953125,5390.646484,849.878601,251.1465
MFC2025_EndAlz_Conspiracy.esm,0F0029FA,000211F5,WoodCrate01,STAT,21981.275391,5363.494141,830.414795,257.7722
MFC2025_EndAlz_Conspiracy.esm,0F0029F9,00090E89,HitDebrisPile03,STAT,22016.308594,5382.371582,847.379517,199.6986
MFC2025_EndAlz_Conspiracy.esm,0F0029F8,00090E89,HitDebrisPile03,STAT,22016.308594,5382.371582,846.535767,0.0000
MFC2025_EndAlz_Conspiracy.esm,0F0029F5,002482CC,V111DuctPipeCap01,STAT,21996.423828,5302.370605,954.018433,78.7128
MFC2025_EndAlz_Conspiracy.esm,0F0029F4,0100235B,DLC01Lair_IndTinyPipe1WayLongest01_Nonoccluder,STAT,22002.169922,5339.348633,746.204712,4.6937
MFC2025_EndAlz_Conspiracy.esm,0F0029F3,0F0029F2,VP25_Kickball,STAT,22023.033203,5443.333008,848.739685,212.5160
MFC2025_EndAlz_Conspiracy.esm,0F0029F1,0F0029F2,VP25_Kickball,STAT,21982.355469,5420.001953,856.643738,344.2963
MFC2025_EndAlz_Conspiracy.esm,0F0029F0,05003E46,DLC06ScrapableIndBgPipe1Way01,STAT,22014.830078,5383.277344,509.276337,180.0000
MFC2025_EndAlz_Conspiracy.esm,0F0029EF,05003E46,DLC06ScrapableIndBgPipe1Way01,STAT,22014.830078,5383.277344,666.460083,180.0000
MFC2025_EndAlz_Conspiracy.esm,0F0029EE,0009BECB,UtilitySink,STAT,23021.636719,5945.759277,1449.093750,244.6987
MFC2025_EndAlz_Conspiracy.esm,0F0029ED,0009192B,PlayerHouse_Ruin_BathroomDispenser01,STAT,23259.505859,5911.396973,1511.034058,109.6987
MFC2025_EndAlz_Conspiracy.esm,0F0029EC,00050AAE,PlayerHouse_Toilet01,STAT,23217.220703,5953.737793,1473.368530,64.6986
MFC2025_EndAlz_Conspiracy.esm,0F0029EB,00118CCA,BoatFishing01_PartsMast03,STAT,21610.490234,5168.211914,454.168549,149.6557
MFC2025_EndAlz_Conspiracy.esm,0F0029EA,00004E39,CageBulbWire04,STAT,21494.320312,5110.522461,788.790527,330.4923
MFC2025_EndAlz_Conspiracy.esm,0F0029E2,0F002826,VP25_FlowerVase02,STAT,22643.478516,5855.321777,949.958496,88.8085
MFC2025_EndAlz_Conspiracy.esm,0F0029E1,0F0027F6,VP25_ShotGlass,STAT,22642.082031,5848.600098,921.958496,83.0789
MFC2025_EndAlz_Conspiracy.esm,0F0029E0,0F0027F6,VP25_ShotGlass,STAT,22649.203125,5854.745605,921.958496,0.0000
MFC2025_EndAlz_Conspiracy.esm,0F0029DF,0F002831,VP25_PlasticBin,STAT,22633.111328,5840.604980,894.816162,331.1048
MFC2025_EndAlz_Conspiracy.esm,0F0029DE,0F002831,VP25_PlasticBin,STAT,22675.826172,5863.583496,921.958496,334.2169
MFC2025_EndAlz_Conspiracy.esm,0F0029DD,0F0028E7,VP25_FrillyTableLamp01On,STAT,22622.736328,5838.838379,878.675781,0.0000
MFC2025_EndAlz_Conspiracy.esm,0F0029DC,0F002839,VP25_GlobePostwar,STAT,23156.574219,5768.728027,1073.458496,83.0789
MFC2025_EndAlz_Conspiracy.esm,0F0029DB,0004CD83,PottedPlantSet_PotAPlant02_Dirty,STAT,22720.628906,5880.598145,887.323181,331.3521
MFC2025_EndAlz_Conspiracy.esm,0F0029DA,0004CDB8,PottedPlantSet_PotBPlant03_Dirty,STAT,22610.605469,5678.840332,887.323181,331.3521
MFC2025_EndAlz_Conspiracy.esm,0F0029D9,0005A68A,AdvertsPoster05,STAT,22625.105469,5560.481934,1010.523193,245.2777
MFC2025_EndAlz_Conspiracy.esm,0F0029D8,0005A68A,AdvertsPoster05,STAT,22598.591797,5616.568359,1010.523193,245.2366
MFC2025_EndAlz_Conspiracy.esm,0F0029D7,000BF83B,GenericPosterGroup02,STAT,22605.496094,5600.446777,1009.280212,244.8418
MFC2025_EndAlz_Conspiracy.esm,0F0029D6,0019B56B,FederalistBookcaseShort01Debris01,SCOL,22654.351562,5855.491211,885.958496,244.6987
MFC2025_EndAlz_Conspiracy.esm,0F0029D5,00106936,Rubble_Flat_Trash_Edge01,STAT,22815.925781,5794.133301,885.958496,139.4113
MFC2025_EndAlz_Conspiracy.esm,0F0029D4,0F0027F5,VP25_DrinkingGlass,STAT,22720.376953,5675.630859,911.750000,0.0000
MFC2025_EndAlz_Conspiracy.esm,0F0029D3,0F0027F6,VP25_ShotGlass,STAT,22761.722656,5616.722656,911.750000,0.0000
MFC2025_EndAlz_Conspiracy.esm,0F0029D2,0F002800,VP25_NukaCola,STAT,22726.519531,5655.272949,910.125366,85.9437
MFC2025_EndAlz_Conspiracy.esm,0F0029D1,0F0027FA,VP25_Bourbon,STAT,22760.951172,5596.098633,911.750000,176.6535
MFC2025_EndAlz_Conspiracy.esm,0F0029D0,0F002809,VP25_AshTray,STAT,22734.935547,5635.122559,911.750000,0.0000
MFC2025_EndAlz_Conspiracy.esm,0F0029CF,0003A9ED,OfficeBoxPapers03,STAT,23224.917969,5846.306152,948.105286,121.0373
MFC2025_EndAlz_Conspiracy.esm,0F0029CE,0F0029AF,VP25_CoffeePot,STAT,23197.441406,5798.973145,1073.458496,51.7667
MFC2025_EndAlz_Conspiracy.esm,0F0029CD,0F002803,VP25_CoffeeMug,STAT,23236.386719,5849.091797,1049.281128,339.9464
MFC2025_EndAlz_Conspiracy.esm,0F0029CC,0F002803,VP25_CoffeeMug,STAT,23237.769531,5840.168945,1049.281128,231.0845
MFC2025_EndAlz_Conspiracy.esm,0F0029CB,0F0027F5,VP25_DrinkingGlass,STAT,23150.498047,6053.013672,1005.029724,0.0000
MFC2025_EndAlz_Conspiracy.esm,0F0029CA,0F0027FB,VP25_Whiskey,STAT,23158.669922,6048.461426,1002.974854,0.0000
MFC2025_EndAlz_Conspiracy.esm,0F0029C9,001A29FA,defaultLightWarm01Dark,LIGH,22775.292969,5739.479980,1331.356079,120.3211
MFC2025_EndAlz_Conspiracy.esm,0F0029C8,001A29FA,defaultLightWarm01Dark,LIGH,23546.314453,6117.730957,931.848938,120.3211
MFC2025_EndAlz_Conspiracy.esm,0F0029C7,001A29FA,defaultLightWarm01Dark,LIGH,22710.859375,5737.980469,1063.941528,120.3211
MFC2025_EndAlz_Conspiracy.esm,0F0029C6,001A29FA,defaultLightWarm01Dark,LIGH,23094.316406,5901.492676,1105.913574,14.3239
MFC2025_EndAlz_Conspiracy.esm,0F0029C5,00004E3D,CageBulbWire02,STAT,23110.781250,5801.205078,1133.785522,250.7211
MFC2025_EndAlz_Conspiracy.esm,0F0029C4,00004E3D,CageBulbWire02,STAT,23088.992188,6033.149414,1153.054688,63.0252
MFC2025_EndAlz_Conspiracy.esm,0F0029C3,00004E3D,CageBulbWire02,STAT,22696.867188,5858.433105,1103.135010,94.5380
MFC2025_EndAlz_Conspiracy.esm,0F0029C2,00004E38,CageBulbWire03,STAT,23076.109375,5742.454102,1171.582031,186.5362
MFC2025_EndAlz_Conspiracy.esm,0F0029C1,00004E39,CageBulbWire04,STAT,23859.236328,6243.125488,759.733765,146.6105
MFC2025_EndAlz_Conspiracy.esm,0F0029C0,00004E39,CageBulbWire04,STAT,22320.072266,5516.739258,1353.279053,333.5400
MFC2025_EndAlz_Conspiracy.esm,0F0029BF,00004E3A,CageBulbWire05,STAT,22320.072266,5516.739258,1353.279053,325.1175
MFC2025_EndAlz_Conspiracy.esm,0F0028BC,0007481B,PlayerHouse_Curtain01,STAT,22988.332031,5670.918457,1139.905151,154.6987
MFC2025_EndAlz_Conspiracy.esm,0F0028BB,000FE2A7,PlayerHouse_Ruin_CurtainRod04,STAT,23045.539062,5698.306641,1137.965820,154.6987
MFC2025_EndAlz_Conspiracy.esm,0F0028BA,000EA1BA,NpcChairModernDomesticSit02,FURN,22827.753906,5614.491699,885.958496,305.9987
MFC2025_EndAlz_Conspiracy.esm,0F0028B9,00076486,LadderMetalTall01Static,STAT,22584.708984,5583.798828,836.065125,247.6372
MFC2025_EndAlz_Conspiracy.esm,0F0028B8,00076486,LadderMetalTall01Static,STAT,22365.533203,5618.523926,1018.648376,40.8432
MFC2025_EndAlz_Conspiracy.esm,0F0028B7,000196D1,BeachUmbrella01,STAT,22028.441406,5426.308594,739.733398,275.5413
MFC2025_EndAlz_Conspiracy.esm,0F0028B6,0007CE89,TablePatio01,STAT,22739.052734,5580.494141,1122.231934,0.0000
MFC2025_EndAlz_Conspiracy.esm,0F0027C8,0F0029E6,VP25_DLC02WorkshopNeonLightLetter01-Green-T,ACTI,23214.453125,5758.398438,1207.036987,334.6986
MFC2025_EndAlz_Conspiracy.esm,0F0027C7,0F0029E4,VP25_DLC02WorkshopNeonLightLetter01-Orange-A,ACTI,23193.386719,5750.652832,1206.177246,334.6986
MFC2025_EndAlz_Conspiracy.esm,0F0027C6,0F0029E9,VP25_DLC02WorkshopNeonLightLetter01-Purple-O,ACTI,23169.980469,5738.734375,1207.454712,334.6986
MFC2025_EndAlz_Conspiracy.esm,0F0027C5,0F0029E8,VP25_DLC02WorkshopNeonLightLetter01-Yellow-B,ACTI,23144.669922,5726.612305,1207.632690,334.6986
MFC2025_EndAlz_Conspiracy.esm,0F0027C4,0F0029E7,VP25_DLC02WorkshopNeonLightLetter01-Yellow-Y,ACTI,23217.863281,5762.760254,1248.100952,334.6986
MFC2025_EndAlz_Conspiracy.esm,0F0027C3,0F0029E6,VP25_DLC02WorkshopNeonLightLetter01-Green-T,ACTI,23198.658203,5750.930176,1248.100952,334.6986
MFC2025_EndAlz_Conspiracy.esm,0F0027C2,0F0029E5,VP25_DLC02WorkshopNeonLightLetter01-Blue-R,ACTI,23177.929688,5739.575684,1248.100952,334.6986
MFC2025_EndAlz_Conspiracy.esm,0F0027C1,0F0029E4,VP25_DLC02WorkshopNeonLightLetter01-Orange-A,ACTI,23156.033203,5729.558594,1248.000000,334.6986
MFC2025_EndAlz_Conspiracy.esm,0F0027C0,0F0029E3,VP25_DLC02WorkshopNeonLightLetter01-Purple-P,ACTI,23134.451172,5719.033203,1248.000000,334.6986
MFC2025_EndAlz_Conspiracy.esm,0F0027BF,00027EB8,PlayerHouse_Ruin_Rug03,STAT,22716.847656,5646.709961,885.958496,334.1023
MFC2025_EndAlz_Conspiracy.esm,0F0027BE,000C56B7,DCKitMetalCorrugSingleRust01_01,STAT,23247.544922,5777.538574,1221.910156,90.0000
MFC2025_EndAlz_Conspiracy.esm,0F0027BB,0F0027BA,VP25_SubDoor01Left,DOOR,22544.263672,5720.583496,888.654297,64.6987
MFC2025_EndAlz_Conspiracy.esm,0F0027B9,00083907,NpcChairPatioSit01,FURN,22652.273438,5567.683594,1121.512695,174.5458
MFC2025_EndAlz_Conspiracy.esm,0F0027B7,00083907,NpcChairPatioSit01,FURN,22821.574219,5615.272461,1120.867676,149.3346
MFC2025_EndAlz_Conspiracy.esm,0F0027B6,0F0027BA,VP25_SubDoor01Left,DOOR,22903.925781,5998.530273,945.964600,334.6987
MFC2025_EndAlz_Conspiracy.esm,0F0027B3,00106936,Rubble_Flat_Trash_Edge01,STAT,22592.068359,5631.731445,885.958496,159.4649
MFC2025_EndAlz_Conspiracy.esm,0F0027B2,001914A2,Rubble_Pile_Debris_06,STAT,22773.640625,5878.374023,1121.982422,0.0000
MFC2025_EndAlz_Conspiracy.esm,0F0027B1,0005A480,LeafPile04,STAT,22793.378906,5920.484863,1125.391235,62.1086
MFC2025_EndAlz_Conspiracy.esm,0F0027B0,000585AA,LeafPile02,STAT,22673.935547,5613.665527,1122.640991,319.8930
MFC2025_EndAlz_Conspiracy.esm,0F0027AF,00075F3E,PlayerHouse_Ruin_CoffeeTable01,STAT,22742.916016,5641.827148,888.000000,62.2232
MFC2025_EndAlz_Conspiracy.esm,0F0027AD,0F0027AE,VP25_Loot_Prewar_Cooler,CONT,23216.109375,6025.933594,1003.045776,137.7964
MFC2025_EndAlz_Conspiracy.esm,0F0027A5,0003A9EC,OfficeBoxPapers02,STAT,23248.306641,5892.707520,948.105286,31.2835
MFC2025_EndAlz_Conspiracy.esm,0F0027A3,0F0027A4,VP25_Deskfan,STAT,23129.548828,5754.270996,1044.083496,308.4911
MFC2025_EndAlz_Conspiracy.esm,0F0027A1,0F0027A2,VP25_FlowerVase,STAT,23050.767578,6035.494141,1002.961365,28.6479
MFC2025_EndAlz_Conspiracy.esm,0F0027A0,0018E8FC,HamRadio,ACTI,23077.851562,6022.129395,1003.046753,337.4828
MFC2025_EndAlz_Conspiracy.esm,0F00279F,00143AD1,RadioDiamondCityReceiverOff,ACTI,23266.945312,5887.344238,1043.574463,104.0491
MFC2025_EndAlz_Conspiracy.esm,0F00279E,000D83CC,NpcChairIndustrialMetalOfficeSit01,FURN,23107.070312,5964.617188,947.982483,6.2799
MFC2025_EndAlz_Conspiracy.esm,0F00279D,0003F432,NpcCouchOfficeSit01,FURN,22657.980469,5600.757812,887.093018,63.0254
MFC2025_EndAlz_Conspiracy.esm,0F00279C,000D981B,DefaultTerminalWall,TERM,22993.310547,6036.550293,946.984680,339.1444
MFC2025_EndAlz_Conspiracy.esm,0F00279B,0F0027AA,VP25_OfficeFileCabinet03,CONT,23221.921875,6032.334473,947.455688,33.6901
MFC2025_EndAlz_Conspiracy.esm,0F00279A,0F0027A7,VP25_OfficeDesk01,CONT,23109.644531,6025.764648,946.458496,349.2284
MFC2025_EndAlz_Conspiracy.esm,0F002799,000AE531,OfficeFileCabinetDrawer01_Beige,STAT,23241.597656,5836.815918,947.719238,119.5190
MFC2025_EndAlz_Conspiracy.esm,0F002798,000D8F85,NPCChairIndustrialMetalOfficeSit01Static,STAT,23095.974609,5781.813965,947.982483,124.0799
MFC2025_EndAlz_Conspiracy.esm,0F002797,000AEF5C,Vault_FloorMat_Medium_02,STAT,23094.414062,5896.631348,946.458496,334.6987
MFC2025_EndAlz_Conspiracy.esm,0F002796,000AEF5C,Vault_FloorMat_Medium_02,STAT,23156.865234,5926.807129,946.458496,154.6987
MFC2025_EndAlz_Conspiracy.esm,0F002795,001422F0,ConsoleTowerSingle03,SCOL,23261.136719,5972.589844,946.458496,64.6987
MFC2025_EndAlz_Conspiracy.esm,0F002794,001405DB,ConsolePanB19,STAT,23250.814453,5893.563477,1033.252808,119.3472
MFC2025_EndAlz_Conspiracy.esm,0F002793,001405A6,ConsoleCabARightCap01,STAT,23278.748047,5911.697754,946.383545,119.3473
MFC2025_EndAlz_Conspiracy.esm,0F002792,001405B0,ConsoleCabDrawerMid02,STAT,23263.664062,5885.639648,946.622437,119.3472
MFC2025_EndAlz_Conspiracy.esm,0F002791,0020F1C7,ConsolePanA07On,STAT,23246.263672,5895.925293,1008.062256,124.9501
MFC2025_EndAlz_Conspiracy.esm,0F002790,001405A3,ConsoleCabAMid02,STAT,23264.375000,5885.455078,945.949402,119.3472
MFC2025_EndAlz_Conspiracy.esm,0F00278F,00140611,ConsoleTowerAMid02a,SCOL,23238.722656,5837.729980,946.458496,119.0382
MFC2025_EndAlz_Conspiracy.esm,0F00278E,00239130,PrydwenShipsWheel01,STAT,23255.597656,5973.979004,949.745789,244.6987
MFC2025_EndAlz_Conspiracy.esm,0F00278D,00140613,ConsoleTowerAMid02,SCOL,23121.574219,5747.019043,946.458496,149.8288
MFC2025_EndAlz_Conspiracy.esm,0F00278C,0014400E,ConsoleTowerBLeft03,SCOL,23156.242188,5767.170898,946.458496,149.8288
MFC2025_EndAlz_Conspiracy.esm,0F00278B,00144008,ConsoleTowerBLeft02,SCOL,23190.876953,5787.308594,946.458496,149.8288
MFC2025_EndAlz_Conspiracy.esm,0F00278A,0005193D,ACDuctMedEnd04,STAT,23009.957031,5852.265625,916.132385,270.0001
MFC2025_EndAlz_Conspiracy.esm,0F002775,00062304,Shack_Single_Plank03,STAT,22678.572266,5934.462402,704.629395,0.0000
MFC2025_EndAlz_Conspiracy.esm,0F002774,00062303,Shack_Single_Plank02_Brkn,STAT,22680.236328,5936.818848,753.418396,183.0942
MFC2025_EndAlz_Conspiracy.esm,0F002773,00062301,Shack_Single_Plank01_Brkn,STAT,22680.236328,5936.818848,788.483948,183.0942
MFC2025_EndAlz_Conspiracy.esm,0F002772,000D69F8,SubDoor02Static,STAT,22681.140625,5932.391113,658.722351,334.6986
MFC2025_EndAlz_Conspiracy.esm,0F002771,000C3884,WoodPallet01,STAT,22665.193359,5279.591797,652.726440,158.4229
MFC2025_EndAlz_Conspiracy.esm,0F002770,00000021,CollisionMarker,STAT,22647.023438,5340.708984,635.564575,71.8555
MFC2025_EndAlz_Conspiracy.esm,0F00276F,000211F7,WoodCrate03,STAT,22674.632812,5253.101074,668.962585,69.5231
MFC2025_EndAlz_Conspiracy.esm,0F00276C,00111E61,PierGangplank01,STAT,22727.707031,5112.007324,665.577515,340.3091
MFC2025_EndAlz_Conspiracy.esm,0F00276A,0F002769,VP25_BOATNOTE,BOOK,23132.726562,5997.829590,1853.716919,325.0897
MFC2025_EndAlz_Conspiracy.esm,0F002768,0011B63B,BoatFishing07_White,STAT,23139.474609,5871.935547,1672.873291,136.4411
MFC2025_EndAlz_Conspiracy.esm,0F002767,0F00276D,VP25_BoatHouse,STAT,22597.966797,5664.174316,402.958466,154.6986
MFC2025_EndAlz_Conspiracy.esm,0F001A40,0003251C,DefaultSetStageTrigger,ACTI,21594.804688,4552.231934,822.780029,337.9184
MFC2025_EndAlz_Conspiracy.esm,0F001DAA,0003251F,DefaultSetStageTriggerPlayerOnly,ACTI,11928.201172,15638.682617,782.212891,29.6792
MFC2025_EndAlz_Conspiracy.esm,0F002F5C,00000034,XMarkerHeading,STAT,12273.410156,16142.501953,677.559387,222.4903
MFC2025_EndAlz_Conspiracy.esm,0F0029F7,0021317D,DecalBloodPuddleLg,TXST,21930.689453,5403.162109,707.778687,180.0000
MFC2025_EndAlz_Conspiracy.esm,0F0029F6,0021317D,DecalBloodPuddleLg,TXST,22031.878906,5343.548828,720.810425,180.0000
MFC2025_EndAlz_Conspiracy.esm,0F00276B,0011684E,SubDoor02LeftLoad,DOOR,22858.236328,5558.769531,651.064270,334.6986
MFC2025_EndAlz_Conspiracy.esm,0F002738,000C971A,BldWoodPDoorLoad02,DOOR,12207.156250,16306.647461,676.319214,111.0751
MFC2025_EndAlz_Conspiracy.esm,0F002735,0F002734,VP25_Quest5AlienDoodadStatic,STAT,-20195.916016,-33137.261719,1612.771118,197.3136
MFC2025_EndAlz_Conspiracy.esm,0F00272D,00018FA9,MetalTrapdoor01,DOOR,-9211.145508,69426.085938,3158.095459,333.9879
MFC2025_EndAlz_Conspiracy.esm,0F0020C8,0003180C,xMarkerxFlagRed,STAT,-38640.660156,-7266.321777,1435.065186,34.3775
MFC2025_EndAlz_Conspiracy.esm,0F0020C7,0003180C,xMarkerxFlagRed,STAT,-38635.027344,-6533.775879,1486.916992,342.8113
MFC2025_EndAlz_Conspiracy.esm,0F0020C6,0003180C,xMarkerxFlagRed,STAT,-38666.023438,-5789.167969,1368.825439,0.0000
MFC2025_EndAlz_Conspiracy.esm,0F0020C5,0003180C,xMarkerxFlagRed,STAT,-38669.394531,-4933.072266,907.470825,0.0000
MFC2025_EndAlz_Conspiracy.esm,0F0020C4,0003180C,xMarkerxFlagRed,STAT,-38606.265625,-4224.021973,778.460022,5.7296
MFC2025_EndAlz_Conspiracy.esm,0F0020BC,0003251F,DefaultSetStageTriggerPlayerOnly,ACTI,-39166.035156,-7478.565918,1454.113159,17.1887
MFC2025_EndAlz_Conspiracy.esm,0F001E3F,0F001E3E,VP25_Quest5_AlienRewardChest,CONT,-19960.013672,-33279.714844,1585.733276,108.5526
MFC2025_EndAlz_Conspiracy.esm,0F001DC0,0018E8FC,HamRadio,ACTI,-20194.769531,-33135.734375,1598.799194,0.0000
MFC2025_EndAlz_Conspiracy.esm,0F001DBE,0003180F,xMarkerxFlagBlue,STAT,-20184.445312,-33251.816406,1600.868164,120.3211
MFC2025_EndAlz_Conspiracy.esm,0F001DA9,00000034,XMarkerHeading,STAT,11354.041016,15620.905273,687.789917,57.2963
MFC2025_EndAlz_Conspiracy.esm,0F001DA8,00000034,XMarkerHeading,STAT,11501.358398,15963.123047,930.359497,63.0260
MFC2025_EndAlz_Conspiracy.esm,0F001DA7,00000034,XMarkerHeading,STAT,11883.022461,15495.784180,690.065735,312.6850
MFC2025_EndAlz_Conspiracy.esm,0F001DA6,00000034,XMarkerHeading,STAT,11725.045898,15703.609375,723.827454,5.7301
MFC2025_EndAlz_Conspiracy.esm,0F001D98,0003C62C,RadioTransmitMarker,ACTI,-9180.381836,69287.210938,3247.339844,22.9183
MFC2025_EndAlz_Conspiracy.esm,0F001B5C,00000034,XMarkerHeading,STAT,-19483.675781,-34838.464844,1621.792969,354.2705
MFC2025_EndAlz_Conspiracy.esm,0F001B59,001CB006,NPCUsePipBoy,IDLM,-20265.960938,-33343.140625,1605.532227,17.1888
MFC2025_EndAlz_Conspiracy.esm,0F001B55,001CB006,NPCUsePipBoy,IDLM,-14993.257812,-29824.306641,1352.000000,216.7607
MFC2025_EndAlz_Conspiracy.esm,0F001A45,00002CE2,PatrolIdleMarker,IDLM,28205.828125,6248.681641,604.399658,341.1381
MFC2025_EndAlz_Conspiracy.esm,0F001A44,00002CE2,PatrolIdleMarker,IDLM,28076.367187,6225.599121,604.399658,341.1381
MFC2025_EndAlz_Conspiracy.esm,0F001A43,000344F8,AmbushMirelurk,FURN,28111.226562,5982.146973,604.399658,341.1381
MFC2025_EndAlz_Conspiracy.esm,0F001A42,0003376D,DefaultActivateSelfTrigger,ACTI,28130.208984,6356.104004,606.810669,274.0564
MFC2025_EndAlz_Conspiracy.esm,0F001A41,0008401A,LvlMirelurkCrabAmbush,NPC_,28125.205078,6170.791504,604.399780,341.1381
MFC2025_EndAlz_Conspiracy.esm,0F002F65,00000010,MapMarker,STAT,22505.890625,5636.355957,889.897583,337.0817
MFC2025_EndAlz_Conspiracy.esm,0F002F66,00000034,XMarkerHeading,STAT,22849.351562,4885.773438,618.005188,331.3521
MFC2025_EndAlz_Conspiracy.esm,0F0020CF,00044170,DefaultRedOmni01NS,LIGH,0.000000,0.000000,100.000000,0.0000
MFC2025_EndAlz_Conspiracy.esm,0F0020D0,00000032,COCMarkerHeading,STAT,-250.643326,-167.890045,272.494232,0.0000
MFC2025_EndAlz_Conspiracy.esm,0F0020D2,05003729,VltWorkShopATRIUMFloor01Free,STAT,-256.000000,0.000000,0.000000,0.0000
MFC2025_EndAlz_Conspiracy.esm,0F0020D3,05003729,VltWorkShopATRIUMFloor01Free,STAT,0.000000,256.000000,0.000000,0.0000
MFC2025_EndAlz_Conspiracy.esm,0F0020D4,05003729,VltWorkShopATRIUMFloor01Free,STAT,-256.000000,256.000000,0.000000,0.0000
MFC2025_EndAlz_Conspiracy.esm,0F0020D5,05003729,VltWorkShopATRIUMFloor01Free,STAT,256.000000,256.000000,0.000000,0.0000
MFC2025_EndAlz_Conspiracy.esm,0F0020D6,05003729,VltWorkShopATRIUMFloor01Free,STAT,256.000000,0.000000,0.000000,0.0000
MFC2025_EndAlz_Conspiracy.esm,0F0020D7,05003729,VltWorkShopATRIUMFloor01Free,STAT,0.000000,0.000000,0.000000,0.0000
MFC2025_EndAlz_Conspiracy.esm,0F0020D8,05003729,VltWorkShopATRIUMFloor01Free,STAT,-256.000000,512.000000,0.000000,0.0000
MFC2025_EndAlz_Conspiracy.esm,0F0020D9,05003729,VltWorkShopATRIUMFloor01Free,STAT,0.000000,512.000000,0.000000,0.0000
MFC2025_EndAlz_Conspiracy.esm,0F0020DA,05003729,VltWorkShopATRIUMFloor01Free,STAT,256.000000,512.000000,0.000000,0.0000
MFC2025_EndAlz_Conspiracy.esm,0F0020DB,05003729,VltWorkShopATRIUMFloor01Free,STAT,0.000000,768.000000,0.000000,0.0000
MFC2025_EndAlz_Conspiracy.esm,0F0020DC,05003729,VltWorkShopATRIUMFloor01Free,STAT,-256.000000,1024.000000,0.000000,0.0000
MFC2025_EndAlz_Conspiracy.esm,0F0020DD,05003729,VltWorkShopATRIUMFloor01Free,STAT,-256.000000,768.000000,0.000000,0.0000
MFC2025_EndAlz_Conspiracy.esm,0F0020DE,05003729,VltWorkShopATRIUMFloor01Free,STAT,254.991394,768.000000,0.000000,0.0000
MFC2025_EndAlz_Conspiracy.esm,0F0020DF,05003729,VltWorkShopATRIUMFloor01Free,STAT,256.000000,1024.000000,0.000000,0.0000
MFC2025_EndAlz_Conspiracy.esm,0F0020E0,05003729,VltWorkShopATRIUMFloor01Free,STAT,0.000000,1024.000000,0.000000,0.0000
MFC2025_EndAlz_Conspiracy.esm,0F0020E1,05003729,VltWorkShopATRIUMFloor01Free,STAT,256.000000,-256.000000,0.000000,0.0000
MFC2025_EndAlz_Conspiracy.esm,0F0020E2,05003729,VltWorkShopATRIUMFloor01Free,STAT,-256.000000,-256.000000,0.000000,0.0000
MFC2025_EndAlz_Conspiracy.esm,0F0020E3,05003729,VltWorkShopATRIUMFloor01Free,STAT,0.000000,-256.000000,0.000000,0.0000
MFC2025_EndAlz_Conspiracy.esm,0F0020E4,05003729,VltWorkShopATRIUMFloor01Free,STAT,-512.000000,-256.000000,0.000000,0.0000
MFC2025_EndAlz_Conspiracy.esm,0F0020E5,05003729,VltWorkShopATRIUMFloor01Free,STAT,-512.000000,0.000000,0.000000,0.0000
MFC2025_EndAlz_Conspiracy.esm,0F0020E6,05003729,VltWorkShopATRIUMFloor01Free,STAT,-512.000000,256.000000,0.000000,0.0000
MFC2025_EndAlz_Conspiracy.esm,0F0020E7,05003729,VltWorkShopATRIUMFloor01Free,STAT,-512.000000,512.000000,0.000000,0.0000
MFC2025_EndAlz_Conspiracy.esm,0F0020E8,05003729,VltWorkShopATRIUMFloor01Free,STAT,-512.000000,768.000000,0.000000,0.0000
MFC2025_EndAlz_Conspiracy.esm,0F0020E9,05003729,VltWorkShopATRIUMFloor01Free,STAT,-512.000000,1024.000000,0.000000,0.0000
MFC2025_EndAlz_Conspiracy.esm,0F0020EA,05003729,VltWorkShopATRIUMFloor01Free,STAT,512.000000,-256.000000,0.000000,0.0000
MFC2025_EndAlz_Conspiracy.esm,0F0020EB,05003729,VltWorkShopATRIUMFloor01Free,STAT,512.000000,0.000000,0.000000,0.0000
MFC2025_EndAlz_Conspiracy.esm,0F0020EC,05003729,VltWorkShopATRIUMFloor01Free,STAT,512.000000,256.000000,0.000000,0.0000
MFC2025_EndAlz_Conspiracy.esm,0F0020ED,05003729,VltWorkShopATRIUMFloor01Free,STAT,512.000000,512.000000,0.000000,0.0000
MFC2025_EndAlz_Conspiracy.esm,0F0020EE,05003729,VltWorkShopATRIUMFloor01Free,STAT,512.000000,768.000000,0.000000,0.0000
MFC2025_EndAlz_Conspiracy.esm,0F0020EF,05003729,VltWorkShopATRIUMFloor01Free,STAT,-512.000000,1280.000000,0.000000,0.0000
MFC2025_EndAlz_Conspiracy.esm,0F0020F0,05003729,VltWorkShopATRIUMFloor01Free,STAT,256.000000,1280.000000,0.000000,0.0000
MFC2025_EndAlz_Conspiracy.esm,0F0020F1,05003729,VltWorkShopATRIUMFloor01Free,STAT,-256.000000,1280.000000,0.000000,0.0000
MFC2025_EndAlz_Conspiracy.esm,0F0020F2,05003729,VltWorkShopATRIUMFloor01Free,STAT,512.000000,1280.000000,0.000000,0.0000
MFC2025_EndAlz_Conspiracy.esm,0F0020F3,05003729,VltWorkShopATRIUMFloor01Free,STAT,0.000000,1280.000000,0.000000,0.0000
MFC2025_EndAlz_Conspiracy.esm,0F0020F4,05003729,VltWorkShopATRIUMFloor01Free,STAT,256.000000,1536.000000,0.000000,0.0000
MFC2025_EndAlz_Conspiracy.esm,0F0020F5,05003729,VltWorkShopATRIUMFloor01Free,STAT,512.000000,1536.000000,0.000000,0.0000
MFC2025_EndAlz_Conspiracy.esm,0F0020F6,05003729,VltWorkShopATRIUMFloor01Free,STAT,-512.000000,1536.000000,0.000000,0.0000
MFC2025_EndAlz_Conspiracy.esm,0F0020F7,05003729,VltWorkShopATRIUMFloor01Free,STAT,-256.000000,1536.000000,0.000000,0.0000
MFC2025_EndAlz_Conspiracy.esm,0F0020F8,05003729,VltWorkShopATRIUMFloor01Free,STAT,0.000000,1536.000000,0.000000,0.0000
MFC2025_EndAlz_Conspiracy.esm,0F0020F9,05003729,VltWorkShopATRIUMFloor01Free,STAT,-768.000000,-256.000000,0.000000,0.0000
MFC2025_EndAlz_Conspiracy.esm,0F0020FA,05003729,VltWorkShopATRIUMFloor01Free,STAT,-768.000000,0.000000,0.000000,0.0000
MFC2025_EndAlz_Conspiracy.esm,0F0020FB,05003729,VltWorkShopATRIUMFloor01Free,STAT,-768.000000,256.000000,0.000000,0.0000
MFC2025_EndAlz_Conspiracy.esm,0F0020FC,05003729,VltWorkShopATRIUMFloor01Free,STAT,-768.000000,512.000000,0.000000,0.0000
MFC2025_EndAlz_Conspiracy.esm,0F0020FD,05003729,VltWorkShopATRIUMFloor01Free,STAT,-768.000000,768.000000,0.000000,0.0000
MFC2025_EndAlz_Conspiracy.esm,0F0020FE,05003729,VltWorkShopATRIUMFloor01Free,STAT,-768.000000,1024.000000,0.000000,0.0000
MFC2025_EndAlz_Conspiracy.esm,0F0020FF,05003729,VltWorkShopATRIUMFloor01Free,STAT,-768.000000,1280.000000,0.000000,0.0000
MFC2025_EndAlz_Conspiracy.esm,0F002100,05003729,VltWorkShopATRIUMFloor01Free,STAT,-768.000000,1536.000000,0.000000,0.0000
MFC2025_EndAlz_Conspiracy.esm,0F002101,05003729,VltWorkShopATRIUMFloor01Free,STAT,768.000000,-256.000000,0.000000,0.0000
MFC2025_EndAlz_Conspiracy.esm,0F002102,05003729,VltWorkShopATRIUMFloor01Free,STAT,768.000000,0.000000,0.000000,0.0000
MFC2025_EndAlz_Conspiracy.esm,0F002103,05003729,VltWorkShopATRIUMFloor01Free,STAT,768.000000,256.000000,0.000000,0.0000
MFC2025_EndAlz_Conspiracy.esm,0F002104,05003729,VltWorkShopATRIUMFloor01Free,STAT,768.000000,512.000000,0.000000,0.0000
MFC2025_EndAlz_Conspiracy.esm,0F002105,05003729,VltWorkShopATRIUMFloor01Free,STAT,768.000000,768.000000,0.000000,0.0000
MFC2025_EndAlz_Conspiracy.esm,0F002106,05003729,VltWorkShopATRIUMFloor01Free,STAT,768.000000,1024.000000,0.000000,0.0000
MFC2025_EndAlz_Conspiracy.esm,0F002107,05003729,VltWorkShopATRIUMFloor01Free,STAT,768.000000,1280.000000,0.000000,0.0000
MFC2025_EndAlz_Conspiracy.esm,0F002108,05003729,VltWorkShopATRIUMFloor01Free,STAT,768.000000,1536.000000,0.000000,0.0000
MFC2025_EndAlz_Conspiracy.esm,0F002109,001BA386,HitExtA15Wall02BFull,STAT,-768.000000,-128.000000,0.000000,0.0000
MFC2025_EndAlz_Conspiracy.esm,0F00210A,0015B729,HitElevatorShaft01,STAT,-992.000000,256.000000,0.000000,0.0000
MFC2025_EndAlz_Conspiracy.esm,0F00210B,0015C4B7,HitElevatorShaft02,STAT,-992.000000,256.000000,256.000000,0.0000
MFC2025_EndAlz_Conspiracy.esm,0F00210C,001BA386,HitExtA15Wall02BFull,STAT,-768.000000,-128.000000,0.000000,0.0000
MFC2025_EndAlz_Conspiracy.esm,0F00210D,000C41F4,HitExtA15Trim01,STAT,-640.000000,1416.000000,-64.000000,0.0000
MFC2025_EndAlz_Conspiracy.esm,0F00210E,0022D867,HitExtA15WallDmgPanels03B_2,STAT,-768.000000,-128.000000,0.000000,0.0000
MFC2025_EndAlz_Conspiracy.esm,0F00210F,000A4E44,HitExtA15WallTall01,STAT,-640.000000,1416.000000,0.000000,0.0000
MFC2025_EndAlz_Conspiracy.esm,0F002110,001A04A9,HitExtA15WallTallDmg02,STAT,-768.000000,640.000000,-256.000000,0.0000
MFC2025_EndAlz_Conspiracy.esm,0F002111,001A04AE,HitExtA15WallTallDmg01B_2,STAT,-768.000000,1144.000000,-256.000000,0.0000
MFC2025_EndAlz_Conspiracy.esm,0F002112,0001B984,HitExtA45WallTall03,STAT,-192.000000,-384.000000,0.000000,225.0000
MFC2025_EndAlz_Conspiracy.esm,0F002113,000CFBC9,HitExtA45TrimLong02,STAT,-128.000000,-384.000000,0.000000,225.0000
MFC2025_EndAlz_Conspiracy.esm,0F002114,001968F2,HitExtA15WallTall02B,STAT,-768.000000,-128.000000,256.000000,0.0000
MFC2025_EndAlz_Conspiracy.esm,0F002115,0015B729,HitElevatorShaft01,STAT,-992.000000,256.000000,512.000000,0.0000
MFC2025_EndAlz_Conspiracy.esm,0F002116,0015C4B7,HitElevatorShaft02,STAT,-992.000000,256.000000,768.000000,0.0000
MFC2025_EndAlz_Conspiracy.esm,0F002117,0015C4AA,HitElevatorLgRmMid02Wall01,STAT,-1032.000000,256.000000,1016.000000,0.0000
MFC2025_EndAlz_Conspiracy.esm,0F002118,001A04A9,HitExtA15WallTallDmg02,STAT,-768.000000,640.000000,256.000000,0.0000
MFC2025_EndAlz_Conspiracy.esm,0F002119,001A04AE,HitExtA15WallTallDmg01B_2,STAT,-768.000000,1144.000000,256.000000,0.0000
MFC2025_EndAlz_Conspiracy.esm,0F00211A,000A4E44,HitExtA15WallTall01,STAT,-640.000000,1416.000000,512.000000,0.0000
MFC2025_EndAlz_Conspiracy.esm,0F00211B,0001C0BB,HitExtA45WallTall03Dmg01,STAT,-192.000000,-384.000000,512.000000,225.0000
MFC2025_EndAlz_Conspiracy.esm,0F00211C,05003729,VltWorkShopATRIUMFloor01Free,STAT,-1024.000000,256.000000,0.000000,0.0000
MFC2025_EndAlz_Conspiracy.esm,0F00211D,0013AD5D,HitCustomWindow01,STAT,-224.000000,1800.000000,632.000000,270.0000
MFC2025_EndAlz_Conspiracy.esm,0F00211E,001A04AF,HitExtA15WallTallDmg01_2,STAT,-640.000000,1416.000000,1024.000000,0.0000
MFC2025_EndAlz_Conspiracy.esm,0F00211F,00112BBE,HitExtABase45lLong02,STAT,-176.000000,-320.000000,112.000000,45.0000
MFC2025_EndAlz_Conspiracy.esm,0F002120,0013AD5D,HitCustomWindow01,STAT,544.000000,1800.000000,632.000000,270.0000
MFC2025_EndAlz_Conspiracy.esm,0F002121,001A04A9,HitExtA15WallTallDmg02,STAT,-768.000000,640.000000,768.000000,0.0000
MFC2025_EndAlz_Conspiracy.esm,0F002122,001A04AE,HitExtA15WallTallDmg01B_2,STAT,-768.000000,1144.000000,768.000000,0.0000
MFC2025_EndAlz_Conspiracy.esm,0F002123,0015B729,HitElevatorShaft01,STAT,-992.000000,256.000000,1024.000000,0.0000
MFC2025_EndAlz_Conspiracy.esm,0F002124,001968F2,HitExtA15WallTall02B,STAT,-768.000000,-128.000000,768.000000,0.0000
MFC2025_EndAlz_Conspiracy.esm,0F002125,000CFBAA,HitExtA45WallInLong02,STAT,-192.000000,-384.000000,1024.000000,225.0000
MFC2025_EndAlz_Conspiracy.esm,0F002126,001D984D,HitExtA15WindowELong02,STAT,1056.000000,896.000000,240.000000,180.0001
MFC2025_EndAlz_Conspiracy.esm,0F002127,05003729,VltWorkShopATRIUMFloor01Free,STAT,1280.000000,1536.000000,0.000000,0.0000
MFC2025_EndAlz_Conspiracy.esm,0F002128,05003729,VltWorkShopATRIUMFloor01Free,STAT,1280.000000,1024.000000,0.000000,0.0000
MFC2025_EndAlz_Conspiracy.esm,0F002129,05003729,VltWorkShopATRIUMFloor01Free,STAT,1280.000000,1280.000000,0.000000,0.0000
MFC2025_EndAlz_Conspiracy.esm,0F00212A,05003729,VltWorkShopATRIUMFloor01Free,STAT,1280.000000,512.000000,0.000000,0.0000
MFC2025_EndAlz_Conspiracy.esm,0F00212B,05003729,VltWorkShopATRIUMFloor01Free,STAT,1280.000000,768.000000,0.000000,0.0000
MFC2025_EndAlz_Conspiracy.esm,0F00212C,05003729,VltWorkShopATRIUMFloor01Free,STAT,1280.000000,256.000000,0.000000,0.0000
MFC2025_EndAlz_Conspiracy.esm,0F00212D,05003729,VltWorkShopATRIUMFloor01Free,STAT,1280.000000,0.000000,0.000000,0.0000
MFC2025_EndAlz_Conspiracy.esm,0F00212E,05003729,VltWorkShopATRIUMFloor01Free,STAT,1024.000000,-256.000000,0.000000,0.0000
MFC2025_EndAlz_Conspiracy.esm,0F00212F,05003729,VltWorkShopATRIUMFloor01Free,STAT,1280.000000,-256.000000,0.000000,0.0000
MFC2025_EndAlz_Conspiracy.esm,0F002130,05003729,VltWorkShopATRIUMFloor01Free,STAT,1024.000000,256.000000,0.000000,0.0000
MFC2025_EndAlz_Conspiracy.esm,0F002131,05003729,VltWorkShopATRIUMFloor01Free,STAT,1024.000000,0.000000,0.000000,0.0000
MFC2025_EndAlz_Conspiracy.esm,0F002132,05003729,VltWorkShopATRIUMFloor01Free,STAT,1024.000000,512.000000,0.000000,0.0000
MFC2025_EndAlz_Conspiracy.esm,0F002133,05003729,VltWorkShopATRIUMFloor01Free,STAT,1024.000000,768.000000,0.000000,0.0000
MFC2025_EndAlz_Conspiracy.esm,0F002134,05003729,VltWorkShopATRIUMFloor01Free,STAT,1024.000000,1024.000000,0.000000,0.0000
MFC2025_EndAlz_Conspiracy.esm,0F002135,05003729,VltWorkShopATRIUMFloor01Free,STAT,1024.000000,1280.000000,0.000000,0.0000
MFC2025_EndAlz_Conspiracy.esm,0F002136,05003729,VltWorkShopATRIUMFloor01Free,STAT,1024.000000,1536.000000,0.000000,0.0000
MFC2025_EndAlz_Conspiracy.esm,0F002137,0011A938,HitExtABase1501B,STAT,1168.000000,360.000000,112.000000,180.0001
MFC2025_EndAlz_Conspiracy.esm,0F002138,00112BBE,HitExtABase45lLong02,STAT,1048.000000,1120.000000,112.000000,122.0000
MFC2025_EndAlz_Conspiracy.esm,0F002139,001968F2,HitExtA15WallTall02B,STAT,928.000000,1408.000000,496.000000,180.0001
MFC2025_EndAlz_Conspiracy.esm,0F00213A,001A04AB,HitExtA15WallTallDmg02B,STAT,1056.000000,896.000000,496.000000,180.0001
MFC2025_EndAlz_Conspiracy.esm,0F00213B,001A04AA,HitExtA15WallTallDmg01B,STAT,1184.000000,384.000000,496.000000,180.0001
MFC2025_EndAlz_Conspiracy.esm,0F00213C,001D984D,HitExtA15WindowELong02,STAT,1056.000000,896.000000,1008.000000,180.0001
MFC2025_EndAlz_Conspiracy.esm,0F00213D,00061A4B,HitExtA45WallTall01Full,STAT,1704.000000,-384.000000,240.000000,225.0000
MFC2025_EndAlz_Conspiracy.esm,0F00213E,0001B984,HitExtA45WallTall03,STAT,-192.000000,-384.000000,0.000000,225.0000
MFC2025_EndAlz_Conspiracy.esm,0F00213F,0001C0BB,HitExtA45WallTall03Dmg01,STAT,936.000000,-384.000000,504.000000,225.0000
MFC2025_EndAlz_Conspiracy.esm,0F002140,000B1282,HitExtA45WallLong02,STAT,936.000000,-384.000000,1016.000000,225.0000
MFC2025_EndAlz_Conspiracy.esm,0F002141,000AFCC3,HitExtABase01,STAT,1680.000000,104.000000,112.000000,0.0000
MFC2025_EndAlz_Conspiracy.esm,0F002142,05003729,VltWorkShopATRIUMFloor01Free,STAT,1536.000000,-256.000000,0.000000,0.0000
MFC2025_EndAlz_Conspiracy.esm,0F002143,05003729,VltWorkShopATRIUMFloor01Free,STAT,1792.000000,-256.000000,0.000000,0.0000
MFC2025_EndAlz_Conspiracy.esm,0F002144,05003729,VltWorkShopATRIUMFloor01Free,STAT,1536.000000,0.000000,0.000000,0.0000
MFC2025_EndAlz_Conspiracy.esm,0F002145,05003729,VltWorkShopATRIUMFloor01Free,STAT,1792.000000,0.000000,0.000000,0.0000
MFC2025_EndAlz_Conspiracy.esm,0F002146,000B127D,HitExtABaseCornerIn01,STAT,1936.000000,104.000000,112.000000,0.0000
MFC2025_EndAlz_Conspiracy.esm,0F002147,000B127D,HitExtABaseCornerIn01,STAT,1936.000000,-408.000000,112.000000,90.0000
MFC2025_EndAlz_Conspiracy.esm,0F002148,000AFCC3,HitExtABase01,STAT,1424.000000,-408.000000,112.000000,180.0000
MFC2025_EndAlz_Conspiracy.esm,0F002149,00112BBE,HitExtABase45lLong02,STAT,912.000000,-320.000000,112.000000,45.0000
MFC2025_EndAlz_Conspiracy.esm,0F00214A,000AFCC2,HitExtABaseCornerA01,STAT,847.812683,66.061974,128.000000,180.0000
MFC2025_EndAlz_Conspiracy.esm,0F00214B,000AFCC2,HitExtABaseCornerA01,STAT,-428.381622,64.000000,128.000000,90.0000
MFC2025_EndAlz_Conspiracy.esm,0F00214C,0001B984,HitExtA45WallTall03,STAT,936.000000,-384.000000,0.000000,225.0000
MFC2025_EndAlz_Conspiracy.esm,0F00214D,0001B97B,HitExtA45WallTall02,STAT,1928.000000,-152.000000,240.000000,135.0000
MFC2025_EndAlz_Conspiracy.esm,0F00214E,0001B97B,HitExtA45WallTall02,STAT,1816.000000,128.000000,240.000000,45.0000
MFC2025_EndAlz_Conspiracy.esm,0F00214F,0001B97B,HitExtA45WallTall02,STAT,1928.000000,-152.000000,752.000000,135.0000
MFC2025_EndAlz_Conspiracy.esm,0F002150,00061A4B,HitExtA45WallTall01Full,STAT,1704.000000,-384.000000,752.000000,225.0000
MFC2025_EndAlz_Conspiracy.esm,0F002151,0001B97B,HitExtA45WallTall02,STAT,1816.000000,128.000000,752.000000,45.0000
MFC2025_EndAlz_Conspiracy.esm,0F002152,000AFCC2,HitExtABaseCornerA01,STAT,848.000000,-448.000000,128.000000,270.0000
MFC2025_EndAlz_Conspiracy.esm,0F002153,000AFCC2,HitExtABaseCornerA01,STAT,-428.139252,-448.000000,128.000000,0.0000
MFC2025_EndAlz_Conspiracy.esm,0F002154,05003729,VltWorkShopATRIUMFloor01Free,STAT,720.000000,-312.000000,255.639923,0.0000
MFC2025_EndAlz_Conspiracy.esm,0F002155,05003729,VltWorkShopATRIUMFloor01Free,STAT,720.000000,-56.000000,255.639923,0.0000
MFC2025_EndAlz_Conspiracy.esm,0F002156,05003729,VltWorkShopATRIUMFloor01Free,STAT,464.000000,-56.000000,255.639923,0.0000
MFC2025_EndAlz_Conspiracy.esm,0F002157,05003729,VltWorkShopATRIUMFloor01Free,STAT,208.000000,-312.000000,255.639923,0.0000
MFC2025_EndAlz_Conspiracy.esm,0F002158,05003729,VltWorkShopATRIUMFloor01Free,STAT,464.000000,-312.000000,255.639923,0.0000
MFC2025_EndAlz_Conspiracy.esm,0F002159,05003729,VltWorkShopATRIUMFloor01Free,STAT,208.000000,-56.000000,255.639923,0.0000
MFC2025_EndAlz_Conspiracy.esm,0F00215A,05003729,VltWorkShopATRIUMFloor01Free,STAT,-48.000000,-56.000000,255.639923,0.0000
MFC2025_EndAlz_Conspiracy.esm,0F00215B,05003729,VltWorkShopATRIUMFloor01Free,STAT,-48.000000,-312.000000,255.639923,0.0000
MFC2025_EndAlz_Conspiracy.esm,0F00215C,05003729,VltWorkShopATRIUMFloor01Free,STAT,-304.000000,-56.000000,255.639923,0.0000
MFC2025_EndAlz_Conspiracy.esm,0F00215D,05003729,VltWorkShopATRIUMFloor01Free,STAT,-304.000000,-312.000000,255.639923,0.0000
MFC2025_EndAlz_Conspiracy.esm,0F00215F,05003729,VltWorkShopATRIUMFloor01Free,STAT,-768.000000,1536.000000,1280.000000,0.0000
MFC2025_EndAlz_Conspiracy.esm,0F002160,05003729,VltWorkShopATRIUMFloor01Free,STAT,-768.000000,1280.000000,1280.000000,0.0000
MFC2025_EndAlz_Conspiracy.esm,0F002161,05003729,VltWorkShopATRIUMFloor01Free,STAT,-512.000000,1536.000000,1280.000000,0.0000
MFC2025_EndAlz_Conspiracy.esm,0F002162,05003729,VltWorkShopATRIUMFloor01Free,STAT,-512.000000,1280.000000,1280.000000,0.0000
MFC2025_EndAlz_Conspiracy.esm,0F002163,05003729,VltWorkShopATRIUMFloor01Free,STAT,-256.000000,1536.000000,1280.000000,0.0000
MFC2025_EndAlz_Conspiracy.esm,0F002164,05003729,VltWorkShopATRIUMFloor01Free,STAT,-256.000000,1280.000000,1280.000000,0.0000
MFC2025_EndAlz_Conspiracy.esm,0F002165,05003729,VltWorkShopATRIUMFloor01Free,STAT,0.000000,1536.000000,1280.000000,0.0000
MFC2025_EndAlz_Conspiracy.esm,0F002166,05003729,VltWorkShopATRIUMFloor01Free,STAT,0.000000,1280.000000,1280.000000,0.0000
MFC2025_EndAlz_Conspiracy.esm,0F002167,05003729,VltWorkShopATRIUMFloor01Free,STAT,256.000000,1536.000000,1280.000000,0.0000
MFC2025_EndAlz_Conspiracy.esm,0F002168,05003729,VltWorkShopATRIUMFloor01Free,STAT,256.000000,1280.000000,1280.000000,0.0000
MFC2025_EndAlz_Conspiracy.esm,0F002169,05003729,VltWorkShopATRIUMFloor01Free,STAT,512.000000,1536.000000,1280.000000,0.0000
MFC2025_EndAlz_Conspiracy.esm,0F00216A,05003729,VltWorkShopATRIUMFloor01Free,STAT,512.000000,1280.000000,1280.000000,0.0000
MFC2025_EndAlz_Conspiracy.esm,0F00216B,05003729,VltWorkShopATRIUMFloor01Free,STAT,768.000000,1280.000000,1280.000000,0.0000
MFC2025_EndAlz_Conspiracy.esm,0F00216C,05003729,VltWorkShopATRIUMFloor01Free,STAT,768.000000,1536.000000,1280.000000,0.0000
MFC2025_EndAlz_Conspiracy.esm,0F00216D,05003729,VltWorkShopATRIUMFloor01Free,STAT,1024.000000,1536.000000,1280.000000,0.0000
MFC2025_EndAlz_Conspiracy.esm,0F00216E,05003729,VltWorkShopATRIUMFloor01Free,STAT,1024.000000,1280.000000,1280.000000,0.0000
MFC2025_EndAlz_Conspiracy.esm,0F00216F,05003729,VltWorkShopATRIUMFloor01Free,STAT,1280.000000,1280.000000,1280.000000,0.0000
MFC2025_EndAlz_Conspiracy.esm,0F002170,05003729,VltWorkShopATRIUMFloor01Free,STAT,1280.000000,1536.000000,1280.000000,0.0000
MFC2025_EndAlz_Conspiracy.esm,0F002171,05003729,VltWorkShopATRIUMFloor01Free,STAT,512.000000,1024.000000,1280.000000,0.0000
MFC2025_EndAlz_Conspiracy.esm,0F002172,05003729,VltWorkShopATRIUMFloor01Free,STAT,256.000000,1024.000000,1280.000000,0.0000
MFC2025_EndAlz_Conspiracy.esm,0F002173,05003729,VltWorkShopATRIUMFloor01Free,STAT,768.000000,1024.000000,1280.000000,0.0000
MFC2025_EndAlz_Conspiracy.esm,0F002174,05003729,VltWorkShopATRIUMFloor01Free,STAT,1024.000000,1024.000000,1280.000000,0.0000
MFC2025_EndAlz_Conspiracy.esm,0F002175,05003729,VltWorkShopATRIUMFloor01Free,STAT,1280.000000,1024.000000,1280.000000,0.0000
MFC2025_EndAlz_Conspiracy.esm,0F002176,05003729,VltWorkShopATRIUMFloor01Free,STAT,-256.000000,1024.000000,1280.000000,0.0000
MFC2025_EndAlz_Conspiracy.esm,0F002177,05003729,VltWorkShopATRIUMFloor01Free,STAT,0.000000,1024.000000,1280.000000,0.0000
MFC2025_EndAlz_Conspiracy.esm,0F002178,05003729,VltWorkShopATRIUMFloor01Free,STAT,-512.000000,1024.000000,1280.000000,0.0000
MFC2025_EndAlz_Conspiracy.esm,0F002179,05003729,VltWorkShopATRIUMFloor01Free,STAT,-768.000000,1024.000000,1280.000000,0.0000
MFC2025_EndAlz_Conspiracy.esm,0F00217A,05003729,VltWorkShopATRIUMFloor01Free,STAT,-768.000000,768.000000,1280.000000,0.0000
MFC2025_EndAlz_Conspiracy.esm,0F00217B,05003729,VltWorkShopATRIUMFloor01Free,STAT,-512.000000,768.000000,1280.000000,0.0000
MFC2025_EndAlz_Conspiracy.esm,0F00217C,05003729,VltWorkShopATRIUMFloor01Free,STAT,-256.000000,768.000000,1280.000000,0.0000
MFC2025_EndAlz_Conspiracy.esm,0F00217D,05003729,VltWorkShopATRIUMFloor01Free,STAT,0.000000,768.000000,1280.000000,0.0000
MFC2025_EndAlz_Conspiracy.esm,0F00217E,05003729,VltWorkShopATRIUMFloor01Free,STAT,256.000000,768.000000,1280.000000,0.0000
MFC2025_EndAlz_Conspiracy.esm,0F00217F,05003729,VltWorkShopATRIUMFloor01Free,STAT,768.000000,768.000000,1280.000000,0.0000
MFC2025_EndAlz_Conspiracy.esm,0F002180,05003729,VltWorkShopATRIUMFloor01Free,STAT,512.000000,768.000000,1280.000000,0.0000
MFC2025_EndAlz_Conspiracy.esm,0F002181,05003729,VltWorkShopATRIUMFloor01Free,STAT,1024.000000,768.000000,1280.000000,0.0000
MFC2025_EndAlz_Conspiracy.esm,0F002182,05003729,VltWorkShopATRIUMFloor01Free,STAT,1280.000000,768.000000,1280.000000,0.0000
MFC2025_EndAlz_Conspiracy.esm,0F002183,05003729,VltWorkShopATRIUMFloor01Free,STAT,1280.000000,512.000000,1280.000000,0.0000
MFC2025_EndAlz_Conspiracy.esm,0F002184,05003729,VltWorkShopATRIUMFloor01Free,STAT,1024.000000,512.000000,1280.000000,0.0000
MFC2025_EndAlz_Conspiracy.esm,0F002185,05003729,VltWorkShopATRIUMFloor01Free,STAT,768.000000,512.000000,1280.000000,0.0000
MFC2025_EndAlz_Conspiracy.esm,0F002186,05003729,VltWorkShopATRIUMFloor01Free,STAT,512.000000,512.000000,1280.000000,0.0000
MFC2025_EndAlz_Conspiracy.esm,0F002187,05003729,VltWorkShopATRIUMFloor01Free,STAT,256.000000,512.000000,1280.000000,0.0000
MFC2025_EndAlz_Conspiracy.esm,0F002188,05003729,VltWorkShopATRIUMFloor01Free,STAT,-256.000000,512.000000,1280.000000,0.0000
MFC2025_EndAlz_Conspiracy.esm,0F002189,05003729,VltWorkShopATRIUMFloor01Free,STAT,0.000000,512.000000,1280.000000,0.0000
MFC2025_EndAlz_Conspiracy.esm,0F00218A,05003729,VltWorkShopATRIUMFloor01Free,STAT,-768.000000,512.000000,1280.000000,0.0000
MFC2025_EndAlz_Conspiracy.esm,0F00218B,05003729,VltWorkShopATRIUMFloor01Free,STAT,-512.000000,512.000000,1280.000000,0.0000
MFC2025_EndAlz_Conspiracy.esm,0F00218C,05003729,VltWorkShopATRIUMFloor01Free,STAT,1024.000000,256.000000,1280.000000,0.0000
MFC2025_EndAlz_Conspiracy.esm,0F00218D,05003729,VltWorkShopATRIUMFloor01Free,STAT,1280.000000,256.000000,1280.000000,0.0000
MFC2025_EndAlz_Conspiracy.esm,0F00218E,05003729,VltWorkShopATRIUMFloor01Free,STAT,768.000000,256.000000,1280.000000,0.0000
MFC2025_EndAlz_Conspiracy.esm,0F00218F,05003729,VltWorkShopATRIUMFloor01Free,STAT,512.000000,256.000000,1280.000000,0.0000
MFC2025_EndAlz_Conspiracy.esm,0F002190,05003729,VltWorkShopATRIUMFloor01Free,STAT,256.000000,256.000000,1280.000000,0.0000
MFC2025_EndAlz_Conspiracy.esm,0F002191,05003729,VltWorkShopATRIUMFloor01Free,STAT,0.000000,256.000000,1280.000000,0.0000
MFC2025_EndAlz_Conspiracy.esm,0F002192,05003729,VltWorkShopATRIUMFloor01Free,STAT,-256.000000,256.000000,1280.000000,0.0000
MFC2025_EndAlz_Conspiracy.esm,0F002193,05003729,VltWorkShopATRIUMFloor01Free,STAT,-512.000000,256.000000,1280.000000,0.0000
MFC2025_EndAlz_Conspiracy.esm,0F002194,05003729,VltWorkShopATRIUMFloor01Free,STAT,-768.000000,256.000000,1280.000000,0.0000
MFC2025_EndAlz_Conspiracy.esm,0F002195,05003729,VltWorkShopATRIUMFloor01Free,STAT,-1024.000000,256.000000,1280.000000,0.0000
MFC2025_EndAlz_Conspiracy.esm,0F002196,05003729,VltWorkShopATRIUMFloor01Free,STAT,-768.000000,0.000000,1280.000000,0.0000
MFC2025_EndAlz_Conspiracy.esm,0F002197,05003729,VltWorkShopATRIUMFloor01Free,STAT,-256.000000,0.000000,1280.000000,0.0000
MFC2025_EndAlz_Conspiracy.esm,0F002198,05003729,VltWorkShopATRIUMFloor01Free,STAT,-512.000000,0.000000,1280.000000,0.0000
MFC2025_EndAlz_Conspiracy.esm,0F002199,05003729,VltWorkShopATRIUMFloor01Free,STAT,0.000000,0.000000,1280.000000,0.0000
MFC2025_EndAlz_Conspiracy.esm,0F00219A,05003729,VltWorkShopATRIUMFloor01Free,STAT,256.000000,0.000000,1280.000000,0.0000
MFC2025_EndAlz_Conspiracy.esm,0F00219B,05003729,VltWorkShopATRIUMFloor01Free,STAT,512.000000,0.000000,1280.000000,0.0000
MFC2025_EndAlz_Conspiracy.esm,0F00219C,05003729,VltWorkShopATRIUMFloor01Free,STAT,1024.000000,0.000000,1280.000000,0.0000
MFC2025_EndAlz_Conspiracy.esm,0F00219D,05003729,VltWorkShopATRIUMFloor01Free,STAT,768.000000,0.000000,1280.000000,0.0000
MFC2025_EndAlz_Conspiracy.esm,0F00219E,05003729,VltWorkShopATRIUMFloor01Free,STAT,1280.000000,0.000000,1280.000000,0.0000
MFC2025_EndAlz_Conspiracy.esm,0F00219F,05003729,VltWorkShopATRIUMFloor01Free,STAT,1536.000000,0.000000,1280.000000,0.0000
MFC2025_EndAlz_Conspiracy.esm,0F0021A0,05003729,VltWorkShopATRIUMFloor01Free,STAT,1792.000000,0.000000,1280.000000,0.0000
MFC2025_EndAlz_Conspiracy.esm,0F0021A1,05003729,VltWorkShopATRIUMFloor01Free,STAT,1536.000000,-256.000000,1280.000000,0.0000
MFC2025_EndAlz_Conspiracy.esm,0F0021A2,05003729,VltWorkShopATRIUMFloor01Free,STAT,1792.000000,-256.000000,1280.000000,0.0000
MFC2025_EndAlz_Conspiracy.esm,0F0021A3,05003729,VltWorkShopATRIUMFloor01Free,STAT,1280.000000,-256.000000,1280.000000,0.0000
MFC2025_EndAlz_Conspiracy.esm,0F0021A4,05003729,VltWorkShopATRIUMFloor01Free,STAT,768.000000,-256.000000,1280.000000,0.0000
MFC2025_EndAlz_Conspiracy.esm,0F0021A5,05003729,VltWorkShopATRIUMFloor01Free,STAT,1024.000000,-256.000000,1280.000000,0.0000
MFC2025_EndAlz_Conspiracy.esm,0F0021A6,05003729,VltWorkShopATRIUMFloor01Free,STAT,512.000000,-256.000000,1280.000000,0.0000
MFC2025_EndAlz_Conspiracy.esm,0F0021A7,05003729,VltWorkShopATRIUMFloor01Free,STAT,256.000000,-256.000000,1280.000000,0.0000
MFC2025_EndAlz_Conspiracy.esm,0F0021A8,05003729,VltWorkShopATRIUMFloor01Free,STAT,-256.000000,-256.000000,1280.000000,0.0000
MFC2025_EndAlz_Conspiracy.esm,0F0021A9,05003729,VltWorkShopATRIUMFloor01Free,STAT,0.000000,-256.000000,1280.000000,0.0000
MFC2025_EndAlz_Conspiracy.esm,0F0021AA,05003729,VltWorkShopATRIUMFloor01Free,STAT,-512.000000,-256.000000,1280.000000,0.0000
MFC2025_EndAlz_Conspiracy.esm,0F0021AB,05003729,VltWorkShopATRIUMFloor01Free,STAT,-768.000000,-256.000000,1280.000000,0.0000
MFC2025_EndAlz_Conspiracy.esm,0F0021AF,00112BBE,HitExtABase45lLong02,STAT,160.000000,1688.000000,-16.000000,45.0000
MFC2025_EndAlz_Conspiracy.esm,0F0021B0,00156BE2,UFO_01,STAT,168.000000,2064.000000,-40.000000,81.2386
MFC2025_EndAlz_Conspiracy.esm,0F0021B1,0019912C,DefaultLightBlueFungusNowGreen01,LIGH,168.000000,3208.000000,864.000000,0.0000
MFC2025_EndAlz_Conspiracy.esm,0F0021B2,00112BBE,HitExtABase45lLong02,STAT,160.000000,1688.000000,1312.000000,225.0000
MFC2025_EndAlz_Conspiracy.esm,0F0021B3,0019912C,DefaultLightBlueFungusNowGreen01,LIGH,-712.000000,1968.000000,608.000000,0.0000
MFC2025_EndAlz_Conspiracy.esm,0F0021B4,0016B85F,SkyBridgeLanding01,STAT,168.000000,1952.000000,1360.000000,90.0000
MFC2025_EndAlz_Conspiracy.esm,0F0021B5,00223CB7,PryPowerCableStraight01,STAT,-640.000000,-198.571274,215.954285,0.0000
MFC2025_EndAlz_Conspiracy.esm,0F0021B7,01007404,DLC01_Lair_Machine01,SCOL,-258.830383,-327.999756,542.657532,270.0000
MFC2025_EndAlz_Conspiracy.esm,0F0021B8,010073F1,DLC01_Lair_Machine01DUPLICATE000,SCOL,-16.040154,319.591187,0.000000,0.0000
MFC2025_EndAlz_Conspiracy.esm,0F0021B9,010073F0,DLC01_Lair_Machine20,SCOL,-64.040154,319.591187,0.000000,0.0000
MFC2025_EndAlz_Conspiracy.esm,0F0021BA,010073F2,DLC01_Lair_Machine19,SCOL,-104.040154,359.591187,48.000000,0.0000
MFC2025_EndAlz_Conspiracy.esm,0F0021BB,01008B79,DLC01_Lair_Machine34,SCOL,1168.052734,-944.000000,1080.000000,90.0000
MFC2025_EndAlz_Conspiracy.esm,0F0021BC,001203F9,InstituteTerrarium01Base01,STAT,-48.000000,216.000000,0.000000,270.0000
MFC2025_EndAlz_Conspiracy.esm,0F0021BD,001203FB,InstituteTerrarium01Globe01,STAT,-48.000000,216.000000,-64.000000,270.0000
MFC2025_EndAlz_Conspiracy.esm,0F0021BE,010073FB,DLC01_Lair_Machine10,SCOL,574.435364,-309.333862,799.962219,90.0000
MFC2025_EndAlz_Conspiracy.esm,0F0021BF,00122FA0,InsTeleporterRoom01,STAT,384.000000,856.000000,-624.000000,0.0000
MFC2025_EndAlz_Conspiracy.esm,0F0021C0,0004416F,DefaultRedOmni01,LIGH,-880.000000,2376.000000,496.000000,0.0000
MFC2025_EndAlz_Conspiracy.esm,0F0021C1,0004416F,DefaultRedOmni01,LIGH,-1320.000000,2112.000000,704.000000,0.0000
MFC2025_EndAlz_Conspiracy.esm,0F0021C2,000517B0,DefaultLightWhite01NS,LIGH,-521.614380,2675.762939,273.258545,224.9994
MFC2025_EndAlz_Conspiracy.esm,0F0021C3,00054467,DefaultLightWhite01Spot,LIGH,-695.283630,2837.441650,432.843750,50.0789
MFC2025_EndAlz_Conspiracy.esm,0F0021C4,00030018,VaultCryoAmb,LIGH,-595.187561,2720.703613,291.697266,224.9994
MFC2025_EndAlz_Conspiracy.esm,0F0021C5,0005526B,LightBeamThin01Short01,MSTT,-694.113281,2830.926758,428.707031,236.4877
MFC2025_EndAlz_Conspiracy.esm,0F0021C6,00036B3C,MistLargeRoundDusty,MSTT,-662.098633,2801.304688,401.522461,314.9994
MFC2025_EndAlz_Conspiracy.esm,0F0021C8,000AFCC2,HitExtABaseCornerA01,STAT,176.000214,1424.000122,128.000000,0.0000
MFC2025_EndAlz_Conspiracy.esm,0F0021C9,05003729,VltWorkShopATRIUMFloor01Free,STAT,304.000214,1544.000000,256.009827,180.0000
MFC2025_EndAlz_Conspiracy.esm,0F0021CA,05003729,VltWorkShopATRIUMFloor01Free,STAT,560.000122,1544.000000,256.009827,180.0000
MFC2025_EndAlz_Conspiracy.esm,0F0021CB,05003729,VltWorkShopATRIUMFloor01Free,STAT,816.000122,1544.000000,256.009827,180.0000
MFC2025_EndAlz_Conspiracy.esm,0F0021CC,05003729,VltWorkShopATRIUMFloor01Free,STAT,1072.000000,1543.999878,256.009827,180.0000
MFC2025_EndAlz_Conspiracy.esm,0F0021CD,000E4F9E,FXRedPulseLight,LIGH,-336.000000,4328.000000,760.000000,0.0000
MFC2025_EndAlz_Conspiracy.esm,0F0021CE,000E4F9E,FXRedPulseLight,LIGH,-312.000000,4584.000000,896.000000,0.0000
MFC2025_EndAlz_Conspiracy.esm,0F0021CF,000E4F9E,FXRedPulseLight,LIGH,1056.000000,4664.000000,888.000000,0.0000
MFC2025_EndAlz_Conspiracy.esm,0F0021D0,000E4F9E,FXRedPulseLight,LIGH,1088.000000,4368.000000,760.000000,0.0000
MFC2025_EndAlz_Conspiracy.esm,0F0021D1,000E4F9E,FXRedPulseLight,LIGH,1840.000000,2168.000000,504.000000,0.0000
MFC2025_EndAlz_Conspiracy.esm,0F0021D2,000E6294,HitWindowGlass01,STAT,-504.000000,1656.000000,248.000000,90.0000
MFC2025_EndAlz_Conspiracy.esm,0F0021D3,000E6294,HitWindowGlass01,STAT,-1552.000000,1656.000000,248.000000,90.0000
MFC2025_EndAlz_Conspiracy.esm,0F0021D4,000E56D0,DefaultLightWhite01SpotFlicker,LIGH,112.000000,2264.000000,-144.000000,180.0000
MFC2025_EndAlz_Conspiracy.esm,0F0021D6,0005BB3A,SteamVaultVent,MSTT,-557.696350,2702.262695,614.944092,155.6872
MFC2025_EndAlz_Conspiracy.esm,0F0021D7,001C19C5,InstituteCWMap01,STAT,403.557312,5941.363770,-424.314362,0.0000
MFC2025_EndAlz_Conspiracy.esm,0F0021D8,001C19C5,InstituteCWMap01,STAT,403.557312,5941.363770,1029.538330,0.0000
MFC2025_EndAlz_Conspiracy.esm,0F0021D9,001405F9,ConsoleTowerALeft01,SCOL,-353.662079,325.597321,0.000061,180.0000
MFC2025_EndAlz_Conspiracy.esm,0F0021DA,001405F9,ConsoleTowerALeft01,SCOL,-232.643570,325.597260,0.000061,180.0000
MFC2025_EndAlz_Conspiracy.esm,0F0021DB,001405F9,ConsoleTowerALeft01,SCOL,-313.621094,325.597260,0.000061,180.0000
MFC2025_EndAlz_Conspiracy.esm,0F0021DD,010077DD,DLC01_Lair_Machine23,SCOL,-781.169312,725.717957,694.864197,284.0605
MFC2025_EndAlz_Conspiracy.esm,0F0021DE,010077E4,DLC01_Lair_Machine30,SCOL,-795.828125,-144.687622,439.613953,0.0000
MFC2025_EndAlz_Conspiracy.esm,0F0021DF,01009AF9,DLC01_Lair_Machine37,SCOL,254.124435,1277.195068,80.955048,45.8366
MFC2025_EndAlz_Conspiracy.esm,0F0021E0,0008BB93,WallConsole02_sm_CHROME,MSTT,224.609680,-351.826904,374.998779,180.0000
MFC2025_EndAlz_Conspiracy.esm,0F0021E1,000ECDAB,NewsRoomMap_prewar,STAT,224.747253,-343.986847,375.798126,180.0000
MFC2025_EndAlz_Conspiracy.esm,0F0021E3,0014060B,ConsoleTowerSingle01,SCOL,161.148773,-348.630585,247.588547,180.0000
MFC2025_EndAlz_Conspiracy.esm,0F0021E4,0020F1C6,ConsolePanA18On,STAT,205.189804,-327.194977,308.588562,180.0000
MFC2025_EndAlz_Conspiracy.esm,0F0021E5,001405B4,ConsoleCabSingle01,STAT,201.189789,-348.630585,247.588547,180.0000
MFC2025_EndAlz_Conspiracy.esm,0F0021E6,001405AE,ConsoleCabDrawer01,STAT,201.189789,-342.212738,247.588547,180.0000
MFC2025_EndAlz_Conspiracy.esm,0F0021E7,001405C5,ConsolePanA16,STAT,205.189804,-319.630585,299.588562,180.0000
MFC2025_EndAlz_Conspiracy.esm,0F0021E8,001405C7,ConsolePanA18,STAT,286.167419,-327.195099,308.588562,180.0000
MFC2025_EndAlz_Conspiracy.esm,0F0021E9,001405B4,ConsoleCabSingle01,STAT,282.167389,-348.630707,247.588547,180.0000
MFC2025_EndAlz_Conspiracy.esm,0F0021EA,001405AE,ConsoleCabDrawer01,STAT,282.167389,-348.630707,247.588547,180.0000
MFC2025_EndAlz_Conspiracy.esm,0F0021EB,0020F1C9,ConsolePanA14On,STAT,286.167419,-319.630707,299.588562,180.0000
MFC2025_EndAlz_Conspiracy.esm,0F0021EC,001405C3,ConsolePanA14,STAT,245.575790,-327.195038,308.588562,180.0000
MFC2025_EndAlz_Conspiracy.esm,0F0021ED,001405B4,ConsoleCabSingle01,STAT,241.575775,-348.630646,247.588547,180.0000
MFC2025_EndAlz_Conspiracy.esm,0F0021EE,001405AE,ConsoleCabDrawer01,STAT,241.575775,-348.630646,247.588547,180.0000
MFC2025_EndAlz_Conspiracy.esm,0F0021EF,001405C4,ConsolePanA15,STAT,245.575790,-319.630646,299.588562,180.0000
MFC2025_EndAlz_Conspiracy.esm,0F0021F2,0F0021F0,VP25_Alien_VltRetroRoomba,STAT,37.051937,370.530640,0.000000,180.0000
MFC2025_EndAlz_Conspiracy.esm,0F0021F3,0008CBE4,SpotLight_LightOff,STAT,37.117004,382.401062,53.666981,270.0001
MFC2025_EndAlz_Conspiracy.esm,0F0021F4,001405C6,ConsolePanA17,STAT,30.790810,348.661743,80.626709,180.0000
MFC2025_EndAlz_Conspiracy.esm,0F0021F5,0020F1CC,ConsolePanB11On,STAT,30.741005,348.661743,58.945557,180.0000
MFC2025_EndAlz_Conspiracy.esm,0F0021F6,01001EB7,MacMechWireGreeb02,STAT,49.262489,331.878540,98.161621,323.1016
MFC2025_EndAlz_Conspiracy.esm,0F0021F7,01001EB7,MacMechWireGreeb02,STAT,48.102333,332.892944,98.161621,357.8233
MFC2025_EndAlz_Conspiracy.esm,0F0021F8,001405CF,ConsolePanB07,STAT,30.741005,348.661743,35.595215,180.0000
MFC2025_EndAlz_Conspiracy.esm,0F0021F9,001405B7,ConsolePanA02,STAT,30.790810,348.661743,91.820679,180.0000
MFC2025_EndAlz_Conspiracy.esm,0F0021FA,001405BD,ConsolePanA08,STAT,30.790810,348.661743,103.485229,180.0000
MFC2025_EndAlz_Conspiracy.esm,0F0021FB,00136014,MacDetailGreeble41,STAT,41.957802,329.965942,134.383301,0.0000
MFC2025_EndAlz_Conspiracy.esm,0F0021FC,00136014,MacDetailGreeble41,STAT,18.751747,329.965942,134.383301,0.0000
MFC2025_EndAlz_Conspiracy.esm,0F0021FD,00136014,MacDetailGreeble41,STAT,30.126747,329.965942,153.018311,90.0000
MFC2025_EndAlz_Conspiracy.esm,0F0021FE,0020F1C6,ConsolePanA18On,STAT,30.790810,348.661743,69.374756,180.0000
MFC2025_EndAlz_Conspiracy.esm,0F0021FF,01001EBD,MacMechWireBrace02,STAT,46.125771,332.749146,80.518677,0.0000
MFC2025_EndAlz_Conspiracy.esm,0F002200,01001EBD,MacMechWireBrace02,STAT,45.513466,333.565308,113.138062,180.0000
MFC2025_EndAlz_Conspiracy.esm,0F002201,001405B5,ConsoleCabSingle02,STAT,30.629677,319.591187,0.000000,180.0000
MFC2025_EndAlz_Conspiracy.esm,0F002202,010019D6,MacMechBrain02a,STAT,-36.073547,222.628113,178.349289,0.0000
MFC2025_EndAlz_Conspiracy.esm,0F002203,001203F9,InstituteTerrarium01Base01,STAT,-48.000000,216.000000,279.245056,90.0000
MFC2025_EndAlz_Conspiracy.esm,0F002204,001203F9,InstituteTerrarium01Base01,STAT,-251.721283,216.000000,0.000000,270.0000
MFC2025_EndAlz_Conspiracy.esm,0F002205,001203FB,InstituteTerrarium01Globe01,STAT,-251.721283,216.000000,-64.000000,270.0000
MFC2025_EndAlz_Conspiracy.esm,0F002206,001203F9,InstituteTerrarium01Base01,STAT,-251.721283,216.000000,279.245056,90.0000
MFC2025_EndAlz_Conspiracy.esm,0F002207,01003656,Mechanical_FloorDrain01,STAT,-48.000000,216.000000,279.251129,0.0000
MFC2025_EndAlz_Conspiracy.esm,0F002208,000C5712,DCKitMetalVent03,STAT,-276.753235,393.261993,-4.708744,0.0000
MFC2025_EndAlz_Conspiracy.esm,0F002209,00140617,ConsoleTowerAFull01,SCOL,-388.005829,270.507263,0.000061,90.0000
MFC2025_EndAlz_Conspiracy.esm,0F00220A,01001ED6,MacMechDetailGreeb01,STAT,-245.557510,736.776550,912.850708,0.0000
MFC2025_EndAlz_Conspiracy.esm,0F00220B,010019D5,MacMechBrain01a,STAT,-253.162445,222.628113,178.349289,270.0000
MFC2025_EndAlz_Conspiracy.esm,0F00220C,0010CBE0,FXSteamVent01,MSTT,-45.707031,216.229034,276.918121,0.0000
MFC2025_EndAlz_Conspiracy.esm,0F00220D,0100EA3C,DLC01_CCmachPartA_02,SCOL,429.866699,241.621262,0.000000,270.0000
MFC2025_EndAlz_Conspiracy.esm,0F00220E,010073F9,DLC01_Lair_Machine12,SCOL,846.586487,324.248779,1107.170654,0.0000
MFC2025_EndAlz_Conspiracy.esm,0F00220F,001DE490,WhaleBeachedStatic,STAT,922.991577,260.898529,876.332092,270.0001
MFC2025_EndAlz_Conspiracy.esm,0F002210,00135926,HighTechBldg04,SCOL,1456.271118,-120.657654,-426.891174,158.7551
MFC2025_EndAlz_Conspiracy.esm,0F002211,00047853,Terminal01,STAT,414.251709,372.567261,0.000031,199.5720
MFC2025_EndAlz_Conspiracy.esm,0F002212,000BC24A,TerminalBrokenCorded01,STAT,613.793579,365.562073,0.000000,211.0311
MFC2025_EndAlz_Conspiracy.esm,0F002213,0008E9EC,TerminalWall01,STAT,501.025269,291.908478,-39.257561,180.0001
MFC2025_EndAlz_Conspiracy.esm,0F002214,000C4F66,MS11PowerRelayCoil_Static,STAT,611.636719,159.036743,26.428528,0.0000
MFC2025_EndAlz_Conspiracy.esm,0F002215,001203F9,InstituteTerrarium01Base01,STAT,-964.061035,251.243546,0.000000,270.0000
MFC2025_EndAlz_Conspiracy.esm,0F002216,001203FB,InstituteTerrarium01Globe01,STAT,-964.061035,251.243546,-64.000000,270.0000
MFC2025_EndAlz_Conspiracy.esm,0F002217,001203F9,InstituteTerrarium01Base01,STAT,-964.061035,251.243546,279.245056,90.0000
MFC2025_EndAlz_Conspiracy.esm,0F002219,000D51B4,MirelurkDebrisDecal02,STAT,535.960205,416.888062,0.000000,0.0000
MFC2025_EndAlz_Conspiracy.esm,0F00221A,0017AE05,Mirelurk_NestPile_Skirt02,STAT,1018.427246,829.554138,0.000000,258.5409
MFC2025_EndAlz_Conspiracy.esm,0F00221B,0016789B,Mirelurk_NestPile_Corner01,STAT,547.261841,1170.843384,0.000000,270.0000
MFC2025_EndAlz_Conspiracy.esm,0F00221C,001405FF,ConsoleTowerBLeft01,SCOL,-208.000000,672.000000,0.000000,0.0000
MFC2025_EndAlz_Conspiracy.esm,0F00221D,00140617,ConsoleTowerAFull01,SCOL,48.000000,704.000000,0.000000,180.0000
MFC2025_EndAlz_Conspiracy.esm,0F00221E,00140617,ConsoleTowerAFull01,SCOL,-112.000000,704.000000,0.000000,180.0000
MFC2025_EndAlz_Conspiracy.esm,0F00221F,0014061E,ConsoleTowerAMid01b,SCOL,-216.000000,704.000000,0.000000,180.0000
MFC2025_EndAlz_Conspiracy.esm,0F002220,00140611,ConsoleTowerAMid02a,SCOL,-264.000000,704.000000,0.000000,180.0000
MFC2025_EndAlz_Conspiracy.esm,0F002221,000AEF57,Vault_FloorMat_Large_02,STAT,-72.000000,496.000000,0.000000,0.0000
MFC2025_EndAlz_Conspiracy.esm,0F002222,000AEF5A,Vault_FloorMat_Medium_01,STAT,-280.000000,536.000000,0.000000,12.2958
MFC2025_EndAlz_Conspiracy.esm,0F002223,000AEF5B,Vault_FloorMat_Small_01,STAT,-384.000000,448.000000,0.000000,302.7043
MFC2025_EndAlz_Conspiracy.esm,0F002224,000AEF5A,Vault_FloorMat_Medium_01,STAT,122.182625,524.657898,0.000000,11.4592
MFC2025_EndAlz_Conspiracy.esm,0F002225,01001157,LSDLC01CreatureRobobrain,STAT,-968.000000,248.000000,40.000000,80.2141
MFC2025_EndAlz_Conspiracy.esm,0F002226,01004F2B,DLC01RoboBrainHead,STAT,501.389587,317.859314,90.441910,0.0000
MFC2025_EndAlz_Conspiracy.esm,0F002227,0020F1C7,ConsolePanA07On,STAT,-269.235138,341.597198,76.000061,180.0000
MFC2025_EndAlz_Conspiracy.esm,0F002228,001405B9,ConsolePanA04,STAT,-269.235138,341.597198,88.000061,180.0000
MFC2025_EndAlz_Conspiracy.esm,0F002229,001405AE,ConsoleCabDrawer01,STAT,-273.235138,325.597198,0.000061,180.0000
MFC2025_EndAlz_Conspiracy.esm,0F00222A,001405A0,ConsoleCabALeft01,STAT,-273.235138,325.597198,0.000061,180.0000
MFC2025_EndAlz_Conspiracy.esm,0F00222B,001405C5,ConsolePanA16,STAT,-269.235138,354.597198,52.000061,180.0000
MFC2025_EndAlz_Conspiracy.esm,0F00222C,0020F1C9,ConsolePanA14On,STAT,-269.235138,347.018982,61.000061,180.0000
MFC2025_EndAlz_Conspiracy.esm,0F00222D,0017183B,Mirelurk_NestPile_Wall01,STAT,-974.239441,272.871033,-10.599314,188.1129
MFC2025_EndAlz_Conspiracy.esm,0F00222E,001405C7,ConsolePanA18,STAT,108.000000,643.000000,52.000000,0.0000
MFC2025_EndAlz_Conspiracy.esm,0F00222F,001405C6,ConsolePanA17,STAT,28.000000,650.592285,61.355030,0.0000
MFC2025_EndAlz_Conspiracy.esm,0F002230,0020F1C6,ConsolePanA18On,STAT,68.000000,656.000000,76.000000,0.0000
MFC2025_EndAlz_Conspiracy.esm,0F002231,001405C6,ConsolePanA17,STAT,-12.000000,650.578247,61.000000,0.0000
MFC2025_EndAlz_Conspiracy.esm,0F002232,001405BA,ConsolePanA05,STAT,-12.000000,656.000000,76.000000,0.0000
MFC2025_EndAlz_Conspiracy.esm,0F002233,001405B7,ConsolePanA02,STAT,-12.000000,656.000000,88.000000,0.0000
MFC2025_EndAlz_Conspiracy.esm,0F002234,001405A2,ConsoleCabAMid01,STAT,48.000000,672.000000,0.000000,0.0000
MFC2025_EndAlz_Conspiracy.esm,0F002235,001405A0,ConsoleCabALeft01,STAT,-8.000000,672.000000,0.000000,0.0000
MFC2025_EndAlz_Conspiracy.esm,0F002236,001405BE,ConsolePanA09,STAT,67.819550,650.592285,61.355030,0.0000
MFC2025_EndAlz_Conspiracy.esm,0F002237,001405BD,ConsolePanA08,STAT,28.000000,656.000000,76.000000,0.0000
MFC2025_EndAlz_Conspiracy.esm,0F002238,001405C4,ConsolePanA15,STAT,108.000000,656.000000,76.000000,0.0000
MFC2025_EndAlz_Conspiracy.esm,0F002239,001405BE,ConsolePanA09,STAT,28.000000,656.000000,88.000000,0.0000
MFC2025_EndAlz_Conspiracy.esm,0F00223A,001405C5,ConsolePanA16,STAT,-12.000000,643.000000,52.000000,0.0000
MFC2025_EndAlz_Conspiracy.esm,0F00223B,001405C3,ConsolePanA14,STAT,108.000000,656.000000,88.000000,0.0000
MFC2025_EndAlz_Conspiracy.esm,0F00223C,001405AE,ConsoleCabDrawer01,STAT,112.000000,672.000000,0.000000,0.0000
MFC2025_EndAlz_Conspiracy.esm,0F00223D,001405C1,ConsolePanA12,STAT,68.000000,656.000000,88.000000,0.0000
MFC2025_EndAlz_Conspiracy.esm,0F00223E,001405A5,ConsoleCabARight01,STAT,104.000000,672.000000,0.000000,0.0000
MFC2025_EndAlz_Conspiracy.esm,0F00223F,001405BE,ConsolePanA09,STAT,108.000000,650.575684,61.000000,0.0000
MFC2025_EndAlz_Conspiracy.esm,0F002240,001405B7,ConsolePanA02,STAT,-263.931702,650.592285,61.355030,0.0000
MFC2025_EndAlz_Conspiracy.esm,0F002241,001405C6,ConsolePanA17,STAT,-264.000000,656.000000,76.000000,0.0000
MFC2025_EndAlz_Conspiracy.esm,0F002242,001405A4,ConsoleCabAMid02a,STAT,-264.000000,672.000000,0.000000,0.0000
MFC2025_EndAlz_Conspiracy.esm,0F002243,001405A6,ConsoleCabARightCap01,STAT,-240.000000,672.000000,0.000000,0.0000
MFC2025_EndAlz_Conspiracy.esm,0F002244,001405A1,ConsoleCabALeftCap01,STAT,-288.000000,672.000000,0.000000,0.0000
MFC2025_EndAlz_Conspiracy.esm,0F002245,001405BE,ConsolePanA09,STAT,-264.000000,656.000000,88.000000,0.0000
MFC2025_EndAlz_Conspiracy.esm,0F002246,001405C7,ConsolePanA18,STAT,-52.000000,643.000000,52.000000,0.0000
MFC2025_EndAlz_Conspiracy.esm,0F002247,001405C7,ConsolePanA18,STAT,-132.000000,650.592285,61.355030,0.0000
MFC2025_EndAlz_Conspiracy.esm,0F002248,001405AF,ConsoleCabDrawerMid01,STAT,-112.000000,672.000000,0.000000,0.0000
MFC2025_EndAlz_Conspiracy.esm,0F002249,001405C4,ConsolePanA15,STAT,-172.000000,650.578247,61.000000,0.0000
MFC2025_EndAlz_Conspiracy.esm,0F00224A,001405BA,ConsolePanA05,STAT,-172.000000,656.000000,76.000000,0.0000
MFC2025_EndAlz_Conspiracy.esm,0F00224B,001405B8,ConsolePanA03,STAT,-172.000000,656.000000,88.000000,0.0000
MFC2025_EndAlz_Conspiracy.esm,0F00224C,001405A2,ConsoleCabAMid01,STAT,-112.000000,672.000000,0.000000,0.0000
MFC2025_EndAlz_Conspiracy.esm,0F00224D,001405A0,ConsoleCabALeft01,STAT,-168.000000,672.000000,0.000000,0.0000
MFC2025_EndAlz_Conspiracy.esm,0F00224E,001405C0,ConsolePanA11,STAT,-92.180450,650.592285,61.355030,0.0000
MFC2025_EndAlz_Conspiracy.esm,0F00224F,001405BD,ConsolePanA08,STAT,-132.000000,656.000000,76.000000,0.0000
MFC2025_EndAlz_Conspiracy.esm,0F002250,001405C5,ConsolePanA16,STAT,-52.000000,656.000000,76.000000,0.0000
MFC2025_EndAlz_Conspiracy.esm,0F002251,001405C7,ConsolePanA18,STAT,-172.000000,643.000000,52.000000,0.0000
MFC2025_EndAlz_Conspiracy.esm,0F002252,001405C3,ConsolePanA14,STAT,-52.000000,656.000000,88.000000,0.0000
MFC2025_EndAlz_Conspiracy.esm,0F002253,001405AE,ConsoleCabDrawer01,STAT,-48.000000,672.000000,0.000000,0.0000
MFC2025_EndAlz_Conspiracy.esm,0F002254,001405C2,ConsolePanA13,STAT,-92.000000,656.000000,88.000000,0.0000
MFC2025_EndAlz_Conspiracy.esm,0F002255,001405A5,ConsoleCabARight01,STAT,-56.000000,672.000000,0.000000,0.0000
MFC2025_EndAlz_Conspiracy.esm,0F002256,001405BE,ConsolePanA09,STAT,-52.000000,650.575684,61.000000,0.0000
MFC2025_EndAlz_Conspiracy.esm,0F002257,05003729,VltWorkShopATRIUMFloor01Free,STAT,512.000000,1024.000000,0.000000,0.0000
MFC2025_EndAlz_Conspiracy.esm,0F002258,0100F6EE,MacMechBioJar02a,STAT,1024.127808,437.265381,424.659668,0.0000
MFC2025_EndAlz_Conspiracy.esm,0F002259,0017183B,Mirelurk_NestPile_Wall01,STAT,1011.994690,-272.652039,0.000000,90.0000
MFC2025_EndAlz_Conspiracy.esm,0F00225A,00053715,SCConsoleA10,SCOL,-192.353195,679.049561,112.346573,0.0000
MFC2025_EndAlz_Conspiracy.esm,0F00225B,0005373C,SCConsoleA18,SCOL,546.221985,1058.983032,-10.884666,270.0000
MFC2025_EndAlz_Conspiracy.esm,0F00225C,0010CBE0,FXSteamVent01,MSTT,-250.096085,214.370987,276.918121,0.0000
MFC2025_EndAlz_Conspiracy.esm,0F00225D,01003656,Mechanical_FloorDrain01,STAT,-251.721298,216.000000,279.251129,0.0000
MFC2025_EndAlz_Conspiracy.esm,0F00225E,00023476,BounceAmbYellow,LIGH,-238.455338,210.358276,170.924347,0.0000
MFC2025_EndAlz_Conspiracy.esm,0F00225F,00023476,BounceAmbYellow,LIGH,-46.666016,210.358276,170.924347,0.0000
MFC2025_EndAlz_Conspiracy.esm,0F002260,00023476,BounceAmbYellow,LIGH,-1005.634521,229.550201,160.184952,0.0000
MFC2025_EndAlz_Conspiracy.esm,0F002261,0100F6EA,MacMechBioJar03a,STAT,-29.016327,691.246155,97.625000,270.0000
MFC2025_EndAlz_Conspiracy.esm,0F002262,001405C7,ConsolePanA18,STAT,159.838852,666.929443,80.626709,0.0000
MFC2025_EndAlz_Conspiracy.esm,0F002263,0020F1CC,ConsolePanB11On,STAT,159.888657,666.929443,58.945557,0.0000
MFC2025_EndAlz_Conspiracy.esm,0F002264,00135F72,MacBaseRound05,STAT,159.971680,685.699707,115.569946,180.0000
MFC2025_EndAlz_Conspiracy.esm,0F002265,01001EB7,MacMechWireGreeb02,STAT,141.367172,683.712646,98.161621,143.1017
MFC2025_EndAlz_Conspiracy.esm,0F002266,01001EB7,MacMechWireGreeb02,STAT,142.527328,682.698242,98.161621,177.8233
MFC2025_EndAlz_Conspiracy.esm,0F002267,001405CF,ConsolePanB07,STAT,159.888657,666.929443,35.595215,0.0000
MFC2025_EndAlz_Conspiracy.esm,0F002268,001405B9,ConsolePanA04,STAT,159.838852,666.929443,91.820679,0.0000
MFC2025_EndAlz_Conspiracy.esm,0F002269,0020F1C7,ConsolePanA07On,STAT,159.838852,666.929443,103.485229,0.0000
MFC2025_EndAlz_Conspiracy.esm,0F00226A,00136014,MacDetailGreeble41,STAT,148.671875,685.625244,134.383301,180.0000
MFC2025_EndAlz_Conspiracy.esm,0F00226B,00136014,MacDetailGreeble41,STAT,171.877930,685.625244,134.383301,180.0000
MFC2025_EndAlz_Conspiracy.esm,0F00226C,00136014,MacDetailGreeble41,STAT,160.502930,685.625244,153.018311,270.0000
MFC2025_EndAlz_Conspiracy.esm,0F00226D,01001ED7,MacMechDetailGreeb02,STAT,134.897446,682.372803,71.541992,26.5277
MFC2025_EndAlz_Conspiracy.esm,0F00226E,01004F2B,DLC01RoboBrainHead,STAT,160.233398,691.395508,118.017090,180.0000
MFC2025_EndAlz_Conspiracy.esm,0F00226F,01004F2B,DLC01RoboBrainHead,STAT,160.233398,691.395508,135.286987,180.0000
MFC2025_EndAlz_Conspiracy.esm,0F002270,001405C8,ConsolePanA19,STAT,159.838852,666.929443,69.374756,0.0000
MFC2025_EndAlz_Conspiracy.esm,0F002271,01001EBD,MacMechWireBrace02,STAT,144.503891,682.842041,80.518677,180.0001
MFC2025_EndAlz_Conspiracy.esm,0F002272,01001EBD,MacMechWireBrace02,STAT,145.116196,682.025879,113.138062,359.9161
MFC2025_EndAlz_Conspiracy.esm,0F002273,001405B5,ConsoleCabSingle02,STAT,160.000000,696.000000,0.000000,0.0000
MFC2025_EndAlz_Conspiracy.esm,0F002274,01004F2B,DLC01RoboBrainHead,STAT,-28.682869,699.137939,110.711220,180.0000
MFC2025_EndAlz_Conspiracy.esm,0F002275,01004F2B,DLC01RoboBrainHead,STAT,-28.682869,699.137939,127.981117,180.0000
MFC2025_EndAlz_Conspiracy.esm,0F002276,01004F2B,DLC01RoboBrainHead,STAT,-28.682869,699.137939,146.920090,180.0000
MFC2025_EndAlz_Conspiracy.esm,0F002277,01004F2B,DLC01RoboBrainHead,STAT,-28.682869,699.137939,164.189987,180.0000
MFC2025_EndAlz_Conspiracy.esm,0F002278,01001EDA,MacMechDetailGreeb06,STAT,-28.690697,692.777100,182.138107,180.0000
MFC2025_EndAlz_Conspiracy.esm,0F002279,00136014,MacDetailGreeble41,STAT,-40.244392,693.367676,163.286301,180.0000
MFC2025_EndAlz_Conspiracy.esm,0F00227A,00136014,MacDetailGreeble41,STAT,-17.038338,693.367676,163.286301,180.0000
MFC2025_EndAlz_Conspiracy.esm,0F00227B,00136014,MacDetailGreeble41,STAT,-17.038338,693.367676,127.077431,180.0000
MFC2025_EndAlz_Conspiracy.esm,0F00227C,00136014,MacDetailGreeble41,STAT,-40.244392,693.367676,127.077431,180.0000
MFC2025_EndAlz_Conspiracy.esm,0F00227D,00135F72,MacBaseRound05,STAT,-28.944588,693.442139,108.264076,180.0000
MFC2025_EndAlz_Conspiracy.esm,0F00227E,01004F2A,DLC01RoboBrainInChair,MSTT,-20.649275,584.661194,21.718691,0.0000
MFC2025_EndAlz_Conspiracy.esm,0F00227F,000BAD51,NpcStoolDinerIntSit01Static,STAT,-12.545682,584.826904,1.166172,0.0000
MFC2025_EndAlz_Conspiracy.esm,0F002280,000E74E6,JailSmCage01,STAT,645.355286,-148.926605,255.794937,180.0000
MFC2025_EndAlz_Conspiracy.esm,0F002281,010073F5,DLC01_Lair_Machine16,SCOL,248.000000,680.000000,0.000000,0.0000
MFC2025_EndAlz_Conspiracy.esm,0F002282,01004F2B,DLC01RoboBrainHead,STAT,206.138458,682.327393,94.364807,0.0000
MFC2025_EndAlz_Conspiracy.esm,0F002283,01004F2B,DLC01RoboBrainHead,STAT,235.784622,682.327393,94.364807,337.0817
MFC2025_EndAlz_Conspiracy.esm,0F002284,01004F2B,DLC01RoboBrainHead,STAT,264.474854,682.327393,94.364807,0.0000
MFC2025_EndAlz_Conspiracy.esm,0F002285,01004F2B,DLC01RoboBrainHead,STAT,290.229218,682.327393,94.364807,0.0000
MFC2025_EndAlz_Conspiracy.esm,0F002286,00135F66,MacBaseBlockMisc09,STAT,988.791504,567.703247,-0.972412,256.8680
MFC2025_EndAlz_Conspiracy.esm,0F002287,00135FD7,MacConPanelDisplay01,STAT,1069.217651,481.549164,243.538330,90.0000
MFC2025_EndAlz_Conspiracy.esm,0F002288,00135FD7,MacConPanelDisplay01,STAT,1039.264526,626.627747,1.607666,89.8801
MFC2025_EndAlz_Conspiracy.esm,0F002289,00136000,MacDetailGreeble21,STAT,949.866699,338.322083,20.176147,89.8998
MFC2025_EndAlz_Conspiracy.esm,0F00228A,00136000,MacDetailGreeble21,STAT,1104.487183,503.569183,54.660278,269.9358
MFC2025_EndAlz_Conspiracy.esm,0F00228B,00136000,MacDetailGreeble21,STAT,1109.888306,480.418427,54.660278,269.9358
MFC2025_EndAlz_Conspiracy.esm,0F00228C,00136000,MacDetailGreeble21,STAT,1092.505615,500.892181,89.890015,327.2073
MFC2025_EndAlz_Conspiracy.esm,0F00228D,00136000,MacDetailGreeble21,STAT,1097.740723,478.452789,89.890015,327.2073
MFC2025_EndAlz_Conspiracy.esm,0F00228E,00136000,MacDetailGreeble21,STAT,1073.498291,495.854584,117.423218,341.7201
MFC2025_EndAlz_Conspiracy.esm,0F00228F,00136000,MacDetailGreeble21,STAT,1078.695435,473.577820,117.423218,341.7201
MFC2025_EndAlz_Conspiracy.esm,0F002290,00136000,MacDetailGreeble21,STAT,944.465698,361.472839,20.176147,89.8998
MFC2025_EndAlz_Conspiracy.esm,0F002291,00136000,MacDetailGreeble21,STAT,1046.475098,491.197113,136.049438,345.7664
MFC2025_EndAlz_Conspiracy.esm,0F002292,00136000,MacDetailGreeble21,STAT,1051.948608,467.735840,136.049438,345.7664
MFC2025_EndAlz_Conspiracy.esm,0F002293,00136000,MacDetailGreeble21,STAT,926.660767,437.789490,20.176147,89.8998
MFC2025_EndAlz_Conspiracy.esm,0F002294,00136000,MacDetailGreeble21,STAT,921.259766,460.940277,20.176147,89.8998
MFC2025_EndAlz_Conspiracy.esm,0F002295,00136000,MacDetailGreeble21,STAT,926.660767,437.789490,54.660278,89.8998
MFC2025_EndAlz_Conspiracy.esm,0F002296,00136000,MacDetailGreeble21,STAT,921.259766,460.940277,54.660278,89.8998
MFC2025_EndAlz_Conspiracy.esm,0F002297,00136000,MacDetailGreeble21,STAT,933.406677,462.905762,89.890015,147.2074
MFC2025_EndAlz_Conspiracy.esm,0F002298,00136000,MacDetailGreeble21,STAT,938.642273,440.466492,89.890015,147.2074
MFC2025_EndAlz_Conspiracy.esm,0F002299,00136000,MacDetailGreeble21,STAT,985.331665,452.193481,136.049438,165.7664
MFC2025_EndAlz_Conspiracy.esm,0F00229A,00136000,MacDetailGreeble21,STAT,979.858154,475.654785,136.049438,165.7664
MFC2025_EndAlz_Conspiracy.esm,0F00229B,00136000,MacDetailGreeble21,STAT,952.452698,467.780426,117.423218,161.7202
MFC2025_EndAlz_Conspiracy.esm,0F00229C,00136000,MacDetailGreeble21,STAT,957.649658,445.504089,117.423218,161.7202
MFC2025_EndAlz_Conspiracy.esm,0F00229D,00136000,MacDetailGreeble21,STAT,971.212524,540.939087,30.269531,270.0065
MFC2025_EndAlz_Conspiracy.esm,0F00229E,00136000,MacDetailGreeble21,STAT,958.775391,538.037476,51.684570,270.0065
MFC2025_EndAlz_Conspiracy.esm,0F00229F,00136000,MacDetailGreeble21,STAT,957.659973,537.777222,69.808105,270.0065
MFC2025_EndAlz_Conspiracy.esm,0F0022A0,00136000,MacDetailGreeble21,STAT,970.115784,540.683167,91.313721,270.0065
MFC2025_EndAlz_Conspiracy.esm,0F0022A1,00136000,MacDetailGreeble21,STAT,987.962708,544.846924,102.219971,270.0065
MFC2025_EndAlz_Conspiracy.esm,0F0022A2,00136000,MacDetailGreeble21,STAT,1010.187256,550.031921,101.996582,270.0065
MFC2025_EndAlz_Conspiracy.esm,0F0022A3,00136000,MacDetailGreeble21,STAT,1029.486328,554.534424,90.914307,270.0065
MFC2025_EndAlz_Conspiracy.esm,0F0022A4,00136000,MacDetailGreeble21,STAT,1026.418579,553.818726,27.526123,270.0065
MFC2025_EndAlz_Conspiracy.esm,0F0022A5,00136000,MacDetailGreeble21,STAT,1039.002319,556.754517,47.427490,270.0065
MFC2025_EndAlz_Conspiracy.esm,0F0022A6,00136000,MacDetailGreeble21,STAT,1040.955933,557.210327,70.781738,270.0065
MFC2025_EndAlz_Conspiracy.esm,0F0022A7,00136000,MacDetailGreeble21,STAT,1133.094238,380.950989,20.176147,269.9358
MFC2025_EndAlz_Conspiracy.esm,0F0022A8,00136000,MacDetailGreeble21,STAT,1127.693115,404.101746,20.176147,269.9358
MFC2025_EndAlz_Conspiracy.esm,0F0022A9,00136000,MacDetailGreeble21,STAT,1127.693115,404.101746,54.660278,269.9358
MFC2025_EndAlz_Conspiracy.esm,0F0022AA,00136000,MacDetailGreeble21,STAT,1133.094238,380.950989,54.660278,269.9358
MFC2025_EndAlz_Conspiracy.esm,0F0022AB,00136000,MacDetailGreeble21,STAT,1115.711426,401.424744,89.890015,327.2073
MFC2025_EndAlz_Conspiracy.esm,0F0022AC,00136000,MacDetailGreeble21,STAT,1120.946655,378.985352,89.890015,327.2073
MFC2025_EndAlz_Conspiracy.esm,0F0022AD,00136000,MacDetailGreeble21,STAT,1096.704102,396.387146,117.423218,341.7201
MFC2025_EndAlz_Conspiracy.esm,0F0022AE,00136000,MacDetailGreeble21,STAT,1101.901367,374.110352,117.423218,341.7201
MFC2025_EndAlz_Conspiracy.esm,0F0022AF,00136000,MacDetailGreeble21,STAT,1069.681030,391.729675,136.049438,345.7664
MFC2025_EndAlz_Conspiracy.esm,0F0022B0,00136000,MacDetailGreeble21,STAT,1075.154541,368.268402,136.049438,345.7664
MFC2025_EndAlz_Conspiracy.esm,0F0022B1,00136000,MacDetailGreeble21,STAT,1104.487183,503.569183,20.176147,269.9358
MFC2025_EndAlz_Conspiracy.esm,0F0022B2,00136000,MacDetailGreeble21,STAT,1109.888306,480.418427,20.176147,269.9358
MFC2025_EndAlz_Conspiracy.esm,0F0022B3,00136000,MacDetailGreeble21,STAT,975.658630,368.312988,117.423218,161.7202
MFC2025_EndAlz_Conspiracy.esm,0F0022B4,00136000,MacDetailGreeble21,STAT,980.855591,346.036652,117.423218,161.7202
MFC2025_EndAlz_Conspiracy.esm,0F0022B5,00136000,MacDetailGreeble21,STAT,949.866699,338.322083,54.660278,89.8998
MFC2025_EndAlz_Conspiracy.esm,0F0022B6,00136000,MacDetailGreeble21,STAT,944.465698,361.472839,54.660278,89.8998
MFC2025_EndAlz_Conspiracy.esm,0F0022B7,00136000,MacDetailGreeble21,STAT,956.612549,363.438324,89.890015,147.2074
MFC2025_EndAlz_Conspiracy.esm,0F0022B8,00136000,MacDetailGreeble21,STAT,961.848206,340.999023,89.890015,147.2074
MFC2025_EndAlz_Conspiracy.esm,0F0022B9,00136000,MacDetailGreeble21,STAT,1008.537598,352.726074,136.049438,165.7664
MFC2025_EndAlz_Conspiracy.esm,0F0022BA,00136000,MacDetailGreeble21,STAT,1003.064026,376.187347,136.049438,165.7664
MFC2025_EndAlz_Conspiracy.esm,0F0022BB,00136000,MacDetailGreeble21,STAT,1058.649048,482.910156,234.022217,269.9802
MFC2025_EndAlz_Conspiracy.esm,0F0022BC,00136000,MacDetailGreeble21,STAT,1071.224487,469.303040,234.782471,269.9802
MFC2025_EndAlz_Conspiracy.esm,0F0022BD,00136000,MacDetailGreeble21,STAT,1058.649048,482.910156,253.006104,269.9802
MFC2025_EndAlz_Conspiracy.esm,0F0022BE,00136000,MacDetailGreeble21,STAT,1071.224487,469.303040,253.006104,269.9802
MFC2025_EndAlz_Conspiracy.esm,0F0022BF,00136000,MacDetailGreeble21,STAT,1073.714844,466.746338,244.764648,269.9803
MFC2025_EndAlz_Conspiracy.esm,0F0022C0,00136000,MacDetailGreeble21,STAT,1055.202515,484.624573,243.485840,269.9802
MFC2025_EndAlz_Conspiracy.esm,0F0022C1,00136000,MacDetailGreeble21,STAT,1065.174805,477.150360,230.882324,269.9802
MFC2025_EndAlz_Conspiracy.esm,0F0022C2,00136000,MacDetailGreeble21,STAT,1065.174805,477.150360,255.842041,269.9802
MFC2025_EndAlz_Conspiracy.esm,0F0022C3,00136000,MacDetailGreeble21,STAT,1057.504517,491.366364,163.717041,270.0000
MFC2025_EndAlz_Conspiracy.esm,0F0022C4,00136000,MacDetailGreeble21,STAT,966.391724,464.154053,164.841553,89.9472
MFC2025_EndAlz_Conspiracy.esm,0F0022C5,00136000,MacDetailGreeble21,STAT,983.600220,390.393646,163.253418,89.9472
MFC2025_EndAlz_Conspiracy.esm,0F0022C6,00136000,MacDetailGreeble21,STAT,1081.024658,413.122406,164.841553,270.1397
MFC2025_EndAlz_Conspiracy.esm,0F0022C7,00136000,MacDetailGreeble21,STAT,1063.850708,486.890381,163.253418,270.1397
MFC2025_EndAlz_Conspiracy.esm,0F0022C8,00136000,MacDetailGreeble21,STAT,1081.058960,413.130432,125.343994,270.1397
MFC2025_EndAlz_Conspiracy.esm,0F0022C9,00136000,MacDetailGreeble21,STAT,1063.850708,486.890381,125.323730,270.1397
MFC2025_EndAlz_Conspiracy.esm,0F0022CA,00136000,MacDetailGreeble21,STAT,983.847961,389.331329,121.955322,89.9472
MFC2025_EndAlz_Conspiracy.esm,0F0022CB,00136000,MacDetailGreeble21,STAT,966.391724,464.154053,124.206787,89.9472
MFC2025_EndAlz_Conspiracy.esm,0F0022CC,00136000,MacDetailGreeble21,STAT,1057.504517,491.366364,125.785645,270.0000
MFC2025_EndAlz_Conspiracy.esm,0F0022CD,00136000,MacDetailGreeble21,STAT,970.637695,471.100220,125.159912,270.0000
MFC2025_EndAlz_Conspiracy.esm,0F0022CE,00136000,MacDetailGreeble21,STAT,955.831848,585.505554,44.717041,89.9472
MFC2025_EndAlz_Conspiracy.esm,0F0022CF,00136000,MacDetailGreeble21,STAT,955.831848,585.505554,54.054199,89.9472
MFC2025_EndAlz_Conspiracy.esm,0F0022D0,00136000,MacDetailGreeble21,STAT,952.660950,599.097107,44.717041,89.9472
MFC2025_EndAlz_Conspiracy.esm,0F0022D1,00136000,MacDetailGreeble21,STAT,952.660950,599.097107,54.054199,89.9472
MFC2025_EndAlz_Conspiracy.esm,0F0022D2,00136000,MacDetailGreeble21,STAT,949.211975,613.880310,44.717041,89.9472
MFC2025_EndAlz_Conspiracy.esm,0F0022D3,00136000,MacDetailGreeble21,STAT,949.211975,613.880310,54.054199,89.9472
MFC2025_EndAlz_Conspiracy.esm,0F0022D4,00136000,MacDetailGreeble21,STAT,952.026367,615.373230,66.190430,147.2059
MFC2025_EndAlz_Conspiracy.esm,0F0022D5,00136000,MacDetailGreeble21,STAT,961.873596,617.670105,79.964844,164.1959
MFC2025_EndAlz_Conspiracy.esm,0F0022D6,00136000,MacDetailGreeble21,STAT,1009.377686,628.753357,66.190430,327.2057
MFC2025_EndAlz_Conspiracy.esm,0F0022D7,00136000,MacDetailGreeble21,STAT,980.847473,622.097229,87.389404,346.8482
MFC2025_EndAlz_Conspiracy.esm,0F0022D8,00136000,MacDetailGreeble21,STAT,999.530701,626.456055,79.964844,344.1959
MFC2025_EndAlz_Conspiracy.esm,0F0022D9,00136000,MacDetailGreeble21,STAT,955.496155,600.500671,66.190430,147.2059
MFC2025_EndAlz_Conspiracy.esm,0F0022DA,00136000,MacDetailGreeble21,STAT,965.343384,602.797546,79.964844,164.1959
MFC2025_EndAlz_Conspiracy.esm,0F0022DB,00136000,MacDetailGreeble21,STAT,1012.847473,613.880798,66.190430,327.2057
MFC2025_EndAlz_Conspiracy.esm,0F0022DC,00136000,MacDetailGreeble21,STAT,984.317261,607.224670,87.389404,346.8482
MFC2025_EndAlz_Conspiracy.esm,0F0022DD,00136000,MacDetailGreeble21,STAT,1003.000488,611.583496,79.964844,344.1959
MFC2025_EndAlz_Conspiracy.esm,0F0022DE,00136000,MacDetailGreeble21,STAT,958.617676,587.120728,66.190430,147.2059
MFC2025_EndAlz_Conspiracy.esm,0F0022DF,00136000,MacDetailGreeble21,STAT,968.464966,589.417603,79.964844,164.1959
MFC2025_EndAlz_Conspiracy.esm,0F0022E0,00136000,MacDetailGreeble21,STAT,1015.969055,600.500854,66.190430,327.2057
MFC2025_EndAlz_Conspiracy.esm,0F0022E1,00136000,MacDetailGreeble21,STAT,1006.122070,598.203552,79.964844,344.1959
MFC2025_EndAlz_Conspiracy.esm,0F0022E2,00136000,MacDetailGreeble21,STAT,987.438843,593.844727,87.389404,346.8482
MFC2025_EndAlz_Conspiracy.esm,0F0022E3,00136000,MacDetailGreeble21,STAT,1019.804932,600.430603,54.054199,270.1397
MFC2025_EndAlz_Conspiracy.esm,0F0022E4,00136000,MacDetailGreeble21,STAT,1019.804932,600.430603,44.717041,270.1397
MFC2025_EndAlz_Conspiracy.esm,0F0022E5,00136000,MacDetailGreeble21,STAT,1016.356018,615.213745,44.717041,270.1397
MFC2025_EndAlz_Conspiracy.esm,0F0022E6,00136000,MacDetailGreeble21,STAT,1016.356018,615.213745,54.054199,270.1397
MFC2025_EndAlz_Conspiracy.esm,0F0022E7,00136000,MacDetailGreeble21,STAT,1013.185059,628.805298,44.717041,270.1397
MFC2025_EndAlz_Conspiracy.esm,0F0022E8,00136000,MacDetailGreeble21,STAT,1013.185059,628.805298,54.054199,270.1397
MFC2025_EndAlz_Conspiracy.esm,0F0022E9,00136000,MacDetailGreeble21,STAT,1020.972961,594.491821,35.112061,270.1397
MFC2025_EndAlz_Conspiracy.esm,0F0022EA,00136000,MacDetailGreeble21,STAT,1011.171326,638.893860,35.112061,270.1397
MFC2025_EndAlz_Conspiracy.esm,0F0022EB,00136000,MacDetailGreeble21,STAT,1004.581665,669.408081,0.142822,270.1397
MFC2025_EndAlz_Conspiracy.esm,0F0022EC,00136000,MacDetailGreeble21,STAT,1003.928467,669.255676,-61.960693,270.1397
MFC2025_EndAlz_Conspiracy.esm,0F0022ED,00136000,MacDetailGreeble21,STAT,1019.801758,597.114136,-61.960693,270.1397
MFC2025_EndAlz_Conspiracy.esm,0F0022EE,00135F97,MacCapGLrg06,STAT,999.086792,547.442139,61.161133,269.9908
MFC2025_EndAlz_Conspiracy.esm,0F0022EF,00135F5F,MacBaseBlockMisc02,STAT,979.222534,625.358765,-12.565430,91.1146
MFC2025_EndAlz_Conspiracy.esm,0F0022F0,00135F8E,MacCapCSml03,STAT,1066.012085,477.889221,243.283203,269.9802
MFC2025_EndAlz_Conspiracy.esm,0F0022F1,00135F8E,MacCapCSml03,STAT,1034.570435,625.348572,1.352539,270.1397
MFC2025_EndAlz_Conspiracy.esm,0F0022F2,00135F6F,MacBaseRound02,STAT,963.507080,426.454651,245.010254,256.8680
MFC2025_EndAlz_Conspiracy.esm,0F0022F3,00135F6F,MacBaseRound02,STAT,1023.108276,436.168518,203.239990,256.8680
MFC2025_EndAlz_Conspiracy.esm,0F0022F4,00135F6F,MacBaseRound02,STAT,1024.161255,435.989502,378.923096,256.8680
MFC2025_EndAlz_Conspiracy.esm,0F0022F5,00135F6F,MacBaseRound02,STAT,964.530640,426.941620,326.238770,256.8680
MFC2025_EndAlz_Conspiracy.esm,0F0022F6,00135FED,MacDetailGreeble02,STAT,1021.192871,623.157166,-16.511719,256.8680
MFC2025_EndAlz_Conspiracy.esm,0F0022F7,00135F64,MacBaseBlockMisc07,STAT,1019.003174,455.306549,-8.559570,270.0000
MFC2025_EndAlz_Conspiracy.esm,0F0022F8,00135F38,MacTankA02,STAT,1029.914307,416.616699,60.493408,166.8680
MFC2025_EndAlz_Conspiracy.esm,0F0022F9,00135F38,MacTankA02,STAT,964.455139,426.736481,286.618652,359.9920
MFC2025_EndAlz_Conspiracy.esm,0F0022FA,00135F38,MacTankA02,STAT,1024.056519,436.450958,295.785400,359.9920
MFC2025_EndAlz_Conspiracy.esm,0F0022FB,00135F34,MacRod06,STAT,1031.428467,520.729309,156.552246,256.8680
MFC2025_EndAlz_Conspiracy.esm,0F0022FC,00136010,MacDetailGreeble37,STAT,992.238403,577.839355,64.995850,180.0000
MFC2025_EndAlz_Conspiracy.esm,0F0022FD,00136010,MacDetailGreeble37,STAT,1033.995117,521.519104,193.437744,76.8680
MFC2025_EndAlz_Conspiracy.esm,0F0022FE,00136010,MacDetailGreeble37,STAT,1033.995117,521.519104,162.625488,76.8680
MFC2025_EndAlz_Conspiracy.esm,0F0022FF,00136010,MacDetailGreeble37,STAT,1033.995117,521.519104,226.921143,76.8680
MFC2025_EndAlz_Conspiracy.esm,0F002300,00135F63,MacBaseBlockMisc06,STAT,1042.298828,355.454071,-14.713623,270.0000
MFC2025_EndAlz_Conspiracy.esm,0F002301,00135F55,MacBaseBlockBLrg01,STAT,1023.790039,438.766876,70.903076,346.8680
MFC2025_EndAlz_Conspiracy.esm,0F002302,00135FAA,MacCapNLrg13,STAT,1023.158508,436.161194,421.763428,166.8680
MFC2025_EndAlz_Conspiracy.esm,0F002303,00135FFC,MacDetailGreeble17,STAT,1002.032898,515.651733,207.287598,283.1321
MFC2025_EndAlz_Conspiracy.esm,0F002304,00135FA5,MacCapLMed11,STAT,999.116882,547.395020,60.770996,269.9908
MFC2025_EndAlz_Conspiracy.esm,0F002305,00135FE3,MacConPanelHandle01,STAT,1014.885498,621.357727,31.858154,270.2077
MFC2025_EndAlz_Conspiracy.esm,0F002306,00135F4C,MacVentHalfRound04,STAT,987.420776,593.337585,64.000000,89.8801
MFC2025_EndAlz_Conspiracy.esm,0F002307,00135F4C,MacVentHalfRound04,STAT,980.764832,621.866882,64.000000,89.8801
MFC2025_EndAlz_Conspiracy.esm,0F002308,00135F4C,MacVentHalfRound04,STAT,984.000000,608.000000,64.000000,89.8801
MFC2025_EndAlz_Conspiracy.esm,0F002309,00135F48,MacTube04,STAT,1009.208923,477.890808,157.785645,87.4199
MFC2025_EndAlz_Conspiracy.esm,0F00230A,00135FFF,MacDetailGreeble20,STAT,952.012878,431.331055,147.897949,0.0000
MFC2025_EndAlz_Conspiracy.esm,0F00230B,00135FFF,MacDetailGreeble20,STAT,957.408203,408.203979,147.897949,0.0000
MFC2025_EndAlz_Conspiracy.esm,0F00230C,00135FFF,MacDetailGreeble20,STAT,954.722046,419.718567,147.897949,0.0000
MFC2025_EndAlz_Conspiracy.esm,0F00230D,00135F79,MacBlockBSml01,STAT,1006.170288,493.478668,212.354248,256.8680
MFC2025_EndAlz_Conspiracy.esm,0F00230E,00135F79,MacBlockBSml01,STAT,969.019165,422.394257,147.749023,269.9954
MFC2025_EndAlz_Conspiracy.esm,0F00230F,00135F4D,MacVentHalfRound05,STAT,1001.774414,515.849121,189.752197,0.0197
MFC2025_EndAlz_Conspiracy.esm,0F002310,00135F4D,MacVentHalfRound05,STAT,1001.905762,515.286133,234.094971,0.0197
MFC2025_EndAlz_Conspiracy.esm,0F002311,00135FF9,MacDetailGreeble14,STAT,995.492554,565.153687,85.564209,166.8680
MFC2025_EndAlz_Conspiracy.esm,0F002312,00135F49,MacVentHalfRound01,STAT,1039.015381,371.465393,76.706421,269.8927
MFC2025_EndAlz_Conspiracy.esm,0F002313,00135F49,MacVentHalfRound01,STAT,1015.809509,470.932861,76.706421,269.8927
MFC2025_EndAlz_Conspiracy.esm,0F002314,01004F2A,DLC01RoboBrainInChair,MSTT,-190.053680,597.004761,21.718691,0.0000
MFC2025_EndAlz_Conspiracy.esm,0F002315,000BAD51,NpcStoolDinerIntSit01Static,STAT,-181.950089,597.170471,1.166172,0.0000
MFC2025_EndAlz_Conspiracy.esm,0F002316,01004F2A,DLC01RoboBrainInChair,MSTT,47.388000,602.162598,21.718691,0.0000
MFC2025_EndAlz_Conspiracy.esm,0F002317,000BAD51,NpcStoolDinerIntSit01Static,STAT,55.491592,602.328308,1.166172,0.0000
MFC2025_EndAlz_Conspiracy.esm,0F002318,01004F2A,DLC01RoboBrainInChair,MSTT,-240.428101,395.524231,21.718691,194.8057
MFC2025_EndAlz_Conspiracy.esm,0F002319,000BAD51,NpcStoolDinerIntSit01Static,STAT,-248.305008,397.434937,1.166172,194.8057
MFC2025_EndAlz_Conspiracy.esm,0F00231A,0015C4AA,HitElevatorLgRmMid02Wall01,STAT,-1032.000000,256.000000,553.078491,0.0000
MFC2025_EndAlz_Conspiracy.esm,0F00231D,000FF995,AlienBlaster,WEAP,-292.043121,36.851883,309.460968,270.5593
MFC2025_EndAlz_Conspiracy.esm,0F00231E,001025AA,AmmoAlienBlaster,AMMO,-314.856812,37.052917,-30000.000000,359.8534
MFC2025_EndAlz_Conspiracy.esm,0F00231F,0007D5D3,DinerIntTable02,STAT,-286.624451,42.830261,248.000000,0.0000
MFC2025_EndAlz_Conspiracy.esm,0F002320,001025AA,AmmoAlienBlaster,AMMO,-312.957886,45.492611,-30000.000000,359.6844
MFC2025_EndAlz_Conspiracy.esm,0F002321,001025AA,AmmoAlienBlaster,AMMO,-310.935608,35.556904,-30000.000000,359.8534
MFC2025_EndAlz_Conspiracy.esm,0F002322,01004F2A,DLC01RoboBrainInChair,MSTT,225.470230,-271.065552,272.118195,180.0000
MFC2025_EndAlz_Conspiracy.esm,0F002323,000BAD51,NpcStoolDinerIntSit01Static,STAT,217.366638,-271.231262,251.565674,180.0000
MFC2025_EndAlz_Conspiracy.esm,0F002324,010073F5,DLC01_Lair_Machine16,SCOL,276.257111,822.313049,0.000000,67.0818
MFC2025_EndAlz_Conspiracy.esm,0F002328,0F002582,VP25_AlienGutsyEnnemy,NPC_,-377.144012,1112.091675,2.285007,0.0000
MFC2025_EndAlz_Conspiracy.esm,0F002329,0F002582,VP25_AlienGutsyEnnemy,NPC_,-720.088745,271.571594,2.285007,0.0000
MFC2025_EndAlz_Conspiracy.esm,0F00232B,0F00232A,VP25_Alien_DLC01EncMechRoboBrain04Legendary,NPC_,-245.245056,1341.329834,12.095774,270.0000
MFC2025_EndAlz_Conspiracy.esm,0F00232C,0F002582,VP25_AlienGutsyEnnemy,NPC_,811.578308,1496.357178,256.009888,270.0000
MFC2025_EndAlz_Conspiracy.esm,0F00232F,0F00232D,VP25_Alien_Calendar01,STAT,-656.967590,-253.976868,44.712048,90.0000
MFC2025_EndAlz_Conspiracy.esm,0F002330,0019AC4D,IndSilo256BotPlat01,STAT,-251.563293,-168.064926,266.893799,0.0000
MFC2025_EndAlz_Conspiracy.esm,0F002331,01003657,Mechanical_FloorDrain02,STAT,-254.113541,-168.064926,266.893890,180.0000
MFC2025_EndAlz_Conspiracy.esm,0F002332,0017E8F0,Vault_HologramProjector,STAT,-109.080429,-168.021790,266.893799,270.0000
MFC2025_EndAlz_Conspiracy.esm,0F002333,0017E8F0,Vault_HologramProjector,STAT,-393.243073,-168.021790,266.893799,90.0000
MFC2025_EndAlz_Conspiracy.esm,0F002334,0017E8F0,Vault_HologramProjector,STAT,-251.161789,-310.103088,266.893799,0.0001
MFC2025_EndAlz_Conspiracy.esm,0F002335,0017E8F0,Vault_HologramProjector,STAT,-251.161697,-25.940475,266.893799,180.0000
MFC2025_EndAlz_Conspiracy.esm,0F002336,0017E8F0,Vault_HologramProjector,STAT,-150.695145,-268.488495,266.893799,315.0001
MFC2025_EndAlz_Conspiracy.esm,0F002337,0017E8F0,Vault_HologramProjector,STAT,-351.628357,-67.555084,266.893799,135.0001
MFC2025_EndAlz_Conspiracy.esm,0F002338,0017E8F0,Vault_HologramProjector,STAT,-150.695007,-67.555222,266.893799,225.0001
MFC2025_EndAlz_Conspiracy.esm,0F002339,0017E8F0,Vault_HologramProjector,STAT,-351.628479,-268.488342,266.893799,45.0001
MFC2025_EndAlz_Conspiracy.esm,0F00233A,0014400E,ConsoleTowerBLeft03,SCOL,-664.314148,-304.132111,-0.000015,180.0000
MFC2025_EndAlz_Conspiracy.esm,0F00233B,00140607,ConsoleTowerCorner02,SCOL,-528.825745,-288.036743,-0.000015,180.0000
MFC2025_EndAlz_Conspiracy.esm,0F00233C,0014400F,ConsoleTowerBLeft04,SCOL,-703.467896,-306.482758,-0.000015,180.0000
MFC2025_EndAlz_Conspiracy.esm,0F00233D,00144008,ConsoleTowerBLeft02,SCOL,-584.090454,-304.132111,-0.000015,180.0000
MFC2025_EndAlz_Conspiracy.esm,0F00233E,001405FF,ConsoleTowerBLeft01,SCOL,-623.763428,-305.437256,-0.000015,180.0000
MFC2025_EndAlz_Conspiracy.esm,0F00233F,00140607,ConsoleTowerCorner02,SCOL,-750.533447,-288.036743,-0.000015,270.0001
MFC2025_EndAlz_Conspiracy.esm,0F002340,00143CEA,ConsoleTowerBRight03,SCOL,-511.766418,-231.930435,-0.000015,90.0001
MFC2025_EndAlz_Conspiracy.esm,0F002341,00143C53,ConsoleTowerBRight02,SCOL,-511.766418,-192.697357,-0.000015,90.0001
MFC2025_EndAlz_Conspiracy.esm,0F002342,00140603,ConsoleTowerBRight01,SCOL,-511.766418,-161.364288,-0.000015,90.0001
MFC2025_EndAlz_Conspiracy.esm,0F002343,0014400F,ConsoleTowerBLeft04,SCOL,-511.766418,-121.509766,-0.000015,90.0001
MFC2025_EndAlz_Conspiracy.esm,0F002344,0014400E,ConsoleTowerBLeft03,SCOL,-511.766418,-83.058868,-0.000015,90.0001
MFC2025_EndAlz_Conspiracy.esm,0F002345,00144008,ConsoleTowerBLeft02,SCOL,-511.766418,-43.591984,-0.000015,90.0001
MFC2025_EndAlz_Conspiracy.esm,0F002346,001405FF,ConsoleTowerBLeft01,SCOL,-511.766418,-5.195182,-0.000015,90.0001
MFC2025_EndAlz_Conspiracy.esm,0F002347,00140603,ConsoleTowerBRight01,SCOL,-511.766418,33.397308,-0.000015,90.0001
MFC2025_EndAlz_Conspiracy.esm,0F002348,00140603,ConsoleTowerBRight01,SCOL,-771.423889,-240.017334,-0.000015,257.0516
MFC2025_EndAlz_Conspiracy.esm,0F002349,001405FF,ConsoleTowerBLeft01,SCOL,-780.071777,-202.406296,-0.000015,257.0516
MFC2025_EndAlz_Conspiracy.esm,0F00234A,00144008,ConsoleTowerBLeft02,SCOL,-788.675415,-164.985947,-0.000015,257.0516
MFC2025_EndAlz_Conspiracy.esm,0F00234B,0014400E,ConsoleTowerBLeft03,SCOL,-797.518860,-126.522491,-0.000015,257.0516
MFC2025_EndAlz_Conspiracy.esm,0F00234C,0014400F,ConsoleTowerBLeft04,SCOL,-806.134949,-89.049103,-0.000015,257.0516
MFC2025_EndAlz_Conspiracy.esm,0F00234D,00140603,ConsoleTowerBRight01,SCOL,-814.988953,-49.983868,-0.000015,257.0516
MFC2025_EndAlz_Conspiracy.esm,0F00234E,00143C53,ConsoleTowerBRight02,SCOL,-822.010010,-19.447540,-0.000015,257.0516
MFC2025_EndAlz_Conspiracy.esm,0F00234F,00143CEA,ConsoleTowerBRight03,SCOL,-830.801270,18.787888,-0.000015,257.0516
MFC2025_EndAlz_Conspiracy.esm,0F002350,00140603,ConsoleTowerBRight01,SCOL,-841.224121,64.122795,-0.000015,257.0516
MFC2025_EndAlz_Conspiracy.esm,0F002351,001405FF,ConsoleTowerBLeft01,SCOL,-849.872009,101.733833,-0.000015,257.0516
MFC2025_EndAlz_Conspiracy.esm,0F002352,00144008,ConsoleTowerBLeft02,SCOL,-858.475647,139.154190,-0.000015,257.0516
MFC2025_EndAlz_Conspiracy.esm,0F002353,00140603,ConsoleTowerBRight01,SCOL,-511.766388,72.241806,-0.000015,90.0001
MFC2025_EndAlz_Conspiracy.esm,0F002354,00140605,ConsoleTowerSingle02,SCOL,-510.107971,153.757217,-0.000015,90.0001
MFC2025_EndAlz_Conspiracy.esm,0F002355,00140605,ConsoleTowerSingle02,SCOL,-510.107971,115.861526,-0.000015,90.0001
MFC2025_EndAlz_Conspiracy.esm,0F002356,00140605,ConsoleTowerSingle02,SCOL,-518.276917,142.480011,-0.026017,180.0001
MFC2025_EndAlz_Conspiracy.esm,0F002357,00140605,ConsoleTowerSingle02,SCOL,-518.276917,142.480011,124.878357,180.0001
MFC2025_EndAlz_Conspiracy.esm,0F002358,00140605,ConsoleTowerSingle02,SCOL,-525.695374,153.931854,124.928612,270.0001
MFC2025_EndAlz_Conspiracy.esm,0F002359,00140605,ConsoleTowerSingle02,SCOL,-510.107971,153.757217,124.904358,90.0001
MFC2025_EndAlz_Conspiracy.esm,0F00235A,00140605,ConsoleTowerSingle02,SCOL,-510.107971,115.861526,124.904358,90.0001
MFC2025_EndAlz_Conspiracy.esm,0F00235B,00140605,ConsoleTowerSingle02,SCOL,-525.695435,116.036179,124.928612,270.0001
MFC2025_EndAlz_Conspiracy.esm,0F00235C,00140609,ConsoleTowerCorner01,SCOL,-405.496979,159.283234,0.000061,180.0000
MFC2025_EndAlz_Conspiracy.esm,0F00235D,0014060D,ConsoleTowerBMid02,SCOL,-466.410706,143.214157,0.000061,180.0000
MFC2025_EndAlz_Conspiracy.esm,0F00235E,00140603,ConsoleTowerBRight01,SCOL,-511.658356,-231.930420,237.220383,90.0001
MFC2025_EndAlz_Conspiracy.esm,0F00235F,00140603,ConsoleTowerBRight01,SCOL,-511.658386,-193.085938,237.220322,90.0001
MFC2025_EndAlz_Conspiracy.esm,0F002360,001405FF,ConsoleTowerBLeft01,SCOL,-511.658386,-154.493454,237.220306,90.0001
MFC2025_EndAlz_Conspiracy.esm,0F002361,00144008,ConsoleTowerBLeft02,SCOL,-511.658386,-115.757812,237.220291,90.0001
MFC2025_EndAlz_Conspiracy.esm,0F002362,0014400E,ConsoleTowerBLeft03,SCOL,-511.658386,-76.290924,237.220261,90.0001
MFC2025_EndAlz_Conspiracy.esm,0F002363,0014400F,ConsoleTowerBLeft04,SCOL,-511.658386,-37.840031,237.220230,90.0001
MFC2025_EndAlz_Conspiracy.esm,0F002364,00140603,ConsoleTowerBRight01,SCOL,-511.658386,1.675641,237.220215,90.0001
MFC2025_EndAlz_Conspiracy.esm,0F002365,00143C53,ConsoleTowerBRight02,SCOL,-511.658386,33.008717,237.220169,90.0001
MFC2025_EndAlz_Conspiracy.esm,0F002366,00143CEA,ConsoleTowerBRight03,SCOL,-511.658386,72.241821,237.220139,90.0001
MFC2025_EndAlz_Conspiracy.esm,0F002367,00140603,ConsoleTowerBRight01,SCOL,-770.076721,-248.624557,236.864319,282.9483
MFC2025_EndAlz_Conspiracy.esm,0F002368,00143C53,ConsoleTowerBRight02,SCOL,-780.418945,-203.642578,236.864365,282.9483
MFC2025_EndAlz_Conspiracy.esm,0F002369,00143CEA,ConsoleTowerBRight03,SCOL,-789.283813,-165.085968,236.864410,282.9483
MFC2025_EndAlz_Conspiracy.esm,0F00236A,0014400F,ConsoleTowerBLeft04,SCOL,-796.039307,-135.704086,236.864441,282.9483
MFC2025_EndAlz_Conspiracy.esm,0F00236B,0014400E,ConsoleTowerBLeft03,SCOL,-805.080322,-96.381386,236.864487,282.9483
MFC2025_EndAlz_Conspiracy.esm,0F00236C,00144008,ConsoleTowerBLeft02,SCOL,-813.606262,-58.744278,236.864517,282.9483
MFC2025_EndAlz_Conspiracy.esm,0F00236D,001405FF,ConsoleTowerBLeft01,SCOL,-822.513123,-20.005035,236.864563,282.9483
MFC2025_EndAlz_Conspiracy.esm,0F00236E,00140603,ConsoleTowerBRight01,SCOL,-831.517029,19.156223,236.864609,282.9483
MFC2025_EndAlz_Conspiracy.esm,0F00236F,00143C53,ConsoleTowerBRight02,SCOL,-841.936401,64.473961,236.864655,282.9483
MFC2025_EndAlz_Conspiracy.esm,0F002370,00143CEA,ConsoleTowerBRight03,SCOL,-850.619629,102.240623,236.864685,282.9483
MFC2025_EndAlz_Conspiracy.esm,0F002371,00143C53,ConsoleTowerBRight02,SCOL,-859.040161,138.864700,236.864716,282.9483
MFC2025_EndAlz_Conspiracy.esm,0F002372,0014400F,ConsoleTowerBLeft04,SCOL,-575.671875,-304.132202,237.570206,0.0000
MFC2025_EndAlz_Conspiracy.esm,0F002373,0014400E,ConsoleTowerBLeft03,SCOL,-614.825562,-305.437347,237.570236,0.0000
MFC2025_EndAlz_Conspiracy.esm,0F002374,001405FF,ConsoleTowerBLeft01,SCOL,-655.376343,-304.132202,237.570160,0.0000
MFC2025_EndAlz_Conspiracy.esm,0F002375,00144008,ConsoleTowerBLeft02,SCOL,-695.049316,-306.482849,237.570160,0.0000
MFC2025_EndAlz_Conspiracy.esm,0F002376,00140607,ConsoleTowerCorner02,SCOL,-528.825745,-288.036743,237.324753,89.9999
MFC2025_EndAlz_Conspiracy.esm,0F002377,00140607,ConsoleTowerCorner02,SCOL,-751.534302,-288.036743,237.324753,0.0000
MFC2025_EndAlz_Conspiracy.esm,0F002378,0100AF18,DLC01GroundCableBlackThin01,STAT,-619.725708,34.239101,-0.000015,0.0000
MFC2025_EndAlz_Conspiracy.esm,0F002379,0100AF19,DLC01GroundCableBlackThin02,STAT,-620.276001,34.239101,-0.000015,180.0000
MFC2025_EndAlz_Conspiracy.esm,0F00237A,0100AF1A,DLC01GroundCableBlackThin03,STAT,-538.117493,107.659637,-0.000015,270.0000
MFC2025_EndAlz_Conspiracy.esm,0F00237B,0100AF1B,DLC01GroundCableBlackThin04,STAT,-538.117493,112.270584,-0.000015,270.0000
MFC2025_EndAlz_Conspiracy.esm,0F00237C,0100AF1F,DLC01GroundCableBlackThin08,STAT,-769.226868,-260.677307,-0.000015,11.4593
MFC2025_EndAlz_Conspiracy.esm,0F00237D,0100AF1E,DLC01GroundCableBlackThin07,STAT,-538.117493,126.839973,3.432484,270.0000
MFC2025_EndAlz_Conspiracy.esm,0F00237E,0100AF18,DLC01GroundCableBlackThin01,STAT,-538.117493,142.695053,-0.000015,270.0000
MFC2025_EndAlz_Conspiracy.esm,0F00237F,0100AF1C,DLC01GroundCableBlackThin05,STAT,-538.117493,160.634262,-0.000015,270.0000
MFC2025_EndAlz_Conspiracy.esm,0F002380,00223CB7,PryPowerCableStraight01,STAT,-640.000000,-20.275620,215.954285,7.7025
MFC2025_EndAlz_Conspiracy.esm,0F002381,00223CB7,PryPowerCableStraight01,STAT,-699.996887,69.355980,215.954285,0.0000
MFC2025_EndAlz_Conspiracy.esm,0F002382,00223CCE,PryPowerCableCurve05,STAT,-490.113159,-208.133331,968.747986,0.0000
MFC2025_EndAlz_Conspiracy.esm,0F002383,00223CC0,PryPowerCableCurve03,STAT,16.564026,-207.663239,968.747986,180.0000
MFC2025_EndAlz_Conspiracy.esm,0F002384,00223CB7,PryPowerCableStraight01,STAT,271.575836,-584.027405,968.747986,270.0000
MFC2025_EndAlz_Conspiracy.esm,0F002385,001405A0,ConsoleCabALeft01,STAT,-480.431671,71.344223,237.220581,270.0000
MFC2025_EndAlz_Conspiracy.esm,0F002386,001405A0,ConsoleCabALeft01,STAT,-480.431671,32.215607,237.220581,270.0000
MFC2025_EndAlz_Conspiracy.esm,0F002387,001405A0,ConsoleCabALeft01,STAT,-480.431671,-7.296139,237.220581,270.0000
MFC2025_EndAlz_Conspiracy.esm,0F002388,001405A0,ConsoleCabALeft01,STAT,-480.431671,-44.607407,237.220581,270.0000
MFC2025_EndAlz_Conspiracy.esm,0F002389,001405A0,ConsoleCabALeft01,STAT,-480.431671,-83.830063,237.220581,270.0000
MFC2025_EndAlz_Conspiracy.esm,0F00238A,001405A0,ConsoleCabALeft01,STAT,-480.431671,-121.554687,237.220581,270.0000
MFC2025_EndAlz_Conspiracy.esm,0F00238B,001405A0,ConsoleCabALeft01,STAT,-480.431671,-160.180176,237.220581,270.0000
MFC2025_EndAlz_Conspiracy.esm,0F00238C,001405A0,ConsoleCabALeft01,STAT,-480.431671,-199.575974,237.220581,270.0000
MFC2025_EndAlz_Conspiracy.esm,0F00238D,001405A0,ConsoleCabALeft01,STAT,-480.431671,-238.993362,237.220581,270.0000
MFC2025_EndAlz_Conspiracy.esm,0F00238E,001405A0,ConsoleCabALeft01,STAT,-480.431671,-278.849243,237.220581,270.0000
MFC2025_EndAlz_Conspiracy.esm,0F00238F,001405A0,ConsoleCabALeft01,STAT,-480.431671,-317.747131,237.220581,270.0000
MFC2025_EndAlz_Conspiracy.esm,0F002390,001405A0,ConsoleCabALeft01,STAT,-480.431671,71.344223,142.170990,270.0000
MFC2025_EndAlz_Conspiracy.esm,0F002391,0100AF1F,DLC01GroundCableBlackThin08,STAT,-1037.524536,-43.559261,-0.000015,101.4594
MFC2025_EndAlz_Conspiracy.esm,0F002392,0100AF19,DLC01GroundCableBlackThin02,STAT,-723.582397,-189.396713,-0.000015,270.0001
MFC2025_EndAlz_Conspiracy.esm,0F002393,0100AF18,DLC01GroundCableBlackThin01,STAT,-756.262939,-193.571396,-0.000015,90.0001
MFC2025_EndAlz_Conspiracy.esm,0F002394,0100AF1E,DLC01GroundCableBlackThin07,STAT,-646.261047,-274.970978,3.432484,179.9999
MFC2025_EndAlz_Conspiracy.esm,0F002395,0100AF1B,DLC01GroundCableBlackThin04,STAT,-667.389160,-271.555359,-0.000015,0.0001
MFC2025_EndAlz_Conspiracy.esm,0F002396,0100AF1C,DLC01GroundCableBlackThin05,STAT,-609.248779,-273.744141,-0.000015,0.0001
MFC2025_EndAlz_Conspiracy.esm,0F002397,0100AF1A,DLC01GroundCableBlackThin03,STAT,-673.883484,-274.610626,-0.000015,0.0001
MFC2025_EndAlz_Conspiracy.esm,0F002398,0100AF18,DLC01GroundCableBlackThin01,STAT,-632.916260,-273.782257,-0.000015,0.0001
MFC2025_EndAlz_Conspiracy.esm,0F002399,00144008,ConsoleTowerBLeft02,SCOL,-858.475647,376.551331,-0.000015,270.0000
MFC2025_EndAlz_Conspiracy.esm,0F00239A,0014400E,ConsoleTowerBLeft03,SCOL,-852.933044,415.932159,-0.000015,284.0956
MFC2025_EndAlz_Conspiracy.esm,0F00239B,00140615,ConsoleTowerBFull01,SCOL,-830.043518,507.088928,-0.000015,284.0956
MFC2025_EndAlz_Conspiracy.esm,0F00239C,0014400F,ConsoleTowerBLeft04,SCOL,-804.817810,607.549316,-0.000015,284.0956
MFC2025_EndAlz_Conspiracy.esm,0F00239D,00143C53,ConsoleTowerBRight02,SCOL,-797.518494,636.792480,-0.000015,284.0956
MFC2025_EndAlz_Conspiracy.esm,0F00239E,00143CEA,ConsoleTowerBRight03,SCOL,-787.873291,675.204224,-0.000015,284.0956
MFC2025_EndAlz_Conspiracy.esm,0F00239F,001405FF,ConsoleTowerBLeft01,SCOL,-738.677612,871.124695,-0.000015,284.0956
MFC2025_EndAlz_Conspiracy.esm,0F0023A0,00144008,ConsoleTowerBLeft02,SCOL,-747.873779,980.753296,-0.000015,255.9063
MFC2025_EndAlz_Conspiracy.esm,0F0023A1,0014400E,ConsoleTowerBLeft03,SCOL,-757.054199,1017.318787,-0.000015,255.9063
MFC2025_EndAlz_Conspiracy.esm,0F0023A2,0014400F,ConsoleTowerBLeft04,SCOL,-766.533813,1055.075928,-0.000015,255.9063
MFC2025_EndAlz_Conspiracy.esm,0F0023A3,001405FF,ConsoleTowerBLeft01,SCOL,-775.685791,1091.528931,-0.000015,255.9063
MFC2025_EndAlz_Conspiracy.esm,0F0023A4,00140615,ConsoleTowerBFull01,SCOL,-763.205566,773.442749,-0.000015,284.0956
MFC2025_EndAlz_Conspiracy.esm,0F0023B0,0017E8F0,Vault_HologramProjector,STAT,-399.833252,1359.681641,10.877520,90.0000
MFC2025_EndAlz_Conspiracy.esm,0F0023B1,0017E8F0,Vault_HologramProjector,STAT,-358.218567,1460.148438,10.877565,134.9994
MFC2025_EndAlz_Conspiracy.esm,0F0023B2,0017E8F0,Vault_HologramProjector,STAT,-257.751953,1501.762939,10.877649,180.0001
MFC2025_EndAlz_Conspiracy.esm,0F0023B3,0017E8F0,Vault_HologramProjector,STAT,-157.285248,1460.148193,10.877752,224.9994
MFC2025_EndAlz_Conspiracy.esm,0F0023B4,0017E8F0,Vault_HologramProjector,STAT,-115.670654,1359.681641,10.877840,270.0000
MFC2025_EndAlz_Conspiracy.esm,0F0023B5,0017E8F0,Vault_HologramProjector,STAT,-157.285370,1259.214844,10.877821,314.9994
MFC2025_EndAlz_Conspiracy.esm,0F0023B6,0017E8F0,Vault_HologramProjector,STAT,-257.752014,1217.600342,10.877710,0.0000
MFC2025_EndAlz_Conspiracy.esm,0F0023B7,0017E8F0,Vault_HologramProjector,STAT,-358.218689,1259.215088,10.877607,44.9994
MFC2025_EndAlz_Conspiracy.esm,0F0023B8,0019AC4D,IndSilo256BotPlat01,STAT,-257.350403,1359.724731,10.877697,180.0000
MFC2025_EndAlz_Conspiracy.esm,0F0023B9,01003657,Mechanical_FloorDrain02,STAT,-254.800186,1359.724731,10.877778,0.0000
MFC2025_EndAlz_Conspiracy.esm,0F0023BA,00140607,ConsoleTowerCorner02,SCOL,-770.974548,1141.475342,-0.000015,345.9063
MFC2025_EndAlz_Conspiracy.esm,0F0023BC,0F0023BB,VP25_Static_InstituteTerminal,STAT,179.442139,1523.894531,-30000.000000,270.0000
MFC2025_EndAlz_Conspiracy.esm,0F0023BE,0F0023BD,VP25_TeleporterButtonActivator,ACTI,181.295914,1524.171631,-30000.000000,270.0000
MFC2025_EndAlz_Conspiracy.esm,0F0023BF,00140601,ConsoleTowerBMid01,SCOL,165.116440,1502.989746,248.000000,270.0000
MFC2025_EndAlz_Conspiracy.esm,0F0023C0,00140607,ConsoleTowerCorner02,SCOL,182.224136,1614.451782,248.000000,0.0000
MFC2025_EndAlz_Conspiracy.esm,0F0023C1,00140609,ConsoleTowerCorner01,SCOL,181.507401,1431.019287,248.000000,270.0001
MFC2025_EndAlz_Conspiracy.esm,0F0023C2,00140601,ConsoleTowerBMid01,SCOL,164.524292,1542.951294,248.345215,270.0000
MFC2025_EndAlz_Conspiracy.esm,0F0023C3,00140603,ConsoleTowerBRight01,SCOL,237.992508,1630.256226,248.000000,0.0000
MFC2025_EndAlz_Conspiracy.esm,0F0023C4,0014400F,ConsoleTowerBLeft04,SCOL,276.613983,1630.256226,248.000000,0.0000
MFC2025_EndAlz_Conspiracy.esm,0F0023C5,0014400E,ConsoleTowerBLeft03,SCOL,315.221649,1630.256226,248.000000,0.0000
MFC2025_EndAlz_Conspiracy.esm,0F0023C6,00144008,ConsoleTowerBLeft02,SCOL,353.269135,1630.256226,248.000000,0.0000
MFC2025_EndAlz_Conspiracy.esm,0F0023C7,001405FF,ConsoleTowerBLeft01,SCOL,391.528015,1630.256226,248.000000,0.0000
MFC2025_EndAlz_Conspiracy.esm,0F0023C8,001405FD,ConsoleTowerARight01,SCOL,430.802429,1630.256226,248.000000,0.0000
MFC2025_EndAlz_Conspiracy.esm,0F0023C9,00140617,ConsoleTowerAFull01,SCOL,524.429382,1630.256226,248.000000,0.0000
MFC2025_EndAlz_Conspiracy.esm,0F0023CA,001405F9,ConsoleTowerALeft01,SCOL,625.284546,1630.256104,248.000000,0.0000
MFC2025_EndAlz_Conspiracy.esm,0F0023CB,001405FD,ConsoleTowerARight01,SCOL,663.052795,1630.256104,248.000000,0.0000
MFC2025_EndAlz_Conspiracy.esm,0F0023CC,000B07EB,HitExtABaseLong01,STAT,686.732849,1424.000122,128.000000,0.0000
MFC2025_EndAlz_Conspiracy.esm,0F0023CD,00095B10,HitExtIntStairs1Story01,STAT,855.656006,1066.186523,265.377960,0.0000
MFC2025_EndAlz_Conspiracy.esm,0F0023CE,00095B10,HitExtIntStairs1Story01,STAT,204.095886,423.312531,266.900696,179.9999
MFC2025_EndAlz_Conspiracy.esm,0F0023CF,000B07EB,HitExtABaseLong01,STAT,335.850403,65.781891,128.000000,180.0000
MFC2025_EndAlz_Conspiracy.esm,0F0023D0,00248A9F,HitExtABaseHalf01_LOD,STAT,-47.792908,65.781891,128.000000,180.0000
MFC2025_EndAlz_Conspiracy.esm,0F0023D1,00248A9F,HitExtABaseHalf01_LOD,STAT,-174.780563,65.781891,128.000000,180.0000
MFC2025_EndAlz_Conspiracy.esm,0F0023D2,001405FF,ConsoleTowerBLeft01,SCOL,-739.105164,945.827698,-0.000015,255.9063
MFC2025_EndAlz_Conspiracy.esm,0F0023D3,00140607,ConsoleTowerCorner02,SCOL,-741.855774,903.476624,-0.000015,134.6575
MFC2025_EndAlz_Conspiracy.esm,0F0023D4,001405FD,ConsoleTowerARight01,SCOL,227.646652,1415.033447,248.000000,180.0001
MFC2025_EndAlz_Conspiracy.esm,0F0023D5,001405F9,ConsoleTowerALeft01,SCOL,266.797577,1415.033447,248.000000,180.0001
MFC2025_EndAlz_Conspiracy.esm,0F0023D6,00140617,ConsoleTowerAFull01,SCOL,369.188354,1415.033447,248.000000,180.0001
MFC2025_EndAlz_Conspiracy.esm,0F0023D7,001405FD,ConsoleTowerARight01,SCOL,463.537292,1415.033447,248.000000,180.0001
MFC2025_EndAlz_Conspiracy.esm,0F0023D8,001405F9,ConsoleTowerALeft01,SCOL,502.688232,1415.033447,248.000000,180.0001
MFC2025_EndAlz_Conspiracy.esm,0F0023D9,001405FD,ConsoleTowerARight01,SCOL,540.807251,1415.033447,248.000000,180.0001
MFC2025_EndAlz_Conspiracy.esm,0F0023DA,001405F9,ConsoleTowerALeft01,SCOL,579.958191,1415.033447,248.000000,180.0001
MFC2025_EndAlz_Conspiracy.esm,0F0023DB,001405FD,ConsoleTowerARight01,SCOL,617.944031,1415.033447,248.000000,180.0001
MFC2025_EndAlz_Conspiracy.esm,0F0023DC,001405F9,ConsoleTowerALeft01,SCOL,657.094971,1415.033447,248.000000,180.0001
MFC2025_EndAlz_Conspiracy.esm,0F0023DE,0F0023DD,VP25_Light_AlienSpotLight_Green_1024,LIGH,-224.404083,1891.972656,506.294434,180.0000
MFC2025_EndAlz_Conspiracy.esm,0F0023DF,0F0023DD,VP25_Light_AlienSpotLight_Green_1024,LIGH,540.933472,1891.972656,506.294434,180.0000
MFC2025_EndAlz_Conspiracy.esm,0F0023E1,0F0023E0,VP25_Light_AlienSpotLight_Green_256,LIGH,262.836792,1583.699341,409.843231,212.0527
MFC2025_EndAlz_Conspiracy.esm,0F0023E2,00140617,ConsoleTowerAFull01,SCOL,758.756409,1630.256226,248.000000,0.0000
MFC2025_EndAlz_Conspiracy.esm,0F0023E3,001405F9,ConsoleTowerALeft01,SCOL,861.470215,1630.256104,248.000000,0.0000
MFC2025_EndAlz_Conspiracy.esm,0F0023E4,001405FD,ConsoleTowerARight01,SCOL,902.090942,1630.256104,248.000000,0.0000
MFC2025_EndAlz_Conspiracy.esm,0F0023E5,000B07EB,HitExtABaseLong01,STAT,1197.938354,1424.000122,128.000000,0.0000
MFC2025_EndAlz_Conspiracy.esm,0F0023E7,0F0023E6,VP25_Lights_AlienGlow_Green,LIGH,-249.950150,-168.786530,331.488281,0.0000
MFC2025_EndAlz_Conspiracy.esm,0F0023E8,0F0023E6,VP25_Lights_AlienGlow_Green,LIGH,-257.688965,1358.833496,73.997139,0.0000
MFC2025_EndAlz_Conspiracy.esm,0F0023E9,00144008,ConsoleTowerBLeft02,SCOL,-859.033447,369.116486,238.430450,270.0000
MFC2025_EndAlz_Conspiracy.esm,0F0023EA,0014400E,ConsoleTowerBLeft03,SCOL,-855.483215,408.527191,238.577744,255.9044
MFC2025_EndAlz_Conspiracy.esm,0F0023EB,00140615,ConsoleTowerBFull01,SCOL,-830.601318,507.618561,238.837021,255.9044
MFC2025_EndAlz_Conspiracy.esm,0F0023EC,0014400F,ConsoleTowerBLeft04,SCOL,-807.262451,600.564636,238.864471,255.9044
MFC2025_EndAlz_Conspiracy.esm,0F0023ED,00143C53,ConsoleTowerBRight02,SCOL,-796.163269,644.940796,239.121521,255.9044
MFC2025_EndAlz_Conspiracy.esm,0F0023EE,00143CEA,ConsoleTowerBRight03,SCOL,-786.595215,683.045166,239.020599,255.9044
MFC2025_EndAlz_Conspiracy.esm,0F0023EF,00140615,ConsoleTowerBFull01,SCOL,-763.763367,773.972412,239.048737,255.9044
MFC2025_EndAlz_Conspiracy.esm,0F0023F0,001405FF,ConsoleTowerBLeft01,SCOL,-741.213257,863.777649,239.134247,255.9044
MFC2025_EndAlz_Conspiracy.esm,0F0023F1,00140607,ConsoleTowerCorner02,SCOL,-741.871704,903.476624,109.306541,134.6575
MFC2025_EndAlz_Conspiracy.esm,0F0023F2,001405FF,ConsoleTowerBLeft01,SCOL,-737.356934,938.328247,237.438644,284.0937
MFC2025_EndAlz_Conspiracy.esm,0F0023F3,00144008,ConsoleTowerBLeft02,SCOL,-746.170532,973.432983,237.523178,284.0937
MFC2025_EndAlz_Conspiracy.esm,0F0023F4,0014400E,ConsoleTowerBLeft03,SCOL,-755.232422,1009.526428,237.742310,284.0937
MFC2025_EndAlz_Conspiracy.esm,0F0023F5,0014400F,ConsoleTowerBLeft04,SCOL,-764.833069,1047.765869,237.800888,284.0937
MFC2025_EndAlz_Conspiracy.esm,0F0023F6,001405FF,ConsoleTowerBLeft01,SCOL,-773.893799,1083.855225,237.771179,284.0937
MFC2025_EndAlz_Conspiracy.esm,0F0023F7,00140607,ConsoleTowerCorner02,SCOL,-771.197266,1141.453247,238.069458,284.0937
MFC2025_EndAlz_Conspiracy.esm,0F0023F8,0100AF18,DLC01GroundCableBlackThin01,STAT,-828.840698,358.768341,-0.000015,92.4065
MFC2025_EndAlz_Conspiracy.esm,0F0023F9,0100AF1C,DLC01GroundCableBlackThin05,STAT,-829.593994,340.844940,-0.000015,92.4065
MFC2025_EndAlz_Conspiracy.esm,0F0023FA,0100AF1E,DLC01GroundCableBlackThin07,STAT,-828.174622,374.609314,3.432484,87.5936
MFC2025_EndAlz_Conspiracy.esm,0F0023FB,0100AF1F,DLC01GroundCableBlackThin08,STAT,-580.998413,752.080566,-0.000015,193.8657
MFC2025_EndAlz_Conspiracy.esm,0F0023FC,0100AF1B,DLC01GroundCableBlackThin04,STAT,-827.563171,389.165955,-0.000015,92.4065
MFC2025_EndAlz_Conspiracy.esm,0F0023FD,0100AF18,DLC01GroundCableBlackThin01,STAT,-742.750610,463.701904,-0.000015,182.4065
MFC2025_EndAlz_Conspiracy.esm,0F0023FE,0100AF1A,DLC01GroundCableBlackThin03,STAT,-827.369629,393.772827,-0.000015,92.4065
MFC2025_EndAlz_Conspiracy.esm,0F0023FF,0100AF18,DLC01GroundCableBlackThin01,STAT,-775.195862,768.572388,-0.000015,103.8656
MFC2025_EndAlz_Conspiracy.esm,0F002400,0100AF1C,DLC01GroundCableBlackThin05,STAT,-779.494995,751.155945,-0.000015,103.8656
MFC2025_EndAlz_Conspiracy.esm,0F002401,0100AF1E,DLC01GroundCableBlackThin07,STAT,-771.395935,783.965332,3.432484,76.1344
MFC2025_EndAlz_Conspiracy.esm,0F002402,0100AF1F,DLC01GroundCableBlackThin08,STAT,-454.154877,1104.805908,-0.000015,205.3249
MFC2025_EndAlz_Conspiracy.esm,0F002403,0100AF1B,DLC01GroundCableBlackThin04,STAT,-767.904724,798.110352,-0.000015,103.8656
MFC2025_EndAlz_Conspiracy.esm,0F002404,0100AF18,DLC01GroundCableBlackThin01,STAT,-669.974792,854.310791,-0.000015,193.8656
MFC2025_EndAlz_Conspiracy.esm,0F002405,0100AF1A,DLC01GroundCableBlackThin03,STAT,-766.799805,802.586853,-0.000015,103.8656
MFC2025_EndAlz_Conspiracy.esm,0F002406,0100AF18,DLC01GroundCableBlackThin01,STAT,-842.125610,504.028381,-0.000015,103.8656
MFC2025_EndAlz_Conspiracy.esm,0F002407,0100AF1C,DLC01GroundCableBlackThin05,STAT,-846.424744,486.611938,-0.000015,103.8656
MFC2025_EndAlz_Conspiracy.esm,0F002408,0100AF1E,DLC01GroundCableBlackThin07,STAT,-838.325684,519.421326,3.432484,76.1344
MFC2025_EndAlz_Conspiracy.esm,0F002409,0100AF1F,DLC01GroundCableBlackThin08,STAT,-521.084595,840.261902,-0.000015,205.3249
MFC2025_EndAlz_Conspiracy.esm,0F00240A,0100AF1C,DLC01GroundCableBlackThin05,STAT,-834.834473,533.566345,-0.000015,103.8656
MFC2025_EndAlz_Conspiracy.esm,0F00240B,0100AF19,DLC01GroundCableBlackThin02,STAT,-759.139587,613.279724,-0.000015,125.1107
MFC2025_EndAlz_Conspiracy.esm,0F00240C,0100AF19,DLC01GroundCableBlackThin02,STAT,-833.729553,538.042847,-0.000015,103.8656
MFC2025_EndAlz_Conspiracy.esm,0F00240D,00223CB7,PryPowerCableStraight01,STAT,-845.732483,99.465759,215.954208,89.9548
MFC2025_EndAlz_Conspiracy.esm,0F00240E,0100AF18,DLC01GroundCableBlackThin01,STAT,-372.268616,279.215088,-0.000015,270.0000
MFC2025_EndAlz_Conspiracy.esm,0F00240F,0100AF1C,DLC01GroundCableBlackThin05,STAT,-372.268616,297.154297,-0.000015,270.0000
MFC2025_EndAlz_Conspiracy.esm,0F002410,0100AF1E,DLC01GroundCableBlackThin07,STAT,-372.268616,263.360016,3.432484,270.0000
MFC2025_EndAlz_Conspiracy.esm,0F002411,0100AF1F,DLC01GroundCableBlackThin08,STAT,-603.377991,-124.157249,-0.000015,11.4593
MFC2025_EndAlz_Conspiracy.esm,0F002412,0100AF1B,DLC01GroundCableBlackThin04,STAT,-372.268616,248.790649,-0.000015,270.0000
MFC2025_EndAlz_Conspiracy.esm,0F002413,0100AF18,DLC01GroundCableBlackThin01,STAT,-453.876831,170.759155,-0.000015,0.0000
MFC2025_EndAlz_Conspiracy.esm,0F002414,0100AF1A,DLC01GroundCableBlackThin03,STAT,-372.268616,244.179687,-0.000015,270.0000
MFC2025_EndAlz_Conspiracy.esm,0F002415,00143CEA,ConsoleTowerBRight03,SCOL,-728.995972,1170.343262,-0.000015,345.9063
MFC2025_EndAlz_Conspiracy.esm,0F002416,00143CEA,ConsoleTowerBRight03,SCOL,-721.158630,1172.597412,238.180817,194.0937
MFC2025_EndAlz_Conspiracy.esm,0F002417,00143C53,ConsoleTowerBRight02,SCOL,-691.651611,1179.719116,-0.000015,345.9063
MFC2025_EndAlz_Conspiracy.esm,0F002418,00143C53,ConsoleTowerBRight02,SCOL,-684.015564,1181.922729,238.237961,194.0937
MFC2025_EndAlz_Conspiracy.esm,0F002419,00140605,ConsoleTowerSingle02,SCOL,-694.055664,1194.630981,-0.000015,278.8246
MFC2025_EndAlz_Conspiracy.esm,0F00241A,00140605,ConsoleTowerSingle02,SCOL,-694.110168,1194.630981,111.137230,278.8246
MFC2025_EndAlz_Conspiracy.esm,0F00241B,00140603,ConsoleTowerBRight01,SCOL,-698.419861,1239.169800,-0.000015,284.0967
MFC2025_EndAlz_Conspiracy.esm,0F00241C,00143C53,ConsoleTowerBRight02,SCOL,-691.270203,1267.640869,-0.000015,284.0967
MFC2025_EndAlz_Conspiracy.esm,0F00241D,00143CEA,ConsoleTowerBRight03,SCOL,-682.296875,1303.374146,-0.000015,284.0967
MFC2025_EndAlz_Conspiracy.esm,0F00241E,0014400F,ConsoleTowerBLeft04,SCOL,-671.712646,1345.522217,-0.000015,284.0967
MFC2025_EndAlz_Conspiracy.esm,0F00241F,0014400E,ConsoleTowerBLeft03,SCOL,-663.059570,1379.980225,-0.000015,284.0967
MFC2025_EndAlz_Conspiracy.esm,0F002420,00144008,ConsoleTowerBLeft02,SCOL,-654.172302,1415.370728,-0.000015,284.0967
MFC2025_EndAlz_Conspiracy.esm,0F002421,001405FF,ConsoleTowerBLeft01,SCOL,-645.522461,1449.815674,-0.000015,284.0967
MFC2025_EndAlz_Conspiracy.esm,0F002422,00144008,ConsoleTowerBLeft02,SCOL,-636.763062,1484.697021,-0.000015,284.0967
MFC2025_EndAlz_Conspiracy.esm,0F002423,0014400E,ConsoleTowerBLeft03,SCOL,-627.795349,1520.407715,-0.000015,284.0967
MFC2025_EndAlz_Conspiracy.esm,0F002424,00140607,ConsoleTowerCorner02,SCOL,-608.500305,1558.980835,-0.000020,2.6375
MFC2025_EndAlz_Conspiracy.esm,0F002425,00140603,ConsoleTowerBRight01,SCOL,-630.687439,1512.888672,238.276657,256.0552
MFC2025_EndAlz_Conspiracy.esm,0F002426,00143C53,ConsoleTowerBRight02,SCOL,-637.760925,1484.399536,238.276642,256.0552
MFC2025_EndAlz_Conspiracy.esm,0F002427,00143CEA,ConsoleTowerBRight03,SCOL,-646.640137,1448.642456,238.276596,256.0552
MFC2025_EndAlz_Conspiracy.esm,0F002428,0014400F,ConsoleTowerBLeft04,SCOL,-657.112488,1406.468384,238.276642,256.0552
MFC2025_EndAlz_Conspiracy.esm,0F002429,0014400E,ConsoleTowerBLeft03,SCOL,-665.674011,1371.987305,238.276627,256.0552
MFC2025_EndAlz_Conspiracy.esm,0F00242A,00144008,ConsoleTowerBLeft02,SCOL,-674.467102,1336.573608,238.276642,256.0552
MFC2025_EndAlz_Conspiracy.esm,0F00242B,001405FF,ConsoleTowerBLeft01,SCOL,-683.025574,1302.106445,238.276627,256.0552
MFC2025_EndAlz_Conspiracy.esm,0F00242C,00144008,ConsoleTowerBLeft02,SCOL,-691.692932,1267.201782,238.276672,256.0552
MFC2025_EndAlz_Conspiracy.esm,0F00242D,0014400E,ConsoleTowerBLeft03,SCOL,-700.565552,1231.467651,238.276657,256.0552
MFC2025_EndAlz_Conspiracy.esm,0F00242E,00140607,ConsoleTowerCorner02,SCOL,-609.130127,1558.986206,238.573349,267.3625
MFC2025_EndAlz_Conspiracy.esm,0F00242F,00143CEA,ConsoleTowerBRight03,SCOL,-561.973816,1574.344604,-0.000015,0.0000
MFC2025_EndAlz_Conspiracy.esm,0F002430,00143C53,ConsoleTowerBRight02,SCOL,-525.473816,1574.344604,-0.000015,0.0000
MFC2025_EndAlz_Conspiracy.esm,0F002431,00140603,ConsoleTowerBRight01,SCOL,-479.416260,1574.344604,-0.000015,0.0000
MFC2025_EndAlz_Conspiracy.esm,0F002432,0014400F,ConsoleTowerBLeft04,SCOL,-442.112091,1574.344604,-0.000015,0.0000
MFC2025_EndAlz_Conspiracy.esm,0F002433,0014400E,ConsoleTowerBLeft03,SCOL,-404.630981,1574.344604,-0.000015,0.0000
MFC2025_EndAlz_Conspiracy.esm,0F002434,00144008,ConsoleTowerBLeft02,SCOL,-365.809998,1574.344604,-0.000015,0.0000
MFC2025_EndAlz_Conspiracy.esm,0F002435,001405FF,ConsoleTowerBLeft01,SCOL,-171.058624,1574.344604,-0.000015,0.0000
MFC2025_EndAlz_Conspiracy.esm,0F002436,00140615,ConsoleTowerBFull01,SCOL,-272.467865,1574.344604,-0.000015,0.0000
MFC2025_EndAlz_Conspiracy.esm,0F002437,00143CEA,ConsoleTowerBRight03,SCOL,-143.055023,1574.344604,-0.000015,0.0000
MFC2025_EndAlz_Conspiracy.esm,0F002438,00143C53,ConsoleTowerBRight02,SCOL,-106.555023,1574.344604,-0.000015,0.0000
MFC2025_EndAlz_Conspiracy.esm,0F002439,00140603,ConsoleTowerBRight01,SCOL,-60.497467,1574.344604,-0.000015,0.0000
MFC2025_EndAlz_Conspiracy.esm,0F00243A,0014400F,ConsoleTowerBLeft04,SCOL,-23.193298,1574.344604,-0.000015,0.0000
MFC2025_EndAlz_Conspiracy.esm,0F00243B,0014400E,ConsoleTowerBLeft03,SCOL,14.287811,1574.344604,-0.000015,0.0000
MFC2025_EndAlz_Conspiracy.esm,0F00243C,00144008,ConsoleTowerBLeft02,SCOL,53.108795,1574.344604,-0.000015,0.0000
MFC2025_EndAlz_Conspiracy.esm,0F00243D,00143CEA,ConsoleTowerBRight03,SCOL,-366.619995,1575.264771,238.434906,180.0000
MFC2025_EndAlz_Conspiracy.esm,0F00243E,00143C53,ConsoleTowerBRight02,SCOL,-403.119995,1575.264771,238.434906,180.0000
MFC2025_EndAlz_Conspiracy.esm,0F00243F,00140603,ConsoleTowerBRight01,SCOL,-449.177490,1575.264771,238.434860,180.0000
MFC2025_EndAlz_Conspiracy.esm,0F002440,0014400F,ConsoleTowerBLeft04,SCOL,-486.481812,1575.264771,238.434860,180.0000
MFC2025_EndAlz_Conspiracy.esm,0F002441,0014400E,ConsoleTowerBLeft03,SCOL,-523.962708,1575.264771,238.434799,180.0000
MFC2025_EndAlz_Conspiracy.esm,0F002442,00144008,ConsoleTowerBLeft02,SCOL,-562.783752,1575.264771,238.434799,180.0000
MFC2025_EndAlz_Conspiracy.esm,0F002443,001405FF,ConsoleTowerBLeft01,SCOL,-338.616394,1575.264771,238.434952,180.0000
MFC2025_EndAlz_Conspiracy.esm,0F002444,00140615,ConsoleTowerBFull01,SCOL,-237.207138,1575.264771,238.434967,180.0000
MFC2025_EndAlz_Conspiracy.esm,0F002445,00144008,ConsoleTowerBLeft02,SCOL,-143.865036,1575.264771,238.435059,180.0000
MFC2025_EndAlz_Conspiracy.esm,0F002446,0014400E,ConsoleTowerBLeft03,SCOL,-105.044044,1575.264771,238.435089,180.0000
MFC2025_EndAlz_Conspiracy.esm,0F002447,0014400F,ConsoleTowerBLeft04,SCOL,-67.562904,1575.264771,238.435059,180.0000
MFC2025_EndAlz_Conspiracy.esm,0F002448,00140603,ConsoleTowerBRight01,SCOL,-30.258770,1575.264771,238.435181,180.0000
MFC2025_EndAlz_Conspiracy.esm,0F002449,00143C53,ConsoleTowerBRight02,SCOL,15.798785,1575.264771,238.435181,180.0000
MFC2025_EndAlz_Conspiracy.esm,0F00244A,00143CEA,ConsoleTowerBRight03,SCOL,52.298786,1575.264771,238.435196,180.0000
MFC2025_EndAlz_Conspiracy.esm,0F00244B,0002D587,ExtRubble_HiTec_Debris01,STAT,1135.109863,-71.212463,65.011787,0.0000
MFC2025_EndAlz_Conspiracy.esm,0F00244C,0100AF1E,DLC01GroundCableBlackThin07,STAT,-260.650269,1198.212280,3.432484,355.9203
MFC2025_EndAlz_Conspiracy.esm,0F00244D,0100AF18,DLC01GroundCableBlackThin01,STAT,-143.501724,1126.358276,-0.000015,262.6206
MFC2025_EndAlz_Conspiracy.esm,0F00244E,0100AF1A,DLC01GroundCableBlackThin03,STAT,-241.518570,1196.848022,-0.000015,184.0797
MFC2025_EndAlz_Conspiracy.esm,0F00244F,0100AF1B,DLC01GroundCableBlackThin04,STAT,-189.614746,1207.260498,-0.000015,161.1614
MFC2025_EndAlz_Conspiracy.esm,0F002450,0100AF1F,DLC01GroundCableBlackThin08,STAT,109.442520,940.119263,-0.000015,285.5390
MFC2025_EndAlz_Conspiracy.esm,0F002451,0100AF18,DLC01GroundCableBlackThin01,STAT,-276.465149,1199.340454,-0.000015,184.0797
MFC2025_EndAlz_Conspiracy.esm,0F002452,0100AF1C,DLC01GroundCableBlackThin05,STAT,-294.358948,1200.616821,-0.000015,184.0797
MFC2025_EndAlz_Conspiracy.esm,0F002453,0100AF1C,DLC01GroundCableBlackThin05,STAT,-162.002579,1226.841797,-0.000015,138.2432
MFC2025_EndAlz_Conspiracy.esm,0F002454,0100AF18,DLC01GroundCableBlackThin01,STAT,-148.620056,1238.788574,-0.000015,138.2432
MFC2025_EndAlz_Conspiracy.esm,0F002455,0100AF1E,DLC01GroundCableBlackThin07,STAT,-136.792496,1249.347290,3.432484,41.7569
MFC2025_EndAlz_Conspiracy.esm,0F002456,0100AF1F,DLC01GroundCableBlackThin08,STAT,306.198273,1335.020020,-0.000015,239.7024
MFC2025_EndAlz_Conspiracy.esm,0F002457,0100AF1B,DLC01GroundCableBlackThin04,STAT,-125.924141,1259.050415,-0.000015,138.2432
MFC2025_EndAlz_Conspiracy.esm,0F002458,0100AF1A,DLC01GroundCableBlackThin03,STAT,-122.484657,1262.121094,-0.000015,138.2432
MFC2025_EndAlz_Conspiracy.esm,0F002459,0100AF18,DLC01GroundCableBlackThin01,STAT,-13.365961,1250.139282,-0.000015,228.2432
MFC2025_EndAlz_Conspiracy.esm,0F00245A,0100AF1C,DLC01GroundCableBlackThin05,STAT,-398.773315,1278.459229,-0.000015,229.9164
MFC2025_EndAlz_Conspiracy.esm,0F00245B,0100AF18,DLC01GroundCableBlackThin01,STAT,-388.090790,1264.002930,-0.000015,229.9164
MFC2025_EndAlz_Conspiracy.esm,0F00245C,0100AF1E,DLC01GroundCableBlackThin07,STAT,-342.709625,1220.760254,3.432522,310.0836
MFC2025_EndAlz_Conspiracy.esm,0F00245D,0100AF1F,DLC01GroundCableBlackThin08,STAT,-443.061768,910.248108,-0.000015,342.8348
MFC2025_EndAlz_Conspiracy.esm,0F00245E,0100AF1B,DLC01GroundCableBlackThin04,STAT,-367.631775,1241.455811,-0.000015,229.9164
MFC2025_EndAlz_Conspiracy.esm,0F00245F,0100AF1A,DLC01GroundCableBlackThin03,STAT,-353.294189,1224.419678,-0.000015,217.5407
MFC2025_EndAlz_Conspiracy.esm,0F002460,0100AF18,DLC01GroundCableBlackThin01,STAT,-307.657288,1110.406372,-0.000015,296.9982
MFC2025_EndAlz_Conspiracy.esm,0F002461,00140607,ConsoleTowerCorner02,SCOL,98.589806,1559.892700,-0.000015,90.0000
MFC2025_EndAlz_Conspiracy.esm,0F002462,00140607,ConsoleTowerCorner02,SCOL,99.309181,1560.569946,238.320496,180.0000
MFC2025_EndAlz_Conspiracy.esm,0F002463,00144008,ConsoleTowerBLeft02,SCOL,114.433037,1505.892212,-0.000015,90.0000
MFC2025_EndAlz_Conspiracy.esm,0F002464,001405FF,ConsoleTowerBLeft01,SCOL,114.433029,1469.683838,-0.000015,90.0000
MFC2025_EndAlz_Conspiracy.esm,0F002465,0014400E,ConsoleTowerBLeft03,SCOL,114.433022,1433.527466,-0.000015,90.0000
MFC2025_EndAlz_Conspiracy.esm,0F002466,0014400E,ConsoleTowerBLeft03,SCOL,115.152473,1513.936157,237.834229,90.0000
MFC2025_EndAlz_Conspiracy.esm,0F002467,001405FF,ConsoleTowerBLeft01,SCOL,115.152481,1477.779785,237.834229,90.0000
MFC2025_EndAlz_Conspiracy.esm,0F002468,00144008,ConsoleTowerBLeft02,SCOL,115.152489,1441.571411,237.834259,90.0000
MFC2025_EndAlz_Conspiracy.esm,0F002469,0F0023E6,VP25_Lights_AlienGlow_Green,LIGH,-30.198393,688.864258,166.543839,0.0000
MFC2025_EndAlz_Conspiracy.esm,0F00246A,0F0023E6,VP25_Lights_AlienGlow_Green,LIGH,-43.355564,313.839355,166.543839,0.0000
MFC2025_EndAlz_Conspiracy.esm,0F00246B,0F0023E6,VP25_Lights_AlienGlow_Green,LIGH,-242.692001,251.384293,166.543839,0.0000
MFC2025_EndAlz_Conspiracy.esm,0F00246C,0F0023E6,VP25_Lights_AlienGlow_Green,LIGH,-55.100922,251.384293,166.543839,0.0000
MFC2025_EndAlz_Conspiracy.esm,0F00246D,0F0023E6,VP25_Lights_AlienGlow_Green,LIGH,-910.870911,251.384293,148.412308,0.0000
MFC2025_EndAlz_Conspiracy.esm,0F00246E,0F0023E6,VP25_Lights_AlienGlow_Green,LIGH,1027.139404,440.428253,492.690308,0.0000
MFC2025_EndAlz_Conspiracy.esm,0F00246F,00140617,ConsoleTowerAFull01,SCOL,-73.064743,1357.499756,-0.531119,270.0001
MFC2025_EndAlz_Conspiracy.esm,0F002470,00140617,ConsoleTowerAFull01,SCOL,-66.980568,-226.074768,255.309662,270.0001
MFC2025_EndAlz_Conspiracy.esm,0F002471,01001ED6,MacMechDetailGreeb01,STAT,640.693481,736.776550,912.850708,0.0000
MFC2025_EndAlz_Conspiracy.esm,0F002473,0F002472,VP25_Lights_AlienGlow_Green_1024,LIGH,-249.861679,737.164978,617.721069,0.0000
MFC2025_EndAlz_Conspiracy.esm,0F002474,0F002472,VP25_Lights_AlienGlow_Green_1024,LIGH,645.096130,737.164978,617.721069,0.0000
MFC2025_EndAlz_Conspiracy.esm,0F002475,01004F2A,DLC01RoboBrainInChair,MSTT,-722.592529,609.545044,21.718691,280.6226
MFC2025_EndAlz_Conspiracy.esm,0F002476,000BAD51,NpcStoolDinerIntSit01Static,STAT,-721.261597,617.540344,1.166172,280.6226
MFC2025_EndAlz_Conspiracy.esm,0F002477,01004F2A,DLC01RoboBrainInChair,MSTT,-681.859924,1022.664612,21.718691,257.7043
MFC2025_EndAlz_Conspiracy.esm,0F002478,000BAD51,NpcStoolDinerIntSit01Static,STAT,-683.747559,1030.546997,1.166172,257.7043
MFC2025_EndAlz_Conspiracy.esm,0F002479,01004F2A,DLC01RoboBrainInChair,MSTT,-613.928772,1230.937500,21.718691,288.0714
MFC2025_EndAlz_Conspiracy.esm,0F00247A,000BAD51,NpcStoolDinerIntSit01Static,STAT,-611.572632,1238.692871,1.166172,288.0714
MFC2025_EndAlz_Conspiracy.esm,0F00247B,01004F2A,DLC01RoboBrainInChair,MSTT,-573.685791,1354.269653,21.718691,288.0714
MFC2025_EndAlz_Conspiracy.esm,0F00247C,000BAD51,NpcStoolDinerIntSit01Static,STAT,-571.329651,1362.025024,1.166172,288.0714
MFC2025_EndAlz_Conspiracy.esm,0F00247D,01004F2A,DLC01RoboBrainInChair,MSTT,-499.974457,1485.004272,21.718691,356.8263
MFC2025_EndAlz_Conspiracy.esm,0F00247E,000BAD51,NpcStoolDinerIntSit01Static,STAT,-491.892303,1485.618530,1.166172,356.8263
MFC2025_EndAlz_Conspiracy.esm,0F00247F,001328B2,ExtRubble_HiTec_Med_Short01,STAT,1082.906372,10.913010,-20.176754,0.0000
MFC2025_EndAlz_Conspiracy.esm,0F002480,000AEF57,Vault_FloorMat_Large_02,STAT,-666.982544,48.867607,0.000000,180.0000
MFC2025_EndAlz_Conspiracy.esm,0F002481,000AEF58,Vault_FloorMat_Large_03,STAT,-548.717285,295.580414,0.000000,90.0000
MFC2025_EndAlz_Conspiracy.esm,0F002482,000AEF58,Vault_FloorMat_Large_03,STAT,-785.277771,288.172913,0.000000,90.0000
MFC2025_EndAlz_Conspiracy.esm,0F002483,000AEF57,Vault_FloorMat_Large_02,STAT,-607.966980,539.269470,0.000000,90.0000
MFC2025_EndAlz_Conspiracy.esm,0F002484,000AEF59,Vault_FloorMat_Large_04,STAT,-423.609406,780.080811,0.000000,90.0000
MFC2025_EndAlz_Conspiracy.esm,0F002485,000AEF57,Vault_FloorMat_Large_02,STAT,-586.707397,1021.578308,0.000000,90.0000
MFC2025_EndAlz_Conspiracy.esm,0F002486,000AEF58,Vault_FloorMat_Large_03,STAT,-347.107819,1014.046204,0.000000,90.0000
MFC2025_EndAlz_Conspiracy.esm,0F002487,000AEF59,Vault_FloorMat_Large_04,STAT,-513.683350,1285.846191,0.000000,90.0000
MFC2025_EndAlz_Conspiracy.esm,0F002488,000AEF59,Vault_FloorMat_Large_04,STAT,-104.443970,1014.046021,0.000000,90.0000
MFC2025_EndAlz_Conspiracy.esm,0F002489,000AEF5C,Vault_FloorMat_Medium_02,STAT,98.053070,953.681091,0.000000,112.9184
MFC2025_EndAlz_Conspiracy.esm,0F00248A,000AEF58,Vault_FloorMat_Large_03,STAT,68.895859,1249.493896,0.000000,90.0000
MFC2025_EndAlz_Conspiracy.esm,0F00248B,000AEF5C,Vault_FloorMat_Medium_02,STAT,-206.788071,816.173584,0.000000,9.7860
MFC2025_EndAlz_Conspiracy.esm,0F00248C,000AEF59,Vault_FloorMat_Large_04,STAT,13.869492,746.692993,0.000000,358.3269
MFC2025_EndAlz_Conspiracy.esm,0F00248D,001A0380,Loot_ToolChest,CONT,-312.169495,727.916809,1.166172,191.4592
MFC2025_EndAlz_Conspiracy.esm,0F00248E,001A0380,Loot_ToolChest,CONT,560.954468,363.425201,0.045035,258.5409
MFC2025_EndAlz_Conspiracy.esm,0F00248F,00059A9A,Loot_Toolbox,CONT,561.660278,360.923187,97.400467,268.3269
MFC2025_EndAlz_Conspiracy.esm,0F002490,00140605,ConsoleTowerSingle02,SCOL,493.735199,-305.898315,255.309662,180.0001
MFC2025_EndAlz_Conspiracy.esm,0F002491,00140605,ConsoleTowerSingle02,SCOL,493.735199,-305.898315,401.053528,180.0001
MFC2025_EndAlz_Conspiracy.esm,0F002492,00140605,ConsoleTowerSingle02,SCOL,540.783691,-305.898315,401.053528,180.0001
MFC2025_EndAlz_Conspiracy.esm,0F002493,00140605,ConsoleTowerSingle02,SCOL,540.783691,-305.898315,255.309662,180.0001
MFC2025_EndAlz_Conspiracy.esm,0F002494,00140605,ConsoleTowerSingle02,SCOL,586.761230,-305.898315,401.053528,180.0001
MFC2025_EndAlz_Conspiracy.esm,0F002495,00140605,ConsoleTowerSingle02,SCOL,586.761230,-305.898315,255.309662,180.0001
MFC2025_EndAlz_Conspiracy.esm,0F002496,00140605,ConsoleTowerSingle02,SCOL,632.827332,-305.898315,401.053528,180.0001
MFC2025_EndAlz_Conspiracy.esm,0F002497,00140605,ConsoleTowerSingle02,SCOL,632.827332,-305.898315,255.309662,180.0001
MFC2025_EndAlz_Conspiracy.esm,0F002498,00140605,ConsoleTowerSingle02,SCOL,679.869141,-305.898315,401.053528,180.0001
MFC2025_EndAlz_Conspiracy.esm,0F002499,00140605,ConsoleTowerSingle02,SCOL,679.869141,-305.898315,255.309662,180.0001
MFC2025_EndAlz_Conspiracy.esm,0F00249A,00140605,ConsoleTowerSingle02,SCOL,726.508484,-305.898315,401.053528,180.0001
MFC2025_EndAlz_Conspiracy.esm,0F00249B,00140605,ConsoleTowerSingle02,SCOL,726.508484,-305.898315,255.309662,180.0001
MFC2025_EndAlz_Conspiracy.esm,0F00249C,00140605,ConsoleTowerSingle02,SCOL,772.694519,-305.898315,401.053528,180.0001
MFC2025_EndAlz_Conspiracy.esm,0F00249D,00140605,ConsoleTowerSingle02,SCOL,772.694519,-305.898315,255.309662,180.0001
MFC2025_EndAlz_Conspiracy.esm,0F00249E,00140605,ConsoleTowerSingle02,SCOL,490.622711,4.900105,401.053528,0.0002
MFC2025_EndAlz_Conspiracy.esm,0F00249F,00140605,ConsoleTowerSingle02,SCOL,490.622711,4.900105,255.309662,0.0002
MFC2025_EndAlz_Conspiracy.esm,0F0024A0,00140605,ConsoleTowerSingle02,SCOL,536.846558,4.900105,401.053528,0.0002
MFC2025_EndAlz_Conspiracy.esm,0F0024A1,00140605,ConsoleTowerSingle02,SCOL,536.846558,4.900105,255.309662,0.0002
MFC2025_EndAlz_Conspiracy.esm,0F0024A2,00140605,ConsoleTowerSingle02,SCOL,583.589783,4.900105,401.053528,0.0002
MFC2025_EndAlz_Conspiracy.esm,0F0024A3,00140605,ConsoleTowerSingle02,SCOL,583.589783,4.900105,255.309662,0.0002
MFC2025_EndAlz_Conspiracy.esm,0F0024A4,00140605,ConsoleTowerSingle02,SCOL,629.746277,4.900105,401.053528,0.0002
MFC2025_EndAlz_Conspiracy.esm,0F0024A5,00140605,ConsoleTowerSingle02,SCOL,629.746277,4.900105,255.309662,0.0002
MFC2025_EndAlz_Conspiracy.esm,0F0024A6,00140605,ConsoleTowerSingle02,SCOL,676.590576,4.900105,401.053528,0.0002
MFC2025_EndAlz_Conspiracy.esm,0F0024A7,00140605,ConsoleTowerSingle02,SCOL,676.590576,4.900105,255.309662,0.0002
MFC2025_EndAlz_Conspiracy.esm,0F0024A8,00140605,ConsoleTowerSingle02,SCOL,722.127502,4.900105,401.053528,0.0002
MFC2025_EndAlz_Conspiracy.esm,0F0024A9,00140605,ConsoleTowerSingle02,SCOL,722.127502,4.900105,255.309662,0.0002
MFC2025_EndAlz_Conspiracy.esm,0F0024AA,00140605,ConsoleTowerSingle02,SCOL,768.369873,4.900105,401.053528,0.0002
MFC2025_EndAlz_Conspiracy.esm,0F0024AB,00140605,ConsoleTowerSingle02,SCOL,768.369873,4.900105,255.309662,0.0002
MFC2025_EndAlz_Conspiracy.esm,0F0024AC,00140605,ConsoleTowerSingle02,SCOL,805.367798,-162.263977,255.309662,90.0002
MFC2025_EndAlz_Conspiracy.esm,0F0024AD,00140605,ConsoleTowerSingle02,SCOL,805.367798,-162.263977,401.053528,90.0002
MFC2025_EndAlz_Conspiracy.esm,0F0024AE,00140605,ConsoleTowerSingle02,SCOL,805.367798,-116.698669,255.309662,90.0002
MFC2025_EndAlz_Conspiracy.esm,0F0024AF,00140605,ConsoleTowerSingle02,SCOL,805.367798,-116.698669,401.053528,90.0002
MFC2025_EndAlz_Conspiracy.esm,0F0024B0,00140605,ConsoleTowerSingle02,SCOL,805.367798,-206.370605,255.309662,90.0002
MFC2025_EndAlz_Conspiracy.esm,0F0024B1,00140605,ConsoleTowerSingle02,SCOL,805.367798,-206.370605,401.053528,90.0002
MFC2025_EndAlz_Conspiracy.esm,0F0024B2,000ECDAB,NewsRoomMap_prewar,STAT,42.806168,-343.986847,375.798126,180.0000
MFC2025_EndAlz_Conspiracy.esm,0F0024B3,0008BB85,WallConsole04_sm,MSTT,42.668594,-351.826904,374.998779,180.0000
MFC2025_EndAlz_Conspiracy.esm,0F0024B4,0100FE63,DLC01Sparks01,MSTT,-723.576233,-189.644577,1.424673,0.0000
MFC2025_EndAlz_Conspiracy.esm,0F0024B5,00045604,Sparks01,MSTT,-769.145813,33.541996,1.889816,0.0000
MFC2025_EndAlz_Conspiracy.esm,0F0024B6,00045614,SparksIntermittent,MSTT,-808.878235,319.503662,1.166172,0.0000
MFC2025_EndAlz_Conspiracy.esm,0F0024B7,0100FE63,DLC01Sparks01,MSTT,-513.800842,451.760254,0.000000,0.0000
MFC2025_EndAlz_Conspiracy.esm,0F0024B8,00045614,SparksIntermittent,MSTT,-444.091187,909.949036,1.166172,0.0000
MFC2025_EndAlz_Conspiracy.esm,0F0024B9,00045604,Sparks01,MSTT,-308.175629,1109.710571,2.427743,0.0000
MFC2025_EndAlz_Conspiracy.esm,0F0024BA,00045614,SparksIntermittent,MSTT,-493.702301,1282.052612,1.557969,0.0000
MFC2025_EndAlz_Conspiracy.esm,0F0024BB,00045614,SparksIntermittent,MSTT,109.897438,940.150818,0.998491,0.0000
MFC2025_EndAlz_Conspiracy.esm,0F0024BC,001A720B,HighTechFilingCabinet01AWeatheredTall,CONT,341.260010,728.304016,0.000031,270.0000
MFC2025_EndAlz_Conspiracy.esm,0F0024BD,001A720B,HighTechFilingCabinet01AWeatheredTall,CONT,341.260010,669.673218,0.000031,270.0000
MFC2025_EndAlz_Conspiracy.esm,0F0024BE,001A720B,HighTechFilingCabinet01AWeatheredTall,CONT,-396.563171,426.809845,0.000000,180.0000
MFC2025_EndAlz_Conspiracy.esm,0F0024BF,001A720B,HighTechFilingCabinet01AWeatheredTall,CONT,188.349686,1329.864624,1.372026,45.0000
MFC2025_EndAlz_Conspiracy.esm,0F0024C0,001A720B,HighTechFilingCabinet01AWeatheredTall,CONT,898.093384,215.752258,7.185946,138.5392
MFC2025_EndAlz_Conspiracy.esm,0F0024C1,010073F5,DLC01_Lair_Machine16,SCOL,874.942627,680.000000,0.000000,0.0000
MFC2025_EndAlz_Conspiracy.esm,0F0024C2,010073F5,DLC01_Lair_Machine16,SCOL,737.312500,688.657593,0.000000,325.6226
MFC2025_EndAlz_Conspiracy.esm,0F0024C3,010073F5,DLC01_Lair_Machine16,SCOL,-647.813965,827.081238,0.000000,21.2452
MFC2025_EndAlz_Conspiracy.esm,0F0024C4,000BC249,TerminalBroken01,STAT,99.714287,680.838318,97.624992,0.0000
MFC2025_EndAlz_Conspiracy.esm,0F0024C5,0014CCA8,TerminalBroken02,STAT,-400.942688,159.101181,97.625053,165.1946
MFC2025_EndAlz_Conspiracy.esm,0F0024C6,000BC249,TerminalBroken01,STAT,184.281387,1332.058838,126.122025,22.9183
MFC2025_EndAlz_Conspiracy.esm,0F0024C7,0014CCA8,TerminalBroken02,STAT,-25.192926,767.715759,1.859421,233.9494
MFC2025_EndAlz_Conspiracy.esm,0F0024C8,000BC249,TerminalBroken01,STAT,240.292511,757.723022,0.000000,160.4282
MFC2025_EndAlz_Conspiracy.esm,0F0024C9,000BC249,TerminalBroken01,STAT,267.942413,853.809753,17.942936,245.4086
MFC2025_EndAlz_Conspiracy.esm,0F0024CA,0014CCA8,TerminalBroken02,STAT,290.788513,804.979675,17.942936,73.5214
MFC2025_EndAlz_Conspiracy.esm,0F0024CB,0014CCA8,TerminalBroken02,STAT,291.314972,800.828064,55.708828,341.8482
MFC2025_EndAlz_Conspiracy.esm,0F0024CC,000BC249,TerminalBroken01,STAT,267.942413,848.725525,55.708828,57.2959
MFC2025_EndAlz_Conspiracy.esm,0F0024CD,0014CCA8,TerminalBroken02,STAT,288.454315,800.828064,93.240471,165.1948
MFC2025_EndAlz_Conspiracy.esm,0F0024CE,00047853,Terminal01,STAT,339.216309,669.561890,124.750046,314.1635
MFC2025_EndAlz_Conspiracy.esm,0F0024CF,00047853,Terminal01,STAT,762.373474,710.214783,56.036617,0.0000
MFC2025_EndAlz_Conspiracy.esm,0F0024D0,000BC249,TerminalBroken01,STAT,706.398682,674.724365,56.036617,233.9494
MFC2025_EndAlz_Conspiracy.esm,0F0024D1,0014CCA8,TerminalBroken02,STAT,706.398682,674.724365,16.803852,314.1635
MFC2025_EndAlz_Conspiracy.esm,0F0024D2,000BC249,TerminalBroken01,STAT,755.877075,711.979858,17.074949,45.8367
MFC2025_EndAlz_Conspiracy.esm,0F0024D3,00047853,Terminal01,STAT,710.348755,672.528992,92.452667,137.5099
MFC2025_EndAlz_Conspiracy.esm,0F0024D4,00047853,Terminal01,STAT,710.348755,672.528992,130.726578,229.1832
MFC2025_EndAlz_Conspiracy.esm,0F0024D5,00047853,Terminal01,STAT,759.135925,702.704956,130.726578,148.9691
MFC2025_EndAlz_Conspiracy.esm,0F0024D7,0F0024D6,VP25_Static_Flight_Recorder01,STAT,910.759644,686.242371,93.646324,0.0000
MFC2025_EndAlz_Conspiracy.esm,0F0024D8,0F0024D6,VP25_Static_Flight_Recorder01,STAT,876.017029,686.242371,93.646324,91.6732
MFC2025_EndAlz_Conspiracy.esm,0F0024D9,0F0024D6,VP25_Static_Flight_Recorder01,STAT,840.526001,686.242371,93.646324,194.8057
MFC2025_EndAlz_Conspiracy.esm,0F0024DA,0F0024D6,VP25_Static_Flight_Recorder01,STAT,864.502136,686.242371,55.982246,171.8874
MFC2025_EndAlz_Conspiracy.esm,0F0024DB,0F0024D6,VP25_Static_Flight_Recorder01,STAT,910.759644,686.242371,55.982246,114.5916
MFC2025_EndAlz_Conspiracy.esm,0F0024DC,0F0024D6,VP25_Static_Flight_Recorder01,STAT,840.526001,686.242371,17.664938,148.9691
MFC2025_EndAlz_Conspiracy.esm,0F0024DD,0F0024D6,VP25_Static_Flight_Recorder01,STAT,876.017029,686.242371,17.664938,171.8874
MFC2025_EndAlz_Conspiracy.esm,0F0024DE,0F0024D6,VP25_Static_Flight_Recorder01,STAT,910.759644,686.242371,17.664938,114.5916
MFC2025_EndAlz_Conspiracy.esm,0F0024DF,0F0024D6,VP25_Static_Flight_Recorder01,STAT,910.759644,686.242371,131.468170,45.8366
MFC2025_EndAlz_Conspiracy.esm,0F0024E0,0F0024D6,VP25_Static_Flight_Recorder01,STAT,876.017029,686.242371,131.468170,0.0001
MFC2025_EndAlz_Conspiracy.esm,0F0024E1,0F0024D6,VP25_Static_Flight_Recorder01,STAT,840.526001,686.242371,131.468170,126.0508
MFC2025_EndAlz_Conspiracy.esm,0F0024E2,01004F2B,DLC01RoboBrainHead,STAT,283.647919,693.305847,56.669155,176.6537
MFC2025_EndAlz_Conspiracy.esm,0F0024E3,01004F2B,DLC01RoboBrainHead,STAT,250.010803,679.067993,56.669155,27.6848
MFC2025_EndAlz_Conspiracy.esm,0F0024E4,01004F2B,DLC01RoboBrainHead,STAT,206.470947,690.544067,56.669155,176.6538
MFC2025_EndAlz_Conspiracy.esm,0F0024E5,01004F2B,DLC01RoboBrainHead,STAT,206.138458,691.343567,132.005676,171.8873
MFC2025_EndAlz_Conspiracy.esm,0F0024E6,01004F2B,DLC01RoboBrainHead,STAT,235.784622,691.343567,132.005676,199.5720
MFC2025_EndAlz_Conspiracy.esm,0F0024E7,01004F2B,DLC01RoboBrainHead,STAT,264.474854,682.327393,132.005676,325.6227
MFC2025_EndAlz_Conspiracy.esm,0F0024E8,01004F2B,DLC01RoboBrainHead,STAT,288.264191,687.638794,132.005676,160.4282
MFC2025_EndAlz_Conspiracy.esm,0F0024E9,01004F2B,DLC01RoboBrainHead,STAT,206.138458,682.327393,19.038353,0.0000
MFC2025_EndAlz_Conspiracy.esm,0F0024EA,01004F2B,DLC01RoboBrainHead,STAT,240.404724,683.703125,19.071802,222.4903
MFC2025_EndAlz_Conspiracy.esm,0F0024EB,01004F2B,DLC01RoboBrainHead,STAT,262.106415,685.718445,19.311813,176.6537
MFC2025_EndAlz_Conspiracy.esm,0F0024EC,01004F2B,DLC01RoboBrainHead,STAT,290.229218,682.327393,19.681164,325.6226
MFC2025_EndAlz_Conspiracy.esm,0F0024ED,000C4F66,MS11PowerRelayCoil_Static,STAT,736.922119,240.786911,76.004646,90.0000
MFC2025_EndAlz_Conspiracy.esm,0F0024EF,000BC24A,TerminalBrokenCorded01,STAT,-571.871765,-237.898529,-0.894387,188.1130
MFC2025_EndAlz_Conspiracy.esm,0F0024F0,000AEF59,Vault_FloorMat_Large_04,STAT,296.879791,1012.401062,0.000000,181.6734
MFC2025_EndAlz_Conspiracy.esm,0F0024F1,000AEF58,Vault_FloorMat_Large_03,STAT,511.655182,588.668335,0.000000,0.0000
MFC2025_EndAlz_Conspiracy.esm,0F0024F2,000AEF57,Vault_FloorMat_Large_02,STAT,634.084961,831.956299,0.000000,0.0000
MFC2025_EndAlz_Conspiracy.esm,0F0024F3,000AEF5A,Vault_FloorMat_Medium_01,STAT,453.106873,766.953003,0.000000,0.0000
MFC2025_EndAlz_Conspiracy.esm,0F0024F4,000AEF5C,Vault_FloorMat_Medium_02,STAT,412.111481,886.722168,0.000000,270.0001
MFC2025_EndAlz_Conspiracy.esm,0F0024F5,000AEF5B,Vault_FloorMat_Small_01,STAT,718.301208,964.745544,0.000000,258.5409
MFC2025_EndAlz_Conspiracy.esm,0F0024F6,000AEF5B,Vault_FloorMat_Small_01,STAT,887.328979,1008.629028,0.000000,13.1325
MFC2025_EndAlz_Conspiracy.esm,0F0024F7,000AEF5B,Vault_FloorMat_Small_01,STAT,952.060242,1008.629028,0.000000,1.6733
MFC2025_EndAlz_Conspiracy.esm,0F0024F8,000AEF5B,Vault_FloorMat_Small_01,STAT,874.168762,942.722473,0.000000,1.6733
MFC2025_EndAlz_Conspiracy.esm,0F0024F9,000AEF5B,Vault_FloorMat_Small_01,STAT,814.371643,932.265320,0.000000,270.0002
MFC2025_EndAlz_Conspiracy.esm,0F0024FA,000AEF5B,Vault_FloorMat_Small_01,STAT,788.357483,870.924438,0.000000,270.0002
MFC2025_EndAlz_Conspiracy.esm,0F0024FB,000AEF5B,Vault_FloorMat_Small_01,STAT,873.889954,755.287476,0.000000,258.5410
MFC2025_EndAlz_Conspiracy.esm,0F0024FC,000AEF5C,Vault_FloorMat_Medium_02,STAT,264.527374,581.002686,0.000000,91.6733
MFC2025_EndAlz_Conspiracy.esm,0F0024FD,000AEF5C,Vault_FloorMat_Medium_02,STAT,325.132965,514.278687,0.000000,268.3270
MFC2025_EndAlz_Conspiracy.esm,0F0024FE,0F0023E6,VP25_Lights_AlienGlow_Green,LIGH,159.730789,685.320618,136.413101,0.0000
MFC2025_EndAlz_Conspiracy.esm,0F0024FF,0001D971,BlackWireSpline01,BNDS,-585.351685,-240.113937,195.096497,0.0000
MFC2025_EndAlz_Conspiracy.esm,0F002500,0001D971,BlackWireSpline01,BNDS,-661.341797,-120.613052,202.005219,0.0000
MFC2025_EndAlz_Conspiracy.esm,0F002501,0001D971,BlackWireSpline01,BNDS,-661.575073,-21.982435,203.606689,0.0000
MFC2025_EndAlz_Conspiracy.esm,0F002502,0001D971,BlackWireSpline01,BNDS,-678.642273,36.578453,202.759857,0.0000
MFC2025_EndAlz_Conspiracy.esm,0F002503,000CA877,Loot_IndustrialTrunk_Boss,CONT,-682.902222,-236.226959,0.821111,188.1128
MFC2025_EndAlz_Conspiracy.esm,0F002504,0001D971,BlackWireSpline01,BNDS,-825.275635,202.622589,202.493546,0.0000
MFC2025_EndAlz_Conspiracy.esm,0F002505,00140605,ConsoleTowerSingle02,SCOL,-392.892090,365.498352,-0.060330,180.0001
MFC2025_EndAlz_Conspiracy.esm,0F002506,00140605,ConsoleTowerSingle02,SCOL,-389.775818,371.329132,-0.026017,90.0001
MFC2025_EndAlz_Conspiracy.esm,0F002507,00140605,ConsoleTowerSingle02,SCOL,-402.808472,371.329132,-0.026017,270.0002
MFC2025_EndAlz_Conspiracy.esm,0F002508,0019A6B1,HighTechDebris04,STAT,903.878601,776.308777,0.000000,81.0619
MFC2025_EndAlz_Conspiracy.esm,0F002509,0019A6B6,HighTechDebrisDecal01,STAT,943.414551,697.943604,0.000000,55.2784
MFC2025_EndAlz_Conspiracy.esm,0F00250A,0010693D,Rubble_Flat_Trash_Sm03,STAT,863.152771,561.351562,-1.677002,274.9040
MFC2025_EndAlz_Conspiracy.esm,0F00250B,0019A6B2,HighTechDebris05,STAT,904.274597,617.937988,0.000000,81.0619
MFC2025_EndAlz_Conspiracy.esm,0F00250C,0019A6B1,HighTechDebris04,STAT,973.079407,541.109619,-1.677002,81.0619
MFC2025_EndAlz_Conspiracy.esm,0F00250D,0019A6B3,HighTechDebris06,STAT,1032.415161,638.674377,0.000000,251.9864
MFC2025_EndAlz_Conspiracy.esm,0F00250E,0019A6B4,HighTechDebris07,STAT,1028.984985,534.483398,-1.677002,109.7095
MFC2025_EndAlz_Conspiracy.esm,0F00250F,0008B617,TrashPileWall03,STAT,1021.469543,724.882874,0.000000,81.0619
MFC2025_EndAlz_Conspiracy.esm,0F002510,0019A6B5,HighTechDebris08,STAT,996.245178,873.568970,-1.677002,81.0619
MFC2025_EndAlz_Conspiracy.esm,0F002511,000BA590,Vault_Crate_02_Steel,STAT,880.270203,941.528137,-1.009216,103.9821
MFC2025_EndAlz_Conspiracy.esm,0F002512,000BA591,Vault_Crate_03_Steel,STAT,889.658630,999.562378,-1.009216,193.9821
MFC2025_EndAlz_Conspiracy.esm,0F002513,000E479C,FlatbedCart,STAT,939.911865,948.370056,33.461731,0.0142
MFC2025_EndAlz_Conspiracy.esm,0F002514,0019A6B7,HighTechDebrisDecal02,STAT,979.025513,520.992371,-1.677002,81.0619
MFC2025_EndAlz_Conspiracy.esm,0F002515,0100F6EE,MacMechBioJar02a,STAT,-622.544861,814.627136,172.067993,0.0000
MFC2025_EndAlz_Conspiracy.esm,0F002516,0100F6EE,MacMechBioJar02a,STAT,-706.399414,-237.143570,42.136497,0.0000
MFC2025_EndAlz_Conspiracy.esm,0F002517,0100F6EB,MacMechBioJar04a,STAT,332.430817,1221.256714,245.608719,90.0000
MFC2025_EndAlz_Conspiracy.esm,0F002518,0100F6EE,MacMechBioJar02a,STAT,766.667297,705.918457,172.067978,0.0000
MFC2025_EndAlz_Conspiracy.esm,0F002519,010019D5,MacMechBrain01a,STAT,766.372192,706.914246,201.858978,0.0000
MFC2025_EndAlz_Conspiracy.esm,0F00251A,010019D6,MacMechBrain02a,STAT,308.349762,1205.127930,330.097229,180.0000
MFC2025_EndAlz_Conspiracy.esm,0F00251B,010019D5,MacMechBrain01a,STAT,345.839813,1212.963989,369.968903,202.9184
MFC2025_EndAlz_Conspiracy.esm,0F00251C,010019D7,MacMechBrain03a,STAT,345.839813,1232.739746,314.136475,145.6226
MFC2025_EndAlz_Conspiracy.esm,0F00251D,010019D4,MacMechBrain04a,STAT,-620.294678,814.181641,218.383179,135.0001
MFC2025_EndAlz_Conspiracy.esm,0F00251E,010019D4,MacMechBrain04a,STAT,-622.983093,814.916992,196.606903,0.0001
MFC2025_EndAlz_Conspiracy.esm,0F00251F,010019D4,MacMechBrain04a,STAT,-707.391602,-238.193588,68.970566,0.0000
MFC2025_EndAlz_Conspiracy.esm,0F002520,0F0023E6,VP25_Lights_AlienGlow_Green,LIGH,-707.426453,-237.938919,66.482430,0.0000
MFC2025_EndAlz_Conspiracy.esm,0F002521,0F0023E6,VP25_Lights_AlienGlow_Green,LIGH,-622.306519,814.123901,205.291626,0.0000
MFC2025_EndAlz_Conspiracy.esm,0F002522,0F0023E6,VP25_Lights_AlienGlow_Green,LIGH,329.406067,1221.438232,334.283173,0.0000
MFC2025_EndAlz_Conspiracy.esm,0F002523,0F0023E6,VP25_Lights_AlienGlow_Green,LIGH,766.080383,707.439026,198.301056,0.0000
MFC2025_EndAlz_Conspiracy.esm,0F002524,010019D4,MacMechBrain04a,STAT,-396.554718,371.196716,163.702637,315.0000
MFC2025_EndAlz_Conspiracy.esm,0F002525,0100F6EB,MacMechBioJar04a,STAT,-396.189606,371.331360,124.750008,90.0000
MFC2025_EndAlz_Conspiracy.esm,0F002526,0F0023E6,VP25_Lights_AlienGlow_Green,LIGH,-396.345154,370.575195,161.720322,0.0000
MFC2025_EndAlz_Conspiracy.esm,0F002527,00223CB7,PryPowerCableStraight01,STAT,-784.351135,636.678223,215.954224,103.8204
MFC2025_EndAlz_Conspiracy.esm,0F002528,0014EC1E,InstituteControlPanel03,STAT,437.440765,-284.361053,255.639923,90.0000
MFC2025_EndAlz_Conspiracy.esm,0F002529,001C19C5,InstituteCWMap01,STAT,39.283497,-419.552795,525.530823,0.0000
MFC2025_EndAlz_Conspiracy.esm,0F00252A,001C19C5,InstituteCWMap01,STAT,227.221191,-419.552795,525.530823,0.0000
MFC2025_EndAlz_Conspiracy.esm,0F00252B,0014EC21,InstituteControlPanel06,STAT,437.795013,-233.381210,255.639923,90.0000
MFC2025_EndAlz_Conspiracy.esm,0F00252C,000DB869,InstituteTable01,STAT,381.027069,12.379612,255.639954,225.0001
MFC2025_EndAlz_Conspiracy.esm,0F00252D,000E696E,InstituteTable01Accessory03,STAT,381.027069,12.379612,255.639954,225.0001
MFC2025_EndAlz_Conspiracy.esm,0F00252E,001203E1,InstituteTable01DeskMat02,STAT,381.027069,12.379612,255.639954,225.0001
MFC2025_EndAlz_Conspiracy.esm,0F00252F,0014D0B4,InstitutelMicroscope01,STAT,402.145386,-17.627857,312.014954,56.4592
MFC2025_EndAlz_Conspiracy.esm,0F002530,001C61C3,InsMicroscope01,MISC,385.303345,8.918325,312.014954,314.1635
MFC2025_EndAlz_Conspiracy.esm,0F002531,000EC8B6,Beaker_Stand,MISC,363.383240,23.668484,312.014954,0.0000
MFC2025_EndAlz_Conspiracy.esm,0F002532,000EC8AD,Beaker02,MISC,363.740692,23.587507,332.624329,0.0000
MFC2025_EndAlz_Conspiracy.esm,0F002533,000EC8B8,BunsenBurner,MISC,362.957733,23.897108,312.014954,325.6226
MFC2025_EndAlz_Conspiracy.esm,0F002534,001A037F,Loot_ToolboxLarge,CONT,377.822784,37.250340,255.639923,126.0507
MFC2025_EndAlz_Conspiracy.esm,0F002535,010109E2,DLC01_TrashClump01_RobotDebris,STAT,887.687622,422.862122,18.979177,0.0000
MFC2025_EndAlz_Conspiracy.esm,0F002536,010109E0,DLC01_TrashClump03_RobotDebris,STAT,806.476990,304.049957,5.055358,0.0000
MFC2025_EndAlz_Conspiracy.esm,0F002537,001422F0,ConsoleTowerSingle03,SCOL,121.669022,-348.630585,247.588547,180.0000
MFC2025_EndAlz_Conspiracy.esm,0F002538,0014400A,ConsoleTowerSingle04,SCOL,82.653160,-348.630585,247.588547,180.0000
MFC2025_EndAlz_Conspiracy.esm,0F002539,001405B4,ConsoleCabSingle01,STAT,44.592392,-348.630707,247.588547,180.0000
MFC2025_EndAlz_Conspiracy.esm,0F00253A,001405AE,ConsoleCabDrawer01,STAT,44.592392,-348.630707,247.588547,180.0000
MFC2025_EndAlz_Conspiracy.esm,0F00253B,0020F1C9,ConsolePanA14On,STAT,48.592422,-319.630707,299.588562,180.0000
MFC2025_EndAlz_Conspiracy.esm,0F00253C,001405C7,ConsolePanA18,STAT,48.592422,-327.195099,308.588562,180.0000
MFC2025_EndAlz_Conspiracy.esm,0F00253D,001655AC,InstituteCafeSideTable01,STAT,0.447712,-327.845123,255.639893,0.0000
MFC2025_EndAlz_Conspiracy.esm,0F00253E,000AEF58,Vault_FloorMat_Large_03,STAT,159.745026,-184.988861,255.639923,0.0000
MFC2025_EndAlz_Conspiracy.esm,0F00253F,000AEF5B,Vault_FloorMat_Small_01,STAT,-1.632782,-279.580658,255.639923,0.0000
MFC2025_EndAlz_Conspiracy.esm,0F002540,000AEF5B,Vault_FloorMat_Small_01,STAT,-1.632782,-214.729614,255.639923,270.0000
MFC2025_EndAlz_Conspiracy.esm,0F002541,000AEF5B,Vault_FloorMat_Small_01,STAT,-1.632782,-150.127808,255.639923,0.0000
MFC2025_EndAlz_Conspiracy.esm,0F002542,000AEF5A,Vault_FloorMat_Medium_01,STAT,353.835632,-250.897293,255.639923,0.0000
MFC2025_EndAlz_Conspiracy.esm,0F002543,000AEF5C,Vault_FloorMat_Medium_02,STAT,353.835632,-124.289169,255.639923,0.0000
MFC2025_EndAlz_Conspiracy.esm,0F002544,000AEF5A,Vault_FloorMat_Medium_01,STAT,159.745026,7.159887,255.639923,0.0000
MFC2025_EndAlz_Conspiracy.esm,0F002545,000AEF5C,Vault_FloorMat_Medium_02,STAT,291.511780,7.159887,255.639923,0.0000
MFC2025_EndAlz_Conspiracy.esm,0F002546,000AEF5A,Vault_FloorMat_Medium_01,STAT,-36.018784,7.159887,255.639923,0.0000
MFC2025_EndAlz_Conspiracy.esm,0F002547,000AEF5B,Vault_FloorMat_Small_01,STAT,62.734295,7.159887,255.639923,348.5409
MFC2025_EndAlz_Conspiracy.esm,0F002548,00023736,Stimpak,ALCH,-325.203705,324.973694,97.625046,0.0000
MFC2025_EndAlz_Conspiracy.esm,0F002549,00023736,Stimpak,ALCH,-471.191559,176.835709,56.057682,68.7549
MFC2025_EndAlz_Conspiracy.esm,0F002554,0F002552,VP25_Key_AlienCardRed,KEYM,-657.451904,-246.030838,45.282429,268.3269
MFC2025_EndAlz_Conspiracy.esm,0F002555,0F0023E6,VP25_Lights_AlienGlow_Green,LIGH,-657.976257,-246.453262,-30000.000000,0.0000
MFC2025_EndAlz_Conspiracy.esm,0F00257C,0004A9B6,CulvertMetalCut01,STAT,494.517334,160.886475,160.518585,270.0000
MFC2025_EndAlz_Conspiracy.esm,0F00257D,0006556F,CulvertMetalCut02_End,STAT,629.103638,180.794266,96.662941,270.0000
MFC2025_EndAlz_Conspiracy.esm,0F00257E,00023473,BounceAmbBlue,LIGH,390.139435,-29.277571,321.662018,0.0000
MFC2025_EndAlz_Conspiracy.esm,0F00257F,00147B03,Jangles01,MISC,630.571472,-148.249329,263.700562,0.0000
MFC2025_EndAlz_Conspiracy.esm,0F002580,00147B03,Jangles01,MISC,725.152100,-106.710068,259.239410,225.0000
MFC2025_EndAlz_Conspiracy.esm,0F002581,00147B03,Jangles01,MISC,542.562439,-84.295616,263.717072,225.0000
MFC2025_EndAlz_Conspiracy.esm,0F002583,0F002582,VP25_AlienGutsyEnnemy,NPC_,-697.281494,-29.281921,1.166172,0.0000
MFC2025_EndAlz_Conspiracy.esm,0F002F3B,0F002F3E,VP25_Keycard_Case,DOOR,180.549057,1523.369751,344.030945,270.0001
MFC2025_EndAlz_Conspiracy.esm,0F002F3C,0F002550,VP25_Key_AlienCardGreen,KEYM,192.825684,1523.151978,333.991302,270.0000
MFC2025_EndAlz_Conspiracy.esm,0F002F3D,01010B80,DefaultGreenOmni01NS,LIGH,195.876877,1522.981445,350.013702,0.0000
MFC2025_EndAlz_Conspiracy.esm,0F002F3F,0F002F3E,VP25_Keycard_Case,DOOR,765.507812,-142.053604,339.114868,90.0000
MFC2025_EndAlz_Conspiracy.esm,0F002F40,0F0026FA,VP25_AlienNoSmoking,STAT,761.687866,-141.692978,343.413788,90.0000
MFC2025_EndAlz_Conspiracy.esm,0F002F41,0F002551,VP25_Key_AlienCardPurple,KEYM,752.069153,-142.091156,328.675232,152.4472
MFC2025_EndAlz_Conspiracy.esm,0F002F42,0005821A,CigarettePack,MISC,754.979980,-114.443741,325.294556,32.7043
MFC2025_EndAlz_Conspiracy.esm,0F002F43,0004A8C3,RandomPurple01NS,LIGH,753.281799,-141.897278,345.199646,0.0000
MFC2025_EndAlz_Conspiracy.esm,0F002F44,00044170,DefaultRedOmni01NS,LIGH,-657.556458,-246.371475,58.697552,0.0000
MFC2025_EndAlz_Conspiracy.esm,0F002F46,0F002F45,VP25_Dungeon02_AlienAmmoBox,CONT,-260.795105,40.545349,304.000000,0.0000
MFC2025_EndAlz_Conspiracy.esm,0F002325,00021FE9,ImpactDecalMetal01,TXST,-517.873657,504.538513,72.023239,0.0000
MFC2025_EndAlz_Conspiracy.esm,0F002326,00021FEA,ImpactDecalWood01,TXST,-473.375732,571.808960,72.023239,0.0000
MFC2025_EndAlz_Conspiracy.esm,0F002327,00237E52,ImpactDecalCryoFrost,TXST,-637.603882,719.668030,72.023239,26.5651
MFC2025_EndAlz_Conspiracy.esm,0F002ECB,0F002EC9,VP25_UFODoorButton,DOOR,-375.713257,-312.148163,255.639923,180.0000
MFC2025_EndAlz_Conspiracy.esm,0F002ECC,0F002EC9,VP25_UFODoorButton,DOOR,-332.813538,1518.088379,1.263519,328.9691
MFC2025_EndAlz_Conspiracy.esm,0F0023A5,01003657,Mechanical_FloorDrain02,STAT,0.000000,0.000000,0.000000,0.0000
MFC2025_EndAlz_Conspiracy.esm,0F0023A6,0019AC4D,IndSilo256BotPlat01,STAT,-2.550247,0.000000,0.000092,180.0000
MFC2025_EndAlz_Conspiracy.esm,0F0023A7,0017E8F0,Vault_HologramProjector,STAT,-103.418533,100.509689,0.000214,45.0001
MFC2025_EndAlz_Conspiracy.esm,0F0023A8,0017E8F0,Vault_HologramProjector,STAT,-2.951843,142.124435,0.000122,0.0000
MFC2025_EndAlz_Conspiracy.esm,0F0023A9,0017E8F0,Vault_HologramProjector,STAT,97.514816,100.509842,0.000031,315.0001
MFC2025_EndAlz_Conspiracy.esm,0F0023AA,0017E8F0,Vault_HologramProjector,STAT,139.129532,0.043137,-0.000031,270.0001
MFC2025_EndAlz_Conspiracy.esm,0F0023AB,0017E8F0,Vault_HologramProjector,STAT,97.514938,-100.423416,-0.000031,225.0001
MFC2025_EndAlz_Conspiracy.esm,0F0023AC,0017E8F0,Vault_HologramProjector,STAT,-2.951752,-142.038162,0.000061,180.0001
MFC2025_EndAlz_Conspiracy.esm,0F0023AD,0017E8F0,Vault_HologramProjector,STAT,-103.418411,-100.423569,0.000153,135.0001
MFC2025_EndAlz_Conspiracy.esm,0F0023AE,0017E8F0,Vault_HologramProjector,STAT,-145.033096,0.043137,0.000214,90.0000
MFC2025_EndAlz_Conspiracy.esm,0F001772,0F000FCA,VP25_BrainwashedBoss,NPC_,-320.000000,-192.000000,-64.000000,0.0000
MFC2025_EndAlz_Conspiracy.esm,0F00176E,0F000FD1,VP25_Computer,NPC_,1.525208,-240.401337,-63.999939,0.0000
MFC2025_EndAlz_Conspiracy.esm,0F000FC4,0F000FBC,VP25_Gunner,NPC_,0.000000,-384.000000,-64.000000,0.0000
MFC2025_EndAlz_Conspiracy.esm,0F000FC6,0F000FC3,VP25_MrGutsy04Gunner,NPC_,-124.984413,-390.482666,-64.000000,0.0000
MFC2025_EndAlz_Conspiracy.esm,0F000FC5,0F000FBD,VP25_RaiderLeader,NPC_,-384.000000,-384.000000,-64.000000,0.0000
MFC2025_EndAlz_Conspiracy.esm,0F000FD0,0F000FCB,VP25_SettlerRep,NPC_,0.000000,-64.000000,-64.000000,0.0000
MFC2025_EndAlz_Conspiracy.esm,0F000FAE,00082DA4,BldBrickSmFlrOnly01,STAT,-256.000000,-128.000000,-64.000000,0.0000
MFC2025_EndAlz_Conspiracy.esm,0F000FB8,00000032,COCMarkerHeading,STAT,-256.000000,-320.000000,-64.000000,0.0000
MFC2025_EndAlz_Conspiracy.esm,0F000FB7,00082DA4,BldBrickSmFlrOnly01,STAT,0.000000,-384.000000,-64.000000,0.0000
MFC2025_EndAlz_Conspiracy.esm,0F000FB6,00082DA4,BldBrickSmFlrOnly01,STAT,-256.000000,-384.000000,-64.000000,0.0000
MFC2025_EndAlz_Conspiracy.esm,0F000FB5,00082DA4,BldBrickSmFlrOnly01,STAT,-512.000000,-384.000000,-64.000000,0.0000
MFC2025_EndAlz_Conspiracy.esm,0F000FB4,00082DA4,BldBrickSmFlrOnly01,STAT,-512.000000,-128.000000,-64.000000,0.0000
MFC2025_EndAlz_Conspiracy.esm,0F000FB3,00082DA4,BldBrickSmFlrOnly01,STAT,-512.000000,128.000000,-64.000000,0.0000
MFC2025_EndAlz_Conspiracy.esm,0F000FB2,00082DA4,BldBrickSmFlrOnly01,STAT,0.000000,128.000000,-64.000000,0.0000
MFC2025_EndAlz_Conspiracy.esm,0F000FB1,00082DA4,BldBrickSmFlrOnly01,STAT,-256.000000,128.000000,-64.000000,0.0000
MFC2025_EndAlz_Conspiracy.esm,0F000FB0,00082DA4,BldBrickSmFlrOnly01,STAT,0.000000,-128.000000,-64.000000,0.0000
MFC2025_EndAlz_Conspiracy.esm,0F001DA3,0F001DA2,VP25_HoldingChest,CONT,-273.302185,201.764313,-64.000000,0.0000
MFC2025_EndAlz_Conspiracy.esm,0F000FB9,0000003B,XMarker,STAT,-256.000000,-64.000000,-64.000000,0.0000
MFC2025_EndAlz_Conspiracy.esm,0F000FBA,0F000F99,VP25_Companion,NPC_,-384.000000,-64.000000,-64.000000,0.0000
MFC2025_EndAlz_Conspiracy.esm,0F001E0A,0003C62C,RadioTransmitMarker,ACTI,-478.325745,90.356461,-64.000000,15.3331
MFC2025_EndAlz_Conspiracy.esm,0F002A4C,00032AA7,HitFloorSolidFull01,STAT,-16.000000,0.000000,0.000000,0.0000
MFC2025_EndAlz_Conspiracy.esm,0F002A4D,00032AA7,HitFloorSolidFull01,STAT,240.000000,0.000000,0.000000,0.0000
MFC2025_EndAlz_Conspiracy.esm,0F002A4E,00032AA7,HitFloorSolidFull01,STAT,-272.000000,0.000000,0.000000,0.0000
MFC2025_EndAlz_Conspiracy.esm,0F002A4F,00032AA7,HitFloorSolidFull01,STAT,-272.000000,256.000000,0.000000,0.0000
MFC2025_EndAlz_Conspiracy.esm,0F002A50,00032AA7,HitFloorSolidFull01,STAT,-16.000000,256.000000,0.000000,0.0000
MFC2025_EndAlz_Conspiracy.esm,0F002A51,00032AA7,HitFloorSolidFull01,STAT,240.000000,256.000000,0.000000,0.0000
MFC2025_EndAlz_Conspiracy.esm,0F002A52,00032AA7,HitFloorSolidFull01,STAT,-272.000000,-256.000000,0.000000,0.0000
MFC2025_EndAlz_Conspiracy.esm,0F002A53,00032AA7,HitFloorSolidFull01,STAT,-16.000000,-256.000000,0.000000,0.0000
MFC2025_EndAlz_Conspiracy.esm,0F002A54,00032AA7,HitFloorSolidFull01,STAT,240.000000,-256.000000,0.000000,0.0000
MFC2025_EndAlz_Conspiracy.esm,0F002A55,00032AA7,HitFloorSolidFull01,STAT,-528.000000,-256.000000,0.000000,0.0000
MFC2025_EndAlz_Conspiracy.esm,0F002A56,00032AA7,HitFloorSolidFull01,STAT,-528.000000,0.000000,0.000000,0.0000
MFC2025_EndAlz_Conspiracy.esm,0F002A57,00032AA7,HitFloorSolidFull01,STAT,-528.000000,256.000000,0.000000,0.0000
MFC2025_EndAlz_Conspiracy.esm,0F002A58,00032AA7,HitFloorSolidFull01,STAT,-784.000000,256.000000,80.000000,0.0000
MFC2025_EndAlz_Conspiracy.esm,0F002A59,00032AA7,HitFloorSolidFull01,STAT,-784.000000,0.000000,80.000000,0.0000
MFC2025_EndAlz_Conspiracy.esm,0F002A5A,00032AA7,HitFloorSolidFull01,STAT,-784.000000,-256.000000,80.000000,0.0000
MFC2025_EndAlz_Conspiracy.esm,0F002A5B,00032AA7,HitFloorSolidFull01,STAT,-1040.000000,-256.000000,80.000000,0.0000
MFC2025_EndAlz_Conspiracy.esm,0F002A5C,00032AA7,HitFloorSolidFull01,STAT,-1040.000000,0.000000,80.000000,0.0000
MFC2025_EndAlz_Conspiracy.esm,0F002A5D,00032AA7,HitFloorSolidFull01,STAT,-1040.000000,256.000000,80.000000,0.0000
MFC2025_EndAlz_Conspiracy.esm,0F002A5E,00032AA7,HitFloorSolidFull01,STAT,1008.000000,-256.000000,80.000000,0.0000
MFC2025_EndAlz_Conspiracy.esm,0F002A5F,00032AA7,HitFloorSolidFull01,STAT,1008.000000,0.000000,80.000000,0.0000
MFC2025_EndAlz_Conspiracy.esm,0F002A60,00032AA7,HitFloorSolidFull01,STAT,1008.000000,256.000000,80.000000,0.0000
MFC2025_EndAlz_Conspiracy.esm,0F002A61,00032AA7,HitFloorSolidFull01,STAT,752.000000,256.000000,80.000000,0.0000
MFC2025_EndAlz_Conspiracy.esm,0F002A62,00032AA7,HitFloorSolidFull01,STAT,752.000000,0.000000,80.000000,0.0000
MFC2025_EndAlz_Conspiracy.esm,0F002A63,00032AA7,HitFloorSolidFull01,STAT,752.000000,-256.000000,80.000000,0.0000
MFC2025_EndAlz_Conspiracy.esm,0F002A64,00032AA7,HitFloorSolidFull01,STAT,496.000000,-256.000000,0.000000,0.0000
MFC2025_EndAlz_Conspiracy.esm,0F002A65,00032AA7,HitFloorSolidFull01,STAT,496.000000,0.000000,0.000000,0.0000
MFC2025_EndAlz_Conspiracy.esm,0F002A66,00032AA7,HitFloorSolidFull01,STAT,496.000000,256.000000,0.000000,0.0000
MFC2025_EndAlz_Conspiracy.esm,0F002A67,00032AA7,HitFloorSolidFull01,STAT,-16.000000,-768.000000,80.000000,0.0000
MFC2025_EndAlz_Conspiracy.esm,0F002A68,00032AA7,HitFloorSolidFull01,STAT,240.000000,-768.000000,80.000000,0.0000
MFC2025_EndAlz_Conspiracy.esm,0F002A69,00032AA7,HitFloorSolidFull01,STAT,-272.000000,-768.000000,80.000000,0.0000
MFC2025_EndAlz_Conspiracy.esm,0F002A6A,00032AA7,HitFloorSolidFull01,STAT,-272.000000,-512.000000,0.000000,0.0000
MFC2025_EndAlz_Conspiracy.esm,0F002A6B,00032AA7,HitFloorSolidFull01,STAT,-16.000000,-512.000000,0.000000,0.0000
MFC2025_EndAlz_Conspiracy.esm,0F002A6C,00032AA7,HitFloorSolidFull01,STAT,240.000000,-512.000000,0.000000,0.0000
MFC2025_EndAlz_Conspiracy.esm,0F002A6D,00032AA7,HitFloorSolidFull01,STAT,-272.000000,-1024.000000,80.000000,0.0000
MFC2025_EndAlz_Conspiracy.esm,0F002A6E,00032AA7,HitFloorSolidFull01,STAT,-16.000000,-1024.000000,80.000000,0.0000
MFC2025_EndAlz_Conspiracy.esm,0F002A6F,00032AA7,HitFloorSolidFull01,STAT,240.000000,-1024.000000,80.000000,0.0000
MFC2025_EndAlz_Conspiracy.esm,0F002A70,00032AA7,HitFloorSolidFull01,STAT,-528.000000,-1024.000000,80.000000,0.0000
MFC2025_EndAlz_Conspiracy.esm,0F002A71,00032AA7,HitFloorSolidFull01,STAT,-528.000000,-768.000000,80.000000,0.0000
MFC2025_EndAlz_Conspiracy.esm,0F002A72,00032AA7,HitFloorSolidFull01,STAT,-528.000000,-512.000000,0.000000,0.0000
MFC2025_EndAlz_Conspiracy.esm,0F002A73,00032AA7,HitFloorSolidFull01,STAT,-784.000000,-512.000000,80.000000,0.0000
MFC2025_EndAlz_Conspiracy.esm,0F002A74,00032AA7,HitFloorSolidFull01,STAT,-784.000000,-768.000000,80.000000,0.0000
MFC2025_EndAlz_Conspiracy.esm,0F002A75,00032AA7,HitFloorSolidFull01,STAT,-1040.000000,-512.000000,80.000000,0.0000
MFC2025_EndAlz_Conspiracy.esm,0F002A76,00032AA7,HitFloorSolidFull01,STAT,1008.000000,-512.000000,80.000000,0.0000
MFC2025_EndAlz_Conspiracy.esm,0F002A77,00032AA7,HitFloorSolidFull01,STAT,752.000000,-512.000000,80.000000,0.0000
MFC2025_EndAlz_Conspiracy.esm,0F002A78,00032AA7,HitFloorSolidFull01,STAT,752.000000,-768.000000,80.000000,0.0000
MFC2025_EndAlz_Conspiracy.esm,0F002A79,00032AA7,HitFloorSolidFull01,STAT,496.000000,-1024.000000,80.000000,0.0000
MFC2025_EndAlz_Conspiracy.esm,0F002A7A,00032AA7,HitFloorSolidFull01,STAT,496.000000,-768.000000,80.000000,0.0000
MFC2025_EndAlz_Conspiracy.esm,0F002A7B,00032AA7,HitFloorSolidFull01,STAT,496.000000,-512.000000,0.000000,0.0000
MFC2025_EndAlz_Conspiracy.esm,0F002A7C,00102549,HitExtIntStairs128,STAT,512.000000,0.000000,80.000000,270.0000
MFC2025_EndAlz_Conspiracy.esm,0F002A7D,00102549,HitExtIntStairs128,STAT,-544.000000,0.000000,80.000000,90.0000
MFC2025_EndAlz_Conspiracy.esm,0F002A7E,0014EAAA,HitFloorSolidFullCurveD01,STAT,880.000000,-896.000000,80.000000,270.0001
MFC2025_EndAlz_Conspiracy.esm,0F002A7F,000782BA,HitFloorEdgeCorIn01,STAT,496.000000,-512.000000,80.000000,180.0001
MFC2025_EndAlz_Conspiracy.esm,0F002A80,000782BA,HitFloorEdgeCorIn01,STAT,-528.000000,-512.000000,80.000000,270.0001
MFC2025_EndAlz_Conspiracy.esm,0F002A81,000D4131,HitFloorEdge03CorIn01,STAT,496.000000,-512.000000,79.864716,180.0001
MFC2025_EndAlz_Conspiracy.esm,0F002A82,00075AD4,HitFloorEdgeStraight01,STAT,240.000000,-768.000000,80.000000,180.0001
MFC2025_EndAlz_Conspiracy.esm,0F002A83,00075AD4,HitFloorEdgeStraight01,STAT,-272.000000,-768.000000,80.000000,180.0001
MFC2025_EndAlz_Conspiracy.esm,0F002A84,00075AD4,HitFloorEdgeStraight01,STAT,-784.000000,-256.000000,80.000000,270.0001
MFC2025_EndAlz_Conspiracy.esm,0F002A85,00075AD4,HitFloorEdgeStraight01,STAT,752.000000,-256.000000,80.000000,90.0001
MFC2025_EndAlz_Conspiracy.esm,0F002A86,00076AD3,HitFloorEdgeCorOut01,STAT,752.000000,256.000000,80.000000,90.0001
MFC2025_EndAlz_Conspiracy.esm,0F002A87,00076AD3,HitFloorEdgeCorOut01,STAT,752.000000,-256.000000,80.000000,180.0001
MFC2025_EndAlz_Conspiracy.esm,0F002A88,00076AD3,HitFloorEdgeCorOut01,STAT,-784.000000,-256.000000,80.000000,270.0001
MFC2025_EndAlz_Conspiracy.esm,0F002A89,00076AD3,HitFloorEdgeCorOut01,STAT,-784.000000,256.000000,80.000000,0.0001
MFC2025_EndAlz_Conspiracy.esm,0F002A8A,000D4130,HitFloorEdge03Straight01,STAT,240.000000,-768.000000,79.864716,180.0001
MFC2025_EndAlz_Conspiracy.esm,0F002A8B,000D4130,HitFloorEdge03Straight01,STAT,752.000000,-256.000000,79.864716,90.0001
MFC2025_EndAlz_Conspiracy.esm,0F002A8C,000D4130,HitFloorEdge03Straight01,STAT,-784.000000,-256.000000,79.864716,270.0001
MFC2025_EndAlz_Conspiracy.esm,0F002A8D,000D4130,HitFloorEdge03Straight01,STAT,-272.000000,-768.000000,79.864716,180.0001
MFC2025_EndAlz_Conspiracy.esm,0F002A8E,000D4131,HitFloorEdge03CorIn01,STAT,-528.000000,-512.000000,79.864716,270.0001
MFC2025_EndAlz_Conspiracy.esm,0F002A8F,000D412F,HitFloorEdge03CorOut01,STAT,752.000000,-256.000000,79.864716,180.0002
MFC2025_EndAlz_Conspiracy.esm,0F002A90,000D412F,HitFloorEdge03CorOut01,STAT,752.000000,256.000000,79.864716,90.0002
MFC2025_EndAlz_Conspiracy.esm,0F002A91,000D412F,HitFloorEdge03CorOut01,STAT,-784.000000,256.000000,79.864716,0.0002
MFC2025_EndAlz_Conspiracy.esm,0F002A92,000D412F,HitFloorEdge03CorOut01,STAT,-784.000000,-256.000000,79.864716,270.0002
MFC2025_EndAlz_Conspiracy.esm,0F002A93,0014EAAA,HitFloorSolidFullCurveD01,STAT,-912.000000,-896.000000,80.000000,0.0000
MFC2025_EndAlz_Conspiracy.esm,0F002A94,0007B273,HitLgRmMid02Wall01,STAT,-1040.000000,272.000000,80.000000,0.0000
MFC2025_EndAlz_Conspiracy.esm,0F002A95,0007B273,HitLgRmMid02Wall01,STAT,-1040.000000,16.000000,80.000000,0.0000
MFC2025_EndAlz_Conspiracy.esm,0F002A96,0007B273,HitLgRmMid02Wall01,STAT,-1040.000000,-240.000000,80.000000,0.0000
MFC2025_EndAlz_Conspiracy.esm,0F002A97,0007B273,HitLgRmMid02Wall01,STAT,1008.000000,-240.000000,80.000000,180.0000
MFC2025_EndAlz_Conspiracy.esm,0F002A98,0007B273,HitLgRmMid02Wall01,STAT,1008.000000,16.000000,80.000000,180.0000
MFC2025_EndAlz_Conspiracy.esm,0F002A99,0007B273,HitLgRmMid02Wall01,STAT,1008.000000,272.000000,80.000000,180.0000
MFC2025_EndAlz_Conspiracy.esm,0F002A9A,000782BA,HitFloorEdgeCorIn01,STAT,-528.000000,256.000000,80.000000,0.0001
MFC2025_EndAlz_Conspiracy.esm,0F002A9B,000782BA,HitFloorEdgeCorIn01,STAT,496.000000,256.000000,80.000000,90.0001
MFC2025_EndAlz_Conspiracy.esm,0F002A9C,000D4130,HitFloorEdge03Straight01,STAT,-272.000000,512.000000,79.636520,0.0001
MFC2025_EndAlz_Conspiracy.esm,0F002A9D,00075AD4,HitFloorEdgeStraight01,STAT,-272.000000,512.000000,80.000000,0.0001
MFC2025_EndAlz_Conspiracy.esm,0F002A9E,00075AD4,HitFloorEdgeStraight01,STAT,240.000000,512.000000,80.000000,0.0001
MFC2025_EndAlz_Conspiracy.esm,0F002A9F,00102549,HitExtIntStairs128,STAT,-16.000000,272.000000,80.000000,0.0000
MFC2025_EndAlz_Conspiracy.esm,0F002AA0,00075AD4,HitFloorEdgeStraight01,STAT,-16.000000,-768.000000,80.000000,180.0001
MFC2025_EndAlz_Conspiracy.esm,0F002AA1,000D4130,HitFloorEdge03Straight01,STAT,-16.113958,-768.000000,79.864716,180.0001
MFC2025_EndAlz_Conspiracy.esm,0F002AA2,000D4131,HitFloorEdge03CorIn01,STAT,-528.000000,256.000000,79.636520,0.0001
MFC2025_EndAlz_Conspiracy.esm,0F002AA3,000D4130,HitFloorEdge03Straight01,STAT,240.000000,512.000000,79.636520,0.0001
MFC2025_EndAlz_Conspiracy.esm,0F002AA4,000D4131,HitFloorEdge03CorIn01,STAT,496.000000,256.000000,79.636520,90.0001
MFC2025_EndAlz_Conspiracy.esm,0F002AA5,000D412F,HitFloorEdge03CorOut01,STAT,240.000000,512.000000,79.636520,90.0002
MFC2025_EndAlz_Conspiracy.esm,0F002AA6,000D412F,HitFloorEdge03CorOut01,STAT,-272.000000,512.000000,79.636520,0.0002
MFC2025_EndAlz_Conspiracy.esm,0F002AA7,00076AD3,HitFloorEdgeCorOut01,STAT,240.000000,512.000000,80.000000,90.0001
MFC2025_EndAlz_Conspiracy.esm,0F002AA8,00076AD3,HitFloorEdgeCorOut01,STAT,-272.000000,512.000000,80.000000,0.0001
MFC2025_EndAlz_Conspiracy.esm,0F002AA9,00032AA7,HitFloorSolidFull01,STAT,-16.000000,512.000000,80.000000,0.0000
MFC2025_EndAlz_Conspiracy.esm,0F002AAA,00032AA7,HitFloorSolidFull01,STAT,-272.000000,512.000000,80.000000,0.0000
MFC2025_EndAlz_Conspiracy.esm,0F002AAB,00032AA7,HitFloorSolidFull01,STAT,240.000000,512.000000,80.000000,0.0000
MFC2025_EndAlz_Conspiracy.esm,0F002AAC,00032AA7,HitFloorSolidFull01,STAT,-272.000000,768.000000,80.000000,0.0000
MFC2025_EndAlz_Conspiracy.esm,0F002AAD,00032AA7,HitFloorSolidFull01,STAT,-16.000000,768.000000,80.000000,0.0000
MFC2025_EndAlz_Conspiracy.esm,0F002AAE,00032AA7,HitFloorSolidFull01,STAT,240.000000,768.000000,80.000000,0.0000
MFC2025_EndAlz_Conspiracy.esm,0F002AAF,0007B273,HitLgRmMid02Wall01,STAT,-1120.000000,256.000000,80.000000,90.0000
MFC2025_EndAlz_Conspiracy.esm,0F002AB0,0007B273,HitLgRmMid02Wall01,STAT,-608.000000,256.000000,80.000000,90.0000
MFC2025_EndAlz_Conspiracy.esm,0F002AB1,0007B273,HitLgRmMid02Wall01,STAT,624.000000,256.000000,80.000000,90.0000
MFC2025_EndAlz_Conspiracy.esm,0F002AB2,0007B273,HitLgRmMid02Wall01,STAT,1136.000000,256.000000,80.000000,90.0000
MFC2025_EndAlz_Conspiracy.esm,0F002AB3,0007B273,HitLgRmMid02Wall01,STAT,-288.000000,256.000000,80.000000,90.0000
MFC2025_EndAlz_Conspiracy.esm,0F002AB4,0007B273,HitLgRmMid02Wall01,STAT,256.000000,256.000000,80.000000,90.0000
MFC2025_EndAlz_Conspiracy.esm,0F002AB5,0007B273,HitLgRmMid02Wall01,STAT,-448.000000,256.163879,80.000000,90.0000
MFC2025_EndAlz_Conspiracy.esm,0F002AB6,0007B273,HitLgRmMid02Wall01,STAT,432.000000,256.165009,80.000000,90.0000
MFC2025_EndAlz_Conspiracy.esm,0F002AB7,0007B27C,HitLgRmMid02WallExLg01,STAT,-864.000000,256.000000,80.000000,90.0000
MFC2025_EndAlz_Conspiracy.esm,0F002AB8,0007B27C,HitLgRmMid02WallExLg01,STAT,880.000000,256.000000,80.063507,90.0000
MFC2025_EndAlz_Conspiracy.esm,0F002AB9,0007B27B,HitLgRmMid02CorOut01,STAT,-32.000000,256.000000,80.000000,0.0000
MFC2025_EndAlz_Conspiracy.esm,0F002ABA,0007B27B,HitLgRmMid02CorOut01,STAT,0.000000,256.000000,80.000000,90.0000
MFC2025_EndAlz_Conspiracy.esm,0F002ABB,0007B283,HitLgRmMid02WallWinCapR01,STAT,1008.000000,-496.000000,80.000000,180.0000
MFC2025_EndAlz_Conspiracy.esm,0F002ABC,0014EAA5,HitLgRmTopWallWinCurveD01,STAT,880.000000,-880.000000,-432.000000,270.0001
MFC2025_EndAlz_Conspiracy.esm,0F002ABD,0007B284,HitLgRmMid02WallWinMid01,STAT,496.000000,-1008.000000,80.000000,270.0001
MFC2025_EndAlz_Conspiracy.esm,0F002ABE,0007B284,HitLgRmMid02WallWinMid01,STAT,240.000000,-1008.000000,80.000000,270.0001
MFC2025_EndAlz_Conspiracy.esm,0F002ABF,0007B284,HitLgRmMid02WallWinMid01,STAT,-16.000000,-1008.000000,80.000000,270.0001
MFC2025_EndAlz_Conspiracy.esm,0F002AC0,0007B284,HitLgRmMid02WallWinMid01,STAT,-272.000000,-1008.000000,80.000000,270.0001
MFC2025_EndAlz_Conspiracy.esm,0F002AC1,0014EAA5,HitLgRmTopWallWinCurveD01,STAT,-912.000000,-880.000000,-432.000000,0.0000
MFC2025_EndAlz_Conspiracy.esm,0F002AC2,0007B284,HitLgRmMid02WallWinMid01,STAT,-528.000000,-1008.000000,80.000000,270.0001
MFC2025_EndAlz_Conspiracy.esm,0F002AC3,0007B282,HitLgRmMid02WallWinCapL01,STAT,-1040.000000,-496.000000,80.000000,0.0000
MFC2025_EndAlz_Conspiracy.esm,0F002AC4,0007B27B,HitLgRmMid02CorOut01,STAT,0.000000,512.000000,80.000000,180.0000
MFC2025_EndAlz_Conspiracy.esm,0F002AC5,0007B27B,HitLgRmMid02CorOut01,STAT,-32.000000,512.000000,80.000000,270.0001
MFC2025_EndAlz_Conspiracy.esm,0F002AC6,001624AF,HitLgRmBotWallCurve01,STAT,272.000000,512.000000,80.000000,270.0000
MFC2025_EndAlz_Conspiracy.esm,0F002AC7,0007B27B,HitLgRmMid02CorOut01,STAT,256.000000,512.000000,80.000000,270.0001
MFC2025_EndAlz_Conspiracy.esm,0F002AC8,0007B27B,HitLgRmMid02CorOut01,STAT,-288.000000,512.000000,80.000000,180.0001
MFC2025_EndAlz_Conspiracy.esm,0F002AC9,001624AF,HitLgRmBotWallCurve01,STAT,-288.000000,512.000000,80.000000,0.0000
MFC2025_EndAlz_Conspiracy.esm,0F002ACA,001624AF,HitLgRmBotWallCurve01,STAT,-288.000000,768.000000,80.000000,90.0000
MFC2025_EndAlz_Conspiracy.esm,0F002ACB,001624AF,HitLgRmBotWallCurve01,STAT,272.000000,768.000000,80.000000,180.0000
MFC2025_EndAlz_Conspiracy.esm,0F002ACC,00061F6B,HitLgRmBotWall01,STAT,112.000000,768.000000,80.000000,90.0001
MFC2025_EndAlz_Conspiracy.esm,0F002ACD,00061F6B,HitLgRmBotWall01,STAT,-144.000000,768.000000,80.000000,90.0001
MFC2025_EndAlz_Conspiracy.esm,0F002ACE,0007B273,HitLgRmMid02Wall01,STAT,256.000000,256.000000,336.000000,90.0000
MFC2025_EndAlz_Conspiracy.esm,0F002ACF,0007B273,HitLgRmMid02Wall01,STAT,-288.000000,256.000000,336.000000,90.0000
MFC2025_EndAlz_Conspiracy.esm,0F002AD0,0007B273,HitLgRmMid02Wall01,STAT,-544.000000,256.000000,336.000000,90.0000
MFC2025_EndAlz_Conspiracy.esm,0F002AD1,0007B273,HitLgRmMid02Wall01,STAT,-1056.000000,256.000000,336.000000,90.0000
MFC2025_EndAlz_Conspiracy.esm,0F002AD2,0007B273,HitLgRmMid02Wall01,STAT,-800.000000,256.000000,336.000000,90.0000
MFC2025_EndAlz_Conspiracy.esm,0F002AD3,0007B273,HitLgRmMid02Wall01,STAT,512.000000,256.000000,336.000000,90.0000
MFC2025_EndAlz_Conspiracy.esm,0F002AD4,0007B273,HitLgRmMid02Wall01,STAT,768.000000,256.000000,336.000000,90.0000
MFC2025_EndAlz_Conspiracy.esm,0F002AD5,0007B273,HitLgRmMid02Wall01,STAT,1024.000000,256.000000,336.000000,90.0000
MFC2025_EndAlz_Conspiracy.esm,0F002AD6,0007B273,HitLgRmMid02Wall01,STAT,1008.000000,272.000000,336.000000,180.0000
MFC2025_EndAlz_Conspiracy.esm,0F002AD7,0007B273,HitLgRmMid02Wall01,STAT,1008.000000,16.000000,336.000000,180.0000
MFC2025_EndAlz_Conspiracy.esm,0F002AD8,0007B273,HitLgRmMid02Wall01,STAT,1008.000000,-240.000000,336.000000,180.0000
MFC2025_EndAlz_Conspiracy.esm,0F002AD9,0007B283,HitLgRmMid02WallWinCapR01,STAT,1008.118103,-496.000000,304.000000,180.0000
MFC2025_EndAlz_Conspiracy.esm,0F002ADA,0014EAA5,HitLgRmTopWallWinCurveD01,STAT,875.800293,-876.262878,-208.000000,270.0001
MFC2025_EndAlz_Conspiracy.esm,0F002ADB,0007B284,HitLgRmMid02WallWinMid01,STAT,496.000000,-1008.340271,304.000000,270.0001
MFC2025_EndAlz_Conspiracy.esm,0F002ADC,0007B284,HitLgRmMid02WallWinMid01,STAT,240.000000,-1008.144165,304.000000,270.0001
MFC2025_EndAlz_Conspiracy.esm,0F002ADD,0007B284,HitLgRmMid02WallWinMid01,STAT,-16.000000,-1008.281311,304.000000,270.0001
MFC2025_EndAlz_Conspiracy.esm,0F002ADE,0007B284,HitLgRmMid02WallWinMid01,STAT,-272.000000,-1008.342407,304.000000,270.0001
MFC2025_EndAlz_Conspiracy.esm,0F002ADF,0007B284,HitLgRmMid02WallWinMid01,STAT,-528.000000,-1008.526550,304.000000,270.0001
MFC2025_EndAlz_Conspiracy.esm,0F002AE0,0014EAA5,HitLgRmTopWallWinCurveD01,STAT,-907.894775,-876.276855,-208.000000,0.0000
MFC2025_EndAlz_Conspiracy.esm,0F002AE1,0007B282,HitLgRmMid02WallWinCapL01,STAT,-1039.977905,-496.000000,304.000000,0.0000
MFC2025_EndAlz_Conspiracy.esm,0F002AE2,0007B273,HitLgRmMid02Wall01,STAT,-1040.000000,-240.000000,336.000000,0.0000
MFC2025_EndAlz_Conspiracy.esm,0F002AE3,0007B273,HitLgRmMid02Wall01,STAT,-1040.000000,16.000000,336.000000,0.0000
MFC2025_EndAlz_Conspiracy.esm,0F002AE4,0007B273,HitLgRmMid02Wall01,STAT,-1040.000000,272.000000,336.000000,0.0000
MFC2025_EndAlz_Conspiracy.esm,0F002AE5,0007B273,HitLgRmMid02Wall01,STAT,-1040.000000,272.000000,592.000000,0.0000
MFC2025_EndAlz_Conspiracy.esm,0F002AE6,0007B273,HitLgRmMid02Wall01,STAT,-1040.000000,16.000000,592.000000,0.0000
MFC2025_EndAlz_Conspiracy.esm,0F002AE7,0007B273,HitLgRmMid02Wall01,STAT,-1040.000000,-240.000000,592.000000,0.0000
MFC2025_EndAlz_Conspiracy.esm,0F002AE8,0007B282,HitLgRmMid02WallWinCapL01,STAT,-1040.000000,-496.000000,528.000000,0.0000
MFC2025_EndAlz_Conspiracy.esm,0F002AE9,0014EAA5,HitLgRmTopWallWinCurveD01,STAT,-903.491516,-872.414795,15.999985,0.0000
MFC2025_EndAlz_Conspiracy.esm,0F002AEA,0007B284,HitLgRmMid02WallWinMid01,STAT,-272.000000,-1008.000000,528.000000,270.0001
MFC2025_EndAlz_Conspiracy.esm,0F002AEB,0007B284,HitLgRmMid02WallWinMid01,STAT,-528.000000,-1008.000000,528.000000,270.0001
MFC2025_EndAlz_Conspiracy.esm,0F002AEC,0007B284,HitLgRmMid02WallWinMid01,STAT,-16.000000,-1008.000000,528.000000,270.0001
MFC2025_EndAlz_Conspiracy.esm,0F002AED,0007B284,HitLgRmMid02WallWinMid01,STAT,240.000000,-1008.000000,528.000000,270.0001
MFC2025_EndAlz_Conspiracy.esm,0F002AEE,0007B284,HitLgRmMid02WallWinMid01,STAT,496.000000,-1008.000000,528.000000,270.0001
MFC2025_EndAlz_Conspiracy.esm,0F002AEF,0014EAA5,HitLgRmTopWallWinCurveD01,STAT,871.789734,-872.510986,15.999985,270.0001
MFC2025_EndAlz_Conspiracy.esm,0F002AF0,0007B283,HitLgRmMid02WallWinCapR01,STAT,1008.000000,-496.000000,528.000000,180.0000
MFC2025_EndAlz_Conspiracy.esm,0F002AF1,0007B273,HitLgRmMid02Wall01,STAT,1008.000000,-240.000000,592.000000,180.0000
MFC2025_EndAlz_Conspiracy.esm,0F002AF2,0007B273,HitLgRmMid02Wall01,STAT,1008.000000,16.000000,592.000000,180.0000
MFC2025_EndAlz_Conspiracy.esm,0F002AF3,0007B273,HitLgRmMid02Wall01,STAT,1008.000000,272.000000,592.000000,180.0000
MFC2025_EndAlz_Conspiracy.esm,0F002AF4,00032AA7,HitFloorSolidFull01,STAT,240.000000,768.000000,336.000000,180.0000
MFC2025_EndAlz_Conspiracy.esm,0F002AF5,00032AA7,HitFloorSolidFull01,STAT,240.000000,512.000000,336.000000,180.0000
MFC2025_EndAlz_Conspiracy.esm,0F002AF6,00032AA7,HitFloorSolidFull01,STAT,-16.000000,512.000000,336.000000,180.0000
MFC2025_EndAlz_Conspiracy.esm,0F002AF7,00032AA7,HitFloorSolidFull01,STAT,-16.000000,768.000000,336.000000,180.0000
MFC2025_EndAlz_Conspiracy.esm,0F002AF8,00032AA7,HitFloorSolidFull01,STAT,-272.000000,512.000000,336.000000,180.0000
MFC2025_EndAlz_Conspiracy.esm,0F002AF9,00032AA7,HitFloorSolidFull01,STAT,-272.000000,768.000000,336.000000,180.0000
MFC2025_EndAlz_Conspiracy.esm,0F002AFA,0007B273,HitLgRmMid02Wall01,STAT,112.000000,256.179016,336.000000,90.0000
MFC2025_EndAlz_Conspiracy.esm,0F002AFB,0007B273,HitLgRmMid02Wall01,STAT,-144.000000,256.179016,336.000000,90.0000
MFC2025_EndAlz_Conspiracy.esm,0F002AFC,0007B27B,HitLgRmMid02CorOut01,STAT,112.000000,256.000000,208.000000,270.0000
MFC2025_EndAlz_Conspiracy.esm,0F002AFD,0007B27B,HitLgRmMid02CorOut01,STAT,112.000000,512.000000,208.000000,270.0000
MFC2025_EndAlz_Conspiracy.esm,0F002AFE,0007B27C,HitLgRmMid02WallExLg01,STAT,-864.000000,480.000000,80.063416,270.0001
MFC2025_EndAlz_Conspiracy.esm,0F002AFF,0007B27C,HitLgRmMid02WallExLg01,STAT,880.000000,480.000000,80.000000,270.0001
MFC2025_EndAlz_Conspiracy.esm,0F002B00,00061F6B,HitLgRmBotWall01,STAT,880.000000,512.000000,80.000000,0.0000
MFC2025_EndAlz_Conspiracy.esm,0F002B01,00061F6B,HitLgRmBotWall01,STAT,880.000000,512.000000,80.000000,180.0001
MFC2025_EndAlz_Conspiracy.esm,0F002B02,00061F6B,HitLgRmBotWall01,STAT,880.000000,512.000000,80.000000,90.0001
MFC2025_EndAlz_Conspiracy.esm,0F002B03,00061F6B,HitLgRmBotWall01,STAT,-864.000000,512.000000,80.000000,90.0001
MFC2025_EndAlz_Conspiracy.esm,0F002B04,00061F6B,HitLgRmBotWall01,STAT,-864.000000,512.000000,80.000000,0.0000
MFC2025_EndAlz_Conspiracy.esm,0F002B05,00061F6B,HitLgRmBotWall01,STAT,-864.000000,512.000000,80.000000,180.0001
MFC2025_EndAlz_Conspiracy.esm,0F002B06,00032AA7,HitFloorSolidFull01,STAT,-864.000000,496.000000,336.000000,180.0000
MFC2025_EndAlz_Conspiracy.esm,0F002B07,00032AA7,HitFloorSolidFull01,STAT,880.000000,496.000000,336.000000,180.0000
MFC2025_EndAlz_Conspiracy.esm,0F002B08,0007B273,HitLgRmMid02Wall01,STAT,-1056.000000,256.000000,592.000000,90.0000
MFC2025_EndAlz_Conspiracy.esm,0F002B09,0007B273,HitLgRmMid02Wall01,STAT,-800.000000,256.000000,592.000000,90.0000
MFC2025_EndAlz_Conspiracy.esm,0F002B0A,0007B273,HitLgRmMid02Wall01,STAT,-544.000000,256.000000,592.000000,90.0000
MFC2025_EndAlz_Conspiracy.esm,0F002B0B,0007B273,HitLgRmMid02Wall01,STAT,-288.000000,256.000000,592.000000,90.0000
MFC2025_EndAlz_Conspiracy.esm,0F002B0C,0007B273,HitLgRmMid02Wall01,STAT,-144.000000,256.179016,592.000000,90.0000
MFC2025_EndAlz_Conspiracy.esm,0F002B0D,0007B273,HitLgRmMid02Wall01,STAT,112.000000,256.179016,592.000000,90.0000
MFC2025_EndAlz_Conspiracy.esm,0F002B0E,0007B273,HitLgRmMid02Wall01,STAT,256.000000,256.000000,592.000000,90.0000
MFC2025_EndAlz_Conspiracy.esm,0F002B0F,0007B273,HitLgRmMid02Wall01,STAT,512.000000,256.000000,592.000000,90.0000
MFC2025_EndAlz_Conspiracy.esm,0F002B10,0007B273,HitLgRmMid02Wall01,STAT,768.000000,256.000000,592.000000,90.0000
MFC2025_EndAlz_Conspiracy.esm,0F002B11,0007B273,HitLgRmMid02Wall01,STAT,1024.000000,256.000000,592.000000,90.0000
MFC2025_EndAlz_Conspiracy.esm,0F002B12,00092F12,HitLgRmMidWallEdgeDmg02L,STAT,1008.000000,-496.000000,-192.000000,180.0000
MFC2025_EndAlz_Conspiracy.esm,0F002B13,00092F12,HitLgRmMidWallEdgeDmg02L,STAT,1004.745422,-496.000000,35.129253,180.0000
MFC2025_EndAlz_Conspiracy.esm,0F002B14,00092F12,HitLgRmMidWallEdgeDmg02L,STAT,1000.176086,-496.000000,264.514282,180.0000
MFC2025_EndAlz_Conspiracy.esm,0F002B15,00092F12,HitLgRmMidWallEdgeDmg02L,STAT,-1254.010620,-491.797180,264.514282,180.0000
MFC2025_EndAlz_Conspiracy.esm,0F002B16,00092F12,HitLgRmMidWallEdgeDmg02L,STAT,-1261.970093,-496.000000,35.129253,180.0000
MFC2025_EndAlz_Conspiracy.esm,0F002B17,00092F12,HitLgRmMidWallEdgeDmg02L,STAT,-1265.187500,-496.000000,-192.000000,180.0000
MFC2025_EndAlz_Conspiracy.esm,0F002B18,00092F12,HitLgRmMidWallEdgeDmg02L,STAT,496.751648,-1231.829224,-192.000000,90.0001
MFC2025_EndAlz_Conspiracy.esm,0F002B19,00092F12,HitLgRmMidWallEdgeDmg02L,STAT,496.751648,-1225.225220,41.379013,90.0001
MFC2025_EndAlz_Conspiracy.esm,0F002B1A,00092F12,HitLgRmMidWallEdgeDmg02L,STAT,496.751648,-1222.820312,271.351379,90.0001
MFC2025_EndAlz_Conspiracy.esm,0F002B1B,00092F12,HitLgRmMidWallEdgeDmg02L,STAT,-144.000000,-1234.881104,-192.000000,90.0001
MFC2025_EndAlz_Conspiracy.esm,0F002B1C,00092F12,HitLgRmMidWallEdgeDmg02L,STAT,-144.000000,-1234.881104,64.000000,90.0001
MFC2025_EndAlz_Conspiracy.esm,0F002B1D,00092F12,HitLgRmMidWallEdgeDmg02L,STAT,-144.000000,-1234.881104,320.000000,90.0001
MFC2025_EndAlz_Conspiracy.esm,0F002B1E,00092F12,HitLgRmMidWallEdgeDmg02L,STAT,109.652893,-1009.972290,-192.000000,270.0001
MFC2025_EndAlz_Conspiracy.esm,0F002B1F,00092F12,HitLgRmMidWallEdgeDmg02L,STAT,109.652893,-1009.972290,64.000000,270.0001
MFC2025_EndAlz_Conspiracy.esm,0F002B20,00092F12,HitLgRmMidWallEdgeDmg02L,STAT,109.652893,-1009.972290,320.000000,270.0001
MFC2025_EndAlz_Conspiracy.esm,0F002B21,00092F12,HitLgRmMidWallEdgeDmg02L,STAT,-527.529114,-1000.694702,271.636169,270.0001
MFC2025_EndAlz_Conspiracy.esm,0F002B22,00092F12,HitLgRmMidWallEdgeDmg02L,STAT,-527.529114,-1003.249512,34.866112,270.0001
MFC2025_EndAlz_Conspiracy.esm,0F002B23,00092F12,HitLgRmMidWallEdgeDmg02L,STAT,-527.529114,-1007.751831,-192.000000,270.0001
MFC2025_EndAlz_Conspiracy.esm,0F002B26,0F002B25,VP25_SCOL_BridgeControlWheel01,SCOL,175.886414,-1079.409668,81.997101,0.0000
MFC2025_EndAlz_Conspiracy.esm,0F002B27,0F002B25,VP25_SCOL_BridgeControlWheel01,SCOL,-205.022980,-1079.409668,81.997101,0.0000
MFC2025_EndAlz_Conspiracy.esm,0F002B28,00140609,ConsoleTowerCorner01,SCOL,271.373962,-1068.802856,80.000000,180.0000
MFC2025_EndAlz_Conspiracy.esm,0F002B29,00140609,ConsoleTowerCorner01,SCOL,-299.857391,-1068.802856,80.000000,270.0000
MFC2025_EndAlz_Conspiracy.esm,0F002B2A,0014060B,ConsoleTowerSingle01,SCOL,-315.398254,-1012.983887,80.000000,270.0000
MFC2025_EndAlz_Conspiracy.esm,0F002B2B,001422F0,ConsoleTowerSingle03,SCOL,-315.398254,-972.784485,80.000000,270.0000
MFC2025_EndAlz_Conspiracy.esm,0F002B2C,001422F0,ConsoleTowerSingle03,SCOL,287.455994,-1021.129700,80.000000,90.0001
MFC2025_EndAlz_Conspiracy.esm,0F002B2D,0014060B,ConsoleTowerSingle01,SCOL,287.456024,-980.930298,80.000000,90.0001
MFC2025_EndAlz_Conspiracy.esm,0F002B2E,00051EA2,NpcChairHighTechRoundChairDirtySit01Static,STAT,172.389221,-995.570618,83.649826,180.0000
MFC2025_EndAlz_Conspiracy.esm,0F002B2F,01004F2A,DLC01RoboBrainInChair,MSTT,180.807648,-1005.560669,81.438004,180.0000
MFC2025_EndAlz_Conspiracy.esm,0F002B30,01004F2A,DLC01RoboBrainInChair,MSTT,-200.116333,-1005.560669,81.717682,180.0000
MFC2025_EndAlz_Conspiracy.esm,0F002B31,00051EA2,NpcChairHighTechRoundChairDirtySit01Static,STAT,-208.534760,-995.570618,83.929504,180.0000
MFC2025_EndAlz_Conspiracy.esm,0F002B32,001C19C5,InstituteCWMap01,STAT,-15.240195,-1063.382935,65.907677,0.0000
MFC2025_EndAlz_Conspiracy.esm,0F002B33,0008BB81,WallConsole02_sm,MSTT,204.425140,-1089.055542,306.668182,180.0000
MFC2025_EndAlz_Conspiracy.esm,0F002B34,0008BB85,WallConsole04_sm,MSTT,-233.241119,-1089.055542,306.668182,180.0000
MFC2025_EndAlz_Conspiracy.esm,0F002B35,0008BB89,WallConsole06_sm,MSTT,-14.345236,-1089.055542,306.668182,180.0000
MFC2025_EndAlz_Conspiracy.esm,0F002B36,000ECDAB,NewsRoomMap_prewar,STAT,205.106781,-1082.691772,305.454315,180.0000
MFC2025_EndAlz_Conspiracy.esm,0F002B37,000ECDAB,NewsRoomMap_prewar,STAT,-13.491241,-1082.691772,305.454315,180.0000
MFC2025_EndAlz_Conspiracy.esm,0F002B38,000ECDAB,NewsRoomMap_prewar,STAT,-233.499313,-1082.691772,305.454315,180.0000
MFC2025_EndAlz_Conspiracy.esm,0F002B39,001422F0,ConsoleTowerSingle03,SCOL,90.416527,-1084.883789,80.000000,180.0001
MFC2025_EndAlz_Conspiracy.esm,0F002B3A,001422F0,ConsoleTowerSingle03,SCOL,-129.417145,-1084.883789,80.000000,180.0001
MFC2025_EndAlz_Conspiracy.esm,0F002B3B,001422F0,ConsoleTowerSingle03,SCOL,61.846153,-1084.951660,79.891548,180.0001
MFC2025_EndAlz_Conspiracy.esm,0F002B3C,001422F0,ConsoleTowerSingle03,SCOL,-100.718033,-1084.951660,79.891548,180.0001
MFC2025_EndAlz_Conspiracy.esm,0F002B3D,00047853,Terminal01,STAT,79.932861,-1086.502686,147.625000,180.0000
MFC2025_EndAlz_Conspiracy.esm,0F002B3E,00047853,Terminal01,STAT,-109.369293,-1086.502686,147.625000,180.0000
MFC2025_EndAlz_Conspiracy.esm,0F002B3F,00047853,Terminal01,STAT,289.900543,-998.415771,147.486786,90.0000
MFC2025_EndAlz_Conspiracy.esm,0F002B40,00047853,Terminal01,STAT,-316.129761,-998.415771,147.486786,270.0001
MFC2025_EndAlz_Conspiracy.esm,0F002B41,00032AA7,HitFloorSolidFull01,STAT,-1024.000000,-480.000000,736.000000,0.0000
MFC2025_EndAlz_Conspiracy.esm,0F002B42,0014EAAA,HitFloorSolidFullCurveD01,STAT,-896.000000,-864.000000,736.000000,90.0000
MFC2025_EndAlz_Conspiracy.esm,0F002B43,00032AA7,HitFloorSolidFull01,STAT,-1024.000000,-224.000000,736.000000,0.0000
MFC2025_EndAlz_Conspiracy.esm,0F002B44,00032AA7,HitFloorSolidFull01,STAT,-1024.000000,32.000000,736.000000,0.0000
MFC2025_EndAlz_Conspiracy.esm,0F002B45,00032AA7,HitFloorSolidFull01,STAT,-1024.000000,288.000000,736.000000,0.0000
MFC2025_EndAlz_Conspiracy.esm,0F002B46,00032AA7,HitFloorSolidFull01,STAT,-768.000000,288.000000,736.000000,0.0000
MFC2025_EndAlz_Conspiracy.esm,0F002B47,00032AA7,HitFloorSolidFull01,STAT,-768.000000,32.000000,736.000000,0.0000
MFC2025_EndAlz_Conspiracy.esm,0F002B48,00032AA7,HitFloorSolidFull01,STAT,-768.000000,-224.000000,736.000000,0.0000
MFC2025_EndAlz_Conspiracy.esm,0F002B49,00032AA7,HitFloorSolidFull01,STAT,-768.000000,-480.000000,736.000000,0.0000
MFC2025_EndAlz_Conspiracy.esm,0F002B4A,00032AA7,HitFloorSolidFull01,STAT,-768.000000,-736.000000,736.000000,0.0000
MFC2025_EndAlz_Conspiracy.esm,0F002B4B,0014EAAA,HitFloorSolidFullCurveD01,STAT,880.107117,-864.000000,736.042053,180.0000
MFC2025_EndAlz_Conspiracy.esm,0F002B4C,00032AA7,HitFloorSolidFull01,STAT,-512.000000,-736.000000,736.000000,0.0000
MFC2025_EndAlz_Conspiracy.esm,0F002B4D,00032AA7,HitFloorSolidFull01,STAT,-512.000000,-480.000000,736.000000,0.0000
MFC2025_EndAlz_Conspiracy.esm,0F002B4E,00032AA7,HitFloorSolidFull01,STAT,-512.000000,-224.000000,736.000000,0.0000
MFC2025_EndAlz_Conspiracy.esm,0F002B4F,00032AA7,HitFloorSolidFull01,STAT,-512.000000,32.000000,736.000000,0.0000
MFC2025_EndAlz_Conspiracy.esm,0F002B50,00032AA7,HitFloorSolidFull01,STAT,-512.000000,288.000000,736.000000,0.0000
MFC2025_EndAlz_Conspiracy.esm,0F002B51,00032AA7,HitFloorSolidFull01,STAT,-512.000000,-992.000000,736.000000,0.0000
MFC2025_EndAlz_Conspiracy.esm,0F002B52,00032AA7,HitFloorSolidFull01,STAT,-256.000000,288.000000,736.000000,0.0000
MFC2025_EndAlz_Conspiracy.esm,0F002B53,00032AA7,HitFloorSolidFull01,STAT,-256.000000,32.000000,736.000000,0.0000
MFC2025_EndAlz_Conspiracy.esm,0F002B54,00032AA7,HitFloorSolidFull01,STAT,-256.000000,-224.000000,736.000000,0.0000
MFC2025_EndAlz_Conspiracy.esm,0F002B55,00032AA7,HitFloorSolidFull01,STAT,-256.000000,-480.000000,736.000000,0.0000
MFC2025_EndAlz_Conspiracy.esm,0F002B56,00032AA7,HitFloorSolidFull01,STAT,-256.000000,-736.000000,736.000000,0.0000
MFC2025_EndAlz_Conspiracy.esm,0F002B57,00032AA7,HitFloorSolidFull01,STAT,-256.000000,-992.000000,736.000000,0.0000
MFC2025_EndAlz_Conspiracy.esm,0F002B58,00032AA7,HitFloorSolidFull01,STAT,0.000000,288.000000,736.000000,0.0000
MFC2025_EndAlz_Conspiracy.esm,0F002B59,00032AA7,HitFloorSolidFull01,STAT,0.000000,32.000000,736.000000,0.0000
MFC2025_EndAlz_Conspiracy.esm,0F002B5A,00032AA7,HitFloorSolidFull01,STAT,0.000000,-224.000000,736.000000,0.0000
MFC2025_EndAlz_Conspiracy.esm,0F002B5B,00032AA7,HitFloorSolidFull01,STAT,0.000000,-480.000000,736.000000,0.0000
MFC2025_EndAlz_Conspiracy.esm,0F002B5C,00032AA7,HitFloorSolidFull01,STAT,0.000000,-736.000000,736.000000,0.0000
MFC2025_EndAlz_Conspiracy.esm,0F002B5D,00032AA7,HitFloorSolidFull01,STAT,0.000000,-992.000000,736.000000,0.0000
MFC2025_EndAlz_Conspiracy.esm,0F002B5E,00032AA7,HitFloorSolidFull01,STAT,256.000000,288.000000,736.000000,0.0000
MFC2025_EndAlz_Conspiracy.esm,0F002B5F,00032AA7,HitFloorSolidFull01,STAT,256.000000,32.000000,736.000000,0.0000
MFC2025_EndAlz_Conspiracy.esm,0F002B60,00032AA7,HitFloorSolidFull01,STAT,256.000000,-224.000000,736.000000,0.0000
MFC2025_EndAlz_Conspiracy.esm,0F002B61,00032AA7,HitFloorSolidFull01,STAT,256.000000,-480.000000,736.000000,0.0000
MFC2025_EndAlz_Conspiracy.esm,0F002B62,00032AA7,HitFloorSolidFull01,STAT,256.000000,-736.000000,736.000000,0.0000
MFC2025_EndAlz_Conspiracy.esm,0F002B63,00032AA7,HitFloorSolidFull01,STAT,256.000000,-992.000000,736.000000,0.0000
MFC2025_EndAlz_Conspiracy.esm,0F002B64,00032AA7,HitFloorSolidFull01,STAT,512.000000,288.000000,736.000000,0.0000
MFC2025_EndAlz_Conspiracy.esm,0F002B65,00032AA7,HitFloorSolidFull01,STAT,512.000000,32.000000,736.000000,0.0000
MFC2025_EndAlz_Conspiracy.esm,0F002B66,00032AA7,HitFloorSolidFull01,STAT,512.000000,-224.000000,736.000000,0.0000
MFC2025_EndAlz_Conspiracy.esm,0F002B67,00032AA7,HitFloorSolidFull01,STAT,512.000000,-480.000000,736.000000,0.0000
MFC2025_EndAlz_Conspiracy.esm,0F002B68,00032AA7,HitFloorSolidFull01,STAT,512.000000,-736.000000,736.000000,0.0000
MFC2025_EndAlz_Conspiracy.esm,0F002B69,00032AA7,HitFloorSolidFull01,STAT,512.000000,-992.000000,736.000000,0.0000
MFC2025_EndAlz_Conspiracy.esm,0F002B6A,00032AA7,HitFloorSolidFull01,STAT,768.000000,-736.000000,736.000000,0.0000
MFC2025_EndAlz_Conspiracy.esm,0F002B6B,00032AA7,HitFloorSolidFull01,STAT,768.000000,-480.000000,736.000000,0.0000
MFC2025_EndAlz_Conspiracy.esm,0F002B6C,00032AA7,HitFloorSolidFull01,STAT,768.000000,-224.000000,736.000000,0.0000
MFC2025_EndAlz_Conspiracy.esm,0F002B6D,00032AA7,HitFloorSolidFull01,STAT,768.000000,32.000000,736.000000,0.0000
MFC2025_EndAlz_Conspiracy.esm,0F002B6E,00032AA7,HitFloorSolidFull01,STAT,768.000000,288.000000,736.000000,0.0000
MFC2025_EndAlz_Conspiracy.esm,0F002B6F,00032AA7,HitFloorSolidFull01,STAT,1024.000000,-480.000000,736.000000,0.0000
MFC2025_EndAlz_Conspiracy.esm,0F002B70,00032AA7,HitFloorSolidFull01,STAT,1024.000000,-224.000000,736.000000,0.0000
MFC2025_EndAlz_Conspiracy.esm,0F002B71,00032AA7,HitFloorSolidFull01,STAT,1024.000000,32.000000,736.000000,0.0000
MFC2025_EndAlz_Conspiracy.esm,0F002B72,00032AA7,HitFloorSolidFull01,STAT,1024.000000,288.000000,736.000000,0.0000
MFC2025_EndAlz_Conspiracy.esm,0F002B74,010019D6,MacMechBrain02a,STAT,-18.566681,-629.880676,515.040039,0.0000
MFC2025_EndAlz_Conspiracy.esm,0F002B75,0100F6EB,MacMechBioJar04a,STAT,-18.566681,-624.000000,735.396057,90.0000
MFC2025_EndAlz_Conspiracy.esm,0F002B76,0003180B,IndBgPipeSealed01,STAT,141.433319,-624.000000,638.779541,270.0000
MFC2025_EndAlz_Conspiracy.esm,0F002B77,0003180B,IndBgPipeSealed01,STAT,-178.566681,-624.000000,640.000000,90.0001
MFC2025_EndAlz_Conspiracy.esm,0F002B78,00140617,ConsoleTowerAFull01,SCOL,-16.000000,-592.000000,0.000000,180.0000
MFC2025_EndAlz_Conspiracy.esm,0F002B79,001405F9,ConsoleTowerALeft01,SCOL,-116.005455,-592.000000,0.000000,180.0000
MFC2025_EndAlz_Conspiracy.esm,0F002B7A,001405FD,ConsoleTowerARight01,SCOL,76.405586,-592.000000,0.000000,180.0000
MFC2025_EndAlz_Conspiracy.esm,0F002B7B,001405FF,ConsoleTowerBLeft01,SCOL,112.438232,-592.000000,0.000000,180.0000
MFC2025_EndAlz_Conspiracy.esm,0F002B7C,001405FF,ConsoleTowerBLeft01,SCOL,-150.474213,-592.000000,0.000000,180.0000
MFC2025_EndAlz_Conspiracy.esm,0F002B7D,0014400E,ConsoleTowerBLeft03,SCOL,148.206863,-592.000000,0.000000,180.0000
MFC2025_EndAlz_Conspiracy.esm,0F002B7E,0014400E,ConsoleTowerBLeft03,SCOL,-186.458252,-592.000000,0.000000,180.0000
MFC2025_EndAlz_Conspiracy.esm,0F002B7F,0014400F,ConsoleTowerBLeft04,SCOL,-222.846039,-592.000000,0.000000,180.0000
MFC2025_EndAlz_Conspiracy.esm,0F002B80,0014400F,ConsoleTowerBLeft04,SCOL,185.141083,-592.000000,0.000000,180.0000
MFC2025_EndAlz_Conspiracy.esm,0F002B81,0014060F,ConsoleTowerBMid02a,SCOL,-266.665955,-592.000000,0.000000,180.0000
MFC2025_EndAlz_Conspiracy.esm,0F002B82,0014060F,ConsoleTowerBMid02a,SCOL,236.283203,-592.000000,0.000000,180.0000
MFC2025_EndAlz_Conspiracy.esm,0F002B83,00143C53,ConsoleTowerBRight02,SCOL,285.113831,-592.000000,0.000000,180.0000
MFC2025_EndAlz_Conspiracy.esm,0F002B84,00140603,ConsoleTowerBRight01,SCOL,314.581360,-592.000000,0.000000,180.0000
MFC2025_EndAlz_Conspiracy.esm,0F002B85,00143C53,ConsoleTowerBRight02,SCOL,-307.811432,-592.000000,0.000000,180.0000
MFC2025_EndAlz_Conspiracy.esm,0F002B86,00140603,ConsoleTowerBRight01,SCOL,-350.913788,-592.000000,0.000000,180.0000
MFC2025_EndAlz_Conspiracy.esm,0F002B87,01001137,MacMechBioJar01,MSTT,80.485382,-591.822083,97.625000,0.0000
MFC2025_EndAlz_Conspiracy.esm,0F002B88,01001137,MacMechBioJar01,MSTT,-108.896957,-591.822083,97.625000,0.0000
MFC2025_EndAlz_Conspiracy.esm,0F002B89,01001138,MacMechBioJar02,MSTT,141.994354,-591.822083,125.600060,0.0000
MFC2025_EndAlz_Conspiracy.esm,0F002B8A,01001139,MacMechBioJar03,MSTT,110.737106,-591.822083,125.600060,0.0000
MFC2025_EndAlz_Conspiracy.esm,0F002B8B,01001139,MacMechBioJar03,MSTT,-140.800812,-591.822083,125.600060,0.0000
MFC2025_EndAlz_Conspiracy.esm,0F002B8C,01001138,MacMechBioJar02,MSTT,-171.863373,-591.822083,125.600060,0.0000
MFC2025_EndAlz_Conspiracy.esm,0F002B8D,01001139,MacMechBioJar03,MSTT,50.104946,-591.822083,96.284271,0.0000
MFC2025_EndAlz_Conspiracy.esm,0F002B8E,01001139,MacMechBioJar03,MSTT,-78.186668,-591.822083,96.284271,0.0000
MFC2025_EndAlz_Conspiracy.esm,0F002B8F,01001138,MacMechBioJar02,MSTT,-47.780411,-591.822083,96.623512,0.0000
MFC2025_EndAlz_Conspiracy.esm,0F002B90,01001138,MacMechBioJar02,MSTT,19.796452,-591.822083,96.623512,0.0000
MFC2025_EndAlz_Conspiracy.esm,0F002B91,0003180B,IndBgPipeSealed01,STAT,141.729004,-591.832947,162.740067,90.0000
MFC2025_EndAlz_Conspiracy.esm,0F002B92,0003180B,IndBgPipeSealed01,STAT,-172.068970,-591.832947,162.740067,90.0000
MFC2025_EndAlz_Conspiracy.esm,0F002B93,0003180B,IndBgPipeSealed01,STAT,110.711098,-591.501221,187.170929,90.0000
MFC2025_EndAlz_Conspiracy.esm,0F002B94,0003180B,IndBgPipeSealed01,STAT,-140.492874,-591.843140,187.170929,90.0000
MFC2025_EndAlz_Conspiracy.esm,0F002B95,0003180B,IndBgPipeSealed01,STAT,80.758812,-591.501221,225.978149,90.0000
MFC2025_EndAlz_Conspiracy.esm,0F002B96,0003180B,IndBgPipeSealed01,STAT,-109.372223,-591.501221,225.978149,90.0000
MFC2025_EndAlz_Conspiracy.esm,0F002B97,0003180B,IndBgPipeSealed01,STAT,19.885372,-591.832947,133.762756,90.0000
MFC2025_EndAlz_Conspiracy.esm,0F002B98,0003180B,IndBgPipeSealed01,STAT,-47.619038,-591.832947,133.762756,90.0000
MFC2025_EndAlz_Conspiracy.esm,0F002B99,0003180B,IndBgPipeSealed01,STAT,-78.052597,-591.832947,157.737488,90.0000
MFC2025_EndAlz_Conspiracy.esm,0F002B9A,0003180B,IndBgPipeSealed01,STAT,50.068005,-591.832947,157.737869,90.0000
MFC2025_EndAlz_Conspiracy.esm,0F002B9B,01001138,MacMechBioJar02,MSTT,283.482361,-591.822083,125.600060,0.0000
MFC2025_EndAlz_Conspiracy.esm,0F002B9C,0003180B,IndBgPipeSealed01,STAT,283.276764,-591.832947,162.740067,90.0000
MFC2025_EndAlz_Conspiracy.esm,0F002B9D,01001139,MacMechBioJar03,MSTT,314.544922,-591.822083,125.600060,0.0000
MFC2025_EndAlz_Conspiracy.esm,0F002B9E,0003180B,IndBgPipeSealed01,STAT,314.852844,-591.843140,187.170929,90.0000
MFC2025_EndAlz_Conspiracy.esm,0F002B9F,01001138,MacMechBioJar02,MSTT,-315.401245,-591.822083,125.600060,0.0000
MFC2025_EndAlz_Conspiracy.esm,0F002BA0,0003180B,IndBgPipeSealed01,STAT,-315.666595,-591.832947,162.740067,90.0000
MFC2025_EndAlz_Conspiracy.esm,0F002BA1,01001139,MacMechBioJar03,MSTT,-346.658508,-591.822083,125.600060,0.0000
MFC2025_EndAlz_Conspiracy.esm,0F002BA2,0003180B,IndBgPipeSealed01,STAT,-346.684509,-591.501221,187.170929,90.0000
MFC2025_EndAlz_Conspiracy.esm,0F002BA3,01007404,DLC01_Lair_Machine01,SCOL,313.381348,-598.093994,698.884766,0.0000
MFC2025_EndAlz_Conspiracy.esm,0F002BA4,01007404,DLC01_Lair_Machine01,SCOL,-351.374969,-598.093994,698.884766,180.0804
MFC2025_EndAlz_Conspiracy.esm,0F002BA5,01007404,DLC01_Lair_Machine01,SCOL,211.761597,-877.795898,698.884766,89.9720
MFC2025_EndAlz_Conspiracy.esm,0F002BA6,01007404,DLC01_Lair_Machine01,SCOL,-267.421875,-877.795898,698.884766,90.0280
MFC2025_EndAlz_Conspiracy.esm,0F002BA7,01007404,DLC01_Lair_Machine01,SCOL,-30.156387,-890.026428,698.884766,90.0000
MFC2025_EndAlz_Conspiracy.esm,0F002BA9,0F002BA8,VP25_Light_GreenSpotlightGR,LIGH,444.590546,-583.535461,460.967346,180.0000
MFC2025_EndAlz_Conspiracy.esm,0F002BAA,0F002BA8,VP25_Light_GreenSpotlightGR,LIGH,-474.139893,-615.433044,460.967346,0.0000
MFC2025_EndAlz_Conspiracy.esm,0F002BAB,0F002BA8,VP25_Light_GreenSpotlightGR,LIGH,-345.918549,-977.425049,460.967346,45.5767
MFC2025_EndAlz_Conspiracy.esm,0F002BAC,0F002BA8,VP25_Light_GreenSpotlightGR,LIGH,313.253723,-948.478149,460.967346,134.4231
MFC2025_EndAlz_Conspiracy.esm,0F002BAD,0F002BA8,VP25_Light_GreenSpotlightGR,LIGH,-14.449310,-1015.651062,460.967346,89.9999
MFC2025_EndAlz_Conspiracy.esm,0F002BAE,0F002BA8,VP25_Light_GreenSpotlightGR,LIGH,-15.579062,-621.826416,338.750488,180.0000
MFC2025_EndAlz_Conspiracy.esm,0F002BAF,0001D971,BlackWireSpline01,BNDS,225.495911,-610.605957,644.820679,0.0000
MFC2025_EndAlz_Conspiracy.esm,0F002BB0,0001D971,BlackWireSpline01,BNDS,-265.168304,-609.037109,644.820679,0.0000
MFC2025_EndAlz_Conspiracy.esm,0F002BB1,0001D971,BlackWireSpline01,BNDS,175.897461,-752.976929,645.147583,0.0000
MFC2025_EndAlz_Conspiracy.esm,0F002BB2,0001D971,BlackWireSpline01,BNDS,-222.516174,-750.413635,644.688232,0.0000
MFC2025_EndAlz_Conspiracy.esm,0F002BB3,0001D971,BlackWireSpline01,BNDS,53.462132,-607.414917,275.320190,0.0000
MFC2025_EndAlz_Conspiracy.esm,0F002BB4,0001D971,BlackWireSpline01,BNDS,-86.592125,-607.250244,275.325134,0.0000
MFC2025_EndAlz_Conspiracy.esm,0F002BB5,0001D971,BlackWireSpline01,BNDS,22.879303,-607.345520,241.206024,0.0000
MFC2025_EndAlz_Conspiracy.esm,0F002BB6,0001D971,BlackWireSpline01,BNDS,-56.196457,-606.998291,241.206070,0.0000
MFC2025_EndAlz_Conspiracy.esm,0F002BB7,0001D971,BlackWireSpline01,BNDS,-47.780399,-613.771362,229.614899,0.0000
MFC2025_EndAlz_Conspiracy.esm,0F002BB8,0001D971,BlackWireSpline01,BNDS,19.928265,-613.771362,229.614899,0.0000
MFC2025_EndAlz_Conspiracy.esm,0F002BB9,0001D971,BlackWireSpline01,BNDS,-310.031494,-734.443237,652.864807,0.0000
MFC2025_EndAlz_Conspiracy.esm,0F002BBA,0001D971,BlackWireSpline01,BNDS,-144.246078,-877.533813,653.129395,0.0000
MFC2025_EndAlz_Conspiracy.esm,0F002BBB,0001D971,BlackWireSpline01,BNDS,89.119492,-881.030334,653.191711,0.0000
MFC2025_EndAlz_Conspiracy.esm,0F002BBC,0001D971,BlackWireSpline01,BNDS,260.695038,-736.645142,652.927124,0.0000
MFC2025_EndAlz_Conspiracy.esm,0F002BBD,0001D971,BlackWireSpline01,BNDS,182.812820,-597.773315,254.785706,0.0000
MFC2025_EndAlz_Conspiracy.esm,0F002BBE,0001D971,BlackWireSpline01,BNDS,-217.902435,-611.275452,254.667847,0.0000
MFC2025_EndAlz_Conspiracy.esm,0F002BBF,0001D971,BlackWireSpline01,BNDS,156.405365,-588.910889,242.471069,0.0000
MFC2025_EndAlz_Conspiracy.esm,0F002BC0,0001D971,BlackWireSpline01,BNDS,-190.493927,-588.910889,242.471069,0.0000
MFC2025_EndAlz_Conspiracy.esm,0F002BC1,0001D971,BlackWireSpline01,BNDS,60.707710,-639.081787,254.785187,0.0000
MFC2025_EndAlz_Conspiracy.esm,0F002BC2,0001D971,BlackWireSpline01,BNDS,-97.328033,-639.081787,254.785187,0.0000
MFC2025_EndAlz_Conspiracy.esm,0F002BC3,0001D971,BlackWireSpline01,BNDS,-122.963638,-627.920654,242.493164,0.0000
MFC2025_EndAlz_Conspiracy.esm,0F002BC4,0001D971,BlackWireSpline01,BNDS,88.763138,-628.122375,242.493622,0.0000
MFC2025_EndAlz_Conspiracy.esm,0F002BC5,0003180B,IndBgPipeSealed01,STAT,-18.566696,-784.000000,638.779541,0.0000
MFC2025_EndAlz_Conspiracy.esm,0F002BC6,0003180B,IndBgPipeSealed01,STAT,-18.566666,-464.000031,640.000000,180.0001
MFC2025_EndAlz_Conspiracy.esm,0F002BC7,0100F6EB,MacMechBioJar04a,STAT,-18.566681,-624.000000,736.000000,0.0000
MFC2025_EndAlz_Conspiracy.esm,0F002BC8,0001D971,BlackWireSpline01,BNDS,-25.543802,-830.918091,645.959473,0.0000
MFC2025_EndAlz_Conspiracy.esm,0F002BCA,0F002BC9,VP25_Static_DetailledFusebox01,STAT,-15.295797,-297.858673,736.000000,0.0000
MFC2025_EndAlz_Conspiracy.esm,0F002BCB,0001D971,BlackWireSpline01,BNDS,-16.316517,-366.514282,684.312988,0.0000
MFC2025_EndAlz_Conspiracy.esm,0F002BCC,0001D971,BlackWireSpline01,BNDS,159.844299,-435.440796,690.280151,0.0000
MFC2025_EndAlz_Conspiracy.esm,0F002BCD,0001D971,BlackWireSpline01,BNDS,-193.521912,-433.377014,690.280151,0.0000
MFC2025_EndAlz_Conspiracy.esm,0F002BCE,00000032,COCMarkerHeading,STAT,-12.327892,638.921936,122.380951,180.0001
MFC2025_EndAlz_Conspiracy.esm,0F002BD0,0F002BCF,VP25_Light_GlowAmbienceGreen,LIGH,319.977844,-222.042877,430.933075,0.0000
MFC2025_EndAlz_Conspiracy.esm,0F002BD1,0F002BCF,VP25_Light_GlowAmbienceGreen,LIGH,-315.315460,-222.042877,430.933075,0.0000
MFC2025_EndAlz_Conspiracy.esm,0F002BD5,0002B77E,MistLargeRound01,MSTT,-18.859283,-416.906586,436.483063,0.0000
MFC2025_EndAlz_Conspiracy.esm,0F002BD6,0002B77E,MistLargeRound01,MSTT,298.774353,-762.206299,487.985413,0.0000
MFC2025_EndAlz_Conspiracy.esm,0F002BD7,0002B77E,MistLargeRound01,MSTT,-331.240082,-762.206299,487.985413,0.0000
MFC2025_EndAlz_Conspiracy.esm,0F002BD8,0F002BCF,VP25_Light_GlowAmbienceGreen,LIGH,861.918335,-127.281197,405.850159,0.0000
MFC2025_EndAlz_Conspiracy.esm,0F002BD9,0F002BCF,VP25_Light_GlowAmbienceGreen,LIGH,-867.106079,-127.281197,405.850159,0.0000
MFC2025_EndAlz_Conspiracy.esm,0F002BDA,0F002BCF,VP25_Light_GlowAmbienceGreen,LIGH,-787.019897,-750.612305,405.850159,0.0000
MFC2025_EndAlz_Conspiracy.esm,0F002BDB,0F002BCF,VP25_Light_GlowAmbienceGreen,LIGH,726.131042,-750.612305,405.850159,0.0000
MFC2025_EndAlz_Conspiracy.esm,0F002BDC,0100257E,DLC01RobotLiftShaft01,STAT,879.835754,507.223938,16.724468,90.0000
MFC2025_EndAlz_Conspiracy.esm,0F002BE9,0100257E,DLC01RobotLiftShaft01,STAT,-862.529053,507.223938,16.724468,90.0000
MFC2025_EndAlz_Conspiracy.esm,0F002BF6,0F002BCF,VP25_Light_GlowAmbienceGreen,LIGH,-867.106079,486.425903,167.432800,0.0000
MFC2025_EndAlz_Conspiracy.esm,0F002BF7,0F002BCF,VP25_Light_GlowAmbienceGreen,LIGH,883.991699,486.425903,167.432800,0.0000
MFC2025_EndAlz_Conspiracy.esm,0F002BF8,0100AF18,DLC01GroundCableBlackThin01,STAT,18.610645,-604.099731,0.000008,0.0000
MFC2025_EndAlz_Conspiracy.esm,0F002BF9,0100AF1C,DLC01GroundCableBlackThin05,STAT,-51.741100,-604.099731,0.000008,0.0000
MFC2025_EndAlz_Conspiracy.esm,0F002BFA,0100AF1D,DLC01GroundCableBlackThin06,STAT,13.057070,-604.099731,0.000008,0.0000
MFC2025_EndAlz_Conspiracy.esm,0F002BFB,0100AF1B,DLC01GroundCableBlackThin04,STAT,-37.971588,-604.099731,0.000008,0.0000
MFC2025_EndAlz_Conspiracy.esm,0F002BFC,0100AF1E,DLC01GroundCableBlackThin07,STAT,-4.238991,-604.099731,0.000008,318.0940
MFC2025_EndAlz_Conspiracy.esm,0F002BFD,0100AF1D,DLC01GroundCableBlackThin06,STAT,-27.232935,-604.099731,0.000008,15.3898
MFC2025_EndAlz_Conspiracy.esm,0F002BFE,0100AF1E,DLC01GroundCableBlackThin07,STAT,0.756430,-604.099731,0.000008,3.9307
MFC2025_EndAlz_Conspiracy.esm,0F002BFF,0100AF1F,DLC01GroundCableBlackThin08,STAT,-71.529640,-604.099731,0.000008,329.5533
MFC2025_EndAlz_Conspiracy.esm,0F002C00,0100AF1E,DLC01GroundCableBlackThin07,STAT,-286.853729,-604.099731,0.000008,15.3899
MFC2025_EndAlz_Conspiracy.esm,0F002C01,0100AF1E,DLC01GroundCableBlackThin07,STAT,-273.711090,-604.099731,0.000008,341.0125
MFC2025_EndAlz_Conspiracy.esm,0F002C02,0100AF1E,DLC01GroundCableBlackThin07,STAT,-0.614655,-604.099731,0.000008,341.0125
MFC2025_EndAlz_Conspiracy.esm,0F002C03,0100AF1E,DLC01GroundCableBlackThin07,STAT,256.345398,-604.099731,0.000008,341.0125
MFC2025_EndAlz_Conspiracy.esm,0F002C04,0100AF1E,DLC01GroundCableBlackThin07,STAT,235.023209,-604.099731,0.000008,3.9308
MFC2025_EndAlz_Conspiracy.esm,0F002C05,0100AF1E,DLC01GroundCableBlackThin07,STAT,250.352310,-604.099731,0.000008,306.6351
MFC2025_EndAlz_Conspiracy.esm,0F002C06,0100AF1F,DLC01GroundCableBlackThin08,STAT,222.895615,-604.099731,0.000008,283.7168
MFC2025_EndAlz_Conspiracy.esm,0F002C07,0100AF20,DLC01GroundCableBlackThin09,STAT,-288.636719,-601.611328,0.000008,318.0943
MFC2025_EndAlz_Conspiracy.esm,0F002C08,0100AF20,DLC01GroundCableBlackThin09,STAT,209.202972,-601.611328,0.000008,318.0943
MFC2025_EndAlz_Conspiracy.esm,0F002C09,0100AF22,DLC01GroundCableBlackThin11,STAT,230.351334,-601.611328,0.000008,283.7168
MFC2025_EndAlz_Conspiracy.esm,0F002C0A,0100AF23,DLC01GroundCableBlackThin12,STAT,-248.489700,-601.611328,0.000008,306.6351
MFC2025_EndAlz_Conspiracy.esm,0F002C0B,0100AF1D,DLC01GroundCableBlackThin06,STAT,-263.884308,-604.099731,0.000008,348.5409
MFC2025_EndAlz_Conspiracy.esm,0F002C0C,0100AF20,DLC01GroundCableBlackThin09,STAT,-19.176346,-606.981873,0.000008,302.7043
MFC2025_EndAlz_Conspiracy.esm,0F002C0D,0100AF20,DLC01GroundCableBlackThin09,STAT,-263.739441,-606.981873,3.419243,122.7043
MFC2025_EndAlz_Conspiracy.esm,0F002C0E,0100AF20,DLC01GroundCableBlackThin09,STAT,9.942430,-609.270508,3.419243,100.6226
MFC2025_EndAlz_Conspiracy.esm,0F002C0F,0100AF20,DLC01GroundCableBlackThin09,STAT,23.127743,-595.402039,3.419243,169.3774
MFC2025_EndAlz_Conspiracy.esm,0F002C10,0100AF20,DLC01GroundCableBlackThin09,STAT,-255.787048,-595.402039,3.419243,112.0816
MFC2025_EndAlz_Conspiracy.esm,0F002C11,0014400A,ConsoleTowerSingle04,SCOL,287.456024,-942.059448,80.000000,90.0001
MFC2025_EndAlz_Conspiracy.esm,0F002C12,0014400A,ConsoleTowerSingle04,SCOL,-315.398254,-935.123657,80.000000,270.0000
MFC2025_EndAlz_Conspiracy.esm,0F002C13,001405F9,ConsoleTowerALeft01,SCOL,352.853149,-591.567322,0.000000,180.0000
MFC2025_EndAlz_Conspiracy.esm,0F002C14,001405F9,ConsoleTowerALeft01,SCOL,-387.897339,-591.567322,0.000000,180.0000
MFC2025_EndAlz_Conspiracy.esm,0F002C15,001405FD,ConsoleTowerARight01,SCOL,-423.617401,-591.567322,0.000000,180.0000
MFC2025_EndAlz_Conspiracy.esm,0F002C16,001405FD,ConsoleTowerARight01,SCOL,389.115875,-591.567322,0.000000,180.0000
MFC2025_EndAlz_Conspiracy.esm,0F002C17,001405F9,ConsoleTowerALeft01,SCOL,-607.691406,-128.109161,0.000000,270.0000
MFC2025_EndAlz_Conspiracy.esm,0F002C18,00140617,ConsoleTowerAFull01,SCOL,-607.691406,-230.242477,0.000000,270.0000
MFC2025_EndAlz_Conspiracy.esm,0F002C19,001405FD,ConsoleTowerARight01,SCOL,-607.691406,-325.444916,0.000000,270.0000
MFC2025_EndAlz_Conspiracy.esm,0F002C1A,001405F9,ConsoleTowerALeft01,SCOL,577.094299,-333.530731,0.000000,90.0001
MFC2025_EndAlz_Conspiracy.esm,0F002C1B,00140617,ConsoleTowerAFull01,SCOL,577.094421,-231.397369,0.000000,90.0001
MFC2025_EndAlz_Conspiracy.esm,0F002C1C,001405FD,ConsoleTowerARight01,SCOL,577.094421,-136.194885,0.000000,90.0001
MFC2025_EndAlz_Conspiracy.esm,0F002C1D,00140615,ConsoleTowerBFull01,SCOL,-308.934204,336.078217,0.000000,0.0000
MFC2025_EndAlz_Conspiracy.esm,0F002C1E,00140607,ConsoleTowerCorner02,SCOL,-159.219879,318.955322,0.000000,90.0000
MFC2025_EndAlz_Conspiracy.esm,0F002C1F,00144008,ConsoleTowerBLeft02,SCOL,-205.936707,335.234039,0.000000,0.0000
MFC2025_EndAlz_Conspiracy.esm,0F002C20,0014400E,ConsoleTowerBLeft03,SCOL,-403.437378,335.234039,0.000000,0.0000
MFC2025_EndAlz_Conspiracy.esm,0F002C21,00143CEA,ConsoleTowerBRight03,SCOL,-142.125092,272.384766,0.000000,90.0000
MFC2025_EndAlz_Conspiracy.esm,0F002C22,00143C53,ConsoleTowerBRight02,SCOL,-142.125092,235.664368,0.000000,90.0000
MFC2025_EndAlz_Conspiracy.esm,0F002C23,00140615,ConsoleTowerBFull01,SCOL,277.278412,336.078217,0.000000,0.0000
MFC2025_EndAlz_Conspiracy.esm,0F002C24,0014400E,ConsoleTowerBLeft03,SCOL,378.316772,335.234039,0.000000,0.0000
MFC2025_EndAlz_Conspiracy.esm,0F002C25,00144008,ConsoleTowerBLeft02,SCOL,181.698700,335.234039,0.000000,0.0000
MFC2025_EndAlz_Conspiracy.esm,0F002C26,00140607,ConsoleTowerCorner02,SCOL,126.836388,318.955322,0.000000,0.0000
MFC2025_EndAlz_Conspiracy.esm,0F002C27,00143C53,ConsoleTowerBRight02,SCOL,110.917465,229.079773,0.000000,270.0001
MFC2025_EndAlz_Conspiracy.esm,0F002C28,00143CEA,ConsoleTowerBRight03,SCOL,110.917435,266.029663,0.000000,270.0001
MFC2025_EndAlz_Conspiracy.esm,0F002C29,0014400F,ConsoleTowerBLeft04,SCOL,416.249146,335.234039,0.000000,0.0000
MFC2025_EndAlz_Conspiracy.esm,0F002C2A,0014400F,ConsoleTowerBLeft04,SCOL,-439.597076,335.234039,0.000000,0.0000
MFC2025_EndAlz_Conspiracy.esm,0F002C2B,0100AF1C,DLC01GroundCableBlackThin05,STAT,313.900909,348.386902,0.000008,180.0000
MFC2025_EndAlz_Conspiracy.esm,0F002C2C,0100AF1B,DLC01GroundCableBlackThin04,STAT,300.131439,348.386902,0.000008,214.3775
MFC2025_EndAlz_Conspiracy.esm,0F002C2D,0100AF1D,DLC01GroundCableBlackThin06,STAT,289.392761,348.386902,0.000008,195.3898
MFC2025_EndAlz_Conspiracy.esm,0F002C2E,0100AF20,DLC01GroundCableBlackThin09,STAT,281.336182,351.269043,0.000008,122.7043
MFC2025_EndAlz_Conspiracy.esm,0F002C2F,0100AF1E,DLC01GroundCableBlackThin07,STAT,266.398834,348.386902,0.000008,138.0940
MFC2025_EndAlz_Conspiracy.esm,0F002C30,0100AF1E,DLC01GroundCableBlackThin07,STAT,262.774475,348.386902,0.000008,161.0125
MFC2025_EndAlz_Conspiracy.esm,0F002C31,0100AF1E,DLC01GroundCableBlackThin07,STAT,261.403412,348.386902,0.000008,183.9307
MFC2025_EndAlz_Conspiracy.esm,0F002C32,0100AF20,DLC01GroundCableBlackThin09,STAT,252.217422,353.557709,3.419243,314.9999
MFC2025_EndAlz_Conspiracy.esm,0F002C33,0100AF1D,DLC01GroundCableBlackThin06,STAT,249.102798,348.386902,0.000008,180.0000
MFC2025_EndAlz_Conspiracy.esm,0F002C34,0100AF18,DLC01GroundCableBlackThin01,STAT,243.549194,348.386932,0.000008,180.0000
MFC2025_EndAlz_Conspiracy.esm,0F002C35,0100AF1C,DLC01GroundCableBlackThin05,STAT,-272.356812,350.443512,0.000008,180.0000
MFC2025_EndAlz_Conspiracy.esm,0F002C36,0100AF1B,DLC01GroundCableBlackThin04,STAT,-286.126282,350.443512,0.000008,180.0000
MFC2025_EndAlz_Conspiracy.esm,0F002C37,0100AF1D,DLC01GroundCableBlackThin06,STAT,-296.864960,350.443512,0.000008,195.3898
MFC2025_EndAlz_Conspiracy.esm,0F002C38,0100AF20,DLC01GroundCableBlackThin09,STAT,-304.921539,353.325653,0.000008,122.7043
MFC2025_EndAlz_Conspiracy.esm,0F002C39,0100AF1E,DLC01GroundCableBlackThin07,STAT,-319.858887,350.443512,0.000008,138.0940
MFC2025_EndAlz_Conspiracy.esm,0F002C3A,0100AF1E,DLC01GroundCableBlackThin07,STAT,-323.483246,350.443512,0.000008,161.0125
MFC2025_EndAlz_Conspiracy.esm,0F002C3B,0100AF1E,DLC01GroundCableBlackThin07,STAT,-324.854309,350.443512,0.000008,183.9307
MFC2025_EndAlz_Conspiracy.esm,0F002C3C,0100AF20,DLC01GroundCableBlackThin09,STAT,-334.040314,355.614319,3.419243,280.6225
MFC2025_EndAlz_Conspiracy.esm,0F002C3D,0100AF1D,DLC01GroundCableBlackThin06,STAT,-337.154938,350.443512,0.000008,180.0000
MFC2025_EndAlz_Conspiracy.esm,0F002C3E,0100AF18,DLC01GroundCableBlackThin01,STAT,-342.708527,350.443542,0.000008,180.0000
MFC2025_EndAlz_Conspiracy.esm,0F002C3F,0100AF1C,DLC01GroundCableBlackThin05,STAT,589.151978,-267.777374,0.000008,259.2292
MFC2025_EndAlz_Conspiracy.esm,0F002C40,0100AF1B,DLC01GroundCableBlackThin04,STAT,589.151978,-254.007889,0.000008,270.0000
MFC2025_EndAlz_Conspiracy.esm,0F002C41,0100AF1D,DLC01GroundCableBlackThin06,STAT,589.152039,-243.269241,0.000008,285.3898
MFC2025_EndAlz_Conspiracy.esm,0F002C42,0100AF20,DLC01GroundCableBlackThin09,STAT,592.034119,-235.212601,0.000008,212.7043
MFC2025_EndAlz_Conspiracy.esm,0F002C43,0100AF1E,DLC01GroundCableBlackThin07,STAT,589.151978,-220.275284,0.000008,228.0940
MFC2025_EndAlz_Conspiracy.esm,0F002C44,0100AF1E,DLC01GroundCableBlackThin07,STAT,589.152039,-216.650955,0.000008,251.0125
MFC2025_EndAlz_Conspiracy.esm,0F002C45,0100AF1E,DLC01GroundCableBlackThin07,STAT,589.151978,-215.279861,0.000008,273.9307
MFC2025_EndAlz_Conspiracy.esm,0F002C46,0100AF20,DLC01GroundCableBlackThin09,STAT,594.322815,-206.093887,3.419243,202.0817
MFC2025_EndAlz_Conspiracy.esm,0F002C47,0100AF1D,DLC01GroundCableBlackThin06,STAT,589.151978,-202.979202,0.000008,270.0000
MFC2025_EndAlz_Conspiracy.esm,0F002C48,0100AF18,DLC01GroundCableBlackThin01,STAT,589.152039,-197.425674,0.000008,270.0000
MFC2025_EndAlz_Conspiracy.esm,0F002C49,0100AF1C,DLC01GroundCableBlackThin05,STAT,-622.310608,-198.149384,0.000008,86.9753
MFC2025_EndAlz_Conspiracy.esm,0F002C4A,0100AF1B,DLC01GroundCableBlackThin04,STAT,-621.584229,-211.899719,0.000008,86.9753
MFC2025_EndAlz_Conspiracy.esm,0F002C4B,0100AF1D,DLC01GroundCableBlackThin06,STAT,-621.017517,-222.623306,0.000008,102.3651
MFC2025_EndAlz_Conspiracy.esm,0F002C4C,0100AF20,DLC01GroundCableBlackThin09,STAT,-623.470459,-230.820786,0.000008,29.6796
MFC2025_EndAlz_Conspiracy.esm,0F002C4D,0100AF1E,DLC01GroundCableBlackThin07,STAT,-619.804260,-245.585342,0.000008,45.0693
MFC2025_EndAlz_Conspiracy.esm,0F002C4E,0100AF1E,DLC01GroundCableBlackThin07,STAT,-619.613098,-249.204620,0.000008,67.9878
MFC2025_EndAlz_Conspiracy.esm,0F002C4F,0100AF20,DLC01GroundCableBlackThin09,STAT,-624.219482,-260.019684,3.419243,13.6472
MFC2025_EndAlz_Conspiracy.esm,0F002C50,0100AF1D,DLC01GroundCableBlackThin06,STAT,-618.891541,-262.857239,0.000008,86.9753
MFC2025_EndAlz_Conspiracy.esm,0F002C51,0100AF18,DLC01GroundCableBlackThin01,STAT,-618.598511,-268.402954,0.000008,86.9753
MFC2025_EndAlz_Conspiracy.esm,0F002C52,00140605,ConsoleTowerSingle02,SCOL,1087.271362,332.136597,78.255844,90.0001
MFC2025_EndAlz_Conspiracy.esm,0F002C53,00140605,ConsoleTowerSingle02,SCOL,1087.271362,293.536682,78.255844,90.0001
MFC2025_EndAlz_Conspiracy.esm,0F002C54,00140605,ConsoleTowerSingle02,SCOL,1087.271362,256.642456,78.255844,90.0001
MFC2025_EndAlz_Conspiracy.esm,0F002C55,00140605,ConsoleTowerSingle02,SCOL,1087.271362,219.643921,78.255844,90.0001
MFC2025_EndAlz_Conspiracy.esm,0F002C56,00140605,ConsoleTowerSingle02,SCOL,1087.346313,219.753632,191.509369,90.0001
MFC2025_EndAlz_Conspiracy.esm,0F002C57,00140605,ConsoleTowerSingle02,SCOL,1087.346313,256.752167,191.509369,90.0001
MFC2025_EndAlz_Conspiracy.esm,0F002C58,00140605,ConsoleTowerSingle02,SCOL,1087.346313,293.646393,191.509369,90.0001
MFC2025_EndAlz_Conspiracy.esm,0F002C59,00140605,ConsoleTowerSingle02,SCOL,1087.346313,332.246307,191.509369,90.0001
MFC2025_EndAlz_Conspiracy.esm,0F002C5A,00140615,ConsoleTowerBFull01,SCOL,1087.271362,121.444519,78.255844,90.0001
MFC2025_EndAlz_Conspiracy.esm,0F002C5B,001405FF,ConsoleTowerBLeft01,SCOL,1087.271362,185.612976,317.998413,90.0001
MFC2025_EndAlz_Conspiracy.esm,0F002C5C,00144008,ConsoleTowerBLeft02,SCOL,1087.271362,145.447342,317.998413,90.0001
MFC2025_EndAlz_Conspiracy.esm,0F002C5D,0014400E,ConsoleTowerBLeft03,SCOL,1087.271362,105.371620,317.998413,90.0001
MFC2025_EndAlz_Conspiracy.esm,0F002C5E,0014400F,ConsoleTowerBLeft04,SCOL,1087.271362,65.761024,317.998413,90.0001
MFC2025_EndAlz_Conspiracy.esm,0F002C5F,00140605,ConsoleTowerSingle02,SCOL,1087.346313,-88.413269,191.509369,90.0001
MFC2025_EndAlz_Conspiracy.esm,0F002C60,00140605,ConsoleTowerSingle02,SCOL,1087.346313,-51.414738,191.509369,90.0001
MFC2025_EndAlz_Conspiracy.esm,0F002C61,00140605,ConsoleTowerSingle02,SCOL,1087.346313,-14.520511,191.509369,90.0001
MFC2025_EndAlz_Conspiracy.esm,0F002C62,00140605,ConsoleTowerSingle02,SCOL,1087.346313,24.079403,191.509369,90.0001
MFC2025_EndAlz_Conspiracy.esm,0F002C63,00140605,ConsoleTowerSingle02,SCOL,1087.271362,23.969696,78.255844,90.0001
MFC2025_EndAlz_Conspiracy.esm,0F002C64,00140605,ConsoleTowerSingle02,SCOL,1087.271362,-14.630219,78.255844,90.0001
MFC2025_EndAlz_Conspiracy.esm,0F002C65,00140605,ConsoleTowerSingle02,SCOL,1087.271362,-51.524445,78.255844,90.0001
MFC2025_EndAlz_Conspiracy.esm,0F002C66,00140605,ConsoleTowerSingle02,SCOL,1087.271362,-88.522980,78.255844,90.0001
MFC2025_EndAlz_Conspiracy.esm,0F002C67,00140615,ConsoleTowerBFull01,SCOL,1087.271362,-188.023636,78.255844,90.0001
MFC2025_EndAlz_Conspiracy.esm,0F002C68,001405FF,ConsoleTowerBLeft01,SCOL,1087.271362,-123.855186,317.998413,90.0001
MFC2025_EndAlz_Conspiracy.esm,0F002C69,00144008,ConsoleTowerBLeft02,SCOL,1087.271362,-164.020813,317.998413,90.0001
MFC2025_EndAlz_Conspiracy.esm,0F002C6A,0014400E,ConsoleTowerBLeft03,SCOL,1087.271362,-204.096542,317.998413,90.0001
MFC2025_EndAlz_Conspiracy.esm,0F002C6B,0014400F,ConsoleTowerBLeft04,SCOL,1087.271362,-243.707138,317.998413,90.0001
MFC2025_EndAlz_Conspiracy.esm,0F002C6C,00140605,ConsoleTowerSingle02,SCOL,1087.346313,-400.013000,191.509369,90.0001
MFC2025_EndAlz_Conspiracy.esm,0F002C6D,00140605,ConsoleTowerSingle02,SCOL,1087.346313,-363.014465,191.509369,90.0001
MFC2025_EndAlz_Conspiracy.esm,0F002C6E,00140605,ConsoleTowerSingle02,SCOL,1087.346313,-326.120239,191.509369,90.0001
MFC2025_EndAlz_Conspiracy.esm,0F002C6F,00140605,ConsoleTowerSingle02,SCOL,1087.346313,-287.520325,191.509369,90.0001
MFC2025_EndAlz_Conspiracy.esm,0F002C70,00140605,ConsoleTowerSingle02,SCOL,1087.271362,-287.630035,78.255844,90.0001
MFC2025_EndAlz_Conspiracy.esm,0F002C71,00140605,ConsoleTowerSingle02,SCOL,1087.271362,-326.229950,78.255844,90.0001
MFC2025_EndAlz_Conspiracy.esm,0F002C72,00140605,ConsoleTowerSingle02,SCOL,1087.271362,-363.124176,78.255844,90.0001
MFC2025_EndAlz_Conspiracy.esm,0F002C73,00140605,ConsoleTowerSingle02,SCOL,1087.271362,-400.122711,78.255844,90.0001
MFC2025_EndAlz_Conspiracy.esm,0F002C74,000710D5,DefaultTerminalConsoleOn,TERM,-16.058096,-640.685913,79.999985,0.0001
MFC2025_EndAlz_Conspiracy.esm,0F002C75,0014060B,ConsoleTowerSingle01,SCOL,-50.097725,-639.877686,80.000000,0.0000
MFC2025_EndAlz_Conspiracy.esm,0F002C76,0014060B,ConsoleTowerSingle01,SCOL,25.744438,-639.877686,80.000000,0.0000
MFC2025_EndAlz_Conspiracy.esm,0F002C77,001422F0,ConsoleTowerSingle03,SCOL,-85.411636,-639.877686,80.000000,0.0000
MFC2025_EndAlz_Conspiracy.esm,0F002C78,001422F0,ConsoleTowerSingle03,SCOL,62.306625,-639.877686,80.000000,0.0000
MFC2025_EndAlz_Conspiracy.esm,0F002C79,0014400A,ConsoleTowerSingle04,SCOL,-121.247574,-639.877686,80.000000,0.0000
MFC2025_EndAlz_Conspiracy.esm,0F002C7A,0014400A,ConsoleTowerSingle04,SCOL,98.840378,-639.877686,80.000000,0.0000
MFC2025_EndAlz_Conspiracy.esm,0F002C7B,00140605,ConsoleTowerSingle02,SCOL,-1120.449219,-400.122681,191.509369,270.0001
MFC2025_EndAlz_Conspiracy.esm,0F002C7C,00140605,ConsoleTowerSingle02,SCOL,-1120.449219,-361.522797,191.509369,270.0001
MFC2025_EndAlz_Conspiracy.esm,0F002C7D,00140605,ConsoleTowerSingle02,SCOL,-1120.449219,-324.628571,191.509369,270.0001
MFC2025_EndAlz_Conspiracy.esm,0F002C7E,00140605,ConsoleTowerSingle02,SCOL,-1120.449219,-287.630005,191.509369,270.0001
MFC2025_EndAlz_Conspiracy.esm,0F002C7F,00140605,ConsoleTowerSingle02,SCOL,-1120.448975,-91.955811,191.509369,270.0001
MFC2025_EndAlz_Conspiracy.esm,0F002C80,00140605,ConsoleTowerSingle02,SCOL,-1120.448975,-53.355896,191.509369,270.0001
MFC2025_EndAlz_Conspiracy.esm,0F002C81,00140605,ConsoleTowerSingle02,SCOL,-1120.448975,-16.461666,191.509369,270.0001
MFC2025_EndAlz_Conspiracy.esm,0F002C82,00140605,ConsoleTowerSingle02,SCOL,-1120.448975,20.536865,191.509369,270.0001
MFC2025_EndAlz_Conspiracy.esm,0F002C83,00140605,ConsoleTowerSingle02,SCOL,-1120.448730,219.643906,191.509369,270.0001
MFC2025_EndAlz_Conspiracy.esm,0F002C84,00140605,ConsoleTowerSingle02,SCOL,-1120.448730,258.243805,191.509369,270.0001
MFC2025_EndAlz_Conspiracy.esm,0F002C85,00140605,ConsoleTowerSingle02,SCOL,-1120.448730,332.136566,191.509369,270.0001
MFC2025_EndAlz_Conspiracy.esm,0F002C86,00140605,ConsoleTowerSingle02,SCOL,-1120.448730,295.138031,191.509369,270.0001
MFC2025_EndAlz_Conspiracy.esm,0F002C87,0014400F,ConsoleTowerBLeft04,SCOL,-1120.373901,175.830719,317.998413,270.0000
MFC2025_EndAlz_Conspiracy.esm,0F002C88,0014400E,ConsoleTowerBLeft03,SCOL,-1120.373901,136.220123,317.998413,270.0000
MFC2025_EndAlz_Conspiracy.esm,0F002C89,00144008,ConsoleTowerBLeft02,SCOL,-1120.374023,96.144409,317.998413,270.0000
MFC2025_EndAlz_Conspiracy.esm,0F002C8A,001405FF,ConsoleTowerBLeft01,SCOL,-1120.374023,55.978775,317.998413,270.0000
MFC2025_EndAlz_Conspiracy.esm,0F002C8B,0014400F,ConsoleTowerBLeft04,SCOL,-1120.374023,-133.637421,317.998413,270.0000
MFC2025_EndAlz_Conspiracy.esm,0F002C8C,0014400E,ConsoleTowerBLeft03,SCOL,-1120.374146,-173.248016,317.998413,270.0000
MFC2025_EndAlz_Conspiracy.esm,0F002C8D,00144008,ConsoleTowerBLeft02,SCOL,-1120.374146,-213.323746,317.998413,270.0000
MFC2025_EndAlz_Conspiracy.esm,0F002C8E,001405FF,ConsoleTowerBLeft01,SCOL,-1120.374268,-253.489380,317.998413,270.0000
MFC2025_EndAlz_Conspiracy.esm,0F002C8F,00140605,ConsoleTowerSingle02,SCOL,-1120.374268,-400.012970,78.255844,270.0001
MFC2025_EndAlz_Conspiracy.esm,0F002C90,00140605,ConsoleTowerSingle02,SCOL,-1120.374268,-361.413055,78.255844,270.0001
MFC2025_EndAlz_Conspiracy.esm,0F002C91,00140605,ConsoleTowerSingle02,SCOL,-1120.374268,-324.518829,78.255844,270.0001
MFC2025_EndAlz_Conspiracy.esm,0F002C92,00140605,ConsoleTowerSingle02,SCOL,-1120.374268,-287.520325,78.255844,270.0001
MFC2025_EndAlz_Conspiracy.esm,0F002C93,00140615,ConsoleTowerBFull01,SCOL,-1120.374146,-189.320923,78.255844,270.0001
MFC2025_EndAlz_Conspiracy.esm,0F002C94,00140605,ConsoleTowerSingle02,SCOL,-1120.374023,-91.846100,78.255844,270.0001
MFC2025_EndAlz_Conspiracy.esm,0F002C95,00140605,ConsoleTowerSingle02,SCOL,-1120.374023,-53.246185,78.255844,270.0001
MFC2025_EndAlz_Conspiracy.esm,0F002C96,00140605,ConsoleTowerSingle02,SCOL,-1120.374023,-16.351961,78.255844,270.0001
MFC2025_EndAlz_Conspiracy.esm,0F002C97,00140605,ConsoleTowerSingle02,SCOL,-1120.374023,20.646576,78.255844,270.0001
MFC2025_EndAlz_Conspiracy.esm,0F002C98,00140615,ConsoleTowerBFull01,SCOL,-1120.373901,120.147217,78.255844,270.0001
MFC2025_EndAlz_Conspiracy.esm,0F002C99,00140605,ConsoleTowerSingle02,SCOL,-1120.373779,219.753601,78.255844,270.0001
MFC2025_EndAlz_Conspiracy.esm,0F002C9A,00140605,ConsoleTowerSingle02,SCOL,-1120.373779,258.353546,78.255844,270.0001
MFC2025_EndAlz_Conspiracy.esm,0F002C9B,00140605,ConsoleTowerSingle02,SCOL,-1120.373779,295.247772,78.255844,270.0001
MFC2025_EndAlz_Conspiracy.esm,0F002C9C,00140605,ConsoleTowerSingle02,SCOL,-1120.373779,332.246277,78.255844,270.0001
MFC2025_EndAlz_Conspiracy.esm,0F002C9D,01001139,MacMechBioJar03,MSTT,1081.846802,-354.060181,317.079773,270.0000
MFC2025_EndAlz_Conspiracy.esm,0F002C9E,0003180B,IndBgPipeSealed01,STAT,1081.867798,-353.752197,396.245789,180.0000
MFC2025_EndAlz_Conspiracy.esm,0F002C9F,0003180B,IndBgPipeSealed01,STAT,1081.857666,-398.624908,371.491180,180.0000
MFC2025_EndAlz_Conspiracy.esm,0F002CA0,01001138,MacMechBioJar02,MSTT,1081.846802,-398.419281,317.079773,270.0000
MFC2025_EndAlz_Conspiracy.esm,0F002CA1,0100113A,MacMechBioJar04,MSTT,1081.846802,-297.313690,317.079773,0.0000
MFC2025_EndAlz_Conspiracy.esm,0F002CA2,0100113A,MacMechBioJar04,MSTT,1081.846802,-31.585377,317.079773,0.0000
MFC2025_EndAlz_Conspiracy.esm,0F002CA3,0100113A,MacMechBioJar04,MSTT,1081.846802,227.249191,317.079773,0.0000
MFC2025_EndAlz_Conspiracy.esm,0F002CA4,01001139,MacMechBioJar03,MSTT,1081.846802,284.422791,317.079773,270.0000
MFC2025_EndAlz_Conspiracy.esm,0F002CA5,0003180B,IndBgPipeSealed01,STAT,1081.867798,284.730774,396.245789,180.0000
MFC2025_EndAlz_Conspiracy.esm,0F002CA6,01001138,MacMechBioJar02,MSTT,1081.846802,327.415558,317.079773,270.0000
MFC2025_EndAlz_Conspiracy.esm,0F002CA7,0003180B,IndBgPipeSealed01,STAT,1081.857666,327.209930,371.491180,180.0000
MFC2025_EndAlz_Conspiracy.esm,0F002CA8,01001139,MacMechBioJar03,MSTT,1081.846802,-87.039131,317.079773,270.0000
MFC2025_EndAlz_Conspiracy.esm,0F002CA9,0003180B,IndBgPipeSealed01,STAT,1081.867798,-86.731148,396.245789,180.0000
MFC2025_EndAlz_Conspiracy.esm,0F002CAA,01001139,MacMechBioJar03,MSTT,1081.846802,24.642145,317.079773,270.0000
MFC2025_EndAlz_Conspiracy.esm,0F002CAB,0003180B,IndBgPipeSealed01,STAT,1081.867798,24.950129,396.245789,180.0000
MFC2025_EndAlz_Conspiracy.esm,0F002CAC,01001138,MacMechBioJar02,MSTT,1081.846802,-133.621887,317.079773,270.0000
MFC2025_EndAlz_Conspiracy.esm,0F002CAD,0003180B,IndBgPipeSealed01,STAT,1081.857666,-133.827515,371.491180,180.0000
MFC2025_EndAlz_Conspiracy.esm,0F002CAE,01001138,MacMechBioJar02,MSTT,1081.846802,71.610275,317.079773,270.0000
MFC2025_EndAlz_Conspiracy.esm,0F002CAF,0003180B,IndBgPipeSealed01,STAT,1081.857666,71.404648,371.491180,180.0000
MFC2025_EndAlz_Conspiracy.esm,0F002CB0,01001138,MacMechBioJar02,MSTT,1081.846802,-235.141800,317.079773,270.0000
MFC2025_EndAlz_Conspiracy.esm,0F002CB1,0003180B,IndBgPipeSealed01,STAT,1081.857666,-235.347427,371.491180,180.0000
MFC2025_EndAlz_Conspiracy.esm,0F002CB2,01001138,MacMechBioJar02,MSTT,1081.846802,164.541168,317.079773,270.0000
MFC2025_EndAlz_Conspiracy.esm,0F002CB3,0003180B,IndBgPipeSealed01,STAT,1081.857666,164.335541,371.491180,180.0000
MFC2025_EndAlz_Conspiracy.esm,0F002CB4,01001138,MacMechBioJar02,MSTT,-1112.077393,327.415558,317.079773,270.0000
MFC2025_EndAlz_Conspiracy.esm,0F002CB5,0003180B,IndBgPipeSealed01,STAT,-1112.066528,327.209930,371.491180,180.0000
MFC2025_EndAlz_Conspiracy.esm,0F002CB6,0003180B,IndBgPipeSealed01,STAT,-1112.056396,284.730774,396.245789,180.0000
MFC2025_EndAlz_Conspiracy.esm,0F002CB7,01001139,MacMechBioJar03,MSTT,-1112.077393,284.422791,317.079773,270.0000
MFC2025_EndAlz_Conspiracy.esm,0F002CB8,0100113A,MacMechBioJar04,MSTT,-1112.077393,227.249191,317.079773,0.0000
MFC2025_EndAlz_Conspiracy.esm,0F002CB9,01001138,MacMechBioJar02,MSTT,-1112.077393,164.541168,317.079773,270.0000
MFC2025_EndAlz_Conspiracy.esm,0F002CBA,0003180B,IndBgPipeSealed01,STAT,-1112.066528,164.335541,371.491180,180.0000
MFC2025_EndAlz_Conspiracy.esm,0F002CBB,0003180B,IndBgPipeSealed01,STAT,-1112.066528,71.404648,371.491180,180.0000
MFC2025_EndAlz_Conspiracy.esm,0F002CBC,01001138,MacMechBioJar02,MSTT,-1112.077393,71.610275,317.079773,270.0000
MFC2025_EndAlz_Conspiracy.esm,0F002CBD,01001139,MacMechBioJar03,MSTT,-1112.077393,24.642145,317.079773,270.0000
MFC2025_EndAlz_Conspiracy.esm,0F002CBE,0003180B,IndBgPipeSealed01,STAT,-1112.056396,24.950129,396.245789,180.0000
MFC2025_EndAlz_Conspiracy.esm,0F002CBF,0100113A,MacMechBioJar04,MSTT,-1112.077393,-31.585377,317.079773,0.0000
MFC2025_EndAlz_Conspiracy.esm,0F002CC0,01001139,MacMechBioJar03,MSTT,-1112.077393,-87.039131,317.079773,270.0000
MFC2025_EndAlz_Conspiracy.esm,0F002CC1,0003180B,IndBgPipeSealed01,STAT,-1112.056396,-86.731148,396.245789,180.0000
MFC2025_EndAlz_Conspiracy.esm,0F002CC2,01001138,MacMechBioJar02,MSTT,-1112.077393,-133.621887,317.079773,270.0000
MFC2025_EndAlz_Conspiracy.esm,0F002CC3,0003180B,IndBgPipeSealed01,STAT,-1112.066528,-133.827515,371.491180,180.0000
MFC2025_EndAlz_Conspiracy.esm,0F002CC4,01001138,MacMechBioJar02,MSTT,-1112.077393,-235.141800,317.079773,270.0000
MFC2025_EndAlz_Conspiracy.esm,0F002CC5,0003180B,IndBgPipeSealed01,STAT,-1112.066528,-235.347427,371.491180,180.0000
MFC2025_EndAlz_Conspiracy.esm,0F002CC6,0100113A,MacMechBioJar04,MSTT,-1112.077393,-297.313690,317.079773,0.0000
MFC2025_EndAlz_Conspiracy.esm,0F002CC7,01001139,MacMechBioJar03,MSTT,-1112.077393,-354.060181,317.079773,270.0000
MFC2025_EndAlz_Conspiracy.esm,0F002CC8,0003180B,IndBgPipeSealed01,STAT,-1112.056396,-353.752197,396.245789,180.0000
MFC2025_EndAlz_Conspiracy.esm,0F002CC9,01001138,MacMechBioJar02,MSTT,-1112.077393,-398.419281,317.079773,270.0000
MFC2025_EndAlz_Conspiracy.esm,0F002CCA,0003180B,IndBgPipeSealed01,STAT,-1112.066528,-398.624908,371.491180,180.0000
MFC2025_EndAlz_Conspiracy.esm,0F002CCB,0100113A,MacMechBioJar04,MSTT,-155.570145,322.908875,126.937500,315.0000
MFC2025_EndAlz_Conspiracy.esm,0F002CCC,0100113A,MacMechBioJar04,MSTT,122.256577,322.908875,126.937500,225.0001
MFC2025_EndAlz_Conspiracy.esm,0F002CCD,01001139,MacMechBioJar03,MSTT,-205.560471,335.206757,127.000015,270.0000
MFC2025_EndAlz_Conspiracy.esm,0F002CCE,01001138,MacMechBioJar02,MSTT,-271.377808,335.206757,127.000015,270.0000
MFC2025_EndAlz_Conspiracy.esm,0F002CCF,01001139,MacMechBioJar03,MSTT,-237.646866,335.206757,127.000015,270.0000
MFC2025_EndAlz_Conspiracy.esm,0F002CD0,01001139,MacMechBioJar03,MSTT,167.249863,335.206757,127.000015,270.0000
MFC2025_EndAlz_Conspiracy.esm,0F002CD1,01001139,MacMechBioJar03,MSTT,196.638992,335.206757,127.000015,270.0000
MFC2025_EndAlz_Conspiracy.esm,0F002CD2,01001138,MacMechBioJar02,MSTT,227.997559,335.206757,127.000015,270.0000
MFC2025_EndAlz_Conspiracy.esm,0F002CD3,01001139,MacMechBioJar03,MSTT,-142.925339,271.934113,127.000015,270.0000
MFC2025_EndAlz_Conspiracy.esm,0F002CD4,01001138,MacMechBioJar02,MSTT,-141.806549,232.779526,127.000015,270.0000
MFC2025_EndAlz_Conspiracy.esm,0F002CD5,01001138,MacMechBioJar02,MSTT,112.904587,232.779526,127.000015,270.0000
MFC2025_EndAlz_Conspiracy.esm,0F002CD6,01001139,MacMechBioJar03,MSTT,111.785797,271.934113,127.000015,270.0000
MFC2025_EndAlz_Conspiracy.esm,0F002CD7,0100113A,MacMechBioJar04,MSTT,-443.117523,334.954559,126.937500,270.0001
MFC2025_EndAlz_Conspiracy.esm,0F002CD8,01001139,MacMechBioJar03,MSTT,-406.486053,335.206757,127.000015,270.0000
MFC2025_EndAlz_Conspiracy.esm,0F002CD9,01001138,MacMechBioJar02,MSTT,-372.532776,335.206757,127.000015,270.0000
MFC2025_EndAlz_Conspiracy.esm,0F002CDA,01001138,MacMechBioJar02,MSTT,336.223663,335.206757,127.000015,270.0000
MFC2025_EndAlz_Conspiracy.esm,0F002CDB,01001139,MacMechBioJar03,MSTT,374.829285,335.206757,127.000015,270.0000
MFC2025_EndAlz_Conspiracy.esm,0F002CDC,0100113A,MacMechBioJar04,MSTT,413.630310,334.954559,126.937500,270.0001
MFC2025_EndAlz_Conspiracy.esm,0F002CDD,0003180B,IndBgPipeSealed01,STAT,-406.501801,335.127258,185.686813,180.0000
MFC2025_EndAlz_Conspiracy.esm,0F002CDE,0003180B,IndBgPipeSealed01,STAT,-372.019135,335.127258,166.365799,180.0000
MFC2025_EndAlz_Conspiracy.esm,0F002CDF,0003180B,IndBgPipeSealed01,STAT,-271.520782,335.127258,166.365799,180.0000
MFC2025_EndAlz_Conspiracy.esm,0F002CE0,0003180B,IndBgPipeSealed01,STAT,-141.516495,232.990189,166.365799,180.0000
MFC2025_EndAlz_Conspiracy.esm,0F002CE1,0003180B,IndBgPipeSealed01,STAT,-237.688858,335.127258,185.686813,180.0000
MFC2025_EndAlz_Conspiracy.esm,0F002CE2,0003180B,IndBgPipeSealed01,STAT,-205.936020,335.690369,199.046875,180.0000
MFC2025_EndAlz_Conspiracy.esm,0F002CE3,0003180B,IndBgPipeSealed01,STAT,-142.917358,272.266205,205.877518,180.0000
MFC2025_EndAlz_Conspiracy.esm,0F002CE4,0003180B,IndBgPipeSealed01,STAT,112.371651,272.266205,205.877518,180.0000
MFC2025_EndAlz_Conspiracy.esm,0F002CE5,0003180B,IndBgPipeSealed01,STAT,113.772514,232.990189,166.365799,180.0000
MFC2025_EndAlz_Conspiracy.esm,0F002CE6,0003180B,IndBgPipeSealed01,STAT,167.447906,335.690369,199.046875,180.0000
MFC2025_EndAlz_Conspiracy.esm,0F002CE7,0003180B,IndBgPipeSealed01,STAT,197.137543,335.127258,185.686813,180.0000
MFC2025_EndAlz_Conspiracy.esm,0F002CE8,0003180B,IndBgPipeSealed01,STAT,228.477783,335.127258,166.365799,180.0000
MFC2025_EndAlz_Conspiracy.esm,0F002CE9,0003180B,IndBgPipeSealed01,STAT,336.229034,335.127258,166.365799,180.0000
MFC2025_EndAlz_Conspiracy.esm,0F002CEA,0003180B,IndBgPipeSealed01,STAT,375.713135,335.127258,185.686813,180.0000
MFC2025_EndAlz_Conspiracy.esm,0F002CEB,0001D971,BlackWireSpline01,BNDS,-599.780457,-371.677460,551.176941,0.0000
MFC2025_EndAlz_Conspiracy.esm,0F002CEC,0001D971,BlackWireSpline01,BNDS,-599.780457,-341.444763,563.568115,0.0000
MFC2025_EndAlz_Conspiracy.esm,0F002CED,0001D971,BlackWireSpline01,BNDS,-599.780457,-304.851624,570.474182,0.0000
MFC2025_EndAlz_Conspiracy.esm,0F002CEE,0001D971,BlackWireSpline01,BNDS,-599.780457,-266.760468,551.615234,0.0000
MFC2025_EndAlz_Conspiracy.esm,0F002CEF,0001D971,BlackWireSpline01,BNDS,-599.780457,-208.965668,551.615234,0.0000
MFC2025_EndAlz_Conspiracy.esm,0F002CF0,0001D971,BlackWireSpline01,BNDS,-599.780457,-176.387115,563.266235,0.0000
MFC2025_EndAlz_Conspiracy.esm,0F002CF1,0001D971,BlackWireSpline01,BNDS,-599.780457,-141.922440,571.677856,0.0000
MFC2025_EndAlz_Conspiracy.esm,0F002CF2,0001D971,BlackWireSpline01,BNDS,-584.903381,-159.531769,563.969971,0.0000
MFC2025_EndAlz_Conspiracy.esm,0F002CF3,0001D971,BlackWireSpline01,BNDS,-584.903381,-123.775261,552.057861,0.0000
MFC2025_EndAlz_Conspiracy.esm,0F002CF4,0001D971,BlackWireSpline01,BNDS,-584.903381,-66.209763,552.057861,0.0000
MFC2025_EndAlz_Conspiracy.esm,0F002CF5,0001D971,BlackWireSpline01,BNDS,-584.903381,-25.408920,571.224243,0.0000
MFC2025_EndAlz_Conspiracy.esm,0F002CF6,0001D971,BlackWireSpline01,BNDS,-584.903381,11.619934,564.067810,0.0000
MFC2025_EndAlz_Conspiracy.esm,0F002CF7,0001D971,BlackWireSpline01,BNDS,-584.903381,35.310776,551.418335,0.0000
MFC2025_EndAlz_Conspiracy.esm,0F002CF8,0F002BC9,VP25_Static_DetailledFusebox01,STAT,-81.379440,-298.681183,736.000000,0.0000
MFC2025_EndAlz_Conspiracy.esm,0F002CF9,0F002BC9,VP25_Static_DetailledFusebox01,STAT,50.425659,-298.681183,736.000000,0.0000
MFC2025_EndAlz_Conspiracy.esm,0F002CFA,0001D971,BlackWireSpline01,BNDS,573.308228,-371.369110,551.889587,0.0000
MFC2025_EndAlz_Conspiracy.esm,0F002CFB,0001D971,BlackWireSpline01,BNDS,573.308228,-342.798218,563.828796,0.0000
MFC2025_EndAlz_Conspiracy.esm,0F002CFC,0001D971,BlackWireSpline01,BNDS,573.308228,-308.884613,571.749817,0.0000
MFC2025_EndAlz_Conspiracy.esm,0F002CFD,0001D971,BlackWireSpline01,BNDS,573.803284,-272.251831,551.716919,0.0000
MFC2025_EndAlz_Conspiracy.esm,0F002CFE,0001D971,BlackWireSpline01,BNDS,573.803284,-216.020538,551.716919,0.0000
MFC2025_EndAlz_Conspiracy.esm,0F002CFF,0001D971,BlackWireSpline01,BNDS,573.394104,-187.792221,564.299255,0.0000
MFC2025_EndAlz_Conspiracy.esm,0F002D00,0001D971,BlackWireSpline01,BNDS,573.394104,-154.209259,571.387207,0.0000
MFC2025_EndAlz_Conspiracy.esm,0F002D01,0001D971,BlackWireSpline01,BNDS,573.394104,-119.825569,564.294922,0.0000
MFC2025_EndAlz_Conspiracy.esm,0F002D02,0001D971,BlackWireSpline01,BNDS,573.394104,-91.552895,551.704529,0.0000
MFC2025_EndAlz_Conspiracy.esm,0F002D03,0001D971,BlackWireSpline01,BNDS,557.761536,-88.380600,551.704529,0.0000
MFC2025_EndAlz_Conspiracy.esm,0F002D04,0001D971,BlackWireSpline01,BNDS,557.761536,-46.043861,571.576294,0.0000
MFC2025_EndAlz_Conspiracy.esm,0F002D05,0001D971,BlackWireSpline01,BNDS,557.761536,-6.390869,564.389526,0.0000
MFC2025_EndAlz_Conspiracy.esm,0F002D06,0001D971,BlackWireSpline01,BNDS,557.761536,34.781708,551.424438,0.0000
MFC2025_EndAlz_Conspiracy.esm,0F002D07,01003657,Mechanical_FloorDrain02,STAT,-9.986702,633.322632,89.124702,0.0000
MFC2025_EndAlz_Conspiracy.esm,0F002D08,0019AC4D,IndSilo256BotPlat01,STAT,-13.368105,632.212769,89.200317,0.0000
MFC2025_EndAlz_Conspiracy.esm,0F002D09,0017E8F0,Vault_HologramProjector,STAT,-15.877851,436.979065,90.112114,0.0000
MFC2025_EndAlz_Conspiracy.esm,0F002D0A,0017E8F0,Vault_HologramProjector,STAT,-15.877851,829.879395,90.112114,180.0000
MFC2025_EndAlz_Conspiracy.esm,0F002D0B,0017E8F0,Vault_HologramProjector,STAT,-212.328018,633.429260,90.112114,90.0001
MFC2025_EndAlz_Conspiracy.esm,0F002D0C,0017E8F0,Vault_HologramProjector,STAT,180.572281,633.429138,90.112114,270.0000
MFC2025_EndAlz_Conspiracy.esm,0F002D0D,0017E8F0,Vault_HologramProjector,STAT,-154.789169,494.518036,90.112114,45.0001
MFC2025_EndAlz_Conspiracy.esm,0F002D0E,0017E8F0,Vault_HologramProjector,STAT,123.033432,772.340332,90.112114,225.0000
MFC2025_EndAlz_Conspiracy.esm,0F002D0F,0017E8F0,Vault_HologramProjector,STAT,123.033234,494.517883,90.112114,315.0001
MFC2025_EndAlz_Conspiracy.esm,0F002D10,0017E8F0,Vault_HologramProjector,STAT,-154.788956,772.340576,90.112114,135.0001
MFC2025_EndAlz_Conspiracy.esm,0F002D12,00140615,ConsoleTowerBFull01,SCOL,345.700989,639.135071,79.863014,90.0000
MFC2025_EndAlz_Conspiracy.esm,0F002D13,00140615,ConsoleTowerBFull01,SCOL,-362.038269,639.135071,79.863014,270.0001
MFC2025_EndAlz_Conspiracy.esm,0F002D14,0F002BC9,VP25_Static_DetailledFusebox01,STAT,39.341309,-211.063171,736.000000,315.0000
MFC2025_EndAlz_Conspiracy.esm,0F002D15,0F002BC9,VP25_Static_DetailledFusebox01,STAT,-69.645416,-211.063171,736.000000,135.0715
MFC2025_EndAlz_Conspiracy.esm,0F002D16,0001D971,BlackWireSpline01,BNDS,-276.085144,67.020157,457.310699,0.0000
MFC2025_EndAlz_Conspiracy.esm,0F002D17,0001D971,BlackWireSpline01,BNDS,-250.662842,65.865387,458.318787,0.0000
MFC2025_EndAlz_Conspiracy.esm,0F002D18,0001D971,BlackWireSpline01,BNDS,-227.505844,65.865387,448.877808,0.0000
MFC2025_EndAlz_Conspiracy.esm,0F002D19,0001D971,BlackWireSpline01,BNDS,-173.460587,65.865387,448.877808,0.0000
MFC2025_EndAlz_Conspiracy.esm,0F002D1A,0001D971,BlackWireSpline01,BNDS,-152.028625,65.865387,458.248535,0.0000
MFC2025_EndAlz_Conspiracy.esm,0F002D1B,0001D971,BlackWireSpline01,BNDS,-131.528625,65.865387,465.211731,0.0000
MFC2025_EndAlz_Conspiracy.esm,0F002D1C,0001D971,BlackWireSpline01,BNDS,-101.416962,59.623184,472.054047,0.0000
MFC2025_EndAlz_Conspiracy.esm,0F002D1D,0001D971,BlackWireSpline01,BNDS,-89.333687,34.210846,468.117310,0.0000
MFC2025_EndAlz_Conspiracy.esm,0F002D1E,0001D971,BlackWireSpline01,BNDS,-82.431824,14.413162,448.388123,0.0000
MFC2025_EndAlz_Conspiracy.esm,0F002D1F,0F002BCF,VP25_Light_GlowAmbienceGreen,LIGH,-1037.073486,-299.918091,356.682465,0.0000
MFC2025_EndAlz_Conspiracy.esm,0F002D20,0F002BCF,VP25_Light_GlowAmbienceGreen,LIGH,-1037.073486,-32.071651,356.682465,0.0000
MFC2025_EndAlz_Conspiracy.esm,0F002D21,0F002BCF,VP25_Light_GlowAmbienceGreen,LIGH,-1037.073486,234.921326,356.682465,0.0000
MFC2025_EndAlz_Conspiracy.esm,0F002D22,0F002BCF,VP25_Light_GlowAmbienceGreen,LIGH,-405.281250,291.626282,161.758713,0.0000
MFC2025_EndAlz_Conspiracy.esm,0F002D23,0F002BCF,VP25_Light_GlowAmbienceGreen,LIGH,-206.229507,291.626282,161.758713,0.0000
MFC2025_EndAlz_Conspiracy.esm,0F002D24,0F002BCF,VP25_Light_GlowAmbienceGreen,LIGH,361.318329,291.626282,161.758713,0.0000
MFC2025_EndAlz_Conspiracy.esm,0F002D25,0F002BCF,VP25_Light_GlowAmbienceGreen,LIGH,162.266586,291.626282,161.758713,0.0000
MFC2025_EndAlz_Conspiracy.esm,0F002D26,0F002BCF,VP25_Light_GlowAmbienceGreen,LIGH,997.641663,-299.918091,356.682465,0.0000
MFC2025_EndAlz_Conspiracy.esm,0F002D27,0F002BCF,VP25_Light_GlowAmbienceGreen,LIGH,997.641663,-32.071651,356.682465,0.0000
MFC2025_EndAlz_Conspiracy.esm,0F002D28,0F002BCF,VP25_Light_GlowAmbienceGreen,LIGH,997.641663,234.921326,356.682465,0.0000
MFC2025_EndAlz_Conspiracy.esm,0F002D29,0F002BCF,VP25_Light_GlowAmbienceGreen,LIGH,-331.918915,-535.050842,155.951385,0.0000
MFC2025_EndAlz_Conspiracy.esm,0F002D2A,0F002BCF,VP25_Light_GlowAmbienceGreen,LIGH,-120.760742,-535.050842,155.951385,0.0000
MFC2025_EndAlz_Conspiracy.esm,0F002D2B,0F002BCF,VP25_Light_GlowAmbienceGreen,LIGH,76.179169,-535.050842,155.951385,0.0000
MFC2025_EndAlz_Conspiracy.esm,0F002D2C,0F002BCF,VP25_Light_GlowAmbienceGreen,LIGH,296.982361,-535.050842,155.951385,0.0000
MFC2025_EndAlz_Conspiracy.esm,0F002D2D,0008158A,HitDoorLg01,DOOR,-864.000000,368.000000,80.000000,0.0000
MFC2025_EndAlz_Conspiracy.esm,0F002D2E,0008158A,HitDoorLg01,DOOR,880.000000,368.000000,80.000000,0.0000
MFC2025_EndAlz_Conspiracy.esm,0F002D2F,0001D971,BlackWireSpline01,BNDS,249.796707,66.266174,457.093170,0.0000
MFC2025_EndAlz_Conspiracy.esm,0F002D30,0001D971,BlackWireSpline01,BNDS,224.141891,66.266174,457.892639,0.0000
MFC2025_EndAlz_Conspiracy.esm,0F002D31,0001D971,BlackWireSpline01,BNDS,199.067535,66.266174,448.838074,0.0000
MFC2025_EndAlz_Conspiracy.esm,0F002D32,0001D971,BlackWireSpline01,BNDS,139.547668,66.266174,448.838074,0.0000
MFC2025_EndAlz_Conspiracy.esm,0F002D33,0001D971,BlackWireSpline01,BNDS,118.582779,66.266174,458.173920,0.0000
MFC2025_EndAlz_Conspiracy.esm,0F002D34,0001D971,BlackWireSpline01,BNDS,98.017624,66.266174,465.076782,0.0000
MFC2025_EndAlz_Conspiracy.esm,0F002D35,0001D971,BlackWireSpline01,BNDS,70.213875,59.495377,472.159332,0.0000
MFC2025_EndAlz_Conspiracy.esm,0F002D36,0001D971,BlackWireSpline01,BNDS,59.011723,33.706070,468.631775,0.0000
MFC2025_EndAlz_Conspiracy.esm,0F002D37,0001D971,BlackWireSpline01,BNDS,53.546688,14.751205,449.420959,0.0000
MFC2025_EndAlz_Conspiracy.esm,0F002D38,0001D971,BlackWireSpline01,BNDS,-33.949844,-263.276123,726.492554,0.0000
MFC2025_EndAlz_Conspiracy.esm,0F002D39,0001D971,BlackWireSpline01,BNDS,4.239361,-263.276123,726.492554,0.0000
MFC2025_EndAlz_Conspiracy.esm,0F002D3A,0001D971,BlackWireSpline01,BNDS,-16.091980,-229.149292,731.112427,0.0000
MFC2025_EndAlz_Conspiracy.esm,0F002D3B,0001D971,BlackWireSpline01,BNDS,-14.832474,-334.944275,731.112366,0.0000
MFC2025_EndAlz_Conspiracy.esm,0F002D3C,0001D971,BlackWireSpline01,BNDS,-44.712460,-334.944275,731.112366,0.0000
MFC2025_EndAlz_Conspiracy.esm,0F002D3D,0001D971,BlackWireSpline01,BNDS,14.594326,-334.944275,731.112366,0.0000
MFC2025_EndAlz_Conspiracy.esm,0F002D3E,0001D971,BlackWireSpline01,BNDS,-51.903130,-404.349365,685.889160,0.0000
MFC2025_EndAlz_Conspiracy.esm,0F002D3F,0001D971,BlackWireSpline01,BNDS,22.826565,-404.349365,685.889160,0.0000
MFC2025_EndAlz_Conspiracy.esm,0F002D40,0001D971,BlackWireSpline01,BNDS,11.053094,-345.257507,686.476440,0.0000
MFC2025_EndAlz_Conspiracy.esm,0F002D41,0001D971,BlackWireSpline01,BNDS,-38.343143,-345.257507,686.476440,0.0000
MFC2025_EndAlz_Conspiracy.esm,0F002D42,0100FE63,DLC01Sparks01,MSTT,-46.008018,-163.940369,1.654986,0.0000
MFC2025_EndAlz_Conspiracy.esm,0F002D43,0100FE63,DLC01Sparks01,MSTT,-533.932922,169.286682,1.950046,0.0000
MFC2025_EndAlz_Conspiracy.esm,0F002D44,0100FE63,DLC01Sparks01,MSTT,496.913483,-88.993317,2.093617,0.0000
MFC2025_EndAlz_Conspiracy.esm,0F002D45,00045604,Sparks01,MSTT,-265.482544,-276.374847,1.748616,0.0000
MFC2025_EndAlz_Conspiracy.esm,0F002D46,00045604,Sparks01,MSTT,200.135437,-466.046906,2.379722,0.0000
MFC2025_EndAlz_Conspiracy.esm,0F002D47,00045604,Sparks01,MSTT,296.112793,211.219910,2.200843,0.0000
MFC2025_EndAlz_Conspiracy.esm,0F002D48,00045614,SparksIntermittent,MSTT,139.760315,51.609070,2.411909,0.0000
MFC2025_EndAlz_Conspiracy.esm,0F002D49,00045614,SparksIntermittent,MSTT,-64.992043,182.026779,1.677241,0.0000
MFC2025_EndAlz_Conspiracy.esm,0F002D4A,00045614,SparksIntermittent,MSTT,-556.633118,-202.102036,0.000008,0.0000
MFC2025_EndAlz_Conspiracy.esm,0F002D4B,01004F2A,DLC01RoboBrainInChair,MSTT,-1028.971924,-348.060638,77.788177,270.0001
MFC2025_EndAlz_Conspiracy.esm,0F002D4C,00051EA2,NpcChairHighTechRoundChairDirtySit01Static,STAT,-1018.981812,-339.642181,80.000000,270.0001
MFC2025_EndAlz_Conspiracy.esm,0F002D4D,01004F2A,DLC01RoboBrainInChair,MSTT,-1028.971924,-37.531448,77.788177,270.0001
MFC2025_EndAlz_Conspiracy.esm,0F002D4E,00051EA2,NpcChairHighTechRoundChairDirtySit01Static,STAT,-1018.981812,-29.112991,80.000000,270.0001
MFC2025_EndAlz_Conspiracy.esm,0F002D4F,01004F2A,DLC01RoboBrainInChair,MSTT,-1028.971924,267.538300,77.788177,270.0001
MFC2025_EndAlz_Conspiracy.esm,0F002D50,00051EA2,NpcChairHighTechRoundChairDirtySit01Static,STAT,-1018.981812,275.956757,80.000000,270.0001
MFC2025_EndAlz_Conspiracy.esm,0F002D51,01004F2A,DLC01RoboBrainInChair,MSTT,997.241089,-339.642212,77.788177,90.0001
MFC2025_EndAlz_Conspiracy.esm,0F002D52,00051EA2,NpcChairHighTechRoundChairDirtySit01Static,STAT,987.250854,-348.060608,80.000000,90.0001
MFC2025_EndAlz_Conspiracy.esm,0F002D53,01004F2A,DLC01RoboBrainInChair,MSTT,997.241272,-34.572376,77.788177,90.0001
MFC2025_EndAlz_Conspiracy.esm,0F002D54,00051EA2,NpcChairHighTechRoundChairDirtySit01Static,STAT,987.251160,-42.990841,80.000000,90.0001
MFC2025_EndAlz_Conspiracy.esm,0F002D55,01004F2A,DLC01RoboBrainInChair,MSTT,997.241455,275.956818,77.788177,90.0001
MFC2025_EndAlz_Conspiracy.esm,0F002D56,00051EA2,NpcChairHighTechRoundChairDirtySit01Static,STAT,987.251343,267.538330,80.000000,90.0001
MFC2025_EndAlz_Conspiracy.esm,0F002D57,000BA58F,Vault_Crate_01_Steel,STAT,-532.094788,-609.811096,79.999969,31.1692
MFC2025_EndAlz_Conspiracy.esm,0F002D58,000BA590,Vault_Crate_02_Steel,STAT,-579.071045,-582.046387,79.999969,301.9031
MFC2025_EndAlz_Conspiracy.esm,0F002D59,000BA591,Vault_Crate_03_Steel,STAT,-620.169861,-502.518524,79.999969,244.6074
MFC2025_EndAlz_Conspiracy.esm,0F002D5A,000BA592,Vault_Crate_04_Steel,STAT,-645.084412,-575.079163,79.999969,221.6891
MFC2025_EndAlz_Conspiracy.esm,0F002D5B,000BA58F,Vault_Crate_01_Steel,STAT,-675.937561,-506.257599,79.999969,88.4650
MFC2025_EndAlz_Conspiracy.esm,0F002D5C,000BA591,Vault_Crate_03_Steel,STAT,555.915649,330.572723,79.999878,0.0000
MFC2025_EndAlz_Conspiracy.esm,0F002D5D,000BA590,Vault_Crate_02_Steel,STAT,591.897034,274.473419,79.999878,90.0000
MFC2025_EndAlz_Conspiracy.esm,0F002D5E,000BA591,Vault_Crate_03_Steel,STAT,615.228333,183.341003,79.999878,90.0000
MFC2025_EndAlz_Conspiracy.esm,0F002D5F,000BA58F,Vault_Crate_01_Steel,STAT,613.925964,206.983734,120.946457,90.0000
MFC2025_EndAlz_Conspiracy.esm,0F002D60,000BA592,Vault_Crate_04_Steel,STAT,1071.050659,-455.921844,80.000000,0.0000
MFC2025_EndAlz_Conspiracy.esm,0F002D61,000BA592,Vault_Crate_04_Steel,STAT,1004.901794,-455.921844,80.000000,90.0000
MFC2025_EndAlz_Conspiracy.esm,0F002D62,000BA590,Vault_Crate_02_Steel,STAT,938.527405,-444.250671,80.000000,0.0000
MFC2025_EndAlz_Conspiracy.esm,0F002D63,000BA58F,Vault_Crate_01_Steel,STAT,938.527405,-487.913239,80.000000,0.0000
MFC2025_EndAlz_Conspiracy.esm,0F002D64,000BA591,Vault_Crate_03_Steel,STAT,1080.741699,-546.899536,80.000000,270.0000
MFC2025_EndAlz_Conspiracy.esm,0F002D65,000BA592,Vault_Crate_04_Steel,STAT,955.363464,-677.776978,80.000000,0.0000
MFC2025_EndAlz_Conspiracy.esm,0F002D66,000BA591,Vault_Crate_03_Steel,STAT,899.440247,-695.875000,80.000000,270.0001
MFC2025_EndAlz_Conspiracy.esm,0F002D67,000BA58F,Vault_Crate_01_Steel,STAT,899.440247,-719.426941,122.470032,270.0001
MFC2025_EndAlz_Conspiracy.esm,0F002D68,000BA58F,Vault_Crate_01_Steel,STAT,856.256897,-672.372437,80.527603,270.0001
MFC2025_EndAlz_Conspiracy.esm,0F002D69,000BA590,Vault_Crate_02_Steel,STAT,973.247437,-916.475525,80.000000,308.6980
MFC2025_EndAlz_Conspiracy.esm,0F002D6A,000BA591,Vault_Crate_03_Steel,STAT,905.373230,-980.173340,80.000000,141.0850
MFC2025_EndAlz_Conspiracy.esm,0F002D6B,000BA591,Vault_Crate_03_Steel,STAT,895.157471,-925.961121,80.000000,141.0850
MFC2025_EndAlz_Conspiracy.esm,0F002D6C,000BA591,Vault_Crate_03_Steel,STAT,-584.726562,-641.932373,79.999969,198.7708
MFC2025_EndAlz_Conspiracy.esm,0F002D6D,000BA58F,Vault_Crate_01_Steel,STAT,-606.605713,-632.826782,121.561195,198.7708
MFC2025_EndAlz_Conspiracy.esm,0F002D6E,000BA58F,Vault_Crate_01_Steel,STAT,-677.052979,-622.458923,79.999969,42.6284
MFC2025_EndAlz_Conspiracy.esm,0F002D6F,000BA58F,Vault_Crate_01_Steel,STAT,-638.210815,-565.658691,153.165024,42.6284
MFC2025_EndAlz_Conspiracy.esm,0F002D70,000BA591,Vault_Crate_03_Steel,STAT,-620.169861,-502.518524,121.357864,244.6074
MFC2025_EndAlz_Conspiracy.esm,0F002D71,000BA58F,Vault_Crate_01_Steel,STAT,-579.071045,-582.046387,153.358734,301.9031
MFC2025_EndAlz_Conspiracy.esm,0F002D72,010019D4,MacMechBrain04a,STAT,-142.591782,233.216660,148.599503,270.0000
MFC2025_EndAlz_Conspiracy.esm,0F002D73,010019D7,MacMechBrain03a,STAT,-143.918747,271.044922,191.780441,270.0000
MFC2025_EndAlz_Conspiracy.esm,0F002D74,010019D6,MacMechBrain02a,STAT,-158.284882,321.599670,191.780441,225.0001
MFC2025_EndAlz_Conspiracy.esm,0F002D75,010019D4,MacMechBrain04a,STAT,-210.589127,337.166168,182.303955,134.1635
MFC2025_EndAlz_Conspiracy.esm,0F002D76,010019D4,MacMechBrain04a,STAT,-202.619247,337.166168,152.144974,228.1060
MFC2025_EndAlz_Conspiracy.esm,0F002D77,010019D7,MacMechBrain03a,STAT,-237.700165,336.540619,174.020294,142.2762
MFC2025_EndAlz_Conspiracy.esm,0F002D78,010019D4,MacMechBrain04a,STAT,-271.190491,335.746307,148.576889,180.0000
MFC2025_EndAlz_Conspiracy.esm,0F002D79,010019D6,MacMechBrain02a,STAT,-373.288544,336.514801,150.562820,270.0000
MFC2025_EndAlz_Conspiracy.esm,0F002D7A,010019D7,MacMechBrain03a,STAT,-407.017395,334.609009,176.228119,180.0000
MFC2025_EndAlz_Conspiracy.esm,0F002D7B,010019D5,MacMechBrain01a,STAT,-443.975983,335.067963,166.246994,135.0001
MFC2025_EndAlz_Conspiracy.esm,0F002D7C,010019D6,MacMechBrain02a,STAT,114.098030,232.560562,144.421143,90.0000
MFC2025_EndAlz_Conspiracy.esm,0F002D7D,010019D4,MacMechBrain04a,STAT,111.584549,266.422333,148.807816,112.9183
MFC2025_EndAlz_Conspiracy.esm,0F002D7E,010019D4,MacMechBrain04a,STAT,111.584549,279.566620,172.780609,90.0000
MFC2025_EndAlz_Conspiracy.esm,0F002D7F,010019D4,MacMechBrain04a,STAT,110.601677,264.456512,196.770828,55.6226
MFC2025_EndAlz_Conspiracy.esm,0F002D80,010019D5,MacMechBrain01a,STAT,122.446930,320.437164,190.885788,135.0000
MFC2025_EndAlz_Conspiracy.esm,0F002D81,010019D5,MacMechBrain01a,STAT,166.886963,335.941162,180.476501,180.0001
MFC2025_EndAlz_Conspiracy.esm,0F002D82,010019D7,MacMechBrain03a,STAT,196.124313,333.109924,174.041763,180.0000
MFC2025_EndAlz_Conspiracy.esm,0F002D83,010019D4,MacMechBrain04a,STAT,227.117676,335.954041,145.935410,225.0001
MFC2025_EndAlz_Conspiracy.esm,0F002D84,010019D4,MacMechBrain04a,STAT,335.114319,335.503113,156.660629,90.0000
MFC2025_EndAlz_Conspiracy.esm,0F002D85,010019D4,MacMechBrain04a,STAT,335.114319,335.503113,140.722992,225.0001
MFC2025_EndAlz_Conspiracy.esm,0F002D86,010019D5,MacMechBrain01a,STAT,375.017822,335.347137,171.688538,180.0000
MFC2025_EndAlz_Conspiracy.esm,0F002D87,010019D6,MacMechBrain02a,STAT,413.164795,332.519989,171.688538,225.0001
MFC2025_EndAlz_Conspiracy.esm,0F002D8B,010019D5,MacMechBrain01a,STAT,314.964020,-592.409729,170.980408,315.0000
MFC2025_EndAlz_Conspiracy.esm,0F002D8C,010019D4,MacMechBrain04a,STAT,282.479187,-590.148560,146.583084,90.0000
MFC2025_EndAlz_Conspiracy.esm,0F002D8D,010019D6,MacMechBrain02a,STAT,142.363861,-591.940552,145.277496,180.0001
MFC2025_EndAlz_Conspiracy.esm,0F002D8E,010019D4,MacMechBrain04a,STAT,112.396568,-594.642029,174.855194,315.0000
MFC2025_EndAlz_Conspiracy.esm,0F002D8F,010019D4,MacMechBrain04a,STAT,112.396568,-594.642029,155.743546,45.0000
MFC2025_EndAlz_Conspiracy.esm,0F002D90,010019D4,MacMechBrain04a,STAT,112.396568,-594.642029,138.523483,270.0001
MFC2025_EndAlz_Conspiracy.esm,0F002D91,010019D6,MacMechBrain02a,STAT,80.744682,-591.202454,190.092377,34.3775
MFC2025_EndAlz_Conspiracy.esm,0F002D92,010019D5,MacMechBrain01a,STAT,50.168793,-590.554749,140.453400,0.0000
MFC2025_EndAlz_Conspiracy.esm,0F002D93,010019D4,MacMechBrain04a,STAT,19.400074,-590.998413,115.762932,315.0000
MFC2025_EndAlz_Conspiracy.esm,0F002D94,010019D7,MacMechBrain03a,STAT,-47.847736,-591.351379,123.732811,0.0000
MFC2025_EndAlz_Conspiracy.esm,0F002D95,010019D5,MacMechBrain01a,STAT,-77.186821,-591.037659,139.492630,90.0000
MFC2025_EndAlz_Conspiracy.esm,0F002D96,010019D4,MacMechBrain04a,STAT,-108.127914,-590.784729,120.846405,45.0000
MFC2025_EndAlz_Conspiracy.esm,0F002D97,010019D4,MacMechBrain04a,STAT,-108.127914,-590.784729,144.710510,0.0000
MFC2025_EndAlz_Conspiracy.esm,0F002D98,010019D5,MacMechBrain01a,STAT,-108.127914,-590.784729,211.438293,315.0000
MFC2025_EndAlz_Conspiracy.esm,0F002D99,010019D4,MacMechBrain04a,STAT,-108.127914,-590.784729,167.530075,315.0000
MFC2025_EndAlz_Conspiracy.esm,0F002D9A,010019D7,MacMechBrain03a,STAT,-139.146576,-591.895996,176.803223,0.0000
MFC2025_EndAlz_Conspiracy.esm,0F002D9B,010019D5,MacMechBrain01a,STAT,-171.274033,-592.203979,147.642197,90.0000
MFC2025_EndAlz_Conspiracy.esm,0F002D9C,010019D4,MacMechBrain04a,STAT,-314.949951,-593.219604,146.194290,315.0000
MFC2025_EndAlz_Conspiracy.esm,0F002D9D,010019D6,MacMechBrain02a,STAT,-345.962372,-592.198303,176.566467,90.0000
MFC2025_EndAlz_Conspiracy.esm,0F002D9E,010019D4,MacMechBrain04a,STAT,1076.894287,326.217560,349.856476,180.0000
MFC2025_EndAlz_Conspiracy.esm,0F002D9F,010019D5,MacMechBrain01a,STAT,1080.033081,284.745453,375.881897,0.0000
MFC2025_EndAlz_Conspiracy.esm,0F002DA0,010019D5,MacMechBrain01a,STAT,1080.033081,228.020889,387.351837,225.0001
MFC2025_EndAlz_Conspiracy.esm,0F002DA1,010019D7,MacMechBrain03a,STAT,1081.345581,163.331390,352.923798,225.0001
MFC2025_EndAlz_Conspiracy.esm,0F002DA2,010019D6,MacMechBrain02a,STAT,1081.345581,72.988113,346.623444,0.0001
MFC2025_EndAlz_Conspiracy.esm,0F002DA3,010019D4,MacMechBrain04a,STAT,1081.080933,25.674637,384.809174,225.0000
MFC2025_EndAlz_Conspiracy.esm,0F002DA4,010019D4,MacMechBrain04a,STAT,1081.080933,25.674637,362.368408,315.0000
MFC2025_EndAlz_Conspiracy.esm,0F002DA5,010019D4,MacMechBrain04a,STAT,1081.080933,25.674637,337.586029,0.0001
MFC2025_EndAlz_Conspiracy.esm,0F002DA6,010019D6,MacMechBrain02a,STAT,1081.042114,-30.820312,383.052094,225.0000
MFC2025_EndAlz_Conspiracy.esm,0F002DA7,010019D5,MacMechBrain01a,STAT,1081.652222,-88.026039,383.049103,315.0000
MFC2025_EndAlz_Conspiracy.esm,0F002DA8,010019D5,MacMechBrain01a,STAT,1081.652222,-79.553703,361.374023,225.0001
MFC2025_EndAlz_Conspiracy.esm,0F002DA9,010019D4,MacMechBrain04a,STAT,1081.652222,-89.817307,340.858612,315.0001
MFC2025_EndAlz_Conspiracy.esm,0F002DAA,010019D4,MacMechBrain04a,STAT,1081.652222,-133.761948,347.869110,270.0001
MFC2025_EndAlz_Conspiracy.esm,0F002DAB,010019D4,MacMechBrain04a,STAT,1081.652222,-227.705063,356.742004,225.0001
MFC2025_EndAlz_Conspiracy.esm,0F002DAC,010019D4,MacMechBrain04a,STAT,1081.652222,-241.878189,335.972595,315.0001
MFC2025_EndAlz_Conspiracy.esm,0F002DAD,010019D6,MacMechBrain02a,STAT,1077.863281,-296.471191,384.450775,303.5410
MFC2025_EndAlz_Conspiracy.esm,0F002DAE,010019D5,MacMechBrain01a,STAT,1079.457764,-348.005280,388.269989,222.4903
MFC2025_EndAlz_Conspiracy.esm,0F002DAF,010019D5,MacMechBrain01a,STAT,1079.457764,-360.192749,370.215271,302.7043
MFC2025_EndAlz_Conspiracy.esm,0F002DB0,010019D6,MacMechBrain02a,STAT,1079.457764,-349.049072,341.881775,34.3777
MFC2025_EndAlz_Conspiracy.esm,0F002DB1,010019D4,MacMechBrain04a,STAT,1080.218140,-399.287537,347.282288,325.6226
MFC2025_EndAlz_Conspiracy.esm,0F002DB2,010019D4,MacMechBrain04a,STAT,-1107.919434,-407.739197,360.118469,45.8366
MFC2025_EndAlz_Conspiracy.esm,0F002DB3,010019D5,MacMechBrain01a,STAT,-1113.114746,-388.590973,345.756500,137.5099
MFC2025_EndAlz_Conspiracy.esm,0F002DB4,010019D7,MacMechBrain03a,STAT,-1112.979126,-354.283783,379.564575,0.0000
MFC2025_EndAlz_Conspiracy.esm,0F002DB5,010019D4,MacMechBrain04a,STAT,-1112.522095,-308.951263,399.753082,34.3775
MFC2025_EndAlz_Conspiracy.esm,0F002DB6,010019D4,MacMechBrain04a,STAT,-1108.652100,-285.710480,392.375458,114.5916
MFC2025_EndAlz_Conspiracy.esm,0F002DB7,010019D7,MacMechBrain03a,STAT,-1108.652100,-301.316650,375.020447,57.2959
MFC2025_EndAlz_Conspiracy.esm,0F002DB8,010019D4,MacMechBrain04a,STAT,-1108.652100,-287.660004,351.777466,160.4283
MFC2025_EndAlz_Conspiracy.esm,0F002DB9,010019D5,MacMechBrain01a,STAT,-1111.038696,-233.759171,350.935944,160.4282
MFC2025_EndAlz_Conspiracy.esm,0F002DBA,010019D7,MacMechBrain03a,STAT,-1110.859253,-135.084595,353.978729,34.3777
MFC2025_EndAlz_Conspiracy.esm,0F002DBB,010019D7,MacMechBrain03a,STAT,-1110.859253,-89.099670,377.760437,34.3777
MFC2025_EndAlz_Conspiracy.esm,0F002DBC,010019D4,MacMechBrain04a,STAT,-1099.766968,-44.051994,391.686829,45.8366
MFC2025_EndAlz_Conspiracy.esm,0F002DBD,010019D4,MacMechBrain04a,STAT,-1123.315063,-44.051994,375.385315,337.0817
MFC2025_EndAlz_Conspiracy.esm,0F002DBE,010019D4,MacMechBrain04a,STAT,-1112.434814,-21.891701,362.414001,126.0508
MFC2025_EndAlz_Conspiracy.esm,0F002DBF,010019D4,MacMechBrain04a,STAT,-1112.434814,-32.562134,339.816406,45.8367
MFC2025_EndAlz_Conspiracy.esm,0F002DC0,010019D5,MacMechBrain01a,STAT,-1121.561401,-23.717993,398.348846,137.5100
MFC2025_EndAlz_Conspiracy.esm,0F002DC1,010019D5,MacMechBrain01a,STAT,-1114.208862,24.053146,371.845551,135.0000
MFC2025_EndAlz_Conspiracy.esm,0F002DC2,010019D4,MacMechBrain04a,STAT,-1111.873657,70.580200,346.386505,45.0000
MFC2025_EndAlz_Conspiracy.esm,0F002DC3,010019D6,MacMechBrain02a,STAT,-1108.169189,171.268463,359.858521,135.0000
MFC2025_EndAlz_Conspiracy.esm,0F002DC4,010019D4,MacMechBrain04a,STAT,-1108.169189,157.686371,341.706085,0.0001
MFC2025_EndAlz_Conspiracy.esm,0F002DC5,010019D6,MacMechBrain02a,STAT,-1116.049316,228.855316,385.778595,0.0000
MFC2025_EndAlz_Conspiracy.esm,0F002DC6,010019D4,MacMechBrain04a,STAT,-1112.757324,280.110626,386.330994,45.0000
MFC2025_EndAlz_Conspiracy.esm,0F002DC7,010019D4,MacMechBrain04a,STAT,-1112.757324,288.855225,368.655548,135.0000
MFC2025_EndAlz_Conspiracy.esm,0F002DC8,010019D4,MacMechBrain04a,STAT,-1112.757324,280.443359,350.428131,0.0001
MFC2025_EndAlz_Conspiracy.esm,0F002DC9,010019D4,MacMechBrain04a,STAT,-1112.757324,287.187500,334.272888,225.0001
MFC2025_EndAlz_Conspiracy.esm,0F002DCA,010019D4,MacMechBrain04a,STAT,-1106.724609,325.577606,347.105774,45.0000
MFC2025_EndAlz_Conspiracy.esm,0F002DCC,0F002BA8,VP25_Light_GreenSpotlightGR,LIGH,205.579941,-985.127625,308.612518,180.0000
MFC2025_EndAlz_Conspiracy.esm,0F002DCD,0F002BA8,VP25_Light_GreenSpotlightGR,LIGH,-3.350497,-985.127625,308.612518,180.0000
MFC2025_EndAlz_Conspiracy.esm,0F002DCE,0F002BA8,VP25_Light_GreenSpotlightGR,LIGH,-211.649200,-985.127625,308.612518,180.0000
MFC2025_EndAlz_Conspiracy.esm,0F002DCF,000247D1,IndDome128Full01,STAT,2258.103271,-5241.003906,1084.305420,69.5495
MFC2025_EndAlz_Conspiracy.esm,0F002DD2,000247D1,IndDome128Full01,STAT,-1322.843750,-2701.267822,409.692200,234.0807
MFC2025_EndAlz_Conspiracy.esm,0F002DD3,000204F5,defaultLightCool01Spot,LIGH,-1350.715454,-2360.164795,338.907654,1.6732
MFC2025_EndAlz_Conspiracy.esm,0F002DD4,000204F5,defaultLightCool01Spot,LIGH,-1381.471313,-2531.276367,422.176636,1.6732
MFC2025_EndAlz_Conspiracy.esm,0F002DD5,000204F5,defaultLightCool01Spot,LIGH,2108.791992,-4964.381836,1057.742798,0.0000
MFC2025_EndAlz_Conspiracy.esm,0F002DD7,000247D1,IndDome128Full01,STAT,3608.620605,-1419.969727,-430.295319,218.5780
MFC2025_EndAlz_Conspiracy.esm,0F002DD8,000204F5,defaultLightCool01Spot,LIGH,3222.205566,-1569.281006,-400.099426,0.0000
MFC2025_EndAlz_Conspiracy.esm,0F002DD9,000247D1,IndDome128Full01,STAT,37.166271,-3097.315918,37.147346,0.0000
MFC2025_EndAlz_Conspiracy.esm,0F002DDA,000204F5,defaultLightCool01Spot,LIGH,41.112423,-3028.112793,38.975918,180.0000
MFC2025_EndAlz_Conspiracy.esm,0F002DDB,0100AF1B,DLC01GroundCableBlackThin04,STAT,-1137.138672,-167.592392,79.787399,86.9753
MFC2025_EndAlz_Conspiracy.esm,0F002DDC,0100AF1C,DLC01GroundCableBlackThin05,STAT,-1137.864990,-153.842056,79.787399,86.9753
MFC2025_EndAlz_Conspiracy.esm,0F002DDD,0100AF20,DLC01GroundCableBlackThin09,STAT,-1139.024902,-186.513458,79.787399,29.6796
MFC2025_EndAlz_Conspiracy.esm,0F002DDE,0100AF1E,DLC01GroundCableBlackThin07,STAT,-1135.167480,-204.897293,79.787399,125.2836
MFC2025_EndAlz_Conspiracy.esm,0F002DDF,0100AF1E,DLC01GroundCableBlackThin07,STAT,-1135.358643,-201.278015,79.787399,45.0693
MFC2025_EndAlz_Conspiracy.esm,0F002DE0,0100AF20,DLC01GroundCableBlackThin09,STAT,-1139.773926,-215.712357,83.206635,13.6472
MFC2025_EndAlz_Conspiracy.esm,0F002DE1,0100AF18,DLC01GroundCableBlackThin01,STAT,-1134.152832,-224.095627,79.787399,86.9753
MFC2025_EndAlz_Conspiracy.esm,0F002DE2,0100AF1E,DLC01GroundCableBlackThin07,STAT,-1135.167480,103.016876,78.075859,159.6610
MFC2025_EndAlz_Conspiracy.esm,0F002DE3,0100AF18,DLC01GroundCableBlackThin01,STAT,-1134.152832,83.818542,79.336571,86.9753
MFC2025_EndAlz_Conspiracy.esm,0F002DE4,0100AF20,DLC01GroundCableBlackThin09,STAT,-1139.773926,92.201813,82.755806,13.6472
MFC2025_EndAlz_Conspiracy.esm,0F002DE5,0100AF20,DLC01GroundCableBlackThin09,STAT,-1139.024902,121.400711,79.336571,29.6796
MFC2025_EndAlz_Conspiracy.esm,0F002DE6,0100AF1E,DLC01GroundCableBlackThin07,STAT,-1135.358643,106.636154,79.336571,45.0693
MFC2025_EndAlz_Conspiracy.esm,0F002DE7,0100AF1B,DLC01GroundCableBlackThin04,STAT,-1137.138672,140.321777,79.336571,86.9753
MFC2025_EndAlz_Conspiracy.esm,0F002DE8,0100AF1C,DLC01GroundCableBlackThin05,STAT,-1137.864990,154.072113,79.336571,86.9753
MFC2025_EndAlz_Conspiracy.esm,0F002DE9,0100AF18,DLC01GroundCableBlackThin01,STAT,1102.886475,-153.411591,79.729340,270.0000
MFC2025_EndAlz_Conspiracy.esm,0F002DEA,0100AF1D,DLC01GroundCableBlackThin06,STAT,1102.886475,-158.965118,79.729340,224.1634
MFC2025_EndAlz_Conspiracy.esm,0F002DEB,0100AF1E,DLC01GroundCableBlackThin07,STAT,1102.886475,-171.265778,79.729340,319.7674
MFC2025_EndAlz_Conspiracy.esm,0F002DEC,0100AF1E,DLC01GroundCableBlackThin07,STAT,1102.886475,-172.636871,79.729340,236.2303
MFC2025_EndAlz_Conspiracy.esm,0F002DED,0100AF1E,DLC01GroundCableBlackThin07,STAT,1102.886475,-176.261200,79.729340,228.0940
MFC2025_EndAlz_Conspiracy.esm,0F002DEE,0100AF20,DLC01GroundCableBlackThin09,STAT,1105.768555,-191.198517,79.729340,212.7043
MFC2025_EndAlz_Conspiracy.esm,0F002DEF,0100AF1D,DLC01GroundCableBlackThin06,STAT,1102.886475,-199.255157,79.729340,311.1730
MFC2025_EndAlz_Conspiracy.esm,0F002DF0,0100AF1B,DLC01GroundCableBlackThin04,STAT,1102.886475,-209.993805,79.729340,270.0000
MFC2025_EndAlz_Conspiracy.esm,0F002DF1,0100AF1C,DLC01GroundCableBlackThin05,STAT,1102.886475,-223.763290,79.729340,259.2292
MFC2025_EndAlz_Conspiracy.esm,0F002DF2,0100AF1E,DLC01GroundCableBlackThin07,STAT,1102.886475,134.759552,80.024239,210.7912
MFC2025_EndAlz_Conspiracy.esm,0F002DF3,0100AF18,DLC01GroundCableBlackThin01,STAT,1102.886475,153.984833,80.024239,270.0000
MFC2025_EndAlz_Conspiracy.esm,0F002DF4,0100AF1D,DLC01GroundCableBlackThin06,STAT,1102.886475,108.141266,80.024239,311.1730
MFC2025_EndAlz_Conspiracy.esm,0F002DF5,0100AF20,DLC01GroundCableBlackThin09,STAT,1105.768555,116.197906,80.024239,212.7043
MFC2025_EndAlz_Conspiracy.esm,0F002DF6,0100AF1D,DLC01GroundCableBlackThin06,STAT,1102.886475,148.431305,80.024239,212.7044
MFC2025_EndAlz_Conspiracy.esm,0F002DF7,0100AF1E,DLC01GroundCableBlackThin07,STAT,1102.886475,131.135223,80.024239,195.2063
MFC2025_EndAlz_Conspiracy.esm,0F002DF8,0100AF1B,DLC01GroundCableBlackThin04,STAT,1102.886475,97.402618,80.024239,270.0000
MFC2025_EndAlz_Conspiracy.esm,0F002DF9,0100AF1C,DLC01GroundCableBlackThin05,STAT,1102.886475,83.633133,80.024239,259.2292
MFC2025_EndAlz_Conspiracy.esm,0F002DFA,0100AF18,DLC01GroundCableBlackThin01,STAT,216.826813,-1055.828247,79.281120,0.0000
MFC2025_EndAlz_Conspiracy.esm,0F002DFB,0100AF1D,DLC01GroundCableBlackThin06,STAT,211.273239,-1055.828247,79.281120,60.6191
MFC2025_EndAlz_Conspiracy.esm,0F002DFC,0100AF20,DLC01GroundCableBlackThin09,STAT,208.158600,-1060.999023,82.700356,100.6226
MFC2025_EndAlz_Conspiracy.esm,0F002DFD,0100AF1E,DLC01GroundCableBlackThin07,STAT,198.972595,-1055.828247,79.281120,49.7673
MFC2025_EndAlz_Conspiracy.esm,0F002DFE,0100AF20,DLC01GroundCableBlackThin09,STAT,221.343918,-1047.130615,82.700356,125.0304
MFC2025_EndAlz_Conspiracy.esm,0F002DFF,0100AF1E,DLC01GroundCableBlackThin07,STAT,197.601517,-1055.828247,79.281120,41.9752
MFC2025_EndAlz_Conspiracy.esm,0F002E00,0100AF1E,DLC01GroundCableBlackThin07,STAT,193.977173,-1055.828247,79.281120,302.7390
MFC2025_EndAlz_Conspiracy.esm,0F002E01,0100AF20,DLC01GroundCableBlackThin09,STAT,179.039825,-1058.710449,79.281120,302.7043
MFC2025_EndAlz_Conspiracy.esm,0F002E02,0100AF1D,DLC01GroundCableBlackThin06,STAT,170.983231,-1055.828247,79.281120,38.3081
MFC2025_EndAlz_Conspiracy.esm,0F002E03,0100AF1B,DLC01GroundCableBlackThin04,STAT,160.244583,-1055.828247,79.281120,0.0000
MFC2025_EndAlz_Conspiracy.esm,0F002E04,0100AF1C,DLC01GroundCableBlackThin05,STAT,146.475067,-1055.828247,79.281120,0.0000
MFC2025_EndAlz_Conspiracy.esm,0F002E05,0100AF1F,DLC01GroundCableBlackThin08,STAT,126.686531,-1055.828247,79.281120,295.1759
MFC2025_EndAlz_Conspiracy.esm,0F002E06,0100AF18,DLC01GroundCableBlackThin01,STAT,-163.614685,-1054.765625,79.964622,0.0000
MFC2025_EndAlz_Conspiracy.esm,0F002E07,0100AF1D,DLC01GroundCableBlackThin06,STAT,-169.168259,-1054.765625,79.964622,314.1634
MFC2025_EndAlz_Conspiracy.esm,0F002E08,0100AF20,DLC01GroundCableBlackThin09,STAT,-159.097580,-1046.067993,83.383858,238.1323
MFC2025_EndAlz_Conspiracy.esm,0F002E09,0100AF1E,DLC01GroundCableBlackThin07,STAT,-181.468903,-1054.765625,79.964622,322.4486
MFC2025_EndAlz_Conspiracy.esm,0F002E0A,0100AF20,DLC01GroundCableBlackThin09,STAT,-172.282898,-1059.936401,83.383858,100.6226
MFC2025_EndAlz_Conspiracy.esm,0F002E0B,0100AF1E,DLC01GroundCableBlackThin07,STAT,-182.839981,-1054.765625,79.964622,283.7167
MFC2025_EndAlz_Conspiracy.esm,0F002E0C,0100AF1E,DLC01GroundCableBlackThin07,STAT,-186.464325,-1054.765625,79.964622,318.0940
MFC2025_EndAlz_Conspiracy.esm,0F002E0D,0100AF20,DLC01GroundCableBlackThin09,STAT,-201.401672,-1057.647827,79.964622,302.7043
MFC2025_EndAlz_Conspiracy.esm,0F002E0E,0100AF1D,DLC01GroundCableBlackThin06,STAT,-209.458267,-1054.765625,79.964622,318.0941
MFC2025_EndAlz_Conspiracy.esm,0F002E0F,0100AF1B,DLC01GroundCableBlackThin04,STAT,-220.196915,-1054.765625,79.964622,0.0000
MFC2025_EndAlz_Conspiracy.esm,0F002E10,0100AF1F,DLC01GroundCableBlackThin08,STAT,-253.754974,-1054.765625,79.964622,295.1758
MFC2025_EndAlz_Conspiracy.esm,0F002E11,0100AF1C,DLC01GroundCableBlackThin05,STAT,-233.966431,-1054.765625,79.964622,0.0000
MFC2025_EndAlz_Conspiracy.esm,0F002E12,000204F5,defaultLightCool01Spot,LIGH,1553.113403,-3033.042480,1039.819092,350.2072
MFC2025_EndAlz_Conspiracy.esm,0F002E13,000247D1,IndDome128Full01,STAT,1588.931274,-3092.386475,1037.990601,325.6226
MFC2025_EndAlz_Conspiracy.esm,0F002E14,000204F5,defaultLightCool01Spot,LIGH,-3145.653564,-3040.022705,1039.819092,170.2187
MFC2025_EndAlz_Conspiracy.esm,0F002E15,000247D1,IndDome128Full01,STAT,-3198.046143,-3085.406006,1037.990601,45.8367
MFC2025_EndAlz_Conspiracy.esm,0F002E16,000204F5,defaultLightCool01Spot,LIGH,-2404.564209,-3035.270752,412.100525,170.2210
MFC2025_EndAlz_Conspiracy.esm,0F002E17,000247D1,IndDome128Full01,STAT,-2446.896240,-3090.157959,410.272034,34.3775
MFC2025_EndAlz_Conspiracy.esm,0F002E18,000204F5,defaultLightCool01Spot,LIGH,-2410.438477,-4158.372559,611.796021,170.2253
MFC2025_EndAlz_Conspiracy.esm,0F002E19,000247D1,IndDome128Full01,STAT,-2441.022217,-4220.576172,609.967529,22.9184
MFC2025_EndAlz_Conspiracy.esm,0F002E1A,000204F5,defaultLightCool01Spot,LIGH,1119.647705,-4639.299316,611.796021,350.2029
MFC2025_EndAlz_Conspiracy.esm,0F002E1B,000247D1,IndDome128Full01,STAT,1142.961548,-4704.575684,609.967529,337.0818
MFC2025_EndAlz_Conspiracy.esm,0F002E1C,000247D1,IndDome128Full01,STAT,1010.304810,-3097.315918,-1218.066650,0.0000
MFC2025_EndAlz_Conspiracy.esm,0F002E1D,000204F5,defaultLightCool01Spot,LIGH,1014.250977,-3028.112793,-1216.238037,180.0000
MFC2025_EndAlz_Conspiracy.esm,0F002E1E,000204F5,defaultLightCool01Spot,LIGH,2092.786133,-4639.299316,-643.417969,350.2029
MFC2025_EndAlz_Conspiracy.esm,0F002E1F,000247D1,IndDome128Full01,STAT,2116.100098,-4704.575684,-645.246460,337.0818
MFC2025_EndAlz_Conspiracy.esm,0F002E20,000204F5,defaultLightCool01Spot,LIGH,-2172.515137,-3040.022705,-215.394897,170.2187
MFC2025_EndAlz_Conspiracy.esm,0F002E21,000247D1,IndDome128Full01,STAT,-2224.907715,-3085.406006,-217.223389,45.8367
MFC2025_EndAlz_Conspiracy.esm,0F002E22,000204F5,defaultLightCool01Spot,LIGH,-1431.425659,-3035.270752,-843.113464,170.2210
MFC2025_EndAlz_Conspiracy.esm,0F002E23,000247D1,IndDome128Full01,STAT,-1473.757690,-3090.157959,-844.941956,34.3775
MFC2025_EndAlz_Conspiracy.esm,0F002E24,000204F5,defaultLightCool01Spot,LIGH,-1437.299927,-4158.372559,-643.417969,170.2253
MFC2025_EndAlz_Conspiracy.esm,0F002E25,000247D1,IndDome128Full01,STAT,-1467.883667,-4220.576172,-645.246460,22.9184
MFC2025_EndAlz_Conspiracy.esm,0F002E26,000204F5,defaultLightCool01Spot,LIGH,2526.251953,-3033.042480,-215.394897,350.2072
MFC2025_EndAlz_Conspiracy.esm,0F002E27,000247D1,IndDome128Full01,STAT,2562.069824,-3092.386475,-217.223389,325.6226
MFC2025_EndAlz_Conspiracy.esm,0F002E28,000247D1,IndDome128Full01,STAT,1010.304810,-3097.315918,1417.969971,0.0000
MFC2025_EndAlz_Conspiracy.esm,0F002E29,000204F5,defaultLightCool01Spot,LIGH,1014.250977,-3028.112793,1419.798584,180.0000
MFC2025_EndAlz_Conspiracy.esm,0F002E2A,000204F5,defaultLightCool01Spot,LIGH,2092.786133,-4639.299316,1992.618652,350.2029
MFC2025_EndAlz_Conspiracy.esm,0F002E2B,000247D1,IndDome128Full01,STAT,2116.100098,-4704.575684,1990.790161,337.0818
MFC2025_EndAlz_Conspiracy.esm,0F002E2C,000204F5,defaultLightCool01Spot,LIGH,-2172.515137,-3040.022705,2420.641602,170.2187
MFC2025_EndAlz_Conspiracy.esm,0F002E2D,000247D1,IndDome128Full01,STAT,-2224.907715,-3085.406006,2418.813232,45.8367
MFC2025_EndAlz_Conspiracy.esm,0F002E2E,000204F5,defaultLightCool01Spot,LIGH,-1431.425659,-3035.270752,1792.923096,170.2210
MFC2025_EndAlz_Conspiracy.esm,0F002E2F,000247D1,IndDome128Full01,STAT,-1473.757690,-3090.157959,1791.094727,34.3775
MFC2025_EndAlz_Conspiracy.esm,0F002E30,000204F5,defaultLightCool01Spot,LIGH,-1437.299927,-4158.372559,1992.618652,170.2253
MFC2025_EndAlz_Conspiracy.esm,0F002E31,000247D1,IndDome128Full01,STAT,-1467.883667,-4220.576172,1990.790161,22.9184
MFC2025_EndAlz_Conspiracy.esm,0F002E32,000204F5,defaultLightCool01Spot,LIGH,2526.251953,-3033.042480,2420.641602,350.2072
MFC2025_EndAlz_Conspiracy.esm,0F002E33,000247D1,IndDome128Full01,STAT,2562.069824,-3092.386475,2418.813232,325.6226
MFC2025_EndAlz_Conspiracy.esm,0F002E34,000247D1,IndDome128Full01,STAT,2298.968262,1219.158447,364.774170,270.0001
MFC2025_EndAlz_Conspiracy.esm,0F002E35,000204F5,defaultLightCool01Spot,LIGH,2229.765137,1223.104614,366.602783,350.2141
MFC2025_EndAlz_Conspiracy.esm,0F002E36,000204F5,defaultLightCool01Spot,LIGH,3840.952148,2301.638428,939.422852,350.2161
MFC2025_EndAlz_Conspiracy.esm,0F002E37,000247D1,IndDome128Full01,STAT,3906.228516,2324.952637,937.594360,247.0818
MFC2025_EndAlz_Conspiracy.esm,0F002E38,000204F5,defaultLightCool01Spot,LIGH,2241.673340,-1963.660645,1367.445801,350.2092
MFC2025_EndAlz_Conspiracy.esm,0F002E39,000247D1,IndDome128Full01,STAT,2287.056641,-2016.053711,1365.617432,315.8367
MFC2025_EndAlz_Conspiracy.esm,0F002E3A,000204F5,defaultLightCool01Spot,LIGH,2236.921875,-1222.571777,739.727295,350.2108
MFC2025_EndAlz_Conspiracy.esm,0F002E3B,000247D1,IndDome128Full01,STAT,2291.808594,-1264.903564,737.898926,304.3776
MFC2025_EndAlz_Conspiracy.esm,0F002E3C,000204F5,defaultLightCool01Spot,LIGH,3360.023437,-1228.447021,939.422852,350.2121
MFC2025_EndAlz_Conspiracy.esm,0F002E3D,000247D1,IndDome128Full01,STAT,3422.226562,-1259.030273,937.594360,292.9184
MFC2025_EndAlz_Conspiracy.esm,0F002E3E,000204F5,defaultLightCool01Spot,LIGH,2234.695557,2735.105469,1367.445801,350.2173
MFC2025_EndAlz_Conspiracy.esm,0F002E3F,000247D1,IndDome128Full01,STAT,2294.039551,2770.923096,1365.617432,235.6226
MFC2025_EndAlz_Conspiracy.esm,0F002E40,000247D1,IndDome128Full01,STAT,-2809.157471,-1447.377319,364.774170,90.0000
MFC2025_EndAlz_Conspiracy.esm,0F002E41,000204F5,defaultLightCool01Spot,LIGH,-2739.954346,-1451.323730,366.602783,170.2141
MFC2025_EndAlz_Conspiracy.esm,0F002E42,000204F5,defaultLightCool01Spot,LIGH,-4351.141602,-2529.856445,939.422852,170.2161
MFC2025_EndAlz_Conspiracy.esm,0F002E43,000247D1,IndDome128Full01,STAT,-4416.417969,-2553.170898,937.594360,67.0819
MFC2025_EndAlz_Conspiracy.esm,0F002E44,000204F5,defaultLightCool01Spot,LIGH,-2751.862061,1735.440918,1367.445801,170.2092
MFC2025_EndAlz_Conspiracy.esm,0F002E45,000247D1,IndDome128Full01,STAT,-2797.245850,1787.833984,1365.617432,135.8367
MFC2025_EndAlz_Conspiracy.esm,0F002E46,000204F5,defaultLightCool01Spot,LIGH,-2747.111084,994.352722,739.727295,170.2108
MFC2025_EndAlz_Conspiracy.esm,0F002E47,000247D1,IndDome128Full01,STAT,-2801.997559,1036.684082,737.898926,124.3776
MFC2025_EndAlz_Conspiracy.esm,0F002E48,000204F5,defaultLightCool01Spot,LIGH,-3870.212158,1000.228088,939.422852,170.2121
MFC2025_EndAlz_Conspiracy.esm,0F002E49,000247D1,IndDome128Full01,STAT,-3932.415283,1030.811279,937.594360,112.9184
MFC2025_EndAlz_Conspiracy.esm,0F002E4A,000204F5,defaultLightCool01Spot,LIGH,-2744.884766,-2963.323486,1367.445801,170.2173
MFC2025_EndAlz_Conspiracy.esm,0F002E4B,000247D1,IndDome128Full01,STAT,-2804.229004,-2999.141357,1365.617432,55.6226
MFC2025_EndAlz_Conspiracy.esm,0F002E4C,00064827,MistGround01,MSTT,-18.044849,-141.479233,-36.912560,0.0000
MFC2025_EndAlz_Conspiracy.esm,0F002E4D,00064827,MistGround01,MSTT,-533.946777,189.014084,587.361511,0.0000
MFC2025_EndAlz_Conspiracy.esm,0F002E4E,00064827,MistGround01,MSTT,547.813843,189.014084,587.361511,0.0000
MFC2025_EndAlz_Conspiracy.esm,0F002E4F,00064827,MistGround01,MSTT,-18.044849,-141.479233,-36.912560,90.0000
MFC2025_EndAlz_Conspiracy.esm,0F002E50,000247D1,IndDome128Full01,STAT,-2413.830566,-5968.363770,-215.733597,69.5495
MFC2025_EndAlz_Conspiracy.esm,0F002E51,000204F5,defaultLightCool01Spot,LIGH,-2563.141846,-5302.622070,-3.171326,0.0000
MFC2025_EndAlz_Conspiracy.esm,0F002E52,00064827,MistGround01,MSTT,-533.946777,-572.409607,587.361511,0.0000
MFC2025_EndAlz_Conspiracy.esm,0F002E53,00064827,MistGround01,MSTT,547.813843,-572.409607,587.361511,0.0000
MFC2025_EndAlz_Conspiracy.esm,0F002E54,0009421F,MistWaterSteam01,MSTT,-21.127907,-136.234314,67.749336,119.8743
MFC2025_EndAlz_Conspiracy.esm,0F002E55,0009421F,MistWaterSteam01,MSTT,-819.594971,-817.168701,146.796570,73.5214
MFC2025_EndAlz_Conspiracy.esm,0F002E56,0009421F,MistWaterSteam01,MSTT,755.292603,-817.168701,138.587646,142.2763
MFC2025_EndAlz_Conspiracy.esm,0F002E57,0009421F,MistWaterSteam01,MSTT,802.533936,86.589142,134.117874,296.0117
MFC2025_EndAlz_Conspiracy.esm,0F002E58,0009421F,MistWaterSteam01,MSTT,-895.704712,86.589142,137.623489,296.0117
MFC2025_EndAlz_Conspiracy.esm,0F002E5A,000204F5,defaultLightCool01Spot,LIGH,971.595825,-7644.366211,-2034.545898,1.6732
MFC2025_EndAlz_Conspiracy.esm,0F002E5C,0F002E5B,VP25_Light_GlowAmbienceGreenPulse,LIGH,-21.141037,-524.509827,572.113953,0.0000
MFC2025_EndAlz_Conspiracy.esm,0F002E5D,0F002E5B,VP25_Light_GlowAmbienceGreenPulse,LIGH,-21.141037,-679.275024,626.310608,0.0000
MFC2025_EndAlz_Conspiracy.esm,0F002E5F,0F002E5E,VP25_SoundMarker_Brain,SOUN,-18.207771,-678.807983,578.158447,0.0000
MFC2025_EndAlz_Conspiracy.esm,0F002E61,0F002E60,VP25_SoundMarker_Spaceship,SOUN,-23.928566,-213.032074,-123.895950,0.0000
MFC2025_EndAlz_Conspiracy.esm,0F002E69,000204F5,defaultLightCool01Spot,LIGH,-3145.653564,-6851.249023,1039.819092,170.2187
MFC2025_EndAlz_Conspiracy.esm,0F002E6A,000247D1,IndDome128Full01,STAT,-3198.046143,-6896.632812,1037.990601,45.8367
MFC2025_EndAlz_Conspiracy.esm,0F002E6B,000204F5,defaultLightCool01Spot,LIGH,-2404.564209,-6846.497070,412.100525,170.2210
MFC2025_EndAlz_Conspiracy.esm,0F002E6C,000247D1,IndDome128Full01,STAT,-2446.896240,-6901.384766,410.272034,34.3775
MFC2025_EndAlz_Conspiracy.esm,0F002E6D,000204F5,defaultLightCool01Spot,LIGH,-2410.438477,-7969.599609,611.796021,170.2253
MFC2025_EndAlz_Conspiracy.esm,0F002E6E,000247D1,IndDome128Full01,STAT,-2441.022217,-8031.802734,609.967529,22.9184
MFC2025_EndAlz_Conspiracy.esm,0F002E6F,000204F5,defaultLightCool01Spot,LIGH,1119.647705,-8450.525391,611.796021,350.2029
MFC2025_EndAlz_Conspiracy.esm,0F002E70,000247D1,IndDome128Full01,STAT,1142.961548,-8515.802734,609.967529,337.0818
MFC2025_EndAlz_Conspiracy.esm,0F002E71,000204F5,defaultLightCool01Spot,LIGH,-2172.515137,-6851.249023,-215.394897,170.2187
MFC2025_EndAlz_Conspiracy.esm,0F002E72,000247D1,IndDome128Full01,STAT,-2224.907715,-6896.632812,-217.223389,45.8367
MFC2025_EndAlz_Conspiracy.esm,0F002E73,000204F5,defaultLightCool01Spot,LIGH,-1431.425659,-6846.497070,-843.113464,170.2210
MFC2025_EndAlz_Conspiracy.esm,0F002E74,000247D1,IndDome128Full01,STAT,-1473.757690,-6901.384766,-844.941956,34.3775
MFC2025_EndAlz_Conspiracy.esm,0F002E75,000204F5,defaultLightCool01Spot,LIGH,-1437.299927,-7969.599609,-643.417969,170.2253
MFC2025_EndAlz_Conspiracy.esm,0F002E76,000247D1,IndDome128Full01,STAT,-1467.883667,-8031.802734,-645.246460,22.9184
MFC2025_EndAlz_Conspiracy.esm,0F002E77,000204F5,defaultLightCool01Spot,LIGH,-2172.515137,-6851.249023,2420.641602,170.2187
MFC2025_EndAlz_Conspiracy.esm,0F002E78,000247D1,IndDome128Full01,STAT,-2224.907715,-6896.632812,2418.813232,45.8367
MFC2025_EndAlz_Conspiracy.esm,0F002E79,000204F5,defaultLightCool01Spot,LIGH,-1431.425659,-6846.497070,1792.923096,170.2210
MFC2025_EndAlz_Conspiracy.esm,0F002E7A,000247D1,IndDome128Full01,STAT,-1473.757690,-6901.384766,1791.094727,34.3775
MFC2025_EndAlz_Conspiracy.esm,0F002E7B,000204F5,defaultLightCool01Spot,LIGH,-1437.299927,-7969.599609,1992.618652,170.2253
MFC2025_EndAlz_Conspiracy.esm,0F002E7C,000247D1,IndDome128Full01,STAT,-1467.883667,-8031.802734,1990.790161,22.9184
MFC2025_EndAlz_Conspiracy.esm,0F002E7D,000204F5,defaultLightCool01Spot,LIGH,-4351.141602,-6341.083008,939.422852,170.2161
MFC2025_EndAlz_Conspiracy.esm,0F002E7E,000247D1,IndDome128Full01,STAT,-4416.417969,-6364.397461,937.594360,67.0819
MFC2025_EndAlz_Conspiracy.esm,0F002E7F,000204F5,defaultLightCool01Spot,LIGH,-2744.884766,-6774.549805,1367.445801,170.2173
MFC2025_EndAlz_Conspiracy.esm,0F002E80,000247D1,IndDome128Full01,STAT,-2804.229004,-6810.368164,1365.617432,55.6226
MFC2025_EndAlz_Conspiracy.esm,0F002E81,000204F5,defaultLightCool01Spot,LIGH,542.809570,-6851.249023,1875.262207,170.2187
MFC2025_EndAlz_Conspiracy.esm,0F002E82,000247D1,IndDome128Full01,STAT,490.416992,-6896.632812,1873.433838,45.8367
MFC2025_EndAlz_Conspiracy.esm,0F002E83,000204F5,defaultLightCool01Spot,LIGH,1283.898926,-6846.497070,1247.543701,170.2210
MFC2025_EndAlz_Conspiracy.esm,0F002E84,000247D1,IndDome128Full01,STAT,1241.566895,-6901.384766,1245.715210,34.3775
MFC2025_EndAlz_Conspiracy.esm,0F002E85,000204F5,defaultLightCool01Spot,LIGH,1278.024658,-7969.599609,1447.239258,170.2253
MFC2025_EndAlz_Conspiracy.esm,0F002E86,000247D1,IndDome128Full01,STAT,1247.440918,-8031.802734,1445.410645,22.9184
MFC2025_EndAlz_Conspiracy.esm,0F002E87,000204F5,defaultLightCool01Spot,LIGH,4808.110840,-8450.525391,1447.239258,350.2029
MFC2025_EndAlz_Conspiracy.esm,0F002E88,000247D1,IndDome128Full01,STAT,4831.424805,-8515.802734,1445.410645,337.0818
MFC2025_EndAlz_Conspiracy.esm,0F002E89,000204F5,defaultLightCool01Spot,LIGH,1515.947998,-6851.249023,620.048279,170.2187
MFC2025_EndAlz_Conspiracy.esm,0F002E8A,000247D1,IndDome128Full01,STAT,1463.555420,-6896.632812,618.219788,45.8367
MFC2025_EndAlz_Conspiracy.esm,0F002E8B,000204F5,defaultLightCool01Spot,LIGH,2257.037598,-6846.497070,-7.670288,170.2210
MFC2025_EndAlz_Conspiracy.esm,0F002E8C,000247D1,IndDome128Full01,STAT,2214.705566,-6901.384766,-9.498779,34.3775
MFC2025_EndAlz_Conspiracy.esm,0F002E8D,000204F5,defaultLightCool01Spot,LIGH,2251.163086,-7969.599609,192.025208,170.2253
MFC2025_EndAlz_Conspiracy.esm,0F002E8E,000247D1,IndDome128Full01,STAT,2220.579590,-8031.802734,190.196716,22.9184
MFC2025_EndAlz_Conspiracy.esm,0F002E8F,000204F5,defaultLightCool01Spot,LIGH,1515.947998,-6851.249023,3256.084717,170.2187
MFC2025_EndAlz_Conspiracy.esm,0F002E90,000247D1,IndDome128Full01,STAT,1463.555420,-6896.632812,3254.256348,45.8367
MFC2025_EndAlz_Conspiracy.esm,0F002E91,000204F5,defaultLightCool01Spot,LIGH,2257.037598,-6846.497070,2628.366211,170.2210
MFC2025_EndAlz_Conspiracy.esm,0F002E92,000247D1,IndDome128Full01,STAT,2214.705566,-6901.384766,2626.537842,34.3775
MFC2025_EndAlz_Conspiracy.esm,0F002E93,000204F5,defaultLightCool01Spot,LIGH,2251.163086,-7969.599609,2828.061768,170.2253
MFC2025_EndAlz_Conspiracy.esm,0F002E94,000247D1,IndDome128Full01,STAT,2220.579590,-8031.802734,2826.233398,22.9184
MFC2025_EndAlz_Conspiracy.esm,0F002E95,000204F5,defaultLightCool01Spot,LIGH,-662.678467,-6341.083008,1774.865967,170.2161
MFC2025_EndAlz_Conspiracy.esm,0F002E96,000247D1,IndDome128Full01,STAT,-727.954834,-6364.397461,1773.037598,67.0819
MFC2025_EndAlz_Conspiracy.esm,0F002E97,000204F5,defaultLightCool01Spot,LIGH,943.578369,-6774.549805,2202.888916,170.2173
MFC2025_EndAlz_Conspiracy.esm,0F002E98,000247D1,IndDome128Full01,STAT,884.234131,-6810.368164,2201.060547,55.6226
MFC2025_EndAlz_Conspiracy.esm,0F002E99,000204F5,defaultLightCool01Spot,LIGH,2808.476074,-8087.276367,77.596680,170.5288
MFC2025_EndAlz_Conspiracy.esm,0F002E9A,000247D1,IndDome128Full01,STAT,2803.520264,-8156.414551,75.768311,0.8367
MFC2025_EndAlz_Conspiracy.esm,0F002E9B,000204F5,defaultLightCool01Spot,LIGH,3329.145508,-7559.887207,-550.121826,350.1887
MFC2025_EndAlz_Conspiracy.esm,0F002E9C,000247D1,IndDome128Full01,STAT,3338.023682,-7628.631836,-551.950317,349.3775
MFC2025_EndAlz_Conspiracy.esm,0F002E9D,000204F5,defaultLightCool01Spot,LIGH,4119.145020,-8358.194336,-350.426270,350.2024
MFC2025_EndAlz_Conspiracy.esm,0F002E9E,000247D1,IndDome128Full01,STAT,4141.503418,-8423.804687,-352.254883,337.9184
MFC2025_EndAlz_Conspiracy.esm,0F002E9F,000204F5,defaultLightCool01Spot,LIGH,6955.358887,-6202.113281,-350.426270,350.2122
MFC2025_EndAlz_Conspiracy.esm,0F002EA0,000247D1,IndDome128Full01,STAT,7018.002930,-6231.785156,-352.254883,292.0818
MFC2025_EndAlz_Conspiracy.esm,0F002EA1,000204F5,defaultLightCool01Spot,LIGH,3496.589111,-7399.163574,-1177.617188,170.5288
MFC2025_EndAlz_Conspiracy.esm,0F002EA2,000247D1,IndDome128Full01,STAT,3491.633057,-7468.302246,-1179.445801,0.8367
MFC2025_EndAlz_Conspiracy.esm,0F002EA3,000204F5,defaultLightCool01Spot,LIGH,4017.258301,-6871.774414,-1805.335937,350.1887
MFC2025_EndAlz_Conspiracy.esm,0F002EA4,000247D1,IndDome128Full01,STAT,4026.136475,-6940.519043,-1807.164307,349.3775
MFC2025_EndAlz_Conspiracy.esm,0F002EA5,000204F5,defaultLightCool01Spot,LIGH,4807.257812,-7670.081543,-1605.640381,350.2024
MFC2025_EndAlz_Conspiracy.esm,0F002EA6,000247D1,IndDome128Full01,STAT,4829.616211,-7735.691895,-1607.468750,337.9184
MFC2025_EndAlz_Conspiracy.esm,0F002EA7,000204F5,defaultLightCool01Spot,LIGH,3496.589111,-7399.163574,1458.419189,170.5288
MFC2025_EndAlz_Conspiracy.esm,0F002EA8,000247D1,IndDome128Full01,STAT,3491.633057,-7468.302246,1456.590820,0.8367
MFC2025_EndAlz_Conspiracy.esm,0F002EA9,000204F5,defaultLightCool01Spot,LIGH,4017.258301,-6871.774414,830.700684,350.1887
MFC2025_EndAlz_Conspiracy.esm,0F002EAA,000247D1,IndDome128Full01,STAT,4026.136475,-6940.519043,828.872314,349.3775
MFC2025_EndAlz_Conspiracy.esm,0F002EAB,000204F5,defaultLightCool01Spot,LIGH,4807.257812,-7670.081543,1030.396240,350.2024
MFC2025_EndAlz_Conspiracy.esm,0F002EAC,000247D1,IndDome128Full01,STAT,4829.616211,-7735.691895,1028.567871,337.9184
MFC2025_EndAlz_Conspiracy.esm,0F002EAD,000204F5,defaultLightCool01Spot,LIGH,1595.325684,-8578.943359,-22.799561,170.2257
MFC2025_EndAlz_Conspiracy.esm,0F002EAE,000247D1,IndDome128Full01,STAT,1565.653809,-8641.585938,-24.627930,22.0819
MFC2025_EndAlz_Conspiracy.esm,0F002EAF,000204F5,defaultLightCool01Spot,LIGH,3037.627930,-7749.655762,405.223389,170.2394
MFC2025_EndAlz_Conspiracy.esm,0F002EB0,000247D1,IndDome128Full01,STAT,3020.992676,-7816.945801,403.395020,10.6226
MFC2025_EndAlz_Conspiracy.esm,0F001E2D,0003251F,DefaultSetStageTriggerPlayerOnly,ACTI,-91.035156,150.830994,111.788025,0.0000
MFC2025_EndAlz_Conspiracy.esm,0F001E35,0005A47A,NpcInvGroundSadSit,FURN,-221.233673,94.041504,0.200930,138.2199
MFC2025_EndAlz_Conspiracy.esm,0F001E36,000E210E,NPCSmokeIdleMarker,IDLM,-156.997681,132.463013,0.200930,166.8677
MFC2025_EndAlz_Conspiracy.esm,0F001E3A,0003180D,xMarkerxFlagPurple,STAT,-19.948265,-1044.453613,82.884827,0.0000
MFC2025_EndAlz_Conspiracy.esm,0F002F39,000247D1,IndDome128Full01,STAT,-1104.501465,-2636.697754,224.520355,0.0000
MFC2025_EndAlz_Conspiracy.esm,0F002F5F,0F002F5E,VP25_SoundMarker_AlienComputer,SOUN,-16.887016,-1040.813843,123.964798,0.0000
MFC2025_EndAlz_Conspiracy.esm,0F002F77,0F000FCF,VP25_CaptiveSettler,NPC_,935.594177,506.656525,-175.275635,285.5158
MFC2025_EndAlz_Conspiracy.esm,0F002F7A,0F000FCF,VP25_CaptiveSettler,NPC_,815.681885,505.460541,-175.275635,91.6735
MFC2025_EndAlz_Conspiracy.esm,0F002F7B,0F000FCF,VP25_CaptiveSettler,NPC_,-922.362061,503.079865,-175.275604,91.6735
MFC2025_EndAlz_Conspiracy.esm,0F002F7C,0F000FCF,VP25_CaptiveSettler,NPC_,-802.449707,504.275787,-175.275604,285.5158
MFC2025_EndAlz_Conspiracy.esm,0F002BDE,010026C7,DLC01RobotLiftLight,ACTI,831.835754,627.224182,80.724472,89.9835
MFC2025_EndAlz_Conspiracy.esm,0F002BDF,010026C7,DLC01RobotLiftLight,ACTI,759.835510,555.224426,80.724472,0.0575
MFC2025_EndAlz_Conspiracy.esm,0F002BE0,010026C7,DLC01RobotLiftLight,ACTI,759.835815,459.223938,80.724472,0.0575
MFC2025_EndAlz_Conspiracy.esm,0F002BE1,010026C7,DLC01RobotLiftLight,ACTI,831.835815,387.223938,80.724472,269.9945
MFC2025_EndAlz_Conspiracy.esm,0F002BE2,010026C7,DLC01RobotLiftLight,ACTI,927.835815,387.223938,80.724472,269.9945
MFC2025_EndAlz_Conspiracy.esm,0F002BE3,010026C7,DLC01RobotLiftLight,ACTI,999.835754,459.223907,80.724472,180.0111
MFC2025_EndAlz_Conspiracy.esm,0F002BE4,010026C7,DLC01RobotLiftLight,ACTI,999.835754,555.223938,80.724472,180.0111
MFC2025_EndAlz_Conspiracy.esm,0F002BE5,010026C7,DLC01RobotLiftLight,ACTI,927.835327,627.224365,80.724472,89.9835
MFC2025_EndAlz_Conspiracy.esm,0F002BE6,01004F29,DLC01AMBIntAlarmRobotLift2DLPMmarker,SOUN,879.835754,507.223938,64.724472,90.0000
MFC2025_EndAlz_Conspiracy.esm,0F002BE7,00044170,DefaultRedOmni01NS,LIGH,876.743469,580.113342,252.850327,270.0001
MFC2025_EndAlz_Conspiracy.esm,0F002BE8,00044170,DefaultRedOmni01NS,LIGH,876.744446,436.112854,252.850327,270.0001
MFC2025_EndAlz_Conspiracy.esm,0F002BEB,010026C7,DLC01RobotLiftLight,ACTI,-910.529053,627.224182,80.724472,89.9835
MFC2025_EndAlz_Conspiracy.esm,0F002BEC,010026C7,DLC01RobotLiftLight,ACTI,-982.529297,555.224426,80.724472,0.0575
MFC2025_EndAlz_Conspiracy.esm,0F002BED,010026C7,DLC01RobotLiftLight,ACTI,-982.528992,459.223938,80.724472,0.0575
MFC2025_EndAlz_Conspiracy.esm,0F002BEE,010026C7,DLC01RobotLiftLight,ACTI,-910.528992,387.223938,80.724472,269.9945
MFC2025_EndAlz_Conspiracy.esm,0F002BEF,010026C7,DLC01RobotLiftLight,ACTI,-814.528992,387.223938,80.724472,269.9945
MFC2025_EndAlz_Conspiracy.esm,0F002BF0,010026C7,DLC01RobotLiftLight,ACTI,-742.529053,459.223907,80.724472,180.0111
MFC2025_EndAlz_Conspiracy.esm,0F002BF1,010026C7,DLC01RobotLiftLight,ACTI,-742.529053,555.223938,80.724472,180.0111
MFC2025_EndAlz_Conspiracy.esm,0F002BF2,010026C7,DLC01RobotLiftLight,ACTI,-814.529480,627.224365,80.724472,89.9835
MFC2025_EndAlz_Conspiracy.esm,0F002BF3,01004F29,DLC01AMBIntAlarmRobotLift2DLPMmarker,SOUN,-862.529053,507.223938,64.724472,90.0000
MFC2025_EndAlz_Conspiracy.esm,0F002BF4,00044170,DefaultRedOmni01NS,LIGH,-865.621338,580.113342,252.850327,270.0001
MFC2025_EndAlz_Conspiracy.esm,0F002BF5,00044170,DefaultRedOmni01NS,LIGH,-865.620361,436.112854,252.850327,270.0001
MFC2025_EndAlz_Conspiracy.esm,0F001E2E,00000034,XMarkerHeading,STAT,-21.214886,-227.711456,4.525158,1.6733
MFC2025_EndAlz_Conspiracy.esm,0F001E2F,00000034,XMarkerHeading,STAT,112.902969,-322.381256,4.525158,344.4846
MFC2025_EndAlz_Conspiracy.esm,0F001E30,00000034,XMarkerHeading,STAT,-171.595032,-324.510651,4.525158,24.5916
MFC2025_EndAlz_Conspiracy.esm,0F001E34,00000034,XMarkerHeading,STAT,-157.676086,122.917847,0.200930,149.6790
MFC2025_EndAlz_Conspiracy.esm,0F002EC5,00000034,XMarkerHeading,STAT,167.632523,95.539871,0.011332,195.5157
MFC2025_EndAlz_Conspiracy.esm,0F002ECD,0F002EC9,VP25_UFODoorButton,DOOR,128.062668,430.707275,80.000000,135.0001
MFC2025_EndAlz_Conspiracy.esm,0F002BDD,0100255A,DLC01RobotLift01,ACTI,879.835754,507.223938,16.724468,90.0000
MFC2025_EndAlz_Conspiracy.esm,0F002BEA,0100255A,DLC01RobotLift01,ACTI,-862.529053,507.223938,16.724468,90.0000
MFC2025_EndAlz_Conspiracy.esm,0F002F7D,000299C2,NPCInvGroundSit,FURN,-807.174683,549.055664,-175.275589,228.2198
MFC2025_EndAlz_Conspiracy.esm,0F002F7E,000299C2,NPCInvGroundSit,FURN,-918.964172,560.105835,-175.275589,176.6536
MFC2025_EndAlz_Conspiracy.esm,0F002F7F,000299C2,NPCInvGroundSit,FURN,933.563477,563.254761,-175.275604,228.2198
MFC2025_EndAlz_Conspiracy.esm,0F002F80,000299C2,NPCInvGroundSit,FURN,837.386169,563.957092,-175.275604,176.6536
MFC2025_EndAlz_Conspiracy.esm,0F002776,00075F4A,PlayerHouse_Ruin_EndTable02,STAT,1744.223877,1834.553223,602.747742,243.4384
MFC2025_EndAlz_Conspiracy.esm,0F002777,0F002778,VP25_PlayerHouse_Dresser02,CONT,1943.041992,1808.290527,600.229065,155.6729
MFC2025_EndAlz_Conspiracy.esm,0F00277B,0F00277C,VP25_CigaretteMachine01,CONT,1986.443848,1984.157593,609.883240,268.3161
MFC2025_EndAlz_Conspiracy.esm,0F00277E,0F00277D,VP25_FernBasket,STAT,1739.764893,1820.909424,646.767273,166.1578
MFC2025_EndAlz_Conspiracy.esm,0F002781,0F00276D,VP25_BoatHouse,STAT,1837.613525,1948.949951,355.915863,154.6986
MFC2025_EndAlz_Conspiracy.esm,0F002782,0F00277F,VP25_ShroudMannequin,STAT,1717.325928,1864.307495,602.497925,44.4505
MFC2025_EndAlz_Conspiracy.esm,0F002783,0F002784,VP25_Safe,CONT,1799.797607,2125.298828,602.565002,341.8946
MFC2025_EndAlz_Conspiracy.esm,0F002786,001AE1F4,Beercrate_Static,STAT,2345.443115,2299.964355,622.183228,65.2600
MFC2025_EndAlz_Conspiracy.esm,0F002787,000D69F8,SubDoor02Static,STAT,1922.437500,2217.602539,611.679749,334.6986
MFC2025_EndAlz_Conspiracy.esm,0F002788,001AE1F4,Beercrate_Static,STAT,2331.545410,2336.413330,622.183228,333.1187
MFC2025_EndAlz_Conspiracy.esm,0F002789,00000032,COCMarkerHeading,STAT,2093.444824,1894.079224,605.383301,345.9859
MFC2025_EndAlz_Conspiracy.esm,0F0027A6,0F0027F7,VP25_Beer01,STAT,1999.598877,2193.634277,636.885071,223.4535
MFC2025_EndAlz_Conspiracy.esm,0F0027B4,0F0027F8,VP25_Beer02,STAT,2006.524780,2194.474854,636.885071,126.0508
MFC2025_EndAlz_Conspiracy.esm,0F0027B5,0F0027F8,VP25_Beer02,STAT,2000.969238,2203.048340,636.885071,126.0508
MFC2025_EndAlz_Conspiracy.esm,0F0027B8,0F0027F8,VP25_Beer02,STAT,2331.259277,2305.088867,623.467896,126.0508
MFC2025_EndAlz_Conspiracy.esm,0F0027BC,0F0027F7,VP25_Beer01,STAT,2344.190186,2310.761719,623.467896,223.4535
MFC2025_EndAlz_Conspiracy.esm,0F0027BD,0F0027F8,VP25_Beer02,STAT,2353.666260,2307.252686,623.467896,57.2958
MFC2025_EndAlz_Conspiracy.esm,0F0027C9,000F9329,BeerGwinnettPale,ALCH,2014.822021,2204.548340,636.567078,0.0000
MFC2025_EndAlz_Conspiracy.esm,0F0027CA,000F932A,BeerGwinnettPils,ALCH,2014.822021,2204.548340,636.567078,0.0000
MFC2025_EndAlz_Conspiracy.esm,0F0027CB,0F0027F9,VP25_Beer03,STAT,2014.822021,2204.548340,636.567078,0.0000
MFC2025_EndAlz_Conspiracy.esm,0F0027CC,0F0027FC,VP25_Rum,STAT,1998.435303,2197.943359,680.771301,314.1634
MFC2025_EndAlz_Conspiracy.esm,0F0027CD,0F0027FE,VP25_Vodka,STAT,2019.956543,2226.155762,680.598328,0.0000
MFC2025_EndAlz_Conspiracy.esm,0F0027CE,0F0027FB,VP25_Whiskey,STAT,2036.484375,2236.357666,680.598328,0.0000
MFC2025_EndAlz_Conspiracy.esm,0F0027CF,0F0027FF,VP25_Wine,STAT,2027.349121,2235.535645,680.598328,291.2451
MFC2025_EndAlz_Conspiracy.esm,0F0027D3,0F0027FD,VP25_Bucket,STAT,2002.653809,2220.229492,680.598328,0.0000
MFC2025_EndAlz_Conspiracy.esm,0F0027D4,0F0027F5,VP25_DrinkingGlass,STAT,1999.498291,2192.993164,659.067078,0.0000
MFC2025_EndAlz_Conspiracy.esm,0F0027D5,0F0027F5,VP25_DrinkingGlass,STAT,2002.507446,2201.903320,659.067078,303.6783
MFC2025_EndAlz_Conspiracy.esm,0F0027D6,0F0027F5,VP25_DrinkingGlass,STAT,2010.457764,2209.756348,659.067078,275.0304
MFC2025_EndAlz_Conspiracy.esm,0F0027D7,0F0027F5,VP25_DrinkingGlass,STAT,2012.088745,2200.494385,659.067078,331.3521
MFC2025_EndAlz_Conspiracy.esm,0F0027D8,0F0027F5,VP25_DrinkingGlass,STAT,2025.073608,2219.010498,659.067078,6.7036
MFC2025_EndAlz_Conspiracy.esm,0F0027D9,0F0027F5,VP25_DrinkingGlass,STAT,2015.767456,2217.650635,659.067078,63.0254
MFC2025_EndAlz_Conspiracy.esm,0F0027DA,0F0027F6,VP25_ShotGlass,STAT,2036.851318,2210.939941,665.752747,135.0000
MFC2025_EndAlz_Conspiracy.esm,0F0027DB,0F0027F6,VP25_ShotGlass,STAT,2023.665894,2208.068604,665.752747,269.9999
MFC2025_EndAlz_Conspiracy.esm,0F0027DC,0F0027F6,VP25_ShotGlass,STAT,2029.445190,2212.204834,665.752747,180.0000
MFC2025_EndAlz_Conspiracy.esm,0F0027DD,0F0027F6,VP25_ShotGlass,STAT,2042.699097,2229.368164,665.752747,314.9999
MFC2025_EndAlz_Conspiracy.esm,0F0027DE,0F0027F6,VP25_ShotGlass,STAT,2034.263306,2218.563477,665.752747,314.9999
MFC2025_EndAlz_Conspiracy.esm,0F0027DF,0F0027F6,VP25_ShotGlass,STAT,2044.303101,2219.079590,665.752747,314.9999
MFC2025_EndAlz_Conspiracy.esm,0F0027E0,0F0027FA,VP25_Bourbon,STAT,2035.058594,2217.396729,680.598328,0.0000
MFC2025_EndAlz_Conspiracy.esm,0F0027E1,0F0027FC,VP25_Rum,STAT,2041.200684,2235.047852,639.812073,180.0000
MFC2025_EndAlz_Conspiracy.esm,0F0027E2,0F0027FC,VP25_Rum,STAT,2034.969482,2231.932373,639.812073,180.0000
MFC2025_EndAlz_Conspiracy.esm,0F0027E3,0F0027FA,VP25_Bourbon,STAT,2016.072266,2221.800537,639.711182,179.9999
MFC2025_EndAlz_Conspiracy.esm,0F0027E4,0F0027FA,VP25_Bourbon,STAT,2022.551514,2224.716309,639.711182,179.9999
MFC2025_EndAlz_Conspiracy.esm,0F0027E5,0F0027FB,VP25_Whiskey,STAT,2028.826904,2228.810791,639.670593,0.0000
MFC2025_EndAlz_Conspiracy.esm,0F0027E6,0F0027FF,VP25_Wine,STAT,1999.731812,2224.749756,679.939087,269.1281
MFC2025_EndAlz_Conspiracy.esm,0F0027E7,0F002801,VP25_NukaColaQuantum,STAT,1848.878418,2143.023682,680.907654,194.8057
MFC2025_EndAlz_Conspiracy.esm,0F0027E8,0F002800,VP25_NukaCola,STAT,1868.473022,2156.397705,680.907654,119.3579
MFC2025_EndAlz_Conspiracy.esm,0F0027E9,0F002800,VP25_NukaCola,STAT,1878.693970,2162.238525,680.918396,165.1945
MFC2025_EndAlz_Conspiracy.esm,0F0027EA,0F002802,VP25_NukaColaCherry,STAT,1889.516479,2140.739502,680.907654,181.6733
MFC2025_EndAlz_Conspiracy.esm,0F0027EB,0F002800,VP25_NukaCola,STAT,2045.373901,2224.312012,679.081177,131.7803
MFC2025_EndAlz_Conspiracy.esm,0F0027EC,0F002803,VP25_CoffeeMug,STAT,1864.794922,2127.485352,638.393311,97.4028
MFC2025_EndAlz_Conspiracy.esm,0F0027ED,0F002803,VP25_CoffeeMug,STAT,1856.293823,2131.339844,638.405640,252.1014
MFC2025_EndAlz_Conspiracy.esm,0F0027EE,0F002803,VP25_CoffeeMug,STAT,1847.958984,2121.127930,638.405640,126.0508
MFC2025_EndAlz_Conspiracy.esm,0F0027EF,0F002803,VP25_CoffeeMug,STAT,1837.588745,2128.656006,638.405640,217.7240
MFC2025_EndAlz_Conspiracy.esm,0F0027F0,00020194,PlayerHouse_Ruin_CoffeeTin01,MISC,1882.263672,2151.152832,638.393311,91.6732
MFC2025_EndAlz_Conspiracy.esm,0F0027F1,0F002804,VP25_CoffeeTin,STAT,1876.357666,2136.563965,638.393311,273.3465
MFC2025_EndAlz_Conspiracy.esm,0F0027F2,0004CD6B,PottedPlantSet_PotAPlant03_Clean,STAT,2063.621582,2230.394531,608.271912,0.0000
MFC2025_EndAlz_Conspiracy.esm,0F0027F3,0F002805,VP25_PottedCorn,STAT,2087.730469,2257.832764,600.320435,103.9345
MFC2025_EndAlz_Conspiracy.esm,0F0027F4,00027EB8,PlayerHouse_Ruin_Rug03,STAT,1839.856323,1819.845825,604.661255,52.2646
MFC2025_EndAlz_Conspiracy.esm,0F002806,0F002809,VP25_AshTray,STAT,1858.339233,2133.267578,660.893311,0.0000
MFC2025_EndAlz_Conspiracy.esm,0F002807,0F002809,VP25_AshTray,STAT,1857.114014,2131.953857,663.304626,120.3211
MFC2025_EndAlz_Conspiracy.esm,0F002808,0F002809,VP25_AshTray,STAT,1858.102173,2132.749756,665.371948,120.3211
MFC2025_EndAlz_Conspiracy.esm,0F00280A,0F002809,VP25_AshTray,STAT,2279.106445,2357.680664,698.459351,120.3211
MFC2025_EndAlz_Conspiracy.esm,0F00280D,0F00280C,VP25_Chessboard,STAT,2302.991455,2045.807251,682.635864,328.6592
MFC2025_EndAlz_Conspiracy.esm,0F00280E,0F00280F,VP25_BottleCap,STAT,2305.835449,2056.810791,685.515015,37.4142
MFC2025_EndAlz_Conspiracy.esm,0F002810,0F00280F,VP25_BottleCap,STAT,2308.253418,2046.972412,685.515015,117.6283
MFC2025_EndAlz_Conspiracy.esm,0F002811,0F00280F,VP25_BottleCap,STAT,2305.950195,2038.337524,685.515015,282.8226
MFC2025_EndAlz_Conspiracy.esm,0F002812,0F00280F,VP25_BottleCap,STAT,2319.127197,2033.685669,682.635864,3.0367
MFC2025_EndAlz_Conspiracy.esm,0F002813,0F00280F,VP25_BottleCap,STAT,2315.729736,2040.470703,685.515015,282.8226
MFC2025_EndAlz_Conspiracy.esm,0F002814,0F00280F,VP25_BottleCap,STAT,2315.541260,2028.049194,682.635864,305.7410
MFC2025_EndAlz_Conspiracy.esm,0F002815,0F00280F,VP25_BottleCap,STAT,2323.644287,2027.599487,682.635864,94.7099
MFC2025_EndAlz_Conspiracy.esm,0F002816,0F00280F,VP25_BottleCap,STAT,2319.323975,2029.836182,682.635864,214.0678
MFC2025_EndAlz_Conspiracy.esm,0F002817,0F00280F,VP25_BottleCap,STAT,2300.282227,2053.618896,685.515015,305.7410
MFC2025_EndAlz_Conspiracy.esm,0F002818,0F00280F,VP25_BottleCap,STAT,2303.245850,2022.539673,683.029114,305.7410
MFC2025_EndAlz_Conspiracy.esm,0F002819,0F00280F,VP25_BottleCap,STAT,2312.490479,2018.385498,683.029053,214.0678
MFC2025_EndAlz_Conspiracy.esm,0F00281A,0F00280F,VP25_BottleCap,STAT,2306.831787,2016.903198,683.029114,3.0367
MFC2025_EndAlz_Conspiracy.esm,0F00281B,0F00280F,VP25_BottleCap,STAT,2311.348877,2022.989380,683.029114,94.7099
MFC2025_EndAlz_Conspiracy.esm,0F00281C,0F00280F,VP25_BottleCap,STAT,2298.818604,2037.894165,685.852966,94.7099
MFC2025_EndAlz_Conspiracy.esm,0F00281D,0F00280F,VP25_BottleCap,STAT,2299.727783,2042.296265,685.852966,319.7100
MFC2025_EndAlz_Conspiracy.esm,0F00281E,0F00280F,VP25_BottleCap,STAT,2296.306885,2047.732910,685.852966,94.7100
MFC2025_EndAlz_Conspiracy.esm,0F00281F,0F00280F,VP25_BottleCap,STAT,2300.558838,2046.507812,685.852966,94.7099
MFC2025_EndAlz_Conspiracy.esm,0F002820,0F00280F,VP25_BottleCap,STAT,2306.140381,2049.886475,685.852966,184.7100
MFC2025_EndAlz_Conspiracy.esm,0F002821,0F00280F,VP25_BottleCap,STAT,2298.517822,2056.329102,685.852966,94.7099
MFC2025_EndAlz_Conspiracy.esm,0F002822,0F00280F,VP25_BottleCap,STAT,2287.548340,2049.681885,685.852966,229.7100
MFC2025_EndAlz_Conspiracy.esm,0F002823,0F0027F5,VP25_DrinkingGlass,STAT,2327.742188,2020.820190,682.635864,0.0000
MFC2025_EndAlz_Conspiracy.esm,0F002824,0F002803,VP25_CoffeeMug,STAT,2290.622803,2060.154297,682.635864,288.4383
MFC2025_EndAlz_Conspiracy.esm,0F002825,0F0027F8,VP25_Beer02,STAT,2317.608154,2006.111816,682.635864,108.4383
MFC2025_EndAlz_Conspiracy.esm,0F002827,0F002826,VP25_FlowerVase02,STAT,2334.261230,1980.936523,682.635864,0.0000
MFC2025_EndAlz_Conspiracy.esm,0F002828,0F0027A2,VP25_FlowerVase,STAT,2450.316895,2033.220215,682.635864,243.4383
MFC2025_EndAlz_Conspiracy.esm,0F002829,0F00282A,VP25_FlowerVase03,STAT,1834.040283,2142.340576,682.424561,108.4384
MFC2025_EndAlz_Conspiracy.esm,0F00282B,0F002809,VP25_AshTray,STAT,2455.677734,2048.218506,682.635864,120.3211
MFC2025_EndAlz_Conspiracy.esm,0F00282C,0F002809,VP25_AshTray,STAT,2322.885986,1986.979126,682.635864,30.3211
MFC2025_EndAlz_Conspiracy.esm,0F00282D,0F00282E,VP25_CigaretteCarton,STAT,1849.015991,2126.159424,660.892883,120.3211
MFC2025_EndAlz_Conspiracy.esm,0F00282F,0F00282E,VP25_CigaretteCarton,STAT,1840.321411,2122.875488,660.892883,317.5672
MFC2025_EndAlz_Conspiracy.esm,0F002830,0F002831,VP25_PlasticBin,STAT,1877.831665,2140.999756,660.953186,346.2152
MFC2025_EndAlz_Conspiracy.esm,0F002832,0F002803,VP25_CoffeeMug,STAT,1861.899536,2141.391602,638.393311,51.5662
MFC2025_EndAlz_Conspiracy.esm,0F002833,0F002834,VP25_Toolbox,CONT,1864.805664,2136.660400,603.205200,59.4730
MFC2025_EndAlz_Conspiracy.esm,0F002837,0F002838,VP25_ToyTruckNew,STAT,2179.177002,2309.768555,692.705017,164.7933
MFC2025_EndAlz_Conspiracy.esm,0F00283A,0F002839,VP25_GlobePostwar,STAT,2121.809082,2278.075195,738.983337,90.7101
MFC2025_EndAlz_Conspiracy.esm,0F00283B,00143AD1,RadioDiamondCityReceiverOff,ACTI,2173.669434,2307.811768,618.699524,331.3521
MFC2025_EndAlz_Conspiracy.esm,0F00283C,0F00283D,VP25_BaseballGlove,STAT,2155.377930,2298.413330,652.790100,166.4507
MFC2025_EndAlz_Conspiracy.esm,0F00283E,0F00283F,VP25_Baseball,STAT,2155.667969,2296.228516,656.235352,166.4507
MFC2025_EndAlz_Conspiracy.esm,0F002840,000C9A86,PrewarBookStackSm04,STAT,2167.564209,2310.220703,656.079163,333.4383
MFC2025_EndAlz_Conspiracy.esm,0F002841,0006AFD9,MQ203MagazineGecko_Open,STAT,2124.786621,2280.792725,678.748291,154.6986
MFC2025_EndAlz_Conspiracy.esm,0F002842,0F002843,VP25_Lunchbox,STAT,2147.225342,2305.914795,726.151489,0.0000
MFC2025_EndAlz_Conspiracy.esm,0F002844,0F002843,VP25_Lunchbox,STAT,2142.946045,2291.008301,669.690186,68.7549
MFC2025_EndAlz_Conspiracy.esm,0F002846,0F002845,VP25_LeafyBasket,STAT,2137.126953,2296.371826,738.690186,189.0762
MFC2025_EndAlz_Conspiracy.esm,0F002847,0F0027FC,VP25_Rum,STAT,2281.088135,2372.066406,698.459351,0.0000
MFC2025_EndAlz_Conspiracy.esm,0F002848,0F0027F6,VP25_ShotGlass,STAT,2285.539551,2364.099365,698.459351,0.0000
MFC2025_EndAlz_Conspiracy.esm,0F002849,0F00284A,VP25_LitCigar,STAT,2251.264404,2341.197510,686.336731,135.8827
MFC2025_EndAlz_Conspiracy.esm,0F00284B,0F0027F7,VP25_Beer01,STAT,2362.944336,2288.315674,623.107544,0.0000
MFC2025_EndAlz_Conspiracy.esm,0F00284C,0F0027F8,VP25_Beer02,STAT,2352.963379,2291.753662,623.107544,183.3465
MFC2025_EndAlz_Conspiracy.esm,0F00284D,0F0027F9,VP25_Beer03,STAT,2340.315430,2301.210938,623.107544,0.0000
MFC2025_EndAlz_Conspiracy.esm,0F00284E,0F0027F9,VP25_Beer03,STAT,2339.391357,2285.270508,623.107544,160.4282
MFC2025_EndAlz_Conspiracy.esm,0F00284F,0F0027F7,VP25_Beer01,STAT,2334.665039,2314.435791,623.467896,131.7803
MFC2025_EndAlz_Conspiracy.esm,0F002850,0F0027F8,VP25_Beer02,STAT,2341.572510,2317.560547,623.467896,40.1071
MFC2025_EndAlz_Conspiracy.esm,0F002851,0F0027F9,VP25_Beer03,STAT,2356.125244,2284.407715,623.107544,206.2648
MFC2025_EndAlz_Conspiracy.esm,0F002852,0F0027F7,VP25_Beer01,STAT,2349.823486,2281.756104,623.107544,275.0198
MFC2025_EndAlz_Conspiracy.esm,0F002853,0F0027F7,VP25_Beer01,STAT,2356.816406,2301.092529,623.107544,275.0198
MFC2025_EndAlz_Conspiracy.esm,0F002854,0F0027F9,VP25_Beer03,STAT,2347.675537,2320.460449,623.107544,295.0478
MFC2025_EndAlz_Conspiracy.esm,0F002855,0F0027F7,VP25_Beer01,STAT,2343.870850,2295.239258,623.467896,280.7493
MFC2025_EndAlz_Conspiracy.esm,0F002856,0F0027F7,VP25_Beer01,STAT,2336.586670,2291.845215,623.467896,280.7493
MFC2025_EndAlz_Conspiracy.esm,0F002858,0F002857,VP25_BeerEmpty,STAT,2339.417969,2344.297607,624.234924,0.0000
MFC2025_EndAlz_Conspiracy.esm,0F002859,0F002857,VP25_BeerEmpty,STAT,2342.271729,2353.550049,624.234924,251.1381
MFC2025_EndAlz_Conspiracy.esm,0F00285A,0F002857,VP25_BeerEmpty,STAT,2330.264404,2347.358643,624.234924,251.1381
MFC2025_EndAlz_Conspiracy.esm,0F00285B,0F002857,VP25_BeerEmpty,STAT,2326.743896,2338.151123,624.234924,251.1381
MFC2025_EndAlz_Conspiracy.esm,0F00285C,0F002857,VP25_BeerEmpty,STAT,2333.285645,2324.378906,624.234924,251.1381
MFC2025_EndAlz_Conspiracy.esm,0F00285D,0F002857,VP25_BeerEmpty,STAT,2322.318604,2326.654785,624.234924,251.1381
MFC2025_EndAlz_Conspiracy.esm,0F00285E,0F002857,VP25_BeerEmpty,STAT,2317.558350,2340.566162,624.234924,251.1381
MFC2025_EndAlz_Conspiracy.esm,0F00285F,0F002857,VP25_BeerEmpty,STAT,2311.051758,2337.846191,624.234924,113.6282
MFC2025_EndAlz_Conspiracy.esm,0F002860,0F002857,VP25_BeerEmpty,STAT,2314.367188,2331.341309,624.234924,113.6282
MFC2025_EndAlz_Conspiracy.esm,0F002861,0F0027FC,VP25_Rum,STAT,2354.688232,2381.666504,735.207214,314.1634
MFC2025_EndAlz_Conspiracy.esm,0F002862,0F0027FF,VP25_Wine,STAT,2362.121582,2384.698730,698.903931,0.0000
MFC2025_EndAlz_Conspiracy.esm,0F002863,0F0027FE,VP25_Vodka,STAT,2354.582031,2401.449463,735.207153,0.0000
MFC2025_EndAlz_Conspiracy.esm,0F002864,0F0027FA,VP25_Bourbon,STAT,2355.014404,2380.527344,698.915894,324.1902
MFC2025_EndAlz_Conspiracy.esm,0F002865,0F0027FF,VP25_Wine,STAT,2365.115723,2393.871094,698.903931,291.2451
MFC2025_EndAlz_Conspiracy.esm,0F002866,0F002800,VP25_NukaCola,STAT,2382.759766,2279.275635,660.695068,88.4074
MFC2025_EndAlz_Conspiracy.esm,0F002867,0F0027FB,VP25_Whiskey,STAT,2372.460938,2397.571045,735.207153,11.4592
MFC2025_EndAlz_Conspiracy.esm,0F002868,0F0027F8,VP25_Beer02,STAT,2385.943604,2277.330811,639.525330,249.5445
MFC2025_EndAlz_Conspiracy.esm,0F002869,0F0027F7,VP25_Beer01,STAT,2388.692139,2271.256348,639.525330,223.4535
MFC2025_EndAlz_Conspiracy.esm,0F00286A,0F0027F8,VP25_Beer02,STAT,2380.454590,2274.663818,639.525330,126.0508
MFC2025_EndAlz_Conspiracy.esm,0F00286B,0F0027F9,VP25_Beer03,STAT,2383.185303,2282.200684,639.207336,61.1919
MFC2025_EndAlz_Conspiracy.esm,0F00286C,0F0027F5,VP25_DrinkingGlass,STAT,2369.448730,2247.385986,639.133606,275.0304
MFC2025_EndAlz_Conspiracy.esm,0F00286D,0F0027F6,VP25_ShotGlass,STAT,2393.256104,2257.692627,668.956848,269.9999
MFC2025_EndAlz_Conspiracy.esm,0F00286E,0F002800,VP25_NukaCola,STAT,2374.259766,2270.818115,660.695068,66.2340
MFC2025_EndAlz_Conspiracy.esm,0F00286F,0F002800,VP25_NukaCola,STAT,2386.967041,2267.213379,660.695068,44.2324
MFC2025_EndAlz_Conspiracy.esm,0F002870,0F0027F9,VP25_Beer03,STAT,2377.134766,2278.869873,639.207336,198.7018
MFC2025_EndAlz_Conspiracy.esm,0F002871,0F0027F9,VP25_Beer03,STAT,2370.444336,2275.524902,639.207336,9.6258
MFC2025_EndAlz_Conspiracy.esm,0F002872,0F0027F9,VP25_Beer03,STAT,2363.510742,2272.058594,639.207336,9.6258
MFC2025_EndAlz_Conspiracy.esm,0F002873,0F0027F8,VP25_Beer02,STAT,2375.367676,2271.388916,639.525330,348.5409
MFC2025_EndAlz_Conspiracy.esm,0F002874,0F0027F8,VP25_Beer02,STAT,2369.142090,2269.065186,639.525330,80.2141
MFC2025_EndAlz_Conspiracy.esm,0F002875,0F0027F8,VP25_Beer02,STAT,2363.358154,2266.173096,639.525330,80.2141
MFC2025_EndAlz_Conspiracy.esm,0F002876,0F0027F7,VP25_Beer01,STAT,2391.337646,2265.902588,639.525330,91.6733
MFC2025_EndAlz_Conspiracy.esm,0F002877,0F0027F7,VP25_Beer01,STAT,2385.610107,2263.440430,639.525330,91.6733
MFC2025_EndAlz_Conspiracy.esm,0F002878,0F0027F7,VP25_Beer01,STAT,2383.035156,2268.590820,639.525330,223.4535
MFC2025_EndAlz_Conspiracy.esm,0F002879,0F0027F7,VP25_Beer01,STAT,2379.434326,2260.653564,639.525330,91.6733
MFC2025_EndAlz_Conspiracy.esm,0F00287A,0F0027F7,VP25_Beer01,STAT,2376.816406,2265.739014,639.525330,223.4535
MFC2025_EndAlz_Conspiracy.esm,0F00287B,0F0027F7,VP25_Beer01,STAT,2374.511475,2257.892090,639.525330,91.6733
MFC2025_EndAlz_Conspiracy.esm,0F00287C,0F0027F7,VP25_Beer01,STAT,2371.936523,2263.042480,639.525330,223.4535
MFC2025_EndAlz_Conspiracy.esm,0F00287D,0F0027F5,VP25_DrinkingGlass,STAT,2377.440430,2251.172363,639.133606,141.3021
MFC2025_EndAlz_Conspiracy.esm,0F00287E,0F0027F5,VP25_DrinkingGlass,STAT,2385.647705,2255.366211,639.133606,182.7842
MFC2025_EndAlz_Conspiracy.esm,0F00287F,0F0027F5,VP25_DrinkingGlass,STAT,2393.680664,2258.368652,639.133606,141.5885
MFC2025_EndAlz_Conspiracy.esm,0F002880,0F0027F6,VP25_ShotGlass,STAT,2385.812500,2258.909668,668.956848,269.9999
MFC2025_EndAlz_Conspiracy.esm,0F002881,0F0027F6,VP25_ShotGlass,STAT,2381.029541,2251.318115,668.956848,269.9999
MFC2025_EndAlz_Conspiracy.esm,0F002882,0F0027F6,VP25_ShotGlass,STAT,2375.152832,2254.572754,668.956848,269.9999
MFC2025_EndAlz_Conspiracy.esm,0F002883,0011EB53,Prewar_Locker_Empty01,STAT,2361.258789,2394.175293,625.048218,333.4383
MFC2025_EndAlz_Conspiracy.esm,0F002884,0F002888,VP25_Medkit,CONT,2314.896729,2379.280029,691.768433,159.1212
MFC2025_EndAlz_Conspiracy.esm,0F002889,0F002785,VP25_TeaSet,STAT,2490.445068,2367.785889,705.250549,261.8874
MFC2025_EndAlz_Conspiracy.esm,0F00288A,0F0027FE,VP25_Vodka,STAT,2358.146240,2392.947510,735.207153,64.6987
MFC2025_EndAlz_Conspiracy.esm,0F00288B,0F0027FE,VP25_Vodka,STAT,2362.942871,2386.292480,735.207153,315.8368
MFC2025_EndAlz_Conspiracy.esm,0F00288C,0F0027FB,VP25_Whiskey,STAT,2363.020020,2401.527588,735.207153,325.6226
MFC2025_EndAlz_Conspiracy.esm,0F00288D,0F0027FB,VP25_Whiskey,STAT,2369.884521,2388.795898,735.207153,143.2395
MFC2025_EndAlz_Conspiracy.esm,0F00288E,0F0027FC,VP25_Rum,STAT,2349.578125,2394.684814,735.207214,17.1888
MFC2025_EndAlz_Conspiracy.esm,0F00288F,0F0027FA,VP25_Bourbon,STAT,2351.973145,2387.351074,698.915894,249.7057
MFC2025_EndAlz_Conspiracy.esm,0F002890,0F0027FA,VP25_Bourbon,STAT,2348.332520,2394.479736,698.915894,58.6710
MFC2025_EndAlz_Conspiracy.esm,0F002891,0F002892,VP25_Wine02,STAT,2370.993652,2388.781738,698.903931,291.2451
MFC2025_EndAlz_Conspiracy.esm,0F002893,0F002892,VP25_Wine02,STAT,2372.542236,2399.031738,698.903931,0.0000
MFC2025_EndAlz_Conspiracy.esm,0F002894,0F002892,VP25_Wine02,STAT,2365.258057,2404.735596,698.903931,0.0000
MFC2025_EndAlz_Conspiracy.esm,0F002895,0F0027FF,VP25_Wine,STAT,2355.714355,2397.937012,698.903931,108.8620
MFC2025_EndAlz_Conspiracy.esm,0F002896,0F002897,VP25_CoffeeMaker,STAT,2581.052734,2221.357666,705.474731,343.6596
MFC2025_EndAlz_Conspiracy.esm,0F002898,0F002804,VP25_CoffeeTin,STAT,2586.491943,2203.824951,705.250549,3.5523
MFC2025_EndAlz_Conspiracy.esm,0F002899,0F002803,VP25_CoffeeMug,STAT,2574.393799,2204.508057,705.250549,297.8914
MFC2025_EndAlz_Conspiracy.esm,0F00289A,0F002804,VP25_CoffeeTin,STAT,2595.282227,2191.286377,705.250549,129.6030
MFC2025_EndAlz_Conspiracy.esm,0F00289B,0F002803,VP25_CoffeeMug,STAT,2578.629639,2191.608398,705.250549,207.4214
MFC2025_EndAlz_Conspiracy.esm,0F00289C,0F002803,VP25_CoffeeMug,STAT,2565.311523,2230.282715,705.250549,281.9059
MFC2025_EndAlz_Conspiracy.esm,0F00289D,0005A689,AdvertsPoster04,STAT,2601.490967,2171.412842,740.537537,88.0181
MFC2025_EndAlz_Conspiracy.esm,0F00289E,0005A68A,AdvertsPoster05,STAT,2596.896973,2131.635010,754.393005,108.8738
MFC2025_EndAlz_Conspiracy.esm,0F00289F,0F0028A0,VP25_Kettle,STAT,2533.934570,2301.714355,697.613159,338.7550
MFC2025_EndAlz_Conspiracy.esm,0F0028A1,0F0028A2,VP25_Ladle,STAT,2540.150879,2254.879150,714.376099,299.1359
MFC2025_EndAlz_Conspiracy.esm,0F0028A3,0F0028A4,VP25_SaltShaker,STAT,2536.380371,2327.684570,705.738586,339.5917
MFC2025_EndAlz_Conspiracy.esm,0F0028A5,0F0028A6,VP25_PepperMill,STAT,2541.361816,2324.199707,705.289673,48.3466
MFC2025_EndAlz_Conspiracy.esm,0F0028A7,0F0028A8,VP25_CookingOil,STAT,2571.655518,2255.429199,705.562195,339.5917
MFC2025_EndAlz_Conspiracy.esm,0F0028A9,0F0028AA,VP25_SHUGABOMS,STAT,2460.026123,2413.890625,705.250549,261.8874
MFC2025_EndAlz_Conspiracy.esm,0F0028AB,0F0028AA,VP25_SHUGABOMS,STAT,2470.781982,2405.759033,705.250549,292.9991
MFC2025_EndAlz_Conspiracy.esm,0F0028AC,00091929,PlayerHouse_Ruin_BathroomHook01,STAT,2508.468262,2384.868652,752.670166,48.2431
MFC2025_EndAlz_Conspiracy.esm,0F0028AD,0009192A,PlayerHouse_Ruin_BathroomHook02,STAT,2500.533691,2392.500244,760.595459,39.8778
MFC2025_EndAlz_Conspiracy.esm,0F0028AE,0F0028AF,VP25_InstaMash,STAT,2357.642578,2385.784668,662.745911,51.9673
MFC2025_EndAlz_Conspiracy.esm,0F0028B0,0F0028AF,VP25_InstaMash,STAT,2352.847900,2397.676025,662.745911,71.1614
MFC2025_EndAlz_Conspiracy.esm,0F0028B1,0F0028AF,VP25_InstaMash,STAT,2355.950195,2390.294678,672.301147,71.1614
MFC2025_EndAlz_Conspiracy.esm,0F0028B2,0F0028B3,VP25_SalisburySteak,STAT,2373.357910,2397.035889,662.745911,337.4828
MFC2025_EndAlz_Conspiracy.esm,0F0028B4,0F0028B3,VP25_SalisburySteak,STAT,2365.793457,2397.461426,662.745911,151.6047
MFC2025_EndAlz_Conspiracy.esm,0F0028B5,0F002804,VP25_CoffeeTin,STAT,2578.580078,2240.100342,705.250549,123.8735
MFC2025_EndAlz_Conspiracy.esm,0F0028BD,0F0028BE,VP25_TinCan,STAT,2356.588623,2379.743408,626.574402,292.9991
MFC2025_EndAlz_Conspiracy.esm,0F0028BF,0F0028BE,VP25_TinCan,STAT,2357.334229,2390.349365,626.574402,222.4679
MFC2025_EndAlz_Conspiracy.esm,0F0028C0,0F0028BE,VP25_TinCan,STAT,2365.831543,2405.862549,626.574402,222.4679
MFC2025_EndAlz_Conspiracy.esm,0F0028C1,0F0028BE,VP25_TinCan,STAT,2374.034424,2389.094727,626.574402,222.4679
MFC2025_EndAlz_Conspiracy.esm,0F0028C2,0F002831,VP25_PlasticBin,STAT,2545.548828,2097.599854,757.246826,68.7549
MFC2025_EndAlz_Conspiracy.esm,0F0028C3,0F002831,VP25_PlasticBin,STAT,2526.158203,2083.530762,757.246826,58.9001
MFC2025_EndAlz_Conspiracy.esm,0F0028C4,0019B593,DeskBlotterA,STAT,1698.815918,1938.900635,658.656433,243.9653
MFC2025_EndAlz_Conspiracy.esm,0F0028C5,001944A2,DeskCubbyA,STAT,1667.147095,1960.536377,658.268127,237.7882
MFC2025_EndAlz_Conspiracy.esm,0F0028C6,0019449E,DeskFileA,STAT,1659.853638,1984.865967,658.724854,251.1381
MFC2025_EndAlz_Conspiracy.esm,0F0028C7,000E3542,DeskLamp02_Prewar,STAT,1661.724976,1969.432617,658.480652,71.1381
MFC2025_EndAlz_Conspiracy.esm,0F0028C8,0F002932,VP25_DLC06HighTechDesk01,CONT,1688.486450,1955.088257,602.349609,243.9651
MFC2025_EndAlz_Conspiracy.esm,0F0028C9,0F0028CA,VP25_Terminal,TERM,1696.186890,1926.480103,603.272400,237.6053
MFC2025_EndAlz_Conspiracy.esm,0F0028CB,001A6E7E,HightechOfficeChair01_Static,STAT,1706.731323,1959.244263,602.403931,236.0120
MFC2025_EndAlz_Conspiracy.esm,0F0028CC,0F0027D1,VP25_ButlerHandy,NPC_,2211.100586,1959.830933,616.491943,312.4902
MFC2025_EndAlz_Conspiracy.esm,0F0028CF,05005368,DLC06HighTechRoundTable01,STAT,2208.802490,1961.352051,547.215515,0.0000
MFC2025_EndAlz_Conspiracy.esm,0F0028D0,00135F6E,MacBaseRound01,STAT,2209.272949,1961.923584,610.921387,0.0000
MFC2025_EndAlz_Conspiracy.esm,0F0028D1,000F9235,HighTechLightCeiling02,STAT,2191.993652,1992.222046,616.109375,116.0349
MFC2025_EndAlz_Conspiracy.esm,0F0028D2,000F9235,HighTechLightCeiling02,STAT,2223.296143,1929.033325,616.109375,341.0349
MFC2025_EndAlz_Conspiracy.esm,0F0028D3,000F9235,HighTechLightCeiling02,STAT,2176.637207,1947.401855,616.109375,116.0349
MFC2025_EndAlz_Conspiracy.esm,0F0028D4,000F9235,HighTechLightCeiling02,STAT,2239.170898,1978.978271,616.109375,116.0349
MFC2025_EndAlz_Conspiracy.esm,0F0028D5,000F9235,HighTechLightCeiling02,STAT,2420.930420,2304.335938,800.021790,243.9651
MFC2025_EndAlz_Conspiracy.esm,0F0028D6,000F9235,HighTechLightCeiling02,STAT,2495.022461,2152.659424,800.021790,243.9651
MFC2025_EndAlz_Conspiracy.esm,0F0028D7,0F0027F5,VP25_DrinkingGlass,STAT,2434.282471,2052.159424,682.635864,0.0000
MFC2025_EndAlz_Conspiracy.esm,0F0028D8,0F002803,VP25_CoffeeMug,STAT,2444.604980,2062.625732,682.635864,45.0000
MFC2025_EndAlz_Conspiracy.esm,0F0028DA,0F0028D9,VP25_ShortCurtain,STAT,1828.313965,1724.282471,779.225037,153.9651
MFC2025_EndAlz_Conspiracy.esm,0F0028DB,0F0028D9,VP25_ShortCurtain,STAT,1911.863647,1765.095337,779.225037,153.9651
MFC2025_EndAlz_Conspiracy.esm,0F0028DC,0F0028D9,VP25_ShortCurtain,STAT,1995.655273,1804.925049,779.225037,153.9651
MFC2025_EndAlz_Conspiracy.esm,0F0028DD,000FE2A1,PlayerHouse_CurtainRod02,STAT,1918.078613,1767.883667,779.235718,334.2171
MFC2025_EndAlz_Conspiracy.esm,0F0028DE,0019D813,ShelfSmall_Metal01_1Long,SCOL,1772.397095,1713.364624,707.499939,243.9652
MFC2025_EndAlz_Conspiracy.esm,0F0028DF,0019D813,ShelfSmall_Metal01_1Long,SCOL,1772.397095,1713.364624,740.156860,243.9652
MFC2025_EndAlz_Conspiracy.esm,0F0028E0,0011649D,MemDenHangingClothNarrow02,STAT,1732.301514,2116.598877,603.116638,154.6986
MFC2025_EndAlz_Conspiracy.esm,0F0028E1,000A8C6F,MemDenHangingCloth01,STAT,1754.171631,2121.336914,603.778625,334.6986
MFC2025_EndAlz_Conspiracy.esm,0F0028E2,0001CBA6,HalfCircleFlag01,STAT,1687.769897,2085.068848,800.137939,334.6986
MFC2025_EndAlz_Conspiracy.esm,0F0028E3,000DF45C,NPCChairMemoryLoungeSit01,FURN,1756.239136,2084.466309,601.232544,166.5589
MFC2025_EndAlz_Conspiracy.esm,0F0028E4,00075F3F,PlayerHouse_Ruin_EndTable01,STAT,1703.340210,2079.181885,604.249817,329.0031
MFC2025_EndAlz_Conspiracy.esm,0F0028E5,00027EB6,PlayerHouse_Rug05,STAT,1723.583374,1995.968018,603.393860,331.3521
MFC2025_EndAlz_Conspiracy.esm,0F0028E6,0F002826,VP25_FlowerVase02,STAT,1676.800781,1948.624634,659.156433,348.1173
MFC2025_EndAlz_Conspiracy.esm,0F0028E8,0F0028E7,VP25_FrillyTableLamp01On,STAT,1945.592041,1796.123169,603.542847,0.0000
MFC2025_EndAlz_Conspiracy.esm,0F0028E9,0F00282A,VP25_FlowerVase03,STAT,2575.887451,2118.698975,705.904053,198.4383
MFC2025_EndAlz_Conspiracy.esm,0F0028EA,0F0028AA,VP25_SHUGABOMS,STAT,2460.026123,2413.890625,705.250549,261.8874
MFC2025_EndAlz_Conspiracy.esm,0F0028EB,0F0028EC,VP25_SilverBowl,STAT,2444.600830,2417.442871,705.250549,261.8874
MFC2025_EndAlz_Conspiracy.esm,0F0028ED,0F0028EC,VP25_SilverBowl,STAT,2444.100586,2417.472168,706.835144,125.3362
MFC2025_EndAlz_Conspiracy.esm,0F0028EE,00176E41,CounterOuterMid02,STAT,2322.477295,2346.760254,617.853394,154.6987
MFC2025_EndAlz_Conspiracy.esm,0F0028EF,00080E52,NpcStoolFederalistSit01Static,STAT,2247.697754,2330.750977,618.030884,64.6987
MFC2025_EndAlz_Conspiracy.esm,0F0028F0,0001F93B,NpcStoolFederalistSit01,FURN,2271.156006,2281.126221,618.030884,64.6987
MFC2025_EndAlz_Conspiracy.esm,0F0028F1,0001F93B,NpcStoolFederalistSit01,FURN,2294.634766,2231.459229,618.030884,64.6987
MFC2025_EndAlz_Conspiracy.esm,0F0028F2,00176E2C,CounterMid01,STAT,2338.342773,2313.669189,619.430420,154.6987
MFC2025_EndAlz_Conspiracy.esm,0F0028F3,00176E6F,CounterOuterMidHalf02,STAT,2363.400146,2260.834961,617.853394,154.6987
MFC2025_EndAlz_Conspiracy.esm,0F0028F5,000C9A80,PrewarBookStack01,STAT,1766.082275,1732.023682,721.034363,243.9652
MFC2025_EndAlz_Conspiracy.esm,0F0028F6,000C9A83,PrewarBookStackSm01,STAT,1754.333862,1753.717773,721.034363,243.9652
MFC2025_EndAlz_Conspiracy.esm,0F0028F7,000C9A8C,PrewarBookSingle06,STAT,1732.272095,1795.001221,721.395020,244.1334
MFC2025_EndAlz_Conspiracy.esm,0F0028F8,000C9A80,PrewarBookStack01,STAT,1724.247192,1813.673218,721.429504,243.9652
MFC2025_EndAlz_Conspiracy.esm,0F0028F9,000C9A89,PrewarBookSingle03,STAT,1735.681152,1789.736816,720.733337,244.5528
MFC2025_EndAlz_Conspiracy.esm,0F0028FA,0F002980,VP25_TeddyBear,STAT,1753.054687,1779.092773,716.490356,253.7093
MFC2025_EndAlz_Conspiracy.esm,0F0028FB,0F0028FC,VP25_AlarmClock,STAT,1745.195068,1845.073975,658.839661,271.8219
MFC2025_EndAlz_Conspiracy.esm,0F0028FD,000C9A8C,PrewarBookSingle06,STAT,1739.649048,1843.839355,656.906128,270.0000
MFC2025_EndAlz_Conspiracy.esm,0F0028FE,000D3853,PrewarBookSingle12,STAT,1738.458008,1845.526489,653.250244,270.0000
MFC2025_EndAlz_Conspiracy.esm,0F0028FF,0F002803,VP25_CoffeeMug,STAT,1758.844116,1825.194458,651.341492,336.6234
MFC2025_EndAlz_Conspiracy.esm,0F002900,00139F59,defaultLightWarm01NSGoboLamp,LIGH,1943.604370,1797.149170,707.398804,89.9999
MFC2025_EndAlz_Conspiracy.esm,0F002901,000517B0,DefaultLightWhite01NS,LIGH,2242.164062,2339.517090,739.275146,102.1470
MFC2025_EndAlz_Conspiracy.esm,0F002902,000517B0,DefaultLightWhite01NS,LIGH,2081.113770,2231.803711,739.768738,102.1470
MFC2025_EndAlz_Conspiracy.esm,0F002903,000517B0,DefaultLightWhite01NS,LIGH,1805.976196,2136.739258,722.104675,102.1470
MFC2025_EndAlz_Conspiracy.esm,0F002904,0F00293C,VP25_DefaultLightWhite01NS,LIGH,1682.836548,2082.003418,709.969666,102.1470
MFC2025_EndAlz_Conspiracy.esm,0F002905,00023477,BounceAmbPurple,LIGH,1957.912598,2142.079346,711.233887,0.0000
MFC2025_EndAlz_Conspiracy.esm,0F002907,0010106F,DefaultLightWhite01SpotNoAtten,LIGH,2382.097412,1568.069214,972.516418,110.7758
MFC2025_EndAlz_Conspiracy.esm,0F002908,0010106F,DefaultLightWhite01SpotNoAtten,LIGH,2049.639648,1431.334961,972.516418,110.4323
MFC2025_EndAlz_Conspiracy.esm,0F002909,0010106F,DefaultLightWhite01SpotNoAtten,LIGH,2551.812500,1650.972412,972.516418,110.7758
MFC2025_EndAlz_Conspiracy.esm,0F00290A,000517B0,DefaultLightWhite01NS,LIGH,2397.631592,2013.589478,732.143860,213.0493
MFC2025_EndAlz_Conspiracy.esm,0F00290B,000517B0,DefaultLightWhite01NS,LIGH,2212.566162,1928.747314,736.996704,213.0493
MFC2025_EndAlz_Conspiracy.esm,0F00290C,000517B0,DefaultLightWhite01NS,LIGH,1844.176758,1784.524780,720.655090,213.0493
MFC2025_EndAlz_Conspiracy.esm,0F00290D,000D8556,DefaultLightWhite01NSNonSpec,LIGH,2293.812256,2167.782227,718.109924,275.3751
MFC2025_EndAlz_Conspiracy.esm,0F00290E,000D8556,DefaultLightWhite01NSNonSpec,LIGH,2090.596924,2074.177979,718.109924,275.3751
MFC2025_EndAlz_Conspiracy.esm,0F00290F,000D8556,DefaultLightWhite01NSNonSpec,LIGH,1866.528076,1967.371216,718.109924,275.3751
MFC2025_EndAlz_Conspiracy.esm,0F002910,00056725,defaultLightWarm01,LIGH,2415.009277,2299.390381,769.478821,0.0000
MFC2025_EndAlz_Conspiracy.esm,0F002911,00056725,defaultLightWarm01,LIGH,2509.348389,2183.937744,769.478821,0.0000
MFC2025_EndAlz_Conspiracy.esm,0F002912,000C9A81,PrewarBookStack02,STAT,1764.132935,1731.566284,753.739441,243.9652
MFC2025_EndAlz_Conspiracy.esm,0F002913,000C9A84,PrewarBookStackSm02,STAT,1752.106812,1757.631470,750.489197,270.0000
MFC2025_EndAlz_Conspiracy.esm,0F002914,000C9A85,PrewarBookStackSm03,STAT,1744.954956,1772.762329,753.971924,243.9652
MFC2025_EndAlz_Conspiracy.esm,0F002915,000517B0,DefaultLightWhite01NS,LIGH,1776.496460,1793.657959,728.900940,213.0493
MFC2025_EndAlz_Conspiracy.esm,0F002916,000517B0,DefaultLightWhite01NS,LIGH,1759.995972,1849.297119,688.366760,213.0493
MFC2025_EndAlz_Conspiracy.esm,0F002917,000517B0,DefaultLightWhite01NS,LIGH,1703.185425,1982.946167,689.978760,213.0493
MFC2025_EndAlz_Conspiracy.esm,0F002918,000517B0,DefaultLightWhite01NS,LIGH,2083.966553,2214.865967,690.502258,213.0493
MFC2025_EndAlz_Conspiracy.esm,0F002919,000517B0,DefaultLightWhite01NS,LIGH,2183.440918,2254.048340,698.672668,213.0493
MFC2025_EndAlz_Conspiracy.esm,0F00291A,000517B0,DefaultLightWhite01NS,LIGH,1852.059937,2086.492187,684.833191,213.0493
MFC2025_EndAlz_Conspiracy.esm,0F00291B,000517B0,DefaultLightWhite01NS,LIGH,2296.344971,2290.687012,708.653625,213.0493
MFC2025_EndAlz_Conspiracy.esm,0F00291C,00101715,DefaultLightWarm01SpotNoAtten,LIGH,2228.285400,2375.955811,722.062500,304.3774
MFC2025_EndAlz_Conspiracy.esm,0F00291D,0002B776,GlowFillCloudySlow,MSTT,2419.820068,2304.976074,786.634827,0.0000
MFC2025_EndAlz_Conspiracy.esm,0F00291E,0002B776,GlowFillCloudySlow,MSTT,2495.510498,2152.816895,788.724792,0.0000
MFC2025_EndAlz_Conspiracy.esm,0F00291F,001C26A6,GlowFillCloudyBright,MSTT,2206.304932,1963.085937,620.137390,0.0000
MFC2025_EndAlz_Conspiracy.esm,0F002920,0002FAE0,GlowingBlood01NS,LIGH,2205.487061,1962.975708,644.331299,0.0000
MFC2025_EndAlz_Conspiracy.esm,0F002921,0F0027F7,VP25_Beer01,STAT,2361.368408,2247.513428,691.110413,91.6733
MFC2025_EndAlz_Conspiracy.esm,0F002922,0F0027F5,VP25_DrinkingGlass,STAT,2332.189453,2264.480469,695.853394,141.5885
MFC2025_EndAlz_Conspiracy.esm,0F002923,0F002857,VP25_BeerEmpty,STAT,2326.045898,2273.272705,695.853394,91.6733
MFC2025_EndAlz_Conspiracy.esm,0F002924,0F002925,VP25_Napkin,STAT,2328.343262,2263.282715,695.853394,91.6733
MFC2025_EndAlz_Conspiracy.esm,0F002926,0F002925,VP25_Napkin,STAT,2296.140137,2339.102295,695.853394,183.3465
MFC2025_EndAlz_Conspiracy.esm,0F002927,0F002857,VP25_BeerEmpty,STAT,2297.021973,2334.570068,696.278625,91.6733
MFC2025_EndAlz_Conspiracy.esm,0F00292A,0F002857,VP25_BeerEmpty,STAT,2375.333496,2245.608154,693.677795,91.6733
MFC2025_EndAlz_Conspiracy.esm,0F00292B,0F002925,VP25_Napkin,STAT,2345.996338,2272.348145,691.110413,349.0340
MFC2025_EndAlz_Conspiracy.esm,0F00292C,0F002925,VP25_Napkin,STAT,2345.060547,2268.533203,691.589661,356.3334
MFC2025_EndAlz_Conspiracy.esm,0F00292D,0F002925,VP25_Napkin,STAT,2342.140137,2278.990967,692.274963,17.5901
MFC2025_EndAlz_Conspiracy.esm,0F00292E,0F002925,VP25_Napkin,STAT,2344.396240,2282.177490,691.629456,10.2907
MFC2025_EndAlz_Conspiracy.esm,0F002930,0F002831,VP25_PlasticBin,STAT,2322.774902,2366.617188,661.751770,332.3836
MFC2025_EndAlz_Conspiracy.esm,0F002934,0F002933,VP25_FootLocker,CONT,1949.928345,1914.385742,604.594482,60.1821
MFC2025_EndAlz_Conspiracy.esm,0F002936,0F002935,VP25_AmmoBox,CONT,1958.743652,1874.325806,605.427124,77.5319
MFC2025_EndAlz_Conspiracy.esm,0F002937,0F002935,VP25_AmmoBox,CONT,1966.073975,1856.489624,606.200134,75.8132
MFC2025_EndAlz_Conspiracy.esm,0F002938,0F002939,VP25_ToyAlien,STAT,1748.612793,1793.034180,740.901794,46.1695
MFC2025_EndAlz_Conspiracy.esm,0F00293A,0F00293B,VP25_ToyRocket,STAT,1739.172607,1804.253906,740.898987,188.5602
MFC2025_EndAlz_Conspiracy.esm,0F00293D,0F0027AE,VP25_Loot_Prewar_Cooler,CONT,2586.099609,2155.088867,704.977173,5.7296
MFC2025_EndAlz_Conspiracy.esm,0F00293E,0F002831,VP25_PlasticBin,STAT,2323.697021,2367.313965,638.782898,332.3836
MFC2025_EndAlz_Conspiracy.esm,0F002940,0F00293F,VP25_Suitcase,CONT,1643.696655,2045.386841,629.141113,182.1559
MFC2025_EndAlz_Conspiracy.esm,0F002941,0008E79C,Floorlamp01On,STAT,1637.015259,2049.545898,602.095215,263.5606
MFC2025_EndAlz_Conspiracy.esm,0F002942,00139F59,defaultLightWarm01NSGoboLamp,LIGH,1635.995850,2049.533447,706.412720,269.9999
MFC2025_EndAlz_Conspiracy.esm,0F002943,00139F59,defaultLightWarm01NSGoboLamp,LIGH,1635.995850,2049.533447,706.412720,269.9999
MFC2025_EndAlz_Conspiracy.esm,0F002945,0F002944,VP25_BowlerHat,STAT,2243.870850,2331.193604,692.173889,272.7825
MFC2025_EndAlz_Conspiracy.esm,0F002946,0F002933,VP25_FootLocker,CONT,1675.766479,2032.213379,603.393860,274.1710
MFC2025_EndAlz_Conspiracy.esm,0F002947,0F002948,VP25_HazmatSuit,STAT,1732.856079,1821.544678,740.348145,60.6187
MFC2025_EndAlz_Conspiracy.esm,0F002949,00035AE6,PlayerHouse_Ruin_Kitchen_Cabinet02_White,STAT,2570.991211,2294.875244,766.504028,64.6986
MFC2025_EndAlz_Conspiracy.esm,0F00294A,00000003,NorthMarker,STAT,1952.000000,2976.000000,632.000000,0.0000
MFC2025_EndAlz_Conspiracy.esm,0F00294B,00035ADB,PlayerHouse_Ruin_Stove01_White,STAT,2537.168701,2281.250732,630.751587,64.6986
MFC2025_EndAlz_Conspiracy.esm,0F00294C,00072BDC,PlayerHouse_Ruin_WetBar02,STAT,2016.268311,2219.469238,602.598328,333.4383
MFC2025_EndAlz_Conspiracy.esm,0F00294D,0007350B,PlayerHouse_Ruin_Rug01,STAT,2481.485840,2255.620850,629.382568,64.6987
MFC2025_EndAlz_Conspiracy.esm,0F00294E,0F002955,VP25_KitchenCounter,STAT,2468.935303,2418.751221,627.250549,64.6986
MFC2025_EndAlz_Conspiracy.esm,0F00294F,0F002950,VP25_WorkbenchCookingStove,FURN,2479.002441,2279.506836,641.186890,64.6987
MFC2025_EndAlz_Conspiracy.esm,0F002951,0F002952,VP25_CookingPot,STAT,2529.935547,2256.898926,698.017090,2.5100
MFC2025_EndAlz_Conspiracy.esm,0F002953,001E326D,AMBWaterInteriorDungeonYangtze2DLPmarker,SOUN,1136.000000,1656.000000,656.000000,0.0000
MFC2025_EndAlz_Conspiracy.esm,0F002954,001E326D,AMBWaterInteriorDungeonYangtze2DLPmarker,SOUN,2808.000000,2384.000000,656.000000,0.0000
MFC2025_EndAlz_Conspiracy.esm,0F002956,001A4AA4,PlayerHouse_Ruin_KitchenSink01Activator,ACTI,2494.491943,2333.851074,627.127319,64.6987
MFC2025_EndAlz_Conspiracy.esm,0F002957,00043FCB,PlayerHouse_Ruin_Kitchen_Cabinet06_White,STAT,2599.790039,2142.126221,627.250549,64.6986
MFC2025_EndAlz_Conspiracy.esm,0F002958,002321AC,NpcBenchDinerIntBoothSit01WithTable02,FURN,2431.763184,2073.579346,626.635864,64.6986
MFC2025_EndAlz_Conspiracy.esm,0F002959,002321AC,NpcBenchDinerIntBoothSit01WithTable02,FURN,2316.626221,2019.150757,626.635864,64.6986
MFC2025_EndAlz_Conspiracy.esm,0F00295A,0F002836,VP25_Fridge,CONT,2536.784668,2091.560547,627.118286,154.6987
MFC2025_EndAlz_Conspiracy.esm,0F00295B,00043FCB,PlayerHouse_Ruin_Kitchen_Cabinet06_White,STAT,2680.157227,2151.328613,627.107971,154.6986
MFC2025_EndAlz_Conspiracy.esm,0F00295C,00043FCB,PlayerHouse_Ruin_Kitchen_Cabinet06_White,STAT,2485.003418,2459.319824,627.107971,334.6987
MFC2025_EndAlz_Conspiracy.esm,0F00295D,0F002835,VP25_CashRegister,CONT,2399.108398,2408.604248,705.107971,340.4621
MFC2025_EndAlz_Conspiracy.esm,0F00295E,00072BDC,PlayerHouse_Ruin_WetBar02,STAT,1859.320435,2142.484375,604.424561,334.6987
MFC2025_EndAlz_Conspiracy.esm,0F00295F,001C0BE7,Jukebox01Clean,ACTI,1939.974243,2178.776611,604.902588,334.6987
MFC2025_EndAlz_Conspiracy.esm,0F002960,0001CBA6,HalfCircleFlag01,STAT,1975.681519,2222.968994,800.137939,334.6986
MFC2025_EndAlz_Conspiracy.esm,0F002961,0001CBA6,HalfCircleFlag01,STAT,1880.079956,2177.554443,800.137939,334.6986
MFC2025_EndAlz_Conspiracy.esm,0F002962,0011649D,MemDenHangingClothNarrow02,STAT,1830.515991,2162.710938,559.005798,154.6986
MFC2025_EndAlz_Conspiracy.esm,0F002963,0011649E,MemDenHangingClothNarrow01,STAT,2020.814819,2252.210693,559.005798,334.6987
MFC2025_EndAlz_Conspiracy.esm,0F002964,00115466,SignTheaterPoster04,STAT,2321.055176,1949.392090,731.328552,154.6987
MFC2025_EndAlz_Conspiracy.esm,0F002965,00114102,SignTheaterPoster03,STAT,2486.998047,2030.643433,731.328552,154.5642
MFC2025_EndAlz_Conspiracy.esm,0F002966,0001CBA6,HalfCircleFlag01,STAT,2069.160889,2267.157959,800.137939,334.6986
MFC2025_EndAlz_Conspiracy.esm,0F002967,0001CBA6,HalfCircleFlag01,STAT,1787.406616,2133.782227,800.137939,334.6986
MFC2025_EndAlz_Conspiracy.esm,0F002968,0015CC7F,CarpetEdging01,STAT,1922.974121,1990.340698,604.257690,64.8583
MFC2025_EndAlz_Conspiracy.esm,0F002969,0015CC82,CarpetEdging04,STAT,1922.974121,1990.340698,604.257690,154.8582
MFC2025_EndAlz_Conspiracy.esm,0F00296A,0015CC81,CarpetEdging03,STAT,1922.974121,1990.340698,604.257690,334.8583
MFC2025_EndAlz_Conspiracy.esm,0F00296B,0015CC82,CarpetEdging04,STAT,2154.234131,2099.644531,611.525391,334.8583
MFC2025_EndAlz_Conspiracy.esm,0F00296C,0015CC7F,CarpetEdging01,STAT,2154.234131,2099.644531,611.525391,244.8583
MFC2025_EndAlz_Conspiracy.esm,0F00296D,0015CC81,CarpetEdging03,STAT,2154.234131,2099.644531,611.525391,154.8582
MFC2025_EndAlz_Conspiracy.esm,0F00296E,0015CCDF,CarpetSquare01,STAT,2154.234131,2099.644531,611.525391,154.8583
MFC2025_EndAlz_Conspiracy.esm,0F00296F,0015CCDF,CarpetSquare01,STAT,1922.974121,1990.340698,604.257690,244.8583
MFC2025_EndAlz_Conspiracy.esm,0F002970,0001F441,FederalistBookcase01,STAT,2151.507568,2302.136230,610.690186,243.4384
MFC2025_EndAlz_Conspiracy.esm,0F002971,000C9A89,PrewarBookSingle03,STAT,2118.409180,2295.018311,722.906860,269.9209
MFC2025_EndAlz_Conspiracy.esm,0F002972,000C9A88,PrewarBookSingle02,STAT,2118.409180,2295.018311,718.071045,269.9209
MFC2025_EndAlz_Conspiracy.esm,0F002973,000C9A8C,PrewarBookSingle06,STAT,2174.300049,2323.714600,722.906860,269.9209
MFC2025_EndAlz_Conspiracy.esm,0F002974,000C9A8B,PrewarBookSingle05,STAT,2174.300049,2323.714600,718.071045,269.9209
MFC2025_EndAlz_Conspiracy.esm,0F002975,000C9A81,PrewarBookStack02,STAT,2145.344238,2300.480957,702.444275,333.4383
MFC2025_EndAlz_Conspiracy.esm,0F002976,000C9A80,PrewarBookStack01,STAT,2121.244629,2288.432861,702.444275,333.4383
MFC2025_EndAlz_Conspiracy.esm,0F002977,000C9A80,PrewarBookStack01,STAT,2180.679688,2318.146240,680.143555,333.4383
MFC2025_EndAlz_Conspiracy.esm,0F002978,000C9A80,PrewarBookStack01,STAT,2156.579590,2306.097900,680.143555,333.4383
MFC2025_EndAlz_Conspiracy.esm,0F002979,000C9A81,PrewarBookStack02,STAT,2121.547607,2287.999756,657.093018,333.4383
MFC2025_EndAlz_Conspiracy.esm,0F00297A,000C9A81,PrewarBookStack02,STAT,2182.801270,2317.252197,657.093018,333.4383
MFC2025_EndAlz_Conspiracy.esm,0F00297B,000C9A85,PrewarBookStackSm03,STAT,2137.069336,2293.393311,657.277649,333.4383
MFC2025_EndAlz_Conspiracy.esm,0F00297C,000C9A86,PrewarBookStackSm04,STAT,2190.189209,2321.531006,628.774536,333.4383
MFC2025_EndAlz_Conspiracy.esm,0F00297D,000C9A80,PrewarBookStack01,STAT,2119.948242,2287.200195,628.650330,333.4383
MFC2025_EndAlz_Conspiracy.esm,0F00297E,000C9A81,PrewarBookStack02,STAT,2144.047852,2299.248291,628.650330,333.4383
MFC2025_EndAlz_Conspiracy.esm,0F00297F,0F002980,VP25_TeddyBear,STAT,2246.624756,2330.802979,679.696899,276.4298
MFC2025_EndAlz_Conspiracy.esm,0F002981,0F00280B,VP25_BoardGame,STAT,2125.192139,2286.255371,669.690186,74.4845
MFC2025_EndAlz_Conspiracy.esm,0F002982,0F00280B,VP25_BoardGame,STAT,2149.300537,2300.308838,715.702393,149.1982
MFC2025_EndAlz_Conspiracy.esm,0F002983,0F00280C,VP25_Chessboard,STAT,2123.837402,2284.675293,675.869141,328.6592
MFC2025_EndAlz_Conspiracy.esm,0F002984,001BCFA8,BoatModel01,STAT,2178.553223,2310.021240,738.809937,179.3524
MFC2025_EndAlz_Conspiracy.esm,0F002985,0F002991,VP25_DoubleBed,FURN,1824.365967,1782.257812,603.234375,243.4383
MFC2025_EndAlz_Conspiracy.esm,0F002986,040008DA,DLC05ScaffPlatform1x2A,STAT,2377.106201,2038.034790,629.735413,333.4384
MFC2025_EndAlz_Conspiracy.esm,0F002987,040008DA,DLC05ScaffPlatform1x2A,STAT,2376.884033,2037.704834,619.448242,333.4384
MFC2025_EndAlz_Conspiracy.esm,0F002988,0007350B,PlayerHouse_Ruin_Rug01,STAT,2084.691162,1874.253540,605.708679,154.6987
MFC2025_EndAlz_Conspiracy.esm,0F002989,0001EE90,BldWoodPDividerPillar01,STAT,2024.516846,1808.824219,603.379456,333.4383
MFC2025_EndAlz_Conspiracy.esm,0F00298A,0001EE91,BldWoodPDividerShort1Way01,STAT,2025.089355,1805.818848,608.220764,333.4383
MFC2025_EndAlz_Conspiracy.esm,0F00298B,0001EE91,BldWoodPDividerShort1Way01,STAT,1967.941650,1920.114502,608.220764,333.4383
MFC2025_EndAlz_Conspiracy.esm,0F00298C,0001EE90,BldWoodPDividerPillar01,STAT,1937.893921,1982.095459,603.379456,333.4383
MFC2025_EndAlz_Conspiracy.esm,0F00298D,0011649D,MemDenHangingClothNarrow02,STAT,1959.303467,1974.979492,605.966919,59.7717
MFC2025_EndAlz_Conspiracy.esm,0F00298E,0011649E,MemDenHangingClothNarrow01,STAT,1925.995239,1958.406616,607.486206,79.1946
MFC2025_EndAlz_Conspiracy.esm,0F00298F,0011649E,MemDenHangingClothNarrow01,STAT,1947.731812,2003.856934,607.057068,250.1421
MFC2025_EndAlz_Conspiracy.esm,0F002990,0011649D,MemDenHangingClothNarrow02,STAT,1916.320923,1979.566895,607.486206,228.3357
MFC2025_EndAlz_Conspiracy.esm,0F002992,0F002993,VP25_Bookcase,ACTI,2152.721191,2299.431885,674.690186,243.4384
MFC2025_EndAlz_Conspiracy.esm,0F002996,0F002998,VP25_LiquorCabinet,ACTI,2023.213745,2211.758057,647.886963,243.4384
MFC2025_EndAlz_Conspiracy.esm,0F00299B,0019D592,MrHandyMaintenance,IDLM,2032.345703,2127.815430,606.971558,296.9747
MFC2025_EndAlz_Conspiracy.esm,0F00299C,001538D9,MrHandyWeldingRightArm,IDLM,2121.754883,1913.559204,607.640808,160.4283
MFC2025_EndAlz_Conspiracy.esm,0F00299D,0006AAC4,MrHandyPatrolIdleMarker,IDLM,2203.922607,2241.787354,613.411743,0.0000
MFC2025_EndAlz_Conspiracy.esm,0F00299E,0006AAC4,MrHandyPatrolIdleMarker,IDLM,2418.330811,2163.780762,613.411743,74.4845
MFC2025_EndAlz_Conspiracy.esm,0F00299F,0006AAC4,MrHandyPatrolIdleMarker,IDLM,1811.879883,1914.609863,601.937927,22.9183
MFC2025_EndAlz_Conspiracy.esm,0F0029A0,0001968A,HandySinkMarker,FURN,2426.726807,2298.321045,627.480225,64.4578
MFC2025_EndAlz_Conspiracy.esm,0F0029A1,0F002845,VP25_LeafyBasket,STAT,1982.099243,1819.204224,674.703735,182.3832
MFC2025_EndAlz_Conspiracy.esm,0F0029A2,000C9A89,PrewarBookSingle03,STAT,1949.804443,1817.352661,678.155945,270.0001
MFC2025_EndAlz_Conspiracy.esm,0F0029A3,000C9A8E,PrewarBookSingle08,STAT,1949.804443,1817.352661,681.714722,270.0001
MFC2025_EndAlz_Conspiracy.esm,0F0029A4,00139F59,defaultLightWarm01NSGoboLamp,LIGH,1943.604370,1797.149170,707.398804,89.9999
MFC2025_EndAlz_Conspiracy.esm,0F0029A6,0F0029A5,VP25_EyeGlasses,STAT,1937.471069,1817.723267,676.300720,314.1635
MFC2025_EndAlz_Conspiracy.esm,0F0029A7,0F0028F4,VP25_InstituteTrashCan01,CONT,2210.214111,2334.210205,616.753296,326.5860
MFC2025_EndAlz_Conspiracy.esm,0F0029A9,0F0029A8,VP25_Trunk,CONT,2006.557251,1915.910767,607.091431,250.5080
MFC2025_EndAlz_Conspiracy.esm,0F0029AA,0F002892,VP25_Wine02,STAT,1705.061401,2093.950195,636.906067,6.6930
MFC2025_EndAlz_Conspiracy.esm,0F0029AB,0F0027F5,VP25_DrinkingGlass,STAT,1712.328369,2090.087158,636.906067,0.0000
MFC2025_EndAlz_Conspiracy.esm,0F0029AC,000C9A85,PrewarBookStackSm03,STAT,1709.715820,2078.908447,644.087830,89.9714
MFC2025_EndAlz_Conspiracy.esm,0F0029AD,0F002803,VP25_CoffeeMug,STAT,1790.067505,2108.717285,664.570923,91.6734
MFC2025_EndAlz_Conspiracy.esm,0F0029AE,0F0029AF,VP25_CoffeePot,STAT,1792.829102,2124.031738,664.570923,91.6734
MFC2025_EndAlz_Conspiracy.esm,0F0029B0,0F0029B1,VP25_DocumentPile,STAT,1690.804199,1970.373535,659.621338,194.8057
MFC2025_EndAlz_Conspiracy.esm,0F0029B3,0001CC62,PictureFrame03,STAT,1645.084229,1977.833984,728.768188,246.4342
MFC2025_EndAlz_Conspiracy.esm,0F0029B4,000F92E6,PictureFrame07,STAT,1688.071167,1886.287720,740.018799,244.9619
MFC2025_EndAlz_Conspiracy.esm,0F0029B5,0006533B,VltXmasLightsLine02DoubleDip,STAT,2134.397949,1871.629150,793.253784,336.7950
MFC2025_EndAlz_Conspiracy.esm,0F0029B6,0006533B,VltXmasLightsLine02DoubleDip,STAT,2591.630615,2085.763184,789.609985,154.0685
MFC2025_EndAlz_Conspiracy.esm,0F0029B7,00065345,VltXmasLightsLine04Half,STAT,2027.619507,1817.127563,793.253784,333.3000
MFC2025_EndAlz_Conspiracy.esm,0F0029B8,0006533B,VltXmasLightsLine02DoubleDip,STAT,1768.973999,2118.136963,790.015564,335.4776
MFC2025_EndAlz_Conspiracy.esm,0F0029B9,00065345,VltXmasLightsLine04Half,STAT,2358.376953,2416.577881,793.253784,154.8809
MFC2025_EndAlz_Conspiracy.esm,0F0029BA,00065345,VltXmasLightsLine04Half,STAT,2128.687012,2299.370117,793.253784,332.4979
MFC2025_EndAlz_Conspiracy.esm,0F0029BB,00065345,VltXmasLightsLine04Half,STAT,2013.307739,2233.385254,792.219604,335.9929
MFC2025_EndAlz_Conspiracy.esm,0F0029BC,00065345,VltXmasLightsLine04Half,STAT,1631.001099,2050.422363,791.164734,335.9929
MFC2025_EndAlz_Conspiracy.esm,0F0029BD,0006533C,VltXmasLightsLine01,STAT,1787.668823,1708.582886,793.077209,333.3000
MFC2025_EndAlz_Conspiracy.esm,0F0029BE,00249EAB,workshop_SignGenLiqours02,STAT,2311.831299,2300.712402,669.087524,64.6987
MFC2025_EndAlz_Conspiracy.esm,0F002A04,0F002A08,VP25_HitExtAWindowC01,STAT,2421.996094,1959.821899,621.623291,154.6986
MFC2025_EndAlz_Conspiracy.esm,0F002A05,0F002A08,VP25_HitExtAWindowC01,STAT,2243.977539,1875.076782,619.469482,154.6986
MFC2025_EndAlz_Conspiracy.esm,0F002A06,0F002A08,VP25_HitExtAWindowC01,STAT,1987.468994,1752.841919,619.666382,154.6986
MFC2025_EndAlz_Conspiracy.esm,0F002A07,0F002A08,VP25_HitExtAWindowC01,STAT,1876.628052,1699.830933,619.666382,154.6986
MFC2025_EndAlz_Conspiracy.esm,0F002A0A,0F002A08,VP25_HitExtAWindowC01,STAT,1669.169678,2132.051514,619.666382,334.6986
MFC2025_EndAlz_Conspiracy.esm,0F002A0B,0F002A08,VP25_HitExtAWindowC01,STAT,1780.010742,2185.062500,619.666382,334.6986
MFC2025_EndAlz_Conspiracy.esm,0F002A0C,0F002A08,VP25_HitExtAWindowC01,STAT,2039.155151,2307.162109,618.916443,334.6986
MFC2025_EndAlz_Conspiracy.esm,0F002A0D,0F002A08,VP25_HitExtAWindowC01,STAT,2220.760742,2393.504639,622.701965,334.6986
MFC2025_EndAlz_Conspiracy.esm,0F002752,001B19B8,MrHandyGardening,IDLM,2130.510254,2209.531738,609.365601,324.0761
MFC2025_EndAlz_Conspiracy.esm,0F002753,0014DD59,MrHandyPatrolIdleMarkerSandboxable,IDLM,2247.477051,2141.039551,615.992126,103.1324
MFC2025_EndAlz_Conspiracy.esm,0F002754,001ACBFA,MrHandyWeldingLeftArm,IDLM,2115.185791,2181.159668,604.238159,338.7550
MFC2025_EndAlz_Conspiracy.esm,0F002780,0011684E,SubDoor02LeftLoad,DOOR,2101.101318,1840.415039,604.584778,334.1830
MFC2025_EndAlz_Conspiracy.esm,0F002885,00144A63,NPCBartender,FURN,2394.219238,2308.384033,622.363586,244.6987
MFC2025_EndAlz_Conspiracy.esm,0F002886,0021CA9F,Decal_moss8,TXST,2073.379639,1884.774414,610.016602,0.0000
MFC2025_EndAlz_Conspiracy.esm,0F002887,00214284,Decal_moss5,TXST,2304.927246,2328.977783,593.445374,64.6987
MFC2025_EndAlz_Conspiracy.esm,0F0028CE,00000034,XMarkerHeading,STAT,2420.725586,2311.406982,631.819458,246.2451
MFC2025_EndAlz_Conspiracy.esm,0F002906,000001F7,LightBox,STAT,1747.975098,1909.332031,718.744934,89.9999
MFC2025_EndAlz_Conspiracy.esm,0F002928,00061897,DecalGrossStain05,TXST,2327.483643,2351.549072,715.639832,179.9999
MFC2025_EndAlz_Conspiracy.esm,0F002929,00028A4B,PuddleTownDecalSmall,TXST,2369.648438,2277.183350,723.325378,0.0000
MFC2025_EndAlz_Conspiracy.esm,0F00292F,00028A4B,PuddleTownDecalSmall,TXST,2506.889404,2334.926270,732.701050,180.0000
MFC2025_EndAlz_Conspiracy.esm,0F002931,00028A36,PuddleTownDecalMed,TXST,2437.627441,2363.776123,654.943726,0.0000
MFC2025_EndAlz_Conspiracy.esm,0F002994,0F002995,VP25_BookcaseCONT,CONT,2042.266968,2595.697266,650.775757,319.8930
MFC2025_EndAlz_Conspiracy.esm,0F002997,0F002999,VP25_LiquorCabinetCONT,CONT,1924.334106,2521.372803,650.775757,319.8930
MFC2025_EndAlz_Conspiracy.esm,0F002746,00000034,XMarkerHeading,STAT,2210.824219,1959.535156,620.342957,288.2658
MFC2025_EndAlz_Conspiracy.esm,0F002747,00000034,XMarkerHeading,STAT,2165.824463,2154.803711,604.238159,359.0369
MFC2025_EndAlz_Conspiracy.esm,0F002749,0F002748,VP25_ACTI_ToggleButlerButton,ACTI,2177.960938,1881.590454,695.441589,154.6986
MFC2025_EndAlz_Conspiracy.esm,0F0020BA,0F0020B7,VP25_VisitUFOCrashSiteTriggerInterior,ACTI,1828.777344,2429.097656,2829.571045,0.0000
MFC2025_EndAlz_Conspiracy.esm,0F0020C0,0003251F,DefaultSetStageTriggerPlayerOnly,ACTI,1744.727051,2555.098145,2947.099121,0.0000
MFC2025_EndAlz_Conspiracy.esm,0F0020BF,0F0020BE,VP25_Quest4_AlienDoodad,MISC,2196.440674,2350.569580,2843.990723,0.0000
MFC2025_EndAlz_Conspiracy.esm,0F00259A,00000032,COCMarkerHeading,STAT,0.000000,-1281.100342,0.000000,0.0000
MFC2025_EndAlz_Conspiracy.esm,0F00259B,05004AC5,VltWorkShopWIDEHall01,STAT,0.000000,0.000000,0.000000,0.0000
MFC2025_EndAlz_Conspiracy.esm,0F00259C,05004D33,VltWorkShopWIDEHallEnd01HVAC,STAT,0.000000,-1280.000000,0.000000,180.0000
MFC2025_EndAlz_Conspiracy.esm,0F00259D,05004AC5,VltWorkShopWIDEHall01,STAT,0.000000,512.000000,0.000000,0.0000
MFC2025_EndAlz_Conspiracy.esm,0F00259E,05004AC5,VltWorkShopWIDEHall01,STAT,0.000000,1024.000000,0.000000,0.0000
MFC2025_EndAlz_Conspiracy.esm,0F00259F,05004F5E,VltWorkShopWIDEHallCorner01,STAT,0.000000,1536.000000,0.000000,0.0000
MFC2025_EndAlz_Conspiracy.esm,0F0025A0,05004AC5,VltWorkShopWIDEHall01,STAT,-512.000000,1536.000000,0.000000,90.0000
MFC2025_EndAlz_Conspiracy.esm,0F0025A1,05004D33,VltWorkShopWIDEHallEnd01HVAC,STAT,-768.000000,1536.000000,0.000000,270.0000
MFC2025_EndAlz_Conspiracy.esm,0F0025A2,01001139,MacMechBioJar03,MSTT,-91.350800,423.433044,6.684791,0.0000
MFC2025_EndAlz_Conspiracy.esm,0F0025A5,0F0025A3,VP25_Dungeon02_DeadM01,NPC_,-86.749542,424.420959,85.301430,90.0000
MFC2025_EndAlz_Conspiracy.esm,0F0025A6,001832F6,EncMolerat02,NPC_,-94.190857,549.603882,64.484703,83.0722
MFC2025_EndAlz_Conspiracy.esm,0F0025A7,001203F9,InstituteTerrarium01Base01,STAT,-91.350845,807.432983,-17.079845,0.0000
MFC2025_EndAlz_Conspiracy.esm,0F0025A8,001203F9,InstituteTerrarium01Base01,STAT,-91.350845,679.432983,-17.079845,0.0000
MFC2025_EndAlz_Conspiracy.esm,0F0025A9,001203F9,InstituteTerrarium01Base01,STAT,-91.350845,295.433014,-17.079845,0.0000
MFC2025_EndAlz_Conspiracy.esm,0F0025AA,001203F9,InstituteTerrarium01Base01,STAT,-91.350845,935.432983,-17.079845,0.0000
MFC2025_EndAlz_Conspiracy.esm,0F0025AB,01001138,MacMechBioJar02,MSTT,-91.350800,295.433014,6.684791,0.0000
MFC2025_EndAlz_Conspiracy.esm,0F0025AD,0F0025AC,VP25_Dungeon02_DeadM2,NPC_,-91.088013,680.911438,83.947517,103.1324
MFC2025_EndAlz_Conspiracy.esm,0F0025AE,001203F9,InstituteTerrarium01Base01,STAT,-91.350845,1063.432983,-17.079845,0.0000
MFC2025_EndAlz_Conspiracy.esm,0F0025AF,01001139,MacMechBioJar03,MSTT,-91.350800,807.432983,6.684791,0.0000
MFC2025_EndAlz_Conspiracy.esm,0F0025B0,0100113A,MacMechBioJar04,MSTT,-91.350800,935.432983,6.684791,0.0000
MFC2025_EndAlz_Conspiracy.esm,0F0025B1,01003657,Mechanical_FloorDrain02,STAT,3.021417,-1282.885132,0.000190,0.0000
MFC2025_EndAlz_Conspiracy.esm,0F0025B2,0017E8F0,Vault_HologramProjector,STAT,-100.397118,-1383.394775,0.000019,44.9994
MFC2025_EndAlz_Conspiracy.esm,0F0025B3,0017E8F0,Vault_HologramProjector,STAT,0.069574,-1425.009521,0.000122,0.0000
MFC2025_EndAlz_Conspiracy.esm,0F0025B4,0017E8F0,Vault_HologramProjector,STAT,100.536232,-1383.395020,0.000233,314.9994
MFC2025_EndAlz_Conspiracy.esm,0F0025B5,0017E8F0,Vault_HologramProjector,STAT,142.150940,-1282.928223,0.000252,270.0001
MFC2025_EndAlz_Conspiracy.esm,0F0025B6,0017E8F0,Vault_HologramProjector,STAT,100.536354,-1182.461670,0.000164,224.9994
MFC2025_EndAlz_Conspiracy.esm,0F0025B7,0017E8F0,Vault_HologramProjector,STAT,0.069665,-1140.846924,0.000061,180.0001
MFC2025_EndAlz_Conspiracy.esm,0F0025B8,0017E8F0,Vault_HologramProjector,STAT,-100.396996,-1182.461426,-0.000023,134.9994
MFC2025_EndAlz_Conspiracy.esm,0F0025B9,0017E8F0,Vault_HologramProjector,STAT,-142.011688,-1282.928223,-0.000068,90.0000
MFC2025_EndAlz_Conspiracy.esm,0F0025BA,01003657,Mechanical_FloorDrain02,STAT,-758.920288,1537.747192,0.000180,0.0000
MFC2025_EndAlz_Conspiracy.esm,0F0025BB,0017E8F0,Vault_HologramProjector,STAT,-862.338806,1437.237549,0.000004,44.9994
MFC2025_EndAlz_Conspiracy.esm,0F0025BC,0017E8F0,Vault_HologramProjector,STAT,-761.872131,1395.622803,0.000214,0.0000
MFC2025_EndAlz_Conspiracy.esm,0F0025BD,0017E8F0,Vault_HologramProjector,STAT,-661.405457,1437.237305,0.000240,314.9994
MFC2025_EndAlz_Conspiracy.esm,0F0025BE,0017E8F0,Vault_HologramProjector,STAT,-619.790771,1537.704102,0.000222,270.0001
MFC2025_EndAlz_Conspiracy.esm,0F0025BF,0017E8F0,Vault_HologramProjector,STAT,-661.405334,1638.170654,0.000149,224.9994
MFC2025_EndAlz_Conspiracy.esm,0F0025C0,0017E8F0,Vault_HologramProjector,STAT,-761.872131,1679.785400,-0.000061,180.0001
MFC2025_EndAlz_Conspiracy.esm,0F0025C1,0017E8F0,Vault_HologramProjector,STAT,-862.338684,1638.170776,-0.000160,134.9994
MFC2025_EndAlz_Conspiracy.esm,0F0025C2,0017E8F0,Vault_HologramProjector,STAT,-903.953369,1537.704102,-0.000069,90.0000
MFC2025_EndAlz_Conspiracy.esm,0F0025C3,0F00254F,VP25_Key_AlienCardBlue,KEYM,-413.324066,1444.810547,75.507858,180.0000
MFC2025_EndAlz_Conspiracy.esm,0F0025C4,001405B0,ConsoleCabDrawerMid02,STAT,-414.457642,1417.658203,31.089302,180.0000
MFC2025_EndAlz_Conspiracy.esm,0F0025C5,000D8555,defaultLightCool02NSNonSpec,LIGH,-411.142700,1445.267578,89.902061,0.0000
MFC2025_EndAlz_Conspiracy.esm,0F0025C6,0F0026FA,VP25_AlienNoSmoking,STAT,-413.415405,1432.000000,80.896599,0.0000
MFC2025_EndAlz_Conspiracy.esm,0F0025C7,0F0026FA,VP25_AlienNoSmoking,STAT,-415.594452,1433.332764,89.095863,0.0000
MFC2025_EndAlz_Conspiracy.esm,0F0025CE,001203F9,InstituteTerrarium01Base01,STAT,-91.350845,1191.432983,-19.550001,0.0000
MFC2025_EndAlz_Conspiracy.esm,0F0025CF,0100114D,MacMechBioJar05,MSTT,-91.350800,1063.432983,6.684791,0.0000
MFC2025_EndAlz_Conspiracy.esm,0F0025D0,01001139,MacMechBioJar03,MSTT,-91.350800,1191.432983,6.684791,0.0000
MFC2025_EndAlz_Conspiracy.esm,0F0025D1,001203F9,InstituteTerrarium01Base01,STAT,89.386879,1191.432983,-20.012371,0.0000
MFC2025_EndAlz_Conspiracy.esm,0F0025D2,0100113A,MacMechBioJar04,MSTT,89.386925,1191.432983,12.545708,256.8677
MFC2025_EndAlz_Conspiracy.esm,0F0025D3,001203F9,InstituteTerrarium01Base01,STAT,89.386879,1063.432983,-17.079845,0.0000
MFC2025_EndAlz_Conspiracy.esm,0F0025D4,001203F9,InstituteTerrarium01Base01,STAT,89.386879,935.432983,-17.079845,0.0000
MFC2025_EndAlz_Conspiracy.esm,0F0025D5,0100113A,MacMechBioJar04,MSTT,89.386925,935.432983,6.684791,337.0817
MFC2025_EndAlz_Conspiracy.esm,0F0025D6,001203F9,InstituteTerrarium01Base01,STAT,89.386879,807.432983,-21.574657,0.0000
MFC2025_EndAlz_Conspiracy.esm,0F0025D7,01001139,MacMechBioJar03,MSTT,89.386925,807.432983,6.684791,0.0000
MFC2025_EndAlz_Conspiracy.esm,0F0025D8,001203F9,InstituteTerrarium01Base01,STAT,89.386879,679.432983,-17.079845,0.0000
MFC2025_EndAlz_Conspiracy.esm,0F0025D9,0100114D,MacMechBioJar05,MSTT,89.386925,679.432983,6.684791,337.0817
MFC2025_EndAlz_Conspiracy.esm,0F0025DA,001203F9,InstituteTerrarium01Base01,STAT,89.386879,551.432983,-25.786459,0.0000
MFC2025_EndAlz_Conspiracy.esm,0F0025DB,01001138,MacMechBioJar02,MSTT,89.386925,551.432983,9.917297,0.0000
MFC2025_EndAlz_Conspiracy.esm,0F0025DC,001203F9,InstituteTerrarium01Base01,STAT,89.386879,423.433014,-17.079845,0.0000
MFC2025_EndAlz_Conspiracy.esm,0F0025DD,01001138,MacMechBioJar02,MSTT,89.386925,423.433044,6.684791,0.0000
MFC2025_EndAlz_Conspiracy.esm,0F0025DE,001203F9,InstituteTerrarium01Base01,STAT,89.386902,295.433014,-17.079845,0.0000
MFC2025_EndAlz_Conspiracy.esm,0F0025DF,0100113A,MacMechBioJar04,MSTT,89.386902,295.433014,6.684791,0.0000
MFC2025_EndAlz_Conspiracy.esm,0F0025E0,000475DF,EncRadRoach,NPC_,87.016556,423.284302,50.191368,187.1339
MFC2025_EndAlz_Conspiracy.esm,0F0025E2,0F0025E1,VP25_Dungeon02_DeadF1,NPC_,82.284149,551.150696,56.518600,284.2723
MFC2025_EndAlz_Conspiracy.esm,0F0025E3,000E27BE,BabyActivator,ACTI,-93.845818,296.628235,23.186266,103.1325
MFC2025_EndAlz_Conspiracy.esm,0F0025E4,02000EBA,DLC02EncFeralGhoulGlowing01,NPC_,89.641838,297.766418,54.333130,248.7549
MFC2025_EndAlz_Conspiracy.esm,0F0025E5,001203F9,InstituteTerrarium01Base01,STAT,-91.350845,423.433014,-17.079845,0.0000
MFC2025_EndAlz_Conspiracy.esm,0F0025E6,001203F9,InstituteTerrarium01Base01,STAT,-91.350845,551.432983,-17.079845,0.0000
MFC2025_EndAlz_Conspiracy.esm,0F0025E7,01001138,MacMechBioJar02,MSTT,-91.350800,551.432983,12.271304,0.0000
MFC2025_EndAlz_Conspiracy.esm,0F0025E9,0F0025E8,VP25_Dungeon02_DeadM3,NPC_,87.913269,800.602234,79.555740,180.0000
MFC2025_EndAlz_Conspiracy.esm,0F0025EA,00090C30,LawnFlamingo,MSTT,85.639137,930.828735,0.000000,0.0000
MFC2025_EndAlz_Conspiracy.esm,0F0025EB,001ADB52,BrotherhoodDog,NPC_,-95.857811,941.998169,29.564100,0.0000
MFC2025_EndAlz_Conspiracy.esm,0F0025ED,0F0025EC,VP25_Dungeon02_DeadM4,NPC_,-91.019920,1190.625122,81.749100,93.3991
MFC2025_EndAlz_Conspiracy.esm,0F0025EF,0F0025EE,VP25_Dungeon02_DeadF2,NPC_,82.988754,1182.775024,76.500046,201.7026
MFC2025_EndAlz_Conspiracy.esm,0F0025F0,01001139,MacMechBioJar03,MSTT,-91.350800,679.432983,6.684791,0.0000
MFC2025_EndAlz_Conspiracy.esm,0F0025F1,0002B8F4,DecalMetal01,STAT,-75.458038,358.507355,-0.000008,0.0000
MFC2025_EndAlz_Conspiracy.esm,0F0025F2,01003658,Mechanical_Metal01,STAT,-2.354777,238.141357,-52.955311,0.0000
MFC2025_EndAlz_Conspiracy.esm,0F0025F3,01004F2B,DLC01RoboBrainHead,STAT,0.000000,712.000000,216.000000,0.0000
MFC2025_EndAlz_Conspiracy.esm,0F0025F5,0F0025F4,VP25_Dungeon01_CeilingGlobe_SCOL,SCOL,0.000000,704.000000,240.000000,0.0000
MFC2025_EndAlz_Conspiracy.esm,0F0025F6,0F0025F4,VP25_Dungeon01_CeilingGlobe_SCOL,SCOL,0.000000,960.000000,240.000000,0.0000
MFC2025_EndAlz_Conspiracy.esm,0F0025F7,0F0025F4,VP25_Dungeon01_CeilingGlobe_SCOL,SCOL,0.000000,1216.000000,240.000000,0.0000
MFC2025_EndAlz_Conspiracy.esm,0F0025F8,0F0025F4,VP25_Dungeon01_CeilingGlobe_SCOL,SCOL,0.000000,448.000000,240.000000,0.0000
MFC2025_EndAlz_Conspiracy.esm,0F0025F9,0F0025F4,VP25_Dungeon01_CeilingGlobe_SCOL,SCOL,0.000000,192.000000,240.000000,0.0000
MFC2025_EndAlz_Conspiracy.esm,0F0025FA,0F0025F4,VP25_Dungeon01_CeilingGlobe_SCOL,SCOL,0.000000,-64.000000,240.000000,0.0000
MFC2025_EndAlz_Conspiracy.esm,0F0025FB,0F0025F4,VP25_Dungeon01_CeilingGlobe_SCOL,SCOL,0.000000,-320.000000,240.000000,0.0000
MFC2025_EndAlz_Conspiracy.esm,0F0025FC,001203F9,InstituteTerrarium01Base01,STAT,-91.350845,167.432999,-14.707952,0.0000
MFC2025_EndAlz_Conspiracy.esm,0F0025FD,001203F9,InstituteTerrarium01Base01,STAT,-91.350845,39.432999,-17.079845,0.0000
MFC2025_EndAlz_Conspiracy.esm,0F0025FE,001203F9,InstituteTerrarium01Base01,STAT,-91.350845,-88.567001,-17.079845,45.0000
MFC2025_EndAlz_Conspiracy.esm,0F0025FF,001203F9,InstituteTerrarium01Base01,STAT,-91.350845,-216.567001,-17.079845,0.0000
MFC2025_EndAlz_Conspiracy.esm,0F002600,001203F9,InstituteTerrarium01Base01,STAT,-91.350845,-344.566986,-17.079845,0.0000
MFC2025_EndAlz_Conspiracy.esm,0F002601,001203F9,InstituteTerrarium01Base01,STAT,89.386902,167.432999,-16.157534,0.0000
MFC2025_EndAlz_Conspiracy.esm,0F002602,001203F9,InstituteTerrarium01Base01,STAT,89.386902,39.432999,-17.079845,0.0000
MFC2025_EndAlz_Conspiracy.esm,0F002603,001203F9,InstituteTerrarium01Base01,STAT,89.386902,-88.567001,-8.314019,0.0000
MFC2025_EndAlz_Conspiracy.esm,0F002604,001203F9,InstituteTerrarium01Base01,STAT,89.386902,-216.567001,-17.079845,0.0000
MFC2025_EndAlz_Conspiracy.esm,0F002605,001203F9,InstituteTerrarium01Base01,STAT,89.386902,-344.566986,-17.079845,0.0000
MFC2025_EndAlz_Conspiracy.esm,0F002606,01001137,MacMechBioJar01,MSTT,-91.350800,168.000000,8.000000,0.0000
MFC2025_EndAlz_Conspiracy.esm,0F002607,01001139,MacMechBioJar03,MSTT,-91.350800,40.000000,8.000000,0.0000
MFC2025_EndAlz_Conspiracy.esm,0F002608,01001137,MacMechBioJar01,MSTT,-91.350800,-88.567001,8.000000,0.0000
MFC2025_EndAlz_Conspiracy.esm,0F002609,01001139,MacMechBioJar03,MSTT,-91.350800,-216.567001,8.000000,0.0000
MFC2025_EndAlz_Conspiracy.esm,0F00260A,001203F9,InstituteTerrarium01Base01,STAT,-91.350845,-88.567001,226.675888,45.0000
MFC2025_EndAlz_Conspiracy.esm,0F00260B,001203F9,InstituteTerrarium01Base01,STAT,-91.350845,167.432999,225.554932,0.0000
MFC2025_EndAlz_Conspiracy.esm,0F00260C,01001139,MacMechBioJar03,MSTT,-91.350800,-344.185852,8.000000,0.0000
MFC2025_EndAlz_Conspiracy.esm,0F00260D,01001137,MacMechBioJar01,MSTT,88.427948,168.000000,8.000000,0.0000
MFC2025_EndAlz_Conspiracy.esm,0F00260E,001203F9,InstituteTerrarium01Base01,STAT,89.386902,167.432999,226.418976,180.0000
MFC2025_EndAlz_Conspiracy.esm,0F00260F,01001137,MacMechBioJar01,MSTT,89.355774,-88.567001,8.000000,0.0000
MFC2025_EndAlz_Conspiracy.esm,0F002610,001203F9,InstituteTerrarium01Base01,STAT,89.386902,-88.567001,226.646057,180.0000
MFC2025_EndAlz_Conspiracy.esm,0F002611,01001137,MacMechBioJar01,MSTT,89.355774,39.834717,8.000000,0.0000
MFC2025_EndAlz_Conspiracy.esm,0F002612,001203F9,InstituteTerrarium01Base01,STAT,89.386902,39.432999,228.213135,180.0000
MFC2025_EndAlz_Conspiracy.esm,0F002613,01001139,MacMechBioJar03,MSTT,91.092911,-216.567001,8.000000,0.0000
MFC2025_EndAlz_Conspiracy.esm,0F002614,01001139,MacMechBioJar03,MSTT,90.532211,-344.185852,8.000000,0.0000
MFC2025_EndAlz_Conspiracy.esm,0F002615,05004AC5,VltWorkShopWIDEHall01,STAT,0.000000,-512.000000,0.000000,0.0000
MFC2025_EndAlz_Conspiracy.esm,0F002616,05004AC5,VltWorkShopWIDEHall01,STAT,0.000000,-1024.000000,0.000000,0.0000
MFC2025_EndAlz_Conspiracy.esm,0F002617,0F0025F4,VP25_Dungeon01_CeilingGlobe_SCOL,SCOL,0.000000,-1344.000000,240.000000,0.0000
MFC2025_EndAlz_Conspiracy.esm,0F002618,0F0025F4,VP25_Dungeon01_CeilingGlobe_SCOL,SCOL,0.000000,-576.000000,240.000000,0.0000
MFC2025_EndAlz_Conspiracy.esm,0F002619,0F0025F4,VP25_Dungeon01_CeilingGlobe_SCOL,SCOL,0.000000,-832.000000,240.000000,0.0000
MFC2025_EndAlz_Conspiracy.esm,0F00261A,0F0025F4,VP25_Dungeon01_CeilingGlobe_SCOL,SCOL,0.000000,-1088.000000,240.000000,0.0000
MFC2025_EndAlz_Conspiracy.esm,0F00261B,001203F9,InstituteTerrarium01Base01,STAT,-91.350845,-472.566986,-17.079845,0.0000
MFC2025_EndAlz_Conspiracy.esm,0F00261C,001203F9,InstituteTerrarium01Base01,STAT,-91.350845,-600.567017,-17.079845,0.0000
MFC2025_EndAlz_Conspiracy.esm,0F00261D,001203F9,InstituteTerrarium01Base01,STAT,-91.350845,-728.567017,-17.079845,0.0000
MFC2025_EndAlz_Conspiracy.esm,0F00261E,001203F9,InstituteTerrarium01Base01,STAT,-91.350845,-856.567017,-17.079845,0.0000
MFC2025_EndAlz_Conspiracy.esm,0F00261F,001203F9,InstituteTerrarium01Base01,STAT,-91.350845,-984.567017,-17.079845,0.0000
MFC2025_EndAlz_Conspiracy.esm,0F002620,001203F9,InstituteTerrarium01Base01,STAT,-91.350845,-1112.567017,-17.079845,0.0000
MFC2025_EndAlz_Conspiracy.esm,0F002621,001203F9,InstituteTerrarium01Base01,STAT,89.386902,-472.566986,-17.079845,0.0000
MFC2025_EndAlz_Conspiracy.esm,0F002622,001203F9,InstituteTerrarium01Base01,STAT,89.386902,-600.567017,-17.079845,0.0000
MFC2025_EndAlz_Conspiracy.esm,0F002623,001203F9,InstituteTerrarium01Base01,STAT,89.386902,-728.567017,-17.079845,0.0000
MFC2025_EndAlz_Conspiracy.esm,0F002624,001203F9,InstituteTerrarium01Base01,STAT,89.386902,-856.567017,-17.079845,0.0000
MFC2025_EndAlz_Conspiracy.esm,0F002625,001203F9,InstituteTerrarium01Base01,STAT,89.386902,-984.567017,-17.079845,0.0000
MFC2025_EndAlz_Conspiracy.esm,0F002626,001203F9,InstituteTerrarium01Base01,STAT,89.386902,-1112.567017,-17.079845,0.0000
MFC2025_EndAlz_Conspiracy.esm,0F002627,01001137,MacMechBioJar01,MSTT,89.355774,-472.566986,8.000000,0.0000
MFC2025_EndAlz_Conspiracy.esm,0F002628,01001137,MacMechBioJar01,MSTT,89.355774,-600.567017,8.000000,0.0000
MFC2025_EndAlz_Conspiracy.esm,0F002629,01001137,MacMechBioJar01,MSTT,89.355774,-856.567017,8.000000,0.0000
MFC2025_EndAlz_Conspiracy.esm,0F00262A,01001137,MacMechBioJar01,MSTT,89.355774,-984.567017,8.000000,0.0000
MFC2025_EndAlz_Conspiracy.esm,0F00262B,01001137,MacMechBioJar01,MSTT,89.355774,-728.567017,8.000000,0.0000
MFC2025_EndAlz_Conspiracy.esm,0F00262C,0100114D,MacMechBioJar05,MSTT,89.355774,-1112.567017,8.000000,0.0000
MFC2025_EndAlz_Conspiracy.esm,0F00262D,001203F9,InstituteTerrarium01Base01,STAT,89.386902,-472.566986,222.848206,180.0000
MFC2025_EndAlz_Conspiracy.esm,0F00262E,001203F9,InstituteTerrarium01Base01,STAT,89.386902,-600.567017,226.121796,180.0000
MFC2025_EndAlz_Conspiracy.esm,0F00262F,001203F9,InstituteTerrarium01Base01,STAT,89.386902,-728.567017,226.121796,180.0000
MFC2025_EndAlz_Conspiracy.esm,0F002630,001203F9,InstituteTerrarium01Base01,STAT,89.386902,-856.567017,226.121796,180.0000
MFC2025_EndAlz_Conspiracy.esm,0F002631,001203F9,InstituteTerrarium01Base01,STAT,89.386902,-984.567017,226.121796,180.0000
MFC2025_EndAlz_Conspiracy.esm,0F002632,001203F9,InstituteTerrarium01Base01,STAT,89.386902,-1240.567017,226.121796,180.0000
MFC2025_EndAlz_Conspiracy.esm,0F002633,01001137,MacMechBioJar01,MSTT,-91.350800,-472.566986,8.000000,0.0000
MFC2025_EndAlz_Conspiracy.esm,0F002634,01001137,MacMechBioJar01,MSTT,-91.350800,-600.567017,8.000000,0.0000
MFC2025_EndAlz_Conspiracy.esm,0F002635,01001137,MacMechBioJar01,MSTT,-91.350800,-728.567017,8.000000,0.0000
MFC2025_EndAlz_Conspiracy.esm,0F002636,01001137,MacMechBioJar01,MSTT,-91.350800,-856.567017,8.000000,0.0000
MFC2025_EndAlz_Conspiracy.esm,0F002637,01001137,MacMechBioJar01,MSTT,-91.350800,-984.567017,8.000000,0.0000
MFC2025_EndAlz_Conspiracy.esm,0F002638,01001137,MacMechBioJar01,MSTT,-91.350800,-1112.567017,8.000000,0.0000
MFC2025_EndAlz_Conspiracy.esm,0F002639,001203F9,InstituteTerrarium01Base01,STAT,-91.350845,-472.566986,226.675888,45.0000
MFC2025_EndAlz_Conspiracy.esm,0F00263A,001203F9,InstituteTerrarium01Base01,STAT,-91.350845,-600.567017,226.675888,45.0000
MFC2025_EndAlz_Conspiracy.esm,0F00263B,001203F9,InstituteTerrarium01Base01,STAT,-91.350845,-728.567017,226.675888,45.0000
MFC2025_EndAlz_Conspiracy.esm,0F00263C,001203F9,InstituteTerrarium01Base01,STAT,-91.350845,-856.567017,226.675888,45.0000
MFC2025_EndAlz_Conspiracy.esm,0F00263D,001203F9,InstituteTerrarium01Base01,STAT,-91.350845,-1112.567017,226.675888,45.0000
MFC2025_EndAlz_Conspiracy.esm,0F00263E,001203F9,InstituteTerrarium01Base01,STAT,-91.350845,-984.567017,226.675888,45.0000
MFC2025_EndAlz_Conspiracy.esm,0F002640,0F00263F,VP25_Dungeon02_DeadM5,NPC_,82.643433,-983.202271,143.180191,270.0000
MFC2025_EndAlz_Conspiracy.esm,0F002642,0F002641,VP25_Dungeon02_DeadM6,NPC_,-91.203056,-987.505066,100.570503,111.2452
MFC2025_EndAlz_Conspiracy.esm,0F002644,0F002643,VP25_Dungeon02_DeadM7,NPC_,80.568413,-858.130188,99.420532,256.8680
MFC2025_EndAlz_Conspiracy.esm,0F002647,0F002645,VP25_Dungeon01_Someone,NPC_,85.003754,169.459641,88.838028,279.7860
MFC2025_EndAlz_Conspiracy.esm,0F002649,010101C1,DLC01RobobrainJunk01,STAT,95.746216,103.826820,0.000000,268.3269
MFC2025_EndAlz_Conspiracy.esm,0F00264A,01004F2C,DLC01RoboBrainHeadNoGlass,STAT,84.944008,-24.828590,-0.000008,314.1635
MFC2025_EndAlz_Conspiracy.esm,0F00264B,0100D86E,DLC01RobobrainHolder,SCOL,-92.088104,480.243713,-0.000008,302.7043
MFC2025_EndAlz_Conspiracy.esm,0F00264D,000E6F82,defaultLightCool03Flicker,LIGH,85.250626,169.247299,163.129868,0.0000
MFC2025_EndAlz_Conspiracy.esm,0F00264E,000E628A,ClothesSunGlasses,ARMO,70.985229,168.670700,149.176193,268.3269
MFC2025_EndAlz_Conspiracy.esm,0F002650,0100725D,DLC01Lair_LaserTripwire,ACTI,-92.349854,229.924484,0.279873,0.0000
MFC2025_EndAlz_Conspiracy.esm,0F002651,001E9926,WorkshopTripwireLaser01,ACTI,156.667465,163.672989,99.722382,270.0000
MFC2025_EndAlz_Conspiracy.esm,0F002652,020009A0,DLC02_TaxidermyDeathclaw,STAT,-2.053562,1679.772705,102.429565,180.0001
MFC2025_EndAlz_Conspiracy.esm,0F002653,001203FB,InstituteTerrarium01Globe01,STAT,-4.884775,1846.666992,100.988953,180.0000
MFC2025_EndAlz_Conspiracy.esm,0F002654,001203F9,InstituteTerrarium01Base01,STAT,-4.884800,1715.627075,100.988998,180.0000
MFC2025_EndAlz_Conspiracy.esm,0F002655,00120677,InstituteTerrarium01BaseTrim01,STAT,-4.884775,1671.947021,100.988976,180.0000
MFC2025_EndAlz_Conspiracy.esm,0F002656,001203F9,InstituteTerrarium01Base01,STAT,-4.884775,1772.880615,100.988968,180.0000
MFC2025_EndAlz_Conspiracy.esm,0F002657,01003656,Mechanical_FloorDrain01,STAT,-4.884800,1669.284424,100.988998,0.0000
MFC2025_EndAlz_Conspiracy.esm,0F002658,000E628A,ClothesSunGlasses,ARMO,-2.034648,1649.582031,101.282051,180.0000
MFC2025_EndAlz_Conspiracy.esm,0F002659,0008E36F,Cigar_Off01,MISC,-2.657299,1629.909546,88.161484,302.7043
MFC2025_EndAlz_Conspiracy.esm,0F00265A,000E6F82,defaultLightCool03Flicker,LIGH,85.250626,-478.875305,163.129868,0.0000
MFC2025_EndAlz_Conspiracy.esm,0F00265C,00045604,Sparks01,MSTT,153.109406,-510.494629,135.122513,180.0000
MFC2025_EndAlz_Conspiracy.esm,0F00265D,00249FE1,SplineSparks02,MSTT,97.358315,-73.345337,0.000000,0.0000
MFC2025_EndAlz_Conspiracy.esm,0F00265E,00045619,SparksUpwards,MSTT,88.704514,808.801758,15.901883,0.0000
MFC2025_EndAlz_Conspiracy.esm,0F00265F,00045604,Sparks01,MSTT,-92.319290,1063.475342,10.443697,0.0000
MFC2025_EndAlz_Conspiracy.esm,0F002660,0100AF2B,DLC01GroundCableBlackThick07,STAT,53.089279,572.364746,-0.000015,268.3269
MFC2025_EndAlz_Conspiracy.esm,0F002661,0100AF19,DLC01GroundCableBlackThin02,STAT,-62.980217,820.799866,0.000008,90.2982
MFC2025_EndAlz_Conspiracy.esm,0F002662,0100AF1E,DLC01GroundCableBlackThin07,STAT,-59.590656,1200.788452,0.000008,0.0000
MFC2025_EndAlz_Conspiracy.esm,0F002663,0100AF36,DLC01GroundCableRedThick05,STAT,-64.905197,924.927368,0.000000,91.6732
MFC2025_EndAlz_Conspiracy.esm,0F002664,0100AF3A,DLC01GroundCableRedThick09,STAT,-65.705391,822.619751,-0.000008,0.0000
MFC2025_EndAlz_Conspiracy.esm,0F002665,0100AF1D,DLC01GroundCableBlackThin06,STAT,60.389534,-76.873833,3.466595,0.0000
MFC2025_EndAlz_Conspiracy.esm,0F002666,0100AF25,DLC01GroundCableBlackThick01,STAT,84.683167,-317.482025,1.278370,0.0000
MFC2025_EndAlz_Conspiracy.esm,0F002667,000560D0,defaultLightCool01NS,LIGH,-17.920149,1629.131226,101.912292,0.0000
MFC2025_EndAlz_Conspiracy.esm,0F002668,000560D0,defaultLightCool01NS,LIGH,12.203304,1629.131226,101.912292,0.0000
MFC2025_EndAlz_Conspiracy.esm,0F002669,0100AF2D,DLC01GroundCableBlackThick09,STAT,-40.042477,424.885742,3.899723,0.0000
MFC2025_EndAlz_Conspiracy.esm,0F00266A,0100AF2A,DLC01GroundCableBlackThick06,STAT,-66.985054,20.901901,8.241627,0.0000
MFC2025_EndAlz_Conspiracy.esm,0F00266B,0100AF46,DLC01GroundCableRedThin08,STAT,-64.000000,-991.000000,4.000000,0.0000
MFC2025_EndAlz_Conspiracy.esm,0F00266C,0100AF18,DLC01GroundCableBlackThin01,STAT,61.000000,-1101.000000,2.000000,313.1634
MFC2025_EndAlz_Conspiracy.esm,0F00266D,00184C51,encAlien,NPC_,-89.153458,813.703918,83.445847,163.9884
MFC2025_EndAlz_Conspiracy.esm,0F00266E,00053738,SCConsoleA16,SCOL,-216.000000,1400.000000,0.000000,90.0001
MFC2025_EndAlz_Conspiracy.esm,0F00266F,00053734,SCConsoleA14,SCOL,-176.000000,1400.000000,0.000000,90.0001
MFC2025_EndAlz_Conspiracy.esm,0F002670,00053713,SCConsoleA09,SCOL,-256.000000,1400.000000,0.000000,90.0001
MFC2025_EndAlz_Conspiracy.esm,0F002671,00053775,SCConsoleB05,SCOL,-128.000000,1400.000000,0.000000,90.0001
MFC2025_EndAlz_Conspiracy.esm,0F002672,00054B50,SCConsoleA01,SCOL,-296.000000,1432.000000,0.000000,270.0001
MFC2025_EndAlz_Conspiracy.esm,0F002673,00053732,SCConsoleA13,SCOL,-336.000000,1400.000000,0.000000,90.0001
MFC2025_EndAlz_Conspiracy.esm,0F002674,00053736,SCConsoleA15,SCOL,-376.000000,1400.000000,0.000000,90.0001
MFC2025_EndAlz_Conspiracy.esm,0F002675,00053743,SCConsoleA21,SCOL,-416.000000,1416.000000,0.000000,90.0001
MFC2025_EndAlz_Conspiracy.esm,0F002676,0005378C,SCConsoleC01,SCOL,-456.000000,1416.000000,0.000000,270.0001
MFC2025_EndAlz_Conspiracy.esm,0F002677,0100D86E,DLC01RobobrainHolder,SCOL,-295.065735,1413.249390,87.000008,0.0000
MFC2025_EndAlz_Conspiracy.esm,0F002678,01004F2B,DLC01RoboBrainHead,STAT,-294.723358,1406.803955,88.000000,0.0000
MFC2025_EndAlz_Conspiracy.esm,0F002679,01004F2B,DLC01RoboBrainHead,STAT,-452.440674,1432.978027,7.789036,0.0000
MFC2025_EndAlz_Conspiracy.esm,0F00267A,01004F2B,DLC01RoboBrainHead,STAT,-139.415070,1387.613159,118.203438,45.0000
MFC2025_EndAlz_Conspiracy.esm,0F00267C,0F00267B,VP25_Dungeon02_FloatingEli,NPC_,82.191872,-87.226433,98.656151,270.0002
MFC2025_EndAlz_Conspiracy.esm,0F00267D,000E6F82,defaultLightCool03Flicker,LIGH,85.250626,-89.981300,163.129868,0.0000
MFC2025_EndAlz_Conspiracy.esm,0F00267E,0008210D,DefaultLightWhite01Flicker,LIGH,0.000000,-1024.000000,30.687164,0.0000
MFC2025_EndAlz_Conspiracy.esm,0F00267F,0008210D,DefaultLightWhite01Flicker,LIGH,0.000000,-512.000000,30.687164,0.0000
MFC2025_EndAlz_Conspiracy.esm,0F002680,0008210D,DefaultLightWhite01Flicker,LIGH,0.000000,0.000000,30.687164,0.0000
MFC2025_EndAlz_Conspiracy.esm,0F002681,0008210D,DefaultLightWhite01Flicker,LIGH,0.000000,512.000000,30.687164,0.0000
MFC2025_EndAlz_Conspiracy.esm,0F002682,0008210D,DefaultLightWhite01Flicker,LIGH,0.000000,1024.000000,30.687164,0.0000
MFC2025_EndAlz_Conspiracy.esm,0F002683,0010CBE0,FXSteamVent01,MSTT,70.595978,-1477.617676,85.930733,0.0000
MFC2025_EndAlz_Conspiracy.esm,0F002684,0010CBE0,FXSteamVent01,MSTT,-70.833603,-1477.617676,85.930733,0.0000
MFC2025_EndAlz_Conspiracy.esm,0F002685,0010CBE0,FXSteamVent01,MSTT,-898.971252,1345.057251,87.562698,0.0000
MFC2025_EndAlz_Conspiracy.esm,0F002686,0010CBE0,FXSteamVent01,MSTT,-898.971252,1730.862793,87.562698,180.0000
MFC2025_EndAlz_Conspiracy.esm,0F002688,00119D24,OBJCookingPotBoilLPMarker,SOUN,87.990692,804.518677,4.328781,0.0000
MFC2025_EndAlz_Conspiracy.esm,0F002689,000F9E2C,AMBWaterExteriorGlowingSeaPoolBubbles2D01LPmarker,SOUN,-91.334045,-983.900513,8.529606,0.0000
MFC2025_EndAlz_Conspiracy.esm,0F00268A,002111F4,DiamondBlueStadium01NS,LIGH,2.162673,-1280.477051,24.912518,0.0000
MFC2025_EndAlz_Conspiracy.esm,0F00268B,000536B9,SCConsoleA03,SCOL,-296.000000,1672.000000,0.000000,90.0001
MFC2025_EndAlz_Conspiracy.esm,0F00268C,00053741,SCConsoleA20,SCOL,-176.000000,1672.000000,0.000000,90.0001
MFC2025_EndAlz_Conspiracy.esm,0F00268D,00053734,SCConsoleA14,SCOL,-216.000000,1672.000000,0.000000,270.0001
MFC2025_EndAlz_Conspiracy.esm,0F00268E,001405BF,ConsolePanA10,STAT,-256.000092,1640.000000,64.000000,0.0001
MFC2025_EndAlz_Conspiracy.esm,0F00268F,001405C6,ConsolePanA17,STAT,-256.000092,1640.000000,40.000000,0.0001
MFC2025_EndAlz_Conspiracy.esm,0F002690,001405B5,ConsoleCabSingle02,STAT,-256.000061,1672.000000,0.000000,0.0001
MFC2025_EndAlz_Conspiracy.esm,0F002691,001405C7,ConsolePanA18,STAT,-256.000092,1640.000000,28.000000,0.0001
MFC2025_EndAlz_Conspiracy.esm,0F002692,001405D0,ConsolePanB08,STAT,-256.000092,1640.000000,112.000000,0.0001
MFC2025_EndAlz_Conspiracy.esm,0F002693,001405D2,ConsolePanB10,STAT,-256.000092,1640.000000,88.000000,0.0001
MFC2025_EndAlz_Conspiracy.esm,0F002694,001405C4,ConsolePanA15,STAT,-256.000092,1640.000000,52.000000,0.0001
MFC2025_EndAlz_Conspiracy.esm,0F002695,001405B9,ConsolePanA04,STAT,-336.000061,1640.000122,64.000000,0.0001
MFC2025_EndAlz_Conspiracy.esm,0F002696,001405C8,ConsolePanA19,STAT,-336.000061,1640.000122,40.000000,0.0001
MFC2025_EndAlz_Conspiracy.esm,0F002697,001405B5,ConsoleCabSingle02,STAT,-336.000031,1672.000122,0.000000,0.0001
MFC2025_EndAlz_Conspiracy.esm,0F002698,001405C5,ConsolePanA16,STAT,-336.000061,1640.000122,28.000000,0.0001
MFC2025_EndAlz_Conspiracy.esm,0F002699,001405D3,ConsolePanB11,STAT,-336.000061,1640.000122,112.000000,0.0001
MFC2025_EndAlz_Conspiracy.esm,0F00269A,001405D1,ConsolePanB09,STAT,-336.000061,1640.000122,88.000000,0.0001
MFC2025_EndAlz_Conspiracy.esm,0F00269B,001405C4,ConsolePanA15,STAT,-336.000061,1640.000122,52.000000,0.0001
MFC2025_EndAlz_Conspiracy.esm,0F00269C,001405C0,ConsolePanA11,STAT,-375.999298,1640.001587,64.000000,0.0001
MFC2025_EndAlz_Conspiracy.esm,0F00269D,001405EE,ConsolePanD05,STAT,-376.000031,1640.000122,112.000000,0.0001
MFC2025_EndAlz_Conspiracy.esm,0F00269E,001405B5,ConsoleCabSingle02,STAT,-376.000000,1672.000122,0.000000,0.0001
MFC2025_EndAlz_Conspiracy.esm,0F00269F,001405E7,ConsolePanC06,STAT,-375.999298,1640.001587,52.000000,0.0001
MFC2025_EndAlz_Conspiracy.esm,0F0026A0,00053734,SCConsoleA14,SCOL,-456.000000,1672.000000,0.000000,270.0001
MFC2025_EndAlz_Conspiracy.esm,0F0026A1,001405CF,ConsolePanB07,STAT,-415.999969,1640.000122,40.000000,0.0001
MFC2025_EndAlz_Conspiracy.esm,0F0026A2,001405D3,ConsolePanB11,STAT,-415.999969,1639.999390,112.000000,0.0001
MFC2025_EndAlz_Conspiracy.esm,0F0026A3,001405D2,ConsolePanB10,STAT,-416.000214,1639.999390,88.000000,0.0001
MFC2025_EndAlz_Conspiracy.esm,0F0026A4,001405B6,ConsolePanA01,STAT,-415.999969,1640.000122,64.000000,0.0001
MFC2025_EndAlz_Conspiracy.esm,0F0026A5,001405C7,ConsolePanA18,STAT,-415.999969,1640.000122,52.000000,0.0001
MFC2025_EndAlz_Conspiracy.esm,0F0026A6,001405B5,ConsoleCabSingle02,STAT,-415.999939,1672.000122,0.000000,0.0001
MFC2025_EndAlz_Conspiracy.esm,0F0026A7,001405D2,ConsolePanB10,STAT,-136.000031,1640.000000,112.000000,0.0001
MFC2025_EndAlz_Conspiracy.esm,0F0026A8,001405C9,ConsolePanB01,STAT,-136.000031,1640.000000,76.000000,0.0001
MFC2025_EndAlz_Conspiracy.esm,0F0026A9,001405B5,ConsoleCabSingle02,STAT,-136.000000,1672.000000,0.000000,0.0001
MFC2025_EndAlz_Conspiracy.esm,0F0026AA,001405B9,ConsolePanA04,STAT,-136.000031,1640.000000,88.000000,0.0001
MFC2025_EndAlz_Conspiracy.esm,0F0026AB,001405E7,ConsolePanC06,STAT,-136.000031,1640.000000,52.000000,0.0001
MFC2025_EndAlz_Conspiracy.esm,0F0026AC,001405D1,ConsolePanB09,STAT,-96.000038,1640.000000,112.000000,0.0001
MFC2025_EndAlz_Conspiracy.esm,0F0026AD,001405CB,ConsolePanB03,STAT,-96.000038,1640.000000,76.000000,0.0001
MFC2025_EndAlz_Conspiracy.esm,0F0026AE,001405B5,ConsoleCabSingle02,STAT,-96.000000,1672.000000,0.000000,0.0001
MFC2025_EndAlz_Conspiracy.esm,0F0026AF,001405B9,ConsolePanA04,STAT,-96.000038,1640.000000,88.000000,0.0001
MFC2025_EndAlz_Conspiracy.esm,0F0026B0,001405E8,ConsolePanC07,STAT,-96.000038,1640.000000,52.000000,0.0001
MFC2025_EndAlz_Conspiracy.esm,0F0026B1,000AEF59,Vault_FloorMat_Large_04,STAT,14.814829,1512.000000,0.000000,0.0000
MFC2025_EndAlz_Conspiracy.esm,0F0026B2,000AEF5A,Vault_FloorMat_Medium_01,STAT,-352.000000,1512.000000,0.000000,268.3270
MFC2025_EndAlz_Conspiracy.esm,0F0026B3,000AEF5B,Vault_FloorMat_Small_01,STAT,-144.000000,1480.000000,0.000000,11.4592
MFC2025_EndAlz_Conspiracy.esm,0F0026B4,000AEF5C,Vault_FloorMat_Medium_02,STAT,-176.000000,1544.000000,0.000000,114.5916
MFC2025_EndAlz_Conspiracy.esm,0F0026B6,0008210D,DefaultLightWhite01Flicker,LIGH,-176.000000,1528.000000,32.000000,0.0000
MFC2025_EndAlz_Conspiracy.esm,0F0026B7,0008210D,DefaultLightWhite01Flicker,LIGH,-408.000000,1528.000000,32.000000,0.0000
MFC2025_EndAlz_Conspiracy.esm,0F0026B8,0008210D,DefaultLightWhite01Flicker,LIGH,88.000000,1528.000000,32.000000,0.0000
MFC2025_EndAlz_Conspiracy.esm,0F0026B9,0F0025F4,VP25_Dungeon01_CeilingGlobe_SCOL,SCOL,0.000000,1536.000000,240.000000,0.0000
MFC2025_EndAlz_Conspiracy.esm,0F0026BA,0F0025F4,VP25_Dungeon01_CeilingGlobe_SCOL,SCOL,-326.000000,1536.000000,240.000000,0.0000
MFC2025_EndAlz_Conspiracy.esm,0F0026BB,0F0025F4,VP25_Dungeon01_CeilingGlobe_SCOL,SCOL,-582.000000,1536.000000,240.000000,0.0000
MFC2025_EndAlz_Conspiracy.esm,0F0026BC,0F0025F4,VP25_Dungeon01_CeilingGlobe_SCOL,SCOL,-838.000000,1536.000000,240.000000,0.0000
MFC2025_EndAlz_Conspiracy.esm,0F0026BD,002111F4,DiamondBlueStadium01NS,LIGH,-734.379883,1542.356689,30.187948,0.0000
MFC2025_EndAlz_Conspiracy.esm,0F0026BE,0100AF46,DLC01GroundCableRedThin08,STAT,-61.000000,-588.000000,1.000000,0.0002
MFC2025_EndAlz_Conspiracy.esm,0F0026BF,0100AF3F,DLC01GroundCableRedThin01,STAT,93.000000,-447.000000,3.000000,0.0000
MFC2025_EndAlz_Conspiracy.esm,0F0026C0,0100AF3F,DLC01GroundCableRedThin01,STAT,90.000000,-703.000000,3.000000,0.0000
MFC2025_EndAlz_Conspiracy.esm,0F0026C1,0100AF3F,DLC01GroundCableRedThin01,STAT,90.000000,-1017.000000,3.000000,0.0000
MFC2025_EndAlz_Conspiracy.esm,0F0026C2,0100AF3F,DLC01GroundCableRedThin01,STAT,-90.000000,-890.000000,3.000000,180.0000
MFC2025_EndAlz_Conspiracy.esm,0F0026C3,0002FB41,GlowingOneBlood13,STAT,3.000000,-868.000000,0.000000,0.0000
MFC2025_EndAlz_Conspiracy.esm,0F0026C4,0002FB42,GlowingOneBlood14,STAT,-27.098141,-667.087769,-0.000008,0.0000
MFC2025_EndAlz_Conspiracy.esm,0F0026C5,0002FAD4,GlowingOneBlood01,STAT,8.166367,-334.294128,0.000000,0.0000
MFC2025_EndAlz_Conspiracy.esm,0F0026C6,0002FB38,GlowingOneBlood09,STAT,-24.579704,-1075.957520,-0.000015,0.0000
MFC2025_EndAlz_Conspiracy.esm,0F0026C7,0002FB0C,GlowingOneBlood06,STAT,5.365207,-91.677368,0.000015,0.0000
MFC2025_EndAlz_Conspiracy.esm,0F0026C8,0002FB44,GlowingOneBlood03,STAT,35.934288,-1119.127075,0.000015,0.0000
MFC2025_EndAlz_Conspiracy.esm,0F0026C9,0002FB11,GlowingOneBlood07,STAT,42.388767,-683.625061,0.000015,0.0000
MFC2025_EndAlz_Conspiracy.esm,0F0026CA,0002FB12,GlowingOneBlood08,STAT,-405.000000,1619.000000,0.000000,0.0000
MFC2025_EndAlz_Conspiracy.esm,0F0026CB,0002FB39,GlowingOneBlood10,STAT,-855.000000,1627.000000,4.000000,0.0000
MFC2025_EndAlz_Conspiracy.esm,0F0026CC,0002FB38,GlowingOneBlood09,STAT,-556.640503,1606.492676,0.000000,0.0000
MFC2025_EndAlz_Conspiracy.esm,0F0026CD,0002FB44,GlowingOneBlood03,STAT,-554.182861,1486.760254,0.000000,0.0000
MFC2025_EndAlz_Conspiracy.esm,0F0026CE,0002FB39,GlowingOneBlood10,STAT,-339.554901,1564.202759,0.260700,0.0000
MFC2025_EndAlz_Conspiracy.esm,0F0026CF,0002FB44,GlowingOneBlood03,STAT,-381.783600,1497.373657,1.260750,0.0000
MFC2025_EndAlz_Conspiracy.esm,0F0026D0,0002FB41,GlowingOneBlood13,STAT,-410.344055,1591.160522,-0.000008,0.0000
MFC2025_EndAlz_Conspiracy.esm,0F0026D1,0002FB42,GlowingOneBlood14,STAT,-194.167236,1517.713013,1.260742,0.0000
MFC2025_EndAlz_Conspiracy.esm,0F0026D2,0002FB44,GlowingOneBlood03,STAT,-29.282263,1586.841553,0.976035,0.0000
MFC2025_EndAlz_Conspiracy.esm,0F0026D3,0002FB40,GlowingOneBlood12,STAT,-66.269333,1502.040039,0.976047,0.0000
MFC2025_EndAlz_Conspiracy.esm,0F0026D4,0002FB12,GlowingOneBlood08,STAT,-12.973640,1148.938232,0.000015,0.0000
MFC2025_EndAlz_Conspiracy.esm,0F0026D5,0002FB40,GlowingOneBlood12,STAT,25.265610,873.679138,0.000000,0.0000
MFC2025_EndAlz_Conspiracy.esm,0F0026D6,0002FB0C,GlowingOneBlood06,STAT,-12.856327,1238.369507,0.000000,0.0000
MFC2025_EndAlz_Conspiracy.esm,0F0026D7,0002FB3F,GlowingOneBlood11,STAT,36.023556,1068.728271,-0.000008,0.0000
MFC2025_EndAlz_Conspiracy.esm,0F0026D8,0002FB40,GlowingOneBlood12,STAT,-27.809769,1049.728394,0.000008,0.0000
MFC2025_EndAlz_Conspiracy.esm,0F0026D9,0002FAD4,GlowingOneBlood01,STAT,52.448853,1355.925903,-0.145020,0.0000
MFC2025_EndAlz_Conspiracy.esm,0F0026DA,0002FB42,GlowingOneBlood14,STAT,-50.961899,1368.006592,-0.145020,0.0000
MFC2025_EndAlz_Conspiracy.esm,0F0026DB,0002FB12,GlowingOneBlood08,STAT,15.839639,1406.433838,-0.145035,0.0000
MFC2025_EndAlz_Conspiracy.esm,0F0026DC,0002FB09,GlowingOneBlood05,STAT,29.452671,641.775757,0.000000,0.0000
MFC2025_EndAlz_Conspiracy.esm,0F0026DD,0002FB11,GlowingOneBlood07,STAT,23.281239,408.297791,-0.000008,0.0000
MFC2025_EndAlz_Conspiracy.esm,0F0026DE,0002FB39,GlowingOneBlood10,STAT,-24.001472,780.848816,0.000015,0.0000
MFC2025_EndAlz_Conspiracy.esm,0F0026DF,0002FB40,GlowingOneBlood12,STAT,20.324150,760.407776,0.000008,0.0000
MFC2025_EndAlz_Conspiracy.esm,0F0026E0,0002FAE1,GlowingOneBlood04,STAT,-29.431736,129.619415,0.000015,0.0000
MFC2025_EndAlz_Conspiracy.esm,0F0026E1,0002FB3F,GlowingOneBlood11,STAT,-16.449610,289.514404,1.433956,0.0000
MFC2025_EndAlz_Conspiracy.esm,0F0026E2,0002FB11,GlowingOneBlood07,STAT,-57.647419,393.869751,0.000000,0.0000
MFC2025_EndAlz_Conspiracy.esm,0F0026E3,0002FB09,GlowingOneBlood05,STAT,-12.454490,5.500580,0.000000,0.0000
MFC2025_EndAlz_Conspiracy.esm,0F0026E4,0002FB39,GlowingOneBlood10,STAT,24.224380,-144.673981,0.000000,0.0000
MFC2025_EndAlz_Conspiracy.esm,0F0026E5,0002FB11,GlowingOneBlood07,STAT,-58.667019,-38.000580,-0.000008,0.0000
MFC2025_EndAlz_Conspiracy.esm,0F0026E6,0002FB39,GlowingOneBlood10,STAT,43.000000,-23.000000,0.000000,0.0000
MFC2025_EndAlz_Conspiracy.esm,0F0026E7,0002FB42,GlowingOneBlood14,STAT,-29.352554,-321.460510,0.000000,0.0000
MFC2025_EndAlz_Conspiracy.esm,0F0026E8,0002FB12,GlowingOneBlood08,STAT,9.970238,-159.936157,-0.000008,0.0000
MFC2025_EndAlz_Conspiracy.esm,0F0026E9,0002FB39,GlowingOneBlood10,STAT,-26.640232,-580.514099,0.000000,0.0000
MFC2025_EndAlz_Conspiracy.esm,0F0026EA,0002FAE1,GlowingOneBlood04,STAT,-12.591192,51.629105,0.000008,0.0000
MFC2025_EndAlz_Conspiracy.esm,0F0026EB,0002FB12,GlowingOneBlood08,STAT,-1.780863,-443.105591,0.000000,0.0000
MFC2025_EndAlz_Conspiracy.esm,0F0026EC,0002FB39,GlowingOneBlood10,STAT,-77.000000,-872.000000,0.000000,291.2451
MFC2025_EndAlz_Conspiracy.esm,0F0026ED,0002FAD4,GlowingOneBlood01,STAT,29.327312,-399.062103,0.000000,45.8366
MFC2025_EndAlz_Conspiracy.esm,0F0026EE,0002FB09,GlowingOneBlood05,STAT,15.291451,-930.158325,0.000008,80.2141
MFC2025_EndAlz_Conspiracy.esm,0F0026EF,0002FB44,GlowingOneBlood03,STAT,-19.588200,-766.427979,0.000000,0.0000
MFC2025_EndAlz_Conspiracy.esm,0F0026F0,0002FB41,GlowingOneBlood13,STAT,38.868481,-873.060486,0.000008,0.0000
MFC2025_EndAlz_Conspiracy.esm,0F0026F1,0002FAD4,GlowingOneBlood01,STAT,-11.509731,-1102.577271,-0.000008,0.0000
MFC2025_EndAlz_Conspiracy.esm,0F0026F2,0002FB11,GlowingOneBlood07,STAT,45.423737,-1293.141235,5.394531,0.0000
MFC2025_EndAlz_Conspiracy.esm,0F0026F3,0002FB11,GlowingOneBlood07,STAT,36.220890,-913.889893,0.000008,291.2451
MFC2025_EndAlz_Conspiracy.esm,0F0026F4,0002FAE1,GlowingOneBlood04,STAT,-29.866625,-1141.278564,0.000008,0.0000
MFC2025_EndAlz_Conspiracy.esm,0F0026F8,00054B50,SCConsoleA01,SCOL,-496.000000,1641.000000,0.000000,91.6733
MFC2025_EndAlz_Conspiracy.esm,0F0026F9,0008E371,Ashtray01_Filled,MISC,-508.627228,1651.394531,87.000000,0.0000
MFC2025_EndAlz_Conspiracy.esm,0F0026FC,0100725D,DLC01Lair_LaserTripwire,ACTI,152.000000,255.000000,14.000000,90.0000
MFC2025_EndAlz_Conspiracy.esm,0F0026FD,000F9E2F,AMBWaterExteriorGlowingSeaPoolBubblesSpot02LPmarker,SOUN,20.000000,1708.000000,103.000000,0.0000
MFC2025_EndAlz_Conspiracy.esm,0F0026FE,000F9E2D,AMBWaterExteriorGlowingSeaPoolBubbles2D02LPmarker,SOUN,-96.000000,1204.000000,39.000000,0.0000
MFC2025_EndAlz_Conspiracy.esm,0F0026FF,000F9E2F,AMBWaterExteriorGlowingSeaPoolBubblesSpot02LPmarker,SOUN,-92.000000,440.000000,62.000000,0.0000
MFC2025_EndAlz_Conspiracy.esm,0F002700,000F9E2D,AMBWaterExteriorGlowingSeaPoolBubbles2D02LPmarker,SOUN,88.000000,164.000000,69.000000,0.0000
MFC2025_EndAlz_Conspiracy.esm,0F002701,000F9E2C,AMBWaterExteriorGlowingSeaPoolBubbles2D01LPmarker,SOUN,-90.000000,-216.000000,40.000000,0.0000
MFC2025_EndAlz_Conspiracy.esm,0F002702,000F9E30,AMBWaterExteriorGlowingSeaPoolBubblesSpot03LPmarker,SOUN,88.000000,-473.000000,41.000000,0.0000
MFC2025_EndAlz_Conspiracy.esm,0F002703,000F9E2F,AMBWaterExteriorGlowingSeaPoolBubblesSpot02LPmarker,SOUN,-87.000000,-736.000000,56.000000,0.0000
MFC2025_EndAlz_Conspiracy.esm,0F002704,000F9E2E,AMBWaterExteriorGlowingSeaPoolBubblesSpot01LPmarker,SOUN,98.000000,-981.000000,66.000000,0.0000
MFC2025_EndAlz_Conspiracy.esm,0F002705,000F9E2D,AMBWaterExteriorGlowingSeaPoolBubbles2D02LPmarker,SOUN,-91.000000,-865.000000,64.000000,0.0000
MFC2025_EndAlz_Conspiracy.esm,0F002706,000F9E30,AMBWaterExteriorGlowingSeaPoolBubblesSpot03LPmarker,SOUN,-91.000000,-1120.000000,60.000000,0.0000
MFC2025_EndAlz_Conspiracy.esm,0F002707,000F9E2F,AMBWaterExteriorGlowingSeaPoolBubblesSpot02LPmarker,SOUN,-78.667686,-498.929535,40.559059,0.0000
MFC2025_EndAlz_Conspiracy.esm,0F002708,000F9E2E,AMBWaterExteriorGlowingSeaPoolBubblesSpot01LPmarker,SOUN,80.562828,-372.390808,39.290905,0.0000
MFC2025_EndAlz_Conspiracy.esm,0F002709,000F9E2D,AMBWaterExteriorGlowingSeaPoolBubbles2D02LPmarker,SOUN,-80.000000,-618.000000,49.000000,0.0000
MFC2025_EndAlz_Conspiracy.esm,0F00270A,000F9E2E,AMBWaterExteriorGlowingSeaPoolBubblesSpot01LPmarker,SOUN,90.000000,-600.000000,55.000000,0.0000
MFC2025_EndAlz_Conspiracy.esm,0F00270B,000F9E2D,AMBWaterExteriorGlowingSeaPoolBubbles2D02LPmarker,SOUN,87.000000,-730.000000,29.000000,0.0000
MFC2025_EndAlz_Conspiracy.esm,0F00270C,000F9E2F,AMBWaterExteriorGlowingSeaPoolBubblesSpot02LPmarker,SOUN,87.000000,-89.000000,28.000000,0.0000
MFC2025_EndAlz_Conspiracy.esm,0F00270D,000F9E2E,AMBWaterExteriorGlowingSeaPoolBubblesSpot01LPmarker,SOUN,-96.000000,51.000000,23.000000,0.0000
MFC2025_EndAlz_Conspiracy.esm,0F00270E,000F9E30,AMBWaterExteriorGlowingSeaPoolBubblesSpot03LPmarker,SOUN,-93.000000,301.000000,6.000000,0.0000
MFC2025_EndAlz_Conspiracy.esm,0F00270F,000F9E2E,AMBWaterExteriorGlowingSeaPoolBubblesSpot01LPmarker,SOUN,90.000000,424.000000,4.000000,0.0000
MFC2025_EndAlz_Conspiracy.esm,0F002710,000F9E2D,AMBWaterExteriorGlowingSeaPoolBubbles2D02LPmarker,SOUN,80.000000,562.000000,28.000000,0.0000
MFC2025_EndAlz_Conspiracy.esm,0F002711,000F9E2E,AMBWaterExteriorGlowingSeaPoolBubblesSpot01LPmarker,SOUN,-90.000000,548.000000,15.000000,0.0000
MFC2025_EndAlz_Conspiracy.esm,0F002712,000F9E2C,AMBWaterExteriorGlowingSeaPoolBubbles2D01LPmarker,SOUN,-91.000000,814.000000,11.000000,0.0000
MFC2025_EndAlz_Conspiracy.esm,0F002713,000F9E2D,AMBWaterExteriorGlowingSeaPoolBubbles2D02LPmarker,SOUN,-92.000000,942.000000,2.000000,0.0000
MFC2025_EndAlz_Conspiracy.esm,0F002714,000F9E2E,AMBWaterExteriorGlowingSeaPoolBubblesSpot01LPmarker,SOUN,95.000000,1190.000000,5.000000,0.0000
MFC2025_EndAlz_Conspiracy.esm,0F002715,0006E293,AMBSanctuaryHouseRuinCreakAmarker,SOUN,201.000000,1303.000000,65.000000,0.0000
MFC2025_EndAlz_Conspiracy.esm,0F002716,0006E293,AMBSanctuaryHouseRuinCreakAmarker,SOUN,-209.000000,809.000000,65.000000,0.0000
MFC2025_EndAlz_Conspiracy.esm,0F002717,0006E293,AMBSanctuaryHouseRuinCreakAmarker,SOUN,217.000000,176.000000,65.000000,0.0000
MFC2025_EndAlz_Conspiracy.esm,0F002718,0006E293,AMBSanctuaryHouseRuinCreakAmarker,SOUN,-207.000000,-436.000000,67.000000,0.0000
MFC2025_EndAlz_Conspiracy.esm,0F002719,0006E293,AMBSanctuaryHouseRuinCreakAmarker,SOUN,217.000000,-978.000000,67.000000,0.0000
MFC2025_EndAlz_Conspiracy.esm,0F00271A,00141AAC,DefaultLightWaterBlue01NS,LIGH,0.000000,-1346.000000,199.000000,0.0000
MFC2025_EndAlz_Conspiracy.esm,0F00271B,00141AAC,DefaultLightWaterBlue01NS,LIGH,1.000000,-1089.000000,197.000000,0.0000
MFC2025_EndAlz_Conspiracy.esm,0F00271C,00141AAC,DefaultLightWaterBlue01NS,LIGH,1.000000,-834.000000,199.000000,0.0000
MFC2025_EndAlz_Conspiracy.esm,0F00271D,00141AAC,DefaultLightWaterBlue01NS,LIGH,1.000000,-577.000000,199.000000,0.0000
MFC2025_EndAlz_Conspiracy.esm,0F00271E,00141AAC,DefaultLightWaterBlue01NS,LIGH,1.000000,-321.000000,199.000000,0.0000
MFC2025_EndAlz_Conspiracy.esm,0F00271F,00141AAC,DefaultLightWaterBlue01NS,LIGH,1.000000,-63.000000,199.000000,0.0000
MFC2025_EndAlz_Conspiracy.esm,0F002720,00141AAC,DefaultLightWaterBlue01NS,LIGH,1.000000,191.000000,199.000000,0.0000
MFC2025_EndAlz_Conspiracy.esm,0F002721,00141AAC,DefaultLightWaterBlue01NS,LIGH,1.000000,446.000000,199.000000,0.0000
MFC2025_EndAlz_Conspiracy.esm,0F002722,00141AAC,DefaultLightWaterBlue01NS,LIGH,1.000000,703.000000,199.000000,0.0000
MFC2025_EndAlz_Conspiracy.esm,0F002723,00141AAC,DefaultLightWaterBlue01NS,LIGH,1.000000,960.000000,199.000000,0.0000
MFC2025_EndAlz_Conspiracy.esm,0F002724,00141AAC,DefaultLightWaterBlue01NS,LIGH,1.000000,1213.000000,199.000000,0.0000
MFC2025_EndAlz_Conspiracy.esm,0F002725,00141AAC,DefaultLightWaterBlue01NS,LIGH,1.000000,1534.000000,199.000000,0.0000
MFC2025_EndAlz_Conspiracy.esm,0F002726,00141AAC,DefaultLightWaterBlue01NS,LIGH,-837.000000,1534.000000,199.000000,0.0000
MFC2025_EndAlz_Conspiracy.esm,0F002727,00141AAC,DefaultLightWaterBlue01NS,LIGH,-581.000000,1534.000000,199.000000,0.0000
MFC2025_EndAlz_Conspiracy.esm,0F002728,00141AAC,DefaultLightWaterBlue01NS,LIGH,-326.000000,1534.000000,199.000000,0.0000
MFC2025_EndAlz_Conspiracy.esm,0F00272A,0F002729,VP25_AlienAbducted_PrestonGarvey,NPC_,88.687141,-472.653687,79.642258,260.2141
MFC2025_EndAlz_Conspiracy.esm,0F00272C,0F00272B,VP25_AlienAbducted_Berman,NPC_,-88.769173,167.747391,105.431297,260.2141
MFC2025_EndAlz_Conspiracy.esm,0F001E3D,0005815F,RedR_ButtonBox,ACTI,-0.978148,-1386.416016,-44.227253,180.0001
MFC2025_EndAlz_Conspiracy.esm,0F002EC8,00140617,ConsoleTowerAFull01,SCOL,-1.006537,-1399.663208,-0.010423,180.0000
MFC2025_EndAlz_Conspiracy.esm,0F002ED3,0F002582,VP25_AlienGutsyEnnemy,NPC_,-401.097778,1538.493164,16.376411,67.7918
MFC2025_EndAlz_Conspiracy.esm,0F0026F5,0003059E,DecalBloodSplatterSmall,TXST,41.746857,-284.847595,0.000000,0.0000
MFC2025_EndAlz_Conspiracy.esm,0F0026F6,0003059D,DecalBloodSplatterLg,TXST,-52.978046,-806.989075,0.000000,0.0000
MFC2025_EndAlz_Conspiracy.esm,0F0026F7,00239951,DryDecalBloodSplatterDrip03,TXST,41.431671,-1100.360962,0.000008,0.0000
MFC2025_EndAlz_Conspiracy.esm,0F001DC1,0003180F,xMarkerxFlagBlue,STAT,0.000000,-1280.000000,0.000000,0.0000
MFC2025_EndAlz_Conspiracy.esm,0F002ECA,0F002EC9,VP25_UFODoorButton,DOOR,-600.102600,1439.154297,0.000000,270.0000
MFC2025_EndAlz_Conspiracy.esm,0F001E89,00000032,COCMarkerHeading,STAT,-96.000000,-120.000000,12.000000,0.0000
MFC2025_EndAlz_Conspiracy.esm,0F001E8A,001AE928,BldgPlywoodDoorCity01,STAT,4.000000,-250.000000,85.000000,180.0000
MFC2025_EndAlz_Conspiracy.esm,0F001E8B,00090F29,HouseKGrndAddonDeckKBaseEndR01,STAT,-236.125854,-194.026581,333.761719,270.0001
MFC2025_EndAlz_Conspiracy.esm,0F001E8C,000C5740,DCKitPlywood04,STAT,-40.000000,-229.000000,146.000000,0.0000
MFC2025_EndAlz_Conspiracy.esm,0F001E8D,000C5741,DCKitPlywood05,STAT,111.000000,-227.000000,148.000000,0.0000
MFC2025_EndAlz_Conspiracy.esm,0F001E8E,0009499B,HouseKitIntFloorFull01Intact01,STAT,224.000000,0.000000,8.000000,0.0000
MFC2025_EndAlz_Conspiracy.esm,0F001E8F,0009499B,HouseKitIntFloorFull01Intact01,STAT,-160.000000,0.000000,8.000000,0.0000
MFC2025_EndAlz_Conspiracy.esm,0F001E90,0007BA7D,HouseKCapWall02,STAT,-352.000000,152.000000,8.000000,0.0000
MFC2025_EndAlz_Conspiracy.esm,0F001E91,0007BA7D,HouseKCapWall02,STAT,-352.000000,-104.000000,8.000000,0.0000
MFC2025_EndAlz_Conspiracy.esm,0F001E92,0007BA7D,HouseKCapWall02,STAT,-481.000000,192.000000,8.000000,90.0000
MFC2025_EndAlz_Conspiracy.esm,0F001E93,0007BA7D,HouseKCapWall02,STAT,-225.000000,192.000000,8.000000,90.0000
MFC2025_EndAlz_Conspiracy.esm,0F001E94,0007BA7D,HouseKCapWall02,STAT,31.000000,192.000000,8.000000,90.0000
MFC2025_EndAlz_Conspiracy.esm,0F001E95,0007BA7D,HouseKCapWall02,STAT,660.000000,192.000000,8.000000,180.0000
MFC2025_EndAlz_Conspiracy.esm,0F001E96,0007BA7D,HouseKCapWall02,STAT,660.000000,-64.000000,8.000000,180.0000
MFC2025_EndAlz_Conspiracy.esm,0F001E97,0007BA56,HouseKGrndAddonBayWin01,STAT,37.000000,-192.000000,8.000000,90.0000
MFC2025_EndAlz_Conspiracy.esm,0F001E98,0007BA4B,HouseKSocketDoorFrame01,STAT,-222.000000,-207.585999,7.754619,270.0000
MFC2025_EndAlz_Conspiracy.esm,0F001E99,0007BA80,HouseKCapWallWin02,STAT,542.000000,-192.000000,8.000000,270.0001
MFC2025_EndAlz_Conspiracy.esm,0F001E9A,0009499B,HouseKitIntFloorFull01Intact01,STAT,607.000000,0.000000,8.000000,0.0000
MFC2025_EndAlz_Conspiracy.esm,0F001E9C,000C5735,DCKitPlankMed01,STAT,95.000000,-199.000000,109.000000,283.0000
MFC2025_EndAlz_Conspiracy.esm,0F001E9D,0007BA80,HouseKCapWallWin02,STAT,287.000000,-192.000000,8.000000,270.0001
MFC2025_EndAlz_Conspiracy.esm,0F001E9E,0007BA80,HouseKCapWallWin02,STAT,287.000000,192.000000,8.000000,90.0000
MFC2025_EndAlz_Conspiracy.esm,0F001E9F,0007BA80,HouseKCapWallWin02,STAT,542.000000,192.000000,8.000000,90.0000
MFC2025_EndAlz_Conspiracy.esm,0F001EA1,00240506,MetalIntCeilingA1x1Mid01_LOD,STAT,543.000000,-75.000000,292.000000,0.0000
MFC2025_EndAlz_Conspiracy.esm,0F001EA2,00240506,MetalIntCeilingA1x1Mid01_LOD,STAT,543.000000,181.000000,292.000000,0.0000
MFC2025_EndAlz_Conspiracy.esm,0F001EA3,00240506,MetalIntCeilingA1x1Mid01_LOD,STAT,288.000000,181.000000,292.000000,0.0000
MFC2025_EndAlz_Conspiracy.esm,0F001EA4,00240506,MetalIntCeilingA1x1Mid01_LOD,STAT,288.000000,-75.000000,292.000000,0.0000
MFC2025_EndAlz_Conspiracy.esm,0F001EA5,00240506,MetalIntCeilingA1x1Mid01_LOD,STAT,31.000000,181.000000,292.000000,0.0000
MFC2025_EndAlz_Conspiracy.esm,0F001EA6,00240506,MetalIntCeilingA1x1Mid01_LOD,STAT,31.000000,-75.000000,292.000000,0.0000
MFC2025_EndAlz_Conspiracy.esm,0F001EA7,00240506,MetalIntCeilingA1x1Mid01_LOD,STAT,-225.000000,181.000000,292.000000,0.0000
MFC2025_EndAlz_Conspiracy.esm,0F001EA8,00240506,MetalIntCeilingA1x1Mid01_LOD,STAT,-225.000000,-75.000000,292.000000,0.0000
MFC2025_EndAlz_Conspiracy.esm,0F001EA9,0007BA7D,HouseKCapWall02,STAT,397.000000,-248.000000,8.000000,180.0000
MFC2025_EndAlz_Conspiracy.esm,0F001EAA,0007BA7D,HouseKCapWall02,STAT,397.000000,260.000000,8.000000,180.0000
MFC2025_EndAlz_Conspiracy.esm,0F001EAB,0007BA7D,HouseKCapWall02,STAT,433.000000,260.000000,8.000000,0.0000
MFC2025_EndAlz_Conspiracy.esm,0F001EAC,0007BA7D,HouseKCapWall02,STAT,433.000000,-248.000000,8.000000,0.0000
MFC2025_EndAlz_Conspiracy.esm,0F001EAD,0007BA4B,HouseKSocketDoorFrame01,STAT,415.000000,5.000000,8.000000,0.0000
MFC2025_EndAlz_Conspiracy.esm,0F001EAF,00075F4B,PlayerHouse_Ruin_Ottoman01,STAT,552.000000,135.000000,8.000000,337.0817
MFC2025_EndAlz_Conspiracy.esm,0F001EB0,00027EB8,PlayerHouse_Ruin_Rug03,STAT,552.000000,-5.000000,8.000000,5.0000
MFC2025_EndAlz_Conspiracy.esm,0F001EB2,0001D1BA,DebrisPile03Trash,STAT,665.000000,35.000000,12.000000,0.0003
MFC2025_EndAlz_Conspiracy.esm,0F001EB3,0006A33A,DN010_PlayerHouse_Ruin_Dresser02,CONT,497.000000,158.000000,8.000000,348.5410
MFC2025_EndAlz_Conspiracy.esm,0F001EB4,00046662,rl_Lantern_Working,ACTI,642.347412,-65.000336,7.934338,314.1635
MFC2025_EndAlz_Conspiracy.esm,0F001EB6,00035ADF,PlayerHouse_Ruin_KitchenCounter01_Yellow,STAT,-308.000000,31.000000,8.000000,270.0000
MFC2025_EndAlz_Conspiracy.esm,0F001EB7,00035ADA,PlayerHouse_Ruin_Stove01_Yellow,STAT,-248.500000,160.000000,20.000000,0.0000
MFC2025_EndAlz_Conspiracy.esm,0F001EB8,0001D191,DebrisPile03,STAT,23.000000,-184.000000,8.000000,90.0000
MFC2025_EndAlz_Conspiracy.esm,0F001EB9,0001D907,DebrisWoodPileSm05,STAT,523.000000,20.000000,10.000000,337.0817
MFC2025_EndAlz_Conspiracy.esm,0F001EBA,0003A9F2,OfficePaperDebris01,STAT,177.869202,6.033951,7.998352,0.0000
MFC2025_EndAlz_Conspiracy.esm,0F001EBB,0019B5BF,PlayerHouse_Ruin_WetBar02Debris02,SCOL,24.000000,-200.000000,8.000000,165.1946
MFC2025_EndAlz_Conspiracy.esm,0F001EBC,00060E82,LiquorDecanter,MISC,21.000000,-192.000000,90.000000,180.0000
MFC2025_EndAlz_Conspiracy.esm,0F001EBD,0019B5A9,PlayerHouse_Ruin_Stereo01Debris01,SCOL,286.000000,-155.000000,8.000000,180.0000
MFC2025_EndAlz_Conspiracy.esm,0F001EBE,0007E5BE,NpcChairFederalistSit01Static,STAT,123.000000,-137.000000,29.000000,246.5302
MFC2025_EndAlz_Conspiracy.esm,0F001EBF,0016BAF5,PaperDebris02,STAT,-152.529663,29.122894,8.003265,0.0000
MFC2025_EndAlz_Conspiracy.esm,0F001EC0,00165024,OfficePaperDebris02,STAT,53.982391,63.604469,7.959106,0.0000
MFC2025_EndAlz_Conspiracy.esm,0F001EC1,0001D8F3,DebrisWoodPile04Trash,STAT,134.000000,193.000000,8.000000,270.0000
MFC2025_EndAlz_Conspiracy.esm,0F001EC2,000A78FE,DaisyRug,STAT,-223.071716,33.722931,7.987976,0.0000
MFC2025_EndAlz_Conspiracy.esm,0F001EC3,0007350B,PlayerHouse_Ruin_Rug01,STAT,-203.551300,-156.237961,8.011292,0.0000
MFC2025_EndAlz_Conspiracy.esm,0F001EC4,000711B5,PlayerHouse_Ruin_Rug02,STAT,-29.000000,-55.000000,8.000000,279.7861
MFC2025_EndAlz_Conspiracy.esm,0F001EC6,0101027A,DLCOilLampLight01NSFlickerGobo,LIGH,640.477783,-62.660477,21.763905,0.0000
MFC2025_EndAlz_Conspiracy.esm,0F001EC7,0008E7C5,OilLampOn,STAT,-313.321564,150.793533,86.000015,315.0000
MFC2025_EndAlz_Conspiracy.esm,0F001EC8,0100EAAB,DLCOilLampLight01NSFlickerLF,LIGH,-313.488220,152.515839,100.888527,0.0000
MFC2025_EndAlz_Conspiracy.esm,0F001EC9,00064A47,Loot_DuffleBag_Guns,CONT,641.959229,-133.887100,9.237305,270.0000
MFC2025_EndAlz_Conspiracy.esm,0F001ECA,0002FBF9,NpcBedGroundSleep01,FURN,535.610718,-124.328316,9.239426,270.0000
MFC2025_EndAlz_Conspiracy.esm,0F001D9B,0017CA30,NPCHandsUpIdleMarker,IDLM,315.671082,112.032089,11.800995,245.4089
MFC2025_EndAlz_Conspiracy.esm,0F001D9C,001CB006,NPCUsePipBoy,IDLM,47.466904,76.810120,13.272308,102.1696
MFC2025_EndAlz_Conspiracy.esm,0F001DA4,0003251F,DefaultSetStageTriggerPlayerOnly,ACTI,161.633301,43.419800,223.583923,0.0000
MFC2025_EndAlz_Conspiracy.esm,0F001E87,00000034,XMarkerHeading,STAT,-101.248581,-132.281113,8.004898,0.0000
MFC2025_EndAlz_Conspiracy.esm,0F001E88,0001D92F,BldWoodPDoorLoad01,DOOR,-222.000000,-190.000000,10.000000,90.0001
MFC2025_EndAlz_Conspiracy.esm,0F001D9D,00000034,XMarkerHeading,STAT,172.170059,-92.929031,2.706909,33.4147
MFC2025_EndAlz_Conspiracy.esm,0F001D96,00118909,BoatTug01,STAT,-629.775269,-1053.971436,-51.506336,0.0000
MFC2025_EndAlz_Conspiracy.esm,0F001EE0,0004EE95,OxygenTank,MSTT,625.676880,-460.259888,-212.941360,0.0000
MFC2025_EndAlz_Conspiracy.esm,0F001EE1,0004EE95,OxygenTank,MSTT,625.676880,-460.259888,-212.941360,0.0000
MFC2025_EndAlz_Conspiracy.esm,0F001EE2,00067A34,BldConcSmCeilOnly128Up01,STAT,0.000000,-256.000000,-128.000000,0.0000
MFC2025_EndAlz_Conspiracy.esm,0F001EE3,00067A2A,BldConcSmCeilOnly01,STAT,256.000000,-512.000000,-256.000000,90.0000
MFC2025_EndAlz_Conspiracy.esm,0F001EE4,00067C29,BldConcMdRoomWall04,SCOL,512.000000,-768.000000,-384.000000,0.0000
MFC2025_EndAlz_Conspiracy.esm,0F001EE5,00067C29,BldConcMdRoomWall04,SCOL,768.000000,-768.000000,-384.000000,0.0000
MFC2025_EndAlz_Conspiracy.esm,0F001EE6,00067C21,BldConcMdRoomWall02,SCOL,768.000000,0.000000,-384.000000,0.0000
MFC2025_EndAlz_Conspiracy.esm,0F001EE7,00067C21,BldConcMdRoomWall02,SCOL,512.000000,0.000000,-384.000000,0.0000
MFC2025_EndAlz_Conspiracy.esm,0F001EE8,00067C1F,BldConcMdRoomCorner02,SCOL,256.000000,0.000000,-384.000000,0.0000
MFC2025_EndAlz_Conspiracy.esm,0F001EE9,00067C2F,BldConcMdRoomMid01,SCOL,512.000000,-512.000000,-384.000000,0.0000
MFC2025_EndAlz_Conspiracy.esm,0F001EEA,00067C2F,BldConcMdRoomMid01,SCOL,768.000000,-512.000000,-384.000000,0.0000
MFC2025_EndAlz_Conspiracy.esm,0F001EEB,00000032,COCMarkerHeading,STAT,0.000000,0.000000,0.000000,182.7043
MFC2025_EndAlz_Conspiracy.esm,0F001EEC,00067AB6,BldConcSmWall128Up01,STAT,0.000000,-512.000000,-256.000000,0.0000
MFC2025_EndAlz_Conspiracy.esm,0F001EED,00067A34,BldConcSmCeilOnly128Up01,STAT,0.000000,-512.000000,-256.000000,0.0000
MFC2025_EndAlz_Conspiracy.esm,0F001EEE,00067A0C,BldConcSmStairsBlockShort01,STAT,0.000000,-512.000000,-256.000000,180.0000
MFC2025_EndAlz_Conspiracy.esm,0F001EEF,00067C2F,BldConcMdRoomMid01,SCOL,768.000000,-256.000000,-384.000000,0.0000
MFC2025_EndAlz_Conspiracy.esm,0F001EF0,00067C2F,BldConcMdRoomMid01,SCOL,512.000000,-256.000000,-384.000000,0.0000
MFC2025_EndAlz_Conspiracy.esm,0F001EF1,00067C2D,BldConcMdRoomWall01,SCOL,256.000000,-256.000000,-384.000000,0.0000
MFC2025_EndAlz_Conspiracy.esm,0F001EF2,00067C29,BldConcMdRoomWall04,SCOL,1024.000000,-768.000000,-384.000000,0.0000
MFC2025_EndAlz_Conspiracy.esm,0F001EF3,00067C21,BldConcMdRoomWall02,SCOL,1024.000000,0.000000,-384.000000,0.0000
MFC2025_EndAlz_Conspiracy.esm,0F001EF4,00067C2F,BldConcMdRoomMid01,SCOL,1024.000000,-512.000000,-384.000000,0.0000
MFC2025_EndAlz_Conspiracy.esm,0F001EF5,00067C2F,BldConcMdRoomMid01,SCOL,1024.000000,-256.000000,-384.000000,0.0000
MFC2025_EndAlz_Conspiracy.esm,0F001EF6,000679C1,BldConcMdWallPillar01,STAT,640.000000,96.000000,-384.000000,0.0000
MFC2025_EndAlz_Conspiracy.esm,0F001EF7,000679C1,BldConcMdWallPillar01,STAT,376.420349,-892.158630,-384.000000,0.0000
MFC2025_EndAlz_Conspiracy.esm,0F001EF8,00067955,BldConcBgWallPillar01,STAT,128.000000,-384.000000,-384.000000,0.0000
MFC2025_EndAlz_Conspiracy.esm,0F001EF9,0006799B,BldConcMdWall01,STAT,524.067810,108.077087,-384.000000,180.0000
MFC2025_EndAlz_Conspiracy.esm,0F001EFA,0006799B,BldConcMdWall01,STAT,780.067810,108.077087,-384.000000,0.0000
MFC2025_EndAlz_Conspiracy.esm,0F001EFB,0006799B,BldConcMdWall01,STAT,524.067810,-915.922913,-384.000000,180.0000
MFC2025_EndAlz_Conspiracy.esm,0F001EFC,0006799B,BldConcMdWall01,STAT,1038.676025,-767.879150,-383.666016,180.0000
MFC2025_EndAlz_Conspiracy.esm,0F001EFD,0006799B,BldConcMdWall01,STAT,1038.676025,-511.879150,-383.666016,180.0000
MFC2025_EndAlz_Conspiracy.esm,0F001EFE,0006799B,BldConcMdWall01,STAT,1038.676025,-255.879150,-383.666016,180.0000
MFC2025_EndAlz_Conspiracy.esm,0F001EFF,000679B2,BldConcMdWallBotHole06,STAT,1038.676025,0.120850,-383.666016,180.0000
MFC2025_EndAlz_Conspiracy.esm,0F001F00,000211F5,WoodCrate01,STAT,524.108643,77.235031,-384.000031,345.1033
MFC2025_EndAlz_Conspiracy.esm,0F001F01,000211F6,WoodCrate02,STAT,252.303314,65.801697,-384.000061,225.9284
MFC2025_EndAlz_Conspiracy.esm,0F001F02,000211F7,WoodCrate03,STAT,187.230682,-11.940493,-384.000061,359.4848
MFC2025_EndAlz_Conspiracy.esm,0F001F03,00045762,SandbagWall01,MSTT,182.590652,-856.950073,-256.000000,353.0788
MFC2025_EndAlz_Conspiracy.esm,0F001F04,00045762,SandbagWall01,MSTT,597.280090,39.042202,-383.999969,248.6639
MFC2025_EndAlz_Conspiracy.esm,0F001F05,00018CD4,MetalBarrelStatic01,STAT,175.027283,79.112366,-384.042297,358.0215
MFC2025_EndAlz_Conspiracy.esm,0F001F06,000625CA,MetalBarrelMovable01,MSTT,538.724426,40.579594,-358.876434,0.1197
MFC2025_EndAlz_Conspiracy.esm,0F001F07,00018CD9,MetalBarrelStatic02,STAT,474.279205,70.591454,-384.009888,359.9965
MFC2025_EndAlz_Conspiracy.esm,0F001F08,000625CC,MetalBarrelMovable02,MSTT,416.346069,69.678314,-384.053497,0.1955
MFC2025_EndAlz_Conspiracy.esm,0F001F09,000211F6,WoodCrate02,STAT,-69.484146,-845.893005,-257.556030,270.6192
MFC2025_EndAlz_Conspiracy.esm,0F001F0A,000211F6,WoodCrate02,STAT,-68.785110,-840.089600,-218.678253,256.8683
MFC2025_EndAlz_Conspiracy.esm,0F001F0B,00018CD4,MetalBarrelStatic01,STAT,574.093628,-760.350891,-254.882797,57.5366
MFC2025_EndAlz_Conspiracy.esm,0F001F0C,00018CD4,MetalBarrelStatic01,STAT,573.729248,-702.307983,-254.882812,270.0000
MFC2025_EndAlz_Conspiracy.esm,0F001F0D,00018CD4,MetalBarrelStatic01,STAT,510.303314,-671.706787,-254.882828,270.0000
MFC2025_EndAlz_Conspiracy.esm,0F001F0E,00018CD4,MetalBarrelStatic01,STAT,515.740112,-689.802063,-178.070343,270.0000
MFC2025_EndAlz_Conspiracy.esm,0F001F0F,00018CD4,MetalBarrelStatic01,STAT,473.384827,-808.631592,-383.774750,359.4355
MFC2025_EndAlz_Conspiracy.esm,0F001F10,00045762,SandbagWall01,MSTT,621.213501,-295.924103,-383.999969,266.0357
MFC2025_EndAlz_Conspiracy.esm,0F001F11,000211F6,WoodCrate02,STAT,496.178070,-605.726440,-173.051483,180.0000
MFC2025_EndAlz_Conspiracy.esm,0F001F12,000211F6,WoodCrate02,STAT,488.592896,-615.554810,-254.882828,232.7576
MFC2025_EndAlz_Conspiracy.esm,0F001F13,0006795B,BldConcBgWallPlugABotDoor01,STAT,652.067810,-147.922913,-384.000000,0.0000
MFC2025_EndAlz_Conspiracy.esm,0F001F14,000679CC,BldConcMdWallScktABot01,STAT,524.067810,-147.922913,-384.000000,180.0000
MFC2025_EndAlz_Conspiracy.esm,0F001F15,000679D9,BldConcMdWallTopAlcove02,STAT,524.067810,-659.922913,-384.000000,180.0000
MFC2025_EndAlz_Conspiracy.esm,0F001F16,00029F2B,IndCatRampHalfLSide01,STAT,272.000000,-496.000000,-384.000000,180.0000
MFC2025_EndAlz_Conspiracy.esm,0F001F17,00067A70,BldConcSmFlrPlatTrimCorner01,STAT,224.000000,-768.000000,-256.000000,270.0000
MFC2025_EndAlz_Conspiracy.esm,0F001F18,00067A40,BldConcSmFlrOnly01,STAT,224.000000,-768.000000,-256.000000,180.0000
MFC2025_EndAlz_Conspiracy.esm,0F001F19,00067AA6,BldConcSmWall01,STAT,224.000000,-512.000000,-512.000000,270.0000
MFC2025_EndAlz_Conspiracy.esm,0F001F1A,00067AA6,BldConcSmWall01,STAT,480.000000,-768.000000,-512.000000,0.0000
MFC2025_EndAlz_Conspiracy.esm,0F001F1B,00067ABA,BldConcSmWallCorner01,STAT,352.000000,-640.000000,-512.000000,90.0000
MFC2025_EndAlz_Conspiracy.esm,0F001F1C,00067A40,BldConcSmFlrOnly01,STAT,256.000000,-768.000000,-384.000000,180.0000
MFC2025_EndAlz_Conspiracy.esm,0F001F1D,00067A70,BldConcSmFlrPlatTrimCorner01,STAT,224.000000,-768.000000,-375.716003,270.0000
MFC2025_EndAlz_Conspiracy.esm,0F001F1E,0008A500,IndFreeRail1WaySide04,STAT,272.000000,-752.000000,-256.000000,180.0000
MFC2025_EndAlz_Conspiracy.esm,0F001F1F,00067A71,BldConcSmFlrPlatTrimEdge01,STAT,0.000000,-512.000000,-256.000000,0.0000
MFC2025_EndAlz_Conspiracy.esm,0F001F20,00067AA6,BldConcSmWall01,STAT,256.000000,-512.000000,-512.000000,0.0000
MFC2025_EndAlz_Conspiracy.esm,0F001F21,00067955,BldConcBgWallPillar01,STAT,128.000000,-640.000000,-384.000000,0.0000
MFC2025_EndAlz_Conspiracy.esm,0F001F22,000679E9,BldConcMdWallUnderhang01,STAT,0.000000,-512.000000,-384.000000,180.0000
MFC2025_EndAlz_Conspiracy.esm,0F001F23,00067AA6,BldConcSmWall01,STAT,0.000000,-512.000000,0.000000,180.0000
MFC2025_EndAlz_Conspiracy.esm,0F001F24,0001CE3E,BldCopperPipeEnd01,STAT,27.097239,-617.632629,-11.124060,90.0000
MFC2025_EndAlz_Conspiracy.esm,0F001F25,0001CE3E,BldCopperPipeEnd01,STAT,10.246254,-603.534790,-11.124060,90.0000
MFC2025_EndAlz_Conspiracy.esm,0F001F26,0001CE3D,BldCopperPipe2Way01,STAT,266.246246,-603.534851,-11.124060,270.0001
MFC2025_EndAlz_Conspiracy.esm,0F001F27,0001CE30,BldSmPipeInsideWall02,STAT,138.246277,-490.304352,-257.362488,180.0000
MFC2025_EndAlz_Conspiracy.esm,0F001F28,0001CE3B,BldCopperPipe1Way01,STAT,266.246307,-347.534851,-11.124060,180.0000
MFC2025_EndAlz_Conspiracy.esm,0F001F29,0001CE3C,BldCopperPipe1Way02,STAT,266.246338,-91.534851,-11.124060,180.0000
MFC2025_EndAlz_Conspiracy.esm,0F001F2A,0001CE3C,BldCopperPipe1Way02,STAT,266.246399,164.465149,-11.124060,180.0000
MFC2025_EndAlz_Conspiracy.esm,0F001F2B,0001CE3B,BldCopperPipe1Way01,STAT,283.097229,-617.632690,-11.124060,90.0000
MFC2025_EndAlz_Conspiracy.esm,0F001F2C,0001CE3B,BldCopperPipe1Way01,STAT,539.097229,-617.632751,-11.124060,90.0000
MFC2025_EndAlz_Conspiracy.esm,0F001F2D,000CBCA6,BldConcMdWallScktGBot01,STAT,524.067810,-403.922913,-384.000000,180.0000
MFC2025_EndAlz_Conspiracy.esm,0F001F2E,000CBC92,BldConcSmWallPlugG01,STAT,652.067810,-403.922913,-384.000000,180.0000
MFC2025_EndAlz_Conspiracy.esm,0F001F2F,000679CC,BldConcMdWallScktABot01,STAT,780.067810,-147.922913,-384.000000,0.0000
MFC2025_EndAlz_Conspiracy.esm,0F001F30,000CBCA6,BldConcMdWallScktGBot01,STAT,780.067810,-403.922913,-384.000000,0.0000
MFC2025_EndAlz_Conspiracy.esm,0F001F31,00031EEF,IndSmPipe2Way01,STAT,343.898346,-588.404846,-346.442169,270.0000
MFC2025_EndAlz_Conspiracy.esm,0F001F32,000B133D,IndSmPipe1WayHalf01,STAT,343.898346,-588.404846,-346.442169,90.0001
MFC2025_EndAlz_Conspiracy.esm,0F001F33,000B133D,IndSmPipe1WayHalf01,STAT,215.898346,-588.404785,-346.442169,90.0001
MFC2025_EndAlz_Conspiracy.esm,0F001F34,00031EE8,IndSmPipe1Way01,STAT,407.898315,-652.404846,-346.442169,347.1184
MFC2025_EndAlz_Conspiracy.esm,0F001F35,000679AA,BldConcMdWall12,STAT,780.067627,-659.922913,-384.000000,0.0001
MFC2025_EndAlz_Conspiracy.esm,0F001F36,0006799B,BldConcMdWall01,STAT,780.067444,-915.922913,-384.000000,0.0000
MFC2025_EndAlz_Conspiracy.esm,0F001F37,00031EE7,IndSmPipeSealed01,STAT,408.006927,-878.042419,-346.441254,347.1184
MFC2025_EndAlz_Conspiracy.esm,0F001F38,000DB202,Shelf_Big_TwoPoles,STAT,587.185730,-864.000000,-384.000000,0.0000
MFC2025_EndAlz_Conspiracy.esm,0F001F39,000DB202,Shelf_Big_TwoPoles,STAT,587.185730,-352.000000,-384.000000,0.0000
MFC2025_EndAlz_Conspiracy.esm,0F001F3A,000DB202,Shelf_Big_TwoPoles,STAT,483.388519,-844.195679,-384.000000,0.0000
MFC2025_EndAlz_Conspiracy.esm,0F001F3B,000DB200,Shelf_Big_Wood,STAT,587.185730,-608.000000,-256.000000,180.0001
MFC2025_EndAlz_Conspiracy.esm,0F001F3C,000DB202,Shelf_Big_TwoPoles,STAT,587.185730,-352.000000,-256.000000,0.0000
MFC2025_EndAlz_Conspiracy.esm,0F001F3D,000DB200,Shelf_Big_Wood,STAT,587.185730,-608.000000,-74.624062,0.0000
MFC2025_EndAlz_Conspiracy.esm,0F001F3E,000DB203,Shelf_Big_End,STAT,587.185730,-608.000000,-74.624062,180.0001
MFC2025_EndAlz_Conspiracy.esm,0F001F3F,000DB203,Shelf_Big_End,STAT,587.185730,-608.000000,-256.000000,180.0001
MFC2025_EndAlz_Conspiracy.esm,0F001F40,000DB202,Shelf_Big_TwoPoles,STAT,587.185730,-352.000000,-128.000000,0.0000
MFC2025_EndAlz_Conspiracy.esm,0F001F41,000DB203,Shelf_Big_End,STAT,587.185730,-608.000000,-32.000000,180.0001
MFC2025_EndAlz_Conspiracy.esm,0F001F42,000DB203,Shelf_Big_End,STAT,587.185730,-96.000000,-32.000000,0.0000
MFC2025_EndAlz_Conspiracy.esm,0F001F43,000DB200,Shelf_Big_Wood,STAT,483.388519,-588.195679,-256.000000,180.0001
MFC2025_EndAlz_Conspiracy.esm,0F001F44,000DB203,Shelf_Big_End,STAT,483.388519,-588.195679,-256.000000,180.0001
MFC2025_EndAlz_Conspiracy.esm,0F001F45,000DB202,Shelf_Big_TwoPoles,STAT,483.388519,-332.195648,-256.000000,0.0000
MFC2025_EndAlz_Conspiracy.esm,0F001F46,000DB203,Shelf_Big_End,STAT,483.388519,-588.195679,-96.076157,180.0001
MFC2025_EndAlz_Conspiracy.esm,0F001F47,000DB203,Shelf_Big_End,STAT,483.388519,-588.195679,-32.000000,180.0001
MFC2025_EndAlz_Conspiracy.esm,0F001F48,000DB203,Shelf_Big_End,STAT,483.388519,-76.195641,-32.000000,0.0000
MFC2025_EndAlz_Conspiracy.esm,0F001F49,000DB200,Shelf_Big_Wood,STAT,483.388519,-588.195679,-96.076157,0.0000
MFC2025_EndAlz_Conspiracy.esm,0F001F4A,000DB202,Shelf_Big_TwoPoles,STAT,483.388519,-332.195648,-128.000000,0.0000
MFC2025_EndAlz_Conspiracy.esm,0F001F4B,000DB202,Shelf_Big_TwoPoles,STAT,483.388519,-332.195648,-384.000000,0.0000
MFC2025_EndAlz_Conspiracy.esm,0F001F4C,000DB202,Shelf_Big_TwoPoles,STAT,483.388275,-844.195679,-256.000000,0.0000
MFC2025_EndAlz_Conspiracy.esm,0F001F4D,000DB202,Shelf_Big_TwoPoles,STAT,483.388275,-844.195679,-128.000000,0.0000
MFC2025_EndAlz_Conspiracy.esm,0F001F4E,000DB203,Shelf_Big_End,STAT,483.388519,-588.195679,-96.076157,0.0000
MFC2025_EndAlz_Conspiracy.esm,0F001F4F,000DB203,Shelf_Big_End,STAT,483.388519,-588.195679,-256.000000,0.0000
MFC2025_EndAlz_Conspiracy.esm,0F001F50,000DB203,Shelf_Big_End,STAT,587.185730,-608.000000,-256.000000,0.0000
MFC2025_EndAlz_Conspiracy.esm,0F001F51,000DB203,Shelf_Big_End,STAT,587.185486,-608.000000,-74.624062,0.0000
MFC2025_EndAlz_Conspiracy.esm,0F001F52,000DB202,Shelf_Big_TwoPoles,STAT,587.185486,-864.000000,-256.000000,0.0000
MFC2025_EndAlz_Conspiracy.esm,0F001F53,000DB202,Shelf_Big_TwoPoles,STAT,587.185486,-864.000000,-128.000000,0.0000
MFC2025_EndAlz_Conspiracy.esm,0F001F54,000DB203,Shelf_Big_End,STAT,483.388763,-588.195679,-32.000000,0.0000
MFC2025_EndAlz_Conspiracy.esm,0F001F55,000DB203,Shelf_Big_End,STAT,587.185730,-608.000000,-32.000000,0.0000
MFC2025_EndAlz_Conspiracy.esm,0F001F56,000DB203,Shelf_Big_End,STAT,587.185242,-1120.000000,-32.000000,180.0001
MFC2025_EndAlz_Conspiracy.esm,0F001F57,000DB203,Shelf_Big_End,STAT,483.388550,-1100.195679,-32.000000,180.0001
MFC2025_EndAlz_Conspiracy.esm,0F001F58,000211F6,WoodCrate02,STAT,477.858368,-390.808350,-94.958961,237.0549
MFC2025_EndAlz_Conspiracy.esm,0F001F59,000211F7,WoodCrate03,STAT,477.450836,-524.849426,-94.958969,162.5704
MFC2025_EndAlz_Conspiracy.esm,0F001F5A,000211F6,WoodCrate02,STAT,466.375336,-723.023682,-94.958969,284.3239
MFC2025_EndAlz_Conspiracy.esm,0F001F5B,000C3885,WoodPallet02,STAT,46.759903,-860.477173,-187.818573,269.9999
MFC2025_EndAlz_Conspiracy.esm,0F001F5C,00018CD4,MetalBarrelStatic01,STAT,558.588257,-728.703552,-178.070312,146.8140
MFC2025_EndAlz_Conspiracy.esm,0F001F5D,00018CD4,MetalBarrelStatic01,STAT,586.476685,-780.114319,-178.070312,23.6281
MFC2025_EndAlz_Conspiracy.esm,0F001F5E,00018CD4,MetalBarrelStatic01,STAT,524.131165,-723.824707,-254.882812,149.6787
MFC2025_EndAlz_Conspiracy.esm,0F001F5F,00018CD4,MetalBarrelStatic01,STAT,602.165527,-808.324585,-254.882797,270.0000
MFC2025_EndAlz_Conspiracy.esm,0F001F60,000394D6,CaveRmWall01,STAT,1061.317383,-14.180475,-127.666008,0.0000
MFC2025_EndAlz_Conspiracy.esm,0F001F61,00067A2A,BldConcSmCeilOnly01,STAT,0.000000,0.000000,0.000000,90.0000
MFC2025_EndAlz_Conspiracy.esm,0F001F62,00067A40,BldConcSmFlrOnly01,STAT,0.000000,0.000000,0.000000,90.0000
MFC2025_EndAlz_Conspiracy.esm,0F001F63,00067AA6,BldConcSmWall01,STAT,0.000000,0.000000,0.000000,0.0000
MFC2025_EndAlz_Conspiracy.esm,0F001F64,00067AA6,BldConcSmWall01,STAT,0.000000,0.000000,0.000000,90.0000
MFC2025_EndAlz_Conspiracy.esm,0F001F65,0008C806,DebrisPileSmallConc04,STAT,668.067749,-578.051941,-356.227509,0.0000
MFC2025_EndAlz_Conspiracy.esm,0F001F66,0008C806,DebrisPileSmallConc04,STAT,668.067749,-712.584595,-367.507812,180.0000
MFC2025_EndAlz_Conspiracy.esm,0F001F67,0008C807,DebrisPileSmallConc05,STAT,743.532104,-443.820129,-384.000000,305.5688
MFC2025_EndAlz_Conspiracy.esm,0F001F68,0008C807,DebrisPileSmallConc05,STAT,906.000000,-600.000000,-384.000000,312.7307
MFC2025_EndAlz_Conspiracy.esm,0F001F69,0006FB24,BldConcSmDmgFlrChunk02,STAT,1013.000000,-157.000000,-384.000000,185.4887
MFC2025_EndAlz_Conspiracy.esm,0F001F6A,00067AB5,BldConcSmWall12,STAT,0.000000,0.000000,0.000000,180.0000
MFC2025_EndAlz_Conspiracy.esm,0F001F6B,0008B675,SkeletonBareBody01,MSTT,546.544434,-643.148132,-249.200775,88.1493
MFC2025_EndAlz_Conspiracy.esm,0F001F6C,00038C21,Loot_Raider_ExplosivesBox,CONT,535.003906,-576.697510,-253.089478,54.8996
MFC2025_EndAlz_Conspiracy.esm,0F001F6D,00067A2A,BldConcSmCeilOnly01,STAT,0.000000,-768.000000,-256.000000,90.0000
MFC2025_EndAlz_Conspiracy.esm,0F001F6E,00067A2A,BldConcSmCeilOnly01,STAT,256.000000,-768.000000,-256.000000,90.0000
MFC2025_EndAlz_Conspiracy.esm,0F001F6F,00067A40,BldConcSmFlrOnly01,STAT,-32.000000,-768.000000,-256.000000,180.0000
MFC2025_EndAlz_Conspiracy.esm,0F001F70,0006FB25,BldConcSmDmgFlrChunk03,STAT,1034.000000,-606.000000,-389.000000,245.4083
MFC2025_EndAlz_Conspiracy.esm,0F001F71,00067A40,BldConcSmFlrOnly01,STAT,256.000000,-512.000000,-384.000000,90.0000
MFC2025_EndAlz_Conspiracy.esm,0F001F72,00018779,FluorescentLight01,STAT,1005.000000,-350.000000,-33.000000,0.0000
MFC2025_EndAlz_Conspiracy.esm,0F001F73,0002B76F,FluorescentLightBeam01,MSTT,932.000000,-350.000000,-33.000000,0.0000
MFC2025_EndAlz_Conspiracy.esm,0F001F74,0004DE07,MuseumBounceWarm04NS,LIGH,1110.216797,-355.958252,-229.480911,291.5350
MFC2025_EndAlz_Conspiracy.esm,0F001F75,0004DE07,MuseumBounceWarm04NS,LIGH,1099.537964,-343.288391,-222.700989,291.5350
MFC2025_EndAlz_Conspiracy.esm,0F001F76,00067AB7,BldConcSmWall128Up02,STAT,0.000000,-256.000000,-128.000000,180.0000
MFC2025_EndAlz_Conspiracy.esm,0F001F77,00067AA6,BldConcSmWall01,STAT,0.000000,-768.000000,-256.000000,270.0000
MFC2025_EndAlz_Conspiracy.esm,0F001F78,00067AA6,BldConcSmWall01,STAT,256.000000,-768.000000,-256.000000,270.0000
MFC2025_EndAlz_Conspiracy.esm,0F001F79,00067AA6,BldConcSmWall01,STAT,0.000000,-768.000000,-256.000000,0.0000
MFC2025_EndAlz_Conspiracy.esm,0F001F7A,00067AB6,BldConcSmWall128Up01,STAT,0.000000,-256.000000,-128.000000,0.0000
MFC2025_EndAlz_Conspiracy.esm,0F001F7B,00067A0C,BldConcSmStairsBlockShort01,STAT,0.000000,-256.000000,-128.000000,180.0000
MFC2025_EndAlz_Conspiracy.esm,0F001F7C,00004E3B,CageBulb01,STAT,334.560425,-727.477112,-70.259712,0.0000
MFC2025_EndAlz_Conspiracy.esm,0F001F7D,0004DE07,MuseumBounceWarm04NS,LIGH,333.723297,-725.875061,-149.630142,46.5350
MFC2025_EndAlz_Conspiracy.esm,0F001F7E,0004DE07,MuseumBounceWarm04NS,LIGH,333.728088,-775.972595,-237.590179,119.7157
MFC2025_EndAlz_Conspiracy.esm,0F001F7F,0001D971,BlackWireSpline01,BNDS,334.560425,-727.477112,-51.838245,0.0000
MFC2025_EndAlz_Conspiracy.esm,0F001F80,0001D971,BlackWireSpline01,BNDS,272.816742,-691.178223,-33.094276,0.0000
MFC2025_EndAlz_Conspiracy.esm,0F001F81,0001D971,BlackWireSpline01,BNDS,105.676361,-366.636841,96.000000,0.0000
MFC2025_EndAlz_Conspiracy.esm,0F001F82,0001D971,BlackWireSpline01,BNDS,161.537933,-627.642090,-32.385887,0.0000
MFC2025_EndAlz_Conspiracy.esm,0F001F83,00027696,ExitSignRedNS,LIGH,69.972206,-7.699994,197.847000,90.0000
MFC2025_EndAlz_Conspiracy.esm,0F001F84,00027696,ExitSignRedNS,LIGH,68.263657,-3.382181,130.232773,90.0000
MFC2025_EndAlz_Conspiracy.esm,0F001F85,000211F7,WoodCrate03,STAT,520.499451,-531.661621,-201.855484,0.0000
MFC2025_EndAlz_Conspiracy.esm,0F001F86,00018CD4,MetalBarrelStatic01,STAT,516.356873,-458.203278,-254.882812,270.0000
MFC2025_EndAlz_Conspiracy.esm,0F001F87,0007350B,PlayerHouse_Ruin_Rug01,STAT,601.779907,-145.123474,-384.000000,110.2944
MFC2025_EndAlz_Conspiracy.esm,0F001F88,0008622A,SanctuaryMailboxEmpty,CONT,605.117920,-218.085144,-384.000000,73.0563
MFC2025_EndAlz_Conspiracy.esm,0F001F89,0009B068,PosterCivil,STAT,288.899384,-759.879395,-255.899994,338.7550
MFC2025_EndAlz_Conspiracy.esm,0F001F8A,0008C807,DebrisPileSmallConc05,STAT,228.074707,-820.143433,-256.000000,312.7307
MFC2025_EndAlz_Conspiracy.esm,0F001F8B,0005C416,DefaultLightWhite01,LIGH,334.560425,-727.477112,-84.441536,16.7073
MFC2025_EndAlz_Conspiracy.esm,0F001F8C,0001CE94,FluorescentLightThin01,STAT,601.375427,-149.393463,-35.616798,90.0000
MFC2025_EndAlz_Conspiracy.esm,0F001F8D,0002B770,FluorescentLightBeam01Thin,MSTT,601.375427,-149.393463,-35.616798,90.0000
MFC2025_EndAlz_Conspiracy.esm,0F001F8E,0004DE07,MuseumBounceWarm04NS,LIGH,542.140259,-148.259750,-309.439423,297.0447
MFC2025_EndAlz_Conspiracy.esm,0F001F8F,0004DE07,MuseumBounceWarm04NS,LIGH,557.580688,-141.430771,-162.466049,297.0447
MFC2025_EndAlz_Conspiracy.esm,0F001F96,00001E0A,CinderBlocks02,STAT,740.000000,-430.000000,-384.000000,0.0000
MFC2025_EndAlz_Conspiracy.esm,0F001F99,000FE2A7,PlayerHouse_Ruin_CurtainRod04,STAT,669.000000,-404.000000,-164.000000,90.0000
MFC2025_EndAlz_Conspiracy.esm,0F001F9A,0007481B,PlayerHouse_Curtain01,STAT,673.000000,-339.000000,-163.000000,90.0000
MFC2025_EndAlz_Conspiracy.esm,0F001F9B,0007481B,PlayerHouse_Curtain01,STAT,673.000000,-470.000000,-163.000000,90.0000
MFC2025_EndAlz_Conspiracy.esm,0F001F9C,0007481B,PlayerHouse_Curtain01,STAT,673.000000,-389.000000,-163.000000,90.0000
MFC2025_EndAlz_Conspiracy.esm,0F001F9D,00001E09,CinderBlocks01,STAT,941.000000,-429.000000,-384.000000,0.0000
MFC2025_EndAlz_Conspiracy.esm,0F001F9E,00035A1C,RRBaseCrazyPapers01,STAT,670.000000,-650.000000,-220.000000,90.0000
MFC2025_EndAlz_Conspiracy.esm,0F001F9F,000ABFEC,Halloween_Banner_StringLong,STAT,669.000000,-619.000000,-207.000000,90.0000
MFC2025_EndAlz_Conspiracy.esm,0F001FA1,000AB720,PlayerHouse_Ruin_KitchenRefrigerator02_Static_Blue,STAT,700.000000,-56.000000,-384.000000,268.3270
MFC2025_EndAlz_Conspiracy.esm,0F001FA2,0010C2A6,PlayerHouse_Ruin_KitchenRefrigeratorDoor02Static_Blue,STAT,699.000000,-57.000000,-384.000000,268.3269
MFC2025_EndAlz_Conspiracy.esm,0F001FA3,0009BECB,UtilitySink,STAT,693.000000,9.000000,-384.000000,270.0000
MFC2025_EndAlz_Conspiracy.esm,0F001FA4,0019AC73,HighTechTrashCan01Dirty,CONT,702.000000,84.000000,-384.000000,337.0817
MFC2025_EndAlz_Conspiracy.esm,0F001FA5,0005238F,Broom01,MISC,692.000000,61.000000,-343.000000,314.1635
MFC2025_EndAlz_Conspiracy.esm,0F001FA6,00059AEE,Mop,MISC,675.000000,51.000000,-335.000000,0.0000
MFC2025_EndAlz_Conspiracy.esm,0F001FA7,00059A80,MetalBucket,MISC,685.000000,50.000000,-384.000000,0.0000
MFC2025_EndAlz_Conspiracy.esm,0F001FAA,000AB568,NpcBedVaultBunkLay01,FURN,1055.000000,-825.000000,-384.000000,84.9806
MFC2025_EndAlz_Conspiracy.esm,0F001FAB,000EE9EF,NpcBedSleepingBagSleep01Static,STAT,1043.000000,-815.000000,-340.000000,84.9805
MFC2025_EndAlz_Conspiracy.esm,0F001FAC,000CA877,Loot_IndustrialTrunk_Boss,CONT,944.572693,-827.741943,-384.000000,80.2143
MFC2025_EndAlz_Conspiracy.esm,0F001FAD,00060EC8,Pillow_02_Comfy,MISC,1114.166504,-804.463623,-255.125000,268.3269
MFC2025_EndAlz_Conspiracy.esm,0F001FAE,00059B14,TeddyBear,MISC,1120.000000,-838.000000,-331.000000,138.0840
MFC2025_EndAlz_Conspiracy.esm,0F001FAF,00060EC8,Pillow_02_Comfy,MISC,1120.000000,-855.000000,-330.000000,339.7139
MFC2025_EndAlz_Conspiracy.esm,0F001FB0,0004D1CE,PlayerHouse_Rug02,STAT,1053.000000,-759.000000,-384.000000,268.3269
MFC2025_EndAlz_Conspiracy.esm,0F001FB2,000CFE8C,Prewar_Office_Desk_01_Static,STAT,855.000000,-534.000000,-384.000000,80.2143
MFC2025_EndAlz_Conspiracy.esm,0F001FB3,000F4A7D,SanctACT_DeskFanOffice01,ACTI,858.978210,-482.777863,-328.000000,222.4904
MFC2025_EndAlz_Conspiracy.esm,0F001FB4,00027EB6,PlayerHouse_Rug05,STAT,756.000000,-668.000000,-384.000000,0.0000
MFC2025_EndAlz_Conspiracy.esm,0F001FB5,0016BAF3,PaperDebris01,STAT,696.000000,-591.000000,-384.000000,80.2141
MFC2025_EndAlz_Conspiracy.esm,0F001FB6,0016BAF5,PaperDebris02,STAT,713.000000,-682.000000,-384.000000,256.8677
MFC2025_EndAlz_Conspiracy.esm,0F001FB7,0016BAF5,PaperDebris02,STAT,765.931396,-754.414429,-384.000000,119.3580
MFC2025_EndAlz_Conspiracy.esm,0F001FB8,0016BAF3,PaperDebris01,STAT,717.000000,-833.000000,-384.000000,302.7044
MFC2025_EndAlz_Conspiracy.esm,0F001FB9,0016BAF3,PaperDebris01,STAT,701.000000,-752.000000,-384.000000,233.9495
MFC2025_EndAlz_Conspiracy.esm,0F001FBA,000EF2D1,Clock02_Wall,STAT,668.000000,-530.000000,-218.000000,268.3269
MFC2025_EndAlz_Conspiracy.esm,0F001FBB,00091FD2,MS11PowerCables,MISC,830.000000,-490.000000,-327.000000,0.0000
MFC2025_EndAlz_Conspiracy.esm,0F001FBC,0001F43E,FederalistBookcaseShort01,STAT,692.000000,-549.000000,-384.000000,176.6537
MFC2025_EndAlz_Conspiracy.esm,0F001FBD,0003A9EB,OfficeBoxPapers01,STAT,693.000000,-531.000000,-319.000000,0.0000
MFC2025_EndAlz_Conspiracy.esm,0F001FBE,0003A9EC,OfficeBoxPapers02,STAT,700.000000,-626.000000,-326.000000,194.8057
MFC2025_EndAlz_Conspiracy.esm,0F001FBF,0003A9ED,OfficeBoxPapers03,STAT,692.000000,-468.000000,-384.000000,11.4592
MFC2025_EndAlz_Conspiracy.esm,0F001FC0,001368AF,RailroadScanner,STAT,703.000000,-822.000000,-383.000000,325.6226
MFC2025_EndAlz_Conspiracy.esm,0F001FC1,000C4F66,MS11PowerRelayCoil_Static,STAT,696.000000,-563.000000,-318.000000,34.3775
MFC2025_EndAlz_Conspiracy.esm,0F001FC2,000C4F66,MS11PowerRelayCoil_Static,STAT,691.000000,-560.000000,-318.000000,114.5916
MFC2025_EndAlz_Conspiracy.esm,0F001FC3,000C4F66,MS11PowerRelayCoil_Static,STAT,690.000000,-565.000000,-317.000000,14.0912
MFC2025_EndAlz_Conspiracy.esm,0F001FC4,00184ABA,LowPoly_Photo,STAT,700.000000,-479.000000,-362.000000,1.0002
MFC2025_EndAlz_Conspiracy.esm,0F001FC5,0020B29A,HighPoly_PhotoSilverShroud,STAT,701.000000,-469.000000,-362.000000,126.0509
MFC2025_EndAlz_Conspiracy.esm,0F001FC6,001F6AB7,DN015_TestTubeRackStatic,STAT,692.000000,-581.000000,-320.000000,314.1634
MFC2025_EndAlz_Conspiracy.esm,0F001FC7,000C9A83,PrewarBookStackSm01,STAT,688.000000,-589.000000,-339.000000,270.0000
MFC2025_EndAlz_Conspiracy.esm,0F001FC8,000C9A84,PrewarBookStackSm02,STAT,689.000000,-575.000000,-340.000000,270.0000
MFC2025_EndAlz_Conspiracy.esm,0F001FC9,000FE257,OverdueBook,MISC,694.000000,-567.750000,-338.500000,268.3259
MFC2025_EndAlz_Conspiracy.esm,0F001FCA,00060EC0,Yarn_01_Cotton,MISC,694.137207,-546.661011,-348.000000,0.0000
MFC2025_EndAlz_Conspiracy.esm,0F001FCB,0014DB9D,HighPoly_NewspapePublickOccurrences,STAT,694.000000,-578.000000,-375.750000,0.0000
MFC2025_EndAlz_Conspiracy.esm,0F001FCC,001793E2,HighPoly_MS13Note,STAT,693.000000,-555.000000,-376.000000,91.6733
MFC2025_EndAlz_Conspiracy.esm,0F001FCD,001793E2,HighPoly_MS13Note,STAT,693.000000,-555.000000,-375.339996,103.6733
MFC2025_EndAlz_Conspiracy.esm,0F001FCE,001715C1,DN015_PuzIsotopeStatic,STAT,701.000000,-556.000000,-318.000000,211.0312
MFC2025_EndAlz_Conspiracy.esm,0F001FCF,00049621,OfficeFileCabinetEmpty01,STAT,695.000000,-765.000000,-356.000000,0.0000
MFC2025_EndAlz_Conspiracy.esm,0F001FD0,0003A9EB,OfficeBoxPapers01,STAT,695.000000,-675.000000,-341.000000,90.0000
MFC2025_EndAlz_Conspiracy.esm,0F001FD1,0003A9EB,OfficeBoxPapers01,STAT,695.000000,-699.000000,-343.000000,270.0000
MFC2025_EndAlz_Conspiracy.esm,0F001FD2,0003A9EB,OfficeBoxPapers01,STAT,695.000000,-726.000000,-341.000000,90.0000
MFC2025_EndAlz_Conspiracy.esm,0F001FD3,0003A9EB,OfficeBoxPapers01,STAT,695.000000,-750.000000,-343.000000,270.0000
MFC2025_EndAlz_Conspiracy.esm,0F001FD4,000FD397,OfficeBoxPapers03Prewar,STAT,689.000000,-519.000000,-376.000000,0.0000
MFC2025_EndAlz_Conspiracy.esm,0F001FD5,0002B6E2,LunchPail,CONT,692.000000,-513.000000,-348.000000,268.3269
MFC2025_EndAlz_Conspiracy.esm,0F001FD6,001AE1F4,Beercrate_Static,STAT,783.000000,-465.000000,-380.000000,0.0000
MFC2025_EndAlz_Conspiracy.esm,0F001FD7,001D9FEB,FederalistDesk01_Prewar_Empty,CONT,819.000000,-846.000000,-384.000000,91.6733
MFC2025_EndAlz_Conspiracy.esm,0F001FD8,000F9CF9,Speaker,STAT,872.000000,-869.000000,-314.000000,165.1946
MFC2025_EndAlz_Conspiracy.esm,0F001FD9,00026F01,SafeNoDoor,STAT,694.000000,-627.000000,-384.000000,268.3269
MFC2025_EndAlz_Conspiracy.esm,0F001FDA,000399ED,ToolRackGarage01,STAT,818.000000,-880.000000,-244.000000,180.0000
MFC2025_EndAlz_Conspiracy.esm,0F001FDB,0017A632,RadioMicrophoneTable01Static,STAT,826.000000,-836.000000,-327.000000,0.0000
MFC2025_EndAlz_Conspiracy.esm,0F001FDC,00047853,Terminal01,STAT,770.000000,-853.000000,-327.000000,199.5720
MFC2025_EndAlz_Conspiracy.esm,0F001FDD,0011EA9E,BeerGwinnettAleEmpty01,MISC,847.000000,-844.000000,-327.000000,291.2451
MFC2025_EndAlz_Conspiracy.esm,0F001FDE,00140AF0,FolderPapers01,MISC,859.000000,-827.000000,-327.000000,325.6226
MFC2025_EndAlz_Conspiracy.esm,0F001FDF,0008E371,Ashtray01_Filled,MISC,841.000000,-836.000000,-327.250000,91.6732
MFC2025_EndAlz_Conspiracy.esm,0F001FE0,00187668,PictureFramePortrait03,STAT,670.000000,-816.000000,-250.000000,270.0000
MFC2025_EndAlz_Conspiracy.esm,0F001FE2,000D83CC,NpcChairIndustrialMetalOfficeSit01,FURN,806.000000,-536.000000,-384.000000,103.1324
MFC2025_EndAlz_Conspiracy.esm,0F001FE3,0014FC99,TinkerTomScanner,STAT,855.000000,-548.000000,-373.000000,91.6732
MFC2025_EndAlz_Conspiracy.esm,0F001FE4,001715F6,FederalistBookcase_Broken01,STAT,916.000000,-500.000000,-384.000000,176.6537
MFC2025_EndAlz_Conspiracy.esm,0F001FE5,0001F43F,FederalistBookcaseStack01,STAT,1052.000000,-490.000000,-384.000000,353.3076
MFC2025_EndAlz_Conspiracy.esm,0F001FE7,0019B5A1,PlayerHouse_Ruin_CoffeeTable01Debris01,SCOL,888.000000,-283.000000,-384.000000,0.0000
MFC2025_EndAlz_Conspiracy.esm,0F001FE8,00075F4B,PlayerHouse_Ruin_Ottoman01,STAT,1023.000000,-310.000000,-384.000000,0.0000
MFC2025_EndAlz_Conspiracy.esm,0F001FE9,00075F4A,PlayerHouse_Ruin_EndTable02,STAT,699.000000,-236.000000,-384.000000,256.8678
MFC2025_EndAlz_Conspiracy.esm,0F001FEA,0008E7C5,OilLampOn,STAT,706.000000,-230.000000,-335.000000,0.0000
MFC2025_EndAlz_Conspiracy.esm,0F001FEB,000EA1BC,NpcCouchModernDomesticSit01,FURN,885.000000,-372.000000,-384.000000,0.0000
MFC2025_EndAlz_Conspiracy.esm,0F001FEC,000EA1BB,NpcChairModernDomesticSit03,FURN,717.000000,-320.000000,-384.000000,57.2959
MFC2025_EndAlz_Conspiracy.esm,0F001FED,00075F3F,PlayerHouse_Ruin_EndTable01,STAT,751.000000,-387.000000,-384.000000,0.0000
MFC2025_EndAlz_Conspiracy.esm,0F001FEE,0019B5BF,PlayerHouse_Ruin_WetBar02Debris02,SCOL,1027.000000,-389.000000,-384.000000,171.8874
MFC2025_EndAlz_Conspiracy.esm,0F001FEF,00027EB5,PlayerHouse_Rug04,STAT,896.000000,-292.000000,-384.000000,268.3270
MFC2025_EndAlz_Conspiracy.esm,0F001FF0,00017DD7,MetalShelf01,STAT,785.000000,88.000000,-384.000000,0.0000
MFC2025_EndAlz_Conspiracy.esm,0F001FF1,000366BA,SalisburySteak,ALCH,741.000000,98.000000,-287.000000,0.0000
MFC2025_EndAlz_Conspiracy.esm,0F001FF2,000366BA,SalisburySteak,ALCH,755.000000,98.000000,-287.000000,256.8678
MFC2025_EndAlz_Conspiracy.esm,0F001FF3,000366BA,SalisburySteak,ALCH,755.000000,92.000000,-287.000000,268.3269
MFC2025_EndAlz_Conspiracy.esm,0F001FF4,000366BA,SalisburySteak,ALCH,755.000000,74.000000,-285.000000,270.0537
MFC2025_EndAlz_Conspiracy.esm,0F001FF5,00090E5E,ShoppingBasket,MISC,824.000000,90.000000,-351.000000,268.3269
MFC2025_EndAlz_Conspiracy.esm,0F001FF6,001A5949,WoodBasket,MSTT,765.000000,72.000000,-384.000000,0.0000
MFC2025_EndAlz_Conspiracy.esm,0F001FF7,04000B52,DLC05WorkshopConduitLight,LIGH,692.530090,-744.500854,-147.985016,0.0000
MFC2025_EndAlz_Conspiracy.esm,0F001FF8,001BE890,ClothesHanger01,MISC,791.000000,-873.000000,-214.199997,90.0000
MFC2025_EndAlz_Conspiracy.esm,0F001FF9,001BE890,ClothesHanger01,MISC,806.000000,-873.000000,-218.500000,270.0000
MFC2025_EndAlz_Conspiracy.esm,0F001FFB,001BE890,ClothesHanger01,MISC,693.000000,40.000000,-183.000000,291.2452
MFC2025_EndAlz_Conspiracy.esm,0F001FFC,001BE890,ClothesHanger01,MISC,682.565918,25.994480,-180.050003,337.0819
MFC2025_EndAlz_Conspiracy.esm,0F001FFD,02000917,WorkshopStringofLights,LIGH,702.924377,58.406349,-168.000000,211.0311
MFC2025_EndAlz_Conspiracy.esm,0F001FFE,001BE890,ClothesHanger01,MISC,702.431274,57.080940,-184.600006,314.1635
MFC2025_EndAlz_Conspiracy.esm,0F001FFF,001BE890,ClothesHanger01,MISC,711.000000,72.000000,-184.000000,291.2453
MFC2025_EndAlz_Conspiracy.esm,0F002000,001BE890,ClothesHanger01,MISC,724.269165,93.469193,-179.000000,279.7860
MFC2025_EndAlz_Conspiracy.esm,0F002001,02000917,WorkshopStringofLights,LIGH,705.000000,-827.000000,-152.000000,325.6226
MFC2025_EndAlz_Conspiracy.esm,0F002002,001BE890,ClothesHanger01,MISC,728.000000,-861.000000,-163.000000,34.3775
MFC2025_EndAlz_Conspiracy.esm,0F002003,001BE890,ClothesHanger01,MISC,695.000000,-813.000000,-167.750000,34.3775
MFC2025_EndAlz_Conspiracy.esm,0F002004,001BE890,ClothesHanger01,MISC,678.000000,-787.000000,-161.000000,22.9183
MFC2025_EndAlz_Conspiracy.esm,0F002005,001BE890,ClothesHanger01,MISC,684.000000,-795.000000,-164.050003,45.8367
MFC2025_EndAlz_Conspiracy.esm,0F002006,001BE890,ClothesHanger01,MISC,689.000000,-805.000000,-166.199997,45.8366
MFC2025_EndAlz_Conspiracy.esm,0F002007,001BE890,ClothesHanger01,MISC,704.000000,-826.000000,-168.600006,68.7550
MFC2025_EndAlz_Conspiracy.esm,0F002008,001BE890,ClothesHanger01,MISC,710.000000,-834.000000,-168.300003,57.2959
MFC2025_EndAlz_Conspiracy.esm,0F002009,001BE890,ClothesHanger01,MISC,714.000000,-840.000000,-168.000000,45.8367
MFC2025_EndAlz_Conspiracy.esm,0F00200A,001BE890,ClothesHanger01,MISC,672.000000,-444.000000,-163.000000,19.0000
MFC2025_EndAlz_Conspiracy.esm,0F00200B,001D1F0D,SafeDoor,STAT,693.000000,-627.000000,-386.000000,270.0000
MFC2025_EndAlz_Conspiracy.esm,0F00200C,00099D14,DN057_ToolBox,CONT,862.000000,-426.000000,-298.000000,80.2142
MFC2025_EndAlz_Conspiracy.esm,0F00200D,0004D1F5,Wrench01,MISC,841.000000,-875.000000,-248.600006,272.5802
MFC2025_EndAlz_Conspiracy.esm,0F00200E,0002FBE4,BlamcoMacAndCheese,ALCH,797.000000,84.000000,-287.000000,0.0000
MFC2025_EndAlz_Conspiracy.esm,0F00200F,000330B4,FancyLadSnackCakes,ALCH,827.000000,100.000000,-287.000000,291.2452
MFC2025_EndAlz_Conspiracy.esm,0F002010,000330F0,PorknBeans,ALCH,797.000000,82.000000,-319.000000,0.0000
MFC2025_EndAlz_Conspiracy.esm,0F002011,00020191,PlayerHouse_CoffeeTin01,MISC,746.000000,101.000000,-319.000000,217.7240
MFC2025_EndAlz_Conspiracy.esm,0F002012,00043FC9,PlayerHouse_Ruin_Kitchen_Cabinet06_BareMetal,STAT,1031.000000,82.000000,-384.000000,0.0000
MFC2025_EndAlz_Conspiracy.esm,0F002013,000366C4,bourbon,ALCH,816.000000,97.000000,-255.000000,337.0818
MFC2025_EndAlz_Conspiracy.esm,0F002014,0006352F,DN124_BuzzBites,ALCH,819.098511,86.292389,-319.000000,11.4592
MFC2025_EndAlz_Conspiracy.esm,0F002015,000BEA58,Dogfood,ALCH,776.000000,95.000000,-319.000000,0.0000
MFC2025_EndAlz_Conspiracy.esm,0F002016,000EF24D,Gourd,ALCH,762.000000,62.000000,-373.000000,68.7549
MFC2025_EndAlz_Conspiracy.esm,0F002017,000330FC,Gumdrops,ALCH,826.070801,69.303665,-319.000000,68.7549
MFC2025_EndAlz_Conspiracy.esm,0F002018,0016D8C8,LukowskisPottedMeat,ALCH,757.000000,82.000000,-319.000000,57.2958
MFC2025_EndAlz_Conspiracy.esm,0F002019,000FAFEB,Melon,ALCH,760.000000,84.000000,-384.000000,0.0000
MFC2025_EndAlz_Conspiracy.esm,0F00201A,000E9284,MS17DeezerLemonade,ALCH,799.000000,96.000000,-319.000000,0.0000
MFC2025_EndAlz_Conspiracy.esm,0F00201B,00050C28,MoonshineBobrov,ALCH,805.000000,100.000000,-255.000000,302.7043
MFC2025_EndAlz_Conspiracy.esm,0F00201C,0004835D,NukaCola,ALCH,742.000000,88.000000,-257.000000,194.8057
MFC2025_EndAlz_Conspiracy.esm,0F00201D,00048360,NukaColaCherry,ALCH,751.000000,97.000000,-257.000000,130.8171
MFC2025_EndAlz_Conspiracy.esm,0F00201E,0004835F,NukaColaQuantum,ALCH,793.000000,85.000000,-257.000000,0.0000
MFC2025_EndAlz_Conspiracy.esm,0F00201F,00033102,Mutfruit,ALCH,822.000000,84.000000,-346.000000,34.3775
MFC2025_EndAlz_Conspiracy.esm,0F002020,00145857,Rum,ALCH,783.764893,98.492737,-255.000000,0.0000
MFC2025_EndAlz_Conspiracy.esm,0F002021,000330F2,SugarBombs,ALCH,781.000000,85.000000,-288.000000,176.6538
MFC2025_EndAlz_Conspiracy.esm,0F002022,0009DCC4,Tato,ALCH,818.000000,98.000000,-349.000000,0.0000
MFC2025_EndAlz_Conspiracy.esm,0F002023,000366C0,WaterPurified,ALCH,776.479248,83.189270,-255.000000,0.0000
MFC2025_EndAlz_Conspiracy.esm,0F002024,000366BD,YumYumDeviledEggs,ALCH,783.000000,76.000000,-318.000000,90.0000
MFC2025_EndAlz_Conspiracy.esm,0F002025,000366C3,Vodka,ALCH,826.000000,90.000000,-255.000000,0.0000
MFC2025_EndAlz_Conspiracy.esm,0F002026,000366C2,Wine,ALCH,765.000000,87.000000,-255.000000,0.0000
MFC2025_EndAlz_Conspiracy.esm,0F002027,000366BE,SweetRoll,ALCH,704.644958,-34.994591,-313.178284,0.0000
MFC2025_EndAlz_Conspiracy.esm,0F002028,0004A3B9,VegetableSoup,ALCH,711.252686,-53.171436,-313.650574,0.0000
MFC2025_EndAlz_Conspiracy.esm,0F002029,001A71E7,SouffleDeathclaw,ALCH,706.520081,-40.884083,-340.370056,0.0000
MFC2025_EndAlz_Conspiracy.esm,0F00202A,00178B1A,BeerGwinnettPale_Cold,ALCH,698.357361,-78.093094,-313.741943,0.0000
MFC2025_EndAlz_Conspiracy.esm,0F00202B,00178B19,BeerGwinnettLager_Cold,ALCH,699.453247,-63.575653,-313.526184,229.1832
MFC2025_EndAlz_Conspiracy.esm,0F00202C,00178B1C,BeerGwinnettStout_Cold,ALCH,706.039429,-71.218781,-313.821259,291.2451
MFC2025_EndAlz_Conspiracy.esm,0F00202D,000330F8,Corn,ALCH,707.000000,-65.000000,-339.000000,185.0000
MFC2025_EndAlz_Conspiracy.esm,0F00202E,000330F8,Corn,ALCH,707.000000,-61.000000,-339.000000,185.0000
MFC2025_EndAlz_Conspiracy.esm,0F00202F,000330F8,Corn,ALCH,707.000000,-69.000000,-339.000000,185.0000
MFC2025_EndAlz_Conspiracy.esm,0F002030,000330F8,Corn,ALCH,707.000000,-67.000000,-336.000000,185.0000
MFC2025_EndAlz_Conspiracy.esm,0F002031,000330F8,Corn,ALCH,707.000000,-63.000000,-336.000000,185.0000
MFC2025_EndAlz_Conspiracy.esm,0F002032,000330F8,Corn,ALCH,707.000000,-65.000000,-332.000000,185.0000
MFC2025_EndAlz_Conspiracy.esm,0F002033,000330EE,Cram,ALCH,706.806152,-51.803368,-340.686279,22.9183
MFC2025_EndAlz_Conspiracy.esm,0F002034,0002FBF7,DandyBoyApples,ALCH,708.909607,-64.433456,-368.062500,0.0000
MFC2025_EndAlz_Conspiracy.esm,0F002035,00102157,IguanaSoup,ALCH,704.000000,-49.000000,-368.000000,0.0000
MFC2025_EndAlz_Conspiracy.esm,0F002036,000211CC,CoffeePot01,MISC,940.372437,83.582802,-296.000000,68.7550
MFC2025_EndAlz_Conspiracy.esm,0F002037,00059ADB,HotPlate,MISC,940.000000,84.000000,-306.000000,68.7550
MFC2025_EndAlz_Conspiracy.esm,0F002038,000E9284,MS17DeezerLemonade,ALCH,806.000000,101.000000,-319.000000,0.0000
MFC2025_EndAlz_Conspiracy.esm,0F002039,000330F0,PorknBeans,ALCH,805.000000,77.000000,-319.000000,57.2958
MFC2025_EndAlz_Conspiracy.esm,0F00203A,000BEA58,Dogfood,ALCH,765.000000,104.000000,-319.000000,279.7860
MFC2025_EndAlz_Conspiracy.esm,0F00203B,000366BD,YumYumDeviledEggs,ALCH,786.000000,78.000000,-315.299988,90.0000
MFC2025_EndAlz_Conspiracy.esm,0F00203C,0002FBE4,BlamcoMacAndCheese,ALCH,805.000000,87.000000,-287.000000,337.0817
MFC2025_EndAlz_Conspiracy.esm,0F00203D,000330B4,FancyLadSnackCakes,ALCH,827.000000,92.000000,-287.000000,256.8679
MFC2025_EndAlz_Conspiracy.esm,0F00203E,000330F2,SugarBombs,ALCH,791.000000,87.000000,-288.000000,0.0000
MFC2025_EndAlz_Conspiracy.esm,0F00203F,000330F2,SugarBombs,ALCH,786.000000,87.000000,-288.000000,0.0000
MFC2025_EndAlz_Conspiracy.esm,0F002040,0009DCC4,Tato,ALCH,817.000000,91.000000,-350.000000,0.0000
MFC2025_EndAlz_Conspiracy.esm,0F002041,00050C28,MoonshineBobrov,ALCH,812.000000,83.000000,-255.000000,11.4592
MFC2025_EndAlz_Conspiracy.esm,0F002042,00165328,PlateCeramic01_Yellow_Dirty,MISC,759.713196,91.806183,-350.031311,0.0000
MFC2025_EndAlz_Conspiracy.esm,0F002043,00165328,PlateCeramic01_Yellow_Dirty,MISC,760.000000,92.000000,-349.000000,0.0000
MFC2025_EndAlz_Conspiracy.esm,0F002044,00165328,PlateCeramic01_Yellow_Dirty,MISC,760.000000,92.000000,-348.000000,0.0000
MFC2025_EndAlz_Conspiracy.esm,0F002045,00165326,PlateCeramic01_White_Dirty,MISC,760.000000,95.000000,-347.000000,0.0000
MFC2025_EndAlz_Conspiracy.esm,0F002046,00165326,PlateCeramic01_White_Dirty,MISC,760.000000,95.000000,-346.000000,0.0000
MFC2025_EndAlz_Conspiracy.esm,0F002047,00059AFA,Plate_01_Plastic,MISC,1126.000000,73.000000,-306.000000,0.0000
MFC2025_EndAlz_Conspiracy.esm,0F002048,00059AFA,Plate_01_Plastic,MISC,1126.000000,73.000000,-305.000000,0.0000
MFC2025_EndAlz_Conspiracy.esm,0F002049,00059AFA,Plate_01_Plastic,MISC,1126.000000,73.000000,-304.000000,0.0000
MFC2025_EndAlz_Conspiracy.esm,0F00204A,00023C3A,NoodleBowlPile,STAT,1140.000000,95.000000,-306.000000,0.0000
MFC2025_EndAlz_Conspiracy.esm,0F00204B,00101CB9,CatBowl,MISC,1117.045654,97.075897,-306.000000,0.0000
MFC2025_EndAlz_Conspiracy.esm,0F00204C,00060ED9,Bowl_01_Plastic,MISC,1100.256714,100.361588,-306.000000,0.0000
MFC2025_EndAlz_Conspiracy.esm,0F00204D,00060ED9,Bowl_01_Plastic,MISC,1100.000000,100.000000,-305.000000,0.0000
MFC2025_EndAlz_Conspiracy.esm,0F00204E,00060ED9,Bowl_01_Plastic,MISC,1100.000000,100.000000,-304.000000,0.0000
MFC2025_EndAlz_Conspiracy.esm,0F00204F,00059ACB,Fork_01_Plastic,MISC,1110.000000,70.000000,-306.000000,337.0818
MFC2025_EndAlz_Conspiracy.esm,0F002050,00060E93,Fork_02_StainlessSteel,MISC,1125.000000,68.000000,-302.000000,22.9183
MFC2025_EndAlz_Conspiracy.esm,0F002051,0018766B,PictureFramePortrait06,STAT,1034.000000,112.000000,-238.000000,0.0000
MFC2025_EndAlz_Conspiracy.esm,0F002052,000A78FE,DaisyRug,STAT,985.546082,-24.556114,-383.994324,0.0000
MFC2025_EndAlz_Conspiracy.esm,0F002053,00027EBA,PlayerHouse_Ruin_Rug05,STAT,803.000000,-17.000000,-384.000000,45.8367
MFC2025_EndAlz_Conspiracy.esm,0F002054,000C5750,DCKitPlankBroke02,STAT,993.000000,-455.000000,-346.000000,268.3269
MFC2025_EndAlz_Conspiracy.esm,0F002055,0006D140,EnamelBucket01,MISC,983.000000,-468.000000,-384.000000,0.0000
MFC2025_EndAlz_Conspiracy.esm,0F002056,000C5738,DCKitPlankMed04,STAT,986.000000,-478.000000,-347.000000,268.3269
MFC2025_EndAlz_Conspiracy.esm,0F002057,0002FA4F,WaxCandle02,STAT,927.000000,-519.000000,-235.000000,0.0000
MFC2025_EndAlz_Conspiracy.esm,0F002058,000DEDED,BottleEmptyWine01,MISC,926.849976,-519.042847,-256.000000,0.0000
MFC2025_EndAlz_Conspiracy.esm,0F002059,001E2121,defaultLightCandle03FlickerNS,LIGH,927.000000,-519.000000,-229.000000,0.0000
MFC2025_EndAlz_Conspiracy.esm,0F00205A,00035A0D,WaxCandlePuddle01,STAT,915.000000,-493.000000,-256.000000,0.0000
MFC2025_EndAlz_Conspiracy.esm,0F00205B,0002FA4E,WaxCandle01,STAT,915.000000,-493.000000,-255.000000,0.0000
MFC2025_EndAlz_Conspiracy.esm,0F00205C,000995B4,DefaultCandleLight01NS,LIGH,915.000000,-493.000000,-238.000000,0.0000
MFC2025_EndAlz_Conspiracy.esm,0F00205D,00001DFD,CinderBlockSingle01,STAT,1011.000000,-471.000000,-384.000000,291.2451
MFC2025_EndAlz_Conspiracy.esm,0F00205E,00001DFE,CinderBlockSingle02,STAT,953.000000,-467.000000,-384.000000,68.7550
MFC2025_EndAlz_Conspiracy.esm,0F00205F,000A4920,DishRag01,MISC,1042.032715,-480.310883,-320.000000,0.0000
MFC2025_EndAlz_Conspiracy.esm,0F002060,0001A4B9,Newspaper01,MISC,918.000000,-471.000000,-331.000000,0.0000
MFC2025_EndAlz_Conspiracy.esm,0F002061,0001A4B9,Newspaper01,MISC,918.000000,-471.000000,-329.000000,11.4592
MFC2025_EndAlz_Conspiracy.esm,0F002062,0001A4B9,Newspaper01,MISC,918.000000,-471.000000,-328.000000,348.5409
MFC2025_EndAlz_Conspiracy.esm,0F002063,000286F5,Newspaper,MISC,914.117981,-463.392792,-276.566498,275.9690
MFC2025_EndAlz_Conspiracy.esm,0F002064,000286F5,Newspaper,MISC,914.017273,-477.111450,-276.565125,80.6437
MFC2025_EndAlz_Conspiracy.esm,0F002065,000286F5,Newspaper,MISC,916.542847,-488.100769,-274.387604,84.3796
MFC2025_EndAlz_Conspiracy.esm,0F002066,000286F5,Newspaper,MISC,921.193115,-506.424316,-276.560028,260.7845
MFC2025_EndAlz_Conspiracy.esm,0F002067,00249915,LS_AstoundinglyAwesomeTales,STAT,922.000000,-504.000000,-347.000000,0.0000
MFC2025_EndAlz_Conspiracy.esm,0F002068,00054BAB,DeadFlowers02,MSTT,806.000000,-431.000000,-309.000000,0.0000
MFC2025_EndAlz_Conspiracy.esm,0F002069,0006F9D9,PlayerHouse_Ruin_TableKitchen01,STAT,897.392639,-98.241760,-383.994324,34.3775
MFC2025_EndAlz_Conspiracy.esm,0F00206A,00035ADA,PlayerHouse_Ruin_Stove01_Yellow,STAT,875.000000,82.000000,-384.000000,0.0004
MFC2025_EndAlz_Conspiracy.esm,0F00206B,000D8F84,NPCChairIndustrialMetalDiningSit01Static,STAT,859.623047,-109.401520,-383.994324,68.7550
MFC2025_EndAlz_Conspiracy.esm,0F00206C,000FFE0B,Pot_FoodLarge,STAT,1045.318726,71.231781,-306.000000,302.7043
MFC2025_EndAlz_Conspiracy.esm,0F00206D,00176050,ChemistrySetBeaker01,MISC,690.000000,-551.000000,-319.000000,0.0000
MFC2025_EndAlz_Conspiracy.esm,0F00206E,00059B17,LabBeaker,MISC,702.000000,-532.000000,-348.000000,0.0000
MFC2025_EndAlz_Conspiracy.esm,0F00206F,0008E370,Ashtray01,MISC,914.726685,-279.869751,-360.250000,0.0000
MFC2025_EndAlz_Conspiracy.esm,0F002070,000DF221,BottleEmpty01,MISC,928.000000,-291.000000,-360.000000,337.0817
MFC2025_EndAlz_Conspiracy.esm,0F002071,000D8F84,NPCChairIndustrialMetalDiningSit01Static,STAT,914.546082,-63.556114,-383.994324,222.4905
MFC2025_EndAlz_Conspiracy.esm,0F002072,00147B03,Jangles01,MISC,915.546082,-61.556114,-347.994324,222.4903
MFC2025_EndAlz_Conspiracy.esm,0F002073,00165327,PlateCeramic01_Red_Dirty,MISC,874.546082,-103.556114,-326.994324,0.0000
MFC2025_EndAlz_Conspiracy.esm,0F002074,00060E90,Plate_02_Dinner,MISC,899.422546,-81.137711,-327.400574,0.0000
MFC2025_EndAlz_Conspiracy.esm,0F002075,00059B10,Spoon_01_Plastic,MISC,912.546082,-88.556114,-326.994324,211.0311
MFC2025_EndAlz_Conspiracy.esm,0F002076,00060E95,Spoon_03_Silver,MISC,855.161621,-92.481369,-327.400574,0.0000
MFC2025_EndAlz_Conspiracy.esm,0F002077,0003377B,Mentats,ALCH,899.546082,-81.556114,-325.994324,245.4086
MFC2025_EndAlz_Conspiracy.esm,0F002078,000366C5,Jet,ALCH,872.000000,-106.000000,-327.000000,0.0000
MFC2025_EndAlz_Conspiracy.esm,0F002079,0010C3E7,TrapCanChimes01,ACTI,46.000000,-103.000000,224.000000,0.0000
MFC2025_EndAlz_Conspiracy.esm,0F00207A,0010C3E7,TrapCanChimes01,ACTI,-53.000000,-99.000000,224.000000,199.5720
MFC2025_EndAlz_Conspiracy.esm,0F00207C,00094731,SecurityGateSmLatch01,DOOR,653.299988,-146.000000,-384.000000,90.0000
MFC2025_EndAlz_Conspiracy.esm,0F00207E,0010C3E7,TrapCanChimes01,ACTI,306.905334,-663.392273,-32.000000,0.0000
MFC2025_EndAlz_Conspiracy.esm,0F00207F,0010C3E7,TrapCanChimes01,ACTI,222.572235,-658.567566,-32.000000,0.0000
MFC2025_EndAlz_Conspiracy.esm,0F002080,0010C3E7,TrapCanChimes01,ACTI,266.962830,-651.251099,-32.000000,0.0000
MFC2025_EndAlz_Conspiracy.esm,0F002081,000FF406,DN011LvlTurretStanding,NPC_,345.000000,45.000000,-384.000000,188.1128
MFC2025_EndAlz_Conspiracy.esm,0F002082,000FF406,DN011LvlTurretStanding,NPC_,478.000000,-387.000000,-254.000000,233.9496
MFC2025_EndAlz_Conspiracy.esm,0F002083,000FF406,DN011LvlTurretStanding,NPC_,478.000000,-799.000000,-254.000000,268.3271
MFC2025_EndAlz_Conspiracy.esm,0F002084,000BF83A,GenericPosterGroup01,STAT,1149.000000,-670.000000,-238.000000,90.0000
MFC2025_EndAlz_Conspiracy.esm,0F002085,00018FAF,SignNoSmoking01,STAT,1150.676025,-301.378052,-258.033386,90.0000
MFC2025_EndAlz_Conspiracy.esm,0F002086,00018FAF,SignNoSmoking01,STAT,670.000000,-246.000000,-262.000000,90.0000
MFC2025_EndAlz_Conspiracy.esm,0F002087,0005A689,AdvertsPoster04,STAT,880.000000,111.000000,-233.000000,0.0000
MFC2025_EndAlz_Conspiracy.esm,0F002088,0005821C,CigaretteCarton,MISC,1052.000000,-526.000000,-292.000000,91.6733
MFC2025_EndAlz_Conspiracy.esm,0F002089,0005821C,CigaretteCarton,MISC,1052.000000,-506.000000,-292.000000,80.2141
MFC2025_EndAlz_Conspiracy.esm,0F00208A,0005821C,CigaretteCarton,MISC,1052.000000,-512.000000,-292.000000,91.6733
MFC2025_EndAlz_Conspiracy.esm,0F00208B,00059AB5,Cigarette_Off01,MISC,1052.000000,-518.000000,-292.000000,80.2142
MFC2025_EndAlz_Conspiracy.esm,0F00208C,0008E371,Ashtray01_Filled,MISC,1045.532715,-474.241852,-292.000000,0.0000
MFC2025_EndAlz_Conspiracy.esm,0F00208D,00059AB5,Cigarette_Off01,MISC,1046.399902,-472.000000,-290.500000,280.1628
MFC2025_EndAlz_Conspiracy.esm,0F00208E,0008E370,Ashtray01,MISC,844.000000,-552.000000,-327.000000,0.0000
MFC2025_EndAlz_Conspiracy.esm,0F00208F,001A6E37,HighTechAshtray_01_Dirty,STAT,706.649231,-376.961182,-383.981049,0.0000
MFC2025_EndAlz_Conspiracy.esm,0F002090,001A6E37,HighTechAshtray_01_Dirty,STAT,1126.000000,-748.000000,-383.000000,0.0000
MFC2025_EndAlz_Conspiracy.esm,0F002094,00175500,FootLocker01,CONT,945.343872,-829.408569,-351.451752,98.1364
MFC2025_EndAlz_Conspiracy.esm,0F002096,0005A688,AdvertsPoster03,STAT,1149.286621,-498.880219,-208.110535,90.0000
MFC2025_EndAlz_Conspiracy.esm,0F001DB5,0003251F,DefaultSetStageTriggerPlayerOnly,ACTI,870.670593,-407.493896,-94.526337,0.0000
MFC2025_EndAlz_Conspiracy.esm,0F001DBB,0F0019B3,VP25_ClarkGiveCigaretteActivator,ACTI,902.858215,-112.789513,-314.543823,319.8930
MFC2025_EndAlz_Conspiracy.esm,0F002F09,0005821C,CigaretteCarton,MISC,1047.062378,-457.030701,-264.017700,325.6232
MFC2025_EndAlz_Conspiracy.esm,0F002F0A,0005821A,CigarettePack,MISC,1052.870361,-481.518372,-262.720306,0.1140
MFC2025_EndAlz_Conspiracy.esm,0F002F0B,0005821A,CigarettePack,MISC,1045.449585,-485.582977,-262.720337,359.9233
MFC2025_EndAlz_Conspiracy.esm,0F002F0C,0005821A,CigarettePack,MISC,1057.020508,-489.594696,-262.946014,351.2812
MFC2025_EndAlz_Conspiracy.esm,0F002F0D,0005821C,CigaretteCarton,MISC,1052.000000,-456.442719,-292.000000,80.2141
MFC2025_EndAlz_Conspiracy.esm,0F002F0E,0005821C,CigaretteCarton,MISC,1052.000000,-462.442719,-292.000000,91.6733
MFC2025_EndAlz_Conspiracy.esm,0F002F0F,0005821C,CigaretteCarton,MISC,1052.031616,-492.062317,-290.003845,89.9905
MFC2025_EndAlz_Conspiracy.esm,0F002F10,0005821C,CigaretteCarton,MISC,1052.000000,-481.657501,-292.000000,91.6733
MFC2025_EndAlz_Conspiracy.esm,0F002F11,0005821A,CigarettePack,MISC,928.094971,-533.934265,-254.720383,359.9158
MFC2025_EndAlz_Conspiracy.esm,0F002F12,0005821C,CigaretteCarton,MISC,917.186340,-530.233704,-276.985321,189.9111
MFC2025_EndAlz_Conspiracy.esm,0F002F13,0005821C,CigaretteCarton,MISC,835.721985,-500.040863,-327.509460,14.4524
MFC2025_EndAlz_Conspiracy.esm,0F002F14,00059AB5,Cigarette_Off01,MISC,842.115967,-588.134827,-327.199982,359.9997
MFC2025_EndAlz_Conspiracy.esm,0F002F15,00059AB5,Cigarette_Off01,MISC,838.972534,-552.316711,-325.568726,4.8259
MFC2025_EndAlz_Conspiracy.esm,0F002F16,0005821A,CigarettePack,MISC,814.792480,-852.855042,-326.214569,0.0128
MFC2025_EndAlz_Conspiracy.esm,0F002F17,0005821C,CigaretteCarton,MISC,791.773499,82.010689,-348.802399,270.0480
MFC2025_EndAlz_Conspiracy.esm,0F002F18,00059AB5,Cigarette_Off01,MISC,864.545715,64.209404,-317.526855,0.0011
MFC2025_EndAlz_Conspiracy.esm,0F002F19,00059AB5,Cigarette_Off01,MISC,897.965332,-77.809822,-322.483032,0.0000
MFC2025_EndAlz_Conspiracy.esm,0F002F1A,00059B14,TeddyBear,MISC,674.881470,-60.944298,-245.445114,268.4250
MFC2025_EndAlz_Conspiracy.esm,0F002F1B,00059AB5,Cigarette_Off01,MISC,678.238831,-61.005516,-238.499664,0.0000
MFC2025_EndAlz_Conspiracy.esm,0F002F1C,0005821A,CigarettePack,MISC,902.310791,-469.240234,-254.714432,0.0199
MFC2025_EndAlz_Conspiracy.esm,0F002F1D,0005821A,CigarettePack,MISC,690.500366,-69.350258,-252.324829,359.9745
MFC2025_EndAlz_Conspiracy.esm,0F002F1E,0008E370,Ashtray01,MISC,910.531372,-296.083313,-360.250000,0.0000
MFC2025_EndAlz_Conspiracy.esm,0F002F1F,00059AB5,Cigarette_Off01,MISC,760.244751,-384.223694,-351.017151,34.3754
MFC2025_EndAlz_Conspiracy.esm,0F002F20,0005821A,CigarettePack,MISC,748.832153,-377.594635,-350.028046,359.9548
MFC2025_EndAlz_Conspiracy.esm,0F002F21,0008E370,Ashtray01,MISC,702.029785,-574.461853,-320.000000,0.0000
MFC2025_EndAlz_Conspiracy.esm,0F002F22,0008E371,Ashtray01_Filled,MISC,898.863586,-804.726013,-384.000000,0.0000
MFC2025_EndAlz_Conspiracy.esm,0F002F23,0008E370,Ashtray01,MISC,1026.881592,-380.061554,-306.000031,0.0000
MFC2025_EndAlz_Conspiracy.esm,0F002F24,0005821C,CigaretteCarton,MISC,1006.437866,-390.630798,-303.803314,93.4143
MFC2025_EndAlz_Conspiracy.esm,0F002F25,0005821C,CigaretteCarton,MISC,974.513794,90.645943,-306.000000,314.1634
MFC2025_EndAlz_Conspiracy.esm,0F002F26,0005821A,CigarettePack,MISC,990.685608,105.468536,-306.000000,34.3775
MFC2025_EndAlz_Conspiracy.esm,0F002F27,00059AB5,Cigarette_Off01,MISC,874.186890,-98.721184,-326.616211,0.0001
MFC2025_EndAlz_Conspiracy.esm,0F002F28,00059AB5,Cigarette_Off01,MISC,911.810486,-280.730499,-357.906738,0.0003
MFC2025_EndAlz_Conspiracy.esm,0F002F29,0101027A,DLCOilLampLight01NSFlickerGobo,LIGH,706.131287,-228.661926,-321.963440,0.0000
MFC2025_EndAlz_Conspiracy.esm,0F002F2A,0008E7C5,OilLampOn,STAT,1050.827026,-514.970947,-264.000000,268.3269
MFC2025_EndAlz_Conspiracy.esm,0F002F2B,0101027A,DLCOilLampLight01NSFlickerGobo,LIGH,1054.216797,-513.802368,-246.656738,0.0000
MFC2025_EndAlz_Conspiracy.esm,0F002F2C,0008B93A,OilLamp,STAT,187.671661,-28.197803,-355.421936,348.5409
MFC2025_EndAlz_Conspiracy.esm,0F002F2D,0101027A,DLCOilLampLight01NSFlickerGobo,LIGH,184.437332,-29.154121,-338.968231,0.0000
MFC2025_EndAlz_Conspiracy.esm,0F002F2E,0008E7C5,OilLampOn,STAT,-73.220497,-848.369751,-181.178253,45.8366
MFC2025_EndAlz_Conspiracy.esm,0F002F2F,0101027A,DLCOilLampLight01NSFlickerGobo,LIGH,-73.454109,-849.779785,-168.336517,0.0000
MFC2025_EndAlz_Conspiracy.esm,0F002F30,0002FA27,WaxCandle04,STAT,1008.727478,86.372162,-305.387512,0.0000
MFC2025_EndAlz_Conspiracy.esm,0F002F31,00035A0F,WaxCandlePuddle02,STAT,1008.727478,86.372162,-306.387512,0.0000
MFC2025_EndAlz_Conspiracy.esm,0F002F32,000995B4,DefaultCandleLight01NS,LIGH,1008.727478,86.372162,-296.660522,0.0000
MFC2025_EndAlz_Conspiracy.esm,0F002F33,0002FA50,WaxCandle03,STAT,886.708130,-285.836182,-359.850800,0.0000
MFC2025_EndAlz_Conspiracy.esm,0F002F34,00035A0D,WaxCandlePuddle01,STAT,886.708130,-285.836182,-360.850800,0.0000
MFC2025_EndAlz_Conspiracy.esm,0F002F35,000995B4,DefaultCandleLight01NS,LIGH,886.708130,-285.836182,-349.334717,0.0000
MFC2025_EndAlz_Conspiracy.esm,0F000FBB,0F000F9C,VP25_WesCharacter,NPC_,1008.139221,-201.104019,-384.000000,274.0565
MFC2025_EndAlz_Conspiracy.esm,0F001EDE,000BA4B9,DecalBloodSmearDry,TXST,653.222961,-634.339966,-213.820206,316.4092
MFC2025_EndAlz_Conspiracy.esm,0F001EDF,000BA4B9,DecalBloodSmearDry,TXST,1095.519409,-325.305328,-348.615112,75.0052
MFC2025_EndAlz_Conspiracy.esm,0F001A3A,000E210E,NPCSmokeIdleMarker,IDLM,993.633545,-101.440208,-375.245239,157.9301
MFC2025_EndAlz_Conspiracy.esm,0F001A3B,00024572,NPCInvWallLean01,FURN,1137.131470,-206.754333,-383.417023,268.9001
MFC2025_EndAlz_Conspiracy.esm,0F001D9A,00000034,XMarkerHeading,STAT,1011.065247,-202.243683,-376.174042,279.7861
MFC2025_EndAlz_Conspiracy.esm,0F001DB3,00000034,XMarkerHeading,STAT,809.295959,-216.710892,-383.999969,68.7551
MFC2025_EndAlz_Conspiracy.esm,0F001DBC,0000003B,XMarker,STAT,906.293152,-113.978172,-327.866028,308.4339
MFC2025_EndAlz_Conspiracy.esm,0F001FE1,0001F88B,NpcChairFederalistOfficeSit01,FURN,818.000000,-799.000000,-384.000000,188.1129
MFC2025_EndAlz_Conspiracy.esm,0F00207D,000787C5,MetalTrapdoorLadder01,DOOR,-16.000000,61.000000,228.000000,180.0000
MFC2025_EndAlz_Conspiracy.esm,0F00273C,00000034,XMarkerHeading,STAT,996.688354,-724.508606,-382.657288,268.3269
MFC2025_EndAlz_Conspiracy.esm,0F002740,0000003B,XMarker,STAT,858.860718,-684.776001,-384.000031,0.0000
MFC2025_EndAlz_Conspiracy.esm,0F002093,0017E787,workbenchWeaponsB,FURN,1041.666016,1.581758,-382.690582,90.0000
MFC2025_EndAlz_Conspiracy.esm,0F002F59,000E210E,NPCSmokeIdleMarker,IDLM,817.270569,-703.765137,-384.000000,60.5273
MFC2025_EndAlz_Conspiracy.esm,0F002F5A,0000003B,XMarker,STAT,824.840698,-838.570923,-325.362488,0.0000
MFC2025_EndAlz_Conspiracy.esm,0F002F63,00000034,XMarkerHeading,STAT,973.685791,-236.395874,-382.657196,34.3775
