id,source_file,ref_formid,base_formid,base_editorid,base_signature,pos_x,pos_y,pos_z,rot_z
1550271,DLCworkshop03.esm,05003CD8,000BFEA6,DecoBaseA1x1CorStairs01,STAT,19930.453125,-59103.730469,873.316589,181.4764
1550272,DLCworkshop03.esm,05003CD9,00240501,MetalIntCeilingA1x1Cor01_LOD,STAT,19807.050781,-59232.273437,1131.294678,181.4764
1550273,DLCworkshop03.esm,05003CDA,0003D3C3,PaintedWoodDoorStatic,STAT,19924.232422,-59647.117187,1121.948608,271.4764
1550274,DLCworkshop03.esm,05003CDB,000431F6,DebrisInteriorWoodWindowBoards01,STAT,19945.496094,-59647.453125,1207.001953,0.0
1550275,DLCworkshop03.esm,05003CC7,00028855,QrySlabRubble02,STAT,13339.689453,-82435.234375,544.149963,356.6316
1550276,DLCworkshop03.esm,05003CC8,00028855,QrySlabRubble02,STAT,13333.864258,-82433.820312,543.645264,183.3328
1550277,DLCworkshop03.esm,05003CC9,00028855,QrySlabRubble02,STAT,13201.370117,-82318.734375,7.152382,267.1352
1550278,DLCworkshop03.esm,05003CCB,0003937A,CaveHall2Way01,STAT,13491.911133,-82717.34375,50.118351,82.3627
1550279,DLCworkshop03.esm,05003CCC,00039381,CaveHallArch01,STAT,13438.751953,-82320.890625,39.856754,172.3627
1550280,DLCworkshop03.esm,05003CCD,0004F100,CaveMoundRocksMed04,STAT,13151.407227,-82300.84375,103.856766,187.4977
1550281,DLCworkshop03.esm,05003CCE,0004F100,CaveMoundRocksMed04,STAT,13627.719727,-82238.195312,103.856766,201.8429
1550282,DLCworkshop03.esm,05003CCF,000394F1,CaveRmWallExSmFloor01,STAT,13423.865234,-82209.882812,19.732201,82.3627
1550283,DLCworkshop03.esm,05003CD0,0003938E,CaveHall2Way01Floor,STAT,13491.911133,-82717.34375,19.732201,82.3627
1550284,DLCworkshop03.esm,05003CD1,00039371,CaveHall1Way01,STAT,12857.587891,-82802.398438,50.118351,82.3627
1550285,DLCworkshop03.esm,05003CD2,00039385,CaveHall1Way01Floor,STAT,12857.587891,-82802.398438,19.732201,82.3627
1550286,DLCworkshop03.esm,05003CD3,00028854,QrySlabRubble01,STAT,13611.275391,-82203.171875,128.227509,173.7896
1550287,DLCworkshop03.esm,05003CD4,00028856,QrySlabRubble03,STAT,13668.425781,-82195.25,180.460617,284.8691
1550288,DLCworkshop03.esm,05003CD5,0002E0B7,QryRubbleRaisedFloor01,STAT,13419.994141,-82144.671875,-1.011681,38.388
1550289,DLCworkshop03.esm,05003CD6,00028854,QrySlabRubble01,STAT,13290.791016,-82255.414062,241.020721,12.1758
1550290,DLCworkshop03.esm,05003CD7,00028855,QrySlabRubble02,STAT,13074.388672,-82230.726562,120.564568,183.3637
1550291,DLCworkshop03.esm,05005ECC,0004946F,DefaultEnableDisableTrigger,ACTI,13447.193359,-82153.726562,110.264702,355.7486
1550292,DLCworkshop03.esm,050011FC,0002E0B7,QryRubbleRaisedFloor01,STAT,15111.535156,-81945.195312,481.9953,358.6249
1550293,DLCworkshop03.esm,05001687,0004F0E1,CaveMoundRocksLow02,STAT,13355.756836,-82262.890625,3.488918,0.0
1550294,DLCworkshop03.esm,0500168C,0004F0E2,CaveMoundRocksMed02,STAT,13484.811523,-82339.039062,266.006012,7.105
1550295,DLCworkshop03.esm,0500168E,0004F0EC,CaveMoundRocksTall03,STAT,13584.918945,-82358.53125,134.854431,331.1085
1550296,DLCworkshop03.esm,05001698,0004F0EC,CaveMoundRocksTall03,STAT,13582.443359,-82318.125,81.398605,328.6565
1550297,DLCworkshop03.esm,05001699,0004F213,CaveRockM03,STAT,13564.632812,-82450.359375,67.559784,122.604
1550298,DLCworkshop03.esm,0500169A,0004F100,CaveMoundRocksMed04,STAT,13552.5625,-82410.953125,177.886658,130.8858
1550299,DLCworkshop03.esm,0500169B,0004F214,CaveRockM04,STAT,13508.256836,-82304.601562,215.772797,331.3522
1550300,DLCworkshop03.esm,0500169C,0004CEC6,CaveRockS01,STAT,13502.84668,-82291.851562,20.287384,0.0
1550301,DLCworkshop03.esm,0500169D,0004CEC6,CaveRockS01,STAT,13579.094727,-82213.242188,72.958298,10.4404
1550302,DLCworkshop03.esm,0500169E,0004F12A,CaveMoundRocksSmall02,STAT,13629.016602,-82166.328125,-2.541894,5.6623
1550303,DLCworkshop03.esm,0500169F,0004F0DB,CaveMoundRocksTall02,STAT,13259.935547,-82530.84375,29.125851,13.1876
1550304,DLCworkshop03.esm,050016A0,0004F0EC,CaveMoundRocksTall03,STAT,13193.680664,-82971.65625,69.128998,210.8257
1550305,DLCworkshop03.esm,050016A1,0004F214,CaveRockM04,STAT,13461.929687,-82743.148438,66.808266,287.8126
1550306,DLCworkshop03.esm,050016A6,0004F214,CaveRockM04,STAT,13553.131836,-82559.132812,66.808266,323.484
1550307,DLCworkshop03.esm,050016A7,0004CEC6,CaveRockS01,STAT,13525.572266,-82678.84375,164.930511,358.0375
1550308,DLCworkshop03.esm,050016A8,0004F0E1,CaveMoundRocksLow02,STAT,13460.681641,-82597.109375,13.188818,0.0
1550309,DLCworkshop03.esm,050016AF,0004F0E1,CaveMoundRocksLow02,STAT,13648.205078,-82058.710938,-5.34327,222.4904
1550310,DLCworkshop03.esm,050016B0,0004F110,CaveMoundRocksTall04,STAT,13313.491211,-82409.976562,177.809296,229.8367
1550311,DLCworkshop03.esm,050016B1,0004F0DE,CaveMoundRocksMed01,STAT,13315.314453,-82443.679688,101.652069,153.4115
1550312,DLCworkshop03.esm,050016B2,0004F0E2,CaveMoundRocksMed02,STAT,13319.576172,-82511.585938,42.518311,0.0
1550313,DLCworkshop03.esm,050016B3,0004F118,CaveMoundRocksLow04,STAT,13363.819336,-82855.0,23.761013,229.1188
1550314,DLCworkshop03.esm,050016B4,0004F118,CaveMoundRocksLow04,STAT,13243.119141,-82886.21875,264.906555,217.7259
1550315,DLCworkshop03.esm,050016BA,0004F214,CaveRockM04,STAT,13253.691406,-82850.492188,252.513428,282.5136
1550316,DLCworkshop03.esm,050016C1,0004F118,CaveMoundRocksLow04,STAT,13407.082031,-82072.039062,-23.041393,103.1326
1550317,DLCworkshop03.esm,050016C2,0004CEC9,CaveMoundDirtMed03,STAT,13579.40918,-82060.359375,6.787229,63.0254
1550318,DLCworkshop03.esm,050016C3,0004F212,CaveRockM02,STAT,13538.036133,-82042.695312,9.692639,187.4028
1550319,DLCworkshop03.esm,050016C4,0004F214,CaveRockM04,STAT,13553.551758,-82035.507812,8.578855,244.9346
1550320,DLCworkshop03.esm,050016C5,0004CEC6,CaveRockS01,STAT,13603.979492,-82026.34375,9.68913,64.3444
1550321,DLCworkshop03.esm,050016C6,05004C3C,DLC06MetalBarrelOpenStatic02,STAT,13624.698242,-82083.945312,32.759457,90.0
1550322,DLCworkshop03.esm,050016C7,000822CB,Shovel01,MISC,13286.472656,-82158.328125,22.721096,236.283
1550323,DLCworkshop03.esm,050016C8,000822CB,Shovel01,MISC,13575.626953,-82139.3125,23.79879,37.7516
1550324,DLCworkshop03.esm,050011FA,00028855,QrySlabRubble02,STAT,15216.253906,-81738.398438,418.255005,183.798
1550325,DLCworkshop03.esm,050011FB,00028855,QrySlabRubble02,STAT,14730.734375,-81781.773438,418.255005,175.2896
1550326,DLCworkshop03.esm,05003CC2,0001ED77,AutoloadDoor,DOOR,13436.150391,-82655.28125,52.347641,0.0
1550327,DLCworkshop03.esm,05003CC3,00000010,MapMarker,STAT,19396.447266,-61552.574219,1137.418213,0.0
1550328,DLCworkshop03.esm,05003CC4,00000034,XMarkerHeading,STAT,20362.076172,-58818.25,1114.587646,233.9492
1550329,DLCworkshop03.esm,05003CC5,05005BC5,PaintedWoodDoorLoadD01MinUse,DOOR,19844.265625,-59188.917969,1131.480835,226.4764
1550330,DLCworkshop03.esm,05003CC6,05005BC4,RoadManholeDoor01MinUse,DOOR,-9500.126953,-58950.558594,1195.344727,0.0
1550331,DLCworkshop03.esm,050043FB,00000010,MapMarker,STAT,13433.850586,-82544.90625,41.148926,180.0
1550332,DLCworkshop03.esm,05004ACE,00000034,XMarkerHeading,STAT,11969.700195,-79382.6875,533.434082,147.6051
1550333,DLCworkshop03.esm,05004FBD,0001FA5A,RadioTransmitter,ACTI,14427.719727,-83900.945312,1180.841431,0.0
1550334,DLCworkshop03.esm,05004FBE,0001FA5A,RadioTransmitter,ACTI,14234.791016,-83900.578125,1187.562744,0.0
1550335,DLCworkshop03.esm,05001221,0000003B,XMarker,STAT,13223.619141,-81957.242188,7.402367,68.755
1550336,DLCworkshop03.esm,05000F83,05000F81,VltWorkShopModuleRamp01,STAT,1056.0,8488.000977,96.0,90.0
1550337,DLCworkshop03.esm,05000F84,001D8DC5,VltHallResDoorEnd01,STAT,1184.0,8488.000977,96.0,90.0
1550338,DLCworkshop03.esm,05000F86,05000836,VltWorkShopCaveFloor01,STAT,64.0,7360.0,0.0,0.0
1550339,DLCworkshop03.esm,05000F87,000517B0,DefaultLightWhite01NS,LIGH,152.0,7424.0,552.0,134.9994
1550340,DLCworkshop03.esm,05000F89,05000836,VltWorkShopCaveFloor01,STAT,64.0,9408.0,0.0,0.0
1550341,DLCworkshop03.esm,05000F8A,05000836,VltWorkShopCaveFloor01,STAT,-1984.0,7360.0,0.0,0.0
1550342,DLCworkshop03.esm,05000F8D,05000836,VltWorkShopCaveFloor01,STAT,-1984.0,9408.0,0.0,0.0
1550343,DLCworkshop03.esm,05000F8E,05000836,VltWorkShopCaveFloor01,STAT,-1733.364746,5312.0,0.0,0.0
1550344,DLCworkshop03.esm,05000F92,05000845,VltWorkShopCaveTunnel02Right,STAT,244.402527,3267.037598,-54.854649,180.0
1550345,DLCworkshop03.esm,05000F93,05001E10,DLC06CaveLightNS,LIGH,333.592743,2686.506592,126.724213,134.9994
1550346,DLCworkshop03.esm,05000F94,05000844,VltWorkShopCaveTunnel01Left,STAT,320.0,4352.0,128.0,180.0
1550347,DLCworkshop03.esm,05000F95,05000844,VltWorkShopCaveTunnel01Left,STAT,-1712.0,4352.0,128.0,180.0
1550348,DLCworkshop03.esm,05000F96,05000845,VltWorkShopCaveTunnel02Right,STAT,-4182.1875,5103.48877,97.966751,270.0
1550349,DLCworkshop03.esm,05000F98,05000845,VltWorkShopCaveTunnel02Right,STAT,192.0,11712.0,768.0,0.0001
1550350,DLCworkshop03.esm,05000F99,05000844,VltWorkShopCaveTunnel01Left,STAT,-1856.0,11712.0,768.0,0.0001
1550351,DLCworkshop03.esm,05000F9C,05000844,VltWorkShopCaveTunnel01Left,STAT,-4032.0,7680.0,200.0,270.0
1550352,DLCworkshop03.esm,05000F9D,05000845,VltWorkShopCaveTunnel02Right,STAT,-3992.0,9280.0,208.0,270.0
1550353,DLCworkshop03.esm,05000FA1,05000846,VltWorkShopCaveWall01Low,STAT,512.0,10112.0,-128.0,90.0
1550354,DLCworkshop03.esm,05000FA2,05000848,VltWorkShopCaveWall03Top,STAT,640.0,7680.0,538.117554,90.0
1550355,DLCworkshop03.esm,05000FA3,0500084A,VltWorkShopCaveWall05TopBulge,STAT,-1984.0,7680.0,2248.0,270.0
1550356,DLCworkshop03.esm,05000FA4,0500084A,VltWorkShopCaveWall05TopBulge,STAT,-1944.0,9280.0,2256.0,270.0
1550357,DLCworkshop03.esm,05000FA5,0500084A,VltWorkShopCaveWall05TopBulge,STAT,-3712.0,6400.0,2176.0,180.0
1550358,DLCworkshop03.esm,050010C9,0003A780,VltLGHallOpen01,STAT,3104.0,8104.0,96.0,270.0
1550359,DLCworkshop03.esm,050010CA,00049205,VltCorOutFree01,STAT,3232.0,8360.0,96.0,270.0
1550360,DLCworkshop03.esm,050010CC,00231E91,VltHallResCorIn01MetalPlate,STAT,3488.0,7848.0,96.0,180.0
1550361,DLCworkshop03.esm,050010CD,00049314,VltCeilingHalf01,STAT,3488.0,8232.0,96.0,180.0
1550362,DLCworkshop03.esm,050010CE,00114A89,VltFloorHalf01trimmed,STAT,3104.0,7976.0,96.0,90.0
1550363,DLCworkshop03.esm,050010CF,00114A89,VltFloorHalf01trimmed,STAT,3104.0,8232.0,96.0,90.0
1550364,DLCworkshop03.esm,050010D0,00049223,VltFloorHalf01,STAT,3360.0,7848.0,96.0,0.0
1550365,DLCworkshop03.esm,050010D1,00231E95,VltHallResWall01MetalPlate,STAT,3232.0,7848.0,96.0,180.0
1550366,DLCworkshop03.esm,050010D2,00231E92,VltHallResCorInHalf03FloorMetalPlate,STAT,3104.0,7848.0,96.0,270.0001
1550367,DLCworkshop03.esm,050010D3,002402E5,VltLGHallOpen01_Pipes,STAT,3104.0,8104.0,96.0,270.0
1550368,DLCworkshop03.esm,050010D4,00247A89,VltLGHallOpen01_PipesCeiling,STAT,3104.0,8104.0,96.0,270.0
1550369,DLCworkshop03.esm,050010D5,002402E6,VltLGHall01_Pipes,STAT,2592.0,8104.0,96.0,270.0
1550370,DLCworkshop03.esm,050010D6,002479E7,VltLGHall01_PipesCeiling,STAT,2592.0,8104.0,96.0,270.0
1550371,DLCworkshop03.esm,050010D9,0003A780,VltLGHallOpen01,STAT,2080.0,8104.0,96.0,90.0
1550372,DLCworkshop03.esm,050010DA,002402E5,VltLGHallOpen01_Pipes,STAT,2080.0,8104.0,96.0,90.0
1550373,DLCworkshop03.esm,050010DB,00247A89,VltLGHallOpen01_PipesCeiling,STAT,2080.0,8104.0,96.0,90.0
1550374,DLCworkshop03.esm,050010DC,00187A16,VltSignNav04HallsScreening,STAT,3360.0,8104.0,96.0,270.0
1550375,DLCworkshop03.esm,050010DD,00114A86,VltFloorHalf02Utiltrimmed,STAT,3360.0,8872.0,96.0,90.0
1550376,DLCworkshop03.esm,050010DE,00050C8C,VltCeiling07UtilHalf,STAT,3232.0,8616.0,96.0,270.0
1550377,DLCworkshop03.esm,050010DF,001A5FA0,VltCeiling07UtilHalfCross,STAT,3232.0,8360.0,96.0,0.0001
1550378,DLCworkshop03.esm,050010E0,00050C8C,VltCeiling07UtilHalf,STAT,3232.0,8104.0,96.0,270.0
1550379,DLCworkshop03.esm,050010E1,001A5FA0,VltCeiling07UtilHalfCross,STAT,3232.0,7848.0,96.0,180.0
1550380,DLCworkshop03.esm,050010E2,001A5FA1,VltCeiling10UtilSmall,STAT,3296.0,8424.0,96.0,270.0
1550381,DLCworkshop03.esm,050010E3,00050C8C,VltCeiling07UtilHalf,STAT,3104.0,8104.0,96.0,270.0
1550382,DLCworkshop03.esm,050010E4,00049313,VltCeiling01,STAT,3488.0,8616.0,96.0,270.0001
1550383,DLCworkshop03.esm,050010E5,00049314,VltCeilingHalf01,STAT,3360.0,7976.0,96.0,90.0001
1550384,DLCworkshop03.esm,050010E8,05004988,DLC06WorkshopVault_Locker_01,CONT,3072.0,7824.0,96.0,195.7566
1550385,DLCworkshop03.esm,050010E9,00231E92,VltHallResCorInHalf03FloorMetalPlate,STAT,3488.0,9000.0,96.0,90.0
1550386,DLCworkshop03.esm,050010EB,0005F2B0,VltLgRmShellDoorLow01,STAT,2080.0,6952.0,-32.0,0.0
1550387,DLCworkshop03.esm,050010EC,0003A780,VltLGHallOpen01,STAT,2080.0,8104.0,96.0,270.0001
1550388,DLCworkshop03.esm,050010ED,00080134,VltLGHallDeadEnd01,STAT,1824.0,8104.0,96.0,270.0001
1550389,DLCworkshop03.esm,050010EE,002402E5,VltLGHallOpen01_Pipes,STAT,2080.0,8104.0,96.0,270.0001
1550390,DLCworkshop03.esm,050010EF,00247A89,VltLGHallOpen01_PipesCeiling,STAT,2080.0,8104.0,96.0,270.0001
1550391,DLCworkshop03.esm,050010F0,0006E55E,VltHallRes2Way01,SCOL,2080.0,8488.0,96.0,90.0001
1550392,DLCworkshop03.esm,050010F2,0005F2A6,VltLgRmShellCorInLowHalf01,STAT,1696.0,6952.0,-32.0,0.0
1550393,DLCworkshop03.esm,050010F4,000491D7,VltHallUtilWallInset01,STAT,1568.0,8488.0,96.0,180.0001
1550394,DLCworkshop03.esm,050010F5,0006E562,VltHallRes4Way01,SCOL,1568.0,8872.0,96.0,90.0001
1550395,DLCworkshop03.esm,050010F8,0005F873,VltLgRmShellWallMid01,STAT,2080.0,6952.0,224.0,0.0
1550396,DLCworkshop03.esm,050010F9,0005F2A8,VltLgRmShellCorInMidHalf01,STAT,1696.0,6952.0,224.0,0.0
1550397,DLCworkshop03.esm,050010FA,0005F873,VltLgRmShellWallMid01,STAT,2080.0,6952.0,480.0,0.0
1550398,DLCworkshop03.esm,050010FB,0005F2A8,VltLgRmShellCorInMidHalf01,STAT,1696.0,6952.0,480.0,0.0
1550399,DLCworkshop03.esm,050010FD,00049230,VltRmResCorInR01,STAT,2208.0,9256.0,96.0,180.0001
1550400,DLCworkshop03.esm,050010FE,00049236,VltRmResWallFront01,STAT,2464.0,9512.0,96.0,0.0
1550401,DLCworkshop03.esm,050010FF,0006E55E,VltHallRes2Way01,SCOL,1568.0,9512.0,96.0,0.0001
1550402,DLCworkshop03.esm,05001101,000FC858,VltHallUtilDoorEnd01,STAT,1952.0,9512.0,96.0,90.0
1550403,DLCworkshop03.esm,05001103,0006F0EA,VltRmResCorInLDoorL01,STAT,2208.0,9512.0,96.0,0.0001
1550404,DLCworkshop03.esm,05001104,001A5F62,VltHallUtilWallTransL01Half,STAT,1760.0,9512.0,96.0,180.0
1550405,DLCworkshop03.esm,05001105,001A5F63,VltHallUtilWallTransR01Half,STAT,1760.0,9512.0,96.0,0.0
1550406,DLCworkshop03.esm,05001106,001A5F62,VltHallUtilWallTransL01Half,STAT,1568.0,9064.0,96.0,90.0001
1550407,DLCworkshop03.esm,05001107,001A5F63,VltHallUtilWallTransR01Half,STAT,1568.0,9064.0,96.0,270.0001
1550408,DLCworkshop03.esm,05001108,000FC859,VltHallUtilWallTransR01,STAT,1568.0,9256.0,96.0,90.0001
1550409,DLCworkshop03.esm,05001109,000FC85A,VltHallUtilWallTransL01,STAT,1568.0,9256.0,96.0,270.0001
1550410,DLCworkshop03.esm,0500110A,050012BC,DLC06DefaultLightCoolFLNSFlicker,LIGH,1933.1604,9507.361328,215.500427,0.0
1550411,DLCworkshop03.esm,0500110B,001A5F62,VltHallUtilWallTransL01Half,STAT,1568.0,8680.0,96.0,270.0001
1550412,DLCworkshop03.esm,0500110C,001A5F63,VltHallUtilWallTransR01Half,STAT,1568.0,8680.0,96.0,90.0
1550413,DLCworkshop03.esm,0500110D,001A5F63,VltHallUtilWallTransR01Half,STAT,1760.0,8872.0,96.0,0.0001
1550414,DLCworkshop03.esm,0500110E,001A5F62,VltHallUtilWallTransL01Half,STAT,1760.0,8872.0,96.0,180.0001
1550415,DLCworkshop03.esm,0500110F,000FC858,VltHallUtilDoorEnd01,STAT,1952.0,8872.0,96.0,90.0
1550416,DLCworkshop03.esm,05001110,00049209,VltHallUtilCorOut01,STAT,1568.0,8488.0,96.0,90.0001
1550417,DLCworkshop03.esm,05001111,000FC859,VltHallUtilWallTransR01,STAT,1824.0,8488.0,96.0,180.0002
1550418,DLCworkshop03.esm,05001112,000FC85A,VltHallUtilWallTransL01,STAT,1824.0,8488.0,96.0,0.0002
1550419,DLCworkshop03.esm,05001113,00187A16,VltSignNav04HallsScreening,STAT,1896.0,8872.0,96.0,90.0001
1550420,DLCworkshop03.esm,05001123,000FC85A,VltHallUtilWallTransL01,STAT,2080.0,7720.0,96.0,270.0002
1550421,DLCworkshop03.esm,05001124,000FC859,VltHallUtilWallTransR01,STAT,2080.0,7720.0,96.0,90.0002
1550422,DLCworkshop03.esm,05001125,0005F2A6,VltLgRmShellCorInLowHalf01,STAT,688.0,10032.0,96.230415,90.0
1550423,DLCworkshop03.esm,05001126,0005F2A8,VltLgRmShellCorInMidHalf01,STAT,688.0,10032.0,352.230408,90.0
1550424,DLCworkshop03.esm,05001127,0005F2A8,VltLgRmShellCorInMidHalf01,STAT,688.0,10032.0,864.230408,90.0
1550425,DLCworkshop03.esm,05001128,000540CA,VltRmPodRoofCorIn01,STAT,944.0,10288.0,1376.230469,90.0
1550426,DLCworkshop03.esm,05001129,0005F873,VltLgRmShellWallMid01,STAT,560.0,10032.0,352.230408,0.0
1550427,DLCworkshop03.esm,0500112A,000540CE,VltRmPodRoofTrim02,STAT,560.0,10288.0,1376.230469,0.0
1550428,DLCworkshop03.esm,0500112B,0005F86F,VltLgRmShellWallLow01,STAT,560.0,10032.0,96.230415,0.0
1550429,DLCworkshop03.esm,05001136,000D2718,VltHallUtilStairs01,STAT,2080.0,7464.0,-32.0,270.0001
1550430,DLCworkshop03.esm,05001137,000FC858,VltHallUtilDoorEnd01,STAT,2080.0,7208.0,-32.0,180.0
1550431,DLCworkshop03.esm,05001138,0005F86F,VltLgRmShellWallLow01,STAT,1824.0,6952.0,-32.0,0.0
1550432,DLCworkshop03.esm,05001139,0005F86F,VltLgRmShellWallLow01,STAT,2336.0,6952.0,-32.0,0.0
1550433,DLCworkshop03.esm,0500113A,0005F873,VltLgRmShellWallMid01,STAT,1824.0,6952.000488,224.0,0.0
1550434,DLCworkshop03.esm,0500113C,0005F873,VltLgRmShellWallMid01,STAT,2336.0,6952.0,480.0,0.0
1550435,DLCworkshop03.esm,0500113D,0005F873,VltLgRmShellWallMid01,STAT,1824.0,6952.0,480.0,0.0
1550436,DLCworkshop03.esm,0500113E,0005F2A8,VltLgRmShellCorInMidHalf01,STAT,2464.0,6952.0,224.0,90.0
1550437,DLCworkshop03.esm,0500113F,0005F2A8,VltLgRmShellCorInMidHalf01,STAT,2464.0,6952.0,480.0,90.0
1550438,DLCworkshop03.esm,05001140,0005F2A6,VltLgRmShellCorInLowHalf01,STAT,2464.0,6952.0,-32.0,90.0
1550439,DLCworkshop03.esm,05001141,0005F86D,VltLgRmShellWallMidWide02,STAT,2464.0,6696.0,480.0,90.0
1550440,DLCworkshop03.esm,05001142,0005F874,VltLgRmShellWallMidWide01,STAT,2464.0,6696.0,224.0,90.0
1550441,DLCworkshop03.esm,05001143,0005F871,VltLgRmShellWallLowWide02,STAT,2464.0,6696.0,-32.0,90.0
1550442,DLCworkshop03.esm,05001144,00024744,IndBldShellInMidFlrOnlyBg01,STAT,2080.0,6976.0,-128.0,0.0
1550443,DLCworkshop03.esm,05001145,00024744,IndBldShellInMidFlrOnlyBg01,STAT,2592.0,6976.0,-128.0,0.0
1550444,DLCworkshop03.esm,05001146,00024744,IndBldShellInMidFlrOnlyBg01,STAT,1568.0,6976.0,-128.0,0.0
1550445,DLCworkshop03.esm,0500114E,00024744,IndBldShellInMidFlrOnlyBg01,STAT,2592.0,6464.0,-128.0,0.0
1550446,DLCworkshop03.esm,0500114F,00024744,IndBldShellInMidFlrOnlyBg01,STAT,2080.0,6464.0,-128.0,0.0
1550447,DLCworkshop03.esm,05001150,00024744,IndBldShellInMidFlrOnlyBg01,STAT,1568.0,6464.0,-128.0,0.0
1550448,DLCworkshop03.esm,05001151,0005F871,VltLgRmShellWallLowWide02,STAT,1695.999756,6696.000488,-32.0,270.0001
1550449,DLCworkshop03.esm,05001152,0005F874,VltLgRmShellWallMidWide01,STAT,1696.0,6696.0,224.0,270.0001
1550450,DLCworkshop03.esm,05001153,0005F86D,VltLgRmShellWallMidWide02,STAT,1696.0,6696.0,480.0,270.0001
1550451,DLCworkshop03.esm,05001154,0005F2A6,VltLgRmShellCorInLowHalf01,STAT,2464.0,6440.0,-32.0,180.0001
1550452,DLCworkshop03.esm,05001155,0005F2A8,VltLgRmShellCorInMidHalf01,STAT,2464.0,6440.0,224.0,180.0001
1550453,DLCworkshop03.esm,05001156,0005F2A8,VltLgRmShellCorInMidHalf01,STAT,2464.0,6440.0,480.0,180.0001
1550454,DLCworkshop03.esm,05001157,0005F2A6,VltLgRmShellCorInLowHalf01,STAT,1696.0,6440.0,-32.0,270.0001
1550455,DLCworkshop03.esm,05001158,0005F2A8,VltLgRmShellCorInMidHalf01,STAT,1696.0,6440.0,224.0,270.0001
1550456,DLCworkshop03.esm,05001159,0005F2A8,VltLgRmShellCorInMidHalf01,STAT,1696.0,6440.0,480.0,270.0001
1550457,DLCworkshop03.esm,0500115A,0005F86F,VltLgRmShellWallLow01,STAT,2080.0,6184.0,-32.0,180.0001
1550458,DLCworkshop03.esm,0500115B,0005F873,VltLgRmShellWallMid01,STAT,2080.0,6184.0,224.0,180.0001
1550459,DLCworkshop03.esm,0500115C,0005F873,VltLgRmShellWallMid01,STAT,2080.0,6184.0,480.0,180.0001
1550460,DLCworkshop03.esm,05001162,00148C6F,DefaultLightCoolFLNS,LIGH,2080.0,7512.0,128.0,0.0
1550461,DLCworkshop03.esm,05001164,0005F2AE,VltLgRmShellCorOutMidHalf01,STAT,2208.0,6440.0,224.0,180.0
1550462,DLCworkshop03.esm,05001165,0005F2AE,VltLgRmShellCorOutMidHalf01,STAT,2208.0,6440.0,480.0,180.0
1550463,DLCworkshop03.esm,05001166,0005F2AB,VltLgRmShellCorOutLowHalf01,STAT,2208.0,6440.000488,-32.0,180.0
1550464,DLCworkshop03.esm,05001167,0005F2A6,VltLgRmShellCorInLowHalf01,STAT,2208.0,6184.0,-32.0,180.0001
1550465,DLCworkshop03.esm,05001168,0005F2A8,VltLgRmShellCorInMidHalf01,STAT,2208.0,6184.0,224.0,180.0001
1550466,DLCworkshop03.esm,05001169,0005F2A8,VltLgRmShellCorInMidHalf01,STAT,2208.0,6184.0,480.0,180.0001
1550467,DLCworkshop03.esm,0500116A,0005F2AE,VltLgRmShellCorOutMidHalf01,STAT,1952.0,6440.0,224.0,270.0001
1550468,DLCworkshop03.esm,0500116B,0005F2AE,VltLgRmShellCorOutMidHalf01,STAT,1952.0,6440.0,480.0,270.0001
1550469,DLCworkshop03.esm,0500116C,0005F2AB,VltLgRmShellCorOutLowHalf01,STAT,1952.0,6440.0,-32.0,270.0001
1550470,DLCworkshop03.esm,0500116D,0005F2A8,VltLgRmShellCorInMidHalf01,STAT,1952.0,6184.0,480.0,270.0001
1550471,DLCworkshop03.esm,0500116E,0005F2A8,VltLgRmShellCorInMidHalf01,STAT,1952.0,6184.0,224.0,270.0001
1550472,DLCworkshop03.esm,0500116F,0005F2A6,VltLgRmShellCorInLowHalf01,STAT,1952.0,6184.0,-32.0,270.0001
1550473,DLCworkshop03.esm,05001172,0014060B,ConsoleTowerSingle01,SCOL,2136.0,6432.0,-128.0,180.0001
1550474,DLCworkshop03.esm,05001173,00143C53,ConsoleTowerBRight02,SCOL,1816.0,6792.0,-128.0,270.0001
1550475,DLCworkshop03.esm,05001174,00140603,ConsoleTowerBRight01,SCOL,1816.0,6760.0,-128.0,270.0001
1550476,DLCworkshop03.esm,05001175,001422F0,ConsoleTowerSingle03,SCOL,2176.0,6432.0,-128.0,180.0001
1550477,DLCworkshop03.esm,05001176,00143CEA,ConsoleTowerBRight03,SCOL,1816.0,6832.0,-128.0,270.0001
1550478,DLCworkshop03.esm,05001177,00140609,ConsoleTowerCorner01,SCOL,2232.0,6448.0,-128.0,180.0001
1550479,DLCworkshop03.esm,05001178,00140607,ConsoleTowerCorner02,SCOL,2328.0,6632.0,-128.0,180.0001
1550480,DLCworkshop03.esm,05001179,00153B03,ConsoleTowerCorner03,SCOL,1832.0,6704.0,-128.0,270.0001
1550481,DLCworkshop03.esm,0500117A,0014400A,ConsoleTowerSingle04,SCOL,2096.0,6432.0,-128.0,180.0002
1550482,DLCworkshop03.esm,0500117B,00140615,ConsoleTowerBFull01,SCOL,2344.0,6744.0,-128.0,90.0001
1550483,DLCworkshop03.esm,0500117C,001405F9,ConsoleTowerALeft01,SCOL,2248.0,6496.0,-128.0,90.0002
1550484,DLCworkshop03.esm,0500117D,00140617,ConsoleTowerAFull01,SCOL,1912.0,6560.0,-128.0,270.0002
1550485,DLCworkshop03.esm,0500117E,0014061C,ConsoleTowerAMid01a,SCOL,2248.0,6544.0,-128.0,90.0002
1550486,DLCworkshop03.esm,0500117F,00140609,ConsoleTowerCorner01,SCOL,1928.0,6448.0,-128.0,270.0002
1550487,DLCworkshop03.esm,05001180,001422F0,ConsoleTowerSingle03,SCOL,2056.0,6432.0,-128.0,180.0001
1550488,DLCworkshop03.esm,05001181,0014060B,ConsoleTowerSingle01,SCOL,2016.0,6432.0,-128.0,180.0001
1550489,DLCworkshop03.esm,05001182,001422F0,ConsoleTowerSingle03,SCOL,1976.0,6432.0,-128.0,180.0001
1550490,DLCworkshop03.esm,05001183,00140609,ConsoleTowerCorner01,SCOL,1896.0,6672.0,-128.0,90.0002
1550491,DLCworkshop03.esm,05001184,00140609,ConsoleTowerCorner01,SCOL,2264.0,6600.0,-128.0,0.0002
1550492,DLCworkshop03.esm,05001185,05004982,DLC06WorkshopNpcChairVaultSit01,FURN,1984.0,6584.0,-128.0,196.8681
1550493,DLCworkshop03.esm,05001186,05004982,DLC06WorkshopNpcChairVaultSit01,FURN,2176.0,6512.0,-128.0,61.8681
1550494,DLCworkshop03.esm,0500118F,000349BA,SubLTunnelRamp01,STAT,-80.0,12448.0,96.0,0.0001
1550495,DLCworkshop03.esm,050011A4,0005F870,VltLgRmShellWallLowWide01,STAT,688.0,9776.0,96.230415,90.0
1550496,DLCworkshop03.esm,050011A8,0005F2AB,VltLgRmShellCorOutLowHalf01,STAT,176.0,10032.0,96.230415,90.0
1550497,DLCworkshop03.esm,050011A9,0005F2AE,VltLgRmShellCorOutMidHalf01,STAT,176.0,10032.0,352.230408,90.0
1550498,DLCworkshop03.esm,050011AA,0005F2AE,VltLgRmShellCorOutMidHalf01,STAT,176.0,10032.0,864.230408,90.0
1550499,DLCworkshop03.esm,050011AB,000540D4,VltRmPodRoofCorOutHalf01,STAT,432.0,10288.0,1376.0,90.0
1550500,DLCworkshop03.esm,050011AC,0005F2A8,VltLgRmShellCorInMidHalf01,STAT,176.0,11312.0,864.230408,90.0
1550501,DLCworkshop03.esm,050011AD,0005F874,VltLgRmShellWallMidWide01,STAT,-80.0,11312.0,864.0,0.0
1550502,DLCworkshop03.esm,050011B6,0005F2A8,VltLgRmShellCorInMidHalf01,STAT,176.0,11312.0,352.230408,90.0
1550503,DLCworkshop03.esm,050011B7,0005F2A6,VltLgRmShellCorInLowHalf01,STAT,176.0,11312.0,96.230415,90.0
1550504,DLCworkshop03.esm,050011C8,0005F874,VltLgRmShellWallMidWide01,STAT,-464.0,12520.0,8.0,0.0
1550505,DLCworkshop03.esm,050011C9,000247FC,IndFrame512x512XShapeEdge01,STAT,768.0,9776.0,336.0,0.0
1550506,DLCworkshop03.esm,050011F4,00038593,RockCliff05,STAT,-2679.982666,10306.120117,-151.722046,43.2817
1550507,DLCworkshop03.esm,0500121B,0005F874,VltLgRmShellWallMidWide01,STAT,688.0,9776.0,608.230408,90.0
1550508,DLCworkshop03.esm,0500121C,0005F2A8,VltLgRmShellCorInMidHalf01,STAT,688.0,10032.0,608.230408,90.0
1550509,DLCworkshop03.esm,0500121D,0005F2AE,VltLgRmShellCorOutMidHalf01,STAT,176.0,10032.0,608.230408,90.0
1550510,DLCworkshop03.esm,0500121E,0005F2A8,VltLgRmShellCorInMidHalf01,STAT,176.0,11312.0,608.230408,90.0
1550511,DLCworkshop03.esm,0500121F,0005F874,VltLgRmShellWallMidWide01,STAT,-80.0,11312.0,608.0,0.0
1550512,DLCworkshop03.esm,05001234,00038593,RockCliff05,STAT,-3136.0,10176.0,1976.0,255.0002
1550513,DLCworkshop03.esm,0500123B,0005F2AF,VltLgRmShellCorOutMid01,STAT,-2568.0,7464.0,-32.0,0.0
1550514,DLCworkshop03.esm,0500123C,0005F874,VltLgRmShellWallMidWide01,STAT,-3208.0,9760.0,-32.0,180.0001
1550515,DLCworkshop03.esm,0500123D,0005F870,VltLgRmShellWallLowWide01,STAT,-3208.0,7464.0,-32.0,0.0
1550516,DLCworkshop03.esm,0500123E,0005F2AF,VltLgRmShellCorOutMid01,STAT,-2568.0,9760.0,-32.0,270.0001
1550517,DLCworkshop03.esm,05001246,000349BE,SubLTunnelRamp02,STAT,-5240.001953,8096.001953,-304.0,270.0001
1550518,DLCworkshop03.esm,05001247,00034526,SubLTunnel01,STAT,-2935.999756,8104.000488,-48.0,270.0001
1550519,DLCworkshop03.esm,05001248,0005F874,VltLgRmShellWallMidWide01,STAT,-3208.0,9760.0,480.0,180.0001
1550520,DLCworkshop03.esm,05001249,0005F874,VltLgRmShellWallMidWide01,STAT,-3208.0,9760.0,224.0,180.0001
1550521,DLCworkshop03.esm,0500124A,0005F874,VltLgRmShellWallMidWide01,STAT,-3208.0,7464.0,480.0,0.0
1550522,DLCworkshop03.esm,0500124B,0005F2AF,VltLgRmShellCorOutMid01,STAT,-2568.0,9760.0,480.0,270.0001
1550523,DLCworkshop03.esm,0500124C,0005F2AF,VltLgRmShellCorOutMid01,STAT,-2568.0,9760.0,224.0,270.0001
1550524,DLCworkshop03.esm,0500124D,0005F2AF,VltLgRmShellCorOutMid01,STAT,-2568.0,7464.0,480.0,0.0
1550525,DLCworkshop03.esm,0500124E,0005F2AF,VltLgRmShellCorOutMid01,STAT,-2568.0,7464.0,224.0,0.0
1550526,DLCworkshop03.esm,050012C9,000FDBA1,RockCliff07,STAT,-920.0,5936.0,360.0,270.0001
1550527,DLCworkshop03.esm,050012E1,000247FB,IndFrame512x512XShape01,STAT,768.0,9264.0,336.0,0.0
1550528,DLCworkshop03.esm,0500132E,0006E956,VltHallResWallHalf01,STAT,3232.0,8552.0,96.0,270.0001
1550529,DLCworkshop03.esm,05001334,000FC85B,VltHallUtilDoorEndHalf01,STAT,1440.0,8488.0,96.0,270.0
1550530,DLCworkshop03.esm,05001352,000AC5EA,VltDoorRes01B,DOOR,2080.0,9512.0,96.0,270.0001
1550531,DLCworkshop03.esm,05001360,002402E2,VltLGHallDeadEnd01_Pipes,STAT,1824.0,8104.0,96.0,270.0001
1550532,DLCworkshop03.esm,05001361,002479EA,VltLGHallDeadEnd01_PipesCeiling,STAT,1824.0,8104.0,96.0,270.0001
1550533,DLCworkshop03.esm,05001362,00049209,VltHallUtilCorOut01,STAT,1568.0,8488.0,96.0,0.0001
1550534,DLCworkshop03.esm,0500136B,000A850F,VltHallResCorInTallBottom01,STAT,2208.0,8744.0,96.0,270.0
1550535,DLCworkshop03.esm,0500136D,0022D100,VltGearDoorConsoleSupport01,STAT,5644.264648,8864.512695,239.01268,76.5409
1550536,DLCworkshop03.esm,0500136E,000BA40B,V111GearRoomGate02,MSTT,3616.0,8744.0,96.0,0.0
1550537,DLCworkshop03.esm,0500136F,0010693C,Rubble_Flat_Trash_Sm02,STAT,5790.388672,8765.691406,238.75,59.5876
1550538,DLCworkshop03.esm,05001370,0010693C,Rubble_Flat_Trash_Sm02,STAT,6037.714844,8530.90625,239.0,59.5876
1550539,DLCworkshop03.esm,05001371,0010693C,Rubble_Flat_Trash_Sm02,STAT,5978.65918,8781.839844,239.0,59.5876
1550540,DLCworkshop03.esm,05001372,0010693F,Rubble_Flat_Trash_Sm05,STAT,5959.128906,8995.142578,239.0,270.0
1550541,DLCworkshop03.esm,05001374,0008CBE2,SpotLight_Base,STAT,4233.939453,8583.192383,504.468262,180.0
1550542,DLCworkshop03.esm,05001375,0008CBE4,SpotLight_LightOff,STAT,4233.939453,8583.192383,485.45993,186.1391
1550543,DLCworkshop03.esm,05001376,0023C940,DefaultLightWhite01SpotLF,LIGH,4897.34375,8219.320312,596.284302,249.8129
1550544,DLCworkshop03.esm,0500137D,002148F1,VltGreebVentCeiling02Big,STAT,4016.0,8912.0,120.0,270.0007
1550545,DLCworkshop03.esm,0500137E,0020C239,VltGreebVentHangerRound01,STAT,4016.0,8887.998047,184.0,90.001
1550546,DLCworkshop03.esm,0500137F,0020C239,VltGreebVentHangerRound01,STAT,4015.998047,8935.999023,224.0,90.001
1550547,DLCworkshop03.esm,05001380,0021096A,VltGreebVentVertDown02HalfRound01,STAT,4016.0,9023.998047,224.0,90.0009
1550548,DLCworkshop03.esm,05001381,0020A107,VltGreebVentCoupler01,STAT,4015.998047,9031.998047,224.0,270.001
1550549,DLCworkshop03.esm,05001382,0020A113,VltGreebVentVertUp01Rect,STAT,4016.0,9159.998047,224.0,90.001
1550550,DLCworkshop03.esm,05001383,0020A111,VltGreebVentVertLength01RectHalf,STAT,4016.0,9159.998047,480.0,90.001
1550551,DLCworkshop03.esm,05001385,002148F1,VltGreebVentCeiling02Big,STAT,4288.0,8912.0,120.0,270.0007
1550552,DLCworkshop03.esm,05001386,0020C239,VltGreebVentHangerRound01,STAT,4288.0,8887.998047,184.0,90.001
1550553,DLCworkshop03.esm,05001387,0020C239,VltGreebVentHangerRound01,STAT,4287.998047,8935.999023,224.0,90.001
1550554,DLCworkshop03.esm,05001388,0021096A,VltGreebVentVertDown02HalfRound01,STAT,4288.0,9023.998047,224.0,90.0009
1550555,DLCworkshop03.esm,05001389,0020A107,VltGreebVentCoupler01,STAT,4287.998047,9031.998047,224.0,270.001
1550556,DLCworkshop03.esm,0500138A,0020A113,VltGreebVentVertUp01Rect,STAT,4288.0,9159.998047,224.0,90.001
1550557,DLCworkshop03.esm,0500138B,0020A111,VltGreebVentVertLength01RectHalf,STAT,4288.0,9159.998047,480.0,90.001
1550558,DLCworkshop03.esm,0500138C,0020A0F9,VltGreebVentCorOut02RectNarrow,STAT,2448.0,8840.001953,360.0,180.0007
1550559,DLCworkshop03.esm,0500138D,002148F1,VltGreebVentCeiling02Big,STAT,2512.0,8904.0,128.0,270.0004
1550560,DLCworkshop03.esm,0500138E,0020C239,VltGreebVentHangerRound01,STAT,2512.0,8880.001953,192.0,90.0006
1550561,DLCworkshop03.esm,0500138F,0020C239,VltGreebVentHangerRound01,STAT,2512.0,8928.0,232.0,90.0006
1550562,DLCworkshop03.esm,05001390,0021096A,VltGreebVentVertDown02HalfRound01,STAT,2512.0,9016.0,232.0,90.0006
1550563,DLCworkshop03.esm,05001391,0020A107,VltGreebVentCoupler01,STAT,2512.0,9000.0,232.0,270.0007
1550564,DLCworkshop03.esm,05001392,0020A113,VltGreebVentVertUp01Rect,STAT,2512.0,9128.0,232.0,90.0006
1550565,DLCworkshop03.esm,05001393,00214A2A,VltGreebVentVertDown01RectQuarterShortStruts01,STAT,2512.0,8968.0,360.0,270.0007
1550566,DLCworkshop03.esm,05001394,0020A0F0,VltGreebVent02Bend01Rectflip,STAT,2704.0,8968.0,360.0,180.0007
1550567,DLCworkshop03.esm,05001395,0020A0F9,VltGreebVentCorOut02RectNarrow,STAT,2960.0,9032.0,360.0,0.0006
1550568,DLCworkshop03.esm,05001396,0021486C,VltGreebVentVertDown01RectHalfShortStruts,STAT,2896.0,8904.0,360.0,90.0006
1550569,DLCworkshop03.esm,05001397,0020C239,VltGreebVentHangerRound01,STAT,2896.0,8880.0,240.0,270.0005
1550570,DLCworkshop03.esm,05001398,0020C239,VltGreebVentHangerRound01,STAT,2896.0,8928.0,200.0,270.0005
1550571,DLCworkshop03.esm,05001399,002148F1,VltGreebVentCeiling02Big,STAT,2896.0,8904.0,136.0,90.0003
1550572,DLCworkshop03.esm,0500139A,0021096A,VltGreebVentVertDown02HalfRound01,STAT,2896.0,8792.0,240.0,270.0005
1550573,DLCworkshop03.esm,0500139B,0020A107,VltGreebVentCoupler01,STAT,2896.0,8808.0,240.0,90.0005
1550574,DLCworkshop03.esm,0500139C,0020A113,VltGreebVentVertUp01Rect,STAT,2896.0,8680.0,240.0,270.0005
1550575,DLCworkshop03.esm,050013A8,0020A134,VltGreebConduitWall05Hard,STAT,2976.0,9000.0,352.0,0.0
1550576,DLCworkshop03.esm,050013A9,0020A134,VltGreebConduitWall05Hard,STAT,2720.0,9000.0,352.0,0.0
1550577,DLCworkshop03.esm,050013AA,0020A131,VltGreebConduitWall03CurveRHard01,STAT,2464.0,9000.0,352.0,0.0
1550578,DLCworkshop03.esm,050013AB,0020A11B,VltGreebConduit04OverheadDownR01,STAT,2464.0,8744.0,352.0,180.0
1550579,DLCworkshop03.esm,050013AC,0020A130,VltGreebConduitWall03CurveLHard01,STAT,2464.0,8744.0,352.0,180.0
1550580,DLCworkshop03.esm,050013AD,0020A134,VltGreebConduitWall05Hard,STAT,2720.0,8744.0,352.0,180.0
1550581,DLCworkshop03.esm,050013AE,0020A119,VltGreebConduit03OverheadEndR,STAT,3232.0,8488.0,96.0,270.0
1550582,DLCworkshop03.esm,050013AF,0020A184,VltGreebConduitWall03CurveRHard02,STAT,2976.0,8744.0,352.0,180.0
1550583,DLCworkshop03.esm,050013B0,0020A136,VltGreebConduitWall06HardHalf,STAT,2272.0,8744.0,96.0,180.0001
1550584,DLCworkshop03.esm,050013B1,0020A187,VltGreebConduitWall03CurveLHard03,STAT,2976.0,8744.0,96.0,180.0001
1550585,DLCworkshop03.esm,050013B2,0020A12A,VltGreebConduitCorOut01Flip,STAT,3232.0,8744.0,96.0,270.0001
1550586,DLCworkshop03.esm,050013B3,0020A116,VltGreebConduit01Overhead,STAT,2976.0,9000.0,352.0,0.0
1550587,DLCworkshop03.esm,050013B4,0020A11A,VltGreebConduit04OverheadDownL01,STAT,2464.0,9000.0,352.0,0.0
1550588,DLCworkshop03.esm,050013B5,0020A128,VltGreebConduitCorIn02Half,STAT,2208.0,9000.0,352.0,0.0
1550589,DLCworkshop03.esm,050013B6,0020A11C,VltGreebConduit05OverheadDownLHalf01,STAT,2272.0,9000.0,352.0,0.0001
1550590,DLCworkshop03.esm,050013B7,0020A116,VltGreebConduit01Overhead,STAT,2208.0,8872.0,352.0,270.0001
1550591,DLCworkshop03.esm,050013B8,0020A12D,VltGreebConduitWall02StackLow01,STAT,2208.0,8680.0,96.0,270.0001
1550592,DLCworkshop03.esm,050013B9,0020A12F,VltGreebConduitWall02StackTop01,STAT,2208.0,8680.0,352.0,270.0001
1550593,DLCworkshop03.esm,050013BA,0020A11D,VltGreebConduit05OverheadDownRHalf01,STAT,2208.0,8680.0,352.0,270.0001
1550594,DLCworkshop03.esm,050013BB,0020A12D,VltGreebConduitWall02StackLow01,STAT,2272.0,9000.0,96.0,0.0001
1550595,DLCworkshop03.esm,050013BC,0020A12F,VltGreebConduitWall02StackTop01,STAT,2272.0,9000.0,352.0,0.0001
1550596,DLCworkshop03.esm,050013BD,0020A11D,VltGreebConduit05OverheadDownRHalf01,STAT,2272.0,9000.0,352.0,0.0001
1550597,DLCworkshop03.esm,050013BE,0020A118,VltGreebConduit03OverheadEndL,STAT,2208.0,8744.0,352.0,180.0
1550598,DLCworkshop03.esm,050013BF,0020A0EE,VltGreebVent01RoundHalf,STAT,3120.0,8744.0,352.0,0.0002
1550599,DLCworkshop03.esm,050013C0,0020A0ED,VltGreebVent01Round,STAT,2864.0,8744.0,352.0,0.0002
1550600,DLCworkshop03.esm,050013C1,0020A0FE,VltGreebVentCorOut04RoundtoNarrowflip,STAT,2712.0,8744.0,312.0,90.0002
1550601,DLCworkshop03.esm,050013C2,0020A107,VltGreebVentCoupler01,STAT,2720.0,8744.0,352.0,180.0002
1550602,DLCworkshop03.esm,050013C3,0020A0F3,VltGreebVentCap01Rect,STAT,2592.0,8808.0,352.0,90.0002
1550603,DLCworkshop03.esm,050013C4,0020A107,VltGreebVentCoupler01,STAT,2112.0,8808.0,264.0,180.0002
1550604,DLCworkshop03.esm,050013C5,0020A0F4,VltGreebVentCap01Round,STAT,2112.0,9064.0,96.0,180.0002
1550605,DLCworkshop03.esm,050013C6,0020A107,VltGreebVentCoupler01,STAT,2112.0,8808.0,312.0,180.0002
1550606,DLCworkshop03.esm,050013C7,0020A0ED,VltGreebVent01Round,STAT,2624.0,9064.0,352.0,180.0001
1550607,DLCworkshop03.esm,050013C8,0020A114,VltGreebVentVertUp01Round,STAT,2240.0,9064.0,96.0,180.0002
1550608,DLCworkshop03.esm,050013C9,0020A10E,VltGreebVentVertDown01Round,STAT,2240.0,9064.0,352.0,180.0001
1550609,DLCworkshop03.esm,050013CA,0020A0ED,VltGreebVent01Round,STAT,2368.0,9064.0,352.0,180.0001
1550610,DLCworkshop03.esm,050013CB,0020A107,VltGreebVentCoupler01,STAT,2720.0,9064.0,352.0,0.0001
1550611,DLCworkshop03.esm,050013CC,0020A0EF,VltGreebVent02Bend01Rect,STAT,2848.0,9000.0,352.0,180.0001
1550612,DLCworkshop03.esm,050013CD,0020A0F3,VltGreebVentCap01Rect,STAT,2112.0,8808.0,352.0,180.0002
1550613,DLCworkshop03.esm,050013CE,0020A0EC,VltGreebVent01RectHalf,STAT,2080.0,8808.0,352.0,180.0002
1550614,DLCworkshop03.esm,050013CF,0020A10D,VltGreebVentTJunct03Rect,STAT,2592.0,8680.0,352.0,180.0001
1550615,DLCworkshop03.esm,050013D0,0020A0EF,VltGreebVent02Bend01Rect,STAT,2336.0,8744.0,352.0,180.0001
1550616,DLCworkshop03.esm,050013D1,0020A113,VltGreebVentVertUp01Rect,STAT,2976.0,9000.0,224.0,0.0
1550617,DLCworkshop03.esm,050013D2,0020A148,VltGreebVentVertDown01RectHalf,STAT,2976.0,9000.0,352.0,0.0
1550618,DLCworkshop03.esm,050013D3,0020A13A,VltGreebLightPendant01,STAT,2272.0,8872.0,354.300964,0.0
1550619,DLCworkshop03.esm,050013D6,0020A13A,VltGreebLightPendant01,STAT,2464.0,8872.0,354.300964,0.0
1550620,DLCworkshop03.esm,050013D8,0020A13A,VltGreebLightPendant01,STAT,2720.0,8872.0,354.300964,0.0
1550621,DLCworkshop03.esm,050013D9,0020A13A,VltGreebLightPendant01,STAT,2976.0,8872.0,354.300964,0.0
1550622,DLCworkshop03.esm,050013DB,0003EC43,VltWallFree01,STAT,3008.0,8744.0,336.0,90.0
1550623,DLCworkshop03.esm,050013DC,0003EC43,VltWallFree01,STAT,3008.0,9000.0,336.0,90.0
1550624,DLCworkshop03.esm,050013DD,00053555,VltCeiling09UtilOpen,STAT,2976.0,8872.0,352.0,90.0001
1550625,DLCworkshop03.esm,050013DE,00053555,VltCeiling09UtilOpen,STAT,2720.0,8872.0,352.0,90.0001
1550626,DLCworkshop03.esm,050013DF,00053555,VltCeiling09UtilOpen,STAT,2464.0,8872.0,352.0,90.0001
1550627,DLCworkshop03.esm,050013E0,00050C8C,VltCeiling07UtilHalf,STAT,2336.0,8872.0,352.0,90.0001
1550628,DLCworkshop03.esm,050013E1,000A850D,VltHallResCorInTallTop01,STAT,2208.0,8744.0,352.0,270.0
1550629,DLCworkshop03.esm,050013E2,000A850D,VltHallResCorInTallTop01,STAT,2208.0,9000.0,352.0,0.0
1550630,DLCworkshop03.esm,050013E3,000A84DC,VltHallResWallTallTop01,STAT,2208.0,8872.0,352.0,270.0001
1550631,DLCworkshop03.esm,050013E4,000A84DC,VltHallResWallTallTop01,STAT,2976.0,9000.0,352.0,0.0
1550632,DLCworkshop03.esm,050013E5,000A84DC,VltHallResWallTallTop01,STAT,2720.0,9000.0,352.0,0.0
1550633,DLCworkshop03.esm,050013E6,000A84DC,VltHallResWallTallTop01,STAT,2464.0,9000.0,352.0,0.0
1550634,DLCworkshop03.esm,050013E7,000A8527,VltHallResWallHalfTallTop01,STAT,2272.0,9000.0,352.0,0.0001
1550635,DLCworkshop03.esm,050013E8,000A8527,VltHallResWallHalfTallTop01,STAT,2272.0,8744.0,352.0,180.0
1550636,DLCworkshop03.esm,050013E9,000A84DC,VltHallResWallTallTop01,STAT,2464.0,8744.0,352.0,180.0
1550637,DLCworkshop03.esm,050013EA,000A84DC,VltHallResWallTallTop01,STAT,2720.0,8744.0,352.0,180.0
1550638,DLCworkshop03.esm,050013EB,000A84DC,VltHallResWallTallTop01,STAT,2976.0,8744.0,352.0,180.0
1550639,DLCworkshop03.esm,050013ED,00049D90,VltStrutSideFree02,STAT,3104.0,9112.0,96.0,0.0001
1550640,DLCworkshop03.esm,050013EE,00049D8F,VltStrutSideFree01,STAT,3104.0,8632.0,96.0,180.0
1550641,DLCworkshop03.esm,050013EF,000A84E0,VltHallResWindowTallBottom01,STAT,2976.0,9000.0,96.0,0.0
1550642,DLCworkshop03.esm,050013F0,000A84E0,VltHallResWindowTallBottom01,STAT,2720.0,9000.0,96.0,0.0
1550643,DLCworkshop03.esm,050013F1,000A8528,VltHallResWallHalfTallBottom01,STAT,2272.0,9000.0,96.0,0.0001
1550644,DLCworkshop03.esm,050013F2,000A8528,VltHallResWallHalfTallBottom01,STAT,2272.0,8744.0,96.0,180.0
1550645,DLCworkshop03.esm,050013F3,000A84DA,VltHallResWallTallBottom01,STAT,2464.0,8744.0,96.0,180.0
1550646,DLCworkshop03.esm,050013F4,0018C3F8,VltHallUtilCorOutTransR01,STAT,3488.0,8104.0,96.0,180.0001
1550647,DLCworkshop03.esm,050013F5,00046970,V111Vent01,STAT,4336.0,7968.0,472.0,271.6733
1550648,DLCworkshop03.esm,050013F6,0012DA5A,VltFloorSmall02Util,STAT,3488.0,8744.0,96.0,90.0
1550649,DLCworkshop03.esm,050013F7,0018C3F7,VltHallUtilCorOutTransL01,STAT,3488.0,8872.0,96.0,90.0001
1550650,DLCworkshop03.esm,050013F8,001C9080,MistLargeRoundDustyDimmer,MSTT,5248.097656,8595.256836,439.996704,310.1527
1550651,DLCworkshop03.esm,050013F9,001C9080,MistLargeRoundDustyDimmer,MSTT,4937.091797,8633.427734,470.937744,0.0
1550652,DLCworkshop03.esm,050013FC,001C9080,MistLargeRoundDustyDimmer,MSTT,5872.969727,8409.876953,278.071411,0.0
1550653,DLCworkshop03.esm,050013FD,001C9085,MistLargeRoundDustyDimmest,MSTT,5687.443359,8697.482422,325.507263,0.0
1550654,DLCworkshop03.esm,050013FE,001C9080,MistLargeRoundDustyDimmer,MSTT,5832.0,9392.0,392.0,0.0
1550655,DLCworkshop03.esm,05001419,00187A18,VltSignNav01ResDoor01Security,STAT,1928.0,9512.0,96.0,90.0001
1550656,DLCworkshop03.esm,0500141A,00187A16,VltSignNav04HallsScreening,STAT,3360.0,8872.0,96.0,270.0
1550657,DLCworkshop03.esm,0500141E,001A5F73,VltLight02FluorResHallHalf,STAT,3184.0,8296.0,320.0,270.0001
1550658,DLCworkshop03.esm,05001424,001405E0,ConsolePanB24,STAT,5702.025391,9010.351562,300.0,348.5545
1550659,DLCworkshop03.esm,05001425,001405B4,ConsoleCabSingle01,STAT,5700.415039,9032.097656,239.572021,345.1948
1550660,DLCworkshop03.esm,05001426,001405B4,ConsoleCabSingle01,STAT,5738.302246,9041.824219,239.572021,345.1949
1550661,DLCworkshop03.esm,05001427,001405AE,ConsoleCabDrawer01,STAT,5738.302246,9041.824219,239.0,345.1949
1550662,DLCworkshop03.esm,05001428,001405D1,ConsolePanB09,STAT,5740.768555,9016.570312,298.771851,347.5668
1550663,DLCworkshop03.esm,05001429,001405DF,ConsolePanB23,STAT,5626.175293,8991.0,300.0,348.5545
1550664,DLCworkshop03.esm,0500142A,001405AE,ConsoleCabDrawer01,STAT,5624.566895,9012.745117,239.0,345.1948
1550665,DLCworkshop03.esm,0500142B,001405B4,ConsoleCabSingle01,STAT,5624.566895,9012.745117,239.572021,345.1948
1550666,DLCworkshop03.esm,0500142C,001405B4,ConsoleCabSingle01,STAT,5662.453613,9022.47168,239.572021,345.1949
1550667,DLCworkshop03.esm,0500142D,001405AE,ConsoleCabDrawer01,STAT,5662.453613,9022.47168,239.0,345.1949
1550668,DLCworkshop03.esm,0500142E,001405D6,ConsolePanB14,STAT,5664.248535,8998.523438,298.441895,348.4597
1550669,DLCworkshop03.esm,0500142F,0004F0ED,CaveMoundRocksMed03,STAT,5880.839844,8566.521484,-76.761475,66.8286
1550670,DLCworkshop03.esm,05001430,0004F0ED,CaveMoundRocksMed03,STAT,5751.938477,8436.552734,-61.086548,106.9356
1550671,DLCworkshop03.esm,05001431,0004F0ED,CaveMoundRocksMed03,STAT,5447.488281,8476.561523,-68.415527,78.2877
1550672,DLCworkshop03.esm,05001434,000F17EE,IndCatLight02On,STAT,5614.733398,8946.640625,236.975403,166.0772
1550673,DLCworkshop03.esm,05001435,0004F0ED,CaveMoundRocksMed03,STAT,5720.851562,8434.00293,-68.415527,95.4766
1550674,DLCworkshop03.esm,05001436,0004F0ED,CaveMoundRocksMed03,STAT,5334.289062,8340.925781,-79.251587,147.0428
1550675,DLCworkshop03.esm,05001437,0004F0ED,CaveMoundRocksMed03,STAT,5610.353516,8381.382812,-68.415527,96.4397
1550676,DLCworkshop03.esm,05001438,0004F0ED,CaveMoundRocksMed03,STAT,5416.113281,8340.539062,-68.415527,353.3073
1550677,DLCworkshop03.esm,05001439,000481DC,IndPlatFrameBaseBgSingle01,STAT,5903.585938,8628.071289,-25.77887,256.8677
1550678,DLCworkshop03.esm,0500143B,000247E4,IndFrame256x256EmptyShape01,STAT,5934.105469,8502.348633,-16.0,346.8677
1550679,DLCworkshop03.esm,0500143C,000247E4,IndFrame256x256EmptyShape01,STAT,5934.105469,8502.348633,240.0,346.8677
1550680,DLCworkshop03.esm,0500143E,050024FF,DLC06IndCat2WaySide01,STAT,6002.412109,8772.944336,240.0,166.8677
1550681,DLCworkshop03.esm,05001442,0004F14E,CaveColmRockTall,STAT,6229.381836,8530.182617,258.984497,166.8677
1550682,DLCworkshop03.esm,05001443,05002503,DLC06IndCat2Way01,STAT,6060.575195,8523.638672,240.0,256.8677
1550683,DLCworkshop03.esm,05001444,00050C89,VltCeiling04UtilOneWay,STAT,3232.0,8872.0,96.0,270.0
1550684,DLCworkshop03.esm,05001445,00049205,VltCorOutFree01,STAT,3232.0,8744.0,96.0,180.0
1550685,DLCworkshop03.esm,05001446,00049224,VltFloor01,STAT,2976.0,8872.0,96.0,270.0
1550686,DLCworkshop03.esm,05001447,000A84DA,VltHallResWallTallBottom01,STAT,2976.0,8744.0,96.0,180.0
1550687,DLCworkshop03.esm,05001448,0500498B,DLC06WorkshopVault_Crate_01_Blue,STAT,4039.497314,8909.756836,-69.668274,186.4398
1550688,DLCworkshop03.esm,05001449,000BA5A0,Vault_Crate_02_White,STAT,3988.976562,8876.512695,-69.434387,268.2488
1550689,DLCworkshop03.esm,0500144A,000BA592,Vault_Crate_04_Steel,STAT,3916.742187,8884.730469,-70.25,183.3471
1550690,DLCworkshop03.esm,05001452,0004F0ED,CaveMoundRocksMed03,STAT,6101.933594,8994.507812,549.304077,21.955
1550691,DLCworkshop03.esm,05001453,0004F0ED,CaveMoundRocksMed03,STAT,5940.986328,8427.703125,562.399414,245.4084
1550692,DLCworkshop03.esm,05001454,0004F0ED,CaveMoundRocksMed03,STAT,5866.167969,8537.950195,562.399414,245.4084
1550693,DLCworkshop03.esm,05001455,0004F0ED,CaveMoundRocksMed03,STAT,6060.536133,8506.561523,514.80188,245.4084
1550694,DLCworkshop03.esm,05001456,0004F0ED,CaveMoundRocksMed03,STAT,5058.414062,8466.972656,625.523621,12.0424
1550695,DLCworkshop03.esm,05001457,0004F0ED,CaveMoundRocksMed03,STAT,5085.546875,8858.841797,625.523621,12.0424
1550696,DLCworkshop03.esm,05001458,0004F0ED,CaveMoundRocksMed03,STAT,5127.017578,8959.558594,620.72937,12.0424
1550697,DLCworkshop03.esm,0500145A,0004F0ED,CaveMoundRocksMed03,STAT,6124.37793,9092.123047,555.632385,67.2291
1550698,DLCworkshop03.esm,0500145B,0010693A,Rubble_Flat_Trash_Lg01c,STAT,5855.138672,8551.244141,-47.312988,22.9183
1550699,DLCworkshop03.esm,0500145C,0010693A,Rubble_Flat_Trash_Lg01c,STAT,5578.769531,8669.227539,-46.799988,120.3211
1550700,DLCworkshop03.esm,0500145D,0010693A,Rubble_Flat_Trash_Lg01c,STAT,4847.5625,8691.40332,-47.312988,245.4086
1550701,DLCworkshop03.esm,0500145E,0010693A,Rubble_Flat_Trash_Lg01c,STAT,5159.09375,8943.129883,-47.312988,97.4028
1550702,DLCworkshop03.esm,0500145F,0010693B,Rubble_Flat_Trash_Sm01,STAT,5045.066406,8392.567383,-47.312988,97.4028
1550703,DLCworkshop03.esm,05001460,0010693A,Rubble_Flat_Trash_Lg01c,STAT,5341.207031,8710.15625,-47.289978,314.1635
1550704,DLCworkshop03.esm,05001461,0008954E,TrashClump02,STAT,5014.443359,8297.657227,-47.312988,222.4902
1550705,DLCworkshop03.esm,05001462,0008954A,TrashClump01,STAT,5266.710938,8284.052734,-47.312988,222.4904
1550706,DLCworkshop03.esm,05001463,0004F100,CaveMoundRocksMed04,STAT,4940.033203,8896.71582,-76.816223,54.4058
1550707,DLCworkshop03.esm,05001464,0004F0ED,CaveMoundRocksMed03,STAT,5211.355469,8966.96875,-71.451233,227.2565
1550708,DLCworkshop03.esm,05001471,0004F0ED,CaveMoundRocksMed03,STAT,5456.125,8378.228516,605.042419,73.5212
1550709,DLCworkshop03.esm,05001472,0005F2AB,VltLgRmShellCorOutLowHalf01,STAT,5738.536133,8372.990234,47.69812,270.0
1550710,DLCworkshop03.esm,05001473,000540D4,VltRmPodRoofCorOutHalf01,STAT,5482.535156,8116.990234,559.69812,270.0001
1550711,DLCworkshop03.esm,05001474,0005F2AE,VltLgRmShellCorOutMidHalf01,STAT,5738.536133,8372.990234,303.69812,270.0
1550712,DLCworkshop03.esm,05001475,000540CE,VltRmPodRoofTrim02,STAT,5354.535156,8116.990234,559.69812,180.0
1550713,DLCworkshop03.esm,05001476,0005F873,VltLgRmShellWallMid01,STAT,5354.535156,8372.990234,303.69812,180.0
1550714,DLCworkshop03.esm,05001477,0005F86F,VltLgRmShellWallLow01,STAT,5354.535156,8372.990234,47.69812,180.0
1550715,DLCworkshop03.esm,05001478,000540CE,VltRmPodRoofTrim02,STAT,5098.535156,8116.990234,559.69812,180.0
1550716,DLCworkshop03.esm,05001479,0005F873,VltLgRmShellWallMid01,STAT,5098.535156,8372.990234,303.69812,180.0
1550717,DLCworkshop03.esm,0500147A,0005F86F,VltLgRmShellWallLow01,STAT,5098.535156,8372.990234,47.69812,180.0
1550718,DLCworkshop03.esm,0500147B,000540CE,VltRmPodRoofTrim02,STAT,4842.535156,8116.990234,559.69812,180.0
1550719,DLCworkshop03.esm,0500147C,0005F86F,VltLgRmShellWallLow01,STAT,4842.535156,8372.990234,47.69812,180.0
1550720,DLCworkshop03.esm,0500147D,0005F873,VltLgRmShellWallMid01,STAT,4842.535156,8372.990234,303.69812,180.0
1550721,DLCworkshop03.esm,05001480,0004F134,CaveMoundDirtHill02,STAT,5515.763672,9168.726562,-64.0,179.8038
1550722,DLCworkshop03.esm,05001481,0004CED1,CaveMoundMudMed03,STAT,5587.955078,9070.5625,-48.0,274.0564
1550723,DLCworkshop03.esm,05001482,0004F0ED,CaveMoundRocksMed03,STAT,5808.947266,8838.436523,-58.605896,324.6593
1550724,DLCworkshop03.esm,05001483,0004F0ED,CaveMoundRocksMed03,STAT,6015.31543,8670.716797,-58.605896,301.741
1550725,DLCworkshop03.esm,05001484,0004F0ED,CaveMoundRocksMed03,STAT,5836.244141,8358.681641,-51.118774,73.5212
1550726,DLCworkshop03.esm,05001487,0004F110,CaveMoundRocksTall04,STAT,6156.583984,8704.511719,-45.314331,199.5719
1550727,DLCworkshop03.esm,05001488,00148C70,DefaultLightCoolFLNSNonSpec,LIGH,5859.195312,8408.851562,319.414246,256.8828
1550728,DLCworkshop03.esm,05001489,0500434D,DLC06IndCatLightNSGobo,LIGH,5872.0,8408.0,280.0,270.0001
1550729,DLCworkshop03.esm,0500148A,000F17EE,IndCatLight02On,STAT,5874.337891,8393.989258,201.449463,76.4772
1550730,DLCworkshop03.esm,05001493,0004F14E,CaveColmRockTall,STAT,5121.175781,9177.363281,363.726349,57.134
1550731,DLCworkshop03.esm,05001494,000394D6,CaveRmWall01,STAT,5242.113281,9102.677734,330.826416,285.3525
1550732,DLCworkshop03.esm,05001495,0004F14E,CaveColmRockTall,STAT,5759.671875,8175.938477,208.0,233.1128
1550733,DLCworkshop03.esm,05001496,0004F14E,CaveColmRockTall,STAT,5690.925781,8221.029297,227.277649,301.8677
1550734,DLCworkshop03.esm,05001497,000481DC,IndPlatFrameBaseBgSingle01,STAT,5735.443359,8579.222656,-48.0,256.8677
1550735,DLCworkshop03.esm,05001498,000481DC,IndPlatFrameBaseBgSingle01,STAT,5793.607422,8329.917969,-48.0,256.8677
1550736,DLCworkshop03.esm,0500149B,000247ED,IndFrame512x256EmptyShape01,STAT,5677.280273,8828.527344,240.0,346.8677
1550737,DLCworkshop03.esm,0500149C,0004597E,IndFrame512x384EmptyShape01,STAT,5677.280273,8828.527344,-144.0,346.8677
1550738,DLCworkshop03.esm,0500149D,000D3E56,VltFloor02Util,STAT,6091.606445,8879.416016,-47.312988,269.0002
1550739,DLCworkshop03.esm,0500149E,000D3E56,VltFloor02Util,STAT,6100.541016,8367.494141,-47.312988,269.0002
1550740,DLCworkshop03.esm,0500149F,000D3E56,VltFloor02Util,STAT,6096.072266,8623.455078,-47.312988,269.0002
1550741,DLCworkshop03.esm,050014A0,000D3E56,VltFloor02Util,STAT,5835.645508,8874.949219,-47.312988,269.0002
1550742,DLCworkshop03.esm,050014A1,000D3E56,VltFloor02Util,STAT,5844.580078,8363.027344,-47.312988,269.0002
1550743,DLCworkshop03.esm,050014A2,000D3E56,VltFloor02Util,STAT,5840.112305,8618.987305,-47.312988,269.0002
1550744,DLCworkshop03.esm,050014A3,000D3E56,VltFloor02Util,STAT,5579.683594,8870.482422,-47.312988,269.0002
1550745,DLCworkshop03.esm,050014A4,000D3E56,VltFloor02Util,STAT,5588.619141,8358.560547,-47.312988,269.0002
1550746,DLCworkshop03.esm,050014A5,000D3E56,VltFloor02Util,STAT,5584.152344,8614.520508,-47.312988,269.0002
1550747,DLCworkshop03.esm,050014A6,0001F785,RockCliff02,STAT,6486.62793,8249.165039,0.0,222.6393
1550748,DLCworkshop03.esm,050014A7,05002500,DLC06IndCat2WaySideL01,STAT,5753.107422,8714.78125,240.0,346.8677
1550749,DLCworkshop03.esm,050014A8,05002500,DLC06IndCat2WaySideL01,STAT,5694.943359,8964.085938,240.0,76.8677
1550750,DLCworkshop03.esm,050014AA,0004CED1,CaveMoundMudMed03,STAT,4782.738281,8341.810547,-48.0,126.8955
1550751,DLCworkshop03.esm,050014AB,0004CED1,CaveMoundMudMed03,STAT,4697.689453,8585.189453,-48.0,179.0002
1550752,DLCworkshop03.esm,050014AC,0004CED1,CaveMoundMudMed03,STAT,4739.994141,8888.015625,-48.0,0.0
1550753,DLCworkshop03.esm,050014AD,000D3E56,VltFloor02Util,STAT,5332.658203,8354.09375,-47.312988,269.0002
1550754,DLCworkshop03.esm,050014AE,000D3E56,VltFloor02Util,STAT,4820.736328,8345.15918,-47.312988,269.0002
1550755,DLCworkshop03.esm,050014AF,000D3E56,VltFloor02Util,STAT,5076.697266,8349.626953,-47.312988,269.0002
1550756,DLCworkshop03.esm,050014B0,000D3E56,VltFloor02Util,STAT,4811.800781,8857.081055,-47.312988,269.0002
1550757,DLCworkshop03.esm,050014B1,000D3E56,VltFloor02Util,STAT,4816.269531,8601.119141,-47.312988,269.0002
1550758,DLCworkshop03.esm,050014B2,000D3E56,VltFloor02Util,STAT,5323.722656,8866.015625,-47.312988,269.0002
1550759,DLCworkshop03.esm,050014B3,000D3E56,VltFloor02Util,STAT,5328.191406,8610.053711,-47.312988,269.0002
1550760,DLCworkshop03.esm,050014B4,000D3E56,VltFloor02Util,STAT,5072.230469,8605.586914,-47.312988,269.0002
1550761,DLCworkshop03.esm,050014B5,000D3E56,VltFloor02Util,STAT,5067.761719,8861.548828,-47.312988,269.0002
1550762,DLCworkshop03.esm,050014B6,000BA54C,DirtCliffTopShelfSm01,STAT,5354.873047,9308.448242,40.848389,236.0236
1550763,DLCworkshop03.esm,050014B7,000394D5,CaveRmFloor512Mid01,STAT,5382.123047,9290.009766,-32.0,0.0
1550764,DLCworkshop03.esm,050014B8,000394D5,CaveRmFloor512Mid01,STAT,4876.421875,9290.009766,-32.0,0.0
1550765,DLCworkshop03.esm,050014B9,0004F14E,CaveColmRockTall,STAT,5700.718262,9156.958008,216.0,174.4685
1550766,DLCworkshop03.esm,050014BC,00038593,RockCliff05,STAT,5595.082031,8800.298828,766.957214,283.5387
1550767,DLCworkshop03.esm,050014BD,0004F14E,CaveColmRockTall,STAT,6220.553223,8823.837891,368.0,0.0
1550768,DLCworkshop03.esm,050014BE,000394D6,CaveRmWall01,STAT,5488.976562,9034.900391,330.826416,285.3525
1550769,DLCworkshop03.esm,050014C3,000394D6,CaveRmWall01,STAT,6308.854004,9008.735352,368.0,72.8087
1550770,DLCworkshop03.esm,050014C4,000394D6,CaveRmWall01,STAT,6094.93457,8750.046875,285.97345,357.8087
1550771,DLCworkshop03.esm,050014C8,0004CED1,CaveMoundMudMed03,STAT,5744.283203,8893.448242,-48.0,313.2002
1550772,DLCworkshop03.esm,050014C9,05002501,DLC06IndCatStairsFullEndGround01,STAT,5561.964844,8407.3125,-16.0,76.8676
1550773,DLCworkshop03.esm,050014CB,000394D6,CaveRmWall01,STAT,5510.025391,8277.175781,336.0,89.0003
1550774,DLCworkshop03.esm,050014CC,000394D6,CaveRmWall01,STAT,5765.986328,8281.641602,336.0,89.0003
1550775,DLCworkshop03.esm,050014CD,000493B2,VltColumnTallFreeUpper01,STAT,4723.6875,8304.984375,356.681946,180.0
1550776,DLCworkshop03.esm,050014CE,000493B1,VltColumnTallFreeMid01,STAT,4723.6875,8304.984375,100.681946,180.0
1550777,DLCworkshop03.esm,050014CF,000493B1,VltColumnTallFreeMid01,STAT,4723.6875,8304.984375,-155.318054,180.0
1550778,DLCworkshop03.esm,050014D0,000493B2,VltColumnTallFreeUpper01,STAT,5416.080078,9075.658203,352.0,269.0
1550779,DLCworkshop03.esm,050014D1,000493B1,VltColumnTallFreeMid01,STAT,5416.080078,9075.658203,96.0,269.0
1550780,DLCworkshop03.esm,050014D2,000493B1,VltColumnTallFreeMid01,STAT,5416.080078,9075.658203,-160.0,269.0
1550781,DLCworkshop03.esm,050014D3,000493B1,VltColumnTallFreeMid01,STAT,4722.427734,8959.191406,-155.318054,180.0
1550782,DLCworkshop03.esm,050014D4,000493B1,VltColumnTallFreeMid01,STAT,4722.427734,8959.191406,100.681946,180.0
1550783,DLCworkshop03.esm,050014D5,000493B2,VltColumnTallFreeUpper01,STAT,4722.427734,8959.191406,356.681946,180.0
1550784,DLCworkshop03.esm,050014D6,050011CA,DLC06ConBig01,STAT,2360.0,9568.0,96.0,0.0001
1550785,DLCworkshop03.esm,050014D9,050058A6,DLC06ScrapableVault_Locker_Static01,STAT,3031.789062,9501.275391,96.000061,90.0
1550786,DLCworkshop03.esm,050014DD,000B21DC,Vault_Desk_01,CONT,2719.144531,9201.736328,95.999939,180.0
1550787,DLCworkshop03.esm,050014DF,05004988,DLC06WorkshopVault_Locker_01,CONT,3536.0,7808.0,96.0,169.7441
1550788,DLCworkshop03.esm,050014E0,00046970,V111Vent01,STAT,4488.0,7968.0,472.0,271.6733
1550789,DLCworkshop03.esm,050014E2,00001B8D,FirePanel01,STAT,3680.0,7992.0,168.0,180.0
1550790,DLCworkshop03.esm,050014E3,001D4298,KlaxonLightGlowNS,LIGH,4801.490234,8386.168945,553.828979,269.9991
1550791,DLCworkshop03.esm,050014E4,001D4298,KlaxonLightGlowNS,LIGH,4800.742188,8877.827148,553.824402,269.9996
1550792,DLCworkshop03.esm,050014E5,0002B764,LightBeamThin01,MSTT,4735.666016,8809.162109,541.759949,0.0003
1550793,DLCworkshop03.esm,050014E7,0008CBE2,SpotLight_Base,STAT,4912.0,8305.174805,582.824768,151.3519
1550794,DLCworkshop03.esm,050014E8,0008CBE2,SpotLight_Base,STAT,4746.003906,8806.228516,576.246948,179.9999
1550795,DLCworkshop03.esm,050014E9,0008F5CE,SpotLight_LightOn,STAT,4917.685547,8301.974609,541.640564,279.7287
1550796,DLCworkshop03.esm,050014EA,0008CBE4,SpotLight_LightOff,STAT,4746.113281,8809.271484,534.658508,179.9998
1550797,DLCworkshop03.esm,050014EB,0002B773,GlowFillCloudyDim,MSTT,3253.042969,8703.927734,280.635559,91.6732
1550798,DLCworkshop03.esm,050014EC,00039501,CaveRmCeiling256,STAT,4993.636719,8524.203125,336.0,359.0003
1550799,DLCworkshop03.esm,050014ED,00039501,CaveRmCeiling256,STAT,4989.169922,8780.165039,336.0,359.0003
1550800,DLCworkshop03.esm,050014EE,0004F134,CaveMoundDirtHill02,STAT,5729.412109,8280.664062,-60.742554,179.8038
1550801,DLCworkshop03.esm,050014F0,000394D6,CaveRmWall01,STAT,5254.064453,8272.708984,336.0,89.0003
1550802,DLCworkshop03.esm,050014F1,000394D6,CaveRmWall01,STAT,4998.103516,8268.242187,336.0,89.0003
1550803,DLCworkshop03.esm,050014F4,00039377,CaveHall1WayRamp256,STAT,6152.716797,10734.908203,725.856689,254.871
1550804,DLCworkshop03.esm,050014F5,00039389,CaveHall1WayRamp128Floor,STAT,6152.71582,10734.907227,542.871826,254.871
1550805,DLCworkshop03.esm,050014F9,0003938E,CaveHall2Way01Floor,STAT,5534.897949,10567.87207,478.871857,254.871
1550806,DLCworkshop03.esm,050014FA,0003938F,CaveHall2Way01RampL64,STAT,5534.898438,10567.874023,597.856689,254.8711
1550807,DLCworkshop03.esm,050014FB,000394D8,CaveRmWallCorIn01,STAT,4728.742188,9031.658203,336.0,179.0002
1550808,DLCworkshop03.esm,050014FC,000AE499,CaveRmWallDblVault114Hole01,STAT,4735.443359,8647.716797,336.0,179.0002
1550809,DLCworkshop03.esm,050014FD,000BA405,VltGearDoorStairs01,STAT,3619.619141,8727.015625,86.920227,359.0002
1550810,DLCworkshop03.esm,050014FE,000B32C6,VltGearDoorRoomExt01,STAT,4768.0,8616.0,96.0,0.0001
1550811,DLCworkshop03.esm,050014FF,00231E93,VltHallResWallHalf01MetalPlate,STAT,3168.0,9000.0,96.0,0.0
1550812,DLCworkshop03.esm,05001500,00049230,VltRmResCorInR01,STAT,2976.0,9512.0,96.0,0.0
1550813,DLCworkshop03.esm,05001501,0006F0ED,VltRmResCorInLWinR01,STAT,2976.0,9256.0,96.0,180.0001
1550814,DLCworkshop03.esm,05001502,0004923E,VltRmResWinFront01,STAT,2464.0,9256.0,96.0,180.0
1550815,DLCworkshop03.esm,05001503,00049236,VltRmResWallFront01,STAT,2720.0,9512.0,96.0,0.0
1550816,DLCworkshop03.esm,05001504,0004923E,VltRmResWinFront01,STAT,2720.0,9256.0,96.0,180.0
1550817,DLCworkshop03.esm,05001505,00049223,VltFloorHalf01,STAT,3360.0,8104.0,96.0,180.0
1550818,DLCworkshop03.esm,05001507,0003938A,CaveHall1WayRamp256Floor,STAT,5701.933594,9950.055664,350.871857,164.8711
1550819,DLCworkshop03.esm,05001508,00039377,CaveHall1WayRamp256,STAT,5701.933594,9950.055664,405.856689,164.8711
1550820,DLCworkshop03.esm,05001509,000394D8,CaveRmWallCorIn01,STAT,4742.144531,8263.775391,336.0,89.0002
1550821,DLCworkshop03.esm,0500150A,000394D6,CaveRmWall01,STAT,4984.703125,9036.125,336.0,269.0003
1550822,DLCworkshop03.esm,0500150B,00049313,VltCeiling01,STAT,3488.0,8360.0,96.0,90.0
1550823,DLCworkshop03.esm,0500150C,00049313,VltCeiling01,STAT,3488.0,8872.0,96.0,90.0
1550824,DLCworkshop03.esm,0500150D,00049222,VltFloorSmall01,STAT,3488.0,8232.0,96.0,180.0
1550825,DLCworkshop03.esm,0500150E,00049223,VltFloorHalf01,STAT,3360.0,8232.0,96.0,180.0
1550826,DLCworkshop03.esm,0500150F,00049223,VltFloorHalf01,STAT,3232.0,8360.0,96.0,90.0
1550827,DLCworkshop03.esm,05001510,00049223,VltFloorHalf01,STAT,3232.0,8616.0,96.0,90.0
1550828,DLCworkshop03.esm,05001511,00049224,VltFloor01,STAT,3488.0,8360.0,96.0,90.0
1550829,DLCworkshop03.esm,05001512,00049224,VltFloor01,STAT,3488.0,8616.0,96.0,90.0
1550830,DLCworkshop03.esm,05001513,00231E95,VltHallResWall01MetalPlate,STAT,3360.0,9000.0,96.0,0.0
1550831,DLCworkshop03.esm,05001514,00049224,VltFloor01,STAT,3232.0,8872.0,96.0,90.0
1550832,DLCworkshop03.esm,05001515,0009B08A,VltGearDoorRoom01,STAT,3616.0,8744.0,96.0,0.0
1550833,DLCworkshop03.esm,05001516,05005BC0,DLC06VltLGHall01,STAT,2592.0,8104.0,96.0,270.0
1550834,DLCworkshop03.esm,05001517,00049314,VltCeilingHalf01,STAT,2848.009766,8232.005859,96.0,270.0
1550835,DLCworkshop03.esm,05001538,001C9080,MistLargeRoundDustyDimmer,MSTT,2968.0,8872.0,296.0,0.0
1550836,DLCworkshop03.esm,05001539,000821BD,MistLargeRoundDustyDim,MSTT,2711.947998,8870.21875,296.0,0.0
1550837,DLCworkshop03.esm,0500153C,001C9080,MistLargeRoundDustyDimmer,MSTT,3758.486328,8807.451172,306.415283,0.0
1550838,DLCworkshop03.esm,0500153D,001C9080,MistLargeRoundDustyDimmer,MSTT,4036.798828,8160.384766,308.628113,0.0
1550839,DLCworkshop03.esm,0500153E,001C9080,MistLargeRoundDustyDimmer,MSTT,2977.941406,7998.417969,265.076416,180.0
1550840,DLCworkshop03.esm,0500153F,001C9085,MistLargeRoundDustyDimmest,MSTT,2970.724609,8445.185547,245.751221,180.0
1550841,DLCworkshop03.esm,05001548,00046970,V111Vent01,STAT,4351.546875,7975.490234,91.089233,270.0
1550842,DLCworkshop03.esm,05001549,000BA590,Vault_Crate_02_Steel,STAT,3791.417969,8707.013672,-70.415771,184.0566
1550843,DLCworkshop03.esm,0500154A,000BA5A4,Vault_Crate_02_Blue,STAT,3712.255859,8704.970703,-70.415771,172.5975
1550844,DLCworkshop03.esm,0500154B,000BA599,Vault_Crate_03_Beige,STAT,3772.269531,8659.75,-70.415771,178.3271
1550845,DLCworkshop03.esm,0500154C,050049A2,DLC06WorkshopVault_FloorMat_Medium_01,STAT,3702.669922,8641.370117,-70.124817,0.0
1550846,DLCworkshop03.esm,0500154D,050049A2,DLC06WorkshopVault_FloorMat_Medium_01,STAT,3833.496094,8642.520508,-70.124817,84.4996
1550847,DLCworkshop03.esm,0500154E,0005C239,V111VAC01,STAT,3873.771484,8558.395508,40.465149,180.0
1550848,DLCworkshop03.esm,0500154F,050058A8,DLC06ScrapableVault_Locker_Static02,STAT,4030.376953,8584.883789,-69.43396,180.0
1550849,DLCworkshop03.esm,05001550,050049A1,DLC06WorkshopVault_FloorMat_Large_04,STAT,4024.080078,8688.4375,-70.124817,0.0
1550850,DLCworkshop03.esm,05001551,0500498B,DLC06WorkshopVault_Crate_01_Blue,STAT,3919.527344,8591.644531,-70.415771,274.0566
1550851,DLCworkshop03.esm,05001552,000BA592,Vault_Crate_04_Steel,STAT,3665.396484,8594.436523,-70.25,183.3471
1550852,DLCworkshop03.esm,05001553,0500498D,DLC06WorkshopVault_Crate_01_Steel,STAT,3653.710937,8688.238281,-70.25,93.3471
1550853,DLCworkshop03.esm,05001554,050058A6,DLC06ScrapableVault_Locker_Static01,STAT,3912.699219,9028.445312,-70.619873,270.0001
1550854,DLCworkshop03.esm,05001555,05004988,DLC06WorkshopVault_Locker_01,CONT,3913.871094,8972.025391,-70.619873,270.0
1550855,DLCworkshop03.esm,05001556,00059A9A,Loot_Toolbox,CONT,3911.005859,8931.404297,-70.16687,85.8175
1550856,DLCworkshop03.esm,05001557,000E7D9A,StepLadderClosedSmall,STAT,4026.207031,9041.123047,-70.25,0.0
1550857,DLCworkshop03.esm,05001559,050049A4,DLC06WorkshopVault_FloorMat_Small_01,STAT,3956.886719,8968.826172,-70.124817,84.4996
1550858,DLCworkshop03.esm,0500155A,050049A4,DLC06WorkshopVault_FloorMat_Small_01,STAT,3949.371094,9032.652344,-69.755432,87.5936
1550859,DLCworkshop03.esm,0500155D,0500498A,DLC06WorkshopVault_Crate_01_Beige,STAT,3773.674072,8937.511719,136.0,81.337
1550860,DLCworkshop03.esm,0500155E,000B819C,NpcBenchVaultSit01Static,STAT,3578.113281,8075.114258,76.369019,90.0
1550861,DLCworkshop03.esm,05001560,0004696F,V111CoolantPipes01,STAT,3595.505859,8015.462891,-36.002319,91.6733
1550862,DLCworkshop03.esm,05001561,0004696F,V111CoolantPipes01,STAT,3644.130859,8960.658203,-35.797974,271.6733
1550863,DLCworkshop03.esm,05001562,05004982,DLC06WorkshopNpcChairVaultSit01,FURN,2280.0,6760.0,-128.0,106.8681
1550864,DLCworkshop03.esm,05001564,050049A4,DLC06WorkshopVault_FloorMat_Small_01,STAT,3497.136719,8172.007812,95.73877,2.8648
1550865,DLCworkshop03.esm,05001567,050049A4,DLC06WorkshopVault_FloorMat_Small_01,STAT,3241.34375,8706.775391,95.73877,0.0
1550866,DLCworkshop03.esm,05001568,000BA5A0,Vault_Crate_02_White,STAT,3822.052734,8929.775391,95.874451,268.327
1550867,DLCworkshop03.esm,0500156B,050011CB,DLC06ConBig02,STAT,3958.460937,8036.525391,95.932129,180.0
1550868,DLCworkshop03.esm,0500156C,050011CA,DLC06ConBig01,STAT,4042.283203,8036.525391,95.932129,180.0
1550869,DLCworkshop03.esm,0500156D,050049A4,DLC06WorkshopVault_FloorMat_Small_01,STAT,3952.525391,8093.732422,96.0,0.0
1550870,DLCworkshop03.esm,0500156E,050049A4,DLC06WorkshopVault_FloorMat_Small_01,STAT,4018.400391,8093.732422,96.182434,0.0
1550871,DLCworkshop03.esm,0500156F,050049A4,DLC06WorkshopVault_FloorMat_Small_01,STAT,4078.818359,8093.732422,95.832275,15.0
1550872,DLCworkshop03.esm,05001571,050049A4,DLC06WorkshopVault_FloorMat_Small_01,STAT,3723.029297,8469.274414,96.0,0.0
1550873,DLCworkshop03.esm,05001572,050049A4,DLC06WorkshopVault_FloorMat_Small_01,STAT,3786.628906,8469.274414,96.182434,0.0
1550874,DLCworkshop03.esm,05001574,00046970,V111Vent01,STAT,3630.78125,8644.678711,44.972229,0.0
1550875,DLCworkshop03.esm,05001575,0004D1F5,Wrench01,MISC,3800.625,8074.798828,118.688538,330.2578
1550876,DLCworkshop03.esm,05001576,05004983,DLC06WorkshopNpcBenchShortVaultSit01,FURN,3730.578125,8090.439453,95.66449,315.0
1550877,DLCworkshop03.esm,05001577,000556FD,V111FloorStripeRestricted,STAT,3643.060547,8262.841797,97.021729,0.0001
1550878,DLCworkshop03.esm,0500157A,050049A4,DLC06WorkshopVault_FloorMat_Small_01,STAT,3382.927734,8681.767578,95.855347,267.6626
1550879,DLCworkshop03.esm,0500157B,000FD397,OfficeBoxPapers03Prewar,STAT,2528.326172,9560.255859,96.185913,193.8423
1550880,DLCworkshop03.esm,0500157D,0022579F,Clipboard_Prewar01,MISC,2568.134766,9564.652344,152.428528,68.7534
1550881,DLCworkshop03.esm,0500157E,00140AF0,FolderPapers01,MISC,2578.171875,9555.837891,152.516724,335.6296
1550882,DLCworkshop03.esm,05001589,050049A2,DLC06WorkshopVault_FloorMat_Medium_01,STAT,2398.173828,8872.720703,95.960815,90.0
1550883,DLCworkshop03.esm,0500158A,050049A2,DLC06WorkshopVault_FloorMat_Medium_01,STAT,2270.908203,8871.804688,95.960815,270.0001
1550884,DLCworkshop03.esm,0500158B,00046970,V111Vent01,STAT,3104.0,8872.0,456.0,180.0
1550885,DLCworkshop03.esm,0500158C,00046970,V111Vent01,STAT,2112.0,8872.0,464.0,0.0
1550886,DLCworkshop03.esm,0500158D,0005C239,V111VAC01,STAT,2184.0,8480.0,216.0,90.0
1550887,DLCworkshop03.esm,0500158E,001A594A,TrashcanMetalOffice01_Prewar,MSTT,2160.0,9568.0,96.0,0.0
1550888,DLCworkshop03.esm,0500158F,001A594A,TrashcanMetalOffice01_Prewar,MSTT,2618.767578,9208.496094,96.0,0.0
1550889,DLCworkshop03.esm,05001591,050049B3,DLC06WorkshopCafeSideTable01,STAT,2820.990234,9205.216797,96.000061,90.0
1550890,DLCworkshop03.esm,05001593,000FD395,OfficeBoxPapers01Prewar,STAT,2561.621094,9208.087891,144.968811,0.0
1550891,DLCworkshop03.esm,05001596,00059B15,Telephone01,MISC,2675.134766,9192.630859,152.499939,195.0001
1550892,DLCworkshop03.esm,05001597,000518DE,ACDuctLgEnd01,STAT,2960.720703,9666.539062,238.19812,89.9999
1550893,DLCworkshop03.esm,05001599,000BA5A0,Vault_Crate_02_White,STAT,2163.990234,9193.994141,96.088928,353.5607
1550894,DLCworkshop03.esm,0500159A,000FD396,OfficeBoxPapers02Prewar,STAT,2426.488281,9205.257812,152.499939,330.0
1550895,DLCworkshop03.esm,0500159B,05005193,DLC06VaultSafetyPoster08,STAT,2223.933594,9160.654297,217.779358,270.0
1550896,DLCworkshop03.esm,0500159D,0500498E,DLC06WorkshopVault_Crate_01_White,STAT,3021.080078,9193.994141,137.482239,338.5607
1550897,DLCworkshop03.esm,0500159E,05005181,DLC06VaultSafetyPoster11,STAT,2849.529297,9160.513672,224.0,270.0
1550898,DLCworkshop03.esm,0500159F,00140B24,Glass_Generic_Prewar,MISC,2901.849609,9190.855469,156.951782,0.0
1550899,DLCworkshop03.esm,050015A0,00140B24,Glass_Generic_Prewar,MISC,2504.5625,9195.828125,152.5,0.0
1550900,DLCworkshop03.esm,050015A1,000366C0,WaterPurified,ALCH,2281.802734,9186.361328,157.028503,0.0002
1550901,DLCworkshop03.esm,050015A2,000366C0,WaterPurified,ALCH,2276.318359,9201.902344,160.286987,180.1727
1550902,DLCworkshop03.esm,050015A3,000366C0,WaterPurified,ALCH,2914.291016,9184.619141,157.028809,255.0002
1550903,DLCworkshop03.esm,050015A4,00059AD1,GlassPitcher01,MISC,2927.931641,9199.103516,159.49408,0.0197
1550904,DLCworkshop03.esm,050015A5,000E3762,Ashtray_PreWar,MISC,2456.3125,9199.46875,152.499939,0.0
1550905,DLCworkshop03.esm,050015A7,001A5947,WoodBox01,MSTT,2315.720703,9189.597656,97.573364,0.0
1550906,DLCworkshop03.esm,050015A9,0008C199,Vault_VaultSuitBox_02,MSTT,3024.921631,9573.624023,137.228943,270.2539
1550907,DLCworkshop03.esm,050015AA,000E3762,Ashtray_PreWar,MISC,2880.421875,9591.910156,156.948975,0.0
1550908,DLCworkshop03.esm,050015AB,00171947,CoffeeCup01clean,MISC,2891.744141,9580.705078,156.954712,315.0004
1550909,DLCworkshop03.esm,050015AC,00171947,CoffeeCup01clean,MISC,2692.451172,9196.869141,152.509644,315.0
1550910,DLCworkshop03.esm,050015AE,00140AF0,FolderPapers01,MISC,2460.28125,9228.861328,152.726074,59.9956
1550911,DLCworkshop03.esm,050015AF,00140AF0,FolderPapers01,MISC,2512.179688,9222.646484,152.724121,330.0117
1550912,DLCworkshop03.esm,050015B0,0022579F,Clipboard_Prewar01,MISC,2510.511719,9223.546875,153.044067,198.8496
1550913,DLCworkshop03.esm,050015B1,0022579F,Clipboard_Prewar01,MISC,2704.884766,9213.888672,152.635559,195.0007
1550914,DLCworkshop03.esm,050015B2,000E3770,CigarettePack_PreWar,MISC,2892.902344,9565.716797,158.237305,0.0487
1550915,DLCworkshop03.esm,050015B3,000E376E,CigaretteCarton_PreWar,MISC,2932.947266,9567.158203,158.983459,270.3054
1550916,DLCworkshop03.esm,050015B4,000E376E,CigaretteCarton_PreWar,MISC,2946.560547,9566.353516,158.983337,269.591
1550917,DLCworkshop03.esm,050015B5,00140AF0,FolderPapers01,MISC,2911.804688,9584.927734,157.165161,6.3431
1550918,DLCworkshop03.esm,050015B6,00140AF0,FolderPapers01,MISC,2906.527344,9592.130859,157.456665,284.8102
1550919,DLCworkshop03.esm,050015B8,000FD396,OfficeBoxPapers02Prewar,STAT,3028.582031,9324.865234,151.761902,257.223
1550920,DLCworkshop03.esm,050015B9,000F15BF,PrewarDeskFanOffice01,MISC,2235.306641,9190.470703,157.625244,60.131
1550921,DLCworkshop03.esm,050015BA,000F15BF,PrewarDeskFanOffice01,MISC,2945.21875,9593.865234,157.621094,226.2
1550922,DLCworkshop03.esm,050015BB,0004D1CD,PlayerHouse_Rug01,STAT,2917.921875,9250.607422,96.000061,0.0
1550923,DLCworkshop03.esm,050015BD,0004D1CD,PlayerHouse_Rug01,STAT,2253.908447,9244.726562,96.000061,0.0
1550924,DLCworkshop03.esm,050015BF,05004BD2,DLC06PipBoyCrate,FLOR,3752.341553,8880.395508,96.0,199.5721
1550925,DLCworkshop03.esm,050015C0,00165023,OfficePaperDebrisSinglePg01,STAT,2712.646484,9205.835938,152.798157,170.924
1550926,DLCworkshop03.esm,050015C1,0019930E,CoffeePot01clean,MISC,2267.220703,9184.833984,156.95575,291.2451
1550927,DLCworkshop03.esm,050015C3,050049A5,DLC06WorkshopVault_NightStand_01,STAT,2440.0,9576.0,96.0,0.0
1550928,DLCworkshop03.esm,050015C6,050049A4,DLC06WorkshopVault_FloorMat_Small_01,STAT,2744.054688,9274.226562,96.098206,0.0
1550929,DLCworkshop03.esm,050015C7,050049A4,DLC06WorkshopVault_FloorMat_Small_01,STAT,2526.167969,9336.853516,96.0,180.0
1550930,DLCworkshop03.esm,050015C9,050049A4,DLC06WorkshopVault_FloorMat_Small_01,STAT,2393.603516,9465.578125,96.098206,180.0
1550931,DLCworkshop03.esm,050015CA,0022579F,Clipboard_Prewar01,MISC,2224.0,9568.0,138.215454,146.1289
1550932,DLCworkshop03.esm,050015CB,00165025,OfficePaperDebrisSinglePg02,STAT,2568.724609,9279.871094,96.452087,15.0
1550933,DLCworkshop03.esm,050015CC,00165022,OfficePaperDebris07,STAT,2512.179688,9321.648438,97.385742,15.0
1550934,DLCworkshop03.esm,050015CD,000FD397,OfficeBoxPapers03Prewar,STAT,2647.40625,9246.294922,97.678284,75.0
1550935,DLCworkshop03.esm,050015CE,00140AF0,FolderPapers01,MISC,2626.458984,9528.90625,96.217834,119.9958
1550936,DLCworkshop03.esm,050015CF,00165023,OfficePaperDebrisSinglePg01,STAT,2597.449219,9542.15625,96.237854,245.9241
1550937,DLCworkshop03.esm,050015D1,0004F100,CaveMoundRocksMed04,STAT,6044.753906,8368.899414,-51.118774,39.1437
1550938,DLCworkshop03.esm,050015D2,0004F0E2,CaveMoundRocksMed02,STAT,6115.505859,9343.902344,96.0,0.0
1550939,DLCworkshop03.esm,050015D5,0004F118,CaveMoundRocksLow04,STAT,5589.833008,10052.024414,405.856689,42.841
1550940,DLCworkshop03.esm,050015DB,0008B8F7,V111GearDoorConsole02,STAT,4159.220703,8497.619141,226.689026,0.0
1550941,DLCworkshop03.esm,050015DC,050049A4,DLC06WorkshopVault_FloorMat_Small_01,STAT,2178.496094,8990.912109,95.960815,229.893
1550942,DLCworkshop03.esm,050015DD,001405AE,ConsoleCabDrawer01,STAT,5700.412598,9032.328125,239.0,345.1949
1550943,DLCworkshop03.esm,050015DE,0004F12E,CaveMoundRocksSmall01,STAT,4735.892578,9152.467773,48.905273,0.0
1550944,DLCworkshop03.esm,050015DF,001B8D62,VltHallResWinPane02Barred,STAT,2976.0,9000.0,96.0,0.0
1550945,DLCworkshop03.esm,050015E0,001B8D62,VltHallResWinPane02Barred,STAT,2720.0,9000.0,96.0,0.0
1550946,DLCworkshop03.esm,050015E1,000A84DA,VltHallResWallTallBottom01,STAT,2720.0,8744.0,96.0,180.0
1550947,DLCworkshop03.esm,050015E2,00049224,VltFloor01,STAT,2720.0,8872.0,96.0,90.0
1550948,DLCworkshop03.esm,050015E3,000A84E0,VltHallResWindowTallBottom01,STAT,2464.0,9000.0,96.0,0.0
1550949,DLCworkshop03.esm,050015E4,00049224,VltFloor01,STAT,2464.0,8872.0,96.0,90.0
1550950,DLCworkshop03.esm,050015E5,001B8D62,VltHallResWinPane02Barred,STAT,2464.0,9000.0,96.0,0.0
1550951,DLCworkshop03.esm,050015E6,000A84DD,VltHallResDoorTallBottom01,STAT,2208.0,8872.0,96.0,270.0
1550952,DLCworkshop03.esm,050015E7,00114A89,VltFloorHalf01trimmed,STAT,2208.0,8872.0,96.0,90.0
1550953,DLCworkshop03.esm,050015E8,000A850F,VltHallResCorInTallBottom01,STAT,2208.0,9000.0,96.0,0.0
1550954,DLCworkshop03.esm,050015FA,00038593,RockCliff05,STAT,-271.031067,10415.017578,2106.797607,255.0002
1550955,DLCworkshop03.esm,050015FC,00038593,RockCliff05,STAT,-3584.0,8384.0,2688.0,255.0002
1550956,DLCworkshop03.esm,050015FE,0005F873,VltLgRmShellWallMid01,STAT,560.0,10032.0,608.230408,0.0
1550957,DLCworkshop03.esm,050015FF,0005F873,VltLgRmShellWallMid01,STAT,560.0,10032.0,864.230408,0.0
1550958,DLCworkshop03.esm,05001600,000540D3,VltRmPodRoofTrimWide02,STAT,944.0,9776.0,1376.230469,90.0001
1550959,DLCworkshop03.esm,05001602,050015EC,VltWorkShopTrainTunnel02_JJCap01,STAT,-272.0,11168.0,96.0,180.0
1550960,DLCworkshop03.esm,0500160E,05000848,VltWorkShopCaveWall03Top,STAT,640.0,9728.0,538.117554,90.0
1550961,DLCworkshop03.esm,05001627,0005F2AB,VltLgRmShellCorOutLowHalf01,STAT,688.0,8752.0,96.230415,90.0
1550962,DLCworkshop03.esm,05001628,0005F2AE,VltLgRmShellCorOutMidHalf01,STAT,688.0,8752.0,352.230408,90.0
1550963,DLCworkshop03.esm,05001629,0005F2AE,VltLgRmShellCorOutMidHalf01,STAT,688.0,8752.0,608.230408,90.0
1550964,DLCworkshop03.esm,0500162A,0005F2AE,VltLgRmShellCorOutMidHalf01,STAT,688.0,8752.0,864.230408,90.0
1550965,DLCworkshop03.esm,0500162B,000540D4,VltRmPodRoofCorOutHalf01,STAT,944.0,9008.0,1376.230469,90.0
1550966,DLCworkshop03.esm,0500162C,000540D3,VltRmPodRoofTrimWide02,STAT,944.0,9264.0,1376.230469,90.0001
1550967,DLCworkshop03.esm,0500162E,0005F874,VltLgRmShellWallMidWide01,STAT,688.0,9264.0,608.230408,90.0
1550968,DLCworkshop03.esm,05001631,0005F2A6,VltLgRmShellCorInLowHalf01,STAT,944.0,8752.0,96.230415,90.0
1550969,DLCworkshop03.esm,05001632,0005F2A8,VltLgRmShellCorInMidHalf01,STAT,944.0,8752.0,352.230408,90.0
1550970,DLCworkshop03.esm,05001633,0005F2A8,VltLgRmShellCorInMidHalf01,STAT,944.0,8752.0,608.230408,90.0
1550971,DLCworkshop03.esm,05001634,0005F2A8,VltLgRmShellCorInMidHalf01,STAT,944.0,8752.0,864.230408,90.0
1550972,DLCworkshop03.esm,05001635,000540CA,VltRmPodRoofCorIn01,STAT,1200.0,9008.0,1376.230469,90.0
1550973,DLCworkshop03.esm,05001636,0005F86E,VltLgRmShellWallLowHalf01,STAT,944.0,8688.0,96.124275,90.0
1550974,DLCworkshop03.esm,0500163A,000540D2,VltRmPodRoofTrimHalf01,STAT,1200.0,8752.0,1376.230469,90.0
1550975,DLCworkshop03.esm,0500163B,0005F874,VltLgRmShellWallMidWide01,STAT,944.000671,8496.0,608.230408,90.0
1550976,DLCworkshop03.esm,0500163E,000540CE,VltRmPodRoofTrim02,STAT,1200.0,8495.999023,1376.230469,90.0
1550977,DLCworkshop03.esm,0500163F,0005F86E,VltLgRmShellWallLowHalf01,STAT,944.0,8304.0,96.230415,90.0
1550978,DLCworkshop03.esm,05001643,000540D2,VltRmPodRoofTrimHalf01,STAT,1200.0,8368.0,1376.230469,90.0
1550979,DLCworkshop03.esm,05001644,0005F2A6,VltLgRmShellCorInLowHalf01,STAT,944.0,8240.0,96.230415,180.0
1550980,DLCworkshop03.esm,05001645,0005F2A8,VltLgRmShellCorInMidHalf01,STAT,944.0,8240.0,352.230408,180.0
1550981,DLCworkshop03.esm,05001646,0005F2A8,VltLgRmShellCorInMidHalf01,STAT,944.0,8240.0,608.230408,180.0
1550982,DLCworkshop03.esm,05001647,0005F2A8,VltLgRmShellCorInMidHalf01,STAT,944.0,8240.0,864.230408,180.0
1550983,DLCworkshop03.esm,05001648,000540CA,VltRmPodRoofCorIn01,STAT,1200.0,7984.0,1376.230469,180.0
1550984,DLCworkshop03.esm,05001649,0005F2AB,VltLgRmShellCorOutLowHalf01,STAT,688.0,8240.000977,96.230415,180.0
1550985,DLCworkshop03.esm,0500164A,0005F2AE,VltLgRmShellCorOutMidHalf01,STAT,688.0,8240.000977,352.230408,180.0
1550986,DLCworkshop03.esm,0500164B,0005F2AE,VltLgRmShellCorOutMidHalf01,STAT,688.0,8240.000977,608.230408,180.0
1550987,DLCworkshop03.esm,0500164C,0005F2AE,VltLgRmShellCorOutMidHalf01,STAT,688.0,8240.000977,864.230408,180.0
1550988,DLCworkshop03.esm,0500164D,000540D4,VltRmPodRoofCorOutHalf01,STAT,944.0,7984.0,1376.230469,180.0
1550989,DLCworkshop03.esm,0500164E,000540D3,VltRmPodRoofTrimWide02,STAT,944.0,7728.0,1376.230469,90.0001
1550990,DLCworkshop03.esm,05001650,0005F874,VltLgRmShellWallMidWide01,STAT,688.0,7728.0,608.230408,90.0
1550991,DLCworkshop03.esm,05001652,0005F870,VltLgRmShellWallLowWide01,STAT,688.0,7728.0,96.230415,90.0
1550992,DLCworkshop03.esm,05001653,000540D3,VltRmPodRoofTrimWide02,STAT,944.0,6960.0,1376.230469,90.0001
1550993,DLCworkshop03.esm,05001655,0005F874,VltLgRmShellWallMidWide01,STAT,688.0,6960.0,608.230408,90.0
1550994,DLCworkshop03.esm,05001657,0005F870,VltLgRmShellWallLowWide01,STAT,688.0,6960.0,96.230415,90.0
1550995,DLCworkshop03.esm,05001658,000540D4,VltRmPodRoofCorOutHalf01,STAT,944.0,6704.0,1376.230469,90.0
1550996,DLCworkshop03.esm,05001659,0005F2AE,VltLgRmShellCorOutMidHalf01,STAT,688.0,6448.0,864.230408,90.0
1550997,DLCworkshop03.esm,0500165A,0005F2AE,VltLgRmShellCorOutMidHalf01,STAT,688.0,6448.0,608.230408,90.0
1550998,DLCworkshop03.esm,0500165B,0005F2AE,VltLgRmShellCorOutMidHalf01,STAT,688.0,6448.0,352.230408,90.0
1550999,DLCworkshop03.esm,0500165C,0005F2AB,VltLgRmShellCorOutLowHalf01,STAT,688.0,6448.0,96.230415,90.0
1551000,DLCworkshop03.esm,0500165E,0005F2AE,VltLgRmShellCorOutMidHalf01,STAT,688.0,6447.999023,1120.230469,90.0
1551001,DLCworkshop03.esm,0500165F,0005F874,VltLgRmShellWallMidWide01,STAT,688.0,6959.999023,1120.230469,90.0
1551002,DLCworkshop03.esm,05001660,0005F874,VltLgRmShellWallMidWide01,STAT,688.0,7727.999023,1120.230469,90.0
1551003,DLCworkshop03.esm,05001661,0005F2AE,VltLgRmShellCorOutMidHalf01,STAT,688.0,8240.0,1120.230469,180.0
1551004,DLCworkshop03.esm,05001662,0005F2A8,VltLgRmShellCorInMidHalf01,STAT,944.0,8239.999023,1120.230469,180.0
1551005,DLCworkshop03.esm,05001667,0005F2A8,VltLgRmShellCorInMidHalf01,STAT,944.0,8752.0,1120.230469,90.0
1551006,DLCworkshop03.esm,05001668,0005F2AE,VltLgRmShellCorOutMidHalf01,STAT,688.0,8752.0,1120.230469,90.0
1551007,DLCworkshop03.esm,0500166B,0005F2A8,VltLgRmShellCorInMidHalf01,STAT,688.0,10032.0,1120.230469,90.0
1551008,DLCworkshop03.esm,0500166C,0005F873,VltLgRmShellWallMid01,STAT,560.0,10032.0,1120.230469,0.0
1551009,DLCworkshop03.esm,0500166D,0005F2AE,VltLgRmShellCorOutMidHalf01,STAT,176.0,10032.0,1120.230469,90.0
1551010,DLCworkshop03.esm,0500166E,0005F2A8,VltLgRmShellCorInMidHalf01,STAT,176.0,11312.0,1120.230469,90.0
1551011,DLCworkshop03.esm,0500166F,0005F874,VltLgRmShellWallMidWide01,STAT,-80.0,11312.0,1120.0,0.0
1551012,DLCworkshop03.esm,0500167E,00048107,IndFrameCat256x256EmptyShape01,STAT,560.0,10112.0,-208.0,270.0001
1551013,DLCworkshop03.esm,0500167F,0019AC33,IndFrameCat256x256EmptyShapeThick01,STAT,560.0,10112.0,1072.0,270.0001
1551014,DLCworkshop03.esm,05001680,00048108,IndFrameCat256x256VShape01,STAT,560.0,10112.0,816.0,270.0001
1551015,DLCworkshop03.esm,05001681,0004810C,IndFrameCat256x256AShape01,STAT,560.0,10112.0,560.0,270.0001
1551016,DLCworkshop03.esm,05001682,00048108,IndFrameCat256x256VShape01,STAT,560.0,10112.0,304.0,270.0001
1551017,DLCworkshop03.esm,05001683,0004810C,IndFrameCat256x256AShape01,STAT,560.0,10112.0,48.0,270.0001
1551018,DLCworkshop03.esm,05001684,0005F86F,VltLgRmShellWallLow01,STAT,688.0,7344.0,96.230415,90.0
1551019,DLCworkshop03.esm,05001686,0005F873,VltLgRmShellWallMid01,STAT,688.0,7344.000977,608.230408,90.0
1551020,DLCworkshop03.esm,05001688,0005F873,VltLgRmShellWallMid01,STAT,688.0,7344.0,1120.230469,90.0
1551021,DLCworkshop03.esm,05001689,000540CE,VltRmPodRoofTrim02,STAT,944.0,7344.0,1376.230469,90.0
1551022,DLCworkshop03.esm,0500168B,0005F870,VltLgRmShellWallLowWide01,STAT,176.0,10544.0,96.230415,90.0
1551023,DLCworkshop03.esm,0500168D,0005F874,VltLgRmShellWallMidWide01,STAT,176.0,10544.0,608.230408,90.0
1551024,DLCworkshop03.esm,0500168F,0005F874,VltLgRmShellWallMidWide01,STAT,176.0,10544.0,1120.230469,90.0
1551025,DLCworkshop03.esm,05001690,000540D3,VltRmPodRoofTrimWide02,STAT,432.0,10544.0,1376.230469,90.0001
1551026,DLCworkshop03.esm,05001691,0005F874,VltLgRmShellWallMidWide01,STAT,176.0,11056.0,352.230408,90.0
1551027,DLCworkshop03.esm,05001692,0005F874,VltLgRmShellWallMidWide01,STAT,176.0,11056.0,608.230408,90.0
1551028,DLCworkshop03.esm,05001693,0005F874,VltLgRmShellWallMidWide01,STAT,176.0,11056.0,864.230408,90.0
1551029,DLCworkshop03.esm,05001694,0005F874,VltLgRmShellWallMidWide01,STAT,176.0,11056.0,1120.230469,90.0
1551030,DLCworkshop03.esm,05001695,000540D3,VltRmPodRoofTrimWide02,STAT,432.0,11056.0,1376.0,90.0001
1551031,DLCworkshop03.esm,05001696,0005F870,VltLgRmShellWallLowWide01,STAT,176.0,11056.0,96.230415,90.0
1551032,DLCworkshop03.esm,05001697,05000836,VltWorkShopCaveFloor01,STAT,64.0,11456.0,0.0,0.0
1551033,DLCworkshop03.esm,050016A2,000247FC,IndFrame512x512XShapeEdge01,STAT,768.0,9776.0,848.0,0.0
1551034,DLCworkshop03.esm,050016A3,000247FB,IndFrame512x512XShape01,STAT,768.0,9264.0,848.0,0.0
1551035,DLCworkshop03.esm,050016A4,000247F5,IndFrame512x512EmptyShape01,STAT,768.0,9264.0,-176.0,0.0
1551036,DLCworkshop03.esm,050016A5,000247F6,IndFrame512x512EmptyShapeEdge01,STAT,768.0,9776.0,-176.0,0.0
1551037,DLCworkshop03.esm,050016A9,000247F5,IndFrame512x512EmptyShape01,STAT,256.0,10536.0,-384.0,0.0
1551038,DLCworkshop03.esm,050016AA,000247FB,IndFrame512x512XShape01,STAT,256.0,10536.0,128.0,0.0
1551039,DLCworkshop03.esm,050016AB,000247FB,IndFrame512x512XShape01,STAT,256.0,10536.0,640.0,0.0
1551040,DLCworkshop03.esm,050016AC,000247FC,IndFrame512x512XShapeEdge01,STAT,256.0,11048.0,640.0,0.0
1551041,DLCworkshop03.esm,050016AD,000247FC,IndFrame512x512XShapeEdge01,STAT,256.0,11048.0,128.0,0.0
1551042,DLCworkshop03.esm,050016AE,000247F6,IndFrame512x512EmptyShapeEdge01,STAT,256.0,11048.0,-384.0,0.0
1551043,DLCworkshop03.esm,050016B5,05000835,VltWorkShopCaveDirtPile01,STAT,-24.0,11736.0,0.0,0.0
1551044,DLCworkshop03.esm,050016B6,05000835,VltWorkShopCaveDirtPile01,STAT,1009.908508,9962.038086,-4.557542,0.0
1551045,DLCworkshop03.esm,050016B7,05000835,VltWorkShopCaveDirtPile01,STAT,1248.0,8784.0,-32.0,0.0
1551046,DLCworkshop03.esm,050016B8,05000835,VltWorkShopCaveDirtPile01,STAT,1040.0,9296.0,0.0,0.0
1551047,DLCworkshop03.esm,050016B9,05000835,VltWorkShopCaveDirtPile01,STAT,608.0,10632.0,0.0,0.0
1551048,DLCworkshop03.esm,050016BB,05000835,VltWorkShopCaveDirtPile01,STAT,-784.0,11760.0,0.0,0.0
1551049,DLCworkshop03.esm,050016BC,05000835,VltWorkShopCaveDirtPile01,STAT,1032.0,7824.0,0.0,0.0
1551050,DLCworkshop03.esm,050016BD,05000835,VltWorkShopCaveDirtPile01,STAT,1040.0,7160.0,-2.161463,270.0
1551051,DLCworkshop03.esm,050016BE,000247F5,IndFrame512x512EmptyShape01,STAT,-80.0,11408.0,144.0,270.0001
1551052,DLCworkshop03.esm,050016BF,000247F5,IndFrame512x512EmptyShape01,STAT,-80.0,11408.0,656.0,270.0001
1551053,DLCworkshop03.esm,050016C0,000247F5,IndFrame512x512EmptyShape01,STAT,-80.0,11408.0,144.0,90.0
1551054,DLCworkshop03.esm,050016F8,05000836,VltWorkShopCaveFloor01,STAT,-1984.0,11456.0,0.0,0.0
1551055,DLCworkshop03.esm,050016FA,05000836,VltWorkShopCaveFloor01,STAT,64.0,5312.0,0.0,0.0
1551056,DLCworkshop03.esm,050016FB,0005F2A6,VltLgRmShellCorInLowHalf01,STAT,-1872.0,11312.0,96.0,0.0
1551057,DLCworkshop03.esm,050016FC,0005F2A8,VltLgRmShellCorInMidHalf01,STAT,-1872.0,11312.0,352.0,0.0
1551058,DLCworkshop03.esm,050016FD,0005F2A8,VltLgRmShellCorInMidHalf01,STAT,-1872.0,11312.0,608.0,0.0
1551059,DLCworkshop03.esm,050016FE,0005F2A8,VltLgRmShellCorInMidHalf01,STAT,-1872.0,11312.0,864.0,0.0
1551060,DLCworkshop03.esm,05001709,0005F2A8,VltLgRmShellCorInMidHalf01,STAT,-1872.0,11312.0,1120.0,0.0
1551061,DLCworkshop03.esm,0500170C,0005F874,VltLgRmShellWallMidWide01,STAT,-2504.0,12520.0,8.0,0.0
1551062,DLCworkshop03.esm,0500170E,05000835,VltWorkShopCaveDirtPile01,STAT,-1480.0,11720.0,0.0,0.0
1551063,DLCworkshop03.esm,0500170F,0005F870,VltLgRmShellWallLowWide01,STAT,-1872.0,11056.0,96.0,270.0001
1551064,DLCworkshop03.esm,05001710,0005F874,VltLgRmShellWallMidWide01,STAT,-1872.0,11056.0,352.0,270.0001
1551065,DLCworkshop03.esm,05001711,0005F874,VltLgRmShellWallMidWide01,STAT,-1872.0,11056.0,608.0,270.0001
1551066,DLCworkshop03.esm,05001712,0005F874,VltLgRmShellWallMidWide01,STAT,-1872.0,11056.0,864.0,270.0001
1551067,DLCworkshop03.esm,05001718,000247FB,IndFrame512x512XShape01,STAT,-1936.0,11048.0,136.0,180.0001
1551068,DLCworkshop03.esm,05001719,000247FB,IndFrame512x512XShape01,STAT,-1936.0,11048.0,648.0,180.0001
1551069,DLCworkshop03.esm,0500171E,0005F2AE,VltLgRmShellCorOutMidHalf01,STAT,-1872.0,10544.0,1120.0,0.0
1551070,DLCworkshop03.esm,0500171F,0005F2AE,VltLgRmShellCorOutMidHalf01,STAT,-1872.0,10544.0,864.0,0.0
1551071,DLCworkshop03.esm,05001720,0005F2AE,VltLgRmShellCorOutMidHalf01,STAT,-1872.0,10544.0,608.0,0.0
1551072,DLCworkshop03.esm,05001721,0005F2AE,VltLgRmShellCorOutMidHalf01,STAT,-1872.0,10544.0,352.0,0.0
1551073,DLCworkshop03.esm,05001722,0005F2AB,VltLgRmShellCorOutLowHalf01,STAT,-1872.0,10544.0,96.0,0.0
1551074,DLCworkshop03.esm,05001723,000247F5,IndFrame512x512EmptyShape01,STAT,-1936.0,11048.000977,-376.0,180.0001
1551075,DLCworkshop03.esm,05001725,0005F874,VltLgRmShellWallMidWide01,STAT,-1872.0,11056.0,1120.0,270.0001
1551076,DLCworkshop03.esm,05001726,0005F870,VltLgRmShellWallLowWide01,STAT,-2384.0,10544.0,96.0,0.0
1551077,DLCworkshop03.esm,05001727,0005F874,VltLgRmShellWallMidWide01,STAT,-2384.0,10544.0,352.0,0.0
1551078,DLCworkshop03.esm,05001728,0005F874,VltLgRmShellWallMidWide01,STAT,-2384.0,10544.0,608.0,0.0
1551079,DLCworkshop03.esm,05001729,0005F874,VltLgRmShellWallMidWide01,STAT,-2384.0,10544.0,864.0,0.0
1551080,DLCworkshop03.esm,0500172A,0005F874,VltLgRmShellWallMidWide01,STAT,-2384.0,10544.0,1120.0,0.0
1551081,DLCworkshop03.esm,05001737,05000848,VltWorkShopCaveWall03Top,STAT,640.0,5632.0,1088.0,90.0
1551082,DLCworkshop03.esm,05001738,05000847,VltWorkShopCaveWall02Mid,STAT,640.0,5632.0,-960.0,90.0
1551083,DLCworkshop03.esm,05001739,0005F870,VltLgRmShellWallLowWide01,STAT,1200.0,6448.0,96.230415,0.0
1551084,DLCworkshop03.esm,0500173A,0005F874,VltLgRmShellWallMidWide01,STAT,1200.0,6448.0,352.230408,0.0
1551085,DLCworkshop03.esm,0500173B,0005F874,VltLgRmShellWallMidWide01,STAT,1200.0,6448.0,608.230408,0.0
1551086,DLCworkshop03.esm,0500173C,0005F874,VltLgRmShellWallMidWide01,STAT,1200.0,6448.0,864.230408,0.0
1551087,DLCworkshop03.esm,0500173D,0005F874,VltLgRmShellWallMidWide01,STAT,1200.0,6447.999023,1120.230469,0.0
1551088,DLCworkshop03.esm,0500173E,000540D3,VltRmPodRoofTrimWide02,STAT,1200.0,6704.0,1376.230469,0.0001
1551089,DLCworkshop03.esm,05001740,0500084A,VltWorkShopCaveWall05TopBulge,STAT,-1920.0,6400.0,2176.0,180.0
1551090,DLCworkshop03.esm,05001741,0500084A,VltWorkShopCaveWall05TopBulge,STAT,128.0,6400.0,2176.0,180.0
1551091,DLCworkshop03.esm,05001742,00038593,RockCliff05,STAT,-3584.0,6208.0,1664.0,120.0002
1551092,DLCworkshop03.esm,05001743,00038593,RockCliff05,STAT,-2112.0,8192.0,2586.797607,255.0002
1551093,DLCworkshop03.esm,05001745,050015EC,VltWorkShopTrainTunnel02_JJCap01,STAT,-2424.0,7912.0,-48.0,90.0001
1551094,DLCworkshop03.esm,0500174A,0005F874,VltLgRmShellWallMidWide01,STAT,-3208.0,7464.0,224.0,0.0
1551095,DLCworkshop03.esm,0500174B,000540CB,VltRmPodRoofCorOutTallHalf01,STAT,-2824.0,9512.0,736.0,270.0001
1551096,DLCworkshop03.esm,0500174C,000540C9,VltRmPodRoofTrimTallHalf01,STAT,-2952.0,9512.0,736.0,180.0001
1551097,DLCworkshop03.esm,0500174D,000540DB,VltRmPodRoofTrimTall01,STAT,-3080.0,9512.0,736.0,180.0001
1551098,DLCworkshop03.esm,0500174E,000540C6,VltRmPodRoofTrimTallWide02,STAT,-2824.0,8104.0,736.0,270.0001
1551099,DLCworkshop03.esm,0500174F,000540C9,VltRmPodRoofTrimTallHalf01,STAT,-2824.0,9512.0,736.0,270.0001
1551100,DLCworkshop03.esm,05001751,000540C9,VltRmPodRoofTrimTallHalf01,STAT,-2824.0,7848.0,736.0,270.0001
1551101,DLCworkshop03.esm,05001752,000540CB,VltRmPodRoofCorOutTallHalf01,STAT,-2824.0,7720.0,736.0,0.0
1551102,DLCworkshop03.esm,05001753,000540DB,VltRmPodRoofTrimTall01,STAT,-2952.0,7720.0,736.0,0.0001
1551103,DLCworkshop03.esm,05001754,000247F5,IndFrame512x512EmptyShape01,STAT,-2664.0,8104.0,-32.0,180.0001
1551104,DLCworkshop03.esm,0500175A,05000835,VltWorkShopCaveDirtPile01,STAT,-2214.449463,10343.727539,0.0,180.0001
1551105,DLCworkshop03.esm,0500175B,0005415D,VltRmPodRoofWide02,STAT,-2952.0,8104.0,816.0,270.0001
1551106,DLCworkshop03.esm,0500175C,0005415D,VltRmPodRoofWide02,STAT,-3208.0,8104.0,816.0,270.0001
1551107,DLCworkshop03.esm,0500175D,000540CB,VltRmPodRoofCorOutTallHalf01,STAT,-2952.0,8360.0,840.0,270.0001
1551108,DLCworkshop03.esm,0500175E,000540DB,VltRmPodRoofTrimTall01,STAT,-3080.0,8360.0,840.0,180.0001
1551109,DLCworkshop03.esm,05001760,000540CB,VltRmPodRoofCorOutTallHalf01,STAT,-2952.0,8360.0,840.0,0.0
1551110,DLCworkshop03.esm,05001761,000540DB,VltRmPodRoofTrimTall01,STAT,-3080.0,8360.0,840.0,0.0001
1551111,DLCworkshop03.esm,05001762,000540DB,VltRmPodRoofTrimTall01,STAT,-3080.0,7848.0,840.0,0.0001
1551112,DLCworkshop03.esm,05001763,000540DB,VltRmPodRoofTrimTall01,STAT,-3080.0,7848.0,840.0,180.0001
1551113,DLCworkshop03.esm,05001764,000540CB,VltRmPodRoofCorOutTallHalf01,STAT,-2952.0,7848.0,840.0,270.0001
1551114,DLCworkshop03.esm,05001765,000540CB,VltRmPodRoofCorOutTallHalf01,STAT,-2952.0,7848.0,840.0,0.0
1551115,DLCworkshop03.esm,05001766,000517B0,DefaultLightWhite01NS,LIGH,-1728.0,7624.0,502.308105,134.9994
1551116,DLCworkshop03.esm,05001768,00038593,RockCliff05,STAT,-3079.259033,6835.932129,-128.0,270.0001
1551117,DLCworkshop03.esm,0500176F,0500083A,VltWorkShopCavePillar03Top,STAT,-960.0,6320.287109,64.0,195.0001
1551118,DLCworkshop03.esm,05001770,00038593,RockCliff05,STAT,-3036.554688,-1505.13916,1087.542358,359.9997
1551119,DLCworkshop03.esm,05001771,00038593,RockCliff05,STAT,-896.0,6336.0,1934.3479,120.0002
1551120,DLCworkshop03.esm,050019BE,000517B0,DefaultLightWhite01NS,LIGH,-272.0,-2944.0,-128.0,134.9994
1551121,DLCworkshop03.esm,050019C2,05000833,VltWorkShopCaveCorOut03Top,STAT,553.664307,-1569.163086,-1088.457642,208.6482
1551122,DLCworkshop03.esm,050019C4,0500082F,VltWorkShopCaveCorIn03Top,STAT,-2068.456543,997.249756,-1265.266113,0.0004
1551123,DLCworkshop03.esm,050019C6,0500082D,VltWorkShopCaveCorIn01Low,STAT,-2068.544678,998.855896,-664.457642,0.0004
1551124,DLCworkshop03.esm,050019D8,05000835,VltWorkShopCaveDirtPile01,STAT,-2508.101074,7078.804687,0.0,180.0001
1551125,DLCworkshop03.esm,050019E0,000FDBA1,RockCliff07,STAT,-3004.704346,6514.321289,512.0,330.0002
1551126,DLCworkshop03.esm,050019E1,05000835,VltWorkShopCaveDirtPile01,STAT,-2460.704346,6482.321289,-2.439003,180.0001
1551127,DLCworkshop03.esm,050019E2,05000835,VltWorkShopCaveDirtPile01,STAT,-2800.0,6224.0,0.0,150.0001
1551128,DLCworkshop03.esm,050019E5,05000835,VltWorkShopCaveDirtPile01,STAT,1040.0,6880.0,-2.161463,270.0
1551129,DLCworkshop03.esm,050019F0,050015EC,VltWorkShopTrainTunnel02_JJCap01,STAT,-1040.0,11168.0,96.0,180.0
1551130,DLCworkshop03.esm,050019F1,000247F5,IndFrame512x512EmptyShape01,STAT,-848.0,11408.0,144.0,270.0001
1551131,DLCworkshop03.esm,050019F2,000247F5,IndFrame512x512EmptyShape01,STAT,-848.0,11408.0,656.0,270.0001
1551132,DLCworkshop03.esm,050019F3,0005F874,VltLgRmShellWallMidWide01,STAT,-848.0,11312.0,608.0,0.0
1551133,DLCworkshop03.esm,050019F4,0005F874,VltLgRmShellWallMidWide01,STAT,-848.0,11312.0,864.0,0.0
1551134,DLCworkshop03.esm,050019F6,0005F873,VltLgRmShellWallMid01,STAT,-464.0,11312.0,864.0,0.0
1551135,DLCworkshop03.esm,050019F8,0005F873,VltLgRmShellWallMid01,STAT,-1232.0,11312.0,864.0,0.0
1551136,DLCworkshop03.esm,050019FA,0005F873,VltLgRmShellWallMid01,STAT,-1232.0,11312.0,608.0,0.0
1551137,DLCworkshop03.esm,050019FB,0005F873,VltLgRmShellWallMid01,STAT,-464.0,11312.0,608.0,0.0
1551138,DLCworkshop03.esm,050019FD,0005F873,VltLgRmShellWallMid01,STAT,-1232.0,11312.0,352.0,0.0
1551139,DLCworkshop03.esm,050019FE,0005F873,VltLgRmShellWallMid01,STAT,-464.0,11312.0,352.0,0.0
1551140,DLCworkshop03.esm,050019FF,0005F86F,VltLgRmShellWallLow01,STAT,-464.0,11312.0,96.0,0.0
1551141,DLCworkshop03.esm,05001A00,0005F86F,VltLgRmShellWallLow01,STAT,-1232.0,11312.0,96.0,0.0
1551142,DLCworkshop03.esm,05001A01,05000835,VltWorkShopCaveDirtPile01,STAT,-320.0,11744.0,0.0,0.0
1551143,DLCworkshop03.esm,05001A02,05000835,VltWorkShopCaveDirtPile01,STAT,-1161.059326,11808.389648,0.0,298.0404
1551144,DLCworkshop03.esm,05001A03,000247F5,IndFrame512x512EmptyShape01,STAT,-848.0,11408.0,144.0,90.0
1551145,DLCworkshop03.esm,05001A04,0005F873,VltLgRmShellWallMid01,STAT,-464.0,11312.0,1120.0,0.0
1551146,DLCworkshop03.esm,05001A05,0005F874,VltLgRmShellWallMidWide01,STAT,-848.0,11312.0,1120.0,0.0
1551147,DLCworkshop03.esm,05001A06,0005F873,VltLgRmShellWallMid01,STAT,-1232.0,11312.0,1120.0,0.0
1551148,DLCworkshop03.esm,05001A07,000349BA,SubLTunnelRamp01,STAT,-848.0,12448.0,96.0,0.0001
1551149,DLCworkshop03.esm,05001A08,05000835,VltWorkShopCaveDirtPile01,STAT,-24.0,12752.0,248.0,0.0
1551150,DLCworkshop03.esm,05001A09,05000835,VltWorkShopCaveDirtPile01,STAT,-24.0,12584.0,200.0,0.0
1551151,DLCworkshop03.esm,05001A10,05000835,VltWorkShopCaveDirtPile01,STAT,-864.0,12600.0,208.0,0.0
1551152,DLCworkshop03.esm,05001A11,05000835,VltWorkShopCaveDirtPile01,STAT,-864.0,12768.0,256.0,0.0
1551153,DLCworkshop03.esm,05001A12,050015EC,VltWorkShopTrainTunnel02_JJCap01,STAT,-1808.0,11168.0,96.0,180.0
1551154,DLCworkshop03.esm,05001A13,0005F874,VltLgRmShellWallMidWide01,STAT,-1616.0,11312.0,608.0,0.0
1551155,DLCworkshop03.esm,05001A14,0005F874,VltLgRmShellWallMidWide01,STAT,-1616.0,11312.0,864.0,0.0
1551156,DLCworkshop03.esm,05001A15,000349BA,SubLTunnelRamp01,STAT,-1616.0,12448.0,96.0,0.0001
1551157,DLCworkshop03.esm,05001A16,05000835,VltWorkShopCaveDirtPile01,STAT,-2161.581055,11480.041016,-2.437819,16.0428
1551158,DLCworkshop03.esm,05001A17,0005F874,VltLgRmShellWallMidWide01,STAT,-1616.0,11312.0,1120.0,0.0
1551159,DLCworkshop03.esm,05001A1B,05000835,VltWorkShopCaveDirtPile01,STAT,-1560.0,12768.0,256.0,0.0
1551160,DLCworkshop03.esm,05001A1C,05000835,VltWorkShopCaveDirtPile01,STAT,-1560.0,12600.0,208.0,0.0
1551161,DLCworkshop03.esm,05001A26,000247F5,IndFrame512x512EmptyShape01,STAT,-2384.0,10616.0,1152.0,270.0001
1551162,DLCworkshop03.esm,05001A2A,05000832,VltWorkShopCaveCorOut02Mid,STAT,-1984.0,5632.0,0.0,0.0
1551163,DLCworkshop03.esm,05001A2B,0500083A,VltWorkShopCavePillar03Top,STAT,-3024.0,6072.0,-416.0,195.0001
1551164,DLCworkshop03.esm,05001A5A,05000835,VltWorkShopCaveDirtPile01,STAT,-990.93042,6380.112793,-6.618174,180.0001
1551165,DLCworkshop03.esm,05001A5E,0004810C,IndFrameCat256x256AShape01,STAT,-464.0,11368.0,144.0,270.0001
1551166,DLCworkshop03.esm,05001A5F,00048108,IndFrameCat256x256VShape01,STAT,-464.0,11368.0,400.0,270.0001
1551167,DLCworkshop03.esm,05001A60,0004810C,IndFrameCat256x256AShape01,STAT,-464.0,11368.0,656.0,270.0001
1551168,DLCworkshop03.esm,05001A61,00048108,IndFrameCat256x256VShape01,STAT,-464.0,11368.0,912.0,270.0001
1551169,DLCworkshop03.esm,05001A62,0019AC33,IndFrameCat256x256EmptyShapeThick01,STAT,-464.0,11368.0,1168.0,270.0001
1551170,DLCworkshop03.esm,05001A63,00048107,IndFrameCat256x256EmptyShape01,STAT,-464.0,11368.0,-112.0,270.0001
1551171,DLCworkshop03.esm,05001A6C,00048107,IndFrameCat256x256EmptyShape01,STAT,-1216.0,11368.0,-112.0,270.0001
1551172,DLCworkshop03.esm,05001A6D,0019AC33,IndFrameCat256x256EmptyShapeThick01,STAT,-1216.0,11368.0,1168.0,270.0001
1551173,DLCworkshop03.esm,05001A6E,00048108,IndFrameCat256x256VShape01,STAT,-1216.0,11368.0,912.0,270.0001
1551174,DLCworkshop03.esm,05001A6F,0004810C,IndFrameCat256x256AShape01,STAT,-1216.0,11368.0,656.0,270.0001
1551175,DLCworkshop03.esm,05001A70,00048108,IndFrameCat256x256VShape01,STAT,-1216.0,11368.0,400.0,270.0001
1551176,DLCworkshop03.esm,05001A71,0004810C,IndFrameCat256x256AShape01,STAT,-1216.0,11368.0,144.0,270.0001
1551177,DLCworkshop03.esm,05001A73,05000847,VltWorkShopCaveWall02Mid,STAT,-136.0,5528.0,16.0,270.0001
1551178,DLCworkshop03.esm,05001A74,05000847,VltWorkShopCaveWall02Mid,STAT,-1720.0,5656.0,16.0,90.0001
1551179,DLCworkshop03.esm,05001AAA,0005F2AB,VltLgRmShellCorOutLowHalf01,STAT,-392.0,6535.504395,96.204872,270.0
1551180,DLCworkshop03.esm,05001AAB,0005F86F,VltLgRmShellWallLow01,STAT,-392.000183,6151.504395,96.204872,270.0
1551181,DLCworkshop03.esm,05001AAC,0005F2AE,VltLgRmShellCorOutMidHalf01,STAT,-392.0,6535.504395,352.204865,270.0
1551182,DLCworkshop03.esm,05001AAD,0005F873,VltLgRmShellWallMid01,STAT,-392.000183,6151.504395,352.204865,270.0
1551183,DLCworkshop03.esm,05001AAE,0005F2AE,VltLgRmShellCorOutMidHalf01,STAT,-392.0,6535.504395,608.204895,270.0
1551184,DLCworkshop03.esm,05001AAF,0005F873,VltLgRmShellWallMid01,STAT,-392.000183,6151.504395,608.204895,270.0
1551185,DLCworkshop03.esm,05001AB0,0005F2AE,VltLgRmShellCorOutMidHalf01,STAT,-392.0,6535.504395,864.204895,270.0
1551186,DLCworkshop03.esm,05001AB1,0005F873,VltLgRmShellWallMid01,STAT,-392.000153,6151.504395,864.204895,270.0
1551187,DLCworkshop03.esm,05001AB2,0005F2AB,VltLgRmShellCorOutLowHalf01,STAT,-392.000183,5767.504395,96.204872,0.0
1551188,DLCworkshop03.esm,05001AB3,0005F2AE,VltLgRmShellCorOutMidHalf01,STAT,-392.000183,5767.504395,352.204865,0.0
1551189,DLCworkshop03.esm,05001AB4,0005F2AE,VltLgRmShellCorOutMidHalf01,STAT,-392.000183,5767.504395,608.204895,0.0
1551190,DLCworkshop03.esm,05001AB5,0005F2AE,VltLgRmShellCorOutMidHalf01,STAT,-392.000183,5767.504395,864.204895,0.0
1551191,DLCworkshop03.esm,05001ABD,0005F2AE,VltLgRmShellCorOutMidHalf01,STAT,-1512.0,5783.504395,863.802612,90.0001
1551192,DLCworkshop03.esm,05001ABE,0005F873,VltLgRmShellWallMid01,STAT,-1512.000122,6167.504883,863.802612,90.0001
1551193,DLCworkshop03.esm,05001AC1,0005F873,VltLgRmShellWallMid01,STAT,-1512.000122,6167.504883,607.802612,90.0001
1551194,DLCworkshop03.esm,05001AC2,0005F2AE,VltLgRmShellCorOutMidHalf01,STAT,-1512.0,5783.504395,607.802612,90.0001
1551195,DLCworkshop03.esm,05001AC3,0005F2AE,VltLgRmShellCorOutMidHalf01,STAT,-1512.0,5783.504395,351.802582,90.0001
1551196,DLCworkshop03.esm,05001AC4,0005F873,VltLgRmShellWallMid01,STAT,-1512.000122,6167.504883,351.802582,90.0001
1551197,DLCworkshop03.esm,05001AC7,0005F2AB,VltLgRmShellCorOutLowHalf01,STAT,-1512.0,5783.504395,95.802589,90.0001
1551198,DLCworkshop03.esm,05001AC8,0005F86F,VltLgRmShellWallLow01,STAT,-1512.000122,6167.504883,95.802589,90.0001
1551199,DLCworkshop03.esm,05001ACA,0004810C,IndFrameCat256x256AShape01,STAT,-1368.0,6583.504395,-192.0,0.0001
1551200,DLCworkshop03.esm,05001ACB,00048108,IndFrameCat256x256VShape01,STAT,-1368.0,6583.504395,64.0,0.0001
1551201,DLCworkshop03.esm,05001ACC,0004810C,IndFrameCat256x256AShape01,STAT,-1368.0,6583.504395,320.0,0.0001
1551202,DLCworkshop03.esm,05001ACD,00048108,IndFrameCat256x256VShape01,STAT,-1368.0,6583.504395,576.0,0.0001
1551203,DLCworkshop03.esm,05001ACE,0019AC33,IndFrameCat256x256EmptyShapeThick01,STAT,-1368.0,6583.504395,832.0,0.0001
1551204,DLCworkshop03.esm,05001ACF,00048107,IndFrameCat256x256EmptyShape01,STAT,-1368.0,6583.504395,-448.0,0.0001
1551205,DLCworkshop03.esm,05001AD8,000540CB,VltRmPodRoofCorOutTallHalf01,STAT,-2952.0,8864.0,840.0,0.0
1551206,DLCworkshop03.esm,05001AD9,000540CB,VltRmPodRoofCorOutTallHalf01,STAT,-2952.0,8864.0,840.0,270.0001
1551207,DLCworkshop03.esm,05001ADA,000540DB,VltRmPodRoofTrimTall01,STAT,-3080.0,8864.0,840.0,180.0001
1551208,DLCworkshop03.esm,05001ADB,000540DB,VltRmPodRoofTrimTall01,STAT,-3080.0,8864.0,840.0,0.0001
1551209,DLCworkshop03.esm,05001ADC,000540DB,VltRmPodRoofTrimTall01,STAT,-3080.0,9376.0,840.0,0.0001
1551210,DLCworkshop03.esm,05001ADD,000540CB,VltRmPodRoofCorOutTallHalf01,STAT,-2952.0,9376.0,840.0,0.0
1551211,DLCworkshop03.esm,05001ADE,000540DB,VltRmPodRoofTrimTall01,STAT,-3080.0,9376.0,840.0,180.0001
1551212,DLCworkshop03.esm,05001ADF,000540CB,VltRmPodRoofCorOutTallHalf01,STAT,-2952.0,9376.0,840.0,270.0001
1551213,DLCworkshop03.esm,05001AE0,0005415D,VltRmPodRoofWide02,STAT,-3208.0,9120.0,816.0,270.0001
1551214,DLCworkshop03.esm,05001AE1,0005415D,VltRmPodRoofWide02,STAT,-2952.0,9120.0,816.0,270.0001
1551215,DLCworkshop03.esm,05001AE2,000247F5,IndFrame512x512EmptyShape01,STAT,-2664.0,9120.0,-32.0,180.0001
1551216,DLCworkshop03.esm,05001AE6,000540C6,VltRmPodRoofTrimTallWide02,STAT,-2824.0,8616.0,736.0,270.0001
1551217,DLCworkshop03.esm,05001AE7,000540DB,VltRmPodRoofTrimTall01,STAT,-3080.0,10568.0,736.0,180.0001
1551218,DLCworkshop03.esm,05001AE9,050015ED,VltWorkShopTrainTunnel02_JJCap02,STAT,-2423.999512,9311.999023,-48.0,90.0001
1551219,DLCworkshop03.esm,05001B12,0005F870,VltLgRmShellWallLowWide01,STAT,-2568.0,8616.0,480.0,270.0001
1551220,DLCworkshop03.esm,05001B14,0005F874,VltLgRmShellWallMidWide01,STAT,-2568.0,8616.0,-32.0,270.0001
1551221,DLCworkshop03.esm,05001B15,000540C6,VltRmPodRoofTrimTallWide02,STAT,-2824.0,9128.0,736.0,270.0001
1551222,DLCworkshop03.esm,05001B16,000247F3,IndFrame512x256XShape01,STAT,-2664.0,9120.0,480.0,180.0001
1551223,DLCworkshop03.esm,05001B17,000247F3,IndFrame512x256XShape01,STAT,-2664.0,8104.0,480.0,180.0001
1551224,DLCworkshop03.esm,05001B1A,0005415D,VltRmPodRoofWide02,STAT,-2952.0,8616.0,816.0,270.0001
1551225,DLCworkshop03.esm,05001B1B,0500083A,VltWorkShopCavePillar03Top,STAT,-3184.0,7408.0,-392.0,180.0001
1551226,DLCworkshop03.esm,05001B1C,05000835,VltWorkShopCaveDirtPile01,STAT,-2856.0,8624.0,-3.573728,180.0001
1551227,DLCworkshop03.esm,05001B1D,05000835,VltWorkShopCaveDirtPile01,STAT,-2856.0,7376.0,0.0,180.0001
1551228,DLCworkshop03.esm,05001B23,05000836,VltWorkShopCaveFloor01,STAT,299.443359,-1689.153564,-512.457581,90.0003
1551229,DLCworkshop03.esm,05002668,0004F100,CaveMoundRocksMed04,STAT,2943.206787,-3494.690918,-824.457642,31.9026
1551230,DLCworkshop03.esm,05002672,000329A7,RockCliff04,STAT,-4484.574707,-6233.131836,525.807922,359.9997
1551231,DLCworkshop03.esm,05002675,0003299A,RockCliff03,STAT,-119.054092,-3637.394775,1018.720825,359.9997
1551232,DLCworkshop03.esm,050026A2,05000836,VltWorkShopCaveFloor01,STAT,-1748.565674,-3737.143555,-512.457581,90.0003
1551233,DLCworkshop03.esm,050026A3,05000836,VltWorkShopCaveFloor01,STAT,-1748.575195,-5785.142578,-512.457581,90.0003
1551234,DLCworkshop03.esm,050026A8,05000835,VltWorkShopCaveDirtPile01,STAT,2489.656494,-4065.170898,-968.457642,315.0003
1551235,DLCworkshop03.esm,050026A9,05000835,VltWorkShopCaveDirtPile01,STAT,2489.655518,-3577.171875,-968.457642,150.0003
1551236,DLCworkshop03.esm,050026AA,05000835,VltWorkShopCaveDirtPile01,STAT,2759.074463,-3801.034668,-979.594238,186.045
1551237,DLCworkshop03.esm,05002754,05000838,VltWorkShopCavePillar01Low,STAT,699.443787,-1713.155762,-672.457642,270.0003
1551238,DLCworkshop03.esm,05002758,05000844,VltWorkShopCaveTunnel01Left,STAT,545.658447,-3033.162109,231.542389,90.0004
1551239,DLCworkshop03.esm,05002798,05000835,VltWorkShopCaveDirtPile01,STAT,1099.457764,1942.839966,-520.457581,270.0003
1551240,DLCworkshop03.esm,050027F9,05000848,VltWorkShopCaveWall03Top,STAT,-2068.54834,-1049.142334,-1265.266113,270.0004
1551241,DLCworkshop03.esm,050027FB,0500082D,VltWorkShopCaveCorIn01Low,STAT,-2068.562744,-3097.142578,-794.24353,270.0004
1551242,DLCworkshop03.esm,050027FD,0500082F,VltWorkShopCaveCorIn03Top,STAT,-2068.562744,-3097.142578,-1265.266113,270.0004
1551243,DLCworkshop03.esm,050027FF,00038593,RockCliff05,STAT,-172.546417,862.846863,1215.542358,179.9997
1551244,DLCworkshop03.esm,05002807,05000845,VltWorkShopCaveTunnel02Right,STAT,545.60675,-5090.045898,58.501572,90.0004
1551245,DLCworkshop03.esm,05002808,05000836,VltWorkShopCaveFloor01,STAT,-3796.574463,-5785.136719,-512.457581,90.0003
1551246,DLCworkshop03.esm,05002809,05001E10,DLC06CaveLightNS,LIGH,1731.114258,-4128.119141,-478.110992,134.9994
1551247,DLCworkshop03.esm,0500280C,05000845,VltWorkShopCaveTunnel02Right,STAT,2017.64917,-4825.169922,-581.498413,90.0004
1551248,DLCworkshop03.esm,0500280E,05000844,VltWorkShopCaveTunnel01Left,STAT,2017.655518,-3353.167969,-569.734375,90.0004
1551249,DLCworkshop03.esm,05002823,0004810C,IndFrameCat256x256AShape01,STAT,345.653107,-4425.162109,239.542389,0.0
1551250,DLCworkshop03.esm,05002824,0004810C,IndFrameCat256x256AShape01,STAT,345.656525,-3657.160156,239.542267,359.9923
1551251,DLCworkshop03.esm,05002825,00048108,IndFrameCat256x256VShape01,STAT,345.657013,-3401.161133,239.542358,359.9923
1551252,DLCworkshop03.esm,05002826,0019AC33,IndFrameCat256x256EmptyShapeThick01,STAT,345.658966,-3145.162109,239.54245,359.9923
1551253,DLCworkshop03.esm,05002828,00048108,IndFrameCat256x256VShape01,STAT,345.653107,-4681.162109,239.542389,359.9914
1551254,DLCworkshop03.esm,05002829,0019AC32,IndFrameCat256x256EmptyShapeThick02,STAT,345.656525,-3657.160156,239.542389,0.0
1551255,DLCworkshop03.esm,0500282A,0019AC32,IndFrameCat256x256EmptyShapeThick02,STAT,345.653107,-4425.162109,239.542389,0.0
1551256,DLCworkshop03.esm,0500282D,0019AC33,IndFrameCat256x256EmptyShapeThick01,STAT,345.649689,-4937.15918,239.54245,359.9926
1551257,DLCworkshop03.esm,05002835,0019AC33,IndFrameCat256x256EmptyShapeThick01,STAT,345.652618,-4041.162109,239.54245,359.9926
1551258,DLCworkshop03.esm,05002836,0019AC33,IndFrameCat256x256EmptyShapeThick01,STAT,345.652618,-4041.162109,239.54245,359.9923
1551259,DLCworkshop03.esm,05002839,0019AC33,IndFrameCat256x256EmptyShapeThick01,STAT,465.654572,-4041.162109,127.54248,89.9922
1551260,DLCworkshop03.esm,0500283A,0019AC33,IndFrameCat256x256EmptyShapeThick01,STAT,465.654572,-4041.162109,127.54248,269.9926
1551261,DLCworkshop03.esm,0500283B,0019AC33,IndFrameCat256x256EmptyShapeThick01,STAT,465.651642,-4937.162109,127.54248,269.9926
1551262,DLCworkshop03.esm,0500283C,0019AC32,IndFrameCat256x256EmptyShapeThick02,STAT,465.651642,-4425.161133,127.542435,90.0
1551263,DLCworkshop03.esm,0500283D,0019AC32,IndFrameCat256x256EmptyShapeThick02,STAT,465.655548,-3657.162109,127.542435,270.0001
1551264,DLCworkshop03.esm,0500283E,00048108,IndFrameCat256x256VShape01,STAT,465.650177,-4681.162109,127.542435,269.9915
1551265,DLCworkshop03.esm,0500283F,0019AC33,IndFrameCat256x256EmptyShapeThick01,STAT,465.657013,-3145.161133,127.54248,89.9922
1551266,DLCworkshop03.esm,05002840,00048108,IndFrameCat256x256VShape01,STAT,465.658478,-3401.162109,127.542419,89.9922
1551267,DLCworkshop03.esm,05002841,0004810C,IndFrameCat256x256AShape01,STAT,465.655548,-3657.162109,127.542343,89.9922
1551268,DLCworkshop03.esm,05002842,0004810C,IndFrameCat256x256AShape01,STAT,465.651642,-4425.161133,127.542435,270.0001
1551269,DLCworkshop03.esm,05002853,00048107,IndFrameCat256x256EmptyShape01,STAT,337.661896,-2793.161133,-920.457642,0.0003
1551270,DLCworkshop03.esm,05002856,0004810C,IndFrameCat256x256AShape01,STAT,337.661896,-2793.161133,-152.457611,0.0003
1551271,DLCworkshop03.esm,05002857,00048108,IndFrameCat256x256VShape01,STAT,337.661896,-2793.161133,-408.457611,0.0003
1551272,DLCworkshop03.esm,05002858,0004810C,IndFrameCat256x256AShape01,STAT,337.661896,-2793.161133,-664.457642,0.0003
1551273,DLCworkshop03.esm,05002859,00048107,IndFrameCat256x256EmptyShape01,STAT,337.661896,-2793.161133,103.542389,0.0003
1551274,DLCworkshop03.esm,05002863,00048107,IndFrameCat256x256EmptyShape01,STAT,337.649689,-5281.161133,103.542389,0.0003
1551275,DLCworkshop03.esm,05002864,0004810C,IndFrameCat256x256AShape01,STAT,337.649689,-5281.161133,-664.457642,0.0003
1551276,DLCworkshop03.esm,05002865,00048108,IndFrameCat256x256VShape01,STAT,337.649689,-5281.161133,-408.457611,0.0003
1551277,DLCworkshop03.esm,05002866,0004810C,IndFrameCat256x256AShape01,STAT,337.649689,-5281.161133,-152.457611,0.0003
1551278,DLCworkshop03.esm,05002867,00048107,IndFrameCat256x256EmptyShape01,STAT,337.649689,-5281.161133,-920.457642,0.0003
1551279,DLCworkshop03.esm,05002869,00048107,IndFrameCat256x256EmptyShape01,STAT,465.647247,-5169.162109,-920.457642,90.0003
1551280,DLCworkshop03.esm,0500286A,0004810C,IndFrameCat256x256AShape01,STAT,465.647247,-5169.162109,-152.457611,90.0003
1551281,DLCworkshop03.esm,0500286B,00048108,IndFrameCat256x256VShape01,STAT,465.647247,-5169.162109,-408.457611,90.0003
1551282,DLCworkshop03.esm,0500286C,0004810C,IndFrameCat256x256AShape01,STAT,465.647247,-5169.162109,-664.457642,90.0003
1551283,DLCworkshop03.esm,0500286D,00048107,IndFrameCat256x256EmptyShape01,STAT,465.647247,-5169.162109,103.542389,90.0003
1551284,DLCworkshop03.esm,0500286F,00048107,IndFrameCat256x256EmptyShape01,STAT,465.658478,-2897.161133,-920.457642,90.0003
1551285,DLCworkshop03.esm,05002870,0004810C,IndFrameCat256x256AShape01,STAT,465.658478,-2897.161133,-152.457611,90.0003
1551286,DLCworkshop03.esm,05002871,00048108,IndFrameCat256x256VShape01,STAT,465.658478,-2897.161133,-408.457611,90.0003
1551287,DLCworkshop03.esm,05002872,0004810C,IndFrameCat256x256AShape01,STAT,465.658478,-2897.161133,-664.457642,90.0003
1551288,DLCworkshop03.esm,05002873,00048107,IndFrameCat256x256EmptyShape01,STAT,465.658478,-2897.161133,103.542389,90.0003
1551289,DLCworkshop03.esm,05002876,05000836,VltWorkShopCaveFloor01,STAT,1486.000122,-3525.549805,-1036.582153,90.0002
1551290,DLCworkshop03.esm,05002877,05000836,VltWorkShopCaveFloor01,STAT,1913.645752,-5785.166016,-968.457642,90.0003
1551291,DLCworkshop03.esm,050028DD,05000833,VltWorkShopCaveCorOut03Top,STAT,299.427002,-5089.152344,-704.457642,180.0004
1551292,DLCworkshop03.esm,050028DE,000540D4,VltRmPodRoofCorOutHalf01,STAT,1387.449951,414.838806,63.542389,90.0003
1551293,DLCworkshop03.esm,050028E0,0005F2AE,VltLgRmShellCorOutMidHalf01,STAT,1131.449463,158.842224,-192.457611,90.0003
1551294,DLCworkshop03.esm,050028E1,0005F2AB,VltLgRmShellCorOutLowHalf01,STAT,1131.449463,158.842224,-448.457611,90.0003
1551295,DLCworkshop03.esm,050028E2,0005F86F,VltLgRmShellWallLow01,STAT,1131.453857,798.841492,-448.457611,90.0003
1551296,DLCworkshop03.esm,050028E3,000540D3,VltRmPodRoofTrimWide02,STAT,1387.453369,670.839539,63.542389,90.0003
1551297,DLCworkshop03.esm,050028E5,0005F874,VltLgRmShellWallMidWide01,STAT,1131.453369,670.841492,-192.457611,90.0003
1551298,DLCworkshop03.esm,050028E7,0005F873,VltLgRmShellWallMid01,STAT,1515.449463,158.840271,-192.457611,0.0003
1551299,DLCworkshop03.esm,050028E8,0005F86F,VltLgRmShellWallLow01,STAT,1515.449463,158.840271,-448.457611,0.0003
1551300,DLCworkshop03.esm,050028EA,000540D3,VltRmPodRoofTrimWide02,STAT,1387.453857,1182.837036,63.542389,90.0003
1551301,DLCworkshop03.esm,050028EC,0005F873,VltLgRmShellWallMid01,STAT,1131.456299,1310.841553,-192.457611,90.0003
1551302,DLCworkshop03.esm,050028ED,0005F870,VltLgRmShellWallLowWide01,STAT,1131.455811,1182.840942,-448.457611,90.0003
1551303,DLCworkshop03.esm,050028F5,0005F2AB,VltLgRmShellCorOutLowHalf01,STAT,-260.543976,1230.845825,-448.457611,0.0003
1551304,DLCworkshop03.esm,050028F6,0005F2AE,VltLgRmShellCorOutMidHalf01,STAT,-260.543976,1230.845825,-192.457611,0.0003
1551305,DLCworkshop03.esm,050028F7,000540D4,VltRmPodRoofCorOutHalf01,STAT,-516.543213,1486.846313,63.542389,0.0003
1551306,DLCworkshop03.esm,05002905,000540D4,VltRmPodRoofCorOutHalf01,STAT,-516.541016,1486.84729,63.542389,270.0003
1551307,DLCworkshop03.esm,05002907,0005F2AE,VltLgRmShellCorOutMidHalf01,STAT,-260.540314,1742.845337,-192.457611,270.0003
1551308,DLCworkshop03.esm,05002908,0005F2AB,VltLgRmShellCorOutLowHalf01,STAT,-260.540314,1742.845337,-448.457611,270.0003
1551309,DLCworkshop03.esm,0500290D,0005F2A8,VltLgRmShellCorInMidHalf01,STAT,1131.456299,1438.838989,-192.457611,90.0003
1551310,DLCworkshop03.esm,0500290E,000540CA,VltRmPodRoofCorIn01,STAT,1387.457275,1694.838013,63.542389,90.0003
1551311,DLCworkshop03.esm,0500290F,0005F2A6,VltLgRmShellCorInLowHalf01,STAT,1131.456299,1438.838989,-448.457611,90.0003
1551312,DLCworkshop03.esm,05002910,000540D4,VltRmPodRoofCorOutHalf01,STAT,1131.455322,1694.838013,63.542389,90.0003
1551313,DLCworkshop03.esm,05002911,0005F2AE,VltLgRmShellCorOutMidHalf01,STAT,875.456116,1438.841431,-192.457611,90.0003
1551314,DLCworkshop03.esm,05002912,0005F2AB,VltLgRmShellCorOutLowHalf01,STAT,875.456116,1438.841431,-448.457611,90.0003
1551315,DLCworkshop03.esm,05002916,0005F873,VltLgRmShellWallMid01,STAT,875.457825,1822.84314,-192.457611,90.0003
1551316,DLCworkshop03.esm,05002917,0005F86F,VltLgRmShellWallLow01,STAT,875.457825,1822.84314,-448.457611,90.0003
1551317,DLCworkshop03.esm,0500291B,000540CE,VltRmPodRoofTrim02,STAT,1131.457764,1822.839966,63.542389,90.0003
1551318,DLCworkshop03.esm,05002921,00048107,IndFrameCat256x256EmptyShape01,STAT,1003.455872,1462.841919,383.542389,90.0003
1551319,DLCworkshop03.esm,05002922,0004810C,IndFrameCat256x256AShape01,STAT,1003.455872,1462.841919,-384.457611,90.0003
1551320,DLCworkshop03.esm,05002923,00048108,IndFrameCat256x256VShape01,STAT,1003.455872,1462.841919,-128.457611,90.0003
1551321,DLCworkshop03.esm,05002924,0004810C,IndFrameCat256x256AShape01,STAT,1003.455872,1462.841919,127.542389,90.0003
1551322,DLCworkshop03.esm,05002925,00048107,IndFrameCat256x256EmptyShape01,STAT,1003.455872,1462.841919,-640.457581,90.0003
1551323,DLCworkshop03.esm,05002927,00048107,IndFrameCat256x256EmptyShape01,STAT,875.45636,1566.842896,383.542389,0.0003
1551324,DLCworkshop03.esm,05002928,0004810C,IndFrameCat256x256AShape01,STAT,875.45636,1566.842896,-384.457611,0.0003
1551325,DLCworkshop03.esm,05002929,00048108,IndFrameCat256x256VShape01,STAT,875.45636,1566.842896,-128.457611,0.0003
1551326,DLCworkshop03.esm,0500292A,0004810C,IndFrameCat256x256AShape01,STAT,875.45636,1566.842896,127.542389,0.0003
1551327,DLCworkshop03.esm,0500292B,00048107,IndFrameCat256x256EmptyShape01,STAT,875.45636,1566.842896,-640.457581,0.0003
1551328,DLCworkshop03.esm,0500292D,00048107,IndFrameCat256x256EmptyShape01,STAT,-340.542755,1574.846802,-640.457581,0.0003
1551329,DLCworkshop03.esm,0500292E,0004810C,IndFrameCat256x256AShape01,STAT,-340.542755,1574.846802,127.542389,0.0003
1551330,DLCworkshop03.esm,0500292F,00048108,IndFrameCat256x256VShape01,STAT,-340.542755,1574.846802,-128.457611,0.0003
1551331,DLCworkshop03.esm,05002930,0004810C,IndFrameCat256x256AShape01,STAT,-340.542755,1574.846802,-384.457611,0.0003
1551332,DLCworkshop03.esm,05002931,00048107,IndFrameCat256x256EmptyShape01,STAT,-340.542755,1574.846802,383.542389,0.0003
1551333,DLCworkshop03.esm,05002933,00048107,IndFrameCat256x256EmptyShape01,STAT,-340.543732,1350.846558,383.542389,0.0003
1551334,DLCworkshop03.esm,05002934,0004810C,IndFrameCat256x256AShape01,STAT,-340.543732,1350.846558,-384.457611,0.0003
1551335,DLCworkshop03.esm,05002935,00048108,IndFrameCat256x256VShape01,STAT,-340.543732,1350.846558,-128.457611,0.0003
1551336,DLCworkshop03.esm,05002936,0004810C,IndFrameCat256x256AShape01,STAT,-340.543732,1350.846558,127.542389,0.0003
1551337,DLCworkshop03.esm,05002937,00048107,IndFrameCat256x256EmptyShape01,STAT,-340.543732,1350.846558,-640.457581,0.0003
1551338,DLCworkshop03.esm,05002939,00048107,IndFrameCat256x256EmptyShape01,STAT,-468.544922,1238.846558,-640.457581,90.0003
1551339,DLCworkshop03.esm,0500293A,0004810C,IndFrameCat256x256AShape01,STAT,-468.544922,1238.846558,127.542389,90.0003
1551340,DLCworkshop03.esm,0500293B,00048108,IndFrameCat256x256VShape01,STAT,-468.544922,1238.846558,-128.457611,90.0003
1551341,DLCworkshop03.esm,0500293C,0004810C,IndFrameCat256x256AShape01,STAT,-468.544922,1238.846558,-384.457611,90.0003
1551342,DLCworkshop03.esm,0500293D,00048107,IndFrameCat256x256EmptyShape01,STAT,-468.544922,1238.846558,383.542389,90.0003
1551343,DLCworkshop03.esm,0500293F,0019AC33,IndFrameCat256x256EmptyShapeThick01,STAT,-100.543236,1462.845581,239.542389,218.2135
1551344,DLCworkshop03.esm,05002941,0019AC33,IndFrameCat256x256EmptyShapeThick01,STAT,635.45697,1462.842407,239.54245,37.7141
1551345,DLCworkshop03.esm,05002942,0019AC32,IndFrameCat256x256EmptyShapeThick02,STAT,27.456268,1462.846313,239.542389,218.0848
1551346,DLCworkshop03.esm,05002945,0019AC33,IndFrameCat256x256EmptyShapeThick01,STAT,283.457031,1462.844849,239.542389,218.2135
1551347,DLCworkshop03.esm,05002949,0019AC32,IndFrameCat256x256EmptyShapeThick02,STAT,507.455505,1462.842651,239.542389,37.8161
1551348,DLCworkshop03.esm,0500294A,0019AC33,IndFrameCat256x256EmptyShapeThick01,STAT,283.457031,1462.844849,239.542389,37.6951
1551349,DLCworkshop03.esm,0500294D,0019AC33,IndFrameCat256x256EmptyShapeThick01,STAT,283.458252,1566.845337,103.542389,37.6327
1551350,DLCworkshop03.esm,0500294E,0019AC32,IndFrameCat256x256EmptyShapeThick02,STAT,507.456238,1566.84314,103.542389,37.7876
1551351,DLCworkshop03.esm,0500294F,0019AC33,IndFrameCat256x256EmptyShapeThick01,STAT,283.458252,1566.845337,103.542389,217.6326
1551352,DLCworkshop03.esm,05002950,0019AC32,IndFrameCat256x256EmptyShapeThick02,STAT,27.456268,1566.844604,103.542389,217.7635
1551353,DLCworkshop03.esm,05002951,0019AC33,IndFrameCat256x256EmptyShapeThick01,STAT,635.45697,1566.845093,103.542084,37.6626
1551354,DLCworkshop03.esm,05002952,0019AC33,IndFrameCat256x256EmptyShapeThick01,STAT,-100.542503,1566.844849,103.542389,217.6326
1551355,DLCworkshop03.esm,05002954,0019AC33,IndFrameCat256x256EmptyShapeThick01,STAT,283.456299,1670.842896,239.542389,37.6951
1551356,DLCworkshop03.esm,05002955,0019AC32,IndFrameCat256x256EmptyShapeThick02,STAT,507.457214,1670.843872,239.542389,37.8161
1551357,DLCworkshop03.esm,05002956,0019AC33,IndFrameCat256x256EmptyShapeThick01,STAT,283.456299,1670.842896,239.542389,218.2135
1551358,DLCworkshop03.esm,05002957,0019AC32,IndFrameCat256x256EmptyShapeThick02,STAT,27.456512,1670.845337,239.542389,218.0848
1551359,DLCworkshop03.esm,05002958,0019AC33,IndFrameCat256x256EmptyShapeThick01,STAT,635.458191,1670.843384,239.54245,37.7141
1551360,DLCworkshop03.esm,05002959,0019AC33,IndFrameCat256x256EmptyShapeThick01,STAT,-100.542747,1670.847046,239.542389,218.2135
1551361,DLCworkshop03.esm,0500295A,000540D4,VltRmPodRoofCorOutHalf01,STAT,-798.352661,-5601.15332,63.542389,180.0003
1551362,DLCworkshop03.esm,0500295B,0005F2AE,VltLgRmShellCorOutMidHalf01,STAT,-1054.350952,-5345.154297,-192.457611,180.0003
1551363,DLCworkshop03.esm,0500295C,0005F2AB,VltLgRmShellCorOutLowHalf01,STAT,-1054.350952,-5345.154297,-448.457611,180.0003
1551364,DLCworkshop03.esm,0500295D,0005F870,VltLgRmShellWallLowWide01,STAT,-542.351318,-5345.15625,-448.457611,180.0003
1551365,DLCworkshop03.esm,0500295E,0005F872,VltLgRmShellWallMidHalf01,STAT,747.423706,-5665.152344,-192.457611,90.0003
1551366,DLCworkshop03.esm,0500295F,000540D3,VltRmPodRoofTrimWide02,STAT,-542.353271,-5601.157227,63.542389,180.0004
1551367,DLCworkshop03.esm,05002960,000540D3,VltRmPodRoofTrimWide02,STAT,-30.351776,-5601.160156,63.542389,180.0004
1551368,DLCworkshop03.esm,05002961,0005F874,VltLgRmShellWallMidWide01,STAT,-30.3508,-5345.160156,-192.457611,180.0003
1551369,DLCworkshop03.esm,05002962,0005F870,VltLgRmShellWallLowWide01,STAT,-30.3508,-5345.160156,-448.457611,180.0003
1551370,DLCworkshop03.esm,05002963,000540D4,VltRmPodRoofCorOutHalf01,STAT,225.646637,-5601.15918,63.542389,270.0003
1551371,DLCworkshop03.esm,05002964,0005F2AE,VltLgRmShellCorOutMidHalf01,STAT,481.646759,-5345.15918,-192.457611,270.0003
1551372,DLCworkshop03.esm,05002965,0005F2AB,VltLgRmShellCorOutLowHalf01,STAT,481.646759,-5345.15918,-448.457611,270.0003
1551373,DLCworkshop03.esm,05003445,05000836,VltWorkShopCaveFloor01,STAT,-1748.556396,-1689.14502,-512.457581,90.0003
1551374,DLCworkshop03.esm,05003450,05000835,VltWorkShopCaveDirtPile01,STAT,161.661774,-2241.161621,-528.457581,90.0003
1551375,DLCworkshop03.esm,0500345A,05000838,VltWorkShopCavePillar01Low,STAT,1771.114624,-547.708008,-696.457642,270.0003
1551376,DLCworkshop03.esm,0500345B,0500083A,VltWorkShopCavePillar03Top,STAT,1947.447876,-601.160217,-672.457642,270.0003
1551377,DLCworkshop03.esm,0500345D,05000838,VltWorkShopCavePillar01Low,STAT,-788.549622,102.849304,-728.457642,225.0003
1551378,DLCworkshop03.esm,0500345E,0500083A,VltWorkShopCavePillar03Top,STAT,-824.836182,115.711121,-941.575745,225.0004
1551379,DLCworkshop03.esm,0500345F,05000836,VltWorkShopCaveFloor01,STAT,299.450195,358.843445,-512.457581,90.0003
1551380,DLCworkshop03.esm,05003460,05000836,VltWorkShopCaveFloor01,STAT,-1748.547363,358.853699,-512.457581,90.0003
1551381,DLCworkshop03.esm,05003463,05000835,VltWorkShopCaveDirtPile01,STAT,131.445297,-1449.152832,-520.457581,30.0003
1551382,DLCworkshop03.esm,05003465,05000848,VltWorkShopCaveWall03Top,STAT,491.449158,-441.154602,-576.457581,225.0003
1551383,DLCworkshop03.esm,05003466,05000835,VltWorkShopCaveDirtPile01,STAT,-388.551056,-249.152405,-520.457581,45.0003
1551384,DLCworkshop03.esm,05003468,05000846,VltWorkShopCaveWall01Low,STAT,491.449158,-441.154602,-616.457581,225.0003
1551385,DLCworkshop03.esm,05003469,05000846,VltWorkShopCaveWall01Low,STAT,-1376.761719,-1360.155029,-628.211914,81.4691
1551386,DLCworkshop03.esm,0500346D,05000838,VltWorkShopCavePillar01Low,STAT,-427.692841,-2130.021484,-670.692749,334.7157
1551387,DLCworkshop03.esm,05003470,0500083A,VltWorkShopCavePillar03Top,STAT,-457.328125,-2184.97168,-768.457642,334.7158
1551388,DLCworkshop03.esm,05003471,05000835,VltWorkShopCaveDirtPile01,STAT,1507.453369,414.841492,-520.457581,0.0003
1551389,DLCworkshop03.esm,05003472,05000835,VltWorkShopCaveDirtPile01,STAT,1731.44751,-497.162903,-520.457581,180.0003
1551390,DLCworkshop03.esm,05003473,05000835,VltWorkShopCaveDirtPile01,STAT,191.632553,-881.043518,-520.457581,320.0079
1551391,DLCworkshop03.esm,05003474,05000835,VltWorkShopCaveDirtPile01,STAT,1507.455322,1286.839966,-520.457581,270.0003
1551392,DLCworkshop03.esm,05003477,0500083A,VltWorkShopCavePillar03Top,STAT,-788.542297,1702.848022,-885.575745,225.0003
1551393,DLCworkshop03.esm,050034AE,05000831,VltWorkShopCaveCorOut01Low,STAT,-1971.058594,-784.73407,-869.046265,356.9065
1551394,DLCworkshop03.esm,0500359B,05000835,VltWorkShopCaveDirtPile01,STAT,1040.0,6240.0,0.0,180.0
1551395,DLCworkshop03.esm,050035A0,05000844,VltWorkShopCaveTunnel01Left,STAT,406.940277,3265.575195,-54.854649,180.0
1551396,DLCworkshop03.esm,050035A1,05000845,VltWorkShopCaveTunnel02Right,STAT,48.0,4248.0,120.0,180.0
1551397,DLCworkshop03.esm,050035A4,05000838,VltWorkShopCavePillar01Low,STAT,1067.440186,-2145.157227,-648.457581,270.0003
1551398,DLCworkshop03.esm,050035A5,05000835,VltWorkShopCaveDirtPile01,STAT,857.662842,-2273.165527,-520.457581,90.0003
1551399,DLCworkshop03.esm,050035A6,05000835,VltWorkShopCaveDirtPile01,STAT,1433.662354,-2233.167969,-520.457581,90.0003
1551400,DLCworkshop03.esm,050035A7,0500083A,VltWorkShopCavePillar03Top,STAT,1695.311035,-578.115784,-1112.457642,315.0003
1551401,DLCworkshop03.esm,050035AF,0003299A,RockCliff03,STAT,1003.451965,286.842224,831.542419,29.7726
1551402,DLCworkshop03.esm,050035B0,0003299A,RockCliff03,STAT,1323.454346,1118.839233,1087.542358,29.7726
1551403,DLCworkshop03.esm,050035B1,05000848,VltWorkShopCaveWall03Top,STAT,859.60553,621.211914,-768.457642,86.2187
1551404,DLCworkshop03.esm,050035B5,05000835,VltWorkShopCaveDirtPile01,STAT,-1531.349365,-3773.486572,-518.08783,0.0003
1551405,DLCworkshop03.esm,0500361C,05000835,VltWorkShopCaveDirtPile01,STAT,1104.0,5448.0,0.0,180.0
1551406,DLCworkshop03.esm,0500361D,05000835,VltWorkShopCaveDirtPile01,STAT,1040.0,4752.0,-2.984299,180.0
1551407,DLCworkshop03.esm,0500361E,05000835,VltWorkShopCaveDirtPile01,STAT,-700.51532,6370.875488,-3.945246,180.0001
1551408,DLCworkshop03.esm,0500361F,05000835,VltWorkShopCaveDirtPile01,STAT,-712.0,5728.0,0.0,90.0001
1551409,DLCworkshop03.esm,05003620,05000835,VltWorkShopCaveDirtPile01,STAT,-706.332397,5068.571289,0.0,90.0001
1551410,DLCworkshop03.esm,05003621,05000835,VltWorkShopCaveDirtPile01,STAT,-504.0,4584.0,-16.0,90.0001
1551411,DLCworkshop03.esm,05003628,05000838,VltWorkShopCavePillar01Low,STAT,-1104.698364,-5427.925781,-698.31958,341.0416
1551412,DLCworkshop03.esm,05003629,0500083A,VltWorkShopCavePillar03Top,STAT,-1078.453003,-5568.893555,-1193.21875,333.5355
1551413,DLCworkshop03.esm,0500362D,05000838,VltWorkShopCavePillar01Low,STAT,-4502.442871,-5995.786133,-709.668945,315.0004
1551414,DLCworkshop03.esm,0500362E,0500083A,VltWorkShopCavePillar03Top,STAT,-4500.57373,-5985.130859,-704.457642,315.0004
1551415,DLCworkshop03.esm,05003633,05000844,VltWorkShopCaveTunnel01Left,STAT,3049.6521,-3825.171875,-740.511597,90.0004
1551416,DLCworkshop03.esm,05003634,05000845,VltWorkShopCaveTunnel02Right,STAT,3057.651123,-4225.171875,-528.457581,90.0004
1551417,DLCworkshop03.esm,05003635,05000845,VltWorkShopCaveTunnel02Right,STAT,3793.653076,-3825.174805,-1032.457642,90.0004
1551418,DLCworkshop03.esm,0500363B,000517B0,DefaultLightWhite01NS,LIGH,424.682404,-2325.841064,-128.0,134.9994
1551419,DLCworkshop03.esm,0500363C,05001B8A,VltWorkShopCaveSlopeMid03Wide3,STAT,1565.343628,-4185.161133,-1025.366089,270.0003
1551420,DLCworkshop03.esm,0500363F,05000837,VltWorkShopCaveLedge01,STAT,697.661865,-2105.164062,-520.457581,0.0003
1551421,DLCworkshop03.esm,05003640,05000835,VltWorkShopCaveDirtPile01,STAT,-540.137878,-2907.609863,-603.856628,90.0003
1551422,DLCworkshop03.esm,05003641,05000835,VltWorkShopCaveDirtPile01,STAT,-598.343018,-3281.15625,-603.21991,90.0003
1551423,DLCworkshop03.esm,05003642,05000835,VltWorkShopCaveDirtPile01,STAT,-612.559814,-3623.227295,-604.141235,180.0003
1551424,DLCworkshop03.esm,05003643,05000835,VltWorkShopCaveDirtPile01,STAT,-591.894226,-4144.268066,-603.926453,270.0003
1551425,DLCworkshop03.esm,05003644,05000835,VltWorkShopCaveDirtPile01,STAT,-598.346436,-4529.15625,-603.960266,0.0003
1551426,DLCworkshop03.esm,05003645,05000835,VltWorkShopCaveDirtPile01,STAT,-633.343262,-4884.808105,-603.779358,90.0003
1551427,DLCworkshop03.esm,05003646,05000835,VltWorkShopCaveDirtPile01,STAT,-598.351318,-5265.15625,-592.457581,180.0003
1551428,DLCworkshop03.esm,05003647,05000837,VltWorkShopCaveLedge01,STAT,577.646729,-6057.161133,-520.457581,180.0003
1551429,DLCworkshop03.esm,0500364F,05000846,VltWorkShopCaveWall01Low,STAT,-4423.837891,-3553.131348,-1140.341309,90.0004
1551430,DLCworkshop03.esm,05003650,05000848,VltWorkShopCaveWall03Top,STAT,-4423.837891,-3553.131348,-1177.747681,90.0004
1551431,DLCworkshop03.esm,05003651,05000838,VltWorkShopCavePillar01Low,STAT,-1279.595459,-3756.677734,-752.457642,330.0004
1551432,DLCworkshop03.esm,05003652,0500083A,VltWorkShopCavePillar03Top,STAT,-1288.159424,-3745.61084,-1175.566406,330.0004
1551433,DLCworkshop03.esm,05003653,00038593,RockCliff05,STAT,-4516.570801,-5457.130859,565.84729,359.9997
1551434,DLCworkshop03.esm,05003656,0500082F,VltWorkShopCaveCorIn03Top,STAT,-4423.819336,542.86792,-1177.747681,90.0004
1551435,DLCworkshop03.esm,05003657,00038593,RockCliff05,STAT,-5908.563965,-3809.125,1023.542419,359.9997
1551436,DLCworkshop03.esm,05003658,05000837,VltWorkShopCaveLedge01,STAT,-6977.535645,-5042.011719,-392.457611,240.0003
1551437,DLCworkshop03.esm,05003659,05000836,VltWorkShopCaveFloor01,STAT,-5252.37207,-2329.067139,-1028.026978,90.0003
1551438,DLCworkshop03.esm,0500365A,05000847,VltWorkShopCaveWall02Mid,STAT,-5929.532227,-4714.015625,-512.457581,225.0003
1551439,DLCworkshop03.esm,0500365B,05000837,VltWorkShopCaveLedge01,STAT,-7337.530762,-4506.009766,-200.457611,255.0003
1551440,DLCworkshop03.esm,0500365D,05000837,VltWorkShopCaveLedge01,STAT,-7428.220703,-3809.868408,62.557007,271.4614
1551441,DLCworkshop03.esm,05003664,05001B8A,VltWorkShopCaveSlopeMid03Wide3,STAT,-5060.377441,-2713.124512,-1024.45752,180.0003
1551442,DLCworkshop03.esm,05003665,05000836,VltWorkShopCaveFloor01,STAT,-5844.572754,-5785.125,-512.457581,90.0003
1551443,DLCworkshop03.esm,05003666,05000847,VltWorkShopCaveWall02Mid,STAT,-5611.972656,-5012.356445,-576.457581,195.0003
1551444,DLCworkshop03.esm,05003669,05000846,VltWorkShopCaveWall01Low,STAT,-4423.827148,-1505.132324,-1140.341309,90.0004
1551445,DLCworkshop03.esm,0500366A,05000848,VltWorkShopCaveWall03Top,STAT,-4423.827148,-1505.132324,-1177.747681,90.0004
1551446,DLCworkshop03.esm,0500366C,05000831,VltWorkShopCaveCorOut01Low,STAT,-5781.394043,-3552.934082,-1140.341309,355.9321
1551447,DLCworkshop03.esm,0500366E,05000833,VltWorkShopCaveCorOut03Top,STAT,-5765.434082,-3551.799316,-857.747681,355.9322
1551448,DLCworkshop03.esm,05003670,05000846,VltWorkShopCaveWall01Low,STAT,-5772.90918,45.768986,-1140.341309,357.0213
1551449,DLCworkshop03.esm,05003671,05000848,VltWorkShopCaveWall03Top,STAT,-5797.489258,90.652901,-1653.816528,0.0004
1551450,DLCworkshop03.esm,05003675,05000846,VltWorkShopCaveWall01Low,STAT,-7892.55127,-1505.117188,-1140.341309,180.0005
1551451,DLCworkshop03.esm,05003676,05000848,VltWorkShopCaveWall03Top,STAT,-7892.55127,-1505.117188,-704.457642,180.0005
1551452,DLCworkshop03.esm,05003677,05000846,VltWorkShopCaveWall01Low,STAT,-9940.542969,542.891785,-1140.341309,270.0005
1551453,DLCworkshop03.esm,05003678,05000848,VltWorkShopCaveWall03Top,STAT,-9940.542969,542.891785,-1108.480713,270.0005
1551454,DLCworkshop03.esm,0500367A,0500082D,VltWorkShopCaveCorIn01Low,STAT,-10276.074219,2590.890381,-1140.341309,0.0005
1551455,DLCworkshop03.esm,0500367C,000329A7,RockCliff04,STAT,-9556.552734,-2017.109375,447.542389,59.9997
1551456,DLCworkshop03.esm,0500367D,00038593,RockCliff05,STAT,-7188.553223,-1889.120605,422.25235,59.9997
1551457,DLCworkshop03.esm,0500367E,000329A7,RockCliff04,STAT,-8454.567383,-3168.793213,-896.457642,300.0003
1551458,DLCworkshop03.esm,0500367F,000329A7,RockCliff04,STAT,-9909.564453,-191.902771,475.91684,335.1947
1551459,DLCworkshop03.esm,05003680,0003299A,RockCliff03,STAT,-11018.848633,2214.460449,-1131.574707,60.0003
1551460,DLCworkshop03.esm,05003681,000329A7,RockCliff04,STAT,-10132.53125,2910.889404,619.519409,314.9997
1551461,DLCworkshop03.esm,05003682,00038593,RockCliff05,STAT,-3796.563721,-3361.134766,550.252319,179.9997
1551462,DLCworkshop03.esm,05003683,00038593,RockCliff05,STAT,-3796.552979,-1121.136719,550.252319,179.9997
1551463,DLCworkshop03.esm,05003684,000329A7,RockCliff04,STAT,-4244.543457,862.865417,358.25238,224.9996
1551464,DLCworkshop03.esm,05003685,00038593,RockCliff05,STAT,-5652.54248,734.8703,550.252319,254.9996
1551465,DLCworkshop03.esm,0500369D,05000835,VltWorkShopCaveDirtPile01,STAT,-2444.562988,-3257.141602,-520.457581,315.0003
1551466,DLCworkshop03.esm,050036BF,050036B5,VltWorkShopCaveTunnel01LeftHALF,STAT,-1840.722656,4617.658203,345.731689,270.0
1551467,DLCworkshop03.esm,050036C0,050036B5,VltWorkShopCaveTunnel01LeftHALF,STAT,-2864.722656,4617.658691,345.731689,270.0
1551468,DLCworkshop03.esm,050036C1,050036B5,VltWorkShopCaveTunnel01LeftHALF,STAT,-3760.722656,4617.658691,345.731689,270.0
1551469,DLCworkshop03.esm,050036C2,00038593,RockCliff05,STAT,-3845.578613,5303.755859,1201.307983,118.162
1551470,DLCworkshop03.esm,050036C3,05000844,VltWorkShopCaveTunnel01Left,STAT,-4464.103516,4715.315918,128.0,262.2078
1551471,DLCworkshop03.esm,050036C4,050036B5,VltWorkShopCaveTunnel01LeftHALF,STAT,-1962.872803,4424.847168,325.834656,216.0419
1551472,DLCworkshop03.esm,050036C6,05000831,VltWorkShopCaveCorOut01Low,STAT,-8251.709961,2622.719971,-1140.341309,0.0005
1551473,DLCworkshop03.esm,050036C8,05000833,VltWorkShopCaveCorOut03Top,STAT,-8251.709961,2622.719971,-1803.793945,0.0004
1551474,DLCworkshop03.esm,050036CE,05001AC5,VltWorkShopCaveSlopeMid01Narrow3,STAT,320.0,2240.0,-512.0,0.0
1551475,DLCworkshop03.esm,050036CF,05000836,VltWorkShopCaveFloor01,STAT,520.000732,1215.997803,-512.280212,0.0
1551476,DLCworkshop03.esm,050036D0,05000833,VltWorkShopCaveCorOut03Top,STAT,399.99939,1223.997314,-1087.999878,90.0001
1551477,DLCworkshop03.esm,050036D1,05000833,VltWorkShopCaveCorOut03Top,STAT,235.145477,1313.193481,-1309.11792,0.0001
1551478,DLCworkshop03.esm,050036E6,05000848,VltWorkShopCaveWall03Top,STAT,-3418.026611,-5484.34375,-1180.005127,189.529
1551479,DLCworkshop03.esm,050036E9,05000846,VltWorkShopCaveWall01Low,STAT,-3418.026611,-5484.34375,-611.987427,189.529
1551480,DLCworkshop03.esm,050036EF,05000846,VltWorkShopCaveWall01Low,STAT,-3574.158447,5008.0,-1002.199707,90.0
1551481,DLCworkshop03.esm,050036F1,05000845,VltWorkShopCaveTunnel02Right,STAT,-6358.1875,5103.48877,12.116386,270.0
1551482,DLCworkshop03.esm,050036F2,05000845,VltWorkShopCaveTunnel02Right,STAT,-8150.1875,5103.48877,12.116386,270.0
1551483,DLCworkshop03.esm,050036F6,05000836,VltWorkShopCaveFloor01,STAT,-6468.370117,-793.117188,-1024.45752,90.0004
1551484,DLCworkshop03.esm,050036F8,05000836,VltWorkShopCaveFloor01,STAT,-8516.367187,-793.105591,-1024.45752,90.0004
1551485,DLCworkshop03.esm,050036F9,05000837,VltWorkShopCaveLedge01,STAT,-6788.355469,1254.88501,-1024.45752,90.0004
1551486,DLCworkshop03.esm,050036FB,05000836,VltWorkShopCaveFloor01,STAT,-8516.355469,1254.894531,-1024.45752,90.0004
1551487,DLCworkshop03.esm,050036FC,05000836,VltWorkShopCaveFloor01,STAT,-10564.355469,1254.905762,-1024.45752,90.0004
1551488,DLCworkshop03.esm,050036FD,05000836,VltWorkShopCaveFloor01,STAT,-10564.367188,-793.09436,-1024.45752,90.0004
1551489,DLCworkshop03.esm,050036FE,05000836,VltWorkShopCaveFloor01,STAT,-10564.34375,3302.905762,-1024.45752,90.0004
1551490,DLCworkshop03.esm,050036FF,05000836,VltWorkShopCaveFloor01,STAT,-8516.344727,3302.894531,-1024.45752,90.0004
1551491,DLCworkshop03.esm,05003700,05000836,VltWorkShopCaveFloor01,STAT,-6468.344727,3302.883301,-1024.45752,90.0004
1551492,DLCworkshop03.esm,05003701,05000836,VltWorkShopCaveFloor01,STAT,-6468.333008,5350.883301,-1024.45752,90.0004
1551493,DLCworkshop03.esm,05003702,05000836,VltWorkShopCaveFloor01,STAT,-8516.333008,5350.894531,-1024.45752,90.0004
1551494,DLCworkshop03.esm,05003704,05000836,VltWorkShopCaveFloor01,STAT,-4420.333008,5350.87207,-1024.45752,90.0004
1551495,DLCworkshop03.esm,05003705,0003299A,RockCliff03,STAT,-2349.54248,5022.45166,-845.779297,359.9125
1551496,DLCworkshop03.esm,05003706,05000838,VltWorkShopCavePillar01Low,STAT,-5316.011719,3748.67749,-1195.779175,264.0071
1551497,DLCworkshop03.esm,05003707,0500083A,VltWorkShopCavePillar03Top,STAT,-5316.011719,3748.67749,-865.548401,264.0071
1551498,DLCworkshop03.esm,05003708,0500083A,VltWorkShopCavePillar03Top,STAT,-4137.618164,4092.582031,-950.73584,298.3846
1551499,DLCworkshop03.esm,05003709,05000838,VltWorkShopCavePillar01Low,STAT,-4137.618164,4092.582031,-1022.815369,298.3846
1551500,DLCworkshop03.esm,0500370A,000329A7,RockCliff04,STAT,-1875.278809,4177.049805,1656.04834,314.9997
1551501,DLCworkshop03.esm,0500370C,00038593,RockCliff05,STAT,-6029.422852,3630.653076,1065.430176,117.141
1551502,DLCworkshop03.esm,0500370D,00038593,RockCliff05,STAT,-7032.660645,4503.77832,502.55011,293.5013
1551503,DLCworkshop03.esm,05003714,05000848,VltWorkShopCaveWall03Top,STAT,-9940.525391,2590.891846,-1108.480713,270.0005
1551504,DLCworkshop03.esm,05003715,05000846,VltWorkShopCaveWall01Low,STAT,-9940.525391,2590.891846,-1140.341309,270.0005
1551505,DLCworkshop03.esm,0500375F,0005F2AB,VltLgRmShellCorOutLowHalf01,STAT,-424.0,6839.504395,96.0,270.0
1551506,DLCworkshop03.esm,05003760,0005F873,VltLgRmShellWallMid01,STAT,-424.0,6455.504395,352.0,270.0
1551507,DLCworkshop03.esm,05003761,0005F86F,VltLgRmShellWallLow01,STAT,-424.0,6455.504395,96.0,270.0
1551508,DLCworkshop03.esm,05003762,0005F2AE,VltLgRmShellCorOutMidHalf01,STAT,-424.0,6839.504395,352.0,270.0
1551509,DLCworkshop03.esm,05003763,0005F2AE,VltLgRmShellCorOutMidHalf01,STAT,-424.0,6839.504395,608.0,270.0
1551510,DLCworkshop03.esm,05003764,0005F873,VltLgRmShellWallMid01,STAT,-424.0,6455.504395,608.0,270.0
1551511,DLCworkshop03.esm,05003765,0005F2AE,VltLgRmShellCorOutMidHalf01,STAT,-424.0,6839.504395,864.0,270.0
1551512,DLCworkshop03.esm,05003766,0005F873,VltLgRmShellWallMid01,STAT,-424.0,6455.504395,864.0,270.0
1551513,DLCworkshop03.esm,05003767,0005F871,VltLgRmShellWallLowWide02,STAT,-936.0,6839.504395,96.0,180.0
1551514,DLCworkshop03.esm,05003768,0005F86D,VltLgRmShellWallMidWide02,STAT,-936.0,6839.504395,352.0,180.0
1551515,DLCworkshop03.esm,05003769,0005F86D,VltLgRmShellWallMidWide02,STAT,-936.0,6839.504395,608.0,180.0
1551516,DLCworkshop03.esm,0500376A,0005F86D,VltLgRmShellWallMidWide02,STAT,-936.0,6839.504395,864.0,180.0
1551517,DLCworkshop03.esm,0500376B,0005F2AB,VltLgRmShellCorOutLowHalf01,STAT,-1448.0,6839.504395,96.0,180.0
1551518,DLCworkshop03.esm,0500376C,0005F2AE,VltLgRmShellCorOutMidHalf01,STAT,-1448.0,6839.504395,352.0,180.0
1551519,DLCworkshop03.esm,0500376D,0005F2AE,VltLgRmShellCorOutMidHalf01,STAT,-1448.0,6839.504395,608.0,180.0
1551520,DLCworkshop03.esm,0500376E,0005F2AE,VltLgRmShellCorOutMidHalf01,STAT,-1448.0,6839.504395,864.0,180.0
1551521,DLCworkshop03.esm,0500376F,0005F873,VltLgRmShellWallMid01,STAT,-1448.0,6455.504395,864.0,90.0001
1551522,DLCworkshop03.esm,05003770,0005F873,VltLgRmShellWallMid01,STAT,-1448.0,6455.504395,608.0,90.0001
1551523,DLCworkshop03.esm,05003771,0005F873,VltLgRmShellWallMid01,STAT,-1448.0,6455.504395,352.0,90.0001
1551524,DLCworkshop03.esm,05003772,0005F86F,VltLgRmShellWallLow01,STAT,-1448.0,6455.504395,96.0,90.0001
1551525,DLCworkshop03.esm,05003773,0005F2AB,VltLgRmShellCorOutLowHalf01,STAT,-1512.0,6551.504395,95.802589,180.0
1551526,DLCworkshop03.esm,05003774,0005F2AE,VltLgRmShellCorOutMidHalf01,STAT,-1512.0,6551.504395,351.802582,180.0
1551527,DLCworkshop03.esm,05003775,0005F2AE,VltLgRmShellCorOutMidHalf01,STAT,-1512.0,6551.504395,607.802612,180.0
1551528,DLCworkshop03.esm,05003776,0005F2AE,VltLgRmShellCorOutMidHalf01,STAT,-1512.0,6551.504395,863.802612,180.0
1551529,DLCworkshop03.esm,05003778,0004810C,IndFrameCat256x256AShape01,STAT,-512.0,6583.504395,-192.0,0.0001
1551530,DLCworkshop03.esm,05003779,00048108,IndFrameCat256x256VShape01,STAT,-512.0,6583.504395,64.0,0.0001
1551531,DLCworkshop03.esm,0500377A,0004810C,IndFrameCat256x256AShape01,STAT,-512.0,6583.504395,320.0,0.0001
1551532,DLCworkshop03.esm,0500377B,00048108,IndFrameCat256x256VShape01,STAT,-512.0,6583.504395,576.0,0.0001
1551533,DLCworkshop03.esm,0500377C,0019AC33,IndFrameCat256x256EmptyShapeThick01,STAT,-512.0,6583.504395,832.0,0.0001
1551534,DLCworkshop03.esm,0500377D,00048107,IndFrameCat256x256EmptyShape01,STAT,-512.0,6583.504395,-448.0,0.0001
1551535,DLCworkshop03.esm,0500377E,000247F5,IndFrame512x512EmptyShape01,STAT,-936.0,6743.504395,-424.0,90.0
1551536,DLCworkshop03.esm,0500377F,000247FB,IndFrame512x512XShape01,STAT,-936.0,6743.504395,88.0,90.0
1551537,DLCworkshop03.esm,05003780,000247FB,IndFrame512x512XShape01,STAT,-936.0,6743.504395,600.0,90.0
1551538,DLCworkshop03.esm,050037A3,05004FB1,DLC06RRTrackStrEnd02,STAT,-3896.0,8104.0,56.0,90.0
1551539,DLCworkshop03.esm,050037A8,05000835,VltWorkShopCaveDirtPile01,STAT,-2688.734131,9877.077148,18.496628,172.8072
1551540,DLCworkshop03.esm,050037AE,05004FB1,DLC06RRTrackStrEnd02,STAT,-3896.0,9120.0,56.0,90.0
1551541,DLCworkshop03.esm,050037B3,0004F213,CaveRockM03,STAT,-3576.0,8040.0,-32.0,110.9441
1551542,DLCworkshop03.esm,050037B4,0004F213,CaveRockM03,STAT,-3576.0,8096.0,-48.0,308.721
1551543,DLCworkshop03.esm,050037B5,0004F214,CaveRockM04,STAT,-3520.0,8224.0,-32.0,104.9999
1551544,DLCworkshop03.esm,050037BB,0003AA23,RockM03,STAT,-3876.216797,8946.910156,-16.0,110.9441
1551545,DLCworkshop03.esm,050037BF,0004F213,CaveRockM03,STAT,-3824.0,8128.0,-16.0,110.9441
1551546,DLCworkshop03.esm,050037C3,000329A7,RockCliff04,STAT,-10005.12207,1971.193726,741.38855,287.9595
1551547,DLCworkshop03.esm,050037D1,0004F0ED,CaveMoundRocksMed03,STAT,1537.263428,-1176.793335,-476.455719,93.9987
1551548,DLCworkshop03.esm,050037D3,0004F100,CaveMoundRocksMed04,STAT,1408.312988,-1898.737915,-394.411926,190.7133
1551549,DLCworkshop03.esm,050037D4,05000845,VltWorkShopCaveTunnel02Right,STAT,2370.838623,-1678.145874,-607.840759,98.2223
1551550,DLCworkshop03.esm,050037D5,00039371,CaveHall1Way01,STAT,1912.751465,-1603.870972,-463.840759,98.2223
1551551,DLCworkshop03.esm,050037D6,0500083A,VltWorkShopCavePillar03Top,STAT,-10645.68457,-420.616943,-865.548401,264.0071
1551552,DLCworkshop03.esm,050037D7,05000838,VltWorkShopCavePillar01Low,STAT,-10645.68457,-420.616943,-1138.698975,264.0071
1551553,DLCworkshop03.esm,050037D8,00039371,CaveHall1Way01,STAT,-10546.367188,-1810.387085,-856.000122,229.2576
1551554,DLCworkshop03.esm,050037D9,05002505,DLC06CaveHallArch01,STAT,-10352.404297,-1643.306641,-856.000122,229.2576
1551555,DLCworkshop03.esm,050037DA,0004F100,CaveMoundRocksMed04,STAT,-10575.419922,-1286.349854,-792.000122,181.9528
1551556,DLCworkshop03.esm,050037DB,0004F100,CaveMoundRocksMed04,STAT,-10047.862305,-1810.448608,-792.000122,205.5758
1551557,DLCworkshop03.esm,050037DC,05000845,VltWorkShopCaveTunnel02Right,STAT,-10903.137695,-2107.159668,-1000.000122,229.2577
1551558,DLCworkshop03.esm,050037DD,050036B5,VltWorkShopCaveTunnel01LeftHALF,STAT,-10301.571289,-2163.044678,-828.415466,211.7825
1551559,DLCworkshop03.esm,050037DF,00031CFA,SubPlatformLTunnel01,STAT,6052.880371,-1871.897217,-1116.722778,1.0886
1551560,DLCworkshop03.esm,050037E0,00034526,SubLTunnel01,STAT,6254.572754,-1363.637573,-1116.722778,1.0886
1551561,DLCworkshop03.esm,050037E1,0003CF98,ExtRubble_BricksLrg_Sm_Short01,STAT,6235.470703,-1025.008179,-1010.950317,0.7427
1551562,DLCworkshop03.esm,050037E2,0018A889,SubPlatformLCeilingHole,STAT,6033.425781,-2895.713379,-1116.722778,1.0886
1551563,DLCworkshop03.esm,050037E3,00074C91,SubPlatformLD01,STAT,6013.97168,-3919.528809,-1116.722778,1.0886
1551564,DLCworkshop03.esm,050037E4,00032AE6,SubPlatformLTunnel02,STAT,6004.242676,-4431.436035,-1116.722778,1.0886
1551565,DLCworkshop03.esm,050037E5,00051878,SubPlatformHall02,STAT,6646.557129,-4315.617676,-1116.722778,1.0886
1551566,DLCworkshop03.esm,050037E6,00051878,SubPlatformHall02,STAT,6651.421387,-4059.663818,-1116.722778,1.0886
1551567,DLCworkshop03.esm,050037E7,0002CE2E,SubPlatformWall02,STAT,6779.404785,-4062.095947,-1116.722778,1.0886
1551568,DLCworkshop03.esm,050037E8,00129264,SignFrameMetalRectPoster01NukaCherry,STAT,6772.64502,-4061.750732,-985.32251,91.0886
1551569,DLCworkshop03.esm,050037E9,0012924F,SignFrameMetalRect01,STAT,6772.64502,-4061.750732,-985.32251,91.0886
1551570,DLCworkshop03.esm,050037EA,00031CC2,SubPlatformCol01,STAT,6781.83252,-3934.119385,-1116.722778,1.0886
1551571,DLCworkshop03.esm,050037EB,00031CC2,SubPlatformCol01,STAT,6521.012207,-4185.208984,-1116.722778,1.0886
1551572,DLCworkshop03.esm,050037EC,0002CE2E,SubPlatformWall02,STAT,6784.265137,-3806.142334,-1116.722778,1.0886
1551573,DLCworkshop03.esm,050037ED,00031CC2,SubPlatformCol01,STAT,6786.695801,-3678.165771,-1116.722778,1.0886
1551574,DLCworkshop03.esm,050037EE,0002CE2E,SubPlatformWall02,STAT,6789.129395,-3550.188721,-1116.722778,1.0886
1551575,DLCworkshop03.esm,050037EF,00074C62,SubPlatformColBTop02,STAT,6525.878418,-3929.255127,-1116.722778,1.0886
1551576,DLCworkshop03.esm,050037F0,0002CE2E,SubPlatformWall02,STAT,6793.997559,-3294.234863,-1116.722778,1.0886
1551577,DLCworkshop03.esm,050037F1,00051878,SubPlatformHall02,STAT,6666.015137,-3291.80249,-1116.722778,1.0886
1551578,DLCworkshop03.esm,050037F2,00074C62,SubPlatformColBTop02,STAT,6530.743652,-3673.301514,-1116.722778,1.0886
1551579,DLCworkshop03.esm,050037F3,00051878,SubPlatformHall02,STAT,6675.739746,-2779.89502,-1116.722778,1.0886
1551580,DLCworkshop03.esm,050037F4,0002CE2E,SubPlatformWall02,STAT,6803.719238,-2782.327881,-1116.722778,1.0886
1551581,DLCworkshop03.esm,050037F5,00074C4E,SubPlatformColBTop01,STAT,6535.603027,-3417.3479,-1116.722778,1.0886
1551582,DLCworkshop03.esm,050037F6,00031CC2,SubPlatformCol01,STAT,6811.015137,-2398.396729,-1116.722778,1.0886
1551583,DLCworkshop03.esm,050037F7,00031CC2,SubPlatformCol01,STAT,6540.467285,-3161.394775,-1116.722778,1.0886
1551584,DLCworkshop03.esm,050037F8,00031CC2,SubPlatformCol01,STAT,6545.330566,-2905.440918,-1116.722778,1.0886
1551585,DLCworkshop03.esm,050037F9,0005187B,SubPlatformHallEnd03,STAT,6695.197754,-1756.080078,-1116.722778,1.0886
1551586,DLCworkshop03.esm,050037FA,00031CC2,SubPlatformCol01,STAT,6550.194824,-2649.486084,-1116.722778,1.0886
1551587,DLCworkshop03.esm,050037FB,00031CC2,SubPlatformCol01,STAT,6555.059082,-2393.533203,-1116.722778,1.0886
1551588,DLCworkshop03.esm,050037FC,00031CC2,SubPlatformCol01,STAT,6559.92627,-2137.579102,-1116.722778,1.0886
1551589,DLCworkshop03.esm,050037FD,00031CC2,SubPlatformCol01,STAT,6564.788574,-1881.624512,-1116.722778,1.0886
1551590,DLCworkshop03.esm,050037FE,00051878,SubPlatformHall02,STAT,6670.879395,-3035.848145,-1116.722778,1.0886
1551591,DLCworkshop03.esm,05003800,00051878,SubPlatformHall02,STAT,6685.466309,-2267.987061,-1116.722778,1.0886
1551592,DLCworkshop03.esm,05003801,00051878,SubPlatformHall02,STAT,6690.331543,-2012.03418,-1116.722778,1.0886
1551593,DLCworkshop03.esm,05003802,00051878,SubPlatformHall02,STAT,6661.151855,-3547.756592,-1116.722778,1.0886
1551594,DLCworkshop03.esm,05003803,00051878,SubPlatformHall02,STAT,6656.285645,-3803.710205,-1116.722778,1.0886
1551595,DLCworkshop03.esm,05003804,00031CC2,SubPlatformCol01,STAT,6796.424316,-3166.256836,-1116.722778,1.0886
1551596,DLCworkshop03.esm,05003805,00129268,SignFrameMetalRectPoster01RedRocket01,STAT,6787.253418,-3293.103027,-985.32251,91.0886
1551597,DLCworkshop03.esm,05003806,00031CC2,SubPlatformCol01,STAT,6791.562012,-3422.211914,-1116.722778,1.0886
1551598,DLCworkshop03.esm,05003807,0012924F,SignFrameMetalRect01,STAT,6787.253418,-3293.103027,-985.32251,91.0886
1551599,DLCworkshop03.esm,05003808,00029621,SubSignGreenLine01,STAT,6792.376465,-3040.887451,-942.20874,91.0886
1551600,DLCworkshop03.esm,05003809,00031CC2,SubPlatformCol01,STAT,6801.288574,-2910.303955,-1116.722778,1.0886
1551601,DLCworkshop03.esm,0500380B,000BF83D,GenericPosterGroup04,STAT,6792.421387,-3061.019043,-997.658936,91.0886
1551602,DLCworkshop03.esm,0500380C,0002CE2E,SubPlatformWall02,STAT,6798.855957,-3038.281006,-1116.722778,1.0886
1551603,DLCworkshop03.esm,0500380D,00031CC2,SubPlatformCol01,STAT,6776.969238,-4190.072754,-1116.722778,1.0886
1551604,DLCworkshop03.esm,0500380E,0002CE2E,SubPlatformWall02,STAT,6774.537598,-4318.050293,-1116.722778,1.0886
1551605,DLCworkshop03.esm,0500380F,0005187C,SubPlatformHallEnd04,STAT,6641.692871,-4571.572754,-1116.722778,1.0886
1551606,DLCworkshop03.esm,05003810,00074C65,SubPlatformColBBottom02,STAT,6516.149902,-4441.162598,-1116.722778,1.0886
1551607,DLCworkshop03.esm,05003811,00031CC2,SubPlatformCol01,STAT,6772.104004,-4446.027344,-1116.722778,1.0886
1551608,DLCworkshop03.esm,05003812,0002CE2E,SubPlatformWall02,STAT,6769.67627,-4574.003418,-1116.722778,1.0886
1551609,DLCworkshop03.esm,05003813,0003456C,SubLTunnelOpen01,STAT,6186.481934,-4946.991699,-1116.722778,1.0886
1551610,DLCworkshop03.esm,05003814,0003456E,SubLTunnelOpenMid01,STAT,6176.754395,-5458.900879,-1116.722778,1.0886
1551611,DLCworkshop03.esm,05003815,0003456D,SubLTunnelOpen02,STAT,6167.027832,-5970.807129,-1116.722778,1.0886
1551612,DLCworkshop03.esm,05003816,000349BE,SubLTunnelRamp02,STAT,6142.709473,-7250.574219,-1116.722778,1.0886
1551613,DLCworkshop03.esm,05003817,000349C0,SubRTunnelRamp02,STAT,7038.54834,-7267.597168,-1116.722778,1.0886
1551614,DLCworkshop03.esm,05003818,00034570,SubRTunnelOpen02,STAT,7062.864746,-5987.82959,-1116.722778,1.0886
1551615,DLCworkshop03.esm,05003819,00034571,SubRTunnelOpenMid01,STAT,7072.594238,-5475.92041,-1116.722778,1.0886
1551616,DLCworkshop03.esm,0500381A,0003456F,SubRTunnelOpen01,STAT,7082.319824,-4964.01416,-1116.722778,1.0886
1551617,DLCworkshop03.esm,0500381B,000349C0,SubRTunnelRamp02,STAT,7106.640137,-3684.244873,-1372.722778,1.0886
1551618,DLCworkshop03.esm,0500381C,0003CF98,ExtRubble_BricksLrg_Sm_Short01,STAT,7145.864746,-4376.384766,-1036.338867,355.6177
1551619,DLCworkshop03.esm,0500381D,000AB08D,SubCTunnel03,STAT,6634.401855,-4955.50293,-1116.722778,1.0886
1551620,DLCworkshop03.esm,0500381E,000AB08B,SubCTunnel01,STAT,6624.674316,-5467.410645,-1116.722778,1.0886
1551621,DLCworkshop03.esm,0500381F,000AB08B,SubCTunnel01,STAT,6614.946777,-5979.317871,-1116.722778,1.0886
1551622,DLCworkshop03.esm,05003820,0008C7F9,DebrisPileLargeConc02,STAT,6107.922852,-6492.253418,-1219.210815,208.0633
1551623,DLCworkshop03.esm,05003821,0007ED90,DebrisPileLargeWood03,STAT,6192.449219,-6113.179688,-1229.374756,208.0633
1551624,DLCworkshop03.esm,05003822,00144ACF,ExtRubble_Plain_Sm_ShortHalf02,STAT,6198.615723,-6341.872559,-1242.685303,139.0615
1551625,DLCworkshop03.esm,05003823,000ADE7B,SubPlatformLDCap01,STAT,5666.518555,-1992.578735,-1116.722778,1.0886
1551626,DLCworkshop03.esm,05003824,00031CC2,SubPlatformCol01,STAT,5664.086426,-2120.556152,-1116.722778,181.0887
1551627,DLCworkshop03.esm,05003825,000ADE7B,SubPlatformLDCap01,STAT,5671.382812,-1736.624756,-1116.722778,1.0886
1551628,DLCworkshop03.esm,05003826,00074C44,SubPlatformWall03,STAT,5671.382812,-1736.624756,-1116.722778,181.0887
1551629,DLCworkshop03.esm,05003827,00031CC2,SubPlatformCol01,STAT,5668.951172,-1864.60144,-1116.722778,181.0887
1551630,DLCworkshop03.esm,05003828,00031CC2,SubPlatformCol01,STAT,5639.768066,-3400.325195,-1116.722778,1.0886
1551631,DLCworkshop03.esm,05003829,000ADE7B,SubPlatformLDCap01,STAT,5632.472168,-3784.25708,-1116.722778,1.0886
1551632,DLCworkshop03.esm,0500382A,000ADE7B,SubPlatformLDCap01,STAT,5627.608398,-4040.209229,-1116.722778,1.0886
1551633,DLCworkshop03.esm,0500382B,00031CC2,SubPlatformCol01,STAT,5625.175781,-4168.188965,-1116.722778,181.0887
1551634,DLCworkshop03.esm,0500382C,00074C47,SubPlatformWallB01,STAT,5651.928223,-2760.44043,-1116.722778,181.0887
1551635,DLCworkshop03.esm,0500382D,000ADE7B,SubPlatformLDCap01,STAT,5622.744141,-4296.165039,-1116.722778,1.0886
1551636,DLCworkshop03.esm,0500382E,00031CC2,SubPlatformCol01,STAT,5620.314453,-4424.141113,-1116.722778,181.0887
1551637,DLCworkshop03.esm,0500382F,00074C44,SubPlatformWall03,STAT,5617.881348,-4552.119629,-1116.722778,181.0887
1551638,DLCworkshop03.esm,05003830,000ADE7B,SubPlatformLDCap01,STAT,5617.881348,-4552.119629,-1116.722778,1.0886
1551639,DLCworkshop03.esm,05003831,00074C91,SubPlatformLD01,STAT,6043.152832,-2383.805908,-1116.722778,1.0886
1551640,DLCworkshop03.esm,05003832,00074C44,SubPlatformWall03,STAT,5666.518555,-1992.578735,-1116.722778,181.0887
1551641,DLCworkshop03.esm,05003833,00074C44,SubPlatformWall03,STAT,5661.654785,-2248.531494,-1116.722778,181.0887
1551642,DLCworkshop03.esm,05003834,00074C44,SubPlatformWall03,STAT,5656.791992,-2504.486816,-1116.722778,181.0887
1551643,DLCworkshop03.esm,05003835,00074C44,SubPlatformWall03,STAT,5647.063477,-3016.394287,-1116.722778,181.0887
1551644,DLCworkshop03.esm,05003836,00074C44,SubPlatformWall03,STAT,5642.19873,-3272.348145,-1116.722778,181.0887
1551645,DLCworkshop03.esm,05003837,00074C44,SubPlatformWall03,STAT,5637.334961,-3528.301758,-1116.722778,181.0887
1551646,DLCworkshop03.esm,05003838,00074C44,SubPlatformWall03,STAT,5622.744141,-4296.165039,-1116.722778,181.0887
1551647,DLCworkshop03.esm,05003839,00074C4D,SubPlatformColBBottom01,STAT,5630.040527,-3912.232422,-1117.656982,181.1354
1551648,DLCworkshop03.esm,0500383A,00031CC2,SubPlatformCol01,STAT,5634.904785,-3656.279785,-1116.722778,181.0887
1551649,DLCworkshop03.esm,0500383B,00031CC2,SubPlatformCol01,STAT,5644.632812,-3144.371582,-1116.722778,181.0887
1551650,DLCworkshop03.esm,0500383C,00031CC2,SubPlatformCol01,STAT,5649.494141,-2888.416992,-1116.722778,181.0887
1551651,DLCworkshop03.esm,0500383D,00074C62,SubPlatformColBTop02,STAT,5630.040527,-3912.232422,-1116.722778,181.0887
1551652,DLCworkshop03.esm,0500383E,00106A17,MonorailCarMid01,STAT,6092.888184,-2821.005127,-967.488403,136.7489
1551653,DLCworkshop03.esm,0500383F,000679D0,BldConcMdWallScktBBot01,STAT,6612.51416,-6107.294434,-1180.722778,271.0887
1551654,DLCworkshop03.esm,05003840,000679CA,BldConcMdWallPlugBBotDblDoor01,STAT,6610.085449,-6235.270996,-1180.722778,271.0887
1551655,DLCworkshop03.esm,05003841,00067957,BldConcBgWallPillar03,STAT,6731.429199,-6165.563965,-1180.722778,271.0887
1551656,DLCworkshop03.esm,05003842,00067957,BldConcBgWallPillar03,STAT,6491.472168,-6161.004395,-1180.722778,271.0887
1551657,DLCworkshop03.esm,05003843,00067994,BldConcBgWall01,STAT,6608.867676,-6299.262207,-1180.722778,181.0887
1551658,DLCworkshop03.esm,05003844,00067994,BldConcBgWall01,STAT,6544.880371,-6298.044434,-1180.722778,1.0886
1551659,DLCworkshop03.esm,05003845,05001B94,DLC06BldConcSmFlrOnly01,STAT,6735.626465,-6365.67627,-1180.722778,181.0887
1551660,DLCworkshop03.esm,05003846,0006796A,BldConcBgWallScktBBot02,STAT,6607.650879,-6363.246582,-1180.722778,91.0887
1551661,DLCworkshop03.esm,05003847,00067994,BldConcBgWall01,STAT,6604.001465,-6555.213379,-1180.722778,181.0887
1551662,DLCworkshop03.esm,05003848,00067994,BldConcBgWall01,STAT,6540.016113,-6553.996582,-1180.722778,1.0886
1551663,DLCworkshop03.esm,05003849,00067994,BldConcBgWall01,STAT,6599.137207,-6811.168457,-1180.722778,181.0887
1551664,DLCworkshop03.esm,0500384A,00067994,BldConcBgWall01,STAT,6535.150879,-6809.951172,-1180.722778,1.0886
1551665,DLCworkshop03.esm,0500384B,05001B94,DLC06BldConcSmFlrOnly01,STAT,6730.765137,-6621.632324,-1180.722778,181.0887
1551666,DLCworkshop03.esm,0500384C,05001B94,DLC06BldConcSmFlrOnly01,STAT,6725.898926,-6877.586426,-1180.722778,181.0887
1551667,DLCworkshop03.esm,0500384D,00067A15,BldConcSmStairsHalfBlock01,STAT,6651.992676,-6556.124512,-1180.722778,1.0886
1551668,DLCworkshop03.esm,0500384E,05001B94,DLC06BldConcSmFlrOnly01,STAT,6721.035645,-7133.540039,-1180.722778,181.0887
1551669,DLCworkshop03.esm,0500384F,00067994,BldConcBgWall01,STAT,6594.275879,-7067.119629,-1180.722778,181.0887
1551670,DLCworkshop03.esm,05003850,00067994,BldConcBgWall01,STAT,6562.283691,-7066.512207,-1180.722778,1.0886
1551671,DLCworkshop03.esm,05003851,00067967,BldConcBgWallScktATop01,STAT,6562.283691,-7066.512207,-1180.722778,271.0887
1551672,DLCworkshop03.esm,05003852,00067A4B,BldConcSmFlrPlat01,STAT,6578.274902,-7066.816406,-924.722656,181.0887
1551673,DLCworkshop03.esm,05003853,05001B94,DLC06BldConcSmFlrOnly01,STAT,6479.672363,-6360.815918,-1180.722778,181.0887
1551674,DLCworkshop03.esm,05003854,05001B94,DLC06BldConcSmFlrOnly01,STAT,6474.811035,-6616.768555,-1180.722778,181.0887
1551675,DLCworkshop03.esm,05003855,05001B94,DLC06BldConcSmFlrOnly01,STAT,6469.94873,-6872.723633,-1180.722778,181.0887
1551676,DLCworkshop03.esm,05003856,05001B94,DLC06BldConcSmFlrOnly01,STAT,6465.08252,-7128.676758,-1180.722778,181.0887
1551677,DLCworkshop03.esm,05003857,00067957,BldConcBgWallPillar03,STAT,6704.125488,-7181.230469,-1180.722778,271.0887
1551678,DLCworkshop03.esm,05003858,00067957,BldConcBgWallPillar03,STAT,6448.172363,-7176.367187,-1180.722778,271.0887
1551679,DLCworkshop03.esm,05003859,00067958,BldConcBgWallPillarBg01,STAT,6466.717285,-6200.541992,-1180.722778,271.0887
1551680,DLCworkshop03.esm,0500385A,00067958,BldConcBgWallPillarBg01,STAT,6466.030762,-6233.177246,-1180.722778,271.0887
1551681,DLCworkshop03.esm,0500385B,0006793E,BldConcBgWallCorner01,STAT,6436.734863,-6936.10498,-1180.722778,91.0886
1551682,DLCworkshop03.esm,0500385C,0006793E,BldConcBgWallCorner01,STAT,6436.734863,-6936.10498,-1180.722778,1.0886
1551683,DLCworkshop03.esm,0500385D,0006795D,BldConcBgWallPlugATopDoor01,STAT,6559.847168,-7194.490723,-1180.722778,271.0887
1551684,DLCworkshop03.esm,0500385E,0003CF98,ExtRubble_BricksLrg_Sm_Short01,STAT,7172.081543,-6310.613281,-1076.295166,163.6523
1551685,DLCworkshop03.esm,0500385F,0003CF98,ExtRubble_BricksLrg_Sm_Short01,STAT,7118.296875,-6568.66748,-972.639343,190.037
1551686,DLCworkshop03.esm,05003860,0003CF98,ExtRubble_BricksLrg_Sm_Short01,STAT,6115.54834,-7130.445312,-1010.150452,156.519
1551687,DLCworkshop03.esm,05003861,0003CF98,ExtRubble_BricksLrg_Sm_Short01,STAT,6104.34668,-7358.978027,-850.703369,165.7317
1551688,DLCworkshop03.esm,05003862,000302AD,SubSmHallStairs01,STAT,7216.828613,-1253.900391,-604.722656,1.0886
1551689,DLCworkshop03.esm,05003863,000302AD,SubSmHallStairs01,STAT,7211.966309,-1509.852783,-732.722656,1.0886
1551690,DLCworkshop03.esm,05003864,00031D11,SubPlatformStairs02,STAT,7074.263184,-2019.328735,-1116.722778,181.0886
1551691,DLCworkshop03.esm,05003865,00031CC2,SubPlatformCol01,STAT,6815.878418,-2142.442139,-1116.722778,181.0886
1551692,DLCworkshop03.esm,05003866,00074C62,SubPlatformColBTop02,STAT,6820.743652,-1886.487183,-1116.722778,181.0886
1551693,DLCworkshop03.esm,05003867,00074C4D,SubPlatformColBBottom01,STAT,6820.743652,-1886.487183,-1116.722778,181.0886
1551694,DLCworkshop03.esm,05003868,00074C52,SubPlatformColBMid01,STAT,6825.433594,-1804.225952,-1094.656494,0.0
1551695,DLCworkshop03.esm,05003869,00057A48,SubPlatformCol02,STAT,7066.965332,-2403.26001,-1116.722778,181.0886
1551696,DLCworkshop03.esm,0500386C,0003CF98,ExtRubble_BricksLrg_Sm_Short01,STAT,7341.032715,-1364.110352,-711.30365,355.6177
1551697,DLCworkshop03.esm,0500386D,0003CF98,ExtRubble_BricksLrg_Sm_Short01,STAT,7366.432129,-1246.782593,-686.120361,111.1385
1551698,DLCworkshop03.esm,0500386E,00039377,CaveHall1WayRamp256,STAT,2419.488525,-1677.09375,-591.840759,98.2223
1551699,DLCworkshop03.esm,0500386F,00039374,CaveHall1WayShift256L,STAT,2962.837158,-1496.947998,-719.840759,98.2223
1551700,DLCworkshop03.esm,05003870,000394ED,CaveRmWallExSm01,STAT,3342.889893,-1551.865112,-719.840759,188.2223
1551701,DLCworkshop03.esm,05003871,000394D8,CaveRmWallCorIn01,STAT,3306.278564,-1805.233643,-719.840759,98.2223
1551702,DLCworkshop03.esm,05003872,000394D8,CaveRmWallCorIn01,STAT,3379.501221,-1298.496582,-719.840759,188.2223
1551703,DLCworkshop03.esm,05003873,000394D6,CaveRmWall01,STAT,3632.869873,-1335.10791,-719.840759,278.2223
1551704,DLCworkshop03.esm,05003874,000394D8,CaveRmWallCorIn01,STAT,3886.238525,-1371.71936,-719.840759,278.2223
1551705,DLCworkshop03.esm,05003875,000394EB,CaveRmWallCorOut01,STAT,3559.647217,-1841.844971,-719.840759,188.2223
1551706,DLCworkshop03.esm,05003876,000394D8,CaveRmWallCorIn01,STAT,3523.035889,-2095.213379,-719.840759,98.2223
1551707,DLCworkshop03.esm,05003877,000394ED,CaveRmWallExSm01,STAT,3776.404053,-2131.824951,-719.840759,98.2223
1551708,DLCworkshop03.esm,05003878,000394D8,CaveRmWallCorIn01,STAT,4029.772705,-2168.436279,-719.840759,8.2223
1551709,DLCworkshop03.esm,05003879,000394D6,CaveRmWall01,STAT,4066.384033,-1915.067749,-719.840759,8.2223
1551710,DLCworkshop03.esm,0500387A,000394EB,CaveRmWallCorOut01,STAT,3849.626709,-1625.087891,-719.840759,8.2223
1551711,DLCworkshop03.esm,0500387B,000394D8,CaveRmWallCorIn01,STAT,4102.995117,-1661.699219,-719.840759,278.2223
1551712,DLCworkshop03.esm,0500387C,0003938F,CaveHall2Way01RampL64,STAT,3703.181396,-2638.562012,-719.840759,188.2223
1551713,DLCworkshop03.esm,0500387D,00039392,CaveHall2Way01RampL128Floor,STAT,3703.181396,-2638.562012,-719.840759,188.2223
1551714,DLCworkshop03.esm,0500387E,00039377,CaveHall1WayRamp256,STAT,4336.602051,-2730.090332,-911.840759,98.2223
1551715,DLCworkshop03.esm,0500387F,00039389,CaveHall1WayRamp128Floor,STAT,4336.602051,-2730.090332,-975.840759,98.2223
1551716,DLCworkshop03.esm,05003880,000394ED,CaveRmWallExSm01,STAT,4716.655273,-2785.007324,-1039.84082,188.2223
1551717,DLCworkshop03.esm,05003881,000394D8,CaveRmWallCorIn01,STAT,4753.266602,-2531.638916,-1039.84082,188.2223
1551718,DLCworkshop03.esm,05003882,000394D8,CaveRmWallCorIn01,STAT,4680.043945,-3038.375977,-1039.84082,98.2223
1551719,DLCworkshop03.esm,05003883,000394EB,CaveRmWallCorOut01,STAT,4933.412598,-3074.987305,-1039.84082,188.2223
1551720,DLCworkshop03.esm,05003884,000394D6,CaveRmWall01,STAT,4896.80127,-3328.355957,-1039.84082,188.2223
1551721,DLCworkshop03.esm,05003885,000394EB,CaveRmWallCorOut01,STAT,4860.189453,-3581.724365,-1039.84082,278.2223
1551722,DLCworkshop03.esm,05003886,000394D6,CaveRmWall01,STAT,5006.635254,-2568.250488,-1039.84082,278.2223
1551723,DLCworkshop03.esm,05003887,000394D6,CaveRmWall01,STAT,5260.003418,-2604.861816,-1039.84082,278.2223
1551724,DLCworkshop03.esm,05003888,00039376,CaveHall1WayRamp128,STAT,3329.653564,-3817.174072,-1016.457642,90.0003
1551725,DLCworkshop03.esm,05003889,00039373,CaveHall1WayShift256R,STAT,3841.653564,-3817.176758,-1080.457642,90.0003
1551726,DLCworkshop03.esm,0500388A,00039374,CaveHall1WayShift256L,STAT,4353.65332,-3817.179443,-1080.457642,90.0003
1551727,DLCworkshop03.esm,0500388B,00039389,CaveHall1WayRamp128Floor,STAT,3329.653564,-3817.174072,-1048.186768,90.0003
1551728,DLCworkshop03.esm,0500388C,00039387,CaveHall1WayShift256RFloor,STAT,3841.653564,-3817.176758,-1112.186768,90.0003
1551729,DLCworkshop03.esm,0500388D,0003938B,CaveHall1WayShift256LFloor,STAT,4353.65332,-3817.179443,-1112.186768,90.0003
1551730,DLCworkshop03.esm,0500388E,000394ED,CaveRmWallExSm01,STAT,4737.65332,-3817.181396,-1080.457642,180.0003
1551731,DLCworkshop03.esm,0500388F,000394D8,CaveRmWallCorIn01,STAT,4606.821289,-3545.112793,-1039.84082,188.2223
1551732,DLCworkshop03.esm,05003890,000394D8,CaveRmWallCorIn01,STAT,4737.651855,-4073.181396,-1080.457642,90.0003
1551733,DLCworkshop03.esm,05003891,000394D6,CaveRmWall01,STAT,4993.651855,-4073.182617,-1080.457642,90.0003
1551734,DLCworkshop03.esm,05003892,000394D6,CaveRmWall01,STAT,5249.651855,-4073.184082,-1080.457642,90.0003
1551735,DLCworkshop03.esm,05003893,00031CC2,SubPlatformCol01,STAT,5659.222168,-2376.508789,-1116.722778,181.0887
1551736,DLCworkshop03.esm,05003894,00031CC2,SubPlatformCol01,STAT,5654.358887,-2632.463379,-1116.722778,181.0887
1551737,DLCworkshop03.esm,05003895,000394D6,CaveRmWall01,STAT,5513.37207,-2641.473389,-1039.84082,278.2223
1551738,DLCworkshop03.esm,05003896,000394D6,CaveRmWall01,STAT,5505.651855,-4073.185547,-1080.457642,90.0003
1551739,DLCworkshop03.esm,05003897,000ADE7B,SubPlatformLDCap01,STAT,5651.926758,-2760.440918,-1116.722778,1.0886
1551740,DLCworkshop03.esm,05003898,000ADE7B,SubPlatformLDCap01,STAT,5656.790527,-2504.487305,-1116.722778,1.0886
1551741,DLCworkshop03.esm,05003899,000ADE7B,SubPlatformLDCap01,STAT,5647.063477,-3016.39502,-1116.722778,1.0886
1551742,DLCworkshop03.esm,0500389A,000ADE7B,SubPlatformLDCap01,STAT,5642.199707,-3272.348633,-1116.722778,1.0886
1551743,DLCworkshop03.esm,0500389B,000ADE7B,SubPlatformLDCap01,STAT,5637.335938,-3528.30249,-1116.722778,1.0886
1551744,DLCworkshop03.esm,0500389C,00039385,CaveHall1Way01Floor,STAT,1912.751465,-1603.870972,-520.972046,98.2223
1551745,DLCworkshop03.esm,0500389D,0003938A,CaveHall1WayRamp256Floor,STAT,2419.488525,-1677.09375,-648.972046,98.2223
1551746,DLCworkshop03.esm,0500389E,0003938B,CaveHall1WayShift256LFloor,STAT,2962.837158,-1496.947998,-776.972046,98.2223
1551747,DLCworkshop03.esm,0500389F,000394F1,CaveRmWallExSmFloor01,STAT,4737.65332,-3817.181396,-1112.186768,180.0003
1551748,DLCworkshop03.esm,050038A0,000394F1,CaveRmWallExSmFloor01,STAT,4716.654785,-2785.007324,-1039.84082,188.2223
1551749,DLCworkshop03.esm,050038A1,000394F1,CaveRmWallExSmFloor01,STAT,3776.404053,-2131.824707,-719.840759,98.2223
1551750,DLCworkshop03.esm,050038A2,000394F1,CaveRmWallExSmFloor01,STAT,3342.889893,-1551.865112,-776.972046,188.2223
1551751,DLCworkshop03.esm,050038A3,000394F1,CaveRmWallExSmFloor01,STAT,4029.772705,-2168.436279,-719.840759,98.2223
1551752,DLCworkshop03.esm,050038A4,000394F1,CaveRmWallExSmFloor01,STAT,3523.0354,-2095.213135,-719.840759,98.2223
1551753,DLCworkshop03.esm,050038A5,000394F1,CaveRmWallExSmFloor01,STAT,3306.278076,-1805.233643,-776.972046,188.2223
1551754,DLCworkshop03.esm,050038A6,000394F1,CaveRmWallExSmFloor01,STAT,3379.501709,-1298.496582,-776.972046,188.2223
1551755,DLCworkshop03.esm,050038A7,000394F1,CaveRmWallExSmFloor01,STAT,4680.043457,-3038.375732,-1039.84082,188.2223
1551756,DLCworkshop03.esm,050038A8,000394F1,CaveRmWallExSmFloor01,STAT,4753.266113,-2531.638916,-1039.84082,188.2223
1551757,DLCworkshop03.esm,050038A9,000394F1,CaveRmWallExSmFloor01,STAT,4737.651855,-4073.181396,-1112.186768,180.0003
1551758,DLCworkshop03.esm,050038AA,000394F1,CaveRmWallExSmFloor01,STAT,4737.654785,-3561.181396,-1112.186768,180.0003
1551759,DLCworkshop03.esm,050038AB,001BDC55,CaveRmCeiling1024v02,STAT,5121.655273,-3433.18335,-1080.457642,90.0003
1551760,DLCworkshop03.esm,050038AC,001BDC55,CaveRmCeiling1024v02,STAT,5121.661133,-2409.183594,-1080.457642,90.0003
1551761,DLCworkshop03.esm,050038AD,000394D5,CaveRmFloor512Mid01,STAT,5377.652344,-3945.184814,-1144.457642,90.0003
1551762,DLCworkshop03.esm,050038AE,000394D5,CaveRmFloor512Mid01,STAT,4865.652832,-3945.182129,-1144.457642,90.0003
1551763,DLCworkshop03.esm,050038AF,000394D5,CaveRmFloor512Mid01,STAT,4865.655762,-3433.182129,-1144.457642,90.0003
1551764,DLCworkshop03.esm,050038B0,000394D5,CaveRmFloor512Mid01,STAT,5377.655273,-3433.184814,-1144.457642,90.0003
1551765,DLCworkshop03.esm,050038B1,000394D5,CaveRmFloor512Mid01,STAT,4865.658691,-2921.182373,-1144.457642,90.0003
1551766,DLCworkshop03.esm,050038B2,000394D5,CaveRmFloor512Mid01,STAT,5377.658203,-2921.185059,-1144.457642,90.0003
1551767,DLCworkshop03.esm,050038B3,000394D5,CaveRmFloor512Mid01,STAT,4865.661621,-2409.182373,-1144.457642,90.0003
1551768,DLCworkshop03.esm,050038B4,000394D5,CaveRmFloor512Mid01,STAT,5377.661133,-2409.185059,-1144.457642,90.0003
1551769,DLCworkshop03.esm,050038B5,000394D5,CaveRmFloor512Mid01,STAT,4895.282227,-2681.69751,-1102.6073,100.423
1551770,DLCworkshop03.esm,050038B6,000394D5,CaveRmFloor512Mid01,STAT,4804.908203,-3185.358154,-1119.996826,100.423
1551771,DLCworkshop03.esm,050038B7,000394D6,CaveRmWall01,STAT,4737.654785,-3561.181396,-1080.457642,180.0003
1551772,DLCworkshop03.esm,050038B8,000394D5,CaveRmFloor512Mid01,STAT,4880.471191,-3992.885986,-1140.269043,268.7968
1551773,DLCworkshop03.esm,050038B9,000394D5,CaveRmFloor512Mid01,STAT,4869.791504,-3480.999023,-1139.030029,268.7968
1551774,DLCworkshop03.esm,050038BA,000394D5,CaveRmFloor512Mid01,STAT,4859.111816,-2969.111816,-1137.791016,268.7968
1551775,DLCworkshop03.esm,050038BB,0004F14E,CaveColmRockTall,STAT,4722.615234,-3449.142334,-1083.186523,338.0337
1551776,DLCworkshop03.esm,050038BC,0004F14E,CaveColmRockTall,STAT,5567.918457,-3404.105713,-1041.454102,179.8332
1551777,DLCworkshop03.esm,050038BD,0004F14E,CaveColmRockTall,STAT,4647.504883,-3515.412354,-1125.900879,238.4873
1551778,DLCworkshop03.esm,050038BE,0004F14F,CaveColmRockBase,STAT,4683.393066,-3517.452637,-1210.395508,0.0
1551779,DLCworkshop03.esm,050038BF,0004F14F,CaveColmRockBase,STAT,5560.661133,-3407.146729,-1220.118164,138.1687
1551780,DLCworkshop03.esm,050038C0,0003CFAF,ExtRubble_BricksLrg_Tiny_Mid01,STAT,5775.004883,-3421.022461,-1116.687866,332.5383
1551781,DLCworkshop03.esm,050038C1,0003CFA2,ExtRubble_BricksLrg_Sm_ShortHalf01,STAT,5600.529785,-3883.075439,-1186.416626,332.5383
1551782,DLCworkshop03.esm,050038C2,0003CFA2,ExtRubble_BricksLrg_Sm_ShortHalf01,STAT,5727.595215,-3622.913086,-1186.416626,29.8341
1551783,DLCworkshop03.esm,050038C3,0003CFA2,ExtRubble_BricksLrg_Sm_ShortHalf01,STAT,5702.161621,-2678.272461,-1186.416626,323.9438
1551784,DLCworkshop03.esm,050038C4,0004F14E,CaveColmRockTall,STAT,5576.339844,-2969.474365,-1041.454102,257.3714
1551785,DLCworkshop03.esm,050038C5,000394D6,CaveRmWall01,STAT,5413.209473,-3075.441406,-1043.503784,358.4988
1551786,DLCworkshop03.esm,050038C6,000394D6,CaveRmWall01,STAT,5419.916016,-3331.353516,-1043.503784,358.4988
1551787,DLCworkshop03.esm,050038C7,0004F14E,CaveColmRockTall,STAT,5563.302246,-4189.341309,-1041.445801,179.804
1551788,DLCworkshop03.esm,050038C8,0004F14E,CaveColmRockTall,STAT,4765.139648,-3185.975098,-1083.186523,359.8519
1551789,DLCworkshop03.esm,050038C9,0004F14F,CaveColmRockBase,STAT,4764.631836,-3173.218018,-1233.641479,229.7338
1551790,DLCworkshop03.esm,050038CA,0004F14E,CaveColmRockTall,STAT,4575.009766,-2908.189209,-1008.860046,160.4282
1551791,DLCworkshop03.esm,050038CB,0004F14F,CaveColmRockBase,STAT,4543.159668,-2932.539062,-1154.822144,229.7338
1551792,DLCworkshop03.esm,050038CC,0003CF9C,ExtRubble_BricksLrg_Tiny_Short02,STAT,5784.852051,-2784.316895,-1119.976685,350.2141
1551793,DLCworkshop03.esm,050038CD,0003CFA2,ExtRubble_BricksLrg_Sm_ShortHalf01,STAT,6091.063965,-3087.338867,-622.62146,270.0
1551794,DLCworkshop03.esm,050038CF,00144AC9,ExtRubble_Plain_Sm_Mid06,STAT,6192.229492,-5779.168945,-1258.069092,18.1521
1551795,DLCworkshop03.esm,050038D1,00067A2A,BldConcSmCeilOnly01,STAT,6465.084473,-7128.678223,-924.722778,181.0887
1551796,DLCworkshop03.esm,050038D2,00067A2A,BldConcSmCeilOnly01,STAT,6469.950684,-6872.725098,-924.722778,181.0887
1551797,DLCworkshop03.esm,050038D3,00067A2A,BldConcSmCeilOnly01,STAT,6725.900879,-6877.587891,-924.722778,181.0887
1551798,DLCworkshop03.esm,050038D4,00067A2A,BldConcSmCeilOnly01,STAT,6721.037598,-7133.541504,-924.722778,181.0887
1551799,DLCworkshop03.esm,050038D5,00067A2A,BldConcSmCeilOnly01,STAT,6730.76709,-6621.633789,-924.722778,181.0887
1551800,DLCworkshop03.esm,050038D6,00067A2A,BldConcSmCeilOnly01,STAT,6735.628418,-6365.677734,-924.722778,181.0887
1551801,DLCworkshop03.esm,050038D7,00067A2A,BldConcSmCeilOnly01,STAT,6479.674316,-6360.817383,-924.722778,181.0887
1551802,DLCworkshop03.esm,050038D8,00067A2A,BldConcSmCeilOnly01,STAT,6474.812988,-6616.77002,-924.722778,181.0887
1551803,DLCworkshop03.esm,050038E2,00034526,SubLTunnel01,STAT,-3447.999756,8104.000977,-48.0,270.0001
1551804,DLCworkshop03.esm,050038E3,00034526,SubLTunnel01,STAT,-3959.999756,8104.001953,-48.0,270.0001
1551805,DLCworkshop03.esm,050038E7,050041DA,DLC06UnScrapableRail01,SCOL,-5464.001953,8096.002441,-272.0,269.8542
1551806,DLCworkshop03.esm,050038E8,000349BE,SubLTunnelRamp02,STAT,-8312.001953,8096.007324,-560.0,270.0001
1551807,DLCworkshop03.esm,050038E9,050041DA,DLC06UnScrapableRail01,SCOL,-6482.133301,8095.675781,-278.83432,270.0001
1551808,DLCworkshop03.esm,050038ED,050015EC,VltWorkShopTrainTunnel02_JJCap01,STAT,-9576.0,8296.011719,-624.0,270.0001
1551809,DLCworkshop03.esm,050038EE,05000838,VltWorkShopCavePillar01Low,STAT,-8906.418945,3704.017822,-1161.121826,264.0071
1551810,DLCworkshop03.esm,050038EF,0500083A,VltWorkShopCavePillar03Top,STAT,-8906.418945,3704.017822,-1252.658081,264.0071
1551811,DLCworkshop03.esm,050038F0,000FDBA1,RockCliff07,STAT,-8710.043945,4237.897949,-920.762573,236.814
1551812,DLCworkshop03.esm,050038F1,0500083A,VltWorkShopCavePillar03Top,STAT,-9263.746094,5638.646484,-865.548401,133.573
1551813,DLCworkshop03.esm,050038F2,05000838,VltWorkShopCavePillar01Low,STAT,-9253.84082,5640.172852,-1052.874878,133.573
1551814,DLCworkshop03.esm,050038F3,0003299A,RockCliff03,STAT,-9244.413086,4313.848633,661.735229,172.8736
1551815,DLCworkshop03.esm,050038F4,0003299A,RockCliff03,STAT,-9628.208984,4043.478271,-740.061279,274.6077
1551816,DLCworkshop03.esm,050038F5,05000845,VltWorkShopCaveTunnel02Right,STAT,-7638.1875,6895.48877,128.0,90.0
1551817,DLCworkshop03.esm,050038F6,000540CB,VltRmPodRoofCorOutTallHalf01,STAT,-9182.901367,8488.011719,80.0,180.0001
1551818,DLCworkshop03.esm,050038F7,0005F2AF,VltLgRmShellCorOutMid01,STAT,-9438.900391,8744.010742,-176.0,180.0001
1551819,DLCworkshop03.esm,050038F8,0005F2AF,VltLgRmShellCorOutMid01,STAT,-9438.900391,8744.010742,-432.0,180.0001
1551820,DLCworkshop03.esm,050038F9,0005F2AF,VltLgRmShellCorOutMid01,STAT,-9438.900391,8752.504883,-688.0,180.0001
1551821,DLCworkshop03.esm,050038FA,000247F5,IndFrame512x512EmptyShape01,STAT,-9342.901367,8104.013672,-688.0,0.0001
1551822,DLCworkshop03.esm,050038FB,000247F3,IndFrame512x256XShape01,STAT,-9342.901367,8104.013672,-176.0,0.0001
1551823,DLCworkshop03.esm,050038FC,0005F874,VltLgRmShellWallMidWide01,STAT,-9438.900391,8104.011719,-176.0,90.0001
1551824,DLCworkshop03.esm,050038FD,000540CB,VltRmPodRoofCorOutTallHalf01,STAT,-9125.667969,7848.010742,184.0,90.0001
1551825,DLCworkshop03.esm,050038FE,000540CB,VltRmPodRoofCorOutTallHalf01,STAT,-9125.667969,7848.010742,184.0,180.0001
1551826,DLCworkshop03.esm,05003901,000540C6,VltRmPodRoofTrimTallWide02,STAT,-9182.900391,8104.011719,80.0,90.0001
1551827,DLCworkshop03.esm,05003902,000540C9,VltRmPodRoofTrimTallHalf01,STAT,-9182.901367,8360.011719,80.0,90.0001
1551828,DLCworkshop03.esm,05003903,000540CB,VltRmPodRoofCorOutTallHalf01,STAT,-9125.667969,8360.011719,184.0,180.0001
1551829,DLCworkshop03.esm,05003904,000540DB,VltRmPodRoofTrimTall01,STAT,-9054.902344,8488.011719,80.0,180.0002
1551830,DLCworkshop03.esm,05003905,000540CB,VltRmPodRoofCorOutTallHalf01,STAT,-9125.667969,8360.011719,184.0,90.0001
1551831,DLCworkshop03.esm,05003906,0005415D,VltRmPodRoofWide02,STAT,-9054.900391,8104.012695,160.0,90.0001
1551832,DLCworkshop03.esm,05003908,0005415D,VltRmPodRoofWide02,STAT,-8798.901367,8104.011719,160.0,90.0001
1551833,DLCworkshop03.esm,0500390B,0005F2AF,VltLgRmShellCorOutMid01,STAT,-9438.901367,7464.011719,-176.0,90.0001
1551834,DLCworkshop03.esm,0500390C,0005F2AF,VltLgRmShellCorOutMid01,STAT,-9438.901367,7464.011719,-432.0,90.0001
1551835,DLCworkshop03.esm,0500390D,0005F2AF,VltLgRmShellCorOutMid01,STAT,-9438.901367,7445.11377,-688.0,90.0001
1551836,DLCworkshop03.esm,0500390E,000540C9,VltRmPodRoofTrimTallHalf01,STAT,-9182.900391,7720.01123,80.0,90.0001
1551837,DLCworkshop03.esm,0500390F,000540CB,VltRmPodRoofCorOutTallHalf01,STAT,-9182.900391,7720.01123,80.0,90.0001
1551838,DLCworkshop03.esm,05003910,000540DB,VltRmPodRoofTrimTall01,STAT,-9054.900391,7720.01123,80.0,0.0002
1551839,DLCworkshop03.esm,05003911,05000845,VltWorkShopCaveTunnel02Right,STAT,-8143.52832,8057.678223,-224.560562,90.0001
1551840,DLCworkshop03.esm,05003912,05000844,VltWorkShopCaveTunnel01Left,STAT,-8187.519043,8084.131836,-246.69664,90.0001
1551841,DLCworkshop03.esm,05003913,05000836,VltWorkShopCaveFloor01,STAT,-9911.711914,8044.80957,-611.269226,0.0
1551842,DLCworkshop03.esm,05003914,0003299A,RockCliff03,STAT,-9667.390625,6838.637695,-1147.283447,71.6197
1551843,DLCworkshop03.esm,05003915,05000844,VltWorkShopCaveTunnel01Left,STAT,-10203.704102,8347.476562,-83.29425,90.0001
1551844,DLCworkshop03.esm,05003916,0003299A,RockCliff03,STAT,-9172.724609,4350.220215,-921.490601,37.2423
1551845,DLCworkshop03.esm,05003917,0003299A,RockCliff03,STAT,-9127.69043,6705.147461,103.37323,3.4293
1551846,DLCworkshop03.esm,05003918,05000836,VltWorkShopCaveFloor01,STAT,-9911.711914,6636.80957,-779.348877,0.0
1551847,DLCworkshop03.esm,05003919,05000836,VltWorkShopCaveFloor01,STAT,-11959.711914,6636.80957,-779.348877,0.0
1551848,DLCworkshop03.esm,0500391A,05000836,VltWorkShopCaveFloor01,STAT,-11959.711914,8684.80957,-779.348877,0.0
1551849,DLCworkshop03.esm,0500391B,0003299A,RockCliff03,STAT,-10920.805664,8861.208984,-1147.283447,71.6197
1551850,DLCworkshop03.esm,0500391C,00038593,RockCliff05,STAT,-10537.452148,6701.927246,-1087.994995,146.1042
1551851,DLCworkshop03.esm,0500391D,0003299A,RockCliff03,STAT,-10961.9375,7937.227539,-1147.283447,152.6932
1551852,DLCworkshop03.esm,0500391E,0500082F,VltWorkShopCaveCorIn03Top,STAT,-12059.704102,8347.478516,-787.29425,0.0001
1551853,DLCworkshop03.esm,0500391F,05000848,VltWorkShopCaveWall03Top,STAT,-12059.707031,6299.478516,-787.29425,270.0001
1551854,DLCworkshop03.esm,05003920,0500082F,VltWorkShopCaveCorIn03Top,STAT,-12059.708984,4251.478516,-787.29425,270.0001
1551855,DLCworkshop03.esm,05003921,05000848,VltWorkShopCaveWall03Top,STAT,-12365.396484,5082.741699,-787.29425,180.0001
1551856,DLCworkshop03.esm,05003922,05000848,VltWorkShopCaveWall03Top,STAT,-10317.396484,5082.736816,-787.29425,180.0001
1551857,DLCworkshop03.esm,05003923,05000836,VltWorkShopCaveFloor01,STAT,-9911.711914,4588.80957,-779.348877,0.0
1551858,DLCworkshop03.esm,05003924,05000836,VltWorkShopCaveFloor01,STAT,-11959.711914,4588.80957,-779.348877,0.0
1551859,DLCworkshop03.esm,05003925,0003299A,RockCliff03,STAT,-8857.37207,5956.34375,-349.909668,208.4971
1551860,DLCworkshop03.esm,05003926,0003299A,RockCliff03,STAT,-11119.051758,8754.938477,634.51709,180.0339
1551861,DLCworkshop03.esm,05003927,0003299A,RockCliff03,STAT,-10007.310547,6828.294922,749.827759,265.9775
1551862,DLCworkshop03.esm,05003928,0003299A,RockCliff03,STAT,-10628.428711,6533.558105,749.827759,42.5239
1551863,DLCworkshop03.esm,05003929,0001F785,RockCliff02,STAT,-12431.904297,8964.432617,1102.476929,42.5239
1551864,DLCworkshop03.esm,0500392A,0001F785,RockCliff02,STAT,-11666.432617,6824.754395,989.174072,311.8141
1551865,DLCworkshop03.esm,0500392D,00039385,CaveHall1Way01Floor,STAT,-10546.367188,-1810.387085,-877.738525,229.2576
1551866,DLCworkshop03.esm,0500392E,0004F100,CaveMoundRocksMed04,STAT,-6812.32959,-4400.228516,162.617493,213.9926
1551867,DLCworkshop03.esm,0500392F,05002505,DLC06CaveHallArch01,STAT,-6955.697266,-4058.947021,98.617477,254.4391
1551868,DLCworkshop03.esm,05003930,0004F100,CaveMoundRocksMed04,STAT,-7005.639648,-3641.022217,162.617493,106.5605
1551869,DLCworkshop03.esm,05003931,00039371,CaveHall1Way01,STAT,-7202.317871,-4127.618652,98.617477,254.4391
1551870,DLCworkshop03.esm,05003932,00039385,CaveHall1Way01Floor,STAT,-7202.318359,-4127.618652,76.879074,254.4391
1551871,DLCworkshop03.esm,05003933,05000845,VltWorkShopCaveTunnel02Right,STAT,-7651.453125,-4244.386719,-45.382519,254.4392
1551872,DLCworkshop03.esm,05003934,050036B5,VltWorkShopCaveTunnel01LeftHALF,STAT,-7260.714844,-4398.289551,126.202133,264.3227
1551873,DLCworkshop03.esm,05003935,00039371,CaveHall1Way01,STAT,-7695.550781,-4264.96875,98.617477,254.4391
1551874,DLCworkshop03.esm,05003936,0003937A,CaveHall2Way01,STAT,-8312.092773,-4436.65625,98.617477,254.4391
1551875,DLCworkshop03.esm,05003937,0003938E,CaveHall2Way01Floor,STAT,-8312.092773,-4436.656738,76.879074,254.4391
1551876,DLCworkshop03.esm,05003938,00039385,CaveHall1Way01Floor,STAT,-7695.55127,-4264.96875,76.879074,254.4391
1551877,DLCworkshop03.esm,05003939,00039395,CaveHall2Way01RampR128,STAT,-8106.067383,-5176.506348,98.617477,164.4391
1551878,DLCworkshop03.esm,0500393A,00039396,CaveHall2Way01RampR128Floor,STAT,-8106.067383,-5176.506348,76.879074,164.4391
1551879,DLCworkshop03.esm,0500393B,00039374,CaveHall1WayShift256L,STAT,-10767.204102,-2338.507324,-856.000122,229.2576
1551880,DLCworkshop03.esm,0500393C,0003938B,CaveHall1WayShift256LFloor,STAT,-10767.204102,-2338.507324,-877.738525,229.2576
1551881,DLCworkshop03.esm,0500393D,0003937A,CaveHall2Way01,STAT,-11252.101562,-2756.208984,-856.000122,229.2576
1551882,DLCworkshop03.esm,0500393E,0003938E,CaveHall2Way01Floor,STAT,-11252.101562,-2756.208984,-877.738525,229.2576
1551883,DLCworkshop03.esm,0500393F,00039373,CaveHall1WayShift256R,STAT,-10834.400391,-3241.106201,-856.000122,139.2577
1551884,DLCworkshop03.esm,05003940,00039387,CaveHall1WayShift256RFloor,STAT,-10834.400391,-3241.106201,-877.738525,139.2577
1551885,DLCworkshop03.esm,05003941,00039377,CaveHall1WayRamp256,STAT,-10694.198242,-3796.104736,-728.000122,319.2577
1551886,DLCworkshop03.esm,05003942,0003938A,CaveHall1WayRamp256Floor,STAT,-10694.198242,-3796.104736,-749.738525,319.2577
1551887,DLCworkshop03.esm,05003943,00023FB2,SteamTBgRoomBrickFreeDoor03,STAT,-8570.675781,-5295.879395,-570.765015,164.4392
1551888,DLCworkshop03.esm,05003944,00023F97,SteamTBrickFreeDoor01,STAT,-8488.574219,-5270.168457,-24.798229,254.4391
1551889,DLCworkshop03.esm,05003945,00023FAF,SteamTBgRoomBrickFreeCorner01,STAT,-8502.000977,-5542.496094,-570.242432,164.4392
1551890,DLCworkshop03.esm,05003946,00023FBA,SteamTBgRoomBrickFreeWall01,STAT,-8748.617188,-5611.170898,-570.242432,254.4392
1551891,DLCworkshop03.esm,05003947,00023FB3,SteamTBgRoomBrickFreeDoor04,STAT,-8995.234375,-5679.846191,-570.242432,254.4392
1551892,DLCworkshop03.esm,05003948,00023FAF,SteamTBgRoomBrickFreeCorner01,STAT,-9241.850586,-5748.520996,-570.242432,254.4392
1551893,DLCworkshop03.esm,05003949,00023FB2,SteamTBgRoomBrickFreeDoor03,STAT,-9379.201172,-5255.286621,-570.242432,344.4392
1551894,DLCworkshop03.esm,0500394A,00023FBA,SteamTBgRoomBrickFreeWall01,STAT,-9310.524414,-5501.904297,-570.242432,344.4392
1551895,DLCworkshop03.esm,0500394B,00023FAF,SteamTBgRoomBrickFreeCorner01,STAT,-9447.875977,-5008.670898,-570.242432,344.4392
1551896,DLCworkshop03.esm,0500394C,00023FAF,SteamTBgRoomBrickFreeCorner01,STAT,-8639.350586,-5049.262695,-570.242432,74.4392
1551897,DLCworkshop03.esm,0500394D,00023FBA,SteamTBgRoomBrickFreeWall01,STAT,-9201.258789,-4939.996094,-570.242432,74.4392
1551898,DLCworkshop03.esm,0500394E,00023FAF,SteamTBgRoomBrickFreeCorner01,STAT,-8954.642578,-4871.321289,-570.242432,74.4392
1551899,DLCworkshop03.esm,0500394F,00023FB9,SteamTBgRoomBrickFreeICorner01,STAT,-8885.967773,-5117.9375,-570.242432,164.4392
1551900,DLCworkshop03.esm,0500395F,00023FAE,SteamTBgRoomBrickFlrOnlyBg01,STAT,-8796.99707,-4960.291504,-58.242435,74.4392
1551901,DLCworkshop03.esm,05003960,00023FAE,SteamTBgRoomBrickFlrOnlyBg01,STAT,-8659.646484,-5453.524902,-58.242435,74.4392
1551902,DLCworkshop03.esm,05003961,00023FAE,SteamTBgRoomBrickFlrOnlyBg01,STAT,-9152.879883,-5590.875,-58.242435,74.4392
1551903,DLCworkshop03.esm,05003962,00023FAE,SteamTBgRoomBrickFlrOnlyBg01,STAT,-9290.230469,-5097.641602,-58.242435,74.4392
1551904,DLCworkshop03.esm,05003963,00023FBF,SteamTBgRoomBrickPillar01,STAT,-9019.423828,-5354.40625,-572.253235,164.4392
1551905,DLCworkshop03.esm,05003965,05001B92,DLC06BldWoodBSmFlrPlat01,STAT,-8995.234375,-5679.846191,197.587433,74.4392
1551906,DLCworkshop03.esm,05003966,05001B92,DLC06BldWoodBSmFlrPlat01,STAT,-9241.850586,-5748.520996,197.587433,74.4392
1551907,DLCworkshop03.esm,05003967,05001B92,DLC06BldWoodBSmFlrPlat01,STAT,-9310.525391,-5501.904297,197.587433,74.4392
1551908,DLCworkshop03.esm,05003968,05001B95,DLC06BldWoodBSmFlrPlatHole03,STAT,-9063.90918,-5433.229492,197.587433,254.4392
1551909,DLCworkshop03.esm,05003969,00023FB4,SteamTBgRoomBrickFreeDoorArch01,STAT,-9503.231445,-5287.987793,-58.242435,164.4392
1551910,DLCworkshop03.esm,0500396A,000234BE,SteamTMetalMedBeam02,STAT,-8899.116211,-5749.957031,396.133911,344.1576
1551911,DLCworkshop03.esm,0500396B,05001B92,DLC06BldWoodBSmFlrPlat01,STAT,-9310.525391,-5501.904297,453.591187,74.4392
1551912,DLCworkshop03.esm,0500396C,05001B92,DLC06BldWoodBSmFlrPlat01,STAT,-9241.850586,-5748.520996,453.591187,74.4392
1551913,DLCworkshop03.esm,0500396D,05001B92,DLC06BldWoodBSmFlrPlat01,STAT,-9063.908203,-5433.229492,453.591187,74.4392
1551914,DLCworkshop03.esm,0500396E,05001B92,DLC06BldWoodBSmFlrPlat01,STAT,-8995.233398,-5679.846191,453.591187,74.4392
1551915,DLCworkshop03.esm,0500396F,05001B92,DLC06BldWoodBSmFlrPlat01,STAT,-8817.291992,-5364.554688,453.591187,74.4392
1551916,DLCworkshop03.esm,05003970,05001B92,DLC06BldWoodBSmFlrPlat01,STAT,-8748.617188,-5611.171387,453.591187,74.4392
1551917,DLCworkshop03.esm,05003972,05001B92,DLC06BldWoodBSmFlrPlat01,STAT,-8502.000977,-5542.496582,453.591187,74.4392
1551918,DLCworkshop03.esm,05003974,05001B92,DLC06BldWoodBSmFlrPlat01,STAT,-8954.641602,-4871.321289,453.591187,74.4392
1551919,DLCworkshop03.esm,05003977,05001B92,DLC06BldWoodBSmFlrPlat01,STAT,-9201.257812,-4939.996094,453.591187,74.4392
1551920,DLCworkshop03.esm,05003978,05001B92,DLC06BldWoodBSmFlrPlat01,STAT,-9447.875,-5008.670898,453.591187,74.4392
1551921,DLCworkshop03.esm,05003979,05001B92,DLC06BldWoodBSmFlrPlat01,STAT,-9379.200195,-5255.287598,453.591187,74.4392
1551922,DLCworkshop03.esm,0500397A,000234B0,SteamTMetalMedBeam03,STAT,-9165.023438,-4821.766602,291.208649,164.3812
1551923,DLCworkshop03.esm,0500397B,000234B0,SteamTMetalMedBeam03,STAT,-8485.857422,-5213.378418,293.948059,255.1951
1551924,DLCworkshop03.esm,0500397C,05001B92,DLC06BldWoodBSmFlrPlat01,STAT,-9379.200195,-5255.287598,197.587433,74.4392
1551925,DLCworkshop03.esm,0500397D,05001B92,DLC06BldWoodBSmFlrPlat01,STAT,-9447.875,-5008.670898,197.587433,74.4392
1551926,DLCworkshop03.esm,0500397E,00076C51,BldWoodBSmStairsHalf03,STAT,-9201.258789,-4939.996094,-58.242435,74.4392
1551927,DLCworkshop03.esm,0500397F,00076CCC,BldWoodBSmWallPillar01,STAT,-9221.554688,-5344.258301,-58.242435,74.4392
1551928,DLCworkshop03.esm,05003980,00076C32,BldWoodBSmFlrPlatTrimEdge01,STAT,-9447.875,-5008.670898,197.757568,344.4392
1551929,DLCworkshop03.esm,05003981,00076C32,BldWoodBSmFlrPlatTrimEdge01,STAT,-9379.200195,-5255.287598,197.757568,344.4392
1551930,DLCworkshop03.esm,05003982,00076C32,BldWoodBSmFlrPlatTrimEdge01,STAT,-9063.90918,-5433.229492,197.757568,254.4392
1551931,DLCworkshop03.esm,05003983,00076C32,BldWoodBSmFlrPlatTrimEdge01,STAT,-9063.90918,-5433.229492,197.757568,344.4392
1551932,DLCworkshop03.esm,05003984,00076C32,BldWoodBSmFlrPlatTrimEdge01,STAT,-8995.233398,-5679.846191,197.757568,344.4392
1551933,DLCworkshop03.esm,05003985,00076C35,BldWoodBSmFlrPlatTrimFreeCorner01,STAT,-9063.90918,-5433.229492,197.757568,254.4392
1551934,DLCworkshop03.esm,05003986,00076C81,BldWoodBSmRailStraight02,STAT,-8979.820312,-5675.553711,197.757568,164.4392
1551935,DLCworkshop03.esm,05003987,00076C82,BldWoodBSmRailStraight03,STAT,-9048.495117,-5428.937012,197.757568,164.4392
1551936,DLCworkshop03.esm,05003988,00076C85,BldWoodBSmRailStraightMeetWall01,STAT,-9068.201172,-5417.815918,197.757568,74.4392
1551937,DLCworkshop03.esm,05003989,00076CCC,BldWoodBSmWallPillar01,STAT,-9303.543945,-5055.560059,-58.835209,74.4392
1551938,DLCworkshop03.esm,0500398A,00076C6C,BldWoodBSmRailCornerOut01,STAT,-8885.966797,-5117.937988,197.757568,344.4393
1551939,DLCworkshop03.esm,0500398B,00076C6C,BldWoodBSmRailCornerOut01,STAT,-9299.404297,-5482.19873,197.757568,164.4392
1551940,DLCworkshop03.esm,0500398C,00076C8A,BldWoodBSmRailBroke01,STAT,-9380.956055,-5189.341309,197.757568,164.4392
1551941,DLCworkshop03.esm,0500398D,00076C8B,BldWoodBSmRailBroke02,STAT,-9368.079102,-5235.582031,197.757568,164.4392
1551942,DLCworkshop03.esm,0500398E,00023FDB,SteamTBgRoomBrickDoor04,STAT,-9638.598633,-5324.074707,-822.646545,164.4392
1551943,DLCworkshop03.esm,0500398F,00024025,SteamTBgRoomBrickCutWall04,STAT,-9638.598633,-5324.074707,-822.646545,254.4392
1551944,DLCworkshop03.esm,05003990,00024024,SteamTBgRoomBrickCutWall03,STAT,-9638.598633,-5324.074707,-822.646545,254.4392
1551945,DLCworkshop03.esm,05003991,00024022,SteamTBgRoomBrickCutWall01,STAT,-9638.598633,-5324.074707,-822.646545,254.4392
1551946,DLCworkshop03.esm,05003994,00024022,SteamTBgRoomBrickCutWall01,STAT,-9885.214844,-5392.749512,-822.646545,254.4392
1551947,DLCworkshop03.esm,05003995,00024023,SteamTBgRoomBrickCutWall02,STAT,-9885.214844,-5392.749512,-822.646545,254.4392
1551948,DLCworkshop03.esm,05003996,00024024,SteamTBgRoomBrickCutWall03,STAT,-9885.214844,-5392.749512,-822.646545,254.4392
1551949,DLCworkshop03.esm,05003997,00024025,SteamTBgRoomBrickCutWall04,STAT,-9885.214844,-5392.749512,-822.646545,254.4392
1551950,DLCworkshop03.esm,05003999,00024022,SteamTBgRoomBrickCutWall01,STAT,-9879.049805,-5414.88916,-822.646545,344.4392
1551951,DLCworkshop03.esm,0500399A,00024023,SteamTBgRoomBrickCutWall02,STAT,-9879.049805,-5414.88916,-822.646545,344.4392
1551952,DLCworkshop03.esm,0500399B,00024024,SteamTBgRoomBrickCutWall03,STAT,-9879.049805,-5414.88916,-822.646545,344.4392
1551953,DLCworkshop03.esm,0500399C,00024025,SteamTBgRoomBrickCutWall04,STAT,-9879.049805,-5414.88916,-822.646545,344.4392
1551954,DLCworkshop03.esm,0500399E,00024022,SteamTBgRoomBrickCutWall01,STAT,-9947.724609,-5168.272461,-822.646545,344.4392
1551955,DLCworkshop03.esm,0500399F,00024023,SteamTBgRoomBrickCutWall02,STAT,-9947.724609,-5168.272461,-822.646545,344.4392
1551956,DLCworkshop03.esm,050039A0,00024024,SteamTBgRoomBrickCutWall03,STAT,-9947.724609,-5168.272461,-822.646545,344.4392
1551957,DLCworkshop03.esm,050039A1,00024025,SteamTBgRoomBrickCutWall04,STAT,-9947.724609,-5168.272461,-822.646545,344.4392
1551958,DLCworkshop03.esm,050039A3,00024022,SteamTBgRoomBrickCutWall01,STAT,-10022.564453,-4899.516113,-822.646545,74.4392
1551959,DLCworkshop03.esm,050039A4,00024024,SteamTBgRoomBrickCutWall03,STAT,-10022.564453,-4899.516113,-822.646545,74.4392
1551960,DLCworkshop03.esm,050039A5,00024025,SteamTBgRoomBrickCutWall04,STAT,-10022.564453,-4899.516113,-822.646545,74.4392
1551961,DLCworkshop03.esm,050039A7,00024022,SteamTBgRoomBrickCutWall01,STAT,-9775.948242,-4830.841309,-822.646545,74.4392
1551962,DLCworkshop03.esm,050039A8,00024023,SteamTBgRoomBrickCutWall02,STAT,-9775.948242,-4830.841309,-822.646545,74.4392
1551963,DLCworkshop03.esm,050039A9,00024024,SteamTBgRoomBrickCutWall03,STAT,-9775.948242,-4830.841309,-822.646545,74.4392
1551964,DLCworkshop03.esm,050039AA,00024025,SteamTBgRoomBrickCutWall04,STAT,-9775.948242,-4830.841309,-822.646545,74.4392
1551965,DLCworkshop03.esm,050039AC,00024022,SteamTBgRoomBrickCutWall01,STAT,-9720.410156,-5096.958008,-822.646545,155.9881
1551966,DLCworkshop03.esm,050039AD,00024023,SteamTBgRoomBrickCutWall02,STAT,-9720.410156,-5096.958008,-822.646545,155.9881
1551967,DLCworkshop03.esm,050039AE,00024024,SteamTBgRoomBrickCutWall03,STAT,-9720.410156,-5096.958008,-822.646545,155.9881
1551968,DLCworkshop03.esm,050039AF,00024025,SteamTBgRoomBrickCutWall04,STAT,-9720.410156,-5096.958008,-822.646545,155.9881
1551969,DLCworkshop03.esm,050039B0,00163A9D,IndustrialMachine30,SCOL,-8789.990234,-5711.177246,-157.185654,164.4392
1551970,DLCworkshop03.esm,050039B2,000201AC,IndustrialMachine45B,SCOL,-9292.012695,-5750.158203,-60.513954,345.1497
1551971,DLCworkshop03.esm,050039B3,00067A93,BldConcSmWallPlugADoor01,STAT,-8961.824219,-5772.180664,197.757568,254.4392
1551972,DLCworkshop03.esm,050039B4,00067ABA,BldConcSmWallCorner01,STAT,-9085.130859,-5806.517578,197.757568,344.4393
1551973,DLCworkshop03.esm,050039B5,00067ABA,BldConcSmWallCorner01,STAT,-8838.514648,-5737.843262,197.757568,74.4392
1551974,DLCworkshop03.esm,050039B6,00067A95,BldConcSmWallScktA01,STAT,-8996.160156,-5648.87207,197.757568,254.4392
1551975,DLCworkshop03.esm,050039B7,00067A95,BldConcSmWallScktA01,STAT,-8927.487305,-5895.489258,197.757568,74.4393
1551976,DLCworkshop03.esm,050039B8,05001B94,DLC06BldConcSmFlrOnly01,STAT,-9036.754883,-6457.397461,325.757568,164.4392
1551977,DLCworkshop03.esm,050039B9,05001B94,DLC06BldConcSmFlrOnly01,STAT,-8790.137695,-6388.722656,325.757568,164.4392
1551978,DLCworkshop03.esm,050039BA,00067AA6,BldConcSmWall01,STAT,-9036.754883,-6457.397461,325.757568,254.4391
1551979,DLCworkshop03.esm,050039BB,00067AA6,BldConcSmWall01,STAT,-8790.137695,-6388.722656,325.757568,164.4392
1551980,DLCworkshop03.esm,050039BC,00067AA6,BldConcSmWall01,STAT,-8790.137695,-6388.722656,325.757568,254.4391
1551981,DLCworkshop03.esm,050039BD,00067AA6,BldConcSmWall01,STAT,-9036.754883,-6457.397461,325.757568,344.4391
1551982,DLCworkshop03.esm,050039BF,00076C67,BldWoodBSmCeilOnly01,STAT,-8790.137695,-6388.722656,325.757568,74.4392
1551983,DLCworkshop03.esm,050039C0,00067A24,BldConcSmStairsShort01,STAT,-9105.429688,-6210.780762,325.757568,164.4392
1551984,DLCworkshop03.esm,050039C1,00067A24,BldConcSmStairsShort01,STAT,-8858.8125,-6142.105957,197.757568,344.4391
1551985,DLCworkshop03.esm,050039C2,00067AB7,BldConcSmWall128Up02,STAT,-8858.8125,-6142.105957,197.757568,344.4391
1551986,DLCworkshop03.esm,050039C3,00067AB7,BldConcSmWall128Up02,STAT,-9105.429688,-6210.780762,325.757568,164.4392
1551987,DLCworkshop03.esm,050039C6,00067ABA,BldConcSmWallCorner01,STAT,-8947.783203,-6299.751465,325.757568,254.4391
1551988,DLCworkshop03.esm,050039C7,00067ABA,BldConcSmWallCorner01,STAT,-8947.783203,-6299.751465,325.757568,164.4392
1551989,DLCworkshop03.esm,050039C8,00067AB6,BldConcSmWall128Up01,STAT,-9105.429688,-6210.780762,325.757568,344.4391
1551990,DLCworkshop03.esm,050039C9,00067AB6,BldConcSmWall128Up01,STAT,-8858.8125,-6142.105957,197.757568,164.4392
1551991,DLCworkshop03.esm,050039CA,00067AA6,BldConcSmWall01,STAT,-8927.487305,-5895.489258,197.757568,344.4391
1551992,DLCworkshop03.esm,050039CB,00067AA6,BldConcSmWall01,STAT,-8927.487305,-5895.489258,197.757568,164.4392
1551993,DLCworkshop03.esm,050039CC,05001B94,DLC06BldConcSmFlrOnly01,STAT,-8927.487305,-5895.489258,197.757568,344.4391
1551994,DLCworkshop03.esm,050039CD,00067AA6,BldConcSmWall01,STAT,-9174.104492,-5964.163574,453.757568,344.4391
1551995,DLCworkshop03.esm,050039CE,05001B94,DLC06BldConcSmFlrOnly01,STAT,-9174.104492,-5964.163574,453.757568,344.4391
1551996,DLCworkshop03.esm,050039CF,00067AA6,BldConcSmWall01,STAT,-9174.104492,-5964.163574,453.757568,164.4392
1551997,DLCworkshop03.esm,050039D0,00076C67,BldWoodBSmCeilOnly01,STAT,-8927.487305,-5895.489258,197.757568,74.4392
1551998,DLCworkshop03.esm,050039D1,00076C67,BldWoodBSmCeilOnly01,STAT,-9174.104492,-5964.163574,453.757568,74.4392
1551999,DLCworkshop03.esm,050039D2,00067A95,BldConcSmWallScktA01,STAT,-9174.104492,-5964.164062,453.757568,74.4393
1552000,DLCworkshop03.esm,050039D3,00067A93,BldConcSmWallPlugADoor01,STAT,-9208.441406,-5840.855469,453.757599,254.4392
1552001,DLCworkshop03.esm,050039D4,00067A17,BldConcSmStairsHalfBlock03,STAT,-9671.569336,-5364.870117,-310.788391,254.4392
1552002,DLCworkshop03.esm,050039D5,00067A17,BldConcSmStairsHalfBlock03,STAT,-9980.204102,-5153.460449,-566.794861,344.4392
1552003,DLCworkshop03.esm,050039D7,00024025,SteamTBgRoomBrickCutWall04,STAT,-9824.585938,-4863.111816,-822.646545,155.9881
1552004,DLCworkshop03.esm,050039D8,00024024,SteamTBgRoomBrickCutWall03,STAT,-9824.585938,-4863.111816,-822.646545,155.9881
1552005,DLCworkshop03.esm,050039D9,00024023,SteamTBgRoomBrickCutWall02,STAT,-9824.585938,-4863.111816,-822.646545,155.9881
1552006,DLCworkshop03.esm,050039DA,00024022,SteamTBgRoomBrickCutWall01,STAT,-9824.585938,-4863.111816,-822.646545,155.9881
1552007,DLCworkshop03.esm,050039DC,00024025,SteamTBgRoomBrickCutWall04,STAT,-10016.399414,-4921.655762,-822.646545,344.4392
1552008,DLCworkshop03.esm,050039DD,00024024,SteamTBgRoomBrickCutWall03,STAT,-10016.399414,-4921.655762,-822.646545,344.4392
1552009,DLCworkshop03.esm,050039DE,00024023,SteamTBgRoomBrickCutWall02,STAT,-10016.399414,-4921.655762,-822.646545,344.4392
1552010,DLCworkshop03.esm,050039DF,00024022,SteamTBgRoomBrickCutWall01,STAT,-10016.399414,-4921.655762,-822.646545,344.4392
1552011,DLCworkshop03.esm,050039E0,00067A4B,BldConcSmFlrPlat01,STAT,-9885.21582,-5392.749512,-310.646545,344.4391
1552012,DLCworkshop03.esm,050039E1,00067AA6,BldConcSmWall01,STAT,-9953.890625,-5146.132812,-566.646545,254.4391
1552013,DLCworkshop03.esm,050039E2,00067AA6,BldConcSmWall01,STAT,-9638.598633,-5324.074707,-566.646545,344.4391
1552014,DLCworkshop03.esm,050039E3,00023FAE,SteamTBgRoomBrickFlrOnlyBg01,STAT,-9851.817383,-5035.536133,-566.646545,74.4392
1552015,DLCworkshop03.esm,050039E4,00023FAE,SteamTBgRoomBrickFlrOnlyBg01,STAT,-9714.46875,-5528.769531,-566.646545,74.4392
1552016,DLCworkshop03.esm,050039E5,00067A4B,BldConcSmFlrPlat01,STAT,-9638.599609,-5324.074707,-310.646545,344.4391
1552017,DLCworkshop03.esm,050039E6,00067ABA,BldConcSmWallCorner01,STAT,-9796.245117,-5235.103516,-566.646545,74.4392
1552018,DLCworkshop03.esm,050039E7,00067A71,BldConcSmFlrPlatTrimEdge01,STAT,-9885.21582,-5392.749512,-310.646545,254.4392
1552019,DLCworkshop03.esm,050039E8,00067A71,BldConcSmFlrPlatTrimEdge01,STAT,-9638.599609,-5324.074707,-310.646545,254.4392
1552020,DLCworkshop03.esm,050039E9,00067A4B,BldConcSmFlrPlat01,STAT,-9424.952148,-5296.195312,-54.646545,344.4391
1552021,DLCworkshop03.esm,050039EA,00067A71,BldConcSmFlrPlatTrimEdge01,STAT,-9424.952148,-5296.195312,-55.129452,164.4392
1552022,DLCworkshop03.esm,050039EB,00067A71,BldConcSmFlrPlatTrimEdge01,STAT,-9424.952148,-5296.195312,-54.646545,254.4392
1552023,DLCworkshop03.esm,050039EC,00067A74,BldConcSmFlrPlatTrimFreeCorner01,STAT,-9424.952148,-5296.195312,-54.646545,164.4392
1552024,DLCworkshop03.esm,050039ED,00067A93,BldConcSmWallPlugADoor01,STAT,-9604.260742,-5447.382324,-566.646545,254.4391
1552025,DLCworkshop03.esm,050039EE,00067A95,BldConcSmWallScktA01,STAT,-9638.598633,-5324.074219,-566.646545,254.4391
1552026,DLCworkshop03.esm,050039EF,00067A95,BldConcSmWallScktA01,STAT,-9569.923828,-5570.690918,-566.646545,74.4392
1552027,DLCworkshop03.esm,050039F0,00067AA6,BldConcSmWall01,STAT,-9569.923828,-5570.690918,-566.646545,164.4391
1552028,DLCworkshop03.esm,050039F1,00067AA6,BldConcSmWall01,STAT,-9569.923828,-5570.690918,-566.646545,254.4391
1552029,DLCworkshop03.esm,050039F2,00067AA6,BldConcSmWall01,STAT,-9816.540039,-5639.365723,-566.646545,254.4391
1552030,DLCworkshop03.esm,050039F3,00067AA6,BldConcSmWall01,STAT,-9754.885742,-5622.196777,-566.646545,344.4391
1552031,DLCworkshop03.esm,050039F4,00067AA6,BldConcSmWall01,STAT,-9816.540039,-5639.365723,-566.646545,74.4391
1552032,DLCworkshop03.esm,050039F5,00023F97,SteamTBrickFreeDoor01,STAT,-10036.71582,-4823.190918,-561.893738,342.8277
1552033,DLCworkshop03.esm,050039F6,00023F97,SteamTBrickFreeDoor01,STAT,-10033.992188,-4822.425781,-561.893738,163.5956
1552034,DLCworkshop03.esm,050039F7,00023A83,SteamTPipeBg1WayLong01,STAT,-9899.928711,-4800.885254,-582.871582,8.9565
1552035,DLCworkshop03.esm,050039F8,00023A83,SteamTPipeBg1WayLong01,STAT,-9912.195312,-4793.078613,-67.822639,177.793
1552036,DLCworkshop03.esm,050039F9,00023A88,SteamTPipeBgSocketMid01,STAT,-9912.195312,-4793.078613,-67.822639,177.793
1552037,DLCworkshop03.esm,050039FA,00023A88,SteamTPipeBgSocketMid01,STAT,-9929.821289,-4785.093262,161.381073,177.793
1552038,DLCworkshop03.esm,050039FB,00023A88,SteamTPipeBgSocketMid01,STAT,-9902.907227,-4800.928223,-564.196167,177.793
1552039,DLCworkshop03.esm,050039FC,00023A85,SteamTPipeBg2Way01,STAT,-9796.975586,-4774.310547,-315.686127,181.531
1552040,DLCworkshop03.esm,050039FD,00023A7F,SteamTPipeBg1Way01,STAT,-9803.616211,-4780.999023,-569.932739,181.4917
1552041,DLCworkshop03.esm,050039FE,00023A7F,SteamTPipeBg1Way01,STAT,-9750.745117,-4891.55127,-180.780914,333.4229
1552042,DLCworkshop03.esm,050039FF,00023A85,SteamTPipeBg2Way01,STAT,-9645.925781,-5126.40918,-180.316132,344.2134
1552043,DLCworkshop03.esm,05003A00,00023A7F,SteamTPipeBg1Way01,STAT,-9602.854492,-5240.484863,-52.359268,179.7881
1552044,DLCworkshop03.esm,05003A01,00023A83,SteamTPipeBg1WayLong01,STAT,-9939.583008,-5473.624023,-321.160461,0.0
1552045,DLCworkshop03.esm,05003A02,00023A88,SteamTPipeBgSocketMid01,STAT,-9803.616211,-4780.999023,-556.640869,181.4917
1552046,DLCworkshop03.esm,05003A03,00023A88,SteamTPipeBgSocketMid01,STAT,-9796.975586,-4774.310547,-314.408997,181.531
1552047,DLCworkshop03.esm,05003A04,00023A88,SteamTPipeBgSocketMid01,STAT,-9753.623047,-4892.208008,-180.780914,333.4229
1552048,DLCworkshop03.esm,05003A05,00023A88,SteamTPipeBgSocketMid01,STAT,-9647.423828,-5127.976562,-180.316132,339.1712
1552049,DLCworkshop03.esm,05003A06,00023A88,SteamTPipeBgSocketMid01,STAT,-9602.854492,-5240.484863,-52.359268,179.7881
1552050,DLCworkshop03.esm,05003A07,00023A88,SteamTPipeBgSocketMid01,STAT,-9602.854492,-5240.484863,163.670303,179.7881
1552051,DLCworkshop03.esm,05003A08,00023A88,SteamTPipeBgSocketMid01,STAT,-9939.583008,-5473.624023,-306.038666,0.0
1552052,DLCworkshop03.esm,05003A09,00023A88,SteamTPipeBgSocketMid01,STAT,-9938.00293,-5473.66748,165.307556,0.0
1552053,DLCworkshop03.esm,05003A0A,000394DA,CaveRmWallCorInExSm01,STAT,-10056.927734,-4723.169922,-557.657288,33.1169
1552054,DLCworkshop03.esm,05003A0B,000394D6,CaveRmWall01,STAT,-9917.0625,-4508.754883,-557.657288,33.1169
1552055,DLCworkshop03.esm,05003A0C,000394D6,CaveRmWall01,STAT,-10271.342773,-4583.304688,-557.657288,123.1169
1552056,DLCworkshop03.esm,05003A0D,000394ED,CaveRmWallExSm01,STAT,-10443.577148,-4087.043213,-600.000122,229.2577
1552057,DLCworkshop03.esm,05003A0E,000394D8,CaveRmWallCorIn01,STAT,-10249.618164,-3919.962646,-600.000122,229.2578
1552058,DLCworkshop03.esm,05003A0F,000394D6,CaveRmWall01,STAT,-10637.536133,-4254.124023,-600.000122,229.2578
1552059,DLCworkshop03.esm,05003A10,000394D6,CaveRmWall01,STAT,-10082.538086,-4113.921875,-600.000122,319.2577
1552060,DLCworkshop03.esm,05003A11,000394D6,CaveRmWall01,STAT,-9915.457031,-4307.880859,-600.000122,319.2577
1552061,DLCworkshop03.esm,05003A12,000394D8,CaveRmWallCorIn01,STAT,-9777.197266,-4294.339844,-557.657288,303.1169
1552062,DLCworkshop03.esm,05003A13,000394D8,CaveRmWallCorIn01,STAT,-9748.376953,-4501.839844,-600.000122,319.2577
1552063,DLCworkshop03.esm,05003A14,000394D8,CaveRmWallCorIn01,STAT,-10831.495117,-4421.204102,-600.000122,139.2578
1552064,DLCworkshop03.esm,05003A15,000394D6,CaveRmWall01,STAT,-10485.757812,-4443.439453,-557.657288,123.1169
1552065,DLCworkshop03.esm,05003A16,000394D6,CaveRmWall01,STAT,-10700.172852,-4303.574219,-557.657288,123.1169
1552066,DLCworkshop03.esm,05003A17,000394D5,CaveRmFloor512Mid01,STAT,-10263.044922,-4110.069824,-623.500183,229.2577
1552067,DLCworkshop03.esm,05003A18,001BDC54,CaveRmCeiling1024v01,STAT,-10398.805664,-4383.412598,-573.078674,74.4392
1552068,DLCworkshop03.esm,05003A19,000394F1,CaveRmWallExSmFloor01,STAT,-10443.577148,-4087.043213,-621.738525,229.2577
1552069,DLCworkshop03.esm,05003A1A,000394F1,CaveRmWallExSmFloor01,STAT,-10249.618164,-3919.962646,-621.738525,229.2577
1552070,DLCworkshop03.esm,05003A1B,000394F1,CaveRmWallExSmFloor01,STAT,-10637.536133,-4254.124023,-621.738525,229.2577
1552071,DLCworkshop03.esm,05003A1C,000394F1,CaveRmWallExSmFloor01,STAT,-10831.495117,-4421.204102,-621.738525,229.2577
1552072,DLCworkshop03.esm,05003A1D,000394D5,CaveRmFloor512Mid01,STAT,-9928.883789,-4497.987793,-623.500183,229.2577
1552073,DLCworkshop03.esm,05003A1E,000394D5,CaveRmFloor512Mid01,STAT,-10316.801758,-4832.148438,-623.500183,229.2577
1552074,DLCworkshop03.esm,05003A1F,000394D5,CaveRmFloor512Mid01,STAT,-10650.962891,-4444.230469,-623.500183,229.2577
1552075,DLCworkshop03.esm,05003A21,00023F97,SteamTBrickFreeDoor01,STAT,-10033.992188,-4822.425781,-561.893738,194.7291
1552076,DLCworkshop03.esm,05003A22,0004F14E,CaveColmRockTall,STAT,-10168.830078,-4777.664062,-542.406677,0.0
1552077,DLCworkshop03.esm,05003A23,0004F14F,CaveColmRockBase,STAT,-10177.271484,-4764.434082,-732.788696,270.0
1552078,DLCworkshop03.esm,05003A24,0004F14E,CaveColmRockTall,STAT,-9906.919922,-4687.020996,-505.380585,214.0279
1552079,DLCworkshop03.esm,05003A25,0004F14F,CaveColmRockBase,STAT,-9929.957031,-4702.767578,-711.858093,358.8085
1552080,DLCworkshop03.esm,05003A26,000394D5,CaveRmFloor512Mid01,STAT,3957.641846,-1996.351685,-783.840759,98.2223
1552081,DLCworkshop03.esm,05003A27,000394D5,CaveRmFloor512Mid01,STAT,4030.86499,-1489.614624,-783.840759,98.2223
1552082,DLCworkshop03.esm,05003A28,000394D5,CaveRmFloor512Mid01,STAT,3524.127686,-1416.391479,-783.840759,98.2223
1552083,DLCworkshop03.esm,05003A29,000394D5,CaveRmFloor512Mid01,STAT,3450.904541,-1923.12854,-783.840759,98.2223
1552084,DLCworkshop03.esm,05003A2A,00039501,CaveRmCeiling256,STAT,3596.259033,-1588.476562,-719.840759,188.2223
1552085,DLCworkshop03.esm,05003A2B,00039501,CaveRmCeiling256,STAT,3813.015869,-1878.456787,-719.840759,188.2223
1552086,DLCworkshop03.esm,05003A2C,0004F14E,CaveColmRockTall,STAT,4943.300781,-3201.616455,-1162.076172,279.7858
1552087,DLCworkshop03.esm,05003A2D,0004F14E,CaveColmRockTall,STAT,5129.102539,-3195.683105,-1162.076172,279.8253
1552088,DLCworkshop03.esm,05003A2E,0004F14E,CaveColmRockTall,STAT,5327.959961,-3160.057617,-1034.63916,279.8049
1552089,DLCworkshop03.esm,05003A2F,0004F14E,CaveColmRockTall,STAT,5504.553711,-3160.699951,-1034.63916,181.4478
1552090,DLCworkshop03.esm,05003A30,0004F14F,CaveColmRockBase,STAT,4980.78418,-3195.543701,-1259.187744,302.7042
1552091,DLCworkshop03.esm,05003A31,0004F14F,CaveColmRockBase,STAT,5221.496094,-3188.675293,-1259.187744,208.1661
1552092,DLCworkshop03.esm,05003A32,0004F14F,CaveColmRockBase,STAT,5417.364258,-3192.279541,-1259.187744,110.7632
1552093,DLCworkshop03.esm,05003A33,0004F14F,CaveColmRockBase,STAT,5415.640137,-3166.806885,-782.750366,249.2015
1552094,DLCworkshop03.esm,05003A34,0004F14F,CaveColmRockBase,STAT,5219.771973,-3163.202637,-782.750366,151.8781
1552095,DLCworkshop03.esm,05003A35,0004F14F,CaveColmRockBase,STAT,4985.294922,-3171.279541,-782.750366,57.2474
1552096,DLCworkshop03.esm,05003A36,0004F14F,CaveColmRockBase,STAT,4762.907715,-3147.745361,-757.204102,130.6227
1552097,DLCworkshop03.esm,05003A37,0004F14E,CaveColmRockTall,STAT,5334.030273,-3267.302002,-989.841125,292.339
1552098,DLCworkshop03.esm,05003A38,0004F14F,CaveColmRockBase,STAT,4903.291504,-3246.954834,-800.907166,57.2474
1552099,DLCworkshop03.esm,05003A39,0004F14F,CaveColmRockBase,STAT,5152.240723,-3240.572021,-799.826721,229.2274
1552100,DLCworkshop03.esm,05003A3A,0004F14F,CaveColmRockBase,STAT,5377.084961,-3237.342041,-782.750366,189.0409
1552101,DLCworkshop03.esm,05003A56,000394F1,CaveRmWallExSmFloor01,STAT,-10255.428711,-1559.766113,-877.738525,139.2577
1552102,DLCworkshop03.esm,05003A57,00067A2A,BldConcSmCeilOnly01,STAT,-9816.540039,-5639.365723,-566.646545,74.4391
1552103,DLCworkshop03.esm,05003A58,00067A2A,BldConcSmCeilOnly01,STAT,-9569.922852,-5570.69043,-566.646545,74.4391
1552104,DLCworkshop03.esm,05003A59,05000837,VltWorkShopCaveLedge01,STAT,-6304.929688,-5548.645508,-255.466049,219.6986
1552105,DLCworkshop03.esm,05003A5A,05000835,VltWorkShopCaveDirtPile01,STAT,-6557.286621,-4752.78125,-68.281593,36.0334
1552106,DLCworkshop03.esm,05003A5B,000394F1,CaveRmWallExSmFloor01,STAT,2945.653564,-3817.172119,-920.186768,0.0003
1552107,DLCworkshop03.esm,05003A5C,000D69F7,SubDoor01Static,STAT,5795.144043,-4612.139648,-1155.962524,26.5943
1552108,DLCworkshop03.esm,05003A5D,0003CF94,ExtRubble_BricksLrg_Sm_Mid02,STAT,5688.758789,-4812.422852,-1127.289795,24.5915
1552109,DLCworkshop03.esm,05003A5E,00034526,SubLTunnel01,STAT,6264.299316,-851.729858,-1116.722778,1.0886
1552110,DLCworkshop03.esm,05003A5F,0003CF94,ExtRubble_BricksLrg_Sm_Mid02,STAT,5744.724121,-1364.339111,-1113.690796,166.8675
1552111,DLCworkshop03.esm,05003A60,000D69F7,SubDoor01Static,STAT,5765.728516,-1661.759888,-1116.756226,235.2556
1552112,DLCworkshop03.esm,05003A61,000302B9,SubSmHallEnd01,STAT,5804.222168,-1483.102783,-1116.722778,0.0
1552113,DLCworkshop03.esm,05003A62,0003CF94,ExtRubble_BricksLrg_Sm_Mid02,STAT,5733.717285,-1361.636597,-943.39563,162.2912
1552114,DLCworkshop03.esm,05003A63,000302B9,SubSmHallEnd01,STAT,5740.993164,-4810.50293,-1116.722778,180.0
1552115,DLCworkshop03.esm,05003A64,0003CF94,ExtRubble_BricksLrg_Sm_Mid02,STAT,5638.580566,-4802.200195,-1127.289795,18.472
1552116,DLCworkshop03.esm,05003A65,050036A1,DLC06ScrapableCaveIn02,STAT,-2925.872803,9174.708008,-18.534088,271.4054
1552117,DLCworkshop03.esm,05003A6C,000247E4,IndFrame256x256EmptyShape01,STAT,5941.24707,9131.416016,240.0,76.8677
1552118,DLCworkshop03.esm,05003A6D,000247E4,IndFrame256x256EmptyShape01,STAT,5941.24707,9131.416016,-16.0,76.8677
1552119,DLCworkshop03.esm,05003A6E,00039371,CaveHall1Way01,STAT,5835.5625,9455.800781,277.856689,164.8711
1552120,DLCworkshop03.esm,05003A6F,000394ED,CaveRmWallExSm01,STAT,5935.783691,9085.110352,277.856689,254.871
1552121,DLCworkshop03.esm,05003A70,000394D6,CaveRmWall01,STAT,6214.105469,9058.171875,336.76593,267.7567
1552122,DLCworkshop03.esm,05003A71,0001F785,RockCliff02,STAT,6000.532715,9242.364258,-487.482391,151.8338
1552123,DLCworkshop03.esm,05003A72,000394D6,CaveRmWall01,STAT,6104.722656,8494.234375,285.97345,357.8087
1552124,DLCworkshop03.esm,05003A80,000394F1,CaveRmWallExSmFloor01,STAT,-6847.807129,-4028.898193,76.879074,164.4392
1552125,DLCworkshop03.esm,05003A82,0001BA2E,BldWlpSmWall01,STAT,-9241.850586,-5748.520996,453.591187,344.4392
1552126,DLCworkshop03.esm,05003A83,0001BA2E,BldWlpSmWall01,STAT,-9310.525391,-5501.904297,453.591187,344.4392
1552127,DLCworkshop03.esm,05003A84,0001BA2E,BldWlpSmWall01,STAT,-9379.200195,-5255.287598,453.591187,344.4392
1552128,DLCworkshop03.esm,05003A85,0001BA2E,BldWlpSmWall01,STAT,-9447.875,-5008.670898,453.591187,344.4392
1552129,DLCworkshop03.esm,05003A86,0001BA2E,BldWlpSmWall01,STAT,-9454.213867,-5062.421387,453.591187,74.4392
1552130,DLCworkshop03.esm,05003A87,05001B92,DLC06BldWoodBSmFlrPlat01,STAT,-8708.025391,-4802.646484,453.591187,74.4392
1552131,DLCworkshop03.esm,05003A88,0001BA30,BldWlpSmWall02,STAT,-9207.597656,-4993.746582,453.591187,74.4392
1552132,DLCworkshop03.esm,05003A89,0001BA2E,BldWlpSmWall01,STAT,-8954.641602,-4871.321289,453.591187,74.4392
1552133,DLCworkshop03.esm,05003A8A,0001BA2E,BldWlpSmWall01,STAT,-8708.025391,-4802.646484,453.591187,74.4392
1552134,DLCworkshop03.esm,05003A8B,0001BA2E,BldWlpSmWall01,STAT,-8708.025391,-4802.646484,453.591187,164.4392
1552135,DLCworkshop03.esm,05003A8C,0001BA30,BldWlpSmWall02,STAT,-8639.350586,-5049.263184,453.591187,164.4392
1552136,DLCworkshop03.esm,05003A8D,0001BA3D,BldWlpSmWall12,STAT,-8570.675781,-5295.879883,453.591187,164.4392
1552137,DLCworkshop03.esm,05003A8E,0001BA34,BldWlpSmWall04,STAT,-8502.000977,-5542.496582,453.591187,164.4392
1552138,DLCworkshop03.esm,05003A8F,0001BA30,BldWlpSmWall02,STAT,-8502.928711,-5511.523438,453.757568,254.4392
1552139,DLCworkshop03.esm,05003A90,0001BA32,BldWlpSmWall03,STAT,-8749.544922,-5580.198242,453.757568,254.4392
1552140,DLCworkshop03.esm,05003A91,0001BA59,BldWlpSmWallScktA01,STAT,-9242.77832,-5717.546875,453.757568,254.4392
1552141,DLCworkshop03.esm,05003A92,0001CC25,BldWlpSmWallPillarBg01,STAT,-9025.636719,-5299.444824,453.757568,344.4392
1552142,DLCworkshop03.esm,05003A96,0001BA59,BldWlpSmWallScktA01,STAT,-9174.104492,-5964.164062,709.757568,74.4393
1552143,DLCworkshop03.esm,05003A97,0001BA0D,BldWlpSmCeilOnly01,STAT,-9174.104492,-5964.163574,709.757568,74.4392
1552144,DLCworkshop03.esm,05003A98,0001BA0D,BldWlpSmCeilOnly01,STAT,-8927.487305,-5895.489258,453.757568,74.4392
1552145,DLCworkshop03.esm,05003A99,0001BA2E,BldWlpSmWall01,STAT,-9174.104492,-5964.163574,709.757568,164.4392
1552146,DLCworkshop03.esm,05003A9A,0001BA2E,BldWlpSmWall01,STAT,-9174.104492,-5964.163574,709.757568,344.4391
1552147,DLCworkshop03.esm,05003A9B,0001BA47,BldWlpSmWallPlugADoor01,STAT,-8804.178711,-5861.151855,453.757568,164.4392
1552148,DLCworkshop03.esm,05003A9C,0001BA2E,BldWlpSmWall01,STAT,-8927.487305,-5895.489258,453.757568,344.4391
1552149,DLCworkshop03.esm,05003A9D,0004A8C7,BldWlpSmWall128Up01,STAT,-8858.8125,-6142.105957,453.757568,164.4392
1552150,DLCworkshop03.esm,05003A9E,0004A8C7,BldWlpSmWall128Up01,STAT,-9105.429688,-6210.780762,581.757568,344.4391
1552151,DLCworkshop03.esm,05003A9F,0001BA3E,BldWlpSmWallCorner01,STAT,-8947.783203,-6299.751465,581.757568,164.4392
1552152,DLCworkshop03.esm,05003AA0,0001BA3E,BldWlpSmWallCorner01,STAT,-8947.783203,-6299.751465,581.757568,254.4391
1552153,DLCworkshop03.esm,05003AA1,0004A8C6,BldWlpSmCeilOnly128Up01,STAT,-8858.8125,-6142.105957,453.757568,164.4392
1552154,DLCworkshop03.esm,05003AA2,0004A8C6,BldWlpSmCeilOnly128Up01,STAT,-9105.429688,-6210.780762,581.757568,344.4391
1552155,DLCworkshop03.esm,05003AA3,0004A8C8,BldWlpSmWall128Up02,STAT,-9105.429688,-6210.780762,581.757568,164.4392
1552156,DLCworkshop03.esm,05003AA4,0004A8C8,BldWlpSmWall128Up02,STAT,-8858.8125,-6142.105957,453.757568,344.4391
1552157,DLCworkshop03.esm,05003AA5,00076C61,BldWoodBSmStairsShort01,STAT,-8858.8125,-6142.105957,453.757568,344.4391
1552158,DLCworkshop03.esm,05003AA6,00076C61,BldWoodBSmStairsShort01,STAT,-9105.429688,-6210.780762,581.757568,164.4392
1552159,DLCworkshop03.esm,05003AA7,0001BA0D,BldWlpSmCeilOnly01,STAT,-8790.137695,-6388.722656,581.757568,74.4392
1552160,DLCworkshop03.esm,05003AA8,0001BA0D,BldWlpSmCeilOnly01,STAT,-9036.754883,-6457.397461,581.757568,74.4392
1552161,DLCworkshop03.esm,05003AA9,0001BA2E,BldWlpSmWall01,STAT,-9036.754883,-6457.397461,581.757568,344.4391
1552162,DLCworkshop03.esm,05003AAA,0001BA2E,BldWlpSmWall01,STAT,-8790.137695,-6388.722656,581.757568,254.4391
1552163,DLCworkshop03.esm,05003AAB,0001BA2E,BldWlpSmWall01,STAT,-8790.137695,-6388.722656,581.757568,164.4392
1552164,DLCworkshop03.esm,05003AAC,0001BA2E,BldWlpSmWall01,STAT,-9036.754883,-6457.397461,581.757568,254.4391
1552165,DLCworkshop03.esm,05003AAD,0001BA59,BldWlpSmWallScktA01,STAT,-8927.487305,-5895.489258,453.757568,74.4393
1552166,DLCworkshop03.esm,05003AAE,05001B92,DLC06BldWoodBSmFlrPlat01,STAT,-9036.753906,-6457.397461,581.757568,74.4392
1552167,DLCworkshop03.esm,05003AB0,00076C2D,BldWoodBSmFlrPlatHole08,STAT,-9174.104492,-5964.164551,709.757568,74.4392
1552168,DLCworkshop03.esm,05003AB1,05001B92,DLC06BldWoodBSmFlrPlat01,STAT,-9036.753906,-6457.397461,805.757568,74.4392
1552169,DLCworkshop03.esm,05003AB2,00076C27,BldWoodBSmFlrPlatHole02,STAT,-8790.137695,-6388.722656,805.757568,74.4392
1552170,DLCworkshop03.esm,05003AB3,05001B92,DLC06BldWoodBSmFlrPlat01,STAT,-9174.104492,-5964.164551,933.757568,74.4392
1552171,DLCworkshop03.esm,05003AB4,05001B92,DLC06BldWoodBSmFlrPlat01,STAT,-8927.487305,-5895.489258,453.757568,74.4392
1552172,DLCworkshop03.esm,05003AB9,00076BED,BldWoodBSmCeilOnly128Up01,STAT,-9105.429688,-6210.78125,549.757568,344.4392
1552173,DLCworkshop03.esm,05003ABA,00076BED,BldWoodBSmCeilOnly128Up01,STAT,-8858.8125,-6142.105957,421.757568,164.4392
1552174,DLCworkshop03.esm,05003ABB,00067A93,BldConcSmWallPlugADoor01,STAT,-8961.826172,-5772.181641,453.757568,254.4392
1552175,DLCworkshop03.esm,05003ABC,0001BA59,BldWlpSmWallScktA01,STAT,-8996.163086,-5648.873047,453.757568,254.4392
1552176,DLCworkshop03.esm,05003ABD,0001BA2E,BldWlpSmWall01,STAT,-9486.043945,-5311.160156,453.591187,29.4392
1552177,DLCworkshop03.esm,05003ABE,0001BA47,BldWlpSmWallPlugADoor01,STAT,-9471.692383,-5025.303223,453.591187,29.4392
1552178,DLCworkshop03.esm,05003ABF,0001BA2E,BldWlpSmWall01,STAT,-9234.396484,-4865.270996,453.591187,29.4392
1552179,DLCworkshop03.esm,05003AC0,0001BA59,BldWlpSmWallScktA01,STAT,-9360.219727,-5088.215332,453.591187,29.4392
1552180,DLCworkshop03.esm,05003AC1,000BFF08,DecoLobbyC1x2DoorSingle01Full01,STAT,-8961.461914,-4906.440918,453.591187,164.4392
1552181,DLCworkshop03.esm,05003AC2,0007C60E,DecoLobbyC1x1WinB01Full03,STAT,-8591.537109,-4803.428711,453.591187,164.4392
1552182,DLCworkshop03.esm,05003AC3,00062307,Shack_Single_Plank04_Brkn,STAT,-9175.71582,-4858.835938,612.997498,185.7293
1552183,DLCworkshop03.esm,05003AC4,00062314,Shack_Single_Plywood01,STAT,-9173.145508,-4858.163574,569.037903,264.3159
1552184,DLCworkshop03.esm,05003AC5,00062305,Shack_Single_Plank03_Brkn,STAT,-9175.71582,-4858.835938,522.580444,169.1134
1552185,DLCworkshop03.esm,05003AC6,00062317,Shack_Single_Plywood02,STAT,-9090.84668,-4824.661621,565.806396,90.6029
1552186,DLCworkshop03.esm,05003AC7,00062303,Shack_Single_Plank02_Brkn,STAT,-9072.355469,-4826.23877,562.781128,99.7841
1552187,DLCworkshop03.esm,05003AC8,0003D3C3,PaintedWoodDoorStatic,STAT,-8986.925781,-4813.314941,453.591187,344.4391
1552188,DLCworkshop03.esm,05003AC9,00062305,Shack_Single_Plank03_Brkn,STAT,-8904.995117,-4777.510742,563.259216,274.5378
1552189,DLCworkshop03.esm,05003ACA,00062314,Shack_Single_Plywood01,STAT,-8896.905273,-4771.363281,548.915771,90.6185
1552190,DLCworkshop03.esm,05003ACB,00062303,Shack_Single_Plank02_Brkn,STAT,-8821.136719,-4762.096191,535.598389,221.2522
1552191,DLCworkshop03.esm,05003ACC,00062305,Shack_Single_Plank03_Brkn,STAT,-8824.970703,-4761.119629,614.234192,146.7678
1552192,DLCworkshop03.esm,05003ACD,00062317,Shack_Single_Plywood02,STAT,-8816.578125,-4758.922852,569.037903,275.775
1552193,DLCworkshop03.esm,05003ACE,00062317,Shack_Single_Plywood02,STAT,-8817.583008,-4721.407227,569.037903,275.775
1552194,DLCworkshop03.esm,05003ACF,00062317,Shack_Single_Plywood02,STAT,-9183.65918,-4822.837891,569.037903,264.3159
1552195,DLCworkshop03.esm,05003AD0,0001BA3E,BldWlpSmWallCorner01,STAT,-9118.626953,-4836.101074,453.591187,164.4392
1552196,DLCworkshop03.esm,05003AD1,0007C60E,DecoLobbyC1x1WinB01Full03,STAT,-9481.202148,-5781.939453,453.591187,254.4392
1552197,DLCworkshop03.esm,05003AD2,0007C60E,DecoLobbyC1x1WinB01Full03,STAT,-9549.876953,-5535.323242,453.591187,254.4392
1552198,DLCworkshop03.esm,05003AD3,0007C60E,DecoLobbyC1x1WinB01Full03,STAT,-9618.553711,-5288.707031,453.591187,254.4392
1552199,DLCworkshop03.esm,05003AD4,00076C67,BldWoodBSmCeilOnly01,STAT,-8708.025391,-4802.646484,453.591187,74.4392
1552200,DLCworkshop03.esm,05003AD5,00076C67,BldWoodBSmCeilOnly01,STAT,-8954.641602,-4871.321289,453.591187,74.4392
1552201,DLCworkshop03.esm,05003AD6,00076C67,BldWoodBSmCeilOnly01,STAT,-9201.257812,-4939.996094,453.591187,74.4392
1552202,DLCworkshop03.esm,05003AD7,00076C67,BldWoodBSmCeilOnly01,STAT,-9447.875,-5008.670898,453.591187,74.4392
1552203,DLCworkshop03.esm,05003AD8,00076C67,BldWoodBSmCeilOnly01,STAT,-9379.200195,-5255.287598,453.591187,74.4392
1552204,DLCworkshop03.esm,05003AD9,00076C67,BldWoodBSmCeilOnly01,STAT,-9310.525391,-5501.904297,453.591187,74.4392
1552205,DLCworkshop03.esm,05003ADA,00076C67,BldWoodBSmCeilOnly01,STAT,-9063.908203,-5433.229492,453.591187,74.4392
1552206,DLCworkshop03.esm,05003ADB,00076C67,BldWoodBSmCeilOnly01,STAT,-9241.850586,-5748.520996,453.591187,74.4392
1552207,DLCworkshop03.esm,05003ADC,00076C67,BldWoodBSmCeilOnly01,STAT,-8995.233398,-5679.846191,453.591187,74.4392
1552208,DLCworkshop03.esm,05003ADD,00076C67,BldWoodBSmCeilOnly01,STAT,-8748.617188,-5611.171387,453.591187,74.4392
1552209,DLCworkshop03.esm,05003ADE,00076C67,BldWoodBSmCeilOnly01,STAT,-8502.000977,-5542.496582,453.591187,74.4392
1552210,DLCworkshop03.esm,05003ADF,00076C67,BldWoodBSmCeilOnly01,STAT,-8817.291992,-5364.554688,453.591187,74.4392
1552211,DLCworkshop03.esm,05003AE0,00076C67,BldWoodBSmCeilOnly01,STAT,-9132.583008,-5186.612793,453.591187,74.4392
1552212,DLCworkshop03.esm,05003AE1,00076C67,BldWoodBSmCeilOnly01,STAT,-8885.966797,-5117.937988,453.591187,74.4392
1552213,DLCworkshop03.esm,05003AE2,00076C67,BldWoodBSmCeilOnly01,STAT,-8639.349609,-5049.263184,453.591187,74.4392
1552214,DLCworkshop03.esm,05003AE3,00076C67,BldWoodBSmCeilOnly01,STAT,-8570.674805,-5295.879883,453.591187,74.4392
1552215,DLCworkshop03.esm,05003AE7,05001B92,DLC06BldWoodBSmFlrPlat01,STAT,-9132.583008,-5186.612793,453.591187,74.4392
1552216,DLCworkshop03.esm,05003AE8,05001B92,DLC06BldWoodBSmFlrPlat01,STAT,-8885.966797,-5117.937988,453.591187,74.4392
1552217,DLCworkshop03.esm,05003AE9,05001B92,DLC06BldWoodBSmFlrPlat01,STAT,-8639.349609,-5049.263184,453.591187,74.4392
1552218,DLCworkshop03.esm,05003AEA,05001B92,DLC06BldWoodBSmFlrPlat01,STAT,-8570.674805,-5295.879883,453.591187,74.4392
1552219,DLCworkshop03.esm,05003AEB,00067A93,BldConcSmWallPlugADoor01,STAT,-9208.441406,-5840.855469,709.757568,254.4392
1552220,DLCworkshop03.esm,05003AEC,0001E2D4,BldWoodPDoorStatic01,STAT,-9208.441406,-5840.855469,709.757568,74.4393
1552221,DLCworkshop03.esm,05003AED,0001BA59,BldWlpSmWallScktA01,STAT,-8927.487305,-5895.489258,453.757568,164.4392
1552222,DLCworkshop03.esm,05003AEE,0001BA2E,BldWlpSmWall01,STAT,-8680.871094,-5826.814453,453.757568,74.4391
1552223,DLCworkshop03.esm,05003AEF,0001BA37,BldWlpSmWall06,STAT,-8680.871094,-5826.814453,453.757568,164.4392
1552224,DLCworkshop03.esm,05003AF0,0001BA2E,BldWlpSmWall01,STAT,-8680.871094,-5826.814453,453.757568,254.4392
1552225,DLCworkshop03.esm,05003AF1,0001BA59,BldWlpSmWallScktA01,STAT,-8680.871094,-5826.814453,453.757568,344.4392
1552226,DLCworkshop03.esm,05003AF2,05001B93,DLC06BldWlpSmFlrOnly01,STAT,-8680.871094,-5826.814453,453.757568,164.4392
1552227,DLCworkshop03.esm,05003AF3,0001BA0D,BldWlpSmCeilOnly01,STAT,-8680.871094,-5826.814453,453.757568,254.4392
1552228,DLCworkshop03.esm,05003AF4,0002CD27,ToiletBroken01,STAT,-8666.933594,-5901.024414,453.757568,168.656
1552229,DLCworkshop03.esm,05003AF5,00034A3D,BathroomSinkBroken01,STAT,-8570.740234,-5800.304688,453.757568,74.7996
1552230,DLCworkshop03.esm,05003AF6,0014BF74,Mirror01,STAT,-8571.408203,-5802.400391,583.022339,71.5624
1552231,DLCworkshop03.esm,05003AF9,000EE3CF,Shelf_GroceryStore_OneSided,STAT,-8593.74707,-4841.509277,453.591187,157.8788
1552232,DLCworkshop03.esm,05003AFC,000BC249,TerminalBroken01,STAT,-8480.507812,-5438.575684,531.616394,3.3518
1552233,DLCworkshop03.esm,05003AFD,00180A15,CashRegisterContainer,CONT,-8767.723633,-5517.870605,531.648743,345.5614
1552234,DLCworkshop03.esm,05003AFE,0001CC37,BldWlpSmWallPillar03,STAT,-8818.930664,-5531.641113,453.757568,344.4392
1552235,DLCworkshop03.esm,05003AFF,000431F6,DebrisInteriorWoodWindowBoards01,STAT,-8986.271484,-4819.056152,547.469238,253.7732
1552236,DLCworkshop03.esm,05003B00,00055382,DebrisInteriorWoodWindowBoards03,STAT,-9430.313477,-5444.188477,580.110962,164.4392
1552237,DLCworkshop03.esm,05003B01,00055384,DebrisInteriorWoodWindowBoards02,STAT,-9356.801758,-5691.791992,622.417786,164.4392
1552238,DLCworkshop03.esm,05003B02,000431F6,DebrisInteriorWoodWindowBoards01,STAT,-9358.47168,-5690.668457,561.069153,164.4392
1552239,DLCworkshop03.esm,05003B0D,000224E3,DefaultEmptyTrigger,ACTI,527.333618,3954.330078,512.0,0.0
1552240,DLCworkshop03.esm,05003B16,05001A38,DLC06CaveHallEndFlange,STAT,1659.383057,-1567.259521,-463.840759,98.2223
1552241,DLCworkshop03.esm,05003B17,0004F0DE,CaveMoundRocksMed01,STAT,1733.724365,-1174.607056,-142.778381,54.3593
1552242,DLCworkshop03.esm,05003B18,0003938D,CaveHall1WayRampHalf128Floor,STAT,1532.69873,-1548.953857,-520.972046,278.2223
1552243,DLCworkshop03.esm,05003B1B,0004F118,CaveMoundRocksLow04,STAT,1620.938232,-1553.621338,-544.972046,0.0
1552244,DLCworkshop03.esm,05003B1C,0004F0DE,CaveMoundRocksMed01,STAT,1305.682373,-1197.505249,-548.363159,215.1458
1552245,DLCworkshop03.esm,05003B1D,0004F118,CaveMoundRocksLow04,STAT,1319.329102,-1325.783813,-548.47052,308.4338
1552246,DLCworkshop03.esm,05003B1E,0004F118,CaveMoundRocksLow04,STAT,1313.171387,-1847.937988,-520.611572,57.0307
1552247,DLCworkshop03.esm,05003B1F,0004F0DE,CaveMoundRocksMed01,STAT,1422.421143,-1772.087891,-550.99707,57.0307
1552248,DLCworkshop03.esm,05003B20,0004F0EC,CaveMoundRocksTall03,STAT,1363.784668,-1904.25061,-536.361084,57.3205
1552249,DLCworkshop03.esm,05003B21,0004F0EC,CaveMoundRocksTall03,STAT,1685.910645,-1319.916138,-181.194214,77.9247
1552250,DLCworkshop03.esm,05003B22,0004F0DD,CaveMoundRocksTall01,STAT,1634.433105,-1400.742065,-105.168465,167.3224
1552251,DLCworkshop03.esm,05003B23,0004F0DF,CaveMoundRocksLow01,STAT,1591.849609,-1303.621826,-337.539368,158.4796
1552252,DLCworkshop03.esm,05003B24,0004F0DF,CaveMoundRocksLow01,STAT,1473.720215,-1666.766479,-167.380905,249.6738
1552253,DLCworkshop03.esm,05003B25,0004F0DF,CaveMoundRocksLow01,STAT,1533.214111,-1557.598755,-160.087418,143.8065
1552254,DLCworkshop03.esm,05003B26,0004F0E2,CaveMoundRocksMed02,STAT,1469.533936,-1397.236816,-551.988831,105.3671
1552255,DLCworkshop03.esm,05003B27,0004F213,CaveRockM03,STAT,1514.401855,-1690.662964,-532.523315,0.0
1552256,DLCworkshop03.esm,05003B28,0004F211,CaveRockM01,STAT,1249.569092,-1911.207031,-499.021729,131.7806
1552257,DLCworkshop03.esm,05003B29,0004F211,CaveRockM01,STAT,1447.302734,-1043.80835,-415.004974,131.7806
1552258,DLCworkshop03.esm,05003B2A,0004F212,CaveRockM02,STAT,1171.696533,-1226.097412,-516.779358,233.073
1552259,DLCworkshop03.esm,05003B2B,0004F212,CaveRockM02,STAT,1454.1875,-1038.187256,-187.180908,63.5776
1552260,DLCworkshop03.esm,05003B2C,0004F212,CaveRockM02,STAT,1582.773926,-1309.496338,-95.294876,207.4521
1552261,DLCworkshop03.esm,05003B2D,0004F118,CaveMoundRocksLow04,STAT,1501.97583,-1535.338745,-541.807373,0.0
1552262,DLCworkshop03.esm,05003B2E,0004F212,CaveRockM02,STAT,1610.334717,-1392.780884,-274.449432,49.3207
1552263,DLCworkshop03.esm,05003B2F,0004CEC6,CaveRockS01,STAT,1282.54541,-1379.327026,-530.40686,353.3071
1552264,DLCworkshop03.esm,05003B30,0004F214,CaveRockM04,STAT,1421.115723,-1241.653076,-506.468994,294.4106
1552265,DLCworkshop03.esm,05003B31,0004F211,CaveRockM01,STAT,1548.980957,-1128.018921,-358.260803,339.4397
1552266,DLCworkshop03.esm,05003B32,0004F211,CaveRockM01,STAT,1594.567383,-1147.518555,-74.020157,283.9918
1552267,DLCworkshop03.esm,05003B33,0004F212,CaveRockM02,STAT,1121.697754,-1907.294434,-507.678223,0.0
1552268,DLCworkshop03.esm,05003B34,0004F0ED,CaveMoundRocksMed03,STAT,1764.420166,-1679.434326,-559.840759,98.2223
1552269,DLCworkshop03.esm,05003B35,0004F0DE,CaveMoundRocksMed01,STAT,2379.553467,-1566.723145,-338.618683,82.878
1552270,DLCworkshop03.esm,05003B36,0004F110,CaveMoundRocksTall04,STAT,2360.974854,-1481.886963,-635.861572,298.9068
1552271,DLCworkshop03.esm,05003B37,0004F0DD,CaveMoundRocksTall01,STAT,2180.939209,-1482.963135,-597.812073,293.7814
1552272,DLCworkshop03.esm,05003B38,0004F130,CaveMoundRocksSmall03,STAT,2206.96167,-1727.884766,-555.477051,0.0
1552273,DLCworkshop03.esm,05003B39,0004F132,CaveMoundRocksSmall04,STAT,1905.504883,-1725.774902,-538.10376,77.3406
1552274,DLCworkshop03.esm,05003B3A,0004CEC6,CaveRockS01,STAT,2029.614258,-1535.838379,-540.37262,205.3015
1552275,DLCworkshop03.esm,05003B3B,0004F212,CaveRockM02,STAT,1933.664307,-1452.800903,-520.972046,45.8367
1552276,DLCworkshop03.esm,05003B3C,0004F0E1,CaveMoundRocksLow02,STAT,2766.013428,-1853.973877,-782.036194,0.0
1552277,DLCworkshop03.esm,05003B3D,0004F0DF,CaveMoundRocksLow01,STAT,2861.003662,-1643.764404,-791.173645,0.0
1552278,DLCworkshop03.esm,05003B3E,0004F0DD,CaveMoundRocksTall01,STAT,3044.592041,-1663.999756,-863.978577,262.5973
1552279,DLCworkshop03.esm,05003B3F,0004F211,CaveRockM01,STAT,2880.542725,-1740.926758,-800.317383,354.7814
1552280,DLCworkshop03.esm,05003B40,0004CEC6,CaveRockS01,STAT,2804.695557,-1767.62085,-785.82312,0.0
1552281,DLCworkshop03.esm,05003B41,0004F118,CaveMoundRocksLow04,STAT,3012.194092,-1384.818848,-765.327026,5.4783
1552282,DLCworkshop03.esm,05003B42,0004F213,CaveRockM03,STAT,3011.230713,-1417.510498,-548.36145,359.5218
1552283,DLCworkshop03.esm,05003B43,0004F212,CaveRockM02,STAT,2913.766846,-1429.575073,-561.558594,9.0115
1552284,DLCworkshop03.esm,05003B44,0004F0ED,CaveMoundRocksMed03,STAT,3070.512939,-1374.680908,-588.538696,342.3783
1552285,DLCworkshop03.esm,05003B45,0004F118,CaveMoundRocksLow04,STAT,3161.511963,-1540.171631,-807.098938,0.0
1552286,DLCworkshop03.esm,05003B46,0004F211,CaveRockM01,STAT,1570.835449,-1722.461182,-488.516266,286.5477
1552287,DLCworkshop03.esm,05003B47,0004CEC6,CaveRockS01,STAT,1557.595459,-1708.368652,-411.732697,68.0995
1552288,DLCworkshop03.esm,05003B48,0004F0EC,CaveMoundRocksTall03,STAT,1562.029297,-1798.550049,-297.398529,37.4196
1552289,DLCworkshop03.esm,05003B49,0004F0F1,CaveMoundRocksLow03,STAT,3547.327881,-2077.737061,-782.647766,256.8119
1552290,DLCworkshop03.esm,05003B4A,0004F0F1,CaveMoundRocksLow03,STAT,4017.773682,-2165.824707,-782.647766,84.7162
1552291,DLCworkshop03.esm,05003B4B,0004F118,CaveMoundRocksLow04,STAT,3826.159424,-2164.359375,-792.243469,295.8229
1552292,DLCworkshop03.esm,05003B4C,0004F118,CaveMoundRocksLow04,STAT,3712.914795,-2092.736816,-811.899353,90.71
1552293,DLCworkshop03.esm,05003B4D,0004F0DE,CaveMoundRocksMed01,STAT,4485.596191,-2874.186279,-1069.903198,165.8238
1552294,DLCworkshop03.esm,05003B4E,0004F0E2,CaveMoundRocksMed02,STAT,4627.877441,-2663.328369,-1066.508667,0.0
1552295,DLCworkshop03.esm,05003B4F,0004F0DD,CaveMoundRocksTall01,STAT,4295.9375,-2531.501953,-674.713135,292.8264
1552296,DLCworkshop03.esm,05003B50,0004F213,CaveRockM03,STAT,4348.796875,-2644.991699,-675.625916,0.0
1552297,DLCworkshop03.esm,05003B51,0004F213,CaveRockM03,STAT,3831.078857,-2754.20752,-826.567261,28.6174
1552298,DLCworkshop03.esm,05003B52,0004F0E2,CaveMoundRocksMed02,STAT,3947.104248,-2812.699951,-833.475952,353.164
1552299,DLCworkshop03.esm,05003B53,0004F0E1,CaveMoundRocksLow02,STAT,3858.759521,-2630.293213,-828.320618,0.0
1552300,DLCworkshop03.esm,05003B54,0004F118,CaveMoundRocksLow04,STAT,4485.557129,-2625.172607,-1013.409363,138.4815
1552301,DLCworkshop03.esm,05003B55,0004CEC6,CaveRockS01,STAT,4359.093262,-2625.732666,-969.422058,0.0
1552302,DLCworkshop03.esm,05003B56,0004F213,CaveRockM03,STAT,4443.102539,-2862.401123,-1021.230713,161.9936
1552303,DLCworkshop03.esm,05003B57,0004F212,CaveRockM02,STAT,4308.453613,-2573.869873,-893.467224,36.8645
1552304,DLCworkshop03.esm,05003B58,0004CEC6,CaveRockS01,STAT,4321.524902,-2599.291748,-883.884827,0.0
1552305,DLCworkshop03.esm,05003B59,0004F0E1,CaveMoundRocksLow02,STAT,3255.063721,-1699.138306,-796.817139,113.6284
1552306,DLCworkshop03.esm,05003B5A,0004F0DE,CaveMoundRocksMed01,STAT,4105.930664,-2126.708984,-827.672546,0.0
1552307,DLCworkshop03.esm,05003B5B,0004F0EC,CaveMoundRocksTall03,STAT,3964.710205,-2243.738281,-776.75885,213.1026
1552308,DLCworkshop03.esm,05003B5C,0004F213,CaveRockM03,STAT,3942.199463,-2265.55835,-723.553406,219.8449
1552309,DLCworkshop03.esm,05003B5D,0004CEC6,CaveRockS01,STAT,3998.212646,-2240.324707,-705.801331,126.0507
1552310,DLCworkshop03.esm,05003B5E,0004F211,CaveRockM01,STAT,4038.573486,-2206.095703,-764.920959,171.8874
1552311,DLCworkshop03.esm,05003B5F,0004F211,CaveRockM01,STAT,3510.020264,-2165.37915,-760.581604,63.0256
1552312,DLCworkshop03.esm,05003B60,0004CEC6,CaveRockS01,STAT,3585.915283,-2154.474854,-777.81543,0.0
1552313,DLCworkshop03.esm,05003B61,0004CEC6,CaveRockS01,STAT,3600.730225,-2227.549072,-713.676758,185.1135
1552314,DLCworkshop03.esm,05003B62,0004F214,CaveRockM04,STAT,3601.959229,-2405.322266,-712.738586,287.5972
1552315,DLCworkshop03.esm,05003B63,0004F100,CaveMoundRocksMed04,STAT,3592.819092,-2448.886475,-781.276245,165.845
1552316,DLCworkshop03.esm,05003B64,0004F118,CaveMoundRocksLow04,STAT,5185.851562,-3084.290039,-1172.292114,262.5972
1552317,DLCworkshop03.esm,05003B65,0004F0E1,CaveMoundRocksLow02,STAT,5474.541016,-3074.73584,-1155.884277,319.893
1552318,DLCworkshop03.esm,05003B66,0004F0F1,CaveMoundRocksLow03,STAT,5341.053223,-3334.144531,-1163.813599,103.1324
1552319,DLCworkshop03.esm,05003B67,0004F0E1,CaveMoundRocksLow02,STAT,4974.145996,-3356.129883,-1158.748779,0.0
1552320,DLCworkshop03.esm,05003B68,0004F0DE,CaveMoundRocksMed01,STAT,5169.627441,-3261.993896,-1203.648926,0.0
1552321,DLCworkshop03.esm,05003B69,0004F0DE,CaveMoundRocksMed01,STAT,4641.922852,-3991.329346,-1172.372314,0.0
1552322,DLCworkshop03.esm,05003B6A,0004F0DE,CaveMoundRocksMed01,STAT,4677.319824,-3583.636475,-1172.372314,0.0
1552323,DLCworkshop03.esm,05003B6B,0004F0EC,CaveMoundRocksTall03,STAT,4643.696289,-4033.015869,-1180.311279,166.1579
1552324,DLCworkshop03.esm,05003B6C,000EA3A7,RockPileL01RubbleRock01_NoLeaves,STAT,1229.16626,-1947.030273,-475.062958,4.7666
1552325,DLCworkshop03.esm,05003B6D,000EA3A7,RockPileL01RubbleRock01_NoLeaves,STAT,1317.77832,-1223.515503,-475.144806,70.6968
1552326,DLCworkshop03.esm,05003B6E,000FDB9B,RockL01,STAT,2861.94458,-1025.263794,242.764374,337.3987
1552327,DLCworkshop03.esm,05003B6F,000FDB9B,RockL01,STAT,2735.272217,-4261.800293,-779.046082,181.6428
1552328,DLCworkshop03.esm,05003B70,000FDB9B,RockL01,STAT,2736.433838,-3363.223877,-565.589844,319.893
1552329,DLCworkshop03.esm,05003B71,05000835,VltWorkShopCaveDirtPile01,STAT,1264.080566,-1798.932739,-588.360291,137.3835
1552330,DLCworkshop03.esm,05003B72,05000835,VltWorkShopCaveDirtPile01,STAT,1230.752197,-992.91394,-562.669006,137.352
1552331,DLCworkshop03.esm,05003B73,000CF98D,RockPileM01_NF_RubbleRocks01,STAT,5411.453125,-3007.453857,-1169.753662,257.8311
1552332,DLCworkshop03.esm,05003B75,000247DC,IndFrame1024x1024EmptyShapeEdge01,STAT,192.0,192.199295,-745.972961,270.0
1552333,DLCworkshop03.esm,05003B76,000247DC,IndFrame1024x1024EmptyShapeEdge01,STAT,768.0,191.999756,-746.201233,90.0001
1552334,DLCworkshop03.esm,05003B7E,05005E58,VltWorkShopCaveDirtPileHalf01,STAT,1209.360596,2646.464111,-515.478271,92.3831
1552335,DLCworkshop03.esm,05003B7F,000481DC,IndPlatFrameBaseBgSingle01,STAT,-320.0,192.0,-492.210052,0.0
1552336,DLCworkshop03.esm,05003B80,05000835,VltWorkShopCaveDirtPile01,STAT,1633.74646,-4880.407715,-975.765076,45.0
1552337,DLCworkshop03.esm,05003B81,000FDB9B,RockL01,STAT,1734.88208,-4843.402832,-1007.783508,75.0
1552338,DLCworkshop03.esm,05003B82,000FDB9B,RockL01,STAT,1706.644775,-4881.486328,-1026.526001,229.3087
1552339,DLCworkshop03.esm,05003B83,000FDB9B,RockL01,STAT,2429.474854,-4528.92041,-920.469604,225.8675
1552340,DLCworkshop03.esm,05003B86,05005E58,VltWorkShopCaveDirtPileHalf01,STAT,1561.329224,-3154.974854,-1016.114136,7.4034
1552341,DLCworkshop03.esm,05003B87,0003AA23,RockM03,STAT,1997.782471,-4750.071777,-945.263977,0.0
1552342,DLCworkshop03.esm,05003B88,000FDB9B,RockL01,STAT,2589.802002,-3376.834961,-970.702576,291.2451
1552343,DLCworkshop03.esm,05003B89,000C5603,RockPileL01_NF_RubbleRock01,STAT,2421.531006,-3521.506104,-877.557495,199.5719
1552344,DLCworkshop03.esm,05003B8A,000C5603,RockPileL01_NF_RubbleRock01,STAT,2336.761475,-4280.52832,-904.249573,325.6226
1552345,DLCworkshop03.esm,05003B8B,000CF98D,RockPileM01_NF_RubbleRocks01,STAT,2155.321045,-4576.470215,-965.139709,251.1381
1552346,DLCworkshop03.esm,05003B8C,000C5603,RockPileL01_NF_RubbleRock01,STAT,1205.871094,-4859.765625,-954.876831,0.0
1552347,DLCworkshop03.esm,05003B8D,000C5603,RockPileL01_NF_RubbleRock01,STAT,945.152344,-3211.83374,-973.759521,0.0
1552348,DLCworkshop03.esm,05003B8E,000CF98D,RockPileM01_NF_RubbleRocks01,STAT,1335.837891,-4879.361816,-965.181885,268.351
1552349,DLCworkshop03.esm,05003B90,0003AA21,RockM01,STAT,1129.675049,-4991.479492,-965.503723,0.0
1552350,DLCworkshop03.esm,05003B9C,05000835,VltWorkShopCaveDirtPile01,STAT,730.321289,4385.507812,-84.889137,270.0002
1552351,DLCworkshop03.esm,05003B9F,0003AA22,RockM02,STAT,-158.326782,4230.646973,-9.412292,331.3523
1552352,DLCworkshop03.esm,05003BA2,000C5603,RockPileL01_NF_RubbleRock01,STAT,-410.986969,471.77475,-511.999908,74.4845
1552353,DLCworkshop03.esm,05003BA3,000C5603,RockPileL01_NF_RubbleRock01,STAT,1229.745972,1118.155396,-483.897034,268.3267
1552354,DLCworkshop03.esm,05003BA4,000C5603,RockPileL01_NF_RubbleRock01,STAT,975.771912,1491.279053,-512.0,228.2198
1552355,DLCworkshop03.esm,05003BA7,000C5603,RockPileL01_NF_RubbleRock01,STAT,1504.260254,-1096.872681,-171.971771,256.5553
1552356,DLCworkshop03.esm,05003BA8,000C5603,RockPileL01_NF_RubbleRock01,STAT,1034.022705,-1857.033569,-505.132019,0.0
1552357,DLCworkshop03.esm,05003BA9,000C5603,RockPileL01_NF_RubbleRock01,STAT,970.873291,-1983.313721,69.295776,10.8234
1552358,DLCworkshop03.esm,05003BAA,000C5603,RockPileL01_NF_RubbleRock01,STAT,1247.627197,-1908.85376,-302.611389,351.266
1552359,DLCworkshop03.esm,05003BAB,000C5603,RockPileL01_NF_RubbleRock01,STAT,1358.491455,-1620.242187,-512.457642,0.0
1552360,DLCworkshop03.esm,05003BAC,000C5603,RockPileL01_NF_RubbleRock01,STAT,3357.593506,-2093.225342,-742.344727,29.3578
1552361,DLCworkshop03.esm,05003BAD,000C5603,RockPileL01_NF_RubbleRock01,STAT,4198.754395,-2013.16748,-788.304688,63.0254
1552362,DLCworkshop03.esm,05003BAE,000C5603,RockPileL01_NF_RubbleRock01,STAT,5421.991699,-2941.794189,-1143.615479,0.0
1552363,DLCworkshop03.esm,05003BAF,000CF98D,RockPileM01_NF_RubbleRocks01,STAT,5438.869629,-2542.57251,-1149.42395,126.0507
1552364,DLCworkshop03.esm,05003BB0,000C5603,RockPileL01_NF_RubbleRock01,STAT,4965.388672,-2527.479492,-1134.446899,216.7606
1552365,DLCworkshop03.esm,05003BB1,0004F0DF,CaveMoundRocksLow01,STAT,5170.275391,-2483.252197,-1158.420288,0.0
1552366,DLCworkshop03.esm,05003BB2,0004F0DE,CaveMoundRocksMed01,STAT,4924.962891,-2399.439209,-1140.880005,251.1381
1552367,DLCworkshop03.esm,05003BB3,0004F0DF,CaveMoundRocksLow01,STAT,5313.027344,-2561.517578,-1163.152344,0.0
1552368,DLCworkshop03.esm,05003BB4,0004F118,CaveMoundRocksLow04,STAT,5444.785645,-2660.171387,-1160.219238,182.3834
1552369,DLCworkshop03.esm,05003BB5,0004F0E1,CaveMoundRocksLow02,STAT,5323.843262,-3551.807617,-1151.579834,198.6087
1552370,DLCworkshop03.esm,05003BB6,000C5603,RockPileL01_NF_RubbleRock01,STAT,5393.105957,-3368.437744,-1156.779175,0.0
1552371,DLCworkshop03.esm,05003BB7,000C5603,RockPileL01_NF_RubbleRock01,STAT,5353.896973,-4162.775879,-1112.413208,348.541
1552372,DLCworkshop03.esm,05003BB8,000CF98D,RockPileM01_NF_RubbleRocks01,STAT,4700.547852,-4054.438721,-1144.599487,279.786
1552373,DLCworkshop03.esm,05003BB9,0004F0DF,CaveMoundRocksLow01,STAT,4874.540039,-4143.804199,-1144.776367,0.0
1552374,DLCworkshop03.esm,05003BBA,0004F0F1,CaveMoundRocksLow03,STAT,4840.59082,-3614.096191,-1162.662964,0.0
1552375,DLCworkshop03.esm,05003BBB,0004F0DF,CaveMoundRocksLow01,STAT,3016.018311,-3707.09668,-921.108826,0.0
1552376,DLCworkshop03.esm,05003BBC,0004F12E,CaveMoundRocksSmall01,STAT,3012.80542,-4007.003662,-746.465027,81.5247
1552377,DLCworkshop03.esm,05003BBD,0004F0DB,CaveMoundRocksTall02,STAT,3079.122314,-4011.197998,-888.920837,332.3646
1552378,DLCworkshop03.esm,05003BBE,000C5603,RockPileL01_NF_RubbleRock01,STAT,2902.559326,-4050.067871,-884.727783,0.0
1552379,DLCworkshop03.esm,05003BBF,0003AA21,RockM01,STAT,2990.911377,-4010.108887,-872.439819,139.5842
1552380,DLCworkshop03.esm,05003BC0,000FDB9B,RockL01,STAT,2959.232178,-4113.561523,-856.7323,184.4123
1552381,DLCworkshop03.esm,05003BE7,000247F5,IndFrame512x512EmptyShape01,STAT,-1230.90686,7728.001953,1417.906738,90.0001
1552382,DLCworkshop03.esm,05003BE8,000247F5,IndFrame512x512EmptyShape01,STAT,-1230.90686,8240.001953,1417.766846,90.0001
1552383,DLCworkshop03.esm,05003BE9,000247F5,IndFrame512x512EmptyShape01,STAT,-1230.90686,8752.001953,1417.626953,90.0001
1552384,DLCworkshop03.esm,05003BEA,0005415D,VltRmPodRoofWide02,STAT,1072.0,7728.0,1376.230469,90.0001
1552385,DLCworkshop03.esm,05003BEB,0005415D,VltRmPodRoofWide02,STAT,1071.999512,7216.0,1376.230469,90.0001
1552386,DLCworkshop03.esm,05003BEC,00054159,VltRmPodRoofHalf01,STAT,1071.999146,6832.0,1376.0,90.0001
1552387,DLCworkshop03.esm,05003BED,00054159,VltRmPodRoofHalf01,STAT,1071.999023,6704.0,1376.230469,90.0001
1552388,DLCworkshop03.esm,05003BEE,0005415D,VltRmPodRoofWide02,STAT,1072.001343,9264.0,1376.230469,90.0001
1552389,DLCworkshop03.esm,05003BEF,0005415D,VltRmPodRoofWide02,STAT,1072.001831,9776.0,1376.230469,90.0001
1552390,DLCworkshop03.esm,05003BF0,00054159,VltRmPodRoofHalf01,STAT,1072.002197,10160.0,1376.0,90.0001
1552391,DLCworkshop03.esm,05003BF1,00054159,VltRmPodRoofHalf01,STAT,1072.002075,10032.0,1376.0,90.0001
1552392,DLCworkshop03.esm,05003BF2,00054159,VltRmPodRoofHalf01,STAT,560.002319,10288.0,1376.230469,90.0001
1552393,DLCworkshop03.esm,05003BF3,00054159,VltRmPodRoofHalf01,STAT,560.002441,10416.0,1376.230469,90.0001
1552394,DLCworkshop03.esm,05003BF4,00054159,VltRmPodRoofHalf01,STAT,816.002319,10288.0,1376.230469,90.0001
1552395,DLCworkshop03.esm,05003BF5,000540CB,VltRmPodRoofCorOutTallHalf01,STAT,1007.998291,6896.001465,1376.0,90.0001
1552396,DLCworkshop03.esm,05003BF6,000540CB,VltRmPodRoofCorOutTallHalf01,STAT,1008.000122,7792.0,1376.0,90.0001
1552397,DLCworkshop03.esm,05003BF7,000540CB,VltRmPodRoofCorOutTallHalf01,STAT,1007.998291,6896.001465,1376.0,180.0001
1552398,DLCworkshop03.esm,05003BF8,000540CB,VltRmPodRoofCorOutTallHalf01,STAT,1008.000061,7792.0,1376.0,180.0001
1552399,DLCworkshop03.esm,05003BF9,000540CB,VltRmPodRoofCorOutTallHalf01,STAT,1007.998657,7344.001465,1376.0,90.0001
1552400,DLCworkshop03.esm,05003BFA,000540CB,VltRmPodRoofCorOutTallHalf01,STAT,1007.998657,7344.001465,1376.0,180.0001
1552401,DLCworkshop03.esm,05003BFB,000540CB,VltRmPodRoofCorOutTallHalf01,STAT,1007.999451,7344.000488,1376.0,0.0001
1552402,DLCworkshop03.esm,05003BFC,000540CB,VltRmPodRoofCorOutTallHalf01,STAT,1007.999451,7344.000488,1376.0,270.0001
1552403,DLCworkshop03.esm,05003BFD,000540CB,VltRmPodRoofCorOutTallHalf01,STAT,1008.000793,7792.000488,1376.0,0.0001
1552404,DLCworkshop03.esm,05003BFE,000540CB,VltRmPodRoofCorOutTallHalf01,STAT,1008.000793,7792.000488,1376.0,270.0001
1552405,DLCworkshop03.esm,05003BFF,000540CB,VltRmPodRoofCorOutTallHalf01,STAT,1007.997803,6896.001953,1376.0,270.0001
1552406,DLCworkshop03.esm,05003C00,000540CB,VltRmPodRoofCorOutTallHalf01,STAT,1007.997803,6896.001953,1376.0,0.0001
1552407,DLCworkshop03.esm,05003C01,000540CB,VltRmPodRoofCorOutTallHalf01,STAT,1008.001526,9648.0,1376.0,0.0001
1552408,DLCworkshop03.esm,05003C02,000540CB,VltRmPodRoofCorOutTallHalf01,STAT,1008.001526,9648.0,1376.0,270.0001
1552409,DLCworkshop03.esm,05003C03,000540CB,VltRmPodRoofCorOutTallHalf01,STAT,1008.002869,10096.0,1376.0,0.0001
1552410,DLCworkshop03.esm,05003C04,000540CB,VltRmPodRoofCorOutTallHalf01,STAT,1008.002869,10096.0,1376.0,270.0001
1552411,DLCworkshop03.esm,05003C05,000540CB,VltRmPodRoofCorOutTallHalf01,STAT,1007.999878,9200.001953,1376.0,270.0001
1552412,DLCworkshop03.esm,05003C06,000540CB,VltRmPodRoofCorOutTallHalf01,STAT,1007.999878,9200.001953,1376.0,0.0001
1552413,DLCworkshop03.esm,05003C07,000540CB,VltRmPodRoofCorOutTallHalf01,STAT,1008.000732,9648.001953,1376.0,180.0001
1552414,DLCworkshop03.esm,05003C08,000540CB,VltRmPodRoofCorOutTallHalf01,STAT,1008.000732,9648.001953,1376.0,90.0001
1552415,DLCworkshop03.esm,05003C09,000540CB,VltRmPodRoofCorOutTallHalf01,STAT,1008.000366,9200.001953,1376.0,180.0001
1552416,DLCworkshop03.esm,05003C0A,000540CB,VltRmPodRoofCorOutTallHalf01,STAT,1008.000366,9200.001953,1376.0,90.0001
1552417,DLCworkshop03.esm,05003C0B,000540CB,VltRmPodRoofCorOutTallHalf01,STAT,1008.002197,10096.0,1376.0,90.0001
1552418,DLCworkshop03.esm,05003C0C,000540CB,VltRmPodRoofCorOutTallHalf01,STAT,1008.002136,10096.0,1376.0,180.0001
1552419,DLCworkshop03.esm,05003C0D,0005F874,VltLgRmShellWallMidWide01,STAT,880.001221,9328.0,1376.0,90.0
1552420,DLCworkshop03.esm,05003C0E,000540D3,VltRmPodRoofTrimWide02,STAT,1136.001099,9328.0,1888.0,90.0001
1552421,DLCworkshop03.esm,05003C0F,0005F2AE,VltLgRmShellCorOutMidHalf01,STAT,880.001221,8816.0,1376.0,90.0
1552422,DLCworkshop03.esm,05003C10,000540D4,VltRmPodRoofCorOutHalf01,STAT,1136.001099,9072.0,1888.0,90.0
1552423,DLCworkshop03.esm,05003C11,0005F874,VltLgRmShellWallMidWide01,STAT,880.001953,9840.0,1376.0,90.0
1552424,DLCworkshop03.esm,05003C13,0005F874,VltLgRmShellWallMidWide01,STAT,880.002441,10352.0,1376.0,90.0
1552425,DLCworkshop03.esm,05003C15,0005F874,VltLgRmShellWallMidWide01,STAT,879.999878,7536.0,1376.0,90.0
1552426,DLCworkshop03.esm,05003C17,000540D3,VltRmPodRoofTrimWide02,STAT,1135.999023,7024.0,1888.0,90.0001
1552427,DLCworkshop03.esm,05003C18,0005F874,VltLgRmShellWallMidWide01,STAT,879.99939,7024.0,1376.0,90.0
1552428,DLCworkshop03.esm,05003C19,0005F2AE,VltLgRmShellCorOutMidHalf01,STAT,879.999146,6512.0,1376.0,90.0
1552429,DLCworkshop03.esm,05003C1A,000540D4,VltRmPodRoofCorOutHalf01,STAT,1135.999023,6768.0,1888.0,90.0
1552430,DLCworkshop03.esm,05003C1C,0005F2AF,VltLgRmShellCorOutMid01,STAT,880.000427,8176.0,1376.0,180.0001
1552431,DLCworkshop03.esm,05003C1E,0005F2AE,VltLgRmShellCorOutMidHalf01,STAT,880.000977,8816.0,1632.0,90.0
1552432,DLCworkshop03.esm,05003C1F,0005F874,VltLgRmShellWallMidWide01,STAT,944.000671,8496.0,1120.230469,90.0
1552433,DLCworkshop03.esm,05003C20,0005F873,VltLgRmShellWallMid01,STAT,688.001221,9136.0,864.230408,90.0
1552434,DLCworkshop03.esm,05003C21,0005F873,VltLgRmShellWallMid01,STAT,688.001465,9392.0,864.230408,90.0
1552435,DLCworkshop03.esm,05003C22,0005F873,VltLgRmShellWallMid01,STAT,688.001953,9904.0,864.230408,90.0
1552436,DLCworkshop03.esm,05003C23,0005F873,VltLgRmShellWallMid01,STAT,688.001709,9648.0,864.230408,90.0
1552437,DLCworkshop03.esm,05003C24,0005F874,VltLgRmShellWallMidWide01,STAT,688.0,9264.0,96.230415,90.0
1552438,DLCworkshop03.esm,05003C25,0005F873,VltLgRmShellWallMid01,STAT,688.001221,9136.0,352.230408,90.0
1552439,DLCworkshop03.esm,05003C26,0005F873,VltLgRmShellWallMid01,STAT,688.001465,9392.0,352.230408,90.0
1552440,DLCworkshop03.esm,05003C27,0005F874,VltLgRmShellWallMidWide01,STAT,688.001343,9264.0,1120.230469,90.0
1552441,DLCworkshop03.esm,05003C28,0005F874,VltLgRmShellWallMidWide01,STAT,688.001831,9776.0,1120.230469,90.0
1552442,DLCworkshop03.esm,05003C29,0005F873,VltLgRmShellWallMid01,STAT,688.001709,9648.0,352.230408,90.0
1552443,DLCworkshop03.esm,05003C2A,0005F873,VltLgRmShellWallMid01,STAT,688.001953,9904.0,352.230408,90.0
1552444,DLCworkshop03.esm,05003C2B,0005F873,VltLgRmShellWallMid01,STAT,944.000549,8368.0,864.230408,90.0
1552445,DLCworkshop03.esm,05003C2C,0005F873,VltLgRmShellWallMid01,STAT,944.000793,8624.0,864.230408,90.0
1552446,DLCworkshop03.esm,05003C2D,0005F873,VltLgRmShellWallMid01,STAT,944.000549,8368.0,352.230408,90.0
1552447,DLCworkshop03.esm,05003C2E,0005F873,VltLgRmShellWallMid01,STAT,944.000793,8624.0,352.230408,90.0
1552448,DLCworkshop03.esm,05003C2F,0005F873,VltLgRmShellWallMid01,STAT,176.002625,10672.000977,864.230408,90.0
1552449,DLCworkshop03.esm,05003C30,0005F873,VltLgRmShellWallMid01,STAT,176.00238,10416.000977,864.230408,90.0
1552450,DLCworkshop03.esm,05003C31,0005F873,VltLgRmShellWallMid01,STAT,176.002625,10672.000977,352.230408,90.0
1552451,DLCworkshop03.esm,05003C32,0005F873,VltLgRmShellWallMid01,STAT,176.00238,10416.000977,352.230408,90.0
1552452,DLCworkshop03.esm,05003C33,0005F2AE,VltLgRmShellCorOutMidHalf01,STAT,879.998901,6512.0,1632.0,90.0
1552453,DLCworkshop03.esm,05003C34,0005F2AF,VltLgRmShellCorOutMid01,STAT,880.000427,8176.0,1632.0,180.0001
1552454,DLCworkshop03.esm,05003C35,0005F873,VltLgRmShellWallMid01,STAT,687.99939,7088.0,864.230408,90.0
1552455,DLCworkshop03.esm,05003C36,0005F873,VltLgRmShellWallMid01,STAT,687.999634,7344.0,864.230408,90.0
1552456,DLCworkshop03.esm,05003C37,0005F873,VltLgRmShellWallMid01,STAT,687.999878,7600.0,864.230408,90.0
1552457,DLCworkshop03.esm,05003C38,0005F873,VltLgRmShellWallMid01,STAT,688.000122,7856.0,864.230408,90.0
1552458,DLCworkshop03.esm,05003C39,0005F873,VltLgRmShellWallMid01,STAT,687.999634,7344.0,352.230408,90.0
1552459,DLCworkshop03.esm,05003C3A,0005F873,VltLgRmShellWallMid01,STAT,687.99939,7088.0,352.230408,90.0
1552460,DLCworkshop03.esm,05003C3B,0005F873,VltLgRmShellWallMid01,STAT,688.000122,7856.0,352.230408,90.0
1552461,DLCworkshop03.esm,05003C3C,0005F873,VltLgRmShellWallMid01,STAT,687.999878,7600.0,352.230408,90.0
1552462,DLCworkshop03.esm,05003C3D,0005F873,VltLgRmShellWallMid01,STAT,687.999207,6832.0,352.230408,90.0
1552463,DLCworkshop03.esm,05003C3E,0005F873,VltLgRmShellWallMid01,STAT,687.999207,6832.0,864.230408,90.0
1552464,DLCworkshop03.esm,05003C3F,0005F874,VltLgRmShellWallMidWide01,STAT,879.999817,7536.0,1632.0,90.0
1552465,DLCworkshop03.esm,05003C40,0005F874,VltLgRmShellWallMidWide01,STAT,879.99939,7024.0,1632.0,90.0
1552466,DLCworkshop03.esm,05003C41,0005F874,VltLgRmShellWallMidWide01,STAT,880.00116,9328.0,1632.0,90.0
1552467,DLCworkshop03.esm,05003C43,00024800,IndFrame768x512AShape01,STAT,1072.000732,8496.0,1184.0,180.0001
1552468,DLCworkshop03.esm,05003C47,000247F5,IndFrame512x512EmptyShape01,STAT,240.0,8240.0,1417.766846,90.0001
1552469,DLCworkshop03.esm,05003C48,000247F5,IndFrame512x512EmptyShape01,STAT,240.0,8752.0,1417.626953,90.0001
1552470,DLCworkshop03.esm,05003C49,000247F5,IndFrame512x512EmptyShape01,STAT,240.0,7728.000488,1417.906738,90.0001
1552471,DLCworkshop03.esm,05003C57,0003B2DF,RockM04,STAT,863.738281,8200.571289,11.287689,105.0
1552472,DLCworkshop03.esm,05003C58,0005F874,VltLgRmShellWallMidWide01,STAT,939.994385,8496.0,-154.681274,90.0
1552473,DLCworkshop03.esm,05003C59,0003B2DF,RockM04,STAT,946.2323,8688.50293,-6.19219,195.0
1552474,DLCworkshop03.esm,05003C5A,05000835,VltWorkShopCaveDirtPile01,STAT,1248.0,8784.0,-32.0,0.0
1552475,DLCworkshop03.esm,05003C5D,05003C5C,DLC06IBeamFooter01,SCOL,-15.822736,7874.408203,1417.16748,0.0
1552476,DLCworkshop03.esm,05003C5E,05003C5C,DLC06IBeamFooter01,SCOL,-15.822736,10634.435547,1417.16748,180.0
1552477,DLCworkshop03.esm,05003C5F,05003C5C,DLC06IBeamFooter01,SCOL,495.562988,9974.600586,1417.16748,180.0
1552478,DLCworkshop03.esm,05003C60,05003C5C,DLC06IBeamFooter01,SCOL,495.999756,7117.671387,1417.906738,0.0
1552479,DLCworkshop03.esm,05003C61,000247F5,IndFrame512x512EmptyShape01,STAT,240.0,7216.12793,1417.906738,90.0001
1552480,DLCworkshop03.esm,05003C62,000FDB9B,RockL01,STAT,415.138641,7115.212891,2147.598145,0.0
1552481,DLCworkshop03.esm,05003C64,05003C5C,DLC06IBeamFooter01,SCOL,253.12883,7693.861328,1424.200928,0.0
1552482,DLCworkshop03.esm,05003C65,05003C5C,DLC06IBeamFooter01,SCOL,-1486.489136,9625.673828,1417.16748,180.0
1552483,DLCworkshop03.esm,05003C66,05003C5C,DLC06IBeamFooter01,SCOL,-975.103516,10652.633789,1417.16748,180.0
1552484,DLCworkshop03.esm,05003C67,05003C5C,DLC06IBeamFooter01,SCOL,-1486.489136,7238.821289,1417.16748,0.0
1552485,DLCworkshop03.esm,05003C68,05003C5C,DLC06IBeamFooter01,SCOL,-975.103516,6936.541504,1417.16748,0.0
1552486,DLCworkshop03.esm,05003C6A,0003AA23,RockM03,STAT,-1412.699707,9808.37793,1546.97644,9.4627
1552487,DLCworkshop03.esm,05003C6B,0002480C,IndFrame768x768XShape01,STAT,-495.437134,8850.583984,1416.135498,90.0001
1552488,DLCworkshop03.esm,05003C6C,0002480C,IndFrame768x768XShape01,STAT,-495.437134,8850.583984,1416.135498,269.9943
1552489,DLCworkshop03.esm,05003C6F,0004810B,IndFrameCat256Tall01,STAT,495.913879,7949.079102,1420.550781,0.0
1552490,DLCworkshop03.esm,05003C70,0004810B,IndFrameCat256Tall01,STAT,495.843964,7949.024414,1676.550781,0.0
1552491,DLCworkshop03.esm,05003C71,0004810B,IndFrameCat256Tall01,STAT,495.914337,8525.079102,1420.67334,0.0
1552492,DLCworkshop03.esm,05003C72,0004810B,IndFrameCat256Tall01,STAT,495.844421,8525.024414,1676.67334,0.0
1552493,DLCworkshop03.esm,05003C73,05003C5C,DLC06IBeamFooter01,SCOL,495.843964,7949.024414,1897.340088,0.0
1552494,DLCworkshop03.esm,05003C74,05003C5C,DLC06IBeamFooter01,SCOL,495.809479,8524.99707,1940.231934,0.0
1552495,DLCworkshop03.esm,05003C76,000540CB,VltRmPodRoofCorOutTallHalf01,STAT,1111.763306,8497.978516,1272.902466,165.4811
1552496,DLCworkshop03.esm,05003C77,000540CB,VltRmPodRoofCorOutTallHalf01,STAT,1111.763306,8497.978516,1272.902466,75.4782
1552497,DLCworkshop03.esm,05003C78,000540CB,VltRmPodRoofCorOutTallHalf01,STAT,1111.763306,8497.978516,1272.902466,345.4804
1552498,DLCworkshop03.esm,05003C79,000540CB,VltRmPodRoofCorOutTallHalf01,STAT,1111.763306,8497.978516,1272.902466,255.4775
1552499,DLCworkshop03.esm,05003C7A,000540CB,VltRmPodRoofCorOutTallHalf01,STAT,495.999908,10047.359375,1481.906738,90.0
1552500,DLCworkshop03.esm,05003C7B,000540CB,VltRmPodRoofCorOutTallHalf01,STAT,495.999969,10047.359375,1481.906738,0.0
1552501,DLCworkshop03.esm,05003C7C,000540CB,VltRmPodRoofCorOutTallHalf01,STAT,495.999969,10111.359375,1481.906738,270.0
1552502,DLCworkshop03.esm,05003C7D,000540CB,VltRmPodRoofCorOutTallHalf01,STAT,495.999969,10111.359375,1481.906738,180.0
1552503,DLCworkshop03.esm,05003C7E,000540CB,VltRmPodRoofCorOutTallHalf01,STAT,-16.000031,10770.456055,1481.906738,270.0
1552504,DLCworkshop03.esm,05003C7F,000540CB,VltRmPodRoofCorOutTallHalf01,STAT,-16.000031,10770.456055,1481.906738,180.0
1552505,DLCworkshop03.esm,05003C80,000540CB,VltRmPodRoofCorOutTallHalf01,STAT,-16.000031,10706.456055,1481.906738,0.0
1552506,DLCworkshop03.esm,05003C81,000540CB,VltRmPodRoofCorOutTallHalf01,STAT,-16.000122,10706.456055,1481.906738,90.0
1552507,DLCworkshop03.esm,05003C82,000540CB,VltRmPodRoofCorOutTallHalf01,STAT,-16.000031,7797.216309,1481.906738,270.0
1552508,DLCworkshop03.esm,05003C83,000540CB,VltRmPodRoofCorOutTallHalf01,STAT,-16.000031,7797.216309,1481.906738,180.0
1552509,DLCworkshop03.esm,05003C84,000540CB,VltRmPodRoofCorOutTallHalf01,STAT,-16.000031,7733.216309,1481.906738,0.0
1552510,DLCworkshop03.esm,05003C85,000540CB,VltRmPodRoofCorOutTallHalf01,STAT,-16.000122,7733.216309,1481.906738,90.0
1552511,DLCworkshop03.esm,05003C86,000540CB,VltRmPodRoofCorOutTallHalf01,STAT,189.40921,7675.711914,1481.077393,300.9638
1552512,DLCworkshop03.esm,05003C87,000540CB,VltRmPodRoofCorOutTallHalf01,STAT,189.40921,7675.711914,1481.077393,210.9638
1552513,DLCworkshop03.esm,05003C88,000540CB,VltRmPodRoofCorOutTallHalf01,STAT,125.40921,7675.711914,1481.077393,149.3003
1552514,DLCworkshop03.esm,05003C89,000540CB,VltRmPodRoofCorOutTallHalf01,STAT,125.40921,7675.711914,1481.077393,59.3003
1552515,DLCworkshop03.esm,05003C8A,000540CB,VltRmPodRoofCorOutTallHalf01,STAT,433.021973,7038.393555,1481.906738,270.0
1552516,DLCworkshop03.esm,05003C8B,000540CB,VltRmPodRoofCorOutTallHalf01,STAT,433.021973,6974.393555,1481.906738,0.0
1552517,DLCworkshop03.esm,05003C8C,000540CB,VltRmPodRoofCorOutTallHalf01,STAT,433.021881,6974.393555,1481.906738,90.0
1552518,DLCworkshop03.esm,05003C8D,000540CB,VltRmPodRoofCorOutTallHalf01,STAT,433.021973,7038.393555,1481.906738,180.0
1552519,DLCworkshop03.esm,05003C8E,000540CB,VltRmPodRoofCorOutTallHalf01,STAT,-1008.000488,6771.916016,1480.856689,122.2757
1552520,DLCworkshop03.esm,05003C91,000540CB,VltRmPodRoofCorOutTallHalf01,STAT,-944.000366,6771.916016,1480.856689,239.3003
1552521,DLCworkshop03.esm,05003C92,000540CB,VltRmPodRoofCorOutTallHalf01,STAT,-1480.58728,7158.65918,1510.357422,270.0
1552522,DLCworkshop03.esm,05003C93,000540CB,VltRmPodRoofCorOutTallHalf01,STAT,-1480.58728,7094.65918,1510.357422,90.0
1552523,DLCworkshop03.esm,05003C94,000540CB,VltRmPodRoofCorOutTallHalf01,STAT,-1480.58728,7094.65918,1510.357422,0.0
1552524,DLCworkshop03.esm,05003C95,000540CB,VltRmPodRoofCorOutTallHalf01,STAT,-1480.58728,7158.65918,1510.357422,180.0
1552525,DLCworkshop03.esm,05003C96,000540CB,VltRmPodRoofCorOutTallHalf01,STAT,-1486.373047,9779.183594,1481.906738,180.0
1552526,DLCworkshop03.esm,05003C97,000540CB,VltRmPodRoofCorOutTallHalf01,STAT,-1486.373047,9779.183594,1481.906738,270.0
1552527,DLCworkshop03.esm,05003C98,000540CB,VltRmPodRoofCorOutTallHalf01,STAT,-1486.373047,9715.183594,1481.906738,0.0
1552528,DLCworkshop03.esm,05003C99,000540CB,VltRmPodRoofCorOutTallHalf01,STAT,-1486.373047,9715.183594,1481.906738,90.0
1552529,DLCworkshop03.esm,05003C9A,000540CB,VltRmPodRoofCorOutTallHalf01,STAT,-966.270325,10741.541992,1486.904053,0.0
1552530,DLCworkshop03.esm,05003C9B,000540CB,VltRmPodRoofCorOutTallHalf01,STAT,-966.270325,10805.541992,1486.904053,270.0
1552531,DLCworkshop03.esm,05003C9C,000540CB,VltRmPodRoofCorOutTallHalf01,STAT,-966.270325,10741.541992,1486.904053,90.0
1552532,DLCworkshop03.esm,05003C9D,000540CB,VltRmPodRoofCorOutTallHalf01,STAT,-966.270325,10805.541992,1486.904053,180.0
1552533,DLCworkshop03.esm,05003C9F,000F3BB9,HitPlanterFree02,STAT,1047.763794,8497.992187,1272.832397,316.4585
1552534,DLCworkshop03.esm,05003CA0,000A1395,IndustrialFanSmall,STAT,1016.863403,8497.992187,1272.798584,270.0001
1552535,DLCworkshop03.esm,05003CA1,000F3BBC,HitPlanterFree04,STAT,1066.895874,8497.990234,1272.853394,226.1744
1552536,DLCworkshop03.esm,05003CA2,000F3BBC,HitPlanterFree04,STAT,1006.223022,8497.990234,1272.786865,136.848
1552537,DLCworkshop03.esm,05003CA3,0005F873,VltLgRmShellWallMid01,STAT,-2568.0,8616.0,224.0,270.0001
1552538,DLCworkshop03.esm,05003CA4,0005F872,VltLgRmShellWallMidHalf01,STAT,-2567.999756,8424.0,224.0,270.0001
1552539,DLCworkshop03.esm,05003CA5,0005F872,VltLgRmShellWallMidHalf01,STAT,-2567.999512,8808.0,224.0,270.0001
1552540,DLCworkshop03.esm,05003CA6,0005F870,VltLgRmShellWallLowWide01,STAT,-2567.999268,9128.0,480.0,270.0001
1552541,DLCworkshop03.esm,05003CA7,0005F870,VltLgRmShellWallLowWide01,STAT,-2568.0,8104.0,480.0,270.0001
1552542,DLCworkshop03.esm,05003CAA,000C5603,RockPileL01_NF_RubbleRock01,STAT,1244.476196,149.195023,-482.391754,255.0001
1552543,DLCworkshop03.esm,05003CAC,0005187C,SubPlatformHallEnd04,STAT,6936.559082,-2528.804443,-1116.722778,1.0886
1552544,DLCworkshop03.esm,05003CAD,00034148,SubPlatformCornerArch04,STAT,7192.512207,-2533.668213,-1116.722778,1.0886
1552545,DLCworkshop03.esm,05003CAE,00031D51,SubPlatformInCorner02,STAT,6680.60498,-2523.940674,-1116.722778,1.0887
1552546,DLCworkshop03.esm,05003CAF,00051878,SubPlatformHall02,STAT,6680.60498,-2523.940674,-1116.722778,1.0886
1552547,DLCworkshop03.esm,05003CB0,00031CC2,SubPlatformCol01,STAT,6822.755371,-2622.65918,-1116.722778,1.0886
1552548,DLCworkshop03.esm,05003CB1,00031CC2,SubPlatformCol01,STAT,6822.755371,-2622.65918,-892.722778,1.0886
1552549,DLCworkshop03.esm,05003CB2,00031CC2,SubPlatformCol01,STAT,6790.456543,-2638.04834,-892.722778,1.0886
1552550,DLCworkshop03.esm,05003CB3,00031CC2,SubPlatformCol01,STAT,6790.456543,-2638.04834,-1116.722778,1.0886
1552551,DLCworkshop03.esm,05003CB4,00000003,NorthMarker,STAT,6496.0,8400.0,1632.0,184.658
1552552,DLCworkshop03.esm,05003CB5,00067994,BldConcBgWall01,STAT,6557.419434,-7322.46582,-924.722778,1.0886
1552553,DLCworkshop03.esm,05003CB6,00067962,BldConcBgWallScktABot02,STAT,6557.419434,-7322.46582,-924.722778,91.0886
1552554,DLCworkshop03.esm,05003CB7,00067994,BldConcBgWall01,STAT,6557.419434,-7322.46582,-924.722778,271.0887
1552555,DLCworkshop03.esm,05003CB8,00067994,BldConcBgWall01,STAT,6557.419434,-7322.46582,-924.722778,181.0887
1552556,DLCworkshop03.esm,05003CB9,00067A4B,BldConcSmFlrPlat01,STAT,6557.419434,-7322.46582,-924.722778,181.0887
1552557,DLCworkshop03.esm,05003CBA,00067A2A,BldConcSmCeilOnly01,STAT,6553.915039,-7319.646973,-641.576416,181.0887
1552558,DLCworkshop03.esm,05003CBB,00076485,LadderMetalShort01Static,STAT,6560.0,-7424.0,-664.060425,0.0
1552559,DLCworkshop03.esm,05003CBC,00076485,LadderMetalShort01Static,STAT,6560.001953,-7424.243164,-541.983521,0.0
1552560,DLCworkshop03.esm,05003CBD,05003CAB,DLC06RoadManholeDoor01NONAME,DOOR,6560.0,-7384.0,-432.060394,88.9114
1552561,DLCworkshop03.esm,05003CC1,0004946F,DefaultEnableDisableTrigger,ACTI,-8851.227539,-5242.690918,144.406906,74.4392
1552562,DLCworkshop03.esm,05003D04,05003D03,VltCatwalkStairsFrontBottomExtShell,STAT,2080.0,6944.0,-128.0,0.0
1552563,DLCworkshop03.esm,05003D07,05000835,VltWorkShopCaveDirtPile01,STAT,-2601.705811,4407.732422,-56.695282,260.0964
1552564,DLCworkshop03.esm,05003D09,05000835,VltWorkShopCaveDirtPile01,STAT,-2552.432373,4390.515137,-70.912285,354.4943
1552565,DLCworkshop03.esm,05003D0A,05000835,VltWorkShopCaveDirtPile01,STAT,-2107.476074,4193.789551,9.2e-05,270.0
1552566,DLCworkshop03.esm,05003D0B,05000835,VltWorkShopCaveDirtPile01,STAT,-1048.681396,4808.430176,-1.984952,98.571
1552567,DLCworkshop03.esm,05003D0C,0005F867,QryCatwalkStairLanding02,STAT,-3130.305176,4507.991699,-5.621902,90.3268
1552568,DLCworkshop03.esm,05003D0D,0005F866,QryCatwalkStairLanding01,STAT,-3387.270264,4510.353516,-5.621902,180.1093
1552569,DLCworkshop03.esm,05003D0E,0005F429,QryCatwalkStairs01,STAT,-3707.269775,4510.963867,-261.621887,0.1093
1552570,DLCworkshop03.esm,05003D0F,0005F867,QryCatwalkStairLanding02,STAT,-3770.901367,4433.581543,-261.621887,180.1093
1552571,DLCworkshop03.esm,05003D10,0005F429,QryCatwalkStairs01,STAT,-3764.962158,4881.751465,-517.621887,91.5703
1552572,DLCworkshop03.esm,05003D11,0005F867,QryCatwalkStairLanding02,STAT,-3639.587891,4927.953125,-517.621887,92.0913
1552573,DLCworkshop03.esm,05003D13,0005F429,QryCatwalkStairs01,STAT,-4076.575439,5077.780273,-773.621887,2.7735
1552574,DLCworkshop03.esm,05003D14,0003299A,RockCliff03,STAT,-2918.768311,5552.641113,-1494.39502,9.5408
1552575,DLCworkshop03.esm,05003D15,0003299A,RockCliff03,STAT,-3229.30127,3470.083496,-953.926697,80.9861
1552576,DLCworkshop03.esm,05003D17,0005F429,QryCatwalkStairs01,STAT,-4476.0,5095.191406,-1014.637634,2.7735
1552577,DLCworkshop03.esm,05003D18,0005F42A,QryCatwalkStairs01RailL01,STAT,-4076.575439,5077.780273,-773.621887,2.7735
1552578,DLCworkshop03.esm,05003D19,0005F42B,QryCatwalkStairs01RailR01,STAT,-4076.575439,5077.780273,-773.621887,2.7735
1552579,DLCworkshop03.esm,05003D1A,0005F42A,QryCatwalkStairs01RailL01,STAT,-3764.962158,4881.751465,-517.621887,91.5703
1552580,DLCworkshop03.esm,05003D1B,0005F42A,QryCatwalkStairs01RailL01,STAT,-3707.269775,4510.963867,-261.621887,0.1093
1552581,DLCworkshop03.esm,05003D1C,0005F42B,QryCatwalkStairs01RailR01,STAT,-3764.962158,4881.751465,-517.621887,91.5703
1552582,DLCworkshop03.esm,05003D1D,0005F42B,QryCatwalkStairs01RailR01,STAT,-3707.269775,4510.963867,-261.621887,0.1093
1552583,DLCworkshop03.esm,05003D1E,0005F416,QryCatwalkRailCorner01v01,STAT,-3060.767822,4564.489746,-2.924953,0.0572
1552584,DLCworkshop03.esm,05003D1F,0005F3A9,QryCatwalkRail01v02,STAT,-3316.167725,4564.786133,-5.621902,180.0232
1552585,DLCworkshop03.esm,05003D20,0005F3A9,QryCatwalkRail01v02,STAT,-3442.752441,4565.001465,-5.621902,180.0232
1552586,DLCworkshop03.esm,05003D21,0005F3A9,QryCatwalkRail01v02,STAT,-3830.012695,4508.680664,-258.621887,87.6337
1552587,DLCworkshop03.esm,05003D22,0005F3A9,QryCatwalkRail01v02,STAT,-3830.413818,4381.852051,-258.621887,90.0973
1552588,DLCworkshop03.esm,05003D23,0005F3AD,QryCatwalkRail01v06,STAT,-3820.897949,4989.111328,-514.622009,276.3086
1552589,DLCworkshop03.esm,05003D26,0005F3AC,QryCatwalkRail01v05,STAT,-3583.412842,4870.109863,-514.622009,6.4346
1552590,DLCworkshop03.esm,05003D27,0005F3D8,QryCatwalkRail01v01DoublePostsV02,STAT,-4074.207275,5161.113281,-768.43988,119.2896
1552591,DLCworkshop03.esm,05003D28,0005F3AE,QryCatwalkRail01v07,STAT,-3983.35498,5375.166504,-769.50293,333.483
1552592,DLCworkshop03.esm,05003D29,0005F3AE,QryCatwalkRail01v07,STAT,-4180.875,5005.121582,-772.148926,247.0052
1552593,DLCworkshop03.esm,05003D2A,0005F3D8,QryCatwalkRail01v01DoublePostsV02,STAT,-4016.008057,4852.395996,-740.895081,258.7082
1552594,DLCworkshop03.esm,05003D2B,0003454E,SubRTunnel01,STAT,-3447.999756,9120.0,-48.0,270.0001
1552595,DLCworkshop03.esm,05003D2C,0003454E,SubRTunnel01,STAT,-3959.999756,9120.001953,-48.0,270.0001
1552596,DLCworkshop03.esm,05003D2D,000349C0,SubRTunnelRamp02,STAT,-5240.0,9120.003906,-304.0,270.0001
1552597,DLCworkshop03.esm,05003D2E,050041DA,DLC06UnScrapableRail01,SCOL,-4935.982422,9121.022461,-80.276016,269.8523
1552598,DLCworkshop03.esm,05003D2F,050041DA,DLC06UnScrapableRail01,SCOL,-3926.288574,9121.646484,56.0,269.8529
1552599,DLCworkshop03.esm,05003D31,0003454E,SubRTunnel01,STAT,-2935.999756,9120.0,-48.0,270.0001
1552600,DLCworkshop03.esm,05003D32,00034570,SubRTunnelOpen02,STAT,-6520.0,9120.003906,-304.0,270.0001
1552601,DLCworkshop03.esm,05003D34,050041DA,DLC06UnScrapableRail01,SCOL,-6506.764648,9120.560547,-324.293549,269.9797
1552602,DLCworkshop03.esm,05003D35,050041DA,DLC06UnScrapableRail01,SCOL,-5915.42041,9119.212891,-242.284073,270.1494
1552603,DLCworkshop03.esm,05003D37,00129E14,SubRTunnelOpenMid02,STAT,-7544.0,9120.005859,-304.0,270.0001
1552604,DLCworkshop03.esm,05003D3B,0003454E,SubRTunnel01,STAT,-8056.0,9120.006836,-304.0,270.0001
1552605,DLCworkshop03.esm,05003D3C,0003454E,SubRTunnel01,STAT,-8568.0,9120.007812,-304.0,270.0001
1552606,DLCworkshop03.esm,05003D3D,0003CF98,ExtRubble_BricksLrg_Sm_Short01,STAT,-8495.99707,9144.625977,-151.514755,163.0418
1552607,DLCworkshop03.esm,05003D3E,0003CF94,ExtRubble_BricksLrg_Sm_Mid02,STAT,-8364.904297,8981.915039,-381.999969,79.0225
1552608,DLCworkshop03.esm,05003D3F,0003CF98,ExtRubble_BricksLrg_Sm_Short01,STAT,-8096.527344,9139.101562,-391.170654,270.0
1552609,DLCworkshop03.esm,05003D40,0003CF98,ExtRubble_BricksLrg_Sm_Short01,STAT,-3110.592285,8099.719238,162.735413,163.0418
1552610,DLCworkshop03.esm,05003D41,0003CFA9,ExtRubble_BricksLrg_Sm_MidHalf02,STAT,-3232.237793,8151.525391,4.949635,269.0396
1552611,DLCworkshop03.esm,05003D42,0003CFA9,ExtRubble_BricksLrg_Sm_MidHalf02,STAT,-5838.737305,8235.102539,-284.005798,60.1029
1552612,DLCworkshop03.esm,05003D43,0003CFAD,ExtRubble_BricksLrg_Med_Mid01,STAT,-5783.416016,7987.9375,-130.135834,251.0404
1552613,DLCworkshop03.esm,05003D44,05000836,VltWorkShopCaveFloor01,STAT,-5997.303223,8601.861328,-280.5,0.0
1552614,DLCworkshop03.esm,05003D5B,050041DA,DLC06UnScrapableRail01,SCOL,-7522.143066,9120.224609,-329.900269,269.9679
1552615,DLCworkshop03.esm,05003D5C,05000835,VltWorkShopCaveDirtPile01,STAT,-7559.666504,9273.021484,-449.932159,180.0001
1552616,DLCworkshop03.esm,05003D5D,000E1CB3,BldConcMdWallTop01,STAT,-7799.999512,9280.004883,-367.233093,90.0001
1552617,DLCworkshop03.esm,05003D5E,000E1CB3,BldConcMdWallTop01,STAT,-7544.0,9280.005859,-367.233093,90.0001
1552618,DLCworkshop03.esm,05003D5F,00067A71,BldConcSmFlrPlatTrimEdge01,STAT,-7544.000488,9536.003906,-79.233101,90.0001
1552619,DLCworkshop03.esm,05003D60,00067A71,BldConcSmFlrPlatTrimEdge01,STAT,-7799.999023,9536.005859,-79.233101,90.0001
1552620,DLCworkshop03.esm,05003D61,00067A2A,BldConcSmCeilOnly01,STAT,-7543.999512,9616.003906,-336.0,0.0001
1552621,DLCworkshop03.esm,05003D62,00067A2A,BldConcSmCeilOnly01,STAT,-7799.999023,9616.005859,-336.0,0.0001
1552622,DLCworkshop03.esm,05003D63,000E1CB3,BldConcMdWallTop01,STAT,-7288.0,9280.007812,-367.233093,90.0001
1552623,DLCworkshop03.esm,05003D64,00067A71,BldConcSmFlrPlatTrimEdge01,STAT,-7288.000488,9536.005859,-79.233101,90.0001
1552624,DLCworkshop03.esm,05003D65,00067A2A,BldConcSmCeilOnly01,STAT,-7287.999512,9616.005859,-336.0,0.0001
1552625,DLCworkshop03.esm,05003D66,00067A94,BldConcSmWallPlugBDblDoor01,STAT,-7543.999512,9504.005859,-368.0,90.0001
1552626,DLCworkshop03.esm,05003D67,00067AA6,BldConcSmWall01,STAT,-7799.999512,9376.005859,-368.0,90.0001
1552627,DLCworkshop03.esm,05003D68,00067AA6,BldConcSmWall01,STAT,-7287.999512,9376.005859,-368.0,90.0001
1552628,DLCworkshop03.esm,05003D69,00067ACF,BldConcSmWallPillarBg01,STAT,-7735.999512,9472.005859,-368.0,90.0001
1552629,DLCworkshop03.esm,05003D6A,00067ACF,BldConcSmWallPillarBg01,STAT,-7351.999512,9472.005859,-368.0,90.0001
1552630,DLCworkshop03.esm,05003D6B,00067A97,BldConcSmWallScktB01,STAT,-7543.999512,9376.005859,-368.0,90.0001
1552631,DLCworkshop03.esm,05003D6C,00067A97,BldConcSmWallScktB01,STAT,-7543.999023,9632.005859,-368.0,270.0001
1552632,DLCworkshop03.esm,05003D6D,00067AA6,BldConcSmWall01,STAT,-7799.999023,9632.005859,-368.0,270.0001
1552633,DLCworkshop03.esm,05003D6E,00067AA6,BldConcSmWall01,STAT,-7287.999023,9632.005859,-368.0,270.0001
1552634,DLCworkshop03.esm,05003D6F,00067AA6,BldConcSmWall01,STAT,-7287.999023,9632.005859,-368.0,180.0001
1552635,DLCworkshop03.esm,05003D70,00067AA6,BldConcSmWall01,STAT,-7287.998535,9888.004883,-368.0,180.0001
1552636,DLCworkshop03.esm,05003D71,00067AA6,BldConcSmWall01,STAT,-7639.999023,9632.005859,-368.0,0.0001
1552637,DLCworkshop03.esm,05003D72,00067AA6,BldConcSmWall01,STAT,-7639.998535,9888.005859,-368.0,0.0001
1552638,DLCworkshop03.esm,05003D73,00067AA6,BldConcSmWall01,STAT,-7799.998535,9888.005859,-368.0,90.0001
1552639,DLCworkshop03.esm,05003D74,00067AC7,BldConcSmWallHole09,STAT,-7543.998535,9888.005859,-368.0,90.0001
1552640,DLCworkshop03.esm,05003D75,00067ABF,BldConcSmWallHole01,STAT,-7287.998535,9888.004883,-368.0,90.0001
1552641,DLCworkshop03.esm,05003D76,05001B94,DLC06BldConcSmFlrOnly01,STAT,-7799.999023,9632.005859,-368.0,0.0001
1552642,DLCworkshop03.esm,05003D77,05001B94,DLC06BldConcSmFlrOnly01,STAT,-7543.999023,9632.005859,-368.0,0.0001
1552643,DLCworkshop03.esm,05003D78,05001B94,DLC06BldConcSmFlrOnly01,STAT,-7287.999023,9632.005859,-368.0,0.0001
1552644,DLCworkshop03.esm,05003D79,05001B94,DLC06BldConcSmFlrOnly01,STAT,-7287.998535,9888.004883,-368.0,0.0001
1552645,DLCworkshop03.esm,05003D7A,05001B94,DLC06BldConcSmFlrOnly01,STAT,-7543.998535,9888.005859,-368.0,0.0001
1552646,DLCworkshop03.esm,05003D7B,05001B94,DLC06BldConcSmFlrOnly01,STAT,-7799.998535,9888.005859,-368.0,0.0001
1552647,DLCworkshop03.esm,05003D7C,050036B9,VltWorkShopCaveWall03TopHALF,STAT,-7561.461426,10423.473633,-759.098816,270.0001
1552648,DLCworkshop03.esm,05003D7D,050036B3,VltWorkShopCavePillar02MidHALF,STAT,-7003.52832,10013.552734,-944.0,167.9505
1552649,DLCworkshop03.esm,05003D7E,00067AC7,BldConcSmWallHole09,STAT,-7543.998047,10144.005859,-368.0,270.0001
1552650,DLCworkshop03.esm,05003D7F,00067AC0,BldConcSmWallHole02,STAT,-7287.998047,10144.005859,-368.0,270.0001
1552651,DLCworkshop03.esm,05003D80,00067AA6,BldConcSmWall01,STAT,-7799.998047,10144.005859,-368.0,270.0001
1552652,DLCworkshop03.esm,05003D81,00067AA6,BldConcSmWall01,STAT,-7799.998047,10144.005859,-624.0,270.0001
1552653,DLCworkshop03.esm,05003D82,00067AA6,BldConcSmWall01,STAT,-7543.998047,10144.005859,-624.0,270.0001
1552654,DLCworkshop03.esm,05003D83,00067AA6,BldConcSmWall01,STAT,-7287.998047,10144.005859,-624.0,270.0001
1552655,DLCworkshop03.esm,05003D84,00067AA6,BldConcSmWall01,STAT,-7031.998047,10144.004883,-624.0,270.0001
1552656,DLCworkshop03.esm,05003D85,00067AA6,BldConcSmWall01,STAT,-7031.998047,10144.004883,-368.0,270.0001
1552657,DLCworkshop03.esm,05003D86,00067AA6,BldConcSmWall01,STAT,-7031.998047,10144.004883,-112.0,270.0001
1552658,DLCworkshop03.esm,05003D87,00067AA6,BldConcSmWall01,STAT,-7287.998047,10144.005859,-112.0,270.0001
1552659,DLCworkshop03.esm,05003D88,00067AA6,BldConcSmWall01,STAT,-7543.998047,10144.005859,-112.0,270.0001
1552660,DLCworkshop03.esm,05003D89,00067AA6,BldConcSmWall01,STAT,-7799.998047,10144.005859,-112.0,270.0001
1552661,DLCworkshop03.esm,05003D8A,050036B5,VltWorkShopCaveTunnel01LeftHALF,STAT,-7191.998047,10272.004883,-311.098816,180.0001
1552662,DLCworkshop03.esm,05003D8B,050036B3,VltWorkShopCavePillar02MidHALF,STAT,-7731.140137,10146.342773,-944.0,226.7932
1552663,DLCworkshop03.esm,05003D8C,05000835,VltWorkShopCaveDirtPile01,STAT,-7311.155762,10134.669922,-464.740631,180.0001
1552664,DLCworkshop03.esm,05003D8D,050036B3,VltWorkShopCavePillar02MidHALF,STAT,-7795.594727,10301.677734,-821.893799,272.6299
1552665,DLCworkshop03.esm,05003D8E,05000836,VltWorkShopCaveFloor01,STAT,-7384.067871,10092.412109,-443.864258,0.0
1552666,DLCworkshop03.esm,05003D8F,050036AB,VltWorkShopCaveCorIn03TopHALF,STAT,-6960.63623,11267.907227,-757.281982,116.024
1552667,DLCworkshop03.esm,05003D90,05000835,VltWorkShopCaveDirtPile01,STAT,-6995.487793,10893.896484,-525.451294,180.0001
1552668,DLCworkshop03.esm,05003D91,05000835,VltWorkShopCaveDirtPile01,STAT,-7315.551758,10773.952148,-525.451294,234.4311
1552669,DLCworkshop03.esm,05003D92,05000835,VltWorkShopCaveDirtPile01,STAT,-7679.625977,10667.00293,-525.451294,274.5381
1552670,DLCworkshop03.esm,05003D93,05000836,VltWorkShopCaveFloor01,STAT,-7214.943359,10881.15625,-521.705566,45.8366
1552671,DLCworkshop03.esm,05003D94,050036B9,VltWorkShopCaveWall03TopHALF,STAT,-8111.396973,11268.027344,-767.392883,203.938
1552672,DLCworkshop03.esm,05003D95,05000839,VltWorkShopCavePillar02Mid,STAT,-8236.542969,10557.325195,-1694.01062,161.3466
1552673,DLCworkshop03.esm,05003D96,050036B9,VltWorkShopCaveWall03TopHALF,STAT,-7880.812988,11717.185547,-757.281982,26.0241
1552674,DLCworkshop03.esm,05003D97,050036B9,VltWorkShopCaveWall03TopHALF,STAT,-8310.732422,12744.894531,-757.281982,106.2381
1552675,DLCworkshop03.esm,05003D98,050036AB,VltWorkShopCaveCorIn03TopHALF,STAT,-9983.238281,12098.999023,-767.392883,293.938
1552676,DLCworkshop03.esm,05003D99,050036B9,VltWorkShopCaveWall03TopHALF,STAT,-9047.318359,11683.512695,-767.392883,203.938
1552677,DLCworkshop03.esm,05003D9B,050036AB,VltWorkShopCaveCorIn03TopHALF,STAT,-9990.691406,14300.727539,-757.281982,16.2382
1552678,DLCworkshop03.esm,05003D9C,050036B9,VltWorkShopCaveWall03TopHALF,STAT,-9007.541016,14014.386719,-757.281982,16.2382
1552679,DLCworkshop03.esm,05003D9E,05000839,VltWorkShopCavePillar02Mid,STAT,-7844.802734,12438.943359,-1493.7323,342.3276
1552680,DLCworkshop03.esm,05003D9F,05000835,VltWorkShopCaveDirtPile01,STAT,-7907.01123,11038.286133,-601.377319,131.2984
1552681,DLCworkshop03.esm,05003DA0,05000835,VltWorkShopCaveDirtPile01,STAT,-7658.766602,11324.880859,-601.377319,33.8953
1552682,DLCworkshop03.esm,05003DA1,05000835,VltWorkShopCaveDirtPile01,STAT,-7599.671875,11735.405273,-601.377319,356.6531
1552683,DLCworkshop03.esm,05003DA2,05000836,VltWorkShopCaveFloor01,STAT,-8125.124023,11576.299805,-661.701355,45.8366
1552684,DLCworkshop03.esm,05003DA3,05000835,VltWorkShopCaveDirtPile01,STAT,-7886.393066,11933.104492,-668.976624,356.6531
1552685,DLCworkshop03.esm,05003DA4,05000835,VltWorkShopCaveDirtPile01,STAT,-7850.38916,11621.381836,-668.976624,28.1657
1552686,DLCworkshop03.esm,05003DA5,05000835,VltWorkShopCaveDirtPile01,STAT,-8142.151367,11254.0,-668.976624,45.3545
1552687,DLCworkshop03.esm,05003DA7,05000836,VltWorkShopCaveFloor01,STAT,-9006.467773,12152.054688,-744.513977,0.0
1552688,DLCworkshop03.esm,05003DA8,05000836,VltWorkShopCaveFloor01,STAT,-10606.467773,12152.054688,-744.513977,0.0
1552689,DLCworkshop03.esm,05003DA9,05000836,VltWorkShopCaveFloor01,STAT,-10603.735352,13752.47168,-744.513977,0.0
1552690,DLCworkshop03.esm,05003DAA,05000836,VltWorkShopCaveFloor01,STAT,-9006.467773,13752.054687,-744.513977,0.0
1552691,DLCworkshop03.esm,05003DAB,05000835,VltWorkShopCaveDirtPile01,STAT,-9060.379883,11602.724609,-747.460815,45.3545
1552692,DLCworkshop03.esm,05003DAC,05000835,VltWorkShopCaveDirtPile01,STAT,-8829.845703,11925.019531,-747.460815,307.9516
1552693,DLCworkshop03.esm,05003DAD,05000835,VltWorkShopCaveDirtPile01,STAT,-8508.703125,12194.041016,-747.460815,227.7375
1552694,DLCworkshop03.esm,05003DAE,05000835,VltWorkShopCaveDirtPile01,STAT,-8286.233398,12522.664062,-747.460815,121.7402
1552695,DLCworkshop03.esm,05003DAF,05000835,VltWorkShopCaveDirtPile01,STAT,-8250.382812,12977.49707,-747.460815,70.1739
1552696,DLCworkshop03.esm,05003DB0,05000835,VltWorkShopCaveDirtPile01,STAT,-8384.285156,13364.597656,-747.460815,70.1739
1552697,DLCworkshop03.esm,05003DB1,05000836,VltWorkShopCaveFloor01,STAT,-7572.647949,13984.96875,-857.159302,328.9497
1552698,DLCworkshop03.esm,05003DB2,05000835,VltWorkShopCaveDirtPile01,STAT,-8617.012695,13748.704102,-747.460815,318.4469
1552699,DLCworkshop03.esm,05003DB3,05000835,VltWorkShopCaveDirtPile01,STAT,-8917.258789,14030.645508,-747.460815,221.0439
1552700,DLCworkshop03.esm,05003DB4,05000835,VltWorkShopCaveDirtPile01,STAT,-9226.661133,14285.56543,-747.460815,132.2353
1552701,DLCworkshop03.esm,05003DB5,05000835,VltWorkShopCaveDirtPile01,STAT,-9484.226562,14533.421875,-747.460815,66.3449
1552702,DLCworkshop03.esm,05003DB6,05000835,VltWorkShopCaveDirtPile01,STAT,-9642.21875,11767.679688,-813.671143,307.9516
1552703,DLCworkshop03.esm,05003DB7,05000835,VltWorkShopCaveDirtPile01,STAT,-9743.647461,12914.53125,-788.31488,48.2192
1552704,DLCworkshop03.esm,05003DB8,05001A7B,VltWorkShopCaveDirtPileFLAT01,STAT,-8784.770508,12954.191406,-741.643738,131.2981
1552705,DLCworkshop03.esm,05003DB9,05000835,VltWorkShopCaveDirtPile01,STAT,-9976.505859,14520.418945,-744.514038,270.0
1552706,DLCworkshop03.esm,05003DBA,05000839,VltWorkShopCavePillar02Mid,STAT,-10182.90625,12854.761719,-1493.7323,341.2146
1552707,DLCworkshop03.esm,05003DBB,0003299A,RockCliff03,STAT,-8908.077148,12917.234375,361.535522,268.7627
1552708,DLCworkshop03.esm,05003DBC,0003299A,RockCliff03,STAT,-9031.400391,12286.250977,242.007401,110.5985
1552709,DLCworkshop03.esm,05003DBD,0003299A,RockCliff03,STAT,-7695.472656,11276.416016,424.314056,184.6841
1552710,DLCworkshop03.esm,05003DCE,0019B5F5,MetalShelf01Debris01,SCOL,-7435.104492,9974.030273,-368.0,2.3778
1552711,DLCworkshop03.esm,05003DCF,000E37D1,IndustrialCart01,STAT,-7232.225586,9584.470703,-368.0,4.4691
1552712,DLCworkshop03.esm,05003DD0,001ABE38,MetalShelf01_Broken01,STAT,-7217.584473,9902.052734,-368.0,290.758
1552713,DLCworkshop03.esm,05003DD1,0011EB5C,Prewar_Locker_Wall01,CONT,-7732.111328,9726.907227,-367.302734,270.5611
1552714,DLCworkshop03.esm,05003DD2,0001D549,DebrisPileRoad02Trash,STAT,-7758.182617,9720.150391,-366.847412,91.2273
1552715,DLCworkshop03.esm,05003DD3,000679F3,BldConcSmDmgFlrBg03,STAT,-7716.499512,9724.56543,-368.823425,0.5611
1552716,DLCworkshop03.esm,05003DD4,05004BD6,DLC06ScrapablePrewar_Locker_Empty01,STAT,-7711.276367,9639.852539,-369.263062,299.1587
1552717,DLCworkshop03.esm,05003DD5,0001D1A6,DebrisPileRoad01Trash,STAT,-7750.260742,9795.75293,-367.664795,270.5611
1552718,DLCworkshop03.esm,05003DD6,001A5947,WoodBox01,MSTT,-7753.313477,9584.949219,-355.320679,89.9958
1552719,DLCworkshop03.esm,05003DD7,001A5947,WoodBox01,MSTT,-7600.515625,9678.816406,-366.342651,115.2911
1552720,DLCworkshop03.esm,05003DD8,00024843,TrafficCone,MSTT,-7576.079102,9587.185547,-352.486328,223.8685
1552721,DLCworkshop03.esm,05003DD9,0011EB56,Prewar_Locker_DoorStatic01,STAT,-7642.546387,9839.666992,-366.748291,359.9506
1552722,DLCworkshop03.esm,05003DDD,0003CFAF,ExtRubble_BricksLrg_Tiny_Mid01,STAT,-7234.648437,10034.270508,-446.206177,42.5133
1552723,DLCworkshop03.esm,05003DDE,000679F3,BldConcSmDmgFlrBg03,STAT,-7295.789551,9937.770508,-368.000031,298.6479
1552724,DLCworkshop03.esm,05003DEA,0005F86F,VltLgRmShellWallLow01,STAT,1131.452637,542.841492,-448.457611,90.0003
1552725,DLCworkshop03.esm,05003DEB,0005F873,VltLgRmShellWallMid01,STAT,1131.455078,1054.841553,-192.457611,90.0003
1552726,DLCworkshop03.esm,05003DF8,000FDB9B,RockL01,STAT,-432.324615,-425.424713,-13.751011,41.6304
1552727,DLCworkshop03.esm,05003DF9,000FDB9B,RockL01,STAT,-701.167725,-94.390137,-51.191544,357.1118
1552728,DLCworkshop03.esm,05003DFB,000517B0,DefaultLightWhite01NS,LIGH,161.741486,-3232.186523,-379.951447,134.9994
1552729,DLCworkshop03.esm,05003E10,000517B0,DefaultLightWhite01NS,LIGH,612.57251,-4931.061523,-506.400635,134.9994
1552730,DLCworkshop03.esm,05003E1F,000517B0,DefaultLightWhite01NS,LIGH,-7816.839355,3745.909912,230.104279,134.9994
1552731,DLCworkshop03.esm,05003E24,000517B0,DefaultLightWhite01NS,LIGH,-6809.36377,5234.837402,164.982742,134.9994
1552732,DLCworkshop03.esm,05003E28,000517B0,DefaultLightWhite01NS,LIGH,-3614.468994,9208.821289,136.653442,134.9994
1552733,DLCworkshop03.esm,05003E2B,000517B0,DefaultLightWhite01NS,LIGH,-8211.734375,8092.268066,-301.599945,134.9994
1552734,DLCworkshop03.esm,05003E31,000FDB9B,RockL01,STAT,-2491.962158,6301.966309,-54.557686,80.2141
1552735,DLCworkshop03.esm,05003E34,000540D4,VltRmPodRoofCorOutHalf01,STAT,1003.424133,-5601.15332,63.542389,90.0004
1552736,DLCworkshop03.esm,05003E35,0005F874,VltLgRmShellWallMidWide01,STAT,-542.351318,-5345.15625,-192.457611,180.0003
1552737,DLCworkshop03.esm,05003E3A,000FDB9B,RockL01,STAT,1437.323486,-802.938965,-408.3255,205.4235
1552738,DLCworkshop03.esm,05003E3B,0003AA21,RockM01,STAT,1777.960937,-905.570984,-444.015991,20.5017
1552739,DLCworkshop03.esm,05003E3C,000517B0,DefaultLightWhite01NS,LIGH,-63.229389,5900.836426,211.718903,134.9994
1552740,DLCworkshop03.esm,05003E4F,00001E0B,CinderBlocks03,STAT,571.754333,6744.285156,-83.418564,251.1381
1552741,DLCworkshop03.esm,05003E50,00001E01,CinderBlockSquare02,STAT,530.73877,6736.869141,-18.14072,90.0001
1552742,DLCworkshop03.esm,05003E55,0005415E,VltRmPodRoofWide04,STAT,-584.0,6423.504395,1088.0,90.0001
1552743,DLCworkshop03.esm,05003E56,0005415E,VltRmPodRoofWide04,STAT,-518.417969,6170.299316,1086.11438,90.0001
1552744,DLCworkshop03.esm,05003E77,05003E42,DLC06ScrapableCrateLargeBlueRust,STAT,-8906.735352,2207.193359,-1027.658936,113.6284
1552745,DLCworkshop03.esm,05003E81,00018CD4,MetalBarrelStatic01,STAT,-4809.897461,9297.626953,-103.827637,351.251
1552746,DLCworkshop03.esm,05003E82,00018CD4,MetalBarrelStatic01,STAT,-4864.510254,9257.603516,-88.395874,154.9856
1552747,DLCworkshop03.esm,05003E86,05003E87,DLC06ScrapablePipesBarrels03,SCOL,-1561.780762,6575.473633,-0.470875,4.5605
1552748,DLCworkshop03.esm,05003E88,05003E87,DLC06ScrapablePipesBarrels03,SCOL,-1440.93042,9086.075195,-0.470874,324.7059
1552749,DLCworkshop03.esm,05003E8E,05000835,VltWorkShopCaveDirtPile01,STAT,-5037.101074,-5910.501953,-514.685852,179.1122
1552750,DLCworkshop03.esm,05003ED8,00098148,CementBag,MISC,-226.524475,127.786987,-470.386871,359.9495
1552751,DLCworkshop03.esm,05003EEB,00098148,CementBag,MISC,-247.943863,368.059113,-468.725922,18.7456
1552752,DLCworkshop03.esm,05003EEE,00098148,CementBag,MISC,-221.338394,410.513031,-506.382721,179.9003
1552753,DLCworkshop03.esm,05003EF0,00001DFD,CinderBlockSingle01,STAT,-306.870667,311.950806,-517.188171,87.2717
1552754,DLCworkshop03.esm,05003EFF,05003E3E,DLC06ScrapableIndBgPipe1WayLong01,STAT,4106.181152,-1801.350586,-748.42511,10.3822
1552755,DLCworkshop03.esm,05003F00,05003E46,DLC06ScrapableIndBgPipe1Way01,STAT,4045.471924,-1728.855957,-756.460876,90.5963
1552756,DLCworkshop03.esm,05003F04,0003CFA2,ExtRubble_BricksLrg_Sm_ShortHalf01,STAT,5375.571777,-3838.178955,-1222.47876,346.8625
1552757,DLCworkshop03.esm,05003F05,0003CFA2,ExtRubble_BricksLrg_Sm_ShortHalf01,STAT,5255.423828,-3350.772949,-1222.47876,345.8994
1552758,DLCworkshop03.esm,05003F06,0004F14E,CaveColmRockTall,STAT,4902.304199,-4185.342773,-1125.900879,146.6304
1552759,DLCworkshop03.esm,05003F07,0004F110,CaveMoundRocksTall04,STAT,4750.64502,-4152.300781,-836.351196,246.855
1552760,DLCworkshop03.esm,05003F09,0004F0DE,CaveMoundRocksMed01,STAT,4840.572754,-4169.610352,-902.663635,300.3649
1552761,DLCworkshop03.esm,05003F0A,0004F0DE,CaveMoundRocksMed01,STAT,4686.772949,-4071.656982,-896.886963,35.5741
1552762,DLCworkshop03.esm,05003F0B,0004F118,CaveMoundRocksLow04,STAT,5058.314453,-4185.652344,-896.886963,123.4286
1552763,DLCworkshop03.esm,05003F0C,0004F118,CaveMoundRocksLow04,STAT,4909.394531,-4120.46875,-1144.041626,270.0
1552764,DLCworkshop03.esm,05003F0D,0004F213,CaveRockM03,STAT,4647.48584,-4054.240234,-1091.066528,190.5203
1552765,DLCworkshop03.esm,05003F0E,0004F213,CaveRockM03,STAT,5059.250977,-4110.310547,-1166.168457,287.9231
1552766,DLCworkshop03.esm,05003F0F,0004F118,CaveMoundRocksLow04,STAT,5124.881348,-3409.576904,-1173.885498,333.0254
1552767,DLCworkshop03.esm,05003F10,0004F213,CaveRockM03,STAT,4982.665527,-3758.324463,-1203.000732,0.0
1552768,DLCworkshop03.esm,05003F11,0004F213,CaveRockM03,STAT,4317.527832,-3760.997803,-1142.15918,148.9691
1552769,DLCworkshop03.esm,05003F12,0004F214,CaveRockM04,STAT,4132.182617,-4203.976562,-1112.186768,0.0
1552770,DLCworkshop03.esm,05003F13,0004F213,CaveRockM03,STAT,4081.045654,-4234.084473,-1114.662964,301.5883
1552771,DLCworkshop03.esm,05003F14,0004F118,CaveMoundRocksLow04,STAT,4108.013184,-4204.347168,-1120.686768,262.994
1552772,DLCworkshop03.esm,05003F20,05000835,VltWorkShopCaveDirtPile01,STAT,-384.765717,-5327.417969,-602.633728,51.1084
1552773,DLCworkshop03.esm,05003F29,000C3885,WoodPallet02,STAT,692.132996,-3377.450195,-907.041931,2.5536
1552774,DLCworkshop03.esm,05003F2A,000FDB9B,RockL01,STAT,735.99115,-5079.998535,-936.0,75.0
1552775,DLCworkshop03.esm,05003F2B,000FDB9B,RockL01,STAT,409.984894,-5080.013184,-760.765503,268.671
1552776,DLCworkshop03.esm,05003F2C,000C5603,RockPileL01_NF_RubbleRock01,STAT,546.067871,-4724.544922,-904.873352,0.1466
1552777,DLCworkshop03.esm,05003F2D,000C5603,RockPileL01_NF_RubbleRock01,STAT,244.247162,-4849.32666,-707.027222,0.2684
1552778,DLCworkshop03.esm,05003F2E,000C5603,RockPileL01_NF_RubbleRock01,STAT,1229.202271,-4757.605957,-998.346619,0.0
1552779,DLCworkshop03.esm,05003F2F,000C5603,RockPileL01_NF_RubbleRock01,STAT,1492.541138,-4816.963867,-938.129028,98.9337
1552780,DLCworkshop03.esm,05003F30,000C5603,RockPileL01_NF_RubbleRock01,STAT,1315.292236,-3084.812012,-996.871704,0.0
1552781,DLCworkshop03.esm,05003F31,000C5603,RockPileL01_NF_RubbleRock01,STAT,1533.189209,-3334.969727,-977.581909,252.1014
1552782,DLCworkshop03.esm,05003F32,000FDB9B,RockL01,STAT,559.29248,-3140.805176,-891.621094,268.671
1552783,DLCworkshop03.esm,05003F33,000C5603,RockPileL01_NF_RubbleRock01,STAT,376.355011,-3163.537109,-786.675415,1.8211
1552784,DLCworkshop03.esm,05003F38,000540CB,VltRmPodRoofCorOutTallHalf01,STAT,-35.747272,-5480.004883,187.691696,269.999
1552785,DLCworkshop03.esm,05003F39,000540CB,VltRmPodRoofCorOutTallHalf01,STAT,-35.747272,-5480.004883,187.691696,179.9961
1552786,DLCworkshop03.esm,05003F3A,000F3BBC,HitPlanterFree04,STAT,-35.679768,-5435.137207,187.642624,179.7159
1552787,DLCworkshop03.esm,05003F3B,000F3BB9,HitPlanterFree02,STAT,-35.654865,-5416.005371,187.621628,269.9999
1552788,DLCworkshop03.esm,05003F3C,000540CB,VltRmPodRoofCorOutTallHalf01,STAT,-35.747272,-5480.004883,187.691696,359.9968
1552789,DLCworkshop03.esm,05003F3D,000540CB,VltRmPodRoofCorOutTallHalf01,STAT,-35.747272,-5480.004883,187.691696,89.9997
1552790,DLCworkshop03.esm,05003F3E,000A1395,IndustrialFanSmall,STAT,1260.296509,-5414.216309,187.66571,0.0692
1552791,DLCworkshop03.esm,05003F3F,00031EE8,IndSmPipe1Way01,STAT,457.192657,-5390.598145,-519.291992,179.9998
1552792,DLCworkshop03.esm,05003F40,000494ED,IndBgPipeSocket02,STAT,457.192657,-5390.598145,-502.942139,179.6923
1552793,DLCworkshop03.esm,05003F41,00031EEF,IndSmPipe2Way01,STAT,457.192657,-5390.598145,-263.291992,179.9998
1552794,DLCworkshop03.esm,05003F42,00031EE8,IndSmPipe1Way01,STAT,466.534698,-5710.461914,-199.291992,1.6732
1552795,DLCworkshop03.esm,05003F43,000494ED,IndBgPipeSocket02,STAT,2262.260742,-5503.250977,-197.414062,178.0191
1552796,DLCworkshop03.esm,05003F4D,05000835,VltWorkShopCaveDirtPile01,STAT,-174.967651,-2607.648438,-592.457581,0.0003
1552797,DLCworkshop03.esm,05003F4E,000C5603,RockPileL01_NF_RubbleRock01,STAT,114.153595,-3237.535889,-683.409363,1.5421
1552798,DLCworkshop03.esm,05003F6A,000FDB9B,RockL01,STAT,-3155.770752,-4607.556641,-385.948395,335.3823
1552799,DLCworkshop03.esm,05003F6C,000FDB9B,RockL01,STAT,-3941.450195,-4412.241699,-644.110535,45.5775
1552800,DLCworkshop03.esm,05003F6D,000C5603,RockPileL01_NF_RubbleRock01,STAT,-3881.384277,-4793.3125,-534.597778,177.6169
1552801,DLCworkshop03.esm,05003F6E,000C5603,RockPileL01_NF_RubbleRock01,STAT,-5632.96875,-4787.791504,-519.631592,6.9232
1552802,DLCworkshop03.esm,05003F6F,000C5603,RockPileL01_NF_RubbleRock01,STAT,-5549.806641,-5578.839355,-484.722809,199.7294
1552803,DLCworkshop03.esm,05003F70,000FDB9B,RockL01,STAT,-5875.369629,-5459.800293,-410.084778,54.387
1552804,DLCworkshop03.esm,05003F71,000FDB9B,RockL01,STAT,-5634.999512,-5583.914551,-391.774078,334.9357
1552805,DLCworkshop03.esm,05003F72,000FDB9B,RockL01,STAT,-6429.393066,-4985.988281,-237.039612,166.0128
1552806,DLCworkshop03.esm,05003F73,0003AA23,RockM03,STAT,-6252.038086,-5123.706543,-268.929443,63.0254
1552807,DLCworkshop03.esm,05003F74,000C5603,RockPileL01_NF_RubbleRock01,STAT,-6155.140625,-5195.563477,-235.33783,94.403
1552808,DLCworkshop03.esm,05003F75,000C5603,RockPileL01_NF_RubbleRock01,STAT,-6560.92627,-4768.498047,50.908417,94.403
1552809,DLCworkshop03.esm,05003F76,000FDB9B,RockL01,STAT,-6430.089844,-3707.095947,-785.935486,221.8539
1552810,DLCworkshop03.esm,05003F77,000C5603,RockPileL01_NF_RubbleRock01,STAT,-6225.887695,-4110.617187,-668.832825,5.4604
1552811,DLCworkshop03.esm,05003F78,000C5603,RockPileL01_NF_RubbleRock01,STAT,-5845.444336,-4653.44873,-514.152649,168.1701
1552812,DLCworkshop03.esm,05003F8B,000C5603,RockPileL01_NF_RubbleRock01,STAT,-2290.556885,6157.635742,33.662712,168.6904
1552813,DLCworkshop03.esm,05003F8C,000C5603,RockPileL01_NF_RubbleRock01,STAT,-2652.709717,6030.239258,66.10186,182.3833
1552814,DLCworkshop03.esm,05003F8D,000C5603,RockPileL01_NF_RubbleRock01,STAT,-1337.711914,4914.300781,1.26456,251.1498
1552815,DLCworkshop03.esm,05003F8E,000C5603,RockPileL01_NF_RubbleRock01,STAT,-1310.406372,5918.64502,6.475702,309.1437
1552816,DLCworkshop03.esm,05003F92,0003AA22,RockM02,STAT,-3027.217285,4709.249512,-57.513748,104.7368
1552817,DLCworkshop03.esm,05003F94,0003B2E0,RockS01,STAT,-3060.317871,4386.470703,-40.232857,279.786
1552818,DLCworkshop03.esm,05003F95,000C5603,RockPileL01_NF_RubbleRock01,STAT,-3200.920898,4361.368164,-97.012985,304.4244
1552819,DLCworkshop03.esm,05003F96,000C5603,RockPileL01_NF_RubbleRock01,STAT,-3691.410645,4908.575684,-740.473633,304.4244
1552820,DLCworkshop03.esm,05003F97,000C5603,RockPileL01_NF_RubbleRock01,STAT,-3651.581543,5199.444824,-728.395569,46.2902
1552821,DLCworkshop03.esm,05003F98,000C5603,RockPileL01_NF_RubbleRock01,STAT,-4342.44043,4816.348145,-896.0,304.4244
1552822,DLCworkshop03.esm,05003F99,000C5603,RockPileL01_NF_RubbleRock01,STAT,-4139.526367,5621.76709,-887.13147,262.5568
1552823,DLCworkshop03.esm,05003F9E,000C5603,RockPileL01_NF_RubbleRock01,STAT,-8645.399414,4791.263672,-911.385193,119.3579
1552824,DLCworkshop03.esm,05003F9F,000C5603,RockPileL01_NF_RubbleRock01,STAT,-8478.667969,4393.729004,-904.624878,10.4959
1552825,DLCworkshop03.esm,05003FA0,000C5603,RockPileL01_NF_RubbleRock01,STAT,-8385.793945,3876.552002,-879.400146,159.465
1552826,DLCworkshop03.esm,05003FA1,05000835,VltWorkShopCaveDirtPile01,STAT,-8552.572266,4207.647949,-1013.267944,57.6454
1552827,DLCworkshop03.esm,05003FA2,05000835,VltWorkShopCaveDirtPile01,STAT,-8618.65332,5652.167969,-1013.267944,57.6454
1552828,DLCworkshop03.esm,05003FA4,000C5603,RockPileL01_NF_RubbleRock01,STAT,-8277.074219,5092.118652,-1067.180298,126.8513
1552829,DLCworkshop03.esm,05003FA8,05003E85,DLC06ScrapablePipesBarrels02,SCOL,-8081.996094,3503.302734,-1004.59729,239.6789
1552830,DLCworkshop03.esm,05003FA9,000C5603,RockPileL01_NF_RubbleRock01,STAT,-8274.661133,3609.952881,-988.910156,102.1692
1552831,DLCworkshop03.esm,05003FAA,05000835,VltWorkShopCaveDirtPile01,STAT,-8495.855469,3935.764648,-1016.775696,200.8846
1552832,DLCworkshop03.esm,05003FAB,05000835,VltWorkShopCaveDirtPile01,STAT,-9023.97168,3303.89502,-1031.433228,189.4255
1552833,DLCworkshop03.esm,05003FB4,05000835,VltWorkShopCaveDirtPile01,STAT,-5160.978027,4101.275391,-1027.832031,140.7247
1552834,DLCworkshop03.esm,05003FB5,05000835,VltWorkShopCaveDirtPile01,STAT,-5644.210938,3738.783936,-1027.998047,114.9412
1552835,DLCworkshop03.esm,05003FB6,05000835,VltWorkShopCaveDirtPile01,STAT,-5912.522461,3761.319336,-1058.459595,114.9412
1552836,DLCworkshop03.esm,05003FB9,05000835,VltWorkShopCaveDirtPile01,STAT,-4825.82373,4275.718262,-896.589417,125.0678
1552837,DLCworkshop03.esm,05003FBA,05000835,VltWorkShopCaveDirtPile01,STAT,-4398.171875,4358.726562,-898.866272,56.4423
1552838,DLCworkshop03.esm,05003FBC,0003AA23,RockM03,STAT,-4513.56543,4513.563477,-896.0,0.0
1552839,DLCworkshop03.esm,05003FBD,0003AA23,RockM03,STAT,-4120.034668,4716.958984,-896.864441,186.2223
1552840,DLCworkshop03.esm,05003FBE,0003B2E0,RockS01,STAT,-4041.709961,4704.381836,-842.266479,11.4592
1552841,DLCworkshop03.esm,05003FBF,0003B2E0,RockS01,STAT,-4106.899902,4893.13916,-865.880615,249.045
1552842,DLCworkshop03.esm,05003FC0,0003B2E0,RockS01,STAT,-4008.283447,4893.13916,-865.880615,249.045
1552843,DLCworkshop03.esm,05003FC1,0003B2DF,RockM04,STAT,-4249.747559,5026.500977,-913.060364,268.3268
1552844,DLCworkshop03.esm,05003FC2,0003AA21,RockM01,STAT,-4223.925781,5182.510742,-959.207397,74.4847
1552845,DLCworkshop03.esm,05003FC7,05003E3E,DLC06ScrapableIndBgPipe1WayLong01,STAT,-7725.116211,5435.648926,-981.353394,249.2997
1552846,DLCworkshop03.esm,05003FD3,05003FD2,DLC06ScrapableCinderBlocks01,SCOL,-5878.084961,2567.149414,-1012.873779,222.4901
1552847,DLCworkshop03.esm,05003FE0,05003FDF,DLC06ScrapableJerseyBarriers02,SCOL,-7625.927734,1834.063477,-1023.180054,96.3823
1552848,DLCworkshop03.esm,05003FF4,0003456D,SubLTunnelOpen02,STAT,-7031.997559,9120.003906,-304.0,90.0002
1552849,DLCworkshop03.esm,05003FF5,0003456C,SubLTunnelOpen01,STAT,-7032.001953,8096.004883,-304.0,270.0003
1552850,DLCworkshop03.esm,05003FF6,0003456D,SubLTunnelOpen02,STAT,-6520.003418,8096.004883,-304.0,270.0003
1552851,DLCworkshop03.esm,05003FF7,0005F2AA,VltLgRmShellCorOutThinLow01,STAT,-9412.560547,7680.839844,-687.379578,95.6725
1552852,DLCworkshop03.esm,05003FF8,000679C7,BldConcMdWallPillarWall01,STAT,-9318.749023,7841.197754,-605.6073,0.0001
1552853,DLCworkshop03.esm,05003FF9,000679C7,BldConcMdWallPillarWall01,STAT,-9315.363281,7939.713867,-195.123047,0.0001
1552854,DLCworkshop03.esm,05003FFA,000AB08D,SubCTunnel03,STAT,-7031.999023,8672.003906,-304.0,270.0001
1552855,DLCworkshop03.esm,05003FFB,000AB08D,SubCTunnel03,STAT,-6519.999023,8672.001953,-304.0,90.0002
1552856,DLCworkshop03.esm,05003FFC,000AB08D,SubCTunnel03,STAT,-6519.933105,8540.917969,-303.400848,90.0002
1552857,DLCworkshop03.esm,05003FFD,000AB08D,SubCTunnel03,STAT,-7031.933105,8540.919922,-303.400848,270.0001
1552858,DLCworkshop03.esm,05003FFE,000F393E,Rubble_Pile_Dirt_Sm01,STAT,-6822.637207,8958.701172,-360.647461,262.5973
1552859,DLCworkshop03.esm,05003FFF,000F393E,Rubble_Pile_Dirt_Sm01,STAT,-6726.018066,8699.724609,-360.647461,337.0818
1552860,DLCworkshop03.esm,05004000,000F393E,Rubble_Pile_Dirt_Sm01,STAT,-6735.362793,8403.503906,-357.254364,337.062
1552861,DLCworkshop03.esm,05004001,000F393E,Rubble_Pile_Dirt_Sm01,STAT,-6810.641602,8490.397461,-363.429016,251.1185
1552862,DLCworkshop03.esm,05004002,000517B0,DefaultLightWhite01NS,LIGH,-6411.208008,9180.453125,-200.251312,134.9994
1552863,DLCworkshop03.esm,05004004,0003CFAF,ExtRubble_BricksLrg_Tiny_Mid01,STAT,-7174.632812,8865.220703,-392.272552,60.1029
1552864,DLCworkshop03.esm,05004005,0003CFAF,ExtRubble_BricksLrg_Tiny_Mid01,STAT,-7355.874512,8282.710937,-394.656708,231.9903
1552865,DLCworkshop03.esm,05004006,000C5603,RockPileL01_NF_RubbleRock01,STAT,-7269.733887,8748.082031,-373.20874,228.2234
1552866,DLCworkshop03.esm,05004007,000C5603,RockPileL01_NF_RubbleRock01,STAT,-6191.891113,8843.460938,-336.336212,136.5502
1552867,DLCworkshop03.esm,05004008,000C5603,RockPileL01_NF_RubbleRock01,STAT,-6293.707031,8190.619629,-278.58252,156.8229
1552868,DLCworkshop03.esm,05004009,05000835,VltWorkShopCaveDirtPile01,STAT,-6231.304688,8664.491211,-370.54483,185.7297
1552869,DLCworkshop03.esm,0500400A,05000835,VltWorkShopCaveDirtPile01,STAT,-7245.240234,8192.288086,-448.153992,31.0314
1552870,DLCworkshop03.esm,0500400B,05000835,VltWorkShopCaveDirtPile01,STAT,-7908.922852,8085.041504,-532.59552,64.1499
1552871,DLCworkshop03.esm,05004012,00024848,ConstructionBarrier02,MSTT,-7090.203125,8669.035156,-367.29425,244.7461
1552872,DLCworkshop03.esm,05004013,00024848,ConstructionBarrier02,MSTT,-6613.504883,8563.210937,-324.296387,3.0745
1552873,DLCworkshop03.esm,05004014,00024848,ConstructionBarrier02,MSTT,-5774.632324,9298.004883,-262.048401,0.0
1552874,DLCworkshop03.esm,05004015,000C574D,DCKitPlywoodBroke04,STAT,-6983.462891,8767.790039,-368.0,120.3212
1552875,DLCworkshop03.esm,05004017,0007D5D3,DinerIntTable02,STAT,-7120.750977,8815.467773,-350.94989,358.6529
1552876,DLCworkshop03.esm,05004018,000A1391,IndustrialFan,STAT,-7207.741699,8591.306641,-83.475014,90.0002
1552877,DLCworkshop03.esm,05004019,000E37D1,IndustrialCart01,STAT,-5110.875977,8947.199219,-141.392746,313.2909
1552878,DLCworkshop03.esm,0500401A,00018CD4,MetalBarrelStatic01,STAT,-5074.143066,9011.638672,-112.445297,280.0091
1552879,DLCworkshop03.esm,0500401B,00018CD4,MetalBarrelStatic01,STAT,-5224.000977,9109.416992,-122.847527,289.9749
1552880,DLCworkshop03.esm,0500401C,00018CD4,MetalBarrelStatic01,STAT,-6002.328613,8945.263672,-275.822327,0.9511
1552881,DLCworkshop03.esm,0500401D,0022B17E,Workshop_ToolChest,CONT,-6586.690918,9224.220703,-314.7211,94.7293
1552882,DLCworkshop03.esm,0500401E,00024843,TrafficCone,MSTT,-6512.317383,9273.435547,-303.631073,252.5632
1552883,DLCworkshop03.esm,0500401F,00024843,TrafficCone,MSTT,-6899.20166,8571.777344,-349.356964,270.5766
1552884,DLCworkshop03.esm,05004020,00054167,VltRmPodRoofHalf03,STAT,-1288.000244,6551.504395,1088.0,180.0
1552885,DLCworkshop03.esm,05004021,00054167,VltRmPodRoofHalf03,STAT,-1032.000244,6551.503906,1088.0,90.0001
1552886,DLCworkshop03.esm,05004022,00054167,VltRmPodRoofHalf03,STAT,-1224.000488,6199.504395,1088.0,270.0001
1552887,DLCworkshop03.esm,05004023,00054167,VltRmPodRoofHalf03,STAT,-1224.000488,6071.504395,1088.0,270.0001
1552888,DLCworkshop03.esm,05004024,00054167,VltRmPodRoofHalf03,STAT,-1224.000366,6327.504395,1088.0,270.0001
1552889,DLCworkshop03.esm,05004025,0005F2AE,VltLgRmShellCorOutMidHalf01,STAT,-3382.573975,5622.047852,-256.59729,180.0
1552890,DLCworkshop03.esm,05004026,0005F86D,VltLgRmShellWallMidWide02,STAT,-3382.573975,5110.04834,-256.59729,90.0001
1552891,DLCworkshop03.esm,05004027,0005F2AE,VltLgRmShellCorOutMidHalf01,STAT,-3382.573975,4598.048828,-256.59729,90.0001
1552892,DLCworkshop03.esm,05004028,0005F2AE,VltLgRmShellCorOutMidHalf01,STAT,-2870.573975,4598.04834,-256.17218,0.0001
1552893,DLCworkshop03.esm,05004029,0005F2AE,VltLgRmShellCorOutMidHalf01,STAT,-2870.572998,5622.04834,-234.074661,270.0001
1552894,DLCworkshop03.esm,0500402A,050037C1,VltWorkShopRailings04EndLeft,STAT,-3126.573242,5366.048828,-0.597302,90.0
1552895,DLCworkshop03.esm,0500402B,000540D3,VltRmPodRoofTrimWide02,STAT,-3126.573486,5110.04834,-0.597302,90.0001
1552896,DLCworkshop03.esm,0500402C,000540D4,VltRmPodRoofCorOutHalf01,STAT,-3126.573242,5366.048828,-0.597302,180.0
1552897,DLCworkshop03.esm,0500402D,000540D4,VltRmPodRoofCorOutHalf01,STAT,-3126.57373,4854.04834,-0.597302,90.0001
1552898,DLCworkshop03.esm,0500402E,000540D4,VltRmPodRoofCorOutHalf01,STAT,-3126.572998,5366.049316,-0.597302,270.0001
1552899,DLCworkshop03.esm,0500402F,000540D3,VltRmPodRoofTrimWide02,STAT,-3126.572998,5110.048828,-0.597302,270.0001
1552900,DLCworkshop03.esm,05004030,000540D4,VltRmPodRoofCorOutHalf01,STAT,-3126.57373,4854.048828,-0.597302,0.0001
1552901,DLCworkshop03.esm,05004031,050038DB,VltWorkShopRailings02CorOutEndRight,STAT,-3126.57373,4854.04834,-0.597302,90.0001
1552902,DLCworkshop03.esm,05004032,05003749,VltWorkShopRailings01,STAT,-3126.573486,5110.04834,-0.597302,90.0
1552903,DLCworkshop03.esm,05004038,05003E4A,DLC06ScrapableCrane02,STAT,-3773.949219,5347.012207,-416.106934,231.0049
1552904,DLCworkshop03.esm,05004039,0008A4FF,IndFreeRail1WaySide03,STAT,-3793.566895,5369.130371,-388.056427,0.0
1552905,DLCworkshop03.esm,0500403A,0005F869,QryCatwalkStairsWithSupports01,STAT,-3631.467529,5236.84668,-384.842072,271.2033
1552906,DLCworkshop03.esm,0500403B,0002475E,IndBldShellOutCorner01,STAT,-3769.208984,5325.721191,-1426.802734,269.7997
1552907,DLCworkshop03.esm,0500403C,0002475E,IndBldShellOutCorner01,STAT,-3513.210449,5326.615723,-1426.802734,179.7997
1552908,DLCworkshop03.esm,0500403D,0002475E,IndBldShellOutCorner01,STAT,-3770.104004,5581.720215,-1426.802734,359.7997
1552909,DLCworkshop03.esm,0500403E,0002475E,IndBldShellOutCorner01,STAT,-3514.105469,5582.615234,-1426.802734,89.7997
1552910,DLCworkshop03.esm,0500403F,05000835,VltWorkShopCaveDirtPile01,STAT,-3429.215088,5514.530273,-403.204193,137.8593
1552911,DLCworkshop03.esm,05004040,0005F867,QryCatwalkStairLanding02,STAT,-3634.80542,5055.199707,-517.621887,92.0913
1552912,DLCworkshop03.esm,05004041,0005F3AD,QryCatwalkRail01v06,STAT,-4073.264648,4929.149902,-774.50238,353.6481
1552913,DLCworkshop03.esm,05004042,0005F3AC,QryCatwalkRail01v05,STAT,-4024.154785,4871.131348,-742.646912,38.297
1552914,DLCworkshop03.esm,05004045,000481CF,IndPlatCorner01,STAT,-4404.116699,5340.977539,-982.166748,272.7736
1552915,DLCworkshop03.esm,05004046,000481CF,IndPlatCorner01,STAT,-4391.729492,5596.677734,-982.166748,2.7736
1552916,DLCworkshop03.esm,05004047,000481CF,IndPlatCorner01,STAT,-4148.416504,5328.59082,-982.166748,182.7735
1552917,DLCworkshop03.esm,05004048,000481CF,IndPlatCorner01,STAT,-4136.029297,5584.290527,-982.166748,92.7735
1552918,DLCworkshop03.esm,05004049,0005F86B,QryCatwalkStairWithSupports01Posts,STAT,-4171.726562,5080.871582,-768.091064,2.1773
1552919,DLCworkshop03.esm,0500404A,0005F423,QryCatwalk01,STAT,-4160.483398,5080.445312,-768.973389,2.1773
1552920,DLCworkshop03.esm,0500404F,001A037F,Loot_ToolboxLarge,CONT,-3714.386475,5511.613281,-346.646851,74.4845
1552921,DLCworkshop03.esm,05004050,001F8AE8,Pipes3x1_01_SG,SCOL,-6621.930664,5563.527344,-1017.754333,0.0
1552922,DLCworkshop03.esm,05004055,05004054,DLC06UnScrapableGirders01,SCOL,-5614.457031,5481.585449,-113.591576,88.396
1552923,DLCworkshop03.esm,0500405B,001F8AD6,Pipes2x1_02_SG,SCOL,-7205.140137,5563.527344,-42.191902,180.0
1552924,DLCworkshop03.esm,0500405D,001F8AD6,Pipes2x1_02_SG,SCOL,-4720.164062,5567.073242,-120.370987,0.0
1552925,DLCworkshop03.esm,0500406E,000540D4,VltRmPodRoofCorOutHalf01,STAT,-5740.722168,5661.14502,-653.079773,88.3502
1552926,DLCworkshop03.esm,0500406F,0005F2AE,VltLgRmShellCorOutMidHalf01,STAT,-5989.245605,5397.879395,-909.079773,88.3502
1552927,DLCworkshop03.esm,05004070,0005F873,VltLgRmShellWallMid01,STAT,-5605.404785,5408.936523,-909.079773,358.3502
1552928,DLCworkshop03.esm,05004071,0005F873,VltLgRmShellWallMid01,STAT,-5349.511719,5416.307617,-909.079773,358.3502
1552929,DLCworkshop03.esm,05004072,0005F874,VltLgRmShellWallMidWide01,STAT,-4965.67041,5427.362305,-909.079773,358.3502
1552930,DLCworkshop03.esm,05004073,0005F2AE,VltLgRmShellCorOutMidHalf01,STAT,-4453.881836,5442.103027,-909.079773,358.3502
1552931,DLCworkshop03.esm,05004074,000540D4,VltRmPodRoofCorOutHalf01,STAT,-4717.146973,5690.62793,-653.079773,358.3502
1552932,DLCworkshop03.esm,05004075,000540D3,VltRmPodRoofTrimWide02,STAT,-5484.828613,5668.517578,-653.079773,358.3502
1552933,DLCworkshop03.esm,05004076,000540D3,VltRmPodRoofTrimWide02,STAT,-4973.038574,5683.257324,-653.079773,358.3502
1552934,DLCworkshop03.esm,05004077,000540D4,VltRmPodRoofCorOutHalf01,STAT,-7389.867676,5690.299805,-651.625793,91.5015
1552935,DLCworkshop03.esm,05004078,0005F2AE,VltLgRmShellCorOutMidHalf01,STAT,-7652.487793,5441.094727,-907.625793,91.5015
1552936,DLCworkshop03.esm,05004079,0005F873,VltLgRmShellWallMid01,STAT,-7268.618652,5431.03418,-907.625793,1.5015
1552937,DLCworkshop03.esm,0500407A,0005F873,VltLgRmShellWallMid01,STAT,-7012.706543,5424.328125,-907.625793,1.5015
1552938,DLCworkshop03.esm,0500407B,0005F874,VltLgRmShellWallMidWide01,STAT,-6628.837402,5414.262207,-907.625793,1.5015
1552939,DLCworkshop03.esm,0500407C,0005F2AE,VltLgRmShellCorOutMidHalf01,STAT,-6117.013184,5400.847168,-907.625793,1.5015
1552940,DLCworkshop03.esm,0500407D,000540D4,VltRmPodRoofCorOutHalf01,STAT,-6366.21875,5663.467773,-651.625793,1.5015
1552941,DLCworkshop03.esm,0500407E,000540D3,VltRmPodRoofTrimWide02,STAT,-7133.95459,5683.595703,-651.625793,1.5015
1552942,DLCworkshop03.esm,0500407F,000540D3,VltRmPodRoofTrimWide02,STAT,-6622.126953,5670.17627,-651.625793,1.5015
1552943,DLCworkshop03.esm,050040A0,000481CE,IndPlatWall01,STAT,-7282.408691,5608.209473,-996.21283,182.2354
1552944,DLCworkshop03.esm,050040A1,000481CE,IndPlatWall01,STAT,-7026.601074,5598.221191,-996.21283,182.2354
1552945,DLCworkshop03.esm,050040A2,000481CE,IndPlatWall01,STAT,-6770.796387,5588.236816,-996.21283,182.2354
1552946,DLCworkshop03.esm,050040A3,000481CE,IndPlatWall01,STAT,-6514.991699,5578.252441,-996.21283,182.2354
1552947,DLCworkshop03.esm,050040A4,000481CF,IndPlatCorner01,STAT,-6259.183594,5568.26416,-996.21283,182.2354
1552948,DLCworkshop03.esm,050040A5,000481CF,IndPlatCorner01,STAT,-7538.211914,5618.193359,-996.21283,272.2354
1552949,DLCworkshop03.esm,050040A6,000481CF,IndPlatCorner01,STAT,-5829.476074,5571.628418,-998.668335,268.5687
1552950,DLCworkshop03.esm,050040A7,000481CE,IndPlatWall01,STAT,-5573.555176,5578.023438,-998.668335,178.5688
1552951,DLCworkshop03.esm,050040A8,000481CE,IndPlatWall01,STAT,-5317.632324,5584.416016,-998.668335,178.5688
1552952,DLCworkshop03.esm,050040A9,000481CE,IndPlatWall01,STAT,-5061.712891,5590.81543,-998.668335,178.5688
1552953,DLCworkshop03.esm,050040AA,000481CE,IndPlatWall01,STAT,-4805.794434,5597.208496,-998.668335,178.5688
1552954,DLCworkshop03.esm,050040AB,000481CF,IndPlatCorner01,STAT,-4549.870117,5603.598145,-998.668335,178.5687
1552955,DLCworkshop03.esm,050040AF,000481CE,IndPlatWall01,STAT,-517.476135,128.259689,-455.44339,62.0306
1552956,DLCworkshop03.esm,050040B0,000481CE,IndPlatWall01,STAT,-397.412537,-97.842407,-455.00473,62.0306
1552957,DLCworkshop03.esm,050040B1,000481D8,IndPlatSingle02,STAT,574.226929,-1029.517212,-456.318756,148.1333
1552958,DLCworkshop03.esm,050040B2,000481D8,IndPlatSingle02,STAT,1469.260254,-512.801636,-475.926727,148.1333
1552959,DLCworkshop03.esm,050040B5,000C5603,RockPileL01_NF_RubbleRock01,STAT,1480.437256,-564.454041,-482.391754,255.0001
1552960,DLCworkshop03.esm,050040B6,000C5603,RockPileL01_NF_RubbleRock01,STAT,1727.660645,-2080.586182,-470.071838,100.9883
1552961,DLCworkshop03.esm,050040C4,000247FB,IndFrame512x512XShape01,STAT,138.684357,-573.44574,-242.483704,133.2133
1552962,DLCworkshop03.esm,050040C6,0004810C,IndFrameCat256x256AShape01,STAT,422.487671,-840.083984,-490.483704,133.2133
1552963,DLCworkshop03.esm,050040C7,0004810C,IndFrameCat256x256AShape01,STAT,422.487671,-840.083984,21.516296,133.2133
1552964,DLCworkshop03.esm,050040C8,00048108,IndFrameCat256x256VShape01,STAT,422.487671,-840.083984,-234.483704,133.2133
1552965,DLCworkshop03.esm,050040CA,00048107,IndFrameCat256x256EmptyShape01,STAT,422.487671,-840.083984,-746.483704,133.2133
1552966,DLCworkshop03.esm,050040CB,000247F5,IndFrame512x512EmptyShape01,STAT,138.684357,-573.44574,-754.483704,133.2133
1552967,DLCworkshop03.esm,050040CF,000481CE,IndPlatWall01,STAT,-283.829193,-254.225739,-454.727631,45.5744
1552968,DLCworkshop03.esm,050040D0,000481CF,IndPlatCorner01,STAT,-463.024658,-71.396271,-454.727631,45.5743
1552969,DLCworkshop03.esm,050040D1,000481CE,IndPlatWall01,STAT,-104.633209,-437.049622,-454.727631,45.5744
1552970,DLCworkshop03.esm,050040D2,000481CE,IndPlatWall01,STAT,74.562889,-619.873169,-454.727631,45.5744
1552971,DLCworkshop03.esm,050040D3,000481CE,IndPlatWall01,STAT,253.758331,-802.702148,-454.727631,45.5744
1552972,DLCworkshop03.esm,050040D4,000481CF,IndPlatCorner01,STAT,432.953735,-985.525024,-454.727631,135.5744
1552973,DLCworkshop03.esm,050040D5,000C5603,RockPileL01_NF_RubbleRock01,STAT,-371.053589,-89.594604,-412.61084,357.6329
1552974,DLCworkshop03.esm,050040D9,000481CE,IndPlatWall01,STAT,-1434.941895,-3589.683838,-507.372192,16.1245
1552975,DLCworkshop03.esm,050040DB,000C5603,RockPileL01_NF_RubbleRock01,STAT,-1481.983276,-3501.036377,-393.397675,121.0595
1552976,DLCworkshop03.esm,050040DF,000481CE,IndPlatWall01,STAT,-9950.516602,2940.66748,-974.469482,165.0467
1552977,DLCworkshop03.esm,050040E0,000481CE,IndPlatWall01,STAT,-9703.186523,3006.724365,-974.469482,165.0467
1552978,DLCworkshop03.esm,050040E1,000481CF,IndPlatCorner01,STAT,-9455.851562,3072.778564,-974.469482,165.0467
1552979,DLCworkshop03.esm,050040EB,000C5603,RockPileL01_NF_RubbleRock01,STAT,-6816.093262,-1804.122314,-1011.883606,0.0
1552980,DLCworkshop03.esm,05004101,001F8AD6,Pipes2x1_02_SG,SCOL,-6321.260742,-2340.781738,4.54216,265.9436
1552981,DLCworkshop03.esm,0500411A,05000835,VltWorkShopCaveDirtPile01,STAT,-3871.266113,-1185.609741,-1015.797119,189.4255
1552982,DLCworkshop03.esm,05004125,000C5603,RockPileL01_NF_RubbleRock01,STAT,-4245.818359,-234.5952,-1011.883606,12.4307
1552983,DLCworkshop03.esm,05004126,000C5603,RockPileL01_NF_RubbleRock01,STAT,-4521.784668,-15.765915,-1011.883606,291.2451
1552984,DLCworkshop03.esm,05004127,000C5603,RockPileL01_NF_RubbleRock01,STAT,-4154.178223,-466.809021,-1011.883606,276.6347
1552985,DLCworkshop03.esm,0500413F,0005F3B0,QryCatwalkRail02v02,STAT,-6495.099609,-3561.851074,9.877213,261.0215
1552986,DLCworkshop03.esm,05004140,0005F3D8,QryCatwalkRail01v01DoublePostsV02,STAT,-6479.340332,-3814.813232,10.142138,91.616
1552987,DLCworkshop03.esm,05004141,0005F3DC,QryCatwalkRail02v01DoublePostsV02,STAT,-6516.219238,-3435.115723,9.877213,261.0215
1552988,DLCworkshop03.esm,05004142,0005F3B2,QryCatwalkRail02v04,STAT,-6497.424805,-3941.151123,9.877213,98.187
1552989,DLCworkshop03.esm,05004143,000C5603,RockPileL01_NF_RubbleRock01,STAT,-6815.685059,-3820.894287,62.557129,182.3833
1552990,DLCworkshop03.esm,05004144,000C5603,RockPileL01_NF_RubbleRock01,STAT,-6745.490723,-4444.132324,64.292999,119.358
1552991,DLCworkshop03.esm,05004145,05003FD2,DLC06ScrapableCinderBlocks01,SCOL,-6644.174316,-3615.380859,23.523108,251.1382
1552992,DLCworkshop03.esm,05004146,00018CD4,MetalBarrelStatic01,STAT,-6651.908691,-3701.616699,35.347279,0.0
1552993,DLCworkshop03.esm,05004147,00018CD9,MetalBarrelStatic02,STAT,-6817.398437,-3688.099365,87.735001,172.65
1552994,DLCworkshop03.esm,05004148,00018CD9,MetalBarrelStatic02,STAT,-6776.625977,-3608.344971,101.16169,200.2276
1552995,DLCworkshop03.esm,05004149,00018CD9,MetalBarrelStatic02,STAT,-6536.34375,-4533.444336,47.474762,289.7762
1552996,DLCworkshop03.esm,0500414A,0003B2DF,RockM04,STAT,-6649.430664,-4556.709473,249.205475,107.3785
1552997,DLCworkshop03.esm,0500414B,0003B2DF,RockM04,STAT,-6726.580078,-4468.472656,439.611969,64.6864
1552998,DLCworkshop03.esm,0500414C,0003B2DF,RockM04,STAT,-6628.681152,-4579.35791,167.748932,64.6864
1552999,DLCworkshop03.esm,0500414D,0003B2DF,RockM04,STAT,-6823.004883,-4284.919434,94.630997,50.023
1553000,DLCworkshop03.esm,0500414E,0003B2E0,RockS01,STAT,-6798.775391,-4212.094238,34.479565,40.107
1553001,DLCworkshop03.esm,0500414F,000C5603,RockPileL01_NF_RubbleRock01,STAT,-6690.783203,-4607.529785,69.884819,119.358
1553002,DLCworkshop03.esm,05004150,0500207D,DLC06ConstructionLight_Standing_2piece_Off1,SCOL,-6532.226074,-3855.246582,111.502396,302.7044
1553003,DLCworkshop03.esm,05004151,0500499B,DLC06WorkshopVault_Crate_04_Red,STAT,-6620.551758,-3894.519775,19.680382,264.4667
1553004,DLCworkshop03.esm,05004153,05004054,DLC06UnScrapableGirders01,SCOL,768.0,6954.589844,848.0,0.0
1553005,DLCworkshop03.esm,05004155,0004F118,CaveMoundRocksLow04,STAT,-10076.489258,-1694.338623,-929.462585,107.8988
1553006,DLCworkshop03.esm,05004156,0004F118,CaveMoundRocksLow04,STAT,-10436.914062,-1307.751709,-915.946167,193.8425
1553007,DLCworkshop03.esm,05004157,000C5603,RockPileL01_NF_RubbleRock01,STAT,-10273.609375,-1275.69519,-931.167603,277.3009
1553008,DLCworkshop03.esm,05004158,000C5603,RockPileL01_NF_RubbleRock01,STAT,-9904.491211,-1590.560669,-931.760681,123.269
1553009,DLCworkshop03.esm,05004159,05000835,VltWorkShopCaveDirtPile01,STAT,-9519.900391,-1719.194702,-1016.856384,166.5072
1553010,DLCworkshop03.esm,0500415A,05000835,VltWorkShopCaveDirtPile01,STAT,-10457.321289,-625.989624,-1014.637024,126.4003
1553011,DLCworkshop03.esm,0500415B,0004F0DE,CaveMoundRocksMed01,STAT,-10444.951172,-1140.406006,-925.177429,78.2877
1553012,DLCworkshop03.esm,0500415C,0004F0F1,CaveMoundRocksLow03,STAT,-10266.769531,-1513.981567,-926.948975,182.4524
1553013,DLCworkshop03.esm,0500415D,000F393E,Rubble_Pile_Dirt_Sm01,STAT,-10322.415039,-1341.515259,-1011.698364,0.0
1553014,DLCworkshop03.esm,0500415E,000F393E,Rubble_Pile_Dirt_Sm01,STAT,-10012.875,-1629.91626,-1011.297791,67.7917
1553015,DLCworkshop03.esm,0500415F,0004F213,CaveRockM03,STAT,-10100.949219,-1649.192139,-924.761536,246.2176
1553016,DLCworkshop03.esm,05004160,0004CEC6,CaveRockS01,STAT,-9910.46875,-1550.768433,-905.72699,327.7895
1553017,DLCworkshop03.esm,05004161,0004F213,CaveRockM03,STAT,-10381.182617,-1466.131714,-914.949768,291.2451
1553018,DLCworkshop03.esm,05004162,0004F213,CaveRockM03,STAT,-10331.191406,-1088.823853,-904.083191,0.0
1553019,DLCworkshop03.esm,05004163,0004F130,CaveMoundRocksSmall03,STAT,-10442.53418,-1493.202271,-831.869019,0.0
1553020,DLCworkshop03.esm,05004164,0004F0F1,CaveMoundRocksLow03,STAT,-10424.808594,-1458.526245,-664.646484,340.9006
1553021,DLCworkshop03.esm,05004165,0004F0F1,CaveMoundRocksLow03,STAT,-10148.501953,-1731.662476,-627.84314,306.0104
1553022,DLCworkshop03.esm,05004166,0004F214,CaveRockM04,STAT,-10200.263672,-1766.068115,-711.607483,118.9935
1553023,DLCworkshop03.esm,05004167,0004F213,CaveRockM03,STAT,-10170.975586,-1705.660645,-857.123962,318.3966
1553024,DLCworkshop03.esm,05004168,0004F211,CaveRockM01,STAT,-9788.584961,-1818.868286,-798.630371,311.3004
1553025,DLCworkshop03.esm,0500416A,0004F0F1,CaveMoundRocksLow03,STAT,-10379.49707,-1472.087036,-610.258606,11.4992
1553026,DLCworkshop03.esm,0500416B,0004F0DF,CaveMoundRocksLow01,STAT,-10178.764648,-1720.022827,-582.638977,50.7088
1553027,DLCworkshop03.esm,0500416C,0004F213,CaveRockM03,STAT,-9959.610352,-1767.237061,-574.50238,312.5273
1553028,DLCworkshop03.esm,0500416D,0004CEC6,CaveRockS01,STAT,-10096.219727,-1651.873657,-463.050323,327.7895
1553029,DLCworkshop03.esm,05004170,05001E10,DLC06CaveLightNS,LIGH,-11122.527344,-2768.714355,-724.524414,134.9994
1553030,DLCworkshop03.esm,05004171,05001E11,DLC06CaveLightNSNonSpec,LIGH,-11021.258789,-3207.230713,-710.554321,134.9994
1553031,DLCworkshop03.esm,05004172,05001E10,DLC06CaveLightNS,LIGH,-10859.660156,-3459.043701,-800.649414,134.9994
1553032,DLCworkshop03.esm,05004173,05001E10,DLC06CaveLightNS,LIGH,-10673.694336,-3902.680908,-554.848938,134.9994
1553033,DLCworkshop03.esm,05004176,05001E10,DLC06CaveLightNS,LIGH,-10146.761719,-4498.959473,-497.714142,134.9994
1553034,DLCworkshop03.esm,05004177,001E51E9,DefaultDarkGrey02NS,LIGH,-9876.370117,-4983.260742,-389.252594,134.9994
1553035,DLCworkshop03.esm,05004182,0004F0F1,CaveMoundRocksLow03,STAT,-6880.334961,-3933.524902,41.5625,216.7607
1553036,DLCworkshop03.esm,05004183,0004F0E1,CaveMoundRocksLow02,STAT,-6852.716309,-4271.414551,51.176544,337.0819
1553037,DLCworkshop03.esm,05004184,0004F118,CaveMoundRocksLow04,STAT,-6916.669434,-4103.036133,28.822445,211.0315
1553038,DLCworkshop03.esm,05004190,05003E42,DLC06ScrapableCrateLargeBlueRust,STAT,-5006.675293,-2846.584473,-1028.705322,33.4143
1553039,DLCworkshop03.esm,05004191,05003E85,DLC06ScrapablePipesBarrels02,SCOL,-9534.271484,2655.247559,-1018.035767,153.7353
1553040,DLCworkshop03.esm,05004192,05003E87,DLC06ScrapablePipesBarrels03,SCOL,-9649.549805,2593.321045,-1027.194946,153.7353
1553041,DLCworkshop03.esm,05004193,05003E3E,DLC06ScrapableIndBgPipe1WayLong01,STAT,-9320.291016,2901.57666,-981.420959,343.5105
1553042,DLCworkshop03.esm,05004194,05003E3E,DLC06ScrapableIndBgPipe1WayLong01,STAT,-7827.344238,5411.227051,-999.234497,343.5105
1553043,DLCworkshop03.esm,0500419A,000E37D1,IndustrialCart01,STAT,-7974.121582,2747.606689,-1036.969604,253.8885
1553044,DLCworkshop03.esm,0500419F,000C5603,RockPileL01_NF_RubbleRock01,STAT,5762.499512,-4595.224609,-1082.875732,103.8424
1553045,DLCworkshop03.esm,050041CB,050041CA,DLC06ScrapableMegaLoaderV02b,SCOL,-495.085205,10954.828125,51.61726,0.0
1553046,DLCworkshop03.esm,050041CD,05000836,VltWorkShopCaveFloor01,STAT,-3067.860352,9415.267578,1.416375,0.0
1553047,DLCworkshop03.esm,050041CE,000F393E,Rubble_Pile_Dirt_Sm01,STAT,-2812.65918,8983.049805,-19.736406,63.0255
1553048,DLCworkshop03.esm,050041CF,000F393E,Rubble_Pile_Dirt_Sm01,STAT,-3765.110107,8863.793945,-4.964412,120.3213
1553049,DLCworkshop03.esm,050041D0,000F393E,Rubble_Pile_Dirt_Sm01,STAT,-3819.233154,9138.012695,-4.964412,120.3213
1553050,DLCworkshop03.esm,050041D1,0003AA22,RockM02,STAT,-3705.573486,8948.693359,-9.263004,0.0
1553051,DLCworkshop03.esm,050041D2,0003AA22,RockM02,STAT,-3203.594238,9015.62793,-21.328283,327.3412
1553052,DLCworkshop03.esm,050041D3,0003AA22,RockM02,STAT,-3354.780762,9321.890625,-18.13773,327.3412
1553053,DLCworkshop03.esm,050041D5,050041D4,DLC06ScrapableCratesLargeGroup001,SCOL,-342.329834,6304.6875,-0.310867,260.7183
1553054,DLCworkshop03.esm,050041DD,050041DC,DLC06ScrapableCratesLargeGroup003,SCOL,-2533.256104,9707.972656,73.224083,357.6512
1553055,DLCworkshop03.esm,050041ED,0004F0DF,CaveMoundRocksLow01,STAT,-10366.982422,-3891.447021,-631.38208,0.0
1553056,DLCworkshop03.esm,050041EE,0004F0E1,CaveMoundRocksLow02,STAT,-9764.487305,-4414.453125,-630.807861,233.9494
1553057,DLCworkshop03.esm,050041EF,0004F0E1,CaveMoundRocksLow02,STAT,-10553.775391,-4428.659668,-634.719727,113.6285
1553058,DLCworkshop03.esm,050041F0,000C5603,RockPileL01_NF_RubbleRock01,STAT,-10216.625,-4713.506836,-633.523438,137.5099
1553059,DLCworkshop03.esm,050041F1,000C5603,RockPileL01_NF_RubbleRock01,STAT,-9770.680664,-4504.910156,-600.547119,250.7691
1553060,DLCworkshop03.esm,050041F3,000234B9,SteamTMetalBgIBeam02,STAT,-10227.758789,-4176.590332,-626.878784,0.0
1553061,DLCworkshop03.esm,050041F4,000234BA,SteamTMetalBgIBeam03,STAT,-10373.049805,-4418.44873,-702.018127,180.0001
1553062,DLCworkshop03.esm,050041F5,000234B9,SteamTMetalBgIBeam02,STAT,-9881.477539,-4437.253418,-616.843933,225.9928
1553063,DLCworkshop03.esm,050041F6,0004F0E1,CaveMoundRocksLow02,STAT,-10149.28125,-4132.290039,-634.697327,75.0
1553064,DLCworkshop03.esm,050041F7,0004F132,CaveMoundRocksSmall04,STAT,-10414.134766,-4426.330566,-670.246887,0.0
1553065,DLCworkshop03.esm,050041F8,0004F130,CaveMoundRocksSmall03,STAT,-10358.689453,-4430.679199,-664.335144,195.0
1553066,DLCworkshop03.esm,050041F9,0004F12A,CaveMoundRocksSmall02,STAT,-10359.467773,-4480.387695,-659.604004,165.0
1553067,DLCworkshop03.esm,050041FA,0004F12A,CaveMoundRocksSmall02,STAT,-10293.96582,-4397.728027,-663.978027,90.9394
1553068,DLCworkshop03.esm,050041FC,000FDB9B,RockL01,STAT,-9430.198242,7129.161621,-611.269104,10.312
1553069,DLCworkshop03.esm,05004213,05001193,DLC06LvlRaiderMeleeGhoulAggro256,NPC_,5779.061035,8918.436523,239.0,270.0
1553070,DLCworkshop03.esm,05004218,05001194,DLC06LvlRaiderRevolverGhoulAggro256,NPC_,5776.847656,8723.975586,238.999969,268.3267
1553071,DLCworkshop03.esm,05004219,000E7AB9,Sledgehammer,WEAP,4788.49707,8745.113281,203.493225,101.1157
1553072,DLCworkshop03.esm,0500421A,00038C21,Loot_Raider_ExplosivesBox,CONT,4874.320801,8809.520508,152.420212,196.7068
1553073,DLCworkshop03.esm,0500421B,050012B1,DLC06LvlRaiderAutoGhoul,NPC_,4849.774902,8734.725586,152.420227,77.3493
1553074,DLCworkshop03.esm,0500421D,000C5742,DCKitPlywood06,STAT,4775.389648,8648.089844,155.64267,279.7853
1553075,DLCworkshop03.esm,05004222,000D6FD4,LvlFeralGhoulAggro1536,NPC_,2040.046753,8191.269531,96.000122,282.6507
1553076,DLCworkshop03.esm,05004223,000D6FD4,LvlFeralGhoulAggro1536,NPC_,1578.624756,9487.958008,95.999756,131.7803
1553077,DLCworkshop03.esm,05004224,000D6FD4,LvlFeralGhoulAggro1536,NPC_,3300.938232,7979.015625,96.0,5.7295
1553078,DLCworkshop03.esm,05004225,000D6FD4,LvlFeralGhoulAggro1536,NPC_,2724.94873,9406.277344,97.2677,249.2366
1553079,DLCworkshop03.esm,05004226,00084D4E,LvlFeralGhoulAggro800,NPC_,-82.79702,10838.867188,139.46991,131.7803
1553080,DLCworkshop03.esm,05004227,00084D4E,LvlFeralGhoulAggro800,NPC_,-1776.027222,7692.022949,0.000244,83.0788
1553081,DLCworkshop03.esm,05004228,000B7ED3,LvlFeralGhoulGlowingOneAggro1024,NPC_,-1958.655762,9352.638672,14.352417,183.3465
1553082,DLCworkshop03.esm,05004229,000A13C5,LvlFeralGhoulAggro512,NPC_,-596.160339,7050.953613,0.000122,34.3774
1553083,DLCworkshop03.esm,0500422F,0019DB89,MonorailCarDoorEndClosed,STAT,6092.888184,-2821.005127,-967.488403,136.7489
1553084,DLCworkshop03.esm,05004230,0019DB8B,MonorailCarDoorMidClosed,STAT,6092.888184,-2821.005127,-967.488403,136.7489
1553085,DLCworkshop03.esm,05004231,0019DB89,MonorailCarDoorEndClosed,STAT,6092.888184,-2821.005127,-967.488403,316.749
1553086,DLCworkshop03.esm,05004232,0019DB8B,MonorailCarDoorMidClosed,STAT,6154.979492,-6517.15332,-1021.428528,91.9406
1553087,DLCworkshop03.esm,05004233,0019DB89,MonorailCarDoorEndClosed,STAT,6154.979492,-6517.15332,-1021.428528,271.9406
1553088,DLCworkshop03.esm,05004239,000342CA,LvlMoleratAmbush,NPC_,1007.472168,691.303101,-508.999969,312.4899
1553089,DLCworkshop03.esm,0500423D,000342CA,LvlMoleratAmbush,NPC_,31.331848,705.042175,-508.999817,41.2985
1553090,DLCworkshop03.esm,05004241,000342CA,LvlMoleratAmbush,NPC_,792.849182,1225.466431,-508.999817,312.49
1553091,DLCworkshop03.esm,0500425E,000A13C5,LvlFeralGhoulAggro512,NPC_,-8695.255859,-5234.215332,453.591248,187.4028
1553092,DLCworkshop03.esm,05004262,000A13C5,LvlFeralGhoulAggro512,NPC_,-8506.058594,-5549.111816,453.61853,238.969
1553093,DLCworkshop03.esm,05004266,000A13C5,LvlFeralGhoulAggro512,NPC_,-8653.318359,-5752.120117,453.776154,213.1859
1553094,DLCworkshop03.esm,0500426A,000D39E9,Loot_CorpseFeralGhoul01,NPC_,-8987.140625,-5100.652344,464.378479,0.0
1553095,DLCworkshop03.esm,0500426B,000D39EA,Loot_CorpseFeralGhoul02,NPC_,-9149.894531,-5537.419922,460.992523,29.4582
1553096,DLCworkshop03.esm,0500426C,000D39E9,Loot_CorpseFeralGhoul01,NPC_,-8540.359375,-5443.591309,543.257812,63.8356
1553097,DLCworkshop03.esm,0500426D,0018F95F,Prewar_Office_Desk_01_Beige_Static,STAT,-8786.209961,-6309.087891,582.150513,125.6496
1553098,DLCworkshop03.esm,0500426E,0007E5BF,NpcCouchOfficeSit01Static,STAT,-8874.794922,-6269.640625,645.364014,23.6723
1553099,DLCworkshop03.esm,0500426F,00049621,OfficeFileCabinetEmpty01,STAT,-8755.510742,-6348.097656,703.054749,270.0934
1553100,DLCworkshop03.esm,05004270,00049621,OfficeFileCabinetEmpty01,STAT,-8951.558594,-6081.773926,512.365112,275.9109
1553101,DLCworkshop03.esm,05004271,0018F95F,Prewar_Office_Desk_01_Beige_Static,STAT,-8842.27832,-6345.080078,621.226318,127.9461
1553102,DLCworkshop03.esm,05004272,00049621,OfficeFileCabinetEmpty01,STAT,-8725.578125,-6362.064941,594.592102,21.0952
1553103,DLCworkshop03.esm,05004273,0003712A,NpcChairFederalistOfficeSit01Static,STAT,-8807.34375,-6320.723633,653.816956,11.0828
1553104,DLCworkshop03.esm,05004274,000BF9F0,HospitalBed01Mattress_static,STAT,-8932.150391,-6361.538574,600.525391,49.9804
1553105,DLCworkshop03.esm,05004275,0018A9FE,ModernDomesticTableLrg01,STAT,-8918.710938,-6250.902344,678.323486,271.143
1553106,DLCworkshop03.esm,05004276,05001B9D,DLC06BldWoodPDoorStatic02,STAT,-9069.351562,-5752.253418,453.594452,265.4028
1553107,DLCworkshop03.esm,05004277,0003615C,BldWoodPDoorBroke02,DOOR,-8804.178711,-5861.151855,453.757568,164.4392
1553108,DLCworkshop03.esm,05004278,00249E9D,workshop_IndMetalDoor01,DOOR,-8961.824219,-5772.180176,197.757568,164.4393
1553109,DLCworkshop03.esm,05004284,0003CFAD,ExtRubble_BricksLrg_Med_Mid01,STAT,6036.883301,-2238.486084,-1350.26062,2.6366
1553110,DLCworkshop03.esm,05004285,0003CFAD,ExtRubble_BricksLrg_Med_Mid01,STAT,6199.164551,-2034.480469,-1350.26062,45.6084
1553111,DLCworkshop03.esm,05004286,0003CFAD,ExtRubble_BricksLrg_Med_Mid01,STAT,6381.097168,-1977.599854,-1350.26062,255.0922
1553112,DLCworkshop03.esm,05004287,00144AC3,ExtRubble_Plain_Med_Short02,STAT,5947.526367,-3881.374268,-1232.532593,277.8843
1553113,DLCworkshop03.esm,05004288,00144AC4,ExtRubble_Plain_Sm_Mid01,STAT,6079.299316,-3085.918945,-1289.984497,345.6759
1553114,DLCworkshop03.esm,05004289,00144AD6,ExtRubble_Plain_Med_Mid05,STAT,6362.322754,-3380.935059,-1347.831665,348.5661
1553115,DLCworkshop03.esm,0500428A,00144AD6,ExtRubble_Plain_Med_Mid05,STAT,6432.034668,-4471.865723,-1347.831665,348.5661
1553116,DLCworkshop03.esm,0500428B,00144AB9,ExtRubble_Plain_Lg_Short01,STAT,6182.067383,-4514.440918,-1266.896851,0.0
1553117,DLCworkshop03.esm,0500428C,0003CF98,ExtRubble_BricksLrg_Sm_Short01,STAT,7145.521973,-4252.329102,-935.248474,175.5264
1553118,DLCworkshop03.esm,0500428D,00073251,QryCatwalkStairsWithSupportsRailings01,STAT,-3631.467529,5236.84668,-384.842072,271.2033
1553119,DLCworkshop03.esm,0500428E,000342CA,LvlMoleratAmbush,NPC_,-10190.770508,-4081.744629,-622.181946,220.7777
1553120,DLCworkshop03.esm,05004293,000342CA,LvlMoleratAmbush,NPC_,-10694.667969,-4350.730469,-620.363281,92.8647
1553121,DLCworkshop03.esm,05004297,000342CA,LvlMoleratAmbush,NPC_,-9809.338867,-4300.375977,-620.363281,276.2113
1553122,DLCworkshop03.esm,050042A1,000224E3,DefaultEmptyTrigger,ACTI,-1941.424072,4625.89209,512.0,0.0
1553123,DLCworkshop03.esm,050042B5,050042B4,DLC06VaultOverseer,NPC_,-420.218262,8523.629883,24.249992,80.2141
1553124,DLCworkshop03.esm,050042BD,05003CDC,DLC06VaultBorderArt01,STAT,-9105.785156,5047.607422,-130.518646,270.0
1553125,DLCworkshop03.esm,050042BE,05003CDD,DLC06VaultBorderArt02,STAT,-3379.638672,9154.027344,382.160522,90.0
1553126,DLCworkshop03.esm,050042BF,05003CDD,DLC06VaultBorderArt02,STAT,-2961.817383,4999.242676,-5.122375,90.0
1553127,DLCworkshop03.esm,050042C0,05003CDD,DLC06VaultBorderArt02,STAT,-9249.420898,5029.1875,-435.617615,90.0
1553128,DLCworkshop03.esm,050042C1,05003CDD,DLC06VaultBorderArt02,STAT,-3174.868652,-5277.409668,-195.528473,270.0
1553129,DLCworkshop03.esm,050042C2,05003CDD,DLC06VaultBorderArt02,STAT,-3374.304687,-5348.67334,-71.582733,90.0
1553130,DLCworkshop03.esm,050042C3,05003CDD,DLC06VaultBorderArt02,STAT,216.13707,4791.131348,467.260651,0.0
1553131,DLCworkshop03.esm,050042FF,050041E0,DLC06ScrapableCratesLargeGroup004,SCOL,648.441223,9237.498047,-0.310867,260.6494
1553132,DLCworkshop03.esm,05004300,050041EA,DLC06ScrapableMegaLoaderV02a,SCOL,127.999512,7056.0,56.25,51.6235
1553133,DLCworkshop03.esm,05004301,0019AC4E,IndSilo64BotPlat01,STAT,-11456.0,6496.0,-736.0,180.0
1553134,DLCworkshop03.esm,05004349,001471CE,CameraAttachDustSmall,ACTI,3943.565674,8720.0,208.0,0.0
1553135,DLCworkshop03.esm,05004353,00061F29,DefaultLightWhite01NSFlicker,LIGH,3453.264893,7929.318359,174.157593,0.0
1553136,DLCworkshop03.esm,05004357,00148C70,DefaultLightCoolFLNSNonSpec,LIGH,3843.344971,8771.375,163.423523,0.0
1553137,DLCworkshop03.esm,05004358,00148C6F,DefaultLightCoolFLNS,LIGH,5656.0,8952.0,360.0,0.0
1553138,DLCworkshop03.esm,0500435B,00148C6F,DefaultLightCoolFLNS,LIGH,5618.478027,8945.188477,316.348328,0.0
1553139,DLCworkshop03.esm,0500435C,00148C6F,DefaultLightCoolFLNS,LIGH,5120.899902,8809.673828,128.0,0.0
1553140,DLCworkshop03.esm,0500435F,00148C6F,DefaultLightCoolFLNS,LIGH,2459.88623,8909.698242,152.175079,0.0
1553141,DLCworkshop03.esm,05004362,00148C6F,DefaultLightCoolFLNS,LIGH,2761.489502,8737.548828,194.458298,0.0
1553142,DLCworkshop03.esm,05004366,00148C6F,DefaultLightCoolFLNS,LIGH,2517.833984,9006.117188,146.341309,0.0
1553143,DLCworkshop03.esm,05004367,00148C70,DefaultLightCoolFLNSNonSpec,LIGH,6048.034668,8864.446289,329.588989,166.06
1553144,DLCworkshop03.esm,05004368,00148C70,DefaultLightCoolFLNSNonSpec,LIGH,5816.0,9512.0,280.0,166.06
1553145,DLCworkshop03.esm,05004369,00148C70,DefaultLightCoolFLNSNonSpec,LIGH,5820.00293,9511.628906,367.076111,166.06
1553146,DLCworkshop03.esm,0500436A,00148C70,DefaultLightCoolFLNSNonSpec,LIGH,5859.195312,8408.851562,394.822357,256.8828
1553147,DLCworkshop03.esm,0500436B,00148C70,DefaultLightCoolFLNSNonSpec,LIGH,5848.856445,8475.328125,337.089783,256.8828
1553148,DLCworkshop03.esm,0500436D,0500434E,DLC06IndCatLightNSHemi,LIGH,5624.0,8952.0,304.0,0.0
1553149,DLCworkshop03.esm,0500436F,0500434E,DLC06IndCatLightNSHemi,LIGH,6048.674316,8880.089844,300.052094,0.0
1553150,DLCworkshop03.esm,05004385,001C9080,MistLargeRoundDustyDimmer,MSTT,5792.0,9672.0,392.0,0.0
1553151,DLCworkshop03.esm,05004386,001C9080,MistLargeRoundDustyDimmer,MSTT,5776.0,9760.0,392.0,45.0
1553152,DLCworkshop03.esm,05004387,001C9080,MistLargeRoundDustyDimmer,MSTT,5976.0,8832.0,408.0,315.0
1553153,DLCworkshop03.esm,05004388,001C9080,MistLargeRoundDustyDimmer,MSTT,6072.0,8920.0,408.0,0.0
1553154,DLCworkshop03.esm,0500438A,000F17EE,IndCatLight02On,STAT,6062.685059,8882.427734,239.706467,346.4772
1553155,DLCworkshop03.esm,050043C8,050043C7,DLC06ScrapableCratesLargeGroup006,SCOL,-8271.25293,4755.959961,-1030.373657,260.9358
1553156,DLCworkshop03.esm,050043C9,000FDB9B,RockL01,STAT,-8701.685547,4306.038086,-599.896484,235.8946
1553157,DLCworkshop03.esm,050043CA,0003AA23,RockM03,STAT,-8695.204102,4114.81543,-503.231598,12.5867
1553158,DLCworkshop03.esm,050043CB,0003AA22,RockM02,STAT,-8493.137695,4323.91748,-789.649475,17.5924
1553159,DLCworkshop03.esm,050043CC,000C5603,RockPileL01_NF_RubbleRock01,STAT,-8329.192383,4285.753418,-905.994446,353.1684
1553160,DLCworkshop03.esm,050043CD,000C5603,RockPileL01_NF_RubbleRock01,STAT,-8194.049805,3972.290771,-964.697083,55.1106
1553161,DLCworkshop03.esm,050043CF,000C5603,RockPileL01_NF_RubbleRock01,STAT,-8447.188477,4239.59375,-682.134155,147.4482
1553162,DLCworkshop03.esm,050043D0,000C5603,RockPileL01_NF_RubbleRock01,STAT,-8751.641602,3989.993408,-328.487518,29.9309
1553163,DLCworkshop03.esm,050043D1,0003AA21,RockM01,STAT,-8689.813477,3543.069336,-886.582092,199.6866
1553164,DLCworkshop03.esm,050043D2,0003AA21,RockM01,STAT,-8668.293945,5273.348633,-767.413208,288.2172
1553165,DLCworkshop03.esm,050043E3,000E37D1,IndustrialCart01,STAT,-9921.367188,-894.54303,-1029.161377,266.8945
1553166,DLCworkshop03.esm,05004406,000517B0,DefaultLightWhite01NS,LIGH,2071.78125,7751.040527,133.919754,0.0
1553167,DLCworkshop03.esm,05004407,00148C6F,DefaultLightCoolFLNS,LIGH,1777.26709,8798.980469,161.913727,270.0
1553168,DLCworkshop03.esm,05004408,00148C6F,DefaultLightCoolFLNS,LIGH,2733.435059,9434.951172,213.709167,0.0
1553169,DLCworkshop03.esm,05004409,00148C70,DefaultLightCoolFLNSNonSpec,LIGH,2517.179443,9382.483398,207.646271,0.0
1553170,DLCworkshop03.esm,0500440A,00148C70,DefaultLightCoolFLNSNonSpec,LIGH,2371.591553,9274.128906,164.569611,0.0
1553171,DLCworkshop03.esm,0500440C,000B2551,defaultLightWarm02NS,LIGH,-3759.421143,4532.568848,-160.123688,0.0
1553172,DLCworkshop03.esm,0500440D,000B2551,defaultLightWarm02NS,LIGH,-3788.462158,4524.274902,-88.742661,0.0
1553173,DLCworkshop03.esm,0500440E,000B2551,defaultLightWarm02NS,LIGH,-3695.758057,4983.591309,-345.373505,180.0
1553174,DLCworkshop03.esm,0500440F,000B2551,defaultLightWarm02NS,LIGH,-3275.832031,4523.904297,167.002563,90.0
1553175,DLCworkshop03.esm,05004410,000B2551,defaultLightWarm02NS,LIGH,-3267.537842,4494.863281,88.680756,90.0
1553176,DLCworkshop03.esm,05004412,00148C70,DefaultLightCoolFLNSNonSpec,LIGH,2584.068115,9313.157227,222.111572,0.0
1553177,DLCworkshop03.esm,05004414,001852EF,DefaultLightCoolFLNSNonSpecFlicker,LIGH,7172.031738,-2306.289307,-1076.394653,0.0
1553178,DLCworkshop03.esm,05004416,000FDEE8,defaultLightWarm01NSNonSpec,LIGH,6715.779785,-2418.058594,-1056.449585,0.0
1553179,DLCworkshop03.esm,05004418,0014C75C,defaultLightWarm01FlickerNS,LIGH,6615.76709,-5737.134766,-1115.442871,0.0
1553180,DLCworkshop03.esm,05004419,0014C75C,defaultLightWarm01FlickerNS,LIGH,6619.259277,-5719.83252,-885.220215,0.0
1553181,DLCworkshop03.esm,0500441A,0014C75C,defaultLightWarm01FlickerNS,LIGH,6619.259277,-5154.363281,-885.220215,0.0
1553182,DLCworkshop03.esm,0500441B,0014C75C,defaultLightWarm01FlickerNS,LIGH,6615.76709,-5171.665039,-1115.442871,0.0
1553183,DLCworkshop03.esm,0500441C,0014C75C,defaultLightWarm01FlickerNS,LIGH,6565.362793,-6727.557129,-774.634705,0.0
1553184,DLCworkshop03.esm,0500441D,0014C75C,defaultLightWarm01FlickerNS,LIGH,5791.524414,-3912.127686,-1075.774536,180.0
1553185,DLCworkshop03.esm,0500441E,00148C6F,DefaultLightCoolFLNS,LIGH,6621.024902,-3932.104736,-1077.478516,0.0
1553186,DLCworkshop03.esm,0500441F,0014C75C,defaultLightWarm01FlickerNS,LIGH,5815.70752,-2887.223145,-1052.279297,180.0001
1553187,DLCworkshop03.esm,05004420,000560DC,defaultLightWarm01NS,LIGH,2733.440918,9193.231445,168.865723,262.0237
1553188,DLCworkshop03.esm,05004421,000560DC,defaultLightWarm01NS,LIGH,-7454.283691,9830.474609,-137.499054,0.0
1553189,DLCworkshop03.esm,05004428,000FDEE8,defaultLightWarm01NSNonSpec,LIGH,2686.951172,9227.961914,174.801239,262.0237
1553190,DLCworkshop03.esm,05004433,000517B0,DefaultLightWhite01NS,LIGH,-7561.40918,9272.667969,-208.321747,90.0
1553191,DLCworkshop03.esm,05004434,000517B0,DefaultLightWhite01NS,LIGH,-7674.582031,9424.336914,-186.350403,0.0
1553192,DLCworkshop03.esm,05004435,000517B0,DefaultLightWhite01NS,LIGH,-9374.881836,7725.61377,-545.743713,90.0
1553193,DLCworkshop03.esm,05004436,000517B0,DefaultLightWhite01NS,LIGH,-9546.564453,7738.716309,-448.711456,180.0
1553194,DLCworkshop03.esm,05004437,05001E11,DLC06CaveLightNSNonSpec,LIGH,-5554.504395,-4577.632812,-157.453247,134.9994
1553195,DLCworkshop03.esm,05004439,05004D4F,DLC06UraniumLightPulse,LIGH,1148.964966,-1076.11853,-426.216064,134.9994
1553196,DLCworkshop03.esm,0500443A,000517B0,DefaultLightWhite01NS,LIGH,-402.522339,1111.311035,-247.517075,134.9994
1553197,DLCworkshop03.esm,0500443B,0016C8C4,defaultLightWarm02NSFlicker,LIGH,2088.515625,6642.402344,-43.188354,135.0001
1553198,DLCworkshop03.esm,0500443C,00061F29,DefaultLightWhite01NSFlicker,LIGH,-7446.802246,3718.692383,-927.586548,0.0
1553199,DLCworkshop03.esm,0500443D,00061F29,DefaultLightWhite01NSFlicker,LIGH,-3037.978027,5151.896973,40.27409,45.0
1553200,DLCworkshop03.esm,0500443E,000D8556,DefaultLightWhite01NSNonSpec,LIGH,3773.659912,8444.027344,159.822495,0.0
1553201,DLCworkshop03.esm,0500443F,000D8556,DefaultLightWhite01NSNonSpec,LIGH,3973.614014,8444.027344,187.84079,0.0
1553202,DLCworkshop03.esm,05004442,000D8556,DefaultLightWhite01NSNonSpec,LIGH,3568.732666,8250.074219,159.822495,0.0
1553203,DLCworkshop03.esm,05004444,000D8556,DefaultLightWhite01NSNonSpec,LIGH,-7576.522461,3750.380127,-981.544617,0.0
1553204,DLCworkshop03.esm,05004445,000D8556,DefaultLightWhite01NSNonSpec,LIGH,-3024.108154,5137.855469,32.138813,45.0
1553205,DLCworkshop03.esm,05004446,000916F8,DefaultLightWhite01SpotNSFlicker,LIGH,-3085.019287,5169.726074,120.818512,45.0
1553206,DLCworkshop03.esm,05004447,000D8556,DefaultLightWhite01NSNonSpec,LIGH,-7276.409668,3626.518311,-839.315857,0.0
1553207,DLCworkshop03.esm,05004448,00155875,defaultLightWarm01SpotNS,LIGH,2289.048828,6836.694336,-99.290787,132.0086
1553208,DLCworkshop03.esm,05004449,00054467,DefaultLightWhite01Spot,LIGH,6567.258301,-6715.488281,-763.354431,0.0
1553209,DLCworkshop03.esm,0500444A,00239222,DefaultLightWhite01SpotNSLF,LIGH,2201.890381,8028.327148,280.682434,340.5518
1553210,DLCworkshop03.esm,0500444B,0010ADBA,DefaultLightWhite01SpotNS,LIGH,7270.036621,-2304.395264,-894.603149,0.0
1553211,DLCworkshop03.esm,0500444C,0010ADBA,DefaultLightWhite01SpotNS,LIGH,6621.154785,-5707.763672,-873.939941,0.0
1553212,DLCworkshop03.esm,0500444D,0010ADBA,DefaultLightWhite01SpotNS,LIGH,6621.154785,-5142.293945,-873.939941,0.0
1553213,DLCworkshop03.esm,0500444E,0010ADBA,DefaultLightWhite01SpotNS,LIGH,5693.52002,-3914.022217,-893.983093,274.9698
1553214,DLCworkshop03.esm,0500444F,00091D4C,defaultLightWarm01SpotNSFlicker,LIGH,6719.029785,-3930.210693,-895.687012,0.0
1553215,DLCworkshop03.esm,05004450,0010ADBA,DefaultLightWhite01SpotNS,LIGH,5717.703125,-2889.117676,-894.283264,273.8141
1553216,DLCworkshop03.esm,05004451,0500434D,DLC06IndCatLightNSGobo,LIGH,-7181.13623,8589.386719,-288.519043,0.0
1553217,DLCworkshop03.esm,05004452,0500434D,DLC06IndCatLightNSGobo,LIGH,-7675.514648,9462.357422,-294.036285,90.0
1553218,DLCworkshop03.esm,05004453,0500434D,DLC06IndCatLightNSGobo,LIGH,-9347.850586,7728.045898,-534.425964,180.0
1553219,DLCworkshop03.esm,05004454,0500434D,DLC06IndCatLightNSGobo,LIGH,-3593.861084,4980.105957,-434.753662,180.0
1553220,DLCworkshop03.esm,05004456,0500434D,DLC06IndCatLightNSGobo,LIGH,6584.427246,-2389.284668,-1026.825562,0.0
1553221,DLCworkshop03.esm,05004464,00026251,MuseumSpotWarm,LIGH,-7454.283691,9830.474609,-104.969864,270.0
1553222,DLCworkshop03.esm,05004466,0002B76A,EmergencyLightBeam01,MSTT,2281.463867,6826.731445,-109.651894,357.5715
1553223,DLCworkshop03.esm,05004467,0002B76A,EmergencyLightBeam01,MSTT,-7718.286133,3749.733887,-1002.496155,87.5551
1553224,DLCworkshop03.esm,05004468,0002B76A,EmergencyLightBeam01,MSTT,-3130.520996,5246.085938,21.150805,357.6506
1553225,DLCworkshop03.esm,05004469,0005526B,LightBeamThin01Short01,MSTT,-7454.283691,9830.474609,-97.595505,0.0
1553226,DLCworkshop03.esm,0500446A,0008F5A7,CeilingLamp01ShortOn,STAT,-7454.283691,9830.474609,-118.92923,256.868
1553227,DLCworkshop03.esm,0500446B,000B3919,ConstructionLight_FloorOn,STAT,2284.510986,6829.536133,-128.000122,42.0086
1553228,DLCworkshop03.esm,0500446C,000B3919,ConstructionLight_FloorOn,STAT,-7726.845215,3754.693115,-1024.148682,267.0085
1553229,DLCworkshop03.esm,0500446D,000B3919,ConstructionLight_FloorOn,STAT,-3127.352783,5247.199219,1.702793,312.0086
1553230,DLCworkshop03.esm,0500446E,0008E799,DeskLamp01On,STAT,2734.1521,9191.516602,152.186752,47.4062
1553231,DLCworkshop03.esm,0500446F,000E48BB,IndCatLight01On,STAT,-7204.393555,8590.889648,-365.874634,180.0
1553232,DLCworkshop03.esm,05004470,000E48BB,IndCatLight01On,STAT,-7674.011719,9485.615234,-371.391876,270.0001
1553233,DLCworkshop03.esm,05004471,000E48BB,IndCatLight01On,STAT,-9324.592773,7726.542969,-611.781616,0.0
1553234,DLCworkshop03.esm,05004472,000E48BB,IndCatLight01On,STAT,-3830.669189,4533.02832,-258.621887,180.0
1553235,DLCworkshop03.esm,05004473,000E48BB,IndCatLight01On,STAT,-3582.148437,4983.26709,-515.252747,0.0001
1553236,DLCworkshop03.esm,05004474,000E48BB,IndCatLight01On,STAT,-3267.078125,4566.111328,-2.876656,270.0001
1553237,DLCworkshop03.esm,0500447B,0008CBE2,SpotLight_Base,STAT,2173.147217,8022.658203,308.229279,188.9492
1553238,DLCworkshop03.esm,0500447C,0008F5CE,SpotLight_LightOn,STAT,2173.147217,8022.658203,289.220947,222.6705
1553239,DLCworkshop03.esm,0500447D,000DC8AA,SubLight02Hanging,STAT,6621.720215,-5720.180176,-807.722778,0.0
1553240,DLCworkshop03.esm,0500447E,000DC8AA,SubLight02Hanging,STAT,6621.720215,-5154.710938,-807.722778,0.0
1553241,DLCworkshop03.esm,0500447F,000DC8AA,SubLight02Hanging,STAT,6567.82373,-6727.904785,-697.137268,0.0
1553242,DLCworkshop03.esm,05004480,000DC8AC,SubLight02Wall,STAT,7310.025879,-2305.650391,-865.805664,180.0
1553243,DLCworkshop03.esm,05004481,000DC8AC,SubLight02Wall,STAT,5653.530273,-3912.766846,-865.185608,0.0001
1553244,DLCworkshop03.esm,05004482,000DC8AC,SubLight02Wall,STAT,6759.019043,-3931.46582,-866.889526,180.0
1553245,DLCworkshop03.esm,05004483,000DC8AC,SubLight02Wall,STAT,5677.713379,-2887.861816,-865.485779,0.0001
1553246,DLCworkshop03.esm,05004484,000DC8B5,SubLight03WallFree,STAT,6583.258301,-1879.436768,-1015.058533,0.0
1553247,DLCworkshop03.esm,05004485,000DC8B5,SubLight03WallFree,STAT,6572.090332,-2391.422852,-1015.058533,0.0
1553248,DLCworkshop03.esm,05004486,000DC8B5,SubLight03WallFree,STAT,6558.671387,-3159.159912,-1015.058533,0.0
1553249,DLCworkshop03.esm,0500448A,0002B76A,EmergencyLightBeam01,MSTT,714.108337,6538.686035,80.533066,357.3985
1553250,DLCworkshop03.esm,0500448D,050043A5,DLC06ScrapableForklift02,SCOL,1078.03418,449.362183,-415.962799,294.282
1553251,DLCworkshop03.esm,05004492,050043B8,DLC06ScrapableCrateAndCart001,SCOL,-3147.911377,4977.526855,0.625747,265.1186
1553252,DLCworkshop03.esm,05004494,050043BC,DLC06ScrapableCratesLargeGroup005,SCOL,-4178.123535,5407.941406,-918.259155,265.3475
1553253,DLCworkshop03.esm,05004497,050043C5,DLC06ScrapableCinderBlocks03,SCOL,-8157.370117,4524.729004,-1012.672791,21.8298
1553254,DLCworkshop03.esm,050044A7,050044A6,DLC06ScrapablePipeGroup002,SCOL,-45.170238,-2851.083496,-478.241425,250.1641
1553255,DLCworkshop03.esm,050044AA,050044A9,DLC06ScrapablePipeGroup003,SCOL,1974.153076,-4304.485352,-949.273193,324.9925
1553256,DLCworkshop03.esm,050044CF,050044B6,DLC06ScrapableCratesLargeGroup012,SCOL,-6017.200195,-2373.767334,-1032.306274,101.2173
1553257,DLCworkshop03.esm,050044DB,050044B0,DLC06ScrapableBarrels002,SCOL,-7931.018066,2530.374023,-1035.699219,102.1585
1553258,DLCworkshop03.esm,050044EB,00074C58,SubPlatformColBMid03,STAT,6535.603027,-3417.3479,-1116.722778,1.0886
1553259,DLCworkshop03.esm,050044EC,00074C57,SubPlatformColBMid02,STAT,6530.743652,-3673.301514,-1116.722778,1.0886
1553260,DLCworkshop03.esm,050044ED,00074C52,SubPlatformColBMid01,STAT,6525.878418,-3929.255127,-1116.722778,1.0886
1553261,DLCworkshop03.esm,050044EE,00074C62,SubPlatformColBTop02,STAT,6516.149902,-4441.162598,-1116.722778,1.0886
1553262,DLCworkshop03.esm,050044F1,0008F6B7,Loot_Prewar_Toolcase,CONT,3506.529541,-1392.920898,-722.329712,202.4364
1553263,DLCworkshop03.esm,050044F3,0004B6E9,Loot_Prewar_Medkit,CONT,5855.480469,-4531.447266,-1088.266357,7.0592
1553264,DLCworkshop03.esm,050044FB,0002480C,IndFrame768x768XShape01,STAT,-494.695923,9810.583984,1416.135376,90.0001
1553265,DLCworkshop03.esm,050044FC,000247F5,IndFrame512x512EmptyShape01,STAT,240.108994,9264.0,1417.626831,90.0001
1553266,DLCworkshop03.esm,050044FD,000247F5,IndFrame512x512EmptyShape01,STAT,240.217987,9776.0,1417.626831,90.0001
1553267,DLCworkshop03.esm,050044FE,000540CB,VltRmPodRoofCorOutTallHalf01,STAT,412.684387,10271.803711,1481.906738,180.0
1553268,DLCworkshop03.esm,050044FF,000540CB,VltRmPodRoofCorOutTallHalf01,STAT,412.684326,10207.803711,1481.906738,90.0
1553269,DLCworkshop03.esm,05004500,05003C5C,DLC06IBeamFooter01,SCOL,258.687744,10255.4375,1417.16748,2.4366
1553270,DLCworkshop03.esm,05004501,000247F5,IndFrame512x512EmptyShape01,STAT,239.891006,6704.12793,1417.90686,90.0001
1553271,DLCworkshop03.esm,05004502,0003B2DF,RockM04,STAT,-10.959671,7786.664551,1558.75708,188.4988
1553272,DLCworkshop03.esm,05004503,0003AA23,RockM03,STAT,177.455505,7646.902344,1558.75708,257.2151
1553273,DLCworkshop03.esm,05004504,0003AA23,RockM03,STAT,99.707672,7702.090332,1705.721191,189.7875
1553274,DLCworkshop03.esm,05004505,0003AA23,RockM03,STAT,532.923706,7017.616699,1571.38562,220.159
1553275,DLCworkshop03.esm,05004506,000247F5,IndFrame512x512EmptyShape01,STAT,-1231.015869,7216.001953,1417.90686,90.0001
1553276,DLCworkshop03.esm,05004507,000247F5,IndFrame512x512EmptyShape01,STAT,-1231.124878,6704.001953,1417.906982,90.0001
1553277,DLCworkshop03.esm,05004508,0003AA23,RockM03,STAT,-1504.766968,6811.024414,1473.155396,108.9411
1553278,DLCworkshop03.esm,05004509,000247F5,IndFrame512x512EmptyShape01,STAT,-1230.797852,9264.001953,1417.626831,90.0001
1553279,DLCworkshop03.esm,05004534,0003299A,RockCliff03,STAT,929.177612,1532.570068,825.422852,1.1385
1553280,DLCworkshop03.esm,05004583,0003299A,RockCliff03,STAT,1713.02002,-103.552734,632.479187,323.495
1553281,DLCworkshop03.esm,0500459A,05000848,VltWorkShopCaveWall03Top,STAT,-2077.322266,-4731.636719,-1233.087036,347.8131
1553282,DLCworkshop03.esm,0500459C,05000846,VltWorkShopCaveWall01Low,STAT,-2139.108887,-5909.581543,-601.136292,125.0138
1553283,DLCworkshop03.esm,0500459D,05000848,VltWorkShopCaveWall03Top,STAT,-2581.830322,-4962.46582,-1134.583374,153.146
1553284,DLCworkshop03.esm,0500459E,05000848,VltWorkShopCaveWall03Top,STAT,-1398.285034,-5823.383789,-672.457642,189.529
1553285,DLCworkshop03.esm,050045A1,0500083A,VltWorkShopCavePillar03Top,STAT,-3674.716064,-4547.315918,-1239.876953,314.5592
1553286,DLCworkshop03.esm,050045BB,05000835,VltWorkShopCaveDirtPile01,STAT,-3217.406006,-4311.854492,-512.457642,180.8311
1553287,DLCworkshop03.esm,050045D9,00038593,RockCliff05,STAT,-4605.774414,-5036.057129,532.412598,83.0788
1553288,DLCworkshop03.esm,050045DA,00038593,RockCliff05,STAT,-5365.826172,-3360.950195,657.695068,180.4572
1553289,DLCworkshop03.esm,050045DB,05000846,VltWorkShopCaveWall01Low,STAT,-4362.172852,-1985.913696,-1140.341309,358.6422
1553290,DLCworkshop03.esm,050045DC,05000848,VltWorkShopCaveWall03Top,STAT,-4362.172852,-1985.913696,-1177.747681,358.6422
1553291,DLCworkshop03.esm,050045DD,05000848,VltWorkShopCaveWall03Top,STAT,-5926.674316,-1510.093262,-1177.747681,265.9322
1553292,DLCworkshop03.esm,050045DE,05000846,VltWorkShopCaveWall01Low,STAT,-5926.674316,-1510.093262,-1140.341309,265.9322
1553293,DLCworkshop03.esm,050045E1,05000835,VltWorkShopCaveDirtPile01,STAT,-9958.255859,-1433.800659,-1027.332275,215.2087
1553294,DLCworkshop03.esm,050045E2,05000835,VltWorkShopCaveDirtPile01,STAT,-10123.061523,-1272.681885,-1027.960327,286.5961
1553295,DLCworkshop03.esm,050045E3,05000835,VltWorkShopCaveDirtPile01,STAT,-10104.740234,-1463.369141,-1017.110596,31.5126
1553296,DLCworkshop03.esm,050045E4,05000838,VltWorkShopCavePillar01Low,STAT,-5117.764648,-1311.735107,-1248.669922,314.5592
1553297,DLCworkshop03.esm,050045E5,0500083A,VltWorkShopCavePillar03Top,STAT,-5134.04541,-1313.907837,-1244.912842,314.5592
1553298,DLCworkshop03.esm,05004619,05000846,VltWorkShopCaveWall01Low,STAT,-5785.692383,-212.661911,-1189.385376,94.424
1553299,DLCworkshop03.esm,0500461A,05000848,VltWorkShopCaveWall03Top,STAT,-5822.510254,-193.666946,-1682.073975,92.3612
1553300,DLCworkshop03.esm,0500461B,05000838,VltWorkShopCavePillar01Low,STAT,-6573.394531,-771.90448,-1248.669922,314.5592
1553301,DLCworkshop03.esm,0500461C,0500083A,VltWorkShopCavePillar03Top,STAT,-6584.595703,-763.513855,-1485.287109,314.5592
1553302,DLCworkshop03.esm,0500461E,0500083A,VltWorkShopCavePillar03Top,STAT,-6522.974609,691.335571,-1697.855225,314.5592
1553303,DLCworkshop03.esm,0500461F,050036B7,VltWorkShopCaveWall01LowHALF,STAT,-7216.500488,-308.087372,-1070.019165,180.0005
1553304,DLCworkshop03.esm,05004620,050036B9,VltWorkShopCaveWall03TopHALF,STAT,-7216.500488,-308.087372,-1065.137329,180.0005
1553305,DLCworkshop03.esm,05004621,05000848,VltWorkShopCaveWall03Top,STAT,-7177.312988,309.485138,-1215.652954,273.6504
1553306,DLCworkshop03.esm,05004622,05000846,VltWorkShopCaveWall01Low,STAT,-7188.903809,310.220154,-1175.467651,270.7858
1553307,DLCworkshop03.esm,05004625,050036B7,VltWorkShopCaveWall01LowHALF,STAT,-7013.347656,1160.089355,-1111.259155,86.0928
1553308,DLCworkshop03.esm,05004626,050036B9,VltWorkShopCaveWall03TopHALF,STAT,-7020.807617,1265.59375,-1065.137329,90.7908
1553309,DLCworkshop03.esm,05004627,05000838,VltWorkShopCavePillar01Low,STAT,-7882.044434,1174.925659,-1229.555176,314.5592
1553310,DLCworkshop03.esm,05004628,0500083A,VltWorkShopCavePillar03Top,STAT,-7893.245605,1183.316284,-1244.912842,314.5592
1553311,DLCworkshop03.esm,05004629,050036B7,VltWorkShopCaveWall01LowHALF,STAT,-8422.044922,1623.923828,-1073.974854,173.8984
1553312,DLCworkshop03.esm,0500462A,050036B9,VltWorkShopCaveWall03TopHALF,STAT,-8422.044922,1623.923828,-739.584045,173.8984
1553313,DLCworkshop03.esm,0500462B,05000846,VltWorkShopCaveWall01Low,STAT,-9786.84668,-1308.823608,-1175.467651,85.7774
1553314,DLCworkshop03.esm,0500462C,05000848,VltWorkShopCaveWall03Top,STAT,-9786.84668,-1308.823608,-739.584045,85.7774
1553315,DLCworkshop03.esm,0500462D,0500083A,VltWorkShopCavePillar03Top,STAT,-9183.064453,-376.329163,-1735.211304,323.2968
1553316,DLCworkshop03.esm,0500462E,05000838,VltWorkShopCavePillar01Low,STAT,-9173.265625,-386.324463,-1248.669922,323.2968
1553317,DLCworkshop03.esm,0500462F,0500083A,VltWorkShopCavePillar03Top,STAT,-10456.140625,143.098236,-1952.954224,292.0709
1553318,DLCworkshop03.esm,05004630,05000838,VltWorkShopCavePillar01Low,STAT,-10347.838867,-114.145905,-1381.338867,323.2968
1553319,DLCworkshop03.esm,05004631,050036B9,VltWorkShopCaveWall03TopHALF,STAT,-6145.961426,4008.407471,-589.068481,171.0049
1553320,DLCworkshop03.esm,05004632,050036B7,VltWorkShopCaveWall01LowHALF,STAT,-6146.202148,4008.400391,-1084.717407,171.0049
1553321,DLCworkshop03.esm,050046A9,05000846,VltWorkShopCaveWall01Low,STAT,-9676.807617,135.287674,-1175.467651,88.7569
1553322,DLCworkshop03.esm,050046AA,05000848,VltWorkShopCaveWall03Top,STAT,-9676.807617,135.287674,-739.584045,88.7569
1553323,DLCworkshop03.esm,050046AB,05000838,VltWorkShopCavePillar01Low,STAT,-9004.362305,1038.358643,-1248.669922,323.2968
1553324,DLCworkshop03.esm,050046AC,0500083A,VltWorkShopCavePillar03Top,STAT,-9014.161133,1048.354004,-1735.211304,323.2968
1553325,DLCworkshop03.esm,050046AD,05000848,VltWorkShopCaveWall03Top,STAT,-7169.554687,2624.733398,-1765.633545,96.3199
1553326,DLCworkshop03.esm,050046AF,05000838,VltWorkShopCavePillar01Low,STAT,-6456.114746,3491.615967,-1248.669922,314.6452
1553327,DLCworkshop03.esm,050046B0,0500083A,VltWorkShopCavePillar03Top,STAT,-6482.185059,3500.371582,-1340.438843,314.6452
1553328,DLCworkshop03.esm,050046B1,050036B2,VltWorkShopCavePillar01LowHALF,STAT,-7649.111328,2485.501465,-1214.143677,314.6452
1553329,DLCworkshop03.esm,050046B2,050036B4,VltWorkShopCavePillar03TopHALF,STAT,-7642.935547,2480.568115,-1196.860229,314.6452
1553330,DLCworkshop03.esm,050046D9,00038593,RockCliff05,STAT,-6890.994629,4248.079102,296.955902,161.9348
1553331,DLCworkshop03.esm,050046DA,0500083A,VltWorkShopCavePillar03Top,STAT,-8025.631836,4209.827148,-1739.642822,314.6452
1553332,DLCworkshop03.esm,050046DB,05000838,VltWorkShopCavePillar01Low,STAT,-8025.631836,4209.827148,-1756.92627,314.6452
1553333,DLCworkshop03.esm,050046DC,000FDBA1,RockCliff07,STAT,-8284.996094,3801.089844,-540.887939,236.814
1553334,DLCworkshop03.esm,050046DD,0003299A,RockCliff03,STAT,-10941.913086,1500.033691,-1193.38562,38.1687
1553335,DLCworkshop03.esm,050046DE,00038593,RockCliff05,STAT,-7689.614258,2447.821777,83.524696,169.9358
1553336,DLCworkshop03.esm,050046EA,000FDB9B,RockL01,STAT,-9262.710938,1607.049438,-390.151459,199.6866
1553337,DLCworkshop03.esm,050046EB,000FDB9B,RockL01,STAT,-8665.880859,1430.613037,-321.386505,276.7173
1553338,DLCworkshop03.esm,050046EC,000329A7,RockCliff04,STAT,-9828.188477,995.042358,301.437592,336.0288
1553339,DLCworkshop03.esm,050046ED,000FDB9B,RockL01,STAT,-9322.123047,356.583038,-474.218597,359.3024
1553340,DLCworkshop03.esm,050046EE,000FDB9B,RockL01,STAT,-9395.113281,-604.034119,-527.566223,359.3024
1553341,DLCworkshop03.esm,050046F1,000FDB9B,RockL01,STAT,-5614.164062,-1405.346558,48.470856,104.0777
1553342,DLCworkshop03.esm,050046F4,00038593,RockCliff05,STAT,-6890.994629,4248.079102,296.955902,321.5348
1553343,DLCworkshop03.esm,05004706,050036AF,VltWorkShopCaveCorOut03TopHALF,STAT,-8183.077637,13640.943359,-757.281982,181.2382
1553344,DLCworkshop03.esm,05004707,050036AF,VltWorkShopCaveCorOut03TopHALF,STAT,-7953.592773,13853.439453,-757.281982,1.2382
1553345,DLCworkshop03.esm,05004708,05000835,VltWorkShopCaveDirtPile01,STAT,-8110.183105,14038.438477,-780.26709,321.5697
1553346,DLCworkshop03.esm,05004709,05000835,VltWorkShopCaveDirtPile01,STAT,-7756.718262,13511.323242,-803.605957,333.4881
1553347,DLCworkshop03.esm,0500470A,05000835,VltWorkShopCaveDirtPile01,STAT,-8083.18457,13144.84082,-748.877563,311.2985
1553348,DLCworkshop03.esm,0500470B,05000835,VltWorkShopCaveDirtPile01,STAT,-8036.336914,13769.118164,-780.26709,53.2429
1553349,DLCworkshop03.esm,0500470C,05000848,VltWorkShopCaveWall03Top,STAT,-7314.168457,14121.351562,-1452.673462,338.583
1553350,DLCworkshop03.esm,0500470D,05000848,VltWorkShopCaveWall03Top,STAT,-6871.278809,14062.163086,-1452.673462,165.1484
1553351,DLCworkshop03.esm,0500470E,05000836,VltWorkShopCaveFloor01,STAT,-6703.957031,14190.722656,-1019.769531,334.2168
1553352,DLCworkshop03.esm,0500470F,050036AB,VltWorkShopCaveCorIn03TopHALF,STAT,-5460.789062,14205.533203,-1078.098389,161.3789
1553353,DLCworkshop03.esm,05004710,050036B9,VltWorkShopCaveWall03TopHALF,STAT,-5712.491699,14882.574219,-1094.130127,58.2465
1553354,DLCworkshop03.esm,05004711,050036AB,VltWorkShopCaveCorIn03TopHALF,STAT,-6168.537598,15595.756836,-1090.296875,58.2463
1553355,DLCworkshop03.esm,05004712,0003299A,RockCliff03,STAT,-6672.098633,13788.986328,81.545929,184.6274
1553356,DLCworkshop03.esm,05004713,0003299A,RockCliff03,STAT,-7265.30957,14392.914062,82.900749,130.1963
1553357,DLCworkshop03.esm,05004714,05000836,VltWorkShopCaveFloor01,STAT,-5265.737305,14885.882812,-1019.769531,334.2168
1553358,DLCworkshop03.esm,05004715,050036AB,VltWorkShopCaveCorIn03TopHALF,STAT,-6550.381348,15608.294922,-1090.296875,335.1674
1553359,DLCworkshop03.esm,05004716,05000835,VltWorkShopCaveDirtPile01,STAT,-6669.191895,15409.880859,-1032.760864,270.0
1553360,DLCworkshop03.esm,05004717,05000835,VltWorkShopCaveDirtPile01,STAT,-6226.788574,15763.636719,-1032.760864,149.6787
1553361,DLCworkshop03.esm,05004718,05000839,VltWorkShopCavePillar02Mid,STAT,-6762.951172,15053.356445,-1257.519775,0.0
1553362,DLCworkshop03.esm,05004719,05000836,VltWorkShopCaveFloor01,STAT,-10796.241211,13354.066406,-624.665649,330.9686
1553363,DLCworkshop03.esm,0500471A,05000848,VltWorkShopCaveWall03Top,STAT,-11174.241211,12889.603516,-876.847778,147.9596
1553364,DLCworkshop03.esm,0500471B,05000848,VltWorkShopCaveWall03Top,STAT,-11321.652344,13223.412109,-876.847778,351.3595
1553365,DLCworkshop03.esm,0500471C,05000836,VltWorkShopCaveFloor01,STAT,-12185.550781,12592.508789,-483.695374,331.4381
1553366,DLCworkshop03.esm,0500471D,05000848,VltWorkShopCaveWall03Top,STAT,-12233.248047,13047.013672,-876.847778,210.985
1553367,DLCworkshop03.esm,0500471E,05000848,VltWorkShopCaveWall03Top,STAT,-13452.341797,14090.129883,-919.595215,50.5567
1553368,DLCworkshop03.esm,0500471F,05000848,VltWorkShopCaveWall03Top,STAT,-13265.888672,13930.761719,-919.595215,242.4976
1553369,DLCworkshop03.esm,05004721,05000836,VltWorkShopCaveFloor01,STAT,-12998.898437,13862.577148,-404.286682,309.2933
1553370,DLCworkshop03.esm,05004722,05000835,VltWorkShopCaveDirtPile01,STAT,-12622.476562,12906.097656,-489.497955,252.8111
1553371,DLCworkshop03.esm,05004723,05000835,VltWorkShopCaveDirtPile01,STAT,-12581.969727,13207.831055,-489.438263,80.4656
1553372,DLCworkshop03.esm,05004724,05000835,VltWorkShopCaveDirtPile01,STAT,-12412.399414,13582.807617,-489.497955,148.9624
1553373,DLCworkshop03.esm,05004725,0003299A,RockCliff03,STAT,-10523.746094,12934.335937,629.077148,31.9486
1553374,DLCworkshop03.esm,05004726,0003299A,RockCliff03,STAT,-13263.630859,13608.959961,584.026245,309.6934
1553375,DLCworkshop03.esm,05004727,0003299A,RockCliff03,STAT,-11393.283203,12383.129883,510.130371,202.5533
1553376,DLCworkshop03.esm,05004728,0003299A,RockCliff03,STAT,-12347.149414,12852.493164,640.440002,162.7898
1553377,DLCworkshop03.esm,0500472C,0003299A,RockCliff03,STAT,-10222.550781,13713.581055,433.647064,134.1382
1553378,DLCworkshop03.esm,05004736,000342CA,LvlMoleratAmbush,NPC_,3919.50293,-2033.505249,-767.131897,318.2196
1553379,DLCworkshop03.esm,0500473B,000342CA,LvlMoleratAmbush,NPC_,3635.485596,-1475.632935,-767.131897,183.5745
1553380,DLCworkshop03.esm,0500473F,000DE96A,LvlFeralGhoulAggro1024,NPC_,6914.335449,-2280.826904,-1116.722778,0.0
1553381,DLCworkshop03.esm,05004740,000ED13A,PackageSandboxPrimitive,ACTI,6001.850586,-2712.615723,-909.816772,90.0003
1553382,DLCworkshop03.esm,05004741,000DE96A,LvlFeralGhoulAggro1024,NPC_,5901.698242,-2124.259033,-1116.722778,74.4845
1553383,DLCworkshop03.esm,05004742,000DE96A,LvlFeralGhoulAggro1024,NPC_,6592.077637,-3747.554687,-1116.722778,0.0
1553384,DLCworkshop03.esm,05004743,000DE96A,LvlFeralGhoulAggro1024,NPC_,5846.367676,-4103.827637,-1116.722778,317.0281
1553385,DLCworkshop03.esm,05004744,000DE96A,LvlFeralGhoulAggro1024,NPC_,5051.335938,-3643.510498,-1142.748535,268.3268
1553386,DLCworkshop03.esm,05004745,000EC7B0,SandboxFeralGhoulSquatEating,FURN,5796.887207,-4363.395996,-1116.722656,213.8956
1553387,DLCworkshop03.esm,05004746,000F0103,SandboxFeralGhoulSitOnFloorEating,FURN,6514.115234,-4149.456543,-1116.722778,0.0
1553388,DLCworkshop03.esm,05004747,000EC7B0,SandboxFeralGhoulSquatEating,FURN,5824.010742,-3666.999512,-1116.7229,319.8928
1553389,DLCworkshop03.esm,05004748,000EC7B0,SandboxFeralGhoulSquatEating,FURN,5863.559082,-1792.998535,-1116.722778,305.5689
1553390,DLCworkshop03.esm,05004749,000EC7B0,SandboxFeralGhoulSquatEating,FURN,5222.033203,-3018.909424,-1133.876221,127.9519
1553391,DLCworkshop03.esm,0500474A,000EC7B0,SandboxFeralGhoulSquatEating,FURN,5162.61084,-4077.015625,-1143.337769,139.411
1553392,DLCworkshop03.esm,0500474B,00002CE2,PatrolIdleMarker,IDLM,7188.109375,-2549.131592,-1116.722778,105.9972
1553393,DLCworkshop03.esm,0500474C,00002CE2,PatrolIdleMarker,IDLM,6688.375977,-4493.651855,-1116.722656,331.352
1553394,DLCworkshop03.esm,0500474D,00002CE2,PatrolIdleMarker,IDLM,4709.196777,-3802.74707,-1116.588867,265.4617
1553395,DLCworkshop03.esm,0500474E,00002CE2,PatrolIdleMarker,IDLM,4791.055176,-2582.250244,-1078.69458,331.352
1553396,DLCworkshop03.esm,0500474F,00002CE2,PatrolIdleMarker,IDLM,4912.898926,-3028.804688,-1132.215576,200.5352
1553397,DLCworkshop03.esm,05004750,00002CE2,PatrolIdleMarker,IDLM,7198.228516,-2176.231445,-1116.722778,354.2704
1553398,DLCworkshop03.esm,05004751,00002CE2,PatrolIdleMarker,IDLM,6514.089355,-3061.139893,-1116.722778,245.4084
1553399,DLCworkshop03.esm,05004752,000F2B91,LvlFeralGhoulGlowingOneAmbush,NPC_,6130.21875,-5709.080566,-1172.135742,0.0
1553400,DLCworkshop03.esm,05004757,00084912,LvlFeralGhoulAmbush,NPC_,6429.004395,-5913.694336,-1180.722778,28.6479
1553401,DLCworkshop03.esm,0500475B,00144AC9,ExtRubble_Plain_Sm_Mid06,STAT,6365.942871,-6002.972656,-1265.422729,86.907
1553402,DLCworkshop03.esm,0500475C,00084912,LvlFeralGhoulAmbush,NPC_,7090.991211,-5714.057617,-1194.7229,0.0
1553403,DLCworkshop03.esm,05004760,00084912,LvlFeralGhoulAmbush,NPC_,7057.279297,-5014.960938,-1194.7229,213.8956
1553404,DLCworkshop03.esm,05004764,0017E719,LvlDeathclawLegendary,NPC_,-2067.438232,-321.543579,-512.45752,274.0562
1553405,DLCworkshop03.esm,05004766,000342C9,LvlMolerat,NPC_,-2277.713623,-162.262756,-496.688049,123.1859
1553406,DLCworkshop03.esm,05004767,000342C9,LvlMolerat,NPC_,-2241.033936,-60.92218,-496.688049,42.9717
1553407,DLCworkshop03.esm,05004768,000342C9,LvlMolerat,NPC_,-2286.605225,-104.582458,-392.052612,42.9717
1553408,DLCworkshop03.esm,05004769,000342C9,LvlMolerat,NPC_,-1859.148926,-1132.444702,-512.457581,334.2168
1553409,DLCworkshop03.esm,0500476A,000342C9,LvlMolerat,NPC_,-2223.6521,435.78009,-512.457642,322.7576
1553410,DLCworkshop03.esm,0500476B,000342C9,LvlMolerat,NPC_,-1888.587524,222.725891,-512.457581,103.1323
1553411,DLCworkshop03.esm,0500476E,00084912,LvlFeralGhoulAmbush,NPC_,-9356.608398,-5279.195801,197.587448,0.0
1553412,DLCworkshop03.esm,05004773,00084912,LvlFeralGhoulAmbush,NPC_,-9088.308594,-5149.630371,-50.527119,0.0
1553413,DLCworkshop03.esm,05004777,00084912,LvlFeralGhoulAmbush,NPC_,-9104.25293,-5602.187988,197.587433,0.0
1553414,DLCworkshop03.esm,0500477B,00084912,LvlFeralGhoulAmbush,NPC_,-8852.176758,-5627.165039,-52.085346,0.0
1553415,DLCworkshop03.esm,0500477F,000342CA,LvlMoleratAmbush,NPC_,-6335.746094,3888.601074,-1008.045288,346.8675
1553416,DLCworkshop03.esm,05004784,000342CA,LvlMoleratAmbush,NPC_,-7631.850098,4954.750977,-1010.370422,149.1967
1553417,DLCworkshop03.esm,05004788,000342CA,LvlMoleratAmbush,NPC_,-5612.088867,4861.510742,-1009.504395,241.7867
1553418,DLCworkshop03.esm,0500478C,000342CA,LvlMoleratAmbush,NPC_,-7524.365723,3703.282715,-1008.754456,47.9445
1553419,DLCworkshop03.esm,05004790,000342CA,LvlMoleratAmbush,NPC_,-6388.287109,5204.841309,-1008.502808,185.4543
1553420,DLCworkshop03.esm,0500479B,000342CA,LvlMoleratAmbush,NPC_,-9518.647461,-1183.083496,-1009.603394,306.7604
1553421,DLCworkshop03.esm,050047A0,000342CA,LvlMoleratAmbush,NPC_,-10228.613281,-1302.447998,-919.696899,89.9998
1553422,DLCworkshop03.esm,050047A4,000342C9,LvlMolerat,NPC_,-5079.61377,5065.490723,-1011.883484,0.0
1553423,DLCworkshop03.esm,050047A7,05000835,VltWorkShopCaveDirtPile01,STAT,-11320.523438,8524.529297,-779.348816,270.0
1553424,DLCworkshop03.esm,050047A8,05000835,VltWorkShopCaveDirtPile01,STAT,-11135.658203,8514.430664,-695.396057,270.0
1553425,DLCworkshop03.esm,050047A9,05000835,VltWorkShopCaveDirtPile01,STAT,-10827.970703,8393.504883,-641.035889,97.4028
1553426,DLCworkshop03.esm,050047AF,05000835,VltWorkShopCaveDirtPile01,STAT,-10718.533203,7115.47998,-691.251465,270.0
1553427,DLCworkshop03.esm,050047B0,05000835,VltWorkShopCaveDirtPile01,STAT,-10295.355469,7009.081543,-702.430725,344.4845
1553428,DLCworkshop03.esm,050047B1,05000835,VltWorkShopCaveDirtPile01,STAT,-11567.916016,7398.855469,-763.687256,270.0
1553429,DLCworkshop03.esm,050047B2,05000835,VltWorkShopCaveDirtPile01,STAT,-11430.428711,7162.658691,-798.296082,189.7859
1553430,DLCworkshop03.esm,050047B4,000AEC44,LvlMirelurkHunterAmbush,NPC_,-9612.696289,8839.938477,-615.940369,183.4323
1553431,DLCworkshop03.esm,050047B8,0008401A,LvlMirelurkCrabAmbush,NPC_,-10074.727539,7365.841797,-618.121399,15.5154
1553432,DLCworkshop03.esm,050047BD,0019DDD9,LvlMirelurkAll,NPC_,-10174.138672,7816.212891,-611.269165,42.9718
1553433,DLCworkshop03.esm,050047E1,0003AA22,RockM02,STAT,-9774.676758,12965.15625,114.858261,0.0
1553434,DLCworkshop03.esm,050047E2,0003AA22,RockM02,STAT,-8464.925781,14016.670898,41.649414,108.3732
1553435,DLCworkshop03.esm,05004942,00239E5C,ExtInteriorFakeInteriorMetalSmall,ASPC,-837.709778,9314.480469,207.193268,0.0
1553436,DLCworkshop03.esm,05004943,00239E5C,ExtInteriorFakeInteriorMetalSmall,ASPC,-838.444824,10418.019531,204.569733,0.0
1553437,DLCworkshop03.esm,05004944,00239E5C,ExtInteriorFakeInteriorMetalSmall,ASPC,-839.832275,11515.667969,201.70578,0.0
1553438,DLCworkshop03.esm,0500495E,00239E5C,ExtInteriorFakeInteriorMetalSmall,ASPC,-80.517395,11551.943359,225.973175,0.0
1553439,DLCworkshop03.esm,0500495F,00239E5C,ExtInteriorFakeInteriorMetalSmall,ASPC,-79.805481,10319.65918,225.255585,0.0
1553440,DLCworkshop03.esm,05004961,00239E5C,ExtInteriorFakeInteriorMetalSmall,ASPC,-1609.304687,11262.074219,199.010147,0.0
1553441,DLCworkshop03.esm,05004962,00239E5C,ExtInteriorFakeInteriorMetalSmall,ASPC,-1608.024536,10171.169922,203.956482,0.0
1553442,DLCworkshop03.esm,05004963,00239E5C,ExtInteriorFakeInteriorMetalSmall,ASPC,-1608.377686,8672.466797,202.590637,0.0
1553443,DLCworkshop03.esm,05004964,00239E5C,ExtInteriorFakeInteriorMetalSmall,ASPC,-967.973022,6903.378418,160.163208,89.5174
1553444,DLCworkshop03.esm,050049D5,050049D3,DLC06CandidateTwo,NPC_,5818.714844,9576.918945,238.999985,172.5972
1553445,DLCworkshop03.esm,050049D6,050049D4,DLC06CandidateOne,NPC_,5850.791992,9428.356445,238.999985,166.8677
1553446,DLCworkshop03.esm,05004A00,0003EC43,VltWallFree01,STAT,1503.999023,8872.0,96.0,270.0
1553447,DLCworkshop03.esm,05004A01,000491CD,VltHallResWall01,STAT,1311.999023,8872.0,96.0,0.0
1553448,DLCworkshop03.esm,05004A02,000491CD,VltHallResWall01,STAT,1311.999023,8872.0,96.0,180.0
1553449,DLCworkshop03.esm,05004A06,00084912,LvlFeralGhoulAmbush,NPC_,-7389.844727,9574.133789,-368.000061,0.0
1553450,DLCworkshop03.esm,05004A0B,00084912,LvlFeralGhoulAmbush,NPC_,-7627.634277,9822.970703,-368.000061,114.5916
1553451,DLCworkshop03.esm,05004A0F,000D6FD4,LvlFeralGhoulAggro1536,NPC_,-7486.243164,9880.022461,-368.0,254.0027
1553452,DLCworkshop03.esm,05004A11,00020B88,LvlRadscorpion,NPC_,-8188.033203,11507.348633,-588.246399,74.4845
1553453,DLCworkshop03.esm,05004A12,00020B88,LvlRadscorpion,NPC_,-7686.599609,11475.272461,-511.783112,177.6169
1553454,DLCworkshop03.esm,05004A13,000AE8DC,LvlRadscorpionAmbush,NPC_,-9679.560547,11885.925781,-694.652161,29.8393
1553455,DLCworkshop03.esm,05004A1A,000AE8DC,LvlRadscorpionAmbush,NPC_,-9788.970703,13631.597656,-719.155334,127.2422
1553456,DLCworkshop03.esm,05004A1E,000AE8DC,LvlRadscorpionAmbush,NPC_,-8475.177734,13405.823242,-632.182007,201.7267
1553457,DLCworkshop03.esm,05004A22,000AE8DC,LvlRadscorpionAmbush,NPC_,-8542.018555,12292.384766,-633.692261,306.3021
1553458,DLCworkshop03.esm,05004A25,000342C9,LvlMolerat,NPC_,-13180.003906,13967.092773,-404.286713,120.3211
1553459,DLCworkshop03.esm,05004A26,000342C9,LvlMolerat,NPC_,-13087.444336,14076.822266,-404.286713,120.3211
1553460,DLCworkshop03.esm,05004A27,000342C9,LvlMolerat,NPC_,-13006.573242,13870.384766,-404.286713,120.3211
1553461,DLCworkshop03.esm,05004A28,000342C9,LvlMolerat,NPC_,-13090.725586,13980.501953,-404.286713,120.3211
1553462,DLCworkshop03.esm,05004A29,000342C9,LvlMolerat,NPC_,-12941.992187,13996.972656,-404.286713,120.3211
1553463,DLCworkshop03.esm,05004A2C,00030B4D,HitSmRmWall01,STAT,-5591.201172,14379.141602,-1019.769531,173.1298
1553464,DLCworkshop03.esm,05004A2D,000F96C8,HitSmRmWallEdgeDmg01R,STAT,-5653.59375,14629.474609,-1019.769531,173.1298
1553465,DLCworkshop03.esm,05004A2E,000713A8,HitSmRmWall02,STAT,-5560.578613,14124.979492,-1019.769531,173.1298
1553466,DLCworkshop03.esm,05004A2F,00030B4D,HitSmRmWall01,STAT,-5529.956055,13870.818359,-1019.769531,173.1298
1553467,DLCworkshop03.esm,05004A30,00030B4D,HitSmRmWall01,STAT,-5652.445801,14887.464844,-1019.769531,173.1298
1553468,DLCworkshop03.esm,05004A33,000713A8,HitSmRmWall02,STAT,-5652.445312,14887.463867,-763.769531,173.1298
1553469,DLCworkshop03.esm,05004A34,000713AA,HitSmRmWall04,STAT,-5653.593262,14629.473633,-763.769531,173.1298
1553470,DLCworkshop03.esm,05004A35,000713A8,HitSmRmWall02,STAT,-5591.200684,14379.140625,-763.769531,173.1298
1553471,DLCworkshop03.esm,05004A36,00030B4D,HitSmRmWall01,STAT,-5560.578125,14124.978516,-763.769531,173.1298
1553472,DLCworkshop03.esm,05004A37,00030B4D,HitSmRmWall01,STAT,-5529.955566,13870.817383,-763.769531,173.1298
1553473,DLCworkshop03.esm,05004A38,00030B4D,HitSmRmWall01,STAT,-5714.838379,15137.797852,-507.769531,173.1298
1553474,DLCworkshop03.esm,05004A39,00030B4D,HitSmRmWall01,STAT,-5684.21582,14883.635742,-507.769531,173.1298
1553475,DLCworkshop03.esm,05004A3A,00030B4D,HitSmRmWall01,STAT,-5653.593262,14629.473633,-507.769531,173.1298
1553476,DLCworkshop03.esm,05004A3B,000713AA,HitSmRmWall04,STAT,-5622.974121,14375.314453,-507.769531,173.1298
1553477,DLCworkshop03.esm,05004A3C,00030B4D,HitSmRmWall01,STAT,-5592.347656,14121.150391,-507.769531,173.1298
1553478,DLCworkshop03.esm,05004A3D,00030B4D,HitSmRmWall01,STAT,-5561.725586,13866.989258,-507.769531,173.1298
1553479,DLCworkshop03.esm,05004A3E,0019AC33,IndFrameCat256x256EmptyShapeThick01,STAT,-5551.095703,15028.693359,-1023.3573,83.1299
1553480,DLCworkshop03.esm,05004A3F,0004810C,IndFrameCat256x256AShape01,STAT,-5551.095703,15028.693359,-767.3573,83.1299
1553481,DLCworkshop03.esm,05004A40,0004810C,IndFrameCat256x256AShape01,STAT,-5551.095703,15028.693359,-511.3573,83.1299
1553482,DLCworkshop03.esm,05004A41,0019AC33,IndFrameCat256x256EmptyShapeThick01,STAT,-5489.850586,14520.369141,-1023.3573,83.1299
1553483,DLCworkshop03.esm,05004A42,0004810C,IndFrameCat256x256AShape01,STAT,-5489.850586,14520.369141,-767.3573,83.1299
1553484,DLCworkshop03.esm,05004A43,0004810C,IndFrameCat256x256AShape01,STAT,-5489.850586,14520.369141,-511.3573,83.1299
1553485,DLCworkshop03.esm,05004A44,0019AC33,IndFrameCat256x256EmptyShapeThick01,STAT,-5428.605469,14012.045898,-1023.3573,83.1299
1553486,DLCworkshop03.esm,05004A45,0004810C,IndFrameCat256x256AShape01,STAT,-5428.605469,14012.045898,-767.3573,83.1299
1553487,DLCworkshop03.esm,05004A46,0004810C,IndFrameCat256x256AShape01,STAT,-5428.605469,14012.045898,-511.3573,83.1299
1553488,DLCworkshop03.esm,05004A47,0004810B,IndFrameCat256Tall01,STAT,-5591.172363,14508.162109,-799.3573,90.0
1553489,DLCworkshop03.esm,05004A48,0004810B,IndFrameCat256Tall01,STAT,-5560.549805,14254.0,-799.3573,90.0
1553490,DLCworkshop03.esm,05004A49,0004810B,IndFrameCat256Tall01,STAT,-5652.41748,15016.486328,-799.3573,90.0
1553491,DLCworkshop03.esm,05004A4A,0004810B,IndFrameCat256Tall01,STAT,-5621.794922,14762.324219,-799.3573,90.0
1553492,DLCworkshop03.esm,05004A4B,0004810B,IndFrameCat256Tall01,STAT,-5653.148438,15016.398437,-539.769531,90.0
1553493,DLCworkshop03.esm,05004A4C,0004810B,IndFrameCat256Tall01,STAT,-5622.525879,14762.236328,-539.769531,90.0
1553494,DLCworkshop03.esm,05004A4D,0004810B,IndFrameCat256Tall01,STAT,-5591.90332,14508.074219,-539.769531,90.0
1553495,DLCworkshop03.esm,05004A4E,0004810B,IndFrameCat256Tall01,STAT,-5561.280762,14253.912109,-539.769531,90.0
1553496,DLCworkshop03.esm,05004A4F,000F96C7,HitSmRmWallEdgeDmg01L,STAT,-5653.59375,14629.474609,-1019.769531,173.1298
1553497,DLCworkshop03.esm,05004A50,00084ED2,HitSmRmWallHoleDmg01,STAT,-5653.59375,14629.474609,-1019.769531,173.1298
1553498,DLCworkshop03.esm,05004A51,00090E8B,HitDebrisChunkSmRoom03,STAT,-5632.351562,14738.130859,-978.979675,78.2125
1553499,DLCworkshop03.esm,05004A52,00090E89,HitDebrisPile03,STAT,-5530.638672,14651.244141,-1019.769531,0.0
1553500,DLCworkshop03.esm,05004A53,00090E8D,HitDebrisChunkSmRoom01,STAT,-5599.877441,14531.43457,-1004.242126,57.3385
1553501,DLCworkshop03.esm,05004A54,00090E8F,HitDebrisChunkSmHall03,STAT,-5506.77002,14699.300781,-1000.231628,201.7033
1553502,DLCworkshop03.esm,05004A55,00090E89,HitDebrisPile03,STAT,-5433.251953,14684.816406,-935.775635,136.3353
1553503,DLCworkshop03.esm,05004A56,00090E89,HitDebrisPile03,STAT,-5445.186035,14644.743164,-1033.762939,179.6486
1553504,DLCworkshop03.esm,05004A57,001C5AC8,HitDebrisPile01DmgTiles01,STAT,-5412.630371,14657.204102,-849.312317,308.4163
1553505,DLCworkshop03.esm,05004A58,0013A052,HitSmRmWallHoleSpecial01,STAT,-5415.185059,14635.810547,-1019.769531,259.0735
1553506,DLCworkshop03.esm,05004A59,000713AA,HitSmRmWall04,STAT,-5424.743652,14707.298828,-1019.769531,78.4484
1553507,DLCworkshop03.esm,05004A5A,00090E8D,HitDebrisChunkSmRoom01,STAT,-5514.653809,14546.53125,-947.664612,29.493
1553508,DLCworkshop03.esm,05004A5B,000F2554,HitDebrisPileCeiling03,STAT,-5428.269043,14673.026367,-755.946533,345.1785
1553509,DLCworkshop03.esm,05004A5C,000F8617,LvlSentryBot,NPC_,-5912.45166,14688.27832,-1019.769531,256.8675
1553510,DLCworkshop03.esm,05004B01,0003AA22,RockM02,STAT,-8501.696289,11219.421875,-71.261635,118.3696
1553511,DLCworkshop03.esm,05004B09,05001E10,DLC06CaveLightNS,LIGH,-1340.387207,1198.231934,-122.834869,0.0
1553512,DLCworkshop03.esm,05004B0B,0003B2DF,RockM04,STAT,-608.671082,288.504456,82.960464,242.8115
1553513,DLCworkshop03.esm,05004B1D,05004B1C,DLC06ScrapableLimestoneWallA01,SCOL,-631.509949,881.123169,-2480.602783,0.0
1553514,DLCworkshop03.esm,05004B1E,0003AA22,RockM02,STAT,-683.083801,-2607.331055,425.682678,118.1557
1553515,DLCworkshop03.esm,05004B1F,05001BEE,DLC06_RockM02,STAT,-916.467163,-2235.36499,321.771881,67.424
1553516,DLCworkshop03.esm,05004B22,000517B0,DefaultLightWhite01NS,LIGH,-422.309692,-3151.231934,-154.640427,0.0
1553517,DLCworkshop03.esm,05004B30,05004B2F,DLC06ScrapableGirderPile009,SCOL,-5186.188965,-2057.201904,-1017.582214,135.161
1553518,DLCworkshop03.esm,05004B33,05004B32,DLC06ScrapableLimestoneWallD01,SCOL,-9463.75,5032.384766,-502.104156,0.0
1553519,DLCworkshop03.esm,05004B35,05004B53,DLC06ScrapableLimestoneBolders04,SCOL,-8369.448242,5137.635254,-1003.8573,32.3989
1553520,DLCworkshop03.esm,05004B36,05004B12,DLC06ScrapableLimestoneBolders01,SCOL,-7845.016113,4814.216797,-1045.705688,0.0
1553521,DLCworkshop03.esm,05004B37,05004B15,DLC06ScrapableLimestoneBolders02,SCOL,-8163.942871,5285.070312,-1038.401367,0.0
1553522,DLCworkshop03.esm,05004B38,05004B15,DLC06ScrapableLimestoneBolders02,SCOL,-8445.599609,4847.291504,-1038.401367,28.648
1553523,DLCworkshop03.esm,05004B39,05004B28,DLC06ScrapableLimestoneBouldersSm02,SCOL,-8160.298828,5109.094727,-1059.897583,291.2452
1553524,DLCworkshop03.esm,05004B3A,05004B28,DLC06ScrapableLimestoneBouldersSm02,SCOL,-7591.931641,5200.137207,-1052.978394,286.4791
1553525,DLCworkshop03.esm,05004B3B,0003AA22,RockM02,STAT,-9733.017578,5435.467773,-844.317139,293.4508
1553526,DLCworkshop03.esm,05004B3C,0003AA23,RockM03,STAT,-9816.102539,5570.798828,-968.690857,182.3832
1553527,DLCworkshop03.esm,05004B3E,0003AA22,RockM02,STAT,-10268.295898,5482.958008,-783.31488,203.2461
1553528,DLCworkshop03.esm,05004B3F,0003AA22,RockM02,STAT,-9918.876953,4962.808105,-859.265686,258.0139
1553529,DLCworkshop03.esm,05004B40,0003AA23,RockM03,STAT,-9881.007812,5287.811035,-992.533325,9.8216
1553530,DLCworkshop03.esm,05004B41,0003AA23,RockM03,STAT,-8173.968262,5490.064453,-1042.362549,357.6772
1553531,DLCworkshop03.esm,05004B42,0003B2DF,RockM04,STAT,-8446.765625,5316.579102,-867.635925,31.5627
1553532,DLCworkshop03.esm,05004B43,000C5603,RockPileL01_NF_RubbleRock01,STAT,-8454.789062,5248.843262,-842.597656,58.0294
1553533,DLCworkshop03.esm,05004B44,05004B12,DLC06ScrapableLimestoneBolders01,SCOL,-8776.577148,4767.117188,-466.017303,206.7212
1553534,DLCworkshop03.esm,05004B45,0003B2E0,RockS01,STAT,-7346.884277,10705.901367,-531.16449,0.0
1553535,DLCworkshop03.esm,05004B4A,0003B2E0,RockS01,STAT,-8267.910156,11455.338867,-723.136841,0.0
1553536,DLCworkshop03.esm,05004B50,05004B10,DLC06RockS01Limestone,STAT,-9565.251953,11974.527344,-777.971497,0.0
1553537,DLCworkshop03.esm,05004B51,05004B10,DLC06RockS01Limestone,STAT,-9628.599609,11626.619141,-759.018738,146.6566
1553538,DLCworkshop03.esm,05004B52,05004B10,DLC06RockS01Limestone,STAT,-9473.051758,11553.087891,-758.262695,48.1498
1553539,DLCworkshop03.esm,05004B54,0003AA21,RockM01,STAT,-10025.696289,12482.537109,-164.203278,140.6504
1553540,DLCworkshop03.esm,05004B55,0003AA22,RockM02,STAT,-10201.067383,12215.970703,-463.188568,279.7857
1553541,DLCworkshop03.esm,05004B56,0003AA21,RockM01,STAT,-10336.144531,12220.097656,-219.030853,57.6973
1553542,DLCworkshop03.esm,05004B57,0003AA23,RockM03,STAT,-10089.163086,12386.001953,-657.325867,0.0
1553543,DLCworkshop03.esm,05004B58,0003AA23,RockM03,STAT,-10205.740234,12073.804688,-747.061462,338.3832
1553544,DLCworkshop03.esm,05004B59,0003AA23,RockM03,STAT,-9962.271484,12550.006836,-672.688232,258.4971
1553545,DLCworkshop03.esm,05004B5C,0003B2DF,RockM04,STAT,-7348.219727,11767.378906,-524.641907,325.3652
1553546,DLCworkshop03.esm,05004B5D,0003B2E0,RockS01,STAT,-7428.63916,11649.618164,-536.017395,0.0
1553547,DLCworkshop03.esm,05004B61,05001BEE,DLC06_RockM02,STAT,-5647.716309,-905.524414,-283.163086,215.5706
1553548,DLCworkshop03.esm,05004B62,05001BEE,DLC06_RockM02,STAT,-5650.547363,-941.621887,-346.02124,176.4394
1553549,DLCworkshop03.esm,05004B6D,05004B28,DLC06ScrapableLimestoneBouldersSm02,SCOL,-5706.32373,-2140.141357,-1060.327026,351.1766
1553550,DLCworkshop03.esm,05004B6F,0003AA22,RockM02,STAT,-8694.446289,5151.080078,-620.730835,319.8153
1553551,DLCworkshop03.esm,05004B70,0003B2DF,RockM04,STAT,-8660.925781,5091.812012,-837.897217,353.1889
1553552,DLCworkshop03.esm,05004B8C,05004B71,DLC06ScrapableLimestoneBolders06,SCOL,-8583.492187,5336.013672,-656.071777,0.0
1553553,DLCworkshop03.esm,05004BD4,000494ED,IndBgPipeSocket02,STAT,-10321.90918,5933.848633,-618.58252,180.0
1553554,DLCworkshop03.esm,05004BD5,000494ED,IndBgPipeSocket02,STAT,-10321.90918,6116.800781,-618.557617,0.0
1553555,DLCworkshop03.esm,05004BDB,05004BDA,DLC06ScrapableJerseyBarriers07,SCOL,-6478.841797,8899.496094,-327.713379,17.4753
1553556,DLCworkshop03.esm,05004BDE,05004BDD,DLC06ScrapableJerseyBarriers08,SCOL,-7094.275391,8341.631836,-367.389648,17.0169
1553557,DLCworkshop03.esm,05004BE0,000F393E,Rubble_Pile_Dirt_Sm01,STAT,-8664.25,8039.32373,-588.519653,319.893
1553558,DLCworkshop03.esm,05004BE1,000F393E,Rubble_Pile_Dirt_Sm01,STAT,-8624.984375,8179.339355,-581.780762,260.7066
1553559,DLCworkshop03.esm,05004BE2,000F393E,Rubble_Pile_Dirt_Sm01,STAT,-8746.186523,8193.393555,-593.374451,201.7442
1553560,DLCworkshop03.esm,05004BE3,000F393E,Rubble_Pile_Dirt_Sm01,STAT,-8913.908203,8151.815918,-624.684998,355.9784
1553561,DLCworkshop03.esm,05004BE4,000F393E,Rubble_Pile_Dirt_Sm01,STAT,-9050.477539,8233.135742,-629.642517,143.0165
1553562,DLCworkshop03.esm,05004BE5,05000835,VltWorkShopCaveDirtPile01,STAT,-8873.694336,8241.014648,-690.810913,64.1499
1553563,DLCworkshop03.esm,05004C3E,000F393E,Rubble_Pile_Dirt_Sm01,STAT,6135.472168,-4339.379883,-1192.839233,340.2067
1553564,DLCworkshop03.esm,05004C4F,000A1395,IndustrialFanSmall,STAT,-34.374031,-5394.046875,186.267441,0.0
1553565,DLCworkshop03.esm,05004C5F,000247FB,IndFrame512x512XShape01,STAT,-9188.291016,3055.780518,-487.821411,76.3072
1553566,DLCworkshop03.esm,05004C61,00048107,IndFrameCat256x256EmptyShape01,STAT,-9566.942383,2963.52417,-991.821411,76.3072
1553567,DLCworkshop03.esm,05004C63,0004810C,IndFrameCat256x256AShape01,STAT,-9566.942383,2963.52417,-735.821411,76.3072
1553568,DLCworkshop03.esm,05004C65,00048108,IndFrameCat256x256VShape01,STAT,-9566.942383,2963.52417,-479.821411,76.3072
1553569,DLCworkshop03.esm,05004C67,000247F5,IndFrame512x512EmptyShape01,STAT,-9188.291016,3055.780518,-999.821411,76.3072
1553570,DLCworkshop03.esm,05004C68,000247F5,IndFrame512x512EmptyShape01,STAT,-9945.28418,2871.342773,-999.821411,76.3072
1553571,DLCworkshop03.esm,05004C6B,000247FB,IndFrame512x512XShape01,STAT,-6490.633789,5485.735352,-564.572266,92.1774
1553572,DLCworkshop03.esm,05004C6C,000247FB,IndFrame512x512XShape01,STAT,-7269.208496,5515.341309,-564.572266,92.1774
1553573,DLCworkshop03.esm,05004C6D,00048107,IndFrameCat256x256EmptyShape01,STAT,-6880.07959,5500.544434,-1068.572266,92.1774
1553574,DLCworkshop03.esm,05004C6F,0004810C,IndFrameCat256x256AShape01,STAT,-6880.07959,5500.544434,-812.572266,92.1774
1553575,DLCworkshop03.esm,05004C71,00048108,IndFrameCat256x256VShape01,STAT,-6880.07959,5500.544434,-556.572266,92.1774
1553576,DLCworkshop03.esm,05004C73,000247F5,IndFrame512x512EmptyShape01,STAT,-6490.633789,5485.735352,-1076.572266,92.1774
1553577,DLCworkshop03.esm,05004C74,000247F5,IndFrame512x512EmptyShape01,STAT,-7269.208496,5515.341309,-1076.572266,92.1774
1553578,DLCworkshop03.esm,05004CD8,05004B10,DLC06RockS01Limestone,STAT,-6291.718262,-90.669029,-1084.074097,353.3079
1553579,DLCworkshop03.esm,05004D26,05004D25,DLC06ScrapableJerseyBarriers09,SCOL,-6868.775879,2907.276123,-1025.598877,359.4844
1553580,DLCworkshop03.esm,05004D2A,05001BE9,DLC06ConcretePipe01,STAT,-7734.103027,2374.731934,-998.711365,246.6717
1553581,DLCworkshop03.esm,05004D4C,000224E3,DefaultEmptyTrigger,ACTI,510.494263,5661.02002,512.0,0.0
1553582,DLCworkshop03.esm,05004D62,00148C6F,DefaultLightCoolFLNS,LIGH,2464.585449,9213.265625,214.936813,0.0
1553583,DLCworkshop03.esm,05004D65,00061F29,DefaultLightWhite01NSFlicker,LIGH,3301.083252,8098.689453,266.577759,0.0
1553584,DLCworkshop03.esm,05004D66,00148C6F,DefaultLightCoolFLNS,LIGH,3697.713623,8783.199219,204.678009,0.0
1553585,DLCworkshop03.esm,05004D6D,00061F29,DefaultLightWhite01NSFlicker,LIGH,3309.270752,8864.913086,278.555695,0.0
1553586,DLCworkshop03.esm,05004D6F,00148C6F,DefaultLightCoolFLNS,LIGH,1566.241699,9312.670898,179.304947,270.0
1553587,DLCworkshop03.esm,05004D70,00148C6F,DefaultLightCoolFLNS,LIGH,1601.938232,8670.276367,171.883377,270.0
1553588,DLCworkshop03.esm,05004D72,001852EF,DefaultLightCoolFLNSNonSpecFlicker,LIGH,3374.892578,8871.852539,152.277237,0.0
1553589,DLCworkshop03.esm,05004D75,00148C70,DefaultLightCoolFLNSNonSpec,LIGH,2382.472656,8090.05127,138.729034,90.0001
1553590,DLCworkshop03.esm,05004D78,000560DC,defaultLightWarm01NS,LIGH,-20.854034,8362.666016,1345.230957,0.0
1553591,DLCworkshop03.esm,05004D79,000560DC,defaultLightWarm01NS,LIGH,-979.007324,8362.666016,1345.230957,0.0
1553592,DLCworkshop03.esm,05004D7A,000560DC,defaultLightWarm01NS,LIGH,-979.007324,9319.886719,1345.230957,0.0
1553593,DLCworkshop03.esm,05004D7B,000560DC,defaultLightWarm01NS,LIGH,-20.854034,9319.886719,1345.230957,0.0
1553594,DLCworkshop03.esm,05004D7C,000560DC,defaultLightWarm01NS,LIGH,-20.854034,10058.688477,1371.513306,0.0
1553595,DLCworkshop03.esm,05004D7D,000560DC,defaultLightWarm01NS,LIGH,-20.854034,10562.041992,1370.157104,0.0
1553596,DLCworkshop03.esm,05004D7E,000560DC,defaultLightWarm01NS,LIGH,-974.10498,10576.014648,1379.282959,0.0
1553597,DLCworkshop03.esm,05004D7F,000560DC,defaultLightWarm01NS,LIGH,-979.007324,6978.557129,1371.345459,0.0
1553598,DLCworkshop03.esm,05004D80,000560DC,defaultLightWarm01NS,LIGH,-1490.943848,7340.501953,1387.835938,0.0
1553599,DLCworkshop03.esm,05004D81,000560DC,defaultLightWarm01NS,LIGH,-1485.635498,9568.584961,1388.894531,0.0
1553600,DLCworkshop03.esm,05004D82,000560DC,defaultLightWarm01NS,LIGH,-1483.953979,8362.666016,1345.230957,0.0
1553601,DLCworkshop03.esm,05004D83,000560DC,defaultLightWarm01NS,LIGH,258.205383,9744.513672,1345.230957,0.0
1553602,DLCworkshop03.esm,05004D85,000560DC,defaultLightWarm01NS,LIGH,-2258.2771,6693.395508,261.738251,90.0001
1553603,DLCworkshop03.esm,05004D86,000560DC,defaultLightWarm01NS,LIGH,-2053.861572,6138.175293,331.303833,90.0001
1553604,DLCworkshop03.esm,05004D87,000B2551,defaultLightWarm02NS,LIGH,-273.507507,9258.603516,148.849411,165.0001
1553605,DLCworkshop03.esm,05004D88,0011850B,defaultLightWarm02SpotNS,LIGH,211.963684,9386.029297,25.100529,165.0001
1553606,DLCworkshop03.esm,05004D89,0011850B,defaultLightWarm02SpotNS,LIGH,-2229.895264,6776.248047,193.20752,90.0001
1553607,DLCworkshop03.esm,05004D8A,00061F29,DefaultLightWhite01NSFlicker,LIGH,3696.341309,8346.292969,378.489532,180.0
1553608,DLCworkshop03.esm,05004D8B,000517B0,DefaultLightWhite01NS,LIGH,3696.341309,8673.495117,378.489532,180.0
1553609,DLCworkshop03.esm,05004D8C,000517B0,DefaultLightWhite01NS,LIGH,2085.651855,7172.974121,-4.89793,0.0
1553610,DLCworkshop03.esm,05004D8D,000517B0,DefaultLightWhite01NS,LIGH,2065.057617,8482.483398,127.23996,270.0
1553611,DLCworkshop03.esm,05004D8E,000517B0,DefaultLightWhite01NS,LIGH,1175.665527,8492.632812,177.413956,270.0
1553612,DLCworkshop03.esm,05004D8F,000517B0,DefaultLightWhite01NS,LIGH,1118.186279,8494.582031,144.302017,270.0
1553613,DLCworkshop03.esm,05004D90,000517B0,DefaultLightWhite01NS,LIGH,680.786499,7735.331543,836.688416,0.0
1553614,DLCworkshop03.esm,05004D91,000517B0,DefaultLightWhite01NS,LIGH,698.324341,7343.224121,373.488708,0.0
1553615,DLCworkshop03.esm,05004D92,000517B0,DefaultLightWhite01NS,LIGH,698.324341,7350.28125,884.464966,0.0
1553616,DLCworkshop03.esm,05004D93,000517B0,DefaultLightWhite01NS,LIGH,698.324341,8930.017578,341.873383,0.0
1553617,DLCworkshop03.esm,05004D94,000517B0,DefaultLightWhite01NS,LIGH,698.324341,8937.074219,852.849609,0.0
1553618,DLCworkshop03.esm,05004D95,000517B0,DefaultLightWhite01NS,LIGH,698.324341,8075.436035,341.873383,0.0
1553619,DLCworkshop03.esm,05004D96,000517B0,DefaultLightWhite01NS,LIGH,698.324341,8082.492676,852.849609,0.0
1553620,DLCworkshop03.esm,05004D97,000517B0,DefaultLightWhite01NS,LIGH,-232.656784,8317.922852,706.84082,0.0
1553621,DLCworkshop03.esm,05004D98,000517B0,DefaultLightWhite01NS,LIGH,-98.534592,8691.522461,1537.530273,0.0
1553622,DLCworkshop03.esm,05004D99,000517B0,DefaultLightWhite01NS,LIGH,-1227.291382,8702.883789,1770.836792,0.0
1553623,DLCworkshop03.esm,05004D9A,000517B0,DefaultLightWhite01NS,LIGH,-28.292694,9322.298828,687.690918,0.0
1553624,DLCworkshop03.esm,05004D9B,000517B0,DefaultLightWhite01NS,LIGH,-27.118042,10204.847656,742.744446,0.0
1553625,DLCworkshop03.esm,05004D9C,000517B0,DefaultLightWhite01NS,LIGH,-966.195312,9985.070312,801.18219,0.0
1553626,DLCworkshop03.esm,05004D9D,000517B0,DefaultLightWhite01NS,LIGH,-985.68103,9326.172852,852.465393,0.0
1553627,DLCworkshop03.esm,05004D9E,000517B0,DefaultLightWhite01NS,LIGH,-987.84082,8362.691406,754.75824,0.0
1553628,DLCworkshop03.esm,05004D9F,000517B0,DefaultLightWhite01NS,LIGH,680.786499,6966.614746,836.688416,0.0
1553629,DLCworkshop03.esm,05004DA0,000517B0,DefaultLightWhite01NS,LIGH,-2557.637207,8481.991211,126.909645,180.0001
1553630,DLCworkshop03.esm,05004DA1,000517B0,DefaultLightWhite01NS,LIGH,-2557.637207,8739.863281,126.909645,180.0001
1553631,DLCworkshop03.esm,05004DA2,000517B0,DefaultLightWhite01NS,LIGH,-395.421906,6646.919434,373.464539,180.0001
1553632,DLCworkshop03.esm,05004DA3,000517B0,DefaultLightWhite01NS,LIGH,-384.374512,6329.21875,322.73349,180.0001
1553633,DLCworkshop03.esm,05004DA4,000517B0,DefaultLightWhite01NS,LIGH,-1204.543945,9384.575195,1232.846191,0.0
1553634,DLCworkshop03.esm,05004DA5,000517B0,DefaultLightWhite01NS,LIGH,-995.995605,10405.208008,1142.111084,0.0
1553635,DLCworkshop03.esm,05004DA7,000517B0,DefaultLightWhite01NS,LIGH,-19.662937,10037.384766,1252.864624,0.0
1553636,DLCworkshop03.esm,05004DA8,000517B0,DefaultLightWhite01NS,LIGH,-982.461304,7019.532227,1112.028809,0.0
1553637,DLCworkshop03.esm,05004DA9,000517B0,DefaultLightWhite01NS,LIGH,-1486.72168,7476.937012,1170.78833,0.0
1553638,DLCworkshop03.esm,05004DAA,000517B0,DefaultLightWhite01NS,LIGH,-1486.543457,7308.78418,1334.096558,0.0
1553639,DLCworkshop03.esm,05004DAB,000517B0,DefaultLightWhite01NS,LIGH,-1472.887451,9404.435547,1128.544434,0.0
1553640,DLCworkshop03.esm,05004DAC,000517B0,DefaultLightWhite01NS,LIGH,-1845.624023,8430.288086,1168.380615,0.0
1553641,DLCworkshop03.esm,05004DAD,000517B0,DefaultLightWhite01NS,LIGH,-1845.624023,7425.881348,1168.380615,0.0
1553642,DLCworkshop03.esm,05004DAE,000517B0,DefaultLightWhite01NS,LIGH,-1672.283081,9611.383789,853.866455,0.0
1553643,DLCworkshop03.esm,05004DAF,000517B0,DefaultLightWhite01NS,LIGH,428.18042,9732.527344,1014.826904,0.0
1553644,DLCworkshop03.esm,05004DB0,000517B0,DefaultLightWhite01NS,LIGH,243.599533,9883.338867,1161.224609,0.0
1553645,DLCworkshop03.esm,05004DB1,000517B0,DefaultLightWhite01NS,LIGH,-470.957855,11324.425781,88.001732,270.0001
1553646,DLCworkshop03.esm,05004DB2,000517B0,DefaultLightWhite01NS,LIGH,-470.957855,11324.425781,874.272278,270.0001
1553647,DLCworkshop03.esm,05004DB3,000517B0,DefaultLightWhite01NS,LIGH,-1242.751587,11324.425781,874.272278,270.0001
1553648,DLCworkshop03.esm,05004DB4,000517B0,DefaultLightWhite01NS,LIGH,-1220.88208,11324.425781,94.883728,270.0001
1553649,DLCworkshop03.esm,05004DB5,000517B0,DefaultLightWhite01NS,LIGH,-1884.834106,11040.160156,130.010895,180.0001
1553650,DLCworkshop03.esm,05004DB6,000517B0,DefaultLightWhite01NS,LIGH,-1884.834106,11040.160156,624.630554,180.0001
1553651,DLCworkshop03.esm,05004DB7,000517B0,DefaultLightWhite01NS,LIGH,661.792358,6968.799316,377.33725,0.0
1553652,DLCworkshop03.esm,05004DB8,000517B0,DefaultLightWhite01NS,LIGH,187.757492,10545.082031,626.471558,0.0001
1553653,DLCworkshop03.esm,05004DB9,000517B0,DefaultLightWhite01NS,LIGH,187.757492,11063.414062,626.471558,0.0001
1553654,DLCworkshop03.esm,05004DBB,000517B0,DefaultLightWhite01NS,LIGH,177.056656,10544.645508,161.802917,0.0001
1553655,DLCworkshop03.esm,05004DBC,000517B0,DefaultLightWhite01NS,LIGH,177.056656,11071.037109,161.802917,0.0001
1553656,DLCworkshop03.esm,05004DBD,000517B0,DefaultLightWhite01NS,LIGH,-603.251831,6861.39209,171.860596,90.0001
1553657,DLCworkshop03.esm,05004DBE,000517B0,DefaultLightWhite01NS,LIGH,-1271.65686,6833.310059,688.090332,90.0001
1553658,DLCworkshop03.esm,05004DC0,000517B0,DefaultLightWhite01NS,LIGH,-603.251831,6833.310059,686.911743,90.0001
1553659,DLCworkshop03.esm,05004DC2,0010ADBA,DefaultLightWhite01SpotNS,LIGH,3748.156738,8163.021973,331.077362,0.0
1553660,DLCworkshop03.esm,05004DC4,0010ADBA,DefaultLightWhite01SpotNS,LIGH,3786.267578,8817.136719,339.764069,0.0
1553661,DLCworkshop03.esm,05004DC5,0010ADBA,DefaultLightWhite01SpotNS,LIGH,3505.164062,7837.901855,433.331268,0.0
1553662,DLCworkshop03.esm,05004DD0,0010ADBA,DefaultLightWhite01SpotNS,LIGH,2720.231934,8692.048828,338.32782,0.0
1553663,DLCworkshop03.esm,05004DD4,0010ADBA,DefaultLightWhite01SpotNS,LIGH,2479.017334,9015.494141,347.399109,0.0
1553664,DLCworkshop03.esm,05004DD5,0010ADBA,DefaultLightWhite01SpotNS,LIGH,2727.885986,9558.016602,367.714661,0.0
1553665,DLCworkshop03.esm,05004DD7,0010ADBA,DefaultLightWhite01SpotNS,LIGH,2478.67627,9262.620117,386.899261,0.0
1553666,DLCworkshop03.esm,05004DD8,0010ADBA,DefaultLightWhite01SpotNS,LIGH,1490.799561,9285.490234,334.992554,0.0
1553667,DLCworkshop03.esm,05004DD9,0010ADBA,DefaultLightWhite01SpotNS,LIGH,1434.756104,8681.576172,309.34317,0.0
1553668,DLCworkshop03.esm,05004DDC,0010ADBA,DefaultLightWhite01SpotNS,LIGH,2273.614014,8869.564453,372.108124,0.0
1553669,DLCworkshop03.esm,05004DDF,00044170,DefaultRedOmni01NS,LIGH,-841.995605,11223.864258,558.544373,173.7894
1553670,DLCworkshop03.esm,05004DE0,05004D4D,DLC06LightWhite01Hemi,LIGH,3629.790039,8665.396484,469.83783,180.0
1553671,DLCworkshop03.esm,05004DE1,05004D4D,DLC06LightWhite01Hemi,LIGH,3629.790039,8337.913086,469.83783,180.0
1553672,DLCworkshop03.esm,05004DE2,05004D4D,DLC06LightWhite01Hemi,LIGH,2158.01416,7772.90625,259.067017,180.0
1553673,DLCworkshop03.esm,05004DE3,05004D4D,DLC06LightWhite01Hemi,LIGH,2171.884766,7194.839844,120.249336,180.0
1553674,DLCworkshop03.esm,05004DE4,05004D4D,DLC06LightWhite01Hemi,LIGH,2069.280518,8567.928711,252.387238,90.0
1553675,DLCworkshop03.esm,05004DE5,05004D4D,DLC06LightWhite01Hemi,LIGH,1176.994019,8574.473633,249.757965,90.0
1553676,DLCworkshop03.esm,05004DE7,05004D4D,DLC06LightWhite01Hemi,LIGH,1759.050415,8777.469727,247.851776,94.9697
1553677,DLCworkshop03.esm,05004DE8,05004D4D,DLC06LightWhite01Hemi,LIGH,1759.050415,8969.65625,246.477142,94.9697
1553678,DLCworkshop03.esm,05004DE9,05004D4D,DLC06LightWhite01Hemi,LIGH,766.231567,7731.108398,961.835632,278.1301
1553679,DLCworkshop03.esm,05004DEA,05004D4D,DLC06LightWhite01Hemi,LIGH,783.769409,7340.847656,498.635925,278.1301
1553680,DLCworkshop03.esm,05004DEB,05004D4D,DLC06LightWhite01Hemi,LIGH,783.769409,7346.058105,1009.612183,278.1301
1553681,DLCworkshop03.esm,05004DEC,05004D4D,DLC06LightWhite01Hemi,LIGH,783.769409,8927.640625,467.020599,278.1301
1553682,DLCworkshop03.esm,05004DED,05004D4D,DLC06LightWhite01Hemi,LIGH,783.769409,8932.851562,977.996826,278.1301
1553683,DLCworkshop03.esm,05004DEE,05004D4D,DLC06LightWhite01Hemi,LIGH,783.769409,8073.059082,467.020599,278.1301
1553684,DLCworkshop03.esm,05004DEF,05004D4D,DLC06LightWhite01Hemi,LIGH,783.769409,8078.27002,977.996826,278.1301
1553685,DLCworkshop03.esm,05004DF0,05004D4D,DLC06LightWhite01Hemi,LIGH,766.231567,6962.391602,961.835632,278.1301
1553686,DLCworkshop03.esm,05004DF1,05004D4D,DLC06LightWhite01Hemi,LIGH,-2643.081543,8483.881836,252.056854,98.1196
1553687,DLCworkshop03.esm,05004DF2,05004D4D,DLC06LightWhite01Hemi,LIGH,-2643.081543,8741.753906,252.056854,98.1196
1553688,DLCworkshop03.esm,05004DF3,05004D4D,DLC06LightWhite01Hemi,LIGH,-503.407349,6580.400879,444.286652,98.1196
1553689,DLCworkshop03.esm,05004DF4,05004D4D,DLC06LightWhite01Hemi,LIGH,-469.818848,6274.61377,447.880676,98.1196
1553690,DLCworkshop03.esm,05004DF5,05004D4D,DLC06LightWhite01Hemi,LIGH,-469.066742,11409.870117,213.148941,90.5364
1553691,DLCworkshop03.esm,05004DF6,05004D4D,DLC06LightWhite01Hemi,LIGH,-469.066742,11409.870117,999.419434,90.5364
1553692,DLCworkshop03.esm,05004DF7,05004D4D,DLC06LightWhite01Hemi,LIGH,-1240.860474,11409.870117,999.419434,90.5364
1553693,DLCworkshop03.esm,05004DF8,05004D4D,DLC06LightWhite01Hemi,LIGH,-1218.990967,11409.870117,220.030884,90.5364
1553694,DLCworkshop03.esm,05004DF9,05004D4D,DLC06LightWhite01Hemi,LIGH,-1970.278809,11042.050781,255.15802,98.0969
1553695,DLCworkshop03.esm,05004DFA,05004D4D,DLC06LightWhite01Hemi,LIGH,-1970.278809,11042.050781,749.777649,98.0969
1553696,DLCworkshop03.esm,05004DFB,05004D4D,DLC06LightWhite01Hemi,LIGH,766.231567,6962.391602,502.484467,278.1301
1553697,DLCworkshop03.esm,05004DFC,05004D4D,DLC06LightWhite01Hemi,LIGH,273.201843,10543.19043,751.618713,278.1006
1553698,DLCworkshop03.esm,05004DFD,05004D4D,DLC06LightWhite01Hemi,LIGH,273.201843,11061.522461,751.618713,278.1006
1553699,DLCworkshop03.esm,05004DFE,05004D4D,DLC06LightWhite01Hemi,LIGH,273.201843,10543.19043,234.437012,278.1006
1553700,DLCworkshop03.esm,05004DFF,05004D4D,DLC06LightWhite01Hemi,LIGH,273.201843,11069.582031,234.437012,278.1006
1553701,DLCworkshop03.esm,05004E00,05004D4D,DLC06LightWhite01Hemi,LIGH,-604.707153,6737.164551,244.49469,270.5355
1553702,DLCworkshop03.esm,05004E01,05004D4D,DLC06LightWhite01Hemi,LIGH,-1273.112183,6737.164551,760.724365,270.5355
1553703,DLCworkshop03.esm,05004E02,05004D4D,DLC06LightWhite01Hemi,LIGH,-1262.136597,6737.164551,249.078949,270.5355
1553704,DLCworkshop03.esm,05004E03,05004D4D,DLC06LightWhite01Hemi,LIGH,-604.707153,6737.164551,759.545837,270.5355
1553705,DLCworkshop03.esm,05004E06,05004D4E,DLC06UraniumLight,LIGH,4811.000977,-3975.941162,-923.092834,0.0
1553706,DLCworkshop03.esm,05004E07,05004D4E,DLC06UraniumLight,LIGH,5423.665527,-3614.947754,-953.958618,0.0
1553707,DLCworkshop03.esm,05004E08,05001E10,DLC06CaveLightNS,LIGH,4515.376953,-3777.008301,-963.769165,0.0
1553708,DLCworkshop03.esm,05004E0E,05004D4E,DLC06UraniumLight,LIGH,-7434.137695,11394.703125,-173.429764,0.0
1553709,DLCworkshop03.esm,05004E0F,05004D4E,DLC06UraniumLight,LIGH,-7764.477539,11256.919922,-206.809235,0.0
1553710,DLCworkshop03.esm,05004E10,05004D4E,DLC06UraniumLight,LIGH,-7742.48291,11470.964844,-362.274719,0.0
1553711,DLCworkshop03.esm,05004E14,05001E10,DLC06CaveLightNS,LIGH,3743.598145,-2252.595703,-560.609741,0.0
1553712,DLCworkshop03.esm,05004E15,05001E11,DLC06CaveLightNSNonSpec,LIGH,3744.911377,-2153.790527,-640.674438,0.0
1553713,DLCworkshop03.esm,05004E19,05004D4E,DLC06UraniumLight,LIGH,-6699.683594,14595.795898,-906.513916,0.0
1553714,DLCworkshop03.esm,05004E1A,05004D4E,DLC06UraniumLight,LIGH,-7065.902344,14462.854492,-651.145447,0.0
1553715,DLCworkshop03.esm,05004E1E,05004D4E,DLC06UraniumLight,LIGH,-13409.112305,13648.758789,-129.283722,0.0
1553716,DLCworkshop03.esm,05004E1F,05004D4E,DLC06UraniumLight,LIGH,-12778.469727,13875.839844,29.964203,0.0
1553717,DLCworkshop03.esm,05004E20,05004D4E,DLC06UraniumLight,LIGH,-13362.470703,14164.628906,-176.271103,0.0
1553718,DLCworkshop03.esm,05004E22,05004D4E,DLC06UraniumLight,LIGH,-11928.834961,13433.616211,165.585068,0.0
1553719,DLCworkshop03.esm,05004E23,05004D4E,DLC06UraniumLight,LIGH,-11143.546875,12720.851562,-121.245453,0.0
1553720,DLCworkshop03.esm,05004E24,05004D4E,DLC06UraniumLight,LIGH,-10888.691406,13583.402344,-86.880722,0.0
1553721,DLCworkshop03.esm,05004E25,05004D4E,DLC06UraniumLight,LIGH,-11975.893555,13373.512695,-264.386719,0.0
1553722,DLCworkshop03.esm,05004E2A,05004D4E,DLC06UraniumLight,LIGH,-8585.320312,12756.530273,-248.021912,0.0
1553723,DLCworkshop03.esm,05004E2E,05004D4E,DLC06UraniumLight,LIGH,-7520.472656,13565.59668,-492.951904,0.0
1553724,DLCworkshop03.esm,05004E2F,05004D4E,DLC06UraniumLight,LIGH,-7462.655273,14328.609375,-492.951904,0.0
1553725,DLCworkshop03.esm,05004E32,05004D4F,DLC06UraniumLightPulse,LIGH,-7070.131348,10658.958008,-400.856293,0.0
1553726,DLCworkshop03.esm,05004E33,05004D4F,DLC06UraniumLightPulse,LIGH,-7061.342285,10547.089844,-400.856293,0.0
1553727,DLCworkshop03.esm,05004E34,05004D4F,DLC06UraniumLightPulse,LIGH,-7067.425293,10440.086914,-387.851654,0.0
1553728,DLCworkshop03.esm,05004E35,05004D4F,DLC06UraniumLightPulse,LIGH,-7190.013672,10555.225586,-400.856293,0.0
1553729,DLCworkshop03.esm,05004E36,05004D4F,DLC06UraniumLightPulse,LIGH,-7186.718262,10639.439453,-400.856293,0.0
1553730,DLCworkshop03.esm,05004E37,05004D4F,DLC06UraniumLightPulse,LIGH,-7618.569336,10647.25,-396.372803,0.0
1553731,DLCworkshop03.esm,05004E38,05004D4F,DLC06UraniumLightPulse,LIGH,-7691.89209,10567.702148,-339.374634,0.0
1553732,DLCworkshop03.esm,05004E39,05004D4F,DLC06UraniumLightPulse,LIGH,-7666.520996,10473.669922,-388.208923,0.0
1553733,DLCworkshop03.esm,05004E3A,05001E10,DLC06CaveLightNS,LIGH,-7564.544922,11024.966797,-200.563477,0.0
1553734,DLCworkshop03.esm,05004E3C,05004D4F,DLC06UraniumLightPulse,LIGH,-7636.702148,11421.405273,-166.959747,0.0
1553735,DLCworkshop03.esm,05004E3D,05004D4F,DLC06UraniumLightPulse,LIGH,-7531.03125,11475.359375,-137.035553,0.0
1553736,DLCworkshop03.esm,05004E3E,05004D4F,DLC06UraniumLightPulse,LIGH,-7402.779297,11452.026367,-137.035553,0.0
1553737,DLCworkshop03.esm,05004E3F,05004D4F,DLC06UraniumLightPulse,LIGH,-7791.082031,11361.53418,-137.035553,0.0
1553738,DLCworkshop03.esm,05004E40,05004D4F,DLC06UraniumLightPulse,LIGH,-7838.79541,11368.048828,-207.011322,0.0
1553739,DLCworkshop03.esm,05004E41,05004D4F,DLC06UraniumLightPulse,LIGH,-7849.503906,11298.43457,-221.308685,0.0
1553740,DLCworkshop03.esm,05004E42,05004D4F,DLC06UraniumLightPulse,LIGH,-7779.071777,11239.452148,-221.308685,0.0
1553741,DLCworkshop03.esm,05004E43,05004D4F,DLC06UraniumLightPulse,LIGH,-7754.394531,11246.141602,-153.450684,0.0
1553742,DLCworkshop03.esm,05004E44,05004D4F,DLC06UraniumLightPulse,LIGH,-9467.37207,12495.113281,-690.565857,0.0
1553743,DLCworkshop03.esm,05004E45,05004D4F,DLC06UraniumLightPulse,LIGH,-7961.499023,11876.014648,-432.259979,0.0
1553744,DLCworkshop03.esm,05004E46,05004D4F,DLC06UraniumLightPulse,LIGH,-8055.423828,11878.960938,-533.535278,0.0
1553745,DLCworkshop03.esm,05004E47,05004D4F,DLC06UraniumLightPulse,LIGH,-7901.910645,11883.759766,-489.592102,0.0
1553746,DLCworkshop03.esm,05004E48,05004D4F,DLC06UraniumLightPulse,LIGH,-8165.083008,11992.457031,-527.209167,0.0
1553747,DLCworkshop03.esm,05004E49,05004D4F,DLC06UraniumLightPulse,LIGH,4760.027344,-3621.16626,-1061.728882,0.0
1553748,DLCworkshop03.esm,05004E4A,05004D4F,DLC06UraniumLightPulse,LIGH,4663.003906,-3676.150635,-1061.728882,0.0
1553749,DLCworkshop03.esm,05004E4B,05004D4F,DLC06UraniumLightPulse,LIGH,5185.164062,-3619.087891,-1115.812256,0.0
1553750,DLCworkshop03.esm,05004E4C,05004D4F,DLC06UraniumLightPulse,LIGH,5275.833984,-3598.27002,-1115.812256,0.0
1553751,DLCworkshop03.esm,05004E4D,05004D4F,DLC06UraniumLightPulse,LIGH,5119.871582,-4130.515137,-1113.758667,0.0
1553752,DLCworkshop03.esm,05004E4E,05004D4F,DLC06UraniumLightPulse,LIGH,-6927.521973,11061.507812,-286.369965,0.0
1553753,DLCworkshop03.esm,05004E4F,05004D4F,DLC06UraniumLightPulse,LIGH,-6952.746094,11151.407227,-383.800354,0.0
1553754,DLCworkshop03.esm,05004E50,05004D4F,DLC06UraniumLightPulse,LIGH,-7115.976562,11223.959961,-404.063965,0.0
1553755,DLCworkshop03.esm,05004E51,05004D4F,DLC06UraniumLightPulse,LIGH,-6968.132812,11329.163086,-388.704224,0.0
1553756,DLCworkshop03.esm,05004E52,05004D4F,DLC06UraniumLightPulse,LIGH,-7019.261719,11451.729492,-462.524872,0.0
1553757,DLCworkshop03.esm,05004E53,05004D4F,DLC06UraniumLightPulse,LIGH,-7146.160645,11366.433594,-463.984894,0.0
1553758,DLCworkshop03.esm,05004E54,05004D4F,DLC06UraniumLightPulse,LIGH,3987.117187,-2090.610352,-725.148254,0.0
1553759,DLCworkshop03.esm,05004E55,05004D4F,DLC06UraniumLightPulse,LIGH,3504.644531,-1937.824219,-737.782959,0.0
1553760,DLCworkshop03.esm,05004E56,05004D4F,DLC06UraniumLightPulse,LIGH,-6140.523926,14938.833984,-934.467346,0.0
1553761,DLCworkshop03.esm,05004E57,05004D4F,DLC06UraniumLightPulse,LIGH,-5933.224121,15290.333984,-863.758118,0.0
1553762,DLCworkshop03.esm,05004E58,05004D4F,DLC06UraniumLightPulse,LIGH,-5935.10791,15082.958984,-913.466431,0.0
1553763,DLCworkshop03.esm,05004E59,05004D4F,DLC06UraniumLightPulse,LIGH,-6308.787598,15215.255859,-913.466431,0.0
1553764,DLCworkshop03.esm,05004E5A,05004D4F,DLC06UraniumLightPulse,LIGH,-6283.87793,15339.020508,-736.654114,0.0
1553765,DLCworkshop03.esm,05004E5B,05004D4F,DLC06UraniumLightPulse,LIGH,-6399.155273,15310.029297,-875.225159,0.0
1553766,DLCworkshop03.esm,05004E5C,05004D4F,DLC06UraniumLightPulse,LIGH,-6472.852539,14844.041992,-944.947876,0.0
1553767,DLCworkshop03.esm,05004E5D,05004D4F,DLC06UraniumLightPulse,LIGH,-6571.632324,14681.396484,-944.947876,0.0
1553768,DLCworkshop03.esm,05004E5E,05004D4F,DLC06UraniumLightPulse,LIGH,-6995.42334,14520.638672,-556.718323,0.0
1553769,DLCworkshop03.esm,05004E5F,05004D4F,DLC06UraniumLightPulse,LIGH,-7073.274414,14427.033203,-556.718323,0.0
1553770,DLCworkshop03.esm,05004E60,05004D4F,DLC06UraniumLightPulse,LIGH,-7224.943848,14384.084961,-638.74176,0.0
1553771,DLCworkshop03.esm,05004E61,05004D4F,DLC06UraniumLightPulse,LIGH,-7296.838379,14256.663086,-542.263794,0.0
1553772,DLCworkshop03.esm,05004E62,05004D4F,DLC06UraniumLightPulse,LIGH,-7331.912109,14461.074219,-577.996094,0.0
1553773,DLCworkshop03.esm,05004E63,05004D4F,DLC06UraniumLightPulse,LIGH,-6081.330078,14103.152344,-964.339661,0.0
1553774,DLCworkshop03.esm,05004E64,05004D4F,DLC06UraniumLightPulse,LIGH,-6045.297852,14100.142578,-892.727234,0.0
1553775,DLCworkshop03.esm,05004E65,05004D4F,DLC06UraniumLightPulse,LIGH,-6033.388672,13920.389648,-906.550598,0.0
1553776,DLCworkshop03.esm,05004E66,05004D4F,DLC06UraniumLightPulse,LIGH,-6225.145508,13845.121094,-970.223938,0.0
1553777,DLCworkshop03.esm,05004E67,05004D4F,DLC06UraniumLightPulse,LIGH,-6033.193848,14385.979492,-924.550232,0.0
1553778,DLCworkshop03.esm,05004E68,05004D4F,DLC06UraniumLightPulse,LIGH,-5832.389648,14222.035156,-902.920044,0.0
1553779,DLCworkshop03.esm,05004E69,05004D4F,DLC06UraniumLightPulse,LIGH,-5791.307129,14030.148437,-902.920044,0.0
1553780,DLCworkshop03.esm,05004E6A,05004D4F,DLC06UraniumLightPulse,LIGH,-8159.291992,13776.996094,-595.968689,0.0
1553781,DLCworkshop03.esm,05004E6B,05004D4F,DLC06UraniumLightPulse,LIGH,-8460.166016,13815.899414,-607.486145,0.0
1553782,DLCworkshop03.esm,05004E6C,05004D4F,DLC06UraniumLightPulse,LIGH,-8777.287109,14096.132812,-629.193298,0.0
1553783,DLCworkshop03.esm,05004E6D,05004D4F,DLC06UraniumLightPulse,LIGH,-8509.322266,13934.646484,-607.486145,0.0
1553784,DLCworkshop03.esm,05004E6E,05004D4F,DLC06UraniumLightPulse,LIGH,-8178.039551,13893.481445,-546.710205,0.0
1553785,DLCworkshop03.esm,05004E6F,05004D4F,DLC06UraniumLightPulse,LIGH,-8841.927734,13998.735352,-180.762573,0.0
1553786,DLCworkshop03.esm,05004E70,05004D4F,DLC06UraniumLightPulse,LIGH,-8783.197266,13867.817383,-125.704353,0.0
1553787,DLCworkshop03.esm,05004E71,05004D4F,DLC06UraniumLightPulse,LIGH,-8723.719727,13967.75,-125.704353,0.0
1553788,DLCworkshop03.esm,05004E72,05004D4F,DLC06UraniumLightPulse,LIGH,-9681.620117,14290.359375,-614.392761,0.0
1553789,DLCworkshop03.esm,05004E73,05004D4F,DLC06UraniumLightPulse,LIGH,-9921.047852,14378.419922,-581.729126,0.0
1553790,DLCworkshop03.esm,05004E74,05004D4F,DLC06UraniumLightPulse,LIGH,-10068.699219,14290.806641,-581.729126,0.0
1553791,DLCworkshop03.esm,05004E75,05004D4F,DLC06UraniumLightPulse,LIGH,-10159.300781,14132.765625,-614.090454,0.0
1553792,DLCworkshop03.esm,05004E76,05004D4F,DLC06UraniumLightPulse,LIGH,-10134.65332,14146.799805,-166.773193,0.0
1553793,DLCworkshop03.esm,05004E77,05004D4F,DLC06UraniumLightPulse,LIGH,-10000.644531,14207.040039,-107.029434,0.0
1553794,DLCworkshop03.esm,05004E78,05004D4F,DLC06UraniumLightPulse,LIGH,-10075.621094,13571.65918,-159.441666,0.0
1553795,DLCworkshop03.esm,05004E79,05004D4F,DLC06UraniumLightPulse,LIGH,-9569.793945,12858.819336,-632.944336,0.0
1553796,DLCworkshop03.esm,05004E7A,05004D4F,DLC06UraniumLightPulse,LIGH,-9554.000977,12707.433594,-632.944336,0.0
1553797,DLCworkshop03.esm,05004E7B,05004D4F,DLC06UraniumLightPulse,LIGH,-9679.482422,12614.037109,-632.944336,0.0
1553798,DLCworkshop03.esm,05004E7C,05004D4F,DLC06UraniumLightPulse,LIGH,-9539.699219,12721.708984,-228.102264,0.0
1553799,DLCworkshop03.esm,05004E7D,05004D4F,DLC06UraniumLightPulse,LIGH,-9572.913086,12827.800781,-330.670258,0.0
1553800,DLCworkshop03.esm,05004E7E,05004D4F,DLC06UraniumLightPulse,LIGH,-9518.041992,12934.929687,-250.248535,0.0
1553801,DLCworkshop03.esm,05004E7F,05004D4F,DLC06UraniumLightPulse,LIGH,-9602.270508,13071.392578,-250.248535,0.0
1553802,DLCworkshop03.esm,05004E80,05004D4F,DLC06UraniumLightPulse,LIGH,-9482.130859,12916.40918,-193.502014,0.0
1553803,DLCworkshop03.esm,05004E81,05004D4F,DLC06UraniumLightPulse,LIGH,-9636.321289,12959.005859,-632.944336,0.0
1553804,DLCworkshop03.esm,05004E82,05004D4F,DLC06UraniumLightPulse,LIGH,-9127.993164,12227.851562,-699.593506,0.0
1553805,DLCworkshop03.esm,05004E83,05004D4F,DLC06UraniumLightPulse,LIGH,-9228.067383,12333.555664,-699.593506,0.0
1553806,DLCworkshop03.esm,05004E84,05004D4F,DLC06UraniumLightPulse,LIGH,-8985.175781,12390.000977,-663.068542,0.0
1553807,DLCworkshop03.esm,05004E85,05004D4F,DLC06UraniumLightPulse,LIGH,-8996.916016,12260.116211,-663.068542,0.0
1553808,DLCworkshop03.esm,05004E86,05004D4F,DLC06UraniumLightPulse,LIGH,-9191.139648,12125.549805,-663.068542,0.0
1553809,DLCworkshop03.esm,05004E87,05004D4F,DLC06UraniumLightPulse,LIGH,-8626.828125,12942.827148,-640.191467,0.0
1553810,DLCworkshop03.esm,05004E88,05004D4F,DLC06UraniumLightPulse,LIGH,-8642.15918,12738.557617,-640.191467,0.0
1553811,DLCworkshop03.esm,05004E89,05004D4F,DLC06UraniumLightPulse,LIGH,-8293.966797,12804.625,-640.191467,0.0
1553812,DLCworkshop03.esm,05004E8A,05004D4F,DLC06UraniumLightPulse,LIGH,-8298.174805,12890.010742,-567.546448,0.0
1553813,DLCworkshop03.esm,05004E8B,05004D4F,DLC06UraniumLightPulse,LIGH,-8238.647461,13009.885742,-584.150513,0.0
1553814,DLCworkshop03.esm,05004E8C,05004D4F,DLC06UraniumLightPulse,LIGH,-8061.921875,13072.423828,-584.150513,0.0
1553815,DLCworkshop03.esm,05004E8D,05004D4F,DLC06UraniumLightPulse,LIGH,-8168.936035,12837.369141,-585.104919,0.0
1553816,DLCworkshop03.esm,05004E8E,05004D4F,DLC06UraniumLightPulse,LIGH,-8460.9375,12518.787109,-583.876282,0.0
1553817,DLCworkshop03.esm,05004E8F,05004D4F,DLC06UraniumLightPulse,LIGH,-10249.233398,13210.200195,-639.54657,0.0
1553818,DLCworkshop03.esm,05004E90,05004D4F,DLC06UraniumLightPulse,LIGH,-10368.832031,13287.097656,-639.54657,0.0
1553819,DLCworkshop03.esm,05004E91,05004D4F,DLC06UraniumLightPulse,LIGH,-10424.901367,13163.05957,-583.327087,0.0
1553820,DLCworkshop03.esm,05004E92,05004D4F,DLC06UraniumLightPulse,LIGH,-10358.919922,13080.009766,-465.98642,0.0
1553821,DLCworkshop03.esm,05004E93,05004D4F,DLC06UraniumLightPulse,LIGH,-10501.839844,13018.505859,-512.562622,0.0
1553822,DLCworkshop03.esm,05004E94,05004D4F,DLC06UraniumLightPulse,LIGH,-10433.813477,12965.75,-438.265686,0.0
1553823,DLCworkshop03.esm,05004E95,05004D4F,DLC06UraniumLightPulse,LIGH,-11844.173828,13468.019531,-420.983612,0.0
1553824,DLCworkshop03.esm,05004E96,05004D4F,DLC06UraniumLightPulse,LIGH,-11965.474609,13335.066406,-373.51239,0.0
1553825,DLCworkshop03.esm,05004E97,05004D4F,DLC06UraniumLightPulse,LIGH,-11959.051758,13499.198242,-362.861755,0.0
1553826,DLCworkshop03.esm,05004E98,05004D4F,DLC06UraniumLightPulse,LIGH,-12106.728516,13270.475586,-373.51239,0.0
1553827,DLCworkshop03.esm,05004E99,05004D4F,DLC06UraniumLightPulse,LIGH,-12103.640625,12583.319336,-410.171753,0.0
1553828,DLCworkshop03.esm,05004E9A,05004D4F,DLC06UraniumLightPulse,LIGH,-11959.045898,12514.578125,-410.171753,0.0
1553829,DLCworkshop03.esm,05004E9B,05004D4F,DLC06UraniumLightPulse,LIGH,-11826.595703,12607.143555,-454.117554,0.0
1553830,DLCworkshop03.esm,05004E9C,05004D4F,DLC06UraniumLightPulse,LIGH,-11804.923828,12733.227539,-440.443848,0.0
1553831,DLCworkshop03.esm,05004E9D,05004D4F,DLC06UraniumLightPulse,LIGH,-11926.647461,12426.09082,-440.443848,0.0
1553832,DLCworkshop03.esm,05004E9E,05004D4F,DLC06UraniumLightPulse,LIGH,-11705.399414,12968.047852,47.026741,0.0
1553833,DLCworkshop03.esm,05004E9F,05004D4F,DLC06UraniumLightPulse,LIGH,-11678.790039,12822.016602,47.026741,0.0
1553834,DLCworkshop03.esm,05004EA0,05004D4F,DLC06UraniumLightPulse,LIGH,-11831.765625,12865.125,16.016129,0.0
1553835,DLCworkshop03.esm,05004EA1,05004D4F,DLC06UraniumLightPulse,LIGH,-11875.682617,12972.589844,103.023262,0.0
1553836,DLCworkshop03.esm,05004EA2,05004D4F,DLC06UraniumLightPulse,LIGH,-11793.105469,13099.40332,103.023262,0.0
1553837,DLCworkshop03.esm,05004EA3,05004D4F,DLC06UraniumLightPulse,LIGH,-12333.396484,13463.397461,101.377953,0.0
1553838,DLCworkshop03.esm,05004EA4,05004D4F,DLC06UraniumLightPulse,LIGH,-12312.46582,13496.113281,200.418701,0.0
1553839,DLCworkshop03.esm,05004EA5,05004D4F,DLC06UraniumLightPulse,LIGH,-12449.453125,13524.951172,19.894165,0.0
1553840,DLCworkshop03.esm,05004EA6,05004D4F,DLC06UraniumLightPulse,LIGH,-12444.595703,13356.208984,40.88147,0.0
1553841,DLCworkshop03.esm,05004EA7,05004D4F,DLC06UraniumLightPulse,LIGH,-12630.621094,13404.818359,72.107819,0.0
1553842,DLCworkshop03.esm,05004EA8,05004D4F,DLC06UraniumLightPulse,LIGH,-12611.601562,13536.412109,23.042374,0.0
1553843,DLCworkshop03.esm,05004EA9,05004D4F,DLC06UraniumLightPulse,LIGH,-12980.805664,13066.99707,-346.697357,0.0
1553844,DLCworkshop03.esm,05004EAA,05004D4F,DLC06UraniumLightPulse,LIGH,-12938.767578,13274.90332,-363.214417,0.0
1553845,DLCworkshop03.esm,05004EAB,05004D4F,DLC06UraniumLightPulse,LIGH,-13055.71582,13235.105469,-233.009689,0.0
1553846,DLCworkshop03.esm,05004EAC,05004D4F,DLC06UraniumLightPulse,LIGH,-13206.206055,13339.438477,-277.584595,0.0
1553847,DLCworkshop03.esm,05004EAD,05004D4F,DLC06UraniumLightPulse,LIGH,-13344.499023,13346.891602,-277.584595,0.0
1553848,DLCworkshop03.esm,05004EAE,05004D4F,DLC06UraniumLightPulse,LIGH,-13133.488281,13733.020508,-349.858643,0.0
1553849,DLCworkshop03.esm,05004EAF,05004D4F,DLC06UraniumLightPulse,LIGH,-13211.125,13638.916992,-349.858643,0.0
1553850,DLCworkshop03.esm,05004EB0,05004D4F,DLC06UraniumLightPulse,LIGH,-13326.925781,13511.788086,-349.858643,0.0
1553851,DLCworkshop03.esm,05004EB1,05004D4F,DLC06UraniumLightPulse,LIGH,-13189.941406,13789.203125,-300.676331,0.0
1553852,DLCworkshop03.esm,05004EB2,05004D4F,DLC06UraniumLightPulse,LIGH,-13436.914062,14005.375,-300.676331,0.0
1553853,DLCworkshop03.esm,05004EB3,05004D4F,DLC06UraniumLightPulse,LIGH,-13422.543945,14149.123047,-300.676331,0.0
1553854,DLCworkshop03.esm,05004EB4,05004D4F,DLC06UraniumLightPulse,LIGH,-13332.070312,14251.286133,-276.740173,0.0
1553855,DLCworkshop03.esm,05004EB5,05004D4F,DLC06UraniumLightPulse,LIGH,-13150.307617,14131.019531,-312.613312,0.0
1553856,DLCworkshop03.esm,05004EB6,05004D4F,DLC06UraniumLightPulse,LIGH,-13472.202148,14218.764648,-185.53363,0.0
1553857,DLCworkshop03.esm,05004EB7,05004D4F,DLC06UraniumLightPulse,LIGH,-13564.893555,14001.329102,-290.981781,0.0
1553858,DLCworkshop03.esm,05004EB8,05004D4F,DLC06UraniumLightPulse,LIGH,-11600.484375,12281.257812,-421.927094,0.0
1553859,DLCworkshop03.esm,05004EB9,05004D4F,DLC06UraniumLightPulse,LIGH,-11672.166016,12178.529297,-421.927094,0.0
1553860,DLCworkshop03.esm,05004EBA,05004D4F,DLC06UraniumLightPulse,LIGH,-11493.693359,12293.121094,-421.927094,0.0
1553861,DLCworkshop03.esm,05004EBB,05004D4F,DLC06UraniumLightPulse,LIGH,-11928.178711,12597.539062,121.099007,0.0
1553862,DLCworkshop03.esm,05004EBC,05004D4F,DLC06UraniumLightPulse,LIGH,-11872.350586,12715.514648,27.927948,0.0
1553863,DLCworkshop03.esm,05004EBD,05004D4F,DLC06UraniumLightPulse,LIGH,-11013.765625,12771.503906,-64.736298,0.0
1553864,DLCworkshop03.esm,05004EBE,05004D4F,DLC06UraniumLightPulse,LIGH,-10888.989258,12757.276367,3.566761,0.0
1553865,DLCworkshop03.esm,05004EBF,05004D4F,DLC06UraniumLightPulse,LIGH,-11138.260742,12648.575195,-38.642384,0.0
1553866,DLCworkshop03.esm,05004EC0,05004D4F,DLC06UraniumLightPulse,LIGH,-5994.224609,14460.919922,-521.079224,0.0
1553867,DLCworkshop03.esm,05004EC1,05004D4F,DLC06UraniumLightPulse,LIGH,-5822.677246,14554.610352,-521.079224,0.0
1553868,DLCworkshop03.esm,05004EC2,05004D4F,DLC06UraniumLightPulse,LIGH,-5916.133789,14747.128906,-568.020508,0.0
1553869,DLCworkshop03.esm,05004EC3,05004D4F,DLC06UraniumLightPulse,LIGH,-7658.816895,10490.076172,-343.423553,0.0
1553870,DLCworkshop03.esm,05004EC4,05004D4F,DLC06UraniumLightPulse,LIGH,-7620.241211,10651.509766,-343.423553,0.0
1553871,DLCworkshop03.esm,05004EC5,05004D4F,DLC06UraniumLightPulse,LIGH,-7697.947266,10606.537109,-302.026855,0.0
1553872,DLCworkshop03.esm,05004EC6,05004D4F,DLC06UraniumLightPulse,LIGH,-8138.090332,11261.303711,-477.309235,0.0
1553873,DLCworkshop03.esm,05004EC7,05004D4F,DLC06UraniumLightPulse,LIGH,-8238.671875,11305.573242,-477.309235,0.0
1553874,DLCworkshop03.esm,05004EC8,05004D4F,DLC06UraniumLightPulse,LIGH,-8271.303711,11222.308594,-421.767975,0.0
1553875,DLCworkshop03.esm,05004EC9,05004D4F,DLC06UraniumLightPulse,LIGH,-8645.060547,12467.790039,-366.747681,0.0
1553876,DLCworkshop03.esm,05004ECA,05004D4F,DLC06UraniumLightPulse,LIGH,-8630.755859,12575.928711,-366.747681,0.0
1553877,DLCworkshop03.esm,05004ECB,05004D4F,DLC06UraniumLightPulse,LIGH,-8467.668945,12664.418945,-287.211426,0.0
1553878,DLCworkshop03.esm,05004ECC,05004D4F,DLC06UraniumLightPulse,LIGH,-8909.793945,11781.169922,-315.211945,0.0
1553879,DLCworkshop03.esm,05004ECD,05004D4F,DLC06UraniumLightPulse,LIGH,-8769.564453,11685.095703,-315.211945,0.0
1553880,DLCworkshop03.esm,05004ECE,000E5FF6,EmergencyRedNS,LIGH,-849.335144,11363.983398,567.151001,173.7894
1553881,DLCworkshop03.esm,05004ECF,00146F2C,MuseumSpotWarmNS,LIGH,-20.854034,8362.666016,1358.616699,270.0
1553882,DLCworkshop03.esm,05004ED0,00146F2C,MuseumSpotWarmNS,LIGH,-1042.378296,9328.375977,1119.419922,270.0
1553883,DLCworkshop03.esm,05004ED1,00146F2C,MuseumSpotWarmNS,LIGH,-20.854034,9319.886719,1358.616699,270.0
1553884,DLCworkshop03.esm,05004ED2,00146F2C,MuseumSpotWarmNS,LIGH,-20.854034,10058.688477,1384.899048,270.0
1553885,DLCworkshop03.esm,05004ED3,00146F2C,MuseumSpotWarmNS,LIGH,-20.854034,10562.041992,1383.542847,270.0
1553886,DLCworkshop03.esm,05004ED4,00146F2C,MuseumSpotWarmNS,LIGH,-974.10498,10576.014648,1392.668701,270.0
1553887,DLCworkshop03.esm,05004ED5,00146F2C,MuseumSpotWarmNS,LIGH,-979.007324,6978.557129,1384.731201,270.0
1553888,DLCworkshop03.esm,05004ED7,00146F2C,MuseumSpotWarmNS,LIGH,-1485.635498,9568.584961,1402.280273,270.0
1553889,DLCworkshop03.esm,05004ED8,00146F2C,MuseumSpotWarmNS,LIGH,-1491.169189,9577.254883,1187.161377,270.0
1553890,DLCworkshop03.esm,05004ED9,00146F2C,MuseumSpotWarmNS,LIGH,-150.060425,8389.989258,1264.545288,270.0
1553891,DLCworkshop03.esm,05004EDA,00146F2C,MuseumSpotWarmNS,LIGH,258.205383,9744.513672,1358.616699,270.0
1553892,DLCworkshop03.esm,05004EDC,00146F2C,MuseumSpotWarmNS,LIGH,-1642.450195,8373.879883,1214.391602,270.0
1553893,DLCworkshop03.esm,05004EDD,00146F2C,MuseumSpotWarmNS,LIGH,-110.71981,10596.71875,1133.175903,270.0
1553894,DLCworkshop03.esm,05004EDE,00146F2C,MuseumSpotWarmNS,LIGH,-840.239502,10516.566406,1133.175903,270.0
1553895,DLCworkshop03.esm,05004EE0,0002B76A,EmergencyLightBeam01,MSTT,-2232.008301,6774.564453,162.317108,357.6111
1553896,DLCworkshop03.esm,05004EE1,0005526B,LightBeamThin01Short01,MSTT,-20.854034,8362.666016,1367.526367,0.0
1553897,DLCworkshop03.esm,05004EE2,0005526B,LightBeamThin01Short01,MSTT,-979.007324,8362.666016,1367.526367,0.0
1553898,DLCworkshop03.esm,05004EE3,0005526B,LightBeamThin01Short01,MSTT,-979.007324,9319.886719,1367.526367,0.0
1553899,DLCworkshop03.esm,05004EE4,0005526B,LightBeamThin01Short01,MSTT,-979.007324,6978.557129,1393.640869,0.0
1553900,DLCworkshop03.esm,05004EE5,0005526B,LightBeamThin01Short01,MSTT,-1490.943848,7340.501953,1410.131348,0.0
1553901,DLCworkshop03.esm,05004EE6,0005526B,LightBeamThin01Short01,MSTT,-1485.635498,9568.584961,1411.189941,0.0
1553902,DLCworkshop03.esm,05004EE7,0005526B,LightBeamThin01Short01,MSTT,-1483.953979,8362.666016,1367.526367,0.0
1553903,DLCworkshop03.esm,05004EF4,000B3919,ConstructionLight_FloorOn,STAT,209.170654,9384.333008,-0.044521,72.0086
1553904,DLCworkshop03.esm,05004EF5,000B3919,ConstructionLight_FloorOn,STAT,-2228.980713,6773.111328,142.119843,357.0086
1553905,DLCworkshop03.esm,05004F01,001A5F73,VltLight02FluorResHallHalf,STAT,3360.0,9056.0,302.749329,0.0
1553906,DLCworkshop03.esm,05004F02,001A5F73,VltLight02FluorResHallHalf,STAT,2899.216553,9204.941406,316.0,0.0
1553907,DLCworkshop03.esm,05004F03,001A5F74,VltLight02FluorResHallHalfLit,STAT,2469.537842,9204.941406,316.0,0.0
1553908,DLCworkshop03.esm,05004F04,001A5F73,VltLight02FluorResHallHalf,STAT,3443.177246,7794.12207,304.833862,0.0
1553909,DLCworkshop03.esm,05004F05,001A5F73,VltLight02FluorResHallHalf,STAT,3538.616943,7876.979492,304.833862,270.0
1553910,DLCworkshop03.esm,05004F07,00174FEC,VltLight02FluorResHallLit,STAT,2718.422363,8689.165039,296.0,0.0
1553911,DLCworkshop03.esm,05004F09,00174FEC,VltLight02FluorResHallLit,STAT,2463.392578,9056.592773,296.0,180.0001
1553912,DLCworkshop03.esm,05004F0C,0020C157,VltLight02FluorResHallLitRackHalf,STAT,2725.002197,9562.464844,316.315552,0.0
1553913,DLCworkshop03.esm,05004F0D,0020C157,VltLight02FluorResHallLitRackHalf,STAT,2465.609863,9562.464844,316.315552,0.0
1553914,DLCworkshop03.esm,05004F0E,001A5F73,VltLight02FluorResHallHalf,STAT,670.591187,8447.030273,231.656021,0.0
1553915,DLCworkshop03.esm,05004F0F,0020A178,VltLight02FluorResHallLitRack,STAT,2976.0,8689.165039,296.0,180.0
1553916,DLCworkshop03.esm,05004F10,0020A178,VltLight02FluorResHallLitRack,STAT,2718.422363,8689.165039,296.0,180.0
1553917,DLCworkshop03.esm,05004F11,0020A178,VltLight02FluorResHallLitRack,STAT,2464.609375,8689.165039,296.0,180.0
1553918,DLCworkshop03.esm,05004F12,0020A178,VltLight02FluorResHallLitRack,STAT,2463.392578,9056.592773,296.0,0.0001
1553919,DLCworkshop03.esm,05004F13,0020A178,VltLight02FluorResHallLitRack,STAT,2721.079834,9056.592773,296.0,0.0001
1553920,DLCworkshop03.esm,05004F14,0020A178,VltLight02FluorResHallLitRack,STAT,2975.460449,9056.592773,296.0,0.0001
1553921,DLCworkshop03.esm,05004F15,00174FFB,VltLight04Spot,STAT,2464.0,8872.0,362.300964,0.0
1553922,DLCworkshop03.esm,05004F17,00174FFB,VltLight04Spot,STAT,4003.680908,8171.804199,324.455475,0.0
1553923,DLCworkshop03.esm,05004F18,00174FF8,VltLight04SpotLit,STAT,3745.924561,8808.170898,327.193176,0.0
1553924,DLCworkshop03.esm,05004F19,00174FFB,VltLight04Spot,STAT,3742.383301,8171.604004,325.391113,0.0
1553925,DLCworkshop03.esm,05004F1A,00174FFB,VltLight04Spot,STAT,2720.0,8872.0,362.300964,0.0
1553926,DLCworkshop03.esm,05004F1B,00174FFB,VltLight04Spot,STAT,2976.0,8872.0,362.300964,0.0
1553927,DLCworkshop03.esm,05004F1C,00175001,VltLight05UtilCage01MountedWhiteLit,STAT,2170.564453,7769.254395,262.577301,90.0001
1553928,DLCworkshop03.esm,05004F1D,00175001,VltLight05UtilCage01MountedWhiteLit,STAT,3621.603271,8338.194336,475.944672,270.0001
1553929,DLCworkshop03.esm,05004F1E,00175001,VltLight05UtilCage01MountedWhiteLit,STAT,3621.603271,8665.396484,475.944672,270.0001
1553930,DLCworkshop03.esm,05004F1F,00175001,VltLight05UtilCage01MountedWhiteLit,STAT,2184.435059,7191.187988,123.759621,90.0001
1553931,DLCworkshop03.esm,05004F20,00175001,VltLight05UtilCage01MountedWhiteLit,STAT,2072.932373,8580.478516,255.897522,0.0001
1553932,DLCworkshop03.esm,05004F21,00175001,VltLight05UtilCage01MountedWhiteLit,STAT,1180.645752,8579.746094,253.26825,0.0001
1553933,DLCworkshop03.esm,05004F23,00175001,VltLight05UtilCage01MountedWhiteLit,STAT,778.781494,7727.456543,965.345886,90.0001
1553934,DLCworkshop03.esm,05004F24,00175001,VltLight05UtilCage01MountedWhiteLit,STAT,796.319336,7337.195801,502.146179,90.0001
1553935,DLCworkshop03.esm,05004F25,00175001,VltLight05UtilCage01MountedWhiteLit,STAT,796.319336,7342.40625,1013.122437,90.0001
1553936,DLCworkshop03.esm,05004F26,00175001,VltLight05UtilCage01MountedWhiteLit,STAT,796.319336,8923.989258,470.530853,90.0001
1553937,DLCworkshop03.esm,05004F27,00175001,VltLight05UtilCage01MountedWhiteLit,STAT,796.319336,8929.199219,981.50708,90.0001
1553938,DLCworkshop03.esm,05004F28,00175001,VltLight05UtilCage01MountedWhiteLit,STAT,796.319336,8069.407715,470.530853,90.0001
1553939,DLCworkshop03.esm,05004F29,00175001,VltLight05UtilCage01MountedWhiteLit,STAT,796.319336,8074.617676,981.50708,90.0001
1553940,DLCworkshop03.esm,05004F2A,00175001,VltLight05UtilCage01MountedWhiteLit,STAT,778.781494,6958.739746,965.345886,90.0001
1553941,DLCworkshop03.esm,05004F2B,00175001,VltLight05UtilCage01MountedWhiteLit,STAT,-2655.631348,8487.533203,255.567108,270.0001
1553942,DLCworkshop03.esm,05004F2C,00175001,VltLight05UtilCage01MountedWhiteLit,STAT,-2655.631348,8745.405273,255.567108,270.0001
1553943,DLCworkshop03.esm,05004F2D,00175001,VltLight05UtilCage01MountedWhiteLit,STAT,-515.957153,6584.052246,447.796906,270.0001
1553944,DLCworkshop03.esm,05004F2E,00175001,VltLight05UtilCage01MountedWhiteLit,STAT,-482.368652,6278.265137,451.39093,270.0001
1553945,DLCworkshop03.esm,05004F2F,00175001,VltLight05UtilCage01MountedWhiteLit,STAT,-465.415985,11422.419922,216.659195,0.0001
1553946,DLCworkshop03.esm,05004F30,00175001,VltLight05UtilCage01MountedWhiteLit,STAT,-465.415985,11422.419922,1002.929687,0.0001
1553947,DLCworkshop03.esm,05004F31,00175001,VltLight05UtilCage01MountedWhiteLit,STAT,-1237.209717,11422.419922,1002.929687,0.0001
1553948,DLCworkshop03.esm,05004F32,00175001,VltLight05UtilCage01MountedWhiteLit,STAT,-1215.34021,11422.419922,223.541138,0.0001
1553949,DLCworkshop03.esm,05004F33,00175001,VltLight05UtilCage01MountedWhiteLit,STAT,-1982.828247,11045.701172,258.668274,270.0001
1553950,DLCworkshop03.esm,05004F34,00175001,VltLight05UtilCage01MountedWhiteLit,STAT,-1982.828247,11045.701172,753.287903,270.0001
1553951,DLCworkshop03.esm,05004F35,00175001,VltLight05UtilCage01MountedWhiteLit,STAT,778.781494,6958.739746,505.99472,90.0001
1553952,DLCworkshop03.esm,05004F36,00175001,VltLight05UtilCage01MountedWhiteLit,STAT,285.751221,10539.539062,755.128967,90.0001
1553953,DLCworkshop03.esm,05004F37,00175001,VltLight05UtilCage01MountedWhiteLit,STAT,285.751221,11057.871094,755.128967,90.0001
1553954,DLCworkshop03.esm,05004F38,00175001,VltLight05UtilCage01MountedWhiteLit,STAT,285.751221,10539.539062,237.947266,90.0001
1553955,DLCworkshop03.esm,05004F39,00175001,VltLight05UtilCage01MountedWhiteLit,STAT,285.751221,11065.930664,237.947266,90.0001
1553956,DLCworkshop03.esm,05004F3A,00175001,VltLight05UtilCage01MountedWhiteLit,STAT,-608.358521,6724.615723,248.004944,180.0001
1553957,DLCworkshop03.esm,05004F3B,00175001,VltLight05UtilCage01MountedWhiteLit,STAT,-1276.76355,6724.615723,764.234619,180.0001
1553958,DLCworkshop03.esm,05004F3C,00175001,VltLight05UtilCage01MountedWhiteLit,STAT,-1265.787964,6724.615723,252.589203,180.0001
1553959,DLCworkshop03.esm,05004F3D,00175001,VltLight05UtilCage01MountedWhiteLit,STAT,-608.358521,6724.615723,763.056091,180.0001
1553960,DLCworkshop03.esm,05004F45,00055398,WallEmergencyLight01,STAT,-848.351379,11407.888672,562.734192,269.9999
1553961,DLCworkshop03.esm,05004F62,0500588C,Loot_Trunk_DLC06Vault88PreWarREFILL,CONT,3675.682617,8902.958008,96.005417,0.0
1553962,DLCworkshop03.esm,05004F64,0500498B,DLC06WorkshopVault_Crate_01_Blue,STAT,2272.0,9568.0,136.0,358.121
1553963,DLCworkshop03.esm,05004F67,00084D4E,LvlFeralGhoulAggro800,NPC_,-1144.132324,11000.916992,6.1e-05,94.538
1553964,DLCworkshop03.esm,05004F68,00084D4E,LvlFeralGhoulAggro800,NPC_,-1210.413086,9746.582031,0.0,129.6253
1553965,DLCworkshop03.esm,05004F69,000B3919,ConstructionLight_FloorOn,STAT,720.62439,6542.24707,59.475666,29.8676
1553966,DLCworkshop03.esm,05004F6A,0011850B,defaultLightWarm02SpotNS,LIGH,721.557129,6545.376953,110.563339,122.8591
1553967,DLCworkshop03.esm,05004F6B,000560DC,defaultLightWarm01NS,LIGH,652.765137,6491.17627,153.288284,122.8591
1553968,DLCworkshop03.esm,05004F6C,000560DC,defaultLightWarm01NS,LIGH,540.31842,5979.837891,248.659653,122.8591
1553969,DLCworkshop03.esm,05004F6D,000560DC,defaultLightWarm01NS,LIGH,-2830.149902,9254.930664,226.453659,228.4377
1553970,DLCworkshop03.esm,05004F6E,000560DC,defaultLightWarm01NS,LIGH,-2608.169678,8944.136719,153.277908,228.4377
1553971,DLCworkshop03.esm,05004F6F,0011850B,defaultLightWarm02SpotNS,LIGH,-2574.439453,8863.319336,110.552956,228.4377
1553972,DLCworkshop03.esm,05004F70,0002B76A,EmergencyLightBeam01,MSTT,-2573.975342,8865.976562,79.662537,177.6461
1553973,DLCworkshop03.esm,05004F71,000B3919,ConstructionLight_FloorOn,STAT,-2577.204834,8865.058594,59.465271,135.4462
1553974,DLCworkshop03.esm,05004FC3,05001BEC,DLC06_RockL01,STAT,-903.365112,526.226868,365.112823,1.0597
1553975,DLCworkshop03.esm,05004FC4,0005F2AE,VltLgRmShellCorOutMidHalf01,STAT,-772.543945,1230.848511,-192.457611,90.0003
1553976,DLCworkshop03.esm,05004FC5,000540D4,VltRmPodRoofCorOutHalf01,STAT,-516.543213,1486.846313,63.542389,90.0003
1553977,DLCworkshop03.esm,05004FC6,0005F2AB,VltLgRmShellCorOutLowHalf01,STAT,-772.543945,1230.848511,-448.457611,90.0003
1553978,DLCworkshop03.esm,05004FC7,05001BEE,DLC06_RockM02,STAT,-2231.161621,1294.349731,-278.123993,352.6492
1553979,DLCworkshop03.esm,05004FC8,05001BEF,DLC06_RockM03,STAT,-2200.710449,1380.138306,-95.865829,227.0039
1553980,DLCworkshop03.esm,05004FD6,05001BF1,DLC06_RockS01,STAT,-1321.479004,-777.105286,-521.495605,210.1698
1553981,DLCworkshop03.esm,05004FD7,05001BF0,DLC06_RockM04,STAT,-1117.950073,-665.224976,-485.478607,268.8414
1553982,DLCworkshop03.esm,05004FD8,05001BF0,DLC06_RockM04,STAT,-1123.905884,-483.963318,-530.931763,111.0992
1553983,DLCworkshop03.esm,05004FD9,05001BF0,DLC06_RockM04,STAT,-1140.245972,-245.328461,-393.383148,144.3931
1553984,DLCworkshop03.esm,05004FDA,05001BEF,DLC06_RockM03,STAT,-1401.941406,-470.144012,-728.959534,66.9768
1553985,DLCworkshop03.esm,05004FDC,05004B0E,DLC06RockM03Limestone,STAT,-1093.490601,-534.928345,-461.498779,244.0982
1553986,DLCworkshop03.esm,05004FDF,05001BF0,DLC06_RockM04,STAT,-991.51001,217.357666,-425.377899,226.3194
1553987,DLCworkshop03.esm,05004FE1,05001BEF,DLC06_RockM03,STAT,-1016.253479,426.78949,-615.519165,119.2607
1553988,DLCworkshop03.esm,05004FE2,05001BEF,DLC06_RockM03,STAT,-1050.622314,-1415.684937,-530.028625,100.869
1553989,DLCworkshop03.esm,05004FEA,05001BED,DLC06_RockM01,STAT,-1360.352051,141.54303,-510.597382,77.142
1553990,DLCworkshop03.esm,05004FEB,05001BEF,DLC06_RockM03,STAT,-1206.53833,-1275.371582,-593.539734,67.3527
1553991,DLCworkshop03.esm,05004FEC,05001BEF,DLC06_RockM03,STAT,-1063.447144,-1479.415039,-521.618774,310.0676
1553992,DLCworkshop03.esm,05004FED,05001BEF,DLC06_RockM03,STAT,-1318.916138,-1530.806763,-641.080627,230.5903
1553993,DLCworkshop03.esm,05004FF0,05001BF0,DLC06_RockM04,STAT,-1128.709839,-1259.652588,-569.990479,316.3311
1553994,DLCworkshop03.esm,05004FF1,05001BF0,DLC06_RockM04,STAT,-2412.304443,-1165.579346,-538.405762,21.0509
1553995,DLCworkshop03.esm,05004FF2,05001BF0,DLC06_RockM04,STAT,-2327.614746,-1387.289429,-368.366058,112.7561
1553996,DLCworkshop03.esm,05004FF3,05001BF0,DLC06_RockM04,STAT,-2443.432617,-1054.937744,-414.814117,85.1989
1553997,DLCworkshop03.esm,05004FF6,05004B0C,DLC06RockM01Limestone,STAT,-790.073608,-1967.481689,11.942795,344.2725
1553998,DLCworkshop03.esm,05004FF7,05004B0D,DLC06RockM02Limestone,STAT,-843.884888,-1859.47522,-159.547714,282.7512
1553999,DLCworkshop03.esm,05004FFC,0003AA22,RockM02,STAT,-615.612183,353.438965,-71.297844,87.9566
1554000,DLCworkshop03.esm,05004FFE,0005134F,QryMoundRocksLow01,STAT,-1144.790771,233.192871,-417.92923,262.6732
1554001,DLCworkshop03.esm,05004FFF,00051353,QryMoundRocksLow04,STAT,-1387.044922,-146.219498,-493.177307,333.7586
1554002,DLCworkshop03.esm,05005000,00051354,QryMoundRocksMed01,STAT,-1340.72644,-217.517548,-594.216187,286.9481
1554003,DLCworkshop03.esm,05005001,00051354,QryMoundRocksMed01,STAT,-1078.112793,-800.038757,-594.216187,338.5143
1554004,DLCworkshop03.esm,05005002,00051354,QryMoundRocksMed01,STAT,-2423.298584,-840.370117,-634.063538,322.2918
1554005,DLCworkshop03.esm,05005004,00051355,QryMoundRocksMed03,STAT,-1596.223633,30.199329,-618.016663,3.0371
1554006,DLCworkshop03.esm,05005005,00051355,QryMoundRocksMed03,STAT,-2440.72998,-89.384094,-618.016663,194.8058
1554007,DLCworkshop03.esm,05005006,00051355,QryMoundRocksMed03,STAT,-2454.380371,1018.253296,-542.562805,200.0752
1554008,DLCworkshop03.esm,05005007,00051355,QryMoundRocksMed03,STAT,-2351.893799,-2080.843994,-569.781799,194.8058
1554009,DLCworkshop03.esm,05005008,00051353,QryMoundRocksLow04,STAT,-2384.174316,-3061.752686,-501.144501,176.5012
1554010,DLCworkshop03.esm,0500500A,00051353,QryMoundRocksLow04,STAT,-1364.262573,-3408.003418,-577.602417,92.3042
1554011,DLCworkshop03.esm,0500500C,00051355,QryMoundRocksMed03,STAT,-893.863281,-2371.830078,-626.951294,146.7348
1554012,DLCworkshop03.esm,0500500D,00051354,QryMoundRocksMed01,STAT,-910.410828,-2234.245605,-591.285278,97.4031
1554013,DLCworkshop03.esm,0500500E,0004F334,QryMoundRocksMed02,STAT,-707.169739,-2077.009033,277.166534,269.9848
1554014,DLCworkshop03.esm,0500500F,0004F334,QryMoundRocksMed02,STAT,-845.657288,-1791.147827,285.720612,349.6628
1554015,DLCworkshop03.esm,05005010,05001BED,DLC06_RockM01,STAT,-2243.297852,-1512.729004,135.899124,157.2944
1554016,DLCworkshop03.esm,05005011,05001BF0,DLC06_RockM04,STAT,-2371.224609,-1042.990234,-493.102356,13.7107
1554017,DLCworkshop03.esm,05005012,05001BF0,DLC06_RockM04,STAT,-2442.955322,889.372986,-535.447449,80.1521
1554018,DLCworkshop03.esm,05005013,05001BF0,DLC06_RockM04,STAT,-1719.772705,1343.62146,-626.512817,9.714
1554019,DLCworkshop03.esm,05005015,05001BEF,DLC06_RockM03,STAT,-2477.887207,-538.200073,-602.992188,71.3917
1554020,DLCworkshop03.esm,05005016,05001BEF,DLC06_RockM03,STAT,-1205.265259,-1001.130432,-602.992188,21.3401
1554021,DLCworkshop03.esm,05005017,05001BEF,DLC06_RockM03,STAT,-2285.572754,-2671.980957,-575.477173,21.3401
1554022,DLCworkshop03.esm,05005018,05001BEF,DLC06_RockM03,STAT,-2441.171387,-2594.074463,-491.562988,289.428
1554023,DLCworkshop03.esm,05005019,05001BF0,DLC06_RockM04,STAT,-1589.99707,-3481.998535,-429.849701,173.4586
1554024,DLCworkshop03.esm,0500501A,05001BEC,DLC06_RockL01,STAT,-1421.264893,-3503.09082,-26.107635,1.6226
1554025,DLCworkshop03.esm,0500501B,0003B2DF,RockM04,STAT,-1490.70459,-3398.703125,-451.332092,267.8223
1554026,DLCworkshop03.esm,0500501C,05001BF1,DLC06_RockS01,STAT,-1433.381958,-3460.492432,-145.195938,35.0891
1554027,DLCworkshop03.esm,0500501F,00051350,QryMoundRocksLow03,STAT,-6386.408691,351.620941,-1020.297913,74.4845
1554028,DLCworkshop03.esm,05005020,00051353,QryMoundRocksLow04,STAT,-6576.286621,-453.231354,-1025.672974,95.2829
1554029,DLCworkshop03.esm,05005021,00051354,QryMoundRocksMed01,STAT,-6420.644531,-366.430847,-1122.713379,317.7733
1554030,DLCworkshop03.esm,05005022,0010E25A,QryMoundLedgeThin02dirtyALL,STAT,-5982.081543,334.145874,-1024.45752,271.0772
1554031,DLCworkshop03.esm,05005023,00051353,QryMoundRocksLow04,STAT,-5319.651855,143.879654,-1071.413208,349.1138
1554032,DLCworkshop03.esm,05005025,00051362,QryMoundRocksTall04,STAT,-7673.812012,861.782227,-1024.55896,73.7615
1554033,DLCworkshop03.esm,05005026,00051362,QryMoundRocksTall04,STAT,-7569.88623,-637.77594,-990.359436,0.0
1554034,DLCworkshop03.esm,05005027,00051353,QryMoundRocksLow04,STAT,-6934.848633,-244.842484,-1065.291992,279.8755
1554035,DLCworkshop03.esm,05005028,00051353,QryMoundRocksLow04,STAT,-7074.973633,-345.75293,-1065.291992,279.8755
1554036,DLCworkshop03.esm,05005029,00051362,QryMoundRocksTall04,STAT,-6829.263672,354.273682,-1187.551392,114.3129
1554037,DLCworkshop03.esm,0500502A,0003AA23,RockM03,STAT,-7491.658691,-306.733032,-988.814636,39.1438
1554038,DLCworkshop03.esm,0500502B,0003AA23,RockM03,STAT,-6859.114746,462.494568,-1062.290527,302.7044
1554039,DLCworkshop03.esm,0500502C,00051353,QryMoundRocksLow04,STAT,-6982.616211,921.498596,-1083.824707,186.9347
1554040,DLCworkshop03.esm,0500502D,00051353,QryMoundRocksLow04,STAT,-7664.92334,813.376282,-1051.460083,184.2548
1554041,DLCworkshop03.esm,0500502E,0010DF5A,QryMoundRocksLow02dirtyALL,STAT,-7565.891602,1031.495972,-1021.80249,358.0994
1554042,DLCworkshop03.esm,0500502F,00051353,QryMoundRocksLow04,STAT,-6775.674805,1112.688721,-1061.182007,182.6081
1554043,DLCworkshop03.esm,05005032,05001BF0,DLC06_RockM04,STAT,-6257.509766,-1073.758301,-1004.823914,310.7951
1554044,DLCworkshop03.esm,05005033,05001BEC,DLC06_RockL01,STAT,-6614.390625,-623.291565,-1083.798828,148.2702
1554045,DLCworkshop03.esm,05005034,05001BEC,DLC06_RockL01,STAT,-7520.003906,-399.997314,-743.75,211.4003
1554046,DLCworkshop03.esm,05005035,05001BEC,DLC06_RockL01,STAT,-6699.36377,790.264038,-1009.410278,186.2027
1554047,DLCworkshop03.esm,05005036,000FDB9B,RockL01,STAT,-590.062073,1758.641113,-237.295181,342.5627
1554048,DLCworkshop03.esm,05005037,0500083A,VltWorkShopCavePillar03Top,STAT,-795.555176,-104.22477,-1117.01709,180.0003
1554049,DLCworkshop03.esm,05005038,05001BEC,DLC06_RockL01,STAT,-1124.724976,-2751.470947,428.621124,0.5724
1554050,DLCworkshop03.esm,05005039,05001BEC,DLC06_RockL01,STAT,-881.384216,-1358.935669,329.600342,11.5839
1554051,DLCworkshop03.esm,0500503B,00051353,QryMoundRocksLow04,STAT,-7460.820312,11625.331055,-579.344482,74.4866
1554052,DLCworkshop03.esm,0500503C,0005135A,QryMoundRocksMed04,STAT,-7998.053711,10977.362305,-553.651184,301.6114
1554053,DLCworkshop03.esm,0500503D,00051361,QryMoundRocksTall03,STAT,-8847.036133,11225.829102,-709.226624,114.1328
1554054,DLCworkshop03.esm,0500503E,00051353,QryMoundRocksLow04,STAT,-10034.758789,11832.264648,-788.441406,338.9363
1554055,DLCworkshop03.esm,0500503F,00051354,QryMoundRocksMed01,STAT,-8110.76123,12246.579102,-750.941467,338.9363
1554056,DLCworkshop03.esm,05005040,00051350,QryMoundRocksLow03,STAT,-9285.410156,14395.24707,-650.28009,290.8256
1554057,DLCworkshop03.esm,05005041,05000835,VltWorkShopCaveDirtPile01,STAT,-7733.007812,14758.827148,-917.075073,322.6588
1554058,DLCworkshop03.esm,05005042,05000835,VltWorkShopCaveDirtPile01,STAT,-7053.870117,14970.211914,-1023.823669,252.8113
1554059,DLCworkshop03.esm,05005043,00051355,QryMoundRocksMed03,STAT,-6468.290527,13629.166016,-1036.424072,59.1203
1554060,DLCworkshop03.esm,05005044,0004F334,QryMoundRocksMed02,STAT,-7006.52002,14787.177734,-1038.213013,115.296
1554061,DLCworkshop03.esm,05005045,05000835,VltWorkShopCaveDirtPile01,STAT,-6736.54541,13344.561523,-976.963318,329.9337
1554062,DLCworkshop03.esm,05005046,05000835,VltWorkShopCaveDirtPile01,STAT,-5985.344238,13536.027344,-1022.411377,257.2805
1554063,DLCworkshop03.esm,05005047,05000835,VltWorkShopCaveDirtPile01,STAT,-5270.15332,14129.597656,-1024.273071,289.0799
1554064,DLCworkshop03.esm,05005048,05000835,VltWorkShopCaveDirtPile01,STAT,-5376.195312,15252.083008,-1024.885254,243.2433
1554065,DLCworkshop03.esm,05005049,000FDB9B,RockL01,STAT,-10510.299805,14009.628906,-525.258545,338.1375
1554066,DLCworkshop03.esm,0500504A,05000835,VltWorkShopCaveDirtPile01,STAT,-10815.786133,14174.81543,-694.308655,359.2366
1554067,DLCworkshop03.esm,0500504B,05005E58,VltWorkShopCaveDirtPileHalf01,STAT,-10533.481445,12405.945312,-590.062927,139.073
1554068,DLCworkshop03.esm,0500504C,00051353,QryMoundRocksLow04,STAT,-10181.038086,12815.362305,-717.793884,359.2366
1554069,DLCworkshop03.esm,0500504D,0004F334,QryMoundRocksMed02,STAT,-10520.639648,12665.487305,-638.131897,264.1259
1554070,DLCworkshop03.esm,0500504E,0004F335,QryMoundRocksTall02,STAT,-10905.15332,13826.716797,-766.626587,82.0888
1554071,DLCworkshop03.esm,0500504F,05000835,VltWorkShopCaveDirtPile01,STAT,-11327.110352,14023.389648,-599.503662,359.2366
1554072,DLCworkshop03.esm,05005050,00051361,QryMoundRocksTall03,STAT,-11713.610352,12045.762695,-510.302856,120.592
1554073,DLCworkshop03.esm,05005051,00051361,QryMoundRocksTall03,STAT,-11412.762695,12069.80957,-549.939331,63.5618
1554074,DLCworkshop03.esm,05005052,00051353,QryMoundRocksLow04,STAT,-12186.519531,12527.165039,-484.682617,125.8176
1554075,DLCworkshop03.esm,05005053,00051353,QryMoundRocksLow04,STAT,-12050.587891,13537.355469,-500.255646,115.3344
1554076,DLCworkshop03.esm,05005054,00051355,QryMoundRocksMed03,STAT,-12671.535156,13988.356445,-449.960846,311.0883
1554077,DLCworkshop03.esm,05005055,00051355,QryMoundRocksMed03,STAT,-13357.338867,13043.269531,-395.641266,126.2825
1554078,DLCworkshop03.esm,05005056,00051355,QryMoundRocksMed03,STAT,-13743.986328,14041.321289,-459.866058,198.6609
1554079,DLCworkshop03.esm,05005057,00051355,QryMoundRocksMed03,STAT,-13054.923828,14323.798828,-444.230225,318.3244
1554080,DLCworkshop03.esm,05005058,000FDB9B,RockL01,STAT,-13650.974609,14362.296875,-404.286743,263.3677
1554081,DLCworkshop03.esm,05005059,0003AA22,RockM02,STAT,-13469.129883,14405.09082,-51.870323,9.5771
1554082,DLCworkshop03.esm,0500505A,000FDB9B,RockL01,STAT,-13861.443359,14294.387695,-216.170364,232.7579
1554083,DLCworkshop03.esm,0500505B,0003AA23,RockM03,STAT,-13233.455078,14519.808594,-78.175911,193.8424
1554084,DLCworkshop03.esm,0500505C,0003AA23,RockM03,STAT,-13523.938477,13204.003906,-35.077782,213.6656
1554085,DLCworkshop03.esm,05005061,00051353,QryMoundRocksLow04,STAT,-8114.018555,11186.922852,-611.702881,318.572
1554086,DLCworkshop03.esm,05005067,05005065,DLC06VaultSuitPackage88,MISC,3648.120361,8899.055664,150.97644,329.9748
1554087,DLCworkshop03.esm,05005071,000FDB9B,RockL01,STAT,-6666.438965,1600.358765,-885.558716,14.9555
1554088,DLCworkshop03.esm,05005073,000FDBA7,RockL01_NF,STAT,-7562.217773,545.490601,-62.116108,215.1767
1554089,DLCworkshop03.esm,050050F7,0008E79A,DeskLamp02On,STAT,-443.371002,6866.246582,58.201458,310.0535
1554090,DLCworkshop03.esm,050050FB,00165014,OfficePaperDebris04,STAT,-532.860718,6862.57373,60.699409,159.5126
1554091,DLCworkshop03.esm,050050FC,0016501E,OfficePaperDebris06,STAT,-428.163483,6892.54248,57.421642,233.997
1554092,DLCworkshop03.esm,050050FF,0003A9ED,OfficeBoxPapers03,STAT,-1322.673584,6816.947754,9.562034,269.6443
1554093,DLCworkshop03.esm,0500510F,0009B05B,PosterVaultTec01,STAT,-1265.083862,6716.012207,166.960663,181.1914
1554094,DLCworkshop03.esm,05005145,001C642E,DefaultStartSceneTrigger,ACTI,5832.672363,9498.910156,322.812042,339.8558
1554095,DLCworkshop03.esm,050052BA,0500372E,VltWorkShopATRIUMWall02Mid,STAT,616.267456,8188.953125,121.262695,90.0
1554096,DLCworkshop03.esm,050052BB,05003729,VltWorkShopATRIUMFloor01Free,STAT,-369.22522,9058.172852,21.961828,59.8397
1554097,DLCworkshop03.esm,050052C0,05003729,VltWorkShopATRIUMFloor01Free,STAT,-869.800476,7711.653809,24.25,105.0
1554098,DLCworkshop03.esm,050052C4,050041D4,DLC06ScrapableCratesLargeGroup001,SCOL,-569.156433,8751.136719,-0.310867,93.3232
1554099,DLCworkshop03.esm,050052CA,000517B0,DefaultLightWhite01NS,LIGH,340.074127,8404.90625,207.478745,0.0
1554100,DLCworkshop03.esm,050052CB,0003AA22,RockM02,STAT,-2575.182617,8832.404297,24.396315,126.0508
1554101,DLCworkshop03.esm,050052CE,00001DE6,GrateMetalFloor04,STAT,-651.004089,7003.97168,75.958221,64.0596
1554102,DLCworkshop03.esm,050052CF,00060E96,Spoon_02_StainlessSteel,MISC,-635.535889,7005.720215,76.796028,183.8251
1554103,DLCworkshop03.esm,050052D0,000330EE,Cram,ALCH,-650.55127,7009.235352,76.487755,198.9871
1554104,DLCworkshop03.esm,050052D1,000330EE,Cram,ALCH,-649.539551,6996.220703,77.227562,63.9778
1554105,DLCworkshop03.esm,050052D2,00059ABA,CookingPot01,MISC,-695.323792,7038.742187,-0.26366,122.4158
1554106,DLCworkshop03.esm,050052D3,00059B11,Ladle,MISC,-695.418152,7031.213379,19.920242,18.3536
1554107,DLCworkshop03.esm,050052D4,000FFE09,Spoon_Wooden,MISC,-668.79364,7053.21582,13.871067,150.4309
1554108,DLCworkshop03.esm,050052D5,00059AEC,CookingPan01,MISC,-663.202576,7051.605469,0.722725,4.685
1554109,DLCworkshop03.esm,050052D6,000C581B,defaultLightFire01NS,LIGH,-538.215027,7034.59668,138.647827,138.6592
1554110,DLCworkshop03.esm,050052D7,00101183,defaultLightFire01NSNonSpec,LIGH,-602.10614,7003.489258,99.043304,156.845
1554111,DLCworkshop03.esm,050052D8,000C581B,defaultLightFire01NS,LIGH,-1174.436401,7638.330078,128.530655,284.5558
1554112,DLCworkshop03.esm,050052D9,00101183,defaultLightFire01NSNonSpec,LIGH,-1183.931763,7695.832031,101.224205,284.5558
1554113,DLCworkshop03.esm,050052FF,05000835,VltWorkShopCaveDirtPile01,STAT,-1358.757935,7777.192871,-77.50367,180.0001
1554114,DLCworkshop03.esm,05005300,000517B0,DefaultLightWhite01NS,LIGH,-1972.312866,8893.953125,817.746582,0.0
1554115,DLCworkshop03.esm,050053E7,0003251C,DefaultSetStageTrigger,ACTI,5752.376953,9759.53125,335.975311,339.8558
1554116,DLCworkshop03.esm,05005511,05000835,VltWorkShopCaveDirtPile01,STAT,-25.3396,12613.330078,108.643967,193.1855
1554117,DLCworkshop03.esm,05005513,05005512,DLC06ScrapableTrainFlatbedA,SCOL,-60.122208,12370.514648,351.317688,0.0
1554118,DLCworkshop03.esm,05005515,000C5603,RockPileL01_NF_RubbleRock01,STAT,7.777389,12129.077148,29.501675,148.0057
1554119,DLCworkshop03.esm,05005517,05005516,DLC06ScrapableTrainFlatbedC,SCOL,-1665.413086,12224.477539,331.245422,0.0
1554120,DLCworkshop03.esm,05005519,05000835,VltWorkShopCaveDirtPile01,STAT,-1741.551514,12184.478516,-22.690275,1.6858
1554121,DLCworkshop03.esm,0500551A,05000835,VltWorkShopCaveDirtPile01,STAT,-1644.917114,12358.636719,61.444824,338.7478
1554122,DLCworkshop03.esm,0500551B,00064A3C,Loot_Prewar_Suitcase_Clothes,CONT,-21.60603,9842.71875,139.539993,308.4339
1554123,DLCworkshop03.esm,0500551C,05000835,VltWorkShopCaveDirtPile01,STAT,-775.127991,12443.31543,76.770782,0.2629
1554124,DLCworkshop03.esm,0500551D,00001B54,RubChunkiesSmall02,STAT,-671.702393,12090.650391,91.335159,308.8768
1554125,DLCworkshop03.esm,0500551F,0500551E,DLC06ScrapableTrainFlatbedB,SCOL,-867.649719,12524.288086,233.507919,0.0
1554126,DLCworkshop03.esm,05005521,00177930,MuseumSpotWarmFlicker,LIGH,-78.831787,10376.485352,330.454498,270.0
1554127,DLCworkshop03.esm,05005522,000517B0,DefaultLightWhite01NS,LIGH,-75.357681,10441.443359,203.975571,0.0
1554128,DLCworkshop03.esm,05005523,0002B6E2,LunchPail,CONT,-127.754936,10291.542969,139.510986,216.7607
1554129,DLCworkshop03.esm,05005524,0001A4B9,Newspaper01,MISC,-145.425888,10260.085938,172.593369,31.9709
1554130,DLCworkshop03.esm,05005527,000FD394,Vault_VaultSuitBox_01Prewar,STAT,6.428558,10304.769531,297.296631,7.5351
1554131,DLCworkshop03.esm,05005528,000FD394,Vault_VaultSuitBox_01Prewar,STAT,-164.162216,10374.013672,297.243042,7.5351
1554132,DLCworkshop03.esm,05005529,001EBACC,Vault_VaultSuitBox_02_Clean,STAT,6.513687,10247.121094,297.295258,353.2697
1554133,DLCworkshop03.esm,0500552A,000517B0,DefaultLightWhite01NS,LIGH,-61.450912,10525.279297,1252.864624,0.0
1554134,DLCworkshop03.esm,0500552B,050053DC,DLC06SkeletonClothedVaultsuit88,MSTT,-40.876751,9876.075195,157.483444,197.089
1554135,DLCworkshop03.esm,0500552D,0016BAF5,PaperDebris02,STAT,-117.133652,10015.928711,138.776932,108.8006
1554136,DLCworkshop03.esm,0500552E,000FD394,Vault_VaultSuitBox_01Prewar,STAT,-145.155823,9968.254883,139.482239,76.2911
1554137,DLCworkshop03.esm,0500552F,0005F3F6,QryCatwalkRailHalf01v01DoublePostsV01,STAT,-118.412704,10773.602539,101.402031,310.8909
1554138,DLCworkshop03.esm,05005530,0005F3F6,QryCatwalkRailHalf01v01DoublePostsV01,STAT,-41.524857,10874.855469,101.426674,138.7239
1554139,DLCworkshop03.esm,05005531,0005F3F6,QryCatwalkRailHalf01v01DoublePostsV01,STAT,-40.035568,9850.774414,101.402313,138.7239
1554140,DLCworkshop03.esm,05005532,0005F3F6,QryCatwalkRailHalf01v01DoublePostsV01,STAT,-116.055763,9749.521484,101.37767,310.8909
1554141,DLCworkshop03.esm,05005533,0005F3F6,QryCatwalkRailHalf01v01DoublePostsV01,STAT,-27.277004,9758.746094,101.405632,359.9927
1554142,DLCworkshop03.esm,05005534,000517B0,DefaultLightWhite01NS,LIGH,252.924255,8387.362305,166.457703,90.0001
1554143,DLCworkshop03.esm,05005539,0500372D,VltWorkShopATRIUMWall01Low,STAT,415.999725,7720.001953,24.0,90.0
1554144,DLCworkshop03.esm,0500553E,00175500,FootLocker01,CONT,-935.94873,6981.222656,67.1287,270.447
1554145,DLCworkshop03.esm,0500553F,05004988,DLC06WorkshopVault_Locker_01,CONT,-1192.230225,6937.359863,67.128693,267.9262
1554146,DLCworkshop03.esm,05005541,05005194,DLC06VaultSafetyPoster08dirty,STAT,-696.270813,6933.944336,112.465942,359.955
1554147,DLCworkshop03.esm,0500554A,001A594C,Bin_Plastic,MSTT,-1379.264771,7005.186035,0.003838,285.5086
1554148,DLCworkshop03.esm,0500554C,0003A9F2,OfficePaperDebris01,STAT,-1169.825195,7196.638184,25.24087,299.8044
1554149,DLCworkshop03.esm,0500554D,0016BAF3,PaperDebris01,STAT,-1079.093506,7167.279297,23.320183,314.1636
1554150,DLCworkshop03.esm,0500554E,0016BAF5,PaperDebris02,STAT,-1181.747192,7243.619141,23.191462,199.5719
1554151,DLCworkshop03.esm,0500554F,00165023,OfficePaperDebrisSinglePg01,STAT,-1078.085938,7316.141602,25.24087,299.8044
1554152,DLCworkshop03.esm,05005550,0016501E,OfficePaperDebris06,STAT,-880.734253,7153.324707,25.24087,139.3762
1554153,DLCworkshop03.esm,05005551,000366C0,WaterPurified,ALCH,-512.101135,6860.03418,57.291111,24.636
1554154,DLCworkshop03.esm,05005557,001A594C,Bin_Plastic,MSTT,-794.61322,6827.731445,79.854225,270.7423
1554155,DLCworkshop03.esm,05005558,001A594C,Bin_Plastic,MSTT,-817.874573,6825.394531,79.852608,263.9316
1554156,DLCworkshop03.esm,05005559,001A594C,Bin_Plastic,MSTT,-842.389221,6820.29541,79.855705,98.8251
1554157,DLCworkshop03.esm,0500555A,001A594C,Bin_Plastic,MSTT,-867.694275,6828.039062,79.85437,75.8972
1554158,DLCworkshop03.esm,0500555C,00024848,ConstructionBarrier02,MSTT,-1951.151611,7045.694336,-0.12301,248.6022
1554159,DLCworkshop03.esm,0500555D,00024848,ConstructionBarrier02,MSTT,-34.899582,6572.155762,1.533517,168.2958
1554160,DLCworkshop03.esm,0500555E,00024848,ConstructionBarrier02,MSTT,-1426.542114,8950.536133,-0.132509,332.4832
1554161,DLCworkshop03.esm,0500555F,00024848,ConstructionBarrier02,MSTT,165.659546,9590.213867,-0.123515,115.7226
1554162,DLCworkshop03.esm,05005560,00024848,ConstructionBarrier02,MSTT,118.613899,9245.111328,23.518904,160.7889
1554163,DLCworkshop03.esm,05005561,00064A3C,Loot_Prewar_Suitcase_Clothes,CONT,-823.866394,6819.655273,117.727913,184.7327
1554164,DLCworkshop03.esm,05005563,0004B6EA,Loot_Prewar_Medkit_Wall,CONT,-949.052979,6765.837402,156.111908,0.1153
1554165,DLCworkshop03.esm,05005565,000BA592,Vault_Crate_04_Steel,STAT,-1189.54187,7531.782227,52.799892,161.0926
1554166,DLCworkshop03.esm,05005568,00059A80,MetalBucket,MISC,-779.740845,7013.064941,67.439354,82.9077
1554167,DLCworkshop03.esm,0500556A,000FE257,OverdueBook,MISC,-1102.617676,6856.380371,67.126419,214.7707
1554168,DLCworkshop03.esm,0500556B,0015799C,BookBurnt01,MISC,-1106.482178,6825.86377,107.711685,82.5636
1554169,DLCworkshop03.esm,0500556C,0015799E,BookBurnt02,MISC,-1082.960205,6822.527832,107.720116,22.563
1554170,DLCworkshop03.esm,0500556D,0015799C,BookBurnt01,MISC,-1098.838623,6821.075195,110.944611,232.5693
1554171,DLCworkshop03.esm,0500556E,0001F92F,Clipboard01,MISC,-1098.50061,6812.515625,129.362015,173.2304
1554172,DLCworkshop03.esm,0500556F,0015799E,BookBurnt02,MISC,-1106.966064,6822.696289,89.973206,67.9988
1554173,DLCworkshop03.esm,05005570,0015799C,BookBurnt01,MISC,-1089.777344,6814.32666,91.651939,97.5285
1554174,DLCworkshop03.esm,05005571,000211C4,CoffeeCup01,MISC,-1084.086792,6808.623535,129.13002,82.5634
1554175,DLCworkshop03.esm,05005572,001C7F1B,CoffeePot01_Rare,MISC,-745.210327,6904.791504,129.829453,50.6952
1554176,DLCworkshop03.esm,05005573,00059ADB,HotPlate,MISC,-740.827515,6924.003418,129.870102,81.1311
1554177,DLCworkshop03.esm,05005574,001944BC,ClutterGenDustA,STAT,-838.282959,6821.240723,117.858604,7.5635
1554178,DLCworkshop03.esm,05005575,001944BC,ClutterGenDustA,STAT,-838.316101,6826.546387,79.787369,178.5795
1554179,DLCworkshop03.esm,05005579,00059AD1,GlassPitcher01,MISC,-544.466248,6853.968262,60.892517,24.6352
1554180,DLCworkshop03.esm,0500557A,000211C4,CoffeeCup01,MISC,-549.546448,6866.830078,60.617931,26.83
1554181,DLCworkshop03.esm,0500557B,0500498A,DLC06WorkshopVault_Crate_01_Beige,STAT,-1182.844482,7711.379883,1.933661,145.6683
1554182,DLCworkshop03.esm,0500557C,0500498D,DLC06WorkshopVault_Crate_01_Steel,STAT,-941.544006,7554.941895,-4.903169,53.9952
1554183,DLCworkshop03.esm,0500557D,0500498E,DLC06WorkshopVault_Crate_01_White,STAT,-1115.444702,7499.437012,24.393311,53.9952
1554184,DLCworkshop03.esm,0500557E,0020A6FD,Loot_Medkit_Chems_Dirty,CONT,-1133.021606,7443.978027,86.531281,0.0
1554185,DLCworkshop03.esm,0500557F,001944A0,ClutterGenDecalA,STAT,-1139.85791,7511.536621,24.249992,171.7607
1554186,DLCworkshop03.esm,05005580,001944A0,ClutterGenDecalA,STAT,-1162.377441,7427.373535,24.527903,52.4031
1554187,DLCworkshop03.esm,05005581,00176054,ChemistrySetCan01,MISC,-1142.165405,7537.508789,24.25,350.8328
1554188,DLCworkshop03.esm,05005582,001AB5EE,ChemistrySetCan03,MISC,-1540.57666,6949.922363,97.67981,0.0
1554189,DLCworkshop03.esm,05005584,00024843,TrafficCone,MSTT,-1077.440674,7440.393066,25.718117,0.0
1554190,DLCworkshop03.esm,05005585,00024843,TrafficCone,MSTT,-765.040833,7141.260742,39.773994,267.4382
1554191,DLCworkshop03.esm,05005586,00024843,TrafficCone,MSTT,-334.959625,6933.613281,15.440464,68.8165
1554192,DLCworkshop03.esm,05005587,00059A71,AbraxoCleaner,MISC,-727.199341,6922.494141,92.736916,90.218
1554193,DLCworkshop03.esm,05005588,0001F8F9,FireExtinguisher01,MISC,-1086.936768,7514.36084,30.907661,180.0379
1554194,DLCworkshop03.esm,05005589,05005180,DLC06VaultSafetyPoster10dirty,STAT,-1053.009399,7030.37793,136.466034,89.9546
1554195,DLCworkshop03.esm,0500558A,000862EA,DeskLamp02,STAT,-1168.369385,6888.52002,172.134979,82.9654
1554196,DLCworkshop03.esm,0500558C,00059AEB,Microscope,MISC,-1425.859985,7008.405273,40.136517,11.7456
1554197,DLCworkshop03.esm,0500558D,0006D140,EnamelBucket01,MISC,-1196.705566,7393.374023,22.628166,292.0309
1554198,DLCworkshop03.esm,0500558E,00192D5D,DeskFanOfficeOff01,MISC,-1372.804565,6893.172363,39.493172,45.1259
1554199,DLCworkshop03.esm,0500558F,00140AF0,FolderPapers01,MISC,-883.723572,6824.67627,118.160591,238.8717
1554200,DLCworkshop03.esm,05005590,00140AF0,FolderPapers01,MISC,-875.224915,6823.32373,118.754402,80.3492
1554201,DLCworkshop03.esm,05005591,00140AF0,FolderPapers01,MISC,-1076.932495,6822.774902,112.401581,79.8006
1554202,DLCworkshop03.esm,05005593,00140AF0,FolderPapers01,MISC,-1088.344116,6815.32373,129.330063,214.4399
1554203,DLCworkshop03.esm,05005594,001C9E92,AlarmClock_Rare,MISC,-1155.753906,6875.905762,172.074707,282.1353
1554204,DLCworkshop03.esm,05005595,001C7F26,Turpentine_Rare,MISC,-928.20105,7021.59668,67.12471,324.1645
1554205,DLCworkshop03.esm,05005596,00060ECF,Paintbrush_01,MISC,-911.065186,7017.056641,67.175819,56.3344
1554206,DLCworkshop03.esm,05005597,000366C0,WaterPurified,ALCH,-819.558411,6813.112305,82.078926,29.4008
1554207,DLCworkshop03.esm,05005598,000366C0,WaterPurified,ALCH,-813.368591,6818.555176,82.078995,314.7867
1554208,DLCworkshop03.esm,05005599,000366C0,WaterPurified,ALCH,-820.967834,6833.085449,82.085892,118.1334
1554209,DLCworkshop03.esm,0500559A,000366C0,WaterPurified,ALCH,-822.850891,6820.755859,85.351692,359.9361
1554210,DLCworkshop03.esm,0500559B,00020194,PlayerHouse_Ruin_CoffeeTin01,MISC,-742.73407,6926.095215,139.162064,6.1018
1554211,DLCworkshop03.esm,0500559C,000330F1,PotatoCrisps,ALCH,-870.318787,6829.81543,155.97197,8.0804
1554212,DLCworkshop03.esm,0500559D,0002018A,PlayerHouse_Ruin_SaltShaker01,MISC,-876.396057,6824.498047,155.949615,197.5917
1554213,DLCworkshop03.esm,0500559E,000366B9,InstaMash,ALCH,-870.725769,6837.874023,81.879539,74.031
1554214,DLCworkshop03.esm,0500559F,000366B9,InstaMash,ALCH,-865.475098,6816.405273,86.648781,89.9467
1554215,DLCworkshop03.esm,050055A0,000366B9,InstaMash,ALCH,-866.908569,6826.587891,90.496193,78.3651
1554216,DLCworkshop03.esm,050055A1,000330F0,PorknBeans,ALCH,-842.355896,6811.300293,81.984947,62.7868
1554217,DLCworkshop03.esm,050055A2,000330F0,PorknBeans,ALCH,-844.944153,6825.637207,81.970901,49.0092
1554218,DLCworkshop03.esm,050055A3,000330F2,SugarBombs,ALCH,-838.517517,6822.835449,82.057976,355.1129
1554219,DLCworkshop03.esm,050055A4,000366C1,Whiskey,ALCH,-790.397705,6826.495605,84.264175,70.8462
1554220,DLCworkshop03.esm,050055A5,000366BD,YumYumDeviledEggs,ALCH,-852.95166,6840.880371,79.755302,69.4179
1554221,DLCworkshop03.esm,050055A6,000330EE,Cram,ALCH,-794.051453,6831.852051,82.054169,167.9231
1554222,DLCworkshop03.esm,050055A7,000330EE,Cram,ALCH,-796.374451,6841.652832,82.051613,180.753
1554223,DLCworkshop03.esm,050055AA,001C7F1F,DuctTape01_Rare,MISC,-1384.620605,6996.243164,2.304317,16.3045
1554224,DLCworkshop03.esm,050055AB,001C7F1F,DuctTape01_Rare,MISC,-1375.884155,7004.644043,7.248068,179.8443
1554225,DLCworkshop03.esm,050055AC,00140D98,Chalk01,MISC,-1073.360596,6832.001465,129.682037,82.5634
1554226,DLCworkshop03.esm,050055AD,000330F6,Bubblegum,ALCH,-456.47995,6893.75,56.8391,25.8628
1554227,DLCworkshop03.esm,050055AE,00143B1C,IceMachine01,CONT,-1469.204834,6891.734863,0.13778,276.864
1554228,DLCworkshop03.esm,050055AF,0500498E,DLC06WorkshopVault_Crate_01_White,STAT,-1559.296631,6899.459473,-0.937152,270.0
1554229,DLCworkshop03.esm,050055B0,05004999,DLC06WorkshopVault_Crate_04_Beige,STAT,-1449.527832,8530.484375,-6.427165,255.0
1554230,DLCworkshop03.esm,050055B1,0500498E,DLC06WorkshopVault_Crate_01_White,STAT,-1429.527344,8600.851562,-4.462555,209.1634
1554231,DLCworkshop03.esm,050055B2,0500498D,DLC06WorkshopVault_Crate_01_Steel,STAT,-1429.918945,8344.774414,-4.462555,232.0818
1554232,DLCworkshop03.esm,050055B3,0500498D,DLC06WorkshopVault_Crate_01_Steel,STAT,-1773.414429,8585.116211,-4.462555,260.7297
1554233,DLCworkshop03.esm,050055B4,0003A9ED,OfficeBoxPapers03,STAT,-846.449219,6824.920898,156.180496,25.2676
1554234,DLCworkshop03.esm,050055B5,0003A9ED,OfficeBoxPapers03,STAT,-802.866455,6820.239258,155.838486,268.3735
1554235,DLCworkshop03.esm,050055BC,0005415D,VltRmPodRoofWide02,STAT,2336.0,6184.0,672.0,0.0
1554236,DLCworkshop03.esm,050055BD,0005415D,VltRmPodRoofWide02,STAT,1824.000366,6184.000977,672.0,0.0
1554237,DLCworkshop03.esm,050055BE,0005415D,VltRmPodRoofWide02,STAT,2336.0,6440.0,672.0,0.0
1554238,DLCworkshop03.esm,050055BF,0005415D,VltRmPodRoofWide02,STAT,1824.000488,6440.000977,672.0,0.0
1554239,DLCworkshop03.esm,050055C0,0005415D,VltRmPodRoofWide02,STAT,2336.0,6696.0,672.0,0.0
1554240,DLCworkshop03.esm,050055C1,0005415D,VltRmPodRoofWide02,STAT,1824.000488,6696.000977,672.0,0.0
1554241,DLCworkshop03.esm,050055C2,0005415D,VltRmPodRoofWide02,STAT,2336.0,6952.0,672.0,0.0
1554242,DLCworkshop03.esm,050055C3,0005415D,VltRmPodRoofWide02,STAT,1824.000488,6952.000977,672.0,0.0
1554243,DLCworkshop03.esm,050055C4,000540C8,VltRmPodRoofCorOut02,STAT,2080.0,6664.0,658.430054,0.0
1554244,DLCworkshop03.esm,050055C5,000540C8,VltRmPodRoofCorOut02,STAT,2080.0,6664.0,658.430054,89.9999
1554245,DLCworkshop03.esm,050055C6,000540C8,VltRmPodRoofCorOut02,STAT,2080.0,6664.0,658.430054,179.9999
1554246,DLCworkshop03.esm,050055C7,000540C8,VltRmPodRoofCorOut02,STAT,2080.0,6664.0,658.430054,269.9999
1554247,DLCworkshop03.esm,050055C8,00177A58,VltLight07UtilFluorUnLit,STAT,1952.0,6792.0,656.0,180.0001
1554248,DLCworkshop03.esm,050055C9,00177A58,VltLight07UtilFluorUnLit,STAT,2208.0,6792.0,656.0,180.0001
1554249,DLCworkshop03.esm,050055CA,00177A58,VltLight07UtilFluorUnLit,STAT,2208.0,6536.0,656.0,180.0001
1554250,DLCworkshop03.esm,050055CB,00177A6F,VltLight07UtilFluorLit,STAT,1952.0,6536.0,656.0,180.0001
1554251,DLCworkshop03.esm,050055CC,0016C8C4,defaultLightWarm02NSFlicker,LIGH,1950.319824,6548.424805,649.512817,135.0001
1554252,DLCworkshop03.esm,050055D7,050055D5,DLC06VaultSignConstruct04,STAT,-1274.938843,8067.548828,0.121511,270.0
1554253,DLCworkshop03.esm,050055D8,050055CD,DLC06VaultSignConstruct06,STAT,-801.433167,6743.682617,329.633972,270.0
1554254,DLCworkshop03.esm,050055D9,050055CD,DLC06VaultSignConstruct06,STAT,751.728088,7215.437012,219.948471,180.0
1554255,DLCworkshop03.esm,050055DA,050055D4,DLC06VaultSignConstruct03,STAT,751.728088,7212.031738,316.838898,180.0
1554256,DLCworkshop03.esm,050055DB,050055D5,DLC06VaultSignConstruct04,STAT,750.931519,9008.53418,301.683899,180.0
1554257,DLCworkshop03.esm,050055DD,050055D4,DLC06VaultSignConstruct03,STAT,-2669.149902,8567.540039,227.373352,0.0
1554258,DLCworkshop03.esm,050055DE,050055D5,DLC06VaultSignConstruct04,STAT,-2669.149902,8658.0625,227.373352,0.0
1554259,DLCworkshop03.esm,050055EB,050055CD,DLC06VaultSignConstruct06,STAT,-1268.641968,11434.525391,153.833054,90.0001
1554260,DLCworkshop03.esm,050055EC,050055D2,DLC06VaultSignConstruct01,STAT,-1113.007202,11355.397461,241.24057,90.0001
1554261,DLCworkshop03.esm,050055ED,050055D3,DLC06VaultSignConstruct02,STAT,-445.411194,10098.822266,0.121511,90.0
1554262,DLCworkshop03.esm,050055EE,050055CE,DLC06VaultSignConstruct07,STAT,-283.884583,9720.185547,0.121511,90.0
1554263,DLCworkshop03.esm,05005656,05004BD2,DLC06PipBoyCrate,FLOR,3190.584473,8590.214844,95.211983,240.5155
1554264,DLCworkshop03.esm,05005658,05004BD2,DLC06PipBoyCrate,FLOR,3195.39917,8525.782227,95.618553,296.9747
1554265,DLCworkshop03.esm,0500565A,0004F0DD,CaveMoundRocksTall01,STAT,6090.560547,9351.833008,358.637848,167.3224
1554266,DLCworkshop03.esm,0500565B,0004F0DD,CaveMoundRocksTall01,STAT,6043.581055,9550.952148,382.072815,156.1394
1554267,DLCworkshop03.esm,0500565C,0004F0ED,CaveMoundRocksMed03,STAT,5863.308105,9472.507812,515.773437,16.1297
1554268,DLCworkshop03.esm,0500565D,0004F0E2,CaveMoundRocksMed02,STAT,5822.267578,9295.44043,508.123413,15.2094
1554269,DLCworkshop03.esm,0500565E,0004F118,CaveMoundRocksLow04,STAT,5717.737793,9407.714844,455.41156,177.7645
1554270,DLCworkshop03.esm,0500565F,0004F144,CavePedestalColumnThin02,STAT,5708.223145,9168.282227,175.438248,350.2027
1554271,DLCworkshop03.esm,05005660,0004F100,CaveMoundRocksMed04,STAT,6210.556641,8613.893555,458.98349,197.4772
1554272,DLCworkshop03.esm,05005661,0004F0ED,CaveMoundRocksMed03,STAT,6222.105469,8708.182617,296.956482,150.5584
1554273,DLCworkshop03.esm,05005662,0004F213,CaveRockM03,STAT,6220.961914,8817.333008,414.183624,137.3508
1554274,DLCworkshop03.esm,05005663,0004F100,CaveMoundRocksMed04,STAT,6606.970703,8716.833984,496.0,347.268
1554275,DLCworkshop03.esm,05005664,001944A0,ClutterGenDecalA,STAT,3091.799805,8383.172852,95.999985,325.6226
1554276,DLCworkshop03.esm,05005665,001944A0,ClutterGenDecalA,STAT,3398.438965,8419.829102,95.999985,84.9805
1554277,DLCworkshop03.esm,05005666,001944BC,ClutterGenDustA,STAT,3574.070312,8421.467773,96.348854,90.7101
1554278,DLCworkshop03.esm,05005667,001944BC,ClutterGenDustA,STAT,3481.785889,8271.489258,96.348854,27.6847
1554279,DLCworkshop03.esm,05005668,001944BC,ClutterGenDustA,STAT,3403.164307,8348.713867,96.348854,148.0058
1554280,DLCworkshop03.esm,05005669,001944BC,ClutterGenDustA,STAT,3605.809814,8274.299805,96.348854,107.8988
1554281,DLCworkshop03.esm,0500566A,001944BC,ClutterGenDustA,STAT,3760.023437,8090.321777,96.348854,165.1946
1554282,DLCworkshop03.esm,0500566B,001944BC,ClutterGenDustA,STAT,3945.494629,8116.896973,96.348854,16.2256
1554283,DLCworkshop03.esm,0500566C,001944BC,ClutterGenDustA,STAT,3832.389404,8431.677734,96.348854,16.2256
1554284,DLCworkshop03.esm,0500566D,001944BC,ClutterGenDustA,STAT,3414.172363,8662.300781,96.348854,170.9242
1554285,DLCworkshop03.esm,0500566E,001944BC,ClutterGenDustA,STAT,3554.602783,8700.381836,96.348854,170.9242
1554286,DLCworkshop03.esm,0500566F,001944BC,ClutterGenDustA,STAT,3551.176514,8591.822266,96.348854,170.9242
1554287,DLCworkshop03.esm,05005670,001944BC,ClutterGenDustA,STAT,3780.177002,8873.355469,96.348854,170.9242
1554288,DLCworkshop03.esm,05005671,001944BC,ClutterGenDustA,STAT,3644.34082,8886.858398,96.348854,16.2256
1554289,DLCworkshop03.esm,05005672,001944BC,ClutterGenDustA,STAT,3231.346191,9039.376953,96.348854,10.4961
1554290,DLCworkshop03.esm,0500567A,001A77EE,OfficeBoxPapersOpen02,MSTT,3256.982666,9040.430664,96.01944,315.0
1554291,DLCworkshop03.esm,0500567B,001A780B,OfficeBoxPapersOpen05,MSTT,3305.531738,9051.4375,96.034538,345.0
1554292,DLCworkshop03.esm,0500567C,00165012,OfficePaperDebris03,STAT,3293.378174,8976.902344,96.801163,0.0
1554293,DLCworkshop03.esm,0500567D,00165015,OfficePaperDebris05,STAT,3442.769287,8711.334961,96.801163,0.0
1554294,DLCworkshop03.esm,0500567E,00165015,OfficePaperDebris05,STAT,3161.657959,8391.373047,96.801163,225.0
1554295,DLCworkshop03.esm,0500567F,00165012,OfficePaperDebris03,STAT,3129.912842,7892.45166,96.801163,225.0
1554296,DLCworkshop03.esm,05005680,0003A9F2,OfficePaperDebris01,STAT,3635.557373,8216.729492,97.529976,105.0
1554297,DLCworkshop03.esm,05005682,001AAE03,OfficeBoxPapersOpen08,MSTT,3857.035889,8167.348145,95.980545,345.0
1554298,DLCworkshop03.esm,05005683,001A780B,OfficeBoxPapersOpen05,MSTT,3808.487061,8156.34082,96.01944,315.0
1554299,DLCworkshop03.esm,05005685,001AAE06,OfficeBoxPapersOpen09b,MSTT,3255.505859,7844.503418,96.01944,105.0001
1554300,DLCworkshop03.esm,05005686,00165022,OfficePaperDebris07,STAT,3512.866699,8009.674316,96.801163,225.0
1554301,DLCworkshop03.esm,05005687,00165025,OfficePaperDebrisSinglePg02,STAT,3332.605225,8254.807617,96.801163,225.0
1554302,DLCworkshop03.esm,05005688,0016BAF5,PaperDebris02,STAT,3513.813965,7971.116699,95.413811,285.0
1554303,DLCworkshop03.esm,05005689,0016BAF5,PaperDebris02,STAT,3905.02832,8147.398437,95.413811,15.0
1554304,DLCworkshop03.esm,0500568A,0016BAF5,PaperDebris02,STAT,3863.717041,8490.457031,95.413811,15.0
1554305,DLCworkshop03.esm,0500568B,0016BAF3,PaperDebris01,STAT,3201.59375,8666.072266,95.389198,90.0
1554306,DLCworkshop03.esm,0500568E,0016BAF3,PaperDebris01,STAT,3803.035156,8419.880859,95.389198,90.0001
1554307,DLCworkshop03.esm,0500568F,0016BAF3,PaperDebris01,STAT,4172.154785,8220.12207,95.389198,240.0001
1554308,DLCworkshop03.esm,05005690,0016BAF3,PaperDebris01,STAT,3809.019043,8865.362305,95.514191,240.0001
1554309,DLCworkshop03.esm,05005691,0016BAF5,PaperDebris02,STAT,3718.134766,8877.814453,96.489014,150.0002
1554310,DLCworkshop03.esm,05005692,0016BAF5,PaperDebris02,STAT,3610.135986,8892.208984,96.489014,150.0002
1554311,DLCworkshop03.esm,05005693,0016BAF3,PaperDebris01,STAT,2564.96167,8822.832031,95.389198,90.0
1554312,DLCworkshop03.esm,05005694,0016BAF3,PaperDebris01,STAT,2673.530518,9014.795898,95.700943,330.0
1554313,DLCworkshop03.esm,05005695,001944A0,ClutterGenDecalA,STAT,2954.047607,8909.270508,95.999985,325.6226
1554314,DLCworkshop03.esm,05005696,001944A0,ClutterGenDecalA,STAT,2494.643066,8761.40918,95.999985,220.6226
1554315,DLCworkshop03.esm,05005697,0016BAF5,PaperDebris02,STAT,2633.79541,8758.75,95.619873,90.0
1554316,DLCworkshop03.esm,05005698,0016BAF5,PaperDebris02,STAT,2827.7229,8733.132812,95.633553,315.0001
1554317,DLCworkshop03.esm,05005699,0016BAF5,PaperDebris02,STAT,3053.7229,8798.020508,95.791824,315.0001
1554318,DLCworkshop03.esm,0500569A,00140AF0,FolderPapers01,MISC,3130.36084,8751.879883,96.225349,0.0
1554319,DLCworkshop03.esm,0500569B,00140AF0,FolderPapers01,MISC,3643.885986,8522.919922,96.219055,59.9921
1554320,DLCworkshop03.esm,0500569C,0016BAF3,PaperDebris01,STAT,2825.523682,8015.720703,96.663132,180.0001
1554321,DLCworkshop03.esm,0500569D,0016BAF5,PaperDebris02,STAT,2648.429688,8200.303711,96.587624,180.0001
1554322,DLCworkshop03.esm,0500569F,001944BC,ClutterGenDustA,STAT,2572.667725,9567.874023,152.247192,350.0306
1554323,DLCworkshop03.esm,050056A0,001944AF,ClutterGenSlimeA,STAT,2616.004639,9556.418945,152.410492,350.0306
1554324,DLCworkshop03.esm,050056A1,001944AF,ClutterGenSlimeA,STAT,2536.957031,9492.19043,96.199982,350.0306
1554325,DLCworkshop03.esm,050056A2,001944AF,ClutterGenSlimeA,STAT,2309.557373,9322.208008,96.199982,292.7348
1554326,DLCworkshop03.esm,050056A3,001944AF,ClutterGenSlimeA,STAT,2199.362305,9559.773438,96.199982,189.6024
1554327,DLCworkshop03.esm,050056A4,001944A0,ClutterGenDecalA,STAT,2286.37793,9567.602539,96.199982,189.6024
1554328,DLCworkshop03.esm,050056A5,001944A0,ClutterGenDecalA,STAT,2503.992676,9560.12207,96.199982,343.3377
1554329,DLCworkshop03.esm,050056A6,001944A0,ClutterGenDecalA,STAT,2164.866699,9383.763672,96.199982,343.3377
1554330,DLCworkshop03.esm,050056A7,001944A0,ClutterGenDecalA,STAT,2614.779785,9224.767578,96.199982,343.3377
1554331,DLCworkshop03.esm,050056A8,001944A0,ClutterGenDecalA,STAT,3005.451416,9301.212891,96.199982,97.9292
1554332,DLCworkshop03.esm,050056A9,001944A0,ClutterGenDecalA,STAT,3018.376709,9441.005859,96.199982,264.087
1554333,DLCworkshop03.esm,050056AA,0016BAF3,PaperDebris01,STAT,2973.585449,9377.629883,95.527031,330.0
1554334,DLCworkshop03.esm,050056AB,0016BAF5,PaperDebris02,STAT,2834.736572,9419.972656,95.527031,90.3212
1554335,DLCworkshop03.esm,050056AC,0016BAF5,PaperDebris02,STAT,2678.878418,9569.216797,95.750992,90.3212
1554336,DLCworkshop03.esm,050056AD,0016BAF5,PaperDebris02,STAT,2819.92627,9550.119141,95.930275,10.1071
1554337,DLCworkshop03.esm,050056AE,0016BAF5,PaperDebris02,STAT,2564.344971,9307.351562,95.330093,255.5156
1554338,DLCworkshop03.esm,050056AF,001944BC,ClutterGenDustA,STAT,2737.566895,9502.94043,96.199982,178.1433
1554339,DLCworkshop03.esm,050056B0,001944BC,ClutterGenDustA,STAT,2571.691406,9428.619141,96.199982,86.4701
1554340,DLCworkshop03.esm,050056B1,001944BC,ClutterGenDustA,STAT,2281.960938,9383.818359,96.723732,86.4701
1554341,DLCworkshop03.esm,050056B2,001944BC,ClutterGenDustA,STAT,2341.670898,9180.790039,96.166458,183.8729
1554342,DLCworkshop03.esm,050056B3,001944BC,ClutterGenDustA,STAT,2888.837402,9207.506836,96.386185,183.8729
1554343,DLCworkshop03.esm,050056B4,001944BC,ClutterGenDustA,STAT,2183.620605,9303.817383,96.166458,275.5462
1554344,DLCworkshop03.esm,050056B5,050055FA,DLC06VaultSignSectorE01,STAT,-2690.526123,8612.306641,584.949585,0.0
1554345,DLCworkshop03.esm,050056B7,050055FC,DLC06VaultSignSectorNE01,STAT,-9563.374023,2946.091797,-684.498474,76.2605
1554346,DLCworkshop03.esm,050056B9,000481CE,IndPlatWall01,STAT,-6287.004883,-2457.465332,-1048.915527,91.8805
1554347,DLCworkshop03.esm,050056BA,000481CE,IndPlatWall01,STAT,-6295.402832,-2713.327148,-1048.915527,91.8805
1554348,DLCworkshop03.esm,050056BB,000481CE,IndPlatWall01,STAT,-6303.805664,-2969.192871,-1048.915527,91.8805
1554349,DLCworkshop03.esm,050056BC,000481CF,IndPlatCorner01,STAT,-6312.205566,-3225.054687,-1048.915527,181.8805
1554350,DLCworkshop03.esm,050056BD,000481CF,IndPlatCorner01,STAT,-6270.19873,-1945.737793,-1048.915527,91.8805
1554351,DLCworkshop03.esm,050056BE,000481CE,IndPlatWall01,STAT,-6278.60498,-2201.604736,-1048.915527,91.8805
1554352,DLCworkshop03.esm,050056BF,001F8AE8,Pipes3x1_01_SG,SCOL,-6355.989258,-2967.721191,-53.624252,274.0564
1554353,DLCworkshop03.esm,050056C0,050055FC,DLC06VaultSignSectorNE01,STAT,-6181.738281,-2624.255127,-504.526489,1.7191
1554354,DLCworkshop03.esm,0500573D,001A037F,Loot_ToolboxLarge,CONT,3321.474609,7899.92041,95.98175,284.6561
1554355,DLCworkshop03.esm,0500573E,000E7D9A,StepLadderClosedSmall,STAT,3351.361084,7869.952637,97.048042,180.0001
1554356,DLCworkshop03.esm,0500573F,000E377E,MetalBucket_PreWar,MISC,3132.766846,8409.030273,96.037819,45.0
1554357,DLCworkshop03.esm,05005740,000E376A,Broom01_PreWar,MISC,3245.384766,7788.841309,141.280869,206.232
1554358,DLCworkshop03.esm,05005741,0004D1F5,Wrench01,MISC,3372.85791,7910.991211,96.032021,330.0004
1554359,DLCworkshop03.esm,05005742,0004D1F4,ScrewDriver01,MISC,3380.533936,7844.59375,135.572388,270.7927
1554360,DLCworkshop03.esm,05005743,0001F92F,Clipboard01,MISC,3404.062012,7896.958496,95.968292,255.0268
1554361,DLCworkshop03.esm,05005744,0001F92F,Clipboard01,MISC,3225.088379,8498.864258,152.350037,240.0812
1554362,DLCworkshop03.esm,05005745,050049A5,DLC06WorkshopVault_NightStand_01,STAT,3201.061279,8450.392578,96.0,342.926
1554363,DLCworkshop03.esm,05005747,001A77E9,OfficeBoxPapersOpen01,MSTT,3431.51001,9043.724609,110.097717,90.0229
1554364,DLCworkshop03.esm,05005748,00059A71,AbraxoCleaner,MISC,3379.121338,9031.481445,160.398636,89.9831
1554365,DLCworkshop03.esm,05005749,00059A71,AbraxoCleaner,MISC,3389.141846,9027.62793,163.151016,67.2981
1554366,DLCworkshop03.esm,0500574A,0006D140,EnamelBucket01,MISC,3405.360352,9001.708008,96.288429,359.5421
1554367,DLCworkshop03.esm,0500574C,0004B6EA,Loot_Prewar_Medkit_Wall,CONT,3395.307861,9093.375,205.548737,180.0
1554368,DLCworkshop03.esm,0500574D,00046970,V111Vent01,STAT,3332.307617,9093.375,205.924698,90.0
1554369,DLCworkshop03.esm,0500574F,001944A0,ClutterGenDecalA,STAT,3404.996094,9024.604492,95.999985,325.6226
1554370,DLCworkshop03.esm,05005750,001944A0,ClutterGenDecalA,STAT,4053.681396,9032.928711,-70.017067,325.6226
1554371,DLCworkshop03.esm,05005751,05004989,DLC06WorkshopVault_Cart_01,STAT,4276.122559,8026.725586,-70.249954,354.7862
1554372,DLCworkshop03.esm,05005752,05004989,DLC06WorkshopVault_Cart_01,STAT,4344.156738,8042.064941,-70.249954,279.7862
1554373,DLCworkshop03.esm,05005753,05004989,DLC06WorkshopVault_Cart_01,STAT,4405.791504,8019.25,-70.249954,234.7862
1554374,DLCworkshop03.esm,05005797,001A780B,OfficeBoxPapersOpen05,MSTT,1819.88147,8020.470215,96.08152,211.979
1554375,DLCworkshop03.esm,05005798,001A77EE,OfficeBoxPapersOpen02,MSTT,1864.575317,7996.17334,96.026169,177.1846
1554376,DLCworkshop03.esm,05005799,00165012,OfficePaperDebris03,STAT,1831.473755,8171.714844,96.801163,218.5942
1554377,DLCworkshop03.esm,0500579B,0016BAF5,PaperDebris02,STAT,1903.057251,8196.501953,96.587624,181.8337
1554378,DLCworkshop03.esm,050057B1,05000835,VltWorkShopCaveDirtPile01,STAT,902.359131,10193.545898,-5.920839,315.0
1554379,DLCworkshop03.esm,0500583F,05001BE5,DLC06Typewriter,MISC,-481.106354,6875.848633,58.470421,147.4391
1554380,DLCworkshop03.esm,05005843,00182994,MarshScumL01_Debris,STAT,-11322.050781,6833.703613,-646.854858,241.7417
1554381,DLCworkshop03.esm,05005844,00182994,MarshScumL01_Debris,STAT,-10787.024414,6178.716797,-646.854858,51.062
1554382,DLCworkshop03.esm,05005845,001B9B93,MarshScumM01_Debris,STAT,-11511.894531,8815.464844,-646.854858,195.9051
1554383,DLCworkshop03.esm,05005846,001B9B96,MarshScumS01_Debris,STAT,-12002.631836,8726.365234,-646.854858,299.0375
1554384,DLCworkshop03.esm,05005847,001B9B96,MarshScumS01_Debris,STAT,-11814.154297,7982.470703,-644.722961,59.3588
1554385,DLCworkshop03.esm,05005848,001B9B96,MarshScumS01_Debris,STAT,-11283.683594,8077.125,-644.722961,316.2264
1554386,DLCworkshop03.esm,05005849,001B9B93,MarshScumM01_Debris,STAT,-12616.336914,7292.887207,-644.722961,270.3898
1554387,DLCworkshop03.esm,0500584A,001B9B93,MarshScumM01_Debris,STAT,-12423.879883,7945.180176,-643.455139,58.3955
1554388,DLCworkshop03.esm,0500584B,00182994,MarshScumL01_Debris,STAT,-12304.082031,4935.709473,-643.849731,58.3955
1554389,DLCworkshop03.esm,0500584C,001B9B93,MarshScumM01_Debris,STAT,-11780.673828,6106.074707,-646.676392,218.8237
1554390,DLCworkshop03.esm,0500584D,001B9B93,MarshScumM01_Debris,STAT,-12349.980469,6033.091797,-643.849731,58.3955
1554391,DLCworkshop03.esm,0500584E,00182994,MarshScumL01_Debris,STAT,-10839.794922,4614.436035,-643.849731,343.9111
1554392,DLCworkshop03.esm,0500584F,00182994,MarshScumL01_Debris,STAT,-9695.833008,5755.374023,-643.849731,343.9111
1554393,DLCworkshop03.esm,05005850,00018CD4,MetalBarrelStatic01,STAT,-10514.302734,7745.411621,-599.129272,165.0111
1554394,DLCworkshop03.esm,05005851,00018CD4,MetalBarrelStatic01,STAT,-11510.279297,7151.112305,-645.945129,180.0
1554395,DLCworkshop03.esm,05005852,00018CD4,MetalBarrelStatic01,STAT,-10499.665039,7642.487793,-625.882935,269.8846
1554396,DLCworkshop03.esm,05005853,000E7D99,StepLadderClosed,STAT,-10549.335938,7881.111816,-640.686218,249.2505
1554397,DLCworkshop03.esm,05005854,000E37D1,IndustrialCart01,STAT,-10772.635742,8406.879883,-535.253784,95.4095
1554398,DLCworkshop03.esm,05005856,000E37D1,IndustrialCart01,STAT,-10173.275391,7044.844727,-598.067322,265.0392
1554399,DLCworkshop03.esm,05005857,05003E41,DLC06ScrapableCrateLargeVaultTec01,STAT,-10657.582031,8507.827148,-587.923401,337.0817
1554400,DLCworkshop03.esm,05005858,05003E41,DLC06ScrapableCrateLargeVaultTec01,STAT,-9895.166016,7221.976562,-626.767578,337.0817
1554401,DLCworkshop03.esm,0500585B,05001BE9,DLC06ConcretePipe01,STAT,-9700.099609,7146.205078,-587.097168,344.2655
1554402,DLCworkshop03.esm,0500585C,05001BE9,DLC06ConcretePipe01,STAT,-9793.504883,7450.612793,-598.300232,51.5658
1554403,DLCworkshop03.esm,05005863,000FDEE8,defaultLightWarm01NSNonSpec,LIGH,-10131.323242,8351.373047,-528.846924,312.1351
1554404,DLCworkshop03.esm,05005864,0004416E,DefaultLightWarm01Spot,LIGH,-10030.295898,8335.777344,-486.707642,179.1727
1554405,DLCworkshop03.esm,05005866,0002B76A,EmergencyLightBeam01,MSTT,-10035.419922,8366.800781,-502.256165,179.9999
1554406,DLCworkshop03.esm,05005867,0002B76A,EmergencyLightBeam01,MSTT,-10036.635742,8327.744141,-502.256165,179.9999
1554407,DLCworkshop03.esm,05005868,00061F29,DefaultLightWhite01NSFlicker,LIGH,-10570.787109,7632.165039,-524.684875,82.3581
1554408,DLCworkshop03.esm,05005869,000916F8,DefaultLightWhite01SpotNSFlicker,LIGH,-10590.205078,7778.133301,-615.078369,79.3666
1554409,DLCworkshop03.esm,0500586A,0002B76A,EmergencyLightBeam01,MSTT,-10574.68457,7756.950195,-598.017334,12.3843
1554410,DLCworkshop03.esm,0500586B,000B3919,ConstructionLight_FloorOn,STAT,-10570.416992,7743.116211,-610.027283,349.3666
1554411,DLCworkshop03.esm,0500586D,000211F5,WoodCrate01,STAT,-10630.498047,7559.59668,-578.204773,258.5409
1554412,DLCworkshop03.esm,0500586E,000211F6,WoodCrate02,STAT,-10326.987305,7953.059082,-616.478638,229.893
1554413,DLCworkshop03.esm,05005871,05005870,DLC06VaultPipe001,SCOL,-10441.435547,8341.077148,-602.696045,18.5409
1554414,DLCworkshop03.esm,05005872,05005870,DLC06VaultPipe001,SCOL,-10518.318359,8287.930664,-592.641724,304.0565
1554415,DLCworkshop03.esm,05005873,05005870,DLC06VaultPipe001,SCOL,-10628.333984,8335.15918,-631.32373,65.1643
1554416,DLCworkshop03.esm,05005874,05005870,DLC06VaultPipe001,SCOL,-10769.44043,8197.359375,-570.582764,289.0029
1554417,DLCworkshop03.esm,05005875,05005870,DLC06VaultPipe001,SCOL,-10910.662109,8171.782715,-574.676086,304.0564
1554418,DLCworkshop03.esm,05005877,0500498B,DLC06WorkshopVault_Crate_01_Blue,STAT,-9786.916016,7599.381836,-621.526611,0.0
1554419,DLCworkshop03.esm,05005878,0500498A,DLC06WorkshopVault_Crate_01_Beige,STAT,-9800.929688,7702.431152,-621.025146,302.6806
1554420,DLCworkshop03.esm,05005879,0500498F,DLC06WorkshopVault_Crate_02_Beige,STAT,-9896.417969,7533.061035,-619.122437,218.4339
1554421,DLCworkshop03.esm,0500587A,0500498F,DLC06WorkshopVault_Crate_02_Beige,STAT,-10754.561523,7867.279297,-589.429565,165.7685
1554422,DLCworkshop03.esm,0500587B,0500498A,DLC06WorkshopVault_Crate_01_Beige,STAT,-10429.776367,7781.13916,-625.036072,188.0959
1554423,DLCworkshop03.esm,0500587C,05004989,DLC06WorkshopVault_Cart_01,STAT,-10589.891602,7933.393066,-629.04895,241.8016
1554424,DLCworkshop03.esm,0500587D,00059A9A,Loot_Toolbox,CONT,-10610.580078,7791.484375,-530.265686,348.1398
1554425,DLCworkshop03.esm,0500587E,001A4D40,SkeletonClothedM05,MSTT,-10547.177734,7829.484863,-595.383179,153.3525
1554426,DLCworkshop03.esm,0500587F,001C7F2B,Blowtorch_Rare,MISC,-10503.330078,7677.072754,-610.93042,128.6757
1554427,DLCworkshop03.esm,05005880,00123A6C,TrashClump01_Gravel,STAT,-10137.919922,8557.486328,-601.006836,331.3522
1554428,DLCworkshop03.esm,05005881,00123A6B,TrashClump02_Gravel,STAT,-10682.769531,8382.509766,-551.713501,108.862
1554429,DLCworkshop03.esm,05005882,00123A6A,TrashClump03_Gravel,STAT,-10629.792969,7781.987793,-629.541748,256.8677
1554430,DLCworkshop03.esm,05005883,00123A6C,TrashClump01_Gravel,STAT,-9796.736328,7548.265137,-614.05658,0.0
1554431,DLCworkshop03.esm,05005884,0008B5F6,TrashPileWall01,STAT,-9590.416992,7527.411621,-639.182434,153.7354
1554432,DLCworkshop03.esm,05005885,0008B5F6,TrashPileWall01,STAT,-10521.645508,7667.34082,-636.622437,239.8828
1554433,DLCworkshop03.esm,05005886,0500498A,DLC06WorkshopVault_Crate_01_Beige,STAT,-9507.368164,8550.292969,-621.526611,58.8423
1554434,DLCworkshop03.esm,05005887,0500499A,DLC06WorkshopVault_Crate_04_Blue,STAT,-9443.522461,8506.018555,-628.390381,11.4644
1554435,DLCworkshop03.esm,05005888,00179B43,TrashPileCorIn01_CraterDebris,STAT,-9397.076172,8561.695312,-624.98468,101.9526
1554436,DLCworkshop03.esm,05005889,000C574E,DCKitPlywoodBroke05,STAT,-10256.648438,7786.787598,-611.269165,319.893
1554437,DLCworkshop03.esm,0500588A,000C574C,DCKitPlywoodBroke03,STAT,-9750.900391,8368.25,-611.193298,228.2198
1554438,DLCworkshop03.esm,0500588B,0500498B,DLC06WorkshopVault_Crate_01_Blue,STAT,-10925.90625,7496.458984,-606.314209,35.606
1554439,DLCworkshop03.esm,0500588E,0500583B,DLC06ScrapableOverseerClutter01,SCOL,-1378.009888,6897.36377,3.1e-05,0.0
1554440,DLCworkshop03.esm,05005895,05005894,DLC06ScrapableVaultEntrCrates03,SCOL,4261.682617,8171.354492,-70.249985,0.0
1554441,DLCworkshop03.esm,05005897,05004D31,Loot_Trunk_DLC06Vault88PreWar,CONT,-791.109863,10549.036133,173.863678,12.6052
1554442,DLCworkshop03.esm,05005898,05004D31,Loot_Trunk_DLC06Vault88PreWar,CONT,-1080.630005,10161.073242,-7.362002,21.5085
1554443,DLCworkshop03.esm,05005899,0500498A,DLC06WorkshopVault_Crate_01_Beige,STAT,-1462.525391,9737.740234,-4.161873,145.6683
1554444,DLCworkshop03.esm,0500589B,05005840,DLC06ScrapableOverseerClutter03,SCOL,-1425.814453,7017.40625,-0.937152,0.0
1554445,DLCworkshop03.esm,0500589C,05005842,DLC06WaterPumpPart01,SCOL,-10983.566406,5746.053223,-653.515137,0.0
1554446,DLCworkshop03.esm,0500589D,00000021,CollisionMarker,STAT,-10965.994141,5742.524414,-741.962158,0.0
1554447,DLCworkshop03.esm,050058AC,050049A4,DLC06WorkshopVault_FloorMat_Small_01,STAT,2614.376953,9402.951172,96.0,0.0
1554448,DLCworkshop03.esm,050058AE,050058A9,DLC06ScrapableVault_Locker_Static03,STAT,-235.039398,1440.424805,-446.782654,268.5104
1554449,DLCworkshop03.esm,050058B0,000399ED,ToolRackGarage01,STAT,-285.181335,1606.857544,-342.720581,265.8063
1554450,DLCworkshop03.esm,050058B1,000BA59B,Vault_Crate_01_Red,STAT,-57.306717,1710.32019,-446.68866,72.823
1554451,DLCworkshop03.esm,050058B2,0500498B,DLC06WorkshopVault_Crate_01_Blue,STAT,-178.131882,1366.001587,-446.68866,72.823
1554452,DLCworkshop03.esm,050058B5,001A594C,Bin_Plastic,MSTT,-172.314819,1742.426514,-390.360138,285.1718
1554453,DLCworkshop03.esm,050058B6,001914C9,DecalDebris04,STAT,-126.590607,1653.666626,-446.036041,0.0
1554454,DLCworkshop03.esm,050058B7,001914C9,DecalDebris04,STAT,-140.648743,1393.32666,-446.215973,185.4199
1554455,DLCworkshop03.esm,050058B8,0019A6B2,HighTechDebris05,STAT,-102.184692,1451.942749,-446.723022,0.0
1554456,DLCworkshop03.esm,050058B9,001A77F3,OfficeBoxPapersOpen04,MSTT,-156.837723,1312.210327,-446.652679,96.5314
1554457,DLCworkshop03.esm,050058BA,001AAE03,OfficeBoxPapersOpen08,MSTT,-52.174183,1604.955078,-446.725525,331.3521
1554458,DLCworkshop03.esm,050058BB,001AAD69,MakeshiftBattery01,MISC,-189.66185,1475.501953,-446.723053,296.9747
1554459,DLCworkshop03.esm,050058BC,00059A9A,Loot_Toolbox,CONT,-130.77684,1756.054687,-390.360901,91.6732
1554460,DLCworkshop03.esm,050058BD,001A4D43,SkeletonClothedM02,MSTT,-41.847721,1487.987671,-440.572144,54.6031
1554461,DLCworkshop03.esm,050058BE,00123A6B,TrashClump02_Gravel,STAT,98.769241,1708.225098,-513.772705,256.8677
1554462,DLCworkshop03.esm,050058BF,0008B5F6,TrashPileWall01,STAT,1.774079,1156.12854,-526.445801,308.4338
1554463,DLCworkshop03.esm,050058C0,0008B5F6,TrashPileWall01,STAT,851.641479,892.59906,-525.010925,296.9747
1554464,DLCworkshop03.esm,050058C1,0001D184,TrashDecal01,STAT,693.32843,1108.864624,-512.0,0.0
1554465,DLCworkshop03.esm,050058C2,00024846,ConstructionBarrier01,MSTT,251.283661,1728.727539,-496.375641,6.2246
1554466,DLCworkshop03.esm,050058C3,00024846,ConstructionBarrier01,MSTT,889.016479,1113.494385,-512.123657,132.4902
1554467,DLCworkshop03.esm,050058C4,00024846,ConstructionBarrier01,MSTT,797.828613,615.692749,-512.123657,17.8987
1554468,DLCworkshop03.esm,050058E0,001A7DA3,Handcart01,STAT,3131.72876,8341.013672,100.025909,317.8683
1554469,DLCworkshop03.esm,050058E1,0003A9ED,OfficeBoxPapers03,STAT,3107.976074,8304.507812,96.0,68.7549
1554470,DLCworkshop03.esm,050058E3,00024744,IndBldShellInMidFlrOnlyBg01,STAT,2079.999756,5952.0,-128.0,0.0
1554471,DLCworkshop03.esm,050058E4,05003CDD,DLC06VaultBorderArt02,STAT,4636.25293,8459.408203,763.485962,270.0
1554472,DLCworkshop03.esm,05005BC8,0010693C,Rubble_Flat_Trash_Sm02,STAT,446.108032,8538.53125,24.249969,104.8071
1554473,DLCworkshop03.esm,05005BC9,0010693C,Rubble_Flat_Trash_Sm02,STAT,-317.151703,8531.679687,24.249969,24.593
1554474,DLCworkshop03.esm,05005BD4,00144AD2,ExtRubble_Plain_Tiny_Short01,STAT,-9208.571289,-6345.019531,325.757568,270.0
1554475,DLCworkshop03.esm,05005BD5,00191498,Rubble_Pile_Debris_04,STAT,-9085.380859,-6318.199219,325.757568,0.0
1554476,DLCworkshop03.esm,05005BD6,0010693B,Rubble_Flat_Trash_Sm01,STAT,-9059.419922,-6448.018066,326.024567,239.679
1554477,DLCworkshop03.esm,05005BD7,00001B58,DecalDebris01,STAT,-9743.995117,-5352.181641,-310.182312,228.2199
1554478,DLCworkshop03.esm,05005BD8,00023A8D,SteamTBrickpile01,STAT,-9022.959961,-5332.416992,-61.652748,0.0
1554479,DLCworkshop03.esm,05005BD9,0004F0DF,CaveMoundRocksLow01,STAT,-8431.567383,-5409.729492,-57.535305,0.0
1554480,DLCworkshop03.esm,05005BDB,00023A8D,SteamTBrickpile01,STAT,-8409.388672,-5344.727051,-54.500469,205.3016
1554481,DLCworkshop03.esm,05005BDC,00023A8D,SteamTBrickpile01,STAT,-8565.407227,-5227.754395,-54.334538,205.3016
1554482,DLCworkshop03.esm,05005BDD,00023A8E,SteamTBrickpile02,STAT,-8636.720703,-5267.494141,-65.373093,119.3579
1554483,DLCworkshop03.esm,05005BDE,00023A8E,SteamTBrickpile02,STAT,-8531.571289,-5364.225586,-59.033833,296.9749
1554484,DLCworkshop03.esm,05005BDF,00023A8E,SteamTBrickpile02,STAT,-8501.916992,-5321.788086,-60.743927,268.327
1554485,DLCworkshop03.esm,05005BE0,00023A8E,SteamTBrickpile02,STAT,-8426.699219,-5208.305176,-60.743927,296.9749
1554486,DLCworkshop03.esm,05005BE1,00023A8E,SteamTBrickpile02,STAT,-8341.931641,-5245.640625,-54.141941,0.0002
1554487,DLCworkshop03.esm,05005BE2,00023A8D,SteamTBrickpile01,STAT,-8716.326172,-5439.628418,-59.311733,205.3016
1554488,DLCworkshop03.esm,05005BE3,000211F6,WoodCrate02,STAT,-9148.496094,-6339.32666,345.901855,184.3796
1554489,DLCworkshop03.esm,05005BE4,00144AD3,ExtRubble_Plain_Tiny_Short02,STAT,-8709.825195,-6526.785645,323.684784,253.5562
1554490,DLCworkshop03.esm,05005BE5,0010693B,Rubble_Flat_Trash_Sm01,STAT,-8754.285156,-6372.396973,326.024567,39.1439
1554491,DLCworkshop03.esm,05005BE6,00191498,Rubble_Pile_Debris_04,STAT,-8744.658203,-6401.12793,325.757568,145.0729
1554492,DLCworkshop03.esm,05005BED,0001E951,DebrisInteriorWoodPileSm05,STAT,-9336.404297,-5482.108887,453.591187,296.9747
1554493,DLCworkshop03.esm,05005BEE,001914C9,DecalDebris04,STAT,-9374.387695,-5523.61377,454.221954,0.0
1554494,DLCworkshop03.esm,05005BEF,001914C9,DecalDebris04,STAT,-9308.40625,-5769.930664,454.221954,0.0
1554495,DLCworkshop03.esm,05005BF0,001914C9,DecalDebris04,STAT,-9088.795898,-5396.455566,454.221954,0.0
1554496,DLCworkshop03.esm,05005BF1,001914C9,DecalDebris04,STAT,-8960.767578,-5129.604492,454.221954,0.0
1554497,DLCworkshop03.esm,05005BF2,001914C9,DecalDebris04,STAT,-9125.571289,-4895.855957,454.221954,0.0
1554498,DLCworkshop03.esm,05005BF3,001914C9,DecalDebris04,STAT,-9161.481445,-5254.530273,454.425629,60.0037
1554499,DLCworkshop03.esm,05005BF4,001944AF,ClutterGenSlimeA,STAT,-9236.988281,-5248.693848,453.818756,314.6907
1554500,DLCworkshop03.esm,05005BF5,00165015,OfficePaperDebris05,STAT,-9244.998047,-5269.662598,454.294342,282.6051
1554501,DLCworkshop03.esm,05005BF6,00165024,OfficePaperDebris02,STAT,-9177.327148,-5179.919434,453.947449,236.7685
1554502,DLCworkshop03.esm,05005BF7,00165014,OfficePaperDebris04,STAT,-9328.658203,-5197.671875,454.005341,270.0
1554503,DLCworkshop03.esm,05005BF8,001914C9,DecalDebris04,STAT,-8472.601562,-5535.660156,454.340912,268.3268
1554504,DLCworkshop03.esm,05005BF9,001944AF,ClutterGenSlimeA,STAT,-8458.628906,-5535.021484,453.818756,223.0175
1554505,DLCworkshop03.esm,05005BFA,00165015,OfficePaperDebris05,STAT,-8437.435547,-5542.416504,454.294342,190.9335
1554506,DLCworkshop03.esm,05005BFB,00165024,OfficePaperDebris02,STAT,-8529.115234,-5477.39502,453.947449,145.0952
1554507,DLCworkshop03.esm,05005BFC,00165014,OfficePaperDebris04,STAT,-8521.243164,-5627.640137,454.005341,162.9715
1554508,DLCworkshop03.esm,05005BFD,0016770B,Shelf_Grocery_Piece01,STAT,-9217.841797,-5127.763184,453.492279,116.024
1554509,DLCworkshop03.esm,05005BFF,001F260F,SignClutterK05,STAT,-9296.817383,-4946.626465,545.640198,162.4795
1554510,DLCworkshop03.esm,05005C00,001F260F,SignClutterK05,STAT,-8884.854492,-5198.561523,545.123535,146.7233
1554511,DLCworkshop03.esm,05005C01,001F260F,SignClutterK05,STAT,-9214.039062,-4914.972656,577.226379,162.3604
1554512,DLCworkshop03.esm,05005C02,00144AD0,ExtRubble_Plain_Tiny_Mid01,STAT,-8779.026367,-6369.613281,584.634705,242.6128
1554513,DLCworkshop03.esm,05005C03,00144AD0,ExtRubble_Plain_Tiny_Mid01,STAT,-8895.477539,-6384.539062,644.655518,273.5525
1554514,DLCworkshop03.esm,05005C04,0008CD62,BldWoodBSmBrokeWallChunk03,STAT,-8828.811523,-6307.63623,804.748169,80.2951
1554515,DLCworkshop03.esm,05005C05,0008CD61,BldWoodBSmBrokeWallChunk02,STAT,-8732.642578,-6373.95166,793.290527,177.5527
1554516,DLCworkshop03.esm,05005C06,0008CD61,BldWoodBSmBrokeWallChunk02,STAT,-8786.610352,-6400.250977,691.430359,66.0371
1554517,DLCworkshop03.esm,05005C07,00144AD0,ExtRubble_Plain_Tiny_Mid01,STAT,-8846.260742,-6437.505859,671.868713,270.0123
1554518,DLCworkshop03.esm,05005C08,00144AD1,ExtRubble_Plain_Tiny_Mid02,STAT,-8697.317383,-6394.179688,705.954895,265.0735
1554519,DLCworkshop03.esm,05005C09,00144AD2,ExtRubble_Plain_Tiny_Short01,STAT,-8971.803711,-5940.154785,453.757568,166.8677
1554520,DLCworkshop03.esm,05005C0A,000211F6,WoodCrate02,STAT,-8968.442383,-5926.858398,457.81778,270.9051
1554521,DLCworkshop03.esm,05005C0B,001914C9,DecalDebris04,STAT,-8926.375,-5851.461426,454.291595,0.0
1554522,DLCworkshop03.esm,05005C0C,000211F6,WoodCrate02,STAT,-8916.768555,-6109.725098,515.121643,265.6827
1554523,DLCworkshop03.esm,05005C0D,0003712A,NpcChairFederalistOfficeSit01Static,STAT,-8761.287109,-6132.479004,571.338684,42.1995
1554524,DLCworkshop03.esm,05005C0E,001914A2,Rubble_Pile_Debris_06,STAT,-8910.604492,-5998.463867,454.291565,165.4489
1554525,DLCworkshop03.esm,05005C0F,0019149E,Rubble_Pile_Debris_05,STAT,-8968.611328,-5855.321289,454.476929,199.6539
1554526,DLCworkshop03.esm,05005C10,001A77E9,OfficeBoxPapersOpen01,MSTT,-8916.822266,-5374.581543,453.591187,0.0
1554527,DLCworkshop03.esm,05005C11,0003A9EB,OfficeBoxPapers01,STAT,-8688.638672,-5507.607422,490.775635,0.0
1554528,DLCworkshop03.esm,05005C12,0003A9EC,OfficeBoxPapers02,STAT,-8539.243164,-5460.538574,490.775635,84.9803
1554529,DLCworkshop03.esm,05005C13,0003A9ED,OfficeBoxPapers03,STAT,-8588.366211,-5471.670898,458.467224,250.8623
1554530,DLCworkshop03.esm,05005C14,0003A9EC,OfficeBoxPapers02,STAT,-8848.874023,-5553.115234,453.591187,84.9803
1554531,DLCworkshop03.esm,05005C15,0019AC73,HighTechTrashCan01Dirty,CONT,-8832.141602,-5497.645996,453.753693,119.3578
1554532,DLCworkshop03.esm,05005C17,05002081,DLC06ScrapHighTechFilingCabinet01AWeatheredTall,CONT,-8415.129883,-5568.703613,454.221954,103.1324
1554533,DLCworkshop03.esm,05005C18,0006D4C3,Loot_Prewar_Safe_Wall,CONT,-8484.379883,-5622.619629,501.188904,15.5608
1554534,DLCworkshop03.esm,05005C1B,000928D5,DummyNoEdit_Drink_NukaCola,MISC,-9371.655273,-5377.364746,500.497437,168.0583
1554535,DLCworkshop03.esm,05005C1C,000928D5,DummyNoEdit_Drink_NukaCola,MISC,-9377.518555,-5387.878906,500.497437,168.0583
1554536,DLCworkshop03.esm,05005C1D,000928D5,DummyNoEdit_Drink_NukaCola,MISC,-9367.237305,-5396.48877,500.497437,168.0583
1554537,DLCworkshop03.esm,05005C1E,000928D5,DummyNoEdit_Drink_NukaCola,MISC,-9376.138672,-5378.896484,529.091187,348.0584
1554538,DLCworkshop03.esm,05005C1F,000928D5,DummyNoEdit_Drink_NukaCola,MISC,-9365.857422,-5387.503418,529.091187,348.0584
1554539,DLCworkshop03.esm,05005C20,000928D5,DummyNoEdit_Drink_NukaCola,MISC,-9371.723633,-5398.023438,529.091187,348.0584
1554540,DLCworkshop03.esm,05005C21,000302DC,Empty_NukaColaMachine,ACTI,-9388.77832,-5420.123047,453.591187,254.0024
1554541,DLCworkshop03.esm,05005C22,001D4A72,MagazineRackContainer02,CONT,-8565.283203,-5626.964844,453.591187,253.7969
1554542,DLCworkshop03.esm,05005C24,0023AE13,WorkshopWallShelfMetal01,STAT,-8681.978516,-5677.896973,537.920288,255.0
1554543,DLCworkshop03.esm,05005C27,00074841,RadioStaticOff,ACTI,-8654.46875,-5657.773926,588.33551,165.0
1554544,DLCworkshop03.esm,05005C28,001A6B85,NpcCouchLounge01BWeathered01Sit01,FURN,-8776.773438,-4802.157715,453.591187,255.0001
1554545,DLCworkshop03.esm,05005C29,00249EB9,workshop_SignDrugs01,STAT,-8823.271484,-5517.996094,614.618713,165.0
1554546,DLCworkshop03.esm,05005C2A,0007350B,PlayerHouse_Ruin_Rug01,STAT,-8635.607422,-5393.490723,453.591187,0.0
1554547,DLCworkshop03.esm,05005C2C,0004CD67,HighTechRoundTable01_Dirty,STAT,-8735.274414,-4915.307129,453.591187,0.0
1554548,DLCworkshop03.esm,05005C2D,001D4A6F,MagazineRackContainer01,CONT,-9012.740234,-5446.962402,454.221954,0.0
1554549,DLCworkshop03.esm,05005C2F,0007326C,PlayerHouse_Ruin_CoatRack01,MSTT,-9056.014648,-4875.73584,453.01413,0.0064
1554550,DLCworkshop03.esm,05005C30,0003A9F2,OfficePaperDebris01,STAT,-9220.091797,-5662.149414,454.005341,270.0
1554551,DLCworkshop03.esm,05005C31,0003A9F2,OfficePaperDebris01,STAT,-8854.526367,-5497.297852,454.005341,270.0
1554552,DLCworkshop03.esm,05005C32,001914C9,DecalDebris04,STAT,-8898.542969,-5341.651855,454.340912,268.3268
1554553,DLCworkshop03.esm,05005C33,001944AF,ClutterGenSlimeA,STAT,-8845.869141,-5502.430176,453.818756,283.0175
1554554,DLCworkshop03.esm,05005C34,0016BAF5,PaperDebris02,STAT,-8912.338867,-5524.17041,453.235901,315.0
1554555,DLCworkshop03.esm,05005C35,0016BAF5,PaperDebris02,STAT,-9114.794922,-5184.90918,453.235901,315.0
1554556,DLCworkshop03.esm,05005C36,0016BAF5,PaperDebris02,STAT,-9197.421875,-4986.741211,453.235901,195.0
1554557,DLCworkshop03.esm,05005C37,0019AC73,HighTechTrashCan01Dirty,CONT,-9380.399414,-4953.724609,453.753693,329.3579
1554558,DLCworkshop03.esm,05005C38,001944AF,ClutterGenSlimeA,STAT,-9361.009766,-4966.188477,453.818756,178.0175
1554559,DLCworkshop03.esm,05005C39,0016BAF5,PaperDebris02,STAT,-9363.358398,-4998.580566,453.235901,195.0
1554560,DLCworkshop03.esm,05005C3A,0016BAF5,PaperDebris02,STAT,-9426.697266,-5243.5,453.235901,195.0
1554561,DLCworkshop03.esm,05005C3B,0016BAF5,PaperDebris02,STAT,-9377.100586,-5345.934082,453.235901,300.0
1554562,DLCworkshop03.esm,05005C3C,001914C9,DecalDebris04,STAT,-8551.357422,-5601.645508,454.425629,60.0037
1554563,DLCworkshop03.esm,05005C3D,001914C9,DecalDebris04,STAT,-8568.967773,-5274.464355,453.781158,60.0037
1554564,DLCworkshop03.esm,05005C3E,0003A9ED,OfficeBoxPapers03,STAT,-8414.279297,-5523.690918,454.746704,267.169
1554565,DLCworkshop03.esm,05005C3F,0005821C,CigaretteCarton,MISC,-8643.129883,-5651.345703,538.811401,51.5662
1554566,DLCworkshop03.esm,05005C40,0005821C,CigaretteCarton,MISC,-8704.771484,-5668.023926,540.720459,279.7855
1554567,DLCworkshop03.esm,05005C41,000EF2D1,Clock02_Wall,STAT,-8561.665039,-5644.117188,611.985779,165.0
1554568,DLCworkshop03.esm,05005C42,001A8B42,PlayerHouse_Ruin_Calendar01,STAT,-8882.819336,-5732.321289,571.431458,75.0
1554569,DLCworkshop03.esm,05005C4A,0014F698,MannequinFemaleBurnt01,MSTT,-8561.719727,-5024.755859,453.591187,270.0001
1554570,DLCworkshop03.esm,05005C4B,0016770B,Shelf_Grocery_Piece01,STAT,-8593.371094,-5244.581543,453.492279,152.5787
1554571,DLCworkshop03.esm,05005C4C,000AC8C0,VaseVintageDirtyFlowers01c,MISC,-8729.389648,-4916.370117,509.765411,0.0
1554572,DLCworkshop03.esm,05005C4D,001914C9,DecalDebris04,STAT,-8638.141602,-5022.928223,454.221954,0.0
1554573,DLCworkshop03.esm,05005C4E,001914C9,DecalDebris04,STAT,-8895.59668,-4849.022949,454.221954,0.0
1554574,DLCworkshop03.esm,05005C4F,001A77F1,OfficeBoxPapersOpen03,MSTT,-9156.859375,-5351.325195,453.590576,0.0
1554575,DLCworkshop03.esm,05005C50,001A77F3,OfficeBoxPapersOpen04,MSTT,-9052.966797,-4908.708984,453.660339,0.0114
1554576,DLCworkshop03.esm,05005C51,001A784B,OfficeBoxPapersOpen07,MSTT,-9105.574219,-4949.865234,453.593079,91.6716
1554577,DLCworkshop03.esm,05005C52,0001E951,DebrisInteriorWoodPileSm05,STAT,-8643.730469,-4962.26416,453.591187,200.5577
1554578,DLCworkshop03.esm,05005C53,0001D2D3,Radiator01,STAT,-8664.515625,-5660.597168,453.591187,345.0
1554579,DLCworkshop03.esm,05005C54,00018FB8,SignRestroomWashHands01,STAT,-8556.677734,-5855.882812,577.026855,75.0
1554580,DLCworkshop03.esm,05005C55,001A594B,TrashcanMetalOffice01,MSTT,-8724.353516,-5661.805176,453.591187,0.0
1554581,DLCworkshop03.esm,05005C56,001A594B,TrashcanMetalOffice01,MSTT,-8637.727539,-5737.47998,453.757568,0.0
1554582,DLCworkshop03.esm,05005C57,001A594C,Bin_Plastic,MSTT,-8734.363281,-5521.035645,490.519928,0.9658
1554583,DLCworkshop03.esm,05005C58,001A594C,Bin_Plastic,MSTT,-8540.724609,-5470.706055,458.607025,315.0
1554584,DLCworkshop03.esm,05005C59,0014242A,BloodPack_Empty,MISC,-8725.269531,-5519.366699,502.383514,283.1409
1554585,DLCworkshop03.esm,05005C5A,0014242A,BloodPack_Empty,MISC,-8739.96875,-5519.243652,502.359741,281.2823
1554586,DLCworkshop03.esm,05005C5B,00017C0D,CigaretteMachine01,CONT,-8469.87207,-5348.491699,453.591187,81.1879
1554587,DLCworkshop03.esm,05005C5C,00140AF0,FolderPapers01,MISC,-8699.754883,-5498.774902,531.862122,0.0
1554588,DLCworkshop03.esm,05005C5D,0004B6E9,Loot_Prewar_Medkit,CONT,-8716.291016,-5673.175293,563.376221,351.463
1554589,DLCworkshop03.esm,05005C5E,0001A4B9,Newspaper01,MISC,-8794.145508,-5683.480957,521.986694,89.2588
1554590,DLCworkshop03.esm,05005C5F,0009B063,PosterHospital,STAT,-8412.186523,-5456.135254,589.931885,3.3465
1554591,DLCworkshop03.esm,05005C60,000EAFBE,WoodTtubeRack,MISC,-8936.638672,-5248.950684,514.853333,40.9273
1554592,DLCworkshop03.esm,05005C61,000AEE8E,WaterCooler02_Dirty,STAT,-8981.250977,-5346.348145,454.221954,357.5938
1554593,DLCworkshop03.esm,05005C62,00140B22,Glass_Generic,MISC,-8957.366211,-5403.180664,458.444427,89.9562
1554594,DLCworkshop03.esm,05005C63,00140B22,Glass_Generic,MISC,-8994.745117,-5372.995117,458.437225,269.8743
1554595,DLCworkshop03.esm,05005C64,050049A4,DLC06WorkshopVault_FloorMat_Small_01,STAT,-8969.657227,-5393.885742,453.591187,354.2704
1554596,DLCworkshop03.esm,05005C65,00060ECD,Hairbrush_02_Silver,MISC,-8522.700195,-5155.309082,515.010559,359.999
1554597,DLCworkshop03.esm,05005C66,00060EC0,Yarn_01_Cotton,MISC,-8495.370117,-5239.035156,546.784119,0.0
1554598,DLCworkshop03.esm,05005C67,00060EC0,Yarn_01_Cotton,MISC,-8495.125977,-5254.237793,552.612488,101.146
1554599,DLCworkshop03.esm,05005C68,00059AD8,SurgicalTray01,MISC,-8902.540039,-5220.289551,546.63324,36.184
1554600,DLCworkshop03.esm,05005C69,00059AD8,SurgicalTray01,MISC,-8836.098633,-5168.17041,467.177124,0.0
1554601,DLCworkshop03.esm,05005C6A,000C9ADE,SurgicalCutter,MISC,-8654.107422,-5660.220215,562.476013,28.4643
1554602,DLCworkshop03.esm,05005C6B,00148DEC,WheelChair01Static,STAT,-8781.983398,-5210.277832,467.177124,61.6037
1554603,DLCworkshop03.esm,05005C6C,001A77F3,OfficeBoxPapersOpen04,MSTT,-8867.892578,-5258.994141,467.837189,245.4118
1554604,DLCworkshop03.esm,05005C6D,0003A9ED,OfficeBoxPapers03,STAT,-8905.898438,-5289.065918,467.177124,0.0
1554605,DLCworkshop03.esm,05005C6E,00059ADB,HotPlate,MISC,-9075.03418,-5326.372559,515.004272,0.0
1554606,DLCworkshop03.esm,05005C71,000EC8B6,Beaker_Stand,MISC,-9092.682617,-5243.296387,538.813843,323.2494
1554607,DLCworkshop03.esm,05005C72,00033779,MedX,ALCH,-9083.529297,-5293.263184,517.474243,173.2994
1554608,DLCworkshop03.esm,05005C73,00033778,Buffout,ALCH,-9055.806641,-5382.275879,546.868896,0.0
1554609,DLCworkshop03.esm,05005C74,001A594C,Bin_Plastic,MSTT,-8705.095703,-5678.490234,548.886292,359.9984
1554610,DLCworkshop03.esm,05005C75,000EC8B8,BunsenBurner,MISC,-8678.490234,-5663.251465,538.811401,0.0
1554611,DLCworkshop03.esm,05005C76,001A594C,Bin_Plastic,MSTT,-9107.890625,-5262.264648,467.81192,30.0
1554612,DLCworkshop03.esm,05005C77,001A594C,Bin_Plastic,MSTT,-9055.076172,-5380.468262,524.36438,248.5744
1554613,DLCworkshop03.esm,05005C78,001A594C,Bin_Plastic,MSTT,-9329.44043,-5374.165527,453.592682,318.5554
1554614,DLCworkshop03.esm,05005C79,0008B945,CeilingLamp01,STAT,-8546.990234,-5540.873535,664.643677,0.0
1554615,DLCworkshop03.esm,05005C7A,0008EC05,CeilingLamp01On,STAT,-8711.729492,-5584.107422,664.643677,0.0
1554616,DLCworkshop03.esm,05005C7B,00176050,ChemistrySetBeaker01,MISC,-8693.829102,-5659.388184,566.344849,337.7246
1554617,DLCworkshop03.esm,05005C7C,00176053,ChemistrySetBeaker04,MISC,-8696.228516,-5669.033691,587.706787,0.0
1554618,DLCworkshop03.esm,05005C7E,0001F92F,Clipboard01,MISC,-8647.110352,-5480.35498,531.635315,0.0
1554619,DLCworkshop03.esm,05005C7F,0007350B,PlayerHouse_Ruin_Rug01,STAT,-9422.907227,-5051.190918,453.591187,120.0
1554620,DLCworkshop03.esm,05005C80,001944AF,ClutterGenSlimeA,STAT,-8775.370117,-5662.244629,453.818756,298.0175
1554621,DLCworkshop03.esm,05005C81,0016BAF3,PaperDebris01,STAT,-8843.077148,-5688.490723,453.235901,315.0
1554622,DLCworkshop03.esm,05005C82,0016BAF3,PaperDebris01,STAT,-8651.118164,-5482.25,452.690399,285.0
1554623,DLCworkshop03.esm,05005C83,0001A4B9,Newspaper01,MISC,-8713.212891,-5229.658203,454.530365,109.0508
1554624,DLCworkshop03.esm,05005C84,001914C9,DecalDebris04,STAT,-8752.910156,-5188.335938,453.781158,60.0037
1554625,DLCworkshop03.esm,05005C85,0006C5AE,WonderglueLarge,MISC,-9209.02832,-4902.742676,514.746582,285.0
1554626,DLCworkshop03.esm,05005C86,0006C5AE,WonderglueLarge,MISC,-9218.27832,-4909.550781,514.746582,330.0
1554627,DLCworkshop03.esm,05005C87,001C7F1F,DuctTape01_Rare,MISC,-9282.775391,-4929.500488,546.528687,0.0
1554628,DLCworkshop03.esm,05005C88,000A4920,DishRag01,MISC,-8597.282227,-5826.836426,524.196655,285.0508
1554629,DLCworkshop03.esm,05005C8A,0023AE13,WorkshopWallShelfMetal01,STAT,-8650.385742,-5935.489258,561.41272,255.0
1554630,DLCworkshop03.esm,05005C8B,000AC8BE,VaseVintageDirtyFlowers01a,MISC,-8632.708984,-5917.575684,562.319885,0.0
1554631,DLCworkshop03.esm,05005C8C,0019945F,Soap,MISC,-8687.337891,-5932.019043,564.196594,300.0
1554632,DLCworkshop03.esm,05005C8D,00150729,DayTripper,ALCH,-8676.871094,-5665.018555,563.477112,0.0
1554633,DLCworkshop03.esm,05005C8E,0004835D,NukaCola,ALCH,-8670.583008,-5928.622559,562.319641,0.0
1554634,DLCworkshop03.esm,05005C8F,000330F6,Bubblegum,ALCH,-8739.893555,-5509.804199,531.47821,300.0
1554635,DLCworkshop03.esm,05005C90,00132974,ComicBurnt01,MISC,-9348.037109,-5616.731934,519.085876,238.1426
1554636,DLCworkshop03.esm,05005C91,00132977,ComicBurnt02,MISC,-9353.257812,-5581.650879,496.641754,229.9701
1554637,DLCworkshop03.esm,05005C92,00132977,ComicBurnt02,MISC,-8833.806641,-5701.385254,539.838623,174.7769
1554638,DLCworkshop03.esm,05005C93,00132977,ComicBurnt02,MISC,-8578.301758,-5625.820801,518.403137,172.9532
1554639,DLCworkshop03.esm,05005C94,00132979,ComicBurnt03,MISC,-8556.631836,-5624.310059,538.180969,172.8336
1554640,DLCworkshop03.esm,05005C95,00132979,ComicBurnt03,MISC,-8541.412109,-5609.060547,494.881592,172.0869
1554641,DLCworkshop03.esm,05005C96,00132977,ComicBurnt02,MISC,-8746.578125,-4900.712402,509.74176,357.406
1554642,DLCworkshop03.esm,05005C97,0008EC05,CeilingLamp01On,STAT,-8638.858398,-5818.129395,647.993164,0.0
1554643,DLCworkshop03.esm,05005C99,0004DE07,MuseumBounceWarm04NS,LIGH,-8638.264648,-5816.856445,624.132324,285.5088
1554644,DLCworkshop03.esm,05005C9A,0007350B,PlayerHouse_Ruin_Rug01,STAT,-8646.441406,-5821.621582,453.757568,120.0
1554645,DLCworkshop03.esm,05005C9B,0005A689,AdvertsPoster04,STAT,-8686.386719,-5714.00293,573.460022,344.4391
1554646,DLCworkshop03.esm,05005C9C,000625D9,ChalkBoard01,STAT,-8709.124023,-5718.725586,575.010132,344.4272
1554647,DLCworkshop03.esm,05005C9D,000BF83C,GenericPosterGroup03,STAT,-8707.9375,-5719.791016,573.972534,344.4156
1554648,DLCworkshop03.esm,05005C9E,0005A68B,AdvertsPoster06,STAT,-8727.725586,-5725.514648,573.841064,344.3648
1554649,DLCworkshop03.esm,05005CA0,00001B55,RubChunkiesSmall01,STAT,-9010.674805,-6291.732422,342.925964,211.0311
1554650,DLCworkshop03.esm,05005CA1,0004835A,NukaColaEmpty,MISC,-9175.341797,-6119.008301,458.671082,0.0
1554651,DLCworkshop03.esm,05005CA2,0004835A,NukaColaEmpty,MISC,-8893.060547,-6310.414551,330.66983,0.0
1554652,DLCworkshop03.esm,05005CA5,000BF83C,GenericPosterGroup03,STAT,-8836.078125,-6516.535156,484.983276,164.4271
1554653,DLCworkshop03.esm,05005CA6,000E6DAC,DecoGreebFree03,STAT,-8980.160156,-6561.4375,374.352356,15.5609
1554654,DLCworkshop03.esm,05005CA7,0013444A,WallGreeb1x2_02,STAT,-8881.241211,-6541.859863,578.871582,15.5609
1554655,DLCworkshop03.esm,05005CA8,0001D2D3,Radiator01,STAT,-8685.8125,-6395.244141,326.274567,255.0
1554656,DLCworkshop03.esm,05005CA9,00059A80,MetalBucket,MISC,-8764.277344,-6348.650391,335.759674,359.3801
1554657,DLCworkshop03.esm,05005CAA,001344E8,WallGreeb1x1_03,STAT,-8795.541016,-5898.831055,237.786819,74.4392
1554658,DLCworkshop03.esm,05005CAB,00018FAF,SignNoSmoking01,STAT,-8794.708984,-5954.804199,311.575439,74.4392
1554659,DLCworkshop03.esm,05005CAC,0007ED8F,DebrisPileLargeWood02,STAT,-9343.591797,-5750.96582,197.587433,143.2732
1554660,DLCworkshop03.esm,05005CAD,0001E951,DebrisInteriorWoodPileSm05,STAT,-9268.896484,-5623.149902,197.587433,296.9747
1554661,DLCworkshop03.esm,05005CAE,0001E951,DebrisInteriorWoodPileSm05,STAT,-9365.842773,-5097.253418,197.587433,233.9494
1554662,DLCworkshop03.esm,05005CAF,0001E94F,DebrisInteriorWoodPileSm03,STAT,-9282.385742,-5301.940918,197.587433,44.8733
1554663,DLCworkshop03.esm,05005CB0,000211F7,WoodCrate03,STAT,-8997.583984,-5444.901855,197.587433,0.0
1554664,DLCworkshop03.esm,05005CB1,000211F6,WoodCrate02,STAT,-8900.625977,-5678.518555,198.087433,253.6592
1554665,DLCworkshop03.esm,05005CB2,000211F5,WoodCrate01,STAT,-8919.957031,-5619.210449,198.087433,276.5775
1554666,DLCworkshop03.esm,05005CB3,000C574C,DCKitPlywoodBroke03,STAT,-8996.447266,-5584.407715,197.587433,28.6479
1554667,DLCworkshop03.esm,05005CB4,0001F92F,Clipboard01,MISC,-9392.120117,-5408.539062,276.817596,225.4129
1554668,DLCworkshop03.esm,05005CB8,0003A9ED,OfficeBoxPapers03,STAT,-9338.845703,-5550.953613,208.073517,345.4552
1554669,DLCworkshop03.esm,05005CB9,0003A9EC,OfficeBoxPapers02,STAT,-9409.273438,-5366.308105,275.560486,259.5116
1554670,DLCworkshop03.esm,05005CBA,000211F5,WoodCrate01,STAT,-9333.407227,-5625.0625,198.087433,276.5775
1554671,DLCworkshop03.esm,05005CBB,000211F6,WoodCrate02,STAT,-9314.076172,-5684.370605,198.087433,253.6592
1554672,DLCworkshop03.esm,05005CBC,050049A4,DLC06WorkshopVault_FloorMat_Small_01,STAT,-9312.658203,-5483.085449,197.275467,0.0
1554673,DLCworkshop03.esm,05005CBD,050049A4,DLC06WorkshopVault_FloorMat_Small_01,STAT,-9325.069336,-5430.590332,197.769287,251.081
1554674,DLCworkshop03.esm,05005CBE,050049A4,DLC06WorkshopVault_FloorMat_Small_01,STAT,-9332.998047,-5221.767578,197.769287,285.4585
1554675,DLCworkshop03.esm,05005CBF,00031EEA,IndSmPipe1WayLong01,STAT,-9519.480469,-4975.151855,-60.838551,0.0
1554676,DLCworkshop03.esm,05005CC0,00031EEA,IndSmPipe1WayLong01,STAT,-9519.480469,-4975.151855,195.161453,0.0
1554677,DLCworkshop03.esm,05005CC1,000494ED,IndBgPipeSocket02,STAT,-9519.457031,-4975.064941,207.147278,0.0
1554678,DLCworkshop03.esm,05005CC2,000494ED,IndBgPipeSocket02,STAT,-9519.457031,-4975.064941,185.975006,0.0
1554679,DLCworkshop03.esm,05005CC3,000494ED,IndBgPipeSocket02,STAT,-9519.457031,-4975.064941,442.052063,0.0
1554680,DLCworkshop03.esm,05005CC4,00031EEA,IndSmPipe1WayLong01,STAT,-9476.074219,-5137.757324,399.375641,15.0
1554681,DLCworkshop03.esm,05005CC5,00031EEF,IndSmPipe2Way01,STAT,-9470.946289,-5156.898438,379.538269,0.0
1554682,DLCworkshop03.esm,05005CC6,00163A9B,IndustrialMachine28,SCOL,-9487.072266,-5160.992188,376.023712,284.9999
1554683,DLCworkshop03.esm,05005CC7,001F1D68,MacFanASmlAnimated,MSTT,-9491.90332,-5231.602539,373.906006,270.0001
1554684,DLCworkshop03.esm,05005CC8,00031EEF,IndSmPipe2Way01,STAT,-9484.894531,-5229.771484,336.621521,180.0001
1554685,DLCworkshop03.esm,05005CC9,00031EEC,IndSmPipe1WayLongest01,STAT,-9479.47168,-5248.831543,316.783661,344.1406
1554686,DLCworkshop03.esm,05005CCA,00031EEC,IndSmPipe1WayLongest01,STAT,-9392.730469,-5554.192871,316.783783,344.1406
1554687,DLCworkshop03.esm,05005CCB,000494ED,IndBgPipeSocket02,STAT,-9304.188477,-5860.241699,317.300995,16.3521
1554688,DLCworkshop03.esm,05005CCC,000B133D,IndSmPipe1WayHalf01,STAT,-9339.714844,-5739.88916,313.444092,0.0
1554689,DLCworkshop03.esm,05005CCD,000B133D,IndSmPipe1WayHalf01,STAT,-9349.295898,-5707.086426,276.405273,0.0
1554690,DLCworkshop03.esm,05005CCE,000B133D,IndSmPipe1WayHalf01,STAT,-9349.295898,-5707.086426,236.765381,0.0
1554691,DLCworkshop03.esm,05005CCF,000B133D,IndSmPipe1WayHalf01,STAT,-9349.295898,-5707.086426,197.13768,0.0
1554692,DLCworkshop03.esm,05005CD0,001344E8,WallGreeb1x1_03,STAT,-9542.457031,-5076.669434,209.168793,254.4391
1554693,DLCworkshop03.esm,05005CD3,000211F7,WoodCrate03,STAT,-9444.079102,-5266.266113,226.120148,342.4677
1554694,DLCworkshop03.esm,05005CD4,000211F5,WoodCrate01,STAT,-9468.602539,-5183.487793,226.136185,348.6556
1554695,DLCworkshop03.esm,05005CD5,000211F5,WoodCrate01,STAT,-9190.045898,-5786.610352,198.087433,259.3888
1554696,DLCworkshop03.esm,05005CD6,00135FBC,MacConBreakerBox01,STAT,-9369.749023,-5667.992676,355.355774,0.0
1554697,DLCworkshop03.esm,05005CD7,00001A24,BldSmPipeWall01,STAT,-9369.699219,-5668.143555,176.90802,0.0
1554698,DLCworkshop03.esm,05005CD8,00001A24,BldSmPipeWall01,STAT,-9371.380859,-5663.200684,176.90802,0.0
1554699,DLCworkshop03.esm,05005CD9,0010693A,Rubble_Flat_Trash_Lg01c,STAT,-9319.423828,-5564.696777,197.691879,148.0058
1554700,DLCworkshop03.esm,05005CDA,0010693C,Rubble_Flat_Trash_Sm02,STAT,-8969.262695,-5641.425293,197.691879,148.0058
1554701,DLCworkshop03.esm,05005CDB,00023A8D,SteamTBrickpile01,STAT,-9029.376953,-5354.088379,193.360626,0.0
1554702,DLCworkshop03.esm,05005CDC,0010693C,Rubble_Flat_Trash_Sm02,STAT,-9475.148438,-5018.145996,197.691879,148.0058
1554703,DLCworkshop03.esm,05005CDD,0010693C,Rubble_Flat_Trash_Sm02,STAT,-9409.810547,-5204.469727,197.691879,16.2255
1554704,DLCworkshop03.esm,05005CDE,0002B6E2,LunchPail,CONT,-9408.797852,-5430.930176,275.565674,51.5662
1554705,DLCworkshop03.esm,05005CDF,001A594C,Bin_Plastic,MSTT,-9365.614258,-5536.169434,276.242432,0.0
1554706,DLCworkshop03.esm,05005CE0,001A594C,Bin_Plastic,MSTT,-9047.259766,-5445.888672,197.588028,51.551
1554707,DLCworkshop03.esm,05005CE1,00176054,ChemistrySetCan01,MISC,-9050.133789,-5453.818359,212.51506,32.1206
1554708,DLCworkshop03.esm,05005CE2,001AB5ED,ChemistrySetCan02,MISC,-9367.94043,-5501.775879,276.240448,0.0
1554709,DLCworkshop03.esm,05005CE3,0006FB26,BldConcSmDmgFlrChunk01,STAT,-8829.975586,-5280.598633,-54.682701,40.107
1554710,DLCworkshop03.esm,05005CE4,0006FB26,BldConcSmDmgFlrChunk01,STAT,-8971.464844,-5119.758789,-55.1213,0.0
1554711,DLCworkshop03.esm,05005CE5,0006FB26,BldConcSmDmgFlrChunk01,STAT,-8959.886719,-5391.416504,-55.293499,314.1634
1554712,DLCworkshop03.esm,05005CE6,001914C9,DecalDebris04,STAT,-9136.21875,-5630.998047,198.147522,270.0
1554713,DLCworkshop03.esm,05005CE7,001914C9,DecalDebris04,STAT,-9105.273438,-5810.528809,198.147522,349.2507
1554714,DLCworkshop03.esm,05005CE8,001914DB,DecalDebris06,STAT,-9014.880859,-5482.491699,197.587433,0.0
1554715,DLCworkshop03.esm,05005CE9,001914C9,DecalDebris04,STAT,-9381.362305,-5235.269043,198.147522,270.0
1554716,DLCworkshop03.esm,05005CEA,0019A6B1,HighTechDebris04,STAT,-9475.001953,-5017.118652,197.92189,308.4338
1554717,DLCworkshop03.esm,05005CEB,001A77EE,OfficeBoxPapersOpen02,MSTT,-9124.611328,-5774.15625,197.605988,40.0992
1554718,DLCworkshop03.esm,05005CEC,001A77EE,OfficeBoxPapersOpen02,MSTT,-9027.526367,-5873.370605,197.777985,195.624
1554719,DLCworkshop03.esm,05005CED,001A784B,OfficeBoxPapersOpen07,MSTT,-8996.094727,-5909.975098,197.753952,0.0
1554720,DLCworkshop03.esm,05005CEE,001914A2,Rubble_Pile_Debris_06,STAT,-8848.952148,-5885.105469,197.757568,270.0
1554721,DLCworkshop03.esm,05005CEF,0019149F,Rubble_Pile_Debris_07,STAT,-8962.804688,-5874.259277,197.757568,0.0
1554722,DLCworkshop03.esm,05005CF0,0019149F,Rubble_Pile_Debris_07,STAT,-8853.146484,-6381.152832,325.757568,0.0
1554723,DLCworkshop03.esm,05005CF1,0019149F,Rubble_Pile_Debris_07,STAT,-9092.09082,-5611.468262,198.147522,0.0
1554724,DLCworkshop03.esm,05005CF2,000F0D3C,SignFactorySafetyBg05,STAT,-8577.999023,-5399.527832,66.182755,164.5042
1554725,DLCworkshop03.esm,05005CF4,0001D1A6,DebrisPileRoad01Trash,STAT,-9016.693359,-5970.317871,198.731293,245.3663
1554726,DLCworkshop03.esm,05005CF5,0001D1A6,DebrisPileRoad01Trash,STAT,-8806.198242,-5935.161133,198.731293,90.6836
1554727,DLCworkshop03.esm,05005CF6,0001D1A6,DebrisPileRoad01Trash,STAT,-8965.427734,-6550.885742,326.530762,165.2042
1554728,DLCworkshop03.esm,05005CF7,0001D1A6,DebrisPileRoad01Trash,STAT,-9143.188477,-6424.147461,326.812561,256.8591
1554729,DLCworkshop03.esm,05005CF8,00001B58,DecalDebris01,STAT,-8929.310547,-5067.322754,-51.611576,0.0
1554730,DLCworkshop03.esm,05005CF9,00001B56,DecalDebris03,STAT,-9108.374023,-5147.126465,-54.428642,0.0
1554731,DLCworkshop03.esm,05005CFA,00023A8D,SteamTBrickpile01,STAT,-8928.120117,-5090.649902,-61.652748,279.7859
1554732,DLCworkshop03.esm,05005CFB,00023A8E,SteamTBrickpile02,STAT,-8501.605469,-5212.663086,-53.882195,279.7859
1554733,DLCworkshop03.esm,05005CFC,00023A8D,SteamTBrickpile01,STAT,-8576.871094,-5244.645996,-57.316139,68.7549
1554734,DLCworkshop03.esm,05005CFD,00023A8D,SteamTBrickpile01,STAT,-8370.054687,-5230.13623,-61.116184,68.755
1554735,DLCworkshop03.esm,05005CFE,00023A8D,SteamTBrickpile01,STAT,-8259.946289,-5182.673828,-32.81329,270.0
1554736,DLCworkshop03.esm,05005CFF,0019A6B0,HighTechDebris03,STAT,-8681.814453,-5618.740723,-49.567616,0.0
1554737,DLCworkshop03.esm,05005D00,0019A6B1,HighTechDebris04,STAT,-8585.8125,-5401.316406,-49.784275,110.7634
1554738,DLCworkshop03.esm,05005D01,0019A6B1,HighTechDebris04,STAT,-8961.952148,-5420.340332,-49.784275,110.7634
1554739,DLCworkshop03.esm,05005D02,0019A6B0,HighTechDebris03,STAT,-9240.229492,-5598.51123,-51.918602,139.4113
1554740,DLCworkshop03.esm,05005D03,00023A8D,SteamTBrickpile01,STAT,-9162.287109,-4900.364258,-61.652748,0.0
1554741,DLCworkshop03.esm,05005D04,00023A8D,SteamTBrickpile01,STAT,-9500.419922,-5132.392578,-61.652748,0.0
1554742,DLCworkshop03.esm,05005D05,00023A8D,SteamTBrickpile01,STAT,-9351.038086,-5475.755371,-65.650696,291.2451
1554743,DLCworkshop03.esm,05005D06,00023A8D,SteamTBrickpile01,STAT,-9102.510742,-5179.265137,-66.681061,291.2451
1554744,DLCworkshop03.esm,05005D07,00023A8E,SteamTBrickpile02,STAT,-9001.318359,-5135.40625,-63.409286,285.5155
1554745,DLCworkshop03.esm,05005D08,000211F5,WoodCrate01,STAT,-9227.105469,-5059.259277,-64.307739,276.5775
1554746,DLCworkshop03.esm,05005D09,000211F6,WoodCrate02,STAT,-9207.774414,-5118.567383,-64.307739,253.6592
1554747,DLCworkshop03.esm,05005D0A,00018CD4,MetalBarrelStatic01,STAT,-9836.871094,-5123.215332,-562.721008,170.9082
1554748,DLCworkshop03.esm,05005D0B,00018CD4,MetalBarrelStatic01,STAT,-9854.955078,-5219.089844,-546.445557,322.568
1554749,DLCworkshop03.esm,05005D0C,000E37D1,IndustrialCart01,STAT,-9487.577148,-5605.442871,-553.62738,47.3828
1554750,DLCworkshop03.esm,05005D0D,001A037F,Loot_ToolboxLarge,CONT,-9537.542969,-5564.154785,-562.054871,239.6827
1554751,DLCworkshop03.esm,05005D0E,000E7D99,StepLadderClosed,STAT,-9604.256836,-5288.830078,-567.754456,68.3743
1554752,DLCworkshop03.esm,05005D0F,001A4D43,SkeletonClothedM02,MSTT,-9603.045898,-5241.491211,-546.641602,22.6032
1554753,DLCworkshop03.esm,05005D10,00023A8D,SteamTBrickpile01,STAT,-9625.810547,-5081.933594,-567.185364,278.3703
1554754,DLCworkshop03.esm,05005D11,00023A8D,SteamTBrickpile01,STAT,-9917.916016,-5042.747559,-570.971008,80.2141
1554755,DLCworkshop03.esm,05005D12,0004F118,CaveMoundRocksLow04,STAT,-9863.666992,-1610.968628,-953.163269,291.0208
1554756,DLCworkshop03.esm,05005D13,0004F118,CaveMoundRocksLow04,STAT,-10302.024414,-1261.46582,-937.741577,11.2758
1554757,DLCworkshop03.esm,05005D14,0004F0ED,CaveMoundRocksMed03,STAT,-10046.512695,-4660.22168,-653.459656,0.0
1554758,DLCworkshop03.esm,05005D15,0004F0ED,CaveMoundRocksMed03,STAT,-10035.710938,-4764.562988,-620.13855,257.1676
1554759,DLCworkshop03.esm,05005D16,0004F118,CaveMoundRocksLow04,STAT,-10016.048828,-4868.972168,-594.441772,274.0564
1554760,DLCworkshop03.esm,05005D17,0004F0E1,CaveMoundRocksLow02,STAT,-10112.813477,-4663.973633,-630.485596,356.8397
1554761,DLCworkshop03.esm,05005D18,00023A8D,SteamTBrickpile01,STAT,-10059.900391,-4832.150879,-570.971008,80.2141
1554762,DLCworkshop03.esm,05005D19,00023A8D,SteamTBrickpile01,STAT,-10071.302734,-4923.507324,-573.385193,325.6226
1554763,DLCworkshop03.esm,05005D1A,00023A8D,SteamTBrickpile01,STAT,-9918.416016,-4915.891602,-578.243591,33.5755
1554764,DLCworkshop03.esm,05005D1B,00023A8E,SteamTBrickpile02,STAT,-9970.429688,-4830.46875,-566.40686,301.9023
1554765,DLCworkshop03.esm,05005D1C,00023A8E,SteamTBrickpile02,STAT,-10026.237305,-4979.098145,-575.78009,301.9023
1554766,DLCworkshop03.esm,05005D1D,00023A8E,SteamTBrickpile02,STAT,-9756.001953,-4899.572754,-572.274963,27.846
1554767,DLCworkshop03.esm,05005D1E,00023A8E,SteamTBrickpile02,STAT,-9873.543945,-4921.669922,-577.942139,142.4376
1554768,DLCworkshop03.esm,05005D1F,00023A8E,SteamTBrickpile02,STAT,-9792.520508,-5089.541016,-574.520569,153.8068
1554769,DLCworkshop03.esm,05005D24,00001DFB,CinderBlocks08,STAT,-9709.969727,-4982.015137,-579.09082,256.8677
1554770,DLCworkshop03.esm,05005D25,00001DFD,CinderBlockSingle01,STAT,-9750.088867,-4969.980957,-574.438904,296.3386
1554771,DLCworkshop03.esm,05005D26,0008B671,TrashClump03,STAT,-9685.439453,-4928.916992,-567.021606,222.4903
1554772,DLCworkshop03.esm,05005D27,0008B671,TrashClump03,STAT,-9909.994141,-5104.086426,-567.122314,239.6789
1554773,DLCworkshop03.esm,05005D28,0008954E,TrashClump02,STAT,-9626.038086,-5304.595215,-311.07251,239.6792
1554774,DLCworkshop03.esm,05005D29,0001D1A6,DebrisPileRoad01Trash,STAT,-9831.337891,-5468.769043,-308.951599,161.1696
1554775,DLCworkshop03.esm,05005D2A,0001D1A6,DebrisPileRoad01Trash,STAT,-9653.417969,-5281.494629,-308.951599,161.1696
1554776,DLCworkshop03.esm,05005D2B,0001D1A6,DebrisPileRoad01Trash,STAT,-9979.980469,-5490.500977,-308.951599,264.5472
1554777,DLCworkshop03.esm,05005D2C,000787D9,Clothes_Raider_Goggles,ARMO,-9661.640625,-5210.525879,-555.33728,285.569
1554778,DLCworkshop03.esm,05005D2D,001240F1,Armor_MiningHelmet,ARMO,-9616.916992,-5202.753906,-558.951904,218.1518
1554779,DLCworkshop03.esm,05005D2E,0011DA0F,Blowtorch,MISC,-9707.890625,-5245.530762,-555.331238,272.9589
1554780,DLCworkshop03.esm,05005D2F,00001DFD,CinderBlockSingle01,STAT,-9626.510742,-5677.930664,-574.438904,34.6764
1554781,DLCworkshop03.esm,05005D30,0008B671,TrashClump03,STAT,-9521.990234,-5658.07373,-564.666626,318.9297
1554782,DLCworkshop03.esm,05005D31,0008954E,TrashClump02,STAT,-9433.616211,-5527.900391,-559.455261,187.1495
1554783,DLCworkshop03.esm,05005D32,0008B617,TrashPileWall03,STAT,-9810.043945,-5620.48584,-570.832214,268.3269
1554784,DLCworkshop03.esm,05005D33,0008954A,TrashClump01,STAT,-9870.050781,-5579.357422,-548.393188,0.0
1554785,DLCworkshop03.esm,05005D34,000211F6,WoodCrate02,STAT,-9798.540039,-5714.771484,-564.138916,253.6592
1554786,DLCworkshop03.esm,05005D35,000211F5,WoodCrate01,STAT,-9815.895508,-5656.279785,-572.168823,276.5366
1554787,DLCworkshop03.esm,05005D36,0008A5E0,TrashEdge02,STAT,-9814.039062,-5577.124023,-559.549072,319.893
1554788,DLCworkshop03.esm,05005D37,0008A5E0,TrashEdge02,STAT,-9547.295898,-5545.839355,-565.220276,337.0818
1554789,DLCworkshop03.esm,05005D38,0008B5FD,TrashEdge03,STAT,-9734.867188,-5704.708496,-559.601379,0.0
1554790,DLCworkshop03.esm,05005D39,0008B5FD,TrashEdge03,STAT,-9724.231445,-5398.928223,-561.663879,62.8996
1554791,DLCworkshop03.esm,05005D3A,001C7F31,AntiFreeze_Rare,MISC,-9584.856445,-5563.501953,-557.562317,176.913
1554792,DLCworkshop03.esm,05005D3B,001A594C,Bin_Plastic,MSTT,-9717.932617,-5701.0,-519.520264,357.7353
1554793,DLCworkshop03.esm,05005D3C,001A5947,WoodBox01,MSTT,-9761.604492,-5296.393066,-307.757843,359.682
1554794,DLCworkshop03.esm,05005D3D,001A594C,Bin_Plastic,MSTT,-9205.841797,-5111.103027,-26.807739,0.0
1554795,DLCworkshop03.esm,05005D3E,001A594C,Bin_Plastic,MSTT,-9084.700195,-6125.874512,437.743622,0.0
1554796,DLCworkshop03.esm,05005D43,0008B617,TrashPileWall03,STAT,-9237.44043,-5117.729492,-67.786003,0.0
1554797,DLCworkshop03.esm,05005D44,0008B5FD,TrashEdge03,STAT,-9269.540039,-5103.074219,-53.425728,62.8996
1554798,DLCworkshop03.esm,05005D45,0008B5FD,TrashEdge03,STAT,-9128.430664,-5052.780762,-49.676544,5.7639
1554799,DLCworkshop03.esm,05005D46,00062305,Shack_Single_Plank03_Brkn,STAT,-9142.404297,-5062.31543,-43.557144,0.0
1554800,DLCworkshop03.esm,05005D47,0006FB26,BldConcSmDmgFlrChunk01,STAT,-9132.060547,-5016.51709,-54.384571,354.2704
1554801,DLCworkshop03.esm,05005D48,0006FB24,BldConcSmDmgFlrChunk02,STAT,-9321.631836,-5031.975586,-58.89249,229.1832
1554802,DLCworkshop03.esm,05005D49,0006FB25,BldConcSmDmgFlrChunk03,STAT,-9226.46875,-5198.636719,-53.680489,166.1578
1554803,DLCworkshop03.esm,05005D4A,00023A8D,SteamTBrickpile01,STAT,-9465.362305,-5380.689941,-64.878609,0.0
1554804,DLCworkshop03.esm,05005D4B,0006FB25,BldConcSmDmgFlrChunk03,STAT,-9375.355469,-5376.066895,-54.908039,45.8148
1554805,DLCworkshop03.esm,05005D4C,001A7DA3,Handcart01,STAT,-9291.769531,-5346.270996,-38.654819,347.9136
1554806,DLCworkshop03.esm,05005D4D,0003A9ED,OfficeBoxPapers03,STAT,-9196.649414,-5303.890137,-59.148186,345.4639
1554807,DLCworkshop03.esm,05005D4E,0003A9ED,OfficeBoxPapers03,STAT,-9311.75,-5307.703613,-58.78614,219.0806
1554808,DLCworkshop03.esm,05005D4F,0008B5FD,TrashEdge03,STAT,-9234.328125,-5325.635742,-51.598518,5.7639
1554809,DLCworkshop03.esm,05005D50,00023A8D,SteamTBrickpile01,STAT,-9202.729492,-5348.451172,-66.681061,291.2451
1554810,DLCworkshop03.esm,05005D51,0001E951,DebrisInteriorWoodPileSm05,STAT,-9141.400391,-5270.480957,-51.283295,296.9747
1554811,DLCworkshop03.esm,05005D53,00059A80,MetalBucket,MISC,-8966.806641,-5529.540039,-40.922985,354.183
1554812,DLCworkshop03.esm,05005D54,0004F118,CaveMoundRocksLow04,STAT,-7457.152344,-4313.135254,42.267906,211.0315
1554813,DLCworkshop03.esm,05005D55,0004F118,CaveMoundRocksLow04,STAT,-8066.361816,-4352.018066,42.267906,211.0315
1554814,DLCworkshop03.esm,05005D56,0004F118,CaveMoundRocksLow04,STAT,-8308.992187,-4776.621582,42.535938,251.1386
1554815,DLCworkshop03.esm,05005D57,0004F0ED,CaveMoundRocksMed03,STAT,-8283.510742,-4349.845703,102.417442,231.32
1554816,DLCworkshop03.esm,05005D58,0004F0ED,CaveMoundRocksMed03,STAT,-7545.127441,-4372.27002,102.417442,69.1462
1554817,DLCworkshop03.esm,05005D59,0004F0ED,CaveMoundRocksMed03,STAT,-7441.144531,-4063.077881,255.311111,98.0765
1554818,DLCworkshop03.esm,05005D5A,0008B648,TrashPileCorIn01,STAT,-8962.262695,-4814.119629,-88.420677,80.2141
1554819,DLCworkshop03.esm,05005D5B,0008B5FD,TrashEdge03,STAT,-8928.737305,-4834.408691,-50.906326,33.0801
1554820,DLCworkshop03.esm,05005D5C,001ADB1D,TrashEdge03_Nochunks,STAT,-8979.447266,-4794.735352,-50.383518,0.8496
1554821,DLCworkshop03.esm,05005D5D,000211F6,WoodCrate02,STAT,-8922.933594,-4804.605957,-54.095707,266.197
1554822,DLCworkshop03.esm,05005D5E,00023A8D,SteamTBrickpile01,STAT,-8975.1875,-4845.117676,-66.681061,291.2451
1554823,DLCworkshop03.esm,05005D5F,00023A8D,SteamTBrickpile01,STAT,-9360.790039,-4871.174805,-63.289555,0.0
1554824,DLCworkshop03.esm,05005D60,00023A8D,SteamTBrickpile01,STAT,-9510.180664,-4961.937012,-63.289555,12.0894
1554825,DLCworkshop03.esm,05005D61,00023A8E,SteamTBrickpile02,STAT,-9025.25,-5397.211914,-57.427502,108.862
1554826,DLCworkshop03.esm,05005D62,00023A8E,SteamTBrickpile02,STAT,-8909.588867,-5574.339844,-64.00174,108.862
1554827,DLCworkshop03.esm,05005D63,00144AC5,ExtRubble_Plain_Sm_Mid02,STAT,7113.838867,-6067.998047,-1239.214722,235.6226
1554828,DLCworkshop03.esm,05005D64,00144AC1,ExtRubble_Plain_Med_MidHalf02,STAT,6849.249512,-4353.042969,-1162.6073,279.6732
1554829,DLCworkshop03.esm,05005D65,00144AC1,ExtRubble_Plain_Med_MidHalf02,STAT,7267.707031,-4314.787598,-1244.855225,9.0343
1554830,DLCworkshop03.esm,05005D66,00144AC1,ExtRubble_Plain_Med_MidHalf02,STAT,7444.099121,-4437.180176,-1329.875244,37.9027
1554831,DLCworkshop03.esm,05005D67,00144AC2,ExtRubble_Plain_Med_Short01,STAT,7227.982422,-6168.199219,-1163.831421,14.8456
1554832,DLCworkshop03.esm,05005D68,00144AC2,ExtRubble_Plain_Med_Short01,STAT,7228.603516,-5029.916504,-1224.570923,305.1339
1554833,DLCworkshop03.esm,05005D69,00144AC5,ExtRubble_Plain_Sm_Mid02,STAT,7111.010254,-6166.261719,-1188.872803,333.2174
1554834,DLCworkshop03.esm,05005D6A,00144AC6,ExtRubble_Plain_Sm_Mid03,STAT,7197.942383,-6206.941895,-1157.526855,358.4526
1554835,DLCworkshop03.esm,05005D6B,00144AC6,ExtRubble_Plain_Sm_Mid03,STAT,6933.917969,-6311.337891,-1194.652588,358.4526
1554836,DLCworkshop03.esm,05005D6C,0008B648,TrashPileCorIn01,STAT,7191.769043,-5793.643555,-1208.087036,188.1127
1554837,DLCworkshop03.esm,05005D6D,0008B671,TrashClump03,STAT,7217.554199,-4823.753906,-1165.159058,202.4864
1554838,DLCworkshop03.esm,05005D6E,0008954A,TrashClump01,STAT,7101.254883,-4897.877441,-1191.161987,0.0
1554839,DLCworkshop03.esm,05005D6F,0008954A,TrashClump01,STAT,6069.777344,-5418.608887,-1206.143921,0.0
1554840,DLCworkshop03.esm,05005D70,0001D1C3,TrashDecal05,STAT,6574.97168,-5466.902832,-1180.722778,0.0
1554841,DLCworkshop03.esm,05005D71,0008B5F6,TrashPileWall01,STAT,6078.824707,-5008.873047,-1213.629761,296.9747
1554842,DLCworkshop03.esm,05005D72,0008B5FD,TrashEdge03,STAT,6450.521973,-5153.535156,-1180.722778,154.7386
1554843,DLCworkshop03.esm,05005D73,0008A5D7,TrashEdge01,STAT,6515.82373,-5142.923828,-1180.722778,182.4189
1554844,DLCworkshop03.esm,05005D74,001ADB1E,TrashEdge04_nochunks,STAT,6492.890137,-5079.08252,-1180.762939,182.4189
1554845,DLCworkshop03.esm,05005D75,001ADB1E,TrashEdge04_nochunks,STAT,6409.772949,-5272.547852,-1180.368408,182.4189
1554846,DLCworkshop03.esm,05005D76,001ADB1E,TrashEdge04_nochunks,STAT,6615.365234,-5437.262207,-1180.368408,182.4189
1554847,DLCworkshop03.esm,05005D77,001ADB1D,TrashEdge03_Nochunks,STAT,6551.395508,-5520.113281,-1180.368408,188.1463
1554848,DLCworkshop03.esm,05005D78,001914C9,DecalDebris04,STAT,6468.703613,-5421.592285,-1180.569336,0.0
1554849,DLCworkshop03.esm,05005D79,001914C9,DecalDebris04,STAT,6577.94043,-5034.516602,-1180.569336,0.0
1554850,DLCworkshop03.esm,05005D7A,001914C9,DecalDebris04,STAT,6429.651367,-4853.036621,-1180.569336,0.0
1554851,DLCworkshop03.esm,05005D7B,001ADB1E,TrashEdge04_nochunks,STAT,6546.688965,-4781.722656,-1180.662476,142.3135
1554852,DLCworkshop03.esm,05005D7C,001ADB1E,TrashEdge04_nochunks,STAT,6410.508301,-4797.080566,-1181.30957,218.4339
1554853,DLCworkshop03.esm,05005D7D,001ADB1E,TrashEdge04_nochunks,STAT,6525.45459,-4410.367676,-1116.679688,218.4339
1554854,DLCworkshop03.esm,05005D7E,001914C9,DecalDebris04,STAT,6875.587402,-5368.820312,-1180.569336,113.6283
1554855,DLCworkshop03.esm,05005D7F,001914C9,DecalDebris04,STAT,6400.944824,-5791.330078,-1180.569336,113.6283
1554856,DLCworkshop03.esm,05005D80,001ADB1E,TrashEdge04_nochunks,STAT,6427.515625,-5907.833496,-1181.30957,218.4339
1554857,DLCworkshop03.esm,05005D81,001914C9,DecalDebris04,STAT,6502.980469,-6018.784668,-1180.569336,318.9297
1554858,DLCworkshop03.esm,05005D82,001914C9,DecalDebris04,STAT,6790.127441,-5992.950195,-1180.569336,158.5016
1554859,DLCworkshop03.esm,05005D83,001ADB1E,TrashEdge04_nochunks,STAT,6843.501465,-6134.659668,-1181.30957,218.4339
1554860,DLCworkshop03.esm,05005D84,00021E7A,Prewar_TrashCan,CONT,6116.145508,-4887.435547,-1175.884277,248.8741
1554861,DLCworkshop03.esm,05005D86,00043641,PhoneBooth_TopAddition,STAT,6649.286133,-4636.71875,-1116.722778,0.0
1554862,DLCworkshop03.esm,05005D87,00017C0D,CigaretteMachine01,CONT,6727.995117,-4183.431152,-1116.722778,101.631
1554863,DLCworkshop03.esm,05005D88,00023869,Prewar_NewsStand,CONT,6724.659668,-3504.414551,-1116.722778,90.0
1554864,DLCworkshop03.esm,05005D8A,001ADB1E,TrashEdge04_nochunks,STAT,6724.569336,-3571.427246,-1116.722778,107.4032
1554865,DLCworkshop03.esm,05005D8B,001914C9,DecalDebris04,STAT,6625.375,-4109.372559,-1116.30481,0.0
1554866,DLCworkshop03.esm,05005D8C,001914C9,DecalDebris04,STAT,6684.879883,-3637.125977,-1116.30481,0.0
1554867,DLCworkshop03.esm,05005D8D,001914C9,DecalDebris04,STAT,6717.239746,-3419.255127,-1116.30481,90.0
1554868,DLCworkshop03.esm,05005D8E,001914C9,DecalDebris04,STAT,6584.384277,-2866.439209,-1116.30481,90.0
1554869,DLCworkshop03.esm,05005D8F,001914C9,DecalDebris04,STAT,6975.837891,-2560.838135,-1116.30481,90.0
1554870,DLCworkshop03.esm,05005D90,001914C9,DecalDebris04,STAT,6841.763184,-2090.669678,-1116.30481,90.0
1554871,DLCworkshop03.esm,05005D91,00144ACC,ExtRubble_Plain_Sm_Short01,STAT,5623.594238,-1798.293213,-1115.640625,153.2175
1554872,DLCworkshop03.esm,05005D92,00144AD0,ExtRubble_Plain_Tiny_Mid01,STAT,5863.726074,-1594.480835,-1118.989868,262.4943
1554873,DLCworkshop03.esm,05005D93,00144AD1,ExtRubble_Plain_Tiny_Mid02,STAT,5626.876465,-1869.646606,-1119.892578,46.5465
1554874,DLCworkshop03.esm,05005D94,00144AD1,ExtRubble_Plain_Tiny_Mid02,STAT,5797.841797,-3345.887207,-1114.336304,46.5465
1554875,DLCworkshop03.esm,05005D95,00144AD2,ExtRubble_Plain_Tiny_Short01,STAT,5734.274414,-3287.726562,-1118.900024,121.0312
1554876,DLCworkshop03.esm,05005D96,00144AD2,ExtRubble_Plain_Tiny_Short01,STAT,5853.23584,-2901.107666,-1118.900024,304.3777
1554877,DLCworkshop03.esm,05005D97,00001B57,DecalDebris02,STAT,5890.26709,-2611.913818,-1116.136475,325.6226
1554878,DLCworkshop03.esm,05005D98,00001B58,DecalDebris01,STAT,5932.374023,-2147.247559,-1116.136475,205.3015
1554879,DLCworkshop03.esm,05005D99,00001B56,DecalDebris03,STAT,5894.98584,-1716.726196,-1116.136475,96.4396
1554880,DLCworkshop03.esm,05005D9A,00001B56,DecalDebris03,STAT,5756.751465,-1885.790527,-1116.136475,261.6339
1554881,DLCworkshop03.esm,05005D9B,00001B56,DecalDebris03,STAT,6577.327637,-1945.416992,-1115.408691,40.8163
1554882,DLCworkshop03.esm,05005D9C,00001B57,DecalDebris02,STAT,6569.926758,-2125.563232,-1114.968872,12.1687
1554883,DLCworkshop03.esm,05005D9D,00001B57,DecalDebris02,STAT,5756.703125,-3111.758057,-1116.136475,325.6226
1554884,DLCworkshop03.esm,05005D9E,00001B56,DecalDebris03,STAT,5933.02832,-4500.412598,-1116.136475,8.0217
1554885,DLCworkshop03.esm,05005D9F,00001B57,DecalDebris02,STAT,5705.211914,-3933.076416,-1116.136475,345.1034
1554886,DLCworkshop03.esm,05005DA0,00001B56,DecalDebris03,STAT,5824.491699,-3655.157715,-1116.136475,310.726
1554887,DLCworkshop03.esm,05005DA1,00001B56,DecalDebris03,STAT,5879.086426,-3380.512451,-1116.136475,98.7317
1554888,DLCworkshop03.esm,05005DA2,00001B55,RubChunkiesSmall01,STAT,5951.704102,-3633.657715,-1116.136475,0.0
1554889,DLCworkshop03.esm,05005DA3,00001B54,RubChunkiesSmall02,STAT,5703.675293,-3777.388672,-1116.136475,0.0
1554890,DLCworkshop03.esm,05005DA4,00001B54,RubChunkiesSmall02,STAT,5812.786621,-4326.822266,-1116.136475,0.0
1554891,DLCworkshop03.esm,05005DA5,00001B54,RubChunkiesSmall02,STAT,5937.991211,-4485.821777,-1116.136475,148.969
1554892,DLCworkshop03.esm,05005DA6,00001B54,RubChunkiesSmall02,STAT,6078.598145,-4510.07666,-1164.599365,148.969
1554893,DLCworkshop03.esm,05005DA7,0006FB26,BldConcSmDmgFlrChunk01,STAT,6088.868652,-4508.819824,-1173.905762,314.1634
1554894,DLCworkshop03.esm,05005DA8,0006FB26,BldConcSmDmgFlrChunk01,STAT,6249.091797,-1777.510376,-1204.24707,314.1634
1554895,DLCworkshop03.esm,05005DA9,001ADB1E,TrashEdge04_nochunks,STAT,5892.935547,-1683.365356,-1117.185303,161.1381
1554896,DLCworkshop03.esm,05005DAA,0006FB26,BldConcSmDmgFlrChunk01,STAT,5864.81543,-1761.821533,-1125.620361,268.3268
1554897,DLCworkshop03.esm,05005DAB,0006FB26,BldConcSmDmgFlrChunk01,STAT,5819.298828,-1673.119141,-1086.18103,268.3268
1554898,DLCworkshop03.esm,05005DAC,00001B56,DecalDebris03,STAT,6840.641602,-1909.131714,-1115.700073,45.8366
1554899,DLCworkshop03.esm,05005DAD,0008A5D7,TrashEdge01,STAT,6897.520996,-1900.26355,-1115.95166,225.8366
1554900,DLCworkshop03.esm,05005DAE,0008B5FD,TrashEdge03,STAT,6918.06543,-1919.193726,-1115.95166,315.8366
1554901,DLCworkshop03.esm,05005DAF,00021E7A,Prewar_TrashCan,CONT,6752.947266,-2140.989014,-1086.855713,270.0
1554902,DLCworkshop03.esm,05005DB0,0008954E,TrashClump02,STAT,6812.290039,-2209.481201,-1116.722778,319.8924
1554903,DLCworkshop03.esm,05005DB1,001914C9,DecalDebris04,STAT,6789.880859,-2231.077881,-1116.472778,0.0
1554904,DLCworkshop03.esm,05005DB2,001ADB1D,TrashEdge03_Nochunks,STAT,6770.211914,-2190.171875,-1116.722778,78.4149
1554905,DLCworkshop03.esm,05005DB3,0016BAF5,PaperDebris02,STAT,-8977.779297,-5339.37793,453.235901,315.0
1554906,DLCworkshop03.esm,05005DB4,001C0FCB,FloraFungusGlowing04,FLOR,-7675.572754,10491.295898,-439.746765,0.0
1554907,DLCworkshop03.esm,05005DB5,001C0FCB,FloraFungusGlowing04,FLOR,-7634.973633,10668.161133,-421.277039,314.1634
1554908,DLCworkshop03.esm,05005DB6,001C0FCB,FloraFungusGlowing04,FLOR,-7577.025879,10529.332031,-443.944244,251.1381
1554909,DLCworkshop03.esm,05005DB7,0008B648,TrashPileCorIn01,STAT,6047.633789,-4906.381836,-1219.134277,332.5554
1554910,DLCworkshop03.esm,05005DB8,0008954E,TrashClump02,STAT,6101.702148,-5016.321777,-1194.371704,0.0
1554911,DLCworkshop03.esm,05005DB9,0008954E,TrashClump02,STAT,6611.785645,-5422.236328,-1180.177979,211.9944
1554912,DLCworkshop03.esm,05005DBA,0008A5D7,TrashEdge01,STAT,6678.718262,-5467.487793,-1180.722778,182.4189
1554913,DLCworkshop03.esm,05005DBB,0008A5D7,TrashEdge01,STAT,6508.722168,-5923.599609,-1180.31543,165.0
1554914,DLCworkshop03.esm,05005DBC,0008C803,DebrisPileSmallConc01,STAT,6529.100586,-5925.585449,-1180.31543,275.7641
1554915,DLCworkshop03.esm,05005DBD,00001DFD,CinderBlockSingle01,STAT,6500.92627,-5917.405273,-1181.519775,304.8924
1554916,DLCworkshop03.esm,05005DBE,000F6BFA,ConstructionBarrier01Dest,MSTT,6515.631348,-6064.275879,-1180.598389,194.5393
1554917,DLCworkshop03.esm,05005DBF,00024843,TrafficCone,MSTT,6588.577148,-5142.342285,-1177.448486,357.9399
1554918,DLCworkshop03.esm,05005DC0,00024843,TrafficCone,MSTT,6816.062012,-5918.718262,-1165.19397,109.6938
1554919,DLCworkshop03.esm,05005DC1,00051C9D,NpcBenchHighTechMetalBenchDirtySit01,FURN,6755.945312,-3039.803467,-1116.318359,180.8934
1554920,DLCworkshop03.esm,05005DC2,00051C9D,NpcBenchHighTechMetalBenchDirtySit01,FURN,6760.13916,-2770.852539,-1116.318359,180.8934
1554921,DLCworkshop03.esm,05005DC3,00051C9D,NpcBenchHighTechMetalBenchDirtySit01,FURN,6752.037109,-3290.437012,-1116.318359,180.8934
1554922,DLCworkshop03.esm,05005DC4,00051C9D,NpcBenchHighTechMetalBenchDirtySit01,FURN,6736.05127,-4315.608398,-1116.318359,180.8934
1554923,DLCworkshop03.esm,05005DC5,00051C9D,NpcBenchHighTechMetalBenchDirtySit01,FURN,6739.959473,-4064.974854,-1116.318359,180.8934
1554924,DLCworkshop03.esm,05005DC6,00051C9D,NpcBenchHighTechMetalBenchDirtySit01,FURN,6744.15332,-3796.023926,-1116.318359,180.8934
1554925,DLCworkshop03.esm,05005DC7,00001B53,RubConcrete01,STAT,6297.64502,-1235.237183,-1206.960938,212.087
1554926,DLCworkshop03.esm,05005DC8,00001B53,RubConcrete01,STAT,6208.798828,-1131.319946,-1147.194214,193.161
1554927,DLCworkshop03.esm,05005DC9,001C982B,RubConcrete02,STAT,5691.779297,-1803.288086,-1110.877686,282.6858
1554928,DLCworkshop03.esm,05005DCA,001C982B,RubConcrete02,STAT,5854.860352,-1644.186035,-1090.20874,283.4088
1554929,DLCworkshop03.esm,05005DCB,001C982B,RubConcrete02,STAT,5786.896484,-1565.453979,-1046.889038,277.455
1554930,DLCworkshop03.esm,05005DCC,001C982B,RubConcrete02,STAT,6132.040527,-1156.612305,-1115.562256,349.3704
1554931,DLCworkshop03.esm,05005DCD,0003CF94,ExtRubble_BricksLrg_Sm_Mid02,STAT,6181.646484,-1029.663452,-1188.603394,22.7007
1554932,DLCworkshop03.esm,05005DCE,0003CF94,ExtRubble_BricksLrg_Sm_Mid02,STAT,6374.680664,-848.179382,-987.481323,13.0324
1554933,DLCworkshop03.esm,05005DCF,0003CF98,ExtRubble_BricksLrg_Sm_Short01,STAT,6193.436523,-1421.223022,-1233.03772,281.7701
1554934,DLCworkshop03.esm,05005DD0,001C982B,RubConcrete02,STAT,6280.936523,-1999.567017,-1159.910889,212.087
1554935,DLCworkshop03.esm,05005DD1,00001B53,RubConcrete01,STAT,6375.220215,-2264.539551,-1243.105835,212.087
1554936,DLCworkshop03.esm,05005DD2,001C982B,RubConcrete02,STAT,6413.89502,-2229.310547,-1176.911133,212.087
1554937,DLCworkshop03.esm,05005DD3,001C982B,RubConcrete02,STAT,6368.096191,-2010.240967,-1155.7323,359.6062
1554938,DLCworkshop03.esm,05005DD4,001C982B,RubConcrete02,STAT,6197.793457,-1873.415405,-1180.588257,270.0
1554939,DLCworkshop03.esm,05005DD5,001C982B,RubConcrete02,STAT,6133.468262,-2191.943115,-1164.466675,270.0
1554940,DLCworkshop03.esm,05005DD6,001C982B,RubConcrete02,STAT,5834.046875,-2655.064697,-1123.260986,333.0254
1554941,DLCworkshop03.esm,05005DD7,001C982B,RubConcrete02,STAT,5741.307129,-2974.189941,-1123.260986,333.0254
1554942,DLCworkshop03.esm,05005DD8,001C982B,RubConcrete02,STAT,5514.453613,-2841.156982,-1144.056396,355.9438
1554943,DLCworkshop03.esm,05005DD9,001C982B,RubConcrete02,STAT,5488.786133,-2579.98291,-1124.916504,321.0764
1554944,DLCworkshop03.esm,05005DDA,001C982B,RubConcrete02,STAT,5369.195801,-2684.475342,-1160.253296,268.5103
1554945,DLCworkshop03.esm,05005DDB,001C982B,RubConcrete02,STAT,6292.663574,-2970.373779,-1207.872925,0.0
1554946,DLCworkshop03.esm,05005DDC,001C982B,RubConcrete02,STAT,6211.625,-2516.987549,-1205.713989,0.0
1554947,DLCworkshop03.esm,05005DDD,00001B53,RubConcrete01,STAT,6156.382812,-3197.362549,-1192.587158,268.3269
1554948,DLCworkshop03.esm,05005DDE,00001B53,RubConcrete01,STAT,7041.134766,-5844.408691,-1230.597168,170.9241
1554949,DLCworkshop03.esm,05005DDF,00001B53,RubConcrete01,STAT,7083.133301,-6224.858398,-1125.818359,155.8947
1554950,DLCworkshop03.esm,05005DE0,001C982B,RubConcrete02,STAT,6890.994629,-6423.97998,-1058.738281,192.6589
1554951,DLCworkshop03.esm,05005DE1,001C982B,RubConcrete02,STAT,7071.084473,-6378.486328,-1029.735107,189.714
1554952,DLCworkshop03.esm,05005DE2,001C982B,RubConcrete02,STAT,7239.331055,-6591.560059,-920.187561,276.3934
1554953,DLCworkshop03.esm,05005DE3,001C982B,RubConcrete02,STAT,6935.043945,-6157.793945,-1145.766357,276.1123
1554954,DLCworkshop03.esm,05005DE4,00001B53,RubConcrete01,STAT,7013.490723,-6556.789551,-977.06012,29.583
1554955,DLCworkshop03.esm,05005DE5,00001B53,RubConcrete01,STAT,7025.710937,-5201.141113,-1236.753662,73.5213
1554956,DLCworkshop03.esm,05005DE6,001C982B,RubConcrete02,STAT,7067.981445,-4654.724609,-1177.276367,109.9623
1554957,DLCworkshop03.esm,05005DE7,001C982B,RubConcrete02,STAT,7175.791016,-4465.195801,-1044.019531,73.5214
1554958,DLCworkshop03.esm,05005DE8,001C982B,RubConcrete02,STAT,6998.407715,-4311.156738,-934.218994,73.5214
1554959,DLCworkshop03.esm,05005DE9,00001B57,DecalDebris02,STAT,6692.952637,-5209.491211,-1180.057373,345.1034
1554960,DLCworkshop03.esm,05005DEA,00001B53,RubConcrete01,STAT,6147.29541,-5717.807129,-1230.597168,21.9552
1554961,DLCworkshop03.esm,05005DEB,00001B57,DecalDebris02,STAT,6448.853027,-5828.310547,-1179.89917,345.1034
1554962,DLCworkshop03.esm,05005DEC,001C982B,RubConcrete02,STAT,7263.130371,-6090.062012,-1119.239258,155.8947
1554963,DLCworkshop03.esm,05005DED,00001B55,RubChunkiesSmall01,STAT,6018.019043,-2071.885742,-1116.722778,319.893
1554964,DLCworkshop03.esm,05005DEE,00001B58,DecalDebris01,STAT,5659.876953,-2160.938965,-1116.136475,205.3015
1554965,DLCworkshop03.esm,05005DEF,001914C9,DecalDebris04,STAT,5859.224609,-1912.259521,-1116.707275,90.0
1554966,DLCworkshop03.esm,05005DF0,001914C9,DecalDebris04,STAT,5675.884766,-2414.825684,-1116.707275,90.0
1554967,DLCworkshop03.esm,05005DF1,0012938E,SignFrameMetalRectPoster01GalaxyNews,STAT,5669.726562,-2248.257812,-985.32251,271.0887
1554968,DLCworkshop03.esm,05005DF2,0012924F,SignFrameMetalRect01,STAT,5669.726562,-2248.257812,-985.32251,271.0887
1554969,DLCworkshop03.esm,05005DF3,0012938C,SignFrameMetalRectPoster01JoeSpuckies,STAT,5654.778809,-3015.790039,-985.32251,271.0887
1554970,DLCworkshop03.esm,05005DF4,0012924F,SignFrameMetalRect01,STAT,5654.778809,-3015.790039,-985.32251,271.0887
1554971,DLCworkshop03.esm,05005DF5,00051C9D,NpcBenchHighTechMetalBenchDirtySit01,FURN,5737.187988,-1968.980713,-1116.790405,15.8934
1554972,DLCworkshop03.esm,05005DF6,00051C9D,NpcBenchHighTechMetalBenchDirtySit01,FURN,6003.177246,-2493.171387,-1088.005737,269.9315
1554973,DLCworkshop03.esm,05005DF7,001914C9,DecalDebris04,STAT,5937.390137,-2577.588623,-1116.707275,90.0
1554974,DLCworkshop03.esm,05005DF8,00001B58,DecalDebris01,STAT,6599.377441,-3227.53833,-1116.136475,205.3015
1554975,DLCworkshop03.esm,05005DF9,001A594C,Bin_Plastic,MSTT,6723.619141,-3123.650635,-1116.722778,30.0
1554976,DLCworkshop03.esm,05005DFA,00062315,Shack_Single_Plywood01_Brkn,STAT,6669.437012,-6076.189941,-1180.722778,60.0
1554977,DLCworkshop03.esm,05005DFB,000399ED,ToolRackGarage01,STAT,6828.125,-5393.888184,-1180.722778,179.9557
1554978,DLCworkshop03.esm,05005DFD,000211F5,WoodCrate01,STAT,6825.63916,-4896.241699,-1180.722778,28.648
1554979,DLCworkshop03.esm,05005DFE,001A7DA3,Handcart01,STAT,6843.49707,-4911.181641,-1180.678467,117.7431
1554980,DLCworkshop03.esm,05005DFF,000211F6,WoodCrate02,STAT,6853.406738,-4987.574219,-1180.722778,331.3522
1554981,DLCworkshop03.esm,05005E00,000211F6,WoodCrate02,STAT,6759.808105,-4815.967285,-1124.585205,285.1719
1554982,DLCworkshop03.esm,05005E01,05004D32,Loot_Trunk_DLC06Vault88,CONT,6774.787109,-4982.713867,-1173.329956,85.9437
1554983,DLCworkshop03.esm,05005E02,05004997,DLC06WorkshopVault_Crate_03_Steel,STAT,6842.249023,-6070.058105,-1180.569336,331.3521
1554984,DLCworkshop03.esm,05005E03,050049A3,DLC06WorkshopVault_FloorMat_Medium_02,STAT,6694.080566,-4913.402344,-1180.722778,188.1128
1554985,DLCworkshop03.esm,05005E04,050049A3,DLC06WorkshopVault_FloorMat_Medium_02,STAT,6618.213867,-4915.224609,-1180.722778,359.0369
1554986,DLCworkshop03.esm,05005E06,000A1395,IndustrialFanSmall,STAT,6642.858398,-4779.234863,-921.372375,268.1105
1554987,DLCworkshop03.esm,05005E07,000BF83C,GenericPosterGroup03,STAT,6614.532715,-4779.09375,-1047.529053,1.0886
1554988,DLCworkshop03.esm,05005E08,00059A9A,Loot_Toolbox,CONT,6545.574219,-5082.731934,-1180.569336,224.9885
1554989,DLCworkshop03.esm,05005E09,050049A4,DLC06WorkshopVault_FloorMat_Small_01,STAT,6491.53125,-5690.213379,-1180.722778,44.0369
1554990,DLCworkshop03.esm,05005E0A,0006D140,EnamelBucket01,MISC,6710.780762,-4801.182129,-1123.790649,0.0
1554991,DLCworkshop03.esm,05005E0F,000F6BFA,ConstructionBarrier01Dest,MSTT,5772.353516,-3706.770996,-1116.136475,314.5393
1554992,DLCworkshop03.esm,05005E10,000F6BFA,ConstructionBarrier01Dest,MSTT,6388.977539,-4088.952393,-1140.438843,0.0
1554993,DLCworkshop03.esm,05005E11,001C982B,RubConcrete02,STAT,6422.793457,-1831.883179,-1178.907959,271.4167
1554994,DLCworkshop03.esm,05005E12,001C982B,RubConcrete02,STAT,6319.588379,-1747.876587,-1212.893921,315.8367
1554995,DLCworkshop03.esm,05005E13,001C982B,RubConcrete02,STAT,7304.824219,-1656.538086,-880.429871,252.1213
1554996,DLCworkshop03.esm,05005E14,001C982B,RubConcrete02,STAT,7209.045898,-1554.710449,-823.272278,263.1009
1554997,DLCworkshop03.esm,05005E15,001C982B,RubConcrete02,STAT,7220.043457,-1726.062378,-952.936646,263.1009
1554998,DLCworkshop03.esm,05005E16,001C982B,RubConcrete02,STAT,7272.165039,-1979.676147,-1059.36853,282.6346
1554999,DLCworkshop03.esm,05005E17,00001B57,DecalDebris02,STAT,7213.945801,-2454.901123,-1114.968872,12.1687
1555000,DLCworkshop03.esm,05004D5D,00148C6F,DefaultLightCoolFLNS,LIGH,3772.134033,8251.551758,167.39769,0.0
1555001,DLCworkshop03.esm,05005E26,050012BD,DLC06VaultBulbRedNS,LIGH,1782.278931,8934.472656,152.016159,270.0
1555002,DLCworkshop03.esm,05005E27,00148C6F,DefaultLightCoolFLNS,LIGH,2761.489502,8865.34668,194.458298,0.0
1555003,DLCworkshop03.esm,05005E28,00148C70,DefaultLightCoolFLNSNonSpec,LIGH,3808.999268,8801.786133,235.220901,0.0
1555004,DLCworkshop03.esm,05005E29,000B2551,defaultLightWarm02NS,LIGH,-3226.025635,4629.630371,321.439728,90.0
1555005,DLCworkshop03.esm,05005E2A,000B2551,defaultLightWarm02NS,LIGH,-3768.405518,4532.694336,-10.138016,90.0
1555006,DLCworkshop03.esm,05005E2B,000517B0,DefaultLightWhite01NS,LIGH,-5653.769043,14367.149414,-933.40625,0.0001
1555007,DLCworkshop03.esm,05005E2C,000517B0,DefaultLightWhite01NS,LIGH,-5719.287598,14859.169922,-899.43042,0.0001
1555008,DLCworkshop03.esm,05005E2F,000517B0,DefaultLightWhite01NS,LIGH,1144.246582,1179.709106,-442.65213,0.0
1555009,DLCworkshop03.esm,05005E30,000517B0,DefaultLightWhite01NS,LIGH,1144.246582,796.629028,-442.65213,0.0
1555010,DLCworkshop03.esm,05005E31,000517B0,DefaultLightWhite01NS,LIGH,-446.492737,1246.759766,-458.535706,270.0001
1555011,DLCworkshop03.esm,05005E33,05004D4D,DLC06LightWhite01Hemi,LIGH,-5545.78418,14377.172852,-862.584106,278.106
1555012,DLCworkshop03.esm,05005E34,05004D4D,DLC06LightWhite01Hemi,LIGH,-5608.063965,14884.666016,-862.584106,278.106
1555013,DLCworkshop03.esm,05005E36,05004D4D,DLC06LightWhite01Hemi,LIGH,1229.69165,1177.332764,-317.504913,278.1093
1555014,DLCworkshop03.esm,05005E37,05004D4D,DLC06LightWhite01Hemi,LIGH,1229.69165,794.252686,-317.504913,278.1093
1555015,DLCworkshop03.esm,05005E38,05004D4D,DLC06LightWhite01Hemi,LIGH,-444.116547,1332.204956,-333.388489,90.5345
1555016,DLCworkshop03.esm,05005E3B,00175001,VltLight05UtilCage01MountedWhiteLit,STAT,-5533.233887,14373.520508,-859.073853,90.0002
1555017,DLCworkshop03.esm,05005E3C,00175001,VltLight05UtilCage01MountedWhiteLit,STAT,-5594.134277,14881.013672,-859.073853,90.0002
1555018,DLCworkshop03.esm,05005E3E,00175001,VltLight05UtilCage01MountedWhiteLit,STAT,1242.241577,1173.680908,-313.994659,90.0001
1555019,DLCworkshop03.esm,05005E3F,00175001,VltLight05UtilCage01MountedWhiteLit,STAT,1242.241577,790.60083,-313.994659,90.0001
1555020,DLCworkshop03.esm,05005E40,00175001,VltLight05UtilCage01MountedWhiteLit,STAT,-440.464691,1344.754883,-329.878235,0.0001
1555021,DLCworkshop03.esm,05005E42,05005E41,DLC06VltLightFluorResHallLightOff,LIGH,2718.422363,8689.165039,296.0,0.0
1555022,DLCworkshop03.esm,05005E43,05005E41,DLC06VltLightFluorResHallLightOff,LIGH,2464.609375,8689.165039,296.0,0.0
1555023,DLCworkshop03.esm,05005E44,05005E41,DLC06VltLightFluorResHallLightOff,LIGH,2721.079834,9056.592773,296.0,0.0
1555024,DLCworkshop03.esm,05005E45,05005E41,DLC06VltLightFluorResHallLightOff,LIGH,2975.460449,9056.592773,296.0,0.0
1555025,DLCworkshop03.esm,05005E48,001944B5,ClutterGenDeskD,STAT,-9684.800781,-5692.412598,-528.308472,191.7461
1555026,DLCworkshop03.esm,05005E49,001944B2,ClutterGenDeskC,STAT,-9720.263672,-5696.275391,-497.984741,359.7081
1555027,DLCworkshop03.esm,05005E4A,001944AF,ClutterGenSlimeA,STAT,-9732.62793,-5701.439941,-496.58963,359.708
1555028,DLCworkshop03.esm,05005E4B,001944AF,ClutterGenSlimeA,STAT,-9682.124023,-5687.112793,-496.387085,189.0963
1555029,DLCworkshop03.esm,05005E4C,001944AF,ClutterGenSlimeA,STAT,-9721.564453,-5702.26416,-528.255798,0.0075
1555030,DLCworkshop03.esm,05005E4D,001944AF,ClutterGenSlimeA,STAT,-9762.360352,-5533.845703,-536.737305,357.5256
1555031,DLCworkshop03.esm,05005E4E,001944BC,ClutterGenDustA,STAT,-9726.146484,-5528.094238,-549.618408,359.4084
1555032,DLCworkshop03.esm,05005E4F,001944B2,ClutterGenDeskC,STAT,-9740.236328,-5524.164551,-546.377258,359.4291
1555033,DLCworkshop03.esm,05005E50,001944AF,ClutterGenSlimeA,STAT,-9726.853516,-5525.45752,-497.241608,143.9494
1555034,DLCworkshop03.esm,05005E51,001AB5EE,ChemistrySetCan03,MISC,-9743.185547,-5539.085449,-492.695404,336.2055
1555035,DLCworkshop03.esm,05005E52,001914A2,Rubble_Pile_Debris_06,STAT,-8927.756836,-5310.712891,-51.892811,0.0
1555036,DLCworkshop03.esm,05005E53,001914A2,Rubble_Pile_Debris_06,STAT,-9739.204102,-5388.12207,-562.664856,240.6423
1555037,DLCworkshop03.esm,05005E54,001914A2,Rubble_Pile_Debris_06,STAT,-9751.033203,-5545.405762,-558.815674,0.0
1555038,DLCworkshop03.esm,05005E55,001914A2,Rubble_Pile_Debris_06,STAT,-9805.080078,-5303.924316,-309.717804,0.0
1555039,DLCworkshop03.esm,05005E5A,05005E58,VltWorkShopCaveDirtPileHalf01,STAT,1108.334595,3369.522705,-357.704376,90.0
1555040,DLCworkshop03.esm,05005E5B,05005E58,VltWorkShopCaveDirtPileHalf01,STAT,-488.016724,3469.69458,-286.241669,270.0
1555041,DLCworkshop03.esm,05005E5C,05000835,VltWorkShopCaveDirtPile01,STAT,-451.446716,3057.210693,-536.523254,270.1296
1555042,DLCworkshop03.esm,05005E5D,05000835,VltWorkShopCaveDirtPile01,STAT,-559.309448,2408.147949,-515.200012,270.0
1555043,DLCworkshop03.esm,05005E5E,0003AA23,RockM03,STAT,-265.46698,2769.966309,-502.961639,91.9789
1555044,DLCworkshop03.esm,05005E5F,0003AA22,RockM02,STAT,-195.965408,2920.507812,-502.709473,75.6882
1555045,DLCworkshop03.esm,05005E61,0003B2DF,RockM04,STAT,836.198608,3467.039551,-211.56192,54.5108
1555046,DLCworkshop03.esm,05005E62,0003B2DF,RockM04,STAT,815.889954,3672.257324,-157.409149,291.8251
1555047,DLCworkshop03.esm,05005E63,0003B2DF,RockM04,STAT,839.539185,3088.331787,-469.317932,309.4294
1555048,DLCworkshop03.esm,05005E64,0003AA22,RockM02,STAT,834.904846,3038.947021,-475.074829,317.2069
1555049,DLCworkshop03.esm,05005E65,0003AA22,RockM02,STAT,-270.009277,2474.880859,-556.216187,234.944
1555050,DLCworkshop03.esm,05005E66,0003AA22,RockM02,STAT,849.924072,2430.942871,-574.028687,234.944
1555051,DLCworkshop03.esm,05005E67,0003AA21,RockM01,STAT,890.957703,2370.161377,-568.761108,272.0417
1555052,DLCworkshop03.esm,05005E68,0003B2DF,RockM04,STAT,816.169556,2324.026611,-599.694031,25.1344
1555053,DLCworkshop03.esm,05005E69,0003B2DF,RockM04,STAT,841.225403,2206.889893,-536.402832,313.2989
1555054,DLCworkshop03.esm,05005E6A,0003B2E0,RockS01,STAT,790.61731,2238.590088,-506.074829,85.9437
1555055,DLCworkshop03.esm,05000F6C,050055FB,DLC06VaultSignSectorN01,STAT,-30.287018,-5461.272949,-77.92466,270.0003
1555056,DLCworkshop03.esm,05000F6D,050055FA,DLC06VaultSignSectorE01,STAT,-10656.790039,6152.311523,-172.066589,270.0
1555057,DLCworkshop03.esm,05000F6E,050055FC,DLC06VaultSignSectorNE01,STAT,-2477.278564,6791.842285,427.858887,0.0
1555058,DLCworkshop03.esm,05000F70,0004810C,IndFrameCat256x256AShape01,STAT,-2488.670654,6787.322754,249.508133,0.0
1555059,DLCworkshop03.esm,05000F71,050055FB,DLC06VaultSignSectorN01,STAT,1032.369263,6098.918457,222.778702,197.0507
1555060,DLCworkshop03.esm,05000F72,0004810C,IndFrameCat256x256AShape01,STAT,1044.585327,6099.896973,44.427948,197.0507
1555061,DLCworkshop03.esm,05000F74,0500498D,DLC06WorkshopVault_Crate_01_Steel,STAT,-625.414734,10091.990234,-7.386246,251.1376
1555062,DLCworkshop03.esm,05000F76,0500499C,DLC06WorkshopVault_Crate_04_Steel,STAT,-677.35968,9996.720703,-13.642216,26.1581
1555063,DLCworkshop03.esm,05000F7D,0500499C,DLC06WorkshopVault_Crate_04_Steel,STAT,-1035.995361,9575.458008,24.249514,355.1267
1555064,DLCworkshop03.esm,05000F7E,0500499C,DLC06WorkshopVault_Crate_04_Steel,STAT,-723.569458,9092.4375,24.249514,355.44
1555065,DLCworkshop03.esm,05000FBB,05001B4D,VltOverseerBlueprint88,STAT,-587.244751,6869.911621,19.012226,194.5663
1555066,DLCworkshop03.esm,05000FBD,000560DC,defaultLightWarm01NS,LIGH,-454.211975,6875.581543,71.89476,270.0
1555067,DLCworkshop03.esm,05000FC0,0003AA22,RockM02,STAT,-1066.818726,6745.791504,1352.008911,0.0
1555068,DLCworkshop03.esm,05000FC1,0011850B,defaultLightWarm02SpotNS,LIGH,-690.326416,7149.787598,111.668022,46.9141
1555069,DLCworkshop03.esm,05000FC2,05000835,VltWorkShopCaveDirtPile01,STAT,-45.709595,7623.323242,-86.242462,105.5156
1555070,DLCworkshop03.esm,05000FC3,05001042,DLC06ScrapableEngineCarStatic01,STAT,-473.806335,6730.32959,40.976822,130.7475
1555071,DLCworkshop03.esm,05000FC4,00059B33,GasCanister,MISC,-448.72641,6785.67627,15.316761,357.1802
1555072,DLCworkshop03.esm,05000FC5,00059B33,GasCanister,MISC,-503.828888,6778.126953,13.001225,94.6596
1555073,DLCworkshop03.esm,05000FC6,001A594C,Bin_Plastic,MSTT,-663.185791,6819.030273,63.624664,0.0
1555074,DLCworkshop03.esm,05000FC7,0003A9EB,OfficeBoxPapers01,STAT,-584.667358,6785.875977,64.245911,0.0
1555075,DLCworkshop03.esm,05000FC8,00165014,OfficePaperDebris04,STAT,-618.03302,6797.632324,63.615448,0.0
1555076,DLCworkshop03.esm,05000FC9,00165022,OfficePaperDebris07,STAT,-552.564819,6792.69873,63.803383,136.5466
1555077,DLCworkshop03.esm,05000FCA,001944A0,ClutterGenDecalA,STAT,-592.287048,6788.895996,63.140873,2.0629
1555078,DLCworkshop03.esm,05000FCB,0001F92F,Clipboard01,MISC,-680.138123,7145.795898,86.570877,359.9969
1555079,DLCworkshop03.esm,05000FCD,001A594C,Bin_Plastic,MSTT,-870.394592,7298.626953,24.25,0.0
1555080,DLCworkshop03.esm,05000FCE,0016BAF3,PaperDebris01,STAT,-876.677673,7304.410645,24.349798,165.1944
1555081,DLCworkshop03.esm,05000FCF,0016BAF5,PaperDebris02,STAT,-569.150024,7401.791504,24.408781,165.1944
1555082,DLCworkshop03.esm,05000FD1,0010A928,defaultLightCandle01FlickerNSNonSpec,LIGH,-829.545837,7298.807129,77.556656,0.0
1555083,DLCworkshop03.esm,05000FD2,0002FA4E,WaxCandle01,STAT,-826.180115,7290.661621,46.340958,0.0
1555084,DLCworkshop03.esm,05000FD3,0002FA50,WaxCandle03,STAT,-824.97406,7307.115723,46.340958,270.0001
1555085,DLCworkshop03.esm,05000FD4,0002FA27,WaxCandle04,STAT,-828.852722,7286.877441,46.340958,0.0
1555086,DLCworkshop03.esm,05000FD5,0002FA27,WaxCandle04,STAT,-820.408142,7307.902344,46.340958,224.9994
1555087,DLCworkshop03.esm,05000FD6,0002FA27,WaxCandle04,STAT,-824.302917,7298.563965,46.340958,180.0
1555088,DLCworkshop03.esm,05000FD7,0002FA29,WaxCandle05,STAT,-827.882751,7294.547363,46.340958,0.0
1555089,DLCworkshop03.esm,05000FD8,0002FACD,WaxCandle05Off,STAT,-826.517273,7303.164551,46.340958,224.9994
1555090,DLCworkshop03.esm,05000FD9,00035A0D,WaxCandlePuddle01,STAT,-826.318787,7290.736816,46.340958,0.0
1555091,DLCworkshop03.esm,05000FDA,00035A0D,WaxCandlePuddle01,STAT,-824.928894,7306.965332,46.340958,224.9994
1555092,DLCworkshop03.esm,05000FDB,00035A10,WaxCandlePuddle03,STAT,-827.978455,7294.181152,46.340965,342.2379
1555093,DLCworkshop03.esm,05000FDC,00035A10,WaxCandlePuddle03,STAT,-826.191101,7303.355957,46.340965,207.2383
1555094,DLCworkshop03.esm,05000FDD,00035A10,WaxCandlePuddle03,STAT,-824.302917,7298.563965,46.340958,342.2379
1555095,DLCworkshop03.esm,05000FDE,0010A928,defaultLightCandle01FlickerNSNonSpec,LIGH,-1111.758545,6829.59668,159.201263,0.0
1555096,DLCworkshop03.esm,05000FE0,0002FA4E,WaxCandle01,STAT,-1108.392822,6828.107422,129.097794,0.0
1555097,DLCworkshop03.esm,05000FE1,0002FA27,WaxCandle04,STAT,-1111.06543,6824.323242,129.097794,0.0
1555098,DLCworkshop03.esm,05000FE2,0002FA29,WaxCandle05,STAT,-1110.095459,6831.993164,129.097794,0.0
1555099,DLCworkshop03.esm,05000FE3,00035A0D,WaxCandlePuddle01,STAT,-1108.531494,6828.182617,129.097794,0.0
1555100,DLCworkshop03.esm,05000FE4,00035A10,WaxCandlePuddle03,STAT,-1110.191162,6831.626953,129.097794,342.2379
1555101,DLCworkshop03.esm,05000FE5,000C581B,defaultLightFire01NS,LIGH,-629.277222,7160.82959,96.634109,284.5558
1555102,DLCworkshop03.esm,05000FE6,0003A32A,defaultLightCandle01FlickerNS,LIGH,-803.561096,7301.402832,43.167698,308.434
1555103,DLCworkshop03.esm,05000FED,0002FA4E,WaxCandle01,STAT,-800.303101,7303.113281,24.264114,308.434
1555104,DLCworkshop03.esm,05000FF2,0002FA27,WaxCandle04,STAT,-798.99762,7298.667969,24.264114,308.434
1555105,DLCworkshop03.esm,05000FF3,0002FA29,WaxCandle05,STAT,-804.405273,7304.194336,24.264114,308.434
1555106,DLCworkshop03.esm,05000FF9,00035A0D,WaxCandlePuddle01,STAT,-800.44873,7303.051758,24.264114,308.434
1555107,DLCworkshop03.esm,05000FFC,00035A10,WaxCandlePuddle03,STAT,-804.177002,7303.893555,24.264122,290.6718
1555108,DLCworkshop03.esm,05001000,0003A32A,defaultLightCandle01FlickerNS,LIGH,-15.315142,7715.308105,58.075233,0.0
1555109,DLCworkshop03.esm,05001014,0010A928,defaultLightCandle01FlickerNSNonSpec,LIGH,-15.315142,7715.308105,117.392944,0.0
1555110,DLCworkshop03.esm,05001015,0002FA4E,WaxCandle01,STAT,-14.560903,7713.813477,39.17165,0.0
1555111,DLCworkshop03.esm,05001016,0002FA50,WaxCandle03,STAT,-8.8741,7703.314941,40.024475,270.0001
1555112,DLCworkshop03.esm,05001017,0002FA27,WaxCandle04,STAT,-17.233509,7710.029785,39.17165,0.0
1555113,DLCworkshop03.esm,05001018,0002FA27,WaxCandle04,STAT,-4.308181,7704.102051,40.024475,224.9994
1555114,DLCworkshop03.esm,05001019,0002FA27,WaxCandle04,STAT,-12.683705,7721.71582,39.17165,180.0
1555115,DLCworkshop03.esm,0500101A,0002FA29,WaxCandle05,STAT,-16.263538,7717.700195,39.17165,0.0
1555116,DLCworkshop03.esm,0500101B,0002FACD,WaxCandle05Off,STAT,-14.898061,7726.316406,39.17165,224.9994
1555117,DLCworkshop03.esm,0500101C,00035A0D,WaxCandlePuddle01,STAT,-14.699574,7713.88916,39.17165,0.0
1555118,DLCworkshop03.esm,0500101D,00035A0D,WaxCandlePuddle01,STAT,-8.828934,7703.165527,40.024475,224.9994
1555119,DLCworkshop03.esm,0500101E,00035A10,WaxCandlePuddle03,STAT,-16.359241,7717.333008,39.171658,342.2379
1555120,DLCworkshop03.esm,0500101F,00035A10,WaxCandlePuddle03,STAT,-14.571889,7726.508789,39.171658,207.2383
1555121,DLCworkshop03.esm,05001020,00035A10,WaxCandlePuddle03,STAT,-12.683705,7721.71582,39.17165,342.2379
1555122,DLCworkshop03.esm,05001021,0010A928,defaultLightCandle01FlickerNSNonSpec,LIGH,-237.440399,7256.06543,100.332123,314.1635
1555123,DLCworkshop03.esm,05001023,000C581B,defaultLightFire01NS,LIGH,-259.840881,7349.517578,98.778061,284.5558
1555124,DLCworkshop03.esm,05001025,000C581B,defaultLightFire01NS,LIGH,-780.670105,7300.272949,106.736435,284.5558
1555125,DLCworkshop03.esm,05001026,000C581B,defaultLightFire01NS,LIGH,-1065.165039,6894.263672,133.133789,284.5558
1555126,DLCworkshop03.esm,05001027,00001DFD,CinderBlockSingle01,STAT,-1599.92981,6952.731934,4.6e-05,302.7043
1555127,DLCworkshop03.esm,05001028,0006D140,EnamelBucket01,MISC,-1600.288086,6956.020508,24.534744,148.0058
1555128,DLCworkshop03.esm,05001029,05000835,VltWorkShopCaveDirtPile01,STAT,-860.387329,7319.552734,-85.90258,91.7647
1555129,DLCworkshop03.esm,0500102A,0003A32A,defaultLightCandle01FlickerNS,LIGH,-603.679321,7421.469238,43.197094,0.0
1555130,DLCworkshop03.esm,0500102B,0010A928,defaultLightCandle01FlickerNSNonSpec,LIGH,-603.679321,7421.469238,55.509209,0.0
1555131,DLCworkshop03.esm,0500102C,0002FA4E,WaxCandle01,STAT,-600.313599,7413.323242,24.29351,0.0
1555132,DLCworkshop03.esm,0500102D,0002FA27,WaxCandle04,STAT,-602.986206,7409.539551,24.29351,0.0
1555133,DLCworkshop03.esm,0500102E,0002FA27,WaxCandle04,STAT,-598.436401,7421.225586,24.29351,180.0
1555134,DLCworkshop03.esm,0500102F,0002FA29,WaxCandle05,STAT,-602.016235,7417.209961,24.29351,0.0
1555135,DLCworkshop03.esm,05001030,0002FA29,WaxCandle05,STAT,-591.854919,7419.359863,24.29351,224.9994
1555136,DLCworkshop03.esm,05001031,00035A0D,WaxCandlePuddle01,STAT,-600.452271,7413.398926,24.29351,0.0
1555137,DLCworkshop03.esm,05001032,00035A10,WaxCandlePuddle03,STAT,-602.111938,7416.842773,24.293518,342.2379
1555138,DLCworkshop03.esm,05001033,00035A10,WaxCandlePuddle03,STAT,-591.528748,7419.552246,24.293518,207.2383
1555139,DLCworkshop03.esm,05001034,00035A10,WaxCandlePuddle03,STAT,-598.436401,7421.225586,24.29351,342.2379
1555140,DLCworkshop03.esm,05001035,000C581B,defaultLightFire01NS,LIGH,-565.857483,7431.692871,116.491409,284.5558
1555141,DLCworkshop03.esm,05001036,0016BAF5,PaperDebris02,STAT,-807.291748,7275.070801,24.349798,165.1944
1555142,DLCworkshop03.esm,05001037,001944BC,ClutterGenDustA,STAT,-592.755493,7425.266602,24.390417,70.8178
1555143,DLCworkshop03.esm,05001038,000B3919,ConstructionLight_FloorOn,STAT,-694.947205,7157.382812,86.522972,313.9219
1555144,DLCworkshop03.esm,0500103D,0500103C,DLC06ScrapableOverseerClutter04,SCOL,-1227.739868,6932.369141,-0.678601,0.0
1555145,DLCworkshop03.esm,05001040,0500103F,DLC06ScrapableOverseerClutter05,SCOL,-672.299805,6912.563965,0.18438,0.0
1555146,DLCworkshop03.esm,05001045,0500498D,DLC06WorkshopVault_Crate_01_Steel,STAT,-1557.007324,6640.003906,-5.725157,53.9952
1555147,DLCworkshop03.esm,05001046,0500498D,DLC06WorkshopVault_Crate_01_Steel,STAT,-1441.645508,6743.216797,-5.725157,128.4797
1555148,DLCworkshop03.esm,05001050,05000FB1,DLC06ScrapableRRTrackEnd01,STAT,-1608.0,7897.39502,96.004997,0.0
1555149,DLCworkshop03.esm,05001051,05000FB1,DLC06ScrapableRRTrackEnd01,STAT,-1984.0,8104.0,128.0,270.0003
1555150,DLCworkshop03.esm,05001052,05000FB1,DLC06ScrapableRRTrackEnd01,STAT,-1999.999756,9120.0,128.0,270.0003
1555151,DLCworkshop03.esm,05001053,05000FB1,DLC06ScrapableRRTrackEnd01,STAT,-10288.550781,8086.420898,-494.786377,89.714
1555152,DLCworkshop03.esm,05001086,0016556A,LvlFeralGhoulLegendary,NPC_,2087.689697,6593.594727,-128.000122,0.0
1555153,DLCworkshop03.esm,05001093,05000FB1,DLC06ScrapableRRTrackEnd01,STAT,-77.525902,9230.944336,97.513809,0.4584
1555154,DLCworkshop03.esm,0500111A,00000021,CollisionMarker,STAT,-597.858521,8092.164062,8.0,40.1069
1555155,DLCworkshop03.esm,0500111B,00000021,CollisionMarker,STAT,-664.0,7152.0,48.0,0.0
1555156,DLCworkshop03.esm,0500111C,00000021,CollisionMarker,STAT,-216.420807,7297.223633,40.0,37.2422
1555157,DLCworkshop03.esm,0500111D,00000021,CollisionMarker,STAT,-821.548584,7300.003418,40.387581,238.4758
1555158,DLCworkshop03.esm,05001192,0005415D,VltRmPodRoofWide02,STAT,-3208.0,8616.0,816.0,270.0001
1555159,DLCworkshop03.esm,0500119F,0500119E,DLC06WaterPumpPipes01,SCOL,-11304.079102,5912.003906,-391.132812,0.0
1555160,DLCworkshop03.esm,050011A0,0500119D,DLC06WorkshopWaterPumpMain01,ACTI,-11304.079102,5912.003906,-391.132812,0.0
1555161,DLCworkshop03.esm,050011A1,00000021,CollisionMarker,STAT,-387.0961,6887.22168,27.604813,327.3414
1555162,DLCworkshop03.esm,050011D0,00131C9F,FoundrySmeltingPot02,STAT,-8529.106445,-5520.429688,242.086975,195.5608
1555163,DLCworkshop03.esm,050011D1,0001B42C,SecurityGateFencing01,STAT,-8687.152344,-5430.373047,-31.472107,164.4392
1555164,DLCworkshop03.esm,050011D2,0001B42C,SecurityGateFencing01,STAT,-8687.152344,-5430.373047,-31.472107,254.4392
1555165,DLCworkshop03.esm,050011D3,00135F30,MacRod02,STAT,-8465.007812,-5452.001953,-64.950989,240.5611
1555166,DLCworkshop03.esm,050011D4,00035812,StaticCollectionPivotDummy,STAT,-8514.782227,-5542.609375,-54.646545,164.4392
1555167,DLCworkshop03.esm,050011D5,00120821,BrewingVatDrum02,STAT,-8528.564453,-5520.700195,-31.286926,164.4392
1555168,DLCworkshop03.esm,050011D6,00135FE3,MacConPanelHandle01,STAT,-8645.081055,-5592.076172,59.264343,179.5551
1555169,DLCworkshop03.esm,050011D7,0004814F,IndTinyPipe2Way01,STAT,-8547.56543,-5441.510254,71.106628,184.8453
1555170,DLCworkshop03.esm,050011D8,00135F2D,MacPlatform02,STAT,-8514.782227,-5542.609375,-54.646545,254.4392
1555171,DLCworkshop03.esm,050011D9,00048156,IndTinyPipe1Way01,STAT,-8550.803711,-5442.412109,-56.936096,358.6485
1555172,DLCworkshop03.esm,050011DA,00048156,IndTinyPipe1Way01,STAT,-8549.018555,-5441.914551,7.11615,358.6485
1555173,DLCworkshop03.esm,050011DB,00135F29,MacPanelFlat12,STAT,-8653.925781,-5549.870117,103.198059,89.8579
1555174,DLCworkshop03.esm,050011DC,00135F45,MacTube01,STAT,-8469.861328,-5456.477539,181.183411,310.7501
1555175,DLCworkshop03.esm,050011DD,00135F45,MacTube01,STAT,-8462.451172,-5445.796387,-85.801575,251.8725
1555176,DLCworkshop03.esm,050011DE,00031EE8,IndSmPipe1Way01,STAT,-8527.853516,-5521.977539,-125.55304,0.0043
1555177,DLCworkshop03.esm,050011DF,0001B42C,SecurityGateFencing01,STAT,-8688.0,-5432.0,180.13475,164.4392
1555178,DLCworkshop03.esm,050011E0,0001B42C,SecurityGateFencing01,STAT,-8687.152344,-5430.373047,180.532913,255.194
1555179,DLCworkshop03.esm,05001236,05001233,DLC06VaultSignSectorArrow01,STAT,-2477.278564,6791.842285,427.858887,0.0
1555180,DLCworkshop03.esm,05001237,05001233,DLC06VaultSignSectorArrow01,STAT,-2477.278564,6971.47168,427.858887,0.0
1555181,DLCworkshop03.esm,05001238,05001235,DLC06VaultSignSectorArrow02,STAT,1033.735596,6103.373535,222.778702,197.0507
1555182,DLCworkshop03.esm,05001239,05001235,DLC06VaultSignSectorArrow02,STAT,1085.849731,6273.292969,222.778702,197.0507
1555183,DLCworkshop03.esm,0500123A,000517B0,DefaultLightWhite01NS,LIGH,761.417053,8458.510742,-178.540222,270.0
1555184,DLCworkshop03.esm,0500124F,05001245,DLC06VaultSignSectorArrow03,STAT,-2690.526123,8612.306641,584.949585,0.0
1555185,DLCworkshop03.esm,05001250,0010693B,Rubble_Flat_Trash_Sm01,STAT,1138.216187,8497.144531,96.0,68.7549
1555186,DLCworkshop03.esm,05001252,001240F1,Armor_MiningHelmet,ARMO,917.102417,8495.515625,71.721962,34.5257
1555187,DLCworkshop03.esm,0500125A,0010693C,Rubble_Flat_Trash_Sm02,STAT,416.364624,8279.977539,24.25,0.0
1555188,DLCworkshop03.esm,05001266,001944BC,ClutterGenDustA,STAT,1806.677368,7990.140625,96.348854,192.8789
1555189,DLCworkshop03.esm,05001267,0016BAF5,PaperDebris02,STAT,1833.113525,8023.98584,95.981148,36.7607
1555190,DLCworkshop03.esm,05001268,05004997,DLC06WorkshopVault_Crate_03_Steel,STAT,1707.750122,7979.895996,93.125206,0.0
1555191,DLCworkshop03.esm,05001269,050049A4,DLC06WorkshopVault_FloorMat_Small_01,STAT,1748.207642,8062.57373,96.0,0.0
1555192,DLCworkshop03.esm,0500126C,000560DC,defaultLightWarm01NS,LIGH,1828.882568,8098.604004,183.094345,270.0
1555193,DLCworkshop03.esm,0500126D,001A037F,Loot_ToolboxLarge,CONT,1796.902222,7976.895996,138.440826,296.1153
1555194,DLCworkshop03.esm,0500126E,001944BC,ClutterGenDustA,STAT,1777.130005,8101.347656,96.348854,267.3635
1555195,DLCworkshop03.esm,05001270,001944BC,ClutterGenDustA,STAT,1835.032104,8171.714844,96.0,148.9691
1555196,DLCworkshop03.esm,05001271,001944AF,ClutterGenSlimeA,STAT,1684.574219,8199.272461,96.0,114.5916
1555197,DLCworkshop03.esm,05001272,001944AF,ClutterGenSlimeA,STAT,1695.768188,8033.181641,96.0,114.5916
1555198,DLCworkshop03.esm,05001275,001944AF,ClutterGenSlimeA,STAT,1921.63269,8031.958496,96.0,68.755
1555199,DLCworkshop03.esm,05001276,0016BAF5,PaperDebris02,STAT,1938.403198,8069.150879,95.519707,36.7608
1555200,DLCworkshop03.esm,05001277,0016BAF5,PaperDebris02,STAT,2011.010986,7966.019043,95.519707,260.2143
1555201,DLCworkshop03.esm,05001278,0016BAF3,PaperDebris01,STAT,1999.012817,8234.868164,95.519707,300.3214
1555202,DLCworkshop03.esm,05001279,05005193,DLC06VaultSafetyPoster08,STAT,1408.929321,8872.352539,208.997467,0.0
1555203,DLCworkshop03.esm,0500127C,0500498A,DLC06WorkshopVault_Crate_01_Beige,STAT,1439.986694,8839.518555,136.754944,279.7295
1555204,DLCworkshop03.esm,0500127D,001944AF,ClutterGenSlimeA,STAT,1475.617188,8890.510742,96.0,68.755
1555205,DLCworkshop03.esm,0500127E,0016BAF5,PaperDebris02,STAT,1564.995483,8824.571289,95.519707,260.2143
1555206,DLCworkshop03.esm,0500127F,001A77F1,OfficeBoxPapersOpen03,MSTT,1502.234741,8946.155273,109.740578,268.9844
1555207,DLCworkshop03.esm,05001280,000366C0,WaterPurified,ALCH,1444.554321,8908.317383,158.399887,0.0
1555208,DLCworkshop03.esm,05001281,000366C0,WaterPurified,ALCH,1455.732666,8913.166016,158.399887,75.0
1555209,DLCworkshop03.esm,05001282,000366C0,WaterPurified,ALCH,1522.286011,8904.603516,99.338425,0.0008
1555210,DLCworkshop03.esm,05001285,00135790,ExtRubble_HiTec_Debris03,STAT,588.085266,8538.586914,-16.054882,208.0447
1555211,DLCworkshop03.esm,05001288,0013578B,ExtRubble_HiTec_Debris04,STAT,582.439575,8529.384766,-30.813316,238.4933
1555212,DLCworkshop03.esm,0500128B,001AAD69,MakeshiftBattery01,MISC,215.902878,9350.708984,-1.5e-05,302.7043
1555213,DLCworkshop03.esm,0500128C,001240F1,Armor_MiningHelmet,ARMO,641.106995,8452.363281,39.1008,149.4582
1555214,DLCworkshop03.esm,0500128D,0011DA0F,Blowtorch,MISC,616.327942,8444.759766,38.255356,293.6064
1555215,DLCworkshop03.esm,05001290,0010693E,Rubble_Flat_Trash_Sm04,STAT,474.758118,8439.646484,24.083498,327.2974
1555216,DLCworkshop03.esm,05001291,001914A2,Rubble_Pile_Debris_06,STAT,370.792145,8694.880859,24.500008,0.0
1555217,DLCworkshop03.esm,05001292,00001B54,RubChunkiesSmall02,STAT,343.508698,8751.212891,24.500008,308.7203
1555218,DLCworkshop03.esm,05001293,0006FB24,BldConcSmDmgFlrChunk02,STAT,318.234802,8698.943359,19.419853,222.4902
1555219,DLCworkshop03.esm,05001294,0019A6B1,HighTechDebris04,STAT,438.42395,8503.735352,22.432356,239.6789
1555220,DLCworkshop03.esm,05001299,0019A6B1,HighTechDebris04,STAT,-48.782757,8540.933594,24.453506,302.7044
1555221,DLCworkshop03.esm,0500129A,0010693C,Rubble_Flat_Trash_Sm02,STAT,-40.720703,8514.936523,24.249969,127.7254
1555222,DLCworkshop03.esm,0500129B,0010693C,Rubble_Flat_Trash_Sm02,STAT,-72.804848,8775.681641,24.22678,127.7254
1555223,DLCworkshop03.esm,0500129C,001914A2,Rubble_Pile_Debris_06,STAT,-32.154152,8781.52832,24.499969,0.0
1555224,DLCworkshop03.esm,0500129D,001914A2,Rubble_Pile_Debris_06,STAT,236.014526,8515.041992,24.25,0.0
1555225,DLCworkshop03.esm,0500129E,00001B54,RubChunkiesSmall02,STAT,176.347198,8534.279297,24.500008,308.7203
1555226,DLCworkshop03.esm,0500129F,0010693C,Rubble_Flat_Trash_Sm02,STAT,172.1185,8503.830078,24.249969,127.7254
1555227,DLCworkshop03.esm,050012A0,0010693C,Rubble_Flat_Trash_Sm02,STAT,347.046021,8479.494141,24.249969,179.2916
1555228,DLCworkshop03.esm,050012A1,0019149E,Rubble_Pile_Debris_05,STAT,143.749939,8704.186523,24.250031,0.0
1555229,DLCworkshop03.esm,050012A2,0010693C,Rubble_Flat_Trash_Sm02,STAT,191.802032,8714.054688,24.249969,36.0521
1555230,DLCworkshop03.esm,050012A8,0003AA21,RockM01,STAT,-1309.31189,9853.952148,1601.869629,307.4262
1555231,DLCworkshop03.esm,050012AA,0003B2E0,RockS01,STAT,-1243.958984,9760.742188,1509.726807,184.7666
1555232,DLCworkshop03.esm,050012AB,0003AA22,RockM02,STAT,-1454.07251,9651.151367,1511.709717,0.0
1555233,DLCworkshop03.esm,050012BF,00148C6F,DefaultLightCoolFLNS,LIGH,1795.884644,8927.867188,161.913727,270.0
1555234,DLCworkshop03.esm,050012C0,00148C6F,DefaultLightCoolFLNS,LIGH,5647.85791,8925.362305,351.481018,0.0
1555235,DLCworkshop03.esm,050012C1,00148C70,DefaultLightCoolFLNSNonSpec,LIGH,2215.635742,9498.734375,168.757477,0.0
1555236,DLCworkshop03.esm,050012C2,001852EF,DefaultLightCoolFLNSNonSpecFlicker,LIGH,3310.038818,8094.647949,116.716431,0.0
1555237,DLCworkshop03.esm,050012C3,001852EF,DefaultLightCoolFLNSNonSpecFlicker,LIGH,2016.542236,8877.385742,124.295227,0.0
1555238,DLCworkshop03.esm,050012C4,00155875,defaultLightWarm01SpotNS,LIGH,2738.132568,9192.011719,174.801239,217.0237
1555239,DLCworkshop03.esm,050012C5,000517B0,DefaultLightWhite01NS,LIGH,1667.804321,7986.427734,221.972015,90.0001
1555240,DLCworkshop03.esm,050012C6,00061F29,DefaultLightWhite01NSFlicker,LIGH,1961.015015,8872.264648,262.38562,0.0
1555241,DLCworkshop03.esm,050012C7,000D8556,DefaultLightWhite01NSNonSpec,LIGH,3354.651855,8098.217285,134.631836,0.0
1555242,DLCworkshop03.esm,050012C8,000D8556,DefaultLightWhite01NSNonSpec,LIGH,3381.812012,8877.717773,151.357437,0.0
1555243,DLCworkshop03.esm,050012CA,05004D4D,DLC06LightWhite01Hemi,LIGH,1665.112793,7883.33252,279.518677,270.0
1555244,DLCworkshop03.esm,050012CB,05004D4F,DLC06UraniumLightPulse,LIGH,1214.414673,-1109.122314,-355.44281,134.9994
1555245,DLCworkshop03.esm,050012CC,050012BD,DLC06VaultBulbRedNS,LIGH,1781.453857,8870.90332,152.016159,270.0
1555246,DLCworkshop03.esm,050012CD,050012BD,DLC06VaultBulbRedNS,LIGH,1579.865356,9545.373047,137.513275,270.0
1555247,DLCworkshop03.esm,050012CE,050012BD,DLC06VaultBulbRedNS,LIGH,1572.698486,9523.464844,174.116379,270.0
1555248,DLCworkshop03.esm,050012CF,050012BD,DLC06VaultBulbRedNS,LIGH,1568.56958,9387.158203,137.513275,270.0
1555249,DLCworkshop03.esm,050012D0,050012BD,DLC06VaultBulbRedNS,LIGH,2080.55835,8533.286133,162.97171,270.0
1555250,DLCworkshop03.esm,050012D1,050012BD,DLC06VaultBulbRedNS,LIGH,2021.791382,8458.250977,138.856995,270.0
1555251,DLCworkshop03.esm,050012D2,050012BE,DLC06VaultCageBulbRed,LIGH,1572.503174,9598.40625,250.916031,270.0
1555252,DLCworkshop03.esm,050012D3,050012BE,DLC06VaultCageBulbRed,LIGH,1751.835327,8961.777344,245.627762,0.0
1555253,DLCworkshop03.esm,050012D4,050012BE,DLC06VaultCageBulbRed,LIGH,2073.458008,8564.344727,252.259735,270.0
1555254,DLCworkshop03.esm,050012D5,05005E41,DLC06VltLightFluorResHallLightOff,LIGH,2976.0,8689.165039,296.0,0.0
1555255,DLCworkshop03.esm,050012D6,05005E41,DLC06VltLightFluorResHallLightOff,LIGH,2463.392578,9056.592773,296.0,0.0
1555256,DLCworkshop03.esm,0500153A,000821BD,MistLargeRoundDustyDim,MSTT,2464.0,8872.0,288.0,0.0
1555257,DLCworkshop03.esm,050012DC,000821BD,MistLargeRoundDustyDim,MSTT,2645.539795,8142.451172,283.898346,0.0
1555258,DLCworkshop03.esm,050012DD,000821BD,MistLargeRoundDustyDim,MSTT,3249.71582,8100.495117,285.49234,0.0
1555259,DLCworkshop03.esm,050012DE,000821BD,MistLargeRoundDustyDim,MSTT,2478.286377,9214.598633,299.899841,0.0
1555260,DLCworkshop03.esm,050012DF,000821BD,MistLargeRoundDustyDim,MSTT,2717.674561,9568.017578,312.315552,0.0
1555261,DLCworkshop03.esm,050012E0,000821BD,MistLargeRoundDustyDim,MSTT,1570.60022,9586.175781,248.462418,270.0001
1555262,DLCworkshop03.esm,050012E2,000821BD,MistLargeRoundDustyDim,MSTT,1756.166504,8974.522461,239.612411,270.0001
1555263,DLCworkshop03.esm,050012E3,000821BD,MistLargeRoundDustyDim,MSTT,2074.749512,8577.776367,240.663086,270.0001
1555264,DLCworkshop03.esm,050012E4,000821BD,MistLargeRoundDustyDim,MSTT,2520.125977,8051.905762,279.050903,0.0
1555265,DLCworkshop03.esm,050012E5,000821BD,MistLargeRoundDustyDim,MSTT,2657.489502,8182.569824,279.050903,315.0
1555266,DLCworkshop03.esm,050012E6,000821BD,MistLargeRoundDustyDim,MSTT,2132.441162,8102.231445,273.524139,0.0
1555267,DLCworkshop03.esm,050012E7,000821BD,MistLargeRoundDustyDim,MSTT,2030.180664,8209.131836,262.31781,45.0
1555268,DLCworkshop03.esm,050012E8,000821BD,MistLargeRoundDustyDim,MSTT,2040.871948,7746.647461,264.404327,0.0
1555269,DLCworkshop03.esm,050012E9,000821BD,MistLargeRoundDustyDim,MSTT,2138.807617,7486.63623,264.404327,45.0
1555270,DLCworkshop03.esm,050012EA,000821BD,MistLargeRoundDustyDim,MSTT,2008.87854,7277.592285,153.925232,45.0
1555271,DLCworkshop03.esm,050012EB,000821BD,MistLargeRoundDustyDim,MSTT,3646.220703,8663.633789,451.707489,45.0
1555272,DLCworkshop03.esm,050012EC,000821BD,MistLargeRoundDustyDim,MSTT,3708.00293,8630.431641,377.198181,45.0
1555273,DLCworkshop03.esm,050012ED,001C9080,MistLargeRoundDustyDimmer,MSTT,2911.838379,8227.009766,293.090485,0.0
1555274,DLCworkshop03.esm,050012EE,001C9080,MistLargeRoundDustyDimmer,MSTT,3250.180664,8871.882812,280.893768,0.0
1555275,DLCworkshop03.esm,050012EF,001C9080,MistLargeRoundDustyDimmer,MSTT,2484.985107,9482.193359,286.801758,0.0
1555276,DLCworkshop03.esm,050012F0,001C9080,MistLargeRoundDustyDimmer,MSTT,2783.988037,9360.237305,293.326477,315.0
1555277,DLCworkshop03.esm,050012F1,001C9080,MistLargeRoundDustyDimmer,MSTT,2637.296875,9294.211914,270.756073,315.0
1555278,DLCworkshop03.esm,050012F2,001C9080,MistLargeRoundDustyDimmer,MSTT,2457.130859,9300.694336,286.801758,315.0
1555279,DLCworkshop03.esm,050012F3,001C9080,MistLargeRoundDustyDimmer,MSTT,2222.993408,9315.560547,278.722107,270.0001
1555280,DLCworkshop03.esm,050012F4,000969BA,KlaxonLight01,MSTT,3295.080322,8566.232422,303.978119,0.0
1555281,DLCworkshop03.esm,050012F5,000969BA,KlaxonLight01,MSTT,2113.088867,8880.158203,314.536041,350.5389
1555282,DLCworkshop03.esm,050012F6,000969BA,KlaxonLight01,MSTT,1966.398193,7217.598633,133.945679,350.5389
1555283,DLCworkshop03.esm,050012F7,000969BA,KlaxonLight01,MSTT,1600.25,8104.847168,280.541199,29.0546
1555284,DLCworkshop03.esm,050012F8,000969BA,KlaxonLight01,MSTT,4000.730225,8206.329102,328.884979,0.0
1555285,DLCworkshop03.esm,050012F9,000969BA,KlaxonLight01,MSTT,3295.080322,8566.232422,303.978119,0.0
1555286,DLCworkshop03.esm,050012FA,000969BA,KlaxonLight01,MSTT,2113.088867,8880.158203,314.536041,350.5389
1555287,DLCworkshop03.esm,050012FB,000969BA,KlaxonLight01,MSTT,1966.398193,7217.598633,133.945679,350.5389
1555288,DLCworkshop03.esm,050012FC,000969BA,KlaxonLight01,MSTT,1600.25,8104.847168,280.541199,29.0546
1555289,DLCworkshop03.esm,050012FD,000969BA,KlaxonLight01,MSTT,4000.730225,8206.329102,328.884979,0.0
1555290,DLCworkshop03.esm,05001303,00174FE6,VltLight01FluorBox,STAT,1470.990967,8679.414062,295.0578,270.0
1555291,DLCworkshop03.esm,05001304,001A5F73,VltLight02FluorResHallHalf,STAT,2465.609863,9562.464844,316.315552,0.0
1555292,DLCworkshop03.esm,05001305,001A5F73,VltLight02FluorResHallHalf,STAT,2725.002197,9562.464844,316.315552,0.0
1555293,DLCworkshop03.esm,05001306,001A5F73,VltLight02FluorResHallHalf,STAT,2469.537842,9204.941406,316.0,0.0
1555294,DLCworkshop03.esm,05001307,001A5F73,VltLight02FluorResHallHalf,STAT,1512.001587,9296.745117,300.417084,270.0
1555295,DLCworkshop03.esm,05004461,001A5F74,VltLight02FluorResHallHalfLit,STAT,1512.001587,9296.745117,300.417084,270.0
1555296,DLCworkshop03.esm,05001308,001A5F74,VltLight02FluorResHallHalfLit,STAT,2725.002197,9562.464844,316.315552,0.0
1555297,DLCworkshop03.esm,05001309,001A5F74,VltLight02FluorResHallHalfLit,STAT,3443.177246,7794.12207,304.833862,0.0
1555298,DLCworkshop03.esm,0500130A,001A5F74,VltLight02FluorResHallHalfLit,STAT,3538.616943,7876.979492,304.833862,270.0
1555299,DLCworkshop03.esm,0500130B,0020C157,VltLight02FluorResHallLitRackHalf,STAT,2469.537842,9204.941406,316.0,180.0
1555300,DLCworkshop03.esm,0500130C,00174FFB,VltLight04Spot,STAT,2272.0,8872.0,362.300964,0.0
1555301,DLCworkshop03.esm,0500130D,00174FFB,VltLight04Spot,STAT,3745.924561,8808.170898,327.193176,0.0
1555302,DLCworkshop03.esm,0500130E,00174FF8,VltLight04SpotLit,STAT,2272.0,8872.0,362.300964,0.0
1555303,DLCworkshop03.esm,0500130F,00174FF8,VltLight04SpotLit,STAT,3742.383301,8171.604004,325.391113,0.0
1555304,DLCworkshop03.esm,05001310,00175002,VltLight05UtilCage01MountedRed,STAT,1572.503662,9603.455078,256.008301,0.0
1555305,DLCworkshop03.esm,05001311,00175003,VltLight05UtilCage01MountedRedLit,STAT,1572.503662,9603.455078,256.008301,0.0
1555306,DLCworkshop03.esm,05001312,00175003,VltLight05UtilCage01MountedRedLit,STAT,1755.433716,8976.72168,250.34227,0.0001
1555307,DLCworkshop03.esm,05001313,00175003,VltLight05UtilCage01MountedRedLit,STAT,2072.932373,8580.478516,255.897522,0.0001
1555308,DLCworkshop03.esm,05001314,00174FFE,VltLight05UtilCage01MountedWhite,STAT,1755.433716,8768.714844,251.400696,180.0001
1555309,DLCworkshop03.esm,05001315,00174FFE,VltLight05UtilCage01MountedWhite,STAT,3621.603271,8338.194336,475.944672,270.0001
1555310,DLCworkshop03.esm,05001316,00174FFE,VltLight05UtilCage01MountedWhite,STAT,2184.435059,7191.187988,123.759621,90.0001
1555311,DLCworkshop03.esm,05001317,00174FFE,VltLight05UtilCage01MountedWhite,STAT,2170.564453,7769.254395,262.577301,90.0001
1555312,DLCworkshop03.esm,05001318,00174FFE,VltLight05UtilCage01MountedWhite,STAT,1661.460205,7870.782227,283.028961,180.0001
1555313,DLCworkshop03.esm,05001319,00175001,VltLight05UtilCage01MountedWhiteLit,STAT,1661.460205,7870.782227,283.028961,180.0001
1555314,DLCworkshop03.esm,0500131D,05005E6C,DLC06ScrapableSuperReactorLeaf,STAT,-2082.18457,7207.435059,19.505018,347.7238
1555315,DLCworkshop03.esm,05005BD1,0500140A,DLC06ScrapableExtRubble_HiTec_Tiny_Mid02,STAT,226.472549,8634.630859,-1.918381,142.2762
1555316,DLCworkshop03.esm,050013D7,0018B9C8,BonesRibCageStatic,STAT,883.364807,8513.006836,64.27243,276.7707
1555317,DLCworkshop03.esm,050013DA,0018B9CD,BonesSkullStatic,STAT,912.559143,8512.56543,62.555313,63.9101
1555318,DLCworkshop03.esm,050013EC,0018B9D0,BonesLeftArmStatic,STAT,889.353149,8543.354492,58.81675,24.8681
1555319,DLCworkshop03.esm,050013FA,0018B9C4,BonesHandLeftStatic,STAT,910.747864,8564.477539,57.742199,87.5715
1555320,DLCworkshop03.esm,05001400,0018B9CA,BonesRightArmStatic,STAT,518.945312,8497.519531,99.287727,74.4844
1555321,DLCworkshop03.esm,05001401,0018B9CD,BonesSkullStatic,STAT,590.501221,8543.334961,43.320614,55.8201
1555322,DLCworkshop03.esm,05001402,0018B9CD,BonesSkullStatic,STAT,495.088562,8487.887695,117.632744,18.565
1555323,DLCworkshop03.esm,05001403,0018B9C8,BonesRibCageStatic,STAT,495.482605,8502.675781,110.589592,344.703
1555324,DLCworkshop03.esm,05001404,0018B9D0,BonesLeftArmStatic,STAT,641.758179,8551.544922,24.542387,57.2964
1555325,DLCworkshop03.esm,05001405,0018B9C5,BonesHandRightStatic,STAT,669.719543,8561.069336,27.115643,93.9612
1555326,DLCworkshop03.esm,05001407,0010693B,Rubble_Flat_Trash_Sm01,STAT,677.279297,8509.303711,24.212481,68.7536
1555327,DLCworkshop03.esm,0500140C,05005E59,VltWorkShopCaveDirtPileHalf02,STAT,-870.75531,6619.366211,37.572079,177.8679
1555328,DLCworkshop03.esm,05001433,05005457,DLC06IntVaultGenericA,ASPC,2914.309082,8281.140625,332.160156,0.0
1555329,DLCworkshop03.esm,0500143A,05005457,DLC06IntVaultGenericA,ASPC,1207.014404,8503.085937,-124.510742,0.0
1555330,DLCworkshop03.esm,05001440,0003251F,DefaultSetStageTriggerPlayerOnly,ACTI,-89.50946,8542.333008,193.79541,0.0
1555331,DLCworkshop03.esm,0500144C,0500144B,DLC06UraniumLightPulseDim,LIGH,-2241.78418,8385.0,-93.681374,0.0
1555332,DLCworkshop03.esm,0500144D,0500144B,DLC06UraniumLightPulseDim,LIGH,-2041.186768,8438.419922,-28.310944,0.0
1555333,DLCworkshop03.esm,0500144E,0500144B,DLC06UraniumLightPulseDim,LIGH,-2173.27002,8203.510742,79.645081,0.0
1555334,DLCworkshop03.esm,0500144F,0500144B,DLC06UraniumLightPulseDim,LIGH,-2113.915283,8259.161133,-27.63246,0.0
1555335,DLCworkshop03.esm,05001450,0500144B,DLC06UraniumLightPulseDim,LIGH,-2430.045166,8290.138672,-28.410471,0.0
1555336,DLCworkshop03.esm,05001451,0500144B,DLC06UraniumLightPulseDim,LIGH,-2445.755859,8476.890625,-17.393799,0.0
1555337,DLCworkshop03.esm,05001459,0500144B,DLC06UraniumLightPulseDim,LIGH,-2337.228516,8560.524414,-22.638496,0.0
1555338,DLCworkshop03.esm,05001465,0500144B,DLC06UraniumLightPulseDim,LIGH,-2300.52832,8199.135742,-20.98328,0.0
1555339,DLCworkshop03.esm,05001466,0500144B,DLC06UraniumLightPulseDim,LIGH,-2107.223145,8515.694336,-24.684574,0.0
1555340,DLCworkshop03.esm,05001467,0500144B,DLC06UraniumLightPulseDim,LIGH,-2240.793945,8553.863281,-21.114311,0.0
1555341,DLCworkshop03.esm,05001468,0500144B,DLC06UraniumLightPulseDim,LIGH,-2237.584717,8532.948242,3.708374,0.0
1555342,DLCworkshop03.esm,05001469,0500144B,DLC06UraniumLightPulseDim,LIGH,-2200.586914,8549.705078,69.431473,0.0
1555343,DLCworkshop03.esm,0500146B,05005E6C,DLC06ScrapableSuperReactorLeaf,STAT,-2644.250977,7699.516602,171.889923,295.5374
1555344,DLCworkshop03.esm,0500147F,00024843,TrafficCone,MSTT,-2324.477295,7735.431152,1.467008,0.0001
1555345,DLCworkshop03.esm,05001485,00024843,TrafficCone,MSTT,-2296.022705,7868.013672,15.529265,259.2572
1555346,DLCworkshop03.esm,05001486,00024843,TrafficCone,MSTT,-1959.035889,7367.72998,15.527271,285.1855
1555347,DLCworkshop03.esm,0500148B,00024843,TrafficCone,MSTT,-1838.908569,7304.838379,1.466635,285.5155
1555348,DLCworkshop03.esm,0500148C,00024843,TrafficCone,MSTT,-1870.851196,7262.079102,1.466635,262.5972
1555349,DLCworkshop03.esm,0500148D,00024843,TrafficCone,MSTT,-1905.31543,6995.125977,15.527271,259.2572
1555350,DLCworkshop03.esm,0500148E,00024848,ConstructionBarrier02,MSTT,-2064.837646,7755.05127,19.021105,358.7693
1555351,DLCworkshop03.esm,0500148F,00024848,ConstructionBarrier02,MSTT,-2252.924316,7760.363281,-0.12301,208.4953
1555352,DLCworkshop03.esm,05001490,050055D6,DLC06VaultSignConstruct05,STAT,-1786.159546,7228.549805,0.189274,270.0001
1555353,DLCworkshop03.esm,05001491,0500144B,DLC06UraniumLightPulseDim,LIGH,-2247.169434,8398.071289,32.370838,0.0
1555354,DLCworkshop03.esm,050014BF,00024710,IndCatMid01,STAT,5944.248047,9022.25,240.0,76.8677
1555355,DLCworkshop03.esm,050014C0,00039388,CaveHall1WayHalf01Floor,STAT,5802.154785,9579.365234,222.871857,344.8712
1555356,DLCworkshop03.esm,050014C1,00039388,CaveHall1WayHalf01Floor,STAT,5868.96875,9332.237305,222.871857,344.8712
1555357,DLCworkshop03.esm,050014C2,05002502,DLC06IndCatStairsTurnLHalfSide02,STAT,6200.82373,9049.25,240.0,76.8677
1555358,DLCworkshop03.esm,050014C5,000247E8,IndFrame256x256VShape01,STAT,6115.117676,8782.80957,240.0,346.8677
1555359,DLCworkshop03.esm,050014C6,000247E4,IndFrame256x256EmptyShape01,STAT,6115.117676,8782.80957,-16.0,346.8677
1555360,DLCworkshop03.esm,050014EF,00148C70,DefaultLightCoolFLNSNonSpec,LIGH,5945.248535,8855.927734,304.265167,166.06
1555361,DLCworkshop03.esm,050014F8,0004F0DD,CaveMoundRocksTall01,STAT,6066.924316,9326.560547,172.750336,12.6907
1555362,DLCworkshop03.esm,05001506,0003A0D2,CavePlatCorIn01,STAT,5944.758301,9373.208984,97.796852,314.1634
1555363,DLCworkshop03.esm,05001518,0004F144,CavePedestalColumnThin02,STAT,5783.108887,9157.196289,-13.540684,350.2027
1555364,DLCworkshop03.esm,05001519,0004F0DD,CaveMoundRocksTall01,STAT,5892.611816,9138.393555,19.516281,12.6907
1555365,DLCworkshop03.esm,0500151A,0004F0DD,CaveMoundRocksTall01,STAT,5990.40625,9162.03125,98.336784,12.6907
1555366,DLCworkshop03.esm,0500151B,0004F0EC,CaveMoundRocksTall03,STAT,6112.272461,8932.783203,118.038109,319.9941
1555367,DLCworkshop03.esm,0500151C,0004F100,CaveMoundRocksMed04,STAT,6104.068848,9104.168945,174.526825,317.2603
1555368,DLCworkshop03.esm,0500151D,0004F100,CaveMoundRocksMed04,STAT,6213.308594,9225.1875,343.820709,207.5797
1555369,DLCworkshop03.esm,0500151E,0004F100,CaveMoundRocksMed04,STAT,6325.529297,8946.164062,445.40686,344.7874
1555370,DLCworkshop03.esm,0500151F,0004F100,CaveMoundRocksMed04,STAT,6351.370117,9215.94043,473.821869,180.8395
1555371,DLCworkshop03.esm,05001520,0004F0E2,CaveMoundRocksMed02,STAT,6399.111328,9196.320312,516.846802,84.0637
1555372,DLCworkshop03.esm,05001522,0004F0E2,CaveMoundRocksMed02,STAT,6340.506836,9032.598633,347.54071,283.452
1555373,DLCworkshop03.esm,05001523,0004F100,CaveMoundRocksMed04,STAT,6598.0,9086.642578,602.999634,165.4352
1555374,DLCworkshop03.esm,05001524,0004F100,CaveMoundRocksMed04,STAT,6517.939941,9107.074219,364.41272,357.6726
1555375,DLCworkshop03.esm,05001525,0004F14E,CaveColmRockTall,STAT,6593.315918,9036.144531,695.311768,0.0
1555376,DLCworkshop03.esm,05001526,0004F12A,CaveMoundRocksSmall02,STAT,6291.523926,9128.764648,311.432892,214.1288
1555377,DLCworkshop03.esm,05001527,0004F110,CaveMoundRocksTall04,STAT,6476.078125,9126.199219,646.563721,225.3557
1555378,DLCworkshop03.esm,05001528,0004F212,CaveRockM02,STAT,6395.529785,9021.663086,622.962463,284.7429
1555379,DLCworkshop03.esm,05001529,0004CEC6,CaveRockS01,STAT,6398.418945,9086.984375,619.964661,104.5022
1555380,DLCworkshop03.esm,0500152A,0004F212,CaveRockM02,STAT,6319.05957,9123.633789,595.819641,306.9868
1555381,DLCworkshop03.esm,0500152B,0004F0EC,CaveMoundRocksTall03,STAT,6551.660156,8962.21582,586.760803,244.4122
1555382,DLCworkshop03.esm,0500152C,0004CEC6,CaveRockS01,STAT,6234.188477,9114.030273,343.54071,308.4339
1555383,DLCworkshop03.esm,0500152D,0004CEC6,CaveRockS01,STAT,6244.089355,9103.782227,342.742981,180.4724
1555384,DLCworkshop03.esm,0500152E,0004CEC6,CaveRockS01,STAT,6262.769531,9029.476562,339.00119,13.1324
1555385,DLCworkshop03.esm,0500152F,0004CEC6,CaveRockS01,STAT,6269.215332,9008.80957,338.668671,161.1865
1555386,DLCworkshop03.esm,05001530,0004CEC6,CaveRockS01,STAT,6243.796875,9025.385742,333.98642,296.1881
1555387,DLCworkshop03.esm,05001531,0004CEC6,CaveRockS01,STAT,6165.460449,9079.527344,302.983521,65.9719
1555388,DLCworkshop03.esm,05001532,0004F127,CaveMoundDirtSmall03,STAT,6393.097656,9179.422852,377.359741,110.1256
1555389,DLCworkshop03.esm,05001533,0004CEC6,CaveRockS01,STAT,6406.86377,9143.801758,396.69928,125.6764
1555390,DLCworkshop03.esm,05001534,0004CEC6,CaveRockS01,STAT,6427.952637,9122.6875,398.655029,151.8627
1555391,DLCworkshop03.esm,05001535,0004F0ED,CaveMoundRocksMed03,STAT,5622.074707,9621.766602,316.586243,183.72
1555392,DLCworkshop03.esm,05001536,0004F12A,CaveMoundRocksSmall02,STAT,5780.246582,9280.960938,215.372482,0.0
1555393,DLCworkshop03.esm,05001537,0004F12A,CaveMoundRocksSmall02,STAT,5911.604492,9485.443359,204.874146,279.7206
1555394,DLCworkshop03.esm,0500153B,0004F132,CaveMoundRocksSmall04,STAT,5695.187012,9729.113281,190.584091,107.9892
1555395,DLCworkshop03.esm,05001540,0004F118,CaveMoundRocksLow04,STAT,5845.419434,9421.251953,194.122849,85.9437
1555396,DLCworkshop03.esm,05001541,0004F0EC,CaveMoundRocksTall03,STAT,5628.075684,9599.253906,212.05545,14.3767
1555397,DLCworkshop03.esm,05001542,0004F0E1,CaveMoundRocksLow02,STAT,5787.024902,9749.40625,195.974579,115.7521
1555398,DLCworkshop03.esm,05001543,0004F13C,CavePedestalColumnWide02,STAT,5877.766602,9999.013672,500.359558,302.1216
1555399,DLCworkshop03.esm,05001544,0004F0E1,CaveMoundRocksLow02,STAT,5723.378418,9946.299805,288.844116,119.9698
1555400,DLCworkshop03.esm,05001545,0004F0DF,CaveMoundRocksLow01,STAT,5937.703613,9340.288086,214.998962,16.8147
1555401,DLCworkshop03.esm,05001546,0004F213,CaveRockM03,STAT,5763.589844,9354.019531,440.190979,228.2578
1555402,DLCworkshop03.esm,05001547,0004F214,CaveRockM04,STAT,5748.720215,9277.560547,291.883057,35.2593
1555403,DLCworkshop03.esm,0500155B,0004F214,CaveRockM04,STAT,5908.492676,9335.155273,484.173096,147.649
1555404,DLCworkshop03.esm,05001569,0004F214,CaveRockM04,STAT,5946.028809,9375.330078,236.00502,61.4015
1555405,DLCworkshop03.esm,05001583,0004F214,CaveRockM04,STAT,5954.49707,9419.800781,408.519318,198.7653
1555406,DLCworkshop03.esm,05001584,0004F214,CaveRockM04,STAT,5736.098145,9518.695312,449.125641,198.7653
1555407,DLCworkshop03.esm,05001585,0004CEC6,CaveRockS01,STAT,5737.898438,9497.84375,457.364441,72.2591
1555408,DLCworkshop03.esm,05001586,0004CEC6,CaveRockS01,STAT,5728.329102,9526.654297,222.071106,258.0665
1555409,DLCworkshop03.esm,05001587,0004CEC6,CaveRockS01,STAT,5756.724121,9577.052734,191.349991,270.6865
1555410,DLCworkshop03.esm,05001588,0004F0DE,CaveMoundRocksMed01,STAT,5876.891113,9696.616211,486.653656,163.9506
1555411,DLCworkshop03.esm,050015A6,0004F0DD,CaveMoundRocksTall01,STAT,5792.108887,10032.574219,310.190399,335.5698
1555412,DLCworkshop03.esm,050015AD,0004CEC6,CaveRockS01,STAT,5855.836914,9190.489258,208.159393,108.8621
1555413,DLCworkshop03.esm,050015C4,0004F100,CaveMoundRocksMed04,STAT,6081.330566,8992.020508,150.373825,339.286
1555414,DLCworkshop03.esm,050015C5,0004F12E,CaveMoundRocksSmall01,STAT,6172.685547,8456.800781,434.506958,21.1653
1555415,DLCworkshop03.esm,050015D0,0004F0E1,CaveMoundRocksLow02,STAT,6090.575684,8375.731445,453.143677,12.9245
1555416,DLCworkshop03.esm,050015D3,0008A4FC,IndFreeRail1WaySideBrokenCap01,STAT,5824.815918,9251.457031,143.627457,94.0259
1555417,DLCworkshop03.esm,050015D4,0008A4FD,IndFreeRail1WaySideBrokenCap02,STAT,5910.331543,9262.333984,239.595398,274.5121
1555418,DLCworkshop03.esm,050015DA,0008A4FD,IndFreeRail1WaySideBrokenCap02,STAT,5894.447266,9169.732422,341.106384,138.4045
1555419,DLCworkshop03.esm,050015F1,00148C70,DefaultLightCoolFLNSNonSpec,LIGH,5746.73877,9764.270508,341.623993,166.06
1555420,DLCworkshop03.esm,050015F2,00148C70,DefaultLightCoolFLNSNonSpec,LIGH,5682.591797,9973.180664,522.473389,166.06
1555421,DLCworkshop03.esm,050015F9,0004F0E1,CaveMoundRocksLow02,STAT,5719.537598,9854.482422,270.756561,270.0
1555422,DLCworkshop03.esm,05001607,00148C70,DefaultLightCoolFLNSNonSpec,LIGH,5629.259766,10532.757812,624.421021,166.06
1555423,DLCworkshop03.esm,05001608,0004F0E1,CaveMoundRocksLow02,STAT,5644.820801,10330.470703,502.786865,270.0
1555424,DLCworkshop03.esm,05001609,0004F0ED,CaveMoundRocksMed03,STAT,5456.151367,10424.850586,722.20636,353.8396
1555425,DLCworkshop03.esm,0500160A,0004F100,CaveMoundRocksMed04,STAT,5637.874023,10419.871094,810.318665,325.4966
1555426,DLCworkshop03.esm,0500160B,0004F0DE,CaveMoundRocksMed01,STAT,5761.830078,10435.526367,591.137451,189.7348
1555427,DLCworkshop03.esm,0500160C,0004F0DE,CaveMoundRocksMed01,STAT,5509.416504,10657.464844,622.276917,187.1216
1555428,DLCworkshop03.esm,0500160D,0004F214,CaveRockM04,STAT,5551.278809,10525.704102,783.03064,350.6447
1555429,DLCworkshop03.esm,0500160F,0004CEC6,CaveRockS01,STAT,5553.950684,10466.748047,780.71991,180.0
1555430,DLCworkshop03.esm,05001610,0004F118,CaveMoundRocksLow04,STAT,5516.836914,8514.563477,-66.680923,264.2706
1555431,DLCworkshop03.esm,05001611,0004F118,CaveMoundRocksLow04,STAT,5258.273438,8488.921875,-71.170273,264.2706
1555432,DLCworkshop03.esm,05001612,00001B57,DecalDebris02,STAT,5393.79541,8593.087891,-46.170841,256.8677
1555433,DLCworkshop03.esm,05001613,00001B57,DecalDebris02,STAT,5486.666016,8913.972656,-46.422512,256.8677
1555434,DLCworkshop03.esm,05001614,00001B54,RubChunkiesSmall02,STAT,5639.325195,8770.863281,-46.549957,0.0
1555435,DLCworkshop03.esm,05001615,00001B54,RubChunkiesSmall02,STAT,5207.327148,8399.09668,-46.549957,0.0
1555436,DLCworkshop03.esm,05001616,000822CB,Shovel01,MISC,6058.587402,9033.164062,249.824478,186.6662
1555437,DLCworkshop03.esm,05001617,000822CB,Shovel01,MISC,5804.138184,9347.896484,233.882416,172.0195
1555438,DLCworkshop03.esm,05001618,05004C3C,DLC06MetalBarrelOpenStatic02,STAT,5770.70752,9430.751953,227.951218,269.0545
1555439,DLCworkshop03.esm,05001619,05004C3C,DLC06MetalBarrelOpenStatic02,STAT,6071.040527,8944.235352,265.222229,90.0
1555440,DLCworkshop03.esm,0500161A,0004CEC9,CaveMoundDirtMed03,STAT,6025.750977,8967.822266,239.25,63.0254
1555441,DLCworkshop03.esm,0500161B,000822CB,Shovel01,MISC,6135.769531,9003.170898,273.839905,184.9585
1555442,DLCworkshop03.esm,0500161C,00096A21,OilLamp_Off,MISC,5987.676758,9116.364258,247.056702,346.5034
1555443,DLCworkshop03.esm,0500161D,00096A21,OilLamp_Off,MISC,5858.855957,8672.607422,238.812729,270.0
1555444,DLCworkshop03.esm,0500161E,0019149F,Rubble_Pile_Debris_07,STAT,6014.26416,8994.19043,239.25,269.2903
1555445,DLCworkshop03.esm,0500161F,0019A6B2,HighTechDebris05,STAT,6003.722168,8997.482422,239.25,0.0
1555446,DLCworkshop03.esm,05001620,0004CEC6,CaveRockS01,STAT,6050.321777,9001.837891,242.151901,64.3444
1555447,DLCworkshop03.esm,05001621,0004CEC6,CaveRockS01,STAT,5975.994141,8955.306641,242.151901,58.0974
1555448,DLCworkshop03.esm,05001622,0004F212,CaveRockM02,STAT,5984.377441,8985.481445,242.155411,187.4028
1555449,DLCworkshop03.esm,05001623,0004F214,CaveRockM04,STAT,6007.207031,9010.416016,241.041626,130.3161
1555450,DLCworkshop03.esm,05001624,0004F214,CaveRockM04,STAT,5999.894043,8992.671875,241.041626,244.9346
1555451,DLCworkshop03.esm,05001625,0004F214,CaveRockM04,STAT,6006.32373,8965.279297,251.262756,233.4941
1555452,DLCworkshop03.esm,05001626,00000021,CollisionMarker,STAT,5887.678711,9271.612305,221.297668,76.8945
1555453,DLCworkshop03.esm,0500163C,00000021,CollisionMarker,STAT,524.499817,7975.501953,255.5,0.0
1555454,DLCworkshop03.esm,0500163D,000ED955,AMBIntCaveSpotWindA2DLPMarker,SOUN,3728.083496,-1742.192871,-783.840881,0.0
1555455,DLCworkshop03.esm,05001640,000ED957,AMBIntCaveSpotRumbleB2DLPMarker,SOUN,4029.898682,-4049.864014,-1112.186523,0.0
1555456,DLCworkshop03.esm,05001641,000ECCE9,AMBIntCaveSpotRumbleA2DLPMarker,SOUN,2224.215332,-1601.929077,-529.715454,0.0
1555457,DLCworkshop03.esm,05001642,001E3268,IntSubwayTrain,ASPC,6174.432129,-6511.04834,-1070.814087,91.9406
1555458,DLCworkshop03.esm,0500164F,00238BC5,AMBIntCaveDebrisRockfallmarker,SOUN,-10992.34668,-2520.007812,-877.738525,0.0
1555459,DLCworkshop03.esm,05001651,000ECCE9,AMBIntCaveSpotRumbleA2DLPMarker,SOUN,-10330.863281,-1631.295044,-874.955078,0.0
1555460,DLCworkshop03.esm,05001654,000ED957,AMBIntCaveSpotRumbleB2DLPMarker,SOUN,-10557.648438,-3977.665527,-621.738525,0.0
1555461,DLCworkshop03.esm,05001656,000ED955,AMBIntCaveSpotWindA2DLPMarker,SOUN,-11099.810547,-2745.195312,-877.738525,0.0
1555462,DLCworkshop03.esm,0500165D,000ED955,AMBIntCaveSpotWindA2DLPMarker,SOUN,-7436.120605,-4172.125,81.541199,0.0
1555463,DLCworkshop03.esm,05001666,00059FC0,AMBIntSubwayWind2DRad01LPmarker,SOUN,6233.95752,-4076.656982,-996.779907,92.4615
1555464,DLCworkshop03.esm,05001669,00059FC2,AMBIntSubwayWind2DRad02LPmarker,SOUN,7170.602539,-4448.635742,-1113.037109,89.8764
1555465,DLCworkshop03.esm,0500166A,00059FC4,IntSubwayTunnels,ASPC,6786.054199,-4723.473633,-810.576294,0.0
1555466,DLCworkshop03.esm,05001670,0008BBBA,IntGenericWoodMedium,ASPC,-9123.248047,-5682.033203,169.095703,164.4392
1555467,DLCworkshop03.esm,05001671,00059FC0,AMBIntSubwayWind2DRad01LPmarker,SOUN,-6280.518555,9118.804688,-191.39296,359.3632
1555468,DLCworkshop03.esm,05001672,00059FC2,AMBIntSubwayWind2DRad02LPmarker,SOUN,-6306.215332,8024.878418,-125.160919,358.4299
1555469,DLCworkshop03.esm,05001673,000A7697,IntVault111B,ASPC,2100.043457,6562.520996,247.326782,0.0
1555470,DLCworkshop03.esm,05001674,00218125,IntVaultGenericRoomB,ASPC,2579.810791,9434.176758,244.743744,0.0
1555471,DLCworkshop03.esm,05001675,0023839D,AMBInteriorVaultGenericSpotHumD2DLPmarker,SOUN,2280.989502,8100.729492,175.304703,178.4944
1555472,DLCworkshop03.esm,05001676,0023839B,AMBInteriorVaultGenericSpotHumC2DLPmarker,SOUN,3892.766113,8554.663086,280.115326,358.9836
1555473,DLCworkshop03.esm,05001677,00238399,AMBInteriorVaultGenericSpotHumB2DLPmarker,SOUN,1560.581665,9043.52832,150.459991,90.1671
1555474,DLCworkshop03.esm,050016C9,000517B0,DefaultLightWhite01NS,LIGH,-977.64209,7187.587402,158.539093,90.0001
1555475,DLCworkshop03.esm,050016CB,001A784B,OfficeBoxPapersOpen07,MSTT,2534.583008,7003.300293,-126.601044,67.4994
1555476,DLCworkshop03.esm,050016CC,001A77F3,OfficeBoxPapersOpen04,MSTT,2460.843994,6949.409668,-128.048004,292.5006
1555477,DLCworkshop03.esm,050016CE,00165024,OfficePaperDebris02,STAT,2217.717773,6926.595215,-127.373627,359.9995
1555478,DLCworkshop03.esm,050016CF,0003A9EC,OfficeBoxPapers02,STAT,2530.145752,6866.651855,34.577316,0.0002
1555479,DLCworkshop03.esm,050016D1,0003A9ED,OfficeBoxPapers03,STAT,2530.717529,6885.217285,-3.165237,276.3467
1555480,DLCworkshop03.esm,050016D2,0003A9EC,OfficeBoxPapers02,STAT,2532.918701,6922.883301,-3.156082,268.3262
1555481,DLCworkshop03.esm,050016D3,050011CA,DLC06ConBig01,STAT,2529.143311,6775.799316,-128.0,90.0001
1555482,DLCworkshop03.esm,050016D5,050011CB,DLC06ConBig02,STAT,2529.143311,6694.772949,-128.0,90.0001
1555483,DLCworkshop03.esm,050016D7,00001B8D,FirePanel01,STAT,1631.287231,6319.36084,44.086739,180.0
1555484,DLCworkshop03.esm,050016D8,000493A5,VltCeilingOverhangHalf01,STAT,2080.0,6480.0,544.0,0.0
1555485,DLCworkshop03.esm,050016D9,00049311,VltCeilingSmall01,STAT,2324.558838,6496.076172,544.0,0.0
1555486,DLCworkshop03.esm,050016DA,00049311,VltCeilingSmall01,STAT,1963.210937,6496.0,544.0,0.0
1555487,DLCworkshop03.esm,050016DB,00049311,VltCeilingSmall01,STAT,1963.210937,6144.0,321.334534,0.0
1555488,DLCworkshop03.esm,050016DC,000A855D,VltCeilingOverhangHalfPipeT01,STAT,2079.999756,6272.000977,335.999786,0.0
1555489,DLCworkshop03.esm,050016DD,00049311,VltCeilingSmall01,STAT,2324.558838,6144.076172,321.334534,0.0
1555490,DLCworkshop03.esm,050016DE,000493A5,VltCeilingOverhangHalf01,STAT,2080.0,6016.0,336.0,0.0
1555491,DLCworkshop03.esm,050016DF,000493A5,VltCeilingOverhangHalf01,STAT,1824.0,6016.0,336.0,0.0
1555492,DLCworkshop03.esm,050016E0,000493A5,VltCeilingOverhangHalf01,STAT,2336.0,6016.0,336.0,0.0
1555493,DLCworkshop03.esm,050016E1,0004930E,VltCeilingOverhangCorOut01,STAT,2432.0,6422.427734,448.0,0.0
1555494,DLCworkshop03.esm,050016E2,0004930E,VltCeilingOverhangCorOut01,STAT,1728.0,6422.427734,448.0,90.0
1555495,DLCworkshop03.esm,050016E3,0004930E,VltCeilingOverhangCorOut01,STAT,1728.0,6966.427734,448.0,180.0
1555496,DLCworkshop03.esm,050016E4,00049316,VltCeilingInsetHalf01,STAT,1728.0,6694.427734,272.0,270.0
1555497,DLCworkshop03.esm,050016E5,00049314,VltCeilingHalf01,STAT,1975.65686,6694.427734,800.0,90.0
1555498,DLCworkshop03.esm,050016E6,00049316,VltCeilingInsetHalf01,STAT,2432.0,6694.427734,272.0,90.0
1555499,DLCworkshop03.esm,050016E7,00049314,VltCeilingHalf01,STAT,2185.533203,6694.862305,800.0,269.993
1555500,DLCworkshop03.esm,050016E8,00049311,VltCeilingSmall01,STAT,2176.0,6144.0,544.0,180.0114
1555501,DLCworkshop03.esm,050016E9,00049311,VltCeilingSmall01,STAT,1984.0,6272.0,544.0,0.0
1555502,DLCworkshop03.esm,050016EA,0004930E,VltCeilingOverhangCorOut01,STAT,2432.0,6966.427734,448.0,270.0
1555503,DLCworkshop03.esm,050016EB,00049316,VltCeilingInsetHalf01,STAT,2080.0,7111.973633,273.650635,180.0
1555504,DLCworkshop03.esm,050016EC,00049312,VltCeilingInsetSmall01,STAT,2160.0,7110.427734,272.0,180.0
1555505,DLCworkshop03.esm,050016ED,00049312,VltCeilingInsetSmall01,STAT,1856.0,7110.427734,272.0,180.0
1555506,DLCworkshop03.esm,050016EE,00046970,V111Vent01,STAT,1664.0,6614.427734,656.0,0.0
1555507,DLCworkshop03.esm,050016EF,00046970,V111Vent01,STAT,1664.0,6774.427734,656.0,0.0
1555508,DLCworkshop03.esm,050016F0,00046970,V111Vent01,STAT,2496.0,6774.427734,656.0,0.0
1555509,DLCworkshop03.esm,050016F1,00046970,V111Vent01,STAT,2496.0,6614.427734,656.0,0.0
1555510,DLCworkshop03.esm,050016F2,0020A0EB,VltGreebVent01Rect,STAT,1824.0,7008.0,208.0,0.0
1555511,DLCworkshop03.esm,050016F3,0020A0EB,VltGreebVent01Rect,STAT,2336.0,7008.0,208.0,0.0
1555512,DLCworkshop03.esm,050016F4,0020A0F7,VltGreebVentCorOut01Rect,STAT,2263.905762,6379.193848,248.521683,270.0
1555513,DLCworkshop03.esm,050016F5,0020A0F3,VltGreebVentCap01Rect,STAT,1580.268677,6573.426758,-71.459,180.0
1555514,DLCworkshop03.esm,050016F6,0020A0F3,VltGreebVentCap01Rect,STAT,1580.268677,6816.0,-71.459,180.0
1555515,DLCworkshop03.esm,050016F7,0020A0F3,VltGreebVentCap01Rect,STAT,2576.638672,7007.780762,185.616882,0.0
1555516,DLCworkshop03.esm,050016FF,0020A0F3,VltGreebVentCap01Rect,STAT,1579.365356,7007.780762,185.616882,180.0
1555517,DLCworkshop03.esm,05001700,0020A0F7,VltGreebVentCorOut01Rect,STAT,1899.396729,6378.499023,248.521683,0.0
1555518,DLCworkshop03.esm,05001701,0020A0F3,VltGreebVentCap01Rect,STAT,1899.004028,6273.038574,229.129089,90.0
1555519,DLCworkshop03.esm,05001702,0020A0F3,VltGreebVentCap01Rect,STAT,2263.828857,6273.038574,229.129089,90.0
1555520,DLCworkshop03.esm,05001703,0020A113,VltGreebVentVertUp01Rect,STAT,1387.396729,6378.499023,248.521683,0.0
1555521,DLCworkshop03.esm,05001704,0020A113,VltGreebVentVertUp01Rect,STAT,2775.905762,6379.193848,248.521683,180.0001
1555522,DLCworkshop03.esm,05001705,0020A0F3,VltGreebVentCap01Rect,STAT,1974.326172,6378.391602,662.32251,97.927
1555523,DLCworkshop03.esm,05001706,0020A0F3,VltGreebVentCap01Rect,STAT,2914.310059,6378.363281,662.32251,97.927
1555524,DLCworkshop03.esm,05001707,00049D1B,VltStrutFree01,STAT,1872.000122,6263.999512,543.999939,180.0001
1555525,DLCworkshop03.esm,05001708,00049D1B,VltStrutFree01,STAT,2288.0,6263.999512,544.0,0.0001
1555526,DLCworkshop03.esm,0500170A,0020A0F3,VltGreebVentCap01Rect,STAT,2576.574707,6816.0,-71.459,0.0001
1555527,DLCworkshop03.esm,0500170B,0020A0F3,VltGreebVentCap01Rect,STAT,2576.574951,6573.426758,-71.459,0.0001
1555528,DLCworkshop03.esm,0500170D,0005F873,VltLgRmShellWallMid01,STAT,2336.0,6952.0,224.0,0.0
1555529,DLCworkshop03.esm,05001713,0020A107,VltGreebVentCoupler01,STAT,1649.272339,7080.000488,35.920929,270.0
1555530,DLCworkshop03.esm,05001714,0020A107,VltGreebVentCoupler01,STAT,1649.271851,6312.000488,35.920929,90.0
1555531,DLCworkshop03.esm,05001715,0020A0ED,VltGreebVent01Round,STAT,1649.272095,6696.000488,35.920929,90.0
1555532,DLCworkshop03.esm,05001716,0020A0ED,VltGreebVent01Round,STAT,1616.0,6808.000488,59.395584,90.0
1555533,DLCworkshop03.esm,05001717,0020A107,VltGreebVentCoupler01,STAT,1615.999512,6312.000488,16.173283,90.0
1555534,DLCworkshop03.esm,0500171A,0020A107,VltGreebVentCoupler01,STAT,1616.0,7080.000488,16.173294,270.0
1555535,DLCworkshop03.esm,0500171B,0020A0EE,VltGreebVent01RoundHalf,STAT,1615.999512,6196.232422,59.395584,90.0
1555536,DLCworkshop03.esm,0500171C,0020A107,VltGreebVentCoupler01,STAT,2515.043701,7074.851074,35.920929,270.0001
1555537,DLCworkshop03.esm,0500171D,0020A107,VltGreebVentCoupler01,STAT,2548.315918,7074.851074,16.173283,270.0001
1555538,DLCworkshop03.esm,05001724,0020A0EE,VltGreebVent01RoundHalf,STAT,2548.31665,7190.619141,59.395584,270.0001
1555539,DLCworkshop03.esm,0500172B,0020A0ED,VltGreebVent01Round,STAT,2515.043457,6690.851074,35.920929,270.0001
1555540,DLCworkshop03.esm,0500172C,0020A0ED,VltGreebVent01Round,STAT,2548.314941,6578.850586,59.395584,270.0001
1555541,DLCworkshop03.esm,0500172D,0020A107,VltGreebVentCoupler01,STAT,2548.314941,6306.851074,16.173294,90.0
1555542,DLCworkshop03.esm,0500172E,0020A107,VltGreebVentCoupler01,STAT,2515.042725,6306.851074,35.920929,90.0
1555543,DLCworkshop03.esm,0500172F,0020A0F3,VltGreebVentCap01Rect,STAT,1576.425049,6573.426758,-106.380096,0.0
1555544,DLCworkshop03.esm,05001730,0020A0F3,VltGreebVentCap01Rect,STAT,1576.425049,6815.623047,-106.380096,0.0
1555545,DLCworkshop03.esm,05001731,0020A0F3,VltGreebVentCap01Rect,STAT,2579.625732,6815.623047,-106.380096,180.0001
1555546,DLCworkshop03.esm,05001732,0020A0F3,VltGreebVentCap01Rect,STAT,2579.625732,6573.426758,-106.380096,180.0001
1555547,DLCworkshop03.esm,05001733,050011CC,DLC06ConBig03,STAT,2529.143311,6612.942871,-128.0,90.0001
1555548,DLCworkshop03.esm,05001736,050011CB,DLC06ConBig02,STAT,1631.904907,6612.942871,-128.0,270.0
1555549,DLCworkshop03.esm,05001748,0500499C,DLC06WorkshopVault_Crate_04_Steel,STAT,1638.96228,6399.570312,-127.85675,0.0
1555550,DLCworkshop03.esm,05001750,0500498D,DLC06WorkshopVault_Crate_01_Steel,STAT,1717.776978,6373.485352,-86.342957,0.0
1555551,DLCworkshop03.esm,05001755,0500498E,DLC06WorkshopVault_Crate_01_White,STAT,1701.980469,7019.086426,-127.856735,342.0665
1555552,DLCworkshop03.esm,05001756,05004992,DLC06WorkshopVault_Crate_02_Steel,STAT,2408.290771,6369.162109,-127.85675,349.8585
1555553,DLCworkshop03.esm,05001759,0500498D,DLC06WorkshopVault_Crate_01_Steel,STAT,2489.263184,6370.533691,-86.342957,0.0
1555554,DLCworkshop03.esm,05001767,050049A5,DLC06WorkshopVault_NightStand_01,STAT,2241.821289,7012.074707,-128.000061,342.926
1555555,DLCworkshop03.esm,0500176A,00024843,TrafficCone,MSTT,2343.23291,6383.497559,-126.533615,262.5972
1555556,DLCworkshop03.esm,0500176B,050055D6,DLC06VaultSignConstruct05,STAT,2387.568604,6319.917969,62.063263,270.0
1555557,DLCworkshop03.esm,0500176C,00135F29,MacPanelFlat12,STAT,2387.305664,6318.560059,61.932621,90.0
1555558,DLCworkshop03.esm,0500176D,00135F29,MacPanelFlat12,STAT,2387.305664,6316.666504,61.932621,90.0
1555559,DLCworkshop03.esm,0500176E,00135F29,MacPanelFlat12,STAT,1770.784424,6316.666504,61.932621,90.0
1555560,DLCworkshop03.esm,05001773,00135F29,MacPanelFlat12,STAT,1770.784424,6318.560059,61.932621,90.0
1555561,DLCworkshop03.esm,05001774,001A7DA3,Handcart01,STAT,2305.81958,7018.48877,-128.000031,0.0
1555562,DLCworkshop03.esm,05001775,00046970,V111Vent01,STAT,2272.507812,6066.180664,332.702179,270.0001
1555563,DLCworkshop03.esm,05001776,00046970,V111Vent01,STAT,1886.59021,6066.180664,332.702179,270.0001
1555564,DLCworkshop03.esm,05001777,00135F2A,MacPanelFlat13,STAT,1886.708008,6070.360352,331.483368,180.0
1555565,DLCworkshop03.esm,05001778,00135F2A,MacPanelFlat13,STAT,2271.969482,6070.360352,331.483368,270.0
1555566,DLCworkshop03.esm,05001818,05004988,DLC06WorkshopVault_Locker_01,CONT,1778.522339,7024.736328,-128.000061,6.1306
1555567,DLCworkshop03.esm,05001819,05004988,DLC06WorkshopVault_Locker_01,CONT,1833.787354,7028.334961,-128.000061,0.0
1555568,DLCworkshop03.esm,05001834,0500498B,DLC06WorkshopVault_Crate_01_Blue,STAT,2426.080322,7027.919434,-86.342957,0.0
1555569,DLCworkshop03.esm,05001835,05004992,DLC06WorkshopVault_Crate_02_Steel,STAT,2357.839111,7029.935059,-127.85675,349.8585
1555570,DLCworkshop03.esm,05001837,0003A9ED,OfficeBoxPapers03,STAT,2529.15625,6858.174316,-77.35968,276.3467
1555571,DLCworkshop03.esm,05001838,0003A9ED,OfficeBoxPapers03,STAT,2531.357422,6895.840332,-77.367088,211.0312
1555572,DLCworkshop03.esm,05001839,001A780B,OfficeBoxPapersOpen05,MSTT,2529.535645,6889.182617,-40.751472,292.5006
1555573,DLCworkshop03.esm,0500183D,0003A9ED,OfficeBoxPapers03,STAT,2529.193604,6849.716309,-115.450195,241.9695
1555574,DLCworkshop03.esm,0500183E,0003A9ED,OfficeBoxPapers03,STAT,2527.390381,6527.65332,-115.450195,270.6171
1555575,DLCworkshop03.esm,050019BD,0003A9ED,OfficeBoxPapers03,STAT,2533.80835,6921.108398,-115.450195,174.1789
1555576,DLCworkshop03.esm,050019BF,0003A9ED,OfficeBoxPapers03,STAT,2531.333252,6504.742676,-39.412853,268.3262
1555577,DLCworkshop03.esm,050019C0,0003A9ED,OfficeBoxPapers03,STAT,2529.303467,6468.797852,-39.405441,276.3467
1555578,DLCworkshop03.esm,050019C1,0003A9EC,OfficeBoxPapers02,STAT,2529.943359,6479.420898,-77.367088,211.0312
1555579,DLCworkshop03.esm,050019C3,0003A9EC,OfficeBoxPapers02,STAT,2489.678223,6820.552246,-126.712555,190.4042
1555580,DLCworkshop03.esm,050019C5,0003A9ED,OfficeBoxPapers03,STAT,1632.307129,6512.635742,-78.47184,211.0312
1555581,DLCworkshop03.esm,050019C7,0003A9ED,OfficeBoxPapers03,STAT,1630.105957,6474.969727,-78.464432,276.3467
1555582,DLCworkshop03.esm,050019C8,0003A9ED,OfficeBoxPapers03,STAT,1631.077881,6465.553711,-116.946747,241.9695
1555583,DLCworkshop03.esm,050019C9,0003A9ED,OfficeBoxPapers03,STAT,1635.692627,6536.945801,-116.691559,174.1789
1555584,DLCworkshop03.esm,050019CA,0003A9EC,OfficeBoxPapers02,STAT,1633.049805,6527.98877,-40.840187,268.3262
1555585,DLCworkshop03.esm,050019CB,0003A9ED,OfficeBoxPapers03,STAT,1630.848633,6490.322754,-40.851921,276.3467
1555586,DLCworkshop03.esm,050019CD,0003A9ED,OfficeBoxPapers03,STAT,1632.979004,6912.240234,-116.795258,270.6171
1555587,DLCworkshop03.esm,050019CE,0003A9EC,OfficeBoxPapers02,STAT,1635.531982,6864.007812,-78.712151,211.0312
1555588,DLCworkshop03.esm,050019CF,0003A9ED,OfficeBoxPapers03,STAT,1637.093262,6891.050781,-40.757912,268.3262
1555589,DLCworkshop03.esm,050019D0,0003A9ED,OfficeBoxPapers03,STAT,1634.89209,6853.384766,-40.7505,276.3467
1555590,DLCworkshop03.esm,050019D1,001A780B,OfficeBoxPapersOpen05,MSTT,1635.88501,6902.5,-3.247849,315.4189
1555591,DLCworkshop03.esm,050019D2,001A780B,OfficeBoxPapersOpen05,MSTT,1869.079224,6564.037598,-128.000061,315.4189
1555592,DLCworkshop03.esm,050019D3,001A784B,OfficeBoxPapersOpen07,MSTT,1842.806396,6634.505371,-128.000061,275.312
1555593,DLCworkshop03.esm,050019D4,001A781C,OfficeBoxPapersOpen06,MSTT,1686.77771,6965.664551,-128.000061,1.2556
1555594,DLCworkshop03.esm,050019D5,00165024,OfficePaperDebris02,STAT,1843.255005,6589.642578,-127.645409,302.7038
1555595,DLCworkshop03.esm,050019D6,00165024,OfficePaperDebris02,STAT,1664.349243,6488.532715,-127.645409,302.7038
1555596,DLCworkshop03.esm,050019D7,0016501E,OfficePaperDebris06,STAT,1730.174683,6409.249512,-127.645409,159.4644
1555597,DLCworkshop03.esm,050019DA,0003A9F2,OfficePaperDebris01,STAT,1696.383301,6925.522461,-127.645409,302.7038
1555598,DLCworkshop03.esm,050019DB,00024843,TrafficCone,MSTT,1914.16626,6327.015137,-112.499252,160.6823
1555599,DLCworkshop03.esm,050019DC,001A594C,Bin_Plastic,MSTT,1639.455566,6980.335449,-65.529633,0.0
1555600,DLCworkshop03.esm,050019DD,001A594C,Bin_Plastic,MSTT,1714.386841,6488.135742,-128.000046,0.0
1555601,DLCworkshop03.esm,050019DE,001A594C,Bin_Plastic,MSTT,2536.969727,6847.50293,-40.691353,306.1378
1555602,DLCworkshop03.esm,050019DF,001A594C,Bin_Plastic,MSTT,2487.392822,6549.25,-128.000031,114.5916
1555603,DLCworkshop03.esm,050019E3,0004B6E9,Loot_Prewar_Medkit,CONT,1914.634155,7011.278809,-117.76445,29.45
1555604,DLCworkshop03.esm,050019E4,001A594C,Bin_Plastic,MSTT,2001.0896,6432.226562,-60.360775,22.9183
1555605,DLCworkshop03.esm,050019E6,000366C0,WaterPurified,ALCH,2022.290405,6441.72168,-56.942448,270.029
1555606,DLCworkshop03.esm,050019E7,050049A4,DLC06WorkshopVault_FloorMat_Small_01,STAT,2259.236572,6720.971191,-127.914001,180.5157
1555607,DLCworkshop03.esm,050019E8,050049A4,DLC06WorkshopVault_FloorMat_Small_01,STAT,2262.582031,6786.058594,-127.914001,180.5157
1555608,DLCworkshop03.esm,050019E9,050049A4,DLC06WorkshopVault_FloorMat_Small_01,STAT,1938.290527,6795.753906,-127.914001,180.5157
1555609,DLCworkshop03.esm,050019ED,001914C9,DecalDebris04,STAT,2325.090576,6976.226074,-127.769363,0.0
1555610,DLCworkshop03.esm,050019EE,001914C9,DecalDebris04,STAT,2483.553223,6457.674805,-127.778862,105.0
1555611,DLCworkshop03.esm,050019EF,001914C9,DecalDebris04,STAT,1962.390015,6657.791992,-127.298592,105.0
1555612,DLCworkshop03.esm,050019F5,001914C9,DecalDebris04,STAT,2198.35083,6771.032715,-127.298592,105.0
1555613,DLCworkshop03.esm,050019F7,001914C9,DecalDebris04,STAT,1660.870483,6723.958496,-127.298592,225.0001
1555614,DLCworkshop03.esm,050019F9,001914C9,DecalDebris04,STAT,2226.149658,6221.828613,-127.298592,225.0001
1555615,DLCworkshop03.esm,050019FC,001914C9,DecalDebris04,STAT,1940.071167,6300.416016,-127.298592,45.0
1555616,DLCworkshop03.esm,05001A0A,0016BAF3,PaperDebris01,STAT,2240.269775,6895.354492,-128.660477,45.0
1555617,DLCworkshop03.esm,05001A0B,0016BAF5,PaperDebris02,STAT,2467.356689,6798.73584,-128.660477,120.0
1555618,DLCworkshop03.esm,05001A0C,0016BAF5,PaperDebris02,STAT,2493.230225,6942.059082,-128.660477,255.0
1555619,DLCworkshop03.esm,05001A0D,0016BAF5,PaperDebris02,STAT,2394.294678,6454.003418,-128.660477,255.0
1555620,DLCworkshop03.esm,05001A0E,0016BAF5,PaperDebris02,STAT,2117.304687,6511.953125,-128.660477,165.0001
1555621,DLCworkshop03.esm,05001A0F,0016BAF5,PaperDebris02,STAT,1741.72876,6478.317871,-128.660477,165.0001
1555622,DLCworkshop03.esm,05001A18,0016BAF5,PaperDebris02,STAT,1804.085449,6840.347656,-128.660477,165.0001
1555623,DLCworkshop03.esm,05001A19,00125891,ClothesBlackRimGlasses,ARMO,2211.963867,6532.367676,-71.986687,314.9994
1555624,DLCworkshop03.esm,05001A1A,000330FC,Gumdrops,ALCH,2208.772461,6549.379883,-71.098061,270.0254
1555625,DLCworkshop03.esm,05001A1E,001944A0,ClutterGenDecalA,STAT,2012.380981,6496.686523,-128.000061,0.0
1555626,DLCworkshop03.esm,05001A1F,0004835A,NukaColaEmpty,MISC,1999.684814,6498.414062,-121.633774,23.4988
1555627,DLCworkshop03.esm,05001A20,0004835D,NukaCola,ALCH,2249.779297,6517.636719,-30.371859,314.1635
1555628,DLCworkshop03.esm,05001A23,000FDEE8,defaultLightWarm01NSNonSpec,LIGH,-1331.40625,7002.612793,84.380486,15.5152
1555629,DLCworkshop03.esm,05001A24,00091D4C,defaultLightWarm01SpotNSFlicker,LIGH,-1300.080688,6905.308105,126.519676,243.2842
1555630,DLCworkshop03.esm,05001A27,0002B76A,EmergencyLightBeam01,MSTT,-1274.640747,6923.788574,110.971153,0.0
1555631,DLCworkshop03.esm,05001A28,0002B76A,EmergencyLightBeam01,MSTT,-1310.104126,6907.37793,110.971153,0.0
1555632,DLCworkshop03.esm,05001A2C,000FDEE8,defaultLightWarm01NSNonSpec,LIGH,1809.610229,8026.658203,182.33194,342.158
1555633,DLCworkshop03.esm,05001A2D,00155875,defaultLightWarm01SpotNS,LIGH,1889.280151,7962.606445,224.47113,209.6315
1555634,DLCworkshop03.esm,05001A31,000C5371,ConstructionLight_Standing_2piece_On1,SCOL,1893.793335,7970.685547,97.260742,123.0008
1555635,DLCworkshop03.esm,05001A32,0002B76A,EmergencyLightBeam01,MSTT,1900.366211,7992.03125,208.922607,0.0
1555636,DLCworkshop03.esm,05001A33,0002B76A,EmergencyLightBeam01,MSTT,1879.77063,7958.825195,208.922607,0.0
1555637,DLCworkshop03.esm,05001A39,0004F212,CaveRockM02,STAT,1600.442749,-1472.151855,-213.76918,295.9825
1555638,DLCworkshop03.esm,05001A3A,0004F212,CaveRockM02,STAT,1598.433105,-1334.821655,-428.087158,269.0912
1555639,DLCworkshop03.esm,05001A3B,05001A38,DLC06CaveHallEndFlange,STAT,3073.653564,-3817.172852,-888.457642,90.0003
1555640,DLCworkshop03.esm,05001A3C,0004F0ED,CaveMoundRocksMed03,STAT,3010.105469,-3954.576416,-666.78656,146.7201
1555641,DLCworkshop03.esm,05001A3D,0004F212,CaveRockM02,STAT,3041.535645,-3819.180176,-610.152649,0.0
1555642,DLCworkshop03.esm,05001A3E,0004F212,CaveRockM02,STAT,3009.401123,-3614.859863,-647.637634,257.5202
1555643,DLCworkshop03.esm,05001A3F,0004F213,CaveRockM03,STAT,3000.95752,-3601.448486,-731.977234,275.008
1555644,DLCworkshop03.esm,05001A40,0004F0ED,CaveMoundRocksMed03,STAT,2893.684814,-3579.124512,-908.660217,282.2121
1555645,DLCworkshop03.esm,05001A41,0004F0F1,CaveMoundRocksLow03,STAT,2819.595947,-3605.388428,-909.301453,0.0
1555646,DLCworkshop03.esm,05001A42,0004F0E1,CaveMoundRocksLow02,STAT,2900.7854,-3644.643799,-906.21051,159.4649
1555647,DLCworkshop03.esm,05001A43,0004F0E1,CaveMoundRocksLow02,STAT,2875.339111,-3938.526855,-906.21051,159.4649
1555648,DLCworkshop03.esm,05001A44,0004F212,CaveRockM02,STAT,2982.364258,-3873.217529,-936.808228,0.0
1555649,DLCworkshop03.esm,05001A46,05001679,DLC06ScrapableJerseyBarriers06a,SCOL,-2364.259277,7837.729004,-3.988647,0.0
1555650,DLCworkshop03.esm,05001A4F,00000021,CollisionMarker,STAT,-2183.349854,5684.131836,232.982422,177.8112
1555651,DLCworkshop03.esm,05001A77,05005E58,VltWorkShopCaveDirtPileHalf01,STAT,-479.304413,-3980.76416,-605.286926,89.3934
1555652,DLCworkshop03.esm,05001A7C,05001A7B,VltWorkShopCaveDirtPileFLAT01,STAT,-7627.913086,2057.268555,-1025.659668,34.3775
1555653,DLCworkshop03.esm,05001A7E,05001A7D,VltWorkShopCaveDirtPileFLAT02,STAT,-6943.855469,2146.031982,-1026.292847,222.4902
1555654,DLCworkshop03.esm,05001A7F,05001A7D,VltWorkShopCaveDirtPileFLAT02,STAT,-7257.79248,1769.287476,-1023.141907,314.1635
1555655,DLCworkshop03.esm,05001A80,05001A7D,VltWorkShopCaveDirtPileFLAT02,STAT,-6814.320801,2095.673828,-1026.616089,0.0
1555656,DLCworkshop03.esm,05001A81,05001A7D,VltWorkShopCaveDirtPileFLAT02,STAT,-6846.947266,1768.095337,-1024.859619,285.5157
1555657,DLCworkshop03.esm,05001A83,05001A7D,VltWorkShopCaveDirtPileFLAT02,STAT,-5477.846191,-1372.289917,-1024.862671,103.1325
1555658,DLCworkshop03.esm,05001A84,05001A7D,VltWorkShopCaveDirtPileFLAT02,STAT,-1283.192139,1359.30835,-511.938599,222.4902
1555659,DLCworkshop03.esm,05001A85,05001A7B,VltWorkShopCaveDirtPileFLAT01,STAT,-787.828613,1060.951904,-512.976685,256.8677
1555660,DLCworkshop03.esm,05001A86,05001A7D,VltWorkShopCaveDirtPileFLAT02,STAT,-739.702698,548.707703,-511.938599,222.4902
1555661,DLCworkshop03.esm,05001A87,05001A7B,VltWorkShopCaveDirtPileFLAT01,STAT,-1116.296875,-2852.973877,-513.466858,256.8677
1555662,DLCworkshop03.esm,05001A88,05001A7D,VltWorkShopCaveDirtPileFLAT02,STAT,-1154.655762,-2456.0354,-512.474487,222.4902
1555663,DLCworkshop03.esm,05001A89,05001A7B,VltWorkShopCaveDirtPileFLAT01,STAT,-2217.459229,-2990.075928,-512.976685,296.9748
1555664,DLCworkshop03.esm,05001A8A,05001A7D,VltWorkShopCaveDirtPileFLAT02,STAT,-1614.046021,-3020.118652,-511.080475,222.4902
1555665,DLCworkshop03.esm,05001A8B,05001A7D,VltWorkShopCaveDirtPileFLAT02,STAT,-860.677979,-3159.025391,-510.858948,222.4902
1555666,DLCworkshop03.esm,05001A8C,05001A7B,VltWorkShopCaveDirtPileFLAT01,STAT,-884.363647,-4012.256104,-514.359863,267.4902
1555667,DLCworkshop03.esm,05001A8D,05000839,VltWorkShopCavePillar02Mid,STAT,-749.554504,-2145.623535,-985.840698,218.5604
1555668,DLCworkshop03.esm,05001A8E,05001BED,DLC06_RockM01,STAT,-924.298889,-2294.641602,136.919708,66.8088
1555669,DLCworkshop03.esm,05001A8F,0004F34E,QryMoundRocksLow02,STAT,-2430.21167,166.621933,-548.703125,177.6171
1555670,DLCworkshop03.esm,05001A91,000FDB9B,RockL01,STAT,-1875.415405,-4643.04541,408.277069,131.2125
1555671,DLCworkshop03.esm,05001A92,05000846,VltWorkShopCaveWall01Low,STAT,-3462.247803,-5137.971191,-695.650269,166.7162
1555672,DLCworkshop03.esm,05001A93,000FDB9B,RockL01,STAT,-2194.936768,-4362.320312,175.515045,138.4876
1555673,DLCworkshop03.esm,05001A98,05000848,VltWorkShopCaveWall03Top,STAT,-4975.23291,-4381.325684,-1062.897705,56.5413
1555674,DLCworkshop03.esm,05001A99,05000848,VltWorkShopCaveWall03Top,STAT,-5032.596191,-1942.397705,-1163.793945,115.5735
1555675,DLCworkshop03.esm,05001A9A,000FDB9B,RockL01,STAT,-4587.192383,-3450.621338,-732.61499,7.5445
1555676,DLCworkshop03.esm,05001A9B,000FDB9B,RockL01,STAT,-4630.615234,-3205.506348,-233.996338,44.9279
1555677,DLCworkshop03.esm,05001A9C,00061F29,DefaultLightWhite01NSFlicker,LIGH,-222.067886,-4229.529297,-435.645813,338.6293
1555678,DLCworkshop03.esm,05001A9D,0010ADBA,DefaultLightWhite01SpotNS,LIGH,-377.681335,-4289.636719,-410.817596,335.6378
1555679,DLCworkshop03.esm,05001A9E,0002B76A,EmergencyLightBeam01,MSTT,-366.737976,-4283.556152,-428.254486,177.5099
1555680,DLCworkshop03.esm,05001AA3,00024C01,QryCube01,STAT,-1039.62561,-2262.006592,-432.0,330.0
1555681,DLCworkshop03.esm,05001AA8,05001A7D,VltWorkShopCaveDirtPileFLAT02,STAT,-2883.162354,5335.436035,-0.385132,0.0
1555682,DLCworkshop03.esm,05001AA9,05001A7D,VltWorkShopCaveDirtPileFLAT02,STAT,-2940.292969,5042.300781,-0.077405,63.0254
1555683,DLCworkshop03.esm,05001AB6,05001A7D,VltWorkShopCaveDirtPileFLAT02,STAT,-2800.293213,4703.007812,-0.385132,342.8113
1555684,DLCworkshop03.esm,05001AD4,05001A7B,VltWorkShopCaveDirtPileFLAT01,STAT,-5552.632324,3774.548828,-1024.313477,0.0
1555685,DLCworkshop03.esm,05001AE3,05000835,VltWorkShopCaveDirtPile01,STAT,-4639.189941,5332.777832,-1031.275391,87.5539
1555686,DLCworkshop03.esm,05001AE4,05000835,VltWorkShopCaveDirtPile01,STAT,-4697.674805,4941.903809,-1055.381348,177.5539
1555687,DLCworkshop03.esm,05001AE5,05000835,VltWorkShopCaveDirtPile01,STAT,-4573.996582,5130.938965,-1040.269775,279.7861
1555688,DLCworkshop03.esm,05001AF2,05001A7B,VltWorkShopCaveDirtPileFLAT01,STAT,-4599.31543,5006.752441,-1024.313477,0.0
1555689,DLCworkshop03.esm,05001AF7,05001A7D,VltWorkShopCaveDirtPileFLAT02,STAT,784.409729,223.91095,-512.62915,0.0
1555690,DLCworkshop03.esm,05001AF8,05001A7D,VltWorkShopCaveDirtPileFLAT02,STAT,309.683075,146.33963,-511.953705,0.0
1555691,DLCworkshop03.esm,05001AF9,05001A7D,VltWorkShopCaveDirtPileFLAT02,STAT,-141.097473,104.770271,-512.280151,0.0
1555692,DLCworkshop03.esm,05001B3A,000F393E,Rubble_Pile_Dirt_Sm01,STAT,-6247.763672,-3508.485596,-975.113647,8.1281
1555693,DLCworkshop03.esm,05001B3C,0005F86E,VltLgRmShellWallLowHalf01,STAT,944.43573,8678.838867,96.230415,90.0
1555694,DLCworkshop03.esm,05001B4F,00000021,CollisionMarker,STAT,-2500.788818,232.964096,-539.586426,109.1838
1555695,DLCworkshop03.esm,05001B52,00000021,CollisionMarker,STAT,-1968.067749,-2415.172363,-538.747681,314.1633
1555696,DLCworkshop03.esm,05001B59,000FDB9B,RockL01,STAT,-649.675049,345.440369,-187.284912,211.3161
1555697,DLCworkshop03.esm,05001B5D,000FDB9B,RockL01,STAT,-1353.312866,-5073.782715,-396.919586,1.4772
1555698,DLCworkshop03.esm,05001B5E,000FDB9B,RockL01,STAT,-1438.000488,-4011.254883,-445.568085,336.1429
1555699,DLCworkshop03.esm,05001B5F,0003AA22,RockM02,STAT,-1051.270752,-5099.163086,50.219414,208.026
1555700,DLCworkshop03.esm,05001B60,0003AA22,RockM02,STAT,-1037.139893,-5108.313477,-276.476562,257.2013
1555701,DLCworkshop03.esm,05001B61,0003AA22,RockM02,STAT,-1017.242737,-5032.525879,-461.492859,251.6078
1555702,DLCworkshop03.esm,05001B62,000FDB9B,RockL01,STAT,-3021.477295,-4432.563477,-350.230438,1.8892
1555703,DLCworkshop03.esm,05001B63,0003AA22,RockM02,STAT,-3277.547119,-4745.10791,-61.035301,90.0063
1555704,DLCworkshop03.esm,05001B64,000FDB9B,RockL01,STAT,-3429.18457,-5209.162598,189.429642,174.6947
1555705,DLCworkshop03.esm,05001B67,000FDB9B,RockL01,STAT,-3034.751465,-4542.697754,170.587997,286.8008
1555706,DLCworkshop03.esm,05001B68,000FDB9B,RockL01,STAT,584.950745,5371.255371,653.231812,236.7904
1555707,DLCworkshop03.esm,05001B6B,05001E10,DLC06CaveLightNS,LIGH,404.104523,3662.246094,47.891117,134.9994
1555708,DLCworkshop03.esm,05001B6C,000FDB9B,RockL01,STAT,496.901825,4098.516602,482.171143,304.6467
1555709,DLCworkshop03.esm,05001B6D,00035812,StaticCollectionPivotDummy,STAT,2319.256836,4883.422852,19.69906,0.0
1555710,DLCworkshop03.esm,05001B6F,000517B0,DefaultLightWhite01NS,LIGH,290.348724,3059.577148,-136.278351,134.9994
1555711,DLCworkshop03.esm,05001B70,05005E58,VltWorkShopCaveDirtPileHalf01,STAT,934.550781,3469.694092,-297.858856,55.6252
1555712,DLCworkshop03.esm,05001B71,0003B2DF,RockM04,STAT,884.690735,2765.266113,-593.16571,58.4864
1555713,DLCworkshop03.esm,05001B75,050044D0,DLC06ScrapablePipeAndGirders02,SCOL,6.294987,2428.682373,-487.156036,40.1072
1555714,DLCworkshop03.esm,05001B76,05003E61,DLC06ScrapableGirderPile004,SCOL,704.709106,2869.94458,-517.290649,241.353
1555715,DLCworkshop03.esm,05001B77,050044B0,DLC06ScrapableBarrels002,SCOL,702.259399,3085.310059,-499.823181,170.924
1555716,DLCworkshop03.esm,05001B78,00024848,ConstructionBarrier02,MSTT,504.828766,2644.536865,-495.772064,202.8115
1555717,DLCworkshop03.esm,05001B79,00024843,TrafficCone,MSTT,589.778809,2685.972656,-500.615448,257.6828
1555718,DLCworkshop03.esm,05001B84,05001A7D,VltWorkShopCaveDirtPileFLAT02,STAT,-1496.873291,6310.567871,-0.000122,0.0
1555719,DLCworkshop03.esm,05001B85,05001A7D,VltWorkShopCaveDirtPileFLAT02,STAT,-2076.678711,6305.820312,-0.000122,98.4338
1555720,DLCworkshop03.esm,05001BA0,001F1ED1,WorkshopEditorCP03,STAT,-9162.171875,-5828.047852,538.0,254.4392
1555721,DLCworkshop03.esm,05001BA1,001F1ED1,WorkshopEditorCP03,STAT,-8915.28418,-5760.357422,538.0,254.4392
1555722,DLCworkshop03.esm,05001BA2,001F1ED1,WorkshopEditorCP03,STAT,-8792.564453,-5907.656738,538.0,344.4392
1555723,DLCworkshop03.esm,05001BA3,001F1ED1,WorkshopEditorCP03,STAT,-8915.438477,-5759.84375,282.0,254.4392
1555724,DLCworkshop03.esm,05001BA5,00038C1E,Loot_Raider_AmmoBox,CONT,5711.231445,8633.731445,239.0,248.7314
1555725,DLCworkshop03.esm,05001BA6,0004B6E9,Loot_Prewar_Medkit,CONT,2641.691406,9570.196289,152.638535,205.9889
1555726,DLCworkshop03.esm,05001BA7,000670B1,Loot_Prewar_ToolBox,CONT,1814.14502,6357.058594,-128.000092,274.0561
1555727,DLCworkshop03.esm,05001BA8,0008F6B7,Loot_Prewar_Toolcase,CONT,1463.414551,8906.285156,119.187531,213.8955
1555728,DLCworkshop03.esm,05001BA9,000670B1,Loot_Prewar_ToolBox,CONT,-7523.753906,9970.023438,-359.039154,97.191
1555729,DLCworkshop03.esm,05001BAA,05001B9C,DLC06IndMetalDoor01STATIC,STAT,-7496.089355,9560.37207,-361.338928,0.0
1555730,DLCworkshop03.esm,05001BAB,05001B9C,DLC06IndMetalDoor01STATIC,STAT,-7660.50293,9596.759766,-367.999969,222.0002
1555731,DLCworkshop03.esm,05001BAC,0004B6EA,Loot_Prewar_Medkit_Wall,CONT,-7390.846191,9520.005859,-257.362518,0.0
1555732,DLCworkshop03.esm,05001BAD,000366C5,Jet,ALCH,-7180.720215,8484.001953,-326.331482,328.4858
1555733,DLCworkshop03.esm,05001BAE,0004B6E9,Loot_Prewar_Medkit,CONT,-9905.880859,8491.27832,-578.334839,99.3776
1555734,DLCworkshop03.esm,05001BAF,0001F276,Ammo10mm,AMMO,-7583.228516,9968.780273,-304.027039,18.862
1555735,DLCworkshop03.esm,05001BB0,0001F276,Ammo10mm,AMMO,-7572.132324,9973.767578,-304.566193,166.8676
1555736,DLCworkshop03.esm,05001BB1,000B3DA2,DummyNoEdit_10mm,MISC,-7535.413574,9976.654297,-304.119232,90.9874
1555737,DLCworkshop03.esm,05001BB2,0001F276,Ammo10mm,AMMO,-7575.587402,9968.207031,-305.453735,55.1407
1555738,DLCworkshop03.esm,05001BB3,0004B6EA,Loot_Prewar_Medkit_Wall,CONT,-20.324341,1530.881714,-335.022736,267.2092
1555739,DLCworkshop03.esm,05001BB4,0008F6B7,Loot_Prewar_Toolcase,CONT,25.748564,-18.071575,-479.725708,137.5099
1555740,DLCworkshop03.esm,05001BBE,00097335,Loot_CorpseRaiderMale03,NPC_,6645.691895,-7063.563477,-1167.646729,268.1806
1555741,DLCworkshop03.esm,05001BC0,0019B5F7,MetalShelf01Debris02,SCOL,6511.967285,-7138.412109,-1180.722778,3.3518
1555742,DLCworkshop03.esm,05001BC1,001ABE38,MetalShelf01_Broken01,STAT,6628.447266,-7140.958984,-1180.722778,357.9373
1555743,DLCworkshop03.esm,05001BC2,0019B5F7,MetalShelf01Debris02,SCOL,6642.101562,-6966.643555,-1180.722778,0.573
1555744,DLCworkshop03.esm,05001BC3,00064A35,Loot_Raider_Medkit_Chems,CONT,6686.848145,-7014.388672,-1180.722778,242.5434
1555745,DLCworkshop03.esm,05001BC4,00064A47,Loot_DuffleBag_Guns,CONT,6661.00293,-7101.664551,-1180.722778,351.6941
1555746,DLCworkshop03.esm,05001BC5,0018F650,DummyNoEdit_44,MISC,6654.725586,-7004.222168,-1177.939575,272.6016
1555747,DLCworkshop03.esm,05001BC6,0005F3A9,QryCatwalkRail01v02,STAT,6574.430664,-6943.762695,-924.722656,0.0
1555748,DLCworkshop03.esm,05001BC7,001C900B,IndCatConcStairsFull01,STAT,6677.554687,-6557.598145,-1181.051025,181.0886
1555749,DLCworkshop03.esm,05001BC8,000670B1,Loot_Prewar_ToolBox,CONT,-678.675903,-4345.11377,-455.29425,179.5181
1555750,DLCworkshop03.esm,05001BC9,0004D1F5,Wrench01,MISC,-653.160034,-4297.835449,-455.290771,0.0007
1555751,DLCworkshop03.esm,05001BCA,0008F6B7,Loot_Prewar_Toolcase,CONT,-5073.36377,-2160.914062,-940.897949,334.2168
1555752,DLCworkshop03.esm,05001BCB,000670B1,Loot_Prewar_ToolBox,CONT,-6554.125977,-3914.569824,51.940216,131.5062
1555753,DLCworkshop03.esm,05001BCC,00038C1E,Loot_Raider_AmmoBox,CONT,-8436.916016,-5473.853027,455.129486,85.9436
1555754,DLCworkshop03.esm,05001BCD,0009733C,Loot_CorpseRaiderFemale04,NPC_,-8456.920898,-5500.682617,466.603546,259.7323
1555755,DLCworkshop03.esm,05001BCE,00033778,Buffout,ALCH,-8598.072266,-5801.555664,515.554932,98.2393
1555756,DLCworkshop03.esm,05001BCF,00076BED,BldWoodBSmCeilOnly128Up01,STAT,-9105.429688,-6210.78125,325.757568,344.4392
1555757,DLCworkshop03.esm,05001BD0,00059A9A,Loot_Toolbox,CONT,-9384.736328,-5473.339844,276.261353,18.6223
1555758,DLCworkshop03.esm,05001BD1,0004B6E9,Loot_Prewar_Medkit,CONT,-9392.381836,-5362.624023,208.0802,60.1605
1555759,DLCworkshop03.esm,05001BD2,0008F6B7,Loot_Prewar_Toolcase,CONT,-9717.716797,-5525.122559,-550.979126,227.6487
1555760,DLCworkshop03.esm,05001BD3,000655D6,Loot_Prewar_WoodCrate,CONT,-9925.310547,-4300.895996,-628.336487,183.943
1555761,DLCworkshop03.esm,05001BD4,00059A9A,Loot_Toolbox,CONT,-7992.007812,2638.675781,-986.759827,183.6659
1555762,DLCworkshop03.esm,05001BD5,000655D6,Loot_Prewar_WoodCrate,CONT,-9547.734375,2530.347412,-1006.520325,348.3193
1555763,DLCworkshop03.esm,05001BD6,0004B6E9,Loot_Prewar_Medkit,CONT,-5641.919922,5015.393555,-957.658264,122.2225
1555764,DLCworkshop03.esm,05001BD7,00060CB4,Loot_AmmoBox,CONT,-7606.498047,9976.124023,-368.0,0.0
1555765,DLCworkshop03.esm,05001BD8,00060CB4,Loot_AmmoBox,CONT,-9872.345703,8531.868164,-611.269287,308.4337
1555766,DLCworkshop03.esm,05001BD9,00060CB4,Loot_AmmoBox,CONT,-9416.333008,-5323.897461,226.165527,254.0025
1555767,DLCworkshop03.esm,05001BDB,0020A6FD,Loot_Medkit_Chems_Dirty,CONT,-8923.999023,-5534.928223,10.738121,28.5908
1555768,DLCworkshop03.esm,05001BDC,000655D6,Loot_Prewar_WoodCrate,CONT,-5399.489746,-1738.757202,-1025.396973,11.5856
1555769,DLCworkshop03.esm,05001BDD,000655D6,Loot_Prewar_WoodCrate,CONT,-1151.113647,-3194.583496,-511.439362,40.1671
1555770,DLCworkshop03.esm,05001BDE,000655D6,Loot_Prewar_WoodCrate,CONT,4024.227051,-1840.651123,-785.161377,94.0913
1555771,DLCworkshop03.esm,05001BF2,0003B2DF,RockM04,STAT,456.750336,-2704.744629,542.423767,0.0
1555772,DLCworkshop03.esm,05001BF3,05001A7B,VltWorkShopCaveDirtPileFLAT01,STAT,-854.828186,-3213.961914,-514.240112,267.4902
1555773,DLCworkshop03.esm,05001BF4,05001A7B,VltWorkShopCaveDirtPileFLAT01,STAT,-837.420105,-4828.44043,-514.240112,267.4902
1555774,DLCworkshop03.esm,05001BF5,05001A7D,VltWorkShopCaveDirtPileFLAT02,STAT,-1271.482666,-4585.0,-513.78125,267.4902
1555775,DLCworkshop03.esm,05001BF8,05001A7B,VltWorkShopCaveDirtPileFLAT01,STAT,-505.815155,4692.223145,-0.931503,267.4902
1555776,DLCworkshop03.esm,05001BF9,0003AA22,RockM02,STAT,-135.824173,4357.126953,-9.412292,151.3523
1555777,DLCworkshop03.esm,05001BFA,0003AA22,RockM02,STAT,-136.963211,4479.129883,-21.525414,105.213
1555778,DLCworkshop03.esm,05001BFB,05001A7D,VltWorkShopCaveDirtPileFLAT02,STAT,-1565.993286,-2716.751221,-512.265198,222.4902
1555779,DLCworkshop03.esm,05001BFC,05001A7D,VltWorkShopCaveDirtPileFLAT02,STAT,-607.293091,-2756.112305,-512.402405,319.8931
1555780,DLCworkshop03.esm,05001BFD,05005E58,VltWorkShopCaveDirtPileHalf01,STAT,626.113953,-3089.009277,-918.386658,8.9447
1555781,DLCworkshop03.esm,05001BFE,05005E58,VltWorkShopCaveDirtPileHalf01,STAT,288.580475,-3051.664062,-773.142151,359.9299
1555782,DLCworkshop03.esm,05001BFF,05005E58,VltWorkShopCaveDirtPileHalf01,STAT,517.878723,-3065.338867,-893.036743,359.5584
1555783,DLCworkshop03.esm,05001C00,000FDB9B,RockL01,STAT,1160.509888,-3158.331787,-1012.620972,285.5155
1555784,DLCworkshop03.esm,05001C01,0003AA21,RockM01,STAT,813.477661,-3449.102539,-1013.311401,0.0
1555785,DLCworkshop03.esm,05001C02,0003B2DF,RockM04,STAT,350.410797,-3429.636719,-881.644226,0.0
1555786,DLCworkshop03.esm,05001C03,05000835,VltWorkShopCaveDirtPile01,STAT,1316.33313,-4951.583496,-992.147278,41.8828
1555787,DLCworkshop03.esm,05001C06,05005E58,VltWorkShopCaveDirtPileHalf01,STAT,537.40625,-5052.119629,-903.630249,180.0848
1555788,DLCworkshop03.esm,05001C07,05000835,VltWorkShopCaveDirtPile01,STAT,534.026428,-4858.991699,-986.00708,41.8828
1555789,DLCworkshop03.esm,05001C08,05000835,VltWorkShopCaveDirtPile01,STAT,24.611975,-4901.748535,-686.4328,23.6177
1555790,DLCworkshop03.esm,05001C0A,000FDB9B,RockL01,STAT,-722.448425,667.35791,375.146973,348.0569
1555791,DLCworkshop03.esm,05001C0B,000FDB9B,RockL01,STAT,-786.76593,1298.064941,310.049377,120.442
1555792,DLCworkshop03.esm,05001C0C,0003B2DF,RockM04,STAT,-965.892822,1236.134766,178.426544,99.467
1555793,DLCworkshop03.esm,05001C0D,0003B2DF,RockM04,STAT,-867.098572,482.493317,174.966064,316.6863
1555794,DLCworkshop03.esm,05001C0E,0003B2E0,RockS01,STAT,-969.393677,470.915771,149.295242,265.9841
1555795,DLCworkshop03.esm,05001C0F,0003B2E0,RockS01,STAT,-797.849426,989.342346,209.415222,82.3508
1555796,DLCworkshop03.esm,05001C10,05001BEE,DLC06_RockM02,STAT,-1021.283142,904.334473,240.355911,206.265
1555797,DLCworkshop03.esm,05001C11,05001BF1,DLC06_RockS01,STAT,-904.192932,959.821777,184.154022,77.1565
1555798,DLCworkshop03.esm,05001C12,05001BEE,DLC06_RockM02,STAT,-1158.463989,890.248779,218.996353,293.3642
1555799,DLCworkshop03.esm,05001C13,05001BEF,DLC06_RockM03,STAT,-1168.03418,1081.450928,273.695282,293.3642
1555800,DLCworkshop03.esm,05001C14,000FDB9B,RockL01,STAT,-675.994751,415.985748,-603.372925,91.1449
1555801,DLCworkshop03.esm,05001C15,05001BF0,DLC06_RockM04,STAT,-993.621155,1449.331665,-509.888733,335.4592
1555802,DLCworkshop03.esm,05001C16,05004B15,DLC06ScrapableLimestoneBolders02,SCOL,-742.021301,1323.20105,-548.288513,29.4609
1555803,DLCworkshop03.esm,05001C19,05001A7D,VltWorkShopCaveDirtPileFLAT02,STAT,-1139.083252,813.249268,-511.938599,222.4902
1555804,DLCworkshop03.esm,05001C1A,05001BEE,DLC06_RockM02,STAT,-1403.310913,1372.239868,-576.383484,9.714
1555805,DLCworkshop03.esm,05001C1B,05004B10,DLC06RockS01Limestone,STAT,-1129.614624,1314.07312,-548.344421,30.2872
1555806,DLCworkshop03.esm,05001C1C,05001BF1,DLC06_RockS01,STAT,-1282.202148,1335.823608,-549.021667,129.62
1555807,DLCworkshop03.esm,05001C1D,05001BF1,DLC06_RockS01,STAT,-1256.355225,1389.034546,-558.018311,34.3771
1555808,DLCworkshop03.esm,05001C1E,05001BEF,DLC06_RockM03,STAT,-1139.712402,1386.059692,-582.623352,305.9967
1555809,DLCworkshop03.esm,05001C1F,05001BEF,DLC06_RockM03,STAT,-1193.744995,1378.766968,-583.641479,304.4719
1555810,DLCworkshop03.esm,05001C20,0003B2DF,RockM04,STAT,-1041.578979,1423.897949,109.403267,115.2718
1555811,DLCworkshop03.esm,05001C21,0003B2DF,RockM04,STAT,-1029.471924,452.974274,221.795853,63.0686
1555812,DLCworkshop03.esm,05001C22,0003B2E0,RockS01,STAT,-757.478027,681.552795,172.897049,181.545
1555813,DLCworkshop03.esm,05001C23,0003B2E0,RockS01,STAT,-814.943481,858.695251,192.690475,169.8918
1555814,DLCworkshop03.esm,05001C26,05004B10,DLC06RockS01Limestone,STAT,-2397.978271,-1543.609253,-596.090698,244.4453
1555815,DLCworkshop03.esm,05001C27,05001BF1,DLC06_RockS01,STAT,-2091.82251,-1164.678467,-537.756653,223.3007
1555816,DLCworkshop03.esm,05001C28,05001BEC,DLC06_RockL01,STAT,-2430.388672,-1555.042603,-370.684509,54.6143
1555817,DLCworkshop03.esm,05001C29,05001BEF,DLC06_RockM03,STAT,-2429.163818,-1469.290527,244.17981,51.6044
1555818,DLCworkshop03.esm,05001C2A,05001BEF,DLC06_RockM03,STAT,-2510.289062,-1560.447876,66.221436,122.9774
1555819,DLCworkshop03.esm,05001C2B,05001BED,DLC06_RockM01,STAT,-2454.706055,-1245.149536,-507.301605,158.5015
1555820,DLCworkshop03.esm,05001C2C,05004B0C,DLC06RockM01Limestone,STAT,-2312.94751,-1616.453979,163.92218,139.8479
1555821,DLCworkshop03.esm,05001C2D,05001BEE,DLC06_RockM02,STAT,-2136.45459,-1536.013916,-534.710022,113.9494
1555822,DLCworkshop03.esm,05001C2E,05001BEE,DLC06_RockM02,STAT,-2549.102783,-1689.128174,160.591309,262.7119
1555823,DLCworkshop03.esm,05001C2F,05001BF0,DLC06_RockM04,STAT,-2281.470215,-1580.036621,-422.082123,338.4726
1555824,DLCworkshop03.esm,05001C30,05001BF0,DLC06_RockM04,STAT,-2616.339111,-2035.344971,-454.450195,295.554
1555825,DLCworkshop03.esm,05001C31,05001BEC,DLC06_RockL01,STAT,-1485.759155,-1783.670776,-389.744537,175.4148
1555826,DLCworkshop03.esm,05001C32,05001BEC,DLC06_RockL01,STAT,-1426.361206,-1714.774292,-58.544281,182.4448
1555827,DLCworkshop03.esm,05001C33,00024C01,QryCube01,STAT,-1432.930908,-1887.632446,-392.29306,342.8113
1555828,DLCworkshop03.esm,05001C34,00024C01,QryCube01,STAT,-1452.503418,-1867.649658,-187.493057,342.8113
1555829,DLCworkshop03.esm,05001C38,05001BEC,DLC06_RockL01,STAT,-2435.396729,-2443.188477,-291.898804,169.3273
1555830,DLCworkshop03.esm,05001C3C,00024C01,QryCube01,STAT,-2423.379639,-3206.424316,-334.728821,319.893
1555831,DLCworkshop03.esm,05001C3D,00024C01,QryCube01,STAT,-1981.105103,-3475.145508,-334.728821,337.0817
1555832,DLCworkshop03.esm,05001C40,0005B0CB,QryCubeDamChunkMid01,STAT,-724.411804,543.019226,-449.993805,357.3584
1555833,DLCworkshop03.esm,05001C41,05001BEC,DLC06_RockL01,STAT,-1407.998657,-1533.14209,-511.308685,272.4644
1555834,DLCworkshop03.esm,05001C42,05001BEC,DLC06_RockL01,STAT,-1117.437378,-1698.81189,-163.678619,354.683
1555835,DLCworkshop03.esm,05001C43,05001BEC,DLC06_RockL01,STAT,-1710.918213,-1848.16394,55.847183,35.002
1555836,DLCworkshop03.esm,05001C44,05001E10,DLC06CaveLightNS,LIGH,-2168.153564,-979.691956,16.539703,134.9994
1555837,DLCworkshop03.esm,05001C46,05001BEC,DLC06_RockL01,STAT,-905.317932,-2316.747559,-307.927673,316.1594
1555838,DLCworkshop03.esm,05001C47,05001BEF,DLC06_RockM03,STAT,-946.927185,-3476.064453,-519.479614,204.2095
1555839,DLCworkshop03.esm,05001C48,00051353,QryMoundRocksLow04,STAT,-1056.777222,-3553.121338,-572.354553,28.6481
1555840,DLCworkshop03.esm,05001C49,0003AA22,RockM02,STAT,-255.680634,-3020.234619,-581.272339,0.0
1555841,DLCworkshop03.esm,05001C4A,0003B2E0,RockS01,STAT,-351.143494,-3056.875488,-567.729797,180.4022
1555842,DLCworkshop03.esm,05001C4F,05001BEC,DLC06_RockL01,STAT,-1157.824341,285.470428,-193.411713,15.1298
1555843,DLCworkshop03.esm,05001C50,05001A7D,VltWorkShopCaveDirtPileFLAT02,STAT,-6148.157715,-1747.238037,-1026.565186,45.8367
1555844,DLCworkshop03.esm,05001C51,05000835,VltWorkShopCaveDirtPile01,STAT,-6330.882812,-4092.105469,-715.321472,261.9534
1555845,DLCworkshop03.esm,05001C52,05001A7B,VltWorkShopCaveDirtPileFLAT01,STAT,-5692.342773,-1769.194824,-1024.758545,74.4845
1555846,DLCworkshop03.esm,05001C5D,05005E59,VltWorkShopCaveDirtPileHalf02,STAT,-6479.033203,-3809.298096,-865.539185,270.0
1555847,DLCworkshop03.esm,05001C5E,000C5603,RockPileL01_NF_RubbleRock01,STAT,-6218.95459,-3728.699707,-857.345093,68.4858
1555848,DLCworkshop03.esm,05001C65,05005E59,VltWorkShopCaveDirtPileHalf02,STAT,-4541.037109,-3786.146484,-877.68457,67.0818
1555849,DLCworkshop03.esm,05001C66,05005E59,VltWorkShopCaveDirtPileHalf02,STAT,-4293.432617,-4070.139893,-738.582397,90.0
1555850,DLCworkshop03.esm,05001C67,05001BEE,DLC06_RockM02,STAT,-1698.479736,-3572.047607,-476.666992,284.9278
1555851,DLCworkshop03.esm,05001C68,05001BED,DLC06_RockM01,STAT,-2087.350098,-3102.382568,-676.07251,119.8892
1555852,DLCworkshop03.esm,05001C69,05001BED,DLC06_RockM01,STAT,-2298.157959,-3121.986328,-530.600952,227.7336
1555853,DLCworkshop03.esm,05001C6A,05001BEF,DLC06_RockM03,STAT,-2129.335937,-3256.188232,-523.466675,39.7671
1555854,DLCworkshop03.esm,05001C6B,05001BEF,DLC06_RockM03,STAT,-2172.14502,-3065.633057,-538.721924,306.2336
1555855,DLCworkshop03.esm,05001C6C,05001BEF,DLC06_RockM03,STAT,-2149.165527,-3493.367187,-185.278748,349.7148
1555856,DLCworkshop03.esm,05001C6D,05001BF1,DLC06_RockS01,STAT,-2116.621338,1096.468628,-531.552673,275.4313
1555857,DLCworkshop03.esm,05001C6E,05001BEF,DLC06_RockM03,STAT,-2217.428955,1052.689087,-530.12262,152.4634
1555858,DLCworkshop03.esm,05001C6F,05001BEE,DLC06_RockM02,STAT,-2362.80542,1292.027588,-409.981232,55.3019
1555859,DLCworkshop03.esm,05001C70,05001BEE,DLC06_RockM02,STAT,-2356.369141,619.014771,-565.654785,341.7794
1555860,DLCworkshop03.esm,05001C71,05001BF1,DLC06_RockS01,STAT,-2446.703125,137.721207,-484.285034,109.1843
1555861,DLCworkshop03.esm,05001C72,05004B10,DLC06RockS01Limestone,STAT,-2242.700684,-47.687347,-565.235107,38.9284
1555862,DLCworkshop03.esm,05001C73,05001BF1,DLC06_RockS01,STAT,-2384.406982,4.065262,-558.797791,12.4514
1555863,DLCworkshop03.esm,05001C74,05004B10,DLC06RockS01Limestone,STAT,-2264.391357,55.287018,-564.422119,250.2327
1555864,DLCworkshop03.esm,05001C75,05001BF1,DLC06_RockS01,STAT,-2341.105225,132.913467,-545.629517,222.887
1555865,DLCworkshop03.esm,05001C76,05001BF1,DLC06_RockS01,STAT,-2538.661133,168.152481,-516.750977,160.749
1555866,DLCworkshop03.esm,05001C77,05001BF1,DLC06_RockS01,STAT,-2555.727051,42.253235,-510.837769,336.597
1555867,DLCworkshop03.esm,05001C78,05004B0E,DLC06RockM03Limestone,STAT,-2249.328369,10.172134,-587.365479,313.7217
1555868,DLCworkshop03.esm,05001C7A,05001BEF,DLC06_RockM03,STAT,-2639.669434,95.564125,-519.141968,50.2607
1555869,DLCworkshop03.esm,05001C7B,05001BEF,DLC06_RockM03,STAT,-2547.719238,99.523468,-548.651733,19.3286
1555870,DLCworkshop03.esm,05001C7C,05001BEE,DLC06_RockM02,STAT,-2309.702393,187.515945,-597.035645,205.1189
1555871,DLCworkshop03.esm,05001C7D,05001BEE,DLC06_RockM02,STAT,-2406.907959,48.382874,-596.521179,267.8132
1555872,DLCworkshop03.esm,05001C7E,05004B10,DLC06RockS01Limestone,STAT,-2008.683105,-2386.731445,-556.747742,302.7037
1555873,DLCworkshop03.esm,05001C7F,00051354,QryMoundRocksMed01,STAT,-1384.673828,366.268127,-594.454834,19.9963
1555874,DLCworkshop03.esm,05001C80,00051354,QryMoundRocksMed01,STAT,-1032.416016,435.94104,-594.454834,28.1693
1555875,DLCworkshop03.esm,05001C81,05001BEC,DLC06_RockL01,STAT,-2060.240967,1321.808838,-512.457581,85.9437
1555876,DLCworkshop03.esm,05001C82,00051354,QryMoundRocksMed01,STAT,-1766.68396,1171.097168,-630.895264,225.141
1555877,DLCworkshop03.esm,05001C83,05001BEC,DLC06_RockL01,STAT,-2456.349121,1320.685791,-259.666565,183.7756
1555878,DLCworkshop03.esm,05001C84,00051354,QryMoundRocksMed01,STAT,-1961.297607,1293.103638,-617.479431,98.4695
1555879,DLCworkshop03.esm,05001C85,05001BEC,DLC06_RockL01,STAT,-2511.754883,-2841.276855,-418.583191,180.0056
1555880,DLCworkshop03.esm,05001C86,00051354,QryMoundRocksMed01,STAT,-2217.428955,-3495.072266,-282.271545,120.1001
1555881,DLCworkshop03.esm,05001C87,0010DF55,QryMoundRocksMed01dirtyALL,STAT,-2350.298584,-2278.254395,-658.910889,148.8287
1555882,DLCworkshop03.esm,05001C88,05001BF1,DLC06_RockS01,STAT,-2243.140625,-2540.975098,-571.34314,165.492
1555883,DLCworkshop03.esm,05001C89,05001BF1,DLC06_RockS01,STAT,-2144.052246,-2596.272461,-555.991272,219.817
1555884,DLCworkshop03.esm,05001C8A,05001BF1,DLC06_RockS01,STAT,-2134.776367,-2803.280273,-555.991272,107.9788
1555885,DLCworkshop03.esm,05001C8B,05001BF1,DLC06_RockS01,STAT,-2151.092041,-2847.757324,-565.98053,30.2872
1555886,DLCworkshop03.esm,05001C8C,00051354,QryMoundRocksMed01,STAT,-1376.061646,-1007.520752,-614.056396,7.1622
1555887,DLCworkshop03.esm,05001C8D,05001BEC,DLC06_RockL01,STAT,-1195.795044,-160.301575,-288.327545,214.9144
1555888,DLCworkshop03.esm,05001C8E,05001BEC,DLC06_RockL01,STAT,-1130.931152,-192.498383,69.716499,213.9076
1555889,DLCworkshop03.esm,05001C8F,05001BEE,DLC06_RockM02,STAT,-1249.594238,64.762962,-189.441071,180.0
1555890,DLCworkshop03.esm,05001C90,05001BEE,DLC06_RockM02,STAT,-2323.769775,-122.190956,191.560364,0.0
1555891,DLCworkshop03.esm,05001C91,05001BED,DLC06_RockM01,STAT,-2409.574219,-1534.708008,-76.723106,269.9549
1555892,DLCworkshop03.esm,05001C92,05001BEE,DLC06_RockM02,STAT,-2289.746094,-1544.71814,54.844902,118.0207
1555893,DLCworkshop03.esm,05001C94,00051355,QryMoundRocksMed03,STAT,-1337.574829,-1893.346436,-588.736023,166.158
1555894,DLCworkshop03.esm,05001C95,0004F334,QryMoundRocksMed02,STAT,-1957.393799,-3412.869385,-576.057739,51.7564
1555895,DLCworkshop03.esm,05001C96,05001A7B,VltWorkShopCaveDirtPileFLAT01,STAT,-1385.617798,-58.852493,-512.457581,285.5155
1555896,DLCworkshop03.esm,05001C97,05001A7B,VltWorkShopCaveDirtPileFLAT01,STAT,-2672.607666,336.194763,-512.457581,262.5972
1555897,DLCworkshop03.esm,05001C98,05001A7B,VltWorkShopCaveDirtPileFLAT01,STAT,-2659.970703,-732.953796,-512.457581,262.5972
1555898,DLCworkshop03.esm,05001C99,05001A7B,VltWorkShopCaveDirtPileFLAT01,STAT,-1290.679688,-892.82373,-512.457581,285.5155
1555899,DLCworkshop03.esm,05001C9A,05001A7B,VltWorkShopCaveDirtPileFLAT01,STAT,-2581.200684,-2479.194336,-510.260986,241.1111
1555900,DLCworkshop03.esm,05001C9D,05001BEC,DLC06_RockL01,STAT,-7232.679687,-546.206055,-1137.67749,258.0213
1555901,DLCworkshop03.esm,05001C9E,05001BED,DLC06_RockM01,STAT,-7187.592285,-335.425171,-1024.45752,228.2198
1555902,DLCworkshop03.esm,05001C9F,05001BEC,DLC06_RockL01,STAT,-6715.660156,-477.74411,-438.906464,182.7524
1555903,DLCworkshop03.esm,05001CA0,05001BEC,DLC06_RockL01,STAT,-7136.334473,-401.454956,-706.053589,329.4552
1555904,DLCworkshop03.esm,05001CA1,05001BEC,DLC06_RockL01,STAT,-7062.939453,-344.577271,-437.024811,295.1304
1555905,DLCworkshop03.esm,05001CA2,05001BEC,DLC06_RockL01,STAT,-7483.641602,-155.076202,-344.180176,295.1304
1555906,DLCworkshop03.esm,05001CA3,05001BEC,DLC06_RockL01,STAT,-6945.151367,622.617249,-441.272552,262.496
1555907,DLCworkshop03.esm,05001CA4,05001BEC,DLC06_RockL01,STAT,-7433.495605,524.642151,-234.235901,268.7007
1555908,DLCworkshop03.esm,05001CA5,05001BEC,DLC06_RockL01,STAT,-6670.666016,-614.322083,-217.196655,96.7036
1555909,DLCworkshop03.esm,05001CA6,05001BF0,DLC06_RockM04,STAT,-6403.484863,-425.151459,-765.510193,288.1825
1555910,DLCworkshop03.esm,05001CA7,05001BF1,DLC06_RockS01,STAT,-6503.40332,-375.49765,-835.010315,177.6169
1555911,DLCworkshop03.esm,05001CA8,05001A7B,VltWorkShopCaveDirtPileFLAT01,STAT,-7365.357422,691.552307,-1025.162476,285.5155
1555912,DLCworkshop03.esm,05001CA9,05001A7B,VltWorkShopCaveDirtPileFLAT01,STAT,-7201.25,140.608459,-1025.162476,311.2987
1555913,DLCworkshop03.esm,05001CAA,05001A7B,VltWorkShopCaveDirtPileFLAT01,STAT,-6607.570801,-354.340454,-1025.162476,140.9012
1555914,DLCworkshop03.esm,05001CAB,05001A7B,VltWorkShopCaveDirtPileFLAT01,STAT,-5685.48291,450.683472,-1025.162476,112.2534
1555915,DLCworkshop03.esm,05001CAC,05001A7B,VltWorkShopCaveDirtPileFLAT01,STAT,-5204.034668,-337.359375,-1025.162476,78.449
1555916,DLCworkshop03.esm,05001CAD,05001A7B,VltWorkShopCaveDirtPileFLAT01,STAT,-6447.285645,-793.72113,-1025.162476,100.5079
1555917,DLCworkshop03.esm,05001CAE,05001BEC,DLC06_RockL01,STAT,-5377.007812,-654.186829,-886.707764,40.9148
1555918,DLCworkshop03.esm,05001CAF,05001BEC,DLC06_RockL01,STAT,-5374.943359,480.612457,-847.172363,338.2511
1555919,DLCworkshop03.esm,05001CB0,05001BEC,DLC06_RockL01,STAT,-5434.493652,48.883179,-847.172363,63.1683
1555920,DLCworkshop03.esm,05001CB1,05001BEC,DLC06_RockL01,STAT,-5458.129883,-189.34024,-972.275452,149.3501
1555921,DLCworkshop03.esm,05001CB2,05001BF0,DLC06_RockM04,STAT,-6492.020996,367.811584,-914.931274,225.9595
1555922,DLCworkshop03.esm,05001CB3,05001BF0,DLC06_RockM04,STAT,-6839.980469,375.695648,-972.040527,226.7885
1555923,DLCworkshop03.esm,05001CB4,05001BEC,DLC06_RockL01,STAT,-6790.47168,997.53656,-412.525543,9.5701
1555924,DLCworkshop03.esm,05001CB5,05001BEE,DLC06_RockM02,STAT,-7624.088379,134.921753,-419.629608,162.0761
1555925,DLCworkshop03.esm,05001CB6,05001BEE,DLC06_RockM02,STAT,-7562.585449,229.612015,-305.55835,270.0
1555926,DLCworkshop03.esm,05001CB7,05001BF0,DLC06_RockM04,STAT,-6791.795898,987.120056,-745.011108,0.0
1555927,DLCworkshop03.esm,05001CB8,05004B12,DLC06ScrapableLimestoneBolders01,SCOL,-7093.270996,645.437378,-1043.168335,0.0
1555928,DLCworkshop03.esm,05001CBA,05004B28,DLC06ScrapableLimestoneBouldersSm02,SCOL,-7542.383301,564.367371,-1053.877075,255.8368
1555929,DLCworkshop03.esm,05001CBB,05004B15,DLC06ScrapableLimestoneBolders02,SCOL,-6712.79834,-159.636337,-1041.825195,103.9454
1555930,DLCworkshop03.esm,05001CBD,05004B15,DLC06ScrapableLimestoneBolders02,SCOL,-5877.648438,-313.828491,-1071.632202,148.8187
1555931,DLCworkshop03.esm,05001CBE,05004B15,DLC06ScrapableLimestoneBolders02,SCOL,-6135.548828,-690.651733,-1071.632202,291.0948
1555932,DLCworkshop03.esm,05001CBF,001C0FCB,FloraFungusGlowing04,FLOR,-6165.727051,-641.3125,-1031.613159,34.3775
1555933,DLCworkshop03.esm,05001CC0,001C0FCB,FloraFungusGlowing04,FLOR,-6189.957031,-660.295166,-1031.613159,171.8874
1555934,DLCworkshop03.esm,05001CC1,001C0FCB,FloraFungusGlowing04,FLOR,-6203.438965,-748.286499,-1031.613159,194.8057
1555935,DLCworkshop03.esm,05001CC2,001C0FC9,FloraFungusGlowing02,FLOR,-6180.174805,-740.875061,-1033.675415,34.3776
1555936,DLCworkshop03.esm,05001CC3,001C0FC9,FloraFungusGlowing02,FLOR,-6190.198242,-829.640076,-1033.675415,354.2707
1555937,DLCworkshop03.esm,05001CC4,001C0FCB,FloraFungusGlowing04,FLOR,-5816.764648,-137.021484,-1031.613159,194.8057
1555938,DLCworkshop03.esm,05001CC5,001C0FC9,FloraFungusGlowing02,FLOR,-5793.500488,-129.610046,-1033.675415,34.3776
1555939,DLCworkshop03.esm,05001CC6,001C0FC9,FloraFungusGlowing02,FLOR,-5738.67627,-208.859543,-1033.675415,354.2707
1555940,DLCworkshop03.esm,05001CC7,001C0FCB,FloraFungusGlowing04,FLOR,-6182.013184,238.432388,-1031.613159,85.9438
1555941,DLCworkshop03.esm,05001CC8,05004B15,DLC06ScrapableLimestoneBolders02,SCOL,-6382.82666,169.638809,-1049.193848,18.4604
1555942,DLCworkshop03.esm,05001CC9,001C0FCB,FloraFungusGlowing04,FLOR,-6221.315918,242.963394,-1031.613159,189.0762
1555943,DLCworkshop03.esm,05001CCA,001C0FC9,FloraFungusGlowing02,FLOR,-6264.531738,237.147949,-1033.713135,45.8368
1555944,DLCworkshop03.esm,05001CCB,001C0FCB,FloraFungusGlowing04,FLOR,-6994.002441,-239.752762,-898.593628,93.4182
1555945,DLCworkshop03.esm,05001CCC,001C0FCB,FloraFungusGlowing04,FLOR,-7030.07666,-235.48732,-914.266418,196.5506
1555946,DLCworkshop03.esm,05001CCD,001C0FC9,FloraFungusGlowing02,FLOR,-7070.350098,-241.670212,-929.951111,53.3112
1555947,DLCworkshop03.esm,05001CCE,001C0FCB,FloraFungusGlowing04,FLOR,-6965.546387,-154.363205,-1025.907104,270.0
1555948,DLCworkshop03.esm,05001CCF,001C0FCB,FloraFungusGlowing04,FLOR,-6907.585937,-143.705124,-1025.907104,311.3534
1555949,DLCworkshop03.esm,05001CD0,001C0FCB,FloraFungusGlowing04,FLOR,-6912.062988,-133.079361,-1022.684509,270.0
1555950,DLCworkshop03.esm,05001CD1,001C0FCB,FloraFungusGlowing04,FLOR,-6803.875488,-150.698074,-1027.396851,138.2198
1555951,DLCworkshop03.esm,05001CD2,001C0FC8,FloraFungusGlowing01,FLOR,-6957.856445,-239.674698,-897.433594,95.3471
1555952,DLCworkshop03.esm,05001CD3,05001BF1,DLC06_RockS01,STAT,-7475.950195,-43.4673,-1033.446899,175.7083
1555953,DLCworkshop03.esm,05001CD4,05001BEF,DLC06_RockM03,STAT,-7431.422852,-217.968903,-1053.245605,136.7717
1555954,DLCworkshop03.esm,05001CD5,05004B28,DLC06ScrapableLimestoneBouldersSm02,SCOL,-7413.193359,164.624115,-1058.883667,292.1621
1555955,DLCworkshop03.esm,05001CD6,001C0FCB,FloraFungusGlowing04,FLOR,-6704.501465,276.551788,-990.77356,262.5974
1555956,DLCworkshop03.esm,05001CD7,05001BEE,DLC06_RockM02,STAT,-7477.033203,378.059082,-1059.556763,123.3436
1555957,DLCworkshop03.esm,05001CD8,05001BF1,DLC06_RockS01,STAT,-7446.589844,365.955627,-1033.803467,108.862
1555958,DLCworkshop03.esm,05001CD9,05001BF1,DLC06_RockS01,STAT,-7448.999512,279.092621,-1045.337158,154.6986
1555959,DLCworkshop03.esm,05001CDA,05001BF1,DLC06_RockS01,STAT,-7453.560547,111.198547,-1051.639526,168.5469
1555960,DLCworkshop03.esm,05001CDB,05001BEE,DLC06_RockM02,STAT,-7409.84375,120.636642,-1087.800049,124.5413
1555961,DLCworkshop03.esm,05001CDC,05001BF1,DLC06_RockS01,STAT,-7411.84082,125.148094,-1042.028809,97.4029
1555962,DLCworkshop03.esm,05001CDE,05004B53,DLC06ScrapableLimestoneBolders04,SCOL,-6176.260254,-346.515045,-1022.54541,17.1891
1555963,DLCworkshop03.esm,05001CDF,001C0FCB,FloraFungusGlowing04,FLOR,-7445.530273,463.144348,-1025.775391,270.0
1555964,DLCworkshop03.esm,05001CE0,001C0FC9,FloraFungusGlowing02,FLOR,-7459.28125,433.951843,-1023.639221,14.1099
1555965,DLCworkshop03.esm,05001CE1,05005E58,VltWorkShopCaveDirtPileHalf01,STAT,-6375.858887,2829.978027,-1029.160889,87.7771
1555966,DLCworkshop03.esm,05001CE2,05005E58,VltWorkShopCaveDirtPileHalf01,STAT,-6386.906738,2129.692871,-1026.606689,89.6106
1555967,DLCworkshop03.esm,05001CE3,05005E58,VltWorkShopCaveDirtPileHalf01,STAT,-6563.232422,2157.259033,-1018.005005,89.6106
1555968,DLCworkshop03.esm,05001CE7,05004B26,DLC06ScrapableLimestoneBouldersSm01,SCOL,-7380.966309,1933.312622,-1058.485352,346.6147
1555969,DLCworkshop03.esm,05001CE8,05001BEF,DLC06_RockM03,STAT,-963.206299,-3564.883545,219.515884,25.5697
1555970,DLCworkshop03.esm,05001CE9,05001BF0,DLC06_RockM04,STAT,-1011.933044,-3507.078369,127.541245,179.5731
1555971,DLCworkshop03.esm,05001CEA,05001BEC,DLC06_RockL01,STAT,-1018.372742,-3400.589844,265.248901,205.3016
1555972,DLCworkshop03.esm,05001CEB,05001BEC,DLC06_RockL01,STAT,-1122.939087,-3542.864014,67.806702,315.3153
1555973,DLCworkshop03.esm,05001CEC,05001BEE,DLC06_RockM02,STAT,-1193.89978,-3427.044434,18.767067,109.9708
1555974,DLCworkshop03.esm,05001CED,0003B2DF,RockM04,STAT,-1333.091797,-3369.047607,-494.527771,349.1683
1555975,DLCworkshop03.esm,05001CEE,0003B2E0,RockS01,STAT,-1326.042969,-3422.51416,-382.079895,131.7803
1555976,DLCworkshop03.esm,05001CEF,05001A7B,VltWorkShopCaveDirtPileFLAT01,STAT,-1133.098022,-3548.964111,-508.718964,276.0047
1555977,DLCworkshop03.esm,05001CF0,05001A7B,VltWorkShopCaveDirtPileFLAT01,STAT,-1616.616699,-3534.899658,-508.637238,276.0047
1555978,DLCworkshop03.esm,05001CF1,05001A7B,VltWorkShopCaveDirtPileFLAT01,STAT,-724.385742,-2276.549561,-510.127106,253.0864
1555979,DLCworkshop03.esm,05001CF2,05001BEC,DLC06_RockL01,STAT,-6738.592285,1389.925903,-630.197632,11.6883
1555980,DLCworkshop03.esm,05001CF3,05001BEC,DLC06_RockL01,STAT,-6742.442871,1504.213867,-849.690369,15.3541
1555981,DLCworkshop03.esm,05001CF6,05001BEE,DLC06_RockM02,STAT,-6814.292969,1701.177856,-1010.423645,270.9185
1555982,DLCworkshop03.esm,05001CF7,05001BEF,DLC06_RockM03,STAT,-7836.863281,1568.719604,-1066.59021,1.6865
1555983,DLCworkshop03.esm,05001CF8,05001BF1,DLC06_RockS01,STAT,-7819.684082,1667.504395,-1053.272583,0.0
1555984,DLCworkshop03.esm,05001CF9,05001BF1,DLC06_RockS01,STAT,-6818.786133,1892.194946,-1044.159302,0.0
1555985,DLCworkshop03.esm,05001CFA,05001BF1,DLC06_RockS01,STAT,-6823.169922,1823.421875,-1044.159302,262.0167
1555986,DLCworkshop03.esm,05001CFB,05001BF1,DLC06_RockS01,STAT,-6826.323242,1705.687744,-981.776123,106.6941
1555987,DLCworkshop03.esm,05001CFC,05001BF1,DLC06_RockS01,STAT,-6822.262207,1732.962036,-1005.855286,20.7657
1555988,DLCworkshop03.esm,05001CFD,05001BEE,DLC06_RockM02,STAT,-6824.162109,1500.694214,-1034.636841,128.7168
1555989,DLCworkshop03.esm,05001CFE,05001BEF,DLC06_RockM03,STAT,-6889.03418,1460.523682,-1024.178345,97.4028
1555990,DLCworkshop03.esm,05001CFF,05001BEF,DLC06_RockM03,STAT,-6840.027344,1594.022827,-1059.429199,246.1731
1555991,DLCworkshop03.esm,05001D00,05001BF1,DLC06_RockS01,STAT,-6969.646973,1634.656006,-1044.159302,0.0
1555992,DLCworkshop03.esm,05001D01,05001BF0,DLC06_RockM04,STAT,-7513.875,1523.025146,-1045.152832,174.2704
1555993,DLCworkshop03.esm,05001D02,05001BF1,DLC06_RockS01,STAT,-7498.421875,1618.236572,-1044.159302,0.0
1555994,DLCworkshop03.esm,05001D03,05001BF1,DLC06_RockS01,STAT,-7528.344727,1224.94043,-1030.036743,91.9024
1555995,DLCworkshop03.esm,05001D04,05001BEC,DLC06_RockL01,STAT,-5425.064941,-1002.543457,-1049.218628,341.5771
1555996,DLCworkshop03.esm,05001D05,05001BEC,DLC06_RockL01,STAT,-6436.899902,-1007.84729,-929.415649,186.8371
1555997,DLCworkshop03.esm,05001D07,001C0FCB,FloraFungusGlowing04,FLOR,-2316.72876,-680.106018,-514.046753,34.3775
1555998,DLCworkshop03.esm,05001D08,001C0FCB,FloraFungusGlowing04,FLOR,-2312.468262,-720.549377,-511.126251,158.6054
1555999,DLCworkshop03.esm,05001D09,001C0FCB,FloraFungusGlowing04,FLOR,-2296.769531,-771.290344,-514.046753,34.3775
1556000,DLCworkshop03.esm,05001D0A,001C0FCB,FloraFungusGlowing04,FLOR,-1687.938843,-8.723824,-511.126251,192.9829
1556001,DLCworkshop03.esm,05001D0B,001C0FC9,FloraFungusGlowing02,FLOR,-1721.572754,38.21785,-521.000061,175.7943
1556002,DLCworkshop03.esm,05001D0C,001C0FCB,FloraFungusGlowing04,FLOR,-1658.472046,79.16893,-510.765259,336.2224
1556003,DLCworkshop03.esm,05001D0D,001C0FCB,FloraFungusGlowing04,FLOR,-1686.99353,99.012688,-522.931213,192.9829
1556004,DLCworkshop03.esm,05001D0E,001C0FCB,FloraFungusGlowing04,FLOR,-2448.749268,-1.603361,-502.746826,192.9829
1556005,DLCworkshop03.esm,05001D0F,001C0FCB,FloraFungusGlowing04,FLOR,-2428.342285,-27.600327,-508.35022,39.2478
1556006,DLCworkshop03.esm,05001D10,001C0FCB,FloraFungusGlowing04,FLOR,-2409.3396,-149.797348,-512.6427,39.2478
1556007,DLCworkshop03.esm,05001D11,001C0FCA,FloraFungusGlowing03,FLOR,-2428.340332,-123.673508,-509.57724,39.2478
1556008,DLCworkshop03.esm,05001D12,001C0FC9,FloraFungusGlowing02,FLOR,-2430.181641,-85.135902,-516.387024,347.6816
1556009,DLCworkshop03.esm,05001D13,001C0FC9,FloraFungusGlowing02,FLOR,-2328.994629,-88.820892,-528.147705,347.6816
1556010,DLCworkshop03.esm,05001D14,05004B15,DLC06ScrapableLimestoneBolders02,SCOL,-2233.293457,23.503738,-528.559509,18.4604
1556011,DLCworkshop03.esm,05001D15,05004B15,DLC06ScrapableLimestoneBolders02,SCOL,-1728.115234,-459.963562,-550.997864,148.8187
1556012,DLCworkshop03.esm,05001D1D,0010DF40,QryCube01dirtyALL,STAT,-639.841064,-5105.316895,-443.676697,182.3833
1556013,DLCworkshop03.esm,05001D1E,0010DF40,QryCube01dirtyALL,STAT,-547.753967,-5296.824707,-427.891479,174.6484
1556014,DLCworkshop03.esm,05001D1F,0010DF40,QryCube01dirtyALL,STAT,150.491745,-5324.478027,-481.5401,166.9134
1556015,DLCworkshop03.esm,05001D20,00051353,QryMoundRocksLow04,STAT,-736.66217,-5313.51123,-572.354553,28.6481
1556016,DLCworkshop03.esm,05001D21,0004F334,QryMoundRocksMed02,STAT,271.663818,-5479.0625,-625.814026,305.0538
1556017,DLCworkshop03.esm,05001D22,00059B33,GasCanister,MISC,-1235.583496,-2847.245361,-442.129272,359.9551
1556018,DLCworkshop03.esm,05001D23,00059B33,GasCanister,MISC,-1065.915161,-3158.768799,-503.334991,180.0018
1556019,DLCworkshop03.esm,05001D26,00051353,QryMoundRocksLow04,STAT,-1759.62915,-2865.732178,-590.880615,85.9443
1556020,DLCworkshop03.esm,05001D27,00051353,QryMoundRocksLow04,STAT,-1439.465576,-2518.383057,-590.880615,337.0813
1556021,DLCworkshop03.esm,05001D28,05001BEE,DLC06_RockM02,STAT,-1674.160522,-3142.629639,-628.292664,234.4222
1556022,DLCworkshop03.esm,05001D29,05001BEF,DLC06_RockM03,STAT,-1956.657104,-3039.482666,-584.910217,69.1512
1556023,DLCworkshop03.esm,05001D2A,05001BF1,DLC06_RockS01,STAT,-1704.20166,-3050.046875,-556.404297,353.1777
1556024,DLCworkshop03.esm,05001D39,05004981,DLC06WorkshopNpcBedVaultLay02,FURN,-1033.080444,6980.234863,67.191826,268.9229
1556025,DLCworkshop03.esm,05001D3A,00060EC8,Pillow_02_Comfy,MISC,-1090.984131,6967.538086,111.797668,245.4085
1556026,DLCworkshop03.esm,05001D3E,00000021,CollisionMarker,STAT,158.960144,8696.623047,90.644173,285.5158
1556027,DLCworkshop03.esm,05001D3F,00000021,CollisionMarker,STAT,-135.432098,8749.56543,78.5504,256.8683
1556028,DLCworkshop03.esm,05001D40,00000021,CollisionMarker,STAT,196.8134,8335.561523,12.5112,302.704
1556029,DLCworkshop03.esm,05001D41,00000021,CollisionMarker,STAT,164.605103,8563.040039,23.7344,0.0
1556030,DLCworkshop03.esm,05001D42,00000021,CollisionMarker,STAT,365.536102,4673.254883,78.198997,342.8112
1556031,DLCworkshop03.esm,05001D43,00000021,CollisionMarker,STAT,-133.449402,5787.079102,38.0569,240.6647
1556032,DLCworkshop03.esm,05001D44,00000021,CollisionMarker,STAT,165.172806,8954.608398,12.6986,31.5126
1556033,DLCworkshop03.esm,05001D45,00000021,CollisionMarker,STAT,470.735046,7384.709473,39.108604,288.38
1556034,DLCworkshop03.esm,05001D46,00000021,CollisionMarker,STAT,306.440399,7405.188965,9.5267,14.3239
1556035,DLCworkshop03.esm,05001D47,00000021,CollisionMarker,STAT,652.582397,6649.35498,20.4147,0.0
1556036,DLCworkshop03.esm,05001D48,00000021,CollisionMarker,STAT,518.877197,6899.921875,10.89224,146.1042
1556037,DLCworkshop03.esm,05001D54,00000021,CollisionMarker,STAT,-117.420425,595.086365,-546.959106,342.8111
1556038,DLCworkshop03.esm,05001D55,00000021,CollisionMarker,STAT,161.659302,488.858887,-506.440735,22.9183
1556039,DLCworkshop03.esm,05001D56,00000021,CollisionMarker,STAT,129.843628,621.722351,-506.201874,25.783
1556040,DLCworkshop03.esm,05001D57,00000021,CollisionMarker,STAT,786.991516,877.25238,-497.18399,74.4844
1556041,DLCworkshop03.esm,05001D58,00000021,CollisionMarker,STAT,868.955017,989.669983,-495.298615,51.5662
1556042,DLCworkshop03.esm,05001D59,00000021,CollisionMarker,STAT,-12.046844,3093.963379,-447.616364,35.341
1556043,DLCworkshop03.esm,05001D5A,00000021,CollisionMarker,STAT,-24.2787,2991.108887,-516.320129,352.3692
1556044,DLCworkshop03.esm,05001D5B,00000021,CollisionMarker,STAT,1138.721558,-267.836304,-582.020325,319.893
1556045,DLCworkshop03.esm,05001D5C,00000021,CollisionMarker,STAT,-206.011307,325.489899,-491.684387,74.2554
1556046,DLCworkshop03.esm,05001D5D,00000021,CollisionMarker,STAT,-252.012695,176.111603,-484.111115,79.9846
1556047,DLCworkshop03.esm,05001D5E,00000021,CollisionMarker,STAT,-130.013199,14.978302,-486.340302,14.6679
1556048,DLCworkshop03.esm,05001D5F,00000021,CollisionMarker,STAT,-2.7914,-7.3436,-496.332306,14.6679
1556049,DLCworkshop03.esm,05001D60,00000021,CollisionMarker,STAT,11.123108,-142.886902,-477.830017,14.6679
1556050,DLCworkshop03.esm,05001D61,00000021,CollisionMarker,STAT,-806.304016,1077.359497,-434.298492,25.7831
1556051,DLCworkshop03.esm,05001D62,00000021,CollisionMarker,STAT,-1646.01123,763.994019,-225.674988,323.3881
1556052,DLCworkshop03.esm,05001D63,00000021,CollisionMarker,STAT,-1997.693115,395.575897,-603.988586,83.7093
1556053,DLCworkshop03.esm,05001D65,00000021,CollisionMarker,STAT,-10088.755859,7294.820801,-596.981323,100.6222
1556054,DLCworkshop03.esm,05001D66,00000021,CollisionMarker,STAT,-10120.639648,7183.434082,-594.708618,135.0001
1556055,DLCworkshop03.esm,05001D67,05001BEC,DLC06_RockL01,STAT,-7051.518555,938.692139,-219.517014,72.371
1556056,DLCworkshop03.esm,05001D6B,05001BEC,DLC06_RockL01,STAT,-6069.012695,-1103.384155,-50.280907,295.3447
1556057,DLCworkshop03.esm,05001D6C,000FDB9B,RockL01,STAT,-6312.904297,-1466.39917,145.156036,105.7089
1556058,DLCworkshop03.esm,05001D6D,05001BED,DLC06_RockM01,STAT,-6227.320801,-1241.313965,-95.537003,195.8979
1556059,DLCworkshop03.esm,05001D6E,00051353,QryMoundRocksLow04,STAT,-5956.701172,-2801.948486,-1074.671753,240.643
1556060,DLCworkshop03.esm,05001D6F,05001A7B,VltWorkShopCaveDirtPileFLAT01,STAT,-5501.921387,-2790.524658,-1027.27063,331.3521
1556061,DLCworkshop03.esm,05001D70,05001A7B,VltWorkShopCaveDirtPileFLAT01,STAT,-6487.657227,-2685.744141,-1026.155396,354.1559
1556062,DLCworkshop03.esm,05001D71,05001A7B,VltWorkShopCaveDirtPileFLAT01,STAT,-4629.836914,-2614.838623,-1025.151611,93.8507
1556063,DLCworkshop03.esm,05001D72,05001A7D,VltWorkShopCaveDirtPileFLAT02,STAT,-4424.798828,-4837.74707,-513.897705,270.0
1556064,DLCworkshop03.esm,05001D73,05001A7D,VltWorkShopCaveDirtPileFLAT02,STAT,-5091.416992,-4837.748535,-514.080444,270.0
1556065,DLCworkshop03.esm,05001D74,05001A7D,VltWorkShopCaveDirtPileFLAT02,STAT,-3814.67627,-4712.374023,-514.080444,270.0
1556066,DLCworkshop03.esm,05001D75,05001679,DLC06ScrapableJerseyBarriers06a,SCOL,-5739.405273,-2327.887939,-1027.045532,279.786
1556067,DLCworkshop03.esm,05001D77,00051353,QryMoundRocksLow04,STAT,-5565.958496,-2952.647217,-1071.090576,236.747
1556068,DLCworkshop03.esm,05001D78,00051353,QryMoundRocksLow04,STAT,-5596.19043,-3247.405273,-1077.731567,82.0484
1556069,DLCworkshop03.esm,05001D79,001A037F,Loot_ToolboxLarge,CONT,-5101.724121,-1755.41626,-1009.240967,51.8527
1556070,DLCworkshop03.esm,05001D7A,000FDEE8,defaultLightWarm01NSNonSpec,LIGH,-5074.291016,-1842.154419,-920.381104,263.2736
1556071,DLCworkshop03.esm,05001D7B,00091D4C,defaultLightWarm01SpotNSFlicker,LIGH,-4994.729004,-1777.614014,-900.816467,130.3138
1556072,DLCworkshop03.esm,05001D7C,0002B76A,EmergencyLightBeam01,MSTT,-5021.464844,-1761.062744,-916.365112,180.0
1556073,DLCworkshop03.esm,05001D7D,0002B76A,EmergencyLightBeam01,MSTT,-4992.849609,-1787.675537,-916.365112,180.0
1556074,DLCworkshop03.esm,05001D80,05001042,DLC06ScrapableEngineCarStatic01,STAT,-4868.479492,-1815.378784,-1003.008972,114.818
1556075,DLCworkshop03.esm,05001D81,000FDB9B,RockL01,STAT,-4336.92627,-1595.573242,-1128.638306,0.0
1556076,DLCworkshop03.esm,05001D82,000FDB9B,RockL01,STAT,-4062.291748,-1642.590088,-788.704651,340.6896
1556077,DLCworkshop03.esm,05001D83,05005E59,VltWorkShopCaveDirtPileHalf02,STAT,-4387.845703,-1930.025757,-1034.073608,80.9241
1556078,DLCworkshop03.esm,05001D84,000B30D1,ConstructionLight_Floor,STAT,-5869.584961,-2089.730225,-982.641052,238.8769
1556079,DLCworkshop03.esm,05001D88,05001A7B,VltWorkShopCaveDirtPileFLAT01,STAT,-4488.325195,-5525.764648,-511.917297,348.0716
1556080,DLCworkshop03.esm,05001D89,05001A7B,VltWorkShopCaveDirtPileFLAT01,STAT,-4551.370117,-5458.159668,-512.45752,355.9212
1556081,DLCworkshop03.esm,05001D8A,05001A7B,VltWorkShopCaveDirtPileFLAT01,STAT,-4842.596191,-5514.567871,-512.45752,348.0716
1556082,DLCworkshop03.esm,05001D8C,05001D8B,DLC06ScrapablePipeAndMarble02,SCOL,-4589.141602,-5480.541504,-452.892151,0.0
1556083,DLCworkshop03.esm,05001D8D,05004BDA,DLC06ScrapableJerseyBarriers07,SCOL,-3472.48584,-4916.266113,-513.075012,242.3148
1556084,DLCworkshop03.esm,05001D93,00024848,ConstructionBarrier02,MSTT,-5328.131836,-4770.42627,-493.563629,340.5916
1556085,DLCworkshop03.esm,05001D94,00024848,ConstructionBarrier02,MSTT,-5535.999023,-4742.278809,-512.580872,208.4953
1556086,DLCworkshop03.esm,05001D95,00024843,TrafficCone,MSTT,-5563.683594,-4627.530762,-496.927917,259.2572
1556087,DLCworkshop03.esm,05001D96,00024848,ConstructionBarrier02,MSTT,-5735.280273,-2495.934326,-1027.391602,277.2502
1556088,DLCworkshop03.esm,05001D97,00024848,ConstructionBarrier02,MSTT,-5409.216309,-1922.702148,-1006.793335,174.168
1556089,DLCworkshop03.esm,05001D98,00024843,TrafficCone,MSTT,-5390.178223,-1788.571045,-1024.243164,359.9944
1556090,DLCworkshop03.esm,05001D99,00024843,TrafficCone,MSTT,-5518.65918,-1728.430298,-1004.998901,131.5716
1556091,DLCworkshop03.esm,05001D9A,00024848,ConstructionBarrier02,MSTT,-5084.848633,-3269.236816,-1005.711487,167.1517
1556092,DLCworkshop03.esm,05001D9D,05004B28,DLC06ScrapableLimestoneBouldersSm02,SCOL,-5482.857422,-3714.153564,-967.273987,200.5355
1556093,DLCworkshop03.esm,05001DA7,0004F34E,QryMoundRocksLow02,STAT,-5969.664062,-2672.627197,-1040.562134,280.75
1556094,DLCworkshop03.esm,05001DAA,05001DA9,DLC06ScrapableCratesLargeGroup015,SCOL,-6012.659668,-3060.268311,-1031.437256,0.0
1556095,DLCworkshop03.esm,05001DB3,05004B28,DLC06ScrapableLimestoneBouldersSm02,SCOL,-2041.937012,589.550415,-552.082031,148.9693
1556096,DLCworkshop03.esm,05001DB4,05004D08,DLC06ScrapableLimestoneBolders09,SCOL,-2122.639648,734.370422,-548.359192,120.3214
1556097,DLCworkshop03.esm,05001DB5,05004D08,DLC06ScrapableLimestoneBolders09,SCOL,-1663.647095,287.517609,-548.359192,131.9525
1556098,DLCworkshop03.esm,05001DC2,000F393E,Rubble_Pile_Dirt_Sm01,STAT,-195.362076,-3081.083008,-553.320129,260.0431
1556099,DLCworkshop03.esm,05001DC3,000F393E,Rubble_Pile_Dirt_Sm01,STAT,-197.083221,-2928.553955,-551.742798,213.2933
1556100,DLCworkshop03.esm,05001DC4,05005E58,VltWorkShopCaveDirtPileHalf01,STAT,1028.252197,3426.711914,-318.061157,90.0
1556101,DLCworkshop03.esm,05001DC5,0003B2DF,RockM04,STAT,755.988831,3766.05127,-144.118057,0.0
1556102,DLCworkshop03.esm,05001DC6,05001BF1,DLC06_RockS01,STAT,-1673.374023,-1746.909546,159.622101,291.9373
1556103,DLCworkshop03.esm,05001DC7,05001BF1,DLC06_RockS01,STAT,-1646.573486,-1864.705933,159.622101,291.9373
1556104,DLCworkshop03.esm,05001DC8,05001A7B,VltWorkShopCaveDirtPileFLAT01,STAT,-2497.014404,-2044.380005,-510.179199,274.9162
1556105,DLCworkshop03.esm,05001DC9,05001A7B,VltWorkShopCaveDirtPileFLAT01,STAT,-1328.858521,-1573.143188,-514.12854,267.9261
1556106,DLCworkshop03.esm,05001DCA,05001A7B,VltWorkShopCaveDirtPileFLAT01,STAT,-2515.469727,-1279.639404,-509.714722,274.9162
1556107,DLCworkshop03.esm,05001DCB,05001A7B,VltWorkShopCaveDirtPileFLAT01,STAT,-2467.526367,-1558.381104,-510.35733,274.9162
1556108,DLCworkshop03.esm,05001DCF,000E37D1,IndustrialCart01,STAT,-503.134918,-2630.500488,-504.233643,277.5044
1556109,DLCworkshop03.esm,05001DD0,0500498A,DLC06WorkshopVault_Crate_01_Beige,STAT,-557.52124,-2797.447266,-517.523987,208.8024
1556110,DLCworkshop03.esm,05001DD2,0500498B,DLC06WorkshopVault_Crate_01_Blue,STAT,-610.156616,-2702.860352,-516.148071,232.0818
1556111,DLCworkshop03.esm,05001DD3,050055D0,DLC06VaultSignConstruct09,STAT,-335.172516,-3278.20459,-513.215149,270.0
1556112,DLCworkshop03.esm,05001DD4,05005E58,VltWorkShopCaveDirtPileHalf01,STAT,269.113403,-2582.831299,-558.792053,1.9641
1556113,DLCworkshop03.esm,05001DD5,0500498B,DLC06WorkshopVault_Crate_01_Blue,STAT,-833.629395,-3780.989746,-514.11322,314.1011
1556114,DLCworkshop03.esm,05001DD6,00096A21,OilLamp_Off,MISC,-131.422058,-2850.045654,-500.63559,1.7221
1556115,DLCworkshop03.esm,05001DD7,05005E58,VltWorkShopCaveDirtPileHalf01,STAT,-2024.823364,-4097.964355,-540.730469,1.9641
1556116,DLCworkshop03.esm,05001DD8,05005E58,VltWorkShopCaveDirtPileHalf01,STAT,-1991.688843,-4004.900635,-513.27832,0.0
1556117,DLCworkshop03.esm,05001DD9,05005E58,VltWorkShopCaveDirtPileHalf01,STAT,-2794.489014,-4298.79541,-513.27832,341.723
1556118,DLCworkshop03.esm,05001DDA,05005E58,VltWorkShopCaveDirtPileHalf01,STAT,-1610.825073,-5367.126465,-513.27832,90.3094
1556119,DLCworkshop03.esm,05001DDB,05005E58,VltWorkShopCaveDirtPileHalf01,STAT,-1978.699097,-5479.507812,-513.27832,130.4164
1556120,DLCworkshop03.esm,05001DDC,05005E58,VltWorkShopCaveDirtPileHalf01,STAT,-1344.688477,-5167.007324,-513.27832,255.7797
1556121,DLCworkshop03.esm,05001DDD,05005E58,VltWorkShopCaveDirtPileHalf01,STAT,-2737.840576,-5657.141113,-513.27832,181.7537
1556122,DLCworkshop03.esm,05001DDE,05005E59,VltWorkShopCaveDirtPileHalf02,STAT,-3315.429199,-5670.926758,-513.27832,176.0241
1556123,DLCworkshop03.esm,05001DDF,05005E59,VltWorkShopCaveDirtPileHalf02,STAT,-3508.198242,-4494.500488,-513.27832,357.881
1556124,DLCworkshop03.esm,05001DE0,05005E59,VltWorkShopCaveDirtPileHalf02,STAT,-3967.684082,-4431.027344,-554.536194,32.3455
1556125,DLCworkshop03.esm,05001DE1,0003AA22,RockM02,STAT,-4113.148926,-4651.634766,-559.228882,232.8329
1556126,DLCworkshop03.esm,05001DE2,0003AA21,RockM01,STAT,-4531.288086,-4235.803223,-691.775024,120.8286
1556127,DLCworkshop03.esm,05001DE3,0003AA21,RockM01,STAT,-4269.290039,-4298.828613,-559.207214,49.1286
1556128,DLCworkshop03.esm,05001DE4,05005E59,VltWorkShopCaveDirtPileHalf02,STAT,-4206.242676,-4302.257324,-570.254761,58.1815
1556129,DLCworkshop03.esm,05001DE5,0003AA22,RockM02,STAT,-4568.875488,-4013.856689,-707.222046,98.9466
1556130,DLCworkshop03.esm,05001DEB,00024848,ConstructionBarrier02,MSTT,192.885162,-4912.018555,-620.066223,347.7356
1556131,DLCworkshop03.esm,05001DEC,00024843,TrafficCone,MSTT,-435.699921,-4868.611328,-497.837158,259.2572
1556132,DLCworkshop03.esm,05001DED,00024848,ConstructionBarrier02,MSTT,-376.47644,-5032.043457,-513.492249,208.4953
1556133,DLCworkshop03.esm,05001DEE,00024843,TrafficCone,MSTT,-490.623444,-4172.303223,-453.515656,7.9076
1556134,DLCworkshop03.esm,05001DEF,00024843,TrafficCone,MSTT,-480.063812,-4209.416016,-455.48175,69.9591
1556135,DLCworkshop03.esm,05001DF0,0002B6E2,LunchPail,CONT,-438.554382,-4200.621582,-454.755219,0.0
1556136,DLCworkshop03.esm,05001DF1,0500207D,DLC06ConstructionLight_Standing_2piece_Off1,SCOL,-570.827515,-2737.338623,-413.769562,319.893
1556137,DLCworkshop03.esm,05001DF2,00018CD9,MetalBarrelStatic02,STAT,759.589783,-3820.569336,-999.330078,0.2174
1556138,DLCworkshop03.esm,05001DF3,00018CD9,MetalBarrelStatic02,STAT,841.357605,-3648.010498,-1028.082886,0.0003
1556139,DLCworkshop03.esm,05001DF4,00018CD9,MetalBarrelStatic02,STAT,1200.233032,-3826.684326,-1016.075806,176.2134
1556140,DLCworkshop03.esm,05001DF6,0500498C,DLC06WorkshopVault_Crate_01_Red,STAT,1168.443481,-3708.380859,-1039.047852,314.1011
1556141,DLCworkshop03.esm,05001DF8,00024848,ConstructionBarrier02,MSTT,782.811462,-3646.555908,-996.069641,199.9003
1556142,DLCworkshop03.esm,05001DF9,00024843,TrafficCone,MSTT,747.139404,-3629.692627,-987.855042,158.8623
1556143,DLCworkshop03.esm,05001DFA,00024843,TrafficCone,MSTT,510.563843,-3473.111816,-848.989319,154.8919
1556144,DLCworkshop03.esm,05001DFB,00024843,TrafficCone,MSTT,-324.979584,-4101.724121,-497.83197,101.3793
1556145,DLCworkshop03.esm,05001DFC,050055CE,DLC06VaultSignConstruct07,STAT,-925.611267,-3672.41626,-232.463104,8.3081
1556146,DLCworkshop03.esm,05001DFD,0003B2DF,RockM04,STAT,-1063.016235,-3896.216553,-521.254028,2.2096
1556147,DLCworkshop03.esm,05001DFE,05005E58,VltWorkShopCaveDirtPileHalf01,STAT,-1371.934692,-3981.591064,-513.27832,9.4538
1556148,DLCworkshop03.esm,05001DFF,0500498B,DLC06WorkshopVault_Crate_01_Blue,STAT,476.953857,-4607.566895,-871.956909,313.7367
1556149,DLCworkshop03.esm,05001E00,05004994,DLC06WorkshopVault_Crate_03_Beige,STAT,786.662231,-4492.333984,-1032.280762,74.0579
1556150,DLCworkshop03.esm,05001E01,0500498D,DLC06WorkshopVault_Crate_01_Steel,STAT,739.488464,-4437.472656,-1005.596191,279.3593
1556151,DLCworkshop03.esm,05001E02,0500498D,DLC06WorkshopVault_Crate_01_Steel,STAT,945.3078,-4326.891113,-1033.569336,34.377
1556152,DLCworkshop03.esm,05001E03,050055D5,DLC06VaultSignConstruct04,STAT,-29.803156,-5465.745117,-323.164062,270.0
1556153,DLCworkshop03.esm,05001E04,050055D5,DLC06VaultSignConstruct04,STAT,-4991.743164,-1621.958252,-813.498474,94.1176
1556154,DLCworkshop03.esm,05001E18,00148C6F,DefaultLightCoolFLNS,LIGH,-9629.987305,-5646.50293,-383.539276,270.0
1556155,DLCworkshop03.esm,05001E1A,00148C70,DefaultLightCoolFLNSNonSpec,LIGH,-9625.047852,-5599.844727,-423.218842,270.0
1556156,DLCworkshop03.esm,05001E1B,001852EF,DefaultLightCoolFLNSNonSpecFlicker,LIGH,6715.779785,-3190.822998,-1056.449585,0.0
1556157,DLCworkshop03.esm,05001E1C,001852EF,DefaultLightCoolFLNSNonSpecFlicker,LIGH,6758.865723,-1923.661499,-1039.732788,0.0
1556158,DLCworkshop03.esm,05001E1D,0014C75C,defaultLightWarm01FlickerNS,LIGH,5800.135254,-2780.149902,-1015.492859,180.0001
1556159,DLCworkshop03.esm,05001E1E,0014C75C,defaultLightWarm01FlickerNS,LIGH,6674.872559,-2418.989746,-1067.594238,0.0
1556160,DLCworkshop03.esm,05001E1F,0014C75C,defaultLightWarm01FlickerNS,LIGH,5816.532227,-2168.998291,-1015.492859,180.0001
1556161,DLCworkshop03.esm,05001E20,0014C75C,defaultLightWarm01FlickerNS,LIGH,5815.70752,-2243.973877,-1052.279297,180.0001
1556162,DLCworkshop03.esm,05001E21,0014C75C,defaultLightWarm01FlickerNS,LIGH,6674.872559,-3191.75415,-1067.594238,0.0
1556163,DLCworkshop03.esm,05001E22,0014C75C,defaultLightWarm01FlickerNS,LIGH,6708.036133,-1927.347412,-1067.594238,0.0
1556164,DLCworkshop03.esm,05001E25,000560DC,defaultLightWarm01NS,LIGH,-8711.729492,-5584.107422,650.89856,0.0
1556165,DLCworkshop03.esm,05001E26,000560DC,defaultLightWarm01NS,LIGH,-8791.584961,-5055.371094,650.89856,0.0
1556166,DLCworkshop03.esm,05001E27,000560DC,defaultLightWarm01NS,LIGH,-9199.912109,-5140.971191,650.89856,0.0
1556167,DLCworkshop03.esm,05001E28,000560DC,defaultLightWarm01NS,LIGH,-9243.057617,-5404.076172,650.89856,0.0
1556168,DLCworkshop03.esm,05001E29,000560DC,defaultLightWarm01NS,LIGH,-9181.517578,-5964.724609,648.045044,0.0
1556169,DLCworkshop03.esm,05001E2A,000560DC,defaultLightWarm01NS,LIGH,-8911.615234,-6428.666504,547.927856,0.0
1556170,DLCworkshop03.esm,05001E2B,000560DC,defaultLightWarm01NS,LIGH,-9579.883789,-5308.862305,98.265099,0.0
1556171,DLCworkshop03.esm,05001E2C,000560DC,defaultLightWarm01NS,LIGH,-9403.192383,-5396.850098,292.22821,78.8038
1556172,DLCworkshop03.esm,05001E2D,000560DC,defaultLightWarm01NS,LIGH,-9384.459961,-5420.585938,292.22821,78.8038
1556173,DLCworkshop03.esm,05001E2E,000560DC,defaultLightWarm01NS,LIGH,83.487991,1528.859009,-326.061951,0.0
1556174,DLCworkshop03.esm,05001E2F,000560DC,defaultLightWarm01NS,LIGH,-246.82048,1527.270508,-354.748413,348.8039
1556175,DLCworkshop03.esm,05001E31,0007ED5A,defaultLightWarm01NSFlicker,LIGH,-8797.988281,-5059.234863,581.306763,0.0
1556176,DLCworkshop03.esm,05001E32,0007ED5A,defaultLightWarm01NSFlicker,LIGH,-9206.31543,-5144.834961,581.306763,0.0
1556177,DLCworkshop03.esm,05001E33,0007ED5A,defaultLightWarm01NSFlicker,LIGH,-9249.460938,-5407.939941,581.306763,0.0
1556178,DLCworkshop03.esm,05001E34,0007ED5A,defaultLightWarm01NSFlicker,LIGH,-9187.920898,-5968.588379,578.453247,0.0
1556179,DLCworkshop03.esm,05001E35,0007ED5A,defaultLightWarm01NSFlicker,LIGH,-8918.018555,-6432.530273,406.536713,0.0
1556180,DLCworkshop03.esm,05001E36,0007ED5A,defaultLightWarm01NSFlicker,LIGH,-8718.132812,-5587.971191,581.306763,254.4392
1556181,DLCworkshop03.esm,05001E37,0007ED5A,defaultLightWarm01NSFlicker,LIGH,-9586.287109,-5312.726074,50.343178,0.0
1556182,DLCworkshop03.esm,05001E38,0007ED5A,defaultLightWarm01NSFlicker,LIGH,-8859.037109,-6244.072266,392.89624,0.0
1556183,DLCworkshop03.esm,05001E3B,000FDEE8,defaultLightWarm01NSNonSpec,LIGH,-9199.912109,-5140.971191,511.085449,0.0
1556184,DLCworkshop03.esm,05001E3C,000FDEE8,defaultLightWarm01NSNonSpec,LIGH,-8807.401367,-5060.170898,527.941833,0.0
1556185,DLCworkshop03.esm,05001E3D,000FDEE8,defaultLightWarm01NSNonSpec,LIGH,-9230.28418,-5450.703613,571.855225,0.0
1556186,DLCworkshop03.esm,05001E3E,000FDEE8,defaultLightWarm01NSNonSpec,LIGH,-8687.995117,-5567.056641,570.513306,254.4392
1556187,DLCworkshop03.esm,05001E3F,000FDEE8,defaultLightWarm01NSNonSpec,LIGH,-9579.883789,-5308.862305,-19.878136,0.0
1556188,DLCworkshop03.esm,05001E40,000FDEE8,defaultLightWarm01NSNonSpec,LIGH,-9355.191406,-5426.150391,324.470184,78.8038
1556189,DLCworkshop03.esm,05001E41,000FDEE8,defaultLightWarm01NSNonSpec,LIGH,661.61499,-387.06955,-361.428284,42.4439
1556190,DLCworkshop03.esm,05001E42,000FDEE8,defaultLightWarm01NSNonSpec,LIGH,633.548157,-636.888245,-337.340515,42.4439
1556191,DLCworkshop03.esm,05001E43,000FDEE8,defaultLightWarm01NSNonSpec,LIGH,145.094269,1528.172485,-406.061951,0.0
1556192,DLCworkshop03.esm,05001E44,000FDEE8,defaultLightWarm01NSNonSpec,LIGH,-219.221054,1567.421021,-351.003326,348.8039
1556193,DLCworkshop03.esm,05001E45,000FDEE8,defaultLightWarm01NSNonSpec,LIGH,-169.548187,1633.662964,-351.003326,348.8039
1556194,DLCworkshop03.esm,05001E46,00155875,defaultLightWarm01SpotNS,LIGH,-8812.263672,-5160.843262,400.117889,0.0
1556195,DLCworkshop03.esm,05001E48,0016C8C4,defaultLightWarm02NSFlicker,LIGH,-8825.521484,-5172.319824,104.178146,74.4392
1556196,DLCworkshop03.esm,05001E49,0016C8C4,defaultLightWarm02NSFlicker,LIGH,-9380.189453,-5088.107422,301.653412,344.4391
1556197,DLCworkshop03.esm,05001E4A,0016C8C4,defaultLightWarm02NSFlicker,LIGH,-9163.302734,-4950.770508,195.401566,344.4391
1556198,DLCworkshop03.esm,05001E4B,0016C8C4,defaultLightWarm02NSFlicker,LIGH,-9131.674805,-5605.314941,257.664093,344.4391
1556199,DLCworkshop03.esm,05001E4C,00101187,defaultLightWarm02NSNonSpec,LIGH,3566.306152,-1507.476929,-695.88623,312.4439
1556200,DLCworkshop03.esm,05001E4D,00101187,defaultLightWarm02NSNonSpec,LIGH,3720.481689,-1789.535645,-695.88623,312.4439
1556201,DLCworkshop03.esm,05001E4E,000517B0,DefaultLightWhite01NS,LIGH,1671.425781,6684.942871,76.876816,180.0001
1556202,DLCworkshop03.esm,05001E4F,000517B0,DefaultLightWhite01NS,LIGH,1731.470581,6699.605957,-26.100449,180.0001
1556203,DLCworkshop03.esm,05001E50,000517B0,DefaultLightWhite01NS,LIGH,2516.697998,6697.150391,81.929176,0.0001
1556204,DLCworkshop03.esm,05001E51,000517B0,DefaultLightWhite01NS,LIGH,2432.824463,6650.490723,13.799316,0.0001
1556205,DLCworkshop03.esm,05001E52,000517B0,DefaultLightWhite01NS,LIGH,1079.587646,804.333984,-416.283539,0.0
1556206,DLCworkshop03.esm,05001E53,000517B0,DefaultLightWhite01NS,LIGH,1035.735962,1105.869629,-416.283539,0.0
1556207,DLCworkshop03.esm,05001E55,00091703,DefaultLightWhite01NSNonSpecFlicker,LIGH,245.79361,1537.216675,-412.800476,0.0
1556208,DLCworkshop03.esm,05001E56,00054467,DefaultLightWhite01Spot,LIGH,-9341.732422,-5075.73584,436.844696,270.0
1556209,DLCworkshop03.esm,05001E59,0010ADBA,DefaultLightWhite01SpotNS,LIGH,-8711.729492,-5584.107422,661.034912,0.0
1556210,DLCworkshop03.esm,05001E5A,0010ADBA,DefaultLightWhite01SpotNS,LIGH,-8791.584961,-5055.371094,661.034912,0.0
1556211,DLCworkshop03.esm,05001E5B,0010ADBA,DefaultLightWhite01SpotNS,LIGH,-9199.912109,-5140.971191,661.034912,0.0
1556212,DLCworkshop03.esm,05001E5C,0010ADBA,DefaultLightWhite01SpotNS,LIGH,-9243.057617,-5404.076172,661.034912,0.0
1556213,DLCworkshop03.esm,05001E5D,0010ADBA,DefaultLightWhite01SpotNS,LIGH,-9181.517578,-5964.724609,658.181396,0.0
1556214,DLCworkshop03.esm,05001E5E,0010ADBA,DefaultLightWhite01SpotNS,LIGH,-8911.615234,-6428.666504,558.064209,0.0
1556215,DLCworkshop03.esm,05001E5F,0010ADBA,DefaultLightWhite01SpotNS,LIGH,-8629.790039,-5816.889648,662.57312,0.0
1556216,DLCworkshop03.esm,05001E60,0010ADBA,DefaultLightWhite01SpotNS,LIGH,-9579.883789,-5308.862305,108.401443,0.0
1556217,DLCworkshop03.esm,05001E61,0010ADBA,DefaultLightWhite01SpotNS,LIGH,-9743.637695,-4936.750977,-260.605438,0.0
1556218,DLCworkshop03.esm,05001E62,0010ADBA,DefaultLightWhite01SpotNS,LIGH,5717.703125,-2245.868408,-894.283264,273.8141
1556219,DLCworkshop03.esm,05001E63,000916F8,DefaultLightWhite01SpotNSFlicker,LIGH,4000.810791,-1598.938843,-652.046021,177.444
1556220,DLCworkshop03.esm,05001E64,000916F8,DefaultLightWhite01SpotNSFlicker,LIGH,759.69397,-881.203979,-382.384216,267.444
1556221,DLCworkshop03.esm,05001E65,05001E10,DLC06CaveLightNS,LIGH,-10334.887695,-4005.880371,-440.86557,134.9994
1556222,DLCworkshop03.esm,05001E66,05001E10,DLC06CaveLightNS,LIGH,-10808.154297,-2370.617188,-738.224365,134.9994
1556223,DLCworkshop03.esm,05001E67,05001E10,DLC06CaveLightNS,LIGH,-10787.142578,-2094.502197,-738.224365,134.9994
1556224,DLCworkshop03.esm,05001E68,05001E10,DLC06CaveLightNS,LIGH,-10480.405273,-1835.595215,-715.353149,134.9994
1556225,DLCworkshop03.esm,05001E69,05001E10,DLC06CaveLightNS,LIGH,-8150.501953,-5120.307129,119.357727,134.9994
1556226,DLCworkshop03.esm,05001E6A,05001E10,DLC06CaveLightNS,LIGH,-8278.15625,-4721.491699,218.600006,134.9994
1556227,DLCworkshop03.esm,05001E6B,05001E10,DLC06CaveLightNS,LIGH,-7834.98584,-4263.740723,219.713074,134.9994
1556228,DLCworkshop03.esm,05001E6C,05001E10,DLC06CaveLightNS,LIGH,-7309.19873,-4214.519531,121.598289,134.9994
1556229,DLCworkshop03.esm,05001E6D,05001E10,DLC06CaveLightNS,LIGH,-7016.780762,-4048.427979,250.292892,134.9994
1556230,DLCworkshop03.esm,05001E6E,05001E10,DLC06CaveLightNS,LIGH,5284.367676,-3102.984863,-979.71051,0.0
1556231,DLCworkshop03.esm,05001E6F,05001E10,DLC06CaveLightNS,LIGH,2743.818604,-3975.408691,-654.028748,0.0
1556232,DLCworkshop03.esm,05001E70,05001E10,DLC06CaveLightNS,LIGH,3222.239746,-3743.845703,-757.169739,0.0
1556233,DLCworkshop03.esm,05001E71,05001E10,DLC06CaveLightNS,LIGH,3706.403076,-3911.565186,-1043.361938,0.0
1556234,DLCworkshop03.esm,05001E72,05001E10,DLC06CaveLightNS,LIGH,4126.369629,-4133.563965,-963.811462,0.0
1556235,DLCworkshop03.esm,05001E73,05001E10,DLC06CaveLightNS,LIGH,4567.113281,-2804.651611,-895.864868,0.0
1556236,DLCworkshop03.esm,05001E74,05001E10,DLC06CaveLightNS,LIGH,4156.400391,-2624.881104,-789.473267,0.0
1556237,DLCworkshop03.esm,05001E75,05001E10,DLC06CaveLightNS,LIGH,4043.561035,-2649.901367,-789.473267,0.0
1556238,DLCworkshop03.esm,05001E76,05001E10,DLC06CaveLightNS,LIGH,3696.217285,-2501.345215,-716.892029,0.0
1556239,DLCworkshop03.esm,05001E77,05001E10,DLC06CaveLightNS,LIGH,3226.205811,-1559.827393,-577.107849,0.0
1556240,DLCworkshop03.esm,05001E78,05001E10,DLC06CaveLightNS,LIGH,3226.205811,-1559.827393,-577.107849,0.0
1556241,DLCworkshop03.esm,05001E79,05001E10,DLC06CaveLightNS,LIGH,2855.405762,-1583.96814,-729.378418,0.0
1556242,DLCworkshop03.esm,05001E7A,05001E10,DLC06CaveLightNS,LIGH,2585.489746,-1735.980225,-572.746094,0.0
1556243,DLCworkshop03.esm,05001E7B,05001E10,DLC06CaveLightNS,LIGH,2585.489746,-1735.980225,-637.775574,0.0
1556244,DLCworkshop03.esm,05001E7C,05001E10,DLC06CaveLightNS,LIGH,2067.884521,-1615.819214,-312.295502,0.0
1556245,DLCworkshop03.esm,05001E7D,05001E10,DLC06CaveLightNS,LIGH,1954.950928,-1602.112061,-404.813477,0.0
1556246,DLCworkshop03.esm,05001E7E,05001E10,DLC06CaveLightNS,LIGH,1539.22998,-1511.471313,-465.009308,0.0
1556247,DLCworkshop03.esm,05001E7F,05001E10,DLC06CaveLightNS,LIGH,1321.255493,-1277.54541,-290.064209,0.0
1556248,DLCworkshop03.esm,05001E80,05001E11,DLC06CaveLightNSNonSpec,LIGH,-10253.174805,-4248.558105,-497.714142,134.9994
1556249,DLCworkshop03.esm,05001E81,05001E11,DLC06CaveLightNSNonSpec,LIGH,-4730.32373,-2317.351318,-565.141479,134.9994
1556250,DLCworkshop03.esm,05001E82,05001E11,DLC06CaveLightNSNonSpec,LIGH,-5468.183105,-1710.035034,-581.853699,134.9994
1556251,DLCworkshop03.esm,05001E83,05001E11,DLC06CaveLightNSNonSpec,LIGH,-8161.614746,-5060.319824,154.085785,134.9994
1556252,DLCworkshop03.esm,05001E84,05001E11,DLC06CaveLightNSNonSpec,LIGH,-7010.507324,-4078.911865,183.05899,134.9994
1556253,DLCworkshop03.esm,05001E85,05001E11,DLC06CaveLightNSNonSpec,LIGH,-7674.306641,-4213.849121,223.344666,134.9994
1556254,DLCworkshop03.esm,05001E86,05001E11,DLC06CaveLightNSNonSpec,LIGH,5424.891602,-3262.174561,-1065.094482,0.0
1556255,DLCworkshop03.esm,05001E87,05001E11,DLC06CaveLightNSNonSpec,LIGH,2793.564697,-3933.965332,-724.622253,0.0
1556256,DLCworkshop03.esm,05001E88,05001E11,DLC06CaveLightNSNonSpec,LIGH,2204.839111,-3793.704346,-775.372131,0.0
1556257,DLCworkshop03.esm,05001E89,05001E11,DLC06CaveLightNSNonSpec,LIGH,3214.700439,-3792.34082,-841.24231,0.0
1556258,DLCworkshop03.esm,05001E8A,05001E11,DLC06CaveLightNSNonSpec,LIGH,3730.283936,-3873.600342,-1028.042358,0.0
1556259,DLCworkshop03.esm,05001E8B,05001E11,DLC06CaveLightNSNonSpec,LIGH,4119.277344,-4053.27417,-1023.981323,0.0
1556260,DLCworkshop03.esm,05001E8C,05001E11,DLC06CaveLightNSNonSpec,LIGH,4556.625,-3789.656494,-982.180237,0.0
1556261,DLCworkshop03.esm,05001E8D,05001E11,DLC06CaveLightNSNonSpec,LIGH,4574.898926,-2744.518066,-960.985474,0.0
1556262,DLCworkshop03.esm,05001E8E,05001E11,DLC06CaveLightNSNonSpec,LIGH,4862.94873,-2746.360596,-1040.058716,0.0
1556263,DLCworkshop03.esm,05001E8F,05001E11,DLC06CaveLightNSNonSpec,LIGH,3746.480225,-2523.770996,-738.874268,0.0
1556264,DLCworkshop03.esm,05001E90,05001E11,DLC06CaveLightNSNonSpec,LIGH,3194.211914,-1548.242798,-713.38208,0.0
1556265,DLCworkshop03.esm,05001E91,05001E11,DLC06CaveLightNSNonSpec,LIGH,2849.9021,-1612.310303,-707.949341,0.0
1556266,DLCworkshop03.esm,05001E92,05001E11,DLC06CaveLightNSNonSpec,LIGH,2181.550049,-1633.418823,-456.89444,0.0
1556267,DLCworkshop03.esm,05001E93,0500434D,DLC06IndCatLightNSGobo,LIGH,6584.427246,-3162.049072,-1026.825562,0.0
1556268,DLCworkshop03.esm,05001E94,0500434D,DLC06IndCatLightNSGobo,LIGH,6601.050781,-1883.948853,-1026.825562,0.0
1556269,DLCworkshop03.esm,05001E96,0500434E,DLC06IndCatLightNSHemi,LIGH,-9606.224609,-5671.196289,-464.507874,90.0
1556270,DLCworkshop03.esm,05001E97,05004D4D,DLC06LightWhite01Hemi,LIGH,1618.862793,6691.853516,156.287689,98.1164
1556271,DLCworkshop03.esm,05001E98,05004D4D,DLC06LightWhite01Hemi,LIGH,2540.511963,6700.940918,161.340027,278.1086
1556272,DLCworkshop03.esm,05001E9A,05004D4E,DLC06UraniumLight,LIGH,5263.062012,-3495.810303,-952.013672,0.0
1556273,DLCworkshop03.esm,05001E9B,05004D4F,DLC06UraniumLightPulse,LIGH,-10345.577148,-4382.788086,-551.291077,134.9994
1556274,DLCworkshop03.esm,05001E9C,05004D4F,DLC06UraniumLightPulse,LIGH,-9858.765625,-4495.941895,-540.273132,134.9994
1556275,DLCworkshop03.esm,05001E9E,0004DE07,MuseumBounceWarm04NS,LIGH,-8814.94043,-5171.32666,293.40451,74.4392
1556276,DLCworkshop03.esm,05001E9F,0004DE07,MuseumBounceWarm04NS,LIGH,-9360.078125,-5118.976562,308.891632,344.4391
1556277,DLCworkshop03.esm,05001EA0,0004DE07,MuseumBounceWarm04NS,LIGH,-9132.666992,-5594.733887,304.141449,344.4391
1556278,DLCworkshop03.esm,05001EA1,0010172B,MuseumBounceWarm04NSNonSpec,LIGH,-8685.395508,-5824.209961,513.843689,0.0
1556279,DLCworkshop03.esm,05001EA3,00146F2C,MuseumSpotWarmNS,LIGH,59.487988,1528.859009,-278.061951,180.0
1556280,DLCworkshop03.esm,05001EA4,0008B8DE,VaultRedLightHot,LIGH,-9296.673828,-5328.012695,608.979614,0.0
1556281,DLCworkshop03.esm,05001EA5,0002B76A,EmergencyLightBeam01,MSTT,3985.625244,-1608.677246,-678.165894,179.9999
1556282,DLCworkshop03.esm,05001EA6,0002B76A,EmergencyLightBeam01,MSTT,3986.841797,-1569.619995,-678.165894,179.9999
1556283,DLCworkshop03.esm,05001EA9,00030450,EmergencyLightBeamSetDim,MSTT,-9683.825195,-4958.326172,-232.878159,65.9881
1556284,DLCworkshop03.esm,05001EAB,0002B76F,FluorescentLightBeam01,MSTT,-8816.541016,-5152.879883,441.043884,344.4392
1556285,DLCworkshop03.esm,05001EAC,0002B771,FluorescentLightBeam01ThinDim,MSTT,-9378.525391,-5120.577148,456.531036,254.4391
1556286,DLCworkshop03.esm,05001EAD,0002B771,FluorescentLightBeam01ThinDim,MSTT,-9151.114258,-5596.333984,451.780792,254.4392
1556287,DLCworkshop03.esm,05001EAF,0009A740,LightBeamThin01Short02Dim,MSTT,-8711.729492,-5584.107422,672.980347,0.0
1556288,DLCworkshop03.esm,05001EB0,0009A740,LightBeamThin01Short02Dim,MSTT,-8791.584961,-5055.371094,672.980347,0.0
1556289,DLCworkshop03.esm,05001EB1,0009A740,LightBeamThin01Short02Dim,MSTT,-9199.912109,-5140.971191,672.980347,0.0
1556290,DLCworkshop03.esm,05001EB2,0009A740,LightBeamThin01Short02Dim,MSTT,-9243.057617,-5404.076172,672.980347,0.0
1556291,DLCworkshop03.esm,05001EB3,0009A740,LightBeamThin01Short02Dim,MSTT,-9181.517578,-5964.724609,670.126892,0.0
1556292,DLCworkshop03.esm,05001EB4,0009A740,LightBeamThin01Short02Dim,MSTT,-8911.615234,-6428.666504,570.009644,0.0
1556293,DLCworkshop03.esm,05001EB5,0009A740,LightBeamThin01Short02Dim,MSTT,-9579.883789,-5308.862305,130.214401,0.0
1556294,DLCworkshop03.esm,05001EB7,000821BD,MistLargeRoundDustyDim,MSTT,-8805.669922,-5159.946777,385.374573,0.0
1556295,DLCworkshop03.esm,05001EB8,000821BD,MistLargeRoundDustyDim,MSTT,-9144.047852,-5585.463379,396.111481,270.0001
1556296,DLCworkshop03.esm,05001EB9,001C9080,MistLargeRoundDustyDimmer,MSTT,-10794.541016,-2249.084717,-568.390137,270.0
1556297,DLCworkshop03.esm,05001EBA,000821BD,MistLargeRoundDustyDim,MSTT,-11179.717773,-2788.197021,-639.813293,270.0
1556298,DLCworkshop03.esm,05001EBB,000821BD,MistLargeRoundDustyDim,MSTT,-10994.902344,-3450.072998,-702.399109,270.0
1556299,DLCworkshop03.esm,05001EBC,000821BD,MistLargeRoundDustyDim,MSTT,-10691.057617,-3929.90332,-479.552277,270.0
1556300,DLCworkshop03.esm,05001EBD,000821BD,MistLargeRoundDustyDim,MSTT,-10332.169922,-4010.417236,-403.697693,270.0
1556301,DLCworkshop03.esm,05001EBE,001C9080,MistLargeRoundDustyDimmer,MSTT,-10279.063477,-4380.496582,-453.502502,270.0
1556302,DLCworkshop03.esm,05001EBF,001C9080,MistLargeRoundDustyDimmer,MSTT,-7856.275879,-4267.397461,235.060303,270.0
1556303,DLCworkshop03.esm,05001EC0,001C9080,MistLargeRoundDustyDimmer,MSTT,-7433.788086,-4247.837891,235.060303,270.0
1556304,DLCworkshop03.esm,05001EC1,001C9080,MistLargeRoundDustyDimmer,MSTT,-8168.148926,-4634.723145,242.300751,270.0
1556305,DLCworkshop03.esm,05001EC2,001C9080,MistLargeRoundDustyDimmer,MSTT,-8296.875977,-4910.095703,262.58374,270.0
1556306,DLCworkshop03.esm,05001EC3,001C9080,MistLargeRoundDustyDimmer,MSTT,-8154.478516,-5115.291016,202.021317,270.0
1556307,DLCworkshop03.esm,05001EC4,001C9080,MistLargeRoundDustyDimmer,MSTT,-8279.492187,-5182.833008,130.980347,270.0
1556308,DLCworkshop03.esm,05001EC5,001C9080,MistLargeRoundDustyDimmer,MSTT,4888.507324,-3924.828613,-918.912903,225.0
1556309,DLCworkshop03.esm,05001EC6,001C9080,MistLargeRoundDustyDimmer,MSTT,5047.027344,-3473.657959,-918.912903,270.0
1556310,DLCworkshop03.esm,05001EC7,001C9080,MistLargeRoundDustyDimmer,MSTT,5395.349121,-4089.709717,-918.912903,270.0
1556311,DLCworkshop03.esm,05001EC8,001C9080,MistLargeRoundDustyDimmer,MSTT,2865.179443,-1624.501831,-581.338867,225.0
1556312,DLCworkshop03.esm,05001EC9,001C9080,MistLargeRoundDustyDimmer,MSTT,2593.545166,-1739.153442,-574.820801,225.0
1556313,DLCworkshop03.esm,05001ECA,001C9080,MistLargeRoundDustyDimmer,MSTT,2073.842285,-1614.057007,-318.993469,225.0
1556314,DLCworkshop03.esm,05001ECB,001C9080,MistLargeRoundDustyDimmer,MSTT,1649.028198,-1571.249756,-318.493713,225.0
1556315,DLCworkshop03.esm,05001ECC,001C9085,MistLargeRoundDustyDimmest,MSTT,4891.797363,-3620.363281,-895.875366,225.0
1556316,DLCworkshop03.esm,05001ECD,001C9085,MistLargeRoundDustyDimmest,MSTT,5020.265625,-2996.418213,-846.635071,225.0
1556317,DLCworkshop03.esm,05001ECE,001C9085,MistLargeRoundDustyDimmest,MSTT,5027.647461,-2601.251465,-846.635071,270.0001
1556318,DLCworkshop03.esm,05001ECF,001C9085,MistLargeRoundDustyDimmest,MSTT,5152.783691,-2764.04834,-846.635071,270.0001
1556319,DLCworkshop03.esm,05001ED0,001C9085,MistLargeRoundDustyDimmest,MSTT,4590.188965,-2680.891357,-846.635071,270.0001
1556320,DLCworkshop03.esm,05001ED1,001C9085,MistLargeRoundDustyDimmest,MSTT,4046.337646,-2645.688721,-660.654541,225.0
1556321,DLCworkshop03.esm,05001ED2,001C9085,MistLargeRoundDustyDimmest,MSTT,3807.042725,-2618.685059,-680.661865,225.0
1556322,DLCworkshop03.esm,05001ED3,001C9085,MistLargeRoundDustyDimmest,MSTT,3744.455078,-2261.488525,-562.394287,225.0
1556323,DLCworkshop03.esm,05001ED4,001C9085,MistLargeRoundDustyDimmest,MSTT,5435.891602,-3570.987305,-1092.930176,225.0
1556324,DLCworkshop03.esm,05001ED5,001C9085,MistLargeRoundDustyDimmest,MSTT,5176.058105,-3503.764648,-1059.373657,225.0
1556325,DLCworkshop03.esm,05001ED6,001C9085,MistLargeRoundDustyDimmest,MSTT,5234.365234,-3993.249756,-1095.089966,225.0
1556326,DLCworkshop03.esm,05001ED7,001C9085,MistLargeRoundDustyDimmest,MSTT,1309.458496,-1530.110962,-208.709869,225.0
1556327,DLCworkshop03.esm,05001ED8,001C9085,MistLargeRoundDustyDimmest,MSTT,1504.015381,-1284.802124,-145.544067,180.0001
1556328,DLCworkshop03.esm,05001ED9,001C9085,MistLargeRoundDustyDimmest,MSTT,1281.438721,-1324.21228,-118.631485,180.0001
1556329,DLCworkshop03.esm,05001EDA,001C9085,MistLargeRoundDustyDimmest,MSTT,1134.598633,-1400.664307,-405.513153,180.0001
1556330,DLCworkshop03.esm,05001EDB,001C9085,MistLargeRoundDustyDimmest,MSTT,1224.481079,-1122.107666,-388.257507,180.0001
1556331,DLCworkshop03.esm,05001EDD,0008EC05,CeilingLamp01On,STAT,-8791.584961,-5055.371094,664.643677,0.0
1556332,DLCworkshop03.esm,05001EDE,0008EC05,CeilingLamp01On,STAT,-9199.912109,-5140.971191,664.643677,0.0
1556333,DLCworkshop03.esm,05001EDF,0008EC05,CeilingLamp01On,STAT,-9243.057617,-5404.076172,664.643677,0.0
1556334,DLCworkshop03.esm,05001EE0,0008EC05,CeilingLamp01On,STAT,-9181.517578,-5964.724609,661.790161,0.0
1556335,DLCworkshop03.esm,05001EE1,0008EC05,CeilingLamp01On,STAT,-8911.615234,-6428.666504,561.672974,0.0
1556336,DLCworkshop03.esm,05001EE2,0008EC05,CeilingLamp01On,STAT,-9579.883789,-5308.862305,120.346878,0.0
1556337,DLCworkshop03.esm,05001EE3,0008E799,DeskLamp01On,STAT,-9403.999023,-5395.179688,275.549286,224.1863
1556338,DLCworkshop03.esm,05001EE4,0008E799,DeskLamp01On,STAT,-248.490753,1526.4646,-373.247314,134.1863
1556339,DLCworkshop03.esm,05001EE5,0001D0B7,EmergencyLightOn01,STAT,-9683.825195,-4958.326172,-232.878159,65.9881
1556340,DLCworkshop03.esm,05001EE7,00018779,FluorescentLight01,STAT,-8816.541016,-5152.879883,441.043884,344.4392
1556341,DLCworkshop03.esm,05001EE8,0001CE94,FluorescentLightThin01,STAT,-9151.114258,-5596.333984,451.780792,254.4392
1556342,DLCworkshop03.esm,05001EE9,0001CE96,FluorescentLightThin03,STAT,-9378.525391,-5120.577148,456.531036,254.4391
1556343,DLCworkshop03.esm,05001EEB,00017A8B,HoodedLamp02,STAT,-12.512012,1528.859009,-278.061951,0.0
1556344,DLCworkshop03.esm,05001EED,000F17EE,IndCatLight02On,STAT,-9605.128906,-5695.391113,-532.691711,74.439
1556345,DLCworkshop03.esm,05001EFC,000DC8AC,SubLight02Wall,STAT,5677.713379,-2244.612549,-865.485779,0.0001
1556346,DLCworkshop03.esm,05001EFD,00175001,VltLight05UtilCage01MountedWhiteLit,STAT,1606.313477,6695.505371,159.797943,270.0001
1556347,DLCworkshop03.esm,05001EFE,00175001,VltLight05UtilCage01MountedWhiteLit,STAT,2553.061035,6697.288574,164.850281,90.0002
1556348,DLCworkshop03.esm,05001F03,001471CE,CameraAttachDustSmall,ACTI,6714.493652,-4456.984863,-1106.550659,0.0
1556349,DLCworkshop03.esm,05001F04,001FA270,defaultLightCool03NSGoboBounce03,LIGH,-6878.678223,14473.533203,-782.072388,0.0
1556350,DLCworkshop03.esm,05001F05,001FA270,defaultLightCool03NSGoboBounce03,LIGH,-6340.039062,14818.384766,-765.627625,0.0
1556351,DLCworkshop03.esm,05001F06,001FA270,defaultLightCool03NSGoboBounce03,LIGH,-6073.168945,15402.053711,-735.2146,0.0
1556352,DLCworkshop03.esm,05001F07,001FA270,defaultLightCool03NSGoboBounce03,LIGH,-6456.57373,15414.508789,-759.595154,0.0
1556353,DLCworkshop03.esm,05001F08,001FA270,defaultLightCool03NSGoboBounce03,LIGH,-6099.657715,14044.688477,-735.287598,0.0
1556354,DLCworkshop03.esm,05001F09,001FA270,defaultLightCool03NSGoboBounce03,LIGH,-6591.316406,14136.472656,-813.434814,0.0
1556355,DLCworkshop03.esm,05001F0A,001FA270,defaultLightCool03NSGoboBounce03,LIGH,-8437.139648,13358.890625,-437.99707,0.0
1556356,DLCworkshop03.esm,05001F0B,001FA270,defaultLightCool03NSGoboBounce03,LIGH,-8768.483398,13897.438477,-441.332184,0.0
1556357,DLCworkshop03.esm,05001F0C,001FA270,defaultLightCool03NSGoboBounce03,LIGH,-9792.599609,13777.461914,-454.706238,0.0
1556358,DLCworkshop03.esm,05001F0D,001FA270,defaultLightCool03NSGoboBounce03,LIGH,-9684.924805,12081.004883,-544.583008,0.0
1556359,DLCworkshop03.esm,05001F0E,001FA270,defaultLightCool03NSGoboBounce03,LIGH,-8139.26709,11590.273438,-437.254517,0.0
1556360,DLCworkshop03.esm,05001F0F,001FA270,defaultLightCool03NSGoboBounce03,LIGH,-7467.963867,11254.572266,-299.672485,0.0
1556361,DLCworkshop03.esm,05001F10,001FA270,defaultLightCool03NSGoboBounce03,LIGH,-7129.751465,10987.932617,-332.285339,0.0
1556362,DLCworkshop03.esm,05001F11,001FA270,defaultLightCool03NSGoboBounce03,LIGH,-7625.973633,13620.288086,-600.411621,0.0
1556363,DLCworkshop03.esm,05001F12,001FA270,defaultLightCool03NSGoboBounce03,LIGH,-7743.686035,14203.959961,-600.411621,225.0
1556364,DLCworkshop03.esm,05001F13,001FA270,defaultLightCool03NSGoboBounce03,LIGH,-7301.500488,14034.241211,-676.791077,225.0
1556365,DLCworkshop03.esm,05001F14,001FA270,defaultLightCool03NSGoboBounce03,LIGH,-8023.103027,13751.391602,-557.53302,225.0
1556366,DLCworkshop03.esm,05001F15,001FA270,defaultLightCool03NSGoboBounce03,LIGH,-9631.811523,13008.542969,-524.477905,225.0
1556367,DLCworkshop03.esm,05001F16,001FA270,defaultLightCool03NSGoboBounce03,LIGH,-11151.851562,13466.115234,-407.66272,225.0
1556368,DLCworkshop03.esm,05001F17,001FA270,defaultLightCool03NSGoboBounce03,LIGH,-11162.535156,12645.21875,-363.218323,225.0
1556369,DLCworkshop03.esm,05001F18,001FA270,defaultLightCool03NSGoboBounce03,LIGH,-11406.413086,12917.628906,-256.817566,225.0
1556370,DLCworkshop03.esm,05001F19,001FA270,defaultLightCool03NSGoboBounce03,LIGH,-11737.083008,12374.171875,-233.994385,225.0
1556371,DLCworkshop03.esm,05001F1A,001FA270,defaultLightCool03NSGoboBounce03,LIGH,-12390.333008,12952.319336,-305.725861,225.0
1556372,DLCworkshop03.esm,05001F1B,001FA270,defaultLightCool03NSGoboBounce03,LIGH,-12304.178711,13454.819336,-227.34169,225.0
1556373,DLCworkshop03.esm,05001F1C,001FA270,defaultLightCool03NSGoboBounce03,LIGH,-13180.076172,13291.582031,-265.878357,225.0
1556374,DLCworkshop03.esm,05001F1D,001FA270,defaultLightCool03NSGoboBounce03,LIGH,-12823.21875,13845.607422,-265.878357,225.0
1556375,DLCworkshop03.esm,05001F1E,001FA270,defaultLightCool03NSGoboBounce03,LIGH,-13259.107422,14071.841797,-265.878357,225.0
1556376,DLCworkshop03.esm,05001F1F,001FA270,defaultLightCool03NSGoboBounce03,LIGH,-10106.361328,14253.661133,-371.517639,0.0
1556377,DLCworkshop03.esm,05001F20,001FA270,defaultLightCool03NSGoboBounce03,LIGH,-9936.979492,13656.974609,-237.543106,0.0
1556378,DLCworkshop03.esm,05001F21,001FA270,defaultLightCool03NSGoboBounce03,LIGH,-8162.334961,5322.40918,-322.108032,179.9021
1556379,DLCworkshop03.esm,05001F22,001FA270,defaultLightCool03NSGoboBounce03,LIGH,-8698.964844,4745.641113,-322.108032,179.9021
1556380,DLCworkshop03.esm,05001F23,001FA270,defaultLightCool03NSGoboBounce03,LIGH,-8293.210937,4989.482422,-589.767578,179.9021
1556381,DLCworkshop03.esm,05001F24,001FA270,defaultLightCool03NSGoboBounce03,LIGH,-5950.567871,275.552124,-512.714355,134.9994
1556382,DLCworkshop03.esm,05001F25,001FA270,defaultLightCool03NSGoboBounce03,LIGH,-5995.76709,-786.348816,-909.949219,179.9994
1556383,DLCworkshop03.esm,05001F26,001FA270,defaultLightCool03NSGoboBounce03,LIGH,-7276.338379,399.54129,-550.466064,134.9994
1556384,DLCworkshop03.esm,05001F27,001FA270,defaultLightCool03NSGoboBounce03,LIGH,-6975.511719,2305.850342,-896.694641,134.9994
1556385,DLCworkshop03.esm,05001F28,001FA270,defaultLightCool03NSGoboBounce03,LIGH,-7590.910645,2894.014648,-896.694641,134.9994
1556386,DLCworkshop03.esm,05001F29,001FA270,defaultLightCool03NSGoboBounce03,LIGH,-8230.036133,1619.133667,-890.605408,134.9994
1556387,DLCworkshop03.esm,05001F2A,001FA270,defaultLightCool03NSGoboBounce03,LIGH,-9889.073242,-115.220276,-910.342041,134.9994
1556388,DLCworkshop03.esm,05001F2B,001FA270,defaultLightCool03NSGoboBounce03,LIGH,-9601.142578,-1098.380493,-868.800903,134.9994
1556389,DLCworkshop03.esm,05001F2C,001FA270,defaultLightCool03NSGoboBounce03,LIGH,-10179.007812,-1404.269775,-809.439453,134.9994
1556390,DLCworkshop03.esm,05001F2D,001FA270,defaultLightCool03NSGoboBounce03,LIGH,-10187.59375,-617.067139,-832.539612,134.9994
1556391,DLCworkshop03.esm,05001F2E,001FA270,defaultLightCool03NSGoboBounce03,LIGH,-9949.78125,1330.591553,-846.942383,134.9994
1556392,DLCworkshop03.esm,05001F2F,001FA270,defaultLightCool03NSGoboBounce03,LIGH,-9463.538086,1200.602295,-934.638428,134.9994
1556393,DLCworkshop03.esm,05001F30,001FA270,defaultLightCool03NSGoboBounce03,LIGH,-8939.891602,2891.911133,-913.372559,134.9994
1556394,DLCworkshop03.esm,05001F31,001FA270,defaultLightCool03NSGoboBounce03,LIGH,-9907.148438,2166.522949,-834.081726,134.9994
1556395,DLCworkshop03.esm,05001F32,00148C6F,DefaultLightCoolFLNS,LIGH,-2982.804443,9336.711914,168.618591,90.0
1556396,DLCworkshop03.esm,05001F33,00148C6F,DefaultLightCoolFLNS,LIGH,-3607.367676,9336.711914,168.618591,90.0
1556397,DLCworkshop03.esm,05001F34,00148C6F,DefaultLightCoolFLNS,LIGH,-4124.019043,9336.711914,168.618591,90.0
1556398,DLCworkshop03.esm,05001F35,00148C6F,DefaultLightCoolFLNS,LIGH,-4632.944336,9336.711914,72.715401,90.0
1556399,DLCworkshop03.esm,05001F36,00148C6F,DefaultLightCoolFLNS,LIGH,-4166.474609,8892.856445,168.618591,270.0001
1556400,DLCworkshop03.esm,05001F37,00148C6F,DefaultLightCoolFLNS,LIGH,-5658.804688,9336.711914,-92.053101,90.0
1556401,DLCworkshop03.esm,05001F38,00148C6F,DefaultLightCoolFLNS,LIGH,-6431.106445,9336.711914,-136.483276,90.0
1556402,DLCworkshop03.esm,05001F39,00148C6F,DefaultLightCoolFLNS,LIGH,-7498.090332,7882.604004,-152.144043,270.0001
1556403,DLCworkshop03.esm,05001F3A,00148C6F,DefaultLightCoolFLNS,LIGH,-8274.652344,7885.441895,-274.886353,270.0001
1556404,DLCworkshop03.esm,05001F3B,00148C6F,DefaultLightCoolFLNS,LIGH,-8215.988281,8307.776367,-271.613892,90.0001
1556405,DLCworkshop03.esm,05001F3C,00148C6F,DefaultLightCoolFLNS,LIGH,-8869.227539,8307.776367,-390.270264,90.0001
1556406,DLCworkshop03.esm,05001F3D,00148C6F,DefaultLightCoolFLNS,LIGH,-8927.891602,7885.441895,-393.542725,270.0001
1556407,DLCworkshop03.esm,05001F3E,00148C6F,DefaultLightCoolFLNS,LIGH,-6524.559082,-3646.75293,152.676041,180.0
1556408,DLCworkshop03.esm,05001F3F,00148C6F,DefaultLightCoolFLNS,LIGH,-10834.248047,5391.537109,-304.029358,0.0
1556409,DLCworkshop03.esm,05001F40,00148C6F,DefaultLightCoolFLNS,LIGH,-10559.78125,5253.939453,-425.47406,0.0
1556410,DLCworkshop03.esm,05001F41,00148C70,DefaultLightCoolFLNSNonSpec,LIGH,-2978.550537,9282.898438,138.632538,90.0
1556411,DLCworkshop03.esm,05001F42,00148C70,DefaultLightCoolFLNSNonSpec,LIGH,-3603.11377,9282.898438,138.632538,90.0
1556412,DLCworkshop03.esm,05001F43,00148C70,DefaultLightCoolFLNSNonSpec,LIGH,-4119.765137,9282.898438,138.632538,90.0
1556413,DLCworkshop03.esm,05001F44,00148C70,DefaultLightCoolFLNSNonSpec,LIGH,-4628.69043,9282.898438,42.729347,90.0
1556414,DLCworkshop03.esm,05001F45,00148C70,DefaultLightCoolFLNSNonSpec,LIGH,-4167.453613,8952.62793,106.035263,270.0001
1556415,DLCworkshop03.esm,05001F46,00148C70,DefaultLightCoolFLNSNonSpec,LIGH,-5195.906738,8952.62793,-60.111267,270.0001
1556416,DLCworkshop03.esm,05001F47,00148C70,DefaultLightCoolFLNSNonSpec,LIGH,-5841.159668,8952.62793,-171.005066,270.0001
1556417,DLCworkshop03.esm,05001F48,00148C70,DefaultLightCoolFLNSNonSpec,LIGH,-5654.550781,9282.898438,-122.039139,90.0
1556418,DLCworkshop03.esm,05001F49,00148C70,DefaultLightCoolFLNSNonSpec,LIGH,-6426.852539,9282.898438,-166.469315,90.0
1556419,DLCworkshop03.esm,05001F4A,00148C70,DefaultLightCoolFLNSNonSpec,LIGH,-7502.344238,7936.41748,-182.130096,270.0001
1556420,DLCworkshop03.esm,05001F4B,00148C70,DefaultLightCoolFLNSNonSpec,LIGH,-8278.90625,7939.255371,-304.872406,270.0001
1556421,DLCworkshop03.esm,05001F4C,00148C70,DefaultLightCoolFLNSNonSpec,LIGH,-8211.734375,8253.962891,-301.599945,90.0001
1556422,DLCworkshop03.esm,05001F4D,00148C70,DefaultLightCoolFLNSNonSpec,LIGH,-8864.973633,8253.962891,-420.256317,90.0001
1556423,DLCworkshop03.esm,05001F4E,00148C70,DefaultLightCoolFLNSNonSpec,LIGH,-8932.145508,7939.255371,-423.528778,270.0001
1556424,DLCworkshop03.esm,05001F4F,00148C70,DefaultLightCoolFLNSNonSpec,LIGH,-6578.374023,-3651.006592,122.689987,180.0
1556425,DLCworkshop03.esm,05001F50,00148C70,DefaultLightCoolFLNSNonSpec,LIGH,-10780.433594,5395.791016,-334.015381,0.0
1556426,DLCworkshop03.esm,05001F51,00164393,DefaultLightGreenFungus01NS,LIGH,-6721.312988,251.233429,-942.94635,0.0
1556427,DLCworkshop03.esm,05001F52,00164393,DefaultLightGreenFungus01NS,LIGH,-6215.909668,231.235291,-974.212219,0.0
1556428,DLCworkshop03.esm,05001F53,00164393,DefaultLightGreenFungus01NS,LIGH,-5826.981445,-143.938263,-979.261108,0.0
1556429,DLCworkshop03.esm,05001F54,00164393,DefaultLightGreenFungus01NS,LIGH,-5746.022461,-216.087753,-992.035034,0.0
1556430,DLCworkshop03.esm,05001F55,00164393,DefaultLightGreenFungus01NS,LIGH,-6160.160156,-650.373596,-981.013306,0.0
1556431,DLCworkshop03.esm,05001F56,00164393,DefaultLightGreenFungus01NS,LIGH,-7451.166992,460.155029,-981.81781,0.0
1556432,DLCworkshop03.esm,05001F57,000560DC,defaultLightWarm01NS,LIGH,-10895.249023,6177.563477,-325.782867,270.0
1556433,DLCworkshop03.esm,05001F58,000560DC,defaultLightWarm01NS,LIGH,-11765.941406,6190.143555,-325.782867,270.0
1556434,DLCworkshop03.esm,05001F59,000560DC,defaultLightWarm01NS,LIGH,-10329.669922,6002.442871,-288.880188,0.0
1556435,DLCworkshop03.esm,05001F5A,000560DC,defaultLightWarm01NS,LIGH,-4006.060303,5361.23291,-514.470093,180.0
1556436,DLCworkshop03.esm,05001F5B,000560DC,defaultLightWarm01NS,LIGH,-9573.869141,2875.229492,-552.369812,90.0
1556437,DLCworkshop03.esm,05001F5C,000560DC,defaultLightWarm01NS,LIGH,-6116.000488,-2611.540039,-227.776001,0.0
1556438,DLCworkshop03.esm,05001F5D,000560DC,defaultLightWarm01NS,LIGH,-10860.951172,6712.453125,-482.00589,270.0
1556439,DLCworkshop03.esm,05001F5E,000560DC,defaultLightWarm01NS,LIGH,-11720.054688,6544.147461,-545.892334,270.0
1556440,DLCworkshop03.esm,05001F5F,000FDEE8,defaultLightWarm01NSNonSpec,LIGH,-10870.754883,6173.609863,-443.442444,270.0
1556441,DLCworkshop03.esm,05001F60,000FDEE8,defaultLightWarm01NSNonSpec,LIGH,-11798.423828,6198.45752,-415.73819,270.0
1556442,DLCworkshop03.esm,05001F61,000FDEE8,defaultLightWarm01NSNonSpec,LIGH,-10321.355469,6034.924316,-378.83551,0.0
1556443,DLCworkshop03.esm,05001F62,000FDEE8,defaultLightWarm01NSNonSpec,LIGH,-10875.118164,6386.125,-495.801758,270.0
1556444,DLCworkshop03.esm,05001F63,000FDEE8,defaultLightWarm01NSNonSpec,LIGH,-11702.735352,6294.813965,-478.822327,270.0
1556445,DLCworkshop03.esm,05001F64,000FDEE8,defaultLightWarm01NSNonSpec,LIGH,-10162.607422,6027.693359,-328.360382,270.0
1556446,DLCworkshop03.esm,05001F65,000FDEE8,defaultLightWarm01NSNonSpec,LIGH,-4019.236084,5310.875488,-604.425415,180.0
1556447,DLCworkshop03.esm,05001F66,000FDEE8,defaultLightWarm01NSNonSpec,LIGH,-9520.321289,2806.573486,-768.328979,90.0
1556448,DLCworkshop03.esm,05001F67,000FDEE8,defaultLightWarm01NSNonSpec,LIGH,-6121.596191,-2604.410645,-377.638824,0.0
1556449,DLCworkshop03.esm,05001F68,000FDEE8,defaultLightWarm01NSNonSpec,LIGH,-9965.018555,6018.885742,-328.360382,270.0
1556450,DLCworkshop03.esm,05001F69,000FDEE8,defaultLightWarm01NSNonSpec,LIGH,-10911.84668,6497.551758,22.086975,270.0
1556451,DLCworkshop03.esm,05001F6A,000FDEE8,defaultLightWarm01NSNonSpec,LIGH,-11474.5625,6429.230469,-112.105865,270.0
1556452,DLCworkshop03.esm,05001F6B,000FDEE8,defaultLightWarm01NSNonSpec,LIGH,-7784.325195,5399.013184,-939.386475,177.444
1556453,DLCworkshop03.esm,05001F6C,000B2551,defaultLightWarm02NS,LIGH,-3733.661377,4985.101074,-207.158508,180.0
1556454,DLCworkshop03.esm,05001F6D,000B2551,defaultLightWarm02NS,LIGH,-3773.608643,4539.958008,189.19603,180.0
1556455,DLCworkshop03.esm,05001F6E,0016C8C4,defaultLightWarm02NSFlicker,LIGH,-6794.144531,8546.242187,-287.78479,74.4391
1556456,DLCworkshop03.esm,05001F6F,001FA27F,defaultLightWarm02NSGoboBounce03,LIGH,-6794.144531,8546.242187,-207.572662,74.4391
1556457,DLCworkshop03.esm,05001F70,0011850B,defaultLightWarm02SpotNS,LIGH,-6780.886719,8557.71875,-36.781525,0.0245
1556458,DLCworkshop03.esm,05001F71,0011850B,defaultLightWarm02SpotNS,LIGH,-9175.910156,2932.875977,-875.243652,42.444
1556459,DLCworkshop03.esm,05001F72,000517B0,DefaultLightWhite01NS,LIGH,-4113.101074,9217.289062,165.258514,134.9994
1556460,DLCworkshop03.esm,05001F73,000517B0,DefaultLightWhite01NS,LIGH,-4620.565918,9255.051758,92.125946,134.9994
1556461,DLCworkshop03.esm,05001F74,000517B0,DefaultLightWhite01NS,LIGH,-5646.42627,9255.051758,-72.642548,134.9994
1556462,DLCworkshop03.esm,05001F75,000517B0,DefaultLightWhite01NS,LIGH,-6418.728027,9255.051758,-117.072723,134.9994
1556463,DLCworkshop03.esm,05001F76,000517B0,DefaultLightWhite01NS,LIGH,-5818.931641,9051.335938,-169.782516,134.9994
1556464,DLCworkshop03.esm,05001F77,000517B0,DefaultLightWhite01NS,LIGH,-8871.848633,8090.44873,-422.655029,134.9994
1556465,DLCworkshop03.esm,05001F78,000517B0,DefaultLightWhite01NS,LIGH,-7517.088379,8004.287598,-213.2341,134.9994
1556466,DLCworkshop03.esm,05001F79,000517B0,DefaultLightWhite01NS,LIGH,-5871.639648,14825.250977,-901.67981,0.0001
1556467,DLCworkshop03.esm,05001F7A,000517B0,DefaultLightWhite01NS,LIGH,-5700.180664,14354.538086,-936.975342,0.0001
1556468,DLCworkshop03.esm,05001F7B,000517B0,DefaultLightWhite01NS,LIGH,-7276.870605,5323.857422,-863.004883,90.0
1556469,DLCworkshop03.esm,05001F7C,000517B0,DefaultLightWhite01NS,LIGH,-7263.768066,5495.540039,-845.143616,0.0
1556470,DLCworkshop03.esm,05001F7D,000517B0,DefaultLightWhite01NS,LIGH,-6543.512695,5478.646973,-845.143616,0.0
1556471,DLCworkshop03.esm,05001F7E,000517B0,DefaultLightWhite01NS,LIGH,-6556.615234,5306.964355,-846.165527,90.0
1556472,DLCworkshop03.esm,05001F7F,000517B0,DefaultLightWhite01NS,LIGH,-9047.702148,2771.362061,-930.516113,177.444
1556473,DLCworkshop03.esm,05001F80,000517B0,DefaultLightWhite01NS,LIGH,-8823.03125,2609.145996,-930.516113,177.444
1556474,DLCworkshop03.esm,05001F81,000517B0,DefaultLightWhite01NS,LIGH,-8430.043945,2440.504883,-876.352356,177.444
1556475,DLCworkshop03.esm,05001F82,000517B0,DefaultLightWhite01NS,LIGH,-7693.776367,5295.031738,-930.516113,177.444
1556476,DLCworkshop03.esm,05001F83,000517B0,DefaultLightWhite01NS,LIGH,-7594.325684,5170.165527,-930.516113,177.444
1556477,DLCworkshop03.esm,05001F84,000517B0,DefaultLightWhite01NS,LIGH,-7594.325684,5170.165527,-537.114868,177.444
1556478,DLCworkshop03.esm,05001F85,00061F29,DefaultLightWhite01NSFlicker,LIGH,-10547.780273,7489.705078,-477.668732,82.3581
1556479,DLCworkshop03.esm,05001F86,00061F29,DefaultLightWhite01NSFlicker,LIGH,-5616.287598,-4588.083008,-474.289734,0.0
1556480,DLCworkshop03.esm,05001F87,00061F29,DefaultLightWhite01NSFlicker,LIGH,-3618.787598,-5028.453125,-292.139069,90.0
1556481,DLCworkshop03.esm,05001F88,00061F29,DefaultLightWhite01NSFlicker,LIGH,-9663.356445,7120.712402,-420.19928,90.0
1556482,DLCworkshop03.esm,05001F89,00061F29,DefaultLightWhite01NSFlicker,LIGH,-9758.050781,7044.973633,-358.488434,90.0
1556483,DLCworkshop03.esm,05001F8A,001FA261,DefaultLightWhite01NSGoboBounce03,LIGH,-7555.040527,9299.969727,-238.815643,90.0
1556484,DLCworkshop03.esm,05001F8B,000D8556,DefaultLightWhite01NSNonSpec,LIGH,-7447.57666,9805.512695,-294.480957,90.0
1556485,DLCworkshop03.esm,05001F8C,000D8556,DefaultLightWhite01NSNonSpec,LIGH,-5596.55127,-4588.20459,-482.424988,0.0
1556486,DLCworkshop03.esm,05001F8D,000D8556,DefaultLightWhite01NSNonSpec,LIGH,-5361.144531,-4556.300781,-333.777954,0.0
1556487,DLCworkshop03.esm,05001F8E,000D8556,DefaultLightWhite01NSNonSpec,LIGH,-5080.022461,-4556.251953,-333.777954,0.0
1556488,DLCworkshop03.esm,05001F8F,000D8556,DefaultLightWhite01NSNonSpec,LIGH,-5362.040527,-4547.097168,-220.726898,0.0
1556489,DLCworkshop03.esm,05001F90,000D8556,DefaultLightWhite01NSNonSpec,LIGH,-3688.926514,-5332.625977,-316.558136,0.0
1556490,DLCworkshop03.esm,05001F91,000D8556,DefaultLightWhite01NSNonSpec,LIGH,-3620.50708,-5381.708984,-190.82605,0.0
1556491,DLCworkshop03.esm,05001F92,000D8556,DefaultLightWhite01NSNonSpec,LIGH,-9663.477539,7100.976074,-428.334564,90.0
1556492,DLCworkshop03.esm,05001F93,000D8556,DefaultLightWhite01NSNonSpec,LIGH,-5517.722656,5393.410645,-902.668762,135.0
1556493,DLCworkshop03.esm,05001F94,000D8556,DefaultLightWhite01NSNonSpec,LIGH,-5720.222656,5097.552734,-859.90625,135.0
1556494,DLCworkshop03.esm,05001F95,000D8556,DefaultLightWhite01NSNonSpec,LIGH,-6041.928223,4850.333008,-859.90625,135.0
1556495,DLCworkshop03.esm,05001F96,000D8556,DefaultLightWhite01NSNonSpec,LIGH,-6157.20166,4500.476074,-859.90625,135.0
1556496,DLCworkshop03.esm,05001F97,000D8556,DefaultLightWhite01NSNonSpec,LIGH,-7397.365234,4817.046875,-880.801941,135.0
1556497,DLCworkshop03.esm,05001F98,00091703,DefaultLightWhite01NSNonSpecFlicker,LIGH,-4076.390137,5220.018555,-731.35907,359.9825
1556498,DLCworkshop03.esm,05001F99,00091703,DefaultLightWhite01NSNonSpecFlicker,LIGH,-9459.803711,2708.615479,-905.447876,90.0
1556499,DLCworkshop03.esm,05001F9A,00091703,DefaultLightWhite01NSNonSpecFlicker,LIGH,-5961.348633,-2602.945801,-735.846924,180.0
1556500,DLCworkshop03.esm,05001F9B,0010ADBA,DefaultLightWhite01SpotNS,LIGH,-3572.847656,-4896.96582,-289.559692,90.0
1556501,DLCworkshop03.esm,05001F9C,0010ADBA,DefaultLightWhite01SpotNS,LIGH,-5399.427246,5486.316895,-894.533447,135.0
1556502,DLCworkshop03.esm,05001F9D,05001E10,DLC06CaveLightNS,LIGH,-7065.789062,11440.445312,-154.269653,0.0
1556503,DLCworkshop03.esm,05001F9E,05001E10,DLC06CaveLightNS,LIGH,-7666.143555,11720.082031,-425.815613,0.0
1556504,DLCworkshop03.esm,05001F9F,05001E10,DLC06CaveLightNS,LIGH,-9352.830078,11715.138672,-606.192871,0.0
1556505,DLCworkshop03.esm,05001FA0,05001E10,DLC06CaveLightNS,LIGH,-9838.523438,12407.890625,-419.035034,0.0
1556506,DLCworkshop03.esm,05001FA1,05001E10,DLC06CaveLightNS,LIGH,-9131.760742,13271.47168,-401.526367,0.0
1556507,DLCworkshop03.esm,05001FA2,05001E10,DLC06CaveLightNS,LIGH,-8372.519531,12273.246094,-596.270569,0.0
1556508,DLCworkshop03.esm,05001FA3,05001E10,DLC06CaveLightNS,LIGH,-8588.061523,12324.803711,-338.436432,0.0
1556509,DLCworkshop03.esm,05001FA4,05001E10,DLC06CaveLightNS,LIGH,-8271.90625,13408.334961,-338.436432,0.0
1556510,DLCworkshop03.esm,05001FA5,05001E10,DLC06CaveLightNS,LIGH,-8695.223633,13373.62207,-338.436432,0.0
1556511,DLCworkshop03.esm,05001FA6,05001E10,DLC06CaveLightNS,LIGH,-9241.023438,14234.040039,-583.719238,0.0
1556512,DLCworkshop03.esm,05001FA7,05001E10,DLC06CaveLightNS,LIGH,-9997.806641,14462.929687,-583.719238,0.0
1556513,DLCworkshop03.esm,05001FA8,05001E10,DLC06CaveLightNS,LIGH,-10941.948242,12689.535156,-501.859711,315.0
1556514,DLCworkshop03.esm,05001FA9,05001E10,DLC06CaveLightNS,LIGH,-11407.375977,13542.984375,-504.020294,0.0
1556515,DLCworkshop03.esm,05001FAA,05001E10,DLC06CaveLightNS,LIGH,-12314.392578,13573.914062,-447.625,0.0
1556516,DLCworkshop03.esm,05001FAB,05001E10,DLC06CaveLightNS,LIGH,-12538.482422,13070.494141,-447.625,0.0
1556517,DLCworkshop03.esm,05001FAC,05001E10,DLC06CaveLightNS,LIGH,-13322.429687,13586.44043,-447.625,0.0
1556518,DLCworkshop03.esm,05001FAD,05001E10,DLC06CaveLightNS,LIGH,-12946.029297,14078.733398,-428.877441,0.0
1556519,DLCworkshop03.esm,05001FAE,05001E10,DLC06CaveLightNS,LIGH,-13549.289062,14203.293945,-444.945526,0.0
1556520,DLCworkshop03.esm,05001FAF,05001E10,DLC06CaveLightNS,LIGH,-6919.643066,13807.604492,-652.180847,0.0
1556521,DLCworkshop03.esm,05001FB0,05001E10,DLC06CaveLightNS,LIGH,-6903.729004,14490.423828,-679.873108,0.0
1556522,DLCworkshop03.esm,05001FB1,05001E10,DLC06CaveLightNS,LIGH,-9958.352539,5831.713379,243.099686,179.9021
1556523,DLCworkshop03.esm,05001FB2,05001E10,DLC06CaveLightNS,LIGH,-10963.132812,6199.437012,121.046661,179.9021
1556524,DLCworkshop03.esm,05001FB3,05001E10,DLC06CaveLightNS,LIGH,-11752.4375,6242.310059,-23.818527,179.9021
1556525,DLCworkshop03.esm,05001FB4,05001E10,DLC06CaveLightNS,LIGH,-11280.545898,4830.712402,338.210236,179.9021
1556526,DLCworkshop03.esm,05001FB5,05001E10,DLC06CaveLightNS,LIGH,-11741.119141,7772.196289,-72.767166,179.9021
1556527,DLCworkshop03.esm,05001FB6,05001E10,DLC06CaveLightNS,LIGH,-11448.37793,7002.845215,-57.18898,179.9021
1556528,DLCworkshop03.esm,05001FB7,05001E10,DLC06CaveLightNS,LIGH,-10668.81543,7875.695801,103.244301,179.9021
1556529,DLCworkshop03.esm,05001FB8,05001E10,DLC06CaveLightNS,LIGH,-8800.46582,4721.952637,-104.544128,179.9021
1556530,DLCworkshop03.esm,05001FB9,05001E10,DLC06CaveLightNS,LIGH,-8162.334961,5322.40918,-253.538925,179.9021
1556531,DLCworkshop03.esm,05001FBA,05001E10,DLC06CaveLightNS,LIGH,-8254.176758,4864.330566,-372.203705,179.9021
1556532,DLCworkshop03.esm,05001FBB,05001E10,DLC06CaveLightNS,LIGH,-8227.095703,4748.276855,-813.518311,179.9021
1556533,DLCworkshop03.esm,05001FBE,05001E10,DLC06CaveLightNS,LIGH,-5983.983887,-730.646606,-877.352722,179.9994
1556534,DLCworkshop03.esm,05001FBF,05001E10,DLC06CaveLightNS,LIGH,-7063.70166,828.417603,-620.556396,134.9994
1556535,DLCworkshop03.esm,05001FC1,05001E10,DLC06CaveLightNS,LIGH,-6907.235352,2339.794434,-710.467651,134.9994
1556536,DLCworkshop03.esm,05001FC2,05001E10,DLC06CaveLightNS,LIGH,-6975.511719,2305.850342,-896.694641,134.9994
1556537,DLCworkshop03.esm,05001FC3,05001E10,DLC06CaveLightNS,LIGH,-7590.910645,2894.014648,-896.694641,134.9994
1556538,DLCworkshop03.esm,05001FC4,05001E10,DLC06CaveLightNS,LIGH,-7522.634277,2927.958984,-710.467651,134.9994
1556539,DLCworkshop03.esm,05001FC5,05001E10,DLC06CaveLightNS,LIGH,-8230.036133,1619.133667,-890.605408,134.9994
1556540,DLCworkshop03.esm,05001FC6,05001E10,DLC06CaveLightNS,LIGH,-8161.759766,1653.077759,-704.378418,134.9994
1556541,DLCworkshop03.esm,05001FC7,05001E10,DLC06CaveLightNS,LIGH,-9889.073242,-115.220276,-910.342041,134.9994
1556542,DLCworkshop03.esm,05001FC8,05001E10,DLC06CaveLightNS,LIGH,-9911.089844,-62.262451,-724.115051,134.9994
1556543,DLCworkshop03.esm,05001FC9,05001E10,DLC06CaveLightNS,LIGH,-9601.142578,-1098.380493,-868.800903,134.9994
1556544,DLCworkshop03.esm,05001FCA,05001E10,DLC06CaveLightNS,LIGH,-9532.867188,-1064.436401,-682.573914,134.9994
1556545,DLCworkshop03.esm,05001FCB,05001E10,DLC06CaveLightNS,LIGH,-10179.007812,-1404.269775,-809.439453,134.9994
1556546,DLCworkshop03.esm,05001FCC,05001E10,DLC06CaveLightNS,LIGH,-10110.732422,-1370.325684,-623.212463,134.9994
1556547,DLCworkshop03.esm,05001FCD,05001E10,DLC06CaveLightNS,LIGH,-10187.59375,-617.067139,-832.539612,134.9994
1556548,DLCworkshop03.esm,05001FCE,05001E10,DLC06CaveLightNS,LIGH,-10119.318359,-583.123047,-610.486938,134.9994
1556549,DLCworkshop03.esm,05001FCF,05001E10,DLC06CaveLightNS,LIGH,-9949.78125,1330.591553,-846.942383,134.9994
1556550,DLCworkshop03.esm,05001FD0,05001E10,DLC06CaveLightNS,LIGH,-9881.503906,1364.535645,-660.715393,134.9994
1556551,DLCworkshop03.esm,05001FD1,05001E10,DLC06CaveLightNS,LIGH,-9463.538086,1200.602295,-934.638428,134.9994
1556552,DLCworkshop03.esm,05001FD2,05001E10,DLC06CaveLightNS,LIGH,-9395.260742,1234.546387,-748.411499,134.9994
1556553,DLCworkshop03.esm,05001FD3,05001E10,DLC06CaveLightNS,LIGH,-9985.891602,2187.494629,-736.754578,134.9994
1556554,DLCworkshop03.esm,05001FD4,05001E10,DLC06CaveLightNS,LIGH,-8939.891602,2891.911133,-913.372559,134.9994
1556555,DLCworkshop03.esm,05001FD5,05001E10,DLC06CaveLightNS,LIGH,-8871.616211,2925.855225,-690.222778,134.9994
1556556,DLCworkshop03.esm,05001FD6,05001E10,DLC06CaveLightNS,LIGH,-9674.972656,5368.916504,299.467468,179.9021
1556557,DLCworkshop03.esm,05001FD7,05001E11,DLC06CaveLightNSNonSpec,LIGH,-7440.234375,11027.241211,-363.798218,0.0
1556558,DLCworkshop03.esm,05001FD8,05001E11,DLC06CaveLightNSNonSpec,LIGH,-7114.728516,11402.929688,-307.632874,0.0
1556559,DLCworkshop03.esm,05001FD9,05001E11,DLC06CaveLightNSNonSpec,LIGH,-7685.751465,11555.483398,-408.095093,0.0
1556560,DLCworkshop03.esm,05001FDA,05001E11,DLC06CaveLightNSNonSpec,LIGH,-9299.322266,11807.963867,-544.314453,0.0
1556561,DLCworkshop03.esm,05001FDB,05001E11,DLC06CaveLightNSNonSpec,LIGH,-9785.015625,12500.71582,-357.156616,0.0
1556562,DLCworkshop03.esm,05001FDC,05001E11,DLC06CaveLightNSNonSpec,LIGH,-9078.25293,13364.296875,-339.647949,0.0
1556563,DLCworkshop03.esm,05001FDD,05001E11,DLC06CaveLightNSNonSpec,LIGH,-8319.011719,12366.071289,-534.392151,0.0
1556564,DLCworkshop03.esm,05001FDE,05001E11,DLC06CaveLightNSNonSpec,LIGH,-8534.553711,12417.628906,-276.558014,0.0
1556565,DLCworkshop03.esm,05001FDF,05001E11,DLC06CaveLightNSNonSpec,LIGH,-8218.398437,13501.160156,-276.558014,0.0
1556566,DLCworkshop03.esm,05001FE0,05001E11,DLC06CaveLightNSNonSpec,LIGH,-8641.71582,13466.447266,-346.591858,0.0
1556567,DLCworkshop03.esm,05001FE1,05001E11,DLC06CaveLightNSNonSpec,LIGH,-9274.441406,14186.993164,-512.436279,0.0
1556568,DLCworkshop03.esm,05001FE2,05001E11,DLC06CaveLightNSNonSpec,LIGH,-10031.224609,14415.882812,-512.436279,0.0
1556569,DLCworkshop03.esm,05001FE3,05001E11,DLC06CaveLightNSNonSpec,LIGH,-10932.311523,12632.638672,-430.576752,315.0
1556570,DLCworkshop03.esm,05001FE4,05001E11,DLC06CaveLightNSNonSpec,LIGH,-11420.538086,13433.814453,-370.279938,0.0
1556571,DLCworkshop03.esm,05001FE5,05001E11,DLC06CaveLightNSNonSpec,LIGH,-12327.554688,13464.744141,-313.884644,0.0
1556572,DLCworkshop03.esm,05001FE6,05001E11,DLC06CaveLightNSNonSpec,LIGH,-12551.644531,12961.324219,-313.884644,0.0
1556573,DLCworkshop03.esm,05001FE7,05001E11,DLC06CaveLightNSNonSpec,LIGH,-13335.591797,13477.270508,-313.884644,0.0
1556574,DLCworkshop03.esm,05001FE8,05001E11,DLC06CaveLightNSNonSpec,LIGH,-12959.191406,13969.563477,-295.137085,0.0
1556575,DLCworkshop03.esm,05001FE9,05001E11,DLC06CaveLightNSNonSpec,LIGH,-13562.451172,14094.124023,-311.20517,0.0
1556576,DLCworkshop03.esm,05001FEA,05001E11,DLC06CaveLightNSNonSpec,LIGH,-6894.592285,13790.713867,-733.191284,0.0
1556577,DLCworkshop03.esm,05001FEB,05001E11,DLC06CaveLightNSNonSpec,LIGH,-6878.678223,14473.533203,-828.646545,0.0
1556578,DLCworkshop03.esm,05001FEC,05001E11,DLC06CaveLightNSNonSpec,LIGH,-6340.039062,14818.384766,-812.201782,0.0
1556579,DLCworkshop03.esm,05001FED,05001E11,DLC06CaveLightNSNonSpec,LIGH,-6073.168945,15402.053711,-781.788696,0.0
1556580,DLCworkshop03.esm,05001FEE,05001E11,DLC06CaveLightNSNonSpec,LIGH,-6456.57373,15414.508789,-806.169312,0.0
1556581,DLCworkshop03.esm,05001FEF,05001E11,DLC06CaveLightNSNonSpec,LIGH,-6099.657715,14044.688477,-781.861694,0.0
1556582,DLCworkshop03.esm,05001FF0,05001E11,DLC06CaveLightNSNonSpec,LIGH,-6591.316406,14136.472656,-860.009033,0.0
1556583,DLCworkshop03.esm,05001FF1,05001E11,DLC06CaveLightNSNonSpec,LIGH,-8437.139648,13358.890625,-484.571228,0.0
1556584,DLCworkshop03.esm,05001FF2,05001E11,DLC06CaveLightNSNonSpec,LIGH,-8768.483398,13897.438477,-487.906342,0.0
1556585,DLCworkshop03.esm,05001FF3,05001E11,DLC06CaveLightNSNonSpec,LIGH,-9792.599609,13777.461914,-501.280396,0.0
1556586,DLCworkshop03.esm,05001FF4,05001E11,DLC06CaveLightNSNonSpec,LIGH,-9684.924805,12081.004883,-591.157166,0.0
1556587,DLCworkshop03.esm,05001FF5,05001E11,DLC06CaveLightNSNonSpec,LIGH,-8139.26709,11590.273438,-483.828674,0.0
1556588,DLCworkshop03.esm,05001FF6,05001E11,DLC06CaveLightNSNonSpec,LIGH,-7467.963867,11254.572266,-346.246643,0.0
1556589,DLCworkshop03.esm,05001FF7,05001E11,DLC06CaveLightNSNonSpec,LIGH,-7129.751465,10987.932617,-378.859497,0.0
1556590,DLCworkshop03.esm,05001FF8,05001E11,DLC06CaveLightNSNonSpec,LIGH,-7625.973633,13620.288086,-646.985779,0.0
1556591,DLCworkshop03.esm,05001FF9,05001E11,DLC06CaveLightNSNonSpec,LIGH,-7743.686035,14203.959961,-646.985779,225.0
1556592,DLCworkshop03.esm,05001FFA,05001E11,DLC06CaveLightNSNonSpec,LIGH,-7301.500488,14034.241211,-723.365234,225.0
1556593,DLCworkshop03.esm,05001FFB,05001E11,DLC06CaveLightNSNonSpec,LIGH,-8023.103027,13751.391602,-604.107178,225.0
1556594,DLCworkshop03.esm,05001FFC,05001E11,DLC06CaveLightNSNonSpec,LIGH,-9631.811523,13008.542969,-571.052063,225.0
1556595,DLCworkshop03.esm,05001FFD,05001E11,DLC06CaveLightNSNonSpec,LIGH,-11151.851562,13466.115234,-454.236877,225.0
1556596,DLCworkshop03.esm,05001FFE,05001E11,DLC06CaveLightNSNonSpec,LIGH,-11162.535156,12645.21875,-409.79248,225.0
1556597,DLCworkshop03.esm,05001FFF,05001E11,DLC06CaveLightNSNonSpec,LIGH,-11406.413086,12917.628906,-303.391724,225.0
1556598,DLCworkshop03.esm,05002000,05001E11,DLC06CaveLightNSNonSpec,LIGH,-11737.083008,12374.171875,-280.568542,225.0
1556599,DLCworkshop03.esm,05002001,05001E11,DLC06CaveLightNSNonSpec,LIGH,-12390.333008,12952.319336,-352.300018,225.0
1556600,DLCworkshop03.esm,05002002,05001E11,DLC06CaveLightNSNonSpec,LIGH,-12304.178711,13454.819336,-273.915833,225.0
1556601,DLCworkshop03.esm,05002003,05001E11,DLC06CaveLightNSNonSpec,LIGH,-13180.076172,13291.582031,-312.452515,225.0
1556602,DLCworkshop03.esm,05002004,05001E11,DLC06CaveLightNSNonSpec,LIGH,-12823.21875,13845.607422,-312.452515,225.0
1556603,DLCworkshop03.esm,05002005,05001E11,DLC06CaveLightNSNonSpec,LIGH,-13259.107422,14071.841797,-312.452515,225.0
1556604,DLCworkshop03.esm,05002006,05001E11,DLC06CaveLightNSNonSpec,LIGH,-10106.361328,14253.661133,-418.091797,0.0
1556605,DLCworkshop03.esm,05002007,05001E11,DLC06CaveLightNSNonSpec,LIGH,-9936.979492,13656.974609,-284.117249,0.0
1556606,DLCworkshop03.esm,05002008,05001E11,DLC06CaveLightNSNonSpec,LIGH,-9370.338867,13692.317383,-259.361023,315.0
1556607,DLCworkshop03.esm,05002009,0500434D,DLC06IndCatLightNSGobo,LIGH,-7266.200195,5522.571289,-833.825867,90.0
1556608,DLCworkshop03.esm,0500200A,0500434D,DLC06IndCatLightNSGobo,LIGH,-6545.944824,5505.678223,-833.825867,90.0
1556609,DLCworkshop03.esm,0500200B,0500434E,DLC06IndCatLightNSHemi,LIGH,-2998.299072,9363.330078,97.343445,270.0
1556610,DLCworkshop03.esm,0500200C,0500434E,DLC06IndCatLightNSHemi,LIGH,-3628.541504,9363.330078,97.343445,270.0
1556611,DLCworkshop03.esm,0500200D,0500434E,DLC06IndCatLightNSHemi,LIGH,-4145.192871,9363.330078,97.343445,270.0
1556612,DLCworkshop03.esm,0500200E,0500434E,DLC06IndCatLightNSHemi,LIGH,-4654.118164,9363.330078,1.440254,270.0
1556613,DLCworkshop03.esm,0500200F,0500434E,DLC06IndCatLightNSHemi,LIGH,-4145.300781,8875.385742,97.343445,90.0
1556614,DLCworkshop03.esm,05002010,0500434E,DLC06IndCatLightNSHemi,LIGH,-5173.753418,8875.385742,-68.803085,90.0
1556615,DLCworkshop03.esm,05002011,0500434E,DLC06IndCatLightNSHemi,LIGH,-5819.006348,8875.385742,-179.696899,90.0
1556616,DLCworkshop03.esm,05002012,0500434E,DLC06IndCatLightNSHemi,LIGH,-5679.978516,9363.330078,-163.328232,270.0
1556617,DLCworkshop03.esm,05002013,0500434E,DLC06IndCatLightNSHemi,LIGH,-6452.280273,9363.330078,-207.758408,270.0
1556618,DLCworkshop03.esm,05002014,0500434E,DLC06IndCatLightNSHemi,LIGH,-7476.916504,7855.98584,-223.419189,90.0
1556619,DLCworkshop03.esm,05002015,0500434E,DLC06IndCatLightNSHemi,LIGH,-8253.478516,7858.82373,-346.161499,90.0
1556620,DLCworkshop03.esm,05002016,0500434E,DLC06IndCatLightNSHemi,LIGH,-8237.162109,8334.394531,-342.889038,270.0
1556621,DLCworkshop03.esm,05002017,0500434E,DLC06IndCatLightNSHemi,LIGH,-8890.401367,8334.394531,-461.54541,270.0
1556622,DLCworkshop03.esm,05002018,0500434E,DLC06IndCatLightNSHemi,LIGH,-8906.717773,7858.82373,-464.817871,90.0
1556623,DLCworkshop03.esm,05002019,0500434E,DLC06IndCatLightNSHemi,LIGH,-6507.022461,-3632.184082,81.400887,267.134
1556624,DLCworkshop03.esm,0500201A,0500434E,DLC06IndCatLightNSHemi,LIGH,-10851.785156,5376.968262,-375.304504,87.138
1556625,DLCworkshop03.esm,0500201B,05004D4E,DLC06UraniumLight,LIGH,-6910.334473,-125.201981,-981.354919,0.0
1556626,DLCworkshop03.esm,0500201C,05004D4E,DLC06UraniumLight,LIGH,-7026.084961,-197.750839,-879.434326,0.0
1556627,DLCworkshop03.esm,0500201D,0004DE07,MuseumBounceWarm04NS,LIGH,-6783.563477,8547.235352,-143.494904,74.4391
1556628,DLCworkshop03.esm,0500201E,00146F2C,MuseumSpotWarmNS,LIGH,-10876.949219,6178.721191,-321.511505,270.0
1556629,DLCworkshop03.esm,0500201F,00146F2C,MuseumSpotWarmNS,LIGH,-11747.641602,6191.30127,-321.511505,270.0
1556630,DLCworkshop03.esm,05002020,00146F2C,MuseumSpotWarmNS,LIGH,-10328.511719,5984.143066,-284.608826,94.0856
1556631,DLCworkshop03.esm,05002021,00146F2C,MuseumSpotWarmNS,LIGH,-4012.080078,5361.658203,-510.19873,308.6598
1556632,DLCworkshop03.esm,05002022,00146F2C,MuseumSpotWarmNS,LIGH,-9569.463867,2865.812012,-548.09845,90.0
1556633,DLCworkshop03.esm,05002023,00146F2C,MuseumSpotWarmNS,LIGH,-6103.732422,-2623.927246,-223.504608,0.0
1556634,DLCworkshop03.esm,05002024,0002B76A,EmergencyLightBeam01,MSTT,-9167.245117,2852.05542,-912.795776,180.0
1556635,DLCworkshop03.esm,05002025,0002B76A,EmergencyLightBeam01,MSTT,-9138.767578,2878.813477,-912.795776,180.0
1556636,DLCworkshop03.esm,05002026,0002B76A,EmergencyLightBeam01,MSTT,-5748.32666,-4586.919434,-496.667297,87.5551
1556637,DLCworkshop03.esm,05002027,0002B76A,EmergencyLightBeam01,MSTT,-3614.369385,-4948.299316,-330.800385,357.611
1556638,DLCworkshop03.esm,05002028,0002B76A,EmergencyLightBeam01,MSTT,-9662.192383,7252.752441,-459.823029,357.611
1556639,DLCworkshop03.esm,05002029,0002B76A,EmergencyLightBeam01,MSTT,-7826.987305,5496.228027,-912.795776,180.0
1556640,DLCworkshop03.esm,0500202A,0002B76A,EmergencyLightBeam01,MSTT,-7855.464844,5469.470215,-912.795776,180.0
1556641,DLCworkshop03.esm,0500202B,0002B76A,EmergencyLightBeam01,MSTT,-5409.492676,5499.823242,-916.91095,357.5715
1556642,DLCworkshop03.esm,0500202C,0002B76F,FluorescentLightBeam01,MSTT,-6785.163574,8565.681641,4.14447,270.0
1556643,DLCworkshop03.esm,0500202D,000821BD,MistLargeRoundDustyDim,MSTT,-6774.292969,8558.615234,-51.524841,0.0
1556644,DLCworkshop03.esm,0500202E,001C9080,MistLargeRoundDustyDimmer,MSTT,-6181.474609,13912.366211,-572.973511,0.0
1556645,DLCworkshop03.esm,0500202F,001C9080,MistLargeRoundDustyDimmer,MSTT,-6521.59375,14691.519531,-572.973511,315.0
1556646,DLCworkshop03.esm,05002030,001C9080,MistLargeRoundDustyDimmer,MSTT,-5692.39502,14756.325195,-572.973511,315.0
1556647,DLCworkshop03.esm,05002031,001C9080,MistLargeRoundDustyDimmer,MSTT,-5632.941406,14237.358398,-572.973511,315.0
1556648,DLCworkshop03.esm,05002032,001C9080,MistLargeRoundDustyDimmer,MSTT,-5691.896973,14419.910156,-734.494019,315.0
1556649,DLCworkshop03.esm,05002033,001C9080,MistLargeRoundDustyDimmer,MSTT,-9014.480469,13538.584961,-316.559692,315.0
1556650,DLCworkshop03.esm,05002034,001C9080,MistLargeRoundDustyDimmer,MSTT,-8502.540039,13176.432617,-247.896667,315.0
1556651,DLCworkshop03.esm,05002035,001C9080,MistLargeRoundDustyDimmer,MSTT,-9491.523438,12906.004883,-247.896667,315.0
1556652,DLCworkshop03.esm,05002036,001C9080,MistLargeRoundDustyDimmer,MSTT,-8660.880859,12262.878906,-247.896667,315.0
1556653,DLCworkshop03.esm,05002037,001C9080,MistLargeRoundDustyDimmer,MSTT,-9489.363281,11784.94043,-577.927124,315.0
1556654,DLCworkshop03.esm,05002038,001C9080,MistLargeRoundDustyDimmer,MSTT,-9058.862305,14074.869141,-388.518097,315.0
1556655,DLCworkshop03.esm,05002039,001C9080,MistLargeRoundDustyDimmer,MSTT,-8963.442383,13799.220703,-488.733154,315.0
1556656,DLCworkshop03.esm,0500203A,001C9080,MistLargeRoundDustyDimmer,MSTT,-12984.985352,13890.999023,-70.358879,315.0
1556657,DLCworkshop03.esm,0500203B,001C9080,MistLargeRoundDustyDimmer,MSTT,-13199.818359,13300.55957,-70.358879,315.0
1556658,DLCworkshop03.esm,0500203C,001C9080,MistLargeRoundDustyDimmer,MSTT,-12581.174805,13461.205078,-70.358879,270.0001
1556659,DLCworkshop03.esm,0500203D,001C9080,MistLargeRoundDustyDimmer,MSTT,-12211.119141,12863.755859,-94.506165,315.0
1556660,DLCworkshop03.esm,0500203E,001C9080,MistLargeRoundDustyDimmer,MSTT,-11789.432617,13254.804687,159.448883,315.0
1556661,DLCworkshop03.esm,0500203F,001C9080,MistLargeRoundDustyDimmer,MSTT,-11156.091797,13357.016602,92.786064,315.0
1556662,DLCworkshop03.esm,05002040,001C9080,MistLargeRoundDustyDimmer,MSTT,-10829.770508,12966.946289,-6.459976,315.0
1556663,DLCworkshop03.esm,05002041,001C9080,MistLargeRoundDustyDimmer,MSTT,-10299.365234,13533.387695,-181.608398,315.0
1556664,DLCworkshop03.esm,05002042,001C9080,MistLargeRoundDustyDimmer,MSTT,-10006.352539,13547.821289,-280.856689,315.0
1556665,DLCworkshop03.esm,05002043,001C9080,MistLargeRoundDustyDimmer,MSTT,-9984.676758,14261.782227,-165.562027,315.0
1556666,DLCworkshop03.esm,05002044,000B3919,ConstructionLight_FloorOn,STAT,-5746.874023,-4583.891602,-514.733032,267.0085
1556667,DLCworkshop03.esm,05002045,000B3919,ConstructionLight_FloorOn,STAT,-3611.341553,-4949.751953,-348.86615,357.0086
1556668,DLCworkshop03.esm,05002046,000B3919,ConstructionLight_FloorOn,STAT,-9659.165039,7251.299316,-477.888794,357.0086
1556669,DLCworkshop03.esm,05002047,000B3919,ConstructionLight_FloorOn,STAT,-5408.378906,5496.655273,-934.976746,42.0085
1556670,DLCworkshop03.esm,05002048,00018779,FluorescentLight01,STAT,-6785.163574,8565.681641,4.14447,270.0
1556671,DLCworkshop03.esm,05002049,00017A8B,HoodedLamp02,STAT,-10877.446289,6085.380371,-282.913849,270.0
1556672,DLCworkshop03.esm,0500204A,00017A8B,HoodedLamp02,STAT,-11748.138672,6097.960449,-282.913849,270.0
1556673,DLCworkshop03.esm,0500204B,00017A8B,HoodedLamp02,STAT,-10421.852539,5984.640137,-246.011185,0.0
1556674,DLCworkshop03.esm,0500204C,00017A8B,HoodedLamp02,STAT,-3918.73999,5361.161133,-471.601074,180.0
1556675,DLCworkshop03.esm,0500204D,00017A8B,HoodedLamp02,STAT,-9568.966797,2959.151611,-509.500793,90.0
1556676,DLCworkshop03.esm,0500204E,00017A8B,HoodedLamp02,STAT,-6197.072266,-2623.43042,-184.907013,0.0
1556677,DLCworkshop03.esm,0500204F,000F17EE,IndCatLight02On,STAT,-2999.394775,9387.524414,29.159607,270.0
1556678,DLCworkshop03.esm,05002050,000F17EE,IndCatLight02On,STAT,-3629.637207,9387.524414,29.159607,270.0
1556679,DLCworkshop03.esm,05002051,000F17EE,IndCatLight02On,STAT,-4146.288574,9387.524414,29.159607,270.0
1556680,DLCworkshop03.esm,05002052,000F17EE,IndCatLight02On,STAT,-4655.213867,9387.524414,-66.743584,270.0
1556681,DLCworkshop03.esm,05002053,000F17EE,IndCatLight02On,STAT,-4144.205078,8851.191406,29.159607,90.0
1556682,DLCworkshop03.esm,05002054,000F17EE,IndCatLight02On,STAT,-5172.657715,8851.191406,-136.986923,90.0
1556683,DLCworkshop03.esm,05002055,000F17EE,IndCatLight02On,STAT,-5817.910645,8851.191406,-247.880737,90.0
1556684,DLCworkshop03.esm,05002056,000F17EE,IndCatLight02On,STAT,-5681.074219,9387.524414,-231.51207,270.0
1556685,DLCworkshop03.esm,05002057,000F17EE,IndCatLight02On,STAT,-6453.375977,9387.524414,-275.942261,270.0
1556686,DLCworkshop03.esm,05002058,000F17EE,IndCatLight02On,STAT,-7475.820801,7831.791504,-291.603027,90.0
1556687,DLCworkshop03.esm,05002059,000F17EE,IndCatLight02On,STAT,-8252.382812,7834.629395,-414.345337,90.0
1556688,DLCworkshop03.esm,0500205A,000F17EE,IndCatLight02On,STAT,-8238.257812,8358.588867,-411.072876,270.0001
1556689,DLCworkshop03.esm,0500205B,000F17EE,IndCatLight02On,STAT,-8891.49707,8358.588867,-529.729248,270.0001
1556690,DLCworkshop03.esm,0500205C,000F17EE,IndCatLight02On,STAT,-8905.62207,7834.629395,-533.001709,90.0
1556691,DLCworkshop03.esm,0500205D,000F17EE,IndCatLight02On,STAT,-7264.697266,5545.829102,-911.181519,270.0001
1556692,DLCworkshop03.esm,0500205E,000F17EE,IndCatLight02On,STAT,-6544.441895,5528.936035,-911.181519,270.0001
1556693,DLCworkshop03.esm,0500205F,000F17EE,IndCatLight02On,STAT,-6482.828125,-3631.088135,13.217047,344.439
1556694,DLCworkshop03.esm,05002060,000F17EE,IndCatLight02On,STAT,-10875.979492,5375.87207,-443.488342,164.439
1556695,DLCworkshop03.esm,05002071,05002070,DLC06VltDoorPanelMount01Free001,STAT,1952.0,9512.0,96.0,90.0
1556696,DLCworkshop03.esm,0500208D,05005E58,VltWorkShopCaveDirtPileHalf01,STAT,-10256.873047,-1296.941406,-1026.867798,211.6041
1556697,DLCworkshop03.esm,0500208E,05005E59,VltWorkShopCaveDirtPileHalf02,STAT,-9496.644531,-1641.010742,-1028.228882,211.6041
1556698,DLCworkshop03.esm,05002093,00144AD1,ExtRubble_Plain_Tiny_Mid02,STAT,-8917.008789,-6407.617676,705.954895,294.493
1556699,DLCworkshop03.esm,05002094,00139F9C,WoodBox01Static,STAT,-8966.59668,-6331.021973,731.150085,21.5431
1556700,DLCworkshop03.esm,05002095,00139F9C,WoodBox01Static,STAT,-8966.59668,-6331.021973,707.470276,21.5431
1556701,DLCworkshop03.esm,05002096,00139F9C,WoodBox01Static,STAT,-8994.921875,-6333.068359,749.12207,21.5431
1556702,DLCworkshop03.esm,05002097,00139F9C,WoodBox01Static,STAT,-8987.251953,-6301.093262,747.653687,291.5431
1556703,DLCworkshop03.esm,05002098,001B1955,BrokenStatueBits01_Arm01,MSTT,-8962.152344,-6387.32373,770.543213,344.2451
1556704,DLCworkshop03.esm,05002099,001B195A,BrokenStatueBits01_Head01,MSTT,-8968.207031,-6364.692383,764.96405,74.4845
1556705,DLCworkshop03.esm,0500209A,00059AFC,PoolBallCue,MISC,-8961.585938,-6362.13916,762.555115,0.0
1556706,DLCworkshop03.esm,0500209B,0018E4DE,PoolBall05,MISC,-8959.756836,-6360.587402,762.739624,0.0
1556707,DLCworkshop03.esm,0500209C,000F6D89,ClothesCaptainsHat,ARMO,-8965.720703,-6364.729004,767.392944,81.478
1556708,DLCworkshop03.esm,0500209D,00059AFE,PoolBall08,MISC,-8959.316406,-6359.969238,762.728455,0.0
1556709,DLCworkshop03.esm,050020AF,000F393E,Rubble_Pile_Dirt_Sm01,STAT,-5868.274414,5017.244141,-1032.913696,321.8986
1556710,DLCworkshop03.esm,050020B0,000F393E,Rubble_Pile_Dirt_Sm01,STAT,-7261.043457,4170.339355,-1029.46167,280.1876
1556711,DLCworkshop03.esm,050020B2,05004D2F,DLC06ScrapableBarrelsPipes01,SCOL,-6511.853027,5248.446289,-1024.797852,22.6897
1556712,DLCworkshop03.esm,050020B3,050055CD,DLC06VaultSignConstruct06,STAT,-3284.120117,4440.549805,153.06517,270.0001
1556713,DLCworkshop03.esm,050020B4,050055D4,DLC06VaultSignConstruct03,STAT,-6461.100098,3814.595215,-686.808411,270.0
1556714,DLCworkshop03.esm,050020B5,050055D2,DLC06VaultSignConstruct01,STAT,-7334.57959,3828.38208,-1024.037476,180.0001
1556715,DLCworkshop03.esm,050020B6,000822CB,Shovel01,MISC,-5193.11084,5324.986328,-1001.818115,266.3194
1556716,DLCworkshop03.esm,050020B7,000822CB,Shovel01,MISC,-5173.118652,5324.516113,-1003.746948,335.7192
1556717,DLCworkshop03.esm,050020BD,000F393E,Rubble_Pile_Dirt_Sm01,STAT,-6454.198242,4617.430664,-1036.151001,321.8986
1556718,DLCworkshop03.esm,050020BF,05004997,DLC06WorkshopVault_Crate_03_Steel,STAT,-6521.78418,5215.900391,-743.75,159.3162
1556719,DLCworkshop03.esm,050020C0,05004997,DLC06WorkshopVault_Crate_03_Steel,STAT,-5147.749512,5234.478516,-1027.987305,159.3162
1556720,DLCworkshop03.esm,050020C1,0500499B,DLC06WorkshopVault_Crate_04_Red,STAT,-5270.016113,4555.776855,-1032.246582,143.2506
1556721,DLCworkshop03.esm,050020C2,0500498D,DLC06WorkshopVault_Crate_01_Steel,STAT,-5193.567871,4572.310547,-1027.987305,210.8824
1556722,DLCworkshop03.esm,050020C3,0500498E,DLC06WorkshopVault_Crate_01_White,STAT,-3777.716553,5497.693848,-345.821533,182.2346
1556723,DLCworkshop03.esm,050020D4,000655D6,Loot_Prewar_WoodCrate,CONT,-6469.39502,5169.437012,-742.379822,11.5596
1556724,DLCworkshop03.esm,050020D5,00024843,TrafficCone,MSTT,-6528.955078,4778.792969,-742.284912,18.4229
1556725,DLCworkshop03.esm,050020D6,00024843,TrafficCone,MSTT,-6773.571777,4954.214844,-728.245728,19.9093
1556726,DLCworkshop03.esm,050020D7,00024848,ConstructionBarrier02,MSTT,-5837.870117,4463.745117,-1005.572205,173.9542
1556727,DLCworkshop03.esm,050020D9,00024848,ConstructionBarrier02,MSTT,-5146.972656,5082.154297,-1005.568909,351.8471
1556728,DLCworkshop03.esm,050020DA,00024843,TrafficCone,MSTT,-5319.671387,4646.722656,-999.179138,320.1815
1556729,DLCworkshop03.esm,050020DB,050044AC,DLC06ScrapableBarrels001,SCOL,-6951.859863,3414.467041,-1025.515137,248.3882
1556730,DLCworkshop03.esm,050020DC,000C3885,WoodPallet02,STAT,-5056.340332,5422.853027,-994.02887,359.5047
1556731,DLCworkshop03.esm,050020DD,000C3885,WoodPallet02,STAT,-6578.185547,3870.613281,-979.596313,185.2546
1556732,DLCworkshop03.esm,050020DF,00098148,CementBag,MISC,-6905.853027,3518.638184,-977.422974,195.4825
1556733,DLCworkshop03.esm,050020E0,00098148,CementBag,MISC,-7042.520508,3436.65625,-1018.819397,359.9575
1556734,DLCworkshop03.esm,050020E1,00024843,TrafficCone,MSTT,-6946.284668,3814.695068,-1009.025085,336.3769
1556735,DLCworkshop03.esm,050020E4,050049AC,DLC06WorkshopVault_Toilet_01,STAT,-6706.385742,3969.949707,-983.477478,173.5027
1556736,DLCworkshop03.esm,050020E5,050055CD,DLC06VaultSignConstruct06,STAT,-5608.713867,5523.434082,-813.546448,88.4074
1556737,DLCworkshop03.esm,050020E6,050055D5,DLC06VaultSignConstruct04,STAT,-3703.956787,5536.33252,-210.995911,88.4074
1556738,DLCworkshop03.esm,050020E7,050055D5,DLC06VaultSignConstruct04,STAT,-7388.34082,5167.782715,-741.653259,180.0
1556739,DLCworkshop03.esm,050020E8,05004999,DLC06WorkshopVault_Crate_04_Beige,STAT,-7630.135742,2764.672607,-1025.439941,255.0
1556740,DLCworkshop03.esm,050020E9,0500498E,DLC06WorkshopVault_Crate_01_White,STAT,-7462.61377,2787.906006,-1023.475342,75.0
1556741,DLCworkshop03.esm,050020EA,0500498E,DLC06WorkshopVault_Crate_01_White,STAT,-7632.595703,2844.239258,-1023.475342,209.1634
1556742,DLCworkshop03.esm,050020EB,0500499C,DLC06WorkshopVault_Crate_04_Steel,STAT,-7522.680664,2768.916748,-1025.439941,0.0001
1556743,DLCworkshop03.esm,050020EC,05004995,DLC06WorkshopVault_Crate_03_Blue,STAT,-7565.790039,2837.755615,-1023.475342,105.0
1556744,DLCworkshop03.esm,050020ED,000E7D9C,StepLadderOpenSmall,STAT,-7580.944336,3609.534912,-1024.850342,0.0
1556745,DLCworkshop03.esm,050020EE,00059A9A,Loot_Toolbox,CONT,-7547.680176,3590.658936,-1024.457642,0.0
1556746,DLCworkshop03.esm,050020F2,000C3885,WoodPallet02,STAT,-6855.540039,2718.220215,-1024.457397,105.0
1556747,DLCworkshop03.esm,050020F3,00018CD9,MetalBarrelStatic02,STAT,-7378.802246,2396.304199,-1010.913818,90.0
1556748,DLCworkshop03.esm,050020F5,05003E5E,DLC06ScrapableGirderPile003,SCOL,-2560.762695,-4545.61377,-465.258942,248.893
1556749,DLCworkshop03.esm,050020F6,050043B8,DLC06ScrapableCrateAndCart001,SCOL,-1923.001465,-4993.717285,-518.453796,150.4592
1556750,DLCworkshop03.esm,050020F7,00024848,ConstructionBarrier02,MSTT,-2302.749023,-4524.134277,-510.324249,294.3686
1556751,DLCworkshop03.esm,050020F9,05004D32,Loot_Trunk_DLC06Vault88,CONT,1450.839111,-4287.234863,-1027.456787,251.1381
1556752,DLCworkshop03.esm,050020FA,00024843,TrafficCone,MSTT,1536.793457,-4334.015137,-1023.934143,0.0
1556753,DLCworkshop03.esm,050020FB,00024843,TrafficCone,MSTT,1041.634277,-4190.998047,-1009.871094,100.9839
1556754,DLCworkshop03.esm,050020FC,050055D3,DLC06VaultSignConstruct02,STAT,472.134674,-4396.128906,-865.871826,53.5143
1556755,DLCworkshop03.esm,050020FD,0008B213,SkeletonClothedM01,MSTT,792.480896,-3857.599365,-1017.734009,108.862
1556756,DLCworkshop03.esm,050020FE,000F6D86,Armor_HardHat,ARMO,839.94165,-3894.452637,-1025.394043,0.0
1556757,DLCworkshop03.esm,050020FF,000655D6,Loot_Prewar_WoodCrate,CONT,4858.875,-3453.396484,-1152.190186,40.1671
1556758,DLCworkshop03.esm,05002100,00067A7C,BldConcSmDmgWallMd01,STAT,6428.653809,-6685.562988,-833.963928,0.0
1556759,DLCworkshop03.esm,05002101,00067A83,BldConcSmDmgWallSm02,STAT,6428.653809,-6453.081055,-967.367554,0.0
1556760,DLCworkshop03.esm,05002102,00067A8A,BldConcSmDmgWallBg04,STAT,6715.62793,-6566.137207,-1027.846436,181.0659
1556761,DLCworkshop03.esm,05002103,00067A7C,BldConcSmDmgWallMd01,STAT,6711.597168,-6820.66748,-950.387634,181.0659
1556762,DLCworkshop03.esm,05002104,00001B57,DecalDebris02,STAT,6544.431641,-6559.236328,-1179.89917,189.1443
1556763,DLCworkshop03.esm,05002105,000679F3,BldConcSmDmgFlrBg03,STAT,6627.230957,-6452.796387,-1179.89917,0.0
1556764,DLCworkshop03.esm,05002106,000679F3,BldConcSmDmgFlrBg03,STAT,6606.226074,-6933.509277,-1179.89917,34.3775
1556765,DLCworkshop03.esm,05002107,0001D1A6,DebrisPileRoad01Trash,STAT,6437.711914,-6712.95459,-1179.89917,270.0001
1556766,DLCworkshop03.esm,05002108,0001D1A6,DebrisPileRoad01Trash,STAT,6590.29834,-6737.069336,-1179.89917,90.0
1556767,DLCworkshop03.esm,05002109,001914C9,DecalDebris04,STAT,6649.025391,-6346.57666,-1179.565186,0.0
1556768,DLCworkshop03.esm,0500210A,0010693A,Rubble_Flat_Trash_Lg01c,STAT,6524.181641,-6488.150391,-1180.298584,0.0
1556769,DLCworkshop03.esm,0500210B,0010693A,Rubble_Flat_Trash_Lg01c,STAT,6551.339844,-7008.036133,-1180.298584,0.0
1556770,DLCworkshop03.esm,0500210C,0019C937,EatOTronic01Dirty,ACTI,6424.381836,-6716.993164,-1189.782959,91.0887
1556771,DLCworkshop03.esm,0500210D,0001F8F9,FireExtinguisher01,MISC,6436.041016,-6589.493652,-1102.820312,197.9341
1556772,DLCworkshop03.esm,0500210E,0001F8FD,FireExtinguisherHolder01,STAT,6427.222656,-6589.525879,-1082.74939,270.0001
1556773,DLCworkshop03.esm,0500210F,000BF83C,GenericPosterGroup03,STAT,6429.83252,-6472.740723,-1088.105713,271.0515
1556774,DLCworkshop03.esm,05002110,0006D140,EnamelBucket01,MISC,6701.931152,-6644.137207,-1054.156616,91.4401
1556775,DLCworkshop03.esm,05002111,00043349,PhoneBooth,STAT,6659.479004,-7148.999512,-924.722656,0.0
1556776,DLCworkshop03.esm,05002112,0008954E,TrashClump02,STAT,6744.229004,-6382.735352,-1180.048584,177.6169
1556777,DLCworkshop03.esm,05002113,0008B671,TrashClump03,STAT,6601.544434,-6672.728027,-1197.792236,327.5494
1556778,DLCworkshop03.esm,05002114,0008954A,TrashClump01,STAT,6611.423828,-6729.233887,-1179.556641,45.8367
1556779,DLCworkshop03.esm,05002115,0008954A,TrashClump01,STAT,6439.938965,-6910.220703,-1184.442017,45.8367
1556780,DLCworkshop03.esm,05002116,001A594B,TrashcanMetalOffice01,MSTT,6564.341309,-6820.586914,-1165.487061,268.4655
1556781,DLCworkshop03.esm,05002117,001944A0,ClutterGenDecalA,STAT,6533.103516,-6784.577148,-1179.759644,0.0
1556782,DLCworkshop03.esm,05002118,0004835A,NukaColaEmpty,MISC,6524.200195,-6752.468262,-1175.774414,302.3215
1556783,DLCworkshop03.esm,05002119,0003A9EC,OfficeBoxPapers02,STAT,6482.046387,-7110.961426,-1180.838745,325.6226
1556784,DLCworkshop03.esm,0500211A,001A594C,Bin_Plastic,MSTT,6533.456543,-7140.958984,-1147.561401,0.0
1556785,DLCworkshop03.esm,0500211B,001944A0,ClutterGenDecalA,STAT,6639.579102,-7096.804199,-924.469482,0.0
1556786,DLCworkshop03.esm,0500211C,0001D549,DebrisPileRoad02Trash,STAT,6755.038574,-7056.112305,-924.451843,270.0001
1556787,DLCworkshop03.esm,0500211D,0001D549,DebrisPileRoad02Trash,STAT,6435.804687,-7212.37793,-924.451843,84.1172
1556788,DLCworkshop03.esm,0500211E,0008B671,TrashClump03,STAT,6676.980469,-7345.729004,-937.141968,262.1284
1556789,DLCworkshop03.esm,0500211F,0008954A,TrashClump01,STAT,6657.386719,-7430.030762,-918.906372,78.7818
1556790,DLCworkshop03.esm,05002120,0008C803,DebrisPileSmallConc01,STAT,6470.199219,-6368.925781,-1180.048584,45.8367
1556791,DLCworkshop03.esm,05002121,0019AC73,HighTechTrashCan01Dirty,CONT,6459.263184,-6289.76709,-1180.030762,314.1635
1556792,DLCworkshop03.esm,05002122,0008954A,TrashClump01,STAT,6448.196289,-6280.748047,-1184.442017,319.8931
1556793,DLCworkshop03.esm,05002123,001914C2,DecalDebris05,STAT,6520.213379,-7146.849121,-1180.616211,0.0
1556794,DLCworkshop03.esm,05002124,0019A6B0,HighTechDebris03,STAT,6625.820801,-7374.474609,-924.722778,291.2451
1556795,DLCworkshop03.esm,05002125,001AAD69,MakeshiftBattery01,MISC,6608.015137,-6968.935547,-1147.561157,68.7549
1556796,DLCworkshop03.esm,05002126,001A77EE,OfficeBoxPapersOpen02,MSTT,6607.742676,-7134.302734,-1118.93689,79.3144
1556797,DLCworkshop03.esm,05002127,001A77F3,OfficeBoxPapersOpen04,MSTT,6526.09668,-7118.568848,-1180.653564,8.2206
1556798,DLCworkshop03.esm,05002128,0003A9F2,OfficePaperDebris01,STAT,6525.143066,-7065.586426,-1179.17688,0.0
1556799,DLCworkshop03.esm,05002129,0001D184,TrashDecal01,STAT,6649.339355,-7141.424805,-1179.816406,0.0
1556800,DLCworkshop03.esm,0500212A,0001D184,TrashDecal01,STAT,6549.808105,-7017.040039,-924.722656,0.0
1556801,DLCworkshop03.esm,0500212B,0001D184,TrashDecal01,STAT,6537.897461,-7359.055664,-924.622925,0.0
1556802,DLCworkshop03.esm,0500212C,0008A5D7,TrashEdge01,STAT,6628.900391,-7376.35498,-924.722778,102.1691
1556803,DLCworkshop03.esm,0500212D,0008A5D7,TrashEdge01,STAT,6471.207031,-7374.029785,-924.722778,27.6846
1556804,DLCworkshop03.esm,0500212E,0001D1A6,DebrisPileRoad01Trash,STAT,6511.157227,-7420.405273,-923.315674,180.0001
1556805,DLCworkshop03.esm,0500212F,0008A5E0,TrashEdge02,STAT,6651.951172,-7267.020996,-924.722778,90.0
1556806,DLCworkshop03.esm,05002130,0008B648,TrashPileCorIn01,STAT,6495.365723,-7417.42334,-947.102051,270.0001
1556807,DLCworkshop03.esm,05002131,001A5947,WoodBox01,MSTT,6662.427246,-6961.314941,-1134.96521,90.0013
1556808,DLCworkshop03.esm,05002134,0005A689,AdvertsPoster04,STAT,6705.259277,-7069.444336,-1056.471802,91.0886
1556809,DLCworkshop03.esm,05002135,000BF838,GenericPoster04,STAT,6706.722168,-7032.865234,-1090.254395,91.0886
1556810,DLCworkshop03.esm,05002136,001A594C,Bin_Plastic,MSTT,6467.533691,-7013.504395,-924.723022,71.1979
1556811,DLCworkshop03.esm,05002137,0001F90A,TinCan01,MISC,6490.134766,-7042.092773,-920.721558,270.0315
1556812,DLCworkshop03.esm,05002138,0001F908,TinCan02,MISC,6616.354004,-7119.603027,-920.721558,90.0314
1556813,DLCworkshop03.esm,05002139,000BF83D,GenericPosterGroup04,STAT,6706.561523,-7034.050293,-817.0896,91.0886
1556814,DLCworkshop03.esm,0500213A,000617AA,Greebles01,STAT,6456.14502,-7288.324219,-837.751404,270.0001
1556815,DLCworkshop03.esm,0500213B,00136006,MacDetailGreeble27,STAT,6470.162109,-7293.813965,-918.451843,180.0013
1556816,DLCworkshop03.esm,0500213C,0013600D,MacDetailGreeble34,STAT,6470.111816,-7293.621094,-924.325562,359.9458
1556817,DLCworkshop03.esm,0500213D,001AB5EE,ChemistrySetCan03,MISC,6490.991699,-7321.65625,-916.270752,289.9909
1556818,DLCworkshop03.esm,0500213E,001A780B,OfficeBoxPapersOpen05,MSTT,6671.378906,-7032.138184,-922.229309,8.2645
1556819,DLCworkshop03.esm,0500213F,001A784B,OfficeBoxPapersOpen07,MSTT,6546.189453,-6951.585937,-924.723083,60.0006
1556820,DLCworkshop03.esm,05002140,0008B213,SkeletonClothedM01,MSTT,-5067.597168,-2281.600342,-1037.13916,107.1921
1556821,DLCworkshop03.esm,05002141,000F6D86,Armor_HardHat,ARMO,-5137.462891,-2319.010742,-1018.275085,296.5545
1556822,DLCworkshop03.esm,05002142,001A77F1,OfficeBoxPapersOpen03,MSTT,-5118.539551,-5233.84668,-433.399811,180.0034
1556823,DLCworkshop03.esm,05002143,001A77F3,OfficeBoxPapersOpen04,MSTT,-5122.785645,-5416.760254,-450.358948,51.2472
1556824,DLCworkshop03.esm,05002144,001A594A,TrashcanMetalOffice01_Prewar,MSTT,-5158.160156,-5239.61377,-450.228973,203.0784
1556825,DLCworkshop03.esm,05002145,0006C5AE,WonderglueLarge,MISC,-5310.947754,-5389.616699,-394.169739,68.8233
1556826,DLCworkshop03.esm,05002146,001C7F1F,DuctTape01_Rare,MISC,-5305.040527,-5399.07959,-393.908295,200.6035
1556827,DLCworkshop03.esm,05002147,001A7DA6,Globe_02_ruined,MISC,-5286.688477,-5396.334473,-394.049683,269.3323
1556828,DLCworkshop03.esm,05002149,000928D5,DummyNoEdit_Drink_NukaCola,MISC,-5312.339355,-5239.334473,-403.521484,202.4358
1556829,DLCworkshop03.esm,0500214A,000928D5,DummyNoEdit_Drink_NukaCola,MISC,-5323.119629,-5244.70166,-403.521484,202.4358
1556830,DLCworkshop03.esm,0500214B,000928D5,DummyNoEdit_Drink_NukaCola,MISC,-5319.492188,-5257.61084,-403.521484,202.4358
1556831,DLCworkshop03.esm,0500214C,000928D5,DummyNoEdit_Drink_NukaCola,MISC,-5316.908203,-5238.065918,-374.927734,22.4358
1556832,DLCworkshop03.esm,0500214D,000928D5,DummyNoEdit_Drink_NukaCola,MISC,-5313.28125,-5250.975586,-374.927734,22.4358
1556833,DLCworkshop03.esm,0500214E,000928D5,DummyNoEdit_Drink_NukaCola,MISC,-5324.062988,-5256.344238,-374.927734,22.4358
1556834,DLCworkshop03.esm,0500214F,000302DC,Empty_NukaColaMachine,ACTI,-5350.616699,-5264.95459,-450.427734,288.3799
1556835,DLCworkshop03.esm,05002150,00165014,OfficePaperDebris04,STAT,-5236.144531,-5212.289062,-450.105957,341.4252
1556836,DLCworkshop03.esm,05002151,0003A9EC,OfficeBoxPapers02,STAT,-5292.013184,-5193.562988,-427.740662,255.4822
1556837,DLCworkshop03.esm,05002152,00165025,OfficePaperDebrisSinglePg02,STAT,-5281.979492,-5250.163086,-448.075409,66.7535
1556838,DLCworkshop03.esm,05002153,0003A9ED,OfficeBoxPapers03,STAT,-5261.038574,-5199.60498,-450.427734,341.4253
1556839,DLCworkshop03.esm,05002156,0500498A,DLC06WorkshopVault_Crate_01_Beige,STAT,-4970.450195,-5313.990234,-453.092346,213.2539
1556840,DLCworkshop03.esm,05002157,00165012,OfficePaperDebris03,STAT,-5035.344238,-5300.716309,-450.427734,0.0
1556841,DLCworkshop03.esm,05002158,0003A9ED,OfficeBoxPapers03,STAT,-915.641418,6816.686523,67.12867,251.1381
1556842,DLCworkshop03.esm,05002159,0003A9ED,OfficeBoxPapers03,STAT,-746.21698,6869.163086,67.12867,90.71
1556843,DLCworkshop03.esm,0500215A,0007350B,PlayerHouse_Ruin_Rug01,STAT,-829.076599,6897.942871,67.128647,170.924
1556844,DLCworkshop03.esm,0500215B,001944A0,ClutterGenDecalA,STAT,-774.857422,6913.283691,67.128685,63.0254
1556845,DLCworkshop03.esm,0500215C,00165022,OfficePaperDebris07,STAT,-835.788208,6973.750977,67.665634,40.107
1556846,DLCworkshop03.esm,0500215D,0016BAF5,PaperDebris02,STAT,-778.950928,6974.431641,67.394081,74.4845
1556847,DLCworkshop03.esm,0500215E,00165014,OfficePaperDebris04,STAT,-866.098877,6836.30127,67.665634,40.107
1556848,DLCworkshop03.esm,0500215F,0016BAF5,PaperDebris02,STAT,-923.471008,6845.125977,66.783722,325.6226
1556849,DLCworkshop03.esm,05002160,0003A9ED,OfficeBoxPapers03,STAT,-1010.361328,6799.037598,67.12867,274.171
1556850,DLCworkshop03.esm,05002162,0003A9EC,OfficeBoxPapers02,STAT,-1034.643433,6802.64209,90.98307,165.3091
1556851,DLCworkshop03.esm,05002163,0016BAF3,PaperDebris01,STAT,-1032.083496,6837.869629,66.352928,22.9184
1556852,DLCworkshop03.esm,05002164,001944A0,ClutterGenDecalA,STAT,-1144.698364,6870.528809,67.128685,189.0761
1556853,DLCworkshop03.esm,05002166,0016BAF3,PaperDebris01,STAT,-1150.467651,6981.227051,67.183121,301.7413
1556854,DLCworkshop03.esm,05002167,000625D9,ChalkBoard01,STAT,-1049.782227,6766.083496,170.077728,180.4119
1556855,DLCworkshop03.esm,05002168,00123A6B,TrashClump02_Gravel,STAT,-3820.977539,-5080.19873,-515.266724,256.8677
1556856,DLCworkshop03.esm,0500216B,0004810C,IndFrameCat256x256AShape01,STAT,-330.220276,-2611.154053,-594.084473,90.0003
1556857,DLCworkshop03.esm,0500216C,00048108,IndFrameCat256x256VShape01,STAT,-330.220276,-2611.154053,-338.13739,90.0003
1556858,DLCworkshop03.esm,0500216D,050055FB,DLC06VaultSignSectorN01,STAT,-330.964386,-2623.025391,-201.282349,90.0119
1556859,DLCworkshop03.esm,0500216E,0004810C,IndFrameCat256x256AShape01,STAT,-5199.59668,-1675.515625,-1224.427979,90.0003
1556860,DLCworkshop03.esm,0500216F,00048108,IndFrameCat256x256VShape01,STAT,-5199.59668,-1675.515625,-968.480957,90.0003
1556861,DLCworkshop03.esm,05002170,050055FC,DLC06VaultSignSectorNE01,STAT,-5199.67334,-1687.365112,-831.625916,90.0119
1556862,DLCworkshop03.esm,05002171,050055FA,DLC06VaultSignSectorE01,STAT,-10370.055664,8730.061523,-397.274506,90.0119
1556863,DLCworkshop03.esm,05002172,00048108,IndFrameCat256x256VShape01,STAT,-10370.458008,8742.135742,-546.674133,90.0003
1556864,DLCworkshop03.esm,05002173,0004810C,IndFrameCat256x256AShape01,STAT,-10370.458008,8742.135742,-802.621216,90.0003
1556865,DLCworkshop03.esm,05002174,000517B0,DefaultLightWhite01NS,LIGH,-10232.047852,8380.738281,-416.746918,180.0
1556866,DLCworkshop03.esm,05002175,00155875,defaultLightWarm01SpotNS,LIGH,-343.55249,-2729.238037,-150.495361,88.9572
1556867,DLCworkshop03.esm,05002176,000560DC,defaultLightWarm01NS,LIGH,-329.156219,-2694.869385,-156.045914,88.9572
1556868,DLCworkshop03.esm,05002177,00017A8B,HoodedLamp02,STAT,-330.235962,-2614.027344,-113.17691,88.9572
1556869,DLCworkshop03.esm,05002178,0008F6B7,Loot_Prewar_Toolcase,CONT,-5303.783691,-5361.546387,-394.429657,262.5973
1556870,DLCworkshop03.esm,05002179,001944A0,ClutterGenDecalA,STAT,-5126.489746,-5403.838379,-450.427734,205.3015
1556871,DLCworkshop03.esm,0500217A,001944BC,ClutterGenDustA,STAT,-5270.244141,-5218.416992,-450.427734,0.0002
1556872,DLCworkshop03.esm,0500217B,001944AF,ClutterGenSlimeA,STAT,-5335.857422,-5276.430176,-450.427734,85.9439
1556873,DLCworkshop03.esm,0500217C,00024848,ConstructionBarrier02,MSTT,-5037.937012,-5457.479004,-450.555206,182.9232
1556874,DLCworkshop03.esm,0500217D,00024848,ConstructionBarrier02,MSTT,-5088.862793,-5429.808594,-450.551147,143.5875
1556875,DLCworkshop03.esm,0500217E,00024848,ConstructionBarrier02,MSTT,-4957.754395,-5416.075684,-450.551605,115.3016
1556876,DLCworkshop03.esm,0500217F,00024848,ConstructionBarrier02,MSTT,-5011.836914,-5403.328613,-450.55368,317.1037
1556877,DLCworkshop03.esm,05002180,0006D140,EnamelBucket01,MISC,-5094.09668,-5386.470215,-450.138855,0.0
1556878,DLCworkshop03.esm,05002181,00143B1C,IceMachine01,CONT,-5204.884277,-5408.749512,-449.281342,109.8247
1556879,DLCworkshop03.esm,05002182,001944AF,ClutterGenSlimeA,STAT,-5183.541504,-5368.119629,-450.144012,337.082
1556880,DLCworkshop03.esm,05002183,00165014,OfficePaperDebris04,STAT,-5122.512695,-5253.268555,-450.216888,241.3521
1556881,DLCworkshop03.esm,05002184,0016BAF5,PaperDebris02,STAT,-5096.600098,-5272.750977,-450.473145,0.0
1556882,DLCworkshop03.esm,05002185,0500499B,DLC06WorkshopVault_Crate_04_Red,STAT,-5214.401855,-5122.264648,-515.199585,270.0
1556883,DLCworkshop03.esm,05002186,05004997,DLC06WorkshopVault_Crate_03_Steel,STAT,-5337.552734,-4673.693359,-517.422852,126.7607
1556884,DLCworkshop03.esm,05002187,05004994,DLC06WorkshopVault_Crate_03_Beige,STAT,-5130.885742,-5177.02002,-517.422852,52.2762
1556885,DLCworkshop03.esm,05002188,0500498A,DLC06WorkshopVault_Crate_01_Beige,STAT,-5134.140625,-5095.271484,-517.422852,354.3924
1556886,DLCworkshop03.esm,05002189,0008CD00,Loot_Prewar_Safe,CONT,-5205.790527,-5229.898926,-450.470184,0.0
1556887,DLCworkshop03.esm,0500218A,0005821C,CigaretteCarton,MISC,-5208.333984,-5232.841797,-386.428223,270.0613
1556888,DLCworkshop03.esm,0500218B,0008E371,Ashtray01_Filled,MISC,-5196.500488,-5235.275391,-388.467041,0.0001
1556889,DLCworkshop03.esm,0500218C,050049A3,DLC06WorkshopVault_FloorMat_Medium_02,STAT,-4976.161621,-5126.998535,-511.827515,0.0
1556890,DLCworkshop03.esm,0500218D,050049A4,DLC06WorkshopVault_FloorMat_Small_01,STAT,-4841.771973,-5075.975586,-512.457397,331.3522
1556891,DLCworkshop03.esm,0500218E,05001042,DLC06ScrapableEngineCarStatic01,STAT,-3932.130859,-4901.418457,-488.830414,343.2675
1556892,DLCworkshop03.esm,0500218F,00059B33,GasCanister,MISC,-4060.281982,-4931.269531,-507.297424,359.9291
1556893,DLCworkshop03.esm,05002190,00059B33,GasCanister,MISC,-3759.395996,-5118.57666,-507.289856,179.976
1556894,DLCworkshop03.esm,05002191,000C3885,WoodPallet02,STAT,-4560.483887,-5051.910645,-512.45752,22.9183
1556895,DLCworkshop03.esm,05002192,00018CD9,MetalBarrelStatic02,STAT,-3865.261963,-4917.135254,-519.259338,0.0
1556896,DLCworkshop03.esm,05002193,00018CD9,MetalBarrelStatic02,STAT,-3826.24707,-4961.76416,-519.259338,296.9747
1556897,DLCworkshop03.esm,05002194,00018CD9,MetalBarrelStatic02,STAT,-3953.080078,-5027.435059,-500.435822,240.6423
1556898,DLCworkshop03.esm,05002195,00024848,ConstructionBarrier02,MSTT,-4990.833496,-3918.658936,-789.892639,173.3392
1556899,DLCworkshop03.esm,05002196,0500498A,DLC06WorkshopVault_Crate_01_Beige,STAT,-4894.432617,-3963.628418,-787.703796,270.0
1556900,DLCworkshop03.esm,05002197,05004990,DLC06WorkshopVault_Crate_02_Blue,STAT,-4899.852539,-3898.097412,-812.233337,91.7723
1556901,DLCworkshop03.esm,05002198,00018CD9,MetalBarrelStatic02,STAT,-10015.449219,-548.701416,-960.133118,325.6226
1556902,DLCworkshop03.esm,0500219A,00018CD4,MetalBarrelStatic01,STAT,-10064.957031,-536.227112,-960.133118,148.0058
1556903,DLCworkshop03.esm,0500219B,00018CD9,MetalBarrelStatic02,STAT,-9863.917969,-539.319031,-979.608765,231.6773
1556904,DLCworkshop03.esm,0500219C,000F393E,Rubble_Pile_Dirt_Sm01,STAT,-10317.78125,-873.149048,-1028.43396,319.893
1556905,DLCworkshop03.esm,0500219D,000F393E,Rubble_Pile_Dirt_Sm01,STAT,-10131.448242,-805.931946,-1025.556274,263.6298
1556906,DLCworkshop03.esm,050021A3,05001BEE,DLC06_RockM02,STAT,-976.564087,-494.382263,270.531494,114.5916
1556907,DLCworkshop03.esm,050021A4,05001BEE,DLC06_RockM02,STAT,-923.40979,-850.862671,274.585754,114.5916
1556908,DLCworkshop03.esm,050021A5,00067930,BldConcBgWallBotHole02,STAT,-5687.277832,14641.532227,-1035.769531,173.1298
1556909,DLCworkshop03.esm,050021A6,0006794D,BldConcBgWallMidHole08,STAT,-5648.999512,14323.830078,-1019.769531,173.1299
1556910,DLCworkshop03.esm,050021A7,00067938,BldConcBgWallBotHole10,STAT,-5610.721191,14006.12793,-1019.769531,173.1299
1556911,DLCworkshop03.esm,050021A8,00067938,BldConcBgWallBotHole10,STAT,-5725.555664,14959.234375,-1019.769531,173.1299
1556912,DLCworkshop03.esm,050021A9,000F4ABD,HitSmRmWall05a,STAT,-5684.21582,14883.636719,-763.769531,173.1298
1556913,DLCworkshop03.esm,050021AA,000F4ABB,HitSmRmWallHoleDmg01a,STAT,-5684.21582,14883.636719,-1019.769531,173.1298
1556914,DLCworkshop03.esm,050021AB,000F4ABD,HitSmRmWall05a,STAT,-5622.970703,14375.313477,-798.984741,188.1298
1556915,DLCworkshop03.esm,050021AC,000F4ABB,HitSmRmWallHoleDmg01a,STAT,-5622.970703,14375.313477,-542.984009,188.1298
1556916,DLCworkshop03.esm,050021AD,000F4ABB,HitSmRmWallHoleDmg01a,STAT,-5592.348145,14121.151367,-1019.769531,173.1298
1556917,DLCworkshop03.esm,050021AE,000F4ABD,HitSmRmWall05a,STAT,-5592.348145,14121.151367,-763.769531,173.1298
1556918,DLCworkshop03.esm,050021AF,001391FF,IndFrameCat256Vertical01,STAT,-5513.625488,14259.654297,-651.769531,96.8701
1556919,DLCworkshop03.esm,050021B0,001391FF,IndFrameCat256Vertical01,STAT,-5513.625488,14259.654297,-267.769531,96.8701
1556920,DLCworkshop03.esm,050021B1,001391FF,IndFrameCat256Vertical01,STAT,-5574.870605,14767.978516,-267.769409,96.8701
1556921,DLCworkshop03.esm,050021B2,001391FF,IndFrameCat256Vertical01,STAT,-5574.870605,14767.978516,-651.769409,96.8701
1556922,DLCworkshop03.esm,050021B3,001391FF,IndFrameCat256Vertical01,STAT,-5538.995117,14515.791992,-795.76947,186.8701
1556923,DLCworkshop03.esm,050021B4,001391FF,IndFrameCat256Vertical01,STAT,-5538.995117,14515.791992,-539.76947,186.8701
1556924,DLCworkshop03.esm,050021B5,001391FF,IndFrameCat256Vertical01,STAT,-5475.890137,14011.166016,-539.76947,186.8701
1556925,DLCworkshop03.esm,050021B6,001391FF,IndFrameCat256Vertical01,STAT,-5475.890137,14011.166016,-795.76947,186.8701
1556926,DLCworkshop03.esm,050021B7,001391FF,IndFrameCat256Vertical01,STAT,-5597.02002,15019.708008,-795.76947,186.8701
1556927,DLCworkshop03.esm,050021B8,001391FF,IndFrameCat256Vertical01,STAT,-5597.02002,15019.708008,-539.76947,186.8701
1556928,DLCworkshop03.esm,050021B9,0019AC33,IndFrameCat256x256EmptyShapeThick01,STAT,-5535.595703,14391.600586,-1024.738281,173.1299
1556929,DLCworkshop03.esm,050021BA,0019AC33,IndFrameCat256x256EmptyShapeThick01,STAT,-5503.605469,14126.084961,-1024.738403,173.1299
1556930,DLCworkshop03.esm,050021BB,0019AC33,IndFrameCat256x256EmptyShapeThick01,STAT,-5564.996094,14635.619141,-1024.738281,173.1299
1556931,DLCworkshop03.esm,050021BC,0019AC33,IndFrameCat256x256EmptyShapeThick01,STAT,-5596.911133,14900.508789,-1024.738281,173.1299
1556932,DLCworkshop03.esm,050021BD,0019AC33,IndFrameCat256x256EmptyShapeThick01,STAT,-5625.901855,15141.130859,-1024.738281,173.1299
1556933,DLCworkshop03.esm,050021BE,00067A7C,BldConcSmDmgWallMd01,STAT,-5513.399902,14374.852539,-1019.691345,180.0
1556934,DLCworkshop03.esm,050021BF,00067A7C,BldConcSmDmgWallMd01,STAT,-5482.588867,14120.492187,-677.98822,180.0
1556935,DLCworkshop03.esm,050021C0,00067A7C,BldConcSmDmgWallMd01,STAT,-5576.34082,14899.12207,-677.98822,180.0
1556936,DLCworkshop03.esm,050021C1,00001B53,RubConcrete01,STAT,-5531.612305,14700.166992,-1060.961304,83.1299
1556937,DLCworkshop03.esm,050021C2,00090E89,HitDebrisPile03,STAT,-5324.713867,14569.866211,-881.871155,185.0472
1556938,DLCworkshop03.esm,050021C3,001C982B,RubConcrete02,STAT,-5488.565918,14557.524414,-1002.942505,357.6822
1556939,DLCworkshop03.esm,050021C4,001C982B,RubConcrete02,STAT,-5684.841797,14905.128906,-1010.416748,357.6822
1556940,DLCworkshop03.esm,050021C5,001C982B,RubConcrete02,STAT,-5507.981445,14470.431641,-1009.194275,99.4734
1556941,DLCworkshop03.esm,050021C6,00001B55,RubChunkiesSmall01,STAT,-5702.692871,14452.962891,-1019.769531,0.0
1556942,DLCworkshop03.esm,050021C7,00001B55,RubChunkiesSmall01,STAT,-5842.242188,14721.111328,-1019.769531,108.862
1556943,DLCworkshop03.esm,050021C8,0008C8B5,BldConcSmBrokeWallChunk03,STAT,-5692.187988,14650.197266,-1017.653625,75.6454
1556944,DLCworkshop03.esm,050021C9,0008C8B6,BldConcSmBrokeWallChunk01,STAT,-5590.505371,14563.706055,-1016.527893,297.9784
1556945,DLCworkshop03.esm,050021CA,0008C8B6,BldConcSmBrokeWallChunk01,STAT,-5568.299805,14596.272461,-1039.785645,358.434
1556946,DLCworkshop03.esm,050021CB,0008C8B6,BldConcSmBrokeWallChunk01,STAT,-5617.637207,14707.334961,-1020.948792,270.4809
1556947,DLCworkshop03.esm,050021CC,0008C8B6,BldConcSmBrokeWallChunk01,STAT,-5704.557617,14913.728516,-1014.87677,286.3643
1556948,DLCworkshop03.esm,050021CD,0008C8B6,BldConcSmBrokeWallChunk01,STAT,-5732.962402,14338.457031,-1023.928955,255.1654
1556949,DLCworkshop03.esm,050021CE,00001B54,RubChunkiesSmall02,STAT,-5832.474121,14376.3125,-1019.985474,114.5916
1556950,DLCworkshop03.esm,050021CF,0019A6B3,HighTechDebris06,STAT,-5695.977539,15159.62793,-980.057556,199.9609
1556951,DLCworkshop03.esm,050021D0,0019A6B3,HighTechDebris06,STAT,-5775.374023,15012.765625,-1015.856689,42.5015
1556952,DLCworkshop03.esm,050021D1,0019A6B3,HighTechDebris06,STAT,-5726.917969,15054.209961,-984.296875,175.9685
1556953,DLCworkshop03.esm,050021D2,0019A6B3,HighTechDebris06,STAT,-5619.29834,14998.481445,-954.351196,41.7036
1556954,DLCworkshop03.esm,050021D3,0019A6B3,HighTechDebris06,STAT,-5767.434082,14811.686523,-1025.264404,50.2908
1556955,DLCworkshop03.esm,050021D4,0019A6B3,HighTechDebris06,STAT,-5607.668945,14810.69043,-1018.475098,113.2143
1556956,DLCworkshop03.esm,050021D5,00141889,ExtRubble_HiTec_Tiny_Short02,STAT,-5638.774902,14821.464844,-1027.043945,86.6549
1556957,DLCworkshop03.esm,050021D6,001914A2,Rubble_Pile_Debris_06,STAT,-5411.63623,15116.137695,-992.789734,357.7701
1556958,DLCworkshop03.esm,050021D7,00018CD4,MetalBarrelStatic01,STAT,-5650.098633,14771.338867,-978.637268,154.9844
1556959,DLCworkshop03.esm,050021D8,0013578B,ExtRubble_HiTec_Debris04,STAT,-5685.385742,15048.782227,-960.732483,254.1834
1556960,DLCworkshop03.esm,050021D9,0013578B,ExtRubble_HiTec_Debris04,STAT,-5785.123047,14645.589844,-1006.436096,295.5654
1556961,DLCworkshop03.esm,050021E0,00141861,ExtRubble_HiTec_Tiny_Mid02,STAT,-5654.661621,15028.46875,-1023.551392,166.8685
1556962,DLCworkshop03.esm,050021E1,0019A6B5,HighTechDebris08,STAT,-5537.92041,14715.75,-1026.273804,341.8002
1556963,DLCworkshop03.esm,050021E3,00001B54,RubChunkiesSmall02,STAT,-5687.602051,14895.238281,-993.204956,354.5994
1556964,DLCworkshop03.esm,050021E5,00134D12,ExtRubble_HiTec_Sm_MidHalf02,STAT,-5606.346191,15097.702148,-1046.897339,320.5994
1556965,DLCworkshop03.esm,050021E6,0014185F,ExtRubble_HiTec_Tiny_Mid01,STAT,-5617.039062,15112.488281,-1008.369812,142.3494
1556966,DLCworkshop03.esm,050021E7,001C982B,RubConcrete02,STAT,-5557.96582,14945.030273,-543.948853,180.0001
1556967,DLCworkshop03.esm,050021E9,001C982B,RubConcrete02,STAT,-5514.164551,14523.945312,-504.608887,180.0001
1556968,DLCworkshop03.esm,050021EA,001C982B,RubConcrete02,STAT,-5475.44873,14175.65332,-494.176941,28.7079
1556969,DLCworkshop03.esm,050021EB,001C982B,RubConcrete02,STAT,-5548.539551,14682.369141,-395.87265,11.9311
1556970,DLCworkshop03.esm,050021EC,001C982B,RubConcrete02,STAT,-5578.684082,14944.772461,-366.205322,11.9311
1556971,DLCworkshop03.esm,050021ED,0008C8B5,BldConcSmBrokeWallChunk03,STAT,-5496.524414,14167.378906,-399.293365,180.0
1556972,DLCworkshop03.esm,050021EE,0008C8B5,BldConcSmBrokeWallChunk03,STAT,-5475.234863,13995.40918,-429.352417,183.8845
1556973,DLCworkshop03.esm,050021EF,0008C8B5,BldConcSmBrokeWallChunk03,STAT,-5559.898926,14692.675781,-405.405273,183.8845
1556974,DLCworkshop03.esm,050021F0,0013578D,ExtRubble_HiTec_Debris06,STAT,-5626.393066,14278.162109,-1006.436096,295.5555
1556975,DLCworkshop03.esm,050021F1,0004471B,ExtRubble_HiTec_Debris02,STAT,-5598.017578,14313.65332,-1038.181396,270.0
1556976,DLCworkshop03.esm,050021F4,0004F118,CaveMoundRocksLow04,STAT,-13455.704102,14523.918945,-271.290527,259.1685
1556977,DLCworkshop03.esm,050021F5,0004F0DE,CaveMoundRocksMed01,STAT,-13330.052734,14670.296875,-267.49408,24.1985
1556978,DLCworkshop03.esm,050021F6,0004F118,CaveMoundRocksLow04,STAT,-13475.608398,14635.553711,-184.39328,270.8332
1556979,DLCworkshop03.esm,050021F7,0004F118,CaveMoundRocksLow04,STAT,-13535.757812,14766.581055,-56.113174,51.4554
1556980,DLCworkshop03.esm,050021F8,0004F118,CaveMoundRocksLow04,STAT,-13565.271484,14666.472656,14.543289,214.2848
1556981,DLCworkshop03.esm,050021F9,0004F118,CaveMoundRocksLow04,STAT,-13487.352539,14883.628906,70.159393,65.6068
1556982,DLCworkshop03.esm,050021FA,0004F118,CaveMoundRocksLow04,STAT,-13665.032227,14789.238281,107.581154,15.3734
1556983,DLCworkshop03.esm,050021FB,0004F118,CaveMoundRocksLow04,STAT,-13303.402344,14409.474609,-400.294312,303.5326
1556984,DLCworkshop03.esm,050021FC,0004F118,CaveMoundRocksLow04,STAT,-13358.842773,14357.453125,-425.131989,269.8824
1556985,DLCworkshop03.esm,050021FD,0004F213,CaveRockM03,STAT,-13429.50293,14421.629883,-291.291229,291.2451
1556986,DLCworkshop03.esm,05002200,0004F12A,CaveMoundRocksSmall02,STAT,-13506.90625,14262.19043,-409.683838,288.6696
1556987,DLCworkshop03.esm,05002201,001BE3CB,BlastedForestLeafPile03,STAT,-12762.514648,13772.230469,-404.597656,0.0
1556988,DLCworkshop03.esm,05002202,001BCE57,BlastedForestLeafPile02,STAT,-12814.801758,13883.801758,-404.597656,0.0
1556989,DLCworkshop03.esm,05002203,001BCE57,BlastedForestLeafPile02,STAT,-12840.151367,13775.326172,-404.597656,137.5099
1556990,DLCworkshop03.esm,05002204,001BCE55,BlastedForestLeafPile01,STAT,-12883.438477,13792.610352,-411.320618,252.1015
1556991,DLCworkshop03.esm,05002205,001BE3CB,BlastedForestLeafPile03,STAT,-12900.545898,13794.12207,-404.597656,154.6987
1556992,DLCworkshop03.esm,05002206,001BE3CB,BlastedForestLeafPile03,STAT,-12901.779297,13966.128906,-404.597656,154.6987
1556993,DLCworkshop03.esm,05002207,001BE3CB,BlastedForestLeafPile03,STAT,-12824.946289,13929.104492,-404.597656,128.0546
1556994,DLCworkshop03.esm,05002208,001BE3CB,BlastedForestLeafPile03,STAT,-12711.780273,13786.636719,-404.597656,139.0923
1556995,DLCworkshop03.esm,05002209,001BCE57,BlastedForestLeafPile02,STAT,-12746.348633,13827.410156,-413.804718,73.6348
1556996,DLCworkshop03.esm,0500220A,001BE3CB,BlastedForestLeafPile03,STAT,-13167.524414,13520.108398,-405.39798,0.0
1556997,DLCworkshop03.esm,0500220B,001BCE57,BlastedForestLeafPile02,STAT,-13116.177734,13517.953125,-405.39798,274.0564
1556998,DLCworkshop03.esm,0500220C,001BCE57,BlastedForestLeafPile02,STAT,-13231.698242,13429.727539,-405.39798,159.4648
1556999,DLCworkshop03.esm,0500220D,001BCE57,BlastedForestLeafPile02,STAT,-13084.404297,13455.098633,-405.39798,33.4141
1557000,DLCworkshop03.esm,0500220E,001CCDA1,BlastedForestBurntBranchPile01,STAT,-12809.59668,13842.926758,-403.05072,0.0
1557001,DLCworkshop03.esm,0500220F,001CCDA2,BlastedForestBurntBranchPile02,STAT,-12912.155273,13890.178711,-409.337036,141.9852
1557002,DLCworkshop03.esm,05002210,001CCDA1,BlastedForestBurntBranchPile01,STAT,-13120.301758,13498.248047,-408.572632,272.4128
1557003,DLCworkshop03.esm,05002211,001BCE55,BlastedForestLeafPile01,STAT,-13428.133789,14527.194336,-251.689789,7.3751
1557004,DLCworkshop03.esm,05002212,001BCE55,BlastedForestLeafPile01,STAT,-13443.478516,14658.689453,-137.556381,268.2984
1557005,DLCworkshop03.esm,05002213,001BCE57,BlastedForestLeafPile02,STAT,-13372.756836,14268.543945,-402.973083,269.1745
1557006,DLCworkshop03.esm,05002214,001BCE57,BlastedForestLeafPile02,STAT,-13285.885742,14376.723633,-384.01413,270.0
1557007,DLCworkshop03.esm,05002215,001BCE57,BlastedForestLeafPile02,STAT,-13375.592773,14348.335937,-389.502411,270.0
1557008,DLCworkshop03.esm,05002216,001BCE57,BlastedForestLeafPile02,STAT,-13496.638672,14258.077148,-386.156708,174.8557
1557009,DLCworkshop03.esm,05002217,00059B14,TeddyBear,MISC,-12858.929687,13917.804687,-398.885498,359.9838
1557010,DLCworkshop03.esm,05002218,0001A4B9,Newspaper01,MISC,-12966.688477,13808.197266,-403.555725,0.0
1557011,DLCworkshop03.esm,05002219,00101CB9,CatBowl,MISC,-13150.258789,13456.097656,-404.287231,0.0
1557012,DLCworkshop03.esm,0500221A,00060E77,MilitaryAmmoBag,MISC,-12843.040039,13716.649414,-404.167084,0.0
1557013,DLCworkshop03.esm,0500221B,00060E7B,OvenMitt,MISC,-12855.375,13747.501953,-404.284485,80.2141
1557014,DLCworkshop03.esm,0500221C,0001F90A,TinCan01,MISC,-13109.061523,13772.77832,-400.278473,179.9102
1557015,DLCworkshop03.esm,0500221D,0001F909,TinCan03,MISC,-12761.219727,13781.751953,-400.284668,89.9416
1557016,DLCworkshop03.esm,0500221E,0001F909,TinCan03,MISC,-13120.621094,13554.417969,-400.277222,179.9085
1557017,DLCworkshop03.esm,0500221F,0001F90A,TinCan01,MISC,-12983.624023,13798.064453,-400.280975,179.9324
1557018,DLCworkshop03.esm,05002220,0001F909,TinCan03,MISC,-13029.303711,13943.90332,-400.283447,0.1709
1557019,DLCworkshop03.esm,05002221,0001F90A,TinCan01,MISC,-13047.041016,14015.447266,-400.279388,269.8079
1557020,DLCworkshop03.esm,05002222,0001F908,TinCan02,MISC,-12957.835937,13887.295898,-400.283356,179.9742
1557021,DLCworkshop03.esm,05002223,0002FBE4,BlamcoMacAndCheese,ALCH,-12908.993164,13925.541992,-402.41922,89.9993
1557022,DLCworkshop03.esm,05002224,0002FBE4,BlamcoMacAndCheese,ALCH,-12791.881836,13739.426758,-402.419159,270.0936
1557023,DLCworkshop03.esm,05002225,000330F2,SugarBombs,ALCH,-13139.519531,13485.564453,-402.138,96.1243
1557024,DLCworkshop03.esm,05002226,000211DD,BeerBottleEmpty01,MISC,-12962.603516,13530.121094,-401.77417,89.9813
1557025,DLCworkshop03.esm,05002227,001914C9,DecalDebris04,STAT,-12840.494141,13631.90332,-403.087433,0.0
1557026,DLCworkshop03.esm,05002228,001914C9,DecalDebris04,STAT,-13003.481445,13896.033203,-403.832886,0.0
1557027,DLCworkshop03.esm,05002229,001914C9,DecalDebris04,STAT,-13063.541992,13507.683594,-404.071472,0.0
1557028,DLCworkshop03.esm,0500222A,000BF83E,GenericPosterGroup05,STAT,-12891.121094,13635.513672,-403.872498,90.0
1557029,DLCworkshop03.esm,0500222C,000BF83F,GenericPosterGroup06,STAT,-13055.59668,13506.458984,-403.872498,359.9908
1557030,DLCworkshop03.esm,0500222D,0001D1B5,TrashDecal04,STAT,-12929.417969,13707.004883,-402.876587,0.0
1557031,DLCworkshop03.esm,0500222E,0001D18E,TrashDecal02,STAT,-12975.983398,14029.389648,-402.932831,315.0
1557032,DLCworkshop03.esm,0500222F,0001D1B5,TrashDecal04,STAT,-13139.966797,13408.624023,-403.074493,0.0
1557033,DLCworkshop03.esm,05002230,0001D1B5,TrashDecal04,STAT,-13229.469727,13524.008789,-403.074493,120.0
1557034,DLCworkshop03.esm,05002231,001BCE57,BlastedForestLeafPile02,STAT,-13261.069336,13543.614258,-405.39798,169.0564
1557035,DLCworkshop03.esm,05002232,001BE3CB,BlastedForestLeafPile03,STAT,-13306.166016,14131.254883,-404.597656,0.0
1557036,DLCworkshop03.esm,05002233,001BCE57,BlastedForestLeafPile02,STAT,-13380.875977,14125.09082,-404.597656,120.0
1557037,DLCworkshop03.esm,05002234,0014F6AC,DeathclawEggCracked,MISC,-12831.566406,13822.154297,-404.288452,0.0
1557038,DLCworkshop03.esm,05002235,0014F6AC,DeathclawEggCracked,MISC,-12828.051758,13912.543945,-404.282898,46.9582
1557039,DLCworkshop03.esm,05002236,0014F6AC,DeathclawEggCracked,MISC,-13203.898437,13472.706055,-404.288239,307.1314
1557040,DLCworkshop03.esm,05002237,00165025,OfficePaperDebrisSinglePg02,STAT,-12904.387695,13506.543945,-403.930817,0.0
1557041,DLCworkshop03.esm,05002238,00165014,OfficePaperDebris04,STAT,-13097.410156,13570.935547,-398.709412,0.0
1557042,DLCworkshop03.esm,05002239,00165012,OfficePaperDebris03,STAT,-12962.305664,13900.368164,-398.709412,0.0
1557043,DLCworkshop03.esm,0500223A,001A784B,OfficeBoxPapersOpen07,MSTT,-12850.277344,13637.818359,-404.291656,0.0
1557044,DLCworkshop03.esm,0500223B,001AAE03,OfficeBoxPapersOpen08,MSTT,-13127.045898,13706.540039,-404.283661,269.9994
1557045,DLCworkshop03.esm,0500223C,001AAE03,OfficeBoxPapersOpen08,MSTT,-12964.59375,13953.418945,-404.288605,347.1729
1557046,DLCworkshop03.esm,0500223D,0002D9AB,Kickball01_deflatedPW01,MISC,-13128.833984,13604.838867,-405.405792,136.0255
1557047,DLCworkshop03.esm,0500223E,0016BAF5,PaperDebris02,STAT,-13115.823242,13990.868164,-404.049561,0.0
1557048,DLCworkshop03.esm,0500223F,0016BAF5,PaperDebris02,STAT,-13030.100586,13571.117187,-404.049561,0.0
1557049,DLCworkshop03.esm,05002240,0016BAF5,PaperDebris02,STAT,-13006.579102,13384.110352,-404.049561,255.0
1557050,DLCworkshop03.esm,05002241,0016BAF5,PaperDebris02,STAT,-12692.195312,13705.530273,-404.847931,210.0001
1557051,DLCworkshop03.esm,05002242,001C4012,CornWild,ALCH,-13068.709961,13734.482422,-402.057922,351.07
1557052,DLCworkshop03.esm,05002243,001C4012,CornWild,ALCH,-13046.439453,13583.736328,-402.057922,351.0981
1557053,DLCworkshop03.esm,05002244,001C4012,CornWild,ALCH,-13064.21875,13580.063477,-402.057922,351.1067
1557054,DLCworkshop03.esm,05002245,001C4012,CornWild,ALCH,-12865.56543,13715.867187,-402.057922,351.1067
1557055,DLCworkshop03.esm,05002246,00150729,DayTripper,ALCH,-13096.071289,13624.818359,-401.034363,359.8623
1557056,DLCworkshop03.esm,05002247,000366BD,YumYumDeviledEggs,ALCH,-13343.207031,14076.591797,-402.947906,0.0
1557057,DLCworkshop03.esm,05002249,0001A4B9,Newspaper01,MISC,-12720.142578,13648.636719,-403.550995,359.9994
1557058,DLCworkshop03.esm,0500224A,0001A4B9,Newspaper01,MISC,-13073.514648,13403.345703,-403.438232,0.0
1557059,DLCworkshop03.esm,0500224C,0001A4B9,Newspaper01,MISC,-13342.029297,14035.555664,-403.555603,59.9997
1557060,DLCworkshop03.esm,0500224D,0016BAF5,PaperDebris02,STAT,-13376.443359,14021.399414,-404.832336,0.0
1557061,DLCworkshop03.esm,0500224F,0004F213,CaveRockM03,STAT,-13412.821289,14346.960937,-393.119263,337.0817
1557062,DLCworkshop03.esm,05002250,0004F213,CaveRockM03,STAT,-13461.419922,14318.267578,-399.209534,85.9437
1557063,DLCworkshop03.esm,05002251,0004F213,CaveRockM03,STAT,-13360.349609,14261.924805,-420.568054,125.8984
1557064,DLCworkshop03.esm,05002252,0004F214,CaveRockM04,STAT,-13418.199219,14232.44043,-429.380859,353.444
1557065,DLCworkshop03.esm,05002253,0004F214,CaveRockM04,STAT,-13186.107422,14288.479492,-413.462952,272.5597
1557066,DLCworkshop03.esm,05002295,05003E87,DLC06ScrapablePipesBarrels03,SCOL,-9814.039062,775.169861,-1018.035767,330.2745
1557067,DLCworkshop03.esm,05002297,000E7D99,StepLadderClosed,STAT,-9320.176758,2164.540283,-1017.996094,359.9993
1557068,DLCworkshop03.esm,05002298,00024848,ConstructionBarrier02,MSTT,-8960.868164,2401.962646,-1004.84137,89.9893
1557069,DLCworkshop03.esm,05002299,00024848,ConstructionBarrier02,MSTT,-9096.125,2242.667725,-1024.45752,188.1128
1557070,DLCworkshop03.esm,0500229A,05001042,DLC06ScrapableEngineCarStatic01,STAT,-8788.986328,2136.433594,-996.960083,161.5429
1557071,DLCworkshop03.esm,0500229C,001AAD69,MakeshiftBattery01,MISC,-8745.238281,2150.789551,-1022.693481,355.9023
1557072,DLCworkshop03.esm,0500229D,00024843,TrafficCone,MSTT,-9740.418945,2258.714844,-1022.993347,0.2685
1557073,DLCworkshop03.esm,0500229E,00024843,TrafficCone,MSTT,-9616.748047,2340.029785,-1008.932739,266.444
1557074,DLCworkshop03.esm,0500229F,0008B213,SkeletonClothedM01,MSTT,-9839.323242,733.776672,-1002.255981,312.5157
1557075,DLCworkshop03.esm,050022A0,000F6D86,Armor_HardHat,ARMO,-9799.592773,738.572693,-983.503601,199.7515
1557076,DLCworkshop03.esm,050022A1,0002B6E2,LunchPail,CONT,-9848.051758,790.51416,-1024.457642,296.9747
1557077,DLCworkshop03.esm,050022A2,000366BD,YumYumDeviledEggs,ALCH,-9874.201172,783.555054,-1021.835937,317.715
1557078,DLCworkshop03.esm,050022A3,0001A4B9,Newspaper01,MISC,-9844.307617,670.919434,-1021.508606,359.7005
1557079,DLCworkshop03.esm,050022A4,000366C1,Whiskey,ALCH,-10017.259766,-544.661987,-880.590515,269.5552
1557080,DLCworkshop03.esm,050022A8,001FA270,defaultLightCool03NSGoboBounce03,LIGH,-5969.796387,37.261353,-956.930786,134.9994
1557081,DLCworkshop03.esm,050022A9,00148C70,DefaultLightCoolFLNSNonSpec,LIGH,5610.174316,10453.133789,633.641296,166.06
1557082,DLCworkshop03.esm,050022AA,00164393,DefaultLightGreenFungus01NS,LIGH,-1683.193237,25.892517,-450.748291,0.0
1557083,DLCworkshop03.esm,050022AB,00164393,DefaultLightGreenFungus01NS,LIGH,-1683.193237,25.892517,-450.748291,0.0
1557084,DLCworkshop03.esm,050022AC,00164393,DefaultLightGreenFungus01NS,LIGH,-2418.685791,-114.820343,-452.115051,0.0
1557085,DLCworkshop03.esm,050022AD,00164393,DefaultLightGreenFungus01NS,LIGH,-2418.685791,-114.820343,-452.115051,0.0
1557086,DLCworkshop03.esm,050022AE,00164393,DefaultLightGreenFungus01NS,LIGH,-2297.482178,-736.177734,-465.833466,0.0
1557087,DLCworkshop03.esm,050022AF,00164393,DefaultLightGreenFungus01NS,LIGH,-2297.482178,-736.177734,-465.833466,0.0
1557088,DLCworkshop03.esm,050022B2,000560DC,defaultLightWarm01NS,LIGH,-35.701908,-5371.082031,-61.774086,268.9573
1557089,DLCworkshop03.esm,050022B3,000560DC,defaultLightWarm01NS,LIGH,-10369.057617,8653.689453,-362.698578,88.9573
1557090,DLCworkshop03.esm,050022B6,000560DC,defaultLightWarm01NS,LIGH,-5109.64209,-5138.93457,-321.955872,270.0
1557091,DLCworkshop03.esm,050022B7,000FDEE8,defaultLightWarm01NSNonSpec,LIGH,-1357.571411,-2383.692383,-426.14328,267.444
1557092,DLCworkshop03.esm,050022B8,000FDEE8,defaultLightWarm01NSNonSpec,LIGH,-5123.888184,-5059.354492,-411.911194,270.0
1557093,DLCworkshop03.esm,050022BA,000FDEE8,defaultLightWarm01NSNonSpec,LIGH,-1965.966919,-4491.053711,-404.596161,162.6511
1557094,DLCworkshop03.esm,050022BB,000FDEE8,defaultLightWarm01NSNonSpec,LIGH,-1528.089844,-4676.463867,-341.274628,162.6511
1557095,DLCworkshop03.esm,050022BC,00155875,defaultLightWarm01SpotNS,LIGH,-1268.491699,-2305.204102,-301.008728,133.9572
1557096,DLCworkshop03.esm,050022BD,00155875,defaultLightWarm01SpotNS,LIGH,-21.305712,-5336.714355,-56.223534,268.9572
1557097,DLCworkshop03.esm,050022BE,00155875,defaultLightWarm01SpotNS,LIGH,-10383.454102,8619.322266,-357.148041,88.9572
1557098,DLCworkshop03.esm,050022C2,00091D4C,defaultLightWarm01SpotNSFlicker,LIGH,-2128.241455,-4409.737793,-385.031525,30.1318
1557099,DLCworkshop03.esm,050022C3,000517B0,DefaultLightWhite01NS,LIGH,-1358.440308,-2381.522705,-417.272919,267.444
1557100,DLCworkshop03.esm,050022C4,000517B0,DefaultLightWhite01NS,LIGH,-92.857994,-5121.952148,-33.728172,314.9994
1557101,DLCworkshop03.esm,050022C5,000517B0,DefaultLightWhite01NS,LIGH,-82.690857,-5040.521973,-374.015411,314.9994
1557102,DLCworkshop03.esm,050022C7,000517B0,DefaultLightWhite01NS,LIGH,-10311.901367,8404.55957,-334.652679,134.9995
1557103,DLCworkshop03.esm,050022CA,000517B0,DefaultLightWhite01NS,LIGH,-2579.168213,8481.991211,513.891846,180.0001
1557104,DLCworkshop03.esm,050022CB,000517B0,DefaultLightWhite01NS,LIGH,-2579.168213,8701.598633,513.891846,180.0001
1557105,DLCworkshop03.esm,050022CC,000517B0,DefaultLightWhite01NS,LIGH,-258.909302,8738.514648,110.52623,180.0001
1557106,DLCworkshop03.esm,050022CE,000517B0,DefaultLightWhite01NS,LIGH,-2499.538818,7630.158691,167.613785,180.0001
1557107,DLCworkshop03.esm,050022CF,000517B0,DefaultLightWhite01NS,LIGH,-2580.027588,7699.656738,424.508423,180.0001
1557108,DLCworkshop03.esm,050022D0,00061F29,DefaultLightWhite01NSFlicker,LIGH,-5207.842773,-3188.002686,-825.93927,157.0817
1557109,DLCworkshop03.esm,050022D1,00061F29,DefaultLightWhite01NSFlicker,LIGH,-8079.371582,1785.44458,-939.362915,0.0
1557110,DLCworkshop03.esm,050022D2,00061F29,DefaultLightWhite01NSFlicker,LIGH,-7678.248535,1916.161987,-825.484741,0.0
1557111,DLCworkshop03.esm,050022D3,00061F29,DefaultLightWhite01NSFlicker,LIGH,-727.943176,9338.399414,121.795387,315.0
1557112,DLCworkshop03.esm,050022D4,00061F29,DefaultLightWhite01NSFlicker,LIGH,-1494.763184,8615.235352,128.079803,342.8113
1557113,DLCworkshop03.esm,050022D5,00061F29,DefaultLightWhite01NSFlicker,LIGH,-9998.398438,-979.360352,-846.400696,45.0
1557114,DLCworkshop03.esm,050022D6,000D8556,DefaultLightWhite01NSNonSpec,LIGH,-5226.067871,-3195.576904,-834.074585,157.0817
1557115,DLCworkshop03.esm,050022D7,000D8556,DefaultLightWhite01NSNonSpec,LIGH,-5441.943359,-3297.31543,-834.074585,157.0817
1557116,DLCworkshop03.esm,050022D8,000D8556,DefaultLightWhite01NSNonSpec,LIGH,-7296.581543,10038.967773,-286.818268,90.0
1557117,DLCworkshop03.esm,050022D9,000D8556,DefaultLightWhite01NSNonSpec,LIGH,-3469.571777,-5359.556152,-271.493164,0.0
1557118,DLCworkshop03.esm,050022DA,00091703,DefaultLightWhite01NSNonSpecFlicker,LIGH,-5100.196289,-5096.504395,-20.715439,270.0
1557119,DLCworkshop03.esm,050022DB,0010ADBA,DefaultLightWhite01SpotNS,LIGH,-1627.602905,8557.50293,130.252502,339.8198
1557120,DLCworkshop03.esm,050022DC,0010ADBA,DefaultLightWhite01SpotNS,LIGH,-10115.842773,-860.888245,-821.572449,42.0085
1557121,DLCworkshop03.esm,050022DD,000916F8,DefaultLightWhite01SpotNSFlicker,LIGH,-8246.19043,1786.171143,-940.075867,357.0085
1557122,DLCworkshop03.esm,050022DE,000916F8,DefaultLightWhite01SpotNSFlicker,LIGH,-846.415344,9220.954102,132.433243,312.0086
1557123,DLCworkshop03.esm,050022DF,000D5F13,DefaultRedOmni02NS,LIGH,-4833.587891,-2095.019775,-825.999084,134.9994
1557124,DLCworkshop03.esm,050022E0,000D5F13,DefaultRedOmni02NS,LIGH,-4959.756836,-2040.196777,-759.956116,134.9994
1557125,DLCworkshop03.esm,050022E1,05001E10,DLC06CaveLightNS,LIGH,-1180.962646,651.230408,67.929535,0.0
1557126,DLCworkshop03.esm,050022E2,05001E10,DLC06CaveLightNS,LIGH,-876.593689,653.839539,-374.212921,0.0
1557127,DLCworkshop03.esm,050022E3,05001E10,DLC06CaveLightNS,LIGH,-1593.951538,-197.011353,16.539703,134.9994
1557128,DLCworkshop03.esm,050022E4,05001E10,DLC06CaveLightNS,LIGH,-1947.49585,-158.625122,-264.176514,134.9994
1557129,DLCworkshop03.esm,050022E6,05001E10,DLC06CaveLightNS,LIGH,-2276.355225,763.823242,-354.860168,134.9994
1557130,DLCworkshop03.esm,050022E7,05001E10,DLC06CaveLightNS,LIGH,-2018.17688,570.587341,-156.16333,134.9994
1557131,DLCworkshop03.esm,050022E8,05001E10,DLC06CaveLightNS,LIGH,-1251.945068,-1227.743408,-23.14389,134.9994
1557132,DLCworkshop03.esm,050022E9,05001E10,DLC06CaveLightNS,LIGH,-1427.765869,-1035.910645,-23.14389,134.9994
1557133,DLCworkshop03.esm,050022EA,05001E10,DLC06CaveLightNS,LIGH,-6519.976074,138.621872,-512.714355,134.9994
1557134,DLCworkshop03.esm,050022EB,05001E10,DLC06CaveLightNS,LIGH,-7276.338379,399.54129,-545.934387,134.9994
1557135,DLCworkshop03.esm,050022EC,05001E10,DLC06CaveLightNS,LIGH,-12573.639648,12902.74707,-352.300018,225.0
1557136,DLCworkshop03.esm,050022ED,05001E10,DLC06CaveLightNS,LIGH,-7504.231934,11085.548828,-250.569504,0.0
1557137,DLCworkshop03.esm,050022EE,05001E10,DLC06CaveLightNS,LIGH,-9436.427734,1880.887939,-688.310608,134.9994
1557138,DLCworkshop03.esm,050022EF,05001E10,DLC06CaveLightNS,LIGH,-7261.069824,-52.32019,-939.499878,134.9994
1557139,DLCworkshop03.esm,050022F0,05001E10,DLC06CaveLightNS,LIGH,-5962.477051,31.455429,-956.579712,134.9994
1557140,DLCworkshop03.esm,050022F1,05001E10,DLC06CaveLightNS,LIGH,1732.895264,-4110.57666,-721.358398,134.9994
1557141,DLCworkshop03.esm,050022F2,05001E11,DLC06CaveLightNSNonSpec,LIGH,-6154.897949,-1567.367188,-875.074097,134.9994
1557142,DLCworkshop03.esm,050022F3,05001E11,DLC06CaveLightNSNonSpec,LIGH,-5961.807129,-1673.75415,-948.269226,134.9994
1557143,DLCworkshop03.esm,050022F4,05001E11,DLC06CaveLightNSNonSpec,LIGH,-9550.698242,13865.085937,-566.058594,315.0
1557144,DLCworkshop03.esm,050022F5,05004D4D,DLC06LightWhite01Hemi,LIGH,-2664.612549,8483.881836,639.039062,98.1196
1557145,DLCworkshop03.esm,050022F6,05004D4D,DLC06LightWhite01Hemi,LIGH,-2664.612549,8703.489258,639.039062,98.1196
1557146,DLCworkshop03.esm,050022F7,05004D4D,DLC06LightWhite01Hemi,LIGH,-287.381348,8743.246094,185.856064,98.1099
1557147,DLCworkshop03.esm,050022F8,05004D4D,DLC06LightWhite01Hemi,LIGH,-2665.471924,7701.547363,292.760986,98.1196
1557148,DLCworkshop03.esm,050022F9,05004D4D,DLC06LightWhite01Hemi,LIGH,-2665.471924,7701.547363,549.65564,98.1196
1557149,DLCworkshop03.esm,050022FC,05004D4F,DLC06UraniumLightPulse,LIGH,-1617.073975,-135.756638,-384.092651,0.0
1557150,DLCworkshop03.esm,050022FD,05004D4F,DLC06UraniumLightPulse,LIGH,-1617.073975,-135.756638,-384.092651,0.0
1557151,DLCworkshop03.esm,050022FE,05004D4F,DLC06UraniumLightPulse,LIGH,-1445.069336,-611.621338,-444.291168,0.0
1557152,DLCworkshop03.esm,050022FF,05004D4F,DLC06UraniumLightPulse,LIGH,-1445.069336,-611.621338,-444.291168,0.0
1557153,DLCworkshop03.esm,05002300,05004D4F,DLC06UraniumLightPulse,LIGH,-2374.587402,-271.496643,-452.604401,0.0
1557154,DLCworkshop03.esm,05002301,05004D4F,DLC06UraniumLightPulse,LIGH,-2373.383545,-269.40744,-452.604401,0.0
1557155,DLCworkshop03.esm,05002302,00146F2C,MuseumSpotWarmNS,LIGH,-5091.342285,-5137.776855,-317.684448,270.0
1557156,DLCworkshop03.esm,05002303,0002B76A,EmergencyLightBeam01,MSTT,-1260.356934,-2341.030762,-399.552643,180.0
1557157,DLCworkshop03.esm,05002304,0002B76A,EmergencyLightBeam01,MSTT,-1287.11438,-2312.552734,-399.552643,180.0
1557158,DLCworkshop03.esm,05002305,0002B76A,EmergencyLightBeam01,MSTT,-5085.773438,-3137.65625,-848.316772,357.5175
1557159,DLCworkshop03.esm,05002306,0002B76A,EmergencyLightBeam01,MSTT,-8233.782227,1787.851685,-950.437012,87.5551
1557160,DLCworkshop03.esm,05002309,0002B76A,EmergencyLightBeam01,MSTT,-838.829712,9230.916992,122.072136,177.5715
1557161,DLCworkshop03.esm,0500230A,0002B76A,EmergencyLightBeam01,MSTT,-1616.245117,8562.775391,119.891396,177.4831
1557162,DLCworkshop03.esm,0500230B,0002B76A,EmergencyLightBeam01,MSTT,-10105.880859,-868.473816,-831.933594,357.6506
1557163,DLCworkshop03.esm,0500230C,0002B76A,EmergencyLightBeam01,MSTT,-2118.697754,-4406.035645,-400.58017,180.0
1557164,DLCworkshop03.esm,0500230D,0002B76A,EmergencyLightBeam01,MSTT,-2139.580566,-4439.066406,-400.58017,180.0
1557165,DLCworkshop03.esm,0500230E,0002B76A,EmergencyLightBeam01,MSTT,742.604187,-922.250061,-400.201324,0.0
1557166,DLCworkshop03.esm,0500230F,0002B76A,EmergencyLightBeam01,MSTT,781.661438,-923.466614,-400.201324,0.0
1557167,DLCworkshop03.esm,05002310,001ED413,LightBeamThin01Institute,MSTT,4917.685547,8301.974609,541.640564,0.0
1557168,DLCworkshop03.esm,05002311,0005526B,LightBeamThin01Short01,MSTT,-329.156219,-2704.25293,-131.934662,0.0
1557169,DLCworkshop03.esm,05002312,0005526B,LightBeamThin01Short01,MSTT,-35.701828,-5361.699219,-37.662834,180.0
1557170,DLCworkshop03.esm,05002313,0005526B,LightBeamThin01Short01,MSTT,-10369.057617,8644.306641,-338.587341,0.0001
1557171,DLCworkshop03.esm,05002316,000821BD,MistLargeRoundDustyDim,MSTT,-10148.25,2303.091797,-737.341614,315.0
1557172,DLCworkshop03.esm,05002317,000821BD,MistLargeRoundDustyDim,MSTT,-10941.450195,-2502.752197,-723.26886,270.0
1557173,DLCworkshop03.esm,05002318,000821BD,MistLargeRoundDustyDim,MSTT,-10773.041016,-2096.672119,-714.154175,270.0
1557174,DLCworkshop03.esm,05002319,000821BD,MistLargeRoundDustyDim,MSTT,-11103.633789,-3004.46167,-751.478271,270.0
1557175,DLCworkshop03.esm,0500231A,000821BD,MistLargeRoundDustyDim,MSTT,-10773.90332,-3619.446533,-723.988892,270.0
1557176,DLCworkshop03.esm,0500231B,000821BD,MistLargeRoundDustyDim,MSTT,-10326.12793,-4405.102051,-483.014771,270.0
1557177,DLCworkshop03.esm,0500231C,000821BD,MistLargeRoundDustyDim,MSTT,-10016.918945,-4419.525391,-404.688782,315.0
1557178,DLCworkshop03.esm,0500231D,000821BD,MistLargeRoundDustyDim,MSTT,-7067.106934,837.336426,-617.064941,270.0
1557179,DLCworkshop03.esm,0500231E,000821BD,MistLargeRoundDustyDim,MSTT,-7361.241211,411.391907,-524.609985,270.0
1557180,DLCworkshop03.esm,0500231F,000821BD,MistLargeRoundDustyDim,MSTT,-7264.475098,-43.401367,-936.008423,270.0
1557181,DLCworkshop03.esm,05002320,000821BD,MistLargeRoundDustyDim,MSTT,-5965.882324,40.374252,-953.088257,270.0
1557182,DLCworkshop03.esm,05002321,000821BD,MistLargeRoundDustyDim,MSTT,-6508.568848,181.774643,-443.690887,270.0
1557183,DLCworkshop03.esm,05002322,000821BD,MistLargeRoundDustyDim,MSTT,1996.973389,-4413.041992,-235.720779,45.0
1557184,DLCworkshop03.esm,05002323,000821BD,MistLargeRoundDustyDim,MSTT,1880.38623,-3770.238281,-235.720779,45.0
1557185,DLCworkshop03.esm,05002325,000821BD,MistLargeRoundDustyDim,MSTT,3221.157471,-3793.680664,-774.406677,45.0
1557186,DLCworkshop03.esm,05002326,000821BD,MistLargeRoundDustyDim,MSTT,3720.890137,-3872.012207,-916.859497,45.0
1557187,DLCworkshop03.esm,05002327,000821BD,MistLargeRoundDustyDim,MSTT,4120.969238,-4074.751465,-911.250732,45.0
1557188,DLCworkshop03.esm,05002328,000821BD,MistLargeRoundDustyDim,MSTT,4514.69873,-3816.33667,-920.645813,45.0
1557189,DLCworkshop03.esm,05002329,001C9080,MistLargeRoundDustyDimmer,MSTT,-10480.662109,-1830.406738,-705.116333,270.0
1557190,DLCworkshop03.esm,0500232A,001C9080,MistLargeRoundDustyDimmer,MSTT,-10373.881836,-1645.04895,-849.286438,270.0
1557191,DLCworkshop03.esm,0500232B,001C9080,MistLargeRoundDustyDimmer,MSTT,-10178.699219,-1239.960083,-589.250488,270.0
1557192,DLCworkshop03.esm,0500232C,001C9080,MistLargeRoundDustyDimmer,MSTT,-9900.259766,-1545.409668,-589.250488,225.0
1557193,DLCworkshop03.esm,0500232D,001C9080,MistLargeRoundDustyDimmer,MSTT,-9978.652344,-206.875702,-720.924011,270.0
1557194,DLCworkshop03.esm,0500232E,001C9080,MistLargeRoundDustyDimmer,MSTT,-9815.513672,1619.599243,-586.769653,270.0
1557195,DLCworkshop03.esm,05002330,001C9080,MistLargeRoundDustyDimmer,MSTT,-9930.505859,1272.414795,-645.764954,315.0
1557196,DLCworkshop03.esm,05002331,001C9080,MistLargeRoundDustyDimmer,MSTT,-9886.050781,1284.360229,-938.022217,315.0
1557197,DLCworkshop03.esm,05002332,001C9080,MistLargeRoundDustyDimmer,MSTT,-8162.111328,1608.666748,-663.042114,270.0
1557198,DLCworkshop03.esm,05002333,001C9080,MistLargeRoundDustyDimmer,MSTT,-7501.964844,1624.73999,-602.557495,270.0
1557199,DLCworkshop03.esm,05002334,001C9080,MistLargeRoundDustyDimmer,MSTT,-7021.22998,2313.005371,-716.271851,270.0
1557200,DLCworkshop03.esm,05002335,00004E3B,CageBulb01,STAT,-4829.171875,-2138.067383,-752.745728,0.0
1557201,DLCworkshop03.esm,05002336,000B3919,ConstructionLight_FloorOn,STAT,-5085.932129,-3141.010498,-866.382568,64.0903
1557202,DLCworkshop03.esm,05002337,000B3919,ConstructionLight_FloorOn,STAT,-8237.919922,1788.023804,-968.785217,267.0085
1557203,DLCworkshop03.esm,05002338,000B3919,ConstructionLight_FloorOn,STAT,-841.877014,9228.112305,103.7239,222.0086
1557204,DLCworkshop03.esm,05002339,000B3919,ConstructionLight_FloorOn,STAT,-1620.249146,8561.716797,101.543167,249.8198
1557205,DLCworkshop03.esm,0500233A,000B3919,ConstructionLight_FloorOn,STAT,-10108.68457,-865.426331,-850.281799,312.0086
1557206,DLCworkshop03.esm,0500233C,000AE0AD,GlowFillRoundMidFullLit,STAT,5649.907227,10599.895508,675.907593,0.0
1557207,DLCworkshop03.esm,0500233D,00017A8B,HoodedLamp02,STAT,-34.622261,-5451.924805,-18.905083,268.9573
1557208,DLCworkshop03.esm,0500233E,00017A8B,HoodedLamp02,STAT,-10370.137695,8734.532227,-319.82959,88.9573
1557209,DLCworkshop03.esm,05002341,00017A8B,HoodedLamp02,STAT,-5098.070801,-5220.631348,-282.049042,288.7761
1557210,DLCworkshop03.esm,05002346,00175001,VltLight05UtilCage01MountedWhiteLit,STAT,-2677.162354,8487.533203,642.549316,270.0001
1557211,DLCworkshop03.esm,05002347,00175001,VltLight05UtilCage01MountedWhiteLit,STAT,-2677.162354,8707.140625,642.549316,270.0001
1557212,DLCworkshop03.esm,05002349,00175001,VltLight05UtilCage01MountedWhiteLit,STAT,-2678.021729,7705.19873,296.27124,270.0001
1557213,DLCworkshop03.esm,0500234A,00175001,VltLight05UtilCage01MountedWhiteLit,STAT,-2678.021729,7705.19873,553.165894,270.0001
1557214,DLCworkshop03.esm,05002355,05002070,DLC06VltDoorPanelMount01Free001,STAT,2080.0,7208.0,-32.0,180.0
1557215,DLCworkshop03.esm,05002356,001FA270,defaultLightCool03NSGoboBounce03,LIGH,-7483.822754,10526.169922,-279.20578,0.0
1557216,DLCworkshop03.esm,05002357,001FA270,defaultLightCool03NSGoboBounce03,LIGH,-7105.834473,10587.538086,-279.20578,0.0
1557217,DLCworkshop03.esm,05002358,001FA270,defaultLightCool03NSGoboBounce03,LIGH,-7093.212891,11406.245117,-210.336945,0.0
1557218,DLCworkshop03.esm,05002359,001FA270,defaultLightCool03NSGoboBounce03,LIGH,-7496.883301,11080.129883,-284.452271,0.0
1557219,DLCworkshop03.esm,0500235A,001FA270,defaultLightCool03NSGoboBounce03,LIGH,-7664.087402,11632.980469,-331.462555,0.0
1557220,DLCworkshop03.esm,0500235B,001FA270,defaultLightCool03NSGoboBounce03,LIGH,-7525.617676,11444.491211,-366.876831,0.0
1557221,DLCworkshop03.esm,0500235C,001FA270,defaultLightCool03NSGoboBounce03,LIGH,-9283.068359,11850.701172,-547.613281,0.0
1557222,DLCworkshop03.esm,0500235D,001FA270,defaultLightCool03NSGoboBounce03,LIGH,-8563.888672,11891.254883,-462.540161,0.0
1557223,DLCworkshop03.esm,0500235E,001FA270,defaultLightCool03NSGoboBounce03,LIGH,-9640.426758,12336.09668,-369.095154,0.0
1557224,DLCworkshop03.esm,0500235F,001FA270,defaultLightCool03NSGoboBounce03,LIGH,-9281.588867,12600.645508,-516.758423,0.0
1557225,DLCworkshop03.esm,05002360,001FA270,defaultLightCool03NSGoboBounce03,LIGH,-8967.426758,13195.966797,-458.717896,0.0
1557226,DLCworkshop03.esm,05002361,001FA270,defaultLightCool03NSGoboBounce03,LIGH,-8408.429687,12643.797852,-426.638611,0.0
1557227,DLCworkshop03.esm,05002362,001FA270,defaultLightCool03NSGoboBounce03,LIGH,-8390.15332,12265.283203,-474.967621,0.0
1557228,DLCworkshop03.esm,05002363,001FA270,defaultLightCool03NSGoboBounce03,LIGH,-10016.486328,13883.390625,-518.366882,0.0
1557229,DLCworkshop03.esm,05002364,001FA270,defaultLightCool03NSGoboBounce03,LIGH,-9940.65918,14262.074219,-518.366882,0.0
1557230,DLCworkshop03.esm,05002365,001FA270,defaultLightCool03NSGoboBounce03,LIGH,-9203.273438,14144.5625,-518.366882,0.0
1557231,DLCworkshop03.esm,05002366,001FA270,defaultLightCool03NSGoboBounce03,LIGH,-7821.669922,13745.548828,-579.195557,0.0
1557232,DLCworkshop03.esm,05002367,001FA270,defaultLightCool03NSGoboBounce03,LIGH,-6805.682129,13818.195312,-719.013489,0.0
1557233,DLCworkshop03.esm,05002368,001FA270,defaultLightCool03NSGoboBounce03,LIGH,-6263.061523,14615.291016,-685.604797,0.0
1557234,DLCworkshop03.esm,05002369,001FA270,defaultLightCool03NSGoboBounce03,LIGH,-10030.226562,13708.600586,-589.999756,0.0
1557235,DLCworkshop03.esm,0500236A,001FA270,defaultLightCool03NSGoboBounce03,LIGH,-9795.779297,13277.931641,-594.856628,0.0
1557236,DLCworkshop03.esm,0500236B,001FA270,defaultLightCool03NSGoboBounce03,LIGH,-11416.814453,13316.638672,-309.055054,0.0
1557237,DLCworkshop03.esm,0500236C,001FA270,defaultLightCool03NSGoboBounce03,LIGH,-11127.058594,13002.165039,-335.758484,0.0
1557238,DLCworkshop03.esm,0500236D,001FA270,defaultLightCool03NSGoboBounce03,LIGH,-12475.685547,12932.182617,-288.012146,0.0
1557239,DLCworkshop03.esm,0500236E,001FA270,defaultLightCool03NSGoboBounce03,LIGH,-12377.595703,13258.306641,-308.471863,0.0
1557240,DLCworkshop03.esm,0500236F,001FA270,defaultLightCool03NSGoboBounce03,LIGH,-13481.982422,13953.448242,-236.256256,0.0
1557241,DLCworkshop03.esm,05002370,001FA270,defaultLightCool03NSGoboBounce03,LIGH,-13038.835937,13900.750977,-271.252747,0.0
1557242,DLCworkshop03.esm,05002371,001FA270,defaultLightCool03NSGoboBounce03,LIGH,-9818.923828,5102.802734,-307.882477,315.0
1557243,DLCworkshop03.esm,05002372,001FA270,defaultLightCool03NSGoboBounce03,LIGH,-9529.942383,5013.536621,-243.609665,270.0
1557244,DLCworkshop03.esm,05002373,001FA270,defaultLightCool03NSGoboBounce03,LIGH,1318.356445,-1269.307007,-283.925842,134.9994
1557245,DLCworkshop03.esm,05002374,001FA270,defaultLightCool03NSGoboBounce03,LIGH,-1331.615234,1199.046509,-116.701477,134.9994
1557246,DLCworkshop03.esm,05002375,001FA270,defaultLightCool03NSGoboBounce03,LIGH,-1172.0625,646.877197,69.482056,134.9994
1557247,DLCworkshop03.esm,05002376,001FA270,defaultLightCool03NSGoboBounce03,LIGH,-2242.915527,587.930054,-283.093719,134.9994
1557248,DLCworkshop03.esm,05002377,001FA270,defaultLightCool03NSGoboBounce03,LIGH,-1597.044922,-187.941956,21.451965,134.9994
1557249,DLCworkshop03.esm,05002378,001FA270,defaultLightCool03NSGoboBounce03,LIGH,-2062.417725,-989.887329,1.913901,134.9994
1557250,DLCworkshop03.esm,05002379,001FA270,defaultLightCool03NSGoboBounce03,LIGH,-1307.330322,-1116.973022,-94.1008,134.9994
1557251,DLCworkshop03.esm,0500237A,001FA270,defaultLightCool03NSGoboBounce03,LIGH,-1950.141602,-150.502533,-314.323273,134.9994
1557252,DLCworkshop03.esm,0500237B,001FA270,defaultLightCool03NSGoboBounce03,LIGH,334.463379,3539.073975,-62.704659,134.9994
1557253,DLCworkshop03.esm,0500237C,000C581B,defaultLightFire01NS,LIGH,-565.857483,7431.692871,116.491409,284.5558
1557254,DLCworkshop03.esm,0500237D,000FDEE8,defaultLightWarm01NSNonSpec,LIGH,818.303711,-924.289795,-387.107269,42.4439
1557255,DLCworkshop03.esm,0500237E,000FDEE8,defaultLightWarm01NSNonSpec,LIGH,-1668.383423,7215.003418,102.543053,15.5152
1557256,DLCworkshop03.esm,0500237F,000517B0,DefaultLightWhite01NS,LIGH,-2212.975342,7728.993164,215.468933,180.0001
1557257,DLCworkshop03.esm,05002380,000D8556,DefaultLightWhite01NSNonSpec,LIGH,-5043.665527,4450.687012,-834.787659,315.0001
1557258,DLCworkshop03.esm,05002381,000D8556,DefaultLightWhite01NSNonSpec,LIGH,-4637.687988,4749.765137,-834.787659,315.0001
1557259,DLCworkshop03.esm,05002382,000D8556,DefaultLightWhite01NSNonSpec,LIGH,-4848.101074,4952.669434,-834.787659,315.0001
1557260,DLCworkshop03.esm,05002383,00091703,DefaultLightWhite01NSNonSpecFlicker,LIGH,466.053833,1427.249878,-360.865906,0.0
1557261,DLCworkshop03.esm,05002384,0010ADBA,DefaultLightWhite01SpotNS,LIGH,-5161.960938,4357.780762,-826.652344,315.0001
1557262,DLCworkshop03.esm,05002385,0002B76A,EmergencyLightBeam01,MSTT,-5151.895996,4344.274414,-849.029846,177.5715
1557263,DLCworkshop03.esm,05002386,000B3919,ConstructionLight_FloorOn,STAT,-5153.009277,4347.442383,-867.095642,222.0086
1557264,DLCworkshop03.esm,0500238F,00199A88,Toothpaste,MISC,-8869.455078,-5207.169922,546.999084,103.1322
1557265,DLCworkshop03.esm,05002390,001506F4,XCell,ALCH,-8971.764648,-6382.084473,773.7547,47.7152
1557266,DLCworkshop03.esm,05002391,00031EEF,IndSmPipe2Way01,STAT,-9339.714844,-5739.88916,347.961395,0.0001
1557267,DLCworkshop03.esm,05002392,000494ED,IndBgPipeSocket02,STAT,-9346.206055,-5741.713867,362.990753,288.1986
1557268,DLCworkshop03.esm,05002393,000F393E,Rubble_Pile_Dirt_Sm01,STAT,-10548.741211,7417.5625,-635.218689,152.5083
1557269,DLCworkshop03.esm,05002394,0003AA23,RockM03,STAT,-6445.458008,-4443.274414,-120.887917,311.6933
1557270,DLCworkshop03.esm,05002395,0003AA22,RockM02,STAT,-6565.693848,-4350.985352,-36.900139,278.8749
1557271,DLCworkshop03.esm,05002396,0003B2E0,RockS01,STAT,-6483.447754,-4394.23877,-53.023018,356.4986
1557272,DLCworkshop03.esm,05002397,0003B2E0,RockS01,STAT,-6402.620605,-4273.805176,-82.80851,130.8882
1557273,DLCworkshop03.esm,0500239D,001ADB1F,TrashClump03_nochunks,STAT,-9978.233398,8717.344727,-607.223328,302.7044
1557274,DLCworkshop03.esm,0500239E,000F393E,Rubble_Pile_Dirt_Sm01,STAT,-10086.991211,8831.563477,-611.269287,319.893
1557275,DLCworkshop03.esm,0500239F,000F393E,Rubble_Pile_Dirt_Sm01,STAT,-9814.25,8847.373047,-617.141602,322.5128
1557276,DLCworkshop03.esm,050023A0,0500498D,DLC06WorkshopVault_Crate_01_Steel,STAT,-7176.34375,8488.537109,-367.257538,272.1888
1557277,DLCworkshop03.esm,050023A1,00001B57,DecalDebris02,STAT,-7173.080566,8439.052734,-367.233215,0.0
1557278,DLCworkshop03.esm,050023A2,0004CEC6,CaveRockS01,STAT,5683.289551,9127.821289,148.990845,9.2829
1557279,DLCworkshop03.esm,050023C9,0005F868,QryCatwalkStairsWithSupports02,STAT,-5136.682617,-1777.272827,-1012.915344,270.0
1557280,DLCworkshop03.esm,050023CA,0005F868,QryCatwalkStairsWithSupports02,STAT,-5136.682617,-1777.272827,-1012.915344,180.0
1557281,DLCworkshop03.esm,050023CB,0005F868,QryCatwalkStairsWithSupports02,STAT,-5266.002441,-1777.272827,-1012.915344,270.0
1557282,DLCworkshop03.esm,050023CC,0005F868,QryCatwalkStairsWithSupports02,STAT,-5266.002441,-1777.272827,-1012.915344,0.0
1557283,DLCworkshop03.esm,050023CD,050049A4,DLC06WorkshopVault_FloorMat_Small_01,STAT,-5136.682617,-1777.272827,-1011.692444,0.0
1557284,DLCworkshop03.esm,050023CE,050049A4,DLC06WorkshopVault_FloorMat_Small_01,STAT,-5266.002441,-1777.272827,-1011.692444,0.0
1557285,DLCworkshop03.esm,050023CF,0005F423,QryCatwalk01,STAT,-5136.682617,-1777.272827,-1012.915344,90.0
1557286,DLCworkshop03.esm,050023D0,0005F423,QryCatwalk01,STAT,-5266.002441,-1777.272827,-1012.915344,90.0
1557287,DLCworkshop03.esm,050023D1,0005F868,QryCatwalkStairsWithSupports02,STAT,-10292.061523,8665.639648,-595.545227,270.0
1557288,DLCworkshop03.esm,050023D2,0005F868,QryCatwalkStairsWithSupports02,STAT,-10292.061523,8665.639648,-595.545227,180.0
1557289,DLCworkshop03.esm,050023D3,0005F868,QryCatwalkStairsWithSupports02,STAT,-10421.323242,8665.639648,-595.545227,270.0
1557290,DLCworkshop03.esm,050023D4,0005F868,QryCatwalkStairsWithSupports02,STAT,-10421.323242,8665.639648,-595.545227,0.0
1557291,DLCworkshop03.esm,050023D5,050049A4,DLC06WorkshopVault_FloorMat_Small_01,STAT,-10292.061523,8665.639648,-594.322327,0.0
1557292,DLCworkshop03.esm,050023D6,050049A4,DLC06WorkshopVault_FloorMat_Small_01,STAT,-10421.323242,8665.639648,-594.322327,0.0
1557293,DLCworkshop03.esm,050023D7,0005F423,QryCatwalk01,STAT,-10292.061523,8665.639648,-595.545227,90.0
1557294,DLCworkshop03.esm,050023D8,0005F423,QryCatwalk01,STAT,-10421.323242,8665.639648,-595.545227,90.0
1557295,DLCworkshop03.esm,050023D9,0005F868,QryCatwalkStairsWithSupports02,STAT,-248.536758,-2787.848633,-497.371338,270.0
1557296,DLCworkshop03.esm,050023DA,0005F868,QryCatwalkStairsWithSupports02,STAT,-248.536758,-2787.848633,-497.371338,180.0
1557297,DLCworkshop03.esm,050023DB,0005F868,QryCatwalkStairsWithSupports02,STAT,-377.787506,-2787.848633,-497.371338,270.0
1557298,DLCworkshop03.esm,050023DC,0005F868,QryCatwalkStairsWithSupports02,STAT,-377.787506,-2787.848633,-497.371338,0.0
1557299,DLCworkshop03.esm,050023DD,050049A4,DLC06WorkshopVault_FloorMat_Small_01,STAT,-248.536758,-2787.848633,-496.148437,0.0
1557300,DLCworkshop03.esm,050023DE,050049A4,DLC06WorkshopVault_FloorMat_Small_01,STAT,-377.787506,-2787.848633,-496.148437,0.0
1557301,DLCworkshop03.esm,050023DF,0005F423,QryCatwalk01,STAT,-248.536758,-2787.848633,-497.371338,90.0
1557302,DLCworkshop03.esm,050023E0,0005F423,QryCatwalk01,STAT,-377.787506,-2787.848633,-497.371338,90.0
1557303,DLCworkshop03.esm,050023E1,05001A7D,VltWorkShopCaveDirtPileFLAT02,STAT,-9847.319336,12130.0,-744.08728,0.0
1557304,DLCworkshop03.esm,050023E2,05001A7D,VltWorkShopCaveDirtPileFLAT02,STAT,-9276.15332,12843.523438,-744.08728,0.0
1557305,DLCworkshop03.esm,050023E3,05001A7D,VltWorkShopCaveDirtPileFLAT02,STAT,-9869.539062,13561.551758,-744.08728,348.5409
1557306,DLCworkshop03.esm,050023E4,05001A7D,VltWorkShopCaveDirtPileFLAT02,STAT,-9812.177734,14085.980469,-744.08728,348.5409
1557307,DLCworkshop03.esm,050023E5,05000835,VltWorkShopCaveDirtPile01,STAT,-8491.972656,12801.610352,-782.065308,134.0245
1557308,DLCworkshop03.esm,050023E6,00000021,CollisionMarker,STAT,-2013.983765,7130.414551,8.305969,11.4589
1557309,DLCworkshop03.esm,050023E8,00000021,CollisionMarker,STAT,-7372.505371,11083.469727,-383.276306,0.0
1557310,DLCworkshop03.esm,050023EA,00000021,CollisionMarker,STAT,-6059.020508,4267.038086,-1049.289673,104.8052
1557311,DLCworkshop03.esm,050023ED,00000021,CollisionMarker,STAT,-8218.753906,3319.42334,-1027.251465,108.6333
1557312,DLCworkshop03.esm,050023EF,00000021,CollisionMarker,STAT,-9432.916992,1949.820068,-1002.397705,313.3148
1557313,DLCworkshop03.esm,050023F0,00000021,CollisionMarker,STAT,-9754.94043,885.786011,-1006.54248,358.9223
1557314,DLCworkshop03.esm,050023F1,00000021,CollisionMarker,STAT,-5664.794434,-3334.846436,-859.220093,11.4592
1557315,DLCworkshop03.esm,050023F2,00000021,CollisionMarker,STAT,-4913.450195,-2502.782227,-988.150024,176.653
1557316,DLCworkshop03.esm,050023F3,00000021,CollisionMarker,STAT,-5026.177246,-2235.772461,-1006.021729,173.7886
1557317,DLCworkshop03.esm,050023F4,00000021,CollisionMarker,STAT,-5182.163086,-2463.554688,-999.818115,154.7665
1557318,DLCworkshop03.esm,050023F5,00000021,CollisionMarker,STAT,-5217.566895,-2708.09668,-998.895813,160.8293
1557319,DLCworkshop03.esm,050023F6,00000021,CollisionMarker,STAT,-4365.148926,-5534.884766,-525.164673,20.0535
1557320,DLCworkshop03.esm,050023F7,00000021,CollisionMarker,STAT,-2189.29126,-5098.388672,-500.923401,271.1915
1557321,DLCworkshop03.esm,050023F8,00000021,CollisionMarker,STAT,-2215.127441,-5032.222168,-506.03479,291.2451
1557322,DLCworkshop03.esm,050023F9,00000021,CollisionMarker,STAT,322.734161,-3777.870361,-790.115051,212.0705
1557323,DLCworkshop03.esm,050023FA,00000021,CollisionMarker,STAT,569.23645,-3696.125977,-909.227234,212.0705
1557324,DLCworkshop03.esm,050023FE,0004946F,DefaultEnableDisableTrigger,ACTI,-11141.601562,13309.046875,-336.730957,165.252
1557325,DLCworkshop03.esm,05002400,00023F97,SteamTBrickFreeDoor01,STAT,-8488.574219,-5270.168457,-24.798229,285.5609
1557326,DLCworkshop03.esm,05002401,00023FBF,SteamTBgRoomBrickPillar01,STAT,-8496.347656,-5118.602051,-572.253235,167.5905
1557327,DLCworkshop03.esm,05002402,000AE8DC,LvlRadscorpionAmbush,NPC_,-6342.212402,-28.856663,-1021.457458,147.2958
1557328,DLCworkshop03.esm,05002405,000AE8DC,LvlRadscorpionAmbush,NPC_,-7348.109863,390.728546,-1007.68396,67.0816
1557329,DLCworkshop03.esm,05002407,000AE8DC,LvlRadscorpionAmbush,NPC_,-7176.324219,117.394989,-1020.876465,355.4617
1557330,DLCworkshop03.esm,05002409,000AE8DC,LvlRadscorpionAmbush,NPC_,-6948.562012,30.169279,-1020.876465,315.3547
1557331,DLCworkshop03.esm,0500240B,000AE8DC,LvlRadscorpionAmbush,NPC_,-6657.786133,-36.215832,-1020.876465,41.2984
1557332,DLCworkshop03.esm,0500240E,000AE8DC,LvlRadscorpionAmbush,NPC_,-6038.706543,-143.162125,-1021.457458,187.4028
1557333,DLCworkshop03.esm,05002410,000AE8DC,LvlRadscorpionAmbush,NPC_,-6088.569824,-457.523682,-1021.457458,141.5661
1557334,DLCworkshop03.esm,05002414,00023FBF,SteamTBgRoomBrickPillar01,STAT,-8418.09082,-5410.174805,-572.253235,167.5905
1557335,DLCworkshop03.esm,05002415,00023F97,SteamTBrickFreeDoor01,STAT,-8473.347656,-5265.928223,-24.798229,74.4392
1557336,DLCworkshop03.esm,05002416,00023F97,SteamTBrickFreeDoor01,STAT,-8480.936523,-5267.947266,-24.798229,285.5609
1557337,DLCworkshop03.esm,0500241F,0020A0EB,VltGreebVent01Rect,STAT,3760.0,8920.0,240.0,0.0
1557338,DLCworkshop03.esm,05002420,0020A0EB,VltGreebVent01Rect,STAT,3504.0,8920.0,240.0,0.0
1557339,DLCworkshop03.esm,05002421,0020A0EB,VltGreebVent01Rect,STAT,1704.0,8528.0,240.0,0.0
1557340,DLCworkshop03.esm,05002422,0020A0EB,VltGreebVent01Rect,STAT,1616.0,8672.0,240.0,90.0
1557341,DLCworkshop03.esm,05002423,0020A0EB,VltGreebVent01Rect,STAT,1512.0,8672.0,240.0,90.0
1557342,DLCworkshop03.esm,05002428,0004F0ED,CaveMoundRocksMed03,STAT,3658.07959,-2640.543701,-686.479187,73.7272
1557343,DLCworkshop03.esm,05002429,0004F0ED,CaveMoundRocksMed03,STAT,4018.930908,-2545.492676,-582.218933,162.1734
1557344,DLCworkshop03.esm,0500242A,0004F0ED,CaveMoundRocksMed03,STAT,4273.143555,-3790.274414,-914.994263,127.9239
1557345,DLCworkshop03.esm,0500242B,0004F0DF,CaveMoundRocksLow01,STAT,4373.365723,-3771.311035,-902.571106,132.5612
1557346,DLCworkshop03.esm,0500242C,0004F0EC,CaveMoundRocksTall03,STAT,4277.560547,-4175.064453,-1086.946899,51.469
1557347,DLCworkshop03.esm,0500242D,0004F110,CaveMoundRocksTall04,STAT,4307.174805,-4178.395508,-1031.772217,355.4149
1557348,DLCworkshop03.esm,0500242E,0004F0DD,CaveMoundRocksTall01,STAT,4410.825195,-4064.360107,-1051.562134,249.7799
1557349,DLCworkshop03.esm,0500242F,0004F0ED,CaveMoundRocksMed03,STAT,4410.57373,-3687.596924,-1084.576416,270.2847
1557350,DLCworkshop03.esm,05002430,0004F211,CaveRockM01,STAT,4489.202637,-3663.691162,-1102.237061,9.4569
1557351,DLCworkshop03.esm,05002431,0004F212,CaveRockM02,STAT,4430.560547,-3673.730225,-1066.282715,224.345
1557352,DLCworkshop03.esm,05002432,0004CEC6,CaveRockS01,STAT,4477.135254,-3680.638428,-965.540894,225.9147
1557353,DLCworkshop03.esm,05002433,0004CEC6,CaveRockS01,STAT,4556.256836,-3913.205811,-1125.006104,199.1922
1557354,DLCworkshop03.esm,05002434,0004CEC6,CaveRockS01,STAT,4514.835938,-3902.508301,-1147.149536,137.8833
1557355,DLCworkshop03.esm,05002435,0004CEC6,CaveRockS01,STAT,3820.36499,-4042.35376,-1126.671631,91.4574
1557356,DLCworkshop03.esm,05002436,0004F212,CaveRockM02,STAT,3765.205078,-4006.856201,-1121.505737,71.8707
1557357,DLCworkshop03.esm,05002437,0004F212,CaveRockM02,STAT,3732.096436,-3962.238281,-1121.21936,212.4054
1557358,DLCworkshop03.esm,05002438,0004F0DD,CaveMoundRocksTall01,STAT,3900.972412,-3755.666016,-967.857544,239.8272
1557359,DLCworkshop03.esm,05002439,0004F0DB,CaveMoundRocksTall02,STAT,3754.807373,-3685.412109,-1160.527344,84.3548
1557360,DLCworkshop03.esm,0500243A,0004F212,CaveRockM02,STAT,3836.173828,-3806.746338,-1117.065063,216.2684
1557361,DLCworkshop03.esm,0500243B,0004F212,CaveRockM02,STAT,3867.887207,-3814.413818,-1156.872559,38.7403
1557362,DLCworkshop03.esm,0500243C,0004F212,CaveRockM02,STAT,3553.726807,-3696.394043,-1139.15918,7.7913
1557363,DLCworkshop03.esm,0500243D,0004F0DD,CaveMoundRocksTall01,STAT,3602.289062,-3651.397461,-1159.601562,192.9346
1557364,DLCworkshop03.esm,0500243E,0004F132,CaveMoundRocksSmall04,STAT,3715.462158,-3759.010254,-1137.619751,130.0998
1557365,DLCworkshop03.esm,0500243F,0004F110,CaveMoundRocksTall04,STAT,3338.450439,-3615.604004,-786.632568,170.4712
1557366,DLCworkshop03.esm,05002440,0004F213,CaveRockM03,STAT,3343.451172,-3706.344238,-1020.856567,232.9849
1557367,DLCworkshop03.esm,05002441,0004CEC6,CaveRockS01,STAT,3290.960449,-3696.704834,-1001.921631,165.4284
1557368,DLCworkshop03.esm,05002442,0004F132,CaveMoundRocksSmall04,STAT,3297.01123,-3694.485352,-1014.02832,43.6043
1557369,DLCworkshop03.esm,05002443,0004F0DB,CaveMoundRocksTall02,STAT,3369.075928,-3666.606934,-812.028809,250.4564
1557370,DLCworkshop03.esm,05002444,0004F0DD,CaveMoundRocksTall01,STAT,3446.679932,-3955.070312,-795.992737,87.2274
1557371,DLCworkshop03.esm,05002445,0004F211,CaveRockM01,STAT,3485.130371,-3954.625244,-923.223877,201.7094
1557372,DLCworkshop03.esm,05002446,0004F211,CaveRockM01,STAT,3361.216553,-3955.540771,-1041.289551,209.5094
1557373,DLCworkshop03.esm,05002447,0004CEC6,CaveRockS01,STAT,3321.735107,-3929.90918,-1023.901978,150.6437
1557374,DLCworkshop03.esm,05002448,0004F212,CaveRockM02,STAT,3283.332031,-3738.432861,-696.919434,30.4622
1557375,DLCworkshop03.esm,05002449,0004F213,CaveRockM03,STAT,3295.93042,-3966.645752,-968.709045,98.0582
1557376,DLCworkshop03.esm,0500244A,0004F213,CaveRockM03,STAT,3273.738525,-3933.788086,-1004.132202,199.2607
1557377,DLCworkshop03.esm,0500244B,0004F214,CaveRockM04,STAT,3163.123535,-3701.494141,-753.861877,235.2017
1557378,DLCworkshop03.esm,0500244C,0004F212,CaveRockM02,STAT,3123.161865,-3681.019531,-789.095886,274.7014
1557379,DLCworkshop03.esm,0500244D,0004F212,CaveRockM02,STAT,3185.729004,-3846.531006,-698.096924,270.0
1557380,DLCworkshop03.esm,0500244F,0005821A,CigarettePack,MISC,-5115.786621,-2283.705566,-1026.741943,0.1462
1557381,DLCworkshop03.esm,05002450,00060E88,LighterGoldPlated,MISC,-5130.70752,-2272.644287,-1026.963013,269.9671
1557382,DLCworkshop03.esm,05002451,00125891,ClothesBlackRimGlasses,ARMO,-5116.964844,-2306.373291,-1024.897339,255.1908
1557383,DLCworkshop03.esm,05002452,001C7F2B,Blowtorch_Rare,MISC,-5752.316406,-2719.487305,-985.946289,51.5662
1557384,DLCworkshop03.esm,05002453,0004F132,CaveMoundRocksSmall04,STAT,-7010.952148,-4166.507324,44.334793,263.2283
1557385,DLCworkshop03.esm,05002454,0004F0DB,CaveMoundRocksTall02,STAT,-6982.284668,-4244.884766,21.4272,256.5172
1557386,DLCworkshop03.esm,05002455,0004F212,CaveRockM02,STAT,-7153.824707,-4243.258789,25.081985,188.3667
1557387,DLCworkshop03.esm,05002456,0004F212,CaveRockM02,STAT,-7126.976074,-4224.717285,64.889481,5.3595
1557388,DLCworkshop03.esm,05002457,0004F0DD,CaveMoundRocksTall01,STAT,-7132.060547,-4307.072754,214.096985,43.6455
1557389,DLCworkshop03.esm,05002458,0004F132,CaveMoundRocksSmall04,STAT,-7567.333008,-4177.213379,44.334793,79.6782
1557390,DLCworkshop03.esm,05002459,0004F0DB,CaveMoundRocksTall02,STAT,-7600.693848,-4100.715332,21.4272,76.1879
1557391,DLCworkshop03.esm,0500245A,0004F212,CaveRockM02,STAT,-7429.370117,-4091.949463,25.081985,5.6604
1557392,DLCworkshop03.esm,0500245B,0004F212,CaveRockM02,STAT,-7455.046387,-4112.080566,64.889481,183.6085
1557393,DLCworkshop03.esm,0500245C,0004F0DD,CaveMoundRocksTall01,STAT,-7454.957031,-4029.573242,214.096985,222.734
1557394,DLCworkshop03.esm,0500245D,0004F132,CaveMoundRocksSmall04,STAT,-8069.700684,-5003.043945,11.649506,213.8542
1557395,DLCworkshop03.esm,0500245E,0004F0DB,CaveMoundRocksTall02,STAT,-8018.740234,-5008.159668,-31.718544,229.5821
1557396,DLCworkshop03.esm,0500245F,0004F212,CaveRockM02,STAT,-8113.186523,-5175.030273,-7.603302,140.883
1557397,DLCworkshop03.esm,05002460,0004F212,CaveRockM02,STAT,-8115.631836,-5148.70459,13.691694,352.937
1557398,DLCworkshop03.esm,05002461,0004F0DB,CaveMoundRocksTall02,STAT,-8050.374023,-5214.134766,-27.467119,4.5586
1557399,DLCworkshop03.esm,05002462,0004F118,CaveMoundRocksLow04,STAT,-8179.320801,-5039.129883,-19.923315,130.8176
1557400,DLCworkshop03.esm,05002463,0004F118,CaveMoundRocksLow04,STAT,-8239.612305,-4850.23291,295.487518,310.8176
1557401,DLCworkshop03.esm,05002464,0004F0ED,CaveMoundRocksMed03,STAT,-8392.114258,-4579.249512,128.918274,182.9438
1557402,DLCworkshop03.esm,05002465,0004F0ED,CaveMoundRocksMed03,STAT,-7875.378906,-4296.993164,321.64801,263.0953
1557403,DLCworkshop03.esm,05002466,0004F212,CaveRockM02,STAT,-7797.052734,-4153.27002,56.649277,0.0
1557404,DLCworkshop03.esm,05002467,00067A2A,BldConcSmCeilOnly01,STAT,-7287.999023,9872.005859,-336.0,0.0001
1557405,DLCworkshop03.esm,05002468,00067A2A,BldConcSmCeilOnly01,STAT,-7543.999023,9872.005859,-336.0,0.0001
1557406,DLCworkshop03.esm,05002469,00067A2A,BldConcSmCeilOnly01,STAT,-7799.999023,9872.006836,-336.0,0.0001
1557407,DLCworkshop03.esm,0500246A,00067A2B,BldConcSmCeilOnly02,STAT,-7544.0,9536.004883,-335.233093,0.0001
1557408,DLCworkshop03.esm,0500246B,00067A2A,BldConcSmCeilOnly01,STAT,-7288.0,9536.006836,-335.233093,0.0001
1557409,DLCworkshop03.esm,0500246C,00067A2A,BldConcSmCeilOnly01,STAT,-7799.999512,9536.006836,-335.233093,0.0001
1557410,DLCworkshop03.esm,0500246D,00001B58,DecalDebris01,STAT,-7321.660156,9848.839844,-368.0,285.0001
1557411,DLCworkshop03.esm,0500246E,000679F4,BldConcSmDmgFlrSm01,STAT,-7406.178223,9929.65625,-368.621979,358.6823
1557412,DLCworkshop03.esm,0500246F,000679F4,BldConcSmDmgFlrSm01,STAT,-7196.65918,9737.896484,-367.809082,358.6823
1557413,DLCworkshop03.esm,05002470,000BF83D,GenericPosterGroup04,STAT,-7175.999023,9687.706055,-214.865387,90.0001
1557414,DLCworkshop03.esm,05002471,00067A82,BldConcSmDmgWallSm01,STAT,-7313.524902,9520.005859,-269.334778,270.0001
1557415,DLCworkshop03.esm,05002472,00067A83,BldConcSmDmgWallSm02,STAT,-7175.998535,9920.977539,-277.144104,180.0002
1557416,DLCworkshop03.esm,05002473,00067A7C,BldConcSmDmgWallMd01,STAT,-7574.418457,9825.835938,-111.241371,0.0
1557417,DLCworkshop03.esm,05002474,001914C9,DecalDebris04,STAT,-7459.989746,9893.69043,-367.791138,0.0
1557418,DLCworkshop03.esm,05002475,001914C9,DecalDebris04,STAT,-7319.074219,9652.25,-367.791138,0.0
1557419,DLCworkshop03.esm,05002476,001914C9,DecalDebris04,STAT,-7670.25,9700.310547,-367.791138,0.0
1557420,DLCworkshop03.esm,05002477,0004F214,CaveRockM04,STAT,-7665.338379,-4374.188965,254.24353,262.3692
1557421,DLCworkshop03.esm,05002478,0004F213,CaveRockM03,STAT,-7655.294922,-4395.017578,254.24353,262.3692
1557422,DLCworkshop03.esm,05002479,0004CEC6,CaveRockS01,STAT,-7657.329102,-4351.290527,293.996094,167.793
1557423,DLCworkshop03.esm,0500247A,0004CEC6,CaveRockS01,STAT,-7781.240723,-4225.203125,292.123322,170.8622
1557424,DLCworkshop03.esm,0500247B,0004F211,CaveRockM01,STAT,-8389.40625,-4658.715332,211.013931,258.5238
1557425,DLCworkshop03.esm,0500247C,0004CEC6,CaveRockS01,STAT,-8364.527344,-4702.334961,133.580811,74.4845
1557426,DLCworkshop03.esm,0500247D,0004F0DE,CaveMoundRocksMed01,STAT,-10811.615234,-2606.635742,-866.888794,6.5534
1557427,DLCworkshop03.esm,0500247E,0004F0ED,CaveMoundRocksMed03,STAT,-10793.620117,-2559.612793,-781.618042,90.7612
1557428,DLCworkshop03.esm,0500247F,0004F100,CaveMoundRocksMed04,STAT,-10474.076172,-1976.445068,-867.913818,46.3004
1557429,DLCworkshop03.esm,05002480,0004F100,CaveMoundRocksMed04,STAT,-11201.321289,-2551.85498,-867.913818,235.1287
1557430,DLCworkshop03.esm,05002481,0004F0E1,CaveMoundRocksLow02,STAT,-11119.380859,-2603.439209,-895.157776,72.5028
1557431,DLCworkshop03.esm,05002482,0004F0DF,CaveMoundRocksLow01,STAT,-11173.03125,-2610.414795,-887.952637,111.6469
1557432,DLCworkshop03.esm,05002483,0004F0DF,CaveMoundRocksLow01,STAT,-11050.5625,-3009.000732,-895.8703,111.6976
1557433,DLCworkshop03.esm,05002484,0004F0E1,CaveMoundRocksLow02,STAT,-10941.918945,-3029.333496,-896.693054,146.1899
1557434,DLCworkshop03.esm,05002485,0004F100,CaveMoundRocksMed04,STAT,-10987.279297,-3660.006348,-834.659363,139.8411
1557435,DLCworkshop03.esm,05002486,0004F118,CaveMoundRocksLow04,STAT,-10964.355469,-3616.106689,-885.125244,189.7625
1557436,DLCworkshop03.esm,05002487,0004F0F1,CaveMoundRocksLow03,STAT,-10923.067383,-3543.563232,-898.023132,296.9747
1557437,DLCworkshop03.esm,05002488,0004F212,CaveRockM02,STAT,-10967.882812,-3662.486816,-705.685669,314.5079
1557438,DLCworkshop03.esm,05002489,0004F0ED,CaveMoundRocksMed03,STAT,-10768.889648,-3232.485107,-752.365479,180.0
1557439,DLCworkshop03.esm,0500248A,0004F0E2,CaveMoundRocksMed02,STAT,-10786.666016,-3219.873291,-855.081726,296.5411
1557440,DLCworkshop03.esm,0500248B,0004F0DF,CaveMoundRocksLow01,STAT,-10796.538086,-3109.865234,-883.179749,182.8598
1557441,DLCworkshop03.esm,0500248C,0004F118,CaveMoundRocksLow04,STAT,-10449.467773,-1883.111328,-696.523865,270.0
1557442,DLCworkshop03.esm,0500248D,0004F211,CaveRockM01,STAT,-10469.552734,-1884.028564,-666.197327,0.0
1557443,DLCworkshop03.esm,0500248E,0004F214,CaveRockM04,STAT,-10365.709961,-1808.416504,-661.85321,0.0
1557444,DLCworkshop03.esm,0500248F,0004F214,CaveRockM04,STAT,-10576.757812,-1666.388794,-758.135864,3.5576
1557445,DLCworkshop03.esm,05002490,0004F118,CaveMoundRocksLow04,STAT,-10605.321289,-1681.425659,-823.317627,294.0585
1557446,DLCworkshop03.esm,05002491,0004F0ED,CaveMoundRocksMed03,STAT,-10942.761719,-2058.461426,-749.034546,106.2256
1557447,DLCworkshop03.esm,05002492,0004F0ED,CaveMoundRocksMed03,STAT,-11063.782227,-3392.253906,-708.488159,181.7575
1557448,DLCworkshop03.esm,05002493,0004F0ED,CaveMoundRocksMed03,STAT,-10696.738281,-3597.822754,-625.054443,353.05
1557449,DLCworkshop03.esm,05002494,0004F0ED,CaveMoundRocksMed03,STAT,-10810.525391,-3904.182861,-540.041626,193.5913
1557450,DLCworkshop03.esm,05002495,0004F214,CaveRockM04,STAT,-10766.789062,-3837.01709,-444.558441,258.3762
1557451,DLCworkshop03.esm,05002496,0004F110,CaveMoundRocksTall04,STAT,-10822.116211,-3940.171631,-539.778748,197.1619
1557452,DLCworkshop03.esm,05002497,0004F118,CaveMoundRocksLow04,STAT,-10606.180664,-3732.781738,-553.121399,260.9671
1557453,DLCworkshop03.esm,05002498,0004F214,CaveRockM04,STAT,-10600.228516,-3680.216309,-645.747864,233.7748
1557454,DLCworkshop03.esm,05002499,0004F0E2,CaveMoundRocksMed02,STAT,-10581.201172,-3769.963379,-762.635071,8.7756
1557455,DLCworkshop03.esm,0500249A,0004F0E1,CaveMoundRocksLow02,STAT,-10509.577148,-3757.547852,-675.003296,269.0408
1557456,DLCworkshop03.esm,0500249B,0004F214,CaveRockM04,STAT,-10821.211914,-3823.983398,-576.159546,258.3762
1557457,DLCworkshop03.esm,0500249C,0004F214,CaveRockM04,STAT,-10969.373047,-2715.961426,-774.492554,138.0551
1557458,DLCworkshop03.esm,0500249D,0004F212,CaveRockM02,STAT,-11015.356445,-2760.102783,-742.198059,276.9841
1557459,DLCworkshop03.esm,0500249E,0004F212,CaveRockM02,STAT,-11006.083008,-2736.827637,-689.291687,99.1441
1557460,DLCworkshop03.esm,0500249F,0004F12E,CaveMoundRocksSmall01,STAT,-11000.254883,-2798.551514,-755.422546,264.9512
1557461,DLCworkshop03.esm,050024A0,0004F130,CaveMoundRocksSmall03,STAT,-10952.556641,-2835.292725,-795.058289,226.7587
1557462,DLCworkshop03.esm,050024A1,0004F213,CaveRockM03,STAT,-10993.777344,-2797.814453,-708.744934,127.2795
1557463,DLCworkshop03.esm,050024A2,0004F211,CaveRockM01,STAT,-10959.525391,-2839.401367,-691.556946,197.0248
1557464,DLCworkshop03.esm,050024A3,0004F211,CaveRockM01,STAT,-11275.616211,-2714.006104,-678.565857,273.6183
1557465,DLCworkshop03.esm,050024A4,0004F0DF,CaveMoundRocksLow01,STAT,-11259.81543,-2693.407227,-761.44165,247.2544
1557466,DLCworkshop03.esm,050024A5,0004F0DF,CaveMoundRocksLow01,STAT,-10888.908203,-2172.027344,-673.377075,182.6816
1557467,DLCworkshop03.esm,050024A6,0004F100,CaveMoundRocksMed04,STAT,-10787.619141,-2470.208008,-642.908203,171.8861
1557468,DLCworkshop03.esm,050024A7,0004F0DE,CaveMoundRocksMed01,STAT,-10788.490234,-1838.520874,-658.947083,217.5276
1557469,DLCworkshop03.esm,050024A8,0004F212,CaveRockM02,STAT,-10683.662109,-1795.187378,-891.11615,183.6085
1557470,DLCworkshop03.esm,050024A9,0004F0DB,CaveMoundRocksTall02,STAT,-10829.310547,-1783.822144,-934.57843,76.1879
1557471,DLCworkshop03.esm,050024AA,0004F118,CaveMoundRocksLow04,STAT,-10685.768555,-1996.242065,-913.737732,211.0315
1557472,DLCworkshop03.esm,050024AB,0004F212,CaveRockM02,STAT,-10846.99707,-3307.94751,-907.567078,255.1198
1557473,DLCworkshop03.esm,050024AC,0004F0DB,CaveMoundRocksTall02,STAT,-10807.063477,-3125.131348,-940.583435,144.5985
1557474,DLCworkshop03.esm,050024AD,0004F118,CaveMoundRocksLow04,STAT,-10945.524414,-3318.718994,-915.924622,291.2457
1557475,DLCworkshop03.esm,050024AE,0004F0EC,CaveMoundRocksTall03,STAT,-10886.064453,-2590.885498,-936.50708,207.0561
1557476,DLCworkshop03.esm,050024AF,0004F110,CaveMoundRocksTall04,STAT,-10630.228516,-2232.301025,-752.838135,164.5093
1557477,DLCworkshop03.esm,050024B0,05001A7B,VltWorkShopCaveDirtPileFLAT01,STAT,-9970.811523,4899.136719,-676.053406,0.0
1557478,DLCworkshop03.esm,050024B1,000F393E,Rubble_Pile_Dirt_Sm01,STAT,-10066.637695,5263.487305,-726.198608,293.256
1557479,DLCworkshop03.esm,050024B2,000F393E,Rubble_Pile_Dirt_Sm01,STAT,-10533.841797,5234.897461,-768.248474,300.6216
1557480,DLCworkshop03.esm,050024B3,000F393E,Rubble_Pile_Dirt_Sm01,STAT,-10055.607422,5612.379883,-750.255798,113.8888
1557481,DLCworkshop03.esm,050024B4,000F393E,Rubble_Pile_Dirt_Sm01,STAT,-10472.973633,5604.424805,-753.375732,115.7307
1557482,DLCworkshop03.esm,050024B5,000F393E,Rubble_Pile_Dirt_Sm01,STAT,-9625.09082,5272.245117,-660.800049,229.6928
1557483,DLCworkshop03.esm,050024B6,000F393E,Rubble_Pile_Dirt_Sm01,STAT,-10043.231445,6348.71582,-717.908264,0.0611
1557484,DLCworkshop03.esm,050024B7,000F393E,Rubble_Pile_Dirt_Sm01,STAT,-10166.136719,6532.721191,-721.391418,342.745
1557485,DLCworkshop03.esm,050024B8,000F393E,Rubble_Pile_Dirt_Sm01,STAT,-10553.733398,6448.216309,-752.56897,57.7745
1557486,DLCworkshop03.esm,050024B9,000F393E,Rubble_Pile_Dirt_Sm01,STAT,-9802.854492,5684.009277,-789.578369,265.5538
1557487,DLCworkshop03.esm,050024BA,0003B2E0,RockS01,STAT,-10840.049805,5320.926758,-812.21759,25.4845
1557488,DLCworkshop03.esm,050024BB,0003B2E0,RockS01,STAT,-10816.100586,5399.46582,-758.937378,25.4845
1557489,DLCworkshop03.esm,050024BC,0003B2E0,RockS01,STAT,-10780.383789,5474.726074,-734.929443,203.1575
1557490,DLCworkshop03.esm,050024BD,0003AA22,RockM02,STAT,-9634.592773,5746.676758,-799.747437,149.1166
1557491,DLCworkshop03.esm,050024BE,000F393E,Rubble_Pile_Dirt_Sm01,STAT,-9715.179688,5123.43457,-655.583496,227.747
1557492,DLCworkshop03.esm,050024C9,00000021,CollisionMarker,STAT,-5926.810547,-2774.599365,-974.090088,96.5656
1557493,DLCworkshop03.esm,050024CA,00000021,CollisionMarker,STAT,-6008.083984,-2011.495728,-1001.219971,40.1069
1557494,DLCworkshop03.esm,050024CC,00000021,CollisionMarker,STAT,-2042.050537,-2026.842651,-384.318298,42.9718
1557495,DLCworkshop03.esm,050024CD,00000021,CollisionMarker,STAT,-238.985504,-5331.826172,-416.434204,4.4691
1557496,DLCworkshop03.esm,050024CE,00000021,CollisionMarker,STAT,-383.629883,-5135.377441,-514.374268,56.0353
1557497,DLCworkshop03.esm,050024CF,00000021,CollisionMarker,STAT,1062.951782,-4631.611328,-953.112976,301.5582
1557498,DLCworkshop03.esm,050024D0,00000021,CollisionMarker,STAT,1414.608765,-4484.773438,-963.809204,41.826
1557499,DLCworkshop03.esm,050024D1,00000021,CollisionMarker,STAT,1145.267944,-4431.64209,-986.150513,324.4767
1557500,DLCworkshop03.esm,050024D2,00000021,CollisionMarker,STAT,1277.692993,-3642.154785,-1045.682617,353.6404
1557501,DLCworkshop03.esm,050024D3,00000021,CollisionMarker,STAT,1166.61377,-3635.755371,-1034.901123,48.0714
1557502,DLCworkshop03.esm,050024D4,00000021,CollisionMarker,STAT,4719.718262,-3541.615967,-1122.937866,0.0
1557503,DLCworkshop03.esm,050024D5,00000021,CollisionMarker,STAT,6486.09375,-5142.223145,-1181.446899,14.3238
1557504,DLCworkshop03.esm,050024D6,00000021,CollisionMarker,STAT,6345.893066,-5259.236328,-1181.862305,22.9181
1557505,DLCworkshop03.esm,050024D7,00000021,CollisionMarker,STAT,6532.388184,-5518.550293,-1133.525146,305.5687
1557506,DLCworkshop03.esm,050024D8,00000021,CollisionMarker,STAT,3469.7229,-1494.126221,-757.682617,45.8366
1557507,DLCworkshop03.esm,050024D9,00000021,CollisionMarker,STAT,3466.97876,-1370.119263,-786.26178,357.1353
1557508,DLCworkshop03.esm,050024DA,00000021,CollisionMarker,STAT,3706.822754,-1336.256714,-771.041077,291.3025
1557509,DLCworkshop03.esm,050024DB,00000021,CollisionMarker,STAT,400.020081,9712.001953,275.775299,270.0001
1557510,DLCworkshop03.esm,050024DC,00000021,CollisionMarker,STAT,-7066.916992,1164.209229,-914.632629,334.2166
1557511,DLCworkshop03.esm,050024DD,00000021,CollisionMarker,STAT,-7521.424316,10612.77832,-449.516602,25.7831
1557512,DLCworkshop03.esm,050024DE,00000021,CollisionMarker,STAT,-7245.093262,10383.135742,-436.473206,328.1729
1557513,DLCworkshop03.esm,050024DF,00000021,CollisionMarker,STAT,-7876.32959,11708.676758,-589.080627,313.8402
1557514,DLCworkshop03.esm,050024E0,00000021,CollisionMarker,STAT,-7720.227051,11769.854492,-566.009705,339.6231
1557515,DLCworkshop03.esm,050024E1,00000021,CollisionMarker,STAT,-8621.709961,11760.038086,-662.760193,25.7831
1557516,DLCworkshop03.esm,050024E2,00000021,CollisionMarker,STAT,-9580.757812,11682.350586,-788.80011,11.4591
1557517,DLCworkshop03.esm,050024E3,00000021,CollisionMarker,STAT,-9696.585938,12391.708008,-815.576416,187.1495
1557518,DLCworkshop03.esm,050024E4,00000021,CollisionMarker,STAT,-9742.012695,12747.477539,-852.955017,0.0
1557519,DLCworkshop03.esm,050024E5,00000021,CollisionMarker,STAT,-9427.731445,12798.341797,-758.062378,170.924
1557520,DLCworkshop03.esm,050024E6,00000021,CollisionMarker,STAT,-9190.071289,13538.415039,-760.336182,0.0
1557521,DLCworkshop03.esm,050024E7,00000021,CollisionMarker,STAT,-8870.268555,13055.197266,-754.114075,20.0535
1557522,DLCworkshop03.esm,050024E8,00000021,CollisionMarker,STAT,-8005.665039,13483.432617,-464.954987,149.6107
1557523,DLCworkshop03.esm,050024E9,00000021,CollisionMarker,STAT,-5918.737793,14013.30957,-1032.159058,71.5052
1557524,DLCworkshop03.esm,050024EA,00000021,CollisionMarker,STAT,-6195.496094,15263.27832,-1070.302734,31.5126
1557525,DLCworkshop03.esm,050024EB,00000021,CollisionMarker,STAT,-10369.554688,12956.655273,-685.028809,90.814
1557526,DLCworkshop03.esm,050024EC,00000021,CollisionMarker,STAT,-10901.256836,12997.146484,-659.839417,276.9211
1557527,DLCworkshop03.esm,050024ED,00000021,CollisionMarker,STAT,-11501.499023,13380.87207,-526.869873,305.5691
1557528,DLCworkshop03.esm,050024EE,00000021,CollisionMarker,STAT,-11561.585938,12359.910156,-622.826477,271.1915
1557529,DLCworkshop03.esm,050024EF,00000021,CollisionMarker,STAT,-12135.46875,12806.65918,-621.882324,299.8424
1557530,DLCworkshop03.esm,050024F0,00000021,CollisionMarker,STAT,-12019.678711,13360.147461,-590.369812,42.9718
1557531,DLCworkshop03.esm,050024F1,00000021,CollisionMarker,STAT,-13174.355469,13112.736328,-442.904205,96.5206
1557532,DLCworkshop03.esm,050024F2,00000021,CollisionMarker,STAT,-13295.205078,13595.572266,-566.711121,48.7012
1557533,DLCworkshop03.esm,050024F3,00000021,CollisionMarker,STAT,-13202.72168,13802.110352,-554.524475,334.2168
1557534,DLCworkshop03.esm,050024F4,00000021,CollisionMarker,STAT,-13458.78418,14322.193359,-467.105194,348.5407
1557535,DLCworkshop03.esm,050024F5,00000021,CollisionMarker,STAT,-10376.953125,13383.036133,-527.696777,160.9547
1557536,DLCworkshop03.esm,050024F6,00000021,CollisionMarker,STAT,-8114.517578,13900.010742,-806.596985,199.6294
1557537,DLCworkshop03.esm,050024F7,00000021,CollisionMarker,STAT,-1491.806152,-2769.110107,-440.612,170.7413
1557538,DLCworkshop03.esm,05002506,0004F212,CaveRockM02,STAT,-10376.949219,-1544.233276,-610.13855,27.3559
1557539,DLCworkshop03.esm,0500250E,00231E92,VltHallResCorInHalf03FloorMetalPlate,STAT,3104.0,8360.0,96.0,0.0
1557540,DLCworkshop03.esm,05002521,00000021,CollisionMarker,STAT,-6034.958008,-1152.584473,-605.608398,351.4056
1557541,DLCworkshop03.esm,05002522,00000021,CollisionMarker,STAT,-7159.52832,338.162811,-1086.245361,208.1663
1557542,DLCworkshop03.esm,05002523,00000021,CollisionMarker,STAT,-6971.866699,246.294342,-1057.825195,75.2975
1557543,DLCworkshop03.esm,05002530,05004C3F,DLC06ScrapableUraniumBarrelsCarts02,SCOL,-10506.217773,-4341.377441,-623.24469,319.6801
1557544,DLCworkshop03.esm,0500253D,05001E11,DLC06CaveLightNSNonSpec,LIGH,-6347.0,15026.642578,-628.251221,0.0
1557545,DLCworkshop03.esm,0500253E,000F393E,Rubble_Pile_Dirt_Sm01,STAT,-6822.230469,9281.999023,-361.723389,319.893
1557546,DLCworkshop03.esm,0500255A,00000021,CollisionMarker,STAT,1640.243774,8105.367187,314.559204,269.6444
1557547,DLCworkshop03.esm,0500255B,00000021,CollisionMarker,STAT,-5733.424316,74.790604,-1078.604492,98.6744
1557548,DLCworkshop03.esm,0500256B,000FDB9B,RockL01,STAT,-6564.263184,-2537.461182,-738.942261,246.2281
1557549,DLCworkshop03.esm,0500256C,0003AA22,RockM02,STAT,-6375.583008,-2592.896484,-201.501129,229.9072
1557550,DLCworkshop03.esm,0500256D,0003AA22,RockM02,STAT,-6349.944824,-2603.483398,-27.185081,8.1116
1557551,DLCworkshop03.esm,05002570,00000021,CollisionMarker,STAT,-9581.251953,3021.452881,-690.345581,76.3072
1557552,DLCworkshop03.esm,05000FE7,0002373E,V111RadScanner01,STAT,2800.0,7992.0,96.0,0.0
1557553,DLCworkshop03.esm,05000FE8,0002373E,V111RadScanner01,STAT,2800.0,8216.0,96.0,180.0
1557554,DLCworkshop03.esm,05000FE9,0002373E,V111RadScanner01,STAT,2552.0,8216.0,96.0,180.0
1557555,DLCworkshop03.esm,05000FEA,0002373E,V111RadScanner01,STAT,2296.0,8216.0,96.0,180.0
1557556,DLCworkshop03.esm,05000FEB,0002373E,V111RadScanner01,STAT,2552.0,7992.0,96.0,0.0
1557557,DLCworkshop03.esm,05000FEC,0002373E,V111RadScanner01,STAT,2296.0,7992.0,96.0,0.0
1557558,DLCworkshop03.esm,05000FEE,05003B0E,DLC06VaultWorkshopResourceContainer,CONT,3192.859375,8565.982422,-10.821411,0.0
1557559,DLCworkshop03.esm,05000FEF,05000819,DLC06WorkshopWorkbench,CONT,1666.897217,8097.703613,96.0,269.6444
1557560,DLCworkshop03.esm,05000FF0,00000034,XMarkerHeading,STAT,-505.348969,8862.301758,-44.44442,90.0
1557561,DLCworkshop03.esm,05000FF4,00050377,NPCVaultConsoleActivate,FURN,4064.023437,8445.431641,137.355957,0.0
1557562,DLCworkshop03.esm,05000FF5,00145D93,VaultDoorConsole01,ACTI,4092.75,8488.457031,223.381897,0.0
1557563,DLCworkshop03.esm,05000FF6,000D96CD,NPCStandWrenchVertical,FURN,4432.128906,8420.994141,-72.110596,91.6733
1557564,DLCworkshop03.esm,05000FF7,000E210E,NPCSmokeIdleMarker,IDLM,4282.941406,8483.932617,-70.249939,91.6733
1557565,DLCworkshop03.esm,05000FF8,00024572,NPCInvWallLean01,FURN,4168.470703,8574.375,-69.652771,0.0
1557566,DLCworkshop03.esm,05000FFA,000969BA,KlaxonLight01,MSTT,4801.490234,8386.168945,564.502441,269.9991
1557567,DLCworkshop03.esm,05000FFB,000969BA,KlaxonLight01,MSTT,4800.742188,8877.827148,565.046631,269.9996
1557568,DLCworkshop03.esm,05000FFD,0500483F,DLC06VltGearDoor88,ACTI,3616.0,8744.0,96.0,0.0
1557569,DLCworkshop03.esm,05000FFE,0002B764,LightBeamThin01,MSTT,4736.542969,8464.740234,541.759949,0.0003
1557570,DLCworkshop03.esm,05000FFF,00183AD4,NPCClipboardWithPen,FURN,3941.304687,8698.217773,-68.226746,211.0314
1557571,DLCworkshop03.esm,05001002,00050377,NPCVaultConsoleActivate,FURN,5686.891602,8843.694336,239.108383,256.8678
1557572,DLCworkshop03.esm,05001003,0002373E,V111RadScanner01,STAT,2486.902344,8747.007812,94.240234,0.0
1557573,DLCworkshop03.esm,05001004,0002373E,V111RadScanner01,STAT,2488.054688,8993.001953,94.240234,180.0
1557574,DLCworkshop03.esm,05001005,0002373E,V111RadScanner01,STAT,2668.25,8993.244141,94.240234,180.0
1557575,DLCworkshop03.esm,05001006,0002373E,V111RadScanner01,STAT,2668.607422,8746.34375,94.240234,0.0
1557576,DLCworkshop03.esm,05001007,0002373E,V111RadScanner01,STAT,2853.582031,8747.007812,94.240234,0.0
1557577,DLCworkshop03.esm,05001008,0002373E,V111RadScanner01,STAT,2854.734375,8993.001953,94.240234,180.0
1557578,DLCworkshop03.esm,05001009,000618DD,DecalStainRust10,TXST,4799.847656,8876.916992,213.61615,270.0
1557579,DLCworkshop03.esm,0500100A,000618DD,DecalStainRust10,TXST,4799.847656,8366.019531,491.778778,270.0
1557580,DLCworkshop03.esm,0500100B,00061946,DecalStainRust14,TXST,4676.21582,8760.107422,521.711975,270.0
1557581,DLCworkshop03.esm,0500100C,000618DD,DecalStainRust10,TXST,4799.847656,9003.798828,129.193115,270.0
1557582,DLCworkshop03.esm,0500100D,000618DD,DecalStainRust10,TXST,4799.847656,8318.367187,127.966553,270.0
1557583,DLCworkshop03.esm,0500100E,0006A518,DecalGrimeSubtle01,TXST,4254.503906,8584.335937,-44.807007,1.424
1557584,DLCworkshop03.esm,0500100F,0006A518,DecalGrimeSubtle01,TXST,4377.050781,8797.431641,-44.805664,180.0
1557585,DLCworkshop03.esm,05001010,0006A518,DecalGrimeSubtle01,TXST,4361.341797,8176.105469,-70.25,181.4332
1557586,DLCworkshop03.esm,05001011,0006A518,DecalGrimeSubtle01,TXST,4317.625,7975.999512,-22.941101,180.0
1557587,DLCworkshop03.esm,05001012,0006A518,DecalGrimeSubtle01,TXST,4384.371094,7975.999512,433.795349,0.0001
1557588,DLCworkshop03.esm,05001013,0006A518,DecalGrimeSubtle01,TXST,3890.861328,8886.160156,437.088684,270.0001
1557589,DLCworkshop03.esm,0500392B,00145090,Water1024InstituteTunnel,ACTI,-11514.12793,6678.252441,-646.854858,0.0
1557590,DLCworkshop03.esm,05003B0A,000224E3,DefaultEmptyTrigger,ACTI,3185.727295,-2983.881836,512.0,0.0
1557591,DLCworkshop03.esm,05003B0B,000224E3,DefaultEmptyTrigger,ACTI,-8877.749023,11419.634766,512.0,0.0
1557592,DLCworkshop03.esm,05003B0C,000224E3,DefaultEmptyTrigger,ACTI,-8852.043945,-2167.356445,512.0,0.0
1557593,DLCworkshop03.esm,05003B10,05003B0F,DLC06VaultWorkshopActivator,ACTI,-316.06366,-2786.189209,-494.646606,0.0
1557594,DLCworkshop03.esm,05003B11,05003B0F,DLC06VaultWorkshopActivator,ACTI,-5204.904785,-1772.637085,-1009.824524,0.0
1557595,DLCworkshop03.esm,05003B12,05003B0F,DLC06VaultWorkshopActivator,ACTI,-10343.442383,8665.179688,-592.538818,0.0
1557596,DLCworkshop03.esm,05003CBE,0001ED77,AutoloadDoor,DOOR,5650.006348,10410.702148,373.856689,0.0
1557597,DLCworkshop03.esm,05003CBF,05005BC5,PaintedWoodDoorLoadD01MinUse,DOOR,-9471.692383,-5025.303223,453.591187,299.4392
1557598,DLCworkshop03.esm,05003CC0,05005BC3,LadderMetalTall01MINUSE,DOOR,6560.0,-7424.0,-920.0,0.0
1557599,DLCworkshop03.esm,05003CE0,000E4610,EnableMarker,STAT,288.0,8488.0,4240.141113,270.0
1557600,DLCworkshop03.esm,05003CE2,000E4610,EnableMarker,STAT,-902.939331,-1065.642578,3058.243896,270.0
1557601,DLCworkshop03.esm,05003CE4,000E4610,EnableMarker,STAT,-962.885071,-1064.544189,3058.243896,270.0
1557602,DLCworkshop03.esm,05003CE6,000E4610,EnableMarker,STAT,-1021.067627,-1066.648804,3058.243896,270.0
1557603,DLCworkshop03.esm,05003CEB,000E4610,EnableMarker,STAT,-10264.477539,8555.688477,3658.62915,270.0
1557604,DLCworkshop03.esm,05003CEC,000E4610,EnableMarker,STAT,-10324.422852,8556.787109,3658.62915,270.0
1557605,DLCworkshop03.esm,05003CED,000E4610,EnableMarker,STAT,-10382.605469,8554.682617,3658.62915,270.0
1557606,DLCworkshop03.esm,05003CEE,000E4610,EnableMarker,STAT,-7567.831055,-488.053467,3344.141357,270.0
1557607,DLCworkshop03.esm,05003CEF,000E4610,EnableMarker,STAT,-7627.776855,-486.955078,3344.141357,270.0
1557608,DLCworkshop03.esm,05003CF0,000E4610,EnableMarker,STAT,-7685.959473,-489.059692,3344.141357,270.0
1557609,DLCworkshop03.esm,05003CF1,000E4610,EnableMarker,STAT,-7758.709961,-488.23703,3344.141357,270.0
1557610,DLCworkshop03.esm,0500135C,000224E3,DefaultEmptyTrigger,ACTI,622.704895,9866.399414,512.0,0.0
1557611,DLCworkshop03.esm,05004215,0500112C,DLC06VltDrConsolePry,FURN,5719.300781,8866.604492,239.0,256.4378
1557612,DLCworkshop03.esm,05004217,000C189E,NPCHandRailC,FURN,5709.804688,8715.144531,240.415863,253.4584
1557613,DLCworkshop03.esm,0500421C,001D2A86,NPCLaserCutterKneeling,FURN,4724.570801,8669.651367,156.066956,293.7946
1557614,DLCworkshop03.esm,0500421E,001D2A85,NPCLaserCutterStanding,FURN,4733.005371,8617.092773,156.066956,227.9044
1557615,DLCworkshop03.esm,0500421F,00002CE2,PatrolIdleMarker,IDLM,4900.518066,8622.891602,152.420227,276.9677
1557616,DLCworkshop03.esm,05004220,00098163,PackageLocationPrimitive,ACTI,4979.585449,8712.005859,285.391602,359.0002
1557617,DLCworkshop03.esm,05004221,00002CE2,PatrolIdleMarker,IDLM,4852.092773,8460.84375,116.701843,331.3987
1557618,DLCworkshop03.esm,0500423A,0002E268,AmbushMolerat01Long,FURN,760.859131,517.126404,-512.0,312.4899
1557619,DLCworkshop03.esm,0500423B,00002CE2,PatrolIdleMarker,IDLM,795.15564,205.968384,-512.0,129.1433
1557620,DLCworkshop03.esm,0500423C,00002CE2,PatrolIdleMarker,IDLM,-84.440186,917.439392,-512.0,292.4363
1557621,DLCworkshop03.esm,0500423E,0003429F,AmbushMolerat02Short,FURN,13.02327,805.628052,-511.999817,41.2985
1557622,DLCworkshop03.esm,0500423F,00002CE2,PatrolIdleMarker,IDLM,619.010864,124.17688,-495.999817,69.9463
1557623,DLCworkshop03.esm,05004240,00002CE2,PatrolIdleMarker,IDLM,370.797485,1767.484253,-495.999817,41.2985
1557624,DLCworkshop03.esm,05004242,0003376D,DefaultActivateSelfTrigger,ACTI,180.040649,755.284302,-271.999817,263.9148
1557625,DLCworkshop03.esm,05004243,0003429F,AmbushMolerat02Short,FURN,691.904358,1209.253174,-511.999817,312.49
1557626,DLCworkshop03.esm,05004244,00002CE2,PatrolIdleMarker,IDLM,609.728821,1806.740112,-495.999817,1.1914
1557627,DLCworkshop03.esm,05004245,00002CE2,PatrolIdleMarker,IDLM,96.397949,1032.616455,-495.999817,298.166
1557628,DLCworkshop03.esm,05004246,0003376D,DefaultActivateSelfTrigger,ACTI,139.303741,-4379.881836,-544.234009,263.9148
1557629,DLCworkshop03.esm,0500425F,00002CE2,PatrolIdleMarker,IDLM,-8948.454102,-5656.11377,453.591248,187.4028
1557630,DLCworkshop03.esm,05004260,00002CE2,PatrolIdleMarker,IDLM,-9216.833984,-5023.193359,453.591248,279.0761
1557631,DLCworkshop03.esm,05004261,0009F974,AmbushFeralGhoulGetUpA,FURN,-8763.567383,-5347.993164,453.591248,186.4524
1557632,DLCworkshop03.esm,05004263,0009F976,AmbushFeralGhoulGetUpC,FURN,-8640.026367,-5581.000488,453.61853,278.1255
1557633,DLCworkshop03.esm,05004264,00002CE2,PatrolIdleMarker,IDLM,-9255.790039,-5628.982422,453.61853,290.5352
1557634,DLCworkshop03.esm,05004265,00002CE2,PatrolIdleMarker,IDLM,-8802.701172,-4880.094727,453.61853,330.6423
1557635,DLCworkshop03.esm,05004267,0009F977,AmbushFeralGhoulGetUpD,FURN,-8645.042969,-5839.442871,453.751373,283.8551
1557636,DLCworkshop03.esm,05004268,00002CE2,PatrolIdleMarker,IDLM,-8590.421875,-5341.88916,453.776154,130.107
1557637,DLCworkshop03.esm,05004269,00002CE2,PatrolIdleMarker,IDLM,-9348.711914,-5183.614746,453.776154,322.0479
1557638,DLCworkshop03.esm,0500428F,0003376D,DefaultActivateSelfTrigger,ACTI,-10270.75293,-4349.996582,-393.542633,320.8957
1557639,DLCworkshop03.esm,05004290,0002E268,AmbushMolerat01Long,FURN,-10198.739258,-3972.735596,-617.732666,220.7777
1557640,DLCworkshop03.esm,05004291,00002CE2,PatrolIdleMarker,IDLM,-10549.564453,-4168.618652,-625.182007,263.7495
1557641,DLCworkshop03.esm,05004292,00002CE2,PatrolIdleMarker,IDLM,-10128.919922,-4364.525879,-625.182007,177.8058
1557642,DLCworkshop03.esm,05004294,0003429F,AmbushMolerat02Short,FURN,-10627.257812,-4273.86377,-623.363342,92.8647
1557643,DLCworkshop03.esm,05004295,00002CE2,PatrolIdleMarker,IDLM,-10477.5625,-4012.63501,-607.363342,355.462
1557644,DLCworkshop03.esm,05004296,00002CE2,PatrolIdleMarker,IDLM,-10081.570312,-4528.297363,-607.363342,92.8647
1557645,DLCworkshop03.esm,05004298,0003429F,AmbushMolerat02Short,FURN,-9961.727539,-4220.470215,-623.363342,221.7801
1557646,DLCworkshop03.esm,05004299,00002CE2,PatrolIdleMarker,IDLM,-10029.561523,-4779.01123,-534.256226,181.6731
1557647,DLCworkshop03.esm,0500429A,00002CE2,PatrolIdleMarker,IDLM,-10406.389648,-4141.430176,-607.363342,293.4
1557648,DLCworkshop03.esm,0500429F,000224E3,DefaultEmptyTrigger,ACTI,-11827.426758,5628.333008,512.0,0.0
1557649,DLCworkshop03.esm,050042A0,000224E3,DefaultEmptyTrigger,ACTI,-6116.927246,5469.563477,512.0,0.0
1557650,DLCworkshop03.esm,050042BB,000224E3,DefaultEmptyTrigger,ACTI,5310.856445,8431.782227,185.633972,359.0002
1557651,DLCworkshop03.esm,05004374,00148C6F,DefaultLightCoolFLNS,LIGH,2468.771729,9003.744141,181.722687,0.0
1557652,DLCworkshop03.esm,0500438B,000001F7,LightBox,STAT,3694.570312,8165.424805,191.532089,0.0
1557653,DLCworkshop03.esm,0500438C,000001F7,LightBox,STAT,3443.177246,7794.12207,178.675858,0.0
1557654,DLCworkshop03.esm,0500438D,000001F7,LightBox,STAT,2976.0,8872.0,200.146011,0.0
1557655,DLCworkshop03.esm,0500438E,000001F7,LightBox,STAT,2720.0,8872.0,199.925232,0.0
1557656,DLCworkshop03.esm,0500438F,000001F7,LightBox,STAT,2272.0,8872.0,190.426163,0.0
1557657,DLCworkshop03.esm,05004390,000001F7,LightBox,STAT,2464.0,8872.0,181.965103,0.0
1557658,DLCworkshop03.esm,05004391,000001F7,LightBox,STAT,2861.883301,8954.779297,167.847977,0.0001
1557659,DLCworkshop03.esm,05004392,000001F7,LightBox,STAT,2720.0,8954.701172,170.976105,0.0001
1557660,DLCworkshop03.esm,05004393,000001F7,LightBox,STAT,2464.0,8956.02832,169.58934,0.0001
1557661,DLCworkshop03.esm,05004394,000001F7,LightBox,STAT,2609.856445,8679.5,171.727478,180.0
1557662,DLCworkshop03.esm,05004395,000001F7,LightBox,STAT,2485.693359,8679.5,169.592758,180.0
1557663,DLCworkshop03.esm,05004396,000001F7,LightBox,STAT,2976.0,8679.5,169.746201,180.0
1557664,DLCworkshop03.esm,05004397,000001F7,LightBox,STAT,2980.006836,8736.823242,143.341309,0.0
1557665,DLCworkshop03.esm,05004398,000001F7,LightBox,STAT,2976.036133,8944.486328,143.341309,0.0
1557666,DLCworkshop03.esm,05004399,000001F7,LightBox,STAT,2714.813965,8748.833984,149.175095,0.0
1557667,DLCworkshop03.esm,0500439A,000001F7,LightBox,STAT,2735.940186,8943.586914,143.341309,0.0
1557668,DLCworkshop03.esm,0500439B,000001F7,LightBox,STAT,2517.833984,8943.393555,143.341309,0.0
1557669,DLCworkshop03.esm,0500439C,000001F7,LightBox,STAT,2472.245117,8751.481445,149.175095,0.0
1557670,DLCworkshop03.esm,0500439D,000001F7,LightBox,STAT,2278.405273,8872.514648,149.17511,0.0
1557671,DLCworkshop03.esm,0500439E,000001F7,LightBox,STAT,3360.0,9056.0,186.866379,0.0
1557672,DLCworkshop03.esm,0500439F,000001F7,LightBox,STAT,3293.64209,8557.00293,167.726929,0.0
1557673,DLCworkshop03.esm,050042B6,050042B7,DLC06VaultWorkshopRadioTransmitter,ACTI,2231.56958,6585.662598,-53.381622,90.0002
1557674,DLCworkshop03.esm,050043FC,00000034,XMarkerHeading,STAT,5775.126465,9765.266602,241.569107,166.5757
1557675,DLCworkshop03.esm,05004458,00148C6F,DefaultLightCoolFLNS,LIGH,2072.534912,7760.947266,194.061188,90.0001
1557676,DLCworkshop03.esm,05004459,00175001,VltLight05UtilCage01MountedWhiteLit,STAT,1755.433716,8976.72168,250.34227,0.0001
1557677,DLCworkshop03.esm,0500445A,00175001,VltLight05UtilCage01MountedWhiteLit,STAT,1755.433716,8768.714844,251.400696,180.0001
1557678,DLCworkshop03.esm,05004475,000001F7,LightBox,STAT,2026.196777,8437.150391,302.539307,0.0
1557679,DLCworkshop03.esm,05004476,000001F7,LightBox,STAT,2494.918945,9230.273438,197.347305,262.0237
1557680,DLCworkshop03.esm,05004477,000001F7,LightBox,STAT,2899.216553,9305.233398,314.0,0.0
1557681,DLCworkshop03.esm,05004478,000001F7,LightBox,STAT,2248.197266,9304.336914,314.0,0.0
1557682,DLCworkshop03.esm,05004479,000001F7,LightBox,STAT,-7674.582031,9356.21875,-189.350403,0.0
1557683,DLCworkshop03.esm,0500447A,000001F7,LightBox,STAT,-7675.512695,9432.386719,-297.036285,90.0
1557684,DLCworkshop03.esm,05003EFE,05003E85,DLC06ScrapablePipesBarrels02,SCOL,3506.542236,-1392.197998,-799.142212,22.9185
1557685,DLCworkshop03.esm,050046EF,000E4610,EnableMarker,STAT,1071.877075,8920.830078,2961.364746,0.0
1557686,DLCworkshop03.esm,050046F3,000AC5EA,VltDoorRes01B,DOOR,2080.0,7080.0,-32.0,0.0
1557687,DLCworkshop03.esm,05004737,0003376D,DefaultActivateSelfTrigger,ACTI,3740.625488,-1702.738037,-572.928223,7.649
1557688,DLCworkshop03.esm,05004738,0003429F,AmbushMolerat02Short,FURN,3970.407471,-1841.437256,-784.430481,246.5997
1557689,DLCworkshop03.esm,05004739,00002CE2,PatrolIdleMarker,IDLM,3756.643311,-2296.690186,-710.549561,206.4927
1557690,DLCworkshop03.esm,0500473A,00002CE2,PatrolIdleMarker,IDLM,3339.25,-1613.516235,-770.126404,318.2196
1557691,DLCworkshop03.esm,0500473C,0002E268,AmbushMolerat01Long,FURN,3648.659424,-1480.838379,-782.979492,134.873
1557692,DLCworkshop03.esm,0500473D,00002CE2,PatrolIdleMarker,IDLM,3160.703125,-1526.076172,-765.914917,263.7886
1557693,DLCworkshop03.esm,0500473E,00002CE2,PatrolIdleMarker,IDLM,3733.912109,-2476.056152,-747.161255,183.5745
1557694,DLCworkshop03.esm,05004753,00002CE2,PatrolIdleMarker,IDLM,6163.941895,-4747.363281,-1162.136841,0.0
1557695,DLCworkshop03.esm,05004754,00002CE2,PatrolIdleMarker,IDLM,6735.98584,-6049.203125,-1180.722778,105.9972
1557696,DLCworkshop03.esm,05004755,0003376D,DefaultActivateSelfTrigger,ACTI,6537.866211,-5435.936523,-944.67218,61.5527
1557697,DLCworkshop03.esm,05004756,00083F2B,AmbushFeralGhoulMantel,FURN,6179.967773,-5829.625977,-1166.686646,0.0
1557698,DLCworkshop03.esm,05004758,00002CE2,PatrolIdleMarker,IDLM,6817.750977,-5086.86084,-1180.722778,28.6479
1557699,DLCworkshop03.esm,05004759,00002CE2,PatrolIdleMarker,IDLM,6422.930176,-6017.74707,-1157.354004,216.7604
1557700,DLCworkshop03.esm,0500475A,00083F2B,AmbushFeralGhoulMantel,FURN,6282.128906,-5958.86377,-1160.965088,92.103
1557701,DLCworkshop03.esm,0500475D,00002CE2,PatrolIdleMarker,IDLM,6246.841309,-4930.463867,-1180.722778,315.8366
1557702,DLCworkshop03.esm,0500475E,00002CE2,PatrolIdleMarker,IDLM,6901.196777,-5738.875,-1180.722778,153.7352
1557703,DLCworkshop03.esm,0500475F,0009F975,AmbushFeralGhoulGetUpB,FURN,7065.958984,-5692.162109,-1194.722778,339.9465
1557704,DLCworkshop03.esm,05004761,00002CE2,PatrolIdleMarker,IDLM,6192.480957,-5224.964355,-1181.722778,190.9774
1557705,DLCworkshop03.esm,05004762,00002CE2,PatrolIdleMarker,IDLM,7133.853027,-5398.681641,-1192.245239,113.6281
1557706,DLCworkshop03.esm,05004763,0009F977,AmbushFeralGhoulGetUpD,FURN,7086.482422,-5034.757324,-1194.722778,330.3884
1557707,DLCworkshop03.esm,05004765,001411CC,DeathclawSleepOnGround,FURN,-2170.078613,-271.056244,-512.457581,119.4617
1557708,DLCworkshop03.esm,0500476C,00002CE2,PatrolIdleMarker,IDLM,-1491.134888,-2699.675781,-512.457642,117.4563
1557709,DLCworkshop03.esm,0500476D,00002CE2,PatrolIdleMarker,IDLM,-1656.762573,745.874939,-512.457581,65.8901
1557710,DLCworkshop03.esm,0500476F,00002CE2,PatrolIdleMarker,IDLM,-8438.805664,-5272.039062,-51.120941,97.4028
1557711,DLCworkshop03.esm,05004770,00002CE2,PatrolIdleMarker,IDLM,-9501.363281,-5285.683105,-49.8783,268.3266
1557712,DLCworkshop03.esm,05004771,0003376D,DefaultActivateSelfTrigger,ACTI,-8980.304688,-5331.994141,102.155548,164.4392
1557713,DLCworkshop03.esm,05004772,000F2547,AmbushFeralGhoulFromHoleAboveQuicker,FURN,-9313.441406,-5192.313965,197.420319,78.5525
1557714,DLCworkshop03.esm,05004774,00002CE2,PatrolIdleMarker,IDLM,-9922.253906,-5301.253906,-310.646545,324.431
1557715,DLCworkshop03.esm,05004775,00002CE2,PatrolIdleMarker,IDLM,-8193.080078,-4813.056152,76.879059,350.2141
1557716,DLCworkshop03.esm,05004776,000A0F53,AmbushFeralGhoulUnderTable,FURN,-8795.136719,-5011.474121,-48.849533,257.831
1557717,DLCworkshop03.esm,05004778,00002CE2,PatrolIdleMarker,IDLM,-8259.875,-4616.03418,76.879135,26.059
1557718,DLCworkshop03.esm,05004779,00002CE2,PatrolIdleMarker,IDLM,-9656.917969,-5304.441895,-561.301514,151.8338
1557719,DLCworkshop03.esm,0500477A,000EECF3,AmbushFeralGhoulFromHoleAbove,FURN,-9060.378906,-5565.899414,197.587433,342.8112
1557720,DLCworkshop03.esm,0500477C,00002CE2,PatrolIdleMarker,IDLM,-9240.576172,-5570.055664,-45.866398,245.4084
1557721,DLCworkshop03.esm,0500477D,00002CE2,PatrolIdleMarker,IDLM,-9295.25293,-5496.625488,197.587418,142.2761
1557722,DLCworkshop03.esm,0500477E,0009F976,AmbushFeralGhoulGetUpC,FURN,-8762.264648,-5575.481934,-48.515488,296.9746
1557723,DLCworkshop03.esm,05004780,0003376D,DefaultActivateSelfTrigger,ACTI,-7052.345703,4569.163086,-641.669189,334.2168
1557724,DLCworkshop03.esm,05004781,0003429F,AmbushMolerat02Short,FURN,-6428.214844,3932.218262,-1011.045349,346.8675
1557725,DLCworkshop03.esm,05004782,00002CE2,PatrolIdleMarker,IDLM,-8574.043945,2686.781738,-995.045349,278.1125
1557726,DLCworkshop03.esm,05004783,00002CE2,PatrolIdleMarker,IDLM,-7212.086914,5181.012207,-995.045349,346.8675
1557727,DLCworkshop03.esm,05004785,0002E268,AmbushMolerat01Long,FURN,-7530.507812,4941.258789,-1013.370483,149.1967
1557728,DLCworkshop03.esm,05004786,00002CE2,PatrolIdleMarker,IDLM,-7289.53125,3304.131348,-997.370483,149.1967
1557729,DLCworkshop03.esm,05004787,00002CE2,PatrolIdleMarker,IDLM,-5517.166016,5095.162109,-997.370483,97.6305
1557730,DLCworkshop03.esm,05004789,0002E268,AmbushMolerat01Long,FURN,-5630.145996,4760.882812,-1012.504456,241.7867
1557731,DLCworkshop03.esm,0500478A,00002CE2,PatrolIdleMarker,IDLM,-7359.606445,4565.82373,-996.504456,276.1642
1557732,DLCworkshop03.esm,0500478B,00002CE2,PatrolIdleMarker,IDLM,-5973.880859,4149.53418,-996.504456,158.7078
1557733,DLCworkshop03.esm,0500478D,0003429F,AmbushMolerat02Short,FURN,-7530.907227,3805.30835,-1011.754517,47.9445
1557734,DLCworkshop03.esm,0500478E,00002CE2,PatrolIdleMarker,IDLM,-5801.845703,4476.949707,-995.754517,47.9445
1557735,DLCworkshop03.esm,0500478F,00002CE2,PatrolIdleMarker,IDLM,-7444.251953,5085.785156,-995.754517,2.1078
1557736,DLCworkshop03.esm,05004791,0003429F,AmbushMolerat02Short,FURN,-6314.547363,5134.024414,-1011.502869,185.4544
1557737,DLCworkshop03.esm,05004792,00002CE2,PatrolIdleMarker,IDLM,-5353.882324,4911.844727,-995.502869,131.0233
1557738,DLCworkshop03.esm,05004793,00002CE2,PatrolIdleMarker,IDLM,-7878.594238,3080.76123,-995.502869,225.5614
1557739,DLCworkshop03.esm,0500479C,0003376D,DefaultActivateSelfTrigger,ACTI,-9838.472656,-1104.117798,-772.603394,216.7604
1557740,DLCworkshop03.esm,0500479D,0003429F,AmbushMolerat02Short,FURN,-9617.46875,-1209.293701,-1012.603455,306.7604
1557741,DLCworkshop03.esm,0500479E,00002CE2,PatrolIdleMarker,IDLM,-10725.790039,-2004.991333,-877.738525,211.0309
1557742,DLCworkshop03.esm,0500479F,00002CE2,PatrolIdleMarker,IDLM,-9938.686523,705.979248,-1011.883667,0.0
1557743,DLCworkshop03.esm,050047A1,0002E268,AmbushMolerat01Long,FURN,-10165.130859,-1222.308105,-922.69696,89.9998
1557744,DLCworkshop03.esm,050047A2,00002CE2,PatrolIdleMarker,IDLM,-10700.069336,-1970.530396,-877.738525,211.0309
1557745,DLCworkshop03.esm,050047A3,00002CE2,PatrolIdleMarker,IDLM,-9983.001953,687.588135,-1011.883667,0.0
1557746,DLCworkshop03.esm,050047A5,00002CE2,PatrolIdleMarker,IDLM,-4719.743652,5098.763672,-1011.883545,74.4845
1557747,DLCworkshop03.esm,050047A6,00002CE2,PatrolIdleMarker,IDLM,-10147.738281,-1461.026367,-917.24707,209.1296
1557748,DLCworkshop03.esm,050047AA,001184E1,LvlMirelurkQueenAmbushWater,NPC_,-12194.092773,8301.50293,-763.348999,104.3238
1557749,DLCworkshop03.esm,050047AB,00002CE2,PatrolIdleMarker,IDLM,-9630.956055,8069.228027,-558.933289,105.9972
1557750,DLCworkshop03.esm,050047AC,00002CE2,PatrolIdleMarker,IDLM,-12187.594727,6864.672852,-779.348938,153.735
1557751,DLCworkshop03.esm,050047AD,000A9408,AmbushMirelurkQueen_mud,FURN,-12040.569336,8316.240234,-763.34906,104.3238
1557752,DLCworkshop03.esm,050047AE,00140EF8,MirelurkAmbushWaterFXMarker,STAT,-12040.569336,8316.240234,-647.800781,14.3238
1557753,DLCworkshop03.esm,050047B3,0003B695,DefaultDummy,ACTI,-10574.169922,7135.429199,-164.188126,0.0
1557754,DLCworkshop03.esm,050047B5,00002CE2,PatrolIdleMarker,IDLM,-9770.814453,8608.995117,-615.940369,183.4323
1557755,DLCworkshop03.esm,050047B6,00002CE2,PatrolIdleMarker,IDLM,-9762.188477,8752.730469,-615.940369,183.4323
1557756,DLCworkshop03.esm,050047B7,000B8185,AmbushMirelurkHunter,FURN,-9645.320312,8689.833008,-615.94043,183.4323
1557757,DLCworkshop03.esm,050047B9,0003376D,DefaultActivateSelfTrigger,ACTI,-10059.368164,8100.587891,-392.718781,274.5719
1557758,DLCworkshop03.esm,050047BA,00140D01,AmbushMirelurk_RiverbedRocksSand01Wet,FURN,-10032.893555,7384.263184,-637.391724,15.5154
1557759,DLCworkshop03.esm,050047BB,00002CE2,PatrolIdleMarker,IDLM,-9934.381836,7659.560059,-618.121521,15.5154
1557760,DLCworkshop03.esm,050047BC,00002CE2,PatrolIdleMarker,IDLM,-10085.275391,7578.446777,-618.121521,15.5154
1557761,DLCworkshop03.esm,05001001,00145D93,VaultDoorConsole01,ACTI,5639.100586,8862.329102,325.867065,251.7407
1557762,DLCworkshop03.esm,05004826,0000003B,XMarker,STAT,5529.646484,8764.401367,367.495392,0.0
1557763,DLCworkshop03.esm,050046F2,05005EC3,DLC06SecurityTerminal,TERM,2764.424561,9205.256836,95.999939,169.343
1557764,DLCworkshop03.esm,05004827,05004825,DLC06WorkshopControlBoard01,MISC,1911.149902,6668.525391,-30.375008,22.9183
1557765,DLCworkshop03.esm,0500496D,050050EF,DLC06WorkshopControlBoard02,MISC,6675.602051,-4821.047852,-1124.595947,311.826
1557766,DLCworkshop03.esm,0500496E,050050F0,DLC06WorkshopControlBoard03,MISC,-7426.531738,9965.334961,-302.816193,235.6224
1557767,DLCworkshop03.esm,0500496F,050050F1,DLC06WorkshopControlBoard04,MISC,-9694.572266,-5688.614746,-497.445343,359.9895
1557768,DLCworkshop03.esm,050047CA,050047C9,DLC06ScrapableRockUraniumGroup01,SCOL,-7015.999023,10477.930664,-530.505676,311.0694
1557769,DLCworkshop03.esm,050047CD,050047CC,DLC06ScrapableRockUraniumGroup02,SCOL,-7718.375,10617.270508,-437.216125,138.1514
1557770,DLCworkshop03.esm,050047D7,050047D6,DLC06ScrapableRockUraniumGroup04,SCOL,-6788.528809,11305.770508,-520.44635,0.0
1557771,DLCworkshop03.esm,050047DA,050047D9,DLC06ScrapableRockUraniumGroup05,SCOL,-7630.473633,11584.220703,84.90786,359.7103
1557772,DLCworkshop03.esm,050047DD,050047DC,DLC06ScrapableRockUraniumGroup06,SCOL,-7880.424316,12060.12207,-764.117615,0.0
1557773,DLCworkshop03.esm,050047DF,050047CC,DLC06ScrapableRockUraniumGroup02,SCOL,-10064.665039,12402.31543,-789.00415,137.5101
1557774,DLCworkshop03.esm,050047E4,050047E3,DLC06ScrapableRockUraniumGroup07,SCOL,-8906.884766,12324.40625,-786.171753,107.7844
1557775,DLCworkshop03.esm,050047E7,050047E6,DLC06ScrapableRockUraniumGroup08,SCOL,-9763.65332,12794.083984,-666.900391,0.0
1557776,DLCworkshop03.esm,050047EA,050047E9,DLC06ScrapableRockUraniumGroup09,SCOL,-8443.800781,12922.242187,-744.189758,22.2886
1557777,DLCworkshop03.esm,050047ED,050047EC,DLC06ScrapableRockUraniumGroup10,SCOL,-8207.462891,12903.438477,-682.882019,0.0
1557778,DLCworkshop03.esm,050047F0,050047EF,DLC06ScrapableRockUraniumGroup11,SCOL,-8872.543945,11802.302734,-91.805168,210.047
1557779,DLCworkshop03.esm,050047F2,050047F1,DLC06ScrapableRockUraniumGroup12,SCOL,-9678.5625,12609.646484,-101.588188,330.2539
1557780,DLCworkshop03.esm,050047F4,050047F3,DLC06ScrapableRockUraniumGroup13,SCOL,-8728.582031,12562.728516,-199.537735,0.0
1557781,DLCworkshop03.esm,050047F8,050047F7,DLC06ScrapableRockUraniumGroup15,SCOL,-8085.305664,13875.1875,-701.197327,222.5478
1557782,DLCworkshop03.esm,050047FB,050047FA,DLC06ScrapableRockUraniumGroup16,SCOL,-8685.34082,14247.126953,-75.188438,176.5289
1557783,DLCworkshop03.esm,050047FD,050047FC,DLC06ScrapableRockUraniumGroup17,SCOL,-10046.120117,13729.862305,-39.119278,252.1129
1557784,DLCworkshop03.esm,050047FF,050047FE,DLC06ScrapableRockUraniumGroup18,SCOL,-10361.053711,12957.910156,-618.103149,113.7326
1557785,DLCworkshop03.esm,05004801,05004800,DLC06ScrapableRockUraniumGroup19,SCOL,-10046.56543,14416.026367,-723.066223,195.3213
1557786,DLCworkshop03.esm,0500482C,050047E6,DLC06ScrapableRockUraniumGroup08,SCOL,-6602.663574,14839.820312,-1016.302002,5.7296
1557787,DLCworkshop03.esm,0500482D,05004800,DLC06ScrapableRockUraniumGroup19,SCOL,-5935.700684,14038.161133,-1019.76947,94.4237
1557788,DLCworkshop03.esm,0500482E,050047C9,DLC06ScrapableRockUraniumGroup01,SCOL,-6220.485352,13782.411133,-1110.016724,19.8245
1557789,DLCworkshop03.esm,0500482F,050047CC,DLC06ScrapableRockUraniumGroup02,SCOL,-5871.521973,15521.509766,-1019.769592,252.1017
1557790,DLCworkshop03.esm,05004830,050047F5,DLC06ScrapableRockUraniumGroup14,SCOL,-6272.712891,15293.692383,-1115.036987,0.0
1557791,DLCworkshop03.esm,05004831,050047F1,DLC06ScrapableRockUraniumGroup12,SCOL,-6943.326172,14418.091797,-381.878876,267.2288
1557792,DLCworkshop03.esm,05004832,050047EF,DLC06ScrapableRockUraniumGroup11,SCOL,-5956.523926,14676.723633,-371.427338,260.65
1557793,DLCworkshop03.esm,05004836,050047E6,DLC06ScrapableRockUraniumGroup08,SCOL,-12008.243164,13493.361328,-453.209839,0.0
1557794,DLCworkshop03.esm,05004837,050047E6,DLC06ScrapableRockUraniumGroup08,SCOL,-13300.06543,13731.595703,-404.286713,0.0
1557795,DLCworkshop03.esm,05004838,050047CC,DLC06ScrapableRockUraniumGroup02,SCOL,-11623.518555,12170.234375,-483.695374,6.3712
1557796,DLCworkshop03.esm,05004839,050047E9,DLC06ScrapableRockUraniumGroup09,SCOL,-11800.951172,12594.990234,-534.301086,102.5028
1557797,DLCworkshop03.esm,0500483B,050047F5,DLC06ScrapableRockUraniumGroup14,SCOL,-13501.026367,14245.961914,-519.269165,319.893
1557798,DLCworkshop03.esm,0500483C,050047E6,DLC06ScrapableRockUraniumGroup08,SCOL,-12352.535156,13357.455078,298.921051,214.8896
1557799,DLCworkshop03.esm,0500483D,050047E6,DLC06ScrapableRockUraniumGroup08,SCOL,-13054.669922,13140.674805,-298.898346,214.8896
1557800,DLCworkshop03.esm,05004A07,00002CE2,PatrolIdleMarker,IDLM,-7215.164062,9172.904297,-255.849731,100.2676
1557801,DLCworkshop03.esm,05004A08,00002CE2,PatrolIdleMarker,IDLM,-7402.040039,10478.305664,-404.731995,351.4056
1557802,DLCworkshop03.esm,05004A09,0003376D,DefaultActivateSelfTrigger,ACTI,-7452.373535,9775.039062,-160.895874,90.0
1557803,DLCworkshop03.esm,05004A0A,0009F974,AmbushFeralGhoulGetUpA,FURN,-7338.329102,9605.294922,-368.000122,317.0281
1557804,DLCworkshop03.esm,05004A0C,00002CE2,PatrolIdleMarker,IDLM,-7260.447266,10615.822266,-434.229065,337.0817
1557805,DLCworkshop03.esm,05004A0D,00002CE2,PatrolIdleMarker,IDLM,-7897.408203,9152.459961,-258.569519,262.5971
1557806,DLCworkshop03.esm,05004A0E,0009F976,AmbushFeralGhoulGetUpC,FURN,-7607.951172,9754.279297,-368.000122,128.9154
1557807,DLCworkshop03.esm,05004A10,000EC7B0,SandboxFeralGhoulSquatEating,FURN,-7643.266113,9899.370117,-367.974457,308.4338
1557808,DLCworkshop03.esm,05004A14,0003376D,DefaultActivateSelfTrigger,ACTI,-9001.286133,13012.806641,-504.513794,0.5442
1557809,DLCworkshop03.esm,05004A15,00074538,AmbushRadScorpion,FURN,-9651.114258,11847.810547,-722.599792,38.4337
1557810,DLCworkshop03.esm,05004A16,00002CE2,PatrolIdleMarker,IDLM,-9505.012695,12106.069336,-728.513794,32.7041
1557811,DLCworkshop03.esm,05004A17,00002CE2,PatrolIdleMarker,IDLM,-9625.053711,11929.910156,-728.513794,38.4338
1557812,DLCworkshop03.esm,05004A18,00002CE2,PatrolIdleMarker,IDLM,-9995.266602,14015.05957,-744.513977,314.1633
1557813,DLCworkshop03.esm,05004A19,00002CE2,PatrolIdleMarker,IDLM,-9055.826172,11728.273438,-656.833496,173.7886
1557814,DLCworkshop03.esm,05004A1B,00074538,AmbushRadScorpion,FURN,-9830.431641,13608.298828,-747.102966,135.8365
1557815,DLCworkshop03.esm,05004A1C,00002CE2,PatrolIdleMarker,IDLM,-8724.998047,13901.603516,-659.275635,48.7014
1557816,DLCworkshop03.esm,05004A1D,00002CE2,PatrolIdleMarker,IDLM,-9725.884766,12213.851562,-744.513977,236.8141
1557817,DLCworkshop03.esm,05004A1F,00074538,AmbushRadScorpion,FURN,-8508.717773,13439.541016,-660.129639,210.3211
1557818,DLCworkshop03.esm,05004A20,00002CE2,PatrolIdleMarker,IDLM,-8824.485352,12170.241211,-664.518066,168.0591
1557819,DLCworkshop03.esm,05004A21,00002CE2,PatrolIdleMarker,IDLM,-9406.71582,14185.245117,-660.021362,0.0
1557820,DLCworkshop03.esm,05004A23,00074538,AmbushRadScorpion,FURN,-8500.944336,12316.361328,-661.639893,314.8964
1557821,DLCworkshop03.esm,05004A24,0003B695,DefaultDummy,ACTI,-9148.375,12668.701172,-42.618317,0.0
1557822,DLCworkshop03.esm,05004A2A,00002CE2,PatrolIdleMarker,IDLM,-12844.179688,13842.157227,-404.286682,140.3747
1557823,DLCworkshop03.esm,05004A2B,00002CE2,PatrolIdleMarker,IDLM,-7469.459473,9276.600586,-356.629333,166.1578
1557824,DLCworkshop03.esm,05001338,050042B9,DLC06VaultWorkshopGenerator01_NoEdit,ACTI,2080.0,6216.0,-128.0,270.0
1557825,DLCworkshop03.esm,05004D5A,00148C6F,DefaultLightCoolFLNS,LIGH,3638.578369,8669.887695,391.268494,270.0001
1557826,DLCworkshop03.esm,05004D5B,00148C6F,DefaultLightCoolFLNS,LIGH,2086.405518,7182.880859,55.243504,90.0001
1557827,DLCworkshop03.esm,05004D5C,00148C6F,DefaultLightCoolFLNS,LIGH,2070.855225,8482.449219,187.381393,0.0001
1557828,DLCworkshop03.esm,05004EF6,000001F7,LightBox,STAT,1759.209106,8777.469727,246.47699,0.0
1557829,DLCworkshop03.esm,05004EF7,000001F7,LightBox,STAT,1738.802002,8969.655273,246.47699,0.0
1557830,DLCworkshop03.esm,05004EF8,000001F7,LightBox,STAT,2734.041992,9367.916992,204.414124,0.0
1557831,DLCworkshop03.esm,05004EF9,000001F7,LightBox,STAT,2686.950928,9227.960938,198.144714,262.0237
1557832,DLCworkshop03.esm,05004EFA,000001F7,LightBox,STAT,3870.212891,8214.649414,69.921356,0.0
1557833,DLCworkshop03.esm,05004EFB,000001F7,LightBox,STAT,3870.212891,8214.649414,70.139351,0.0
1557834,DLCworkshop03.esm,05004EFC,000001F7,LightBox,STAT,4098.327637,8208.584961,103.833847,0.0
1557835,DLCworkshop03.esm,05004EFD,000001F7,LightBox,STAT,4095.104492,8200.996094,125.231644,0.0
1557836,DLCworkshop03.esm,05004EFE,000001F7,LightBox,STAT,2686.950928,9227.960938,197.634613,262.0237
1557837,DLCworkshop03.esm,05004EFF,000001F7,LightBox,STAT,690.039551,8500.742187,-32.902496,0.0
1557838,DLCworkshop03.esm,05004F00,00174FE3,VltLight01FluorBoxLit,STAT,1470.990967,8679.414062,295.0578,270.0
1557839,DLCworkshop03.esm,050044B1,050044B0,DLC06ScrapableBarrels002,SCOL,4859.187012,-4047.385742,-1154.718506,0.0
1557840,DLCworkshop03.esm,050047D1,050047C2,DLC06ScrapableRockUraniumM03,STAT,-8340.925781,11179.223633,-576.710205,57.2959
1557841,DLCworkshop03.esm,05004834,050047C4,DLC06ScrapableRockUraniumM04,STAT,-11770.416992,12615.418945,162.595856,270.0001
1557842,DLCworkshop03.esm,05004835,050047C4,DLC06ScrapableRockUraniumM04,STAT,-10993.699219,12564.943359,115.30497,295.0435
1557843,DLCworkshop03.esm,05004BE7,05004BE6,DLC06ScrapableRockUraniumGroup20,SCOL,1173.923706,-1032.284668,-469.356201,0.0
1557844,DLCworkshop03.esm,05004BE9,05004BE6,DLC06ScrapableRockUraniumGroup20,SCOL,3534.622314,-1981.844482,-800.848999,131.7803
1557845,DLCworkshop03.esm,05004BEA,050047C6,DLC06ScrapableRockUraniumS01,STAT,4021.327393,-2125.540771,-773.164124,0.0
1557846,DLCworkshop03.esm,05004BEC,05004BEB,DLC06ScrapableRockUraniumGroup21,SCOL,4668.907227,-3641.742676,-1121.633179,0.0
1557847,DLCworkshop03.esm,05004BED,05004BE6,DLC06ScrapableRockUraniumGroup20,SCOL,5115.035645,-4087.376953,-1161.726562,57.2958
1557848,DLCworkshop03.esm,05004BEF,050047C2,DLC06ScrapableRockUraniumM03,STAT,5247.117188,-3603.535156,-1166.950439,139.3465
1557849,DLCworkshop03.esm,05004BF0,00018CD9,MetalBarrelStatic02,STAT,6094.993164,-3576.141602,-1153.115112,357.6849
1557850,DLCworkshop03.esm,05004BF3,05004BF2,DLC06ScrapableUraniumBarrelsCarts01,SCOL,5749.334961,-4280.835449,-1116.722778,0.0
1557851,DLCworkshop03.esm,05004C02,05004BE6,DLC06ScrapableRockUraniumGroup20,SCOL,-6763.670898,-3686.671631,70.514862,245.4085
1557852,DLCworkshop03.esm,05004C03,05004BEB,DLC06ScrapableRockUraniumGroup21,SCOL,-9717.813477,-1635.315308,-920.309692,239.679
1557853,DLCworkshop03.esm,05004C04,05004BE6,DLC06ScrapableRockUraniumGroup20,SCOL,-10055.00293,-1043.336426,-992.185059,77.6387
1557854,DLCworkshop03.esm,05004C05,05004BEB,DLC06ScrapableRockUraniumGroup21,SCOL,-9808.881836,-4469.453613,-623.325989,165.1945
1557855,DLCworkshop03.esm,05004C06,05004BE6,DLC06ScrapableRockUraniumGroup20,SCOL,-10339.666992,-4335.784668,-648.704834,119.6822
1557856,DLCworkshop03.esm,05004C29,050047FC,DLC06ScrapableRockUraniumGroup17,SCOL,4839.637695,-4031.655029,-830.252014,200.5353
1557857,DLCworkshop03.esm,05004C2B,05004C2A,DLC06ScrapableRockUraniumGroup22,SCOL,5417.923828,-3593.344238,-915.589722,0.0
1557858,DLCworkshop03.esm,05004C40,05004C3F,DLC06ScrapableUraniumBarrelsCarts02,SCOL,6137.87207,-4303.777344,-1176.824951,0.0
1557859,DLCworkshop03.esm,05004C43,05004C42,DLC06ScrapableUraniumBarrelsCarts03,SCOL,6303.000977,-5238.340332,-1211.757202,0.0
1557860,DLCworkshop03.esm,050041E8,050041E7,DLC06ScrapableGirderPileGroup002,SCOL,545.407959,6929.529297,-4.992408,0.0
1557861,DLCworkshop03.esm,050011C0,05004347,DLC06ScrapableWaterTower01,STAT,-2040.0,9760.0,64.0,90.0001
1557862,DLCworkshop03.esm,05003BD0,05003E43,DLC06ScrapableCrane03,STAT,-2280.364502,8785.644531,-7.170776,295.9773
1557863,DLCworkshop03.esm,05003F03,000C5603,RockPileL01_NF_RubbleRock01,STAT,5192.205078,-3652.063965,-1171.510498,313.2002
1557864,DLCworkshop03.esm,0500514A,00000034,XMarkerHeading,STAT,-508.181366,7013.15625,4.2e-05,28.6479
1557865,DLCworkshop03.esm,05003FF3,05003E83,DLC06ScrapablePipesBarrels01,SCOL,162.029495,9472.898438,39.213692,0.0
1557866,DLCworkshop03.esm,050052CC,050052E7,DLC06ScrapableMetalBarrel01Fire02_Static,STAT,-1207.124268,7651.317383,3.499835,0.0
1557867,DLCworkshop03.esm,050052CD,050052E7,DLC06ScrapableMetalBarrel01Fire02_Static,STAT,-650.516357,7004.106934,-0.446198,154.0219
1557868,DLCworkshop03.esm,05005301,05004C4D,DLC06ScrapableUraniumBarrelsCarts04,SCOL,6624.610352,-5459.305176,-1180.553223,0.0
1557869,DLCworkshop03.esm,050042BC,00000032,COCMarkerHeading,STAT,5759.146484,9760.895508,240.152985,166.5757
1557870,DLCworkshop03.esm,050053E0,00000034,XMarkerHeading,STAT,3521.715576,8646.554688,96.000015,292.2085
1557871,DLCworkshop03.esm,050053E1,00000034,XMarkerHeading,STAT,3520.549805,8506.623047,96.000015,320.8564
1557872,DLCworkshop03.esm,050053E2,00000034,XMarkerHeading,STAT,3557.871094,8767.000977,96.000015,257.831
1557873,DLCworkshop03.esm,050053E3,00000034,XMarkerHeading,STAT,3157.772949,8950.577148,96.000015,178.5804
1557874,DLCworkshop03.esm,050053E5,00000034,XMarkerHeading,STAT,3160.228271,8769.375977,96.000015,355.2339
1557875,DLCworkshop03.esm,050054F2,0000003B,XMarker,STAT,-8999.444336,12826.030273,-638.327332,0.0
1557876,DLCworkshop03.esm,050050F5,05004987,DLC06WorkshopVault_Desk_01,CONT,-487.217804,6870.424805,2.504908,159.5126
1557877,DLCworkshop03.esm,05005108,05004982,DLC06WorkshopNpcChairVaultSit01,FURN,-545.914124,6913.986816,0.574463,52.0938
1557878,DLCworkshop03.esm,050052C1,05003729,VltWorkShopATRIUMFloor01Free,STAT,-1120.000366,7472.000488,24.25,90.0
1557879,DLCworkshop03.esm,050052C3,05003729,VltWorkShopATRIUMFloor01Free,STAT,-1120.000488,7216.000488,24.25,90.0
1557880,DLCworkshop03.esm,05005540,000AE52A,OfficeFileCabinet01_Steel_Prewar,CONT,-1181.523926,6888.491211,67.779785,272.453
1557881,DLCworkshop03.esm,05005549,0022B17E,Workshop_ToolChest,CONT,-1546.050049,6954.319336,-0.163069,279.786
1557882,DLCworkshop03.esm,05005556,050049A9,DLC06WorkshopVault_Shelf_04,STAT,-839.165771,6824.312988,68.46347,358.9119
1557883,DLCworkshop03.esm,05005564,000E37D1,IndustrialCart01,STAT,-1186.43042,7519.972656,24.138296,161.2527
1557884,DLCworkshop03.esm,05005566,05004989,DLC06WorkshopVault_Cart_01,STAT,-1131.827759,7439.851562,24.250031,191.5049
1557885,DLCworkshop03.esm,05005567,05004989,DLC06WorkshopVault_Cart_01,STAT,-741.327209,6915.968262,67.501808,272.636
1557886,DLCworkshop03.esm,05005569,05004989,DLC06WorkshopVault_Cart_01,STAT,-1096.066528,6818.582031,66.802444,186.8643
1557887,DLCworkshop03.esm,050055B7,05001E05,DLC06OverseerCapsule01,STAT,-962.104736,6918.82959,67.1287,89.5537
1557888,DLCworkshop03.esm,05005674,0006A518,DecalGrimeSubtle01,TXST,3367.886475,8811.118164,74.165871,0.0
1557889,DLCworkshop03.esm,05005675,0006A518,DecalGrimeSubtle01,TXST,2915.417969,8887.057617,74.165871,0.0
1557890,DLCworkshop03.esm,05005676,00061887,DecalGrossStain03,TXST,2728.331543,8103.818848,73.687469,0.0
1557891,DLCworkshop03.esm,05005677,00061887,DecalGrossStain03,TXST,3162.576172,7836.093262,68.928642,0.0
1557892,DLCworkshop03.esm,05005678,00061887,DecalGrossStain03,TXST,3850.605713,8074.515625,68.928642,0.0
1557893,DLCworkshop03.esm,05005679,00061887,DecalGrossStain03,TXST,4266.409668,8797.235352,-84.607056,0.0
1557894,DLCworkshop03.esm,0500569E,0006A518,DecalGrimeSubtle01,TXST,2615.785889,9410.763672,74.165871,0.0
1557895,DLCworkshop03.esm,050052C2,05003729,VltWorkShopATRIUMFloor01Free,STAT,-864.000488,7216.000488,24.25,90.0
1557896,DLCworkshop03.esm,050052FE,050052FD,DLC06ScrapableMegaLoaderV04a,SCOL,-1383.364014,7680.081055,57.300232,290.2717
1557897,DLCworkshop03.esm,050014DE,05004987,DLC06WorkshopVault_Desk_01,CONT,2465.912109,9207.640625,95.999939,180.0
1557898,DLCworkshop03.esm,05001558,0500498E,DLC06WorkshopVault_Crate_01_White,STAT,4096.537109,9045.260742,-70.415771,358.3271
1557899,DLCworkshop03.esm,0500155F,000BA5A5,Vault_Crate_03_Blue,STAT,3853.017578,8091.726562,96.0,57.2959
1557900,DLCworkshop03.esm,05001563,050049A0,DLC06WorkshopVault_FloorMat_Large_03,STAT,3464.0,8336.0,96.0,0.0
1557901,DLCworkshop03.esm,05001565,050049A4,DLC06WorkshopVault_FloorMat_Small_01,STAT,3242.888672,8576.208984,95.73877,356.3331
1557902,DLCworkshop03.esm,05001566,050049A4,DLC06WorkshopVault_FloorMat_Small_01,STAT,3242.888672,8642.673828,95.73877,0.0
1557903,DLCworkshop03.esm,0500156A,0500498B,DLC06WorkshopVault_Crate_01_Blue,STAT,3770.751953,8938.457031,95.874451,274.0566
1557904,DLCworkshop03.esm,05001573,050049A4,DLC06WorkshopVault_FloorMat_Small_01,STAT,3857.839844,8458.694336,96.003174,6.3484
1557905,DLCworkshop03.esm,0500157F,050049A2,DLC06WorkshopVault_FloorMat_Medium_01,STAT,2911.46875,8871.804688,95.960815,0.0
1557906,DLCworkshop03.esm,05001580,050049A2,DLC06WorkshopVault_FloorMat_Medium_01,STAT,2782.658203,8872.720703,95.960815,90.0
1557907,DLCworkshop03.esm,05001581,050049A2,DLC06WorkshopVault_FloorMat_Medium_01,STAT,2526.582031,8872.720703,95.960815,90.0
1557908,DLCworkshop03.esm,05001582,050049A2,DLC06WorkshopVault_FloorMat_Medium_01,STAT,2655.392578,8871.804688,95.960815,270.0001
1557909,DLCworkshop03.esm,05001590,05004988,DLC06WorkshopVault_Locker_01,CONT,3032.863281,9261.449219,96.0,90.0
1557910,DLCworkshop03.esm,05001592,050049B3,DLC06WorkshopCafeSideTable01,STAT,2563.208984,9205.216797,96.000061,90.0
1557911,DLCworkshop03.esm,050015BE,000BA591,Vault_Crate_03_Steel,STAT,2260.421875,9568.865234,95.766113,0.4129
1557912,DLCworkshop03.esm,05005316,05005303,DLC06ScrapableBarrels004,SCOL,-1103.642578,10260.943359,0.041758,64.1941
1557913,DLCworkshop03.esm,05005659,000BA59E,Vault_Crate_04_Red,STAT,3067.634766,8397.904297,96.0,179.4511
1557914,DLCworkshop03.esm,05005746,05004989,DLC06WorkshopVault_Cart_01,STAT,3379.423828,9040.841797,96.000015,354.7862
1557915,DLCworkshop03.esm,0500574E,05005181,DLC06VaultSafetyPoster11,STAT,3065.019531,8736.109375,96.0,90.0685
1557916,DLCworkshop03.esm,05000F85,05000F82,VltWorkShopModuleExitToBuildSpace01,STAT,672.0,8488.001953,24.0,270.0
1557917,DLCworkshop03.esm,0500562B,00240A70,WorkshopPowerConnectorFloor01,ACTI,1840.0,6508.0,-312.0,0.0
1557918,DLCworkshop03.esm,0500562D,00240A70,WorkshopPowerConnectorFloor01,ACTI,908.0,8528.0,-328.0,0.0
1557919,DLCworkshop03.esm,0500562E,00240A70,WorkshopPowerConnectorFloor01,ACTI,1376.0,8328.0,-328.0,0.0
1557920,DLCworkshop03.esm,0500562F,00240A70,WorkshopPowerConnectorFloor01,ACTI,1824.0,7744.0,-328.0,0.0
1557921,DLCworkshop03.esm,05005630,00240A70,WorkshopPowerConnectorFloor01,ACTI,1836.0,7092.0,-328.0,0.0
1557922,DLCworkshop03.esm,05005631,050054F3,DLC06StarterPowerConnector01,ACTI,2080.0,6216.0,-132.0,180.0003
1557923,DLCworkshop03.esm,05005632,050054F3,DLC06StarterPowerConnector01,ACTI,672.0,8488.001953,-8.0,180.0004
1557924,DLCworkshop03.esm,05005633,0001D971,BlackWireSpline01,BNDS,1830.0,7417.672852,-300.749298,0.0
1557925,DLCworkshop03.esm,05005634,0001D971,BlackWireSpline01,BNDS,1838.0,6799.672852,-292.749298,0.0
1557926,DLCworkshop03.esm,05005635,0001D971,BlackWireSpline01,BNDS,1960.0,6361.836426,-228.805344,0.0
1557927,DLCworkshop03.esm,05005636,0001D971,BlackWireSpline01,BNDS,790.0,8511.835937,-172.733185,0.0
1557928,DLCworkshop03.esm,05005637,0001D971,BlackWireSpline01,BNDS,1142.0,8427.672852,-300.749298,0.0
1557929,DLCworkshop03.esm,05005638,0001D971,BlackWireSpline01,BNDS,1600.0,8035.672852,-300.749298,0.0
1557930,DLCworkshop03.esm,050010E7,05004988,DLC06WorkshopVault_Locker_01,CONT,3128.0,7808.0,96.0,184.2974
1557931,DLCworkshop03.esm,050014DA,050058A6,DLC06ScrapableVault_Locker_Static01,STAT,3033.294922,9323.525391,96.000061,90.0
1557932,DLCworkshop03.esm,050014DB,050058A9,DLC06ScrapableVault_Locker_Static03,STAT,3035.193359,9413.251953,96.000061,90.0
1557933,DLCworkshop03.esm,050014DC,050049A0,DLC06WorkshopVault_FloorMat_Large_03,STAT,2711.978516,9370.916016,96.0,0.0
1557934,DLCworkshop03.esm,050014E1,050049AB,DLC06WorkshopVault_Table_01,STAT,2593.75,9558.892578,96.268311,358.3269
1557935,DLCworkshop03.esm,0500155C,05004984,DLC06WorkshopNpcBenchVaultSit01,FURN,3400.0,7832.0,96.0,0.0
1557936,DLCworkshop03.esm,05001578,050049A2,DLC06WorkshopVault_FloorMat_Medium_01,STAT,3549.478516,8641.772461,95.855347,0.0
1557937,DLCworkshop03.esm,05001579,050049A3,DLC06WorkshopVault_FloorMat_Medium_02,STAT,3419.470703,8645.154297,95.855347,271.6733
1557938,DLCworkshop03.esm,0500157C,000FD397,OfficeBoxPapers03Prewar,STAT,2496.46875,9556.802734,96.185913,176.6536
1557939,DLCworkshop03.esm,05001594,050049B4,DLC06WorkshopCafeCounterBar01,STAT,2251.283203,9191.333984,90.630005,0.0
1557940,DLCworkshop03.esm,05001595,050049B4,DLC06WorkshopCafeCounterBar01,STAT,2931.253906,9191.333984,90.630005,0.0
1557941,DLCworkshop03.esm,05001598,050049B4,DLC06WorkshopCafeCounterBar01,STAT,2917.076172,9583.806641,90.630005,0.0
1557942,DLCworkshop03.esm,050015A8,0500498A,DLC06WorkshopVault_Crate_01_Beige,STAT,3020.902344,9572.453125,96.088928,353.5607
1557943,DLCworkshop03.esm,050015BC,0004D1CD,PlayerHouse_Rug01,STAT,2905.449219,9531.964844,96.000061,0.0
1557944,DLCworkshop03.esm,050015C8,050049A0,DLC06WorkshopVault_FloorMat_Large_03,STAT,2425.679688,9368.888672,96.0,180.0
1557945,DLCworkshop03.esm,05003E6A,05001E05,DLC06OverseerCapsule01,STAT,-133.005417,1541.693359,-446.682007,177.1355
1557946,DLCworkshop03.esm,05003E9B,05003E87,DLC06ScrapablePipesBarrels03,SCOL,-146.841705,1219.594238,-511.999939,40.107
1557947,DLCworkshop03.esm,05003E9D,05003E85,DLC06ScrapablePipesBarrels02,SCOL,879.453247,949.400024,-511.999969,51.5662
1557948,DLCworkshop03.esm,05005657,050049AB,DLC06WorkshopVault_Table_01,STAT,3199.710693,8553.424805,96.349594,270.0
1557949,DLCworkshop03.esm,050058B4,0500498F,DLC06WorkshopVault_Crate_02_Beige,STAT,135.13887,1647.982178,-503.833466,352.106
1557950,DLCworkshop03.esm,050058C5,00214284,Decal_moss5,TXST,220.470154,717.30957,-560.591614,0.0
1557951,DLCworkshop03.esm,050058C7,00214284,Decal_moss5,TXST,-384.649933,819.128357,-537.09375,0.0013
1557952,DLCworkshop03.esm,050058C8,00214284,Decal_moss5,TXST,12.182014,372.649506,-556.415771,0.0
1557953,DLCworkshop03.esm,050058C9,00214284,Decal_moss5,TXST,-102.983536,647.791809,-556.415771,0.0
1557954,DLCworkshop03.esm,050058CA,00214284,Decal_moss5,TXST,-194.552353,954.555908,-556.415771,0.0
1557955,DLCworkshop03.esm,050058CD,00214284,Decal_moss5,TXST,-222.179581,6.007202,-467.789001,0.0
1557956,DLCworkshop03.esm,050058CE,00214284,Decal_moss5,TXST,150.916565,1112.972534,-560.972229,346.7373
1557957,DLCworkshop03.esm,050058CF,00214284,Decal_moss5,TXST,219.769073,235.911316,-560.876953,346.7373
1557958,DLCworkshop03.esm,050058D0,00214284,Decal_moss5,TXST,-292.17746,627.832275,-556.411499,346.7373
1557959,DLCworkshop03.esm,050058D1,05004B28,DLC06ScrapableLimestoneBouldersSm02,SCOL,785.20697,1373.68689,-561.359314,0.0
1557960,DLCworkshop03.esm,050058D2,00214284,Decal_moss5,TXST,773.998474,1389.637817,-559.384521,0.0239
1557961,DLCworkshop03.esm,050058D3,00214284,Decal_moss5,TXST,606.550781,1309.772339,-560.017395,179.9764
1557962,DLCworkshop03.esm,050058D4,00214284,Decal_moss5,TXST,230.241074,1191.963501,-560.385254,0.0
1557963,DLCworkshop03.esm,050058D5,00214284,Decal_moss5,TXST,88.240341,1599.861572,-559.442566,0.0
1557964,DLCworkshop03.esm,050058D6,00214284,Decal_moss5,TXST,30.675282,1312.763428,-553.029114,179.9937
1557965,DLCworkshop03.esm,050058D8,00214284,Decal_moss5,TXST,54.595501,-26.242126,-565.34845,179.9937
1557966,DLCworkshop03.esm,050058D9,00214284,Decal_moss5,TXST,197.765808,-256.821777,-565.351196,0.0063
1557967,DLCworkshop03.esm,050058DA,00214284,Decal_moss5,TXST,823.053345,186.426849,-556.415771,0.0
1557968,DLCworkshop03.esm,050058DB,00214284,Decal_moss5,TXST,1023.205872,-120.816002,-556.415771,0.0
1557969,DLCworkshop03.esm,050058DC,00214284,Decal_moss5,TXST,980.451782,-408.832611,-556.415771,180.0
1557970,DLCworkshop03.esm,050058DD,00214284,Decal_moss5,TXST,1194.911865,-341.726868,-547.509521,180.0
1557971,DLCworkshop03.esm,050058DE,00214284,Decal_moss5,TXST,727.922729,-427.155396,-558.018127,359.9937
1557972,DLCworkshop03.esm,050058DF,00028A36,PuddleTownDecalMed,TXST,115.65332,1315.167358,-523.334839,0.0
1557973,DLCworkshop03.esm,050058E2,000E4610,EnableMarker,STAT,6247.450195,9195.326172,753.740662,0.0
1557974,DLCworkshop03.esm,05004404,000D38D4,WorkshopConstructionLight01,ACTI,430.378479,9090.466797,-1.346037,56.4592
1557975,DLCworkshop03.esm,050052BC,05003729,VltWorkShopATRIUMFloor01Free,STAT,-352.0,8488.001953,24.0,90.0
1557976,DLCworkshop03.esm,050052EF,05003729,VltWorkShopATRIUMFloor01Free,STAT,416.0,8488.001953,24.0,90.0
1557977,DLCworkshop03.esm,050052F2,0500372D,VltWorkShopATRIUMWall01Low,STAT,416.000092,8744.001953,24.0,90.0
1557978,DLCworkshop03.esm,05005BCB,05003729,VltWorkShopATRIUMFloor01Free,STAT,160.000092,8744.001953,24.0,90.0
1557979,DLCworkshop03.esm,05005BCC,05003729,VltWorkShopATRIUMFloor01Free,STAT,-95.999878,8744.001953,24.0,90.0
1557980,DLCworkshop03.esm,05005BCD,05003729,VltWorkShopATRIUMFloor01Free,STAT,-96.0,8488.001953,24.0,90.0
1557981,DLCworkshop03.esm,05005BD3,05003E41,DLC06ScrapableCrateLargeVaultTec01,STAT,162.819717,8698.146484,24.250061,285.5158
1557982,DLCworkshop03.esm,05005C89,00028A4B,PuddleTownDecalSmall,TXST,-8690.242188,-5889.877441,456.401917,0.0
1557983,DLCworkshop03.esm,05005CA3,00061897,DecalGrossStain05,TXST,-8862.585938,-6523.821289,443.289673,15.5609
1557984,DLCworkshop03.esm,05005CA4,00061897,DecalGrossStain05,TXST,-8654.631836,-6448.78125,443.289703,105.5609
1557985,DLCworkshop03.esm,05005CF3,05005303,DLC06ScrapableBarrels004,SCOL,-8929.59082,-5539.03418,-65.826302,170.9076
1557986,DLCworkshop03.esm,05005E24,00148C6F,DefaultLightCoolFLNS,LIGH,2272.0,8872.0,278.676941,0.0
1557987,DLCworkshop03.esm,05005E25,00148C6F,DefaultLightCoolFLNS,LIGH,2306.743896,8871.226562,191.244766,0.0
1557988,DLCworkshop03.esm,05005E3A,000001F7,LightBox,STAT,2859.692383,9418.725586,156.240219,0.0
1557989,DLCworkshop03.esm,05005E47,05005E46,DLC06ScrapableBarricade01Pharmacy,SCOL,-9090.110352,-5896.054688,451.83725,0.0
1557990,DLCworkshop03.esm,05005EC5,00002CE2,PatrolIdleMarker,IDLM,5923.572266,9084.137695,238.999878,351.4056
1557991,DLCworkshop03.esm,05005EC6,00002CE2,PatrolIdleMarker,IDLM,6035.746582,8510.817383,239.25,242.5435
1557992,DLCworkshop03.esm,05005EC7,00002CE2,PatrolIdleMarker,IDLM,5858.581055,8488.189453,220.808624,105.9972
1557993,DLCworkshop03.esm,05005EC8,00002CE2,PatrolIdleMarker,IDLM,5573.238281,8723.503906,-47.312866,78.3127
1557994,DLCworkshop03.esm,05005EC9,00002CE2,PatrolIdleMarker,IDLM,4874.251953,8735.011719,152.420105,78.3127
1557995,DLCworkshop03.esm,05005ECA,00002CE2,PatrolIdleMarker,IDLM,5260.922852,8519.137695,-40.78125,98.3662
1557996,DLCworkshop03.esm,050052BD,05003729,VltWorkShopATRIUMFloor01Free,STAT,-513.962952,7506.71875,24.25,75.0
1557997,DLCworkshop03.esm,050052BE,05003729,VltWorkShopATRIUMFloor01Free,STAT,-608.000488,7216.000488,24.25,180.0
1557998,DLCworkshop03.esm,05005304,05005303,DLC06ScrapableBarrels004,SCOL,-47.673523,7662.264648,-0.470875,352.6661
1557999,DLCworkshop03.esm,05000F79,05000F78,DLC06ScrapableTrain02b,SCOL,-840.0,10424.0,24.0,0.0
1558000,DLCworkshop03.esm,05000F8C,05000F8B,DLC06ScrapableTrain02a,SCOL,-839.999573,9312.0,24.00635,0.0
1558001,DLCworkshop03.esm,05000FBC,0012924F,SignFrameMetalRect01,STAT,-619.299866,6760.075684,112.404564,14.5662
1558002,DLCworkshop03.esm,05000FBE,00049D9F,Prewar_Cabinet_Garage_01,CONT,-613.757385,6800.150391,6.916256,195.241
1558003,DLCworkshop03.esm,05000FBF,05004989,DLC06WorkshopVault_Cart_01,STAT,-691.683411,7157.304687,24.250031,69.9808
1558004,DLCworkshop03.esm,05001044,05001043,DLC06ScrapableCrateAndLadder01,SCOL,-202.76239,7288.422852,0.0,0.0
1558005,DLCworkshop03.esm,05000FB4,05000FB3,DLC06ScrapableTrainTracks01,SCOL,-2360.0,8104.000488,56.0,0.0
1558006,DLCworkshop03.esm,05000FB7,05000FB3,DLC06ScrapableTrainTracks01,SCOL,-2375.999756,9120.0,56.0,0.0
1558007,DLCworkshop03.esm,0500104A,05000FB3,DLC06ScrapableTrainTracks01,SCOL,-9912.555664,8088.299805,-566.786377,179.7138
1558008,DLCworkshop03.esm,05001083,00000034,XMarkerHeading,STAT,-297.443909,8500.31543,24.499973,91.6733
1558009,DLCworkshop03.esm,050010BA,050010B9,DLC06ScrapableTrain01a,SCOL,28.588997,10120.485352,371.740417,0.0
1558010,DLCworkshop03.esm,05000F7B,05000F7A,DLC06ScrapableTrain02bTracks,SCOL,-840.0,10472.0,24.0,0.0
1558011,DLCworkshop03.esm,05000F88,05000F80,DLC06ScrapableTrain02aTracks,SCOL,-839.999634,9264.0,24.00635,0.0
1558012,DLCworkshop03.esm,05000F9A,05000F97,DLC06ScrapableTrain02cTracks,SCOL,-841.146851,11494.086914,24.0,0.0
1558013,DLCworkshop03.esm,05000FAE,05000FAD,DLC06ScrapableTrain03bTracks,SCOL,-1608.0,10216.0,24.0,0.0
1558014,DLCworkshop03.esm,05000FBA,05000FB3,DLC06ScrapableTrainTracks01,SCOL,-1608.0,11239.853516,24.0,90.0002
1558015,DLCworkshop03.esm,05001092,05001091,DLC06ScrapableTrainTracksDbl01,SCOL,-1607.999268,8679.987305,24.0,0.0
1558016,DLCworkshop03.esm,05001094,05001091,DLC06ScrapableTrainTracksDbl01,SCOL,-78.720444,10016.275391,24.0,179.92
1558017,DLCworkshop03.esm,05005BD2,05003E41,DLC06ScrapableCrateLargeVaultTec01,STAT,-136.0,8752.0,24.0,256.8683
1558018,DLCworkshop03.esm,05000FCC,0003A9ED,OfficeBoxPapers03,STAT,-827.714478,7295.592773,24.25,238.4758
1558019,DLCworkshop03.esm,0500103A,05001039,DLC06ScrapableOverseerClutter06,SCOL,-648.322266,7172.698242,24.25,0.0
1558020,DLCworkshop03.esm,05005318,05005317,DLC06ScrapableMainRoomDebris003,SCOL,-483.66217,8186.685547,-64.089798,0.0
1558021,DLCworkshop03.esm,0500119B,000618DD,DecalStainRust10,TXST,4813.921875,8603.791016,564.040283,270.0
1558022,DLCworkshop03.esm,0500119C,000618DD,DecalStainRust10,TXST,4678.009766,8479.100586,564.040283,270.0
1558023,DLCworkshop03.esm,0500589A,0500583D,DLC06ScrapableOverseerClutter02,SCOL,-423.307648,6935.325195,0.215618,24.6374
1558024,DLCworkshop03.esm,05005E0D,05005E0C,DLC06ScrapableBarricade02Subway,SCOL,6592.676758,-6262.624512,-1181.736694,0.0
1558025,DLCworkshop03.esm,050011FF,00000034,XMarkerHeading,STAT,6612.371582,-6109.69043,-1179.291138,0.4181
1558026,DLCworkshop03.esm,05001200,00000034,XMarkerHeading,STAT,-9349.951172,-5092.164062,453.877319,120.7392
1558027,DLCworkshop03.esm,050052F4,0500372D,VltWorkShopATRIUMWall01Low,STAT,415.999908,8232.001953,24.0,90.0
1558028,DLCworkshop03.esm,05005BCE,05003729,VltWorkShopATRIUMFloor01Free,STAT,160.0,8488.001953,24.0,0.0
1558029,DLCworkshop03.esm,0500123F,00061880,DecalGrossStain02,TXST,873.814087,8393.923828,173.944412,180.0
1558030,DLCworkshop03.esm,05001240,00214280,Decal_moss3,TXST,826.16626,8393.854492,15.690104,359.9658
1558031,DLCworkshop03.esm,05001241,00061894,DecalGrossStain04,TXST,830.182922,8594.844727,117.787216,179.9658
1558032,DLCworkshop03.esm,05001242,00061894,DecalGrossStain04,TXST,1084.199829,8491.703125,97.013031,0.0014
1558033,DLCworkshop03.esm,05001243,00061894,DecalGrossStain04,TXST,935.460327,8487.49707,61.495377,15.0014
1558034,DLCworkshop03.esm,05001244,00061894,DecalGrossStain04,TXST,635.695129,8401.642578,155.806549,359.9658
1558035,DLCworkshop03.esm,05001253,00214280,Decal_moss3,TXST,867.470886,8595.873047,-10.019128,179.9657
1558036,DLCworkshop03.esm,05001254,0021D10A,Decal_moss4c,TXST,870.204407,8588.631836,49.445541,0.0338
1558037,DLCworkshop03.esm,05001256,0006A518,DecalGrimeSubtle01,TXST,656.547913,8584.237305,90.696594,359.9604
1558038,DLCworkshop03.esm,05001257,0021D10A,Decal_moss4c,TXST,576.975342,8601.382812,79.276192,0.0338
1558039,DLCworkshop03.esm,0500125B,00232A67,Decal_moss13b,TXST,606.190735,8596.019531,0.462145,179.9749
1558040,DLCworkshop03.esm,0500127B,05004989,DLC06WorkshopVault_Cart_01,STAT,1456.627563,8912.325195,96.000015,314.5073
1558041,DLCworkshop03.esm,050012B3,00002CE2,PatrolIdleMarker,IDLM,2089.908936,8091.541504,96.000031,242.5435
1558042,DLCworkshop03.esm,050012B4,00002CE2,PatrolIdleMarker,IDLM,3413.191895,8648.574219,97.116112,271.1916
1558043,DLCworkshop03.esm,050012B5,00002CE2,PatrolIdleMarker,IDLM,2426.79834,9402.766602,96.000031,93.5746
1558044,DLCworkshop03.esm,050012B6,00002CE2,PatrolIdleMarker,IDLM,3139.043701,8092.640625,97.116112,271.1916
1558045,DLCworkshop03.esm,050012B7,00002CE2,PatrolIdleMarker,IDLM,4129.819824,8420.087891,137.355972,20.0536
1558046,DLCworkshop03.esm,050012B8,00002CE2,PatrolIdleMarker,IDLM,1574.738892,8876.402344,96.000031,87.845
1558047,DLCworkshop03.esm,050012D7,001D4298,KlaxonLightGlowNS,LIGH,2113.088867,8880.158203,314.536041,350.5389
1558048,DLCworkshop03.esm,050012D8,001D4298,KlaxonLightGlowNS,LIGH,3295.080322,8566.232422,303.978119,0.0
1558049,DLCworkshop03.esm,050012D9,001D4298,KlaxonLightGlowNS,LIGH,1966.398193,7217.598633,133.945679,350.5389
1558050,DLCworkshop03.esm,050012DA,001D4298,KlaxonLightGlowNS,LIGH,1600.25,8104.847168,280.541199,29.0546
1558051,DLCworkshop03.esm,050012DB,001D4298,KlaxonLightGlowNS,LIGH,4000.730225,8206.329102,328.884979,0.0
1558052,DLCworkshop03.esm,050012FE,00193B93,GenericKlaxon2DLPMMarker,SOUN,2113.088867,8880.158203,314.536041,89.9999
1558053,DLCworkshop03.esm,050012FF,00193B93,GenericKlaxon2DLPMMarker,SOUN,3295.080322,8566.232422,303.978119,0.0
1558054,DLCworkshop03.esm,05001300,00193B93,GenericKlaxon2DLPMMarker,SOUN,1966.398193,7217.598633,133.945679,89.9999
1558055,DLCworkshop03.esm,05001301,00193B93,GenericKlaxon2DLPMMarker,SOUN,1600.25,8104.847168,280.541199,89.9999
1558056,DLCworkshop03.esm,05001302,00193B93,GenericKlaxon2DLPMMarker,SOUN,4074.171387,8147.251465,328.884979,0.0
1558057,DLCworkshop03.esm,0500131A,0000003B,XMarker,STAT,3238.014648,9323.525391,96.000061,0.0
1558058,DLCworkshop03.esm,0500125D,0500125C,DLC06ScrapableHallwayCollapse01FinalStage3,SCOL,796.603333,8465.145508,14.18387,0.0
1558059,DLCworkshop03.esm,05001320,00061887,DecalGrossStain03,TXST,-2118.651611,8319.570312,64.898682,270.0
1558060,DLCworkshop03.esm,05001321,00061887,DecalGrossStain03,TXST,-2351.916016,8297.679687,64.898682,45.0
1558061,DLCworkshop03.esm,05000F73,000AC5EA,VltDoorRes01B,DOOR,1312.0,8488.000977,96.0,90.0
1558062,DLCworkshop03.esm,050013FF,050013FB,DLC06ScrapableHallwayCollapse01FinalStage2,SCOL,892.323181,8502.46875,52.494629,0.0
1558063,DLCworkshop03.esm,05001409,05001408,DLC06ScrapableHallwayCollapse01FinalStage4,SCOL,611.94281,8540.489258,24.319622,0.0
1558064,DLCworkshop03.esm,0500140D,0005F49C,AshAndCharDepth64,TXST,-2233.465576,8385.301758,3.291229,180.1474
1558065,DLCworkshop03.esm,0500140F,0500140E,DLC06ScrapableSuperReactorCoreAndHook,SCOL,-2259.868164,8381.638672,76.014473,0.0
1558066,DLCworkshop03.esm,05001420,0005F49C,AshAndCharDepth64,TXST,-2231.439941,8367.854492,3.286743,180.1474
1558067,DLCworkshop03.esm,05000F91,05000F90,DLC06ScrapableTrain02c,SCOL,-841.146851,11526.086914,24.0,0.0
1558068,DLCworkshop03.esm,05000FA9,05000FA8,DLC06ScrapableTrain03a,SCOL,-1607.940063,8663.041992,21.483543,0.0
1558069,DLCworkshop03.esm,05000FAC,05000FAB,DLC06ScrapableTrain03b,SCOL,-1611.423828,10168.572266,23.019901,0.0
1558070,DLCworkshop03.esm,05000FB9,05000FB8,DLC06ScrapableTrain03c,SCOL,-1608.0,11272.0,24.0,0.0
1558071,DLCworkshop03.esm,050010C7,050010C6,DLC06ScrapableTrain01b,SCOL,-79.415123,11543.982422,23.019901,0.0
1558072,DLCworkshop03.esm,0500146A,001C7573,DecalBloodGlowingGround,TXST,-2230.122803,8367.837891,12.867798,180.1474
1558073,DLCworkshop03.esm,0500149A,00061887,DecalGrossStain03,TXST,-2117.762939,7406.415039,10.737999,241.8132
1558074,DLCworkshop03.esm,050014BA,00061887,DecalGrossStain03,TXST,-2559.867676,7702.459473,71.702202,163.8979
1558075,DLCworkshop03.esm,050014BB,00061897,DecalGrossStain05,TXST,-2385.802979,7396.487305,105.63736,180.0001
1558076,DLCworkshop03.esm,0500162F,000E4610,EnableMarker,STAT,-832.0,11232.0,576.0,0.0
1558077,DLCworkshop03.esm,050052F8,050052F7,DLC06ScrapableMainRoomStarterWall04,SCOL,415.999817,7976.001953,24.0,0.0
1558078,DLCworkshop03.esm,050038CE,00106A17,MonorailCarMid01,STAT,6154.979492,-6517.15332,-1021.428528,91.9406
1558079,DLCworkshop03.esm,05001261,001A7DA3,Handcart01,STAT,1882.368896,8176.214844,97.942276,353.7028
1558080,DLCworkshop03.esm,05001262,05004991,DLC06WorkshopVault_Crate_02_Red,STAT,1917.672974,8225.900391,93.015831,180.0
1558081,DLCworkshop03.esm,05001264,05004997,DLC06WorkshopVault_Crate_03_Steel,STAT,1826.836426,8216.834961,93.015831,165.0001
1558082,DLCworkshop03.esm,05001265,0500498B,DLC06WorkshopVault_Crate_01_Blue,STAT,1803.000122,7998.748047,117.068436,0.0001
1558083,DLCworkshop03.esm,0500126A,050049A4,DLC06WorkshopVault_FloorMat_Small_01,STAT,1751.802734,8128.424805,96.0,356.1612
1558084,DLCworkshop03.esm,0500126F,050049A5,DLC06WorkshopVault_NightStand_01,STAT,1701.954224,8225.268555,96.0,342.926
1558085,DLCworkshop03.esm,05001273,050049A5,DLC06WorkshopVault_NightStand_01,STAT,1937.630737,7988.496582,96.0,23.0331
1558086,DLCworkshop03.esm,05001274,050049A4,DLC06WorkshopVault_FloorMat_Small_01,STAT,1923.00293,8053.395996,96.0,310.3246
1558087,DLCworkshop03.esm,0500127A,050049A5,DLC06WorkshopVault_NightStand_01,STAT,1446.088379,8838.174805,96.0,227.1888
1558088,DLCworkshop03.esm,050014D7,050011CC,DLC06ConBig03,STAT,2144.0,9272.0,96.0,270.0001
1558089,DLCworkshop03.esm,050014D8,050011CB,DLC06ConBig02,STAT,2144.0,9360.0,96.0,270.0001
1558090,DLCworkshop03.esm,0500159C,0500498D,DLC06WorkshopVault_Crate_01_Steel,STAT,3021.080078,9193.994141,96.088928,353.5607
1558091,DLCworkshop03.esm,050015B7,000FD397,OfficeBoxPapers03Prewar,STAT,3022.818359,9324.835938,107.701843,0.0
1558092,DLCworkshop03.esm,050015C2,000FD397,OfficeBoxPapers03Prewar,STAT,3028.041016,9326.234375,129.904907,351.5205
1558093,DLCworkshop03.esm,0500167C,0500167B,DLC06ScrapableConsoles01,SCOL,2700.0,9570.564453,157.0,0.0
1558094,DLCworkshop03.esm,050016CA,000E7D9C,StepLadderOpenSmall,STAT,2512.390381,7001.435059,-128.471863,285.0001
1558095,DLCworkshop03.esm,050016CD,0003A9EC,OfficeBoxPapers02,STAT,2198.619141,6970.29248,-127.344002,67.6061
1558096,DLCworkshop03.esm,050016D0,050049A8,DLC06WorkshopVault_Shelf_03,STAT,2534.243896,6880.861328,-128.12648,270.0
1558097,DLCworkshop03.esm,050016D6,050049A1,DLC06WorkshopVault_FloorMat_Large_04,STAT,2098.84082,6681.362793,-127.914001,180.5157
1558098,DLCworkshop03.esm,05001734,050011CC,DLC06ConBig03,STAT,1631.904907,6775.799316,-128.0,270.0
1558099,DLCworkshop03.esm,05001735,050011CA,DLC06ConBig01,STAT,1631.904663,6693.96875,-128.0,270.0
1558100,DLCworkshop03.esm,0500173F,050049A8,DLC06WorkshopVault_Shelf_03,STAT,1629.002075,6495.662109,-128.12648,270.0
1558101,DLCworkshop03.esm,05001746,050049A8,DLC06WorkshopVault_Shelf_03,STAT,1629.002075,6880.861328,-128.12648,270.0
1558102,DLCworkshop03.esm,05001747,05004989,DLC06WorkshopVault_Cart_01,STAT,1632.536011,6984.908691,-127.85675,232.0818
1558103,DLCworkshop03.esm,05001749,05004994,DLC06WorkshopVault_Crate_03_Beige,STAT,1730.479248,6376.187988,-127.85675,6.188
1558104,DLCworkshop03.esm,05001757,05004994,DLC06WorkshopVault_Crate_03_Beige,STAT,2501.965576,6373.236328,-127.85675,6.188
1558105,DLCworkshop03.esm,0500175F,05004992,DLC06WorkshopVault_Crate_02_Steel,STAT,2518.723877,6418.741699,-127.85675,358.2813
1558106,DLCworkshop03.esm,05001769,00024843,TrafficCone,MSTT,2375.15625,6426.245117,-126.538376,285.5156
1558107,DLCworkshop03.esm,05001792,050058A6,DLC06ScrapableVault_Locker_Static01,STAT,1912.954102,7023.205078,-128.000092,355.8748
1558108,DLCworkshop03.esm,0500181A,05004994,DLC06WorkshopVault_Crate_03_Beige,STAT,2370.839844,6969.119141,-127.85675,12.3759
1558109,DLCworkshop03.esm,05001836,05004992,DLC06WorkshopVault_Crate_02_Steel,STAT,2436.738037,7052.222168,-105.896095,180.0
1558110,DLCworkshop03.esm,050019CC,0003A9EC,OfficeBoxPapers02,STAT,1676.462891,6464.714355,-127.869026,170.9244
1558111,DLCworkshop03.esm,050019EA,050055D6,DLC06VaultSignConstruct05,STAT,1783.570435,6448.336426,-127.285133,270.0001
1558112,DLCworkshop03.esm,050019EB,0003A9ED,OfficeBoxPapers03,STAT,1876.043701,6620.912109,-128.038742,174.1789
1558113,DLCworkshop03.esm,050019EC,00061887,DecalGrossStain03,TXST,2083.653076,6675.793945,-125.44841,0.0
1558114,DLCworkshop03.esm,05001A1D,001A594A,TrashcanMetalOffice01_Prewar,MSTT,1999.224609,6491.5625,-128.000046,0.0
1558115,DLCworkshop03.esm,050037C2,050036D2,DLC06ScrapableCaveIn01,SCOL,-8867.875,1097.014526,-1027.371704,12.2899
1558116,DLCworkshop03.esm,05001A4D,00000021,CollisionMarker,STAT,-9033.855469,979.729126,-791.978516,346.5065
1558117,DLCworkshop03.esm,05001A4E,00000021,CollisionMarker,STAT,-8741.353516,1140.505127,-791.978516,55.2617
1558118,DLCworkshop03.esm,05001A50,00000021,CollisionMarker,STAT,-2022.868652,5117.269531,232.982422,223.6479
1558119,DLCworkshop03.esm,05001A78,05001A76,DLC06DirtGravelAlphaDecal01,TXST,-4804.04248,-4796.807617,-517.584534,346.7373
1558120,DLCworkshop03.esm,05001263,0500498A,DLC06WorkshopVault_Crate_01_Beige,STAT,1849.391724,8227.657227,134.127899,354.214
1558121,DLCworkshop03.esm,05003AE5,05001B90,DLC06ScrapBldCounter01,STAT,-8543.166992,-5454.307617,453.591187,164.4392
1558122,DLCworkshop03.esm,05003AF7,05001B8D,DLC06Shelf_Grocery_TwoSided_Broken01,STAT,-8872.666992,-5227.161621,453.591187,56.6942
1558123,DLCworkshop03.esm,05003AF8,05001B8D,DLC06Shelf_Grocery_TwoSided_Broken01,STAT,-9223.310547,-4892.493652,453.591187,73.0233
1558124,DLCworkshop03.esm,05003AFA,05001B8C,DLC06Shelf_Grocery_OneSided_Broken01,STAT,-8495.066406,-5176.866699,453.591187,164.7543
1558125,DLCworkshop03.esm,05003AFB,05001B8C,DLC06Shelf_Grocery_OneSided_Broken01,STAT,-9063.68457,-5303.362305,453.591187,164.4392
1558126,DLCworkshop03.esm,05004282,05001B9C,DLC06IndMetalDoor01STATIC,STAT,-9208.431641,-5773.645508,457.127625,0.0
1558127,DLCworkshop03.esm,05005C16,00143B1C,IceMachine01,CONT,-9427.995117,-5286.863281,453.591187,164.564
1558128,DLCworkshop03.esm,05005C19,001D4A72,MagazineRackContainer02,CONT,-9357.511719,-5599.025879,453.591187,343.7969
1558129,DLCworkshop03.esm,05005C23,001D4A72,MagazineRackContainer02,CONT,-8812.291992,-5696.538086,453.591187,253.7969
1558130,DLCworkshop03.esm,05005C25,0023AE13,WorkshopWallShelfMetal01,STAT,-8681.978516,-5677.896973,562.485107,255.0
1558131,DLCworkshop03.esm,05005C26,0023AE13,WorkshopWallShelfMetal01,STAT,-8681.978516,-5677.896973,587.078369,255.0
1558132,DLCworkshop03.esm,05005C2B,00027EB8,PlayerHouse_Ruin_Rug03,STAT,-8777.171875,-4936.230957,453.591187,75.0
1558133,DLCworkshop03.esm,05005C2E,001D4A6F,MagazineRackContainer01,CONT,-8878.302734,-4803.459473,454.221954,0.0
1558134,DLCworkshop03.esm,05005CD1,000211F7,WoodCrate03,STAT,-9465.613281,-5178.146973,197.587433,342.4677
1558135,DLCworkshop03.esm,05005CD2,000211F7,WoodCrate03,STAT,-9432.170898,-5279.472656,197.587433,348.9421
1558136,DLCworkshop03.esm,05001B97,05001B96,DLC06ScrapHighTechCounter01,SCOL,-9384.217773,-5460.294922,197.558228,0.0
1558137,DLCworkshop03.esm,05001B9A,05001B99,DLC06ScrapBldFloorDebris01,SCOL,-8808.786133,-5105.505859,-0.869722,0.0
1558138,DLCworkshop03.esm,05004A04,001ABE38,MetalShelf01_Broken01,STAT,-9706.416016,-5696.634766,-559.187927,343.7293
1558139,DLCworkshop03.esm,05004A05,001ABE3A,MetalShelf01_Broken02,STAT,-9743.077148,-5528.053223,-559.187927,346.0211
1558140,DLCworkshop03.esm,05005D85,00043349,PhoneBooth,STAT,6649.286133,-4636.71875,-1116.722778,0.0
1558141,DLCworkshop03.esm,05005DFC,00049D9F,Prewar_Cabinet_Garage_01,CONT,6715.697754,-4818.786621,-1180.722778,1.4897
1558142,DLCworkshop03.esm,05005E05,000E479C,FlatbedCart,STAT,6774.462402,-4990.201172,-1180.057373,260.1911
1558143,DLCworkshop03.esm,05003FDD,05003FDC,DLC06ScrapableMegaLoaderV01a,SCOL,-5843.61084,4992.229492,-969.102844,22.9184
1558144,DLCworkshop03.esm,05004115,05003E83,DLC06ScrapablePipesBarrels01,SCOL,-4793.759766,-2639.389404,-977.00708,193.8424
1558145,DLCworkshop03.esm,05004152,05004997,DLC06WorkshopVault_Crate_03_Steel,STAT,-6557.659668,-3919.820801,10.86944,254.3352
1558146,DLCworkshop03.esm,05004199,000E37D1,IndustrialCart01,STAT,-9563.205078,2524.040527,-1036.346436,259.6754
1558147,DLCworkshop03.esm,050041F2,000E37D1,IndustrialCart01,STAT,-9914.038086,-4286.490723,-630.746704,285.4022
1558148,DLCworkshop03.esm,050043A4,050043A3,DLC06ScrapableGirderPile006,SCOL,-4.141233,-9.698746,-521.725708,14.6679
1558149,DLCworkshop03.esm,050044DA,05003FD2,DLC06ScrapableCinderBlocks01,SCOL,-8006.748535,2591.281982,-1025.049927,319.8358
1558150,DLCworkshop03.esm,0500586F,000211F6,WoodCrate02,STAT,-9906.202148,8495.100586,-618.277527,229.8665
1558151,DLCworkshop03.esm,05001BB5,000E4610,EnableMarker,STAT,5116.075684,-3109.978027,-740.831787,0.0
1558152,DLCworkshop03.esm,05001BB6,000BA4B8,DecalBloodSmear02,TXST,6564.810059,-7354.611816,-924.722778,0.0
1558153,DLCworkshop03.esm,05001BB7,000BA4B6,DecalBloodHandPrint,TXST,6531.751953,-7409.994141,-844.722778,181.0887
1558154,DLCworkshop03.esm,05001BB8,0003059C,DecalBloodSplatMed,TXST,6578.558105,-7178.78125,-924.722778,0.0
1558155,DLCworkshop03.esm,05001BB9,000BA4BA,DecalBloodSmearSmall,TXST,6679.572754,-6857.81543,-964.971802,0.0
1558156,DLCworkshop03.esm,05001BBA,000BA4B6,DecalBloodHandPrint,TXST,6647.062012,-6918.382324,-844.722778,91.063
1558157,DLCworkshop03.esm,05001BBB,000BA4B8,DecalBloodSmear02,TXST,6657.646973,-6608.643066,-1054.22876,180.0001
1558158,DLCworkshop03.esm,05001BBC,000BA4BA,DecalBloodSmearSmall,TXST,6508.966797,-6511.03125,-1180.722778,180.0001
1558159,DLCworkshop03.esm,05001BBD,0003059C,DecalBloodSplatMed,TXST,6525.577637,-6911.663086,-1180.722778,0.0001
1558160,DLCworkshop03.esm,05001BBF,0003059C,DecalBloodSplatMed,TXST,6650.999512,-7040.489258,-1180.722778,0.0001
1558161,DLCworkshop03.esm,05001BE4,00000034,XMarkerHeading,STAT,2099.102051,8114.246094,96.0,269.7081
1558162,DLCworkshop03.esm,05004043,00049D9F,Prewar_Cabinet_Garage_01,CONT,-3748.948486,5497.737793,-402.802734,355.703
1558163,DLCworkshop03.esm,050044E3,050044E2,DLC06ScrapableConcretePipes001,SCOL,-10454.155273,7558.009277,-588.247986,51.6237
1558164,DLCworkshop03.esm,05005855,000E37D1,IndustrialCart01,STAT,-9892.78418,7520.183105,-626.433411,302.0467
1558165,DLCworkshop03.esm,0500586C,000211F6,WoodCrate02,STAT,-10618.905273,7549.381836,-616.478638,270.0
1558166,DLCworkshop03.esm,05005876,05005870,DLC06VaultPipe001,SCOL,-9532.785156,7656.742676,-598.320801,173.3578
1558167,DLCworkshop03.esm,05001C04,05001A76,DLC06DirtGravelAlphaDecal01,TXST,1342.24585,-3763.46875,-1031.182373,180.0
1558168,DLCworkshop03.esm,05001C05,05001A76,DLC06DirtGravelAlphaDecal01,TXST,1340.884033,-4250.040039,-1031.182373,0.0
1558169,DLCworkshop03.esm,05001D1B,05001D1A,DLC06ScrapableMegaLoaderMarble02,SCOL,-545.131104,-4342.166016,-458.753265,0.0
1558170,DLCworkshop03.esm,05001D2F,05001D17,DLC06ScrapableMegaLoaderMarble01,SCOL,-1408.834229,-2751.023926,-458.327667,142.0935
1558171,DLCworkshop03.esm,05001296,05001295,DLC06ScrapableHallwayCollapse01FinalStage5,SCOL,192.428879,8564.237305,-24.251932,0.0
1558172,DLCworkshop03.esm,05001298,05001297,DLC06ScrapableMainRoomDebris004,SCOL,149.85881,8880.490234,-30.801353,0.0
1558173,DLCworkshop03.esm,05001B73,05001B72,DLC06ScrapableRockslide01,SCOL,155.634155,4883.422852,19.69906,0.0
1558174,DLCworkshop03.esm,0500553B,0500553A,DLC06ScrapablePipesBarrels05,SCOL,309.201904,7459.645508,-0.341994,0.0
1558175,DLCworkshop03.esm,05001B74,05003E85,DLC06ScrapablePipesBarrels02,SCOL,7.964218,2984.01416,-470.07428,12.4228
1558176,DLCworkshop03.esm,05001BE8,05004BDA,DLC06ScrapableJerseyBarriers07,SCOL,-10122.608398,7182.371094,-606.829834,135.0001
1558177,DLCworkshop03.esm,05001D18,05001D17,DLC06ScrapableMegaLoaderMarble01,SCOL,-889.878784,1111.559326,-456.772949,0.0
1558178,DLCworkshop03.esm,05003E9C,05003E85,DLC06ScrapablePipesBarrels02,SCOL,163.231232,601.541504,-511.999939,0.0
1558179,DLCworkshop03.esm,0500448C,050043A0,DLC06ScrapableCinderBlocks02,SCOL,-210.607224,331.203308,-514.846069,74.2554
1558180,DLCworkshop03.esm,05004B13,05004B12,DLC06ScrapableLimestoneBolders01,SCOL,-111.232788,720.925781,-544.298218,0.0
1558181,DLCworkshop03.esm,05004FCC,05004B53,DLC06ScrapableLimestoneBolders04,SCOL,1153.215088,-210.997391,-500.364655,308.4339
1558182,DLCworkshop03.esm,05001B6E,05003E42,DLC06ScrapableCrateLargeBlueRust,STAT,583.586792,3478.255371,-317.212738,304.3775
1558183,DLCworkshop03.esm,05001D91,05001D90,DLC06ScrapableMegaLoaderMarble04,SCOL,-5642.716309,-3249.92334,-971.445374,0.0
1558184,DLCworkshop03.esm,05001DA4,05001DA3,DLC06ScrapableJerseyBarriersMarbleBlock01,SCOL,-6026.990723,-2851.726562,-962.47644,0.0
1558185,DLCworkshop03.esm,05001DA6,05001DA5,DLC06ScrapableBarrelsPipes02,SCOL,-5909.664551,-2132.676758,-1022.728577,0.0
1558186,DLCworkshop03.esm,05001DB2,05001DB1,DLC06ScrapableLimestoneWallMarble01,SCOL,-1617.13208,967.713806,-509.538666,0.0
1558187,DLCworkshop03.esm,05001DB7,05004B12,DLC06ScrapableLimestoneBolders01,SCOL,687.612915,1874.945801,-520.129517,296.9747
1558188,DLCworkshop03.esm,05001DB8,05004B28,DLC06ScrapableLimestoneBouldersSm02,SCOL,609.364624,1666.6875,-551.047974,136.5935
1558189,DLCworkshop03.esm,05001DB9,00214284,Decal_moss5,TXST,584.835876,1588.168213,-560.017395,179.9993
1558190,DLCworkshop03.esm,05001DBA,00214284,Decal_moss5,TXST,608.054504,1810.600098,-559.384521,179.9953
1558191,DLCworkshop03.esm,05001DBB,00214284,Decal_moss5,TXST,-1158.504395,-2680.675537,-509.518433,179.9953
1558192,DLCworkshop03.esm,05001DBC,00214284,Decal_moss5,TXST,-1181.720947,-2903.107422,-509.850037,179.9993
1558193,DLCworkshop03.esm,05001DBD,00214284,Decal_moss5,TXST,-1654.128052,-3030.251465,-509.518433,179.9953
1558194,DLCworkshop03.esm,05001DBE,00214284,Decal_moss5,TXST,-1501.623779,-2861.573975,-509.518433,179.9819
1558195,DLCworkshop03.esm,05001DBF,00214284,Decal_moss5,TXST,-1516.260498,-2585.017578,-509.518433,179.9819
1558196,DLCworkshop03.esm,05001DC0,00214284,Decal_moss5,TXST,-1204.77832,-2449.074707,-509.518433,179.9819
1558197,DLCworkshop03.esm,05001DCC,00214284,Decal_moss5,TXST,-815.481445,748.729126,-537.09375,0.0
1558198,DLCworkshop03.esm,05001DCD,00214284,Decal_moss5,TXST,-1041.71521,912.547546,-529.790649,0.0
1558199,DLCworkshop03.esm,05001DCE,00214284,Decal_moss5,TXST,-1213.960693,1260.172852,-537.09375,0.0
1558200,DLCworkshop03.esm,05001DD1,05004999,DLC06WorkshopVault_Crate_04_Beige,STAT,-496.674591,-2750.465576,-524.022583,255.0
1558201,DLCworkshop03.esm,05001DE6,00214284,Decal_moss5,TXST,-860.108704,-3673.900635,-511.450867,359.9988
1558202,DLCworkshop03.esm,05001DE7,00214284,Decal_moss5,TXST,-737.061646,-4962.165039,-512.645935,180.0059
1558203,DLCworkshop03.esm,05001DE8,00214284,Decal_moss5,TXST,-554.193176,-4980.535156,-512.645935,180.001
1558204,DLCworkshop03.esm,05001DE9,00214284,Decal_moss5,TXST,89.752075,-5262.311035,-579.116333,180.0073
1558205,DLCworkshop03.esm,05001DEA,00214284,Decal_moss5,TXST,237.712463,-5360.388184,-581.731995,180.0073
1558206,DLCworkshop03.esm,050010C8,05000F97,DLC06ScrapableTrain02cTracks,SCOL,-80.072014,11552.010742,24.004999,0.0
1558207,DLCworkshop03.esm,050016D4,050049A8,DLC06WorkshopVault_Shelf_03,STAT,2534.243896,6498.367187,-128.12648,270.0
1558208,DLCworkshop03.esm,05001EEE,000001F7,LightBox,STAT,-9296.673828,-5328.012695,607.967102,0.0
1558209,DLCworkshop03.esm,05001EEF,000001F7,LightBox,STAT,-9199.912109,-5140.971191,597.438782,0.0
1558210,DLCworkshop03.esm,05001EF0,000001F7,LightBox,STAT,-9206.31543,-5144.834961,636.406616,0.0
1558211,DLCworkshop03.esm,05001EF1,000001F7,LightBox,STAT,-8807.401367,-5060.170898,580.580078,0.0
1558212,DLCworkshop03.esm,05001EF2,000001F7,LightBox,STAT,-8746.745117,-5356.085449,583.553589,254.4392
1558213,DLCworkshop03.esm,05001EF3,000001F7,LightBox,STAT,-8737.930664,-5516.865723,634.976135,254.4392
1558214,DLCworkshop03.esm,05001EF4,000001F7,LightBox,STAT,-9230.28418,-5450.703613,637.522827,0.0
1558215,DLCworkshop03.esm,05001EF5,000001F7,LightBox,STAT,-8825.521484,-5172.319336,50.755737,74.4392
1558216,DLCworkshop03.esm,05001EF6,000001F7,LightBox,STAT,-9355.191406,-5426.150391,359.976593,78.8038
1558217,DLCworkshop03.esm,05001EF7,000001F7,LightBox,STAT,-9380.189453,-5088.107422,411.686829,344.4391
1558218,DLCworkshop03.esm,05001EF8,000001F7,LightBox,STAT,-9178.616211,-5436.754883,326.042664,254.4392
1558219,DLCworkshop03.esm,05001EF9,000001F7,LightBox,STAT,-9132.666992,-5594.733887,316.736267,344.4391
1558220,DLCworkshop03.esm,05001EFA,000001F7,LightBox,STAT,-9620.792969,-5653.65918,-424.386902,270.0
1558221,DLCworkshop03.esm,05001EFB,000001F7,LightBox,STAT,-9629.169922,-5585.046387,-471.21875,254.4391
1558222,DLCworkshop03.esm,05001D85,05003E41,DLC06ScrapableCrateLargeVaultTec01,STAT,-3664.81665,-4973.092285,-514.99115,174.1903
1558223,DLCworkshop03.esm,05005859,05003E41,DLC06ScrapableCrateLargeVaultTec01,STAT,-9627.280273,7327.121094,-639.756714,296.9747
1558224,DLCworkshop03.esm,050056B8,05004054,DLC06UnScrapableGirders01,SCOL,-6209.888672,-3015.595215,-163.838898,1.7077
1558225,DLCworkshop03.esm,05002072,00000034,XMarkerHeading,STAT,5762.522461,9715.93457,236.411926,166.5757
1558226,DLCworkshop03.esm,05001A25,0500207E,DLC06ConstructionLight_Standing_2piece_On1,SCOL,-1289.45105,6911.570801,0.0907,149.679
1558227,DLCworkshop03.esm,05001D92,0500207E,DLC06ConstructionLight_Standing_2piece_On1,SCOL,-5001.022461,-1770.702393,-1031.873291,45.0
1558228,DLCworkshop03.esm,05001EFF,0500207E,DLC06ConstructionLight_Standing_2piece_On1,SCOL,3991.830566,-1591.390015,-789.827759,93.2868
1558229,DLCworkshop03.esm,05002061,0500207E,DLC06ConstructionLight_Standing_2piece_On1,SCOL,-9155.855469,2866.280029,-1024.45752,315.0
1558230,DLCworkshop03.esm,05002062,0500207E,DLC06ConstructionLight_Standing_2piece_On1,SCOL,-7842.401367,5480.803223,-1024.457642,315.0
1558231,DLCworkshop03.esm,05004496,050043C0,DLC06ScrapablePipeConcreteGroup001,SCOL,-7688.0,3616.840576,-1015.020752,108.6333
1558232,DLCworkshop03.esm,05005865,0500207E,DLC06ConstructionLight_Standing_2piece_On1,SCOL,-10033.538086,8346.717773,-611.269287,90.0
1558233,DLCworkshop03.esm,05001CE4,05004B12,DLC06ScrapableLimestoneBolders01,SCOL,-6990.566406,1817.418091,-1043.70459,314.1635
1558234,DLCworkshop03.esm,05001CE5,05004B28,DLC06ScrapableLimestoneBouldersSm02,SCOL,-6941.718262,2597.960693,-1052.978394,286.4791
1558235,DLCworkshop03.esm,05001CE6,05004B15,DLC06ScrapableLimestoneBolders02,SCOL,-7454.141602,1688.833984,-1043.70459,11.4594
1558236,DLCworkshop03.esm,05001D87,05001D86,DLC06ScrapablePipeAndMarble01,SCOL,-4175.587402,-5522.27832,-490.494629,0.0
1558237,DLCworkshop03.esm,05001D9C,05004B28,DLC06ScrapableLimestoneBouldersSm02,SCOL,-5758.027344,-3714.153564,-967.273987,286.4791
1558238,DLCworkshop03.esm,05001D9E,05004B26,DLC06ScrapableLimestoneBouldersSm01,SCOL,-5625.338379,-3591.236816,-1019.495544,200.5355
1558239,DLCworkshop03.esm,05003FDA,05003FD9,DLC06ScrapableMegaLoaderV03a,SCOL,-7451.742187,4231.55127,-971.804199,314.1634
1558240,DLCworkshop03.esm,0500404E,000E37D1,IndustrialCart01,STAT,-5184.000977,5328.001953,-1031.75,296.9748
1558241,DLCworkshop03.esm,05004493,050043BA,DLC06ScrapableCrateAndCart002,SCOL,-3092.4021,5410.899414,4.282811,340.0611
1558242,DLCworkshop03.esm,05004B6E,05004B28,DLC06ScrapableLimestoneBouldersSm02,SCOL,-7851.460937,2156.806396,-1058.978882,0.0
1558243,DLCworkshop03.esm,05002084,00214284,Decal_moss5,TXST,-4421.291992,-5274.783691,-512.45752,180.0011
1558244,DLCworkshop03.esm,05002085,00214284,Decal_moss5,TXST,-5558.445312,-3625.672363,-957.193726,181.3127
1558245,DLCworkshop03.esm,05002086,00214284,Decal_moss5,TXST,-5755.169922,-3767.7146,-885.855042,269.9996
1558246,DLCworkshop03.esm,05002087,00214284,Decal_moss5,TXST,-5487.901855,-3285.361816,-1026.074707,359.9993
1558247,DLCworkshop03.esm,05002088,00214284,Decal_moss5,TXST,-5487.205566,-2938.097412,-1026.074707,0.2456
1558248,DLCworkshop03.esm,05002089,00214284,Decal_moss5,TXST,-5727.277344,-2662.199707,-1026.074707,0.2456
1558249,DLCworkshop03.esm,0500208A,00214284,Decal_moss5,TXST,-5818.561523,-2554.856689,-1026.074707,0.0819
1558250,DLCworkshop03.esm,0500208B,00214284,Decal_moss5,TXST,-6024.187988,-2497.106445,-1026.074707,0.0819
1558251,DLCworkshop03.esm,0500208C,00214284,Decal_moss5,TXST,-5811.869629,-2964.089844,-1026.074707,27.8443
1558252,DLCworkshop03.esm,0500208F,00214284,Decal_moss5,TXST,-7406.451172,1764.094238,-1020.420227,0.2456
1558253,DLCworkshop03.esm,05002090,00214284,Decal_moss5,TXST,-7845.028809,1587.389404,-1020.420227,180.117
1558254,DLCworkshop03.esm,05002091,00214284,Decal_moss5,TXST,-7563.433594,1505.503296,-1020.420227,359.3377
1558255,DLCworkshop03.esm,05002092,00214284,Decal_moss5,TXST,-7862.223633,2157.973877,-1020.420227,180.117
1558256,DLCworkshop03.esm,0500209E,05004AB1,VltWorkShopUTILStairWell01,STAT,-6880.001465,4912.003418,-999.75,270.0001
1558257,DLCworkshop03.esm,050020A0,05003F82,VltWorkShopROOMNurseryCorDoor02Left01,STAT,-6752.001465,5168.00293,-743.75,0.0001
1558258,DLCworkshop03.esm,050020A1,05003F88,VltWorkShopROOMNurseryWindow01,STAT,-6496.001465,5168.002441,-743.75,0.0001
1558259,DLCworkshop03.esm,050020A2,05003F82,VltWorkShopROOMNurseryCorDoor02Left01,STAT,-6752.001465,4912.00293,-743.75,270.0001
1558260,DLCworkshop03.esm,050020A3,050041AA,VltWorkShopROOMSecurityCorDoor01Right01,STAT,-6496.001465,4656.002441,-999.75,0.0001
1558261,DLCworkshop03.esm,050020A4,05003734,VltWorkShopDMSTC3Way01,STAT,-6496.001465,4912.002441,-999.75,90.0
1558262,DLCworkshop03.esm,050020A7,05003F84,VltWorkShopROOMNurseryCorOut01,STAT,-6496.001465,4912.002441,-743.75,270.0001
1558263,DLCworkshop03.esm,050020A9,05003738,VltWorkShopDMSTCDoor02Side,STAT,-6752.001465,4912.002441,-999.75,90.0
1558264,DLCworkshop03.esm,050020AA,050041B0,VltWorkShopROOMSecurityWindow01,STAT,-6139.667969,5195.120605,-999.75,345.0
1558265,DLCworkshop03.esm,050020AB,050041AB,VltWorkShopROOMSecurityDoor01,STAT,-5385.769531,5232.001953,-999.75,30.0
1558266,DLCworkshop03.esm,050020AC,05003738,VltWorkShopDMSTCDoor02Side,STAT,-6752.001465,4656.002441,-743.75,270.0001
1558267,DLCworkshop03.esm,050020AD,05003F81,VltWorkShopROOMNurseryCorDoor01Right01,STAT,-6496.001465,4656.002441,-743.75,270.0001
1558268,DLCworkshop03.esm,050020AE,05003736,VltWorkShopDMSTCCorner01,STAT,-7008.001465,4656.00293,-999.75,0.0001
1558269,DLCworkshop03.esm,050020B1,00061887,DecalGrossStain03,TXST,-6433.05957,4915.612305,-734.75946,180.0
1558270,DLCworkshop03.esm,050020B8,00061897,DecalGrossStain05,TXST,-6671.890137,4999.15625,-735.07666,180.0
1558271,DLCworkshop03.esm,050020B9,00061897,DecalGrossStain05,TXST,-6464.155273,4690.063965,-992.444092,0.0
1558272,DLCworkshop03.esm,050020BA,00061894,DecalGrossStain04,TXST,-6076.154785,5045.974609,-1005.793762,180.0001
1558273,DLCworkshop03.esm,050020BB,00061897,DecalGrossStain05,TXST,-6845.748535,4913.712402,-996.982666,0.0
1558274,DLCworkshop03.esm,050020BC,00061887,DecalGrossStain03,TXST,-5465.923828,5171.302246,-995.721802,0.0
1558275,DLCworkshop03.esm,050020BE,0500498D,DLC06WorkshopVault_Crate_01_Steel,STAT,-6554.793945,4675.323242,-999.766113,232.0818
1558276,DLCworkshop03.esm,050020C4,0021CA99,Decal_moss6,TXST,-6841.707031,5022.281738,-636.802246,270.0
1558277,DLCworkshop03.esm,050020C5,0021CA9C,Decal_moss7,TXST,-6702.450195,4561.077148,-636.802246,180.0
1558278,DLCworkshop03.esm,050020C6,0021CA9C,Decal_moss7,TXST,-6431.538574,4563.922363,-625.840515,0.0
1558279,DLCworkshop03.esm,050020C7,0021CA9C,Decal_moss7,TXST,-6718.458984,5266.990234,-691.778687,180.0001
1558280,DLCworkshop03.esm,050020C8,0021CA9C,Decal_moss7,TXST,-6532.730469,5014.393066,-978.885742,180.0001
1558281,DLCworkshop03.esm,050020C9,0021CA9C,Decal_moss7,TXST,-6752.597168,5014.393066,-876.939514,180.0001
1558282,DLCworkshop03.esm,050020CA,0021CA99,Decal_moss6,TXST,-7260.936035,4804.396973,-848.690308,1.4839
1558283,DLCworkshop03.esm,050020CB,0021CA99,Decal_moss6,TXST,-7370.806641,5127.137207,-735.982483,270.0043
1558284,DLCworkshop03.esm,050020CC,0021CA99,Decal_moss6,TXST,-7370.806641,4919.336426,-800.05603,270.0043
1558285,DLCworkshop03.esm,050020CD,0021CA99,Decal_moss6,TXST,-7020.409668,5282.043457,-750.769409,268.0763
1558286,DLCworkshop03.esm,050020CE,0021CA9F,Decal_moss8,TXST,-6690.71875,4896.514648,-999.193298,359.9901
1558287,DLCworkshop03.esm,050020CF,0021CA9F,Decal_moss8,TXST,-6981.556641,4599.737305,-999.193298,359.9901
1558288,DLCworkshop03.esm,050020D0,0021CA9F,Decal_moss8,TXST,-6798.270508,4662.212891,-740.410095,359.9901
1558289,DLCworkshop03.esm,050020D1,0021CA9F,Decal_moss8,TXST,-6466.991211,4596.506836,-995.927246,359.9901
1558290,DLCworkshop03.esm,050020D2,0021CA99,Decal_moss6,TXST,-6581.896484,4636.651367,-948.866943,270.0001
1558291,DLCworkshop03.esm,050020D3,0021CA99,Decal_moss6,TXST,-6160.372559,5283.020508,-1023.920715,195.0002
1558292,DLCworkshop03.esm,050020D8,001A7DA3,Handcart01,STAT,-6558.103027,4622.764648,-997.471008,353.7028
1558293,DLCworkshop03.esm,050020DE,050043A0,DLC06ScrapableCinderBlocks02,SCOL,-6936.645508,3561.114258,-1023.543091,263.6863
1558294,DLCworkshop03.esm,050020E2,000E37D1,IndustrialCart01,STAT,-6698.989746,3960.579346,-1035.96875,296.9748
1558295,DLCworkshop03.esm,050020E3,050049AC,DLC06WorkshopVault_Toilet_01,STAT,-6700.513672,3965.05957,-1018.640381,142.2762
1558296,DLCworkshop03.esm,050020EF,00214284,Decal_moss5,TXST,-6957.134277,2606.241211,-1024.45752,0.2456
1558297,DLCworkshop03.esm,050020F0,00214284,Decal_moss5,TXST,-7344.368652,1953.378296,-1024.45752,0.2456
1558298,DLCworkshop03.esm,050020F1,00214284,Decal_moss5,TXST,-6934.904785,1791.359619,-1024.45752,179.445
1558299,DLCworkshop03.esm,05002132,00061897,DecalGrossStain05,TXST,6578.052734,-7167.253906,-1084.132202,180.0
1558300,DLCworkshop03.esm,05002133,00061887,DecalGrossStain03,TXST,6703.591797,-7086.522949,-1086.053955,90.0
1558301,DLCworkshop03.esm,05002169,0500498F,DLC06WorkshopVault_Crate_02_Beige,STAT,-3784.60791,-5140.441895,-505.327515,352.106
1558302,DLCworkshop03.esm,05002154,0003A9ED,OfficeBoxPapers03,STAT,-5297.490234,-5197.766113,-450.427734,10.0731
1558303,DLCworkshop03.esm,05003DDB,001ABE3A,MetalShelf01_Broken02,STAT,-7543.185059,9972.484375,-368.0,356.1613
1558304,DLCworkshop03.esm,05003E8F,05001E05,DLC06OverseerCapsule01,STAT,-5149.446777,-5332.072754,-450.427704,108.776
1558305,DLCworkshop03.esm,05002155,00049DA2,Prewar_Cabinet_Garage_04,CONT,-5296.220703,-5378.285156,-450.427734,198.9419
1558306,DLCworkshop03.esm,05004B1A,05004B15,DLC06ScrapableLimestoneBolders02,SCOL,-7761.441895,11656.265625,-564.703491,313.8402
1558307,DLCworkshop03.esm,05004B1B,05004B15,DLC06ScrapableLimestoneBolders02,SCOL,-7276.296387,10260.592773,-435.951355,308.1194
1558308,DLCworkshop03.esm,05004B4C,05004B46,DLC06ScrapableLimestoneBolders03,SCOL,-8849.189453,13044.668945,-785.220581,0.0
1558309,DLCworkshop03.esm,05004B4D,05004B12,DLC06ScrapableLimestoneBolders01,SCOL,-9457.691406,12675.538086,-776.562378,193.8424
1558310,DLCworkshop03.esm,05004B4F,05004B15,DLC06ScrapableLimestoneBolders02,SCOL,-9714.290039,12461.514648,-793.97644,204.3384
1558311,DLCworkshop03.esm,05004B5B,05004B28,DLC06ScrapableLimestoneBouldersSm02,SCOL,-8411.700195,12351.660156,-718.904785,62.5207
1558312,DLCworkshop03.esm,05004B5E,05004B23,DLC06ScrapableLimestoneWallB01,SCOL,-10427.506836,13636.248047,-616.730957,152.3605
1558313,DLCworkshop03.esm,05004B5F,05004B23,DLC06ScrapableLimestoneWallB01,SCOL,-7988.465332,13711.328125,-571.697388,132.422
1558314,DLCworkshop03.esm,05004B85,05004B46,DLC06ScrapableLimestoneBolders03,SCOL,-7516.77832,10607.924805,-494.016571,0.0
1558315,DLCworkshop03.esm,05004B86,05004B48,DLC06ScrapableLimestoneWallUran01,SCOL,-7380.005371,10752.419922,-584.539978,0.0
1558316,DLCworkshop03.esm,05004B87,05004B4B,DLC06ScrapableLimestoneWallUran02,SCOL,-8103.997559,11655.933594,-655.600159,0.0
1558317,DLCworkshop03.esm,05004B88,05004B4E,DLC06ScrapableLimestoneColumn01,SCOL,-9206.251953,13520.376953,-806.847168,0.0
1558318,DLCworkshop03.esm,05004B89,05004B53,DLC06ScrapableLimestoneBolders04,SCOL,-9584.479492,11763.771484,-718.80011,0.0
1558319,DLCworkshop03.esm,0500505D,05004B15,DLC06ScrapableLimestoneBolders02,SCOL,-10852.504883,12954.643555,-637.439331,291.2452
1558320,DLCworkshop03.esm,0500505E,05004B46,DLC06ScrapableLimestoneBolders03,SCOL,-11507.96582,13357.56543,-596.734924,291.2452
1558321,DLCworkshop03.esm,0500505F,05004B53,DLC06ScrapableLimestoneBolders04,SCOL,-11574.416992,12487.542969,-512.926453,291.2452
1558322,DLCworkshop03.esm,05005060,05004B53,DLC06ScrapableLimestoneBolders04,SCOL,-12169.009766,12886.529297,-513.591614,271.1948
1558323,DLCworkshop03.esm,050021FE,00078966,DecalGroundDefault01,TXST,-13262.043945,14243.136719,-404.286743,0.0
1558324,DLCworkshop03.esm,050021FF,00078966,DecalGroundDefault01,TXST,-13495.063477,14250.214844,-404.286743,0.0
1558325,DLCworkshop03.esm,0500224E,00078966,DecalGroundDefault01,TXST,-13348.748047,14483.52832,-291.207642,207.1428
1558326,DLCworkshop03.esm,05002254,00214284,Decal_moss5,TXST,-9478.232422,11989.926758,-765.972473,179.9953
1558327,DLCworkshop03.esm,05002255,00214284,Decal_moss5,TXST,-9677.853516,11837.058594,-735.692566,179.9953
1558328,DLCworkshop03.esm,05002256,00214284,Decal_moss5,TXST,-9480.210938,11715.543945,-718.426941,179.9544
1558329,DLCworkshop03.esm,05002257,00214284,Decal_moss5,TXST,-9517.981445,11869.203125,-746.867737,179.9953
1558330,DLCworkshop03.esm,05002258,00214284,Decal_moss5,TXST,-9632.879883,12410.09082,-752.024414,179.9953
1558331,DLCworkshop03.esm,05002259,00214284,Decal_moss5,TXST,-9818.267578,12316.058594,-784.303833,179.9953
1558332,DLCworkshop03.esm,0500225A,00214284,Decal_moss5,TXST,-9413.699219,12758.972656,-752.27533,179.8354
1558333,DLCworkshop03.esm,0500225B,00214284,Decal_moss5,TXST,-8504.293945,12342.011719,-695.119202,179.9953
1558334,DLCworkshop03.esm,0500225C,00214284,Decal_moss5,TXST,-8878.984375,12986.341797,-717.836182,179.9953
1558335,DLCworkshop03.esm,0500225D,00214284,Decal_moss5,TXST,-8785.951172,13102.261719,-719.02478,179.9953
1558336,DLCworkshop03.esm,0500225E,00214284,Decal_moss5,TXST,-9317.00293,12825.835938,-752.27533,179.9953
1558337,DLCworkshop03.esm,0500225F,00214284,Decal_moss5,TXST,-9048.088867,13321.107422,-733.266907,179.9953
1558338,DLCworkshop03.esm,05002260,00214284,Decal_moss5,TXST,-9211.447266,13153.75293,-755.378601,180.0018
1558339,DLCworkshop03.esm,05002261,00214284,Decal_moss5,TXST,-9392.875977,13268.3125,-755.378601,179.9953
1558340,DLCworkshop03.esm,05002262,00214284,Decal_moss5,TXST,-9634.512695,13627.599609,-723.890137,359.9994
1558341,DLCworkshop03.esm,05002263,00214284,Decal_moss5,TXST,-9493.916016,13414.271484,-745.370239,179.9953
1558342,DLCworkshop03.esm,05002264,00214284,Decal_moss5,TXST,-8903.208008,13463.353516,-721.718689,179.9544
1558343,DLCworkshop03.esm,05002265,00214284,Decal_moss5,TXST,-8852.048828,13704.90625,-675.052612,179.9953
1558344,DLCworkshop03.esm,05002266,00214284,Decal_moss5,TXST,-8897.03125,13631.345703,-678.959778,0.0238
1558345,DLCworkshop03.esm,05002267,00214284,Decal_moss5,TXST,-8990.142578,13857.330078,-662.950867,179.9953
1558346,DLCworkshop03.esm,05002268,00214284,Decal_moss5,TXST,-9175.032227,13997.142578,-669.549866,179.9998
1558347,DLCworkshop03.esm,05002269,00214284,Decal_moss5,TXST,-9391.357422,14059.645508,-694.984436,0.0069
1558348,DLCworkshop03.esm,0500226A,00214284,Decal_moss5,TXST,-9509.490234,13863.173828,-721.426331,179.9953
1558349,DLCworkshop03.esm,0500226B,00214284,Decal_moss5,TXST,-9582.267578,13758.675781,-741.547852,180.0075
1558350,DLCworkshop03.esm,0500226C,00214284,Decal_moss5,TXST,-9589.216797,13360.50293,-748.690125,179.9953
1558351,DLCworkshop03.esm,0500226D,00214284,Decal_moss5,TXST,-9482.566406,13524.982422,-708.702881,179.9953
1558352,DLCworkshop03.esm,0500226E,00214284,Decal_moss5,TXST,-8614.408203,12484.314453,-714.404541,179.9953
1558353,DLCworkshop03.esm,0500226F,00214284,Decal_moss5,TXST,-8264.979492,13205.222656,-621.582336,359.9966
1558354,DLCworkshop03.esm,05002270,00214284,Decal_moss5,TXST,-8468.238281,13296.947266,-654.688171,179.9819
1558355,DLCworkshop03.esm,05002271,00214284,Decal_moss5,TXST,-7800.67334,11655.115234,-486.97052,179.9953
1558356,DLCworkshop03.esm,05002272,00214284,Decal_moss5,TXST,-8504.980469,13523.342773,-645.228943,179.9953
1558357,DLCworkshop03.esm,05002273,00214284,Decal_moss5,TXST,-8377.548828,13415.216797,-636.236206,179.9953
1558358,DLCworkshop03.esm,05002275,00214284,Decal_moss5,TXST,-8742.673828,13983.267578,-659.111206,179.9953
1558359,DLCworkshop03.esm,05002276,00214284,Decal_moss5,TXST,-8674.357422,13717.250977,-632.103821,179.9953
1558360,DLCworkshop03.esm,05002277,00214284,Decal_moss5,TXST,-9862.392578,13157.632812,-716.894775,179.9953
1558361,DLCworkshop03.esm,05002278,00214284,Decal_moss5,TXST,-9950.310547,13107.363281,-701.435852,179.9953
1558362,DLCworkshop03.esm,05002279,00214284,Decal_moss5,TXST,-9930.907227,13604.449219,-741.078735,179.9953
1558363,DLCworkshop03.esm,0500227A,00214284,Decal_moss5,TXST,-9823.800781,13394.439453,-742.392944,179.9953
1558364,DLCworkshop03.esm,0500227B,00214284,Decal_moss5,TXST,-10111.290039,13740.926758,-742.321411,359.9885
1558365,DLCworkshop03.esm,0500227C,00214284,Decal_moss5,TXST,-10146.428711,13969.994141,-742.196167,179.9953
1558366,DLCworkshop03.esm,0500227D,00214284,Decal_moss5,TXST,-9903.492188,13808.007812,-737.427795,179.9758
1558367,DLCworkshop03.esm,0500227E,00214284,Decal_moss5,TXST,-7457.459473,10590.768555,-460.853149,179.8355
1558368,DLCworkshop03.esm,0500227F,00214284,Decal_moss5,TXST,-7322.575195,10267.680664,-410.221924,179.9953
1558369,DLCworkshop03.esm,05002280,00214284,Decal_moss5,TXST,-8204.085937,11414.878906,-601.790649,179.9953
1558370,DLCworkshop03.esm,05002281,00214284,Decal_moss5,TXST,-8164.433594,11771.733398,-606.195068,179.9739
1558371,DLCworkshop03.esm,05002282,00214284,Decal_moss5,TXST,-7258.400879,10675.160156,-434.411194,179.9953
1558372,DLCworkshop03.esm,05002283,00214284,Decal_moss5,TXST,-7367.325684,10321.338867,-426.360352,179.9953
1558373,DLCworkshop03.esm,05002284,00214284,Decal_moss5,TXST,-10826.478516,13081.716797,-602.239868,179.9953
1558374,DLCworkshop03.esm,05002285,00214284,Decal_moss5,TXST,-10972.831055,13020.539062,-561.987549,0.0067
1558375,DLCworkshop03.esm,05002286,00214284,Decal_moss5,TXST,-10864.924805,12856.337891,-596.668457,179.9953
1558376,DLCworkshop03.esm,05002287,00214284,Decal_moss5,TXST,-11408.583008,13298.529297,-523.489624,179.9953
1558377,DLCworkshop03.esm,05002288,00214284,Decal_moss5,TXST,-11599.500977,13220.09375,-486.687866,179.9953
1558378,DLCworkshop03.esm,05002289,00214284,Decal_moss5,TXST,-11553.357422,13485.887695,-521.036804,180.3228
1558379,DLCworkshop03.esm,0500228A,00214284,Decal_moss5,TXST,-11418.671875,13490.075195,-537.093201,179.9953
1558380,DLCworkshop03.esm,0500228B,00214284,Decal_moss5,TXST,-12001.178711,12985.033203,-483.695404,179.9953
1558381,DLCworkshop03.esm,0500228C,00214284,Decal_moss5,TXST,-12008.46582,12706.65918,-472.392578,179.8354
1558382,DLCworkshop03.esm,0500228D,00214284,Decal_moss5,TXST,-12244.647461,12764.091797,-446.824097,179.9953
1558383,DLCworkshop03.esm,0500228E,00214284,Decal_moss5,TXST,-12247.449219,13027.457031,-438.543335,0.0028
1558384,DLCworkshop03.esm,0500228F,00214284,Decal_moss5,TXST,-12123.396484,13103.947266,-462.894257,179.9953
1558385,DLCworkshop03.esm,05002290,00214284,Decal_moss5,TXST,-11258.84375,12599.580078,-519.249756,179.9953
1558386,DLCworkshop03.esm,05002291,00214284,Decal_moss5,TXST,-11396.014648,12478.101562,-460.517273,179.9893
1558387,DLCworkshop03.esm,05002292,00214284,Decal_moss5,TXST,-11547.719727,12674.404297,-497.757538,179.9953
1558388,DLCworkshop03.esm,05002293,00214284,Decal_moss5,TXST,-11721.095703,12442.865234,-483.695312,0.002
1558389,DLCworkshop03.esm,05002294,00214284,Decal_moss5,TXST,-11621.848633,12558.805664,-483.695374,359.9681
1558390,DLCworkshop03.esm,050046F0,05003E43,DLC06ScrapableCrane03,STAT,-4773.938477,-2088.467529,-1034.739624,290.2817
1558391,DLCworkshop03.esm,0500418F,05003E41,DLC06ScrapableCrateLargeVaultTec01,STAT,-5122.081055,-3101.734863,-1031.437256,21.9551
1558392,DLCworkshop03.esm,05002342,000001F7,LightBox,STAT,-721.586243,9344.757812,197.221283,315.0
1558393,DLCworkshop03.esm,05002343,000001F7,LightBox,STAT,-75.357697,10441.443359,329.651062,0.0
1558394,DLCworkshop03.esm,05002344,000001F7,LightBox,STAT,-1494.762939,8615.234375,199.746185,342.8113
1558395,DLCworkshop03.esm,05002345,000001F7,LightBox,STAT,-1111.758545,6829.59668,197.178329,0.0
1558396,DLCworkshop03.esm,050052C6,05003A73,VltWorkShopATRIUMColumn04SupportBase,STAT,-351.999908,8744.001953,24.0,180.0
1558397,DLCworkshop03.esm,050043E2,050041D7,DLC06ScrapableCratesLargeGroup002,SCOL,-10082.887695,-875.928101,-1016.24353,296.9747
1558398,DLCworkshop03.esm,05004490,050043B2,DLC06ScrapableMegaLoaderV01b,SCOL,-8212.849609,1910.00293,-972.783264,45.7219
1558399,DLCworkshop03.esm,050021A0,050047C9,DLC06ScrapableRockUraniumGroup01,SCOL,-2427.721191,-209.789642,-573.567932,131.7803
1558400,DLCworkshop03.esm,050021A1,050047CC,DLC06ScrapableRockUraniumGroup02,SCOL,-1516.596313,-161.829971,-447.398254,131.7803
1558401,DLCworkshop03.esm,050021A2,050047CF,DLC06ScrapableRockUraniumGroup03,SCOL,-1366.153442,-590.56604,-518.144897,359.2657
1558402,DLCworkshop03.esm,05001B89,05001B88,DLC06ScrapableRockslide02,SCOL,-1965.658203,5778.619141,54.560387,0.0
1558403,DLCworkshop03.esm,050010E6,05004988,DLC06WorkshopVault_Locker_01,CONT,3208.0,7808.0,96.0,184.2974
1558404,DLCworkshop03.esm,05001570,050049A5,DLC06WorkshopVault_NightStand_01,STAT,3792.505859,8058.630859,95.66333,180.0
1558405,DLCworkshop03.esm,05001C17,05004B15,DLC06ScrapableLimestoneBolders02,SCOL,-764.324707,775.77594,-548.288513,320.706
1558406,DLCworkshop03.esm,05001C18,05004B28,DLC06ScrapableLimestoneBouldersSm02,SCOL,-555.894409,776.272461,-561.359314,274.0565
1558407,DLCworkshop03.esm,05002199,000C3885,WoodPallet02,STAT,-10056.100586,-536.471985,-974.626648,325.6226
1558408,DLCworkshop03.esm,05003DDA,0011EB5B,Prewar_Locker_Wall02,CONT,-7727.501953,9887.614258,-367.302734,270.5611
1558409,DLCworkshop03.esm,05003EDF,000E37D1,IndustrialCart01,STAT,-290.544556,601.83844,-523.751648,296.9748
1558410,DLCworkshop03.esm,050044DE,050044DD,DLC06ScrapableJerseyBarriers05,SCOL,-9936.480469,8566.490234,-614.410095,331.2375
1558411,DLCworkshop03.esm,05004B16,05004B15,DLC06ScrapableLimestoneBolders02,SCOL,-297.888458,1040.712769,-540.860291,34.3776
1558412,DLCworkshop03.esm,05004B2C,05004B28,DLC06ScrapableLimestoneBouldersSm02,SCOL,116.953651,1124.143555,-561.359314,0.0
1558413,DLCworkshop03.esm,05004B2D,05004B15,DLC06ScrapableLimestoneBolders02,SCOL,-42.110432,259.242859,-548.288513,29.4609
1558414,DLCworkshop03.esm,05004FCA,05004FC9,DLC06ScrapableLimestoneColumn03,SCOL,-225.802383,-232.979935,-403.874695,0.0
1558415,DLCworkshop03.esm,05004FCD,05004B28,DLC06ScrapableLimestoneBouldersSm02,SCOL,875.537109,180.016159,-557.553223,21.955
1558416,DLCworkshop03.esm,05004FCE,05004B28,DLC06ScrapableLimestoneBouldersSm02,SCOL,249.292755,633.093994,-557.553223,109.915
1558417,DLCworkshop03.esm,05005684,001A784B,OfficeBoxPapersOpen07,MSTT,3525.729248,7927.671875,96.01944,225.0001
1558418,DLCworkshop03.esm,050058AF,00049DA1,Prewar_Cabinet_Garage_03,CONT,-144.738998,1748.351929,-446.723053,357.1353
1558419,DLCworkshop03.esm,0500209F,050051E2,VltWorkShopSupport05StairwellRight,STAT,-7136.001465,5040.003906,-999.75,270.0001
1558420,DLCworkshop03.esm,050020A5,05003736,VltWorkShopDMSTCCorner01,STAT,-6752.001465,4656.002441,-999.75,180.0
1558421,DLCworkshop03.esm,050020A6,050051E0,VltWorkShopSupport01,STAT,-6752.001465,5168.002441,-999.75,270.0001
1558422,DLCworkshop03.esm,05002348,00175001,VltLight05UtilCage01MountedWhiteLit,STAT,-299.931152,8746.897461,189.366318,270.0001
1558423,DLCworkshop03.esm,0500234B,0500207E,DLC06ConstructionLight_Standing_2piece_On1,SCOL,-1268.193115,-2324.418945,-511.214478,48.2868
1558424,DLCworkshop03.esm,05002352,0500207E,DLC06ConstructionLight_Standing_2piece_On1,SCOL,-2133.874023,-4417.196289,-516.088318,304.3776
1558425,DLCworkshop03.esm,05002354,0500207E,DLC06ConstructionLight_Standing_2piece_On1,SCOL,762.469421,-926.101379,-511.664154,180.0
1558426,DLCworkshop03.esm,05001A45,05001678,DLC06ScrapableJerseyBarriers06,SCOL,-1944.626953,7142.789551,-1.216119,0.0
1558427,DLCworkshop03.esm,05001D76,05001679,DLC06ScrapableJerseyBarriers06a,SCOL,-5248.181152,-2451.960205,-1027.045532,120.3893
1558428,DLCworkshop03.esm,050020F4,050043A9,DLC06ScrapableForklift03,SCOL,179.566635,-3942.697021,-742.852051,212.0705
1558429,DLCworkshop03.esm,050020F8,05001678,DLC06ScrapableJerseyBarriers06,SCOL,-2213.743652,-5030.139648,-512.899536,256.8677
1558430,DLCworkshop03.esm,05002296,05004BDD,DLC06ScrapableJerseyBarriers08,SCOL,-9532.476562,1840.667847,-1013.885864,336.2333
1558431,DLCworkshop03.esm,0500232F,001C9080,MistLargeRoundDustyDimmer,MSTT,-9939.089844,1602.149414,-645.764954,315.0
1558432,DLCworkshop03.esm,05004495,050043E0,DLC06ScrapablePipeConcreteGroup003,SCOL,-6084.021484,4187.294922,-1019.717957,76.1576
1558433,DLCworkshop03.esm,050044C3,050044A9,DLC06ScrapablePipeGroup003,SCOL,-5153.015625,-2640.742188,-980.807312,20.4547
1558434,DLCworkshop03.esm,050023E7,00000021,CollisionMarker,STAT,-1944.459961,7139.106934,6.6787,28.6479
1558435,DLCworkshop03.esm,050023E9,00000021,CollisionMarker,STAT,-5862.88623,4977.375488,-975.097412,51.5663
1558436,DLCworkshop03.esm,050023EB,00000021,CollisionMarker,STAT,-6135.35791,4124.361816,-1043.232178,76.1576
1558437,DLCworkshop03.esm,050023EC,00000021,CollisionMarker,STAT,-6907.32666,3610.95752,-995.715576,295.1988
1558438,DLCworkshop03.esm,050023EE,00000021,CollisionMarker,STAT,-7763.833496,3580.349854,-1021.943787,108.6333
1558439,DLCworkshop03.esm,050023FD,00000021,CollisionMarker,STAT,4468.264648,8657.18457,317.316498,0.0
1558440,DLCworkshop03.esm,050023FF,000E4610,EnableMarker,STAT,-12152.22168,14368.313477,-83.76593,0.0
1558441,DLCworkshop03.esm,05002403,0003376D,DefaultActivateSelfTrigger,ACTI,-6501.677734,21.380737,-610.086426,0.0
1558442,DLCworkshop03.esm,05002404,00074538,AmbushRadScorpion,FURN,-6240.476562,-38.977039,-1024.45752,147.2958
1558443,DLCworkshop03.esm,05002406,00074538,AmbushRadScorpion,FURN,-7320.844727,489.264191,-1010.684021,67.0816
1558444,DLCworkshop03.esm,05002408,00074538,AmbushRadScorpion,FURN,-7261.238281,174.33847,-1023.876526,355.4617
1558445,DLCworkshop03.esm,0500240A,00074538,AmbushRadScorpion,FURN,-7050.190918,19.019522,-1023.876526,315.3547
1558446,DLCworkshop03.esm,0500240C,00074538,AmbushRadScorpion,FURN,-6676.09668,64.36969,-1023.876526,41.2984
1558447,DLCworkshop03.esm,0500240D,00074538,AmbushRadScorpion,FURN,-5967.414062,-216.442795,-1024.45752,187.4028
1558448,DLCworkshop03.esm,0500240F,00074538,AmbushRadScorpion,FURN,-5986.331055,-457.436035,-1024.45752,141.5661
1558449,DLCworkshop03.esm,050020A8,050041E2,DLC06ScrapableCratesLargeGroup007,SCOL,-5216.001465,4304.001953,-1031.75,330.0001
1558450,DLCworkshop03.esm,05005BC7,0500372E,VltWorkShopATRIUMWall02Mid,STAT,416.000092,8744.001953,280.0,90.0
1558451,DLCworkshop03.esm,05003DDC,001ABE3A,MetalShelf01_Broken02,STAT,-7303.815918,9767.945312,-343.770844,0.0332
1558452,DLCworkshop03.esm,0500244E,00061899,DecalGrossStain06,TXST,-5143.123535,-2292.818115,-1026.848389,0.0
1558453,DLCworkshop03.esm,05001758,05004347,DLC06ScrapableWaterTower01,STAT,400.0,9712.0,64.0,270.0001
1558454,DLCworkshop03.esm,05001D69,05001D68,DLC06ScrapableLimestoneWallMarble03,SCOL,-7290.5625,1025.916748,-1021.039612,0.0
1558455,DLCworkshop03.esm,05001DAF,05001DAE,DLC06ScrapableLimestoneWallMarble02,SCOL,-1899.134766,-2035.663696,-511.728821,0.0
1558456,DLCworkshop03.esm,05001DF5,050043E0,DLC06ScrapablePipeConcreteGroup003,SCOL,1232.886353,-3610.438232,-1014.988708,16.5588
1558457,DLCworkshop03.esm,05001DF7,050041E2,DLC06ScrapableCratesLargeGroup007,SCOL,1455.040649,-4511.083496,-1032.409912,310.1528
1558458,DLCworkshop03.esm,05002324,000821BD,MistLargeRoundDustyDim,MSTT,1618.700317,-4102.484863,-235.720779,45.0
1558459,DLCworkshop03.esm,050044AF,050044AE,DLC06ScrapableCratesLargeGroup011,SCOL,-412.814667,-5318.207031,-544.39917,4.4691
1558460,DLCworkshop03.esm,050044B4,050044B3,DLC06ScrapableGirderPile007,SCOL,3713.183838,-1339.828491,-750.041077,291.3025
1558461,DLCworkshop03.esm,0500131B,05005E6C,DLC06ScrapableSuperReactorLeaf,STAT,-2140.834229,7507.5,32.24332,60.0873
1558462,DLCworkshop03.esm,05001499,05001421,DLC06ScrapableSuperReactorBowl,STAT,-2405.444336,7435.329102,-10.217982,0.0
1558463,DLCworkshop03.esm,05002517,00000034,XMarkerHeading,STAT,5888.663086,9231.348633,232.670944,166.5757
1558464,DLCworkshop03.esm,05001CB9,05004B15,DLC06ScrapableLimestoneBolders02,SCOL,-7024.148437,183.75444,-1041.825195,29.4609
1558465,DLCworkshop03.esm,05001CDD,05004B53,DLC06ScrapableLimestoneBolders04,SCOL,-7177.775391,354.236267,-1022.54541,193.8425
1558466,DLCworkshop03.esm,05001DA0,05001D9F,DLC06ScrapableLimestoneWallMarble04,SCOL,-5790.99707,-998.329285,-1024.108398,0.0
1558467,DLCworkshop03.esm,05002161,0003A9ED,OfficeBoxPapers03,STAT,-1042.135254,6813.651855,67.12867,182.4978
1558468,DLCworkshop03.esm,050058AD,05004988,DLC06WorkshopVault_Locker_01,CONT,-210.274719,1496.87793,-420.891724,270.0
1558469,DLCworkshop03.esm,050058B3,0500498F,DLC06WorkshopVault_Crate_02_Beige,STAT,-250.580612,1533.177856,-447.092285,270.0
1558470,DLCworkshop03.esm,05005D89,00023869,Prewar_NewsStand,CONT,6724.659668,-3566.684326,-1116.722778,90.0
1558471,DLCworkshop03.esm,050049D9,050049D7,DLC06Clem,NPC_,5893.705078,9271.138672,238.999985,178.3269
1558472,DLCworkshop03.esm,05001CBC,05004B15,DLC06ScrapableLimestoneBolders02,SCOL,-5836.141602,95.284744,-1049.193848,98.6744
1558473,DLCworkshop03.esm,05004EE8,0500256E,DLC06_CeilingLamp01On,STAT,-20.854034,8362.666016,1358.616699,256.868
1558474,DLCworkshop03.esm,05004EE9,0500256E,DLC06_CeilingLamp01On,STAT,-979.007324,8362.666016,1358.616699,256.868
1558475,DLCworkshop03.esm,05004EEA,0500256E,DLC06_CeilingLamp01On,STAT,-979.007324,9319.886719,1358.616699,256.868
1558476,DLCworkshop03.esm,05004EEB,0500256E,DLC06_CeilingLamp01On,STAT,-20.854034,9319.886719,1358.616699,256.868
1558477,DLCworkshop03.esm,05004EEC,0500256E,DLC06_CeilingLamp01On,STAT,-20.854034,10058.688477,1384.899048,256.868
1558478,DLCworkshop03.esm,05004EED,0500256E,DLC06_CeilingLamp01On,STAT,-20.854034,10562.041992,1383.542847,256.868
1558479,DLCworkshop03.esm,05004EEE,0500256E,DLC06_CeilingLamp01On,STAT,-974.10498,10576.014648,1392.668701,256.868
1558480,DLCworkshop03.esm,05004EEF,0500256E,DLC06_CeilingLamp01On,STAT,-979.007324,6978.557129,1384.731201,256.868
1558481,DLCworkshop03.esm,05004EF0,0500256E,DLC06_CeilingLamp01On,STAT,-1490.943848,7340.501953,1401.22168,256.868
1558482,DLCworkshop03.esm,05004EF1,0500256E,DLC06_CeilingLamp01On,STAT,-1485.635498,9568.584961,1402.280273,256.868
1558483,DLCworkshop03.esm,05004EF2,0500256E,DLC06_CeilingLamp01On,STAT,-1483.953979,8362.666016,1358.616699,256.868
1558484,DLCworkshop03.esm,05004EF3,0500256E,DLC06_CeilingLamp01On,STAT,258.205383,9744.513672,1358.616699,256.868
1558485,DLCworkshop03.esm,05001C79,05001BEF,DLC06_RockM03,STAT,-2405.921631,251.517197,-534.641602,314.4851
1558486,DLCworkshop03.esm,050022B5,000560DC,defaultLightWarm01NS,LIGH,-135.746094,-216.577148,-28.045898,313.9572
1558487,DLCworkshop03.esm,050022C1,00155875,defaultLightWarm01SpotNS,LIGH,-101.264648,-202.455566,-22.495361,268.9572
1558488,DLCworkshop03.esm,050022C9,000517B0,DefaultLightWhite01NS,LIGH,0.0,0.0,0.0,359.9994
1558489,DLCworkshop03.esm,05002315,0005526B,LightBeamThin01Short01,MSTT,-129.111328,-209.942871,-3.934692,225.0
1558490,DLCworkshop03.esm,05002340,00017A8B,HoodedLamp02,STAT,-192.146484,-274.505859,14.82312,313.9572
1558491,DLCworkshop03.esm,0500405F,000540D3,VltRmPodRoofTrimWide02,STAT,0.0,0.0,0.0,0.0
1558492,DLCworkshop03.esm,05004060,000540D4,VltRmPodRoofCorOutHalf01,STAT,-768.0,0.0,0.0,90.0
1558493,DLCworkshop03.esm,05004061,0005F2AE,VltLgRmShellCorOutMidHalf01,STAT,-1024.0,-256.000061,-256.0,90.0
1558494,DLCworkshop03.esm,05004062,0005F2AB,VltLgRmShellCorOutLowHalf01,STAT,-1024.0,-256.000061,-512.0,90.0
1558495,DLCworkshop03.esm,05004063,0005F873,VltLgRmShellWallMid01,STAT,-640.0,-256.0,-256.0,0.0
1558496,DLCworkshop03.esm,05004064,0005F873,VltLgRmShellWallMid01,STAT,-384.0,-256.0,-256.0,0.0
1558497,DLCworkshop03.esm,05004065,0005F870,VltLgRmShellWallLowWide01,STAT,-512.0,-256.0,-512.0,0.0
1558498,DLCworkshop03.esm,05004066,0005F874,VltLgRmShellWallMidWide01,STAT,0.0,-256.0,-256.0,0.0
1558499,DLCworkshop03.esm,05004067,0005F86F,VltLgRmShellWallLow01,STAT,-128.0,-256.0,-512.0,0.0
1558500,DLCworkshop03.esm,05004068,0005F86F,VltLgRmShellWallLow01,STAT,128.0,-256.0,-512.0,0.0
1558501,DLCworkshop03.esm,05004069,0005F2AB,VltLgRmShellCorOutLowHalf01,STAT,512.0,-255.999939,-512.0,0.0
1558502,DLCworkshop03.esm,0500406A,0005F2AE,VltLgRmShellCorOutMidHalf01,STAT,512.0,-255.999939,-256.0,0.0
1558503,DLCworkshop03.esm,0500406B,000540D4,VltRmPodRoofCorOutHalf01,STAT,256.0,0.0,0.0,0.0
1558504,DLCworkshop03.esm,0500406C,000540D3,VltRmPodRoofTrimWide02,STAT,-512.0,0.0,0.0,0.0
1558505,DLCworkshop03.esm,05001E23,000560DC,defaultLightWarm01NS,LIGH,-125.375,199.416504,197.140991,15.5609
1558506,DLCworkshop03.esm,05001E30,0007ED5A,defaultLightWarm01NSFlicker,LIGH,-132.580078,197.412109,127.549194,15.5609
1558507,DLCworkshop03.esm,05001E39,000FDEE8,defaultLightWarm01NSNonSpec,LIGH,-125.375,199.416504,57.327881,15.5609
1558508,DLCworkshop03.esm,05001E57,0010ADBA,DefaultLightWhite01SpotNS,LIGH,-125.375,199.416504,207.277344,90.0
1558509,DLCworkshop03.esm,05001EAE,0009A740,LightBeamThin01Short02Dim,MSTT,-125.375,199.416504,219.222778,15.5609
1558510,DLCworkshop03.esm,05001EDC,0008EC05,CeilingLamp01On,STAT,-125.375,199.416504,210.886108,15.5609
1558511,DLCworkshop03.esm,05001E24,000560DC,defaultLightWarm01NS,LIGH,92.217514,17.802912,-114.869003,180.0
1558512,DLCworkshop03.esm,05001E3A,000FDEE8,defaultLightWarm01NSNonSpec,LIGH,100.531464,50.285534,-204.82431,0.0
1558513,DLCworkshop03.esm,05001E54,00091703,DefaultLightWhite01NSNonSpecFlicker,LIGH,134.647552,8.357666,186.371368,180.0
1558514,DLCworkshop03.esm,05001EA2,00146F2C,MuseumSpotWarmNS,LIGH,93.375221,-0.496908,-110.597626,0.0
1558515,DLCworkshop03.esm,05001EEA,00017A8B,HoodedLamp02,STAT,0.035164,0.0,-72.000031,0.0
1558516,DLCworkshop03.esm,05001E17,00148C6F,DefaultLightCoolFLNS,LIGH,-53.814453,-4.253906,29.986053,0.0
1558517,DLCworkshop03.esm,05001E19,00148C70,DefaultLightCoolFLNSNonSpec,LIGH,0.0,0.0,0.0,0.0
1558518,DLCworkshop03.esm,05001E95,0500434E,DLC06IndCatLightNSHemi,LIGH,-71.351562,-18.822754,-41.289093,87.1376
1558519,DLCworkshop03.esm,05001EEC,000F17EE,IndCatLight02On,STAT,-95.545898,-19.918945,-109.472931,164.4391
1558520,DLCworkshop03.esm,05001E47,0016C8C4,defaultLightWarm02NSFlicker,LIGH,-19.851562,-12.373047,-281.196411,74.4392
1558521,DLCworkshop03.esm,05001E58,0010ADBA,DefaultLightWhite01SpotNS,LIGH,-6.59375,-0.896484,14.743317,180.0
1558522,DLCworkshop03.esm,05001E9D,0004DE07,MuseumBounceWarm04NS,LIGH,-9.270508,-11.379883,-91.970062,74.4392
1558523,DLCworkshop03.esm,05001EAA,0002B76F,FluorescentLightBeam01,MSTT,-10.871094,7.066895,55.669312,344.4392
1558524,DLCworkshop03.esm,05001EB6,000821BD,MistLargeRoundDustyDim,MSTT,0.0,0.0,0.0,0.0
1558525,DLCworkshop03.esm,05001EE6,00018779,FluorescentLight01,STAT,-10.871094,7.066895,55.669312,344.4392
