source_file,ref_formid,base_formid,base_editorid,base_signature,pos_x,pos_y,pos_z,rot_z
StartsDeadAlive_Q.esp,06032432,0002898B,LvlRaider,NPC_,-32223.849609,-17195.875000,1445.078125,279.2552
StartsDeadAlive_Q.esp,0603274E,001C4033,LvlMerchant,NPC_,-18182.000000,-5504.089355,859.552490,140.0540
StartsDeadAlive_Q.esp,0603BF21,001C4033,LvlMerchant,NPC_,-18458.498047,-3321.786377,884.947754,83.5106
StartsDeadAlive_Q.esp,0603BF19,001C4033,LvlMerchant,NPC_,-18020.396484,-3855.018311,1015.338562,87.9079
StartsDeadAlive_Q.esp,0603BF18,001C4033,LvlMerchant,NPC_,-18763.652344,-3586.312256,854.012756,346.3493
StartsDeadAlive_Q.esp,060319E4,001C4033,LvlMerchant,NPC_,-10807.529297,-4644.131836,475.508881,230.0362
StartsDeadAlive_Q.esp,060319E3,001C4033,LvlMerchant,NPC_,-10462.654297,-4796.096191,476.523163,167.9089
StartsDeadAlive_Q.esp,060319AF,001C4033,LvlMerchant,NPC_,-10388.935547,-1251.511108,476.270355,106.7567
StartsDeadAlive_Q.esp,060319AE,001C4033,LvlMerchant,NPC_,-10377.888672,-1078.728516,476.530548,84.1080
StartsDeadAlive_Q.esp,060319AD,001C4033,LvlMerchant,NPC_,-9501.833984,-1307.259155,646.900085,7.0562
StartsDeadAlive_Q.esp,060319AC,001C4033,LvlMerchant,NPC_,-10305.275391,-678.360413,757.768921,240.0095
StartsDeadAlive_Q.esp,06011889,060489D2,DLC04BloatedBrahmiluffCorpse02,MSTT,-7861.972168,-31046.707031,450.930664,244.4116
StartsDeadAlive_Q.esp,0601188A,060489D1,DLC04BloatedBrahmiluffCorpse01,MSTT,-6993.040039,-33814.179687,448.804993,331.1577
StartsDeadAlive_Q.esp,06043279,001C4033,LvlMerchant,NPC_,-43807.765625,-23303.863281,1416.748901,57.7388
StartsDeadAlive_Q.esp,06043B08,06011091,DLC04_LvlGang_Pack,NPC_,-43740.562500,-11278.117188,1726.663696,34.3775
StartsDeadAlive_Q.esp,060323F3,01005050,DLC01LvlBotRaider,NPC_,-32901.980469,-15840.946289,1472.297729,337.9042
StartsDeadAlive_Q.esp,060443D0,0002898B,LvlRaider,NPC_,-17143.564453,39935.804688,2706.192383,193.8424
StartsDeadAlive_Q.esp,060418F1,0002898B,LvlRaider,NPC_,-31681.667969,20964.380859,1742.127075,68.7549
StartsDeadAlive_Q.esp,06044418,00075337,LvlFeralGhoul,NPC_,-25224.576172,14777.811523,760.251465,0.0000
StartsDeadAlive_Q.esp,06044417,00075337,LvlFeralGhoul,NPC_,-25887.832031,14928.881836,774.554688,0.0000
StartsDeadAlive_Q.esp,06044416,00075337,LvlFeralGhoul,NPC_,-24924.343750,15605.446289,772.404358,0.0000
StartsDeadAlive_Q.esp,0604CB5A,001C4033,LvlMerchant,NPC_,-19172.935547,1697.412231,1102.592896,239.3237
StartsDeadAlive_Q.esp,06031A02,001C4033,LvlMerchant,NPC_,-15382.329102,5896.073242,586.064209,59.4558
StartsDeadAlive_Q.esp,06031A01,001C4033,LvlMerchant,NPC_,-15907.960937,5806.695312,584.734680,290.6311
StartsDeadAlive_Q.esp,06031A00,001C4033,LvlMerchant,NPC_,-15298.898437,5476.578125,663.705688,355.8513
StartsDeadAlive_Q.esp,06048376,001C4033,LvlMerchant,NPC_,-15840.517578,14626.642578,611.580383,0.0000
StartsDeadAlive_Q.esp,06048375,001C4033,LvlMerchant,NPC_,-15894.295898,14569.218750,624.087952,219.6291
StartsDeadAlive_Q.esp,06048A6E,00075337,LvlFeralGhoul,NPC_,-8308.543945,14617.822266,785.488342,0.0000
StartsDeadAlive_Q.esp,06048A1C,00075337,LvlFeralGhoul,NPC_,-8855.394531,14929.019531,617.957764,9.9858
StartsDeadAlive_Q.esp,06048A21,00075337,LvlFeralGhoul,NPC_,-5783.922852,16066.737305,616.842957,308.2046
StartsDeadAlive_Q.esp,06048A20,00075337,LvlFeralGhoul,NPC_,-6081.504395,15567.328125,938.881836,0.0000
StartsDeadAlive_Q.esp,06048A1F,00075337,LvlFeralGhoul,NPC_,-6027.810059,15557.398437,939.073181,209.5986
StartsDeadAlive_Q.esp,06048A1E,00075337,LvlFeralGhoul,NPC_,-5646.170410,15061.575195,939.512573,4.2647
StartsDeadAlive_Q.esp,06048A1D,00075337,LvlFeralGhoul,NPC_,-6015.697754,15029.899414,961.926941,337.0816
StartsDeadAlive_Q.esp,06048A1B,00075337,LvlFeralGhoul,NPC_,-7298.912598,15102.293945,615.239624,158.8634
StartsDeadAlive_Q.esp,06048A18,00075337,LvlFeralGhoul,NPC_,-5322.009766,14901.813477,618.249207,49.7148
StartsDeadAlive_Q.esp,06048A17,00075337,LvlFeralGhoul,NPC_,-5041.547852,15520.188477,617.980530,211.9944
StartsDeadAlive_Q.esp,06048A16,00075337,LvlFeralGhoul,NPC_,-5070.695312,15345.140625,619.159607,222.7243
StartsDeadAlive_Q.esp,06048A15,00075337,LvlFeralGhoul,NPC_,-4413.939453,15503.158203,939.026062,248.8943
StartsDeadAlive_Q.esp,06048A1A,00075337,LvlFeralGhoul,NPC_,-6152.293945,16705.427734,624.103333,281.8007
StartsDeadAlive_Q.esp,06048A19,00075337,LvlFeralGhoul,NPC_,-6561.554687,16388.546875,621.710388,88.7350
StartsDeadAlive_Q.esp,06048A7E,00075337,LvlFeralGhoul,NPC_,-4016.747314,15377.096680,936.023010,272.6239
StartsDeadAlive_Q.esp,060537B9,0002898B,LvlRaider,NPC_,22857.669922,-1541.897949,942.410950,258.6456
StartsDeadAlive_Q.esp,06025CDB,0002898B,LvlRaider,NPC_,35888.996094,52231.417969,2802.286621,84.2107
StartsDeadAlive_Q.esp,060560C2,001C4033,LvlMerchant,NPC_,7573.639160,39347.183594,811.256897,79.2508
StartsDeadAlive_Q.esp,06052690,0002898B,LvlRaider,NPC_,17997.708984,49988.695312,718.258301,10.3428
StartsDeadAlive_Q.esp,06051F4E,0002898B,LvlRaider,NPC_,21392.970703,45615.496094,991.039124,229.7114
StartsDeadAlive_Q.esp,06055F16,00075337,LvlFeralGhoul,NPC_,16303.178711,11236.924805,1148.110352,2.8648
StartsDeadAlive_Q.esp,0603D7D1,000DE969,LvlGunner,NPC_,13665.833008,27342.238281,1163.803467,294.8362
StartsDeadAlive_Q.esp,06051F35,0002898B,LvlRaider,NPC_,30416.869141,25213.648438,2471.145020,343.8635
StartsDeadAlive_Q.esp,060319E8,0003059C,DecalBloodSplatMed,TXST,-10667.959961,-5041.464355,514.577942,0.6195
StartsDeadAlive_Q.esp,060319E7,0003059E,DecalBloodSplatterSmall,TXST,-10479.349609,-4840.255371,503.748962,167.6563
StartsDeadAlive_Q.esp,060319E6,000BA4BA,DecalBloodSmearSmall,TXST,-10587.777344,-4894.664062,514.577942,0.6195
StartsDeadAlive_Q.esp,060319E5,0003059D,DecalBloodSplatterLg,TXST,-10805.451172,-4661.050781,514.577942,0.5930
StartsDeadAlive_Q.esp,060319B9,0003059C,DecalBloodSplatMed,TXST,-10269.633789,-642.867737,719.840759,0.0000
StartsDeadAlive_Q.esp,060319B8,0003059C,DecalBloodSplatMed,TXST,-9507.603516,-1291.856323,704.153015,0.0000
StartsDeadAlive_Q.esp,060319B7,0003059C,DecalBloodSplatMed,TXST,-10034.114258,-1126.927368,479.700073,0.0000
StartsDeadAlive_Q.esp,060319B6,0003059E,DecalBloodSplatterSmall,TXST,-10026.481445,-1062.555176,503.245117,0.0000
StartsDeadAlive_Q.esp,060319B5,0003059E,DecalBloodSplatterSmall,TXST,-10331.579102,-1046.583130,439.255890,0.0000
StartsDeadAlive_Q.esp,060319B4,0003059D,DecalBloodSplatterLg,TXST,-10373.245117,-1215.736572,472.023804,0.0000
StartsDeadAlive_Q.esp,0603198F,000BA4BA,DecalBloodSmearSmall,TXST,-17872.601562,-3348.536133,896.952759,181.4519
StartsDeadAlive_Q.esp,0603198E,0003059C,DecalBloodSplatMed,TXST,-17779.322266,-3392.663086,937.479919,0.0000
StartsDeadAlive_Q.esp,03027B50,00075337,LvlFeralGhoul,NPC_,-30124.867187,-25322.316406,469.244385,156.5999
StartsDeadAlive_Q.esp,03027B51,00075337,LvlFeralGhoul,NPC_,-29550.359375,-25488.429688,463.099030,331.3521
StartsDeadAlive_Q.esp,03027B52,00075337,LvlFeralGhoul,NPC_,-30210.677734,-25682.369141,459.412628,331.3521
StartsDeadAlive_Q.esp,03027B53,00075337,LvlFeralGhoul,NPC_,-29715.070312,-25082.187500,480.888641,270.0455
StartsDeadAlive_Q.esp,03027B54,00075337,LvlFeralGhoul,NPC_,-29915.281250,-25005.650391,483.563385,254.0028
StartsDeadAlive_Q.esp,03056D32,0303675F,DLC03LvlTrapperCoast,NPC_,-8902.724609,-20640.537109,793.130676,0.0000
StartsDeadAlive_Q.esp,03056963,001D16B4,LvlScavengerAggro768,NPC_,-2356.586426,-14454.864258,3629.562012,0.0000
StartsDeadAlive_Q.esp,030569E7,0304F109,DLC03AcadiaSynthRefugeeTemplate,NPC_,-24674.367188,-42438.843750,682.679993,215.6221
StartsDeadAlive_Q.esp,030569E8,0304F109,DLC03AcadiaSynthRefugeeTemplate,NPC_,-24871.089844,-42596.699219,658.368286,299.5428
StartsDeadAlive_Q.esp,030280ED,000E9293,LvlMrGutsy,NPC_,-3359.021240,-66164.523437,450.000000,0.0000
StartsDeadAlive_Q.esp,030316BF,030316BB,ADV016_BrayHuskyCorpse,NPC_,-35400.945312,-30932.439453,687.607178,48.7014
StartsDeadAlive_Q.esp,030316C4,030316BD,ADV016_RowanHuskyCorpse,NPC_,-35574.812500,-30090.068359,466.893555,236.8138
StartsDeadAlive_Q.esp,030316C5,030316BC,ADV016_LukeHuskyCorpse,NPC_,-35420.285156,-32630.654297,754.921143,69.5297
StartsDeadAlive_Q.esp,030316C6,030316BE,ADV016_BraunHuskyCorpse,NPC_,-35136.117188,-32382.601562,530.857178,210.6761
StartsDeadAlive_Q.esp,0300F595,00075337,LvlFeralGhoul,NPC_,-55719.175781,-61919.148437,-755.465637,0.0000
StartsDeadAlive_Q.esp,0300F596,00075337,LvlFeralGhoul,NPC_,-55154.382812,-61617.480469,-762.205261,0.0000
StartsDeadAlive_Q.esp,0300F597,00075337,LvlFeralGhoul,NPC_,-55326.398437,-62028.707031,-706.808533,0.0000
StartsDeadAlive_Q.esp,0304DBC6,001C4033,LvlMerchant,NPC_,-52140.109375,-44664.203125,453.510986,131.7802
StartsDeadAlive_Q.esp,0304DBC8,001C4033,LvlMerchant,NPC_,-45972.406250,-39806.507812,527.542969,291.2449
StartsDeadAlive_Q.esp,03021BA8,00075337,LvlFeralGhoul,NPC_,-12718.325195,35135.507812,502.248413,101.4135
StartsDeadAlive_Q.esp,03021BA9,00075337,LvlFeralGhoul,NPC_,-12567.031250,35116.542969,499.125275,48.7014
StartsDeadAlive_Q.esp,03021B9E,00075337,LvlFeralGhoul,NPC_,-10561.604492,35981.472656,891.170471,0.0000
StartsDeadAlive_Q.esp,03021B9F,00075337,LvlFeralGhoul,NPC_,-9987.310547,36277.125000,893.487732,0.0000
StartsDeadAlive_Q.esp,03021BA1,00075337,LvlFeralGhoul,NPC_,-8867.995117,34661.742188,954.161133,0.0000
StartsDeadAlive_Q.esp,03021BA2,00075337,LvlFeralGhoul,NPC_,-8882.354492,34381.070312,951.487305,0.0000
StartsDeadAlive_Q.esp,03035E4F,00075337,LvlFeralGhoul,NPC_,-8162.181641,37200.003906,955.244263,270.0000
StartsDeadAlive_Q.esp,03021439,001C4033,LvlMerchant,NPC_,40691.695312,-26100.982422,1304.932251,72.3475
StartsDeadAlive_Q.esp,03021433,001C4033,LvlMerchant,NPC_,41431.773438,-26438.521484,1352.489136,107.9473
StartsDeadAlive_Q.esp,03021438,0002BEE9,LvlScavenger,NPC_,41450.625000,-26160.027344,1375.550293,126.0506
StartsDeadAlive_Q.esp,0302143A,001C4033,LvlMerchant,NPC_,42361.945312,-26409.064453,1305.083740,142.3247
StartsDeadAlive_Q.esp,0302143F,0002BEE9,LvlScavenger,NPC_,42463.000000,-26371.025391,1304.288086,160.4281
StartsDeadAlive_Q.esp,03021440,001C4033,LvlMerchant,NPC_,41729.503906,-25944.572266,1375.786743,106.7250
StartsDeadAlive_Q.esp,03048DC5,0303675F,DLC03LvlTrapperCoast,NPC_,42254.339844,-10734.425781,2022.867798,180.0000
StartsDeadAlive_Q.esp,03048DC6,0303675F,DLC03LvlTrapperCoast,NPC_,42201.222656,-10634.102539,2026.033325,0.0000
StartsDeadAlive_Q.esp,03042621,0303675F,DLC03LvlTrapperCoast,NPC_,48825.718750,-12373.718750,1555.902588,166.1578
StartsDeadAlive_Q.esp,0304261F,0303675F,DLC03LvlTrapperCoast,NPC_,49202.753906,-10952.320312,1784.367676,0.0000
StartsDeadAlive_Q.esp,03042623,0303675F,DLC03LvlTrapperCoast,NPC_,49617.828125,-10722.166992,1549.349365,300.6906
StartsDeadAlive_Q.esp,0301B794,001C4033,LvlMerchant,NPC_,44138.246094,-29271.675781,483.573547,113.6769
StartsDeadAlive_Q.esp,0301B78A,001C4033,LvlMerchant,NPC_,43516.781250,-28936.857422,625.674805,78.0771
StartsDeadAlive_Q.esp,0301B789,001D16B4,LvlScavengerAggro768,NPC_,44225.195312,-28957.332031,482.265869,131.7803
StartsDeadAlive_Q.esp,03043A28,001C4033,LvlMerchant,NPC_,6336.511719,-29930.330078,527.295715,0.0000
StartsDeadAlive_Q.esp,03043A29,0002898B,LvlRaider,NPC_,6020.390625,-30408.730469,698.813782,0.0000
StartsDeadAlive_Q.esp,03049BE0,0303675F,DLC03LvlTrapperCoast,NPC_,13735.752930,-7544.768066,1436.206665,100.2676
StartsDeadAlive_Q.esp,03049C33,00075337,LvlFeralGhoul,NPC_,10804.120117,-53436.484375,943.993652,139.4113
StartsDeadAlive_Q.esp,03049C34,00075337,LvlFeralGhoul,NPC_,10425.862305,-53906.523437,1213.018677,139.4113
StartsDeadAlive_Q.esp,03049C1A,00075337,LvlFeralGhoul,NPC_,10434.150391,-38765.976562,836.852234,0.0000
StartsDeadAlive_Q.esp,03049C05,0303675F,DLC03LvlTrapperCoast,NPC_,14720.415039,-40405.402344,615.924622,20.0535
StartsDeadAlive_Q.esp,03049C06,0303675F,DLC03LvlTrapperCoast,NPC_,13850.104492,-40331.156250,959.728638,277.8720
StartsDeadAlive_Q.esp,03049C0B,0303675F,DLC03LvlTrapperCoast,NPC_,13211.572266,-39241.750000,617.146118,34.9302
StartsDeadAlive_Q.esp,03049C0D,0303675F,DLC03LvlTrapperCoast,NPC_,13228.579102,-38427.542969,632.290955,139.6694
StartsDeadAlive_Q.esp,03049C1B,00075337,LvlFeralGhoul,NPC_,13349.815430,-38733.464844,633.163391,0.0000
StartsDeadAlive_Q.esp,03049C1C,00075337,LvlFeralGhoul,NPC_,14458.841797,-40634.320312,618.190735,0.0000
StartsDeadAlive_Q.esp,0303CE72,0303675F,DLC03LvlTrapperCoast,NPC_,1137.917480,-45420.519531,1124.099976,262.0618
StartsDeadAlive_Q.esp,0304309D,0303675F,DLC03LvlTrapperCoast,NPC_,26380.548828,-42203.835938,1332.410278,0.0000
StartsDeadAlive_Q.esp,030487C2,00075337,LvlFeralGhoul,NPC_,66282.429687,3245.850342,1585.341309,248.2732
StartsDeadAlive_Q.esp,030487C3,00075337,LvlFeralGhoul,NPC_,66094.835937,3510.552002,1123.077637,22.9183
StartsDeadAlive_Q.esp,030487C4,00075337,LvlFeralGhoul,NPC_,66509.437500,3619.734863,1065.247314,0.0000
StartsDeadAlive_Q.esp,030487C5,00075337,LvlFeralGhoul,NPC_,66331.187500,2515.669189,1336.705688,0.0000
StartsDeadAlive_Q.esp,03043615,0303675F,DLC03LvlTrapperCoast,NPC_,50014.308594,53610.003906,523.170471,0.0000
StartsDeadAlive_Q.esp,030542C4,0303675F,DLC03LvlTrapperCoast,NPC_,33108.792969,34535.628906,3741.354736,0.0000
StartsDeadAlive_Q.esp,03056334,00075337,LvlFeralGhoul,NPC_,32995.632812,34991.246094,3746.338867,247.3456
StartsDeadAlive_Q.esp,0304360F,00075337,LvlFeralGhoul,NPC_,34216.566406,43060.011719,769.969360,0.0000
StartsDeadAlive_Q.esp,03043610,00075337,LvlFeralGhoul,NPC_,34979.261719,42907.941406,765.019897,0.0000
StartsDeadAlive_Q.esp,03022C9D,00075337,LvlFeralGhoul,NPC_,43424.679688,34948.574219,979.792419,0.0000
StartsDeadAlive_Q.esp,03022C9E,00075337,LvlFeralGhoul,NPC_,43078.054688,35311.121094,987.381836,0.0000
StartsDeadAlive_Q.esp,03022C9F,00075337,LvlFeralGhoul,NPC_,43512.726562,34705.546875,972.169250,71.4162
StartsDeadAlive_Q.esp,03022CA0,00075337,LvlFeralGhoul,NPC_,42246.582031,34725.156250,1049.961060,359.9868
StartsDeadAlive_Q.esp,03022CA1,00075337,LvlFeralGhoul,NPC_,42068.812500,34778.144531,995.907715,359.9868
StartsDeadAlive_Q.esp,03022CA2,00075337,LvlFeralGhoul,NPC_,41689.683594,35151.214844,987.146851,0.0000
StartsDeadAlive_Q.esp,03022CA3,00075337,LvlFeralGhoul,NPC_,41135.871094,36034.601562,1223.598022,14.3239
StartsDeadAlive_Q.esp,03022CA4,00075337,LvlFeralGhoul,NPC_,42852.812500,36312.714844,970.833191,89.7777
StartsDeadAlive_Q.esp,03022CA5,00075337,LvlFeralGhoul,NPC_,42670.171875,36722.621094,971.674500,89.7777
StartsDeadAlive_Q.esp,03022CA6,00075337,LvlFeralGhoul,NPC_,43466.730469,36641.898438,849.776367,285.2496
StartsDeadAlive_Q.esp,03022CA9,00075337,LvlFeralGhoul,NPC_,43782.222656,36581.765625,842.515320,285.2496
StartsDeadAlive_Q.esp,0304630F,0303675F,DLC03LvlTrapperCoast,NPC_,33029.070312,8438.104492,3720.598633,122.7041
StartsDeadAlive_Q.esp,030137E6,00075337,LvlFeralGhoul,NPC_,34401.167969,24161.431641,3892.091064,38.7549
StartsDeadAlive_Q.esp,030137E7,00075337,LvlFeralGhoul,NPC_,34056.652344,23562.863281,3836.988525,145.5485
StartsDeadAlive_Q.esp,030137E8,00075337,LvlFeralGhoul,NPC_,33825.027344,24041.287109,3843.926270,113.7226
StartsDeadAlive_Q.esp,03023B2B,03023B24,DLC03FarHarborFF02_CorpseHowardDunbar,NPC_,47378.949219,27008.888672,956.823364,0.0000
StartsDeadAlive_Q.esp,0305668C,0303675F,DLC03LvlTrapperCoast,NPC_,50958.449219,23510.322266,1605.346924,106.5532
StartsDeadAlive_Q.esp,0305668E,00075337,LvlFeralGhoul,NPC_,52744.007812,24215.101562,1077.525391,0.0000
StartsDeadAlive_Q.esp,03056690,00075337,LvlFeralGhoul,NPC_,51180.285156,22463.152344,1637.738159,100.2676
StartsDeadAlive_Q.esp,0305668D,00075337,LvlFeralGhoul,NPC_,51719.796875,24599.509766,1079.468750,58.4417
StartsDeadAlive_Q.esp,0305668F,00075337,LvlFeralGhoul,NPC_,51078.687500,25014.201172,1082.979004,230.4203
StartsDeadAlive_Q.esp,030566A7,00075337,LvlFeralGhoul,NPC_,51251.230469,24689.363281,1218.092041,331.3521
StartsDeadAlive_Q.esp,03046316,00076442,brahminCorpseContainer,CONT,54388.566406,10566.271484,2860.287109,275.4888
StartsDeadAlive_Q.esp,03048812,0303675F,DLC03LvlTrapperCoast,NPC_,59858.980469,2582.344238,637.261108,170.4550
StartsDeadAlive_Q.esp,03046343,0303675F,DLC03LvlTrapperCoast,NPC_,63308.191406,16199.115234,546.387146,137.5098
StartsDeadAlive_Q.esp,03046349,0303675F,DLC03LvlTrapperCoast,NPC_,63666.695312,14022.556641,749.554016,356.9015
StartsDeadAlive_Q.esp,03056FB2,00075337,LvlFeralGhoul,NPC_,7040.463379,35747.019531,1333.694458,0.0000
StartsDeadAlive_Q.esp,03056FBC,00075337,LvlFeralGhoul,NPC_,6664.034668,35154.820312,1343.548828,0.0000
StartsDeadAlive_Q.esp,03056FBD,00075337,LvlFeralGhoul,NPC_,6814.646973,34930.371094,1339.439941,0.0000
StartsDeadAlive_Q.esp,030435D5,0303675F,DLC03LvlTrapperCoast,NPC_,20244.613281,46891.972656,1285.273804,52.7121
StartsDeadAlive_Q.esp,030435D2,00075337,LvlFeralGhoul,NPC_,19017.753906,56131.105469,992.910889,0.0000
StartsDeadAlive_Q.esp,030435D3,00075337,LvlFeralGhoul,NPC_,19430.566406,56129.730469,995.869751,0.0000
StartsDeadAlive_Q.esp,03056304,00075337,LvlFeralGhoul,NPC_,31853.904297,34856.441406,3098.921387,350.0206
StartsDeadAlive_Q.esp,03056309,00075337,LvlFeralGhoul,NPC_,32184.134766,33641.714844,3136.561523,51.4924
StartsDeadAlive_Q.esp,03056311,00075337,LvlFeralGhoul,NPC_,31038.892578,33439.980469,3517.588867,216.7606
StartsDeadAlive_Q.esp,03056355,000E5245,LvlMrHandy_Random,NPC_,29671.886719,36741.613281,3482.724365,0.0000
StartsDeadAlive_Q.esp,03043AEE,00075337,LvlFeralGhoul,NPC_,30708.634766,37107.085938,2715.621338,131.8231
StartsDeadAlive_Q.esp,03043AEF,00075337,LvlFeralGhoul,NPC_,30856.060547,37336.667969,2715.315186,161.0012
StartsDeadAlive_Q.esp,03043AF0,00075337,LvlFeralGhoul,NPC_,30942.667969,36882.707031,2716.115479,240.0057
StartsDeadAlive_Q.esp,0305635E,00075337,LvlFeralGhoul,NPC_,30476.351562,37174.402344,3476.194824,90.5225
StartsDeadAlive_Q.esp,0305635F,00075337,LvlFeralGhoul,NPC_,30200.445312,37885.574219,2715.090088,37.4994
StartsDeadAlive_Q.esp,030304D6,0002FB88,LvlChildrenofAtom,NPC_,9800.577148,3083.362061,2004.110107,0.0000
StartsDeadAlive_Q.esp,030304D9,0002FB88,LvlChildrenofAtom,NPC_,8882.641602,2363.978271,1664.201416,242.5436
StartsDeadAlive_Q.esp,0305687C,0303675F,DLC03LvlTrapperCoast,NPC_,30236.164062,14229.688477,3702.710937,47.2690
StartsDeadAlive_Q.esp,0305687D,0303675F,DLC03LvlTrapperCoast,NPC_,30136.548828,14217.488281,3777.144775,287.1744
StartsDeadAlive_Q.esp,03013836,00075337,LvlFeralGhoul,NPC_,29837.195312,28290.322266,4067.145020,128.9154
StartsDeadAlive_Q.esp,0301383C,00075337,LvlFeralGhoul,NPC_,29116.951172,27533.335937,3999.463623,103.1323
StartsDeadAlive_Q.esp,03013835,00075337,LvlFeralGhoul,NPC_,31358.146484,28836.375000,4015.836670,128.9154
StartsDeadAlive_Q.esp,03056310,00075337,LvlFeralGhoul,NPC_,31004.025391,32767.693359,3482.735107,49.2743
StartsDeadAlive_Q.esp,0302E14E,00075337,LvlFeralGhoul,NPC_,22969.457031,45004.273438,1604.361206,267.1747
StartsDeadAlive_Q.esp,0302E14D,00075337,LvlFeralGhoul,NPC_,22652.201172,44451.476562,1553.557129,4.5776
StartsDeadAlive_Q.esp,0302E14C,00075337,LvlFeralGhoul,NPC_,25327.990234,46662.089844,1296.850708,311.2986
StartsDeadAlive_Q.esp,0302E14B,00075337,LvlFeralGhoul,NPC_,24128.304688,46683.367188,1433.797729,231.0845
StartsDeadAlive_Q.esp,0302E14A,0303675F,DLC03LvlTrapperCoast,NPC_,24659.292969,47308.789062,1260.846436,226.3182
StartsDeadAlive_Q.esp,0302E149,0303675F,DLC03LvlTrapperCoast,NPC_,24846.087891,46923.386719,1290.022583,300.8028
StartsDeadAlive_Q.esp,0302E148,0303675F,DLC03LvlTrapperCoast,NPC_,22516.486328,44784.152344,1538.545288,189.0761
StartsDeadAlive_Q.esp,00206624,000A0E33,Loot_CorpseSettlerFemale,NPC_,19437.960938,-13493.189453,550.137695,324.3455
StartsDeadAlive_Q.esp,00206623,000A0E33,Loot_CorpseSettlerFemale,NPC_,19206.773438,-13092.977539,538.409607,114.6957
StartsDeadAlive_Q.esp,0020682C,000A0E33,Loot_CorpseSettlerFemale,NPC_,19619.208984,-9200.284180,707.538330,308.0999
StartsDeadAlive_Q.esp,00206676,000BA4BA,DecalBloodSmearSmall,TXST,19399.572266,-13514.213867,592.125793,0.0000
StartsDeadAlive_Q.esp,00206675,000BA4BA,DecalBloodSmearSmall,TXST,19234.187500,-13090.139648,586.084045,0.0000
StartsDeadAlive_Q.esp,0013F75A,00075337,LvlFeralGhoul,NPC_,-29785.759766,-32578.503906,1658.502686,18.8255
StartsDeadAlive_Q.esp,000FA8EA,00075337,LvlFeralGhoul,NPC_,-28732.398437,-31975.574219,1581.470947,219.1627
StartsDeadAlive_Q.esp,000FCDF7,00075337,LvlFeralGhoul,NPC_,-29052.062500,-32296.111328,1589.072021,203.7531
StartsDeadAlive_Q.esp,000FA8EB,00075337,LvlFeralGhoul,NPC_,-28661.076172,-31935.707031,1584.937988,219.1627
StartsDeadAlive_Q.esp,0011AE32,0002898B,LvlRaider,NPC_,-21944.679688,-28776.458984,3298.254150,43.0142
StartsDeadAlive_Q.esp,0011AE4D,0002898B,LvlRaider,NPC_,-13469.661133,-32295.339844,1644.243286,84.5113
StartsDeadAlive_Q.esp,00248151,0002BEE9,LvlScavenger,NPC_,-12138.687500,-28960.951172,2418.319824,146.6206
StartsDeadAlive_Q.esp,001BBEB1,0002898B,LvlRaider,NPC_,-9952.592773,-31282.933594,1339.689819,130.4577
StartsDeadAlive_Q.esp,0011AE33,0002898B,LvlRaider,NPC_,-21996.248047,-28468.474609,3286.067871,241.8983
StartsDeadAlive_Q.esp,00225B36,0002898B,LvlRaider,NPC_,-21151.328125,-26889.269531,2914.430176,109.5840
StartsDeadAlive_Q.esp,00225B39,0002898B,LvlRaider,NPC_,-20862.761719,-27195.980469,2757.460205,271.1677
StartsDeadAlive_Q.esp,00225B3D,0002898B,LvlRaider,NPC_,-21687.074219,-27944.656250,1476.635010,347.4952
StartsDeadAlive_Q.esp,0011AE54,0002BEE9,LvlScavenger,NPC_,-23374.986328,-23889.539062,1053.142578,0.0000
StartsDeadAlive_Q.esp,0011AE55,0002BEE9,LvlScavenger,NPC_,-23423.730469,-24237.652344,1014.218994,0.0000
StartsDeadAlive_Q.esp,000B238C,00075337,LvlFeralGhoul,NPC_,-6016.552246,-20811.541016,1331.661987,151.6843
StartsDeadAlive_Q.esp,0018DFBE,00088F14,LvlSupermutantMelee,NPC_,-5427.437012,-23502.912109,1475.061890,45.0000
StartsDeadAlive_Q.esp,002485AA,0016015D,LvlBoSSoldier_CombatArmor_Auto,NPC_,-3555.339844,-22217.302734,2349.173584,216.8403
StartsDeadAlive_Q.esp,002326A4,00075337,LvlFeralGhoul,NPC_,-27447.986328,-18346.144531,1014.818909,144.3854
StartsDeadAlive_Q.esp,00222D4E,0002898B,LvlRaider,NPC_,-22348.707031,-20161.480469,1339.296753,303.4962
StartsDeadAlive_Q.esp,0023F649,0002898B,LvlRaider,NPC_,-17224.791016,-17793.011719,1855.958862,1.1915
StartsDeadAlive_Q.esp,001BBF60,0002898B,LvlRaider,NPC_,-14608.856445,-19200.324219,1246.064453,180.4817
StartsDeadAlive_Q.esp,0023F645,0002898B,LvlRaider,NPC_,-13748.679687,-16501.703125,1482.340332,225.3549
StartsDeadAlive_Q.esp,001BA3D0,0002BEE9,LvlScavenger,NPC_,-8134.240234,-13679.141602,481.732178,161.8606
StartsDeadAlive_Q.esp,00222702,0002898B,LvlRaider,NPC_,-21208.148438,-64693.183594,2644.154297,14.1448
StartsDeadAlive_Q.esp,0020E074,0002BEE9,LvlScavenger,NPC_,-10312.516602,-57769.031250,1368.463745,97.4028
StartsDeadAlive_Q.esp,0020E075,0002BEE9,LvlScavenger,NPC_,-10325.710938,-57812.214844,1369.321289,306.5693
StartsDeadAlive_Q.esp,0020E076,001C4033,LvlMerchant,NPC_,-10366.319336,-57813.085937,1370.395630,213.7068
StartsDeadAlive_Q.esp,0020E077,001C4033,LvlMerchant,NPC_,-10342.464844,-57821.761719,1405.566772,330.8764
StartsDeadAlive_Q.esp,0020E078,001C4033,LvlMerchant,NPC_,-10345.765625,-57856.054687,1388.212402,213.7068
StartsDeadAlive_Q.esp,0020E0AD,00075337,LvlFeralGhoul,NPC_,-10019.439453,-58133.449219,1658.670654,339.9464
StartsDeadAlive_Q.esp,0020E0AE,00075337,LvlFeralGhoul,NPC_,-10098.597656,-57773.789062,1621.604980,233.9492
StartsDeadAlive_Q.esp,0020E0AF,00075337,LvlFeralGhoul,NPC_,-10381.208008,-57555.453125,1619.373901,213.8957
StartsDeadAlive_Q.esp,0020E0B0,00075337,LvlFeralGhoul,NPC_,-10925.203125,-57585.156250,1619.706421,274.0562
StartsDeadAlive_Q.esp,0020E0B1,00075337,LvlFeralGhoul,NPC_,-10970.329102,-58111.695312,1625.123169,262.5971
StartsDeadAlive_Q.esp,0020E118,0002898B,LvlRaider,NPC_,-11163.469727,-59029.523437,1880.030884,278.9883
StartsDeadAlive_Q.esp,0003D3B5,0002898B,LvlRaider,NPC_,-13890.008789,-50806.859375,2292.497803,0.0000
StartsDeadAlive_Q.esp,0013F74C,00075337,LvlFeralGhoul,NPC_,-29951.197266,-33212.929687,1727.671753,54.9170
StartsDeadAlive_Q.esp,0013F74D,00075337,LvlFeralGhoul,NPC_,-29975.904297,-33122.269531,1728.455322,54.9170
StartsDeadAlive_Q.esp,0013F70D,00075337,LvlFeralGhoul,NPC_,-30215.339844,-33805.453125,2049.026123,121.8615
StartsDeadAlive_Q.esp,0013F70C,00075337,LvlFeralGhoul,NPC_,-30314.830078,-33943.101562,2048.608154,332.9845
StartsDeadAlive_Q.esp,000C1F5E,0002898B,LvlRaider,NPC_,-29723.726562,-33264.765625,2062.670898,347.9537
StartsDeadAlive_Q.esp,000FA8EC,00075337,LvlFeralGhoul,NPC_,-29062.019531,-32957.171875,1595.558105,219.1627
StartsDeadAlive_Q.esp,000FA8ED,00075337,LvlFeralGhoul,NPC_,-29453.443359,-33083.367187,1849.179932,337.1575
StartsDeadAlive_Q.esp,000FA8EE,00075337,LvlFeralGhoul,NPC_,-29376.507812,-32845.183594,1648.409790,204.3670
StartsDeadAlive_Q.esp,0013BCA3,00075337,LvlFeralGhoul,NPC_,-29813.130859,-34223.066406,2079.646240,297.5378
StartsDeadAlive_Q.esp,0013BCA4,00075337,LvlFeralGhoul,NPC_,-28834.134766,-33801.140625,2081.125732,81.7459
StartsDeadAlive_Q.esp,002308E0,001BF0C5,LvlMinuteman_LaserMusket,NPC_,-24296.343750,-95997.937500,1864.801636,311.2985
StartsDeadAlive_Q.esp,0008BD96,0002898B,LvlRaider,NPC_,-10517.699219,-90338.601562,829.657959,224.7819
StartsDeadAlive_Q.esp,00086753,00076442,brahminCorpseContainer,CONT,-45828.207031,-26109.884766,2493.760254,249.4126
StartsDeadAlive_Q.esp,001E6395,001C4033,LvlMerchant,NPC_,-36544.355469,-15076.411133,1517.542847,58.6239
StartsDeadAlive_Q.esp,00106E76,0002BEE9,LvlScavenger,NPC_,-49114.335938,-43198.843750,1332.984253,219.3265
StartsDeadAlive_Q.esp,00249753,00075337,LvlFeralGhoul,NPC_,-64105.851562,-82540.070312,4200.816895,173.6812
StartsDeadAlive_Q.esp,00249750,00075337,LvlFeralGhoul,NPC_,-62996.558594,-83539.875000,4211.757812,103.7251
StartsDeadAlive_Q.esp,0024974F,00075337,LvlFeralGhoul,NPC_,-63351.722656,-82621.742188,4198.962402,79.5505
StartsDeadAlive_Q.esp,0024974E,00075337,LvlFeralGhoul,NPC_,-62987.058594,-82785.437500,4268.890625,12.4996
StartsDeadAlive_Q.esp,00249751,00075337,LvlFeralGhoul,NPC_,-64788.035156,-81742.359375,4194.878418,0.0000
StartsDeadAlive_Q.esp,00249752,00075337,LvlFeralGhoul,NPC_,-64619.949219,-81354.460938,4219.371582,354.5308
StartsDeadAlive_Q.esp,00148B92,0002BEE9,LvlScavenger,NPC_,-38674.773438,-76698.671875,1408.869507,143.9417
StartsDeadAlive_Q.esp,001D03BC,00106B07,LvlProtectron,NPC_,-52353.429687,-69753.992188,2323.963867,268.3269
StartsDeadAlive_Q.esp,001D03B4,00076442,brahminCorpseContainer,CONT,-52558.371094,-69644.132812,2328.495361,319.8930
StartsDeadAlive_Q.esp,001476FE,001C4033,LvlMerchant,NPC_,-66955.320312,-23224.837891,2531.938721,103.1077
StartsDeadAlive_Q.esp,001DE7CD,001C4033,LvlMerchant,NPC_,-79894.210938,-19498.421875,3979.955811,151.3519
StartsDeadAlive_Q.esp,000EB6B2,0002898B,LvlRaider,NPC_,-88408.281250,-12362.560547,5773.345703,271.0089
StartsDeadAlive_Q.esp,000EB6A7,0002898B,LvlRaider,NPC_,-88080.562500,-12392.698242,6298.039062,70.4737
StartsDeadAlive_Q.esp,000EB6A8,0002898B,LvlRaider,NPC_,-87745.062500,-12107.670898,6314.300781,8.4252
StartsDeadAlive_Q.esp,000EB6B3,0002898B,LvlRaider,NPC_,-87789.687500,-11235.838867,5769.433105,334.2167
StartsDeadAlive_Q.esp,000EB6BB,0002898B,LvlRaider,NPC_,-87404.796875,-11657.018555,5776.720215,156.5999
StartsDeadAlive_Q.esp,001A6112,0002898B,LvlRaider,NPC_,-87137.664062,-12080.537109,5741.375977,253.7380
StartsDeadAlive_Q.esp,0020F04C,0002BEE9,LvlScavenger,NPC_,-88615.664062,-6461.478516,5677.174805,83.5479
StartsDeadAlive_Q.esp,001D0394,00075337,LvlFeralGhoul,NPC_,-78113.359375,-81.239029,4023.994629,63.0254
StartsDeadAlive_Q.esp,001D0398,00075337,LvlFeralGhoul,NPC_,-76283.632812,-762.161987,4014.753174,148.0058
StartsDeadAlive_Q.esp,001D0397,00075337,LvlFeralGhoul,NPC_,-76179.632812,-466.429718,3873.278809,0.0000
StartsDeadAlive_Q.esp,001D0393,000D39EF,LvlFeralGhoulGlowingOne,NPC_,-76056.328125,-52.215832,3856.201416,287.6286
StartsDeadAlive_Q.esp,001D0392,00075337,LvlFeralGhoul,NPC_,-76277.671875,-1372.885132,4064.313477,319.8930
StartsDeadAlive_Q.esp,001D0391,00075337,LvlFeralGhoul,NPC_,-74604.679688,-1293.227051,4011.666504,0.0000
StartsDeadAlive_Q.esp,0018C10B,0002BEE9,LvlScavenger,NPC_,-93002.437500,-54338.671875,3511.274902,46.9824
StartsDeadAlive_Q.esp,0018C12C,0002BEE9,LvlScavenger,NPC_,-92571.007812,-54493.519531,3493.057129,46.9825
StartsDeadAlive_Q.esp,00218A55,0002BEE9,LvlScavenger,NPC_,-70814.484375,-55258.292969,2210.198975,45.3251
StartsDeadAlive_Q.esp,0018BC46,000948B3,LvlMutantHound,NPC_,-87181.140625,-49891.179688,2671.720703,269.4724
StartsDeadAlive_Q.esp,0023267D,00075337,LvlFeralGhoul,NPC_,-90529.875000,-48595.949219,2668.133545,188.0214
StartsDeadAlive_Q.esp,0018BF9B,0002BEE9,LvlScavenger,NPC_,-90435.671875,-48312.785156,2670.828125,50.3355
StartsDeadAlive_Q.esp,0018BF95,0002898B,LvlRaider,NPC_,-90460.367188,-48717.113281,2666.292725,52.7121
StartsDeadAlive_Q.esp,0018B87F,0002898B,LvlRaider,NPC_,-90390.085938,-48627.039062,3698.132812,157.8128
StartsDeadAlive_Q.esp,000663BB,000D2289,LvlSupermutantAuto,NPC_,-86709.023438,-46071.863281,2901.176025,135.7910
StartsDeadAlive_Q.esp,000D751A,000D2289,LvlSupermutantAuto,NPC_,-86361.835938,-47205.304688,2681.175049,29.9741
StartsDeadAlive_Q.esp,000D7519,000D2289,LvlSupermutantAuto,NPC_,-88841.187500,-48888.703125,2870.101807,204.7264
StartsDeadAlive_Q.esp,000D7518,000D2289,LvlSupermutantAuto,NPC_,-87169.210938,-47721.277344,2670.540283,204.7264
StartsDeadAlive_Q.esp,000D7517,000D2289,LvlSupermutantAuto,NPC_,-87552.421875,-47334.917969,2670.531738,204.7264
StartsDeadAlive_Q.esp,000D7515,000D2289,LvlSupermutantAuto,NPC_,-86092.226562,-46079.675781,2675.584961,0.0000
StartsDeadAlive_Q.esp,002325DF,00075337,LvlFeralGhoul,NPC_,-84904.476562,-45382.972656,2123.321777,162.4352
StartsDeadAlive_Q.esp,00226686,0002BEE9,LvlScavenger,NPC_,-89247.320312,-43592.890625,2718.137207,22.1775
StartsDeadAlive_Q.esp,0004D40A,00076442,brahminCorpseContainer,CONT,-79348.843750,-37631.769531,1928.192139,258.2996
StartsDeadAlive_Q.esp,0004D3E9,0002BEE9,LvlScavenger,NPC_,-78852.093750,-38875.277344,2038.770386,245.3455
StartsDeadAlive_Q.esp,0004D36F,0002BEE9,LvlScavenger,NPC_,-77853.101562,-38878.562500,2086.793457,109.7596
StartsDeadAlive_Q.esp,0004D36E,0002BEE9,LvlScavenger,NPC_,-78037.093750,-39048.464844,2084.158936,302.5805
StartsDeadAlive_Q.esp,00215DCF,00076442,brahminCorpseContainer,CONT,-77744.078125,-39166.117188,2062.349609,107.3144
StartsDeadAlive_Q.esp,0004D36D,0002BEE9,LvlScavenger,NPC_,-77538.242188,-38638.128906,2287.568848,200.6485
StartsDeadAlive_Q.esp,0019A6AD,00075337,LvlFeralGhoul,NPC_,-87448.218750,-34888.843750,3892.783691,1.0737
StartsDeadAlive_Q.esp,0019A69D,00075337,LvlFeralGhoul,NPC_,-87005.210938,-35558.925781,4146.770020,113.9202
StartsDeadAlive_Q.esp,0019A69C,0002898B,LvlRaider,NPC_,-86910.742188,-35478.140625,4166.758301,248.9203
StartsDeadAlive_Q.esp,001D591A,00076442,brahminCorpseContainer,CONT,-75499.671875,-33980.738281,2760.677490,257.0258
StartsDeadAlive_Q.esp,0018FDB4,00075337,LvlFeralGhoul,NPC_,-95122.117188,-94693.164062,5359.252441,137.2908
StartsDeadAlive_Q.esp,0018FDB3,00075337,LvlFeralGhoul,NPC_,-95025.648438,-95308.281250,5624.769043,0.0000
StartsDeadAlive_Q.esp,001AC004,0002898B,LvlRaider,NPC_,-69780.835938,-114956.804687,4480.577637,100.6797
StartsDeadAlive_Q.esp,00193B1A,0002FB88,LvlChildrenofAtom,NPC_,-118072.164062,-108405.578125,12560.341797,217.7239
StartsDeadAlive_Q.esp,001D28E4,0002BEE9,LvlScavenger,NPC_,-14178.508789,106334.140625,3785.949463,254.0026
StartsDeadAlive_Q.esp,0008EC43,0003DF76,DN007_Dutchman,NPC_,-30783.035156,68255.320312,4111.419922,7.6309
StartsDeadAlive_Q.esp,000D84C8,0003DF75,DN007_Helena,NPC_,-29237.539062,67420.953125,4084.014893,281.1042
StartsDeadAlive_Q.esp,000D9028,00075337,LvlFeralGhoul,NPC_,-29946.640625,68475.476562,4087.614502,296.2190
StartsDeadAlive_Q.esp,000D901A,00075337,LvlFeralGhoul,NPC_,-30892.833984,73194.898438,4087.920410,13.1899
StartsDeadAlive_Q.esp,00195D7D,00076442,brahminCorpseContainer,CONT,-18850.576172,69932.070312,2848.672852,308.4338
StartsDeadAlive_Q.esp,0008F6F9,00076442,brahminCorpseContainer,CONT,-30158.332031,74280.812500,4039.084473,5.7296
StartsDeadAlive_Q.esp,001E61BE,0002BEE9,LvlScavenger,NPC_,-8550.806641,87199.375000,4125.533691,359.7313
StartsDeadAlive_Q.esp,001D5D41,0002898B,LvlRaider,NPC_,-13207.325195,96486.929688,4819.111328,0.0000
StartsDeadAlive_Q.esp,0020A728,0002898B,LvlRaider,NPC_,-8407.684570,35718.347656,2924.869141,0.0000
StartsDeadAlive_Q.esp,0020A729,0002898B,LvlRaider,NPC_,-8156.696289,35832.148438,2924.840820,0.0000
StartsDeadAlive_Q.esp,000FFE8E,00075337,LvlFeralGhoul,NPC_,-32320.142578,40059.718750,3228.560303,224.8446
StartsDeadAlive_Q.esp,000FFE87,0002898B,LvlRaider,NPC_,-32546.283203,40028.578125,3233.762939,337.3818
StartsDeadAlive_Q.esp,000FF33F,001D4A17,DN170_LvlRaiderBossPowerArmor_Minigun,NPC_,-31829.355469,38303.140625,4009.404297,0.0000
StartsDeadAlive_Q.esp,001AD15B,00075337,LvlFeralGhoul,NPC_,-28387.966797,37254.394531,3087.672607,115.5595
StartsDeadAlive_Q.esp,001AD156,0002898B,LvlRaider,NPC_,-28173.359375,37203.015625,3092.484863,307.6869
StartsDeadAlive_Q.esp,00180222,0002BEE9,LvlScavenger,NPC_,-29887.634766,41586.773438,3234.838623,90.7098
StartsDeadAlive_Q.esp,00162782,00075337,LvlFeralGhoul,NPC_,-32515.320312,44351.015625,2982.393066,103.1324
StartsDeadAlive_Q.esp,0016275C,0016277E,DN068_Emma,NPC_,-32275.986328,44347.269531,2977.933105,31.6920
StartsDeadAlive_Q.esp,001ADDEE,00075337,LvlFeralGhoul,NPC_,-28123.722656,43006.140625,2898.896484,312.7310
StartsDeadAlive_Q.esp,001ADDED,00075337,LvlFeralGhoul,NPC_,-28095.263672,43189.734375,2933.917969,0.0000
StartsDeadAlive_Q.esp,001ADDEC,00075337,LvlFeralGhoul,NPC_,-28344.851562,43024.921875,2893.917969,326.3519
StartsDeadAlive_Q.esp,001E9900,0002BEE9,LvlScavenger,NPC_,-8861.200195,57779.699219,2023.987427,244.1561
StartsDeadAlive_Q.esp,001E98F8,00075337,LvlFeralGhoul,NPC_,-9149.959961,57764.257812,2001.768311,273.0764
StartsDeadAlive_Q.esp,001E98F4,00075337,LvlFeralGhoul,NPC_,-8631.556641,57624.628906,1976.100586,140.8286
StartsDeadAlive_Q.esp,001E98F3,00075337,LvlFeralGhoul,NPC_,-8770.384766,57760.683594,2011.426636,135.9585
StartsDeadAlive_Q.esp,000CFDCB,0002898B,LvlRaider,NPC_,-16049.094727,7047.513672,1360.738403,0.0000
StartsDeadAlive_Q.esp,000CFDE9,0002898B,LvlRaider,NPC_,-16062.386719,7960.206055,1372.042358,0.0000
StartsDeadAlive_Q.esp,00108FA0,00075337,LvlFeralGhoul,NPC_,-28145.822266,10567.410156,1921.038208,242.4457
StartsDeadAlive_Q.esp,000CFDEA,0002BEE9,LvlScavenger,NPC_,-15685.761719,8504.034180,1348.848511,184.6749
StartsDeadAlive_Q.esp,000CFDAE,00076442,brahminCorpseContainer,CONT,-16304.967773,9912.401367,1598.122559,12.7419
StartsDeadAlive_Q.esp,000C0675,0002BEE9,LvlScavenger,NPC_,-8223.729492,10674.952148,1515.507324,0.0000
StartsDeadAlive_Q.esp,000C0678,0002BEE9,LvlScavenger,NPC_,-9657.682617,9004.517578,1511.009766,278.0670
StartsDeadAlive_Q.esp,000C066F,001C4033,LvlMerchant,NPC_,-7887.781738,10132.340820,1473.822998,57.6633
StartsDeadAlive_Q.esp,00116DBD,00075337,LvlFeralGhoul,NPC_,-29126.878906,14349.385742,2030.905762,165.0000
StartsDeadAlive_Q.esp,00116DBB,00075337,LvlFeralGhoul,NPC_,-29015.580078,14993.620117,2021.038696,215.5463
StartsDeadAlive_Q.esp,00116DBA,00075337,LvlFeralGhoul,NPC_,-29421.000000,14769.980469,2029.421021,18.6905
StartsDeadAlive_Q.esp,000637E9,00075337,LvlFeralGhoul,NPC_,-31918.478516,14107.770508,2019.803345,334.2169
StartsDeadAlive_Q.esp,000637E3,0002898B,LvlRaider,NPC_,-31150.298828,12541.994141,2055.810059,118.4197
StartsDeadAlive_Q.esp,000637E1,001079AF,DN059_Ricca,NPC_,-30313.289062,12768.088867,2570.316406,321.4114
StartsDeadAlive_Q.esp,000637E0,0002898B,LvlRaider,NPC_,-32010.945312,13887.863281,2014.852661,128.9154
StartsDeadAlive_Q.esp,000637DF,0002898B,LvlRaider,NPC_,-31627.408203,12744.233398,2020.761719,52.1390
StartsDeadAlive_Q.esp,000637DE,0002898B,LvlRaider,NPC_,-31417.927734,12694.980469,2014.373779,276.3480
StartsDeadAlive_Q.esp,000637DD,0002898B,LvlRaider,NPC_,-30973.679687,13478.257812,2288.450195,273.7698
StartsDeadAlive_Q.esp,000637DC,0002898B,LvlRaider,NPC_,-29252.046875,15831.652344,2022.423340,113.1881
StartsDeadAlive_Q.esp,000637DB,0002898B,LvlRaider,NPC_,-29880.615234,15976.075195,2074.788818,243.5070
StartsDeadAlive_Q.esp,00061E80,0002898B,LvlRaider,NPC_,-31038.916016,15737.331055,2060.276855,199.3775
StartsDeadAlive_Q.esp,0010780C,0002898B,LvlRaider,NPC_,-28251.775391,12842.093750,2034.309082,118.2118
StartsDeadAlive_Q.esp,000637EE,00075337,LvlFeralGhoul,NPC_,-27874.746094,13874.942383,2013.102173,219.3278
StartsDeadAlive_Q.esp,000637E4,0002898B,LvlRaider,NPC_,-28035.046875,13503.961914,2014.308228,300.0000
StartsDeadAlive_Q.esp,00116DBC,00075337,LvlFeralGhoul,NPC_,-28122.580078,14415.950195,2021.192993,344.5302
StartsDeadAlive_Q.esp,00116DBE,00075337,LvlFeralGhoul,NPC_,-28381.998047,13927.007812,2021.747681,359.5986
StartsDeadAlive_Q.esp,000BD50E,0002BEE9,LvlScavenger,NPC_,-12992.296875,14068.582031,1506.373535,162.9025
StartsDeadAlive_Q.esp,000BD50C,0002BEE9,LvlScavenger,NPC_,-13315.138672,14975.944336,1486.985962,219.6253
StartsDeadAlive_Q.esp,000BD50D,0002BEE9,LvlScavenger,NPC_,-13345.771484,15781.877930,1455.566895,0.0000
StartsDeadAlive_Q.esp,001077CB,0002898B,LvlRaider,NPC_,-30014.105469,17257.023438,2278.985107,20.9326
StartsDeadAlive_Q.esp,000637E7,00075337,LvlFeralGhoul,NPC_,-28959.117187,17461.527344,2510.802490,130.5996
StartsDeadAlive_Q.esp,000637E6,0002898B,LvlRaider,NPC_,-30433.781250,17546.261719,2353.356689,73.5208
StartsDeadAlive_Q.esp,000637E5,00075337,LvlFeralGhoul,NPC_,-29563.539062,16988.867187,2289.875000,253.3380
StartsDeadAlive_Q.esp,000637DA,0002898B,LvlRaider,NPC_,-29468.191406,17328.707031,2260.689209,158.3442
StartsDeadAlive_Q.esp,000637D9,0002898B,LvlRaider,NPC_,-29261.216797,17462.177734,2070.146484,60.2883
StartsDeadAlive_Q.esp,000637D8,0002898B,LvlRaider,NPC_,-28830.521484,16619.550781,2506.067139,241.7288
StartsDeadAlive_Q.esp,000637D6,00075337,LvlFeralGhoul,NPC_,-29573.958984,17023.343750,2020.628784,42.7949
StartsDeadAlive_Q.esp,000637D5,0002898B,LvlRaider,NPC_,-29591.636719,16693.550781,2020.688354,50.6928
StartsDeadAlive_Q.esp,000637D3,0002898B,LvlRaider,NPC_,-29861.621094,17064.025391,2035.302002,348.5408
StartsDeadAlive_Q.esp,000637D2,00075337,LvlFeralGhoul,NPC_,-29592.226562,16850.769531,2020.573120,208.5928
StartsDeadAlive_Q.esp,000637D1,00075337,LvlFeralGhoul,NPC_,-29415.574219,18282.535156,2034.489990,180.7682
StartsDeadAlive_Q.esp,000637D0,00075337,LvlFeralGhoul,NPC_,-29830.242187,17414.792969,2019.460571,267.1045
StartsDeadAlive_Q.esp,000637CF,00075337,LvlFeralGhoul,NPC_,-29799.457031,17983.746094,2012.494995,32.6584
StartsDeadAlive_Q.esp,000637CE,00075337,LvlFeralGhoul,NPC_,-29437.097656,17685.201172,2022.289673,264.4200
StartsDeadAlive_Q.esp,000637CD,00075337,LvlFeralGhoul,NPC_,-29619.880859,17783.144531,2021.665039,121.7534
StartsDeadAlive_Q.esp,00218146,00075337,LvlFeralGhoul,NPC_,-29210.992187,17264.300781,2027.124756,309.7513
StartsDeadAlive_Q.esp,001BAC19,0002BEE9,LvlScavenger,NPC_,-12968.401367,16869.013672,1382.215698,325.6225
StartsDeadAlive_Q.esp,001D1F12,0002BEE9,LvlScavenger,NPC_,-46194.304688,99604.812500,7846.302246,296.9746
StartsDeadAlive_Q.esp,001D1F13,0002898B,LvlRaider,NPC_,-46156.507812,99789.640625,7879.008789,348.5408
StartsDeadAlive_Q.esp,001D1F11,001C4033,LvlMerchant,NPC_,-46076.460938,99691.781250,7852.266113,74.4844
StartsDeadAlive_Q.esp,000A0E3C,0002BEE9,LvlScavenger,NPC_,-44340.078125,102197.351562,7912.408203,43.0541
StartsDeadAlive_Q.esp,001D1F1D,001C4033,LvlMerchant,NPC_,-44135.648438,102058.726562,7981.306641,43.0541
StartsDeadAlive_Q.esp,0004645F,00019562,LvlRaiderMelee,NPC_,-61036.847656,73322.945312,6195.862793,180.0000
StartsDeadAlive_Q.esp,000E4678,0002BEE9,LvlScavenger,NPC_,-50758.707031,71199.726562,5456.979980,194.9881
StartsDeadAlive_Q.esp,000E4677,0002BEE9,LvlScavenger,NPC_,-50853.816406,71080.890625,5481.761230,220.7711
StartsDeadAlive_Q.esp,000E466E,0002898B,LvlRaider,NPC_,-53149.765625,73103.406250,6333.663574,86.7027
StartsDeadAlive_Q.esp,000A2CFC,00076442,brahminCorpseContainer,CONT,-58579.769531,81675.242188,7174.440918,204.6797
StartsDeadAlive_Q.esp,000A2CFB,0002898B,LvlRaider,NPC_,-58324.472656,81762.085938,7163.173828,264.7884
StartsDeadAlive_Q.esp,001110EE,0007BB0D,LvlStingwing,NPC_,-45915.773438,80826.859375,3801.815918,46.9825
StartsDeadAlive_Q.esp,001110EF,0007BB0D,LvlStingwing,NPC_,-44472.914062,81312.070312,3801.815918,46.9825
StartsDeadAlive_Q.esp,001110F0,0007BB0D,LvlStingwing,NPC_,-43899.855469,80360.265625,4361.458984,111.1538
StartsDeadAlive_Q.esp,000636C3,0002898B,LvlRaider,NPC_,-34052.859375,82817.562500,5711.595703,10.4962
StartsDeadAlive_Q.esp,000A1A80,00076442,brahminCorpseContainer,CONT,-57008.382812,88008.546875,7868.761719,100.2676
StartsDeadAlive_Q.esp,000A1AA4,0002BEE9,LvlScavenger,NPC_,-53062.992187,87687.648438,7673.612305,0.0000
StartsDeadAlive_Q.esp,00061C78,00076442,brahminCorpseContainer,CONT,-44078.546875,93111.671875,7608.048340,148.9691
StartsDeadAlive_Q.esp,001E2E6A,0002898B,LvlRaider,NPC_,-51048.234375,34216.839844,4849.697754,1.6106
StartsDeadAlive_Q.esp,001D4A9D,00075337,LvlFeralGhoul,NPC_,-50337.871094,36860.710938,6114.306641,0.0000
StartsDeadAlive_Q.esp,001D4A9E,00075337,LvlFeralGhoul,NPC_,-46820.855469,36725.898438,5879.637695,0.0000
StartsDeadAlive_Q.esp,000F0903,00075337,LvlFeralGhoul,NPC_,-43529.980469,36856.488281,5524.673828,210.2973
StartsDeadAlive_Q.esp,000F0900,00075337,LvlFeralGhoul,NPC_,-50304.675781,37430.523438,6113.133301,14.0901
StartsDeadAlive_Q.esp,001D4A9C,00075337,LvlFeralGhoul,NPC_,-51509.546875,37466.187500,6138.540527,80.2141
StartsDeadAlive_Q.esp,001E59BD,00075337,LvlFeralGhoul,NPC_,-50352.746094,37387.128906,6122.018555,279.7859
StartsDeadAlive_Q.esp,000F0901,00075337,LvlFeralGhoul,NPC_,-43524.199219,36982.203125,5534.854492,131.0462
StartsDeadAlive_Q.esp,000F0902,00075337,LvlFeralGhoul,NPC_,-43663.343750,36865.398438,5539.441895,187.3788
StartsDeadAlive_Q.esp,0010057A,0002898B,LvlRaider,NPC_,-33600.609375,38196.890625,3235.363770,4.0721
StartsDeadAlive_Q.esp,000FF33D,00075337,LvlFeralGhoul,NPC_,-33268.765625,37685.695312,3224.968262,275.0023
StartsDeadAlive_Q.esp,000FF336,00075337,LvlFeralGhoul,NPC_,-33134.507812,37584.722656,3647.131348,358.2368
StartsDeadAlive_Q.esp,000FF335,00075337,LvlFeralGhoul,NPC_,-32818.929687,37700.835938,4012.703369,165.7304
StartsDeadAlive_Q.esp,001D16BA,0002BEE9,LvlScavenger,NPC_,-65447.843750,47868.675781,4498.151855,0.0000
StartsDeadAlive_Q.esp,001FDE17,000E9293,LvlMrGutsy,NPC_,-56014.246094,48299.187500,4927.849121,80.2141
StartsDeadAlive_Q.esp,001977C0,00076442,brahminCorpseContainer,CONT,-54528.144531,51653.562500,4851.864746,0.0000
StartsDeadAlive_Q.esp,00249487,00076442,brahminCorpseContainer,CONT,-46334.445312,58816.222656,4427.353027,229.6521
StartsDeadAlive_Q.esp,000A2D11,001BF0C5,LvlMinuteman_LaserMusket,NPC_,-58435.878906,65252.097656,5869.756836,342.2383
StartsDeadAlive_Q.esp,001E987C,0002898B,LvlRaider,NPC_,-35354.199219,5876.704102,457.492187,213.3658
StartsDeadAlive_Q.esp,002097A5,0002898B,LvlRaider,NPC_,-37388.847656,8358.263672,577.817993,21.9550
StartsDeadAlive_Q.esp,001A7733,0002BEE9,LvlScavenger,NPC_,-35706.230469,11468.921875,1201.133911,124.4707
StartsDeadAlive_Q.esp,001A7734,0002BEE9,LvlScavenger,NPC_,-36005.406250,11304.032227,1187.258179,163.2930
StartsDeadAlive_Q.esp,001A7735,0002BEE9,LvlScavenger,NPC_,-35609.062500,11272.302734,1167.547119,350.6502
StartsDeadAlive_Q.esp,001A7739,00075337,LvlFeralGhoul,NPC_,-35965.445312,11494.757812,1199.223022,29.6029
StartsDeadAlive_Q.esp,001A773A,00075337,LvlFeralGhoul,NPC_,-35793.781250,11789.931641,1248.575806,79.9108
StartsDeadAlive_Q.esp,001A773B,00075337,LvlFeralGhoul,NPC_,-36174.976562,11340.073242,1153.154541,203.3876
StartsDeadAlive_Q.esp,001A773C,00075337,LvlFeralGhoul,NPC_,-35899.578125,11328.238281,1190.805176,78.6716
StartsDeadAlive_Q.esp,001A7BD8,0003D628,LvlViciousDog,NPC_,-61867.890625,13202.567383,2102.912842,300.0000
StartsDeadAlive_Q.esp,001A7BDE,0003D628,LvlViciousDog,NPC_,-61648.472656,13372.285156,2067.933350,174.5757
StartsDeadAlive_Q.esp,001A7BD9,0003D628,LvlViciousDog,NPC_,-61150.054687,13817.037109,2099.993164,340.8934
StartsDeadAlive_Q.esp,001FB200,0002FB88,LvlChildrenofAtom,NPC_,-45083.281250,23964.093750,4464.586426,66.5995
StartsDeadAlive_Q.esp,001FB202,0002FB88,LvlChildrenofAtom,NPC_,-44899.839844,24195.398438,4416.811523,185.2479
StartsDeadAlive_Q.esp,001FB20E,0002FB88,LvlChildrenofAtom,NPC_,-47171.210938,26419.408203,4918.929688,0.0000
StartsDeadAlive_Q.esp,001FB20C,0002FB88,LvlChildrenofAtom,NPC_,-46556.292969,26741.330078,4865.063477,71.6197
StartsDeadAlive_Q.esp,001FB20A,0002FB88,LvlChildrenofAtom,NPC_,-47351.324219,25447.376953,4703.001953,0.0000
StartsDeadAlive_Q.esp,001FB207,0002FB88,LvlChildrenofAtom,NPC_,-47786.718750,24785.861328,4626.324707,188.1127
StartsDeadAlive_Q.esp,001FB205,0002FB88,LvlChildrenofAtom,NPC_,-45222.718750,25217.947266,4577.138184,0.0000
StartsDeadAlive_Q.esp,001FB1FD,0002FB88,LvlChildrenofAtom,NPC_,-45848.792969,24925.128906,4893.109375,270.0000
StartsDeadAlive_Q.esp,001E0980,0002BEE9,LvlScavenger,NPC_,-50372.847656,29802.634766,4965.706543,142.2763
StartsDeadAlive_Q.esp,00060CA6,0002898B,LvlRaider,NPC_,-77599.703125,102200.460938,8250.381836,263.8977
StartsDeadAlive_Q.esp,0001D15F,0003D628,LvlViciousDog,NPC_,-73877.726562,81600.890625,7523.111328,189.1902
StartsDeadAlive_Q.esp,0001D160,0003D628,LvlViciousDog,NPC_,-74244.882812,81240.992188,7543.601074,69.8326
StartsDeadAlive_Q.esp,0001D161,0003D628,LvlViciousDog,NPC_,-74154.671875,81513.007812,7539.291992,149.0835
StartsDeadAlive_Q.esp,000478EB,00076442,brahminCorpseContainer,CONT,-65724.164062,79229.375000,6753.596680,151.3008
StartsDeadAlive_Q.esp,0009813C,0003D628,LvlViciousDog,NPC_,-75309.968750,81992.078125,7554.101074,338.4650
StartsDeadAlive_Q.esp,0009813F,0002898B,LvlRaider,NPC_,-75457.390625,82028.820312,7556.127930,264.4679
StartsDeadAlive_Q.esp,001D885A,0002BEE9,LvlScavenger,NPC_,-89886.414062,33872.296875,7283.511719,123.0984
StartsDeadAlive_Q.esp,001D2A73,0002898B,LvlRaider,NPC_,-93408.164062,39928.078125,7511.519531,148.9690
StartsDeadAlive_Q.esp,001D2A7F,0003D628,LvlViciousDog,NPC_,-93270.078125,39848.503906,7492.995605,265.9437
StartsDeadAlive_Q.esp,001D16B9,0002BEE9,LvlScavenger,NPC_,-65668.750000,47865.074219,4470.075684,0.0000
StartsDeadAlive_Q.esp,00197707,00075337,LvlFeralGhoul,NPC_,-85069.429688,65292.089844,7264.554199,314.1634
StartsDeadAlive_Q.esp,00197706,00075337,LvlFeralGhoul,NPC_,-85189.976562,65016.742187,7119.924805,352.3436
StartsDeadAlive_Q.esp,001976FF,00075337,LvlFeralGhoul,NPC_,-84559.906250,65287.117187,7117.197754,5.7296
StartsDeadAlive_Q.esp,001976CB,00075337,LvlFeralGhoul,NPC_,-83473.789062,63587.855469,7152.478516,56.5726
StartsDeadAlive_Q.esp,001976A5,0002BEE9,LvlScavenger,NPC_,-85664.882812,64025.171875,7138.241699,91.6732
StartsDeadAlive_Q.esp,000A1AF7,0002898B,LvlRaider,NPC_,-70314.242188,62822.003906,6464.658203,78.7817
StartsDeadAlive_Q.esp,0023E562,000BB874,LvlMinuteman,NPC_,-86007.312500,702.301025,6151.079590,270.7256
StartsDeadAlive_Q.esp,001D0395,00075337,LvlFeralGhoul,NPC_,-78663.742188,1349.536743,4018.206055,0.0000
StartsDeadAlive_Q.esp,001D0396,00075337,LvlFeralGhoul,NPC_,-78922.164062,1475.776245,4021.396729,126.0507
StartsDeadAlive_Q.esp,001D20C9,000DE969,LvlGunner,NPC_,-84880.750000,10914.553711,4124.789551,114.0688
StartsDeadAlive_Q.esp,001E62A2,00075337,LvlFeralGhoul,NPC_,-85558.367188,16341.151367,4136.303711,324.6073
StartsDeadAlive_Q.esp,001D886F,0002898B,LvlRaider,NPC_,-94259.140625,25882.460937,6231.133789,0.0000
StartsDeadAlive_Q.esp,001D8865,00076442,brahminCorpseContainer,CONT,-94280.546875,26077.582031,6223.651855,325.4987
StartsDeadAlive_Q.esp,0020A706,0002898B,LvlRaider,NPC_,-71179.445312,31384.669922,5090.383301,120.3211
StartsDeadAlive_Q.esp,001340A4,001C4033,LvlMerchant,NPC_,75750.445312,-60253.238281,1103.948975,40.6800
StartsDeadAlive_Q.esp,0013409C,0002BEE9,LvlScavenger,NPC_,75583.281250,-60009.890625,1088.302246,0.0000
StartsDeadAlive_Q.esp,0014F73E,0002BEE9,LvlScavenger,NPC_,69819.882812,-56573.320312,904.357361,183.9436
StartsDeadAlive_Q.esp,0019F8CB,0002BEE9,LvlScavenger,NPC_,77626.578125,-55665.644531,676.726562,306.5676
StartsDeadAlive_Q.esp,001340A5,0002BEE9,LvlScavenger,NPC_,80291.289062,-57075.414062,548.207947,322.7576
StartsDeadAlive_Q.esp,001340A7,0002898B,LvlRaider,NPC_,75243.171875,-68911.281250,840.437073,342.2380
StartsDeadAlive_Q.esp,001C2404,0002898B,LvlRaider,NPC_,40475.972656,-11346.776367,803.999390,0.0000
StartsDeadAlive_Q.esp,001C22BD,0002898B,LvlRaider,NPC_,40093.222656,-8175.069824,621.785400,108.2160
StartsDeadAlive_Q.esp,00062874,0002898B,LvlRaider,NPC_,35656.078125,-32437.857422,548.949585,113.9972
StartsDeadAlive_Q.esp,001C23D0,0005A9C1,LvlMirelurkCrab,NPC_,35490.863281,-18197.083984,528.898987,0.0000
StartsDeadAlive_Q.esp,001C23CF,0002898B,LvlRaider,NPC_,35573.117188,-18144.919922,529.732239,319.8930
StartsDeadAlive_Q.esp,001C23AC,00106B07,LvlProtectron,NPC_,33490.867187,-11074.637695,514.841614,211.9944
StartsDeadAlive_Q.esp,001BBD29,00075337,LvlFeralGhoul,NPC_,50232.675781,-9955.851562,969.307007,156.6525
StartsDeadAlive_Q.esp,001BBD28,00075337,LvlFeralGhoul,NPC_,49641.601562,-9938.158203,972.686035,76.3114
StartsDeadAlive_Q.esp,001BBD27,00075337,LvlFeralGhoul,NPC_,52125.812500,-9487.911133,970.855530,272.8855
StartsDeadAlive_Q.esp,001BBD26,00075337,LvlFeralGhoul,NPC_,51426.027344,-9329.391602,969.610474,102.9535
StartsDeadAlive_Q.esp,001BBD25,00075337,LvlFeralGhoul,NPC_,50888.429688,-9355.682617,970.459900,346.1626
StartsDeadAlive_Q.esp,001BBD24,00075337,LvlFeralGhoul,NPC_,50768.640625,-9466.056641,985.068542,115.4761
StartsDeadAlive_Q.esp,001BBD23,00075337,LvlFeralGhoul,NPC_,51611.261719,-10172.038086,974.297546,309.2932
StartsDeadAlive_Q.esp,001BBD22,00075337,LvlFeralGhoul,NPC_,52264.476562,-10111.093750,970.724121,12.0322
StartsDeadAlive_Q.esp,001BBD21,00075337,LvlFeralGhoul,NPC_,52308.109375,-10567.860352,973.039429,341.0925
StartsDeadAlive_Q.esp,001BBD20,00075337,LvlFeralGhoul,NPC_,52855.816406,-10180.128906,968.652710,259.4460
StartsDeadAlive_Q.esp,001BBD1F,00075337,LvlFeralGhoul,NPC_,52861.214844,-9264.581055,973.773315,316.2727
StartsDeadAlive_Q.esp,001BBD1E,00075337,LvlFeralGhoul,NPC_,52025.292969,-8810.889648,970.728088,198.5300
StartsDeadAlive_Q.esp,001BBD1D,00075337,LvlFeralGhoul,NPC_,51050.648438,-9484.880859,971.043518,245.6949
StartsDeadAlive_Q.esp,001BBD1C,00075337,LvlFeralGhoul,NPC_,51434.777344,-8666.962891,971.946838,48.1285
StartsDeadAlive_Q.esp,001BBD1B,00075337,LvlFeralGhoul,NPC_,49462.191406,-8551.642578,966.977173,347.9679
StartsDeadAlive_Q.esp,001BBD1A,00075337,LvlFeralGhoul,NPC_,50080.187500,-7240.130371,972.381775,140.9475
StartsDeadAlive_Q.esp,001BBD19,00075337,LvlFeralGhoul,NPC_,49740.363281,-7799.501465,970.130127,150.1689
StartsDeadAlive_Q.esp,001BBD18,00075337,LvlFeralGhoul,NPC_,50267.796875,-7522.482422,971.141479,253.4964
StartsDeadAlive_Q.esp,001850EC,000DE969,LvlGunner,NPC_,45560.175781,-54491.207031,731.722595,284.7746
StartsDeadAlive_Q.esp,001B2CA9,001C4033,LvlMerchant,NPC_,36200.304688,-45865.496094,1262.933716,274.0564
StartsDeadAlive_Q.esp,001B2CA8,001C4033,LvlMerchant,NPC_,35174.128906,-43607.167969,1277.749023,80.5928
StartsDeadAlive_Q.esp,001B2CA6,0002BEE9,LvlScavenger,NPC_,36298.675781,-44648.625000,1263.888184,88.5933
StartsDeadAlive_Q.esp,001B2CA7,0002BEE9,LvlScavenger,NPC_,35797.812500,-44575.398438,1249.643066,40.1070
StartsDeadAlive_Q.esp,001648EA,001C4033,LvlMerchant,NPC_,64844.433594,-84670.945312,229.718445,16.0020
StartsDeadAlive_Q.esp,0015346F,0002BEE9,LvlScavenger,NPC_,512.141663,-29457.630859,1595.673218,207.0202
StartsDeadAlive_Q.esp,0015345A,0002898B,LvlRaider,NPC_,391.201935,-30761.507812,1516.025757,103.3149
StartsDeadAlive_Q.esp,001815FC,0002BEE9,LvlScavenger,NPC_,118.717819,-31834.693359,2095.924316,180.6641
StartsDeadAlive_Q.esp,001815FB,0002898B,LvlRaider,NPC_,195.450211,-32195.718750,2099.834961,0.0000
StartsDeadAlive_Q.esp,0016952B,0002BEE9,LvlScavenger,NPC_,1362.368652,-28216.537109,1648.848267,161.7566
StartsDeadAlive_Q.esp,000FA558,0002898B,LvlRaider,NPC_,2507.536377,-24242.097656,1373.890869,45.0000
StartsDeadAlive_Q.esp,0017F2B5,0014055E,EncBrahminPack,NPC_,26.652206,-19712.820312,1273.992310,134.0721
StartsDeadAlive_Q.esp,001A9732,000DE969,LvlGunner,NPC_,3025.260986,-14508.071289,980.156189,83.9234
StartsDeadAlive_Q.esp,0023E4D4,001BF0C5,LvlMinuteman_LaserMusket,NPC_,16019.728516,-31377.396484,1803.569824,131.2073
StartsDeadAlive_Q.esp,00152471,0002BEE9,LvlScavenger,NPC_,21105.685547,-30025.773437,1103.322754,335.9358
StartsDeadAlive_Q.esp,0016FAF0,0002898B,LvlRaider,NPC_,6459.989746,-24720.363281,1369.015259,229.9385
StartsDeadAlive_Q.esp,0015C708,000DE969,LvlGunner,NPC_,19666.960938,-27114.617187,885.766846,30.7283
StartsDeadAlive_Q.esp,001BB35B,00076442,brahminCorpseContainer,CONT,25461.376953,-25593.828125,579.492310,110.6493
StartsDeadAlive_Q.esp,002212AA,001C4033,LvlMerchant,NPC_,5843.107910,-23781.708984,2420.708984,24.8797
StartsDeadAlive_Q.esp,0016FAD5,0002BEE9,LvlScavenger,NPC_,6177.257324,-24387.919922,2423.056641,1.7188
StartsDeadAlive_Q.esp,0016FAB0,001C4033,LvlMerchant,NPC_,6502.003418,-24223.615234,1312.979248,331.3521
StartsDeadAlive_Q.esp,0016FAA1,0002BEE9,LvlScavenger,NPC_,6487.625977,-24533.699219,1350.595825,352.4536
StartsDeadAlive_Q.esp,00178DC8,00136252,LvlViciousDogAlpha,NPC_,8587.457031,-24444.542969,2667.683838,300.0499
StartsDeadAlive_Q.esp,0023D6EC,0002898B,LvlRaider,NPC_,17484.509766,-23751.308594,1822.488037,0.0000
StartsDeadAlive_Q.esp,00216CB6,0002898B,LvlRaider,NPC_,22805.439453,-22834.896484,952.123352,46.3849
StartsDeadAlive_Q.esp,001C22AE,00124768,LvlTurretStandingCart,NPC_,30214.185547,-21471.414062,608.465027,28.5416
StartsDeadAlive_Q.esp,001C22A4,001C4033,LvlMerchant,NPC_,30228.882812,-21260.917969,697.604004,278.7162
StartsDeadAlive_Q.esp,0017C7BA,0002BEE9,LvlScavenger,NPC_,5306.789551,-18276.263672,1155.509766,294.6828
StartsDeadAlive_Q.esp,00066A86,000668D5,DN131_Mikail,NPC_,13800.468750,-20240.808594,613.368042,164.1524
StartsDeadAlive_Q.esp,00205E48,0002898B,LvlRaider,NPC_,19330.978516,-17012.849609,1114.408203,54.7180
StartsDeadAlive_Q.esp,00097498,0003D628,LvlViciousDog,NPC_,23008.884766,-17504.837891,619.648376,130.2439
StartsDeadAlive_Q.esp,00097497,000DE969,LvlGunner,NPC_,20707.896484,-16958.380859,3654.096680,0.0000
StartsDeadAlive_Q.esp,00097495,000DE969,LvlGunner,NPC_,21339.267578,-16602.423828,3643.463379,0.0000
StartsDeadAlive_Q.esp,00097494,000DE969,LvlGunner,NPC_,21028.550781,-17429.330078,3654.946289,0.0000
StartsDeadAlive_Q.esp,00097493,000DE969,LvlGunner,NPC_,21656.494141,-17221.224609,2696.408203,0.0000
StartsDeadAlive_Q.esp,00097D05,0002898B,LvlRaider,NPC_,23108.382812,-19182.251953,612.523010,37.2422
StartsDeadAlive_Q.esp,00093A62,000DE969,LvlGunner,NPC_,29096.826172,-18442.679688,1177.630005,37.3810
StartsDeadAlive_Q.esp,000939C1,0002898B,LvlRaider,NPC_,29327.662109,-17392.214844,587.066956,66.0626
StartsDeadAlive_Q.esp,000E201F,000DE969,LvlGunner,NPC_,5233.413574,-14317.206055,924.388184,82.1153
StartsDeadAlive_Q.esp,000E2020,000DE969,LvlGunner,NPC_,5234.354004,-13431.238281,924.921875,278.9265
StartsDeadAlive_Q.esp,000E2021,000DE969,LvlGunner,NPC_,5842.699707,-13963.125000,1050.472290,345.6760
StartsDeadAlive_Q.esp,000E2023,000DE969,LvlGunner,NPC_,5965.177246,-13749.342773,1085.012695,269.0953
StartsDeadAlive_Q.esp,000E2024,000DE969,LvlGunner,NPC_,6019.982422,-13179.091797,1084.454224,85.9385
StartsDeadAlive_Q.esp,00097372,000DE969,LvlGunner,NPC_,15714.018555,-13170.225586,558.513428,232.0479
StartsDeadAlive_Q.esp,00093B0E,0002898B,LvlRaider,NPC_,22685.533203,-13138.133789,587.154114,239.4964
StartsDeadAlive_Q.esp,00093B0D,0002898B,LvlRaider,NPC_,22980.283203,-13090.566406,612.973633,110.2944
StartsDeadAlive_Q.esp,00093B03,0002898B,LvlRaider,NPC_,23023.630859,-13844.422852,506.372101,288.6668
StartsDeadAlive_Q.esp,00093AF7,0002BEE9,LvlScavenger,NPC_,23378.912109,-12832.859375,1142.875122,12.1932
StartsDeadAlive_Q.esp,000973F6,0002898B,LvlRaider,NPC_,22712.605469,-15499.395508,1067.446533,115.7375
StartsDeadAlive_Q.esp,00097496,000DE969,LvlGunner,NPC_,21358.441406,-16204.666016,3919.308105,0.0000
StartsDeadAlive_Q.esp,0020AA88,0002898B,LvlRaider,NPC_,27683.072266,-15112.376953,1712.577393,202.4366
StartsDeadAlive_Q.esp,00093976,0002BEE9,LvlScavenger,NPC_,30293.410156,-13857.459961,645.315979,28.0749
StartsDeadAlive_Q.esp,00093975,0002BEE9,LvlScavenger,NPC_,30220.634766,-13751.399414,645.077820,50.4203
StartsDeadAlive_Q.esp,00093974,0002BEE9,LvlScavenger,NPC_,30150.865234,-13718.029297,647.844910,20.6265
StartsDeadAlive_Q.esp,000693E3,0002898B,LvlRaider,NPC_,29087.902344,-12790.472656,537.968689,62.7388
StartsDeadAlive_Q.esp,000693E4,0002898B,LvlRaider,NPC_,29821.074219,-12716.070312,542.052856,84.9510
StartsDeadAlive_Q.esp,000693E5,0002898B,LvlRaider,NPC_,29301.609375,-12386.351562,553.087341,18.0482
StartsDeadAlive_Q.esp,000693E6,0002898B,LvlRaider,NPC_,30635.078125,-12410.631836,529.498291,182.2006
StartsDeadAlive_Q.esp,000693E7,0002898B,LvlRaider,NPC_,29247.343750,-12503.746094,572.991638,150.0000
StartsDeadAlive_Q.esp,000973AD,0003D628,LvlViciousDog,NPC_,15927.261719,-10762.782227,679.669617,28.6479
StartsDeadAlive_Q.esp,000973AF,0002898B,LvlRaider,NPC_,15964.156250,-10616.245117,681.528137,59.5877
StartsDeadAlive_Q.esp,000973DC,0002898B,LvlRaider,NPC_,16324.774414,-9565.666992,607.722595,315.1269
StartsDeadAlive_Q.esp,000973DE,0002898B,LvlRaider,NPC_,16487.453125,-11005.373047,624.923767,276.0293
StartsDeadAlive_Q.esp,000973DB,0002898B,LvlRaider,NPC_,16560.937500,-9651.340820,603.602844,54.1446
StartsDeadAlive_Q.esp,0006F0C2,0002898B,LvlRaider,NPC_,20180.896484,-10440.713867,620.469910,174.0295
StartsDeadAlive_Q.esp,0006F0C3,0002BEE9,LvlScavenger,NPC_,19911.957031,-11496.041992,641.793030,107.4296
StartsDeadAlive_Q.esp,0006F0C4,0002898B,LvlRaider,NPC_,20036.253906,-10728.133789,631.543213,1.9014
StartsDeadAlive_Q.esp,00095EDA,0002BEE9,LvlScavenger,NPC_,19603.447266,-9228.032227,711.867249,226.4867
StartsDeadAlive_Q.esp,000973DD,0002898B,LvlRaider,NPC_,16427.078125,-9779.318359,603.485718,54.5806
StartsDeadAlive_Q.esp,00095E97,0002898B,LvlRaider,NPC_,17035.185547,-8250.072266,623.330261,85.9430
StartsDeadAlive_Q.esp,00094174,0002BEE9,LvlScavenger,NPC_,28204.341797,-9374.664062,558.505432,92.8019
StartsDeadAlive_Q.esp,00093FEC,0003D628,LvlViciousDog,NPC_,30333.183594,-11438.742188,525.033875,248.1348
StartsDeadAlive_Q.esp,00093FDF,0002898B,LvlRaider,NPC_,28678.255859,-9896.038086,534.969482,119.0006
StartsDeadAlive_Q.esp,00163AA3,0002898B,LvlRaider,NPC_,14642.764648,-4929.749512,615.765686,0.0000
StartsDeadAlive_Q.esp,00163AA1,0002898B,LvlRaider,NPC_,14011.247070,-6405.998535,660.868652,210.0000
StartsDeadAlive_Q.esp,00163A8F,0002898B,LvlRaider,NPC_,14800.212891,-5910.979004,636.066528,77.1887
StartsDeadAlive_Q.esp,00163A8E,0002898B,LvlRaider,NPC_,15227.541992,-5083.543945,663.222900,0.0000
StartsDeadAlive_Q.esp,000940CB,0002898B,LvlRaider,NPC_,23479.347656,-5184.841797,850.190552,127.2524
StartsDeadAlive_Q.esp,000940CA,0002898B,LvlRaider,NPC_,24452.099609,-5868.461914,843.855347,66.2983
StartsDeadAlive_Q.esp,000940C9,0002898B,LvlRaider,NPC_,24426.390625,-5485.594727,678.405457,5.2807
StartsDeadAlive_Q.esp,000940C8,0002898B,LvlRaider,NPC_,24499.353516,-5179.260254,844.949524,277.4941
StartsDeadAlive_Q.esp,00074C16,0002898B,LvlRaider,NPC_,20708.734375,-5954.769043,606.961182,202.1742
StartsDeadAlive_Q.esp,0024875E,0002898B,LvlRaider,NPC_,22706.205078,-5709.376953,587.520874,73.4029
StartsDeadAlive_Q.esp,0009369A,0002898B,LvlRaider,NPC_,28656.761719,-4314.244629,620.695557,46.2021
StartsDeadAlive_Q.esp,000940C7,0002898B,LvlRaider,NPC_,24646.361328,-5312.006836,625.968262,110.7423
StartsDeadAlive_Q.esp,00219BFB,0002898B,LvlRaider,NPC_,26309.560547,-5135.264160,837.424011,161.5741
StartsDeadAlive_Q.esp,00219BFF,0002898B,LvlRaider,NPC_,25977.988281,-6336.549316,600.209595,296.9861
StartsDeadAlive_Q.esp,00093F3A,0002898B,LvlRaider,NPC_,29813.667969,-6530.634766,532.656128,199.2853
StartsDeadAlive_Q.esp,001E4797,0002BEE9,LvlScavenger,NPC_,4287.852539,-1828.723877,540.858032,0.0000
StartsDeadAlive_Q.esp,0018B852,00075337,LvlFeralGhoul,NPC_,20207.462891,-1908.944458,731.565979,0.0000
StartsDeadAlive_Q.esp,0018B85B,00075337,LvlFeralGhoul,NPC_,20114.638672,-946.437439,892.078918,354.6130
StartsDeadAlive_Q.esp,0018B85C,00075337,LvlFeralGhoul,NPC_,20307.962891,-783.890625,814.471680,0.0000
StartsDeadAlive_Q.esp,00248A49,0002BEE9,LvlScavenger,NPC_,20975.968750,-3328.127930,667.279480,94.1488
StartsDeadAlive_Q.esp,000938B5,00088F14,LvlSupermutantMelee,NPC_,28866.207031,-2933.709229,601.473389,307.3797
StartsDeadAlive_Q.esp,00192998,0002898B,LvlRaider,NPC_,2831.088135,-46206.796875,1487.941650,36.6688
StartsDeadAlive_Q.esp,00192999,0002898B,LvlRaider,NPC_,2440.791748,-45740.863281,1584.483521,68.3165
StartsDeadAlive_Q.esp,0019299A,0002898B,LvlRaider,NPC_,2668.087646,-45971.359375,1527.464600,9.3019
StartsDeadAlive_Q.esp,0019299B,0002898B,LvlRaider,NPC_,2526.823975,-46013.308594,1636.176758,270.0000
StartsDeadAlive_Q.esp,0019355E,001C4033,LvlMerchant,NPC_,2826.562744,-47776.933594,2232.928467,46.3240
StartsDeadAlive_Q.esp,001929AF,0002898B,LvlRaider,NPC_,3831.440430,-44378.351562,2183.624756,139.8697
StartsDeadAlive_Q.esp,001929AC,0002898B,LvlRaider,NPC_,3845.418945,-44839.929688,2034.535767,279.2809
StartsDeadAlive_Q.esp,001929A8,0002898B,LvlRaider,NPC_,3940.444580,-44711.207031,1857.220703,49.3424
StartsDeadAlive_Q.esp,000F1EBA,00075337,LvlFeralGhoul,NPC_,7655.905273,-63338.855469,668.046265,322.2888
StartsDeadAlive_Q.esp,000F1EB9,00075337,LvlFeralGhoul,NPC_,7770.838379,-62442.875000,665.988098,25.8136
StartsDeadAlive_Q.esp,0014E433,0005B1A2,DN070_Sal,NPC_,7713.703125,-62230.015625,924.316956,248.7416
StartsDeadAlive_Q.esp,00097D72,001C4033,LvlMerchant,NPC_,9916.803711,-62405.546875,664.976440,52.3800
StartsDeadAlive_Q.esp,0005E53E,0005E53F,DN070_Carl,NPC_,11614.868164,-62950.746094,660.365356,69.4538
StartsDeadAlive_Q.esp,000F1ECF,00075337,LvlFeralGhoul,NPC_,11645.659180,-63500.546875,670.802002,180.0000
StartsDeadAlive_Q.esp,000F1ED0,00075337,LvlFeralGhoul,NPC_,10736.272461,-63264.632812,642.509094,105.0000
StartsDeadAlive_Q.esp,000F1ED1,00075337,LvlFeralGhoul,NPC_,11059.297852,-63041.406250,659.546265,162.7199
StartsDeadAlive_Q.esp,000F1ED2,00075337,LvlFeralGhoul,NPC_,10990.955078,-62859.632812,672.247437,263.0538
StartsDeadAlive_Q.esp,000F1ED3,00075337,LvlFeralGhoul,NPC_,11404.079102,-63001.500000,663.112427,283.3733
StartsDeadAlive_Q.esp,000F1ED4,00075337,LvlFeralGhoul,NPC_,11264.640625,-62952.207031,666.488708,22.8353
StartsDeadAlive_Q.esp,000F1ED5,00075337,LvlFeralGhoul,NPC_,10710.656250,-63259.683594,639.981873,187.2633
StartsDeadAlive_Q.esp,000F1ED6,00075337,LvlFeralGhoul,NPC_,11538.482422,-62848.328125,657.346680,131.1361
StartsDeadAlive_Q.esp,000F1DB3,00075337,LvlFeralGhoul,NPC_,10138.270508,-60315.664062,635.033203,158.0942
StartsDeadAlive_Q.esp,000F1DB1,00075337,LvlFeralGhoul,NPC_,10081.762695,-60508.953125,631.891357,85.8632
StartsDeadAlive_Q.esp,000F1DAF,00075337,LvlFeralGhoul,NPC_,10296.289062,-60340.347656,631.849548,314.7760
StartsDeadAlive_Q.esp,000F1A90,0005E545,DN070_Tanya,NPC_,10646.816406,-60287.929687,892.620728,151.4801
StartsDeadAlive_Q.esp,000F1A8F,0005E541,DN070_Ken,NPC_,10651.115234,-60233.839844,893.812866,7.6209
StartsDeadAlive_Q.esp,000FB8A8,000DB762,LvlSynthMelee,NPC_,21550.994141,-58826.769531,1294.988037,318.7470
StartsDeadAlive_Q.esp,001929B7,0002898B,LvlRaider,NPC_,5621.459961,-47629.476562,1252.997925,63.0932
StartsDeadAlive_Q.esp,001929B4,0002898B,LvlRaider,NPC_,5877.885254,-48354.304688,1509.887451,319.9609
StartsDeadAlive_Q.esp,001929B3,0002898B,LvlRaider,NPC_,5014.425781,-47974.546875,1236.545532,319.9608
StartsDeadAlive_Q.esp,00192997,0002898B,LvlRaider,NPC_,6934.270020,-45854.582031,1035.201294,100.2676
StartsDeadAlive_Q.esp,00192985,0002898B,LvlRaider,NPC_,6207.643555,-45719.230469,1590.351685,170.7414
StartsDeadAlive_Q.esp,0019297E,0002898B,LvlRaider,NPC_,7025.371582,-45724.148438,1311.460938,100.2676
StartsDeadAlive_Q.esp,00193520,0002898B,LvlRaider,NPC_,5400.962402,-42604.187500,1354.004517,325.6224
StartsDeadAlive_Q.esp,0019351D,0002898B,LvlRaider,NPC_,5722.136719,-42945.261719,1287.829590,142.6665
StartsDeadAlive_Q.esp,00192990,0002898B,LvlRaider,NPC_,6800.094727,-41594.265625,1332.836182,95.1108
StartsDeadAlive_Q.esp,0019298F,0002898B,LvlRaider,NPC_,6956.602539,-42112.953125,1169.541016,142.6665
StartsDeadAlive_Q.esp,0019298B,0002898B,LvlRaider,NPC_,5213.938477,-42649.402344,1665.868408,174.7520
StartsDeadAlive_Q.esp,00192988,0002898B,LvlRaider,NPC_,4240.429687,-42993.019531,1699.612183,63.5982
StartsDeadAlive_Q.esp,00192980,0002898B,LvlRaider,NPC_,7109.540527,-44146.312500,1146.536377,75.0445
StartsDeadAlive_Q.esp,00227DFC,00176DCA,EncMirelurkSpawn01,NPC_,32184.382812,-43933.312500,1136.163818,0.0000
StartsDeadAlive_Q.esp,001B1934,00076442,brahminCorpseContainer,CONT,27647.933594,-36876.488281,658.081909,289.1476
StartsDeadAlive_Q.esp,00214B6D,00076442,brahminCorpseContainer,CONT,5052.433594,-36483.351562,736.328918,212.0273
StartsDeadAlive_Q.esp,00066046,0002898B,LvlRaider,NPC_,31810.017578,-33818.777344,704.423340,247.8221
StartsDeadAlive_Q.esp,00197EF1,00075337,LvlFeralGhoul,NPC_,1005.583252,-85479.906250,496.710388,217.3321
StartsDeadAlive_Q.esp,001D55E3,0002BEE9,LvlScavenger,NPC_,1741.655273,-67787.031250,654.924805,82.4502
StartsDeadAlive_Q.esp,001D55E0,0002898B,LvlRaider,NPC_,2408.151123,-68107.023437,692.250122,164.5173
StartsDeadAlive_Q.esp,001D55DC,0002BEE9,LvlScavenger,NPC_,3079.600342,-66915.843750,634.786377,322.7685
StartsDeadAlive_Q.esp,001D83EC,0002BEE9,LvlScavenger,NPC_,20767.210938,-96944.851562,609.219055,175.2671
StartsDeadAlive_Q.esp,001A8EC6,0002898B,LvlRaider,NPC_,27679.929687,-88787.492188,1241.020142,0.0000
StartsDeadAlive_Q.esp,001A8EC5,0002BEE9,LvlScavenger,NPC_,27523.212891,-88705.484375,1235.860962,353.5149
StartsDeadAlive_Q.esp,00121B81,001C4033,LvlMerchant,NPC_,31285.253906,-88376.320312,1078.111694,335.3628
StartsDeadAlive_Q.esp,001A329D,001C4033,LvlMerchant,NPC_,13016.651367,-81247.375000,50.520054,65.6647
StartsDeadAlive_Q.esp,001A329E,0002BEE9,LvlScavenger,NPC_,13015.359375,-81336.171875,51.268337,87.7158
StartsDeadAlive_Q.esp,001A3286,0002BEE9,LvlScavenger,NPC_,13360.526367,-81510.125000,27.141087,270.0000
StartsDeadAlive_Q.esp,001A3285,001C4033,LvlMerchant,NPC_,13247.782227,-81582.851562,22.420893,1.1850
StartsDeadAlive_Q.esp,001A3287,0002BEE9,LvlScavenger,NPC_,13277.341797,-81443.789062,20.282356,270.0000
StartsDeadAlive_Q.esp,001A329B,0002BEE9,LvlScavenger,NPC_,13189.705078,-81396.976562,75.682556,213.3598
StartsDeadAlive_Q.esp,001A328B,001C4033,LvlMerchant,NPC_,13355.413086,-81567.296875,36.749733,252.6101
StartsDeadAlive_Q.esp,0019D725,0002BEE9,LvlScavenger,NPC_,15696.440430,-79024.031250,1.230453,106.7525
StartsDeadAlive_Q.esp,0019D724,001C4033,LvlMerchant,NPC_,15873.412109,-78718.406250,96.260658,181.8101
StartsDeadAlive_Q.esp,0023018E,0002898B,LvlRaider,NPC_,6576.056641,-75864.320312,896.144775,267.0290
StartsDeadAlive_Q.esp,0023018D,0002898B,LvlRaider,NPC_,6815.567383,-75798.640625,897.320496,230.5116
StartsDeadAlive_Q.esp,0023018B,0002BEE9,LvlScavenger,NPC_,6334.970703,-75394.828125,896.957397,0.0000
StartsDeadAlive_Q.esp,001FDB24,0002898B,LvlRaider,NPC_,6324.231934,-75161.296875,615.172119,19.7859
StartsDeadAlive_Q.esp,001FDB25,0002898B,LvlRaider,NPC_,6336.725098,-75223.718750,615.376282,198.9685
StartsDeadAlive_Q.esp,00230173,0002BEE9,LvlScavenger,NPC_,6674.480469,-73664.507812,841.716675,90.0000
StartsDeadAlive_Q.esp,001FB1E8,001FB1E7,POIMR01Loot_CorpseSettlerMale,NPC_,16908.882812,-72613.218750,1861.132568,223.3267
StartsDeadAlive_Q.esp,000F1B9B,0005E540,DN070_Luke,NPC_,11922.882812,-66042.382812,742.388794,170.4174
StartsDeadAlive_Q.esp,000F1E88,00075337,LvlFeralGhoul,NPC_,12495.862305,-67237.453125,1057.198730,338.3315
StartsDeadAlive_Q.esp,001FDE92,0002BEE9,LvlScavenger,NPC_,119.584877,-99189.882812,857.650024,324.2868
StartsDeadAlive_Q.esp,001D83ED,0002BEE9,LvlScavenger,NPC_,23029.308594,-98752.335938,589.820129,270.2367
StartsDeadAlive_Q.esp,001D83EB,0002BEE9,LvlScavenger,NPC_,22126.484375,-98418.140625,658.341492,354.8572
StartsDeadAlive_Q.esp,001E6823,00075337,LvlFeralGhoul,NPC_,77818.421875,101853.492188,538.876526,227.0281
StartsDeadAlive_Q.esp,0019E0CF,0002898B,LvlRaider,NPC_,81213.570312,99605.179688,1135.363892,74.4693
StartsDeadAlive_Q.esp,001E6822,00075337,LvlFeralGhoul,NPC_,77960.625000,101709.257812,786.717773,0.0000
StartsDeadAlive_Q.esp,0019E0DE,0002898B,LvlRaider,NPC_,83165.531250,100160.046875,1901.159912,51.5662
StartsDeadAlive_Q.esp,0019E064,0002898B,LvlRaider,NPC_,85273.093750,98917.062500,785.970520,267.5737
StartsDeadAlive_Q.esp,0019E0E2,0002898B,LvlRaider,NPC_,86100.062500,100529.289062,1871.233765,40.9963
StartsDeadAlive_Q.esp,001E6820,00075337,LvlFeralGhoul,NPC_,77290.148438,103089.125000,438.522125,0.0000
StartsDeadAlive_Q.esp,001E681F,00075337,LvlFeralGhoul,NPC_,76324.585938,103257.625000,294.394073,0.0000
StartsDeadAlive_Q.esp,001E67DB,00075337,LvlFeralGhoul,NPC_,77265.257812,105007.257812,506.094269,183.2239
StartsDeadAlive_Q.esp,001E6821,00075337,LvlFeralGhoul,NPC_,78084.304688,102866.906250,478.783600,0.0000
StartsDeadAlive_Q.esp,001E67DC,00075337,LvlFeralGhoul,NPC_,78155.515625,105092.265625,495.653625,0.0000
StartsDeadAlive_Q.esp,0001A682,0002BEE9,LvlScavenger,NPC_,66793.726562,69971.523438,-447.994171,314.1633
StartsDeadAlive_Q.esp,0001A681,0002BEE9,LvlScavenger,NPC_,66605.710937,69936.406250,-446.694611,221.2537
StartsDeadAlive_Q.esp,0011B52D,0002898B,LvlRaider,NPC_,90643.187500,77105.101562,850.848083,143.2395
StartsDeadAlive_Q.esp,000C3D6D,0005A9C1,LvlMirelurkCrab,NPC_,94326.070312,85356.593750,1113.689819,270.0000
StartsDeadAlive_Q.esp,000C3D6E,0005A9C1,LvlMirelurkCrab,NPC_,94566.539062,85564.601562,1228.409668,270.0000
StartsDeadAlive_Q.esp,001EACC9,000B3D7E,LvlYaoGuai,NPC_,66535.031250,94288.257812,1625.580566,256.8675
StartsDeadAlive_Q.esp,0019E0C6,0002898B,LvlRaider,NPC_,81660.703125,95696.093750,977.281982,143.8193
StartsDeadAlive_Q.esp,0019E0BE,0002898B,LvlRaider,NPC_,82070.578125,96659.898438,755.457092,299.8395
StartsDeadAlive_Q.esp,0019E0BF,0002898B,LvlRaider,NPC_,82106.609375,96845.476562,748.814148,173.1082
StartsDeadAlive_Q.esp,0019E0D6,0002898B,LvlRaider,NPC_,82545.570312,98081.500000,1870.077759,299.6682
StartsDeadAlive_Q.esp,0019E0F5,0002898B,LvlRaider,NPC_,82422.671875,97934.609375,847.791687,147.3608
StartsDeadAlive_Q.esp,00218A1B,0002898B,LvlRaider,NPC_,83154.890625,96949.953125,863.808044,175.2211
StartsDeadAlive_Q.esp,00127754,0002898B,LvlRaider,NPC_,71526.945312,10299.268555,769.317017,177.7994
StartsDeadAlive_Q.esp,00127755,0002898B,LvlRaider,NPC_,71475.554688,9963.598633,505.774475,286.4789
StartsDeadAlive_Q.esp,00127756,0002898B,LvlRaider,NPC_,71263.789062,10488.065430,493.705963,297.9381
StartsDeadAlive_Q.esp,00127757,0002898B,LvlRaider,NPC_,71517.765625,10082.323242,715.665955,0.0000
StartsDeadAlive_Q.esp,00127758,0002898B,LvlRaider,NPC_,71444.390625,10405.729492,816.587402,257.4403
StartsDeadAlive_Q.esp,0011E855,000FD3AB,LvlRaiderMissileLauncher,NPC_,80925.812500,15700.626953,1451.026123,310.7711
StartsDeadAlive_Q.esp,00125594,0002BEE9,LvlScavenger,NPC_,78150.679688,14468.651367,646.952087,84.3580
StartsDeadAlive_Q.esp,00125595,001C4033,LvlMerchant,NPC_,78127.453125,14639.439453,646.362244,57.2957
StartsDeadAlive_Q.esp,001289EF,001C4033,LvlMerchant,NPC_,77706.539062,16797.208984,509.128693,331.3526
StartsDeadAlive_Q.esp,001289DE,001C4033,LvlMerchant,NPC_,78583.585938,16526.953125,509.019226,277.1649
StartsDeadAlive_Q.esp,001289DD,001C4033,LvlMerchant,NPC_,78615.750000,16561.345703,510.939392,241.3977
StartsDeadAlive_Q.esp,001289DC,001C4033,LvlMerchant,NPC_,78635.445312,16923.390625,510.855194,270.0000
StartsDeadAlive_Q.esp,001289D2,001C4033,LvlMerchant,NPC_,78085.164062,16635.742187,516.357849,28.6478
StartsDeadAlive_Q.esp,001289D1,001C4033,LvlMerchant,NPC_,78047.914062,16570.728516,513.946899,60.7335
StartsDeadAlive_Q.esp,001289D0,0002BEE9,LvlScavenger,NPC_,78260.375000,16476.148437,511.079956,60.7335
StartsDeadAlive_Q.esp,001289CF,0002BEE9,LvlScavenger,NPC_,78147.117188,16458.990234,511.590271,60.7335
StartsDeadAlive_Q.esp,001289CE,001C4033,LvlMerchant,NPC_,78088.359375,16549.041016,536.585876,0.0000
StartsDeadAlive_Q.esp,001289CD,001C4033,LvlMerchant,NPC_,78186.234375,16608.562500,516.852417,0.0000
StartsDeadAlive_Q.esp,001289CC,0002BEE9,LvlScavenger,NPC_,78108.515625,16504.044922,514.320374,0.0000
StartsDeadAlive_Q.esp,001289CB,0002BEE9,LvlScavenger,NPC_,78192.414062,16505.494141,519.996338,0.0000
StartsDeadAlive_Q.esp,001289CA,001BF0C5,LvlMinuteman_LaserMusket,NPC_,78174.796875,16527.062500,518.995911,277.4941
StartsDeadAlive_Q.esp,001289C7,001423B0,EncBloatfly02,NPC_,81226.750000,17901.904297,607.614014,255.1486
StartsDeadAlive_Q.esp,001289C6,001423B0,EncBloatfly02,NPC_,81220.617188,17526.216797,607.442322,255.1486
StartsDeadAlive_Q.esp,001289C5,001423B0,EncBloatfly02,NPC_,80881.265625,18085.986328,527.805359,255.1486
StartsDeadAlive_Q.esp,001289C4,001423B0,EncBloatfly02,NPC_,81082.507812,18455.658203,573.412170,255.1486
StartsDeadAlive_Q.esp,001289C3,001423B0,EncBloatfly02,NPC_,81158.703125,17201.554688,557.287964,255.1486
StartsDeadAlive_Q.esp,001289C2,001423B0,EncBloatfly02,NPC_,81735.773438,17193.818359,555.325684,255.1486
StartsDeadAlive_Q.esp,001289C1,001423B0,EncBloatfly02,NPC_,81483.132812,18350.285156,564.989136,255.1486
StartsDeadAlive_Q.esp,001289C0,001423B0,EncBloatfly02,NPC_,81270.796875,17722.585938,556.320251,0.0000
StartsDeadAlive_Q.esp,001238B7,0002BEE9,LvlScavenger,NPC_,78167.960938,17342.728516,397.110168,180.0000
StartsDeadAlive_Q.esp,000E2105,0002898B,LvlRaider,NPC_,81173.265625,26921.324219,836.929871,206.2648
StartsDeadAlive_Q.esp,000E2106,0002898B,LvlRaider,NPC_,81115.718750,26538.464844,797.546570,0.0000
StartsDeadAlive_Q.esp,000E2107,0002898B,LvlRaider,NPC_,81156.257812,27170.853516,773.858948,194.8057
StartsDeadAlive_Q.esp,000E2108,0002898B,LvlRaider,NPC_,81370.054688,27114.958984,781.750244,286.4789
StartsDeadAlive_Q.esp,000E2109,0002898B,LvlRaider,NPC_,81132.570312,26765.177734,838.491394,316.4534
StartsDeadAlive_Q.esp,001BB666,00076442,brahminCorpseContainer,CONT,87353.046875,31651.447266,544.705505,241.3521
StartsDeadAlive_Q.esp,0023F486,00106B07,LvlProtectron,NPC_,44183.050781,103468.265625,2482.817871,116.4926
StartsDeadAlive_Q.esp,0023F487,0002BEE9,LvlScavenger,NPC_,44178.281250,103407.296875,2487.539062,20.3928
StartsDeadAlive_Q.esp,000F1312,0002BEE9,LvlScavenger,NPC_,35948.730469,77354.671875,1797.237305,96.3482
StartsDeadAlive_Q.esp,000F1311,0002BEE9,LvlScavenger,NPC_,35893.843750,77350.757812,1797.422729,179.3358
StartsDeadAlive_Q.esp,001F03CB,0002898B,LvlRaider,NPC_,60069.644531,76287.335938,1232.676270,0.0000
StartsDeadAlive_Q.esp,001F03CA,0002898B,LvlRaider,NPC_,60247.351562,76309.062500,1302.633545,0.0000
StartsDeadAlive_Q.esp,001F03C9,0002898B,LvlRaider,NPC_,60162.164062,76671.679688,1316.139038,0.0000
StartsDeadAlive_Q.esp,001F1DD7,0020ED08,ParsonsGuard01,NPC_,52587.253906,84405.195312,1505.629639,173.7887
StartsDeadAlive_Q.esp,001F1DDE,0002898B,LvlRaider,NPC_,50658.492188,82864.273438,1401.498657,90.0397
StartsDeadAlive_Q.esp,001F1DDF,0002898B,LvlRaider,NPC_,49781.484375,82243.640625,1395.517090,15.5552
StartsDeadAlive_Q.esp,001F1DE0,0002898B,LvlRaider,NPC_,52675.742187,83720.789062,1488.971191,330.1325
StartsDeadAlive_Q.esp,001F1DE1,0002898B,LvlRaider,NPC_,51843.199219,83605.507812,1467.942993,90.0771
StartsDeadAlive_Q.esp,001F1DE2,0002898B,LvlRaider,NPC_,49850.441406,82519.023438,1391.025635,90.0771
StartsDeadAlive_Q.esp,001F1DE3,0002898B,LvlRaider,NPC_,52728.906250,83943.820312,1505.121338,161.6968
StartsDeadAlive_Q.esp,001F1DE4,0002898B,LvlRaider,NPC_,52422.031250,83764.007812,1490.815918,90.0397
StartsDeadAlive_Q.esp,001B31D2,0002BEE9,LvlScavenger,NPC_,43137.308594,90910.000000,2258.985352,179.0836
StartsDeadAlive_Q.esp,001B31AE,0002BEE9,LvlScavenger,NPC_,43604.156250,91520.062500,3895.322266,254.6940
StartsDeadAlive_Q.esp,001644AB,0002BEE9,LvlScavenger,NPC_,41758.183594,91095.085938,2177.406006,163.2621
StartsDeadAlive_Q.esp,001644AC,0002BEE9,LvlScavenger,NPC_,41747.054688,90846.593750,2161.356445,0.0000
StartsDeadAlive_Q.esp,001EACC7,000B3D7E,LvlYaoGuai,NPC_,64772.003906,93367.351562,1897.845337,0.0000
StartsDeadAlive_Q.esp,001EACC8,000B3D7E,LvlYaoGuai,NPC_,63963.910156,93888.007812,1612.458496,0.0000
StartsDeadAlive_Q.esp,001EACD0,000B3D7E,LvlYaoGuai,NPC_,64817.351562,94107.343750,1537.654907,0.0000
StartsDeadAlive_Q.esp,001644A1,0002BEE9,LvlScavenger,NPC_,36321.785156,96688.554688,1355.715088,194.5189
StartsDeadAlive_Q.esp,001644A0,0002BEE9,LvlScavenger,NPC_,36289.214844,96840.171875,1366.890381,208.0492
StartsDeadAlive_Q.esp,0016449F,00076442,brahminCorpseContainer,CONT,36240.742188,96710.210938,1344.000000,84.8407
StartsDeadAlive_Q.esp,000B87E3,000B1DB5,BoSM01_ScribeFaris,NPC_,53156.523437,36232.476562,1383.888062,181.6733
StartsDeadAlive_Q.esp,001ED5BB,0002898B,LvlRaider,NPC_,49711.820312,36782.570312,756.874634,297.6618
StartsDeadAlive_Q.esp,001A76B6,0002898B,LvlRaider,NPC_,64315.863281,40190.570312,745.505127,77.1838
StartsDeadAlive_Q.esp,001EC657,001C4033,LvlMerchant,NPC_,46987.472656,42589.878906,1121.484863,0.0000
StartsDeadAlive_Q.esp,001E3BF3,0002BEE9,LvlScavenger,NPC_,56587.199219,53872.968750,861.163086,7.4514
StartsDeadAlive_Q.esp,001242A6,0002898B,LvlRaider,NPC_,59562.148437,59098.867187,1324.614990,103.7053
StartsDeadAlive_Q.esp,0002A377,0002898B,LvlRaider,NPC_,53807.984375,62536.351562,946.104248,332.4980
StartsDeadAlive_Q.esp,0002A376,0002BEE9,LvlScavenger,NPC_,53611.550781,62613.027344,958.376282,353.5149
StartsDeadAlive_Q.esp,001EC622,0002BEE9,LvlScavenger,NPC_,46970.613281,23264.533203,471.358887,69.0866
StartsDeadAlive_Q.esp,00197910,00076442,brahminCorpseContainer,CONT,36756.128906,24822.906250,862.501709,314.7364
StartsDeadAlive_Q.esp,001A8590,0002BEE9,LvlScavenger,NPC_,5013.062012,101406.359375,1406.122314,172.3633
StartsDeadAlive_Q.esp,0010A3A1,0002898B,LvlRaider,NPC_,17639.529297,66730.335937,1439.647827,38.8792
StartsDeadAlive_Q.esp,0023AA87,0002898B,LvlRaider,NPC_,19960.492188,76978.781250,2188.912842,172.6442
StartsDeadAlive_Q.esp,0023AA7B,0007533A,LvlSynth,NPC_,20052.599609,76801.929688,2201.657715,323.6934
StartsDeadAlive_Q.esp,001D1B5B,001C4033,LvlMerchant,NPC_,13844.216797,88294.398438,2576.862793,231.0845
StartsDeadAlive_Q.esp,001925A5,00076442,brahminCorpseContainer,CONT,14539.845703,87881.218750,2647.813965,105.3203
StartsDeadAlive_Q.esp,001925A1,00076442,brahminCorpseContainer,CONT,13907.962891,88427.828125,2554.474609,302.7041
StartsDeadAlive_Q.esp,001E8845,0002BEE9,LvlScavenger,NPC_,24894.408203,97749.937500,2094.437744,149.0226
StartsDeadAlive_Q.esp,001E8846,0002BEE9,LvlScavenger,NPC_,25150.015625,97022.429688,2199.598633,54.4310
StartsDeadAlive_Q.esp,001E8847,001C4033,LvlMerchant,NPC_,25071.765625,97492.625000,2162.171631,325.6225
StartsDeadAlive_Q.esp,00113999,0002898B,LvlRaider,NPC_,12604.492188,36509.878906,1036.606323,110.1904
StartsDeadAlive_Q.esp,00078E1C,0002898B,LvlRaider,NPC_,14800.155273,37809.175781,1049.451538,270.0000
StartsDeadAlive_Q.esp,0009449E,0003D628,LvlViciousDog,NPC_,13819.984375,39332.410156,1025.615479,95.2329
StartsDeadAlive_Q.esp,0009449D,0002898B,LvlRaider,NPC_,13808.984375,39533.660156,1167.688232,144.3854
StartsDeadAlive_Q.esp,001922A6,0002898B,LvlRaider,NPC_,13972.210937,39458.960938,1027.681763,38.6746
StartsDeadAlive_Q.esp,001922A7,0002898B,LvlRaider,NPC_,13933.084961,39670.683594,1021.575562,25.7831
StartsDeadAlive_Q.esp,001929DB,0002898B,LvlRaider,NPC_,15291.751953,39658.792969,1064.142456,6.9963
StartsDeadAlive_Q.esp,000847C7,0002898B,LvlRaider,NPC_,15686.455078,40038.738281,1087.365356,169.0226
StartsDeadAlive_Q.esp,0005C1EA,00020C71,CorpseSuckedBrahmin01,CONT,4795.757324,45297.644531,498.682739,37.4809
StartsDeadAlive_Q.esp,0005C1E9,00020C71,CorpseSuckedBrahmin01,CONT,5817.299316,46762.480469,500.621399,110.6265
StartsDeadAlive_Q.esp,0008294B,0002898B,LvlRaider,NPC_,15024.399414,45204.625000,1103.087646,7.4028
StartsDeadAlive_Q.esp,001A5862,001A5856,DN132_CorpseMargaret,NPC_,7573.286133,53128.953125,455.373474,144.5674
StartsDeadAlive_Q.esp,001EC5F1,0002BEE9,LvlScavenger,NPC_,31072.324219,51595.562500,1690.882568,103.1324
StartsDeadAlive_Q.esp,00106A5E,00075337,LvlFeralGhoul,NPC_,20124.046875,56019.425781,1661.520386,228.0708
StartsDeadAlive_Q.esp,00106A5F,00075337,LvlFeralGhoul,NPC_,20078.427734,55880.902344,1661.031494,228.0708
StartsDeadAlive_Q.esp,001F76F0,0002BEE9,LvlScavenger,NPC_,20543.609375,54783.160156,1407.159302,319.8929
StartsDeadAlive_Q.esp,002474EF,00075337,LvlFeralGhoul,NPC_,20645.867188,55848.339844,1403.224243,4.6764
StartsDeadAlive_Q.esp,002474F0,00075337,LvlFeralGhoul,NPC_,21595.617188,54859.882812,1405.684570,4.6764
StartsDeadAlive_Q.esp,002474F1,00075337,LvlFeralGhoul,NPC_,21347.525391,55310.402344,1485.945190,4.6764
StartsDeadAlive_Q.esp,00247505,00075337,LvlFeralGhoul,NPC_,21040.988281,56038.015625,1401.745850,57.9711
StartsDeadAlive_Q.esp,002474DB,0002898B,LvlRaider,NPC_,15010.229492,58897.035156,1261.642334,40.1070
StartsDeadAlive_Q.esp,002474DC,0002898B,LvlRaider,NPC_,15281.840820,58574.906250,1222.089111,142.2760
StartsDeadAlive_Q.esp,001F3F6B,000D39EF,LvlFeralGhoulGlowingOne,NPC_,26802.328125,60164.437500,1842.495972,211.9944
StartsDeadAlive_Q.esp,001F3F6C,0002BEE9,LvlScavenger,NPC_,26674.183594,60497.429687,1928.470947,194.8057
StartsDeadAlive_Q.esp,0020C2A1,0002898B,LvlRaider,NPC_,26990.156250,60192.765625,1869.988770,286.9479
StartsDeadAlive_Q.esp,0018108D,0002898B,LvlRaider,NPC_,3358.325928,2286.219727,1380.747925,260.2322
StartsDeadAlive_Q.esp,0014A156,001C4033,LvlMerchant,NPC_,15394.156250,2650.274902,883.177002,0.0000
StartsDeadAlive_Q.esp,000F3721,0002898B,LvlRaider,NPC_,25960.886719,3016.241943,596.549683,296.1043
StartsDeadAlive_Q.esp,001A77B4,00075337,LvlFeralGhoul,NPC_,19687.833984,10708.218750,894.481689,65.9083
StartsDeadAlive_Q.esp,0018B831,00075337,LvlFeralGhoul,NPC_,19716.511719,10342.083984,846.104004,0.0000
StartsDeadAlive_Q.esp,0018B811,00075337,LvlFeralGhoul,NPC_,11831.765625,15458.429687,701.139465,0.0000
StartsDeadAlive_Q.esp,0018B813,00075337,LvlFeralGhoul,NPC_,12252.287109,15949.248047,680.306458,143.2394
StartsDeadAlive_Q.esp,00043F3B,0002898B,LvlRaider,NPC_,20099.359375,24211.921875,478.736389,0.0000
StartsDeadAlive_Q.esp,0023817C,00075337,LvlFeralGhoul,NPC_,14478.377930,-29755.798828,1017.802063,60.8851
StartsDeadAlive_Q.esp,00230D84,001D16B4,LvlScavengerAggro768,NPC_,11595.108398,-71219.468750,527.330261,63.7120
StartsDeadAlive_Q.esp,001A8E6A,001C4033,LvlMerchant,NPC_,88774.390625,60220.246094,1279.130493,344.2437
StartsDeadAlive_Q.esp,001A6D05,00075337,LvlFeralGhoul,NPC_,90865.367188,38247.390625,1008.971436,0.0000
StartsDeadAlive_Q.esp,001A6D04,00075337,LvlFeralGhoul,NPC_,90966.195312,38399.375000,1265.681519,0.0000
StartsDeadAlive_Q.esp,001A6D03,00075337,LvlFeralGhoul,NPC_,91211.046875,38125.875000,1523.137939,0.0000
StartsDeadAlive_Q.esp,001A6D02,00075337,LvlFeralGhoul,NPC_,92039.023438,38155.250000,1213.438599,359.8896
StartsDeadAlive_Q.esp,001A6D01,00075337,LvlFeralGhoul,NPC_,91779.140625,36824.457031,968.164062,359.8896
StartsDeadAlive_Q.esp,001A6CFF,00075337,LvlFeralGhoul,NPC_,90868.765625,36883.906250,967.008850,37.2422
StartsDeadAlive_Q.esp,001A6CD3,00075337,LvlFeralGhoul,NPC_,91715.851562,37329.769531,996.711487,233.9493
StartsDeadAlive_Q.esp,001A6CD2,00075337,LvlFeralGhoul,NPC_,91258.304688,35861.078125,965.652527,321.0389
StartsDeadAlive_Q.esp,001A6CD1,00075337,LvlFeralGhoul,NPC_,90099.679688,36073.757812,947.158752,37.2422
StartsDeadAlive_Q.esp,001A6CCE,00075337,LvlFeralGhoul,NPC_,91215.507812,37669.468750,773.697571,8.5942
StartsDeadAlive_Q.esp,001A6967,001D16B4,LvlScavengerAggro768,NPC_,28090.398437,-87642.703125,1470.278809,312.7082
StartsDeadAlive_Q.esp,0018C567,001D16B4,LvlScavengerAggro768,NPC_,7232.924316,-19266.384766,845.147827,51.2230
StartsDeadAlive_Q.esp,0017F2AE,001C4033,LvlMerchant,NPC_,2601.280518,-18777.822266,1093.834595,257.3857
StartsDeadAlive_Q.esp,000E8532,00075337,LvlFeralGhoul,NPC_,-84245.601562,38382.050781,6686.614258,355.8199
StartsDeadAlive_Q.esp,000E851B,00075337,LvlFeralGhoul,NPC_,-88706.015625,39645.437500,6984.947266,74.9354
StartsDeadAlive_Q.esp,000E8514,00075337,LvlFeralGhoul,NPC_,-87257.890625,36235.976562,6733.242187,132.8567
StartsDeadAlive_Q.esp,000E84FA,00075337,LvlFeralGhoul,NPC_,-85439.773438,36138.781250,6746.641602,335.5613
StartsDeadAlive_Q.esp,000E84CE,00075337,LvlFeralGhoul,NPC_,-86541.820312,38416.652344,6662.176758,4.9529
StartsDeadAlive_Q.esp,000E84CD,00075337,LvlFeralGhoul,NPC_,-84520.046875,39175.269531,6627.106445,180.0000
StartsDeadAlive_Q.esp,000D5220,001D16B4,LvlScavengerAggro768,NPC_,-89197.046875,37327.714844,7061.227051,235.1289
StartsDeadAlive_Q.esp,00087AA1,00087AA0,DN132_CorpseMary,NPC_,6156.663574,46179.414062,768.671692,77.3493
StartsDeadAlive_Q.esp,0008212B,000BB874,LvlMinuteman,NPC_,-57053.953125,70114.390625,6183.417480,228.2201
StartsDeadAlive_Q.esp,0001B312,001C4033,LvlMerchant,NPC_,90529.031250,60604.921875,2998.486328,96.8299
StartsDeadAlive_Q.esp,0500426A,00075337,LvlFeralGhoul,NPC_,-8987.140625,-5100.652344,464.378479,0.0000
StartsDeadAlive_Q.esp,0500426B,00075337,LvlFeralGhoul,NPC_,-9149.894531,-5537.419922,460.992523,29.4582
StartsDeadAlive_Q.esp,0500426C,00075337,LvlFeralGhoul,NPC_,-8540.359375,-5443.591309,543.257812,63.8356
StartsDeadAlive_Q.esp,05001BBE,0002898B,LvlRaider,NPC_,6645.691895,-7063.563477,-1167.646729,268.1806
StartsDeadAlive_Q.esp,05001BCD,0002898B,LvlRaider,NPC_,-8456.920898,-5500.682617,466.603546,259.7323
StartsDeadAlive_Q.esp,00222CF6,001D16B4,LvlScavengerAggro768,NPC_,286.504578,94.282265,-494.947083,0.0000
StartsDeadAlive_Q.esp,000FA559,001C4033,LvlMerchant,NPC_,1176.779419,3597.612793,1549.348999,220.7712
StartsDeadAlive_Q.esp,001D358D,001D475A,DN062LvlFeralGhoulPink,NPC_,2093.150391,772.192261,8.282956,247.2085
StartsDeadAlive_Q.esp,00197F11,001D475A,DN062LvlFeralGhoulPink,NPC_,1985.044556,2932.985840,-218.170441,119.3578
StartsDeadAlive_Q.esp,00197F10,001D475A,DN062LvlFeralGhoulPink,NPC_,3696.940674,1786.194824,-243.661667,50.6028
StartsDeadAlive_Q.esp,00195A28,001D475A,DN062LvlFeralGhoulPink,NPC_,1489.106201,1040.058228,90.478081,62.0621
StartsDeadAlive_Q.esp,00195A27,001D475A,DN062LvlFeralGhoulPink,NPC_,1038.371338,1266.246582,12.616673,142.2762
StartsDeadAlive_Q.esp,00195A26,001D475A,DN062LvlFeralGhoulPink,NPC_,1122.244263,1515.991577,12.999007,0.0000
StartsDeadAlive_Q.esp,00195A1D,001D475A,DN062LvlFeralGhoulPink,NPC_,925.993408,1689.281128,-218.964096,108.8620
StartsDeadAlive_Q.esp,00195A1C,001D475A,DN062LvlFeralGhoulPink,NPC_,831.449646,1405.903931,-246.036560,108.8620
StartsDeadAlive_Q.esp,00195A1B,001D475A,DN062LvlFeralGhoulPink,NPC_,939.261597,604.205872,-244.537033,108.8620
StartsDeadAlive_Q.esp,00195546,001D475A,DN062LvlFeralGhoulPink,NPC_,3114.554688,1435.050415,-244.203415,315.0000
StartsDeadAlive_Q.esp,00195545,001D475A,DN062LvlFeralGhoulPink,NPC_,3109.636963,888.698669,-245.471451,148.8656
StartsDeadAlive_Q.esp,00195544,001D475A,DN062LvlFeralGhoulPink,NPC_,3368.809814,1556.294067,-243.994324,330.3887
StartsDeadAlive_Q.esp,001B27CA,0002898B,LvlRaider,NPC_,2326.868164,35.082344,17.788820,30.1421
StartsDeadAlive_Q.esp,001B27C9,0002898B,LvlRaider,NPC_,3369.586670,-385.458649,13.022219,236.2412
StartsDeadAlive_Q.esp,001B27C8,0002898B,LvlRaider,NPC_,2886.246826,-99.778839,13.369124,55.3478
StartsDeadAlive_Q.esp,001B27C7,0002898B,LvlRaider,NPC_,2792.936279,-571.115540,-13.608287,169.7547
StartsDeadAlive_Q.esp,001A6668,00075337,LvlFeralGhoul,NPC_,1748.885498,3519.396729,510.898529,0.0000
StartsDeadAlive_Q.esp,001A5959,00075337,LvlFeralGhoul,NPC_,1681.718506,5036.300781,263.439758,0.0000
StartsDeadAlive_Q.esp,001A5958,00075337,LvlFeralGhoul,NPC_,2405.469238,2593.832275,263.549683,213.9625
StartsDeadAlive_Q.esp,001A5957,00075337,LvlFeralGhoul,NPC_,2081.971680,3767.405762,260.444336,216.7605
StartsDeadAlive_Q.esp,001A5956,00075337,LvlFeralGhoul,NPC_,2488.833496,3718.461670,262.050079,211.0312
StartsDeadAlive_Q.esp,0013413A,00075337,LvlFeralGhoul,NPC_,1194.788208,5226.257812,138.250076,0.0000
StartsDeadAlive_Q.esp,0003EFF6,0002BEE9,LvlScavenger,NPC_,299.867462,5233.123047,-882.722717,335.8902
StartsDeadAlive_Q.esp,000FB88E,000DB762,LvlSynthMelee,NPC_,2114.080078,2807.692871,268.753113,231.3947
StartsDeadAlive_Q.esp,060330EE,01005050,DLC01LvlBotRaider,NPC_,-173.507401,-1414.810181,1037.585083,85.4319
StartsDeadAlive_Q.esp,001684B8,000DE969,LvlGunner,NPC_,1548.361328,-940.115112,1035.021118,32.9451
StartsDeadAlive_Q.esp,001684B7,000DE969,LvlGunner,NPC_,2337.691650,-463.728638,267.652222,0.0000
StartsDeadAlive_Q.esp,001684B6,000DE969,LvlGunner,NPC_,1240.476929,33.596886,15.822785,359.9995
StartsDeadAlive_Q.esp,001684B5,000DE969,LvlGunner,NPC_,1347.178345,483.522217,781.390503,12.8915
StartsDeadAlive_Q.esp,001684B4,000DE969,LvlGunner,NPC_,1497.381714,430.186768,1719.657471,169.4916
StartsDeadAlive_Q.esp,00157AA0,000DE969,LvlGunner,NPC_,2343.824707,-1227.741211,1293.331543,228.2195
StartsDeadAlive_Q.esp,00064E76,000DE969,LvlGunner,NPC_,1612.593262,-388.476501,1549.232544,107.4296
StartsDeadAlive_Q.esp,00064E58,000DE969,LvlGunner,NPC_,-599.027039,657.299377,1035.654785,105.9507
StartsDeadAlive_Q.esp,00064E57,000DE969,LvlGunner,NPC_,-765.130066,147.395721,788.933411,128.9155
StartsDeadAlive_Q.esp,00064E55,000DE969,LvlGunner,NPC_,-683.160217,251.937103,781.273499,53.9978
StartsDeadAlive_Q.esp,00064E52,000DE969,LvlGunner,NPC_,-190.104813,833.753967,781.235046,242.0747
StartsDeadAlive_Q.esp,00064E51,000DE969,LvlGunner,NPC_,-256.074677,937.361877,788.804138,175.2211
StartsDeadAlive_Q.esp,00064D78,000DE969,LvlGunner,NPC_,1862.786621,126.613869,269.219360,0.0000
StartsDeadAlive_Q.esp,00064D77,000DE969,LvlGunner,NPC_,804.002014,186.652786,269.475891,0.0000
StartsDeadAlive_Q.esp,00064D5F,000DE969,LvlGunner,NPC_,-299.329071,754.618469,89.536804,13.3602
StartsDeadAlive_Q.esp,00064D5E,000DE969,LvlGunner,NPC_,-293.364838,340.625885,325.912170,317.0281
StartsDeadAlive_Q.esp,000784AF,000DE969,LvlGunner,NPC_,1347.819702,-1709.331909,1093.536133,330.0000
StartsDeadAlive_Q.esp,0004A4A7,0002898B,LvlRaider,NPC_,1115.835449,1289.408325,-2751.255127,199.5718
StartsDeadAlive_Q.esp,0004A09B,0002898B,LvlRaider,NPC_,4951.146484,-12.660121,-2306.879639,69.7435
StartsDeadAlive_Q.esp,0004A097,0002898B,LvlRaider,NPC_,4932.270020,180.269608,-2283.101807,69.7435
StartsDeadAlive_Q.esp,00046E95,0002898B,LvlRaider,NPC_,374.542877,6.313828,-387.131958,345.6760
StartsDeadAlive_Q.esp,00046E92,0002898B,LvlRaider,NPC_,147.046295,156.507248,-371.597321,0.0000
StartsDeadAlive_Q.esp,0011D5F9,0002898B,LvlRaider,NPC_,4706.959961,4347.957520,-1312.659424,0.0000
StartsDeadAlive_Q.esp,0011D5EB,0002898B,LvlRaider,NPC_,3896.326660,-3051.625244,-1317.323975,45.8367
StartsDeadAlive_Q.esp,0011D5E2,0002898B,LvlRaider,NPC_,1783.953735,747.268555,-615.944702,0.0000
StartsDeadAlive_Q.esp,0011D60F,0007533A,LvlSynth,NPC_,2728.003662,895.798401,-2807.873779,0.0000
StartsDeadAlive_Q.esp,0011D60E,0007533A,LvlSynth,NPC_,3047.954590,310.315094,-2808.550537,281.4592
StartsDeadAlive_Q.esp,0011D5F6,0002898B,LvlRaider,NPC_,5082.792480,3188.745117,-1267.006348,241.3521
StartsDeadAlive_Q.esp,0011D60C,0002898B,LvlRaider,NPC_,1015.156860,397.003357,-2807.323975,348.5409
StartsDeadAlive_Q.esp,0011D5E1,0002898B,LvlRaider,NPC_,2092.584473,633.018188,-572.389343,0.0000
StartsDeadAlive_Q.esp,0011D609,0002898B,LvlRaider,NPC_,2927.634033,1088.344971,-2754.585205,148.0056
StartsDeadAlive_Q.esp,0011D62A,0007533A,LvlSynth,NPC_,5089.725586,4060.045654,-1261.869995,354.2705
StartsDeadAlive_Q.esp,0011D629,0007533A,LvlSynth,NPC_,5151.103027,4058.353271,-1268.162231,182.3831
StartsDeadAlive_Q.esp,0011D5F3,0002898B,LvlRaider,NPC_,5151.083496,2234.950928,-1267.881348,256.8677
StartsDeadAlive_Q.esp,0011D5E7,0002898B,LvlRaider,NPC_,3047.083008,-1013.585327,-1266.572876,28.6479
StartsDeadAlive_Q.esp,0011D606,0002898B,LvlRaider,NPC_,3440.115967,896.861938,-2564.980225,0.0000
StartsDeadAlive_Q.esp,0011D5EA,0002898B,LvlRaider,NPC_,4096.347656,-2812.529053,-1317.364502,239.6790
StartsDeadAlive_Q.esp,0011D604,0002898B,LvlRaider,NPC_,3203.477539,302.855652,-2798.096436,0.0000
StartsDeadAlive_Q.esp,0011D5F0,0002898B,LvlRaider,NPC_,4128.943848,-1283.948853,-1214.141846,256.8677
StartsDeadAlive_Q.esp,0011D602,0002898B,LvlRaider,NPC_,3340.732666,-328.595123,-2593.721436,211.9945
StartsDeadAlive_Q.esp,0019CE6E,0023D8C6,LvlRaiderMixed,NPC_,2374.656250,6487.654785,-231.653793,300.2640
StartsDeadAlive_Q.esp,00136826,00075337,LvlFeralGhoul,NPC_,862.956116,2418.351318,27.345119,193.4115
StartsDeadAlive_Q.esp,001367DC,00075337,LvlFeralGhoul,NPC_,723.146729,3665.757812,-109.820297,184.2442
StartsDeadAlive_Q.esp,001367DB,00075337,LvlFeralGhoul,NPC_,561.383789,3855.818359,-144.734360,184.6157
StartsDeadAlive_Q.esp,000FA8E8,00075337,LvlFeralGhoul,NPC_,748.572815,1228.625366,-13.254011,184.6157
StartsDeadAlive_Q.esp,000FA8E7,00075337,LvlFeralGhoul,NPC_,581.502869,1464.937012,-14.792732,184.6157
StartsDeadAlive_Q.esp,000FA8E6,00075337,LvlFeralGhoul,NPC_,822.636902,1687.946289,-13.704294,241.9707
StartsDeadAlive_Q.esp,000FA8E3,00075337,LvlFeralGhoul,NPC_,773.845215,1467.202759,-16.536251,184.6157
StartsDeadAlive_Q.esp,000F432D,00075337,LvlFeralGhoul,NPC_,-1289.745605,7475.782227,-115.897034,270.0456
StartsDeadAlive_Q.esp,000FAE17,00075337,LvlFeralGhoul,NPC_,3951.974365,3976.072510,-316.263824,270.0000
StartsDeadAlive_Q.esp,000FAE16,00075337,LvlFeralGhoul,NPC_,3682.268311,3701.208984,69.244255,18.6154
StartsDeadAlive_Q.esp,000FAE15,00075337,LvlFeralGhoul,NPC_,3626.162598,3839.546387,67.638062,110.1220
StartsDeadAlive_Q.esp,000FAE14,00075337,LvlFeralGhoul,NPC_,3617.241211,4089.784424,-316.949432,27.2155
StartsDeadAlive_Q.esp,000FAE2F,00075337,LvlFeralGhoul,NPC_,5748.930664,1308.405273,-826.418457,323.3397
StartsDeadAlive_Q.esp,000FAE2E,00075337,LvlFeralGhoul,NPC_,5226.985840,1731.348389,-810.643677,313.8934
StartsDeadAlive_Q.esp,000FAE2D,00075337,LvlFeralGhoul,NPC_,5695.800781,1416.637207,-827.235352,273.2474
StartsDeadAlive_Q.esp,000FAE2C,00075337,LvlFeralGhoul,NPC_,5696.064453,1560.198364,-822.567261,256.1286
StartsDeadAlive_Q.esp,000FAE2B,00075337,LvlFeralGhoul,NPC_,4989.482910,2937.334717,-574.624878,204.5762
StartsDeadAlive_Q.esp,000FAE24,00075337,LvlFeralGhoul,NPC_,3775.151123,3974.762939,-572.662415,98.6129
StartsDeadAlive_Q.esp,000FAE23,00075337,LvlFeralGhoul,NPC_,3803.959229,4056.267334,-571.962830,290.7874
StartsDeadAlive_Q.esp,00147A53,0023D8C6,LvlRaiderMixed,NPC_,100.147842,-279.651367,-499.101044,40.1069
StartsDeadAlive_Q.esp,00147A2F,0023D8C6,LvlRaiderMixed,NPC_,1186.509521,944.026489,416.310913,180.0000
StartsDeadAlive_Q.esp,00147A2E,0023D8C6,LvlRaiderMixed,NPC_,158.380615,-393.277496,12.761735,104.5345
StartsDeadAlive_Q.esp,00147A2C,0023D8C6,LvlRaiderMixed,NPC_,1243.151245,-341.756561,523.998962,264.4957
StartsDeadAlive_Q.esp,000A2A2F,0023D8C6,LvlRaiderMixed,NPC_,-290.191956,2858.760010,14.817397,173.3197
StartsDeadAlive_Q.esp,00072281,00075337,LvlFeralGhoul,NPC_,27.255144,2185.338623,125.290771,67.2788
StartsDeadAlive_Q.esp,000E34CF,00075337,LvlFeralGhoul,NPC_,750.902039,2209.192383,94.223106,24.6617
StartsDeadAlive_Q.esp,00106A72,00075337,LvlFeralGhoul,NPC_,-1418.840576,2181.621826,255.821686,266.3009
StartsDeadAlive_Q.esp,0013BED2,0002898B,LvlRaider,NPC_,-364.063995,1493.904297,-797.676208,316.8141
StartsDeadAlive_Q.esp,0013BED1,0002898B,LvlRaider,NPC_,-675.386841,3126.878418,-1138.772217,249.4918
StartsDeadAlive_Q.esp,00048CC3,00075337,LvlFeralGhoul,NPC_,-1012.810425,2731.318848,139.686478,182.2523
StartsDeadAlive_Q.esp,00048CC1,00075337,LvlFeralGhoul,NPC_,-1079.591675,2869.947021,140.694733,182.2523
StartsDeadAlive_Q.esp,00048B6B,00075337,LvlFeralGhoul,NPC_,-3610.806641,1707.912842,-1912.250488,276.9211
StartsDeadAlive_Q.esp,00048B6A,00075337,LvlFeralGhoul,NPC_,-3754.062012,1536.901855,-1910.390503,356.1845
StartsDeadAlive_Q.esp,00048B67,00075337,LvlFeralGhoul,NPC_,-3419.829346,4276.601562,-2292.477539,324.1901
StartsDeadAlive_Q.esp,00048B62,00075337,LvlFeralGhoul,NPC_,-2468.136719,4338.645996,-2537.490967,90.2409
StartsDeadAlive_Q.esp,00048B61,00075337,LvlFeralGhoul,NPC_,-1671.210937,4601.232422,-2808.524170,140.3747
StartsDeadAlive_Q.esp,00048B60,00075337,LvlFeralGhoul,NPC_,-1347.960938,4387.649902,-2790.817383,97.4028
StartsDeadAlive_Q.esp,00048B5F,00075337,LvlFeralGhoul,NPC_,-1087.351562,4302.474121,-2731.993896,10.4958
StartsDeadAlive_Q.esp,00048B5E,00075337,LvlFeralGhoul,NPC_,65.099861,4479.847168,-2421.044922,70.9777
StartsDeadAlive_Q.esp,00048B5D,00075337,LvlFeralGhoul,NPC_,232.424255,4387.676758,-2417.433350,0.0000
StartsDeadAlive_Q.esp,00048B5C,00075337,LvlFeralGhoul,NPC_,-3352.152588,2679.879639,-1908.289185,325.6224
StartsDeadAlive_Q.esp,00048B5B,00075337,LvlFeralGhoul,NPC_,-3433.545898,2488.396729,-1864.294922,237.3238
StartsDeadAlive_Q.esp,00048B5A,0002898B,LvlRaider,NPC_,-3325.677734,2468.029541,-1855.259888,294.1098
StartsDeadAlive_Q.esp,00044ACF,0002898B,LvlRaider,NPC_,193.924011,3958.557617,1291.636353,276.4966
StartsDeadAlive_Q.esp,001013ED,00075337,LvlFeralGhoul,NPC_,1742.572510,-2110.697510,-461.795502,0.0001
StartsDeadAlive_Q.esp,0014A120,001D16B4,LvlScavengerAggro768,NPC_,-44.154461,254.721207,16.396444,268.3833
StartsDeadAlive_Q.esp,00225E04,0002898B,LvlRaider,NPC_,721.852844,1833.636475,533.026489,148.9690
StartsDeadAlive_Q.esp,0022795A,00176DCA,EncMirelurkSpawn01,NPC_,2169.072021,3966.122070,677.489685,0.0000
StartsDeadAlive_Q.esp,00227913,001DFE15,LvlMrHandy_StandardHostile,NPC_,2030.475220,4511.065918,686.517456,153.0602
StartsDeadAlive_Q.esp,0018F01F,00076442,brahminCorpseContainer,CONT,-1022.938416,6046.587891,-675.841370,318.2618
StartsDeadAlive_Q.esp,0016550B,00043216,DN067_RoryRigwell,NPC_,26.923157,2996.491211,-398.963165,67.7417
StartsDeadAlive_Q.esp,03024E98,01005050,DLC01LvlBotRaider,NPC_,-5305.000000,867.267212,-704.894897,268.3152
StartsDeadAlive_Q.esp,000D3BD6,00075337,LvlFeralGhoul,NPC_,2745.476562,3299.627441,-1114.084961,177.6169
StartsDeadAlive_Q.esp,000D39F2,0023D8C6,LvlRaiderMixed,NPC_,3166.646973,3027.351318,-1123.016357,326.9917
StartsDeadAlive_Q.esp,000D39F1,00075337,LvlFeralGhoul,NPC_,2955.138428,2953.227539,-1136.871460,172.1458
StartsDeadAlive_Q.esp,000D39F0,00075337,LvlFeralGhoul,NPC_,2782.656494,2812.293213,-1140.584473,201.6730
StartsDeadAlive_Q.esp,000CF9D4,0023D8C6,LvlRaiderMixed,NPC_,-2995.926270,1600.788940,-148.284790,0.0000
StartsDeadAlive_Q.esp,00150F5D,00106B07,LvlProtectron,NPC_,-462.457397,2051.301025,-1143.385010,259.7322
StartsDeadAlive_Q.esp,0302E2E6,000EF3F2,LvlAssaultron,NPC_,1185.540649,848.807617,9.920269,58.1710
StartsDeadAlive_Q.esp,0302E2E7,0002FB88,LvlChildrenofAtom,NPC_,944.262573,1176.497070,12.918065,179.4319
StartsDeadAlive_Q.esp,0302E2E8,0002FB88,LvlChildrenofAtom,NPC_,892.647827,717.662415,11.371206,119.9269
StartsDeadAlive_Q.esp,0302E3DB,0002FB88,LvlChildrenofAtom,NPC_,1909.434082,950.299683,-162.534744,102.8312
StartsDeadAlive_Q.esp,0302E3DF,0002FB88,LvlChildrenofAtom,NPC_,2546.633057,821.777954,-243.212753,9.6367
StartsDeadAlive_Q.esp,00218EC2,01005050,DLC01LvlBotRaider,NPC_,-1314.394165,1152.604004,-244.452621,95.8270
StartsDeadAlive_Q.esp,000AF8CE,000DE969,LvlGunner,NPC_,-5040.623047,1425.827148,-230.884613,150.9289
StartsDeadAlive_Q.esp,000AF8CD,000DE969,LvlGunner,NPC_,-5265.359375,1392.296387,-196.726974,190.4235
StartsDeadAlive_Q.esp,000AC085,000DE969,LvlGunner,NPC_,-5980.023438,1419.355469,-218.193497,149.7853
StartsDeadAlive_Q.esp,000FFFF5,000DE969,LvlGunner,NPC_,-4102.413086,1207.436890,12.635254,325.0495
StartsDeadAlive_Q.esp,000FFFF2,000DE969,LvlGunner,NPC_,-4303.897949,1417.223633,18.619532,249.7327
StartsDeadAlive_Q.esp,000FFF7E,000DE969,LvlGunner,NPC_,-5987.218750,594.636597,13.232593,321.4056
StartsDeadAlive_Q.esp,000E4DAF,000DE969,LvlGunner,NPC_,-4857.194824,318.759521,-243.020370,152.7384
StartsDeadAlive_Q.esp,000E4DAD,000DE969,LvlGunner,NPC_,-5371.277344,498.316254,-251.221939,263.7883
StartsDeadAlive_Q.esp,000E4DAC,000DE969,LvlGunner,NPC_,-5753.446289,543.770935,-242.972290,81.4055
StartsDeadAlive_Q.esp,000E4D87,000DE969,LvlGunner,NPC_,-5652.549805,661.028503,12.618114,71.0467
StartsDeadAlive_Q.esp,000E4D66,000DE969,LvlGunner,NPC_,-3683.778076,2070.716309,26.268677,315.0000
StartsDeadAlive_Q.esp,000E4D52,000DE969,LvlGunner,NPC_,-4376.823242,623.041382,-243.577896,265.4617
StartsDeadAlive_Q.esp,000E4D4C,000DE969,LvlGunner,NPC_,-4343.524902,1171.641113,-243.296310,85.9436
StartsDeadAlive_Q.esp,000E4D34,000DE969,LvlGunner,NPC_,-5270.399902,1954.753174,31.746864,199.6170
StartsDeadAlive_Q.esp,000E4D33,000DE969,LvlGunner,NPC_,-4781.317383,1943.593384,326.579803,237.8113
StartsDeadAlive_Q.esp,000E4D32,000DE969,LvlGunner,NPC_,-4655.650879,2377.306152,12.808483,64.6928
StartsDeadAlive_Q.esp,000A4A58,000DE969,LvlGunner,NPC_,-5359.667969,1882.576050,524.792542,217.5802
StartsDeadAlive_Q.esp,000C3F3C,000DE969,LvlGunner,NPC_,-5328.808594,975.441040,-244.236221,293.9121
StartsDeadAlive_Q.esp,000C3F3D,000DE969,LvlGunner,NPC_,-5716.070312,1094.504639,-243.213577,161.6239
StartsDeadAlive_Q.esp,000C3F3E,000DE969,LvlGunner,NPC_,-6181.888672,1072.171387,-244.850174,29.2209
StartsDeadAlive_Q.esp,00186E76,000DE969,LvlGunner,NPC_,-2248.022949,-150.689331,2957.137451,195.9516
StartsDeadAlive_Q.esp,00186E72,000DE969,LvlGunner,NPC_,-2540.356445,-408.542572,2747.543213,282.6346
StartsDeadAlive_Q.esp,00186E71,000DE969,LvlGunner,NPC_,-2765.809326,119.332222,2703.021729,184.5321
StartsDeadAlive_Q.esp,00228963,001F417C,Loot_CorpseBoSScribeField,NPC_,1836.175781,1880.941406,-2162.896973,45.0000
StartsDeadAlive_Q.esp,002288FD,0016BACF,LvlBoSScribeField,NPC_,733.994263,-699.625549,1453.083374,135.0001
StartsDeadAlive_Q.esp,0024996C,0002FB88,LvlChildrenofAtom,NPC_,5556.766113,5352.623047,833.848572,80.5358
StartsDeadAlive_Q.esp,0024996B,0002FB88,LvlChildrenofAtom,NPC_,6769.966797,6430.115234,821.656067,276.7241
StartsDeadAlive_Q.esp,0024996A,0002FB88,LvlChildrenofAtom,NPC_,5998.533203,7115.915039,826.743225,97.4028
StartsDeadAlive_Q.esp,00249969,0002FB88,LvlChildrenofAtom,NPC_,5385.530273,7562.910156,825.555420,97.4028
StartsDeadAlive_Q.esp,001B9A81,001C4033,LvlMerchant,NPC_,-0.940496,34.282230,1166.109863,344.2436
StartsDeadAlive_Q.esp,001B9A6A,001C4033,LvlMerchant,NPC_,15.989315,-223.121536,1108.753418,291.4169
StartsDeadAlive_Q.esp,002241AF,001D16B4,LvlScavengerAggro768,NPC_,-623.130310,330.801392,-372.357361,40.1071
StartsDeadAlive_Q.esp,00110146,00075337,LvlFeralGhoul,NPC_,3020.435303,2271.797119,-662.884827,73.5213
StartsDeadAlive_Q.esp,00110145,00075337,LvlFeralGhoul,NPC_,3227.934814,2511.494873,-661.702820,262.5973
StartsDeadAlive_Q.esp,00110144,00075337,LvlFeralGhoul,NPC_,3109.391846,2335.327393,-409.143280,100.3720
StartsDeadAlive_Q.esp,060255D1,01005050,DLC01LvlBotRaider,NPC_,11581.062500,-390.641754,14.315550,104.8513
StartsDeadAlive_Q.esp,001A861C,000DE969,LvlGunner,NPC_,1988.964233,1399.785278,1675.806030,0.0000
StartsDeadAlive_Q.esp,001A861D,000DE969,LvlGunner,NPC_,1647.853027,1188.511719,2732.304199,282.4682
StartsDeadAlive_Q.esp,000D35DA,000DE969,LvlGunner,NPC_,-3478.936768,2587.444092,1667.357910,46.3868
StartsDeadAlive_Q.esp,0019E0B5,0002898B,LvlRaider,NPC_,5725.415039,-39.315701,-1779.551636,226.3014
StartsDeadAlive_Q.esp,0019E0AB,0002898B,LvlRaider,NPC_,2980.940674,2241.375244,-1780.443359,85.6828
StartsDeadAlive_Q.esp,0019E09C,0002898B,LvlRaider,NPC_,4975.710449,587.334534,268.293365,55.3005
StartsDeadAlive_Q.esp,0019E089,0002898B,LvlRaider,NPC_,3328.664062,-1739.707275,-1767.127930,311.3043
StartsDeadAlive_Q.esp,0019E069,0002898B,LvlRaider,NPC_,4636.875488,-1636.678833,-1267.481567,269.1216
StartsDeadAlive_Q.esp,0018C0A1,0002898B,LvlRaider,NPC_,3445.693359,415.198120,-1266.533203,89.5864
StartsDeadAlive_Q.esp,0018C074,0002898B,LvlRaider,NPC_,4623.888672,539.283752,-147.840500,83.0333
StartsDeadAlive_Q.esp,000E0359,0002898B,LvlRaider,NPC_,3295.142822,865.640442,-1207.968018,352.1837
StartsDeadAlive_Q.esp,000E0358,0002898B,LvlRaider,NPC_,2678.196777,2145.903564,139.154526,325.2917
StartsDeadAlive_Q.esp,000E0355,0002898B,LvlRaider,NPC_,2499.890625,546.513000,-244.452255,199.1029
StartsDeadAlive_Q.esp,000E0354,0002898B,LvlRaider,NPC_,2743.879150,441.281525,270.766083,65.9960
StartsDeadAlive_Q.esp,000E0353,0002898B,LvlRaider,NPC_,3999.427246,653.626709,267.442932,184.7612
StartsDeadAlive_Q.esp,000E0352,0002898B,LvlRaider,NPC_,5123.233887,31.253126,-242.837753,180.4518
StartsDeadAlive_Q.esp,000E0351,0002898B,LvlRaider,NPC_,4453.526367,5.047930,70.189682,169.1594
StartsDeadAlive_Q.esp,001ADD16,001CC460,LvlGunnerRobotAssaultronAggro2048,NPC_,441.698517,735.268494,19.233116,98.9280
StartsDeadAlive_Q.esp,001B3EFC,001B4AA1,LvlTurretBubbleRobots,NPC_,3472.000000,2176.001465,-2664.000000,270.0000
StartsDeadAlive_Q.esp,001B3EFB,001B4AA1,LvlTurretBubbleRobots,NPC_,4440.000000,1680.001465,-2640.000000,180.0000
StartsDeadAlive_Q.esp,001B3EFD,001B4AA1,LvlTurretBubbleRobots,NPC_,3968.000000,2672.001465,-2664.000000,0.0000
StartsDeadAlive_Q.esp,000B38E2,001AC6D4,DN015FeralGhoulAggro800,NPC_,2200.249268,5128.262207,392.364258,187.6436
StartsDeadAlive_Q.esp,000A2EA9,001AC6D4,DN015FeralGhoulAggro800,NPC_,2744.529541,6601.448730,520.031433,113.5328
StartsDeadAlive_Q.esp,000A2EA8,001AC6D4,DN015FeralGhoulAggro800,NPC_,2561.562744,5403.099609,517.171143,237.9598
StartsDeadAlive_Q.esp,000A2EA7,001AC6D4,DN015FeralGhoulAggro800,NPC_,2325.101318,5544.878418,212.533508,125.7642
StartsDeadAlive_Q.esp,000A2EA6,001AC6D4,DN015FeralGhoulAggro800,NPC_,2355.823730,4762.602051,263.571777,6.3025
StartsDeadAlive_Q.esp,000F8E90,000DE969,LvlGunner,NPC_,1505.872681,-739.577759,1323.460449,148.0056
StartsDeadAlive_Q.esp,000F8E8F,000DE969,LvlGunner,NPC_,32.464417,667.129517,1292.727783,22.9182
StartsDeadAlive_Q.esp,000F8E8E,000DE969,LvlGunner,NPC_,1240.054443,-620.603821,1095.224365,231.5773
StartsDeadAlive_Q.esp,000F8E8D,000DE969,LvlGunner,NPC_,1115.552612,-212.451401,781.188782,348.5407
StartsDeadAlive_Q.esp,000F8E8C,000DE969,LvlGunner,NPC_,1599.107666,-211.638260,781.284546,200.5352
StartsDeadAlive_Q.esp,000F8E8B,000DE969,LvlGunner,NPC_,1562.390137,-322.448303,781.330505,191.9409
StartsDeadAlive_Q.esp,000F8E8A,000DE969,LvlGunner,NPC_,501.261597,1032.990479,523.630981,287.7887
StartsDeadAlive_Q.esp,000F8E79,000DE969,LvlGunner,NPC_,294.822021,903.079407,13.175262,100.2676
StartsDeadAlive_Q.esp,000F8E78,000DE969,LvlGunner,NPC_,1559.383057,287.411957,12.309788,261.4513
StartsDeadAlive_Q.esp,000F8E77,000DE969,LvlGunner,NPC_,208.403458,407.505829,-73.424477,174.7579
StartsDeadAlive_Q.esp,000F8E76,000DE969,LvlGunner,NPC_,985.228088,-592.390747,13.449087,73.9115
StartsDeadAlive_Q.esp,000F8E75,000DE969,LvlGunner,NPC_,128.681564,-1259.191040,-108.477478,86.2985
StartsDeadAlive_Q.esp,0022F7BF,000B7ED3,LvlFeralGhoulGlowingOneAggro1024,NPC_,1868.496826,1038.795288,12.510928,243.7207
StartsDeadAlive_Q.esp,00225BEA,0002898B,LvlRaider,NPC_,-2500.087891,-59.063351,-1471.412720,23.4913
StartsDeadAlive_Q.esp,00193504,001D16B4,LvlScavengerAggro768,NPC_,2000.974487,2267.293701,712.614197,0.0000
StartsDeadAlive_Q.esp,00225B33,0002898B,LvlRaider,NPC_,-839.467346,990.802124,-280.063446,50.8935
StartsDeadAlive_Q.esp,00225B32,0002898B,LvlRaider,NPC_,-200.088974,1029.475708,-563.590454,339.4581
StartsDeadAlive_Q.esp,00225B2F,0002898B,LvlRaider,NPC_,-240.378937,702.982483,-737.916077,120.0000
StartsDeadAlive_Q.esp,00225B29,0002898B,LvlRaider,NPC_,-330.419495,-34.872322,-819.463623,238.3145
StartsDeadAlive_Q.esp,001C85B8,0002BEE9,LvlScavenger,NPC_,93.125160,1016.467102,-819.203674,180.9507
StartsDeadAlive_Q.esp,00046C58,0002898B,LvlRaider,NPC_,2299.894287,5877.556641,902.128357,265.3474
StartsDeadAlive_Q.esp,00152B53,01005050,DLC01LvlBotRaider,NPC_,-2393.862793,781.445312,267.337128,90.0000
StartsDeadAlive_Q.esp,001525F1,01005050,DLC01LvlBotRaider,NPC_,-463.404266,1999.744873,46.400463,254.5758
StartsDeadAlive_Q.esp,000D4098,01005050,DLC01LvlBotRaider,NPC_,-2291.854736,757.047241,267.509857,37.8008
StartsDeadAlive_Q.esp,00222E75,001D16B4,LvlScavengerAggro768,NPC_,944.420715,-317.712463,69.742874,316.0673
StartsDeadAlive_Q.esp,00222E74,00075337,LvlFeralGhoul,NPC_,686.500244,1669.943359,23.476942,305.8846
StartsDeadAlive_Q.esp,00222E73,00075337,LvlFeralGhoul,NPC_,416.283051,1479.453125,79.469048,294.1098
StartsDeadAlive_Q.esp,00222E6A,001D16B4,LvlScavengerAggro768,NPC_,-104.477753,2132.566406,13.003776,156.6663
StartsDeadAlive_Q.esp,06038125,01005050,DLC01LvlBotRaider,NPC_,9248.809570,22583.318359,1302.356201,284.0431
StartsDeadAlive_Q.esp,06034C75,01005050,DLC01LvlBotRaider,NPC_,11052.058594,20937.201172,2075.095703,340.2041
StartsDeadAlive_Q.esp,06034AE7,01005050,DLC01LvlBotRaider,NPC_,8212.779297,19674.878906,1047.794678,23.4097
StartsDeadAlive_Q.esp,060348B4,01005050,DLC01LvlBotRaider,NPC_,11443.376953,14708.614258,-2036.573120,229.2029
StartsDeadAlive_Q.esp,0604AFC0,01005050,DLC01LvlBotRaider,NPC_,-588.215332,3455.032471,-555.572021,232.0365
StartsDeadAlive_Q.esp,0016FB90,000DE969,LvlGunner,NPC_,-568.693726,-681.927917,1035.969604,90.0000
StartsDeadAlive_Q.esp,0014DB3B,0002FB88,LvlChildrenofAtom,NPC_,-119.421333,2088.711670,-1700.461182,71.0005
StartsDeadAlive_Q.esp,0014DB18,0002FB88,LvlChildrenofAtom,NPC_,-461.588226,7077.971191,-1835.245483,221.7504
StartsDeadAlive_Q.esp,0014DB08,0002FB88,LvlChildrenofAtom,NPC_,1557.588257,1042.776733,-1717.961548,14.0701
StartsDeadAlive_Q.esp,0014DAC8,0002FB88,LvlChildrenofAtom,NPC_,669.075439,-2539.154053,-1787.818726,99.2583
StartsDeadAlive_Q.esp,00144AD9,0002FB88,LvlChildrenofAtom,NPC_,398.271210,-3851.219727,-1266.768921,270.0000
StartsDeadAlive_Q.esp,00144AD8,0002FB88,LvlChildrenofAtom,NPC_,-143.044418,-3094.999512,-1779.016479,183.4833
StartsDeadAlive_Q.esp,000B11A6,00075337,LvlFeralGhoul,NPC_,2271.834961,3139.684814,121.697701,189.9506
StartsDeadAlive_Q.esp,000BB433,00075337,LvlFeralGhoul,NPC_,1747.110474,1707.472900,92.670815,346.2491
StartsDeadAlive_Q.esp,000BB434,00075337,LvlFeralGhoul,NPC_,1454.851074,1787.698486,88.130913,282.4495
StartsDeadAlive_Q.esp,000BB437,00075337,LvlFeralGhoul,NPC_,1792.683594,1799.042603,89.329742,74.4982
StartsDeadAlive_Q.esp,000BB438,00075337,LvlFeralGhoul,NPC_,1684.589233,1873.056641,102.150963,338.0436
StartsDeadAlive_Q.esp,00162777,00162779,DN068_Josh,NPC_,-1514.527832,855.299133,13.102798,49.2381
StartsDeadAlive_Q.esp,00162767,001BF0C5,LvlMinuteman_LaserMusket,NPC_,-1312.418335,-6.692338,89.797302,159.7256
StartsDeadAlive_Q.esp,000EF11F,00075337,LvlFeralGhoul,NPC_,-1213.399658,132.116943,7.884303,101.7316
StartsDeadAlive_Q.esp,000EF11E,00075337,LvlFeralGhoul,NPC_,776.080383,1671.431396,67.246422,248.4884
StartsDeadAlive_Q.esp,000EF11D,00075337,LvlFeralGhoul,NPC_,669.561890,1468.053101,10.037621,295.0815
StartsDeadAlive_Q.esp,000EF11C,00075337,LvlFeralGhoul,NPC_,809.014099,1301.780029,7.093571,270.0012
StartsDeadAlive_Q.esp,000EF107,00075337,LvlFeralGhoul,NPC_,-379.111816,167.446594,10.499780,176.1549
StartsDeadAlive_Q.esp,000EF106,00075337,LvlFeralGhoul,NPC_,-94.895897,208.763672,7.908048,121.0069
StartsDeadAlive_Q.esp,000EF0F9,00075337,LvlFeralGhoul,NPC_,1424.956909,1276.179810,8.281716,317.2788
StartsDeadAlive_Q.esp,000EF0E4,00075337,LvlFeralGhoul,NPC_,-1189.917358,714.119629,87.105614,73.2461
StartsDeadAlive_Q.esp,000EF0DE,00075337,LvlFeralGhoul,NPC_,-942.854004,765.112976,10.198005,38.1223
StartsDeadAlive_Q.esp,000EF0D2,00075337,LvlFeralGhoul,NPC_,390.009125,569.204224,44.920464,241.8350
StartsDeadAlive_Q.esp,000EF0C7,00075337,LvlFeralGhoul,NPC_,743.192261,-757.208435,15.028338,98.6052
StartsDeadAlive_Q.esp,000EF0C6,00075337,LvlFeralGhoul,NPC_,962.196228,-614.700806,24.812487,83.4927
StartsDeadAlive_Q.esp,000EF0C5,00075337,LvlFeralGhoul,NPC_,-230.028458,-1125.246338,7.958064,280.1006
StartsDeadAlive_Q.esp,000EF0C4,00075337,LvlFeralGhoul,NPC_,-538.659180,-976.282715,13.590508,261.9550
StartsDeadAlive_Q.esp,000EF0C3,00075337,LvlFeralGhoul,NPC_,-458.782715,-578.170593,31.279722,195.1916
StartsDeadAlive_Q.esp,000EF0C2,00075337,LvlFeralGhoul,NPC_,-1008.306702,-1123.123779,12.690597,17.0474
StartsDeadAlive_Q.esp,000EF0C1,00075337,LvlFeralGhoul,NPC_,-966.771423,-466.479858,21.467728,119.5132
StartsDeadAlive_Q.esp,000EF0A6,00075337,LvlFeralGhoul,NPC_,6.965946,-1126.751465,13.795799,133.5658
StartsDeadAlive_Q.esp,000EF0A5,00075337,LvlFeralGhoul,NPC_,414.183899,-1029.743042,14.065300,318.8926
StartsDeadAlive_Q.esp,000EF0A4,00075337,LvlFeralGhoul,NPC_,568.039001,-1188.664673,15.046477,213.8958
StartsDeadAlive_Q.esp,000EF0A3,00075337,LvlFeralGhoul,NPC_,1870.601196,-433.188324,12.572570,30.2989
StartsDeadAlive_Q.esp,000EF0A2,00075337,LvlFeralGhoul,NPC_,1454.316772,-681.613708,7.889052,184.6979
StartsDeadAlive_Q.esp,000EF0A1,00075337,LvlFeralGhoul,NPC_,1564.779541,-613.446960,54.661003,180.0000
StartsDeadAlive_Q.esp,000EF0A0,00075337,LvlFeralGhoul,NPC_,1345.252075,-1296.383179,8.497154,41.6023
StartsDeadAlive_Q.esp,000EF09F,00075337,LvlFeralGhoul,NPC_,1542.459595,-1057.413086,11.790079,281.8473
StartsDeadAlive_Q.esp,00073274,00198DEF,DummyNoEdit_Ammo_LaserMusket,MISC,-1431.299194,1024.695190,56.499985,334.2168
StartsDeadAlive_Q.esp,00073273,00198DEF,DummyNoEdit_Ammo_LaserMusket,MISC,-1451.525024,1028.954712,56.499985,10.0267
StartsDeadAlive_Q.esp,00073272,00198DEF,DummyNoEdit_Ammo_LaserMusket,MISC,-1413.370361,1025.084595,56.499985,0.0000
StartsDeadAlive_Q.esp,00073271,001990C0,DummyNoEdit_LaserMusket_Short,MISC,-1522.617676,814.909546,20.463402,264.9050
StartsDeadAlive_Q.esp,0007326E,00198DEF,DummyNoEdit_Ammo_LaserMusket,MISC,-1339.754883,96.764893,76.000000,332.7845
StartsDeadAlive_Q.esp,0007326D,001990C0,DummyNoEdit_LaserMusket_Short,MISC,-1347.962646,-72.811539,81.710007,108.5578
StartsDeadAlive_Q.esp,00073264,00198DEF,DummyNoEdit_Ammo_LaserMusket,MISC,-1402.925903,469.375732,0.000000,332.7845
StartsDeadAlive_Q.esp,00073260,00198DEF,DummyNoEdit_Ammo_LaserMusket,MISC,-1438.762573,490.452576,0.000000,57.2958
StartsDeadAlive_Q.esp,000EF0FA,00075337,LvlFeralGhoul,NPC_,1803.898437,1058.606323,7.992749,55.6269
StartsDeadAlive_Q.esp,00182A21,00075337,LvlFeralGhoul,NPC_,6959.952637,7397.999023,-746.760315,0.0000
StartsDeadAlive_Q.esp,00182A20,00075337,LvlFeralGhoul,NPC_,6991.847168,7173.724609,-744.424072,0.0000
StartsDeadAlive_Q.esp,00182A1F,00075337,LvlFeralGhoul,NPC_,7029.883301,7610.312012,-743.497803,0.0000
StartsDeadAlive_Q.esp,00182A1E,0002898B,LvlRaider,NPC_,7056.330078,7649.581543,-740.329773,211.0310
StartsDeadAlive_Q.esp,0016FEC8,01005050,DLC01LvlBotRaider,NPC_,10121.660156,14215.762695,-840.046021,268.3268
StartsDeadAlive_Q.esp,0016FEC7,01005050,DLC01LvlBotRaider,NPC_,10318.695312,13281.239258,-1087.848267,302.7043
StartsDeadAlive_Q.esp,0016FEC6,01005050,DLC01LvlBotRaider,NPC_,9926.505859,13434.158203,-1088.571289,0.0000
StartsDeadAlive_Q.esp,0016FEC5,01005050,DLC01LvlBotRaider,NPC_,10130.020508,13284.328125,-834.875793,0.0000
StartsDeadAlive_Q.esp,0016FBE9,00075337,LvlFeralGhoul,NPC_,7831.805176,10851.411133,-823.052917,10.4960
StartsDeadAlive_Q.esp,0016FBE8,00075337,LvlFeralGhoul,NPC_,7690.559082,11054.578125,-806.799438,10.4960
StartsDeadAlive_Q.esp,00165ABB,00075337,LvlFeralGhoul,NPC_,8574.458984,13946.316406,-724.413879,216.7608
StartsDeadAlive_Q.esp,0016566D,00075337,LvlFeralGhoul,NPC_,8420.822266,13762.284180,-601.512451,314.1637
StartsDeadAlive_Q.esp,0016564E,00075337,LvlFeralGhoul,NPC_,8107.369141,13322.260742,-743.945923,10.4960
StartsDeadAlive_Q.esp,06051E06,00076442,brahminCorpseContainer,CONT,-136.523880,3308.832764,1048.451294,0.0000
StartsDeadAlive_Q.esp,0003A656,0002898B,LvlRaider,NPC_,402.823547,1848.624268,11.444589,128.9154
StartsDeadAlive_Q.esp,0003A6E7,0002898B,LvlRaider,NPC_,374.803253,1368.361816,11.617798,65.8901
StartsDeadAlive_Q.esp,0302C2AF,0301FA9A,DLC03_LvlFeralGhoul,NPC_,2652.434570,4367.621094,318.914398,0.0000
StartsDeadAlive_Q.esp,0302C2AE,0301FA9A,DLC03_LvlFeralGhoul,NPC_,2933.518311,4363.176758,459.046478,87.3819
StartsDeadAlive_Q.esp,0302C2AD,0301FA9A,DLC03_LvlFeralGhoul,NPC_,2820.124756,3738.384521,266.488281,240.8247
StartsDeadAlive_Q.esp,0302C1C4,0303675F,DLC03LvlTrapperCoast,NPC_,2668.778076,5087.464355,278.112427,19.1897
StartsDeadAlive_Q.esp,03040331,0301FA9A,DLC03_LvlFeralGhoul,NPC_,39.397358,943.266235,-207.191956,215.4507
StartsDeadAlive_Q.esp,03040330,0301FA9A,DLC03_LvlFeralGhoul,NPC_,-309.487640,447.723450,-160.953659,13.4803
StartsDeadAlive_Q.esp,0304032F,0301FA9A,DLC03_LvlFeralGhoul,NPC_,737.784302,131.354401,-212.612930,38.6747
StartsDeadAlive_Q.esp,0304032E,0301FA9A,DLC03_LvlFeralGhoul,NPC_,1264.615479,-350.898865,-203.691147,0.0000
StartsDeadAlive_Q.esp,0304032D,0301FA9A,DLC03_LvlFeralGhoul,NPC_,1685.691895,1066.136353,-252.418106,176.1845
StartsDeadAlive_Q.esp,0304032C,0301FA9A,DLC03_LvlFeralGhoul,NPC_,1427.402100,774.143372,-240.076080,73.0521
StartsDeadAlive_Q.esp,0304032B,0301FA9A,DLC03_LvlFeralGhoul,NPC_,1698.810059,693.659302,-218.189346,299.8394
StartsDeadAlive_Q.esp,0304032A,0301FA9A,DLC03_LvlFeralGhoul,NPC_,2123.350586,808.285583,-217.561722,0.0000
StartsDeadAlive_Q.esp,03040329,0301FA9A,DLC03_LvlFeralGhoul,NPC_,2370.996582,948.186462,-201.530502,121.4067
StartsDeadAlive_Q.esp,030390AD,0003320A,LvlBloatfly,NPC_,1135.686157,-659.450806,-203.860916,0.0000
StartsDeadAlive_Q.esp,030390AC,0003320A,LvlBloatfly,NPC_,1058.896973,-402.398010,-221.324402,0.0000
StartsDeadAlive_Q.esp,0303175C,0303675F,DLC03LvlTrapperCoast,NPC_,407.951416,1211.739014,-181.685806,50.8260
StartsDeadAlive_Q.esp,03027F48,0303675F,DLC03LvlTrapperCoast,NPC_,102.430679,447.815399,-208.799240,340.1300
StartsDeadAlive_Q.esp,03027F47,0303675F,DLC03LvlTrapperCoast,NPC_,52.939308,528.934448,-167.635635,235.1047
StartsDeadAlive_Q.esp,03027EDC,0303675F,DLC03LvlTrapperCoast,NPC_,2175.852051,1416.740112,-231.510406,226.1251
StartsDeadAlive_Q.esp,03027ECE,0303675F,DLC03LvlTrapperCoast,NPC_,2213.687500,908.307068,-215.240402,167.2049
StartsDeadAlive_Q.esp,03021A41,00075337,LvlFeralGhoul,NPC_,1058.103638,1236.494751,15.963944,0.0000
StartsDeadAlive_Q.esp,03021A42,00075337,LvlFeralGhoul,NPC_,690.124695,1252.082397,10.688105,180.0000
StartsDeadAlive_Q.esp,03021A43,00075337,LvlFeralGhoul,NPC_,1224.333984,1301.963135,270.583984,0.0000
StartsDeadAlive_Q.esp,03021A44,00075337,LvlFeralGhoul,NPC_,300.388977,296.178589,14.568363,109.2873
StartsDeadAlive_Q.esp,03042AC2,00075337,LvlFeralGhoul,NPC_,1080.093506,1850.674438,-161.560883,192.8205
StartsDeadAlive_Q.esp,001021EE,00075335,LvlSupermutantAllRanged,NPC_,-120.390625,5945.721680,768.699219,151.4432
StartsDeadAlive_Q.esp,001021ED,00075335,LvlSupermutantAllRanged,NPC_,-615.794800,5927.604492,768.000000,143.9946
StartsDeadAlive_Q.esp,001021EC,00075335,LvlSupermutantAllRanged,NPC_,730.486816,5739.996582,768.000000,272.9103
StartsDeadAlive_Q.esp,001021EB,00075335,LvlSupermutantAllRanged,NPC_,472.091064,6299.657715,768.000000,134.8273
StartsDeadAlive_Q.esp,001021EA,00075335,LvlSupermutantAllRanged,NPC_,128.652344,5928.316406,768.000000,295.2556
StartsDeadAlive_Q.esp,001021E9,00075335,LvlSupermutantAllRanged,NPC_,1443.556030,2230.863281,528.008545,296.4016
StartsDeadAlive_Q.esp,001021E8,00075335,LvlSupermutantAllRanged,NPC_,2746.656006,2648.715820,608.000000,235.6680
StartsDeadAlive_Q.esp,001021E7,00075335,LvlSupermutantAllRanged,NPC_,2180.536377,3819.178955,-127.996643,235.6680
StartsDeadAlive_Q.esp,001021E6,00075335,LvlSupermutantAllRanged,NPC_,1935.177002,3168.000000,41.526703,124.9046
StartsDeadAlive_Q.esp,001021E5,00075335,LvlSupermutantAllRanged,NPC_,2189.503174,2624.000000,249.902283,235.6680
StartsDeadAlive_Q.esp,001015B0,001015B1,DN011_Dalen,NPC_,2360.674561,6246.887695,780.930176,281.9922
StartsDeadAlive_Q.esp,000FFC76,0009085F,DN011_CuratorGivens,NPC_,3180.846191,5885.951660,781.268860,278.6397
StartsDeadAlive_Q.esp,001D2414,00075337,LvlFeralGhoul,NPC_,-101.297592,310.541565,18.349670,126.0164
StartsDeadAlive_Q.esp,001D2413,00075337,LvlFeralGhoul,NPC_,194.437119,433.825989,11.353066,295.5421
StartsDeadAlive_Q.esp,001D2415,00075337,LvlFeralGhoul,NPC_,-37.971252,803.949402,8.154146,284.0830
StartsDeadAlive_Q.esp,0006455A,0002898B,LvlRaider,NPC_,5018.045898,-4207.422363,369.593262,179.7898
StartsDeadAlive_Q.esp,06046DCE,0600D875,DLC04_DRG_TerryTanakaCorpse,NPC_,3628.653320,498.193115,-339.922913,272.1383
StartsDeadAlive_Q.esp,06046DD0,0600D874,DLC04_DRG_RickyBraxtonCorpse,NPC_,1823.343750,2036.208984,-424.171448,166.1192
StartsDeadAlive_Q.esp,06046DD2,0600D873,DLC04_DRG_SamTellerCorpse,NPC_,1620.712402,3015.935059,-65.681564,191.2183
StartsDeadAlive_Q.esp,0604FFED,00075337,LvlFeralGhoul,NPC_,2362.425049,1370.619385,-792.192200,0.0000
StartsDeadAlive_Q.esp,0604FFEE,00075337,LvlFeralGhoul,NPC_,2336.898682,1747.056396,-782.613586,274.0564
StartsDeadAlive_Q.esp,0604FFEF,00075337,LvlFeralGhoul,NPC_,2560.374023,1930.429443,-785.413086,159.4649
StartsDeadAlive_Q.esp,06050002,00075337,LvlFeralGhoul,NPC_,4351.889648,1292.152222,-1553.615356,0.0000
StartsDeadAlive_Q.esp,06050003,00075337,LvlFeralGhoul,NPC_,5416.842285,1536.486572,-1549.975098,256.8676
StartsDeadAlive_Q.esp,06050013,00075337,LvlFeralGhoul,NPC_,2907.450684,3654.501221,-1807.548096,148.9690
StartsDeadAlive_Q.esp,06050014,00075337,LvlFeralGhoul,NPC_,3207.261475,3522.673584,-1811.475708,0.0000
StartsDeadAlive_Q.esp,06050097,001C4033,LvlMerchant,NPC_,3412.627441,4158.230957,-1540.223022,91.6732
StartsDeadAlive_Q.esp,0018BA44,00075337,LvlFeralGhoul,NPC_,2063.905762,7207.331543,343.162628,273.0932
StartsDeadAlive_Q.esp,0018BA12,00075337,LvlFeralGhoul,NPC_,6080.270996,2059.242187,-333.653687,28.0118
StartsDeadAlive_Q.esp,0018B0D6,00075337,LvlFeralGhoul,NPC_,1658.098145,7092.899902,349.049133,134.2548
StartsDeadAlive_Q.esp,0018B0D0,00075337,LvlFeralGhoul,NPC_,4339.327637,2503.358154,44.515179,193.8423
StartsDeadAlive_Q.esp,0018B092,00075337,LvlFeralGhoul,NPC_,5823.227539,2463.362793,-242.630112,15.0863
StartsDeadAlive_Q.esp,0018B091,00075337,LvlFeralGhoul,NPC_,5994.649902,2555.542480,-239.522903,105.0863
StartsDeadAlive_Q.esp,0018B088,00075337,LvlFeralGhoul,NPC_,2639.754150,3441.624268,-84.917358,182.3833
StartsDeadAlive_Q.esp,0018B07D,00075337,LvlFeralGhoul,NPC_,2374.307129,7062.965820,171.684906,154.6986
StartsDeadAlive_Q.esp,0018B07C,00075337,LvlFeralGhoul,NPC_,5988.122070,1810.449829,-215.257660,336.4456
StartsDeadAlive_Q.esp,0018AFEE,00075337,LvlFeralGhoul,NPC_,4990.222656,2273.381836,37.543869,73.2187
StartsDeadAlive_Q.esp,00198A4E,0002898B,LvlRaider,NPC_,2159.035889,1075.633301,652.068298,311.9285
StartsDeadAlive_Q.esp,001071CA,0002898B,LvlRaider,NPC_,2862.909180,-1190.465332,403.706177,43.1108
StartsDeadAlive_Q.esp,001070B6,00075337,LvlFeralGhoul,NPC_,2009.574585,-4326.252441,-182.647385,106.3462
StartsDeadAlive_Q.esp,001070B5,00075337,LvlFeralGhoul,NPC_,2079.522461,-4261.908691,-186.262604,13.5270
StartsDeadAlive_Q.esp,00107021,00075337,LvlFeralGhoul,NPC_,1485.701538,-4100.696289,-116.890839,103.1324
StartsDeadAlive_Q.esp,00107020,00075337,LvlFeralGhoul,NPC_,1698.256714,-4019.490723,-117.459198,44.4037
StartsDeadAlive_Q.esp,00106FF1,0002898B,LvlRaider,NPC_,2216.000000,-6544.000000,-180.000000,180.4816
StartsDeadAlive_Q.esp,00106FEF,0002898B,LvlRaider,NPC_,2098.217529,-4488.551270,-140.124283,143.2394
StartsDeadAlive_Q.esp,00061B0A,001079B1,DN059_Erris,NPC_,2965.494629,-5523.200684,-115.921921,171.8870
StartsDeadAlive_Q.esp,00061B09,001079B2,DN059_Tad,NPC_,3130.361328,-4912.576172,-116.366478,34.3771
StartsDeadAlive_Q.esp,000622EF,0002898B,LvlRaider,NPC_,2242.260986,265.446381,652.253662,136.5459
StartsDeadAlive_Q.esp,000622EB,00075337,LvlFeralGhoul,NPC_,2604.729736,734.644714,650.760681,324.7629
StartsDeadAlive_Q.esp,000622EA,00075337,LvlFeralGhoul,NPC_,2489.123535,1090.396118,651.094788,180.0910
StartsDeadAlive_Q.esp,001072B9,0002898B,LvlRaider,NPC_,2939.873047,-819.042236,395.227783,51.5662
StartsDeadAlive_Q.esp,0010D236,0020ED08,ParsonsGuard01,NPC_,-233.305923,1200.954224,68.122841,34.3774
StartsDeadAlive_Q.esp,0010D272,0020ED08,ParsonsGuard01,NPC_,222.240540,1161.893311,13.029269,209.1295
StartsDeadAlive_Q.esp,0010D273,0020ED08,ParsonsGuard01,NPC_,494.323639,874.677246,79.201996,3.3590
StartsDeadAlive_Q.esp,0010D274,0002898B,LvlRaider,NPC_,-147.670471,455.262787,13.177493,0.0000
StartsDeadAlive_Q.esp,0010D275,0002898B,LvlRaider,NPC_,132.288681,649.073914,14.309146,107.6704
StartsDeadAlive_Q.esp,0010D332,0002898B,LvlRaider,NPC_,1592.343750,2040.449219,63.540840,270.0000
StartsDeadAlive_Q.esp,0010D336,0002898B,LvlRaider,NPC_,1347.810913,1889.506592,12.506461,143.9493
StartsDeadAlive_Q.esp,0010D337,0002898B,LvlRaider,NPC_,1248.709595,2178.798340,13.344211,184.0563
StartsDeadAlive_Q.esp,01003B1B,00075337,LvlFeralGhoul,NPC_,-174.804214,-127.103760,455.198486,292.0080
StartsDeadAlive_Q.esp,01009FCD,00075337,LvlFeralGhoul,NPC_,-440.940643,270.357269,436.131897,288.3803
StartsDeadAlive_Q.esp,01009FCE,00075337,LvlFeralGhoul,NPC_,38.029606,238.758362,429.158325,338.5140
StartsDeadAlive_Q.esp,01009FCF,00075337,LvlFeralGhoul,NPC_,1003.950317,291.052582,394.542542,180.0000
StartsDeadAlive_Q.esp,01009FD2,00075337,LvlFeralGhoul,NPC_,1766.350830,-479.109344,394.503204,202.4366
StartsDeadAlive_Q.esp,01009FD4,00075337,LvlFeralGhoul,NPC_,-498.486603,-405.276093,392.443634,0.0000
StartsDeadAlive_Q.esp,01009FD5,00075337,LvlFeralGhoul,NPC_,-686.499451,-205.559067,676.637695,301.9129
StartsDeadAlive_Q.esp,0100A189,00075337,LvlFeralGhoul,NPC_,3460.381836,3.394514,-56.229294,202.0080
StartsDeadAlive_Q.esp,03024135,0002FB88,LvlChildrenofAtom,NPC_,3277.470703,1196.218140,652.882874,192.7792
StartsDeadAlive_Q.esp,03024136,0002FB88,LvlChildrenofAtom,NPC_,3015.896484,1561.178223,617.444336,63.3784
StartsDeadAlive_Q.esp,0018AE86,001C4033,LvlMerchant,NPC_,5850.438477,6635.657227,-389.343201,52.0816
StartsDeadAlive_Q.esp,0018AE85,001C4033,LvlMerchant,NPC_,6101.135254,6717.135742,-393.265198,223.6360
StartsDeadAlive_Q.esp,001B5B14,0002898B,LvlRaider,NPC_,2493.061523,4141.138672,581.266235,51.5663
StartsDeadAlive_Q.esp,001B5AD8,0002898B,LvlRaider,NPC_,3821.437012,3059.399170,1264.150146,0.0000
StartsDeadAlive_Q.esp,001B2E17,0002BEE9,LvlScavenger,NPC_,4172.278809,4632.528809,1250.891113,296.9747
StartsDeadAlive_Q.esp,001B15D4,0002898B,LvlRaider,NPC_,247.652359,3192.438232,389.649200,137.5099
StartsDeadAlive_Q.esp,001A2DC8,0002898B,LvlRaider,NPC_,4039.149414,4065.057617,1263.965942,0.0000
StartsDeadAlive_Q.esp,000CCE43,0002898B,LvlRaider,NPC_,1897.008667,3689.322266,1250.226562,215.8902
StartsDeadAlive_Q.esp,000FEB70,0002898B,LvlRaider,NPC_,644.082703,1699.898437,11.555956,91.6732
StartsDeadAlive_Q.esp,000FEB6F,0002898B,LvlRaider,NPC_,894.010498,1804.906250,-56.211071,80.2141
StartsDeadAlive_Q.esp,00203AC3,00075337,LvlFeralGhoul,NPC_,-352.110168,-192.527344,263.819336,0.0000
StartsDeadAlive_Q.esp,00203AC4,00075337,LvlFeralGhoul,NPC_,-556.855408,-139.344727,520.858582,142.0478
StartsDeadAlive_Q.esp,00203AC9,00075337,LvlFeralGhoul,NPC_,-436.417633,-121.408157,10.274346,34.3775
StartsDeadAlive_Q.esp,00203ACA,00075337,LvlFeralGhoul,NPC_,-292.888916,-327.520660,12.771121,0.0000
StartsDeadAlive_Q.esp,001D03D4,000FDA96,RR102CorpseFrancisODell,NPC_,4255.285645,5182.775391,-773.746582,0.0000
StartsDeadAlive_Q.esp,001D03D3,000FDA8C,RR102CorpseKellyK,NPC_,5373.516113,4556.884277,-1440.376587,153.7353
StartsDeadAlive_Q.esp,001D03D2,000FDA8D,RR102CorpseMrMathers,NPC_,5635.454102,3691.298584,-1294.744141,0.0000
StartsDeadAlive_Q.esp,001D03D1,000FDA91,RR102CorpseMsBoom,NPC_,2794.135742,6288.127441,-426.376465,0.0000
StartsDeadAlive_Q.esp,000FE153,000FDA8F,RR102CorpseRoger,NPC_,1376.626953,3927.329346,75.774818,348.7948
StartsDeadAlive_Q.esp,000FDA93,000FDA94,RR102CorpseBeatriceBell,NPC_,4644.338379,-1682.676392,-1299.378052,297.9792
StartsDeadAlive_Q.esp,000FDA8A,000FDA8B,RR102CorpseTommyWhispers,NPC_,4342.604004,-290.258209,-1678.265991,338.2567
StartsDeadAlive_Q.esp,000FD9AD,000FDA8E,RR102CorpseMaven,NPC_,2665.949951,5286.383789,-430.403534,84.9804
StartsDeadAlive_Q.esp,000FC579,000FDA90,RR102CorpseSnowbird,NPC_,5608.800781,2109.126221,-1937.071533,141.0774
StartsDeadAlive_Q.esp,000FC577,000FDA92,RR102CorpseSlyNicholas,NPC_,3656.007812,6000.236328,-781.586853,0.0000
StartsDeadAlive_Q.esp,0603D6F3,00106B07,LvlProtectron,NPC_,7228.152344,2504.675293,365.595551,191.2733
StartsDeadAlive_Q.esp,0603D723,0004CE40,LvlGunnerBoss_PowerArmor,NPC_,746.858215,5822.688477,341.883728,58.0063
StartsDeadAlive_Q.esp,0604909E,0004CE40,LvlGunnerBoss_PowerArmor,NPC_,9048.114258,3110.402588,-22.347742,209.8850
StartsDeadAlive_Q.esp,0604909F,0004CE40,LvlGunnerBoss_PowerArmor,NPC_,9090.799805,2758.223145,-23.889095,0.0000
StartsDeadAlive_Q.esp,060490A3,00106B07,LvlProtectron,NPC_,4820.848633,4896.456543,-19.924173,241.3977
StartsDeadAlive_Q.esp,000FB36E,001A5855,DN132_CorpseRussell,NPC_,2358.162842,1607.909790,2112.960937,21.1994
StartsDeadAlive_Q.esp,001304CA,00075337,LvlFeralGhoul,NPC_,-255.371811,530.529724,-363.614105,333.0252
StartsDeadAlive_Q.esp,001304C7,001304C6,DN027_TheodoreCroupCorpse,NPC_,-253.593964,255.571716,-358.401184,257.8310
