source_file,ref_formid,base_formid,base_editorid,base_signature,pos_x,pos_y,pos_z,rot_z
SwitchBoard_Reborn.esp,FE044066,00000010,MapMarker,STAT,-38040.613281,41557.648438,3364.586426,0.0000
SwitchBoard_Reborn.esp,FE044FFE,000560D0,defaultLightCool01NS,LIGH,2834.613037,2802.113525,-1537.681274,0.0000
SwitchBoard_Reborn.esp,FE044FFC,000560D0,defaultLightCool01NS,LIGH,3499.809326,2901.419434,-1517.578613,0.0000
SwitchBoard_Reborn.esp,FE044FFB,000211C4,CoffeeCup01,MISC,3887.345703,52.703217,-1639.010010,335.0797
SwitchBoard_Reborn.esp,FE044FFA,000211C4,CoffeeCup01,MISC,5299.561523,1926.052002,-1893.158325,20.9163
SwitchBoard_Reborn.esp,FE044FF9,000211C4,CoffeeCup01,MISC,6120.246094,1479.045044,-1894.124268,335.0797
SwitchBoard_Reborn.esp,FE044FF8,000211C4,CoffeeCup01,MISC,4540.873047,1928.637207,-1663.010010,335.0797
SwitchBoard_Reborn.esp,FE044FF7,000211C4,CoffeeCup01,MISC,4575.688965,1933.747192,-1663.010010,358.6283
SwitchBoard_Reborn.esp,FE044FF6,000211C4,CoffeeCup01,MISC,3294.378662,1285.052490,-1638.112305,335.0797
SwitchBoard_Reborn.esp,FE044FF5,000F932D,BeerGwinnettBrew,ALCH,4715.231934,1961.383545,-1639.007202,0.0000
SwitchBoard_Reborn.esp,FE044FF4,0011EA9B,BeerGwinnettBrewEmpty01,MISC,6166.026367,1399.509277,-1894.131104,0.0000
SwitchBoard_Reborn.esp,FE044FF3,0011EA9B,BeerGwinnettBrewEmpty01,MISC,6161.393555,1387.066528,-1894.131104,0.0000
SwitchBoard_Reborn.esp,FE044FF2,000F932D,BeerGwinnettBrew,ALCH,6148.793457,1404.702393,-1894.131104,0.0000
SwitchBoard_Reborn.esp,FE044FF1,000F932D,BeerGwinnettBrew,ALCH,6133.106934,1396.223389,-1894.131104,0.0000
SwitchBoard_Reborn.esp,FE044FF0,000F932D,BeerGwinnettBrew,ALCH,6144.174805,1384.049072,-1894.131104,0.0000
SwitchBoard_Reborn.esp,FE044FEF,00048360,NukaColaCherry,ALCH,6141.152344,1490.250854,-1895.807495,0.0000
SwitchBoard_Reborn.esp,FE044FEE,00048360,NukaColaCherry,ALCH,3160.002441,1009.823669,-1640.182983,0.0000
SwitchBoard_Reborn.esp,FE044FED,0004835D,NukaCola,ALCH,4717.383789,1986.870728,-1640.683105,0.0000
SwitchBoard_Reborn.esp,FE044FEC,0004835D,NukaCola,ALCH,5031.023438,1819.450806,-1599.033447,0.0000
SwitchBoard_Reborn.esp,FE044FDC,000211F6,WoodCrate02,STAT,4782.880371,-1300.995605,-1439.010010,130.0158
SwitchBoard_Reborn.esp,FE044FDB,000211F7,WoodCrate03,STAT,6361.965820,1631.760376,-1938.283447,285.2865
SwitchBoard_Reborn.esp,FE044FDA,000670B1,Loot_Prewar_ToolBox,CONT,5541.706055,1126.895752,-1951.009888,81.1078
SwitchBoard_Reborn.esp,FE044FD9,00049DA3,Prewar_Office_Desk_01,CONT,6139.078613,1439.537354,-1950.634033,82.1157
SwitchBoard_Reborn.esp,FE044FD7,000211F7,WoodCrate03,STAT,4875.724609,1465.747192,-1921.028687,83.5609
SwitchBoard_Reborn.esp,FE044FD6,000211F7,WoodCrate03,STAT,4747.327637,1451.256348,-1921.028687,83.5609
SwitchBoard_Reborn.esp,FE044FD5,000211F7,WoodCrate03,STAT,4747.327637,1451.256348,-1951.010132,83.5609
SwitchBoard_Reborn.esp,FE044FD3,0008CD00,Loot_Prewar_Safe,CONT,4470.000000,-450.000000,-1634.000000,172.1845
SwitchBoard_Reborn.esp,FE044FD2,000211F7,WoodCrate03,STAT,4322.915039,1281.428101,-1671.341797,354.2704
SwitchBoard_Reborn.esp,FE044FD1,FE0441C2,Vault_Sink_01Activator_SBR,ACTI,2756.091797,2635.610352,-1690.358398,171.8878
SwitchBoard_Reborn.esp,FE044FCF,FE0441C2,Vault_Sink_01Activator_SBR,ACTI,3489.043945,2740.084961,-1695.010010,171.8878
SwitchBoard_Reborn.esp,FE044FCE,FE0441C2,Vault_Sink_01Activator_SBR,ACTI,3607.843018,2757.018555,-1695.010010,171.8878
SwitchBoard_Reborn.esp,FE044FCD,00091431,PlayerHouse_Ruin_BathroomMirror02,CONT,3607.843018,2757.018555,-1567.010010,171.8877
SwitchBoard_Reborn.esp,FE044FCC,00034A3B,BathroomUrinalBroken01,STAT,3159.950439,3178.027832,-1695.010010,351.8878
SwitchBoard_Reborn.esp,FE044FCB,00034A3B,BathroomUrinalBroken01,STAT,3239.151611,3189.320557,-1695.010010,351.8878
SwitchBoard_Reborn.esp,FE044FCA,00034A3B,BathroomUrinalBroken01,STAT,3318.351074,3200.609619,-1695.010010,351.8878
SwitchBoard_Reborn.esp,FE044FC9,FE0441B5,BathroomStallDoor01_SBR,DOOR,2856.560791,3150.948242,-1695.010010,351.8878
SwitchBoard_Reborn.esp,FE044FC8,FE0441B5,BathroomStallDoor01_SBR,DOOR,2966.678467,3166.644287,-1695.010010,351.8878
SwitchBoard_Reborn.esp,FE044FC0,FE0440DA,WorkshopNpcBedVaultBunkLay02NoEdit_SBR,FURN,5181.549805,3019.178467,-1951.010010,261.0000
SwitchBoard_Reborn.esp,FE044FBF,FE0440DA,WorkshopNpcBedVaultBunkLay02NoEdit_SBR,FURN,5389.683594,3049.095459,-1951.010010,261.0000
SwitchBoard_Reborn.esp,FE044FBD,FE0440DA,WorkshopNpcBedVaultBunkLay02NoEdit_SBR,FURN,5387.467285,2687.452637,-1951.010010,261.8880
SwitchBoard_Reborn.esp,FE044FBB,FE0440D9,WorkshopNpcBedVaultLay02_SBR,FURN,5039.060547,2864.055664,-1951.010010,351.8879
SwitchBoard_Reborn.esp,FE044FBA,00175500,FootLocker01,CONT,5057.662598,2770.550781,-1951.010010,348.5410
SwitchBoard_Reborn.esp,FE044FB9,00175500,FootLocker01,CONT,5220.665527,2662.725342,-1951.010010,262.5973
SwitchBoard_Reborn.esp,FE044FB8,FE0440DA,WorkshopNpcBedVaultBunkLay02NoEdit_SBR,FURN,5118.188965,2649.070801,-1951.010010,261.8880
SwitchBoard_Reborn.esp,FE044FB7,0017FE4D,FlagWallRailroad,STAT,5078.278320,2207.731934,-1735.284302,261.9785
SwitchBoard_Reborn.esp,FE044FB6,0017FE4D,FlagWallRailroad,STAT,5123.143066,1889.366333,-1735.284302,261.9785
SwitchBoard_Reborn.esp,FE044FB5,0017FE44,FlagpoleRailroadFlag01,STAT,5138.142578,2520.702393,-1950.989990,14.8969
SwitchBoard_Reborn.esp,FE044FB4,0017FE44,FlagpoleRailroadFlag01,STAT,5404.461426,1397.131836,-1950.989990,14.8969
SwitchBoard_Reborn.esp,FE044FB3,0017FE44,FlagpoleRailroadFlag01,STAT,4697.292480,2215.815430,-1695.010010,75.0575
SwitchBoard_Reborn.esp,FE044FB2,000BD52E,OfficeFileCabinet02,CONT,5107.033691,1362.161987,-1951.010010,175.2340
SwitchBoard_Reborn.esp,FE044FB1,000BA592,Vault_Crate_04_Steel,STAT,4867.854492,1322.052490,-1951.005737,80.0000
SwitchBoard_Reborn.esp,FE044FAF,000BA592,Vault_Crate_04_Steel,STAT,4733.172363,1303.305542,-1951.005737,80.0000
SwitchBoard_Reborn.esp,FE044FAD,0003A9EB,OfficeBoxPapers01,STAT,3604.859619,57.357243,-1628.797485,175.1866
SwitchBoard_Reborn.esp,FE044FAC,0003A9EB,OfficeBoxPapers01,STAT,3601.013184,101.237007,-1628.797485,170.3737
SwitchBoard_Reborn.esp,FE044FAB,000BA58F,Vault_Crate_01_Steel,STAT,3905.994629,-221.918304,-1569.848267,263.3422
SwitchBoard_Reborn.esp,FE044FAA,000BA58F,Vault_Crate_01_Steel,STAT,3938.449463,-409.316406,-1569.855347,84.9698
SwitchBoard_Reborn.esp,FE044FA9,000BA58F,Vault_Crate_01_Steel,STAT,3905.994629,-221.918304,-1569.848267,263.3422
SwitchBoard_Reborn.esp,FE044FA8,000BA58F,Vault_Crate_01_Steel,STAT,4565.502441,-250.056000,-1533.141235,260.9357
SwitchBoard_Reborn.esp,FE044FA7,0008CD00,Loot_Prewar_Safe,CONT,4470.000000,-450.000000,-1696.483643,172.1845
SwitchBoard_Reborn.esp,FE044FA6,000BA591,Vault_Crate_03_Steel,STAT,4272.187988,-474.280029,-1645.544800,169.2626
SwitchBoard_Reborn.esp,FE044FA5,0004F4A6,StealthBoy,ALCH,4311.144531,-460.409485,-1607.197632,350.8327
SwitchBoard_Reborn.esp,FE044FA4,000BA591,Vault_Crate_03_Steel,STAT,4272.187988,-474.280029,-1683.532104,169.2626
SwitchBoard_Reborn.esp,FE044FA3,000BA58F,Vault_Crate_01_Steel,STAT,4255.548828,-470.808289,-1607.491699,350.7755
SwitchBoard_Reborn.esp,FE044FA2,000BA58F,Vault_Crate_01_Steel,STAT,4301.590820,-463.809845,-1569.170410,352.6090
SwitchBoard_Reborn.esp,FE044FA1,FE0441B6,Vault_Shelf_03_SBR,STAT,4268.331543,-474.237396,-1695.010010,351.8883
SwitchBoard_Reborn.esp,FE044FA0,000BD53C,OfficeDesk01,CONT,3270.106934,1313.666992,-1694.621948,48.5872
SwitchBoard_Reborn.esp,FE044F9F,FE0441A9,IndustrialMetalTableLarge01_SBR,STAT,3933.882568,26.670582,-1695.010010,352.0000
SwitchBoard_Reborn.esp,FE044F9C,0007350B,PlayerHouse_Ruin_Rug01,STAT,4296.089355,146.400513,-1695.010010,80.0000
SwitchBoard_Reborn.esp,FE044F9B,00017DD7,MetalShelf01,STAT,3594.068359,78.503647,-1695.010010,263.5611
SwitchBoard_Reborn.esp,FE044844,0E013903,AR_EnclaveFlagWall02,STAT,5078.278320,2207.731934,-1735.284302,261.9785
SwitchBoard_Reborn.esp,FE044843,0E013903,AR_EnclaveFlagWall02,STAT,5123.143066,1889.366333,-1735.284302,261.9785
SwitchBoard_Reborn.esp,FE044842,0E012389,AR_EnclaveFlagpole01,STAT,5138.142578,2520.702393,-1950.989990,14.8969
SwitchBoard_Reborn.esp,FE044841,0E012389,AR_EnclaveFlagpole01,STAT,5404.461426,1397.131836,-1950.989990,14.8969
SwitchBoard_Reborn.esp,FE044840,0E012389,AR_EnclaveFlagpole01,STAT,4697.292480,2215.815430,-1695.010010,75.0575
SwitchBoard_Reborn.esp,FE04483F,FE04412B,SBR_AR_LvlEnclaveSoldier_CombatArmor_Auto,NPC_,5452.253906,1775.587524,-1925.219360,0.0000
SwitchBoard_Reborn.esp,FE04483E,FE044127,SBR_AR_LvlEnclaveSoldier_PowerArmor_BigGun,NPC_,4536.860840,-1420.369873,-1299.227661,0.0000
SwitchBoard_Reborn.esp,FE04483D,FE04412B,SBR_AR_LvlEnclaveSoldier_CombatArmor_Auto,NPC_,3969.000977,576.356628,-1681.850586,0.0000
SwitchBoard_Reborn.esp,FE04483C,FE044127,SBR_AR_LvlEnclaveSoldier_PowerArmor_BigGun,NPC_,5424.280762,2876.214844,-1933.751587,11.4592
SwitchBoard_Reborn.esp,FE04483B,FE04412B,SBR_AR_LvlEnclaveSoldier_CombatArmor_Auto,NPC_,2931.816406,2788.341064,-1666.656982,0.0000
SwitchBoard_Reborn.esp,FE04483A,FE04412B,SBR_AR_LvlEnclaveSoldier_CombatArmor_Auto,NPC_,3467.485107,1409.862183,-1674.913208,0.0000
SwitchBoard_Reborn.esp,FE044839,FE04412C,SBR_AR_LvlEnclaveTechnician,NPC_,5831.943359,2412.100586,-1930.452515,0.0000
SwitchBoard_Reborn.esp,FE044838,FE04412C,SBR_AR_LvlEnclaveTechnician,NPC_,5786.414062,1567.166748,-1932.753174,0.0000
SwitchBoard_Reborn.esp,FE044837,FE04412C,SBR_AR_LvlEnclaveTechnician,NPC_,4376.527832,2335.619629,-1685.545044,0.0000
SwitchBoard_Reborn.esp,FE044836,FE04412C,SBR_AR_LvlEnclaveTechnician,NPC_,4534.400879,1484.056641,-1679.892456,0.0000
SwitchBoard_Reborn.esp,FE044835,FE04412C,SBR_AR_LvlEnclaveTechnician,NPC_,4088.848633,318.592255,-1686.903931,0.0000
SwitchBoard_Reborn.esp,FE044834,FE04412C,SBR_AR_LvlEnclaveTechnician,NPC_,3716.189941,159.058624,-1668.568848,0.0000
SwitchBoard_Reborn.esp,FE044833,FE04412C,SBR_AR_LvlEnclaveTechnician,NPC_,1847.656982,-114.331924,-1682.639526,0.0000
SwitchBoard_Reborn.esp,FE044832,FE04412D,SBR_AR_LvlEnclaveScientist_Medic,NPC_,1788.040771,47.231625,-1678.380981,0.0000
SwitchBoard_Reborn.esp,FE04482F,FE0440A9,SBR_LvlMinuteman_patrol,NPC_,5452.253906,1775.587524,-1925.219360,0.0000
SwitchBoard_Reborn.esp,FE04482E,FE0440A9,SBR_LvlMinuteman_patrol,NPC_,4536.860840,-1420.369873,-1299.227661,0.0000
SwitchBoard_Reborn.esp,FE04482D,FE0440A9,SBR_LvlMinuteman_patrol,NPC_,3969.000977,576.356628,-1681.850586,0.0000
SwitchBoard_Reborn.esp,FE04482C,FE0440A9,SBR_LvlMinuteman_patrol,NPC_,5424.280762,2876.214844,-1933.751587,11.4592
SwitchBoard_Reborn.esp,FE04482B,FE0440A9,SBR_LvlMinuteman_patrol,NPC_,2931.816406,2788.341064,-1666.656982,0.0000
SwitchBoard_Reborn.esp,FE04482A,FE0440A9,SBR_LvlMinuteman_patrol,NPC_,3467.485107,1409.862183,-1674.913208,0.0000
SwitchBoard_Reborn.esp,FE044829,FE0440AA,SBR_LvlMinuteman_scribe,NPC_,5831.943359,2412.100586,-1930.452515,0.0000
SwitchBoard_Reborn.esp,FE044828,FE0440AA,SBR_LvlMinuteman_scribe,NPC_,5786.414062,1567.166748,-1932.753174,0.0000
SwitchBoard_Reborn.esp,FE044827,FE0440AA,SBR_LvlMinuteman_scribe,NPC_,4376.527832,2335.619629,-1685.545044,0.0000
SwitchBoard_Reborn.esp,FE044826,FE0440AA,SBR_LvlMinuteman_scribe,NPC_,4534.400879,1484.056641,-1679.892456,0.0000
SwitchBoard_Reborn.esp,FE044825,FE0440AA,SBR_LvlMinuteman_scribe,NPC_,4088.848633,318.592255,-1686.903931,0.0000
SwitchBoard_Reborn.esp,FE044824,FE0440AA,SBR_LvlMinuteman_scribe,NPC_,3716.189941,159.058624,-1668.568848,0.0000
SwitchBoard_Reborn.esp,FE044823,FE0440AA,SBR_LvlMinuteman_scribe,NPC_,1847.656982,-114.331924,-1682.639526,0.0000
SwitchBoard_Reborn.esp,FE044822,FE0440AB,SBR_LvlMinuteman_Medic,NPC_,1788.040771,47.231625,-1678.380981,0.0000
SwitchBoard_Reborn.esp,FE044821,FE0440AC,SBR_LvlSynth_Institute_AllArmor_Rifle,NPC_,5452.253906,1775.587524,-1925.219360,0.0000
SwitchBoard_Reborn.esp,FE044820,FE0440AC,SBR_LvlSynth_Institute_AllArmor_Rifle,NPC_,4536.860840,-1420.369873,-1299.227661,0.0000
SwitchBoard_Reborn.esp,FE04481F,FE0440AC,SBR_LvlSynth_Institute_AllArmor_Rifle,NPC_,3969.000977,576.356628,-1681.850586,0.0000
SwitchBoard_Reborn.esp,FE04481E,FE0440AC,SBR_LvlSynth_Institute_AllArmor_Rifle,NPC_,5424.280762,2876.214844,-1933.751587,11.4592
SwitchBoard_Reborn.esp,FE04481D,FE0440AC,SBR_LvlSynth_Institute_AllArmor_Rifle,NPC_,2931.816406,2788.341064,-1666.656982,0.0000
SwitchBoard_Reborn.esp,FE04481C,FE0440AC,SBR_LvlSynth_Institute_AllArmor_Rifle,NPC_,3467.485107,1409.862183,-1674.913208,0.0000
SwitchBoard_Reborn.esp,FE04481B,FE0440AE,SBR_InstituteSynthGen3Male02_Tech,NPC_,5831.943359,2412.100586,-1930.452515,0.0000
SwitchBoard_Reborn.esp,FE04481A,FE0440AD,SBR_InstituteSynthGen3Female02_Tech,NPC_,5786.414062,1567.166748,-1932.753174,0.0000
SwitchBoard_Reborn.esp,FE044819,FE0440AD,SBR_InstituteSynthGen3Female02_Tech,NPC_,4376.527832,2335.619629,-1685.545044,0.0000
SwitchBoard_Reborn.esp,FE044818,FE0440AE,SBR_InstituteSynthGen3Male02_Tech,NPC_,4534.400879,1484.056641,-1679.892456,0.0000
SwitchBoard_Reborn.esp,FE044817,FE0440AE,SBR_InstituteSynthGen3Male02_Tech,NPC_,4088.848633,318.592255,-1686.903931,0.0000
SwitchBoard_Reborn.esp,FE044816,FE0440AE,SBR_InstituteSynthGen3Male02_Tech,NPC_,3716.189941,159.058624,-1668.568848,0.0000
SwitchBoard_Reborn.esp,FE044815,FE0440AD,SBR_InstituteSynthGen3Female02_Tech,NPC_,1847.656982,-114.331924,-1682.639526,0.0000
SwitchBoard_Reborn.esp,FE044814,FE0440AF,SBR_InstituteSynthGen3Female01_Doctor,NPC_,1788.040771,47.231625,-1678.380981,0.0000
SwitchBoard_Reborn.esp,FE044813,FE0440A6,SBR_LvlBoSSoldier_CombatArmor_Auto_Patrol,NPC_,5452.253906,1775.587524,-1925.219360,0.0000
SwitchBoard_Reborn.esp,FE044812,FE0440A3,SBR_LvlBoSSoldier_PowerArmor_BigGun_Guard,NPC_,4536.860840,-1420.369873,-1299.227661,0.0000
SwitchBoard_Reborn.esp,FE044811,FE0440A6,SBR_LvlBoSSoldier_CombatArmor_Auto_Patrol,NPC_,3969.000977,576.356628,-1681.850586,0.0000
SwitchBoard_Reborn.esp,FE044810,FE0440A3,SBR_LvlBoSSoldier_PowerArmor_BigGun_Guard,NPC_,5424.280762,2876.214844,-1933.751587,11.4592
SwitchBoard_Reborn.esp,FE04480F,FE0440A6,SBR_LvlBoSSoldier_CombatArmor_Auto_Patrol,NPC_,2931.816406,2788.341064,-1666.656982,0.0000
SwitchBoard_Reborn.esp,FE04480E,FE0440A6,SBR_LvlBoSSoldier_CombatArmor_Auto_Patrol,NPC_,3467.485107,1409.862183,-1674.913208,0.0000
SwitchBoard_Reborn.esp,FE04480D,FE0440A5,SBR_LvlBoSScribe_Engineer02,NPC_,5831.943359,2412.100586,-1930.452515,0.0000
SwitchBoard_Reborn.esp,FE04480C,FE0440A4,SBR_LvlBoSScribe02,NPC_,5786.414062,1567.166748,-1932.753174,0.0000
SwitchBoard_Reborn.esp,FE04480B,FE0440A4,SBR_LvlBoSScribe02,NPC_,4376.527832,2335.619629,-1685.545044,0.0000
SwitchBoard_Reborn.esp,FE04480A,FE0440A5,SBR_LvlBoSScribe_Engineer02,NPC_,4534.400879,1484.056641,-1679.892456,0.0000
SwitchBoard_Reborn.esp,FE044809,FE0440A5,SBR_LvlBoSScribe_Engineer02,NPC_,4088.848633,318.592255,-1686.903931,0.0000
SwitchBoard_Reborn.esp,FE044808,FE0440A5,SBR_LvlBoSScribe_Engineer02,NPC_,3716.189941,159.058624,-1668.568848,0.0000
SwitchBoard_Reborn.esp,FE044807,FE0440A4,SBR_LvlBoSScribe02,NPC_,1847.656982,-114.331924,-1682.639526,0.0000
SwitchBoard_Reborn.esp,FE044806,FE0440A7,SBR_LvlBoSScribe_Fieldmedic,NPC_,1788.040771,47.231625,-1678.380981,0.0000
SwitchBoard_Reborn.esp,FE0441CB,00000021,CollisionMarker,STAT,5912.000000,2420.000000,-1862.000000,351.8876
SwitchBoard_Reborn.esp,FE0441C9,00000021,CollisionMarker,STAT,5897.185547,2523.713379,-1862.000000,351.8876
SwitchBoard_Reborn.esp,FE0441C6,FE044003,SBR_Terminal_Menu,TERM,4068.000000,2018.000000,-1694.000000,261.8878
SwitchBoard_Reborn.esp,FE0441BF,FE0441C3,SBR_WorkshopPowerInteriorFuseboxNoEdit,ACTI,5732.000000,1004.000000,-1796.000000,171.8877
SwitchBoard_Reborn.esp,FE0441B9,000560D0,defaultLightCool01NS,LIGH,2384.000000,104.000000,-1540.000000,0.0000
SwitchBoard_Reborn.esp,FE0441B0,00096C66,MistWaterSteamMini01,MSTT,2552.000000,2456.000000,-1600.000000,0.0000
SwitchBoard_Reborn.esp,FE0441AF,00096C66,MistWaterSteamMini01,MSTT,2552.000000,2456.000000,-1658.000000,0.0000
SwitchBoard_Reborn.esp,FE0441A6,000560D0,defaultLightCool01NS,LIGH,3812.720459,208.776184,-1544.047119,0.0000
SwitchBoard_Reborn.esp,FE04419E,001411CB,NPCEatingNoodlesStanding,FURN,4070.739502,-1071.723267,-1439.010010,131.3901
SwitchBoard_Reborn.esp,FE04419D,001411CB,NPCEatingNoodlesStanding,FURN,3564.937500,1196.120728,-1695.010010,260.6492
SwitchBoard_Reborn.esp,FE04419C,001B40BD,NPCHandWarmingStanding,FURN,2510.788086,2520.317383,-1695.010010,256.8677
SwitchBoard_Reborn.esp,FE04419B,001B46B8,NPCPushBroomSweepConstant,FURN,3264.041992,2903.791016,-1695.010010,102.5595
SwitchBoard_Reborn.esp,FE04419A,001338FB,NPCNewspaperSitting,FURN,2801.935791,3077.674072,-1694.010010,166.9133
SwitchBoard_Reborn.esp,FE044194,00000021,CollisionMarker,STAT,3846.945801,375.224091,-1648.510010,51.1080
SwitchBoard_Reborn.esp,FE044193,001411CB,NPCEatingNoodlesStanding,FURN,4653.569824,1793.606934,-1695.117676,345.7907
SwitchBoard_Reborn.esp,FE044192,001B40BD,NPCHandWarmingStanding,FURN,2535.016113,2398.069092,-1695.010010,256.8677
SwitchBoard_Reborn.esp,FE044191,001338FB,NPCNewspaperSitting,FURN,3538.900635,3183.395752,-1694.010010,167.0280
SwitchBoard_Reborn.esp,FE044190,001338FB,NPCNewspaperSitting,FURN,3412.976074,3166.828857,-1694.010010,167.0280
SwitchBoard_Reborn.esp,FE04418F,001338FB,NPCNewspaperSitting,FURN,2919.696289,3090.852539,-1694.010010,166.9133
SwitchBoard_Reborn.esp,FE04418E,001338FB,NPCNewspaperSitting,FURN,2694.993896,3061.784424,-1694.010010,166.9133
SwitchBoard_Reborn.esp,FE04418D,001338FB,NPCNewspaperSitting,FURN,3032.990967,3112.249756,-1694.010010,166.9133
SwitchBoard_Reborn.esp,FE04418C,001B46B8,NPCPushBroomSweepConstant,FURN,2875.326416,2784.455811,-1695.010010,102.5595
SwitchBoard_Reborn.esp,FE04418B,00000021,CollisionMarker,STAT,6051.645020,1154.092651,-1921.090088,81.0000
SwitchBoard_Reborn.esp,FE04418A,00000021,CollisionMarker,STAT,4813.866211,1458.765015,-1926.890991,83.5609
SwitchBoard_Reborn.esp,FE044189,00000021,CollisionMarker,STAT,4799.371094,1312.702148,-1922.535767,81.4897
SwitchBoard_Reborn.esp,FE044188,00000021,CollisionMarker,STAT,4591.770508,1324.921021,-1648.414673,354.2704
SwitchBoard_Reborn.esp,FE044187,00000021,CollisionMarker,STAT,4218.914062,1514.346436,-1621.551758,261.2224
SwitchBoard_Reborn.esp,FE044186,00000021,CollisionMarker,STAT,6002.000000,2486.000000,-1862.000000,262.3110
SwitchBoard_Reborn.esp,FE044185,00000021,CollisionMarker,STAT,5982.815430,2307.352539,-1902.510010,172.5285
SwitchBoard_Reborn.esp,FE044184,00000021,CollisionMarker,STAT,6113.577637,1618.357666,-1871.023315,80.2142
SwitchBoard_Reborn.esp,FE044183,00000021,CollisionMarker,STAT,6079.238770,1824.638428,-1888.238525,83.9957
SwitchBoard_Reborn.esp,FE044182,00000021,CollisionMarker,STAT,5605.173340,1319.971313,-1869.947754,353.1248
SwitchBoard_Reborn.esp,FE044153,FE044037,SBR_Ashburn,NPC_,4934.923340,1991.140869,-1683.464478,260.6491
SwitchBoard_Reborn.esp,FE044151,000560D0,defaultLightCool01NS,LIGH,3067.152588,1467.086060,-1563.494751,0.0000
SwitchBoard_Reborn.esp,FE044150,000560D0,defaultLightCool01NS,LIGH,1650.453003,-162.549438,-1549.325928,0.0000
SwitchBoard_Reborn.esp,FE04414F,000560D0,defaultLightCool01NS,LIGH,1607.262695,168.115082,-1549.325928,0.0000
SwitchBoard_Reborn.esp,FE04413A,000560D0,defaultLightCool01NS,LIGH,1798.965088,467.980438,-1576.280396,0.0000
SwitchBoard_Reborn.esp,FE044139,000560D0,defaultLightCool01NS,LIGH,1565.742188,432.394836,-1574.637085,0.0000
SwitchBoard_Reborn.esp,FE044138,000560D0,defaultLightCool01NS,LIGH,4457.210449,268.712036,-1544.047119,0.0000
SwitchBoard_Reborn.esp,FE0440E6,000517B0,DefaultLightWhite01NS,LIGH,5242.192383,2867.221191,-1775.400635,0.0000
SwitchBoard_Reborn.esp,FE0440E1,001338FC,NPCNewspaperStanding,FURN,4819.977051,2138.737061,-1694.132935,239.4497
SwitchBoard_Reborn.esp,FE0440DE,001A6AFC,NPCStandDrinkCoffee,FURN,3976.811035,-1410.028320,-1439.010010,26.5279
SwitchBoard_Reborn.esp,FE0440DD,001A6AFC,NPCStandDrinkCoffee,FURN,1364.409302,-30.044550,-1695.010010,256.8677
SwitchBoard_Reborn.esp,FE0440D2,001A6AFC,NPCStandDrinkCoffee,FURN,4920.635742,2017.172974,-1694.464478,258.5293
SwitchBoard_Reborn.esp,FE0440C6,FE0440B1,SBR_LvlRRagent,NPC_,5452.253906,1775.587524,-1925.219360,0.0000
SwitchBoard_Reborn.esp,FE0440C5,FE0440B1,SBR_LvlRRagent,NPC_,4536.860840,-1420.369873,-1299.227661,0.0000
SwitchBoard_Reborn.esp,FE0440C4,FE0440B1,SBR_LvlRRagent,NPC_,3969.000977,576.356628,-1681.850586,0.0000
SwitchBoard_Reborn.esp,FE0440C3,FE0440B1,SBR_LvlRRagent,NPC_,5424.280762,2876.214844,-1933.751587,11.4592
SwitchBoard_Reborn.esp,FE0440C2,FE0440B1,SBR_LvlRRagent,NPC_,2931.816406,2788.341064,-1666.656982,0.0000
SwitchBoard_Reborn.esp,FE0440C1,FE0440B1,SBR_LvlRRagent,NPC_,3467.485107,1409.862183,-1674.913208,0.0000
SwitchBoard_Reborn.esp,FE0440BF,FE0440B2,SBR_RailroadTiconGenericF01,NPC_,5831.943359,2412.100586,-1930.452515,0.0000
SwitchBoard_Reborn.esp,FE0440BE,FE0440B3,SBR_RailroadTiconGenericM01,NPC_,5786.414062,1567.166748,-1932.753174,0.0000
SwitchBoard_Reborn.esp,FE0440BD,FE0440B3,SBR_RailroadTiconGenericM01,NPC_,4376.527832,2335.619629,-1685.545044,0.0000
SwitchBoard_Reborn.esp,FE0440BC,FE0440B2,SBR_RailroadTiconGenericF01,NPC_,4534.400879,1484.056641,-1679.892456,0.0000
SwitchBoard_Reborn.esp,FE0440BB,FE0440B2,SBR_RailroadTiconGenericF01,NPC_,4088.848633,318.592255,-1686.903931,0.0000
SwitchBoard_Reborn.esp,FE0440BA,FE0440B2,SBR_RailroadTiconGenericF01,NPC_,3716.189941,159.058624,-1668.568848,0.0000
SwitchBoard_Reborn.esp,FE0440B9,FE0440B3,SBR_RailroadTiconGenericM01,NPC_,1847.656982,-114.331924,-1682.639526,0.0000
SwitchBoard_Reborn.esp,FE0440B7,FE0440B5,SBR_LvlRRagent_Medic,NPC_,1788.040771,47.231625,-1678.380981,0.0000
SwitchBoard_Reborn.esp,FE0440B4,FE0441BB,FluorescentLightThin01_SBR,STAT,3793.265137,207.635223,-1470.950073,81.8183
SwitchBoard_Reborn.esp,FE0440A2,001824E1,FlagWallInstitute,STAT,5078.278320,2207.731934,-1735.284302,261.9785
SwitchBoard_Reborn.esp,FE0440A1,000211F7,WoodCrate03,STAT,4563.976562,1322.971802,-1649.028564,354.2704
SwitchBoard_Reborn.esp,FE0440A0,000211F7,WoodCrate03,STAT,4622.641602,1328.857910,-1649.028564,354.2704
SwitchBoard_Reborn.esp,FE04409F,000211F7,WoodCrate03,STAT,4563.976562,1322.971802,-1679.010010,354.2704
SwitchBoard_Reborn.esp,FE04409E,000211F7,WoodCrate03,STAT,4622.641602,1328.857910,-1679.010010,354.2704
SwitchBoard_Reborn.esp,FE04409C,00023736,Stimpak,ALCH,4246.448730,-480.516113,-1570.074707,0.0000
SwitchBoard_Reborn.esp,FE04409B,00023736,Stimpak,ALCH,3936.287842,-400.444092,-1607.635010,0.0000
SwitchBoard_Reborn.esp,FE04409A,00023736,Stimpak,ALCH,3171.797119,997.630432,-1638.474487,50.0192
SwitchBoard_Reborn.esp,FE044099,00023736,Stimpak,ALCH,4588.405762,1903.572998,-1663.010010,0.0000
SwitchBoard_Reborn.esp,FE044098,00023736,Stimpak,ALCH,5255.257812,1902.853760,-1893.132446,0.0000
SwitchBoard_Reborn.esp,FE04407A,FE044804,SBR_LvlSynth,NPC_,3779.628662,5987.206543,-761.400024,313.4536
SwitchBoard_Reborn.esp,FE044079,FE044804,SBR_LvlSynth,NPC_,2925.505371,412.871582,-1695.010010,306.8877
SwitchBoard_Reborn.esp,FE044078,FE044804,SBR_LvlSynth,NPC_,4051.786865,425.266937,-1695.010010,261.8873
SwitchBoard_Reborn.esp,FE044077,FE044804,SBR_LvlSynth,NPC_,3283.083008,1021.232788,-1695.009766,153.0254
SwitchBoard_Reborn.esp,FE044076,FE044804,SBR_LvlSynth,NPC_,4903.625977,1906.870117,-1951.010010,261.8877
SwitchBoard_Reborn.esp,FE044075,FE044804,SBR_LvlSynth,NPC_,3802.548828,6140.072754,-774.595337,329.6791
SwitchBoard_Reborn.esp,FE044074,FE044804,SBR_LvlSynth,NPC_,3952.681152,5666.796875,-751.010010,329.6791
SwitchBoard_Reborn.esp,FE044073,FE044804,SBR_LvlSynth,NPC_,2731.082031,5021.800781,-435.080811,237.8918
SwitchBoard_Reborn.esp,FE044072,FE044804,SBR_LvlSynth,NPC_,5042.119629,2209.343506,-1950.949951,90.0000
SwitchBoard_Reborn.esp,FE044071,FE044804,SBR_LvlSynth,NPC_,4254.045410,2068.579102,-1695.010010,90.0000
SwitchBoard_Reborn.esp,FE044070,FE044804,SBR_LvlSynth,NPC_,4379.061523,1541.692749,-1695.010010,90.0000
SwitchBoard_Reborn.esp,FE04406F,FE044804,SBR_LvlSynth,NPC_,2993.926270,2881.365967,-1695.010010,171.8874
SwitchBoard_Reborn.esp,FE04406E,FE044804,SBR_LvlSynth,NPC_,3042.062744,1196.837891,-1695.009766,72.8113
SwitchBoard_Reborn.esp,FE04406D,FE044804,SBR_LvlSynth,NPC_,4609.472656,265.436157,-1695.010010,261.8873
SwitchBoard_Reborn.esp,FE04406C,FE044804,SBR_LvlSynth,NPC_,5433.758301,4155.437012,-1729.913330,278.1128
SwitchBoard_Reborn.esp,FE04406B,FE044804,SBR_LvlSynth,NPC_,4193.200684,5452.154297,-755.431946,329.6791
SwitchBoard_Reborn.esp,FE04406A,FE044804,SBR_LvlSynth,NPC_,5422.551270,3924.569580,-1705.107910,278.1128
SwitchBoard_Reborn.esp,FE044069,001824E1,FlagWallInstitute,STAT,5123.143066,1889.366333,-1735.284302,261.9785
SwitchBoard_Reborn.esp,FE044068,001824DE,FlagpoleInstitute01,STAT,5138.142578,2520.702393,-1950.989990,14.8969
SwitchBoard_Reborn.esp,FE044064,00000017,PlaneMarker,STAT,4054.779785,1279.193604,-1554.859985,171.8883
SwitchBoard_Reborn.esp,FE044063,00000017,PlaneMarker,STAT,3838.731201,2795.014648,-1554.859985,171.8883
SwitchBoard_Reborn.esp,FE044062,00000017,PlaneMarker,STAT,2355.752930,2776.645996,-334.060547,81.8885
SwitchBoard_Reborn.esp,FE044061,00000017,PlaneMarker,STAT,4955.245117,3147.140137,-1030.297607,81.8885
SwitchBoard_Reborn.esp,FE044060,00000017,PlaneMarker,STAT,4092.141602,910.218750,-785.746338,261.8880
SwitchBoard_Reborn.esp,FE04405F,0005C39A,WorkshopSetOwnedTrigger,ACTI,6032.783203,1803.329712,-1880.330933,352.5516
SwitchBoard_Reborn.esp,FE044054,0009BECB,UtilitySink,STAT,6098.042480,1698.767578,-1951.010010,81.7039
SwitchBoard_Reborn.esp,FE044053,0009BECB,UtilitySink,STAT,3121.435547,2787.415283,-1695.010010,81.7039
SwitchBoard_Reborn.esp,FE044052,00059A80,MetalBucket,MISC,2476.177490,2423.213135,-1694.974976,59.6762
SwitchBoard_Reborn.esp,FE044051,0009BECB,UtilitySink,STAT,2609.136719,2560.403809,-1695.010010,81.7039
SwitchBoard_Reborn.esp,FE04404E,000211F7,WoodCrate03,STAT,4233.348145,1272.585205,-1679.010010,354.2704
SwitchBoard_Reborn.esp,FE04404D,0003A9ED,OfficeBoxPapers03,STAT,1747.939087,-300.669647,-1586.673096,350.6209
SwitchBoard_Reborn.esp,FE04404C,00144AAF,NPCBoxSearch,FURN,5632.550293,1833.244751,-1950.663208,126.2800
SwitchBoard_Reborn.esp,FE044049,FE044146,OfficeFileCabinet03_Beige_Prewar_SBR,CONT,1794.993774,-305.949585,-1695.010010,170.0000
SwitchBoard_Reborn.esp,FE044048,00049622,OfficeFileCabinet01_Prewar,CONT,1705.115967,-321.797485,-1695.010010,170.0000
SwitchBoard_Reborn.esp,FE044047,0003F432,NpcCouchOfficeSit01,FURN,6063.177734,1297.860718,-1951.010010,353.0335
SwitchBoard_Reborn.esp,FE044046,FE0441C2,Vault_Sink_01Activator_SBR,ACTI,2847.791992,2647.823730,-1690.358398,171.8878
SwitchBoard_Reborn.esp,FE044045,0019945F,Soap,MISC,2482.861084,2381.484375,-1639.828735,0.0000
SwitchBoard_Reborn.esp,FE044044,0019945F,Soap,MISC,2469.102051,2508.509766,-1639.828735,0.0000
SwitchBoard_Reborn.esp,FE044043,000560D0,defaultLightCool01NS,LIGH,2554.547119,2459.545898,-1546.172607,0.0000
SwitchBoard_Reborn.esp,FE044040,00175500,FootLocker01,CONT,5974.326172,1146.458008,-1951.010010,262.5973
SwitchBoard_Reborn.esp,FE044039,FE044804,SBR_LvlSynth,NPC_,6062.551270,4044.569580,-1873.349854,278.1128
SwitchBoard_Reborn.esp,FE044020,001A0380,Loot_ToolChest,CONT,5857.053223,721.523560,-1951.010010,263.9725
SwitchBoard_Reborn.esp,FE04401F,00027EB8,PlayerHouse_Ruin_Rug03,STAT,5515.043945,2859.219482,-1951.010010,81.1309
SwitchBoard_Reborn.esp,FE04401E,00018F7B,Prewar_Locker_01,CONT,5717.541504,2787.583740,-1951.010010,81.0000
SwitchBoard_Reborn.esp,FE04401D,00018F7B,Prewar_Locker_01,CONT,5723.055176,2751.773682,-1951.010010,81.0000
SwitchBoard_Reborn.esp,FE04401C,00018F7B,Prewar_Locker_01,CONT,5711.767090,2823.045898,-1951.010010,81.0000
SwitchBoard_Reborn.esp,FE04401B,00018F7B,Prewar_Locker_01,CONT,5706.253418,2858.855957,-1951.010010,81.0000
SwitchBoard_Reborn.esp,FE04401A,00018F7B,Prewar_Locker_01,CONT,5691.890137,2963.930664,-1951.010010,81.0000
SwitchBoard_Reborn.esp,FE044019,00018F7B,Prewar_Locker_01,CONT,5697.403809,2928.120605,-1951.010010,81.0000
SwitchBoard_Reborn.esp,FE044018,00175500,FootLocker01,CONT,5287.989746,3020.301270,-1951.010010,262.5973
SwitchBoard_Reborn.esp,FE044017,00175500,FootLocker01,CONT,5492.707520,3046.899414,-1951.010010,262.5973
SwitchBoard_Reborn.esp,FE044016,FE0440DA,WorkshopNpcBedVaultBunkLay02NoEdit_SBR,FURN,5591.301270,3081.028564,-1951.010010,261.0000
SwitchBoard_Reborn.esp,FE044015,000BD52E,OfficeFileCabinet02,CONT,1750.958130,-313.714264,-1695.010010,170.0000
SwitchBoard_Reborn.esp,FE044014,001824DE,FlagpoleInstitute01,STAT,5404.461426,1397.131836,-1950.989990,14.8969
SwitchBoard_Reborn.esp,FE044013,001824DE,FlagpoleInstitute01,STAT,4697.292480,2215.815430,-1695.010010,75.0575
SwitchBoard_Reborn.esp,FE044012,0016BD71,FlagWallMinutemen01,STAT,5078.278320,2207.731934,-1735.284302,261.9785
SwitchBoard_Reborn.esp,FE044011,0016BD71,FlagWallMinutemen01,STAT,5123.143066,1889.366333,-1735.284302,261.9785
SwitchBoard_Reborn.esp,FE044010,0016BD74,FlagpoleMinutemen01,STAT,5138.142578,2520.702393,-1950.989990,14.8969
SwitchBoard_Reborn.esp,FE04400F,0016BD74,FlagpoleMinutemen01,STAT,5404.461426,1397.131836,-1950.989990,14.8969
SwitchBoard_Reborn.esp,FE04400A,0016BD74,FlagpoleMinutemen01,STAT,4697.292480,2215.815430,-1695.010010,75.0575
SwitchBoard_Reborn.esp,FE044009,0017FE2C,FlagWallBOS,STAT,5078.278320,2207.731934,-1735.284302,261.9785
SwitchBoard_Reborn.esp,FE044008,0017FE2C,FlagWallBOS,STAT,5123.143066,1889.366333,-1735.284302,261.9785
SwitchBoard_Reborn.esp,FE044007,0017FE26,FlagpoleBOSFlag01,STAT,5138.142578,2520.702393,-1950.989990,14.8969
SwitchBoard_Reborn.esp,FE044006,0017FE26,FlagpoleBOSFlag01,STAT,5404.461426,1397.131836,-1950.989990,14.8969
SwitchBoard_Reborn.esp,FE044005,0017FE26,FlagpoleBOSFlag01,STAT,4697.292480,2215.815430,-1695.010010,75.0575
SwitchBoard_Reborn.esp,000E6C20,FE044132,ConBig02_SBR,STAT,3632.225098,1112.002319,-1695.010010,81.8879
SwitchBoard_Reborn.esp,000E6C1F,FE044131,ConBig01_SBR,STAT,3643.514160,1032.802612,-1695.010010,81.8879
SwitchBoard_Reborn.esp,000E6C1E,FE044132,ConBig02_SBR,STAT,3596.100586,1365.440674,-1695.010010,81.8879
SwitchBoard_Reborn.esp,000E6C1D,FE044131,ConBig01_SBR,STAT,3607.389648,1286.240967,-1695.010010,81.8879
SwitchBoard_Reborn.esp,000E6C1B,000BD53C,OfficeDesk01,CONT,3249.878418,1299.922974,-1658.495483,0.0000
SwitchBoard_Reborn.esp,000E6C18,FE044132,ConBig02_SBR,STAT,4306.708984,1709.155273,-1695.010010,171.8879
SwitchBoard_Reborn.esp,000E6C17,FE044135,ConBig03_SBR,STAT,4236.286621,2148.825195,-1695.010010,351.8879
SwitchBoard_Reborn.esp,000E6C16,FE044132,ConBig02_SBR,STAT,4157.086914,2137.536133,-1695.010010,351.8879
SwitchBoard_Reborn.esp,000E6C15,FE044131,ConBig01_SBR,STAT,4227.509277,1697.866333,-1695.010010,171.8879
SwitchBoard_Reborn.esp,000E6C14,FE044135,ConBig03_SBR,STAT,4122.905273,1735.157837,-1695.010010,261.8878
SwitchBoard_Reborn.esp,000E6C13,FE044131,ConBig01_SBR,STAT,4076.000000,2082.000000,-1696.000000,261.8878
SwitchBoard_Reborn.esp,000E6C06,FE044199,NpcChairIndustrialMetalOfficeSit01_SBR,FURN,5223.847656,2916.447754,-1951.010010,120.0129
SwitchBoard_Reborn.esp,000E6C05,FE044199,NpcChairIndustrialMetalOfficeSit01_SBR,FURN,5459.112793,3019.698730,-1951.010010,171.8884
SwitchBoard_Reborn.esp,000E6C04,00049DA3,Prewar_Office_Desk_01,CONT,5223.645996,3046.957275,-1947.959961,351.4056
SwitchBoard_Reborn.esp,000E6C03,00049DA3,Prewar_Office_Desk_01,CONT,5370.311523,3066.069092,-1947.959961,357.1351
SwitchBoard_Reborn.esp,000E6BFA,FE0441CA,IndMetalDbDoor01_SBR,DOOR,3489.490967,525.992920,-1695.010010,81.8877
SwitchBoard_Reborn.esp,000E6BF9,00036CD5,MannequinMale01,MSTT,4263.705566,401.286865,-1695.255371,261.8876
SwitchBoard_Reborn.esp,000E6BED,000BD53C,OfficeDesk01,CONT,3895.243164,377.282410,-1660.697510,180.0000
SwitchBoard_Reborn.esp,000E6BEC,000D8F85,NPCChairIndustrialMetalOfficeSit01Static,STAT,5341.554199,2933.783447,-1933.149292,171.1397
SwitchBoard_Reborn.esp,000E6BEB,00049DA3,Prewar_Office_Desk_01,CONT,5375.980469,2995.487305,-1947.959961,172.2434
SwitchBoard_Reborn.esp,000E6BEA,000D8F85,NPCChairIndustrialMetalOfficeSit01Static,STAT,5402.039062,2990.098877,-1856.948364,3.4412
SwitchBoard_Reborn.esp,000E6BE9,00049DA3,Prewar_Office_Desk_01,CONT,5236.145020,2974.506592,-1947.959961,177.9729
SwitchBoard_Reborn.esp,000E6BE6,00018C93,IndMetalDoor01,DOOR,2693.608643,2481.254150,-1695.010010,261.8884
SwitchBoard_Reborn.esp,000E6BE5,00018C93,IndMetalDoor01,DOOR,3055.705811,2662.156738,-1695.010010,351.8884
SwitchBoard_Reborn.esp,000E6BE4,00018C93,IndMetalDoor01,DOOR,3309.144531,2698.279053,-1695.010010,351.8884
SwitchBoard_Reborn.esp,000E6BE3,00017DD7,MetalShelf01,STAT,2463.931396,2448.511230,-1695.010010,261.8878
SwitchBoard_Reborn.esp,000E6BE2,00017DD7,MetalShelf01,STAT,2555.601807,2542.389893,-1695.010010,351.8878
SwitchBoard_Reborn.esp,000E6BE1,00034A3B,BathroomUrinalBroken01,STAT,3159.950439,3178.027832,-1695.010010,351.8878
SwitchBoard_Reborn.esp,000E6BE0,00034A3B,BathroomUrinalBroken01,STAT,3318.351074,3200.609619,-1695.010010,351.8878
SwitchBoard_Reborn.esp,000E6BDF,00034A3B,BathroomUrinalBroken01,STAT,3239.151611,3189.320557,-1695.010010,351.8878
SwitchBoard_Reborn.esp,000E6BDE,FE0441BE,BathroomStallUrinal01_SBR,STAT,3205.213867,3200.644775,-1695.010010,351.8878
SwitchBoard_Reborn.esp,000E6BDD,FE0441BE,BathroomStallUrinal01_SBR,STAT,3268.573486,3209.676025,-1695.010010,351.8878
SwitchBoard_Reborn.esp,000E6BDC,FE0441B3,BathroomStallRight01_SBR,STAT,3585.371338,3254.831787,-1695.010010,351.8878
SwitchBoard_Reborn.esp,000E6BDB,FE0441B4,BathroomStallDoor02_SBR,DOOR,3585.371338,3254.831787,-1695.010010,351.8878
SwitchBoard_Reborn.esp,000E6BDA,FE0441B4,BathroomStallDoor02_SBR,DOOR,3474.492187,3239.027588,-1695.010010,351.8878
SwitchBoard_Reborn.esp,000E6BD9,FE0441B3,BathroomStallRight01_SBR,STAT,3474.492187,3239.027588,-1695.010010,351.8878
SwitchBoard_Reborn.esp,000E6BD8,FE0441B2,BathroomStallLeft01_SBR,STAT,3347.772705,3220.965088,-1695.010010,351.8878
SwitchBoard_Reborn.esp,000E6BD7,FE0441B3,BathroomStallRight01_SBR,STAT,3078.494629,3182.582520,-1695.010010,351.8878
SwitchBoard_Reborn.esp,000E6BD6,FE0441B4,BathroomStallDoor02_SBR,DOOR,3078.494629,3182.582520,-1695.010010,351.8878
SwitchBoard_Reborn.esp,000E6BD5,000835F4,BathroomStallDoor02STATIC,STAT,2948.484375,3013.786865,-1603.386597,43.4540
SwitchBoard_Reborn.esp,000E6BD4,FE0441B3,BathroomStallRight01_SBR,STAT,2967.615234,3166.777832,-1695.010010,351.8878
SwitchBoard_Reborn.esp,000E6BD3,000835F4,BathroomStallDoor02STATIC,STAT,2847.417236,2868.900879,-1684.358276,1.1576
SwitchBoard_Reborn.esp,000E6BD2,FE0441B3,BathroomStallRight01_SBR,STAT,2856.736084,3150.973633,-1695.010010,351.8878
SwitchBoard_Reborn.esp,000E6BD1,FE0441B5,BathroomStallDoor01_SBR,DOOR,2745.856689,3135.168701,-1695.010010,351.8878
SwitchBoard_Reborn.esp,000E6BD0,FE0441B3,BathroomStallRight01_SBR,STAT,2745.856689,3135.168701,-1695.010010,351.8878
SwitchBoard_Reborn.esp,000E6BCF,FE0441B2,BathroomStallLeft01_SBR,STAT,2619.137451,3117.106445,-1695.010010,351.8878
SwitchBoard_Reborn.esp,000D31E1,000679C1,BldConcMdWallPillar01,STAT,3768.038086,-1326.017578,-1439.010010,311.7803
SwitchBoard_Reborn.esp,000D286B,0003A9F2,OfficePaperDebris01,STAT,5840.325684,1937.904785,-1950.419434,345.0120
SwitchBoard_Reborn.esp,000D286A,0003A9F2,OfficePaperDebris01,STAT,5755.200684,1541.066528,-1950.419434,73.2475
SwitchBoard_Reborn.esp,000D2869,0003A9F2,OfficePaperDebris01,STAT,5264.385742,2361.985840,-1951.010010,221.7802
SwitchBoard_Reborn.esp,000D2868,0003A9F2,OfficePaperDebris01,STAT,5342.203125,2287.484863,-1949.892578,209.7481
SwitchBoard_Reborn.esp,000D2867,0003A9F2,OfficePaperDebris01,STAT,5645.511719,2024.080566,-1948.527466,321.2567
SwitchBoard_Reborn.esp,000D2866,0003A9F2,OfficePaperDebris01,STAT,5487.474609,1985.271362,-1948.527466,38.6061
SwitchBoard_Reborn.esp,000D2865,0003A9F2,OfficePaperDebris01,STAT,5718.922363,2336.354004,-1951.248535,268.7628
SwitchBoard_Reborn.esp,000D2864,0003A9F2,OfficePaperDebris01,STAT,5416.629883,1723.941650,-1952.365967,152.0518
SwitchBoard_Reborn.esp,000D2863,0003A9F2,OfficePaperDebris01,STAT,5460.458984,1824.269531,-1950.657959,23.4002
SwitchBoard_Reborn.esp,000D2862,0003A9EB,OfficeBoxPapers01,STAT,5629.005371,2302.971436,-1951.600586,301.9944
SwitchBoard_Reborn.esp,000D285F,001A594B,TrashcanMetalOffice01,MSTT,5690.592285,2034.254761,-1934.162231,57.7840
SwitchBoard_Reborn.esp,000D285E,001A594B,TrashcanMetalOffice01,MSTT,5688.088379,2322.018555,-1911.010010,87.2459
SwitchBoard_Reborn.esp,000D285D,000D8F85,NPCChairIndustrialMetalOfficeSit01Static,STAT,5319.248047,1998.574463,-1933.609497,269.5949
SwitchBoard_Reborn.esp,000D285B,000D8F85,NPCChairIndustrialMetalOfficeSit01Static,STAT,5520.293457,1752.180786,-1934.020020,178.2441
SwitchBoard_Reborn.esp,000D285A,FE044199,NpcChairIndustrialMetalOfficeSit01_SBR,FURN,5789.912109,1981.584717,-1951.252563,148.6142
SwitchBoard_Reborn.esp,000D2859,FE044199,NpcChairIndustrialMetalOfficeSit01_SBR,FURN,5173.847168,2185.509277,-1951.600586,340.9555
SwitchBoard_Reborn.esp,000D2858,000D8F85,NPCChairIndustrialMetalOfficeSit01Static,STAT,5417.329590,2269.043213,-1938.677612,287.3292
SwitchBoard_Reborn.esp,000D2854,000D8F85,NPCChairIndustrialMetalOfficeSit01Static,STAT,5564.375000,2255.017578,-1934.461548,358.3289
SwitchBoard_Reborn.esp,0023CA78,000EA1AD,IndustrialMetalTableSmall01A,STAT,4107.159180,2017.341431,-30000.000000,325.6225
SwitchBoard_Reborn.esp,000D284F,0003A9EC,OfficeBoxPapers02,STAT,5364.008301,2261.875244,-1882.494751,10.7494
SwitchBoard_Reborn.esp,000D284E,0003A9EB,OfficeBoxPapers01,STAT,5354.916504,2222.883789,-1882.498413,110.4440
SwitchBoard_Reborn.esp,001D03D1,000FDA91,RR102CorpseMsBoom,NPC_,2794.135742,6288.127441,-426.376465,0.0000
SwitchBoard_Reborn.esp,001D03D2,000FDA8D,RR102CorpseMrMathers,NPC_,5635.454102,3691.298584,-1294.744141,0.0000
SwitchBoard_Reborn.esp,000D2840,00049DA3,Prewar_Office_Desk_01,CONT,5325.604492,2279.947266,-1918.020020,0.0000
SwitchBoard_Reborn.esp,000D283F,00049DA3,Prewar_Office_Desk_01,CONT,5553.466309,2359.395264,-1894.570068,98.1124
SwitchBoard_Reborn.esp,000D2837,00096C65,MistWaterSteamLong02Half,MSTT,5331.779785,1575.255615,-1896.301270,351.8876
SwitchBoard_Reborn.esp,000D2835,FE04404B,CrateLargeBlue_SBR,STAT,4654.653320,2094.442383,-1951.010010,82.9879
SwitchBoard_Reborn.esp,000D282E,0001D1AF,TrashDecal03,STAT,6054.729492,1432.494263,-1951.010010,263.6522
SwitchBoard_Reborn.esp,000D282D,0001D1AF,TrashDecal03,STAT,5498.978027,1406.188599,-1951.010010,351.8876
SwitchBoard_Reborn.esp,000D282C,0001D184,TrashDecal01,STAT,5281.962891,1778.909668,-1951.010010,351.8876
SwitchBoard_Reborn.esp,000D282B,0001D1C3,TrashDecal05,STAT,5571.605469,2196.464355,-1948.322510,351.8876
SwitchBoard_Reborn.esp,000D282A,0001D1AF,TrashDecal03,STAT,5055.671387,2230.604980,-1951.010010,351.8876
SwitchBoard_Reborn.esp,002173E5,001ABE3F,MetalShelf01_Broken04,STAT,3594.068359,78.503647,-1695.010010,263.5611
SwitchBoard_Reborn.esp,002173E4,000BF83F,GenericPosterGroup06,STAT,2677.527344,2708.514648,-1605.364136,262.0706
SwitchBoard_Reborn.esp,002173E3,000BF83C,GenericPosterGroup03,STAT,3141.113525,2855.180176,-1597.445435,81.8185
SwitchBoard_Reborn.esp,001ABBA5,001AAE05,OfficeBoxPapersOpen09a,MSTT,6143.037598,4071.637695,-1888.940918,119.9696
SwitchBoard_Reborn.esp,001ABBA4,001AAE06,OfficeBoxPapersOpen09b,MSTT,6248.114258,4014.900391,-1913.214844,354.6835
SwitchBoard_Reborn.esp,001ABBA3,001AAE04,OfficeBoxPapersOpen09,MSTT,6547.128906,3160.320557,-1937.586792,351.7911
SwitchBoard_Reborn.esp,001ABBA2,001A781C,OfficeBoxPapersOpen06,MSTT,6124.114746,2281.688965,-1948.207520,259.3128
SwitchBoard_Reborn.esp,001ABBA1,001AAE04,OfficeBoxPapersOpen09,MSTT,6179.575195,2345.472900,-1950.140625,359.9953
SwitchBoard_Reborn.esp,001ABBA0,001A781C,OfficeBoxPapersOpen06,MSTT,5693.662598,1139.582397,-1950.929687,26.9144
SwitchBoard_Reborn.esp,001ABB9F,001A784B,OfficeBoxPapersOpen07,MSTT,5763.818848,1051.296631,-1951.009277,356.2660
SwitchBoard_Reborn.esp,001ABB9E,001AAE04,OfficeBoxPapersOpen09,MSTT,5598.207520,1327.232422,-1951.027588,67.6069
SwitchBoard_Reborn.esp,001ABB9D,001AAE03,OfficeBoxPapersOpen08,MSTT,5357.076660,2001.227539,-1951.058105,359.9986
SwitchBoard_Reborn.esp,001ABB9C,001A77F1,OfficeBoxPapersOpen03,MSTT,6088.189941,1926.726318,-1951.024048,0.0369
SwitchBoard_Reborn.esp,001ABB9B,001A77F3,OfficeBoxPapersOpen04,MSTT,5877.908691,2371.936279,-1950.994019,359.8806
SwitchBoard_Reborn.esp,001ABB9A,001AAE05,OfficeBoxPapersOpen09a,MSTT,5619.507324,1959.169434,-1949.011597,292.1536
SwitchBoard_Reborn.esp,001ABB99,001AAE03,OfficeBoxPapersOpen08,MSTT,5637.413574,1987.588867,-1949.015381,76.9201
SwitchBoard_Reborn.esp,001ABB98,001A784B,OfficeBoxPapersOpen07,MSTT,5519.311523,2037.269653,-1949.011108,359.0155
SwitchBoard_Reborn.esp,001ABB97,001A781C,OfficeBoxPapersOpen06,MSTT,5348.651855,1882.297852,-1950.956543,359.9849
SwitchBoard_Reborn.esp,001ABB96,001A77F3,OfficeBoxPapersOpen04,MSTT,6051.854980,1572.305054,-1950.956665,307.3440
SwitchBoard_Reborn.esp,001ABB95,001AAE05,OfficeBoxPapersOpen09a,MSTT,5903.343262,1705.974731,-1951.022217,359.9985
SwitchBoard_Reborn.esp,001ABB94,001AAE04,OfficeBoxPapersOpen09,MSTT,5397.136719,1533.316162,-1951.022583,28.6459
SwitchBoard_Reborn.esp,001ABB93,001A781C,OfficeBoxPapersOpen06,MSTT,4188.416992,1608.317261,-1694.929810,347.3919
SwitchBoard_Reborn.esp,001ABB92,001AAE04,OfficeBoxPapersOpen09,MSTT,4329.453125,1501.583252,-1695.013428,24.0642
SwitchBoard_Reborn.esp,001ABB91,001AAE04,OfficeBoxPapersOpen09,MSTT,4561.133301,1527.232666,-1695.017822,0.0000
SwitchBoard_Reborn.esp,001ABB90,001A781C,OfficeBoxPapersOpen06,MSTT,3326.901611,1626.248291,-1694.931274,359.5498
SwitchBoard_Reborn.esp,001ABB8F,001A780B,OfficeBoxPapersOpen05,MSTT,3260.510742,1619.268799,-1694.975098,358.7349
SwitchBoard_Reborn.esp,001ABB8E,001AAE04,OfficeBoxPapersOpen09,MSTT,3172.353760,1065.390259,-1695.015015,340.5195
SwitchBoard_Reborn.esp,001ABB8D,001AAE06,OfficeBoxPapersOpen09b,MSTT,3355.100098,1105.790894,-1695.014893,58.4416
SwitchBoard_Reborn.esp,001ABB8C,001AAE05,OfficeBoxPapersOpen09a,MSTT,3336.221680,1160.308228,-1695.012817,0.0000
SwitchBoard_Reborn.esp,001ABB8B,001AAE04,OfficeBoxPapersOpen09,MSTT,2564.088135,953.080505,-1695.010010,0.0000
SwitchBoard_Reborn.esp,001ABB8A,001A77EE,OfficeBoxPapersOpen02,MSTT,1733.561768,355.283386,-1694.991333,65.0047
SwitchBoard_Reborn.esp,001ABB89,001A77E9,OfficeBoxPapersOpen01,MSTT,1678.098633,348.774231,-1695.008179,0.0056
SwitchBoard_Reborn.esp,001ABB88,001AAE03,OfficeBoxPapersOpen08,MSTT,1748.671387,-202.673843,-1695.012695,50.2499
SwitchBoard_Reborn.esp,001ABB87,001A784B,OfficeBoxPapersOpen07,MSTT,1341.652100,-73.098099,-1695.013550,141.7581
SwitchBoard_Reborn.esp,001ABB86,001AAE04,OfficeBoxPapersOpen09,MSTT,1325.364502,35.026974,-1695.010010,0.0000
SwitchBoard_Reborn.esp,001ABB85,001AAE04,OfficeBoxPapersOpen09,MSTT,1660.510742,-14.510529,-1695.013916,6.8755
SwitchBoard_Reborn.esp,001ABB84,001A77E9,OfficeBoxPapersOpen01,MSTT,2197.085449,-4.744628,-1695.007935,52.7042
SwitchBoard_Reborn.esp,001ABB83,001A77E9,OfficeBoxPapersOpen01,MSTT,2116.927979,150.745483,-1695.008667,118.5572
SwitchBoard_Reborn.esp,001ABB82,001A780B,OfficeBoxPapersOpen05,MSTT,2048.936035,148.791779,-1694.974731,0.0020
SwitchBoard_Reborn.esp,001ABB81,001A784B,OfficeBoxPapersOpen07,MSTT,2394.877441,57.161278,-1695.007812,249.9526
SwitchBoard_Reborn.esp,001ABB80,001AAE04,OfficeBoxPapersOpen09,MSTT,2679.317871,194.403976,-1694.816772,3.1025
SwitchBoard_Reborn.esp,001ABB7F,001A784B,OfficeBoxPapersOpen07,MSTT,2837.176270,-162.474762,-1694.858032,210.8753
SwitchBoard_Reborn.esp,001ABB7E,001AAE04,OfficeBoxPapersOpen09,MSTT,2641.973145,-171.278763,-1694.795288,0.2442
SwitchBoard_Reborn.esp,001ABB7D,001A781C,OfficeBoxPapersOpen06,MSTT,3554.079590,-843.295410,-1438.929077,311.8949
SwitchBoard_Reborn.esp,001ABB7C,001AAE04,OfficeBoxPapersOpen09,MSTT,3643.222412,-1095.234985,-1439.010010,0.0000
SwitchBoard_Reborn.esp,001ABB7B,001AAE03,OfficeBoxPapersOpen08,MSTT,4068.482910,-1220.608154,-1439.015381,300.4125
SwitchBoard_Reborn.esp,001ABB7A,001AAE05,OfficeBoxPapersOpen09a,MSTT,3943.961182,-1322.926636,-1439.010010,0.0000
SwitchBoard_Reborn.esp,001ABB79,001A77F3,OfficeBoxPapersOpen04,MSTT,4860.147949,-1349.683105,-1311.940552,32.0848
SwitchBoard_Reborn.esp,001ABB78,001AAE03,OfficeBoxPapersOpen08,MSTT,4739.053223,-1590.044434,-1312.011597,326.6007
SwitchBoard_Reborn.esp,001ABB77,001AAE05,OfficeBoxPapersOpen09a,MSTT,4514.180664,-1518.048340,-1312.010010,0.0000
SwitchBoard_Reborn.esp,001972CB,000C581B,defaultLightFire01NS,LIGH,4059.531738,609.891907,-1596.758667,90.0016
SwitchBoard_Reborn.esp,001972CA,000D8556,DefaultLightWhite01NSNonSpec,LIGH,3650.387451,-1054.418701,-1402.157837,230.6485
SwitchBoard_Reborn.esp,00194AFA,000BF83F,GenericPosterGroup06,STAT,2608.735840,-141.841751,-1586.661621,247.8242
SwitchBoard_Reborn.esp,00194AF9,000E6F28,BulletinBoard01Static,STAT,2607.637695,-142.328339,-1587.744629,247.8694
SwitchBoard_Reborn.esp,00194AF4,000E726A,Cardboard_Box_Empty01,MSTT,4612.635742,-1444.216187,-1311.317993,224.7977
SwitchBoard_Reborn.esp,00194AF3,000E726A,Cardboard_Box_Empty01,MSTT,3547.103027,978.828979,-1694.944946,220.9046
SwitchBoard_Reborn.esp,00194AF2,000E726A,Cardboard_Box_Empty01,MSTT,2945.180908,1065.730591,-1666.105103,324.8658
SwitchBoard_Reborn.esp,00194AF0,0004B273,OilCan01,MISC,3449.414062,2278.225830,-1683.714600,337.0817
SwitchBoard_Reborn.esp,00194AED,00059B11,Ladle,MISC,5403.693359,2983.541260,-1887.084473,101.9075
SwitchBoard_Reborn.esp,00194AEC,000330F0,PorknBeans,ALCH,5347.461426,2989.142578,-1889.858032,51.5656
SwitchBoard_Reborn.esp,00194AEB,000E726A,Cardboard_Box_Empty01,MSTT,5348.479492,2988.759521,-1891.386108,80.2102
SwitchBoard_Reborn.esp,00194AE9,0001F909,TinCan03,MISC,5698.094727,2850.529297,-1947.000366,89.9558
SwitchBoard_Reborn.esp,00194AE8,0001F909,TinCan03,MISC,5679.407715,2854.463379,-1951.010010,0.0000
SwitchBoard_Reborn.esp,00194AE7,0001F908,TinCan02,MISC,5584.512695,2819.373535,-1947.008301,179.9988
SwitchBoard_Reborn.esp,00194AE3,00165024,OfficePaperDebris02,STAT,4200.921387,1903.766602,-1692.519653,51.4293
SwitchBoard_Reborn.esp,00194AE2,00165025,OfficePaperDebrisSinglePg02,STAT,4555.024414,1982.053589,-1690.934937,284.3697
SwitchBoard_Reborn.esp,00194AE1,00165023,OfficePaperDebrisSinglePg01,STAT,4526.992188,1886.139160,-1690.934937,207.5933
SwitchBoard_Reborn.esp,00194ADF,0019569F,MagazineBurnt02,MISC,4525.019531,1919.741699,-1662.978882,252.2851
SwitchBoard_Reborn.esp,00194ADE,0019569E,MagazineBurnt01,MISC,4577.544922,1918.229980,-1663.029419,197.2841
SwitchBoard_Reborn.esp,00194ADD,0015799C,BookBurnt01,MISC,4553.192871,1898.754395,-1663.013672,331.3532
SwitchBoard_Reborn.esp,00194ADC,FE0441B1,RadioPreWar_SBR,ACTI,4506.134277,1893.408936,-1663.010010,197.8074
SwitchBoard_Reborn.esp,00194AAC,000AE442,NpcChairVaultSit03Closed,MSTT,6412.748535,1835.665527,-1946.681030,176.6658
SwitchBoard_Reborn.esp,00194AAB,000AE442,NpcChairVaultSit03Closed,MSTT,6486.508301,1669.311768,-1946.011230,2.2523
SwitchBoard_Reborn.esp,00194AA6,0008A5D7,TrashEdge01,STAT,6690.604492,2451.631836,-1951.010010,194.8057
SwitchBoard_Reborn.esp,00194AA5,0008A5D7,TrashEdge01,STAT,6593.853516,2350.963135,-1951.010010,93.9651
SwitchBoard_Reborn.esp,00194AA3,0008B5FD,TrashEdge03,STAT,6351.080566,2611.773682,-1951.010010,84.7978
SwitchBoard_Reborn.esp,00194AA2,0008A5D7,TrashEdge01,STAT,6164.023926,2283.527100,-1951.010010,124.9048
SwitchBoard_Reborn.esp,00194AA1,0008A5D7,TrashEdge01,STAT,6265.291016,2379.159180,-1951.010010,75.6304
SwitchBoard_Reborn.esp,00194AA0,0008B5FD,TrashEdge03,STAT,6182.333984,1820.462158,-1951.010010,84.7978
SwitchBoard_Reborn.esp,00194A9F,0008A5E0,TrashEdge02,STAT,6382.225586,2037.748901,-1951.010010,105.1493
SwitchBoard_Reborn.esp,00194A9E,0008A5D7,TrashEdge01,STAT,6444.953613,1733.975464,-1951.010010,85.9437
SwitchBoard_Reborn.esp,00194A9D,0008A5E0,TrashEdge02,STAT,6456.557617,1877.818604,-1951.010010,85.9437
SwitchBoard_Reborn.esp,00194A9C,0001D1AF,TrashDecal03,STAT,6350.808594,2141.044189,-1951.010010,0.0000
SwitchBoard_Reborn.esp,00194A9B,0001D184,TrashDecal01,STAT,6173.754883,2549.855469,-1951.010010,270.0000
SwitchBoard_Reborn.esp,00194A9A,0019149F,Rubble_Pile_Debris_07,STAT,6277.991211,2018.649780,-1951.010010,270.0000
SwitchBoard_Reborn.esp,00194A99,0019149F,Rubble_Pile_Debris_07,STAT,6423.689941,1662.928589,-1951.010010,270.0000
SwitchBoard_Reborn.esp,00194A98,001914A2,Rubble_Pile_Debris_06,STAT,6405.203613,2349.579590,-1951.010010,19.4806
SwitchBoard_Reborn.esp,00194A8F,0009BECB,UtilitySink,STAT,5662.492188,3046.418457,-1951.010010,82.5059
SwitchBoard_Reborn.esp,00194012,00060EC7,Pillow_01_Straw,MISC,5272.865234,2964.806885,-1887.387817,56.1499
SwitchBoard_Reborn.esp,00194011,000ABFF9,Halloween_CatPoster1,SCOL,4973.880371,2924.488525,-1850.929687,261.3598
SwitchBoard_Reborn.esp,00194010,000BF836,GenericPoster02,STAT,4985.385742,2846.086426,-1837.642944,261.9329
SwitchBoard_Reborn.esp,0019400F,000BF837,GenericPoster03,STAT,5009.535645,2680.221191,-1838.278076,261.9329
SwitchBoard_Reborn.esp,0019400E,000BF83A,GenericPosterGroup01,STAT,5386.405762,2622.818359,-1848.218628,171.7613
SwitchBoard_Reborn.esp,0019400D,0007830A,PlayerHouse_Ruin_Lamp01,MISC,5091.288574,2966.138916,-1895.105469,0.0000
SwitchBoard_Reborn.esp,0019400C,000BD534,OfficeFileCabinet03_Beige_Prewar,CONT,5079.195801,2962.947266,-1951.010010,249.9921
SwitchBoard_Reborn.esp,0019400A,0019149F,Rubble_Pile_Debris_07,STAT,5298.450195,2891.356201,-1949.214233,270.0000
SwitchBoard_Reborn.esp,00194009,001914A2,Rubble_Pile_Debris_06,STAT,5422.891113,3017.538818,-1951.010010,335.9358
SwitchBoard_Reborn.esp,00194008,0019149F,Rubble_Pile_Debris_07,STAT,6030.256348,1043.432861,-1951.010010,264.2705
SwitchBoard_Reborn.esp,00194007,0019149E,Rubble_Pile_Debris_05,STAT,6063.416992,1204.029053,-1951.010010,355.4164
SwitchBoard_Reborn.esp,00194006,00191498,Rubble_Pile_Debris_04,STAT,5810.717285,833.651489,-1951.010010,263.7432
SwitchBoard_Reborn.esp,00194005,001914DB,DecalDebris06,STAT,5935.307129,1023.406311,-1951.010010,302.0856
SwitchBoard_Reborn.esp,00194004,00165025,OfficePaperDebrisSinglePg02,STAT,6007.469238,1136.014404,-1950.786865,43.5448
SwitchBoard_Reborn.esp,00194003,00165014,OfficePaperDebris04,STAT,5903.535645,968.415771,-1950.789185,220.7256
SwitchBoard_Reborn.esp,00194002,0016BAF5,PaperDebris02,STAT,5790.442871,1043.886353,-1951.510010,235.6226
SwitchBoard_Reborn.esp,00194001,0016BAF3,PaperDebris01,STAT,5735.682617,991.852905,-1951.760010,166.1578
SwitchBoard_Reborn.esp,00194000,000822CF,Kickball01_Deflated01,STAT,5531.253906,1122.195801,-1951.010010,270.0000
SwitchBoard_Reborn.esp,00193FFF,00059B14,TeddyBear,MISC,5502.400391,1096.172119,-1944.592896,321.2326
SwitchBoard_Reborn.esp,00193FFA,0001F908,TinCan02,MISC,5880.021484,725.358276,-1951.010010,0.0000
SwitchBoard_Reborn.esp,00193FF9,0008A52C,WrhsPlanks01,STAT,5673.937500,838.468140,-1951.010010,255.1031
SwitchBoard_Reborn.esp,00193FF6,0019149F,Rubble_Pile_Debris_07,STAT,4803.627441,1930.162354,-1951.170776,0.0000
SwitchBoard_Reborn.esp,00193FF5,0008A532,WrhsPlanks04,STAT,4299.580078,1603.406982,-1695.010010,331.7883
SwitchBoard_Reborn.esp,00193FF2,000D8F85,NPCChairIndustrialMetalOfficeSit01Static,STAT,5794.793945,1580.688599,-1934.461426,2.6964
SwitchBoard_Reborn.esp,00193FF1,0019149F,Rubble_Pile_Debris_07,STAT,5498.893555,2482.628174,-1951.010010,0.0000
SwitchBoard_Reborn.esp,00193FF0,0019149F,Rubble_Pile_Debris_07,STAT,5144.591797,2099.669189,-1951.010010,0.0000
SwitchBoard_Reborn.esp,00193FEF,0019149F,Rubble_Pile_Debris_07,STAT,5897.926758,1866.960815,-1951.010010,318.7471
SwitchBoard_Reborn.esp,00193FEE,0019149F,Rubble_Pile_Debris_07,STAT,5612.864258,1621.152832,-1951.010010,0.0000
SwitchBoard_Reborn.esp,00193FED,001914C2,DecalDebris05,STAT,4679.183594,1916.283569,-1951.010010,0.0000
SwitchBoard_Reborn.esp,00193FEC,001914C9,DecalDebris04,STAT,4810.153809,2091.807861,-1951.010010,0.0000
SwitchBoard_Reborn.esp,00193FEB,001914DB,DecalDebris06,STAT,5076.651367,1925.525024,-1951.010010,0.0000
SwitchBoard_Reborn.esp,00193FEA,001914DB,DecalDebris06,STAT,5314.910156,1860.127441,-1951.010010,0.0000
SwitchBoard_Reborn.esp,00193FE9,001914DB,DecalDebris06,STAT,5735.923340,1770.968750,-1951.010010,0.0000
SwitchBoard_Reborn.esp,00193FE8,001914DB,DecalDebris06,STAT,5500.067383,1656.579956,-1951.010010,0.0000
SwitchBoard_Reborn.esp,00193FE7,001914C9,DecalDebris04,STAT,5473.607910,1509.581421,-1951.010010,0.0000
SwitchBoard_Reborn.esp,00193FE6,001914C9,DecalDebris04,STAT,5968.022461,1519.248169,-1951.010010,19.4806
SwitchBoard_Reborn.esp,00193FE5,001914C9,DecalDebris04,STAT,5994.615234,2077.301270,-1951.010010,0.0000
SwitchBoard_Reborn.esp,00193FE4,001914C9,DecalDebris04,STAT,5030.885254,1687.808228,-1951.010010,0.0000
SwitchBoard_Reborn.esp,00193FE3,001914C2,DecalDebris05,STAT,5000.591309,1538.467041,-1951.010010,0.0000
SwitchBoard_Reborn.esp,00193FE2,001914DB,DecalDebris06,STAT,5228.946289,1490.340576,-1951.010010,0.0000
SwitchBoard_Reborn.esp,00193FE1,001914C9,DecalDebris04,STAT,4935.264160,1402.410889,-1951.010010,0.0000
SwitchBoard_Reborn.esp,00193FE0,00165024,OfficePaperDebris02,STAT,5350.306641,1525.759644,-1950.419434,132.8351
SwitchBoard_Reborn.esp,00193FDF,0001D184,TrashDecal01,STAT,5685.958496,1708.153687,-1951.010010,0.0000
SwitchBoard_Reborn.esp,00193FDE,0001D1B5,TrashDecal04,STAT,5413.664551,1733.480103,-1950.369873,270.0000
SwitchBoard_Reborn.esp,00193FDD,0001D8F3,DebrisWoodPile04Trash,STAT,6057.614746,2444.290039,-1951.010010,351.9786
SwitchBoard_Reborn.esp,00193FDC,0001D8F4,DebrisWoodPileRoad01Trash,STAT,6125.518066,1778.588013,-1950.010010,83.6518
SwitchBoard_Reborn.esp,00193FDB,000C574A,DCKitPlywoodBroke01,STAT,6034.974609,1745.385742,-1951.010010,0.0000
SwitchBoard_Reborn.esp,00193FDA,001A5947,WoodBox01,MSTT,6102.713867,1866.371338,-1936.977173,265.3882
SwitchBoard_Reborn.esp,00193FD9,FE044199,NpcChairIndustrialMetalOfficeSit01_SBR,FURN,5338.518555,2544.586182,-1951.600586,113.8817
SwitchBoard_Reborn.esp,0019050D,0002EE6F,SandBagSingleH02,MSTT,5605.200195,2238.037598,-1944.198364,46.4305
SwitchBoard_Reborn.esp,0019050C,0002EE6F,SandBagSingleH02,MSTT,5436.385254,2094.551270,-1944.200317,46.4305
SwitchBoard_Reborn.esp,0019050B,0002EE6F,SandBagSingleH02,MSTT,5340.432617,2091.093262,-1943.677002,46.4305
SwitchBoard_Reborn.esp,0019050A,0002EE6F,SandBagSingleH02,MSTT,5662.105957,1959.988159,-1944.176270,296.4294
SwitchBoard_Reborn.esp,00190509,0003712A,NpcChairFederalistOfficeSit01Static,STAT,6096.210938,1391.407837,-1950.950073,220.7256
SwitchBoard_Reborn.esp,00190508,0003712A,NpcChairFederalistOfficeSit01Static,STAT,6122.578125,1587.894287,-1950.950073,150.8248
SwitchBoard_Reborn.esp,00190507,00049DA3,Prewar_Office_Desk_01,CONT,6165.219238,1492.046875,-1921.809082,180.0000
SwitchBoard_Reborn.esp,00190506,00049DA3,Prewar_Office_Desk_01,CONT,6101.121094,1347.624268,-1921.809082,180.0000
SwitchBoard_Reborn.esp,001904F9,00165025,OfficePaperDebrisSinglePg02,STAT,4396.085449,1583.393311,-1694.620972,233.3307
SwitchBoard_Reborn.esp,001904F8,00165023,OfficePaperDebrisSinglePg01,STAT,4256.647949,1515.828491,-1694.620972,315.8366
SwitchBoard_Reborn.esp,001904F6,0008A533,WrhsPlanks05,STAT,4424.779297,1310.660278,-1695.010010,241.7883
SwitchBoard_Reborn.esp,001904F5,0008A52D,WrhsPlanks02,STAT,4178.291992,1480.578491,-1695.010010,80.2142
SwitchBoard_Reborn.esp,001904F4,00165015,OfficePaperDebris05,STAT,4385.084473,1371.336182,-1694.620972,292.9184
SwitchBoard_Reborn.esp,001904F3,00165014,OfficePaperDebris04,STAT,4559.984375,1528.515015,-1695.010010,270.0000
SwitchBoard_Reborn.esp,001904F2,001914C9,DecalDebris04,STAT,4581.659668,1354.991089,-1695.010010,96.2570
SwitchBoard_Reborn.esp,001904F1,001914C9,DecalDebris04,STAT,4488.625000,1621.366821,-1695.010010,0.0000
SwitchBoard_Reborn.esp,001904F0,001914C2,DecalDebris05,STAT,4179.477051,1574.413818,-1695.010010,0.0000
SwitchBoard_Reborn.esp,001904EE,001914DB,DecalDebris06,STAT,3203.072266,2528.497070,-1695.010010,107.7161
SwitchBoard_Reborn.esp,001904ED,001914DB,DecalDebris06,STAT,2871.797852,2458.393066,-1695.010010,41.2530
SwitchBoard_Reborn.esp,001904EC,001914DB,DecalDebris06,STAT,2633.932373,2470.544678,-1695.010010,87.0896
SwitchBoard_Reborn.esp,001904EB,0016BAF3,PaperDebris01,STAT,2566.535156,2367.541504,-1695.760010,167.3037
SwitchBoard_Reborn.esp,001904EA,0001D0C8,LightbulbOff01,STAT,2554.043701,2460.034424,-30000.000000,0.0000
SwitchBoard_Reborn.esp,001904E8,0001A4B9,Newspaper01,MISC,2688.014648,3065.354248,-1659.284058,132.4476
SwitchBoard_Reborn.esp,001904E7,000366C5,Jet,ALCH,2893.487305,3071.882324,-1689.101929,269.9819
SwitchBoard_Reborn.esp,001904E6,001A4D3F,SkeletonClothedF02,MSTT,2913.864990,3096.518066,-1651.822388,146.6772
SwitchBoard_Reborn.esp,001904DC,000CA9C5,FishDead01,STAT,3030.970703,3117.526855,-1676.439331,270.0000
SwitchBoard_Reborn.esp,001904D7,0008A5D7,TrashEdge01,STAT,2859.163086,2827.237061,-1695.010010,271.5821
SwitchBoard_Reborn.esp,001904D2,0016BAF5,PaperDebris02,STAT,3183.061279,3114.638184,-1694.010010,270.0000
SwitchBoard_Reborn.esp,001904D1,001914C9,DecalDebris04,STAT,2794.010986,2760.804443,-1695.010010,83.6519
SwitchBoard_Reborn.esp,001904D0,001914C2,DecalDebris05,STAT,2762.884277,2926.851562,-1695.010010,131.7803
SwitchBoard_Reborn.esp,001904CF,001914DB,DecalDebris06,STAT,2950.887207,2943.240479,-1694.929810,0.0000
SwitchBoard_Reborn.esp,001904CE,001914C2,DecalDebris05,STAT,2964.546631,2844.433838,-1694.859863,0.0000
SwitchBoard_Reborn.esp,001904CD,001914C9,DecalDebris04,STAT,3414.883301,2128.481689,-1695.010010,58.4417
SwitchBoard_Reborn.esp,001904CC,001914C9,DecalDebris04,STAT,3189.728760,1186.643799,-1695.010010,0.0000
SwitchBoard_Reborn.esp,001904CB,001914DB,DecalDebris06,STAT,3515.504150,3050.999512,-1694.903442,270.0000
SwitchBoard_Reborn.esp,001904CA,001914DB,DecalDebris06,STAT,3221.671143,2980.132080,-1694.938110,270.0000
SwitchBoard_Reborn.esp,001904C9,001914C2,DecalDebris05,STAT,3338.236572,3159.322510,-1695.010010,270.0000
SwitchBoard_Reborn.esp,001904C8,0001D1AF,TrashDecal03,STAT,3512.177490,2922.829834,-1694.904297,270.0000
SwitchBoard_Reborn.esp,001904C7,0001D184,TrashDecal01,STAT,3361.423340,2863.678467,-1694.880493,192.0778
SwitchBoard_Reborn.esp,001904C6,0008A5E0,TrashEdge02,STAT,3398.060059,2920.867920,-1695.010010,265.8524
SwitchBoard_Reborn.esp,001904C5,0008B5FD,TrashEdge03,STAT,3561.148193,2780.366455,-1695.010010,173.0333
SwitchBoard_Reborn.esp,001904C4,0001D1AF,TrashDecal03,STAT,3093.839111,2514.110596,-1695.010010,351.9786
SwitchBoard_Reborn.esp,001904C3,0008B5FD,TrashEdge03,STAT,3119.019287,2642.295654,-1695.010010,351.9786
SwitchBoard_Reborn.esp,001904C2,0008B5FD,TrashEdge03,STAT,2996.920898,2422.133789,-1695.010010,351.9786
SwitchBoard_Reborn.esp,001904C1,0008B618,TrashEdge04,STAT,3271.369873,2402.686768,-1695.010010,79.0682
SwitchBoard_Reborn.esp,001904C0,0008B5FD,TrashEdge03,STAT,3416.436035,2575.432129,-1695.010010,79.0682
SwitchBoard_Reborn.esp,001904BD,00165026,OfficePaperDebrisSinglePg03,STAT,3133.465332,1504.989868,-1694.865845,56.6772
SwitchBoard_Reborn.esp,001904BB,00165025,OfficePaperDebrisSinglePg02,STAT,2932.160400,1506.844727,-1694.516968,231.0389
SwitchBoard_Reborn.esp,001904BA,00165023,OfficePaperDebrisSinglePg01,STAT,2870.126465,1494.418213,-1596.896240,327.2958
SwitchBoard_Reborn.esp,001904B9,0016BAF5,PaperDebris02,STAT,3573.420654,995.329346,-1695.760010,154.3092
SwitchBoard_Reborn.esp,001904B8,0016BAF5,PaperDebris02,STAT,3090.634766,1127.216553,-1695.642212,0.0000
SwitchBoard_Reborn.esp,001904B7,0002B8F9,DecalWood02,STAT,3620.952393,1191.053589,-1637.088501,180.0000
SwitchBoard_Reborn.esp,001904AB,00165024,OfficePaperDebris02,STAT,3338.281006,1130.008789,-1694.865845,325.0040
SwitchBoard_Reborn.esp,001904AA,00165023,OfficePaperDebrisSinglePg01,STAT,3360.386963,1407.104736,-1694.865845,16.5701
SwitchBoard_Reborn.esp,001904A9,00165023,OfficePaperDebrisSinglePg01,STAT,3438.930908,1304.550049,-1694.865845,312.3989
SwitchBoard_Reborn.esp,001904A8,00165022,OfficePaperDebris07,STAT,3174.968018,1341.646240,-1694.865845,270.0000
SwitchBoard_Reborn.esp,001904A2,0001D30A,ClockStarburst01,STAT,2009.604492,-90.972549,-1548.930298,81.7271
SwitchBoard_Reborn.esp,000D2829,0001D18E,TrashDecal02,STAT,5006.616699,2487.378906,-1951.010010,261.8876
SwitchBoard_Reborn.esp,000D2828,0001D18E,TrashDecal02,STAT,5985.979492,2359.764404,-1951.010010,351.8876
SwitchBoard_Reborn.esp,000D2827,0001D184,TrashDecal01,STAT,5395.738770,2514.657715,-1951.010010,351.8876
SwitchBoard_Reborn.esp,0019049A,00165015,OfficePaperDebris05,STAT,1372.145874,-2.600292,-1694.756958,308.4339
SwitchBoard_Reborn.esp,00190492,00165014,OfficePaperDebris04,STAT,1868.808838,220.479385,-1694.756958,258.9769
SwitchBoard_Reborn.esp,00190491,0003A9F2,OfficePaperDebris01,STAT,1799.033203,352.743347,-1694.756958,178.7628
SwitchBoard_Reborn.esp,00190490,00165024,OfficePaperDebris02,STAT,1604.397583,56.372070,-1694.756958,178.7628
SwitchBoard_Reborn.esp,0019048F,00165012,OfficePaperDebris03,STAT,1403.738770,-267.209351,-1694.756958,67.6090
SwitchBoard_Reborn.esp,0019048E,00165022,OfficePaperDebris07,STAT,1540.576294,-69.183495,-1694.756958,67.6090
SwitchBoard_Reborn.esp,0019048D,0016501E,OfficePaperDebris06,STAT,1329.887451,-26.767441,-1694.756958,0.0000
SwitchBoard_Reborn.esp,0019048C,0008029C,DebrisPileSmallWood04,STAT,4049.486084,640.809814,-1695.010010,34.3775
SwitchBoard_Reborn.esp,0019048B,0008029B,DebrisPileSmallWood03,STAT,4475.240234,427.645996,-1693.469604,270.0000
SwitchBoard_Reborn.esp,0019048A,0019149F,Rubble_Pile_Debris_07,STAT,4639.739746,205.381805,-1695.010010,270.0000
SwitchBoard_Reborn.esp,00190489,0019149F,Rubble_Pile_Debris_07,STAT,4717.191406,374.857666,-1695.010010,270.0000
SwitchBoard_Reborn.esp,00190488,001914A2,Rubble_Pile_Debris_06,STAT,4778.239746,112.483345,-1695.010010,152.4068
SwitchBoard_Reborn.esp,00190478,FE0441A9,IndustrialMetalTableLarge01_SBR,STAT,4690.301270,485.143890,-1693.651733,351.9786
SwitchBoard_Reborn.esp,00190477,0002EE6E,SandBagSingleH01,MSTT,3497.425781,1170.693481,-1688.443726,296.3561
SwitchBoard_Reborn.esp,00190476,0002EE6E,SandBagSingleH01,MSTT,3504.329346,1253.088257,-1688.445435,302.0856
SwitchBoard_Reborn.esp,00190475,0002EE6E,SandBagSingleH01,MSTT,3428.237305,1254.006958,-1688.439209,239.2432
SwitchBoard_Reborn.esp,00190473,0007350B,PlayerHouse_Ruin_Rug01,STAT,4296.089355,146.400513,-1695.010010,58.4417
SwitchBoard_Reborn.esp,00190472,00027EB9,PlayerHouse_Ruin_Rug04,STAT,4515.977051,333.017517,-1695.010010,351.7495
SwitchBoard_Reborn.esp,00190470,0008B618,TrashEdge04,STAT,3947.914062,318.316132,-1695.010010,0.0000
SwitchBoard_Reborn.esp,0019046F,0008B5FD,TrashEdge03,STAT,3591.620605,147.780640,-1695.010010,351.9786
SwitchBoard_Reborn.esp,0019046E,0008B618,TrashEdge04,STAT,3664.256592,-26.573479,-1695.010010,0.0000
SwitchBoard_Reborn.esp,0019046D,0008A5D7,TrashEdge01,STAT,3858.711914,408.410339,-1695.010010,148.5330
SwitchBoard_Reborn.esp,0019046C,0001D184,TrashDecal01,STAT,4166.533203,504.966125,-1694.424072,43.5448
SwitchBoard_Reborn.esp,0019046A,0001D1B5,TrashDecal04,STAT,3714.786377,371.408417,-1695.010010,0.0000
SwitchBoard_Reborn.esp,00190469,0001D1AF,TrashDecal03,STAT,2924.279541,493.714813,-1695.010010,270.0000
SwitchBoard_Reborn.esp,00190468,0001D184,TrashDecal01,STAT,3296.032715,496.097809,-1695.010010,0.0000
SwitchBoard_Reborn.esp,00190467,0001D1B5,TrashDecal04,STAT,2775.003662,359.467865,-1695.010010,0.0000
SwitchBoard_Reborn.esp,00190466,00036CD5,MannequinMale01,MSTT,2711.953125,152.389252,-1695.258423,343.9572
SwitchBoard_Reborn.esp,00190465,0001D1AF,TrashDecal03,STAT,2695.589844,166.381775,-1695.010010,0.0000
SwitchBoard_Reborn.esp,00190464,0001D18E,TrashDecal02,STAT,2515.882812,392.697571,-1695.010010,178.7628
SwitchBoard_Reborn.esp,00190463,0008A5D7,TrashEdge01,STAT,2708.771240,291.671417,-1695.010010,72.1927
SwitchBoard_Reborn.esp,00190462,0008B5FD,TrashEdge03,STAT,2500.491699,340.412903,-1695.010010,72.1927
SwitchBoard_Reborn.esp,00190461,0008A5D7,TrashEdge01,STAT,2666.893799,500.903076,-1695.010010,346.2490
SwitchBoard_Reborn.esp,00190460,0008B5FD,TrashEdge03,STAT,2770.352539,520.873474,-1695.010010,346.2490
SwitchBoard_Reborn.esp,0019045F,0001D184,TrashDecal01,STAT,2402.730469,150.412018,-1695.010010,312.3989
SwitchBoard_Reborn.esp,0019045E,0001D1B5,TrashDecal04,STAT,2534.276611,193.618317,-1695.010010,0.0000
SwitchBoard_Reborn.esp,0019045D,0008A5D7,TrashEdge01,STAT,2685.038330,-259.939392,-1695.010010,37.8152
SwitchBoard_Reborn.esp,0019045C,0008A5D7,TrashEdge01,STAT,2915.728027,-200.112457,-1695.010010,37.8152
SwitchBoard_Reborn.esp,0019045B,0001D184,TrashDecal01,STAT,2622.850098,-111.694397,-1695.010010,218.4339
SwitchBoard_Reborn.esp,0019045A,0001D1B5,TrashDecal04,STAT,2790.666260,-258.463379,-1695.010010,0.0000
SwitchBoard_Reborn.esp,00190459,0001D18E,TrashDecal02,STAT,3227.332031,-664.890808,-1567.010010,42.3989
SwitchBoard_Reborn.esp,00190458,0001D1AF,TrashDecal03,STAT,3569.062744,-978.281677,-1439.010010,270.0000
SwitchBoard_Reborn.esp,00190457,0008A5D7,TrashEdge01,STAT,3713.170898,-1015.474243,-1439.010010,205.1189
SwitchBoard_Reborn.esp,00190456,0008954A,TrashClump01,STAT,3700.807617,-996.440918,-1439.010010,224.5995
SwitchBoard_Reborn.esp,00190455,0019149F,Rubble_Pile_Debris_07,STAT,3805.116211,-1125.146362,-1439.010010,308.9611
SwitchBoard_Reborn.esp,00190454,0019149F,Rubble_Pile_Debris_07,STAT,3501.510254,-898.965576,-1439.010010,270.0000
SwitchBoard_Reborn.esp,00190440,FE0441BC,FluorescentLightThinOff01_SBR,STAT,4115.815430,-1156.937256,-1086.526611,311.7919
SwitchBoard_Reborn.esp,0019043F,FE0441BC,FluorescentLightThinOff01_SBR,STAT,4297.165527,-1309.911865,-1086.526611,311.7919
SwitchBoard_Reborn.esp,000D2824,FE0441CA,IndMetalDbDoor01_SBR,DOOR,5849.738281,1201.820312,-1951.010010,351.8876
SwitchBoard_Reborn.esp,000D2823,FE0441CA,IndMetalDbDoor01_SBR,DOOR,6114.745605,2063.842773,-1951.010010,261.8873
SwitchBoard_Reborn.esp,000D2822,FE0441CA,IndMetalDbDoor01_SBR,DOOR,5644.270508,2643.248291,-1951.010010,171.8877
SwitchBoard_Reborn.esp,00190439,00018CD4,MetalBarrelStatic01,STAT,4413.996094,-1297.505737,-1413.292725,229.5589
SwitchBoard_Reborn.esp,00190437,000625CC,MetalBarrelMovable02,MSTT,3989.627686,-1441.400879,-1413.341187,212.1378
SwitchBoard_Reborn.esp,00190436,0016BAF5,PaperDebris02,STAT,4254.651367,-1293.369385,-1439.760010,96.2569
SwitchBoard_Reborn.esp,00190435,0016BAF5,PaperDebris02,STAT,4355.879883,-1210.866943,-1439.760010,41.2530
SwitchBoard_Reborn.esp,00190434,0016BAF5,PaperDebris02,STAT,3950.240967,-1422.064697,-1439.760010,41.2530
SwitchBoard_Reborn.esp,00190433,00165026,OfficePaperDebrisSinglePg03,STAT,4210.075684,-1429.502930,-1438.789307,34.3775
SwitchBoard_Reborn.esp,00190432,0001D1B5,TrashDecal04,STAT,4101.847656,-1478.951050,-1439.010010,302.0857
SwitchBoard_Reborn.esp,00156D46,0001EE9D,FlagpoleUSA01,STAT,4697.292480,2215.815430,-1695.010010,75.0575
SwitchBoard_Reborn.esp,00156D45,0017FE29,FlagWallUSA,STAT,5078.278320,2207.731934,-1735.284302,261.9785
SwitchBoard_Reborn.esp,00156D44,0017FE29,FlagWallUSA,STAT,5123.143066,1889.366333,-1735.284302,261.9785
SwitchBoard_Reborn.esp,00156D43,0001EE9D,FlagpoleUSA01,STAT,5138.142578,2520.702393,-1950.989990,14.8969
SwitchBoard_Reborn.esp,00156D42,0001EE9D,FlagpoleUSA01,STAT,5404.461426,1397.131836,-1950.989990,14.8969
SwitchBoard_Reborn.esp,00156D41,000BF83C,GenericPosterGroup03,STAT,1299.034546,-312.153534,-1535.206055,261.8885
SwitchBoard_Reborn.esp,00156D40,000BF83E,GenericPosterGroup05,STAT,1887.051514,-331.724579,-1535.810669,171.8885
SwitchBoard_Reborn.esp,00156D3F,000BF83A,GenericPosterGroup01,STAT,1240.443848,98.933121,-1535.206055,261.8885
SwitchBoard_Reborn.esp,001924BA,000544CB,LvlRadRoachAmbush,NPC_,2698.132324,5105.378906,-463.010010,276.8886
SwitchBoard_Reborn.esp,001924BF,000544CB,LvlRadRoachAmbush,NPC_,2573.447021,5252.019531,-463.010010,202.8115
SwitchBoard_Reborn.esp,001924D8,FE0441AC,SBR_LvlSynthBoss,NPC_,4191.988281,246.323715,-1695.010010,260.9240
SwitchBoard_Reborn.esp,001924D2,FE044804,SBR_LvlSynth,NPC_,4393.493164,1634.651367,-1693.041260,90.0000
SwitchBoard_Reborn.esp,001924D5,FE044804,SBR_LvlSynth,NPC_,5071.067383,2088.365723,-1949.041260,90.0000
SwitchBoard_Reborn.esp,001924CA,00020B88,LvlRadscorpion,NPC_,4128.956055,5670.117188,-753.838684,312.4903
SwitchBoard_Reborn.esp,001924E0,FE044804,SBR_LvlSynth,NPC_,3150.366699,1217.247925,-1695.010132,49.8930
SwitchBoard_Reborn.esp,0019251F,000A4C98,BarrelTankFlammable,MSTT,4274.188965,265.505737,-1695.010010,81.1417
SwitchBoard_Reborn.esp,0019251E,0001F8FD,FireExtinguisherHolder01,STAT,2502.605225,304.329651,-1607.010010,255.5284
SwitchBoard_Reborn.esp,0019251D,0001F8F9,FireExtinguisher01,MISC,2511.148193,306.557922,-1627.078491,183.4625
SwitchBoard_Reborn.esp,0019251B,0009B05E,PosterArmy02,STAT,2671.229980,708.984009,-1591.533936,351.3617
SwitchBoard_Reborn.esp,0019251A,0009B05D,PosterArmy03,STAT,2419.142578,896.284485,-1591.533936,182.3620
SwitchBoard_Reborn.esp,00192519,00189163,TrashCanMetal_Lid,MSTT,3428.587158,2229.909668,-1695.010010,0.0000
SwitchBoard_Reborn.esp,00192518,00189160,TrashCanMetal,MSTT,3450.380615,2284.538330,-1692.840576,266.7519
SwitchBoard_Reborn.esp,001924DC,0007D285,LvlRadRoachAggro880,NPC_,3444.201416,3040.743896,-1695.010132,193.1335
SwitchBoard_Reborn.esp,001924DA,FE0441A9,IndustrialMetalTableLarge01_SBR,STAT,4196.594727,497.486572,-1695.010010,261.8884
SwitchBoard_Reborn.esp,001924CD,00020B88,LvlRadscorpion,NPC_,5399.194336,4413.117188,-1709.041260,175.9437
SwitchBoard_Reborn.esp,00192499,000BA58F,Vault_Crate_01_Steel,STAT,4109.145508,-497.070587,-1569.170410,352.6090
SwitchBoard_Reborn.esp,00192498,000BA58F,Vault_Crate_01_Steel,STAT,4056.700928,-503.466064,-1569.170410,346.8794
SwitchBoard_Reborn.esp,00192488,00060EC7,Pillow_01_Straw,MISC,6206.090820,1107.478149,-1936.595947,354.2711
SwitchBoard_Reborn.esp,00192487,00060EC7,Pillow_01_Straw,MISC,5530.645508,1031.587158,-1943.010010,351.3486
SwitchBoard_Reborn.esp,00192486,00060EC7,Pillow_01_Straw,MISC,5913.584473,747.766235,-1939.164673,247.9412
SwitchBoard_Reborn.esp,00192485,0010C3B6,WorkbenchCookingFire,FURN,5672.551758,2875.995361,-1951.010010,296.0115
SwitchBoard_Reborn.esp,00192484,0018C1D8,FootLocker01_Static,STAT,5057.662598,2770.550781,-1951.010010,348.5410
SwitchBoard_Reborn.esp,00192483,0018C1D7,FootLocker01_Lid,MSTT,5058.397949,2767.675049,-1928.722534,57.4230
SwitchBoard_Reborn.esp,00192482,0018C1D7,FootLocker01_Lid,MSTT,5254.600586,2671.580078,-1950.184082,103.1324
SwitchBoard_Reborn.esp,00192481,0018C1D8,FootLocker01_Static,STAT,5220.665527,2662.725342,-1951.010010,262.5973
SwitchBoard_Reborn.esp,0019246B,000DED59,LvlTurretTripod,NPC_,3139.016846,6472.310547,-438.041199,262.5973
SwitchBoard_Reborn.esp,0019246A,000DED59,LvlTurretTripod,NPC_,3015.938477,6274.400879,-438.041199,308.4339
SwitchBoard_Reborn.esp,00192469,000DED59,LvlTurretTripod,NPC_,1293.891846,4198.883301,62.650269,153.7353
SwitchBoard_Reborn.esp,00192468,00091431,PlayerHouse_Ruin_BathroomMirror02,CONT,3607.843018,2757.018555,-1567.010010,171.8877
SwitchBoard_Reborn.esp,00192467,00091431,PlayerHouse_Ruin_BathroomMirror02,CONT,3489.043457,2740.084961,-1567.010010,171.8877
SwitchBoard_Reborn.esp,00192466,00091431,PlayerHouse_Ruin_BathroomMirror02,CONT,2847.528320,2648.642578,-1567.010010,171.8877
SwitchBoard_Reborn.esp,00192465,00091431,PlayerHouse_Ruin_BathroomMirror02,CONT,2760.408691,2636.224609,-1567.010010,171.8877
SwitchBoard_Reborn.esp,00192464,0002FBF9,NpcBedGroundSleep01,FURN,6147.250977,1098.778320,-1951.858276,81.8877
SwitchBoard_Reborn.esp,00192463,0002FBF9,NpcBedGroundSleep01,FURN,5591.555664,1034.880615,-1954.437866,253.2363
SwitchBoard_Reborn.esp,00192462,0002FBF9,NpcBedGroundSleep01,FURN,5893.078613,808.396729,-1951.010010,161.2880
SwitchBoard_Reborn.esp,00192460,FE044092,PowerGenerator02Static_SBR,STAT,5588.274902,825.154907,-1951.010010,351.8877
SwitchBoard_Reborn.esp,0019245F,FE044092,PowerGenerator02Static_SBR,STAT,6206.030273,913.210327,-1951.010010,351.8877
SwitchBoard_Reborn.esp,0019245D,FE044803,PowerGenerator02_NeverUseByItself_SBR,MSTT,5754.593750,848.862122,-1951.010010,351.8877
SwitchBoard_Reborn.esp,0019245C,001340D3,NpcBedMetalLay01,FURN,5039.060547,2864.055664,-1951.010010,351.8879
SwitchBoard_Reborn.esp,0019245B,00118347,OfficeFileCabine02SteelStatic,STAT,5083.361816,3028.163818,-1951.010010,351.8879
SwitchBoard_Reborn.esp,0019245A,001340D3,NpcBedMetalLay01,FURN,5387.467285,2687.452637,-1951.010010,261.8880
SwitchBoard_Reborn.esp,00192459,001340D3,NpcBedMetalLay01,FURN,5118.188965,2649.070801,-1951.010010,261.8880
SwitchBoard_Reborn.esp,00192458,001405CA,ConsolePanB02,STAT,1329.250732,-278.547089,-1634.400146,257.0472
SwitchBoard_Reborn.esp,000D281D,00001DE0,PondMuddy10,STAT,5089.747070,1455.326050,-1951.010010,351.8876
SwitchBoard_Reborn.esp,00192456,001405AE,ConsoleCabDrawer01,STAT,1388.254150,-379.584381,-1695.010010,171.8894
SwitchBoard_Reborn.esp,00192455,001405B4,ConsoleCabSingle01,STAT,1388.254150,-379.584381,-1695.010010,171.8894
SwitchBoard_Reborn.esp,00192454,001405CC,ConsolePanB04,STAT,1389.189575,-357.798889,-1634.010010,173.7699
SwitchBoard_Reborn.esp,00192453,00140607,ConsoleTowerCorner02,SCOL,1338.476685,-370.517334,-1695.010010,261.8884
SwitchBoard_Reborn.esp,00192452,0014400F,ConsoleTowerBLeft04,SCOL,1314.735107,-317.335205,-1695.010010,261.8884
SwitchBoard_Reborn.esp,00192451,FE044199,NpcChairIndustrialMetalOfficeSit01_SBR,FURN,3046.602783,1502.795288,-1695.010010,347.5777
SwitchBoard_Reborn.esp,00192450,001405AE,ConsoleCabDrawer01,STAT,2874.320557,1496.897461,-1695.010010,261.8888
SwitchBoard_Reborn.esp,0019244F,001405C0,ConsolePanA11,STAT,2896.094971,1495.960571,-1634.010010,259.4604
SwitchBoard_Reborn.esp,0019244E,001405A5,ConsoleCabARight01,STAT,2875.449463,1488.977539,-1695.010010,261.8888
SwitchBoard_Reborn.esp,0019244D,001405C5,ConsolePanA16,STAT,2890.724854,1495.195190,-1619.010010,261.8888
SwitchBoard_Reborn.esp,0019244C,001405C3,ConsolePanA14,STAT,2890.724854,1495.195190,-1607.010010,261.8888
SwitchBoard_Reborn.esp,0019244B,001405C7,ConsolePanA18,STAT,2903.594727,1497.029541,-1643.010010,259.4604
SwitchBoard_Reborn.esp,0019244A,001405AE,ConsoleCabDrawer01,STAT,2936.569092,1570.416870,-1695.010010,351.8888
SwitchBoard_Reborn.esp,00192449,001405BE,ConsolePanA09,STAT,2935.632324,1548.642456,-1634.010010,353.7694
SwitchBoard_Reborn.esp,00192448,001405A5,ConsoleCabARight01,STAT,2928.649170,1569.287964,-1695.010010,351.8888
SwitchBoard_Reborn.esp,00192447,001405C9,ConsolePanB01,STAT,2934.866943,1554.012573,-1606.205811,351.8888
SwitchBoard_Reborn.esp,00192446,001405C6,ConsolePanA17,STAT,2936.701172,1541.142578,-1643.010010,353.7694
SwitchBoard_Reborn.esp,00192445,001405B6,ConsolePanA01,STAT,2974.466797,1559.656982,-1583.010010,351.8888
SwitchBoard_Reborn.esp,00192444,001405BA,ConsolePanA05,STAT,2974.466797,1559.656982,-1619.010010,351.8888
SwitchBoard_Reborn.esp,00192443,001405BA,ConsolePanA05,STAT,3054.316162,1565.575928,-1633.655029,353.7694
SwitchBoard_Reborn.esp,00192442,001405A7,ConsoleCabBLeft01,STAT,2976.168945,1576.061401,-1695.010010,351.8888
SwitchBoard_Reborn.esp,00192441,001405C3,ConsolePanA14,STAT,3093.266113,1576.589844,-1595.010010,351.8888
SwitchBoard_Reborn.esp,00192440,001405DA,ConsolePanB18,STAT,3053.666260,1570.945557,-1607.010010,351.8888
SwitchBoard_Reborn.esp,0019243F,001405BE,ConsolePanA09,STAT,3093.266113,1576.589844,-1583.010010,351.8888
SwitchBoard_Reborn.esp,0019243E,001405C0,ConsolePanA11,STAT,3053.666260,1570.945557,-1595.010010,351.8898
SwitchBoard_Reborn.esp,0019243D,001405C2,ConsolePanA13,STAT,2976.301025,1546.787109,-1643.010010,353.7694
SwitchBoard_Reborn.esp,0019243C,001405BD,ConsolePanA08,STAT,3014.066406,1565.301270,-1607.010010,351.8888
SwitchBoard_Reborn.esp,0019243B,001405BB,ConsolePanA06,STAT,3014.066406,1565.301270,-1595.010010,351.8888
SwitchBoard_Reborn.esp,0019243A,001405AC,ConsoleCabBRight01,STAT,3087.048340,1591.865356,-1695.010010,351.8888
SwitchBoard_Reborn.esp,000D281C,00001DE0,PondMuddy10,STAT,5989.846680,2319.087402,-1950.020020,351.8876
SwitchBoard_Reborn.esp,00192438,001405C5,ConsolePanA16,STAT,2975.231689,1554.289551,-1634.010010,353.7694
SwitchBoard_Reborn.esp,00192437,001405C5,ConsolePanA16,STAT,3093.266113,1576.589844,-1619.010010,351.8888
SwitchBoard_Reborn.esp,00192436,001405AF,ConsoleCabDrawerMid01,STAT,3031.608643,1583.963379,-1695.010010,351.8888
SwitchBoard_Reborn.esp,00192435,001405C4,ConsolePanA15,STAT,3014.895020,1559.957031,-1633.655029,353.7694
SwitchBoard_Reborn.esp,00192434,001405C7,ConsolePanA18,STAT,3095.100342,1563.719971,-1643.010010,353.7694
SwitchBoard_Reborn.esp,00192433,001405AE,ConsoleCabDrawer01,STAT,2976.168945,1576.061401,-1695.010010,351.8888
SwitchBoard_Reborn.esp,00192432,001405AE,ConsoleCabDrawer01,STAT,3094.968262,1592.994263,-1695.010010,351.8888
SwitchBoard_Reborn.esp,00192431,001405C6,ConsolePanA17,STAT,3094.032959,1571.208740,-1634.010010,353.7694
SwitchBoard_Reborn.esp,00192430,001405B8,ConsolePanA03,STAT,2974.466797,1559.656982,-1607.010010,351.8888
SwitchBoard_Reborn.esp,0019242F,001405B7,ConsolePanA02,STAT,3014.066406,1565.301270,-1583.010010,351.8888
SwitchBoard_Reborn.esp,0019242E,001405BE,ConsolePanA09,STAT,3134.476318,1565.555908,-1583.010010,351.8888
SwitchBoard_Reborn.esp,0019242D,001405B5,ConsoleCabSingle02,STAT,3129.960938,1597.235718,-1695.010010,351.8888
SwitchBoard_Reborn.esp,0019242C,001405C2,ConsolePanA13,STAT,3134.476318,1565.555908,-1595.010010,351.8888
SwitchBoard_Reborn.esp,0019242B,001405C7,ConsolePanA18,STAT,3134.476318,1565.555908,-1667.010010,351.8888
SwitchBoard_Reborn.esp,0019242A,001405CC,ConsolePanB04,STAT,3134.476318,1565.555908,-1607.010010,351.8888
SwitchBoard_Reborn.esp,00192429,001405C5,ConsolePanA16,STAT,3134.476318,1565.555908,-1655.010010,351.8888
SwitchBoard_Reborn.esp,00192428,001405C8,ConsolePanA19,STAT,3134.476318,1565.555908,-1631.010010,351.8888
SwitchBoard_Reborn.esp,00192427,001405B5,ConsoleCabSingle02,STAT,3169.560547,1602.880005,-1695.010010,351.8888
SwitchBoard_Reborn.esp,00192426,001405DD,ConsolePanB21,STAT,3174.075928,1571.200195,-1606.878418,351.8888
SwitchBoard_Reborn.esp,00192425,001405C3,ConsolePanA14,STAT,3174.075928,1571.200195,-1595.010010,351.8888
SwitchBoard_Reborn.esp,00192424,001405C4,ConsolePanA15,STAT,3174.075928,1571.200195,-1643.010010,351.8888
SwitchBoard_Reborn.esp,00192423,001405C6,ConsolePanA17,STAT,3174.075928,1571.200195,-1655.010010,351.8888
SwitchBoard_Reborn.esp,00192422,001405BF,ConsolePanA10,STAT,3174.075928,1571.200195,-1631.010010,351.8888
SwitchBoard_Reborn.esp,00192421,001405B5,ConsoleCabSingle02,STAT,2880.541504,1453.671631,-1695.010010,261.8888
SwitchBoard_Reborn.esp,00192420,001405C5,ConsolePanA16,STAT,2912.221436,1458.187012,-1619.010010,261.8888
SwitchBoard_Reborn.esp,0019241F,001405C4,ConsolePanA15,STAT,2912.221436,1458.187012,-1595.010010,261.8888
SwitchBoard_Reborn.esp,0019241E,001405C1,ConsolePanA12,STAT,2912.221436,1458.187012,-1643.010010,261.8888
SwitchBoard_Reborn.esp,0019241D,001405C7,ConsolePanA18,STAT,2912.221436,1458.187012,-1667.010010,261.8888
SwitchBoard_Reborn.esp,0019241C,001405C6,ConsolePanA17,STAT,2912.221436,1458.187012,-1655.010010,261.8888
SwitchBoard_Reborn.esp,0019241B,001405BF,ConsolePanA10,STAT,2912.221436,1458.187012,-1631.010010,261.8888
SwitchBoard_Reborn.esp,0019241A,001405C0,ConsolePanA11,STAT,2917.865723,1418.587280,-1583.010010,261.8888
SwitchBoard_Reborn.esp,00192419,001405B5,ConsoleCabSingle02,STAT,2886.185791,1414.071899,-1695.010010,261.8888
SwitchBoard_Reborn.esp,00192418,001405CB,ConsolePanB03,STAT,2917.865723,1418.587280,-1619.010010,261.8888
SwitchBoard_Reborn.esp,00192417,001405C4,ConsolePanA15,STAT,2917.865723,1418.587280,-1643.010010,261.8888
SwitchBoard_Reborn.esp,00192416,001405C7,ConsolePanA18,STAT,2917.865723,1418.587280,-1667.010010,261.8888
SwitchBoard_Reborn.esp,00192415,001405BD,ConsolePanA08,STAT,2917.865723,1418.587280,-1607.010010,261.8888
SwitchBoard_Reborn.esp,00192414,00140609,ConsoleTowerCorner01,SCOL,2883.387207,1546.674927,-1695.010010,351.8881
SwitchBoard_Reborn.esp,00192413,00072A0C,SandbagWallNoSkirt01,MSTT,3450.875244,1220.303833,-1694.909180,187.1277
SwitchBoard_Reborn.esp,00192412,00165024,OfficePaperDebris02,STAT,4662.759277,1987.865356,-1693.588257,267.0438
SwitchBoard_Reborn.esp,00192411,0003A9F2,OfficePaperDebris01,STAT,4434.653320,1854.424561,-1692.519653,191.4134
SwitchBoard_Reborn.esp,00192410,000D8F8A,NPCChairModernDomesticSit03Static,STAT,4370.134766,1944.457031,-1679.010010,30.4193
SwitchBoard_Reborn.esp,00192407,FE0441A0,PlayerHouse_Ruin_Television01_SBR,STAT,5027.891113,2131.863037,-1695.173584,81.8876
SwitchBoard_Reborn.esp,00192406,000F9232,Clock03_Wall,STAT,5166.820312,2135.603271,-1499.788452,80.5974
SwitchBoard_Reborn.esp,00192405,000EF2D1,Clock02_Wall,STAT,5189.664551,1984.919678,-1503.010010,80.5974
SwitchBoard_Reborn.esp,00192404,FE0441A0,PlayerHouse_Ruin_Television01_SBR,STAT,5054.620605,1945.448608,-1695.173584,81.8876
SwitchBoard_Reborn.esp,00192403,001422F0,ConsoleTowerSingle03,SCOL,4742.442383,2223.790527,-1695.010010,351.8877
SwitchBoard_Reborn.esp,000D27B0,FE0441CA,IndMetalDbDoor01_SBR,DOOR,4069.177246,1901.558350,-1695.010010,261.8877
SwitchBoard_Reborn.esp,00192401,001405F9,ConsoleTowerALeft01,SCOL,5019.640625,2263.302734,-1695.010010,351.8877
SwitchBoard_Reborn.esp,00192400,001405FB,ConsoleTowerAMid01,SCOL,4956.281250,2254.271240,-1695.010010,351.8877
SwitchBoard_Reborn.esp,001923FF,001405FB,ConsoleTowerAMid01,SCOL,4940.300781,1799.465088,-1695.010010,171.8877
SwitchBoard_Reborn.esp,001923FE,001405F9,ConsoleTowerALeft01,SCOL,4876.941406,1790.433838,-1695.010010,171.8877
SwitchBoard_Reborn.esp,001923FD,001405FB,ConsoleTowerAMid01,SCOL,5019.500488,1810.754395,-1695.010010,171.8877
SwitchBoard_Reborn.esp,001923FC,001405F9,ConsoleTowerALeft01,SCOL,5074.939941,1818.656860,-1695.010010,171.8877
SwitchBoard_Reborn.esp,000D27A9,FE0441CA,IndMetalDbDoor01_SBR,DOOR,4413.209473,2209.185059,-1695.010010,171.8876
SwitchBoard_Reborn.esp,001923F9,001C61CD,RR102SigIntTerminal,TERM,1614.000000,102.000000,-1694.000000,104.6790
SwitchBoard_Reborn.esp,001923F8,000BC249,TerminalBroken01,STAT,5484.041504,1871.821045,-1927.340942,269.1488
SwitchBoard_Reborn.esp,001923F6,00072A0C,SandbagWallNoSkirt01,MSTT,5382.006348,2167.994385,-1955.382568,282.2386
SwitchBoard_Reborn.esp,001923F3,FE044199,NpcChairIndustrialMetalOfficeSit01_SBR,FURN,1541.166016,-264.674286,-1695.010010,156.2453
SwitchBoard_Reborn.esp,001923F2,FE044199,NpcChairIndustrialMetalOfficeSit01_SBR,FURN,1537.410034,-120.697670,-1695.010010,104.6790
SwitchBoard_Reborn.esp,001923F1,00140605,ConsoleTowerSingle02,SCOL,1653.985107,-342.417328,-1695.010010,171.8886
SwitchBoard_Reborn.esp,001923F0,00118341,OfficeFileCabine02Static,STAT,1750.958130,-313.714264,-1695.010010,169.3677
SwitchBoard_Reborn.esp,001923EA,FE044199,NpcChairIndustrialMetalOfficeSit01_SBR,FURN,1556.000000,114.000000,-1696.000000,104.6790
SwitchBoard_Reborn.esp,001923E9,001405AE,ConsoleCabDrawer01,STAT,1705.301514,457.525482,-1695.010010,261.8892
SwitchBoard_Reborn.esp,001923E8,001405BE,ConsolePanA09,STAT,1727.075806,456.588440,-1634.010010,259.4610
SwitchBoard_Reborn.esp,001923E7,001405A5,ConsoleCabARight01,STAT,1706.430298,449.605530,-1695.010010,261.8892
SwitchBoard_Reborn.esp,001923E6,001405CA,ConsolePanB02,STAT,1721.705811,455.823090,-1607.269531,261.8892
SwitchBoard_Reborn.esp,001923E5,001405C7,ConsolePanA18,STAT,1734.575806,457.657349,-1643.010010,259.4610
SwitchBoard_Reborn.esp,001923E4,001405AE,ConsoleCabDrawer01,STAT,1674.750610,445.089996,-1695.010010,81.8893
SwitchBoard_Reborn.esp,001923E3,001405BF,ConsolePanA10,STAT,1652.976318,446.027039,-1634.010010,79.4611
SwitchBoard_Reborn.esp,001923E2,001405A5,ConsoleCabARight01,STAT,1673.621826,453.009949,-1695.010010,81.8893
SwitchBoard_Reborn.esp,001923E1,001405C6,ConsolePanA17,STAT,1658.346313,446.792419,-1619.010010,81.8893
SwitchBoard_Reborn.esp,001923E0,001405C4,ConsolePanA15,STAT,1658.346313,446.792419,-1607.010010,81.8893
SwitchBoard_Reborn.esp,001923DF,001405C8,ConsolePanA19,STAT,1645.476318,444.958130,-1643.010010,79.4611
SwitchBoard_Reborn.esp,001923DE,001405BA,ConsolePanA05,STAT,1635.769287,605.191467,-1619.010010,81.8893
SwitchBoard_Reborn.esp,001923DD,001405BE,ConsolePanA09,STAT,1647.331055,485.626648,-1634.010010,79.4610
SwitchBoard_Reborn.esp,001923DC,001405A5,ConsoleCabARight01,STAT,1667.976562,492.609558,-1695.010010,81.8893
SwitchBoard_Reborn.esp,001923DB,001405A0,ConsoleCabALeft01,STAT,1652.173584,603.489075,-1695.010010,81.8893
SwitchBoard_Reborn.esp,001923DA,001405C3,ConsolePanA14,STAT,1652.701050,486.392029,-1607.010010,81.8893
SwitchBoard_Reborn.esp,001923D9,001405C9,ConsolePanB01,STAT,1646.999756,526.895447,-1607.010010,81.8893
SwitchBoard_Reborn.esp,000D27AA,00018C63,IndMetalDoorPlugB01,STAT,4412.899902,2209.185059,-1695.010010,81.8876
SwitchBoard_Reborn.esp,001923D7,001405DA,ConsolePanB18,STAT,1641.413208,565.591675,-1607.010010,81.8893
SwitchBoard_Reborn.esp,001923D6,001405C5,ConsolePanA16,STAT,1652.701050,486.392029,-1619.010010,81.8893
SwitchBoard_Reborn.esp,001923D5,001405AF,ConsoleCabDrawerMid01,STAT,1660.075073,548.049316,-1695.010010,81.8893
SwitchBoard_Reborn.esp,001923D4,001405C4,ConsolePanA15,STAT,1630.401733,604.426453,-1634.010010,79.4610
SwitchBoard_Reborn.esp,001923D3,001405C7,ConsolePanA18,STAT,1636.059570,564.828613,-1633.655029,79.4610
SwitchBoard_Reborn.esp,001923D2,001405C7,ConsolePanA18,STAT,1639.831055,484.557739,-1643.010010,79.4610
SwitchBoard_Reborn.esp,001923D1,001405AE,ConsoleCabDrawer01,STAT,1629.794434,600.058655,-1695.010010,81.8893
SwitchBoard_Reborn.esp,001923D0,001405AE,ConsoleCabDrawer01,STAT,1669.105347,484.689606,-1695.010010,81.8893
SwitchBoard_Reborn.esp,001923CF,001405C6,ConsolePanA17,STAT,1622.899292,603.357178,-1643.010010,79.4610
SwitchBoard_Reborn.esp,001923CE,001405B8,ConsolePanA03,STAT,1635.769287,605.191467,-1607.010010,81.8893
SwitchBoard_Reborn.esp,001923CD,001405C0,ConsolePanA11,STAT,1641.678101,525.407471,-1633.655029,79.4610
SwitchBoard_Reborn.esp,001923CC,001405BA,ConsolePanA05,STAT,1716.060669,495.422729,-1619.010010,261.8892
SwitchBoard_Reborn.esp,001923CB,001405BE,ConsolePanA09,STAT,1704.498901,614.987549,-1634.010010,259.4609
SwitchBoard_Reborn.esp,001923CA,001405A5,ConsoleCabARight01,STAT,1683.853394,608.004639,-1695.010010,261.8892
SwitchBoard_Reborn.esp,001923C9,001405A0,ConsoleCabALeft01,STAT,1699.656372,497.125122,-1695.010010,261.8892
SwitchBoard_Reborn.esp,001923C8,001405C3,ConsolePanA14,STAT,1699.128906,614.222168,-1607.010010,261.8892
SwitchBoard_Reborn.esp,001923C7,001405CC,ConsolePanB04,STAT,1704.772827,574.622375,-1607.010010,261.8892
SwitchBoard_Reborn.esp,000D27A8,FE0441CA,IndMetalDbDoor01_SBR,DOOR,4485.459961,1702.308350,-1695.010010,351.8876
SwitchBoard_Reborn.esp,001923C5,001405D3,ConsolePanB11,STAT,1710.416748,535.022522,-1607.010010,261.8892
SwitchBoard_Reborn.esp,001923C4,001405C5,ConsolePanA16,STAT,1699.128906,614.222168,-1619.010010,261.8892
SwitchBoard_Reborn.esp,001923C3,001405AF,ConsoleCabDrawerMid01,STAT,1691.754883,552.564880,-1695.010010,261.8892
SwitchBoard_Reborn.esp,001923C2,001405C4,ConsolePanA15,STAT,1721.428223,496.187744,-1634.010010,259.4609
SwitchBoard_Reborn.esp,001923C1,001405C7,ConsolePanA18,STAT,1715.770386,535.785583,-1633.655029,259.4609
SwitchBoard_Reborn.esp,001923C0,001405C7,ConsolePanA18,STAT,1711.998901,616.056458,-1643.010010,259.4609
SwitchBoard_Reborn.esp,001923BF,001405AE,ConsoleCabDrawer01,STAT,1699.656372,497.125122,-1695.010010,261.8892
SwitchBoard_Reborn.esp,001923BE,001405AE,ConsoleCabDrawer01,STAT,1704.932861,618.641174,-1695.799194,261.8892
SwitchBoard_Reborn.esp,001923BD,001405C6,ConsolePanA17,STAT,1728.930664,497.257019,-1643.010010,259.4609
SwitchBoard_Reborn.esp,001923BC,001405B8,ConsolePanA03,STAT,1716.060669,495.422729,-1607.010010,261.8892
SwitchBoard_Reborn.esp,001923BB,001405C0,ConsolePanA11,STAT,1710.151855,575.206726,-1633.655029,259.4609
SwitchBoard_Reborn.esp,001923BA,FE044199,NpcChairIndustrialMetalOfficeSit01_SBR,FURN,1885.732300,-234.077744,-1695.010010,194.6790
SwitchBoard_Reborn.esp,001923B9,001405A8,ConsoleCabBLeftCap01,STAT,1998.993042,-198.341431,-1695.010010,81.8886
SwitchBoard_Reborn.esp,001923B8,00140620,ConsoleTowerBMid01a,SCOL,2004.178711,-222.111267,-1695.010010,81.8886
SwitchBoard_Reborn.esp,001923B7,0014400A,ConsoleTowerSingle04,SCOL,1472.222534,-367.344543,-1695.259155,171.8886
SwitchBoard_Reborn.esp,001923B6,0014400A,ConsoleTowerSingle04,SCOL,1844.185669,-317.973907,-1695.010010,171.8886
SwitchBoard_Reborn.esp,001923B5,00140607,ConsoleTowerCorner02,SCOL,1996.240234,-279.808594,-1695.010010,171.8886
SwitchBoard_Reborn.esp,001923B4,00140611,ConsoleTowerAMid02a,SCOL,1897.377075,-310.299744,-1695.010010,171.8886
SwitchBoard_Reborn.esp,001923B3,0014400F,ConsoleTowerBLeft04,SCOL,1943.058105,-303.550049,-1695.010010,171.8886
SwitchBoard_Reborn.esp,001923AE,00144008,ConsoleTowerBLeft02,SCOL,1511.741821,-362.124786,-1695.010010,171.8886
SwitchBoard_Reborn.esp,001923AD,0014400F,ConsoleTowerBLeft04,SCOL,1610.955078,-351.158417,-1695.010010,171.8886
SwitchBoard_Reborn.esp,001923AC,00140611,ConsoleTowerAMid02a,SCOL,1565.185669,-357.511688,-1695.010010,171.8886
SwitchBoard_Reborn.esp,001923AB,FE044199,NpcChairIndustrialMetalOfficeSit01_SBR,FURN,1334.997070,123.707565,-1695.010010,245.4087
SwitchBoard_Reborn.esp,001923AA,FE044199,NpcChairIndustrialMetalOfficeSit01_SBR,FURN,1767.776245,-80.049469,-1695.010010,239.6790
SwitchBoard_Reborn.esp,001923A9,FE044199,NpcChairIndustrialMetalOfficeSit01_SBR,FURN,1730.439697,203.881897,-1695.010010,239.6790
SwitchBoard_Reborn.esp,001923A8,001405BA,ConsolePanA05,STAT,1604.856201,-79.607025,-1619.010010,81.8893
SwitchBoard_Reborn.esp,001923A7,001405BE,ConsolePanA09,STAT,1616.417847,-199.171844,-1634.010010,79.4610
SwitchBoard_Reborn.esp,001923A6,001405A5,ConsoleCabARight01,STAT,1637.063477,-192.188950,-1695.010010,81.8893
SwitchBoard_Reborn.esp,001923A5,001405A0,ConsoleCabALeft01,STAT,1621.260498,-81.309433,-1695.010010,81.8893
SwitchBoard_Reborn.esp,001923A4,001405C3,ConsolePanA14,STAT,1621.787964,-198.406494,-1607.010010,81.8893
SwitchBoard_Reborn.esp,001923A3,001405C8,ConsolePanA19,STAT,1616.144043,-158.806671,-1619.010010,81.8893
SwitchBoard_Reborn.esp,001923A2,001405C2,ConsolePanA13,STAT,1616.144043,-158.806671,-1607.010010,81.8893
SwitchBoard_Reborn.esp,001923A1,001405A2,ConsoleCabAMid01,STAT,1629.161987,-136.749191,-1695.010010,81.8893
SwitchBoard_Reborn.esp,001923A0,001405DB,ConsolePanB19,STAT,1610.500122,-119.206848,-1607.010010,81.8893
SwitchBoard_Reborn.esp,0019239F,001405C5,ConsolePanA16,STAT,1621.787964,-198.406494,-1619.010010,81.8893
SwitchBoard_Reborn.esp,0019239E,001405AF,ConsoleCabDrawerMid01,STAT,1629.161987,-136.749191,-1695.010010,81.8893
SwitchBoard_Reborn.esp,0019239D,001405C4,ConsolePanA15,STAT,1599.488647,-80.372025,-1634.010010,79.4610
SwitchBoard_Reborn.esp,0019239C,001405C7,ConsolePanA18,STAT,1605.146484,-119.969856,-1633.655029,79.4610
SwitchBoard_Reborn.esp,0019239B,001405C7,ConsolePanA18,STAT,1608.917969,-200.240753,-1643.010010,79.4610
SwitchBoard_Reborn.esp,0019239A,001405AE,ConsoleCabDrawer01,STAT,1621.260498,-81.309433,-1695.010010,81.8893
SwitchBoard_Reborn.esp,00192399,001405AE,ConsoleCabDrawer01,STAT,1638.192261,-200.108917,-1695.010010,81.8893
SwitchBoard_Reborn.esp,00192398,001405C6,ConsolePanA17,STAT,1591.986206,-81.441292,-1643.010010,79.4610
SwitchBoard_Reborn.esp,00192397,001405B8,ConsolePanA03,STAT,1604.856201,-79.607025,-1607.010010,81.8893
SwitchBoard_Reborn.esp,00192396,001405C0,ConsolePanA11,STAT,1610.765015,-159.391037,-1633.655029,79.4610
SwitchBoard_Reborn.esp,00192395,001405B6,ConsolePanA01,STAT,1685.147583,-189.376175,-1583.010010,261.8893
SwitchBoard_Reborn.esp,00192394,001405B6,ConsolePanA01,STAT,1673.859741,-110.176506,-1583.010010,261.8893
SwitchBoard_Reborn.esp,00192393,001405B9,ConsolePanA04,STAT,1685.147583,-189.376175,-1595.010010,261.8893
SwitchBoard_Reborn.esp,00192392,001405BA,ConsolePanA05,STAT,1685.147583,-189.376175,-1619.010010,261.8893
SwitchBoard_Reborn.esp,00192391,001405BA,ConsolePanA05,STAT,1679.229492,-109.526711,-1633.655029,259.4610
SwitchBoard_Reborn.esp,00192390,001405A7,ConsoleCabBLeft01,STAT,1668.743286,-187.673752,-1695.010010,261.8893
SwitchBoard_Reborn.esp,0019238F,001405C8,ConsolePanA19,STAT,1673.859741,-110.176506,-1619.010010,261.8893
SwitchBoard_Reborn.esp,0019238E,001405C2,ConsolePanA13,STAT,1673.859741,-110.176506,-1607.010010,261.8893
SwitchBoard_Reborn.esp,0019238D,001405BE,ConsolePanA09,STAT,1668.215820,-70.576683,-1583.010010,261.8893
SwitchBoard_Reborn.esp,0019238C,001405BF,ConsolePanA10,STAT,1673.859741,-110.176506,-1595.010010,261.8893
SwitchBoard_Reborn.esp,0019238B,001405C2,ConsolePanA13,STAT,1698.017578,-187.541901,-1643.010010,259.4610
SwitchBoard_Reborn.esp,0019238A,001405DA,ConsolePanB18,STAT,1679.503662,-149.776352,-1607.010010,261.8893
SwitchBoard_Reborn.esp,00192389,001405BB,ConsolePanA06,STAT,1679.503662,-149.776352,-1595.010010,261.8893
SwitchBoard_Reborn.esp,00192388,001405AC,ConsoleCabBRight01,STAT,1652.940308,-76.794228,-1695.010010,261.8893
SwitchBoard_Reborn.esp,000D27A7,00018C63,IndMetalDoorPlugB01,STAT,4485.000000,1702.308350,-1695.010010,81.8876
SwitchBoard_Reborn.esp,00192386,001405C5,ConsolePanA16,STAT,1690.515137,-188.611176,-1634.010010,259.4610
SwitchBoard_Reborn.esp,00192385,001405C5,ConsolePanA16,STAT,1668.215820,-70.576683,-1619.010010,261.8893
SwitchBoard_Reborn.esp,00192384,001405AF,ConsoleCabDrawerMid01,STAT,1660.841797,-132.233994,-1695.010010,261.8893
SwitchBoard_Reborn.esp,00192383,001405CC,ConsolePanB04,STAT,1668.036621,-70.614304,-1595.116211,261.8893
SwitchBoard_Reborn.esp,00192382,001405C4,ConsolePanA15,STAT,1684.847900,-148.947906,-1633.655029,259.4610
SwitchBoard_Reborn.esp,00192381,001405C7,ConsolePanA18,STAT,1681.085815,-68.742409,-1643.010010,259.4610
SwitchBoard_Reborn.esp,00192380,001405AE,ConsoleCabDrawer01,STAT,1668.743286,-187.673752,-1695.010010,261.8893
SwitchBoard_Reborn.esp,0019237F,001405AE,ConsoleCabDrawer01,STAT,1651.811523,-68.874260,-1695.010010,261.8893
SwitchBoard_Reborn.esp,0019237E,001405C6,ConsolePanA17,STAT,1673.597046,-69.809731,-1634.010010,259.4610
SwitchBoard_Reborn.esp,0019237D,001405B8,ConsolePanA03,STAT,1685.147583,-189.376175,-1607.010010,261.8893
SwitchBoard_Reborn.esp,0019237C,001405B7,ConsolePanA02,STAT,1679.503662,-149.776352,-1583.010010,261.8893
SwitchBoard_Reborn.esp,0019237B,001405FF,ConsoleTowerBLeft01,SCOL,1227.812134,292.495697,-1695.010010,261.8886
SwitchBoard_Reborn.esp,0019237A,0014400F,ConsoleTowerBLeft04,SCOL,1233.456177,252.895874,-1695.010010,261.8886
SwitchBoard_Reborn.esp,00192379,00144008,ConsoleTowerBLeft02,SCOL,1239.100220,213.296066,-1695.010010,261.8886
SwitchBoard_Reborn.esp,000B9C47,FE0441B7,CeilingLamp02On_SBR,STAT,5047.880859,-1598.172119,-1109.269531,311.7803
SwitchBoard_Reborn.esp,00192377,00049DA3,Prewar_Office_Desk_01,CONT,5426.622559,1826.267212,-1918.020020,180.0000
SwitchBoard_Reborn.esp,00192376,00072A0C,SandbagWallNoSkirt01,MSTT,5738.299805,1972.297363,-1955.382568,296.5626
SwitchBoard_Reborn.esp,00192375,00072A0C,SandbagWallNoSkirt01,MSTT,5688.204590,2248.865479,-1955.382568,218.0673
SwitchBoard_Reborn.esp,0016562F,000BA592,Vault_Crate_04_Steel,STAT,4594.000000,-418.000000,-1662.000000,0.0000
SwitchBoard_Reborn.esp,0016562E,0003A9F2,OfficePaperDebris01,STAT,4195.340820,-170.287033,-1695.010010,159.4650
SwitchBoard_Reborn.esp,0016562D,0003A9F2,OfficePaperDebris01,STAT,4170.324707,-282.016937,-1695.010010,284.0044
SwitchBoard_Reborn.esp,0016562C,0003A9F2,OfficePaperDebris01,STAT,4263.142578,-139.493866,-1695.010010,0.0000
SwitchBoard_Reborn.esp,0016562A,00137931,RadiationTrap01,ACTI,4407.852539,-474.424561,-1583.010010,270.0000
SwitchBoard_Reborn.esp,00165629,FE0441B6,Vault_Shelf_03_SBR,STAT,4014.254395,-94.159645,-1695.010010,171.8883
SwitchBoard_Reborn.esp,00165628,FE0441B6,Vault_Shelf_03_SBR,STAT,3898.823730,-191.420685,-1695.010010,81.8883
SwitchBoard_Reborn.esp,00165627,FE0441B6,Vault_Shelf_03_SBR,STAT,3932.689697,-429.019287,-1695.010010,85.6815
SwitchBoard_Reborn.esp,00165626,000B0F48,Vault_Shelf_03,STAT,4302.092773,-405.465790,-1668.831909,0.0575
SwitchBoard_Reborn.esp,00165625,FE0441B6,Vault_Shelf_03_SBR,STAT,4076.339111,-510.986938,-1695.010010,351.8883
SwitchBoard_Reborn.esp,00165621,0001D971,BlackWireSpline01,BNDS,4594.561523,-221.147858,-1525.431641,0.0000
SwitchBoard_Reborn.esp,00165620,0001D971,BlackWireSpline01,BNDS,4611.118164,-338.463135,-1470.965576,0.0000
SwitchBoard_Reborn.esp,0016561F,0001D971,BlackWireSpline01,BNDS,4518.921875,-464.132538,-1470.965576,0.0000
SwitchBoard_Reborn.esp,0016561E,0001D971,BlackWireSpline01,BNDS,4407.259766,-470.033081,-1523.010010,0.0000
SwitchBoard_Reborn.esp,0016561D,0001D971,BlackWireSpline01,BNDS,4287.289062,-484.825836,-1470.965576,0.0000
SwitchBoard_Reborn.esp,0016561C,0001D971,BlackWireSpline01,BNDS,4168.062988,-502.008545,-1526.957275,0.0000
SwitchBoard_Reborn.esp,0016561B,0001D971,BlackWireSpline01,BNDS,4135.704102,-497.564362,-1470.965576,0.0000
SwitchBoard_Reborn.esp,0016561A,0001D971,BlackWireSpline01,BNDS,4023.273682,-486.927490,-1470.382324,0.0000
SwitchBoard_Reborn.esp,00165619,0001D971,BlackWireSpline01,BNDS,3922.612305,-431.241882,-1470.382324,0.0000
SwitchBoard_Reborn.esp,00165618,0001D971,BlackWireSpline01,BNDS,3905.650391,-353.406372,-1524.083618,0.0000
SwitchBoard_Reborn.esp,00165617,00137931,RadiationTrap01,ACTI,4170.251465,-508.291199,-1583.010010,270.0000
SwitchBoard_Reborn.esp,00165616,00137931,RadiationTrap01,ACTI,4599.988770,-221.823166,-1583.010010,90.0001
SwitchBoard_Reborn.esp,00165615,00137931,RadiationTrap01,ACTI,4115.922363,-580.681580,-1583.010010,270.0000
SwitchBoard_Reborn.esp,00165614,00137931,RadiationTrap01,ACTI,3901.045898,-320.401123,-1583.010010,270.0002
SwitchBoard_Reborn.esp,00165611,00140E84,TrapElectricalArc,ACTI,3609.820312,1836.082031,-1471.010010,98.1123
SwitchBoard_Reborn.esp,00165610,00140E84,TrapElectricalArc,ACTI,3815.738770,1865.433960,-1471.010010,98.1123
SwitchBoard_Reborn.esp,0016560F,00112879,TrapTripWire_Laser_Wall_Base,STAT,3655.435059,1739.900513,-1670.257202,171.8876
SwitchBoard_Reborn.esp,0016560C,00112879,TrapTripWire_Laser_Wall_Base,STAT,3757.748291,1960.841309,-1670.767456,351.8876
SwitchBoard_Reborn.esp,0016560B,00112879,TrapTripWire_Laser_Wall_Base,STAT,3913.287598,1775.122192,-1670.767456,171.8877
SwitchBoard_Reborn.esp,00101E59,001011B8,defaultLightCool01NSNonSpec,LIGH,2452.002686,107.274284,-1566.727417,351.2463
SwitchBoard_Reborn.esp,00101821,00101818,ExitSignRedNSNonSpec,LIGH,4409.541016,-1154.223022,-1242.770996,0.0000
SwitchBoard_Reborn.esp,00101820,00101818,ExitSignRedNSNonSpec,LIGH,4355.521973,-1645.767578,-1208.338867,0.0000
SwitchBoard_Reborn.esp,0010181F,00101818,ExitSignRedNSNonSpec,LIGH,4588.728027,-1861.910522,-1208.338867,0.0000
SwitchBoard_Reborn.esp,0010181E,00101818,ExitSignRedNSNonSpec,LIGH,4762.853516,-1424.087769,-1258.249756,0.0000
SwitchBoard_Reborn.esp,0010181C,00027696,ExitSignRedNS,LIGH,4864.876465,-1778.835937,-1097.319824,0.0000
SwitchBoard_Reborn.esp,0010181A,00101818,ExitSignRedNSNonSpec,LIGH,3044.000000,-528.000000,-1472.000000,0.0000
SwitchBoard_Reborn.esp,00101819,00101818,ExitSignRedNSNonSpec,LIGH,2680.020508,-71.575607,-30000.000000,0.0000
SwitchBoard_Reborn.esp,00101817,00101818,ExitSignRedNSNonSpec,LIGH,2770.000000,-226.000000,-1614.000000,0.0000
SwitchBoard_Reborn.esp,0010180E,000D8556,DefaultLightWhite01NSNonSpec,LIGH,3589.491943,-1005.854126,-1352.892944,230.6485
SwitchBoard_Reborn.esp,0010180D,000517B0,DefaultLightWhite01NS,LIGH,3759.740967,-1144.648438,-1334.675903,230.6485
SwitchBoard_Reborn.esp,0010180C,000517B0,DefaultLightWhite01NS,LIGH,3729.744873,-1124.451782,-1334.675903,230.6485
SwitchBoard_Reborn.esp,0010180B,00030450,EmergencyLightBeamSetDim,MSTT,3831.041748,-1207.780884,-1229.735352,130.0613
SwitchBoard_Reborn.esp,000B9C38,FE0441CA,IndMetalDbDoor01_SBR,DOOR,3841.391602,-1218.905029,-1439.010010,131.7805
SwitchBoard_Reborn.esp,00101807,0008029D,DebrisPileSmallWood05,STAT,4460.766602,-205.342316,-1695.010010,250.9554
SwitchBoard_Reborn.esp,00101806,000560D0,defaultLightCool01NS,LIGH,4014.941406,-260.733337,-1586.375977,0.0000
SwitchBoard_Reborn.esp,00101805,000560D0,defaultLightCool01NS,LIGH,4470.967773,-268.409180,-1603.289795,0.0000
SwitchBoard_Reborn.esp,00101803,00101804,defaultLightCool01Flicker,LIGH,4332.431152,-255.130554,-1552.425537,0.0000
SwitchBoard_Reborn.esp,00101802,000560D0,defaultLightCool01NS,LIGH,4341.452637,-289.361176,-1594.399536,0.0000
SwitchBoard_Reborn.esp,000B9C1F,FE0441CA,IndMetalDbDoor01_SBR,DOOR,2874.236328,1214.055054,-1695.010010,261.8878
SwitchBoard_Reborn.esp,001017FE,0008029F,DebrisPileSmallWood02,STAT,4014.082031,123.893486,-1695.010010,91.6732
SwitchBoard_Reborn.esp,001017FD,0008029E,DebrisPileSmallWood01,STAT,3850.942383,36.131187,-1695.010010,67.6090
SwitchBoard_Reborn.esp,001017FB,001017F7,defaultLightCool03NSNonSpec,LIGH,4657.667969,322.102203,-1611.429565,90.0016
SwitchBoard_Reborn.esp,001017FA,001017F7,defaultLightCool03NSNonSpec,LIGH,4406.354492,170.833008,-1617.286377,90.0016
SwitchBoard_Reborn.esp,001017F9,001017F7,defaultLightCool03NSNonSpec,LIGH,4034.810791,521.362549,-1611.914429,90.0016
SwitchBoard_Reborn.esp,001017F8,001017F7,defaultLightCool03NSNonSpec,LIGH,3868.218506,208.006271,-1611.914429,90.0016
SwitchBoard_Reborn.esp,001017F6,0008E797,defaultLightCool03NS,LIGH,4098.508301,170.372849,-1641.573486,90.0016
SwitchBoard_Reborn.esp,001017F3,0008E798,DefaultLightCool03Spot,LIGH,4204.036133,89.263908,-1487.220947,90.0016
SwitchBoard_Reborn.esp,000B47B4,00023FC0,SteamTBgRoomBrickWall01,STAT,2265.800293,4398.167969,-30000.000000,247.8115
SwitchBoard_Reborn.esp,001017CC,000D8555,defaultLightCool02NSNonSpec,LIGH,3277.426514,509.415344,-1594.643677,0.0000
SwitchBoard_Reborn.esp,001017CB,00056723,defaultLightCool02NS,LIGH,3277.426514,509.415344,-1552.669678,0.0000
SwitchBoard_Reborn.esp,000D8DDA,FE044804,SBR_LvlSynth,NPC_,6062.551270,4044.569580,-1873.349854,278.1128
SwitchBoard_Reborn.esp,001017C9,001011B8,defaultLightCool01NSNonSpec,LIGH,2273.289551,90.008682,-1619.751465,351.2463
SwitchBoard_Reborn.esp,001017C7,001011B8,defaultLightCool01NSNonSpec,LIGH,1634.743042,331.550873,-1608.420532,351.2463
SwitchBoard_Reborn.esp,001017C6,001011B8,defaultLightCool01NSNonSpec,LIGH,1632.954590,51.127655,-1624.688965,351.2463
SwitchBoard_Reborn.esp,001017C5,001011B8,defaultLightCool01NSNonSpec,LIGH,1484.538086,-276.798798,-1624.688965,351.2463
SwitchBoard_Reborn.esp,001017C4,001011B8,defaultLightCool01NSNonSpec,LIGH,1765.900513,-158.858810,-1624.688965,351.2463
SwitchBoard_Reborn.esp,001017C3,000560D0,defaultLightCool01NS,LIGH,1488.949341,21.219849,-1624.688965,351.2463
SwitchBoard_Reborn.esp,001017C2,000517B0,DefaultLightWhite01NS,LIGH,1259.268677,-51.556076,-1494.824951,352.1172
SwitchBoard_Reborn.esp,001017C1,001016BB,defaultLightCool01SpotNoAtten,LIGH,1259.268677,-51.556076,-1494.824951,351.2463
SwitchBoard_Reborn.esp,001017C0,00030450,EmergencyLightBeamSetDim,MSTT,1259.268677,-51.556076,-1494.824951,263.6974
SwitchBoard_Reborn.esp,000D8DDB,FE044804,SBR_LvlSynth,NPC_,5422.551270,3924.569580,-1705.107910,278.1128
SwitchBoard_Reborn.esp,00101798,000D8555,defaultLightCool02NSNonSpec,LIGH,2610.022217,419.240479,-1594.643677,0.0000
SwitchBoard_Reborn.esp,00101797,00056723,defaultLightCool02NS,LIGH,2610.022217,419.240479,-1552.669678,0.0000
SwitchBoard_Reborn.esp,000D8E09,FE044804,SBR_LvlSynth,NPC_,4193.200684,5452.154297,-755.431946,329.6791
SwitchBoard_Reborn.esp,00101794,000D8555,defaultLightCool02NSNonSpec,LIGH,2486.406250,1153.939575,-1594.643677,0.0000
SwitchBoard_Reborn.esp,00101793,00056723,defaultLightCool02NS,LIGH,2486.406250,1153.939575,-1552.669678,0.0000
SwitchBoard_Reborn.esp,000D8E0A,FE044804,SBR_LvlSynth,NPC_,5433.758301,4155.437012,-1729.913330,278.1128
SwitchBoard_Reborn.esp,00101791,000D8556,DefaultLightWhite01NSNonSpec,LIGH,2819.038574,2859.064697,-1588.474854,349.7167
SwitchBoard_Reborn.esp,00101790,000D8556,DefaultLightWhite01NSNonSpec,LIGH,3443.301758,2949.486572,-1588.474854,349.7167
SwitchBoard_Reborn.esp,0010178F,000517B0,DefaultLightWhite01NS,LIGH,3041.380859,2883.082520,-1588.474854,169.7167
SwitchBoard_Reborn.esp,0010178E,000517B0,DefaultLightWhite01NS,LIGH,3006.313721,2874.253418,-1588.474854,169.7167
SwitchBoard_Reborn.esp,0010178D,00030450,EmergencyLightBeamSetDim,MSTT,3135.990723,2893.961426,-1483.534302,81.9784
SwitchBoard_Reborn.esp,001013B2,FE044804,SBR_LvlSynth,NPC_,3779.628662,5987.206543,-761.400024,313.4536
SwitchBoard_Reborn.esp,0010178A,000517B0,DefaultLightWhite01NS,LIGH,3255.688232,2951.370117,-1588.474854,349.7167
SwitchBoard_Reborn.esp,00101789,000517B0,DefaultLightWhite01NS,LIGH,3290.755371,2960.198975,-1588.474854,349.7167
SwitchBoard_Reborn.esp,00101788,00030450,EmergencyLightBeamSetDim,MSTT,3161.078369,2940.491211,-1483.534302,261.9784
SwitchBoard_Reborn.esp,001924BB,000DD4A6,AmbushRadRoachWall,FURN,2752.462891,5177.768066,-303.010010,261.8886
SwitchBoard_Reborn.esp,00101769,0010172B,MuseumBounceWarm04NSNonSpec,LIGH,3120.955566,1392.197632,-1594.197144,108.4759
SwitchBoard_Reborn.esp,00101768,0010172B,MuseumBounceWarm04NSNonSpec,LIGH,3453.370605,1097.808228,-1586.246826,108.4759
SwitchBoard_Reborn.esp,00101767,0010172B,MuseumBounceWarm04NSNonSpec,LIGH,3160.770752,1070.724121,-1586.246826,108.4759
SwitchBoard_Reborn.esp,00101766,0010172B,MuseumBounceWarm04NSNonSpec,LIGH,3422.540039,1377.097168,-1586.246826,108.4759
SwitchBoard_Reborn.esp,00101765,0004DE07,MuseumBounceWarm04NS,LIGH,3227.862061,1192.162476,-1586.246826,108.4759
SwitchBoard_Reborn.esp,00101764,0002B76F,FluorescentLightBeam01,MSTT,3214.353760,1190.093628,-1470.950073,169.6410
SwitchBoard_Reborn.esp,001A55E9,000F616A,DefaultTerminalDesk,TERM,4098.879395,2018.154541,-30000.000000,271.6747
SwitchBoard_Reborn.esp,00101762,0010172D,MuseumSpotWarmNoAtten,LIGH,3245.529053,1190.075317,-1463.303711,90.0000
SwitchBoard_Reborn.esp,0010175E,000D8555,defaultLightCool02NSNonSpec,LIGH,3326.168701,2573.897217,-1594.643677,0.0000
SwitchBoard_Reborn.esp,0010175D,00056723,defaultLightCool02NS,LIGH,3326.168701,2573.897217,-1552.669678,0.0000
SwitchBoard_Reborn.esp,001A6B91,001A6B90,RR102FireRemains,ACTI,4438.027832,-291.356506,-1703.686890,0.0000
SwitchBoard_Reborn.esp,0010175A,000D8555,defaultLightCool02NSNonSpec,LIGH,3428.264648,1818.869263,-1594.643677,0.0000
SwitchBoard_Reborn.esp,00101759,00056723,defaultLightCool02NS,LIGH,3428.264648,1818.869263,-1552.669678,0.0000
SwitchBoard_Reborn.esp,001D03D3,000FDA8C,RR102CorpseKellyK,NPC_,5373.516113,4556.884277,-1440.376587,153.7353
SwitchBoard_Reborn.esp,00101754,000D8555,defaultLightCool02NSNonSpec,LIGH,4663.678711,1498.741333,-1635.369629,0.0000
SwitchBoard_Reborn.esp,00101753,000D8555,defaultLightCool02NSNonSpec,LIGH,4405.085938,1459.444824,-1635.369629,0.0000
SwitchBoard_Reborn.esp,00101752,00056723,defaultLightCool02NS,LIGH,4403.450684,1560.935791,-1545.727661,0.0000
SwitchBoard_Reborn.esp,001895BC,0016BAF5,PaperDebris02,STAT,4082.696045,-1312.134888,-1439.760010,41.2530
SwitchBoard_Reborn.esp,0010174F,000D8555,defaultLightCool02NSNonSpec,LIGH,4376.515625,2309.635254,-1623.591919,108.4759
SwitchBoard_Reborn.esp,0010174E,000D8555,defaultLightCool02NSNonSpec,LIGH,4555.520508,2338.603516,-1623.591919,108.4759
SwitchBoard_Reborn.esp,0010174D,00056723,defaultLightCool02NS,LIGH,4338.705566,2267.153320,-1545.358521,0.0000
SwitchBoard_Reborn.esp,001895BD,0016BAF3,PaperDebris01,STAT,4351.195801,-1407.509644,-1440.181885,87.0895
SwitchBoard_Reborn.esp,00101749,0002B76F,FluorescentLightBeam01,MSTT,4769.137207,2069.302246,-1469.798218,169.6410
SwitchBoard_Reborn.esp,00101748,001011B8,defaultLightCool01NSNonSpec,LIGH,4782.645508,2071.371094,-1585.094971,108.4759
SwitchBoard_Reborn.esp,00101747,001016BB,defaultLightCool01SpotNoAtten,LIGH,4800.312500,2069.283936,-1462.151855,90.0000
SwitchBoard_Reborn.esp,001895BE,00165023,OfficePaperDebrisSinglePg01,STAT,4291.580566,-1436.661987,-1438.789307,0.0000
SwitchBoard_Reborn.esp,00101745,000560D0,defaultLightCool01NS,LIGH,4179.892578,1990.203247,-1596.536987,0.0000
SwitchBoard_Reborn.esp,00101744,000560D0,defaultLightCool01NS,LIGH,4179.892578,1990.203247,-1554.562988,0.0000
SwitchBoard_Reborn.esp,001895BF,00165025,OfficePaperDebrisSinglePg02,STAT,4114.156738,-1404.057739,-1438.789307,103.1324
SwitchBoard_Reborn.esp,00101742,000D8555,defaultLightCool02NSNonSpec,LIGH,5878.061035,952.635559,-1850.351685,0.0000
SwitchBoard_Reborn.esp,00101741,00056723,defaultLightCool02NS,LIGH,5878.061035,952.635559,-1808.377686,0.0000
SwitchBoard_Reborn.esp,001895C0,0019149F,Rubble_Pile_Debris_07,STAT,4208.490234,-1082.469727,-1439.010010,270.0000
SwitchBoard_Reborn.esp,0010173E,FE0441B8,CeilingLamp02Off_SBR,STAT,5242.690918,2867.297363,-1727.010010,0.0000
SwitchBoard_Reborn.esp,0010173D,00056723,defaultLightCool02NS,LIGH,5554.294922,2870.706543,-1812.134155,0.0000
SwitchBoard_Reborn.esp,0010173C,000D8555,defaultLightCool02NSNonSpec,LIGH,5554.294922,2870.706543,-1854.108154,0.0000
SwitchBoard_Reborn.esp,001895C1,0001D1B5,TrashDecal04,STAT,4034.983154,-1382.490723,-1439.010010,233.3307
SwitchBoard_Reborn.esp,001895C2,0001D184,TrashDecal01,STAT,4299.351074,-1640.143188,-1439.010010,288.3347
SwitchBoard_Reborn.esp,00101729,0010172D,MuseumSpotWarmNoAtten,LIGH,6297.162109,2157.166748,-1719.119629,0.0000
SwitchBoard_Reborn.esp,0010172A,0004DE07,MuseumBounceWarm04NS,LIGH,6292.998535,2138.722656,-1908.488892,296.5751
SwitchBoard_Reborn.esp,00101728,0002B76F,FluorescentLightBeam01,MSTT,6297.143555,2125.991699,-1726.765991,79.6410
SwitchBoard_Reborn.esp,001895C4,0008B618,TrashEdge04,STAT,3999.806152,-1132.281738,-1439.010010,140.9476
SwitchBoard_Reborn.esp,001005FB,0008029C,DebrisPileSmallWood04,STAT,4450.973633,-341.141479,-1695.010010,180.4816
SwitchBoard_Reborn.esp,001005FA,0008029D,DebrisPileSmallWood05,STAT,4411.496582,-181.653442,-1694.393433,352.9420
SwitchBoard_Reborn.esp,001005F9,0008029C,DebrisPileSmallWood04,STAT,4377.113770,-252.108276,-1695.010010,342.6288
SwitchBoard_Reborn.esp,000FE416,0003A9EC,OfficeBoxPapers02,STAT,2472.760986,2427.112549,-1662.041260,270.5430
SwitchBoard_Reborn.esp,000FE40A,00059A80,MetalBucket,MISC,2560.405273,2554.807129,-1694.974976,59.6762
SwitchBoard_Reborn.esp,000FE40F,0005238F,Broom01,MISC,2542.098145,2505.506104,-1692.763794,291.8580
SwitchBoard_Reborn.esp,000FE40E,0003A9EB,OfficeBoxPapers01,STAT,2464.699219,2459.490967,-1598.010010,136.7656
SwitchBoard_Reborn.esp,000FE40D,0003A9EC,OfficeBoxPapers02,STAT,2577.309082,2540.901611,-1630.010010,121.1472
SwitchBoard_Reborn.esp,000FE40C,0003A9EC,OfficeBoxPapers02,STAT,2541.478027,2531.149658,-1662.041260,56.0037
SwitchBoard_Reborn.esp,000FE40B,0003A9EB,OfficeBoxPapers01,STAT,2468.840576,2467.143311,-1662.041260,350.7570
SwitchBoard_Reborn.esp,000FE409,000670B1,Loot_Prewar_ToolBox,CONT,2536.870850,2535.210938,-1597.756958,81.8875
SwitchBoard_Reborn.esp,000FE408,00064A47,Loot_DuffleBag_Guns,CONT,2471.844482,2449.633545,-1631.010010,261.8874
SwitchBoard_Reborn.esp,000FE407,FE044804,SBR_LvlSynth,NPC_,2925.505371,412.871582,-1695.010010,306.8877
SwitchBoard_Reborn.esp,000FE401,FE044804,SBR_LvlSynth,NPC_,4832.849609,-1755.268555,-1311.010010,306.8873
SwitchBoard_Reborn.esp,000FE3FF,FE044804,SBR_LvlSynth,NPC_,4051.786865,425.266937,-1695.010010,261.8873
SwitchBoard_Reborn.esp,000FE3FD,FE044804,SBR_LvlSynth,NPC_,3283.083008,1021.232788,-1695.009766,153.0254
SwitchBoard_Reborn.esp,000FE3FC,FE044804,SBR_LvlSynth,NPC_,4903.625977,1906.870117,-1951.010010,261.8877
SwitchBoard_Reborn.esp,000FE158,FE044804,SBR_LvlSynth,NPC_,3802.548828,6140.072754,-774.595337,329.6791
SwitchBoard_Reborn.esp,000FE155,FE044804,SBR_LvlSynth,NPC_,3952.681152,5666.796875,-751.010010,329.6791
SwitchBoard_Reborn.esp,000FE153,000FDA8F,RR102CorpseRoger,NPC_,1376.626953,3927.329346,75.774818,348.7948
SwitchBoard_Reborn.esp,000E8327,0008B213,SkeletonClothedM01,MSTT,4982.600098,-2455.671631,-5.870271,164.6290
SwitchBoard_Reborn.esp,000FDA93,000FDA94,RR102CorpseBeatriceBell,NPC_,4644.338379,-1682.676392,-1299.378052,297.9792
SwitchBoard_Reborn.esp,000FD9AD,000FDA8E,RR102CorpseMaven,NPC_,2665.949951,5286.383789,-430.403534,84.9804
SwitchBoard_Reborn.esp,000FDA8A,000FDA8B,RR102CorpseTommyWhispers,NPC_,4342.604004,-290.258209,-1678.265991,338.2567
SwitchBoard_Reborn.esp,000FDA72,00067AA6,BldConcSmWall01,STAT,4512.000000,-364.000000,-1695.010010,261.8883
SwitchBoard_Reborn.esp,000FDA6D,000DB203,Shelf_Big_End,STAT,4552.961426,-251.311310,-30000.000000,351.8883
SwitchBoard_Reborn.esp,000FDA6C,000DB203,Shelf_Big_End,STAT,4552.961426,-251.311310,-30000.000000,171.8883
SwitchBoard_Reborn.esp,000FDA6B,000DB202,Shelf_Big_TwoPoles,STAT,4516.838867,2.126717,-30000.000000,351.8883
SwitchBoard_Reborn.esp,000FDA6A,FE0441BD,Shelf_Big_Metal_SBR,STAT,4550.000000,-230.000000,-1664.000000,351.8883
SwitchBoard_Reborn.esp,000FDA69,000DB202,Shelf_Big_TwoPoles,STAT,4589.084961,-504.750031,-30000.000000,351.8883
SwitchBoard_Reborn.esp,000FDA68,000DB203,Shelf_Big_End,STAT,4552.961426,-251.311310,-30000.000000,171.8883
SwitchBoard_Reborn.esp,000FDA67,000DB203,Shelf_Big_End,STAT,4552.961426,-251.311310,-30000.000000,351.8883
SwitchBoard_Reborn.esp,000FDA66,000DB202,Shelf_Big_TwoPoles,STAT,4516.838867,2.126717,-30000.000000,351.8883
SwitchBoard_Reborn.esp,000FDA65,FE0441BD,Shelf_Big_Metal_SBR,STAT,4550.000000,-230.000000,-1536.000000,351.8883
SwitchBoard_Reborn.esp,000FDA64,000DB202,Shelf_Big_TwoPoles,STAT,4589.084961,-504.750031,-30000.000000,351.8883
SwitchBoard_Reborn.esp,000FDA1B,00020DA5,UtilFreePipe04,STAT,3773.168945,429.107727,-1597.882202,180.0000
SwitchBoard_Reborn.esp,000FDA1A,00020D9F,UtilFreePipe03,STAT,3787.689941,437.148193,-1597.496826,0.0000
SwitchBoard_Reborn.esp,000FD9E2,0010181D,ExitSignRed,LIGH,4827.410645,-1752.214355,-1120.211792,0.0000
SwitchBoard_Reborn.esp,000FD9E0,0002CD25,SinkBroken01,STAT,2847.528320,2648.642578,-1695.010010,171.8878
SwitchBoard_Reborn.esp,000FD9DF,0002CD25,SinkBroken01,STAT,2756.091797,2635.610352,-1690.358398,171.8878
SwitchBoard_Reborn.esp,000FD9DE,0002CD25,SinkBroken01,STAT,3489.043945,2740.084961,-1695.010010,171.8878
SwitchBoard_Reborn.esp,000FD9DD,0002CD25,SinkBroken01,STAT,3607.843018,2757.018555,-1695.010010,171.8878
SwitchBoard_Reborn.esp,000FD9C0,0002CD2A,ToiletBroken03,STAT,2800.150146,3094.419189,-1695.010010,351.8879
SwitchBoard_Reborn.esp,000FD9BF,0002CD27,ToiletBroken01,STAT,2689.270752,3078.614502,-1695.010010,351.8879
SwitchBoard_Reborn.esp,000FD9BE,0002CD29,ToiletBroken02,STAT,2918.949219,3111.352539,-1695.010010,351.8879
SwitchBoard_Reborn.esp,000FD9BD,0002CD27,ToiletBroken01,STAT,3029.828613,3127.157227,-1695.010010,351.8879
SwitchBoard_Reborn.esp,000FD9BC,0002CD27,ToiletBroken01,STAT,3409.986084,3181.344238,-1695.010010,351.8879
SwitchBoard_Reborn.esp,000FD9BB,0002CD29,ToiletBroken02,STAT,3536.705322,3199.406738,-1695.010010,0.0000
SwitchBoard_Reborn.esp,000FC579,000FDA90,RR102CorpseSnowbird,NPC_,5608.800781,2109.126221,-1937.071533,141.0774
SwitchBoard_Reborn.esp,000FC577,000FDA92,RR102CorpseSlyNicholas,NPC_,3656.007812,6000.236328,-781.586853,0.0000
SwitchBoard_Reborn.esp,000FC573,FE044804,SBR_LvlSynth,NPC_,2731.082031,5021.800781,-435.080811,237.8918
SwitchBoard_Reborn.esp,000FC09E,FE0441CA,IndMetalDbDoor01_SBR,DOOR,2004.987671,55.795059,-1695.010010,261.8874
SwitchBoard_Reborn.esp,000FC0ED,FE044132,ConBig02_SBR,STAT,1924.697266,373.231079,-1695.010010,81.8879
SwitchBoard_Reborn.esp,000FC0EC,FE044131,ConBig01_SBR,STAT,1935.986328,294.030579,-1695.010010,81.8879
SwitchBoard_Reborn.esp,000FC0EB,FE044132,ConBig02_SBR,STAT,1947.275391,214.831375,-1695.010010,81.8879
SwitchBoard_Reborn.esp,000FC0DE,FE0441A9,IndustrialMetalTableLarge01_SBR,STAT,1638.600952,140.791016,-1695.010010,261.8879
SwitchBoard_Reborn.esp,000FC0D8,FE044132,ConBig02_SBR,STAT,1301.213989,-211.205078,-1695.010010,261.8878
SwitchBoard_Reborn.esp,000FC0CA,000BC249,TerminalBroken01,STAT,5266.000000,1940.000000,-1892.000000,223.2004
SwitchBoard_Reborn.esp,000FC0C0,FE044132,ConBig02_SBR,STAT,1448.817505,559.951477,-1695.010010,261.8878
SwitchBoard_Reborn.esp,000FC0BF,FE044132,ConBig02_SBR,STAT,1886.213379,628.534485,-1695.010010,81.8879
SwitchBoard_Reborn.esp,000FC0BE,FE044131,ConBig01_SBR,STAT,1897.502441,549.333984,-1695.010010,81.8879
SwitchBoard_Reborn.esp,000FC0BD,FE044131,ConBig01_SBR,STAT,1460.106689,480.752441,-1695.010010,261.8878
SwitchBoard_Reborn.esp,000FC0BC,FE044132,ConBig02_SBR,STAT,1908.791504,470.134796,-1695.010010,81.8879
SwitchBoard_Reborn.esp,000FC0BB,FE044132,ConBig02_SBR,STAT,1471.395630,401.552124,-1695.010010,261.8878
SwitchBoard_Reborn.esp,000E6C9B,FE044804,SBR_LvlSynth,NPC_,5042.119629,2209.343506,-1950.949951,90.0000
SwitchBoard_Reborn.esp,000E6C99,FE044804,SBR_LvlSynth,NPC_,4254.045410,2068.579102,-1695.010010,90.0000
SwitchBoard_Reborn.esp,000E6C97,FE044804,SBR_LvlSynth,NPC_,4379.061523,1541.692749,-1695.010010,90.0000
SwitchBoard_Reborn.esp,000E6C90,FE044804,SBR_LvlSynth,NPC_,2993.926270,2881.365967,-1695.010010,171.8874
SwitchBoard_Reborn.esp,000E6C8B,FE044804,SBR_LvlSynth,NPC_,3042.062744,1196.837891,-1695.009766,72.8113
SwitchBoard_Reborn.esp,000E6C86,FE044804,SBR_LvlSynth,NPC_,4609.472656,265.436157,-1695.010010,261.8873
SwitchBoard_Reborn.esp,000E6C82,FE0441AC,SBR_LvlSynthBoss,NPC_,4154.632324,168.276611,-1695.010010,171.8874
SwitchBoard_Reborn.esp,000E6C7E,FE044804,SBR_LvlSynth,NPC_,4654.218750,-1409.006714,-1311.010010,306.8873
SwitchBoard_Reborn.esp,000E6C79,FE0441CA,IndMetalDbDoor01_SBR,DOOR,3453.643311,1684.526855,-1695.010010,171.8877
SwitchBoard_Reborn.esp,000E6C72,000E37D5,IndustrialMetalTableLarge01,STAT,3997.005371,55.165737,-1646.671753,6.9047
SwitchBoard_Reborn.esp,000E6C70,000E37D5,IndustrialMetalTableLarge01,STAT,3875.874023,446.760498,-1647.864014,188.1196
SwitchBoard_Reborn.esp,000E6C6F,000018FB,ConBig02,STAT,5502.262207,3099.351807,-1951.010010,351.8878
SwitchBoard_Reborn.esp,000E6C6E,000018FB,ConBig02,STAT,5581.462402,3110.640869,-1951.010010,351.8878
SwitchBoard_Reborn.esp,000E6C6D,0014CCA8,TerminalBroken02,STAT,5236.090820,3011.325928,-1891.470703,212.7043
SwitchBoard_Reborn.esp,000E6C6C,000BC249,TerminalBroken01,STAT,5254.206543,3054.312256,-1890.301636,206.9747
SwitchBoard_Reborn.esp,000E6C6B,0014CCA8,TerminalBroken02,STAT,5339.550293,3075.376709,-1891.459961,344.4845
SwitchBoard_Reborn.esp,000E6C6A,000BC249,TerminalBroken01,STAT,5192.918945,3043.961426,-1891.459961,317.5104
SwitchBoard_Reborn.esp,001D03D4,000FDA96,RR102CorpseFrancisODell,NPC_,4255.285645,5182.775391,-773.746582,0.0000
SwitchBoard_Reborn.esp,000E6C5E,FE044132,ConBig02_SBR,STAT,6234.279785,1568.154175,-1951.010010,258.5415
SwitchBoard_Reborn.esp,000E6C5D,FE044132,ConBig02_SBR,STAT,6218.386230,1646.561401,-1951.010010,258.5415
SwitchBoard_Reborn.esp,000E6C22,FE044132,ConBig02_SBR,STAT,3335.747559,924.287415,-1695.010010,171.8878
SwitchBoard_Reborn.esp,000E6C21,FE044131,ConBig01_SBR,STAT,3256.547852,912.998352,-1695.010010,171.8878
SwitchBoard_Reborn.esp,FE044FD8,000211F7,WoodCrate03,STAT,4875.724609,1465.747192,-1951.010132,83.5609
SwitchBoard_Reborn.esp,FE044FC7,0003B695,DefaultDummy,ACTI,4691.896973,1998.788574,-1563.238647,351.7495
SwitchBoard_Reborn.esp,FE044FC6,FE0441C1,Toilet01_SBR,ACTI,3029.828613,3127.157227,-1695.010010,351.8879
SwitchBoard_Reborn.esp,FE044FC5,FE0441C1,Toilet01_SBR,ACTI,2918.949219,3111.352539,-1695.010010,351.8879
SwitchBoard_Reborn.esp,FE044FC4,FE0441C1,Toilet01_SBR,ACTI,2800.150146,3094.419189,-1695.010010,351.8879
SwitchBoard_Reborn.esp,FE044FC3,FE0441C1,Toilet01_SBR,ACTI,2689.270752,3078.614502,-1695.010010,351.8879
SwitchBoard_Reborn.esp,FE044FC2,FE0441C1,Toilet01_SBR,ACTI,3409.986084,3181.344238,-1695.010010,351.8879
SwitchBoard_Reborn.esp,FE044FC1,FE0441C1,Toilet01_SBR,ACTI,3536.705322,3199.406738,-1695.010010,0.0000
SwitchBoard_Reborn.esp,FE044FBE,FE044146,OfficeFileCabinet03_Beige_Prewar_SBR,CONT,5035.187500,3026.521240,-1951.026611,351.8879
SwitchBoard_Reborn.esp,FE044FB0,000BA592,Vault_Crate_04_Steel,STAT,4799.044922,1313.624268,-1951.005737,80.0000
SwitchBoard_Reborn.esp,FE044831,000E4610,EnableMarker,STAT,6161.990723,-920.622437,-982.719055,0.0000
SwitchBoard_Reborn.esp,FE0441A7,FE0441BB,FluorescentLightThin01_SBR,STAT,3793.265137,207.635223,-1471.950073,81.8183
SwitchBoard_Reborn.esp,FE04417E,000E4610,EnableMarker,STAT,6128.402344,-734.102905,-982.719055,0.0000
SwitchBoard_Reborn.esp,FE04417D,000E4610,EnableMarker,STAT,6128.402344,-609.679443,-982.719055,0.0000
SwitchBoard_Reborn.esp,FE04417C,000E4610,EnableMarker,STAT,6096.827148,-462.826202,-982.719055,0.0000
SwitchBoard_Reborn.esp,FE044134,FE0441BB,FluorescentLightThin01_SBR,STAT,3056.887451,1476.401733,-1470.950073,172.7923
SwitchBoard_Reborn.esp,FE0440EB,FE0441BB,FluorescentLightThin01_SBR,STAT,4431.291016,269.255829,-1471.950073,81.8183
SwitchBoard_Reborn.esp,FE0440E8,FE0441B7,CeilingLamp02On_SBR,STAT,1583.221069,504.984558,-1467.545532,0.0000
SwitchBoard_Reborn.esp,FE0440E7,FE0441B7,CeilingLamp02On_SBR,STAT,1784.546021,534.435486,-1467.545532,0.0000
SwitchBoard_Reborn.esp,FE0440E5,FE0441B7,CeilingLamp02On_SBR,STAT,5242.690918,2867.297363,-1727.010010,0.0000
SwitchBoard_Reborn.esp,FE0440E4,FE0441B7,CeilingLamp02On_SBR,STAT,2554.000000,2460.000000,-1472.000000,0.0000
SwitchBoard_Reborn.esp,FE0440E3,FE0441B7,CeilingLamp02On_SBR,STAT,2834.289307,2801.817627,-1467.545532,0.0000
SwitchBoard_Reborn.esp,FE0440E2,FE0441B7,CeilingLamp02On_SBR,STAT,3502.105713,2902.159912,-1467.545532,0.0000
SwitchBoard_Reborn.esp,FE0440E0,00183AD4,NPCClipboardWithPen,FURN,4254.740723,1771.206543,-1694.512451,181.3985
SwitchBoard_Reborn.esp,FE0440D0,00002CE2,PatrolIdleMarker,IDLM,3978.231934,543.072449,-1695.010010,261.8873
SwitchBoard_Reborn.esp,FE0440CF,00002CE2,PatrolIdleMarker,IDLM,2515.584717,1231.878174,-1695.010010,163.7751
SwitchBoard_Reborn.esp,FE0440CE,00002CE2,PatrolIdleMarker,IDLM,6265.913574,1787.659912,-1949.041260,26.5403
SwitchBoard_Reborn.esp,FE0440CD,00002CE2,PatrolIdleMarker,IDLM,5877.525879,934.640259,-1949.041260,352.1627
SwitchBoard_Reborn.esp,FE0440CC,00002CE2,PatrolIdleMarker,IDLM,5271.638184,2450.257568,-1949.041260,169.0917
SwitchBoard_Reborn.esp,FE0440CB,00183AD4,NPCClipboardWithPen,FURN,1370.000000,-186.000000,-1694.000000,310.2462
SwitchBoard_Reborn.esp,FE0440CA,00183AD4,NPCClipboardWithPen,FURN,1752.000000,108.000000,-1694.000000,317.0284
SwitchBoard_Reborn.esp,FE0440C9,00002CE2,PatrolIdleMarker,IDLM,3755.020508,1774.684326,-1695.010010,355.0727
SwitchBoard_Reborn.esp,FE0440C8,00002CE2,PatrolIdleMarker,IDLM,2881.869141,2419.517822,-1695.010010,355.0727
SwitchBoard_Reborn.esp,FE0440C0,000E4610,EnableMarker,STAT,6072.658691,-269.161804,-982.719055,0.0000
SwitchBoard_Reborn.esp,FE04409D,000C3884,WoodPallet01,STAT,4589.283203,1324.671509,-1695.010010,354.2704
SwitchBoard_Reborn.esp,FE04405E,0003B695,DefaultDummy,ACTI,4190.961914,166.438599,-1839.608521,356.6769
SwitchBoard_Reborn.esp,FE04405D,00000034,XMarkerHeading,STAT,2086.423584,2979.044189,260.702087,268.3269
SwitchBoard_Reborn.esp,FE04405C,00026831,WorkshopResourceContainerHostile,CONT,7051.393066,1882.511230,-1894.196533,263.7433
SwitchBoard_Reborn.esp,FE04405B,00000034,XMarkerHeading,STAT,4803.689941,-1718.659546,-1290.694092,314.8509
SwitchBoard_Reborn.esp,FE04405A,00000034,XMarkerHeading,STAT,4775.313965,-2669.923828,243.250046,40.4509
SwitchBoard_Reborn.esp,FE044059,00000034,XMarkerHeading,STAT,5307.368652,1656.195557,-1914.094971,0.0000
SwitchBoard_Reborn.esp,FE044058,000C1AEB,WorkshopWorkbench,CONT,6085.363281,1823.774292,-1951.238525,83.9957
SwitchBoard_Reborn.esp,FE044057,0003B695,DefaultDummy,ACTI,4190.961914,166.438599,-1839.608521,356.6769
SwitchBoard_Reborn.esp,FE044056,001A0380,Loot_ToolChest,CONT,5982.880859,2306.856689,-1951.010010,172.5285
SwitchBoard_Reborn.esp,FE044055,00157FEB,WorkbenchPowerArmor,FURN,5880.000000,2470.000000,-1948.000000,262.3110
SwitchBoard_Reborn.esp,FE044050,001865B9,WorkbenchCookingStove,FURN,4279.330078,1493.319824,-1695.051758,261.2224
SwitchBoard_Reborn.esp,FE04404F,001487C1,WorkbenchChemistryB,FURN,6072.243652,1625.605347,-1951.023315,80.2142
SwitchBoard_Reborn.esp,FE04404A,0003A9EB,OfficeBoxPapers01,STAT,1792.176514,-290.971771,-1643.025879,172.8863
SwitchBoard_Reborn.esp,FE044042,FE0441C5,ChemicalShower01_SBR,STAT,2463.273193,2378.014648,-1695.010010,262.1389
SwitchBoard_Reborn.esp,FE044041,FE0441C5,ChemicalShower01_SBR,STAT,2446.016602,2502.999268,-1695.010010,262.1389
SwitchBoard_Reborn.esp,FE04403F,FE0440D9,WorkshopNpcBedVaultLay02_SBR,FURN,6071.375977,1154.099487,-1951.010010,81.0000
SwitchBoard_Reborn.esp,FE04403E,000E4610,EnableMarker,STAT,5707.217773,-269.161804,-1292.175781,0.0000
SwitchBoard_Reborn.esp,FE04403D,000E4610,EnableMarker,STAT,5707.217773,-482.811951,-1292.175781,0.0000
SwitchBoard_Reborn.esp,FE04403B,000E4610,EnableMarker,STAT,5712.737305,-669.585083,-1292.175781,0.0000
SwitchBoard_Reborn.esp,FE04403A,FE044805,SBR_LvlSynthCourser,NPC_,4607.484863,142.194214,-1673.772705,334.4454
SwitchBoard_Reborn.esp,FE044036,000BA4B6,DecalBloodHandPrint,TXST,5957.653320,1045.472412,-1853.586182,153.7354
SwitchBoard_Reborn.esp,FE044035,000BA4B6,DecalBloodHandPrint,TXST,1562.000000,108.000000,-1618.000000,104.6790
SwitchBoard_Reborn.esp,FE044034,000BA4B6,DecalBloodHandPrint,TXST,6044.669434,2178.893799,-1841.769043,84.9805
SwitchBoard_Reborn.esp,FE044033,000BA4B6,DecalBloodHandPrint,TXST,3455.581299,6038.586914,-694.687012,161.5276
SwitchBoard_Reborn.esp,FE044032,000BA4B6,DecalBloodHandPrint,TXST,1457.515015,3840.526611,148.684433,353.3073
SwitchBoard_Reborn.esp,FE044031,000BA4B6,DecalBloodHandPrint,TXST,2675.583252,6332.134277,-379.506348,167.0280
SwitchBoard_Reborn.esp,FE044030,000BA4B6,DecalBloodHandPrint,TXST,5629.844238,3662.596191,-1203.083374,153.7354
SwitchBoard_Reborn.esp,FE04402F,000BA4B6,DecalBloodHandPrint,TXST,2638.506836,5142.539551,-345.194336,222.4905
SwitchBoard_Reborn.esp,FE04402E,000BA4B6,DecalBloodHandPrint,TXST,4115.747559,5425.239258,-683.749390,153.7354
SwitchBoard_Reborn.esp,FE04402D,000BA4B6,DecalBloodHandPrint,TXST,4540.210938,-1602.020630,-1227.247314,233.9494
SwitchBoard_Reborn.esp,FE04402C,000BA4B6,DecalBloodHandPrint,TXST,3370.735352,579.714294,-1608.034912,4.7665
SwitchBoard_Reborn.esp,FE04402B,000BA4B6,DecalBloodHandPrint,TXST,4019.717773,76.570892,-1590.426270,153.7354
SwitchBoard_Reborn.esp,FE04402A,0021317C,DecalBloodPuddleMed,TXST,4352.811523,-305.616486,-1609.805786,357.7891
SwitchBoard_Reborn.esp,FE044029,0021317C,DecalBloodPuddleMed,TXST,5613.616211,2109.554443,-1881.363770,357.7891
SwitchBoard_Reborn.esp,FE044028,0021317C,DecalBloodPuddleMed,TXST,1373.478149,3901.658447,102.644424,357.7891
SwitchBoard_Reborn.esp,FE044027,0021317D,DecalBloodPuddleLg,TXST,2807.538330,6263.927734,-390.392517,357.7891
SwitchBoard_Reborn.esp,FE044026,0021317D,DecalBloodPuddleLg,TXST,5633.161133,3702.153320,-1255.538818,357.7891
SwitchBoard_Reborn.esp,FE044025,0021317D,DecalBloodPuddleLg,TXST,2675.224609,5308.126953,-387.777161,357.7891
SwitchBoard_Reborn.esp,FE044024,0021317C,DecalBloodPuddleMed,TXST,5360.825684,4568.335938,-1408.763428,357.7891
SwitchBoard_Reborn.esp,FE044023,0021317C,DecalBloodPuddleMed,TXST,4245.314941,5167.367676,-722.886108,357.7891
SwitchBoard_Reborn.esp,FE044022,0021317D,DecalBloodPuddleLg,TXST,4641.978516,-1690.163208,-1254.960571,357.7891
SwitchBoard_Reborn.esp,FE044021,0021317C,DecalBloodPuddleMed,TXST,5183.091797,1643.765503,-1893.111938,351.8876
SwitchBoard_Reborn.esp,FE044002,FE044097,TeleporterJammer01_SBR,MSTT,3860.975586,385.940277,-1695.010010,21.7726
SwitchBoard_Reborn.esp,FE044001,FE044097,TeleporterJammer01_SBR,MSTT,5600.229492,1333.878540,-1951.000000,328.8313
SwitchBoard_Reborn.esp,0019049E,FE0441B7,CeilingLamp02On_SBR,STAT,1663.239624,-154.505981,-1467.545532,0.0000
SwitchBoard_Reborn.esp,0019049D,FE0441B7,CeilingLamp02On_SBR,STAT,1606.881226,182.317169,-1467.545532,0.0000
SwitchBoard_Reborn.esp,0019049C,FE0441B7,CeilingLamp02On_SBR,STAT,2386.579102,87.785042,-1467.545532,0.0000
SwitchBoard_Reborn.esp,0019043E,FE0441BC,FluorescentLightThinOff01_SBR,STAT,4474.359863,-1458.584473,-1086.526611,311.7919
SwitchBoard_Reborn.esp,0019043D,FE0441BC,FluorescentLightThinOff01_SBR,STAT,4688.075684,-1367.956543,-1083.337891,222.6743
SwitchBoard_Reborn.esp,0019043C,FE0441BC,FluorescentLightThinOff01_SBR,STAT,4412.666016,-1117.700684,-1083.337891,221.9524
SwitchBoard_Reborn.esp,00192457,FE04416E,ConsoleCabSingle01_SBR,STAT,1307.446289,-278.327454,-1695.400146,260.0080
SwitchBoard_Reborn.esp,00192439,FE04413F,ConsoleCabBMid01_SBR,STAT,3031.608643,1583.963379,-1695.010010,351.8888
SwitchBoard_Reborn.esp,00192402,FE0440EA,ConsoleTowerAFull01_SBR,SCOL,4837.481445,2237.337646,-1695.010010,351.8877
SwitchBoard_Reborn.esp,001923FB,FE0440EA,ConsoleTowerAFull01_SBR,SCOL,4781.901855,1776.886841,-1695.010010,171.8877
SwitchBoard_Reborn.esp,001923D8,FE044140,ConsoleCabAMid01_SBR,STAT,1660.075073,548.049316,-1695.010010,81.8893
SwitchBoard_Reborn.esp,001923C6,FE044140,ConsoleCabAMid01_SBR,STAT,1691.754883,552.564880,-1695.010010,261.8892
SwitchBoard_Reborn.esp,00192387,FE04413F,ConsoleCabBMid01_SBR,STAT,1660.841797,-132.233994,-1695.010010,261.8893
SwitchBoard_Reborn.esp,00192378,FE0440EA,ConsoleTowerAFull01_SBR,SCOL,1253.774658,110.336555,-1695.010010,261.8886
SwitchBoard_Reborn.esp,0010180A,FE0441C0,EmergencyLightOn01_SBR,STAT,3831.041748,-1207.780884,-1229.735352,130.0613
SwitchBoard_Reborn.esp,00101801,FE0441C4,LightFixture02ON_SBR,STAT,4329.673340,-262.684906,-1467.301392,0.0000
SwitchBoard_Reborn.esp,001017F2,FE0441BA,FluorescentLight01_SBR,STAT,4172.875488,90.217316,-1470.950073,171.3599
SwitchBoard_Reborn.esp,001017CA,FE0441B7,CeilingLamp02On_SBR,STAT,3274.021240,506.006165,-1467.545532,0.0000
SwitchBoard_Reborn.esp,001017BF,FE0441C0,EmergencyLightOn01_SBR,STAT,1259.268677,-51.556076,-1494.824951,263.6974
SwitchBoard_Reborn.esp,00101796,FE0441B7,CeilingLamp02On_SBR,STAT,2606.616943,415.831299,-1467.545532,0.0000
SwitchBoard_Reborn.esp,00101792,FE0441B7,CeilingLamp02On_SBR,STAT,2483.000977,1150.530396,-1467.545532,0.0000
SwitchBoard_Reborn.esp,0010178C,FE0441C0,EmergencyLightOn01_SBR,STAT,3135.990723,2893.961426,-1483.534302,81.9784
SwitchBoard_Reborn.esp,00101787,FE0441C0,EmergencyLightOn01_SBR,STAT,3161.078369,2940.491211,-1483.534302,261.9784
SwitchBoard_Reborn.esp,00101763,FE0441BA,FluorescentLight01_SBR,STAT,3214.353760,1190.093628,-1470.950073,169.6410
SwitchBoard_Reborn.esp,0010175C,FE0441B7,CeilingLamp02On_SBR,STAT,3322.763428,2570.488037,-1467.545532,0.0000
SwitchBoard_Reborn.esp,00101758,FE0441B7,CeilingLamp02On_SBR,STAT,3424.859375,1815.460083,-1467.545532,0.0000
SwitchBoard_Reborn.esp,00101751,FE0441B7,CeilingLamp02On_SBR,STAT,4400.045410,1557.526611,-1460.603516,0.0000
SwitchBoard_Reborn.esp,0010174C,FE0441B7,CeilingLamp02On_SBR,STAT,4335.300293,2263.744141,-1460.234375,0.0000
SwitchBoard_Reborn.esp,00101746,FE0441BA,FluorescentLight01_SBR,STAT,4769.137207,2069.302246,-1469.798218,169.6410
SwitchBoard_Reborn.esp,00101743,FE0441B7,CeilingLamp02On_SBR,STAT,4176.487305,1986.794067,-1469.438843,0.0000
SwitchBoard_Reborn.esp,00101740,FE0441B7,CeilingLamp02On_SBR,STAT,5874.655762,949.226379,-1723.253540,0.0000
SwitchBoard_Reborn.esp,0010173B,FE0441B7,CeilingLamp02On_SBR,STAT,5550.889648,2867.297363,-1727.010010,0.0000
SwitchBoard_Reborn.esp,00101732,00018779,FluorescentLight01,STAT,5622.592285,2040.017822,-1503.402344,169.6410
SwitchBoard_Reborn.esp,00101727,FE0441BA,FluorescentLight01_SBR,STAT,6297.143555,2125.991699,-1726.765991,79.6410
SwitchBoard_Reborn.esp,000E6C68,FE0441AB,OfficeFileCabinet02_Beige_Prewar_SBR,CONT,4985.015137,3019.369873,-1951.026611,351.8879
SwitchBoard_Reborn.esp,000D2853,0003A9EB,OfficeBoxPapers01,STAT,5659.956055,1811.243530,-1893.167969,127.4722
SwitchBoard_Reborn.esp,000D2843,000BD52E,OfficeFileCabinet02,CONT,5288.077148,2542.913574,-1951.010010,349.0228
SwitchBoard_Reborn.esp,000D2841,00049DA3,Prewar_Office_Desk_01,CONT,5133.765625,2264.534424,-1948.550537,323.8124
SwitchBoard_Reborn.esp,000B88C6,00000032,COCMarkerHeading,STAT,4884.605957,-1858.514160,-1297.814697,323.7091
SwitchBoard_Reborn.esp,001A0B72,0012EA9B,WorkbenchArmorA,FURN,4158.122070,658.468018,-1695.010010,81.8880
SwitchBoard_Reborn.esp,001AB6FA,0017E787,workbenchWeaponsB,FURN,4408.917969,368.342133,-1695.010010,263.3778
SwitchBoard_Reborn.esp,001972C7,00061899,DecalGrossStain06,TXST,5161.279785,1527.370239,-1881.351562,7.4089
SwitchBoard_Reborn.esp,001972C6,00061897,DecalGrossStain05,TXST,5567.554199,1822.910767,-1733.608032,356.4386
SwitchBoard_Reborn.esp,001972C5,00061894,DecalGrossStain04,TXST,5435.071777,2125.822510,-1733.608032,356.4386
SwitchBoard_Reborn.esp,001972C4,00061887,DecalGrossStain03,TXST,5718.095215,2272.225098,-1733.608032,356.4386
SwitchBoard_Reborn.esp,001972C1,000001F7,LightBox,STAT,5206.681152,2281.486816,-1814.308105,351.8876
SwitchBoard_Reborn.esp,001904B6,00061894,DecalGrossStain04,TXST,3103.034180,559.950806,-1629.630249,16.6960
SwitchBoard_Reborn.esp,001904B5,00061894,DecalGrossStain04,TXST,2552.795654,391.216797,-1629.630249,260.9586
SwitchBoard_Reborn.esp,001924DD,0004D860,AmbushRadRoachFloor,FURN,3448.711914,3177.205566,-1695.010010,193.1335
SwitchBoard_Reborn.esp,001924D4,00002CE2,PatrolIdleMarker,IDLM,5461.621094,1655.057617,-1949.041260,41.7803
SwitchBoard_Reborn.esp,001924C1,0004D860,AmbushRadRoachFloor,FURN,2724.827148,5264.077148,-450.524078,202.8115
SwitchBoard_Reborn.esp,00165613,001405F8,TrapElectricArcTarget,STAT,3546.460693,1827.050659,-1594.089233,90.0000
SwitchBoard_Reborn.esp,00165612,001405F8,TrapElectricArcTarget,STAT,3847.418457,1869.949585,-1594.089233,90.0000
SwitchBoard_Reborn.esp,0016560E,00112877,TrapTripWire_Laser_Wall,ACTI,3655.435059,1739.900513,-1670.257202,160.4285
SwitchBoard_Reborn.esp,0016560D,00112877,TrapTripWire_Laser_Wall,ACTI,3757.748291,1960.841309,-1670.767456,357.6173
SwitchBoard_Reborn.esp,0016560A,00112877,TrapTripWire_Laser_Wall,ACTI,3913.287598,1775.122192,-1670.767456,166.1582
SwitchBoard_Reborn.esp,000FDA76,0000001F,RoomMarker,STAT,4551.494141,-603.447266,-1567.010010,81.8882
SwitchBoard_Reborn.esp,000E6C9A,00002CE2,PatrolIdleMarker,IDLM,4262.045410,1964.579102,-1695.010010,90.0000
SwitchBoard_Reborn.esp,000E6C98,00002CE2,PatrolIdleMarker,IDLM,4999.621094,1862.807129,-1691.307861,81.8873
SwitchBoard_Reborn.esp,000E6C96,00002CE2,PatrolIdleMarker,IDLM,5343.189453,1562.446655,-1951.010010,81.8873
SwitchBoard_Reborn.esp,000E6C8F,00002CE2,PatrolIdleMarker,IDLM,2757.092285,2773.137207,-1695.010010,171.8874
SwitchBoard_Reborn.esp,000E6C8D,00002CE2,PatrolIdleMarker,IDLM,2797.894043,2997.135498,-1695.010010,6.6930
SwitchBoard_Reborn.esp,000E6C8A,00002CE2,PatrolIdleMarker,IDLM,3415.052002,1274.982300,-1695.010010,49.8930
SwitchBoard_Reborn.esp,000E6C7D,00002CE2,PatrolIdleMarker,IDLM,4394.109863,-1058.202515,-1311.010010,231.3714
SwitchBoard_Reborn.esp,000E6C7B,00002CE2,PatrolIdleMarker,IDLM,4701.924805,-1408.459473,-1311.010010,306.8873
SwitchBoard_Reborn.esp,000E6BA9,0000001F,RoomMarker,STAT,4219.006836,112.833557,-1567.010010,81.8877
