source_file,ref_formid,base_formid,base_editorid,base_signature,pos_x,pos_y,pos_z,rot_z
VerticalSpawns light Version.esp,24001196,0015BDD3,LvlGunnerShotgunAggro1024b,NPC_,59848.960937,98388.312500,2864.019043,21.0000
VerticalSpawns light Version.esp,24001195,001CC462,LvlGunnerShotgunAggro2048,NPC_,59968.890625,98523.921875,2864.069092,21.0000
VerticalSpawns light Version.esp,24001194,001CC45A,LvlGunnerAutoAggro2048,NPC_,60152.070312,98563.320312,2864.101074,21.0000
VerticalSpawns light Version.esp,24001188,000DE968,LvlGunnerMissileLauncher,NPC_,59556.531250,84454.757812,2899.306885,205.0000
VerticalSpawns light Version.esp,24001187,001CC45A,LvlGunnerAutoAggro2048,NPC_,59734.359375,84401.109375,2867.843018,205.0000
VerticalSpawns light Version.esp,2400118E,0015D4D3,LvlGunnerAutoAggro1024,NPC_,59477.171875,92520.328125,2831.361084,4.0000
VerticalSpawns light Version.esp,2400118C,00075345,LvlGunnerBoss,NPC_,59833.218750,92295.343750,2857.105957,4.0000
VerticalSpawns light Version.esp,2400119A,001CC45A,LvlGunnerAutoAggro2048,NPC_,60307.031250,97965.882812,3376.014893,211.0000
VerticalSpawns light Version.esp,24001198,00075345,LvlGunnerBoss,NPC_,60610.128906,97790.882812,3376.032959,207.0000
VerticalSpawns light Version.esp,24001197,0004CE40,LvlGunnerBoss_PowerArmor,NPC_,60657.089844,97615.843750,3392.019043,207.0000
VerticalSpawns light Version.esp,24001191,001ABE5F,LvlGunnerBoss_PowerArmorAggro1024,NPC_,60502.070312,98213.296875,2864.020996,21.0000
VerticalSpawns light Version.esp,24001183,0007050B,LvlGunnerSniper,NPC_,57887.460937,54825.339844,2054.916992,7.0000
VerticalSpawns light Version.esp,24001182,001CC45A,LvlGunnerAutoAggro2048,NPC_,58056.429687,54878.921875,2054.925049,7.0000
VerticalSpawns light Version.esp,24001181,000DE965,LvlGunnerAuto,NPC_,58188.949219,54840.910156,2058.218994,7.0000
VerticalSpawns light Version.esp,24000A57,00083AD6,LvlTriggerman,NPC_,32879.179687,2807.866943,1475.196045,297.0000
VerticalSpawns light Version.esp,24000A56,00083AD6,LvlTriggerman,NPC_,32788.039062,2897.362061,1443.069946,289.0000
VerticalSpawns light Version.esp,24000A53,00083AD6,LvlTriggerman,NPC_,32880.890625,3234.339111,1374.842041,288.0000
VerticalSpawns light Version.esp,24000A52,00083AD6,LvlTriggerman,NPC_,33004.871094,3269.063965,1426.134033,288.0000
VerticalSpawns light Version.esp,24000A50,00083AD6,LvlTriggerman,NPC_,33221.609375,3143.653076,1426.176025,288.0000
VerticalSpawns light Version.esp,24000A4E,00083AD6,LvlTriggerman,NPC_,33189.718750,1104.818970,1631.791992,328.0000
VerticalSpawns light Version.esp,24000A4D,00083AD6,LvlTriggerman,NPC_,33115.230469,1200.813965,1635.083008,319.0000
VerticalSpawns light Version.esp,24000A4B,00083AD6,LvlTriggerman,NPC_,33098.238281,1447.531006,1631.796021,318.0000
VerticalSpawns light Version.esp,24000A49,00083AD6,LvlTriggerman,NPC_,33314.679687,1572.489990,1632.145020,318.0000
VerticalSpawns light Version.esp,24000A48,00083AD6,LvlTriggerman,NPC_,33439.679687,1538.987061,1632.136963,318.0000
VerticalSpawns light Version.esp,24000A47,00083AD6,LvlTriggerman,NPC_,33531.191406,1447.480957,1632.137939,318.0000
VerticalSpawns light Version.esp,24000BF5,0100A1AA,DLC01LvlMechSentryAmbush,NPC_,41367.628906,4047.906982,1361.027954,327.0000
VerticalSpawns light Version.esp,24000BF1,0100A1AA,DLC01LvlMechSentryAmbush,NPC_,41799.699219,4044.879883,1509.845947,327.0000
VerticalSpawns light Version.esp,24000BF0,0100A1AA,DLC01LvlMechSentryAmbush,NPC_,41833.531250,3920.904053,1361.069946,327.0000
VerticalSpawns light Version.esp,24000BFE,000DE965,LvlGunnerAuto,NPC_,40045.601562,7799.170898,1091.151001,233.0000
VerticalSpawns light Version.esp,24000BFD,00075345,LvlGunnerBoss,NPC_,40178.628906,7650.550781,1087.802979,233.0000
VerticalSpawns light Version.esp,24000BFB,001CC461,LvlGunnerSemiAutoAggro2048,NPC_,38563.019531,6475.095215,1574.961060,18.0000
VerticalSpawns light Version.esp,24000BF9,0015D4D3,LvlGunnerAutoAggro1024,NPC_,38779.660156,6597.092773,1574.962036,18.0000
VerticalSpawns light Version.esp,24000BF8,001CC460,LvlGunnerRobotAssaultronAggro2048,NPC_,38905.289062,6564.566895,1574.958984,18.0000
VerticalSpawns light Version.esp,24000BF7,00075345,LvlGunnerBoss,NPC_,38996.058594,6475.622070,1574.961060,18.0000
VerticalSpawns light Version.esp,24000BF6,0004CE40,LvlGunnerBoss_PowerArmor,NPC_,39029.710938,6350.346191,1574.962036,18.0000
VerticalSpawns light Version.esp,24000BEF,0015BDD1,LvlGunnerShotgun,NPC_,39766.128906,5151.543945,1328.920044,254.0000
VerticalSpawns light Version.esp,24000BEE,0015BDD1,LvlGunnerShotgun,NPC_,39857.550781,5243.019043,1328.923950,254.0000
VerticalSpawns light Version.esp,24000BED,001ABE5E,LvlGunnerRobotAssaultronAggro1024,NPC_,39982.421875,5276.839844,1329.041992,254.0000
VerticalSpawns light Version.esp,24000BEB,00075345,LvlGunnerBoss,NPC_,40199.050781,5151.944824,1328.995972,277.0000
VerticalSpawns light Version.esp,24000BF4,01001EFC,DLC01LvlMechBot_Random,NPC_,41460.578125,4139.129883,1361.088989,327.0000
VerticalSpawns light Version.esp,24000BF2,0100444F,DLC01LvlMechRoboBrain,NPC_,41658.488281,4179.764160,1361.071045,327.0000
VerticalSpawns light Version.esp,24000BE9,0013101C,LvlForged,NPC_,43575.910156,7172.436035,1494.366943,251.0000
VerticalSpawns light Version.esp,24000BE8,0013101C,LvlForged,NPC_,43501.269531,7251.791016,1494.371948,251.0000
VerticalSpawns light Version.esp,24000BE7,0020ED03,LvlForged_Burned,NPC_,43484.769531,7355.771973,1502.150024,251.0000
VerticalSpawns light Version.esp,24000BE4,0013105B,LvlForgedGrenadier,NPC_,43680.800781,7647.349121,1478.066040,253.0000
VerticalSpawns light Version.esp,24000BE1,00215CD2,LvLForged_Boss,NPC_,43984.109375,7357.711914,1526.951050,279.0000
VerticalSpawns light Version.esp,24000BE0,0020ED03,LvlForged_Burned,NPC_,47073.519531,7495.083008,1635.571045,245.0000
VerticalSpawns light Version.esp,24000BDF,0002A664,LvlForgedAggro,NPC_,46982.789062,7586.368164,1636.457031,245.0000
VerticalSpawns light Version.esp,24000BDE,0013101C,LvlForged,NPC_,46954.839844,7709.841797,1637.441040,245.0000
VerticalSpawns light Version.esp,24000BDD,0020ED06,LvlForgedGrenadier_Burned,NPC_,46982.000000,7836.683105,1635.537964,245.0000
VerticalSpawns light Version.esp,24000BD8,00215CD2,LvLForged_Boss,NPC_,47448.550781,7711.694824,1635.109985,245.0000
VerticalSpawns light Version.esp,24000BD7,00050DC9,LvlSynthTeleport,NPC_,46677.339844,5898.499023,1533.227051,63.0000
VerticalSpawns light Version.esp,24000BD6,000DCDF6,LvlSynthAggro512,NPC_,46767.789062,5983.610840,1532.833984,63.0000
VerticalSpawns light Version.esp,24000BD4,000DCDEB,LvlSynthSuperbarrel,NPC_,47017.808594,5983.639160,1531.869019,63.0000
VerticalSpawns light Version.esp,24000BD3,00075342,LvlSynthBoss,NPC_,47109.320312,5892.130859,1531.869019,63.0000
VerticalSpawns light Version.esp,24000BD2,001628EE,LvlSynthCourser,NPC_,47142.789062,5767.126953,1531.948975,63.0000
VerticalSpawns light Version.esp,24000BD1,00050DC9,LvlSynthTeleport,NPC_,45231.078125,4406.966797,1692.693970,168.0000
VerticalSpawns light Version.esp,24000BCF,001628EE,LvlSynthCourser,NPC_,45439.410156,4644.641113,1461.201050,168.0000
VerticalSpawns light Version.esp,24000BCE,000DCDF2,LvlSynthSuperbarrelAggro512,NPC_,45570.019531,4500.076172,1687.645996,168.0000
VerticalSpawns light Version.esp,24000BCC,00184751,LvlSynthLegendary,NPC_,45695.679688,4284.166992,1685.069946,168.0000
VerticalSpawns light Version.esp,24000C13,000EFB5E,LvlRaiderBoltActionAggro1200,NPC_,39034.171875,11750.080078,1311.241943,50.0000
VerticalSpawns light Version.esp,24000C12,000CE986,LvlRaiderAuto,NPC_,39117.320312,11860.450195,1287.167969,50.0000
VerticalSpawns light Version.esp,24000C11,000F757E,LvlRaiderGrenade,NPC_,39250.781250,11875.049805,1311.274048,50.0000
VerticalSpawns light Version.esp,24000C10,0007533E,LvlRaiderBoss,NPC_,39375.429688,11841.080078,1264.119995,50.0000
VerticalSpawns light Version.esp,24000C0F,0007533E,LvlRaiderBoss,NPC_,39467.050781,11749.490234,1264.173950,50.0000
VerticalSpawns light Version.esp,24000C0E,00184757,LvlRaiderLegendary,NPC_,39500.539062,11624.500000,1264.227051,50.0000
VerticalSpawns light Version.esp,24000C0A,001284FF,LvlSupermutantRifleAggro1200,NPC_,42081.019531,10804.309570,1417.568970,306.0000
VerticalSpawns light Version.esp,24000C09,000E5A6C,LvlSupermutantBossAggro1536,NPC_,42170.339844,10719.070312,1435.339966,306.0000
VerticalSpawns light Version.esp,24000C08,0017E6F9,LvlSupermutantAutoLegendary,NPC_,42204.460938,10588.160156,1417.735962,306.0000
VerticalSpawns light Version.esp,24000C05,000EEB1F,LvlSupermutantRifleAggro1024,NPC_,42473.371094,10133.839844,1428.863037,332.0000
VerticalSpawns light Version.esp,24000C04,0010E98E,LvlSupermutantRifleAggro1536,NPC_,42579.871094,10140.769531,1445.697998,332.0000
VerticalSpawns light Version.esp,24000C02,0017E6F6,LvlSupermutantRifleLegendary,NPC_,42703.488281,9926.375977,1429.342041,332.0000
VerticalSpawns light Version.esp,24001176,0015D4D3,LvlGunnerAutoAggro1024,NPC_,49245.390625,11726.379883,1718.104980,3.0000
VerticalSpawns light Version.esp,24001174,001CC45C,LvlGunnerBossAggro2048,NPC_,49539.421875,11557.919922,1708.452026,3.0000
VerticalSpawns light Version.esp,24000C40,000EFB5E,LvlRaiderBoltActionAggro1200,NPC_,51080.531250,10631.200195,1349.951050,358.0000
VerticalSpawns light Version.esp,24000C3F,000CE987,LvlRaiderBoltAction,NPC_,51169.179688,10717.309570,1349.923950,358.0000
VerticalSpawns light Version.esp,24000C3E,000CE986,LvlRaiderAuto,NPC_,51295.601562,10740.150391,1349.869995,358.0000
VerticalSpawns light Version.esp,24000C3D,0007533E,LvlRaiderBoss,NPC_,51420.378906,10706.849609,1349.805054,358.0000
VerticalSpawns light Version.esp,24000C3C,0007533E,LvlRaiderBoss,NPC_,51511.890625,10615.330078,1349.765015,358.0000
VerticalSpawns light Version.esp,24000C1C,000CE987,LvlRaiderBoltAction,NPC_,40572.250000,12868.629883,1390.340942,59.0000
VerticalSpawns light Version.esp,24000C1B,000F757E,LvlRaiderGrenade,NPC_,40664.929688,12955.839844,1390.338013,59.0000
VerticalSpawns light Version.esp,24000C1A,000F757E,LvlRaiderGrenade,NPC_,40774.371094,13017.099609,1390.406006,59.0000
VerticalSpawns light Version.esp,24000C19,0007533E,LvlRaiderBoss,NPC_,40876.398438,13017.679687,1387.047974,59.0000
VerticalSpawns light Version.esp,24000C50,01001EFC,DLC01LvlMechBot_Random,NPC_,42877.230469,15313.709961,1537.222046,277.0000
VerticalSpawns light Version.esp,24000C4F,01001EFC,DLC01LvlMechBot_Random,NPC_,42820.230469,15996.400391,1398.953003,172.0000
VerticalSpawns light Version.esp,24000C4D,01001EFC,DLC01LvlMechBot_Random,NPC_,43004.988281,16158.190430,1395.540039,172.0000
VerticalSpawns light Version.esp,24000C4C,01001EFC,DLC01LvlMechBot_Random,NPC_,43133.378906,16114.669922,1395.538940,172.0000
VerticalSpawns light Version.esp,24000C4A,01001EFC,DLC01LvlMechBot_Random,NPC_,43258.628906,15898.110352,1413.529053,172.0000
VerticalSpawns light Version.esp,24000C31,00075337,LvlFeralGhoul,NPC_,44752.750000,13106.910156,1674.150024,115.0000
VerticalSpawns light Version.esp,24000C30,000A13C5,LvlFeralGhoulAggro512,NPC_,44661.230469,13198.320312,1674.146973,115.0000
VerticalSpawns light Version.esp,24000C2F,000A13C5,LvlFeralGhoulAggro512,NPC_,44627.761719,13323.559570,1674.145020,115.0000
VerticalSpawns light Version.esp,24000C2E,00075343,LvlFeralGhoulBoss,NPC_,44661.148438,13448.490234,1673.977051,115.0000
VerticalSpawns light Version.esp,24000C2C,00075343,LvlFeralGhoulBoss,NPC_,44877.660156,13573.490234,1673.977051,115.0000
VerticalSpawns light Version.esp,24000C2B,000D39EF,LvlFeralGhoulGlowingOne,NPC_,45002.679688,13540.000000,1674.199951,115.0000
VerticalSpawns light Version.esp,24000C27,00075337,LvlFeralGhoul,NPC_,44252.539062,13940.679687,1674.131958,98.0000
VerticalSpawns light Version.esp,24000C26,00084D4E,LvlFeralGhoulAggro800,NPC_,44176.089844,14024.049805,1673.979980,98.0000
VerticalSpawns light Version.esp,24000C24,00075343,LvlFeralGhoulBoss,NPC_,44299.628906,14241.629883,1674.383057,102.0000
VerticalSpawns light Version.esp,24000C23,00075343,LvlFeralGhoulBoss,NPC_,44424.628906,14275.120117,1674.383057,117.0000
VerticalSpawns light Version.esp,24000C21,000D39EF,LvlFeralGhoulGlowingOne,NPC_,44641.328125,14150.669922,1674.100952,141.0000
VerticalSpawns light Version.esp,24000C20,0016556A,LvlFeralGhoulLegendary,NPC_,44674.558594,14025.190430,1673.979004,151.0000
VerticalSpawns light Version.esp,24000C39,00084D4E,LvlFeralGhoulAggro800,NPC_,45609.859375,12654.799805,1674.206055,97.0000
VerticalSpawns light Version.esp,24000C38,00075337,LvlFeralGhoul,NPC_,45576.308594,12778.389648,1674.203003,97.0000
VerticalSpawns light Version.esp,24000C35,00075343,LvlFeralGhoulBoss,NPC_,45824.769531,13031.750000,1674.204956,97.0000
VerticalSpawns light Version.esp,24000C34,000D39EF,LvlFeralGhoulGlowingOne,NPC_,45953.128906,12999.580078,1674.211060,97.0000
VerticalSpawns light Version.esp,24000C32,0016556A,LvlFeralGhoulLegendary,NPC_,46078.128906,12783.070312,1674.211060,97.0000
VerticalSpawns light Version.esp,24000C2A,000D39EF,LvlFeralGhoulGlowingOne,NPC_,45094.179688,13448.500000,1674.199951,115.0000
VerticalSpawns light Version.esp,24000C29,0016556A,LvlFeralGhoulLegendary,NPC_,45127.671875,13323.500000,1674.199951,115.0000
VerticalSpawns light Version.esp,24000C48,0012B97E,LvlSMBehemoth,NPC_,44966.160156,17168.509766,1993.489990,169.0000
VerticalSpawns light Version.esp,24000C45,00075341,LvlSupermutantBoss,NPC_,45307.628906,17077.000000,1993.491943,169.0000
VerticalSpawns light Version.esp,24000C44,00117D85,LvlSupermutantMinigunBoss,NPC_,45341.128906,16952.000000,1993.491943,169.0000
VerticalSpawns light Version.esp,2400117E,001CC462,LvlGunnerShotgunAggro2048,NPC_,51177.128906,26684.400391,2204.759033,54.0000
VerticalSpawns light Version.esp,2400117C,000DE965,LvlGunnerAuto,NPC_,51480.441406,26859.980469,2204.668945,54.0000
VerticalSpawns light Version.esp,2400117B,000DE965,LvlGunnerAuto,NPC_,51655.421875,26813.160156,2204.778076,54.0000
VerticalSpawns light Version.esp,24000D0C,000EFB71,LvlRaiderAutoAggro1200,NPC_,3678.461914,2377.782959,2521.144043,41.0000
VerticalSpawns light Version.esp,24000D0B,001236A4,LvlRaiderBoltActionAggro1536,NPC_,3805.253906,2413.507080,2521.158936,44.0000
VerticalSpawns light Version.esp,24000D0A,0007533E,LvlRaiderBoss,NPC_,3929.767090,2379.878906,2521.146973,44.0000
VerticalSpawns light Version.esp,24000D09,0019C5A0,LvlRaiderBossMale,NPC_,4021.410889,2290.043945,2521.148926,44.0000
VerticalSpawns light Version.esp,24000D08,00184757,LvlRaiderLegendary,NPC_,4054.884033,2165.014893,2521.178955,44.0000
VerticalSpawns light Version.esp,24000D04,000CE987,LvlRaiderBoltAction,NPC_,225.523605,3111.843018,1886.633057,88.0000
VerticalSpawns light Version.esp,24000D03,000EFB71,LvlRaiderAutoAggro1200,NPC_,316.970215,3203.148926,1886.633057,88.0000
VerticalSpawns light Version.esp,24000D02,00121D4E,LvlProtectronRaider,NPC_,441.785095,3236.044922,1886.633057,88.0000
VerticalSpawns light Version.esp,24000D01,0019C5A0,LvlRaiderBossMale,NPC_,570.573975,3199.555908,1886.634033,88.0000
VerticalSpawns light Version.esp,24000CFF,00184757,LvlRaiderLegendary,NPC_,691.983276,2986.914062,1886.630981,88.0000
VerticalSpawns light Version.esp,24000CFB,000F757E,LvlRaiderGrenade,NPC_,2473.370117,36.471081,1756.848022,172.0000
VerticalSpawns light Version.esp,24000CFA,001236A4,LvlRaiderBoltActionAggro1536,NPC_,2568.905029,133.725601,1753.556030,172.0000
VerticalSpawns light Version.esp,24000CF9,000CE987,LvlRaiderBoltAction,NPC_,2693.905029,167.219101,1753.556030,172.0000
VerticalSpawns light Version.esp,24000CF8,0019C5A1,LvlRaiderBossFemale,NPC_,2818.906982,133.929703,1753.160034,172.0000
VerticalSpawns light Version.esp,24000CF7,0019C5A0,LvlRaiderBossMale,NPC_,2846.052002,45.806519,1753.159058,172.0000
VerticalSpawns light Version.esp,24000D16,0015BDD3,LvlGunnerShotgunAggro1024b,NPC_,4626.104980,3705.513916,1120.284058,219.0000
VerticalSpawns light Version.esp,24000D15,0015BDD1,LvlGunnerShotgun,NPC_,4893.097168,3698.037109,3392.283936,219.0000
VerticalSpawns light Version.esp,24000D14,001AB2EE,LvlGunnerRobotAssaultron,NPC_,4829.542969,3548.665039,1120.281006,219.0000
VerticalSpawns light Version.esp,2400103A,001CC462,LvlGunnerShotgunAggro2048,NPC_,19511.900391,3696.770020,2992.624023,137.0000
VerticalSpawns light Version.esp,24001038,001CC45A,LvlGunnerAutoAggro2048,NPC_,19810.160156,3868.499023,3002.168945,132.0000
VerticalSpawns light Version.esp,24001037,000DE965,LvlGunnerAuto,NPC_,19987.769531,3817.690918,3012.133057,132.0000
VerticalSpawns light Version.esp,24001036,00075345,LvlGunnerBoss,NPC_,20114.250000,3691.960937,3022.332031,132.0000
VerticalSpawns light Version.esp,24000A5B,0015D4D3,LvlGunnerAutoAggro1024,NPC_,28494.480469,2327.076904,1441.113037,233.0000
VerticalSpawns light Version.esp,24000A5A,0015D4D3,LvlGunnerAutoAggro1024,NPC_,28619.009766,2293.649902,1441.114014,233.0000
VerticalSpawns light Version.esp,24000A59,001CC45C,LvlGunnerBossAggro2048,NPC_,28710.490234,2202.066895,1441.000977,233.0000
VerticalSpawns light Version.esp,24000A55,00083AD6,LvlTriggerman,NPC_,32755.199219,3017.844971,1426.165039,288.0000
VerticalSpawns light Version.esp,24000DC7,000F757E,LvlRaiderGrenade,NPC_,3292.813965,4782.101074,1435.406006,281.0000
VerticalSpawns light Version.esp,24000DC6,000CE986,LvlRaiderAuto,NPC_,3384.195068,4872.842773,1435.209961,281.0000
VerticalSpawns light Version.esp,24000DC5,000F757E,LvlRaiderGrenade,NPC_,3509.290039,4906.737793,1435.390991,281.0000
VerticalSpawns light Version.esp,24000DC4,0007533E,LvlRaiderBoss,NPC_,3634.291016,4873.151855,1435.389038,281.0000
VerticalSpawns light Version.esp,24000DC3,0019C5A1,LvlRaiderBossFemale,NPC_,3726.048096,4781.228027,1435.421021,281.0000
VerticalSpawns light Version.esp,24000DC2,00153391,LvlRaiderBossPowerArmor,NPC_,3759.172119,4656.683105,1435.421997,281.0000
VerticalSpawns light Version.esp,24000DC0,0015BDD1,LvlGunnerShotgun,NPC_,1081.557983,6182.503906,2163.354004,173.0000
VerticalSpawns light Version.esp,24000DBF,000DE968,LvlGunnerMissileLauncher,NPC_,1206.791992,6215.502930,2163.354980,173.0000
VerticalSpawns light Version.esp,24000DBE,000DE968,LvlGunnerMissileLauncher,NPC_,1331.009033,6182.560059,2163.352051,173.0000
VerticalSpawns light Version.esp,24000DBD,001CC45C,LvlGunnerBossAggro2048,NPC_,1423.421997,6091.145020,2163.355957,173.0000
VerticalSpawns light Version.esp,24000CF5,0013101C,LvlForged,NPC_,1102.177979,5603.145020,2162.666992,156.0000
VerticalSpawns light Version.esp,24000CF4,0002A664,LvlForgedAggro,NPC_,1010.992004,5693.055176,2162.665039,156.0000
VerticalSpawns light Version.esp,24000CF3,0020ED03,LvlForged_Burned,NPC_,977.005188,5819.042969,2163.354980,156.0000
VerticalSpawns light Version.esp,24000CF2,0013105B,LvlForgedGrenadier,NPC_,1009.893005,5944.951172,2163.354004,156.0000
VerticalSpawns light Version.esp,24000CF1,0020ED06,LvlForgedGrenadier_Burned,NPC_,1100.933960,6034.988770,2163.352051,156.0000
VerticalSpawns light Version.esp,24000CF0,0020ED06,LvlForgedGrenadier_Burned,NPC_,1225.574951,6068.511230,2163.393066,156.0000
VerticalSpawns light Version.esp,24000CED,00215CD2,LvLForged_Boss,NPC_,1477.243042,5819.467773,2163.354004,167.0000
VerticalSpawns light Version.esp,24000CE9,000EFB5E,LvlRaiderBoltActionAggro1200,NPC_,3068.739990,7663.878906,1435.249023,324.0000
VerticalSpawns light Version.esp,24000CE8,001236A4,LvlRaiderBoltActionAggro1536,NPC_,3160.247070,7755.386230,1435.249023,324.0000
VerticalSpawns light Version.esp,24000CE7,000F757E,LvlRaiderGrenade,NPC_,3285.246094,7788.878906,1435.249023,324.0000
VerticalSpawns light Version.esp,24000CE6,0019C5A0,LvlRaiderBossMale,NPC_,3410.246094,7755.386230,1435.249023,324.0000
VerticalSpawns light Version.esp,24000CE5,0019C5A1,LvlRaiderBossFemale,NPC_,3501.751953,7663.878906,1435.249023,324.0000
VerticalSpawns light Version.esp,24000CE0,000EFB5E,LvlRaiderBoltActionAggro1200,NPC_,2947.680908,8432.598633,1435.402954,173.0000
VerticalSpawns light Version.esp,24000CDE,000F757E,LvlRaiderGrenade,NPC_,3164.164062,8557.537109,1435.392944,173.0000
VerticalSpawns light Version.esp,24000CDD,0019C5A0,LvlRaiderBossMale,NPC_,3277.389893,8535.766602,1466.240967,173.0000
VerticalSpawns light Version.esp,24000CDC,0019C5A0,LvlRaiderBossMale,NPC_,3384.142090,8428.633789,1460.114990,173.0000
VerticalSpawns light Version.esp,24000CDB,00184757,LvlRaiderLegendary,NPC_,3414.197021,8307.733398,1435.371948,173.0000
VerticalSpawns light Version.esp,24000D12,00093BC4,LvlSentryBot_Gunner,NPC_,5579.696777,4159.955078,1120.354004,219.0000
VerticalSpawns light Version.esp,240010FE,000DE965,LvlGunnerAuto,NPC_,17939.919922,6246.083008,2774.564941,311.0000
VerticalSpawns light Version.esp,240010FD,001AB2EE,LvlGunnerRobotAssaultron,NPC_,18102.439453,6171.840820,2805.815918,312.0000
VerticalSpawns light Version.esp,240010FC,00075345,LvlGunnerBoss,NPC_,18250.539062,6061.105957,2840.320068,329.0000
VerticalSpawns light Version.esp,24001032,001CC45A,LvlGunnerAutoAggro2048,NPC_,17589.740234,7007.960937,3199.688965,143.0000
VerticalSpawns light Version.esp,24001031,000DE968,LvlGunnerMissileLauncher,NPC_,17980.300781,7138.282227,616.154297,143.0000
VerticalSpawns light Version.esp,24000CD7,000EFB5E,LvlRaiderBoltActionAggro1200,NPC_,4265.621094,9197.182617,1691.235962,123.0000
VerticalSpawns light Version.esp,24000CD6,000F757E,LvlRaiderGrenade,NPC_,4357.626953,9288.078125,1691.446045,123.0000
VerticalSpawns light Version.esp,24000CD5,000EFB5E,LvlRaiderBoltActionAggro1200,NPC_,4483.712891,9321.881836,1688.151978,123.0000
VerticalSpawns light Version.esp,24000CD4,0019C5A1,LvlRaiderBossFemale,NPC_,4607.700195,9289.089844,1691.567017,123.0000
VerticalSpawns light Version.esp,24000CD2,00184757,LvlRaiderLegendary,NPC_,4712.212891,9046.584961,1691.448975,123.0000
VerticalSpawns light Version.esp,24000CCE,000EFB71,LvlRaiderAutoAggro1200,NPC_,4217.981934,9864.653320,1691.413940,181.0000
VerticalSpawns light Version.esp,24000CCD,000F757E,LvlRaiderGrenade,NPC_,4309.404785,9955.665039,1691.411011,181.0000
VerticalSpawns light Version.esp,24000CCC,000EFB5E,LvlRaiderBoltActionAggro1200,NPC_,4434.367188,9989.567383,1691.409058,181.0000
VerticalSpawns light Version.esp,24000CCB,0019C5A1,LvlRaiderBossFemale,NPC_,4559.036133,9955.838867,1691.480957,181.0000
VerticalSpawns light Version.esp,24000CCA,0019C5A0,LvlRaiderBossMale,NPC_,4651.003906,9864.249023,1691.562988,181.0000
VerticalSpawns light Version.esp,24000CC5,000F757E,LvlRaiderGrenade,NPC_,4330.276855,10435.639648,1051.427002,107.0000
VerticalSpawns light Version.esp,24000CC4,000EFB5E,LvlRaiderBoltActionAggro1200,NPC_,4421.433105,10526.389648,1051.427002,96.0000
VerticalSpawns light Version.esp,24000CC3,000F757E,LvlRaiderGrenade,NPC_,4548.443848,10560.719727,1051.428955,96.0000
VerticalSpawns light Version.esp,24000CC2,0019C5A1,LvlRaiderBossFemale,NPC_,4673.382812,10527.190430,1051.425049,96.0000
VerticalSpawns light Version.esp,24000CC1,0019C5A1,LvlRaiderBossFemale,NPC_,4764.902832,10435.709961,1051.423950,96.0000
VerticalSpawns light Version.esp,24000CC0,00184757,LvlRaiderLegendary,NPC_,4798.403809,10310.700195,1051.425049,96.0000
VerticalSpawns light Version.esp,24000CBE,0009084B,LvlChildrenofAtomMale,NPC_,6476.046875,10885.259766,1242.640991,237.0000
VerticalSpawns light Version.esp,24000CBD,0002FB88,LvlChildrenofAtom,NPC_,6596.944824,10905.959961,1242.183960,237.0000
VerticalSpawns light Version.esp,24000CBB,0009084C,LvlChildrenofAtomFemale,NPC_,6814.650879,10780.919922,1237.920044,237.0000
VerticalSpawns light Version.esp,24000CB9,0002FB88,LvlChildrenofAtom,NPC_,7912.538086,10143.080078,1415.248047,323.0000
VerticalSpawns light Version.esp,24000CB8,0002FB88,LvlChildrenofAtom,NPC_,7901.333008,10196.000000,1418.390015,323.0000
VerticalSpawns light Version.esp,24000CB6,0009084B,LvlChildrenofAtomMale,NPC_,8186.040039,10221.919922,1415.046021,323.0000
VerticalSpawns light Version.esp,24000CA0,0015BDD3,LvlGunnerShotgunAggro1024b,NPC_,7890.776855,10197.049805,1415.142944,25.0000
VerticalSpawns light Version.esp,24000C9F,001CC45A,LvlGunnerAutoAggro2048,NPC_,8095.071777,10292.150391,1415.045044,24.0000
VerticalSpawns light Version.esp,24000CAD,000F7589,LvlSupermutantGrenade,NPC_,10866.669922,9587.694336,1363.234985,276.0000
VerticalSpawns light Version.esp,24000CAB,000D228A,LvlSupermutantRifle,NPC_,11082.879883,9713.872070,1363.713989,276.0000
VerticalSpawns light Version.esp,24000CAA,000EEB1F,LvlSupermutantRifleAggro1024,NPC_,11208.019531,9680.177734,1363.713013,276.0000
VerticalSpawns light Version.esp,24000CA8,00117D85,LvlSupermutantMinigunBoss,NPC_,11333.049805,9463.684570,1363.715942,276.0000
VerticalSpawns light Version.esp,24000CA5,001284FF,LvlSupermutantRifleAggro1200,NPC_,10774.570312,9071.647461,1401.621948,245.0000
VerticalSpawns light Version.esp,24000CA4,000EEB1F,LvlSupermutantRifleAggro1024,NPC_,10900.480469,9035.690430,1401.612061,245.0000
VerticalSpawns light Version.esp,24000CA3,00075341,LvlSupermutantBoss,NPC_,10990.730469,8948.083008,1405.806030,245.0000
VerticalSpawns light Version.esp,24000CA2,0017E6F9,LvlSupermutantAutoLegendary,NPC_,11024.250000,8823.092773,1405.645996,245.0000
VerticalSpawns light Version.esp,24000C9E,0015D4D3,LvlGunnerAutoAggro1024,NPC_,8220.039062,10258.700195,1415.045044,24.0000
VerticalSpawns light Version.esp,24000C9D,00075345,LvlGunnerBoss,NPC_,8311.505859,10167.230469,1415.465942,24.0000
VerticalSpawns light Version.esp,24000C9C,00184766,LvlGunnerLegendary,NPC_,8345.000000,10042.230469,1415.465942,24.0000
VerticalSpawns light Version.esp,24000C6A,0009084C,LvlChildrenofAtomFemale,NPC_,23560.640625,9926.499023,1494.972046,281.0000
VerticalSpawns light Version.esp,24000C69,0002FB88,LvlChildrenofAtom,NPC_,23657.550781,10023.480469,1494.972046,296.0000
VerticalSpawns light Version.esp,24000C68,0002FB88,LvlChildrenofAtom,NPC_,23777.519531,10048.139648,1494.968994,296.0000
VerticalSpawns light Version.esp,24000C67,0002FB88,LvlChildrenofAtom,NPC_,23902.330078,10017.769531,1494.969971,296.0000
VerticalSpawns light Version.esp,24000C66,0002FB88,LvlChildrenofAtom,NPC_,23993.830078,9926.267578,1494.969971,296.0000
VerticalSpawns light Version.esp,24000C65,0009084C,LvlChildrenofAtomFemale,NPC_,24025.769531,9801.861328,1495.058960,296.0000
VerticalSpawns light Version.esp,24000C61,000EFB5E,LvlRaiderBoltActionAggro1200,NPC_,25587.619141,11144.240234,1432.473999,284.0000
VerticalSpawns light Version.esp,24000C60,001236A4,LvlRaiderBoltActionAggro1536,NPC_,25676.470703,11233.299805,1561.578979,284.0000
VerticalSpawns light Version.esp,24000C5E,0019C5A1,LvlRaiderBossFemale,NPC_,25926.390625,11233.830078,1432.468994,284.0000
VerticalSpawns light Version.esp,24000C5D,0007533E,LvlRaiderBoss,NPC_,26004.779297,11150.089844,1445.694946,284.0000
VerticalSpawns light Version.esp,24000C5C,00184757,LvlRaiderLegendary,NPC_,26051.529297,11018.019531,1432.982056,284.0000
VerticalSpawns light Version.esp,240010F8,000DE968,LvlGunnerMissileLauncher,NPC_,10477.030273,13810.049805,2093.738037,242.0000
VerticalSpawns light Version.esp,240010F7,000DE965,LvlGunnerAuto,NPC_,10651.709961,13763.370117,2105.991943,225.0000
VerticalSpawns light Version.esp,240010F5,0004CE40,LvlGunnerBoss_PowerArmor,NPC_,10828.919922,13460.709961,2130.418945,222.0000
VerticalSpawns light Version.esp,2400102A,001C64A6,LvlGunnerBossAggro1024,NPC_,12195.150391,12681.459961,2774.989014,133.0000
VerticalSpawns light Version.esp,24001029,001ABE5F,LvlGunnerBoss_PowerArmorAggro1024,NPC_,12212.759766,12479.959961,2772.562012,133.0000
VerticalSpawns light Version.esp,24000C5B,001628EE,LvlSynthCourser,NPC_,28222.820312,14035.929687,1824.114014,198.0000
VerticalSpawns light Version.esp,24000C58,001628EE,LvlSynthCourser,NPC_,28618.519531,14114.809570,1540.374023,198.0000
VerticalSpawns light Version.esp,24000C57,001628EE,LvlSynthCourser,NPC_,28654.550781,14032.230469,1825.083984,198.0000
VerticalSpawns light Version.esp,24000C56,00184751,LvlSynthLegendary,NPC_,28687.189453,13910.429687,1821.521973,198.0000
VerticalSpawns light Version.esp,24000C98,001236A4,LvlRaiderBoltActionAggro1536,NPC_,10290.389648,20389.759766,1492.848999,191.0000
VerticalSpawns light Version.esp,24000C94,0007533E,LvlRaiderBoss,NPC_,10723.299805,20388.000000,1400.082031,191.0000
VerticalSpawns light Version.esp,24000C93,00184757,LvlRaiderLegendary,NPC_,10757.419922,20264.150391,1400.077026,191.0000
VerticalSpawns light Version.esp,24000C8F,000F757E,LvlRaiderGrenade,NPC_,10965.639648,20421.140625,855.953186,330.0000
VerticalSpawns light Version.esp,24000C8B,0007533E,LvlRaiderBoss,NPC_,11413.530273,20379.019531,855.950806,330.0000
VerticalSpawns light Version.esp,24000C8A,00153391,LvlRaiderBossPowerArmor,NPC_,11433.419922,20296.349609,855.955017,330.0000
VerticalSpawns light Version.esp,24000C89,0012B97B,EncSMBehemoth03,NPC_,13683.559570,16853.580078,699.999512,38.0000
VerticalSpawns light Version.esp,24000C86,000DE968,LvlGunnerMissileLauncher,NPC_,14341.780273,17779.300781,1826.077026,287.0000
VerticalSpawns light Version.esp,24000C85,000DE965,LvlGunnerAuto,NPC_,14466.719727,17746.400391,1826.073975,287.0000
VerticalSpawns light Version.esp,24000C83,001ABE5F,LvlGunnerBoss_PowerArmorAggro1024,NPC_,14591.719727,17529.939453,1826.076050,287.0000
VerticalSpawns light Version.esp,24000C82,00083AD6,LvlTriggerman,NPC_,16906.000000,18179.539062,1832.116943,231.0000
VerticalSpawns light Version.esp,24000C7F,00083AD6,LvlTriggerman,NPC_,16817.609375,18536.109375,1832.067993,225.0000
VerticalSpawns light Version.esp,24000C7E,00083AD6,LvlTriggerman,NPC_,16913.369141,18627.599609,1832.067017,200.0000
VerticalSpawns light Version.esp,24000C7D,00083AD6,LvlTriggerman,NPC_,17038.589844,18660.490234,1832.064941,179.0000
VerticalSpawns light Version.esp,24000C7C,00083AD6,LvlTriggerman,NPC_,17162.619141,18625.929688,1832.067993,176.0000
VerticalSpawns light Version.esp,24000C7A,00083AD6,LvlTriggerman,NPC_,17289.519531,18455.609375,1848.796021,176.0000
VerticalSpawns light Version.esp,24000C79,00083AD6,LvlTriggerman,NPC_,20174.320312,18166.939453,1684.093018,264.0000
VerticalSpawns light Version.esp,24000C76,00083AD6,LvlTriggerman,NPC_,20074.990234,18505.519531,1735.771973,264.0000
VerticalSpawns light Version.esp,24000C75,00083AD6,LvlTriggerman,NPC_,20166.470703,18597.070312,1741.670044,264.0000
VerticalSpawns light Version.esp,24000C73,00083AD6,LvlTriggerman,NPC_,20418.119141,18598.160156,1678.319946,264.0000
VerticalSpawns light Version.esp,24000C72,00083AD6,LvlTriggerman,NPC_,20471.419922,18514.140625,1676.516968,264.0000
VerticalSpawns light Version.esp,24000C71,00083AD6,LvlTriggerman,NPC_,20567.060547,18369.099609,1676.088989,264.0000
VerticalSpawns light Version.esp,24000C97,001236A4,LvlRaiderBoltActionAggro1536,NPC_,10386.759766,20496.619141,1403.454956,191.0000
VerticalSpawns light Version.esp,24000C8D,000EFB5E,LvlRaiderBoltActionAggro1200,NPC_,11186.589844,20547.199219,856.194275,330.0000
VerticalSpawns light Version.esp,24000C8C,0019C5A1,LvlRaiderBossFemale,NPC_,11308.259766,20512.880859,994.848511,330.0000
VerticalSpawns light Version.esp,24000B7B,001AF072,LvlSupermutantSuiciderAggro1536,NPC_,76946.453125,-17909.009766,1551.149048,153.0000
VerticalSpawns light Version.esp,24000B7A,001284FF,LvlSupermutantRifleAggro1200,NPC_,77071.453125,-17875.509766,1551.149048,172.0000
VerticalSpawns light Version.esp,24000B79,000D228A,LvlSupermutantRifle,NPC_,77196.218750,-17910.039062,1551.151001,189.0000
VerticalSpawns light Version.esp,24000B77,0017E6F6,LvlSupermutantRifleLegendary,NPC_,77299.937500,-18130.460938,1554.442017,220.0000
VerticalSpawns light Version.esp,24000B74,000EEB1F,LvlSupermutantRifleAggro1024,NPC_,77915.796875,-16657.000000,1550.964966,265.0000
VerticalSpawns light Version.esp,24000B73,000D228A,LvlSupermutantRifle,NPC_,78040.796875,-16690.490234,1550.964966,278.0000
VerticalSpawns light Version.esp,24000B71,0012B97E,LvlSMBehemoth,NPC_,78165.203125,-16908.400391,1030.501953,309.0000
VerticalSpawns light Version.esp,24000A33,0013101C,LvlForged,NPC_,37254.660156,-9638.375000,1663.431030,268.0000
VerticalSpawns light Version.esp,24000A32,0013101C,LvlForged,NPC_,37163.000000,-9546.997070,1663.427979,268.0000
VerticalSpawns light Version.esp,24000A31,0002A664,LvlForgedAggro,NPC_,37129.648438,-9421.882812,1663.436035,268.0000
VerticalSpawns light Version.esp,24000A30,0013105B,LvlForgedGrenadier,NPC_,37162.910156,-9296.935547,1663.213013,268.0000
VerticalSpawns light Version.esp,24000A2E,0020ED06,LvlForgedGrenadier_Burned,NPC_,37377.519531,-9173.514648,1663.215942,268.0000
VerticalSpawns light Version.esp,24000A2B,00215CD2,LvLForged_Boss,NPC_,37629.511719,-9421.625977,1663.253052,243.0000
VerticalSpawns light Version.esp,24000A39,001236A4,LvlRaiderBoltActionAggro1536,NPC_,34457.679688,-9481.453125,2224.906006,38.0000
VerticalSpawns light Version.esp,24000A38,000CE986,LvlRaiderAuto,NPC_,34547.210938,-9390.492188,2224.854980,38.0000
VerticalSpawns light Version.esp,24000A37,000EFB71,LvlRaiderAutoAggro1200,NPC_,34674.171875,-9356.522461,2224.852051,38.0000
VerticalSpawns light Version.esp,24000A35,0007533E,LvlRaiderBoss,NPC_,34890.570312,-9481.110352,2224.689941,38.0000
VerticalSpawns light Version.esp,24000A34,00184757,LvlRaiderLegendary,NPC_,34924.109375,-9605.810547,2224.689941,38.0000
VerticalSpawns light Version.esp,24000A2A,00075337,LvlFeralGhoul,NPC_,33465.261719,-9619.033203,1396.906006,349.0000
VerticalSpawns light Version.esp,24000A28,000A13C5,LvlFeralGhoulAggro512,NPC_,33231.269531,-9399.430664,1468.439941,349.0000
VerticalSpawns light Version.esp,24000A27,00075343,LvlFeralGhoulBoss,NPC_,33265.140625,-9276.204102,1497.357056,349.0000
VerticalSpawns light Version.esp,24000A26,00075343,LvlFeralGhoulBoss,NPC_,33357.000000,-9187.421875,1513.600952,349.0000
VerticalSpawns light Version.esp,24000A23,000D39EF,LvlFeralGhoulGlowingOne,NPC_,33697.851562,-9277.436523,1467.628052,349.0000
VerticalSpawns light Version.esp,24000A22,0016556A,LvlFeralGhoulLegendary,NPC_,33731.878906,-9401.455078,1433.896973,349.0000
VerticalSpawns light Version.esp,240009B8,0002FB88,LvlChildrenofAtom,NPC_,35226.320312,-50081.140625,1203.052002,337.0000
VerticalSpawns light Version.esp,240009B6,0009084C,LvlChildrenofAtomFemale,NPC_,35441.390625,-49955.371094,1203.048950,337.0000
VerticalSpawns light Version.esp,240009B4,0009084C,LvlChildrenofAtomFemale,NPC_,35657.839844,-50080.300781,1203.052002,337.0000
VerticalSpawns light Version.esp,240009B3,0002FB88,LvlChildrenofAtom,NPC_,35691.390625,-50205.371094,1203.048950,337.0000
VerticalSpawns light Version.esp,240009CB,00215CD2,LvLForged_Boss,NPC_,33054.710937,-45057.769531,1449.520996,2.0000
VerticalSpawns light Version.esp,240009BE,001236A4,LvlRaiderBoltActionAggro1536,NPC_,38818.929688,-48947.089844,1422.286987,307.0000
VerticalSpawns light Version.esp,240009BD,000CE986,LvlRaiderAuto,NPC_,38909.281250,-48850.371094,1408.249023,307.0000
VerticalSpawns light Version.esp,240009BB,0019C5A0,LvlRaiderBossMale,NPC_,39158.769531,-48850.808594,1408.255981,307.0000
VerticalSpawns light Version.esp,240009BA,0019C5A1,LvlRaiderBossFemale,NPC_,39250.269531,-48942.320312,1408.255981,307.0000
VerticalSpawns light Version.esp,240009CE,0013105B,LvlForgedGrenadier,NPC_,32804.828125,-44807.859375,1449.510986,2.0000
VerticalSpawns light Version.esp,240009CA,0013101C,LvlForged,NPC_,35515.648438,-44964.320312,760.152710,294.0000
VerticalSpawns light Version.esp,240009C9,0013101C,LvlForged,NPC_,35504.359375,-44719.601562,1238.025024,294.0000
VerticalSpawns light Version.esp,240009C8,0013101C,LvlForged,NPC_,35475.480469,-44593.800781,1244.056030,294.0000
VerticalSpawns light Version.esp,240009C7,0013105B,LvlForgedGrenadier,NPC_,35501.699219,-44501.089844,1244.206055,294.0000
VerticalSpawns light Version.esp,240009C6,0013105B,LvlForgedGrenadier,NPC_,35595.890625,-44378.078125,1281.031982,294.0000
VerticalSpawns light Version.esp,240009C5,0020ED06,LvlForgedGrenadier_Burned,NPC_,35720.210938,-44344.679688,1238.071045,294.0000
VerticalSpawns light Version.esp,240009C2,00215CD2,LvLForged_Boss,NPC_,35970.820312,-44594.250000,1238.041016,294.0000
VerticalSpawns light Version.esp,2400104A,000DE968,LvlGunnerMissileLauncher,NPC_,37407.300781,-93631.546875,3369.997070,358.0000
VerticalSpawns light Version.esp,24001049,001ABE5E,LvlGunnerRobotAssaultronAggro1024,NPC_,37579.660156,-93679.632812,3385.997070,358.0000
VerticalSpawns light Version.esp,24001048,00075345,LvlGunnerBoss,NPC_,37710.808594,-93806.007812,3385.998047,358.0000
VerticalSpawns light Version.esp,24001052,0015BDD1,LvlGunnerShotgun,NPC_,36679.000000,-99205.453125,2443.395996,4.0000
VerticalSpawns light Version.esp,24001056,000DE968,LvlGunnerMissileLauncher,NPC_,37766.371094,-99802.953125,2992.322998,185.0000
VerticalSpawns light Version.esp,24001055,0015D4D3,LvlGunnerAutoAggro1024,NPC_,37941.519531,-99850.062500,3011.900879,185.0000
VerticalSpawns light Version.esp,24001054,00093BC4,LvlSentryBot_Gunner,NPC_,38068.878906,-99977.953125,3023.502930,185.0000
VerticalSpawns light Version.esp,24001053,0004CE40,LvlGunnerBoss_PowerArmor,NPC_,38094.679688,-100148.500000,3046.985107,185.0000
VerticalSpawns light Version.esp,24001050,000DE965,LvlGunnerAuto,NPC_,37052.230469,-99067.093750,2413.853027,4.0000
VerticalSpawns light Version.esp,2400104F,000DE965,LvlGunnerAuto,NPC_,37227.210938,-99114.890625,2418.531006,4.0000
VerticalSpawns light Version.esp,2400104E,00075345,LvlGunnerBoss,NPC_,37355.300781,-99242.046875,2430.981934,4.0000
VerticalSpawns light Version.esp,24000A9C,001236A4,LvlRaiderBoltActionAggro1536,NPC_,2422.624023,-31355.960937,3099.952881,281.0000
VerticalSpawns light Version.esp,24000A9B,001236A4,LvlRaiderBoltActionAggro1536,NPC_,2514.445068,-31264.449219,3112.582031,281.0000
VerticalSpawns light Version.esp,24000A9A,000EFB5E,LvlRaiderBoltActionAggro1200,NPC_,2637.626953,-31233.519531,3125.465088,281.0000
VerticalSpawns light Version.esp,24000A99,0019C5A1,LvlRaiderBossFemale,NPC_,2764.137939,-31265.939453,3117.961914,281.0000
VerticalSpawns light Version.esp,24000A98,0019C5A1,LvlRaiderBossFemale,NPC_,2855.624023,-31355.869141,3099.934082,281.0000
VerticalSpawns light Version.esp,24000A97,00153391,LvlRaiderBossPowerArmor,NPC_,2889.160889,-31480.800781,3100.297119,281.0000
VerticalSpawns light Version.esp,24000A87,0014AE58,LvlSupermutantSuicider,NPC_,2639.968018,-29619.439453,3697.543945,210.0000
VerticalSpawns light Version.esp,24000A85,001284FF,LvlSupermutantRifleAggro1200,NPC_,2858.345947,-29497.339844,3697.534912,210.0000
VerticalSpawns light Version.esp,24000A84,000D228A,LvlSupermutantRifle,NPC_,2981.510986,-29527.970703,3697.531982,210.0000
VerticalSpawns light Version.esp,24000A83,00075341,LvlSupermutantBoss,NPC_,3073.018066,-29619.480469,3697.537109,210.0000
VerticalSpawns light Version.esp,24000B6A,000DE964,LvlGunnerSemiAuto,NPC_,1659.166992,-18552.679688,2488.124023,214.0000
VerticalSpawns light Version.esp,24000B69,001CC461,LvlGunnerSemiAutoAggro2048,NPC_,1751.927002,-18454.560547,2488.163086,214.0000
VerticalSpawns light Version.esp,24000B68,0015D4D3,LvlGunnerAutoAggro1024,NPC_,1874.657959,-18425.740234,2488.125000,214.0000
VerticalSpawns light Version.esp,24000B67,000DE965,LvlGunnerAuto,NPC_,2000.630005,-18461.220703,2488.123047,214.0000
VerticalSpawns light Version.esp,24000B63,001CC461,LvlGunnerSemiAutoAggro2048,NPC_,2207.337891,-19637.050781,3511.938965,302.0000
VerticalSpawns light Version.esp,24000B62,0015D4D3,LvlGunnerAutoAggro1024,NPC_,2333.576904,-19608.240234,3511.927002,302.0000
VerticalSpawns light Version.esp,24000B61,0015D4D3,LvlGunnerAutoAggro1024,NPC_,2458.576904,-19641.730469,3511.927002,302.0000
VerticalSpawns light Version.esp,24000B60,00075345,LvlGunnerBoss,NPC_,2550.082031,-19733.240234,3511.927002,302.0000
VerticalSpawns light Version.esp,24000CFE,001AF06D,LvlRaiderDog_Aggro1536,NPC_,2569.627930,-294.894897,1779.708984,172.0000
VerticalSpawns light Version.esp,24000CF6,00153391,LvlRaiderBossPowerArmor,NPC_,2943.041992,-78.060249,1760.281006,172.0000
VerticalSpawns light Version.esp,24001044,000DE968,LvlGunnerMissileLauncher,NPC_,20125.660156,-27593.460937,2132.728027,187.0000
VerticalSpawns light Version.esp,2400110C,001CC462,LvlGunnerShotgunAggro2048,NPC_,20532.730469,-25902.119141,2816.967041,205.0000
VerticalSpawns light Version.esp,2400110A,000DE968,LvlGunnerMissileLauncher,NPC_,20837.939453,-25727.439453,2834.547119,205.0000
VerticalSpawns light Version.esp,24001108,001C64A6,LvlGunnerBossAggro1024,NPC_,21139.000000,-25902.529297,2833.071045,205.0000
VerticalSpawns light Version.esp,24001107,001ABE5F,LvlGunnerBoss_PowerArmorAggro1024,NPC_,21167.480469,-26083.070312,2822.764893,205.0000
VerticalSpawns light Version.esp,24001042,00093BC4,LvlSentryBot_Gunner,NPC_,20489.310547,-27792.859375,2112.725098,219.0000
VerticalSpawns light Version.esp,24001041,0004CE40,LvlGunnerBoss_PowerArmor,NPC_,20481.650391,-27940.390625,2097.920898,238.0000
VerticalSpawns light Version.esp,240009EC,0017E6F9,LvlSupermutantAutoLegendary,NPC_,22659.099609,-24649.679688,2701.612061,334.0000
VerticalSpawns light Version.esp,240009EB,000E136D,LvlSupermutantMeleeAggro512,NPC_,20575.039062,-26733.859375,2733.531006,356.0000
VerticalSpawns light Version.esp,240009E9,001284FF,LvlSupermutantRifleAggro1200,NPC_,20791.529297,-26608.710937,2746.092041,356.0000
VerticalSpawns light Version.esp,240009E8,000EEB1F,LvlSupermutantRifleAggro1024,NPC_,20916.560547,-26641.439453,2742.812988,356.0000
VerticalSpawns light Version.esp,240009E7,00128875,LvlSupermutantMissileAggro1200,NPC_,21008.070312,-26733.039062,2749.750977,356.0000
VerticalSpawns light Version.esp,240009E6,0017E6F6,LvlSupermutantRifleLegendary,NPC_,21041.390625,-26858.779297,2737.169922,356.0000
VerticalSpawns light Version.esp,24000B5D,001628EE,LvlSynthCourser,NPC_,7229.279785,-21189.000000,1957.401978,230.0000
VerticalSpawns light Version.esp,24000B5B,000DCDEB,LvlSynthSuperbarrel,NPC_,7481.195801,-21195.939453,1957.404053,233.0000
VerticalSpawns light Version.esp,24000B5A,00075342,LvlSynthBoss,NPC_,7572.702148,-21287.449219,1957.402954,233.0000
VerticalSpawns light Version.esp,24000B59,00184751,LvlSynthLegendary,NPC_,7606.195801,-21412.439453,1957.404053,233.0000
VerticalSpawns light Version.esp,24000B56,001CC45A,LvlGunnerAutoAggro2048,NPC_,11628.530273,-23608.160156,1519.088989,296.0000
VerticalSpawns light Version.esp,24000B55,0015D4D3,LvlGunnerAutoAggro1024,NPC_,11753.599609,-23641.839844,1519.130005,296.0000
VerticalSpawns light Version.esp,24000B54,001C64A6,LvlGunnerBossAggro1024,NPC_,11845.110352,-23733.349609,1519.130005,296.0000
VerticalSpawns light Version.esp,24000B52,0015BDD1,LvlGunnerShotgun,NPC_,11155.769531,-22355.919922,1527.453979,181.0000
VerticalSpawns light Version.esp,24000B51,000DE964,LvlGunnerSemiAuto,NPC_,11305.910156,-22226.390625,1561.396973,181.0000
VerticalSpawns light Version.esp,24000B50,000DE968,LvlGunnerMissileLauncher,NPC_,11433.849609,-22195.169922,1524.555054,181.0000
VerticalSpawns light Version.esp,24000B4F,000DE968,LvlGunnerMissileLauncher,NPC_,11557.129883,-22229.609375,1525.165039,181.0000
VerticalSpawns light Version.esp,24000B4E,001C64A6,LvlGunnerBossAggro1024,NPC_,11646.070312,-22312.669922,1534.634033,180.0000
VerticalSpawns light Version.esp,240009F1,000F7589,LvlSupermutantGrenade,NPC_,22199.550781,-24529.429688,2716.825928,334.0000
VerticalSpawns light Version.esp,240009EF,000D2289,LvlSupermutantAuto,NPC_,22406.960938,-24402.900391,2704.214111,334.0000
VerticalSpawns light Version.esp,240009EE,000D228A,LvlSupermutantRifle,NPC_,22534.009766,-24433.130859,2700.329102,334.0000
VerticalSpawns light Version.esp,24000A81,01001EFC,DLC01LvlMechBot_Random,NPC_,8971.829102,-18888.220703,2671.045898,219.0000
VerticalSpawns light Version.esp,24000A80,01001EFC,DLC01LvlMechBot_Random,NPC_,9063.333984,-18796.699219,2671.045898,219.0000
VerticalSpawns light Version.esp,24000A7F,01001EFC,DLC01LvlMechBot_Random,NPC_,9187.823242,-18769.160156,2671.181885,219.0000
VerticalSpawns light Version.esp,24000A7E,0100444F,DLC01LvlMechRoboBrain,NPC_,9313.744141,-18812.880859,2671.050049,219.0000
VerticalSpawns light Version.esp,24000B48,000CE987,LvlRaiderBoltAction,NPC_,15367.580078,-18693.080078,2410.455078,130.0000
VerticalSpawns light Version.esp,24000B47,000EFB71,LvlRaiderAutoAggro1200,NPC_,15497.599609,-18655.789062,2410.497070,130.0000
VerticalSpawns light Version.esp,24000B46,0007533E,LvlRaiderBoss,NPC_,15622.599609,-18689.289062,2410.497070,130.0000
VerticalSpawns light Version.esp,24000B45,0019C5A1,LvlRaiderBossFemale,NPC_,15714.110352,-18780.789062,2410.471924,130.0000
VerticalSpawns light Version.esp,24000B44,00184757,LvlRaiderLegendary,NPC_,15747.599609,-18905.789062,2410.471924,130.0000
VerticalSpawns light Version.esp,24000A79,001284FF,LvlSupermutantRifleAggro1200,NPC_,10810.299805,-13001.540039,2203.903076,64.0000
VerticalSpawns light Version.esp,24000A77,00128875,LvlSupermutantMissileAggro1200,NPC_,11035.419922,-13128.559570,2203.541992,83.0000
VerticalSpawns light Version.esp,24000A76,0017E6F6,LvlSupermutantRifleLegendary,NPC_,11068.910156,-13253.559570,2203.541992,90.0000
VerticalSpawns light Version.esp,24000A70,00117D85,LvlSupermutantMinigunBoss,NPC_,11546.250000,-12329.580078,1579.526001,176.0000
VerticalSpawns light Version.esp,24000B40,001236A4,LvlRaiderBoltActionAggro1536,NPC_,17818.960938,-13243.709961,2414.419922,217.0000
VerticalSpawns light Version.esp,24000B3F,000CE987,LvlRaiderBoltAction,NPC_,17910.419922,-13152.200195,2414.406006,217.0000
VerticalSpawns light Version.esp,24000B3E,000F757E,LvlRaiderGrenade,NPC_,18035.460938,-13118.679687,2414.246094,217.0000
VerticalSpawns light Version.esp,24000B3C,0019C5A1,LvlRaiderBossFemale,NPC_,18251.980469,-13243.679687,2414.246094,217.0000
VerticalSpawns light Version.esp,24001104,001CC45A,LvlGunnerAutoAggro2048,NPC_,22176.679688,-14272.259766,3079.070068,218.0000
VerticalSpawns light Version.esp,24001103,0015D4D3,LvlGunnerAutoAggro1024,NPC_,22191.470703,-14278.740234,3080.073975,218.0000
VerticalSpawns light Version.esp,24001102,001C64A6,LvlGunnerBossAggro1024,NPC_,22318.410156,-14410.480469,3083.353027,218.0000
VerticalSpawns light Version.esp,24001101,001CC45B,LvlGunnerBoss_PowerArmorAggro2048,NPC_,22365.470703,-14585.370117,3104.482910,219.0000
VerticalSpawns light Version.esp,24000A0E,000CE987,LvlRaiderBoltAction,NPC_,27649.449219,-14417.629883,1706.352051,28.0000
VerticalSpawns light Version.esp,24000A0D,000F757E,LvlRaiderGrenade,NPC_,27819.400391,-14379.549805,1703.058960,28.0000
VerticalSpawns light Version.esp,24000A0C,0019C5A1,LvlRaiderBossFemale,NPC_,27941.949219,-14411.530273,1705.146973,28.0000
VerticalSpawns light Version.esp,24000A0B,0019C5A1,LvlRaiderBossFemale,NPC_,28025.589844,-14500.500000,1753.871948,28.0000
VerticalSpawns light Version.esp,24000A0A,00184757,LvlRaiderLegendary,NPC_,28065.230469,-14627.589844,1776.193970,28.0000
VerticalSpawns light Version.esp,240009FD,000EFB71,LvlRaiderAutoAggro1200,NPC_,27749.830078,-14757.780273,2439.000000,315.0000
VerticalSpawns light Version.esp,240009FC,000F757E,LvlRaiderGrenade,NPC_,27841.419922,-14666.129883,2439.021973,315.0000
VerticalSpawns light Version.esp,240009FB,001236A4,LvlRaiderBoltActionAggro1536,NPC_,27966.419922,-14632.370117,2439.100098,315.0000
VerticalSpawns light Version.esp,240009FA,0007533E,LvlRaiderBoss,NPC_,28091.419922,-14665.830078,2439.108887,315.0000
VerticalSpawns light Version.esp,240009F9,0019C5A0,LvlRaiderBossMale,NPC_,28182.890625,-14757.370117,2439.042969,315.0000
VerticalSpawns light Version.esp,240009F8,00184757,LvlRaiderLegendary,NPC_,28216.429687,-14882.330078,2438.989990,315.0000
VerticalSpawns light Version.esp,240009F5,000D228A,LvlSupermutantRifle,NPC_,25295.259766,-13897.320312,3267.479980,67.0000
VerticalSpawns light Version.esp,240009F4,000D228A,LvlSupermutantRifle,NPC_,25417.400391,-13927.349609,3264.187012,67.0000
VerticalSpawns light Version.esp,240009F2,0017E6F6,LvlSupermutantRifleLegendary,NPC_,25489.570312,-14126.040039,3264.212891,67.0000
VerticalSpawns light Version.esp,24000A06,00121D4E,LvlProtectronRaider,NPC_,29489.050781,-13459.440430,2680.742920,294.0000
VerticalSpawns light Version.esp,24000A05,000EFB5E,LvlRaiderBoltActionAggro1200,NPC_,29578.720703,-13371.980469,2680.043945,294.0000
VerticalSpawns light Version.esp,24000A04,000CE986,LvlRaiderAuto,NPC_,29703.060547,-13336.269531,2680.048096,294.0000
VerticalSpawns light Version.esp,24000A03,0007533E,LvlRaiderBoss,NPC_,29828.029297,-13369.660156,2680.045898,294.0000
VerticalSpawns light Version.esp,24000A02,0019C5A1,LvlRaiderBossFemale,NPC_,29919.529297,-13461.139648,2680.194092,294.0000
VerticalSpawns light Version.esp,24000A01,00184757,LvlRaiderLegendary,NPC_,29953.019531,-13586.160156,2680.198975,294.0000
VerticalSpawns light Version.esp,24000A73,000D2289,LvlSupermutantAuto,NPC_,11296.160156,-12079.280273,1579.833008,217.0000
VerticalSpawns light Version.esp,24000A72,001284FF,LvlSupermutantRifleAggro1200,NPC_,11421.150391,-12112.769531,1579.832031,203.0000
VerticalSpawns light Version.esp,24000A71,00195650,LvlSupermutantMissileAggro1536,NPC_,11512.759766,-12204.580078,1579.526978,186.0000
VerticalSpawns light Version.esp,24000A6F,0014AE58,LvlSupermutantSuicider,NPC_,12013.629883,-9877.834961,2752.533936,234.0000
VerticalSpawns light Version.esp,24000A6C,000D228A,LvlSupermutantRifle,NPC_,12355.780273,-9787.399414,2752.532959,234.0000
VerticalSpawns light Version.esp,24000A6A,0017E6F6,LvlSupermutantRifleLegendary,NPC_,12480.509766,-10004.400391,2752.530029,234.0000
VerticalSpawns light Version.esp,24000B37,001CC45A,LvlGunnerAutoAggro2048,NPC_,18829.929688,-10265.780273,2688.054932,120.0000
VerticalSpawns light Version.esp,24000B36,001C64A6,LvlGunnerBossAggro1024,NPC_,18925.160156,-10358.250000,2718.603027,120.0000
VerticalSpawns light Version.esp,24000B35,0004CE40,LvlGunnerBoss_PowerArmor,NPC_,19014.060547,-10645.849609,2693.604980,114.0000
VerticalSpawns light Version.esp,24000B34,00083AD6,LvlTriggerman,NPC_,17352.929688,-9811.182617,1938.223022,126.0000
VerticalSpawns light Version.esp,24000B33,00083AD6,LvlTriggerman,NPC_,17256.859375,-9720.948242,1935.925049,126.0000
VerticalSpawns light Version.esp,24000B32,00083AD6,LvlTriggerman,NPC_,17227.380859,-9595.390625,1935.925049,126.0000
VerticalSpawns light Version.esp,24000B31,00083AD6,LvlTriggerman,NPC_,17260.789062,-9472.938477,1937.114990,126.0000
VerticalSpawns light Version.esp,24000B2F,00083AD6,LvlTriggerman,NPC_,17477.419922,-9345.404297,1935.932983,126.0000
VerticalSpawns light Version.esp,24000B2E,00083AD6,LvlTriggerman,NPC_,17601.589844,-9380.789062,1938.775024,126.0000
VerticalSpawns light Version.esp,24000B2D,00083AD6,LvlTriggerman,NPC_,17693.919922,-9470.404297,1936.041992,126.0000
VerticalSpawns light Version.esp,24000B2C,00083AD6,LvlTriggerman,NPC_,17727.410156,-9595.404297,1936.041992,126.0000
VerticalSpawns light Version.esp,24000A18,000F757E,LvlRaiderGrenade,NPC_,26708.039062,-11094.490234,1871.495972,305.0000
VerticalSpawns light Version.esp,24000A16,000F757E,LvlRaiderGrenade,NPC_,26928.269531,-10985.500000,1892.071045,279.0000
VerticalSpawns light Version.esp,24000A15,0019C5A0,LvlRaiderBossMale,NPC_,27050.279297,-11001.160156,1897.666016,267.0000
VerticalSpawns light Version.esp,24000A14,0019C5A1,LvlRaiderBossFemale,NPC_,27141.900391,-11093.669922,1899.005981,255.0000
VerticalSpawns light Version.esp,24000A62,001628EE,LvlSynthCourser,NPC_,18554.810547,-4761.533203,3296.700928,74.0000
VerticalSpawns light Version.esp,24000A60,001655D4,LvlSynthRifle,NPC_,18800.980469,-4748.089844,3296.706055,74.0000
VerticalSpawns light Version.esp,24000A5F,00075342,LvlSynthBoss,NPC_,18896.400391,-4839.375977,3296.708984,74.0000
VerticalSpawns light Version.esp,24000A5E,00184751,LvlSynthLegendary,NPC_,18929.839844,-4977.854004,3296.709961,74.0000
VerticalSpawns light Version.esp,24000A67,000DE965,LvlGunnerAuto,NPC_,22026.970703,-4852.564941,4416.972168,226.0000
VerticalSpawns light Version.esp,24000A66,001CC45A,LvlGunnerAutoAggro2048,NPC_,22151.970703,-4886.059082,4416.972168,226.0000
VerticalSpawns light Version.esp,24000A65,00075345,LvlGunnerBoss,NPC_,22243.480469,-4977.564941,4416.972168,226.0000
VerticalSpawns light Version.esp,24000A21,0100444F,DLC01LvlMechRoboBrain,NPC_,28089.980469,-8094.862793,1594.916992,81.0000
VerticalSpawns light Version.esp,24000A20,0100444F,DLC01LvlMechRoboBrain,NPC_,28181.339844,-8003.368164,1593.942017,81.0000
VerticalSpawns light Version.esp,24000A1F,0100444F,DLC01LvlMechRoboBrain,NPC_,28306.150391,-7970.958984,1594.005005,81.0000
VerticalSpawns light Version.esp,24001040,0015BDD1,LvlGunnerShotgun,NPC_,24336.460938,-401.337311,3655.965088,148.0000
VerticalSpawns light Version.esp,2400103F,0015BDD3,LvlGunnerShotgunAggro1024b,NPC_,24455.070312,-269.002014,3655.983887,149.0000
VerticalSpawns light Version.esp,2400103E,000DE968,LvlGunnerMissileLauncher,NPC_,24632.849609,-214.823395,3671.968994,161.0000
VerticalSpawns light Version.esp,2400103D,001CC45A,LvlGunnerAutoAggro2048,NPC_,24813.740234,-273.497986,3676.123047,166.0000
VerticalSpawns light Version.esp,2400103C,001C64A6,LvlGunnerBossAggro1024,NPC_,24935.300781,-406.227997,3656.050049,166.0000
VerticalSpawns light Version.esp,2400103B,00184766,LvlGunnerLegendary,NPC_,24990.320312,-576.300110,3655.983887,166.0000
VerticalSpawns light Version.esp,24000A41,000CE987,LvlRaiderBoltAction,NPC_,28759.980469,-1109.145996,1569.199951,35.0000
VerticalSpawns light Version.esp,24000A3F,0019C5A1,LvlRaiderBossFemale,NPC_,29009.519531,-1109.073975,1565.463989,35.0000
VerticalSpawns light Version.esp,24000A3D,00184757,LvlRaiderLegendary,NPC_,29144.669922,-1349.988037,1512.541992,35.0000
VerticalSpawns light Version.esp,24000970,01001EFC,DLC01LvlMechBot_Random,NPC_,16625.220703,-59339.960937,2543.191895,338.0000
VerticalSpawns light Version.esp,2400096F,01001EFC,DLC01LvlMechBot_Random,NPC_,16750.220703,-59373.449219,2543.191895,338.0000
VerticalSpawns light Version.esp,2400096D,0100444F,DLC01LvlMechRoboBrain,NPC_,16875.230469,-59590.031250,2559.447998,338.0000
VerticalSpawns light Version.esp,24000960,001628EE,LvlSynthCourser,NPC_,6358.130859,-54182.140625,800.514709,315.0000
VerticalSpawns light Version.esp,2400095E,001628EE,LvlSynthCourser,NPC_,6573.883789,-54056.320312,786.404602,315.0000
VerticalSpawns light Version.esp,2400095C,000DCDF1,LvlSynthBossAggro512,NPC_,6792.755859,-54181.671875,739.510803,315.0000
VerticalSpawns light Version.esp,2400095B,00184751,LvlSynthLegendary,NPC_,6825.176758,-54305.859375,725.757324,315.0000
VerticalSpawns light Version.esp,24000976,000EEB1F,LvlSupermutantRifleAggro1024,NPC_,15718.889648,-53564.238281,2476.551025,62.0000
VerticalSpawns light Version.esp,24000975,001284FF,LvlSupermutantRifleAggro1200,NPC_,15843.799805,-53597.648437,2478.180908,80.0000
VerticalSpawns light Version.esp,24000974,00075341,LvlSupermutantBoss,NPC_,15935.309570,-53689.710937,2482.958984,97.0000
VerticalSpawns light Version.esp,24000973,0017E6F6,LvlSupermutantRifleLegendary,NPC_,15968.790039,-53814.671875,2489.485107,112.0000
VerticalSpawns light Version.esp,2400097F,0012B97B,EncSMBehemoth03,NPC_,18742.529297,-49585.980469,811.029602,89.0000
VerticalSpawns light Version.esp,2400097C,001284FF,LvlSupermutantRifleAggro1200,NPC_,18047.519531,-50160.960938,2298.270020,233.0000
VerticalSpawns light Version.esp,2400097B,000D228A,LvlSupermutantRifle,NPC_,18172.480469,-50194.738281,2299.985107,233.0000
VerticalSpawns light Version.esp,2400097A,00075341,LvlSupermutantBoss,NPC_,18264.390625,-50285.621094,2304.749023,233.0000
VerticalSpawns light Version.esp,24000979,0012B97E,LvlSMBehemoth,NPC_,18297.529297,-50411.160156,2311.342041,233.0000
VerticalSpawns light Version.esp,240009AC,0013101C,LvlForged,NPC_,27641.710937,-50104.500000,1490.186035,80.0000
VerticalSpawns light Version.esp,240009AA,0013101C,LvlForged,NPC_,27521.500000,-49905.691406,1486.892944,80.0000
VerticalSpawns light Version.esp,240009A9,0013105B,LvlForgedGrenadier,NPC_,27552.990234,-49785.480469,1499.967041,80.0000
VerticalSpawns light Version.esp,240009A7,0013105B,LvlForgedGrenadier,NPC_,27762.500000,-49661.300781,1486.922974,80.0000
VerticalSpawns light Version.esp,240009A4,00215CD2,LvLForged_Boss,NPC_,28012.490234,-49911.339844,1486.681030,81.0000
VerticalSpawns light Version.esp,240009B2,0002FB88,LvlChildrenofAtom,NPC_,31956.380859,-48636.320312,1557.089966,115.0000
VerticalSpawns light Version.esp,240009B1,0002FB88,LvlChildrenofAtom,NPC_,32047.460937,-48544.300781,1557.088989,115.0000
VerticalSpawns light Version.esp,240009B0,0009084C,LvlChildrenofAtomFemale,NPC_,32176.849609,-48519.109375,1560.381958,115.0000
VerticalSpawns light Version.esp,240009AF,0009084C,LvlChildrenofAtomFemale,NPC_,32300.109375,-48549.199219,1557.088989,115.0000
VerticalSpawns light Version.esp,240009AE,0002FB88,LvlChildrenofAtom,NPC_,32384.210937,-48640.671875,1559.135986,115.0000
VerticalSpawns light Version.esp,240009AD,0009084B,LvlChildrenofAtomMale,NPC_,32425.240234,-48765.390625,1623.098022,115.0000
VerticalSpawns light Version.esp,24000985,000EFB71,LvlRaiderAutoAggro1200,NPC_,20601.500000,-41096.500000,2416.007080,14.0000
VerticalSpawns light Version.esp,24000984,000EFB5E,LvlRaiderBoltActionAggro1200,NPC_,20693.000000,-41004.988281,2416.014893,14.0000
VerticalSpawns light Version.esp,24000983,000F757E,LvlRaiderGrenade,NPC_,20818.029297,-40971.648438,2416.013916,14.0000
VerticalSpawns light Version.esp,24000982,0019C5A1,LvlRaiderBossFemale,NPC_,20942.990234,-41004.988281,2432.017090,14.0000
VerticalSpawns light Version.esp,24000981,0019C5A1,LvlRaiderBossFemale,NPC_,21034.500000,-41096.500000,2432.020996,14.0000
VerticalSpawns light Version.esp,240009A0,000CE987,LvlRaiderBoltAction,NPC_,24932.539062,-44586.359375,1625.305054,160.0000
VerticalSpawns light Version.esp,2400099F,00121D4E,LvlProtectronRaider,NPC_,25015.779297,-44497.699219,1625.300049,160.0000
VerticalSpawns light Version.esp,2400099D,0019C5A1,LvlRaiderBossFemale,NPC_,25265.779297,-44497.699219,1625.284058,160.0000
VerticalSpawns light Version.esp,2400099C,0007533E,LvlRaiderBoss,NPC_,25357.279297,-44589.210938,1625.272949,160.0000
VerticalSpawns light Version.esp,2400099B,00184757,LvlRaiderLegendary,NPC_,25390.839844,-44713.769531,1625.270996,160.0000
VerticalSpawns light Version.esp,240009DC,00075337,LvlFeralGhoul,NPC_,31975.869141,-41386.011719,1308.000000,159.0000
VerticalSpawns light Version.esp,240009DB,00075337,LvlFeralGhoul,NPC_,31882.900391,-41295.148438,1308.003052,159.0000
VerticalSpawns light Version.esp,240009DA,000A13C5,LvlFeralGhoulAggro512,NPC_,31869.960937,-41189.578125,1310.288940,159.0000
VerticalSpawns light Version.esp,240009D9,00075343,LvlFeralGhoulBoss,NPC_,31886.140625,-41047.261719,1320.291992,159.0000
VerticalSpawns light Version.esp,240009D5,000D39EF,LvlFeralGhoulGlowingOne,NPC_,32317.449219,-41045.089844,1308.733032,211.0000
VerticalSpawns light Version.esp,240009D4,0016556A,LvlFeralGhoulLegendary,NPC_,32350.470703,-41168.609375,1306.999023,222.0000
VerticalSpawns light Version.esp,24000997,000CE987,LvlRaiderBoltAction,NPC_,22949.509766,-40241.878906,1510.380981,162.0000
VerticalSpawns light Version.esp,24000995,000CE986,LvlRaiderAuto,NPC_,23166.029297,-40116.929688,1510.385010,162.0000
VerticalSpawns light Version.esp,24000994,0019C5A0,LvlRaiderBossMale,NPC_,23291.039062,-40150.429688,1510.385010,162.0000
VerticalSpawns light Version.esp,24000993,0019C5A1,LvlRaiderBossFemale,NPC_,23382.519531,-40241.890625,1510.307983,162.0000
VerticalSpawns light Version.esp,24000992,00184757,LvlRaiderLegendary,NPC_,23416.029297,-40366.929688,1510.349976,162.0000
VerticalSpawns light Version.esp,2400098E,001236A4,LvlRaiderBoltActionAggro1536,NPC_,20553.480469,-37527.531250,1994.406006,0.0000
VerticalSpawns light Version.esp,2400098C,000F757E,LvlRaiderGrenade,NPC_,20774.320312,-37419.699219,1979.657959,0.0000
VerticalSpawns light Version.esp,2400098B,0007533E,LvlRaiderBoss,NPC_,20899.939453,-37453.070312,1972.828979,0.0000
VerticalSpawns light Version.esp,2400098A,0019C5A1,LvlRaiderBossFemale,NPC_,20990.759766,-37544.539062,1969.001953,0.0000
VerticalSpawns light Version.esp,24000989,00184757,LvlRaiderLegendary,NPC_,21024.230469,-37669.550781,1969.105957,0.0000
VerticalSpawns light Version.esp,240009E5,00075337,LvlFeralGhoul,NPC_,30661.250000,-40288.878906,1298.864014,88.0000
VerticalSpawns light Version.esp,240009E4,00075337,LvlFeralGhoul,NPC_,30521.080078,-40110.878906,1284.609009,88.0000
VerticalSpawns light Version.esp,240009E3,000A13C5,LvlFeralGhoulAggro512,NPC_,30082.380859,-39622.859375,687.484497,88.0000
VerticalSpawns light Version.esp,240009E1,00075343,LvlFeralGhoulBoss,NPC_,30332.669922,-39313.289062,698.481873,88.0000
VerticalSpawns light Version.esp,240009E0,000D911B,LvlFeralGhoulBossAggro800,NPC_,30784.990234,-39819.250000,1264.088013,88.0000
VerticalSpawns light Version.esp,240009DE,000D39EF,LvlFeralGhoulGlowingOne,NPC_,31003.269531,-39952.019531,1310.406982,88.0000
VerticalSpawns light Version.esp,240009DD,0016556A,LvlFeralGhoulLegendary,NPC_,31044.669922,-40077.121094,1269.416016,88.0000
VerticalSpawns light Version.esp,240009D6,000D39EF,LvlFeralGhoulGlowingOne,NPC_,32225.500000,-40952.089844,1308.649048,197.0000
VerticalSpawns light Version.esp,24001112,0015BDD3,LvlGunnerShotgunAggro1024b,NPC_,20061.269531,-33452.660156,1904.159058,189.0000
VerticalSpawns light Version.esp,24001110,0015D4D3,LvlGunnerAutoAggro1024,NPC_,20363.919922,-33285.828125,1904.094971,189.0000
VerticalSpawns light Version.esp,2400110F,001CC45A,LvlGunnerAutoAggro2048,NPC_,20539.320312,-33325.550781,1903.958984,189.0000
VerticalSpawns light Version.esp,2400110E,00093BC4,LvlSentryBot_Gunner,NPC_,20667.439453,-33453.550781,1903.977051,189.0000
VerticalSpawns light Version.esp,2400110D,0004CE40,LvlGunnerBoss_PowerArmor,NPC_,20714.330078,-33628.429687,1904.000977,189.0000
VerticalSpawns light Version.esp,240009D8,00075343,LvlFeralGhoulBoss,NPC_,31975.089844,-40959.808594,1321.691040,165.0000
VerticalSpawns light Version.esp,24001124,001CC462,LvlGunnerShotgunAggro2048,NPC_,28614.779297,-83831.593750,2498.810059,93.0000
VerticalSpawns light Version.esp,24001122,000DE965,LvlGunnerAuto,NPC_,28917.869141,-83656.453125,2498.970947,93.0000
VerticalSpawns light Version.esp,24001121,000DE968,LvlGunnerMissileLauncher,NPC_,29092.849609,-83706.046875,2499.032959,93.0000
VerticalSpawns light Version.esp,2400111F,0004CE40,LvlGunnerBoss_PowerArmor,NPC_,29267.410156,-84007.617188,2498.974121,93.0000
VerticalSpawns light Version.esp,2400111C,000DE965,LvlGunnerAuto,NPC_,20880.619141,-80052.781250,1941.573975,146.0000
VerticalSpawns light Version.esp,2400111B,000DE968,LvlGunnerMissileLauncher,NPC_,21056.009766,-80099.570312,1951.803955,146.0000
VerticalSpawns light Version.esp,2400111A,00075345,LvlGunnerBoss,NPC_,21183.539062,-80226.976562,1963.484009,144.0000
VerticalSpawns light Version.esp,24000965,000DE964,LvlGunnerSemiAuto,NPC_,21369.619141,-80378.476562,1974.083008,316.0000
VerticalSpawns light Version.esp,24000964,001CC45A,LvlGunnerAutoAggro2048,NPC_,21494.640625,-80345.226562,1975.338989,316.0000
VerticalSpawns light Version.esp,24000963,0015D4D3,LvlGunnerAutoAggro1024,NPC_,21618.560547,-80379.906250,1997.228027,316.0000
VerticalSpawns light Version.esp,24000962,001C64A6,LvlGunnerBossAggro1024,NPC_,21707.429688,-80467.781250,1996.603027,316.0000
VerticalSpawns light Version.esp,2400080E,000CE986,LvlRaiderAuto,NPC_,21030.570312,-79965.257812,2469.238037,314.0000
VerticalSpawns light Version.esp,2400080D,000EFB5E,LvlRaiderBoltActionAggro1200,NPC_,21121.980469,-79873.687500,2468.516113,314.0000
VerticalSpawns light Version.esp,2400080C,000CE986,LvlRaiderAuto,NPC_,21246.599609,-79840.882812,2471.415039,314.0000
VerticalSpawns light Version.esp,2400080B,0019C5A0,LvlRaiderBossMale,NPC_,21372.039062,-79873.867188,2476.441895,314.0000
VerticalSpawns light Version.esp,2400080A,0007533E,LvlRaiderBoss,NPC_,21463.460938,-79965.640625,2481.895020,314.0000
VerticalSpawns light Version.esp,24000809,00184757,LvlRaiderLegendary,NPC_,21496.990234,-80090.500000,2486.409912,314.0000
VerticalSpawns light Version.esp,2400096B,0015BDD3,LvlGunnerShotgunAggro1024b,NPC_,17679.960938,-75194.218750,2352.040039,160.0000
VerticalSpawns light Version.esp,24000968,001C64A6,LvlGunnerBossAggro1024,NPC_,18021.500000,-75285.726562,2368.017090,160.0000
VerticalSpawns light Version.esp,24000967,00184766,LvlGunnerLegendary,NPC_,18054.910156,-75410.710938,2368.006104,160.0000
VerticalSpawns light Version.esp,24000805,000EFB5E,LvlRaiderBoltActionAggro1200,NPC_,15996.780273,-69714.539062,1839.909058,191.0000
VerticalSpawns light Version.esp,24000801,0019C5A0,LvlRaiderBossMale,NPC_,16429.669922,-69714.531250,1839.911987,191.0000
VerticalSpawns light Version.esp,24000800,00184757,LvlRaiderLegendary,NPC_,16462.699219,-69839.257812,1843.119019,191.0000
VerticalSpawns light Version.esp,24000804,001236A4,LvlRaiderBoltActionAggro1536,NPC_,16088.280273,-69623.039062,1839.909058,191.0000
VerticalSpawns light Version.esp,24000803,000CE987,LvlRaiderBoltAction,NPC_,16213.540039,-69589.570312,1847.874023,191.0000
VerticalSpawns light Version.esp,24000802,0019C5A1,LvlRaiderBossFemale,NPC_,16338.280273,-69623.039062,1839.909058,191.0000
VerticalSpawns light Version.esp,24001115,0015D4D3,LvlGunnerAutoAggro1024,NPC_,16759.779297,-69045.843750,1843.202026,186.0000
VerticalSpawns light Version.esp,24001114,001C64A6,LvlGunnerBossAggro1024,NPC_,16893.099609,-69164.851562,1843.202026,186.0000
VerticalSpawns light Version.esp,240010C3,001CC462,LvlGunnerShotgunAggro2048,NPC_,-14388.860352,103064.101562,4974.604004,0.0000
VerticalSpawns light Version.esp,240010C2,001CC45A,LvlGunnerAutoAggro2048,NPC_,-14214.019531,103111.203125,4974.637207,0.0000
VerticalSpawns light Version.esp,240010C0,001C64A6,LvlGunnerBossAggro1024,NPC_,-13910.290039,102936.500000,5056.639160,0.0000
VerticalSpawns light Version.esp,240010B8,0015BDD3,LvlGunnerShotgunAggro1024b,NPC_,-24819.089844,72368.343750,5184.175781,36.0000
VerticalSpawns light Version.esp,240010B6,000DE968,LvlGunnerMissileLauncher,NPC_,-24670.109375,72592.960938,5216.143066,36.0000
VerticalSpawns light Version.esp,240010B5,000DE968,LvlGunnerMissileLauncher,NPC_,-24503.220703,72684.492188,5230.435059,36.0000
VerticalSpawns light Version.esp,240010B4,001C64A6,LvlGunnerBossAggro1024,NPC_,-24284.070312,72650.218750,5241.573242,36.0000
VerticalSpawns light Version.esp,240010B3,0004CE40,LvlGunnerBoss_PowerArmor,NPC_,-24162.560547,72536.023438,5246.127930,36.0000
VerticalSpawns light Version.esp,240011A6,001CC45A,LvlGunnerAutoAggro2048,NPC_,-15289.719727,76808.640625,5808.011230,265.0000
VerticalSpawns light Version.esp,240011A5,0015D4D3,LvlGunnerAutoAggro1024,NPC_,-15130.349609,76757.750000,5808.013184,265.0000
VerticalSpawns light Version.esp,240011A3,0004CE40,LvlGunnerBoss_PowerArmor,NPC_,-14952.509766,76446.562500,5807.988770,265.0000
VerticalSpawns light Version.esp,240011A0,0015D4D3,LvlGunnerAutoAggro1024,NPC_,-11256.219727,79071.726562,4965.462891,228.0000
VerticalSpawns light Version.esp,2400119F,0015D4D3,LvlGunnerAutoAggro1024,NPC_,-11090.280273,79105.992188,4909.788086,228.0000
VerticalSpawns light Version.esp,2400119D,0004CE40,LvlGunnerBoss_PowerArmor,NPC_,-10898.080078,78740.562500,4936.377930,228.0000
VerticalSpawns light Version.esp,240010BE,0015D4D2,LvlGunnerSemiAutoAggro1024,NPC_,-10883.910156,91159.257812,5177.375977,136.0000
VerticalSpawns light Version.esp,240010BC,0015D4D3,LvlGunnerAutoAggro1024,NPC_,-10580.799805,91334.273438,5177.369141,136.0000
VerticalSpawns light Version.esp,240010BB,001CC45A,LvlGunnerAutoAggro2048,NPC_,-10431.509766,91256.882812,5177.360840,136.0000
VerticalSpawns light Version.esp,240010BA,00075345,LvlGunnerBoss,NPC_,-10261.339844,91173.859375,5193.404785,136.0000
VerticalSpawns light Version.esp,240008DD,0020ED03,LvlForged_Burned,NPC_,-30693.419922,36307.609375,4592.051758,305.0000
VerticalSpawns light Version.esp,240008DB,0013101C,LvlForged,NPC_,-30818.289062,36523.171875,4592.053223,305.0000
VerticalSpawns light Version.esp,240008D9,0013105B,LvlForgedGrenadier,NPC_,-30693.380859,36740.589844,4592.045898,305.0000
VerticalSpawns light Version.esp,240008D8,0020ED06,LvlForgedGrenadier_Burned,NPC_,-30551.740234,36746.718750,4595.417969,305.0000
VerticalSpawns light Version.esp,240008D5,00215CD2,LvLForged_Boss,NPC_,-30318.380859,36524.199219,4592.047852,305.0000
VerticalSpawns light Version.esp,240010F2,000DE965,LvlGunnerAuto,NPC_,-27241.019531,36588.160156,4504.870117,92.0000
VerticalSpawns light Version.esp,240010F1,001CC460,LvlGunnerRobotAssaultronAggro2048,NPC_,-27061.599609,36548.351562,4485.288086,92.0000
VerticalSpawns light Version.esp,240010F0,001C64A6,LvlGunnerBossAggro1024,NPC_,-26938.210937,36417.300781,4471.770996,92.0000
VerticalSpawns light Version.esp,240010EF,00184766,LvlGunnerLegendary,NPC_,-26894.630859,36250.339844,4473.285156,92.0000
VerticalSpawns light Version.esp,240008E3,00121D4E,LvlProtectronRaider,NPC_,-26609.240234,34346.750000,4506.871094,229.0000
VerticalSpawns light Version.esp,240008E2,000F757E,LvlRaiderGrenade,NPC_,-26518.839844,34438.128906,4503.716797,229.0000
VerticalSpawns light Version.esp,240008E0,0019C5A1,LvlRaiderBossFemale,NPC_,-26269.900391,34437.519531,4520.380859,229.0000
VerticalSpawns light Version.esp,240008DF,0007533E,LvlRaiderBoss,NPC_,-26178.560547,34343.230469,4512.416992,229.0000
VerticalSpawns light Version.esp,240008DE,00184757,LvlRaiderLegendary,NPC_,-26145.490234,34214.980469,4505.387207,230.0000
VerticalSpawns light Version.esp,240010AC,0007050B,LvlGunnerSniper,NPC_,-22816.609375,33979.601562,4942.048828,265.0000
VerticalSpawns light Version.esp,240010AA,000DE965,LvlGunnerAuto,NPC_,-22517.230469,34152.171875,4944.241211,265.0000
VerticalSpawns light Version.esp,240010A9,000DE965,LvlGunnerAuto,NPC_,-22338.589844,34108.058594,4939.926758,265.0000
VerticalSpawns light Version.esp,24001164,001CC45A,LvlGunnerAutoAggro2048,NPC_,-15583.940430,36486.109375,3740.700928,90.0000
VerticalSpawns light Version.esp,24001163,000DE965,LvlGunnerAuto,NPC_,-15422.860352,36479.191406,3707.400879,90.0000
VerticalSpawns light Version.esp,24001161,001ABE5F,LvlGunnerBoss_PowerArmorAggro1024,NPC_,-15224.570312,36134.281250,3664.733887,90.0000
VerticalSpawns light Version.esp,2400116C,0015BDD1,LvlGunnerShotgun,NPC_,-4082.562988,35412.929688,2399.799072,120.0000
VerticalSpawns light Version.esp,24001169,000DE965,LvlGunnerAuto,NPC_,-3636.760010,35439.949219,2400.928955,120.0000
VerticalSpawns light Version.esp,24001168,00075345,LvlGunnerBoss,NPC_,-3512.148926,35309.019531,2408.117920,120.0000
VerticalSpawns light Version.esp,24001092,0015D4D3,LvlGunnerAutoAggro1024,NPC_,-21585.630859,39715.359375,5443.068848,3.0000
VerticalSpawns light Version.esp,24001091,00093BC3,LvlMrGutsy_Gunner,NPC_,-21410.539062,39668.308594,5462.006836,3.0000
VerticalSpawns light Version.esp,24001090,001CC45C,LvlGunnerBossAggro2048,NPC_,-21282.439453,39540.160156,5470.032227,3.0000
VerticalSpawns light Version.esp,240010A5,001CC462,LvlGunnerShotgunAggro2048,NPC_,-21745.830078,51734.539062,3942.754883,179.0000
VerticalSpawns light Version.esp,240010A3,000DE965,LvlGunnerAuto,NPC_,-21390.300781,51731.468750,3940.188965,179.0000
VerticalSpawns light Version.esp,240010A2,00093BC4,LvlSentryBot_Gunner,NPC_,-21253.179688,51602.371094,3961.490967,179.0000
VerticalSpawns light Version.esp,240010B0,001CC45A,LvlGunnerAutoAggro2048,NPC_,-21755.529297,55041.421875,4053.656006,339.0000
VerticalSpawns light Version.esp,240010AE,00093BC4,LvlSentryBot_Gunner,NPC_,-21452.310547,54866.101562,4060.552002,339.0000
VerticalSpawns light Version.esp,240010AD,0004CE40,LvlGunnerBoss_PowerArmor,NPC_,-21404.599609,54707.378906,4052.221924,339.0000
VerticalSpawns light Version.esp,24001097,001AB2EE,LvlGunnerRobotAssaultron,NPC_,-21764.380859,55611.660156,3586.944092,325.0000
VerticalSpawns light Version.esp,24001096,001C64A6,LvlGunnerBossAggro1024,NPC_,-21662.169922,55466.039062,3582.595947,325.0000
VerticalSpawns light Version.esp,2400109E,000DE968,LvlGunnerMissileLauncher,NPC_,-26996.400391,65407.281250,5323.821777,181.0000
VerticalSpawns light Version.esp,2400109D,000DE968,LvlGunnerMissileLauncher,NPC_,-26824.869141,65369.070312,5301.681152,181.0000
VerticalSpawns light Version.esp,2400109C,00075345,LvlGunnerBoss,NPC_,-26679.490234,65247.929687,5273.581055,181.0000
VerticalSpawns light Version.esp,24000D64,000EFB5E,LvlRaiderBoltActionAggro1200,NPC_,-9208.928711,282.935486,1676.171997,332.0000
VerticalSpawns light Version.esp,24000D63,001236A4,LvlRaiderBoltActionAggro1536,NPC_,-9117.659180,374.484589,1676.177979,332.0000
VerticalSpawns light Version.esp,24000D62,000EFB5E,LvlRaiderBoltActionAggro1200,NPC_,-8992.659180,407.978302,1676.177979,332.0000
VerticalSpawns light Version.esp,24000D61,0007533E,LvlRaiderBoss,NPC_,-8867.659180,374.484589,1676.177979,332.0000
VerticalSpawns light Version.esp,24000D5F,00184757,LvlRaiderLegendary,NPC_,-8742.659180,157.978302,1676.177979,332.0000
VerticalSpawns light Version.esp,2400083B,001236A4,LvlRaiderBoltActionAggro1536,NPC_,-10924.589844,3363.306885,2298.531006,101.0000
VerticalSpawns light Version.esp,24000839,000EFB5E,LvlRaiderBoltActionAggro1200,NPC_,-10708.129883,3488.302979,2298.527100,101.0000
VerticalSpawns light Version.esp,24000838,0019C5A1,LvlRaiderBossFemale,NPC_,-10583.129883,3454.809082,2298.527100,101.0000
VerticalSpawns light Version.esp,24000837,0019C5A1,LvlRaiderBossFemale,NPC_,-10491.620117,3363.302979,2298.527100,92.0000
VerticalSpawns light Version.esp,24000836,00184757,LvlRaiderLegendary,NPC_,-10462.209961,3238.631104,2302.698975,82.0000
VerticalSpawns light Version.esp,24000832,001236A4,LvlRaiderBoltActionAggro1536,NPC_,-11030.570312,2111.111084,1658.479980,11.0000
VerticalSpawns light Version.esp,24000831,001236A4,LvlRaiderBoltActionAggro1536,NPC_,-10939.209961,2202.802979,1658.467041,11.0000
VerticalSpawns light Version.esp,24000830,000CE987,LvlRaiderBoltAction,NPC_,-10814.169922,2236.351074,1658.469971,11.0000
VerticalSpawns light Version.esp,2400082F,000FD3AB,LvlRaiderMissileLauncher,NPC_,-10689.209961,2202.802979,1658.467041,11.0000
VerticalSpawns light Version.esp,2400082E,0007533E,LvlRaiderBoss,NPC_,-10594.120117,2110.104004,1661.704956,11.0000
VerticalSpawns light Version.esp,2400082D,00184757,LvlRaiderLegendary,NPC_,-10562.290039,1987.785034,1661.473022,11.0000
VerticalSpawns light Version.esp,24000829,001236A4,LvlRaiderBoltActionAggro1536,NPC_,-9331.070312,145.333099,1676.282959,333.0000
VerticalSpawns light Version.esp,24000828,000EFB5E,LvlRaiderBoltActionAggro1200,NPC_,-9240.500000,233.117401,1676.285034,333.0000
VerticalSpawns light Version.esp,24000827,000F757E,LvlRaiderGrenade,NPC_,-9114.560547,270.347504,1676.177002,333.0000
VerticalSpawns light Version.esp,24000826,0019C5A1,LvlRaiderBossFemale,NPC_,-8989.563477,236.853195,1676.177002,333.0000
VerticalSpawns light Version.esp,24000824,00184757,LvlRaiderLegendary,NPC_,-8864.534180,20.340460,1676.354004,333.0000
VerticalSpawns light Version.esp,24000816,000F757E,LvlRaiderGrenade,NPC_,-9144.930664,409.667511,1676.177979,137.0000
VerticalSpawns light Version.esp,24000815,000CE987,LvlRaiderBoltAction,NPC_,-9019.930664,443.161194,1676.177979,137.0000
VerticalSpawns light Version.esp,24000814,0019C5A1,LvlRaiderBossFemale,NPC_,-8894.928711,409.667389,1676.177979,137.0000
VerticalSpawns light Version.esp,24000813,0007533E,LvlRaiderBoss,NPC_,-8803.421875,318.161102,1676.177979,137.0000
VerticalSpawns light Version.esp,24000D32,000EFB71,LvlRaiderAutoAggro1200,NPC_,-5914.707031,957.835022,1575.863037,167.0000
VerticalSpawns light Version.esp,24000D31,0007533E,LvlRaiderBoss,NPC_,-5819.104004,984.211426,1572.267944,167.0000
VerticalSpawns light Version.esp,24000D30,0007533E,LvlRaiderBoss,NPC_,-5698.538086,833.142517,1575.737061,167.0000
VerticalSpawns light Version.esp,24000D2F,00153391,LvlRaiderBossPowerArmor,NPC_,-5665.043945,708.142578,1575.737061,167.0000
VerticalSpawns light Version.esp,24000D2B,0015D4D3,LvlGunnerAutoAggro1024,NPC_,-4280.565918,1106.288940,4129.062988,330.0000
VerticalSpawns light Version.esp,24000D2A,001CC45C,LvlGunnerBossAggro2048,NPC_,-4188.919922,1015.177979,4128.088867,319.0000
VerticalSpawns light Version.esp,24000DBB,00075337,LvlFeralGhoul,NPC_,-389.970490,3418.926025,1630.574951,50.0000
VerticalSpawns light Version.esp,24000DBA,000DE96A,LvlFeralGhoulAggro1024,NPC_,-481.475586,3510.410889,1630.572998,50.0000
VerticalSpawns light Version.esp,24000DB8,00075343,LvlFeralGhoulBoss,NPC_,-481.925690,3760.917969,1630.578003,50.0000
VerticalSpawns light Version.esp,24000DB7,00075343,LvlFeralGhoulBoss,NPC_,-389.850586,3852.821045,1630.595947,50.0000
VerticalSpawns light Version.esp,24000DB6,00075343,LvlFeralGhoulBoss,NPC_,-265.015289,3886.093018,1630.612061,50.0000
VerticalSpawns light Version.esp,24000DB4,000D39EF,LvlFeralGhoulGlowingOne,NPC_,-48.509071,3761.093018,1630.610962,50.0000
VerticalSpawns light Version.esp,24000DB3,0016556A,LvlFeralGhoulLegendary,NPC_,-15.166270,3638.368896,1630.636963,50.0000
VerticalSpawns light Version.esp,24000DB0,00084D4E,LvlFeralGhoulAggro800,NPC_,-1280.239990,2833.711914,1630.462036,43.0000
VerticalSpawns light Version.esp,24000DAF,000D911B,LvlFeralGhoulBossAggro800,NPC_,-1246.607056,2958.304932,1630.462036,43.0000
VerticalSpawns light Version.esp,24000DAD,00075343,LvlFeralGhoulBoss,NPC_,-1030.218018,3083.367920,1630.574951,46.0000
VerticalSpawns light Version.esp,24000DAB,000D39EF,LvlFeralGhoulGlowingOne,NPC_,-813.595825,2958.395996,1630.578003,51.0000
VerticalSpawns light Version.esp,24000DAA,0016556A,LvlFeralGhoulLegendary,NPC_,-780.194214,2833.666992,1630.582031,51.0000
VerticalSpawns light Version.esp,24000D26,001CC45A,LvlGunnerAutoAggro2048,NPC_,-2698.034912,1740.238037,4128.043945,193.0000
VerticalSpawns light Version.esp,24000D25,000DE965,LvlGunnerAuto,NPC_,-2573.034912,1706.744019,4128.043945,193.0000
VerticalSpawns light Version.esp,24000D24,00075345,LvlGunnerBoss,NPC_,-2481.528076,1615.239014,4128.043945,193.0000
VerticalSpawns light Version.esp,24000D20,000DE965,LvlGunnerAuto,NPC_,-3682.525879,1038.303955,4897.899902,232.0000
VerticalSpawns light Version.esp,24000D1F,000DE965,LvlGunnerAuto,NPC_,-3557.565918,1004.726013,4896.054199,216.0000
VerticalSpawns light Version.esp,24000D1E,001CC45C,LvlGunnerBossAggro2048,NPC_,-3464.243896,912.772888,4895.300781,203.0000
VerticalSpawns light Version.esp,24000D1D,001ABE5F,LvlGunnerBoss_PowerArmorAggro1024,NPC_,-3437.228027,790.856873,4895.452148,193.0000
VerticalSpawns light Version.esp,24000D1B,0015BDD1,LvlGunnerShotgun,NPC_,-3559.121094,1898.151001,4896.082031,198.0000
VerticalSpawns light Version.esp,24000D1A,001CC45A,LvlGunnerAutoAggro2048,NPC_,-3429.957031,1940.941040,4896.054199,198.0000
VerticalSpawns light Version.esp,24000D19,000DE965,LvlGunnerAuto,NPC_,-3306.506104,1891.378052,4897.158203,198.0000
VerticalSpawns light Version.esp,24000BAD,000CE987,LvlRaiderBoltAction,NPC_,-24112.980469,6406.056152,1936.191040,232.0000
VerticalSpawns light Version.esp,24000BAC,001236A4,LvlRaiderBoltActionAggro1536,NPC_,-24022.410156,6717.812012,1404.968018,232.0000
VerticalSpawns light Version.esp,24000BAB,000F757E,LvlRaiderGrenade,NPC_,-23823.349609,6662.682129,2119.047119,232.0000
VerticalSpawns light Version.esp,24000BAA,0007533E,LvlRaiderBoss,NPC_,-23694.369141,6637.444824,2150.361084,232.0000
VerticalSpawns light Version.esp,24000BA9,0007533E,LvlRaiderBoss,NPC_,-23602.199219,6538.362793,2155.301025,232.0000
VerticalSpawns light Version.esp,24000BA4,000D228A,LvlSupermutantRifle,NPC_,-19510.849609,6750.595215,2567.677002,248.0000
VerticalSpawns light Version.esp,24000BA2,00117D85,LvlSupermutantMinigunBoss,NPC_,-19385.179688,6517.315918,2567.687988,248.0000
VerticalSpawns light Version.esp,24000D73,001236A4,LvlRaiderBoltActionAggro1536,NPC_,-13240.589844,5971.215820,2200.760986,125.0000
VerticalSpawns light Version.esp,24000D71,00121D4E,LvlProtectronRaider,NPC_,-12997.209961,6086.931152,1610.777954,125.0000
VerticalSpawns light Version.esp,24000D70,0007533E,LvlRaiderBoss,NPC_,-12824.299805,6127.134766,1226.296021,125.0000
VerticalSpawns light Version.esp,24000D6F,0007533E,LvlRaiderBoss,NPC_,-12849.740234,5871.977051,1735.442017,125.0000
VerticalSpawns light Version.esp,24000D6E,00184757,LvlRaiderLegendary,NPC_,-12776.190430,5851.323242,1991.442993,125.0000
VerticalSpawns light Version.esp,24000D7C,000CE986,LvlRaiderAuto,NPC_,-10775.820312,6903.852051,2119.441895,65.0000
VerticalSpawns light Version.esp,24000D7B,000EFB5E,LvlRaiderBoltActionAggro1200,NPC_,-10684.299805,6995.316895,2119.441895,65.0000
VerticalSpawns light Version.esp,24000D7A,000EFB5E,LvlRaiderBoltActionAggro1200,NPC_,-10560.440430,7033.020996,2119.441895,65.0000
VerticalSpawns light Version.esp,24000D79,0019C5A1,LvlRaiderBossFemale,NPC_,-10435.209961,6998.444824,2119.441895,65.0000
VerticalSpawns light Version.esp,24000D78,0019C5A1,LvlRaiderBossFemale,NPC_,-10343.040039,6904.691895,2119.443115,65.0000
VerticalSpawns light Version.esp,24000D77,00153391,LvlRaiderBossPowerArmor,NPC_,-10309.559570,6779.728027,2119.522949,65.0000
VerticalSpawns light Version.esp,24000848,000DE965,LvlGunnerAuto,NPC_,-9752.638672,7533.791992,2121.154053,356.0000
VerticalSpawns light Version.esp,24000847,001AB2EE,LvlGunnerRobotAssaultron,NPC_,-9514.849609,7627.477051,1969.854004,356.0000
VerticalSpawns light Version.esp,24000845,0004CE40,LvlGunnerBoss_PowerArmor,NPC_,-9507.321289,7280.753906,2200.548096,356.0000
VerticalSpawns light Version.esp,24000844,0015BDD3,LvlGunnerShotgunAggro1024b,NPC_,-9238.181641,5732.812012,1859.416016,230.0000
VerticalSpawns light Version.esp,24000843,00110041,LvlGunnerMelee,NPC_,-9145.705078,5824.619141,1863.047974,230.0000
VerticalSpawns light Version.esp,24000841,0015D4D3,LvlGunnerAutoAggro1024,NPC_,-8896.157227,5824.770020,1863.678955,230.0000
VerticalSpawns light Version.esp,24000D94,000F757E,LvlRaiderGrenade,NPC_,-6967.480957,4448.770996,2235.964111,343.0000
VerticalSpawns light Version.esp,24000D93,000CE987,LvlRaiderBoltAction,NPC_,-6914.190918,4578.236816,2273.862061,343.0000
VerticalSpawns light Version.esp,24000D92,000F757E,LvlRaiderGrenade,NPC_,-6743.866211,4600.599121,2252.144043,343.0000
VerticalSpawns light Version.esp,24000D90,0019C5A0,LvlRaiderBossMale,NPC_,-6537.862793,4482.266113,2232.976074,343.0000
VerticalSpawns light Version.esp,24000D8B,00121D4E,LvlProtectronRaider,NPC_,-6523.270996,5945.645996,2109.568115,181.0000
VerticalSpawns light Version.esp,24000D8A,000CE986,LvlRaiderAuto,NPC_,-6457.724121,6019.248047,2119.125977,181.0000
VerticalSpawns light Version.esp,24000D89,000CE987,LvlRaiderBoltAction,NPC_,-6317.217773,6067.137207,2154.133057,181.0000
VerticalSpawns light Version.esp,24000D88,0007533E,LvlRaiderBoss,NPC_,-6187.184082,6031.354004,2109.542969,181.0000
VerticalSpawns light Version.esp,24000D87,0007533E,LvlRaiderBoss,NPC_,-6089.980957,5955.629883,2139.332031,181.0000
VerticalSpawns light Version.esp,24000D86,00184757,LvlRaiderLegendary,NPC_,-6078.483887,5819.973145,2144.052002,181.0000
VerticalSpawns light Version.esp,240008C3,000D2289,LvlSupermutantAuto,NPC_,-24279.470703,10503.150391,2576.715088,110.0000
VerticalSpawns light Version.esp,240008C2,000D228A,LvlSupermutantRifle,NPC_,-24154.269531,10469.480469,2576.554932,110.0000
VerticalSpawns light Version.esp,240008C0,0017E6F6,LvlSupermutantRifleLegendary,NPC_,-24029.480469,10253.150391,2576.688965,110.0000
VerticalSpawns light Version.esp,240008BF,000F7589,LvlSupermutantGrenade,NPC_,-23405.679688,9934.404297,1966.250977,99.0000
VerticalSpawns light Version.esp,240008BD,0010E98E,LvlSupermutantRifleAggro1536,NPC_,-23186.119141,10044.309570,1940.050049,99.0000
VerticalSpawns light Version.esp,240008BC,000D228A,LvlSupermutantRifle,NPC_,-23066.740234,10028.820312,1936.703003,99.0000
VerticalSpawns light Version.esp,240008BA,0017E6F6,LvlSupermutantRifleLegendary,NPC_,-22917.289062,9799.808594,1939.993042,99.0000
VerticalSpawns light Version.esp,24000B98,000D228A,LvlSupermutantRifle,NPC_,-16751.119141,9338.774414,2106.009033,51.0000
VerticalSpawns light Version.esp,24000B97,001284FF,LvlSupermutantRifleAggro1200,NPC_,-16625.060547,9305.421875,2106.022949,37.0000
VerticalSpawns light Version.esp,24000B96,00128875,LvlSupermutantMissileAggro1200,NPC_,-16533.550781,9214.842773,2106.020996,31.0000
VerticalSpawns light Version.esp,24000B95,0017E6F9,LvlSupermutantAutoLegendary,NPC_,-16500.039062,9089.886719,2106.022949,31.0000
VerticalSpawns light Version.esp,24000B9D,000D228A,LvlSupermutantRifle,NPC_,-14936.700195,10417.780273,2490.143066,240.0000
VerticalSpawns light Version.esp,24000B9C,0010C411,LvlSupermutantMissile,NPC_,-14845.209961,10326.250000,2490.145996,240.0000
VerticalSpawns light Version.esp,24000B9B,0017E6F6,LvlSupermutantRifleLegendary,NPC_,-14811.690430,10201.219727,2489.939941,240.0000
VerticalSpawns light Version.esp,24000D85,0002FB88,LvlChildrenofAtom,NPC_,-10957.910156,10287.690430,1901.808960,242.0000
VerticalSpawns light Version.esp,24000D84,0009084B,LvlChildrenofAtomMale,NPC_,-10866.400391,10379.580078,1901.807983,242.0000
VerticalSpawns light Version.esp,24000D83,0009084C,LvlChildrenofAtomFemale,NPC_,-10741.580078,10413.320312,1901.807007,233.0000
VerticalSpawns light Version.esp,24000D82,0002FB88,LvlChildrenofAtom,NPC_,-10616.580078,10379.820312,1901.807007,212.0000
VerticalSpawns light Version.esp,24000D81,0002FB88,LvlChildrenofAtom,NPC_,-10525.049805,10288.450195,1901.850952,194.0000
VerticalSpawns light Version.esp,24000D80,0002FB88,LvlChildrenofAtom,NPC_,-10491.580078,10163.309570,1901.807007,178.0000
VerticalSpawns light Version.esp,24000856,001236A4,LvlRaiderBoltActionAggro1536,NPC_,-10446.049805,11802.860352,2401.220947,12.0000
VerticalSpawns light Version.esp,24000855,000F757E,LvlRaiderGrenade,NPC_,-10354.070312,11881.269531,2415.652100,12.0000
VerticalSpawns light Version.esp,24000854,000F757E,LvlRaiderGrenade,NPC_,-10226.599609,11895.019531,2406.455078,12.0000
VerticalSpawns light Version.esp,24000853,0007533E,LvlRaiderBoss,NPC_,-10107.259766,11892.099609,2404.097900,12.0000
VerticalSpawns light Version.esp,2400084E,00093BC3,LvlMrGutsy_Gunner,NPC_,-8352.651367,9148.411133,2324.139893,35.0000
VerticalSpawns light Version.esp,2400084D,0015D4D3,LvlGunnerAutoAggro1024,NPC_,-8227.664062,9114.925781,2324.124023,35.0000
VerticalSpawns light Version.esp,24000DA6,00121D4E,LvlProtectronRaider,NPC_,-5440.923828,9691.863281,1945.349976,82.0000
VerticalSpawns light Version.esp,24000DA5,000CE987,LvlRaiderBoltAction,NPC_,-5340.674805,9821.486328,1950.240967,82.0000
VerticalSpawns light Version.esp,24000DA4,000CE986,LvlRaiderAuto,NPC_,-5226.791992,9840.152344,1942.060059,82.0000
VerticalSpawns light Version.esp,24000DA3,0019C5A0,LvlRaiderBossMale,NPC_,-5100.221191,9806.195312,1942.056030,53.0000
VerticalSpawns light Version.esp,24000DA2,0007533E,LvlRaiderBoss,NPC_,-5008.348145,9716.799805,1942.056030,21.0000
VerticalSpawns light Version.esp,24000DA1,00184757,LvlRaiderLegendary,NPC_,-5004.108887,9598.487305,1945.349976,0.0000
VerticalSpawns light Version.esp,24000D9D,000CE987,LvlRaiderBoltAction,NPC_,-5549.612793,8557.599609,2198.708008,358.0000
VerticalSpawns light Version.esp,24000D9C,001236A4,LvlRaiderBoltActionAggro1536,NPC_,-5439.722168,8700.856445,2198.707031,0.0000
VerticalSpawns light Version.esp,24000D9B,000CE987,LvlRaiderBoltAction,NPC_,-5314.599121,8723.571289,2209.344971,1.0000
VerticalSpawns light Version.esp,24000D9A,0007533E,LvlRaiderBoss,NPC_,-5203.166992,8688.521484,2198.718018,1.0000
VerticalSpawns light Version.esp,24000D98,00184757,LvlRaiderLegendary,NPC_,-5066.035156,8477.596680,2215.312012,1.0000
VerticalSpawns light Version.esp,24000891,00083AD6,LvlTriggerman,NPC_,-32678.250000,13259.169922,2292.169922,275.0000
VerticalSpawns light Version.esp,24000890,00083AD6,LvlTriggerman,NPC_,-32711.689453,13403.339844,2318.440918,275.0000
VerticalSpawns light Version.esp,2400088E,00083AD6,LvlTriggerman,NPC_,-32586.900391,13620.370117,2320.147949,275.0000
VerticalSpawns light Version.esp,2400088C,00083AD6,LvlTriggerman,NPC_,-32336.890625,13620.370117,2320.147949,275.0000
VerticalSpawns light Version.esp,2400088A,00083AD6,LvlTriggerman,NPC_,-32211.890625,13403.860352,2320.144043,275.0000
VerticalSpawns light Version.esp,24000889,00083AD6,LvlTriggerman,NPC_,-32170.539062,14906.139648,3104.726074,188.0000
VerticalSpawns light Version.esp,24000887,00083AD6,LvlTriggerman,NPC_,-32295.539062,15122.639648,3104.719971,188.0000
VerticalSpawns light Version.esp,24000884,00083AD6,LvlTriggerman,NPC_,-32045.539062,15372.650391,3104.725098,188.0000
VerticalSpawns light Version.esp,24000883,00083AD6,LvlTriggerman,NPC_,-31920.539062,15339.150391,3104.725098,188.0000
VerticalSpawns light Version.esp,24000882,00083AD6,LvlTriggerman,NPC_,-31830.119141,15243.500000,3104.725098,188.0000
VerticalSpawns light Version.esp,24000880,00083AD6,LvlTriggerman,NPC_,-30997.800781,16007.179687,2826.042969,329.0000
VerticalSpawns light Version.esp,2400087F,00083AD6,LvlTriggerman,NPC_,-31089.160156,16098.969727,2826.039062,329.0000
VerticalSpawns light Version.esp,2400087D,00083AD6,LvlTriggerman,NPC_,-31091.080078,16346.919922,2800.595947,329.0000
VerticalSpawns light Version.esp,24000878,00083AD6,LvlTriggerman,NPC_,-30623.210937,16223.480469,2778.372070,329.0000
VerticalSpawns light Version.esp,240008C9,000EEB1F,LvlSupermutantRifleAggro1024,NPC_,-26056.210937,12541.879883,2920.582031,359.0000
VerticalSpawns light Version.esp,240008C8,000D228A,LvlSupermutantRifle,NPC_,-25962.330078,12528.349609,2916.540039,359.0000
VerticalSpawns light Version.esp,240008C7,00075341,LvlSupermutantBoss,NPC_,-25874.240234,12432.169922,2915.971924,359.0000
VerticalSpawns light Version.esp,24000876,00083AD6,LvlTriggerman,NPC_,-27462.849609,14409.610352,2782.360107,276.0000
VerticalSpawns light Version.esp,24000875,00083AD6,LvlTriggerman,NPC_,-27496.339844,14534.610352,2782.364990,276.0000
VerticalSpawns light Version.esp,24000874,00083AD6,LvlTriggerman,NPC_,-27462.849609,14659.610352,2782.360107,276.0000
VerticalSpawns light Version.esp,24000873,00083AD6,LvlTriggerman,NPC_,-27371.849609,14750.549805,2791.271973,276.0000
VerticalSpawns light Version.esp,24000870,00083AD6,LvlTriggerman,NPC_,-27029.839844,14659.610352,2782.301025,276.0000
VerticalSpawns light Version.esp,2400086F,00083AD6,LvlTriggerman,NPC_,-26996.339844,14534.620117,2782.295898,276.0000
VerticalSpawns light Version.esp,24000865,01001EFC,DLC01LvlMechBot_Random,NPC_,-22176.869141,16089.400391,2979.419922,313.0000
VerticalSpawns light Version.esp,24000864,01001EFC,DLC01LvlMechBot_Random,NPC_,-22085.369141,15997.889648,2979.419922,313.0000
VerticalSpawns light Version.esp,24000863,01001EFC,DLC01LvlMechBot_Random,NPC_,-22051.880859,15872.889648,2979.420898,313.0000
VerticalSpawns light Version.esp,2400085F,000CE987,LvlRaiderBoltAction,NPC_,-18481.050781,15478.660156,2576.759033,160.0000
VerticalSpawns light Version.esp,2400085E,000EFB5E,LvlRaiderBoltActionAggro1200,NPC_,-18389.539062,15570.169922,2576.759033,160.0000
VerticalSpawns light Version.esp,2400085D,001236A4,LvlRaiderBoltActionAggro1536,NPC_,-18264.539062,15603.660156,2576.759033,160.0000
VerticalSpawns light Version.esp,2400085C,0007533E,LvlRaiderBoss,NPC_,-18139.539062,15570.169922,2576.759033,160.0000
VerticalSpawns light Version.esp,2400085A,00184757,LvlRaiderLegendary,NPC_,-18014.539062,15353.660156,2576.759033,160.0000
VerticalSpawns light Version.esp,24000B90,000F757E,LvlRaiderGrenade,NPC_,-2025.594971,16144.830078,1201.996948,134.0000
VerticalSpawns light Version.esp,24000B8F,000EFB5E,LvlRaiderBoltActionAggro1200,NPC_,-1901.942017,16168.139648,946.308228,134.0000
VerticalSpawns light Version.esp,24000B8E,0007533E,LvlRaiderBoss,NPC_,-1775.649048,16145.040039,1202.000977,134.0000
VerticalSpawns light Version.esp,24000B8D,0019C5A1,LvlRaiderBossFemale,NPC_,-1687.713989,16190.070312,1202.108032,133.0000
VerticalSpawns light Version.esp,24000B8C,00184757,LvlRaiderLegendary,NPC_,-1650.589966,15928.419922,1329.947021,133.0000
VerticalSpawns light Version.esp,2400087B,00083AD6,LvlTriggerman,NPC_,-30873.210937,16473.480469,2778.334961,329.0000
VerticalSpawns light Version.esp,2400087A,00083AD6,LvlTriggerman,NPC_,-30748.220703,16439.980469,2778.334961,329.0000
VerticalSpawns light Version.esp,2400086B,01001EFC,DLC01LvlMechBot_Random,NPC_,-24365.439453,19174.039062,2361.899902,332.0000
VerticalSpawns light Version.esp,2400086A,01001EFC,DLC01LvlMechBot_Random,NPC_,-24273.939453,19082.519531,2361.968994,332.0000
VerticalSpawns light Version.esp,24000B88,000F757E,LvlRaiderGrenade,NPC_,-3006.311035,18237.810547,1645.015991,132.0000
VerticalSpawns light Version.esp,24000B87,001236A4,LvlRaiderBoltActionAggro1536,NPC_,-2936.357910,18322.490234,1661.411011,132.0000
VerticalSpawns light Version.esp,24000B86,000CE987,LvlRaiderBoltAction,NPC_,-2789.752930,18368.609375,1700.936035,132.0000
VerticalSpawns light Version.esp,24000B84,0019C5A1,LvlRaiderBossFemale,NPC_,-2575.590088,18239.009766,1650.500977,123.0000
VerticalSpawns light Version.esp,24000B83,00184757,LvlRaiderLegendary,NPC_,-2539.750977,18112.869141,1645.004028,106.0000
VerticalSpawns light Version.esp,2400108B,000DE965,LvlGunnerAuto,NPC_,-32679.919922,21257.460938,4724.627930,228.0000
VerticalSpawns light Version.esp,2400108A,00075345,LvlGunnerBoss,NPC_,-32545.509766,21122.109375,4724.585938,228.0000
VerticalSpawns light Version.esp,24000B80,001655D4,LvlSynthRifle,NPC_,-7661.847168,23814.539062,1860.552979,340.0000
VerticalSpawns light Version.esp,24000B7F,000DCDEB,LvlSynthSuperbarrel,NPC_,-7536.770996,23781.509766,1860.547974,340.0000
VerticalSpawns light Version.esp,24000B7E,00075342,LvlSynthBoss,NPC_,-7445.221191,23689.929688,1860.547974,340.0000
VerticalSpawns light Version.esp,24000B7D,00184751,LvlSynthLegendary,NPC_,-7411.729004,23564.929688,1860.547974,340.0000
VerticalSpawns light Version.esp,240008FB,000F757E,LvlRaiderGrenade,NPC_,-28662.300781,25551.720703,4992.009766,224.0000
VerticalSpawns light Version.esp,240008FA,000F757E,LvlRaiderGrenade,NPC_,-28570.800781,25643.230469,4992.005859,224.0000
VerticalSpawns light Version.esp,240008F9,000F757E,LvlRaiderGrenade,NPC_,-28445.849609,25676.669922,4992.003906,224.0000
VerticalSpawns light Version.esp,240008F8,0019C5A1,LvlRaiderBossFemale,NPC_,-28320.810547,25643.179688,4992.003906,224.0000
VerticalSpawns light Version.esp,240008F7,0019C5A0,LvlRaiderBossMale,NPC_,-28229.369141,25551.949219,4992.002930,224.0000
VerticalSpawns light Version.esp,240008EA,0015D4D3,LvlGunnerAutoAggro1024,NPC_,-26370.369141,29918.859375,4480.077148,119.0000
VerticalSpawns light Version.esp,240008E9,000DE968,LvlGunnerMissileLauncher,NPC_,-26245.369141,29885.369141,4480.210938,101.0000
VerticalSpawns light Version.esp,240008E7,001CC45B,LvlGunnerBoss_PowerArmorAggro2048,NPC_,-26144.570312,29686.689453,4483.354980,71.0000
VerticalSpawns light Version.esp,240008F2,001236A4,LvlRaiderBoltActionAggro1536,NPC_,-21025.240234,32282.650391,3847.686035,75.0000
VerticalSpawns light Version.esp,240008F1,000CE987,LvlRaiderBoltAction,NPC_,-20936.779297,32375.509766,3831.811035,75.0000
VerticalSpawns light Version.esp,240008F0,001236A4,LvlRaiderBoltActionAggro1536,NPC_,-20809.449219,32408.019531,3801.613037,75.0000
VerticalSpawns light Version.esp,240008EE,0007533E,LvlRaiderBoss,NPC_,-20596.240234,32311.769531,3791.281982,75.0000
VerticalSpawns light Version.esp,240008ED,00184757,LvlRaiderLegendary,NPC_,-20561.730469,32160.300781,3801.541016,75.0000
VerticalSpawns light Version.esp,2400094A,000EFB5E,LvlRaiderBoltActionAggro1200,NPC_,-56872.550781,69359.273438,7115.537109,104.0000
VerticalSpawns light Version.esp,24000949,000F757E,LvlRaiderGrenade,NPC_,-56780.660156,69450.609375,7115.450195,81.0000
VerticalSpawns light Version.esp,24000948,000EFB5E,LvlRaiderBoltActionAggro1200,NPC_,-56708.250000,69436.953125,7115.553223,59.0000
VerticalSpawns light Version.esp,24000947,0019C5A1,LvlRaiderBossFemale,NPC_,-56531.488281,69449.257812,7182.375977,38.0000
VerticalSpawns light Version.esp,24000946,0007533E,LvlRaiderBoss,NPC_,-56439.828125,69357.312500,7179.625977,17.0000
VerticalSpawns light Version.esp,24000945,00184757,LvlRaiderLegendary,NPC_,-56405.441406,69236.242188,7115.803223,358.0000
VerticalSpawns light Version.esp,24000938,000CE987,LvlRaiderBoltAction,NPC_,-62916.230469,71479.007812,7271.291992,124.0000
VerticalSpawns light Version.esp,24000937,000CE986,LvlRaiderAuto,NPC_,-62824.718750,71570.531250,7271.288086,124.0000
VerticalSpawns light Version.esp,24000935,0007533E,LvlRaiderBoss,NPC_,-62574.718750,71570.531250,7271.288086,124.0000
VerticalSpawns light Version.esp,24000934,0007533E,LvlRaiderBoss,NPC_,-62483.218750,71479.007812,7271.291992,124.0000
VerticalSpawns light Version.esp,24000933,00184757,LvlRaiderLegendary,NPC_,-62449.730469,71354.007812,7271.291992,124.0000
VerticalSpawns light Version.esp,2400092E,000CE986,LvlRaiderAuto,NPC_,-63602.691406,71929.523438,7271.291992,183.0000
VerticalSpawns light Version.esp,2400092D,000EFB5E,LvlRaiderBoltActionAggro1200,NPC_,-63473.308594,71929.351562,7274.575195,183.0000
VerticalSpawns light Version.esp,2400092C,0019C5A0,LvlRaiderBossMale,NPC_,-63352.660156,71929.593750,7271.291016,183.0000
VerticalSpawns light Version.esp,2400092B,0019C5A1,LvlRaiderBossFemale,NPC_,-63261.148437,71838.070312,7271.291016,183.0000
VerticalSpawns light Version.esp,2400092A,00184757,LvlRaiderLegendary,NPC_,-63227.660156,71713.078125,7271.291016,183.0000
VerticalSpawns light Version.esp,24000941,000EFB5E,LvlRaiderBoltActionAggro1200,NPC_,-58801.101562,70615.007812,7050.475098,58.0000
VerticalSpawns light Version.esp,24000940,000CE987,LvlRaiderBoltAction,NPC_,-58709.410156,70706.328125,7047.065918,51.0000
VerticalSpawns light Version.esp,2400093F,000F757E,LvlRaiderGrenade,NPC_,-58611.339844,70705.968750,7062.096191,51.0000
VerticalSpawns light Version.esp,2400093C,00184757,LvlRaiderLegendary,NPC_,-58333.878906,70490.882812,7041.085937,51.0000
VerticalSpawns light Version.esp,24000953,000CE987,LvlRaiderBoltAction,NPC_,-55605.550781,69978.703125,7115.667969,310.0000
VerticalSpawns light Version.esp,24000951,001236A4,LvlRaiderBoltActionAggro1536,NPC_,-55389.050781,70103.718750,7115.686035,310.0000
VerticalSpawns light Version.esp,2400094F,0007533E,LvlRaiderBoss,NPC_,-55172.640625,69978.812500,7182.492187,310.0000
VerticalSpawns light Version.esp,2400094E,00184757,LvlRaiderLegendary,NPC_,-55139.070312,69853.726562,7115.754883,310.0000
VerticalSpawns light Version.esp,24000926,000EFB5E,LvlRaiderBoltActionAggro1200,NPC_,-65229.890625,74943.421875,7044.973145,91.0000
VerticalSpawns light Version.esp,24000925,001236A4,LvlRaiderBoltActionAggro1536,NPC_,-65137.718750,75031.273438,7080.498047,91.0000
VerticalSpawns light Version.esp,24000923,0019C5A1,LvlRaiderBossFemale,NPC_,-64887.890625,75032.453125,7045.729004,91.0000
VerticalSpawns light Version.esp,24000922,0019C5A0,LvlRaiderBossMale,NPC_,-64796.890625,74943.609375,7043.123047,91.0000
VerticalSpawns light Version.esp,24000BC8,000CE987,LvlRaiderBoltAction,NPC_,-54056.089844,93932.546875,9209.745117,100.0000
VerticalSpawns light Version.esp,24000BC7,000F757E,LvlRaiderGrenade,NPC_,-53965.871094,94024.109375,9220.942383,100.0000
VerticalSpawns light Version.esp,24000BC6,001236A4,LvlRaiderBoltActionAggro1536,NPC_,-53839.601562,94057.242188,9239.509766,100.0000
VerticalSpawns light Version.esp,24000BC5,0007533E,LvlRaiderBoss,NPC_,-53716.171875,94020.742188,9260.055664,100.0000
VerticalSpawns light Version.esp,24000BC4,0007533E,LvlRaiderBoss,NPC_,-53622.699219,93932.617188,9272.626953,100.0000
VerticalSpawns light Version.esp,24000BB3,000DE965,LvlGunnerAuto,NPC_,-61855.851562,36108.691406,6158.233887,317.0000
VerticalSpawns light Version.esp,24000BB2,001C64A6,LvlGunnerBossAggro1024,NPC_,-61764.218750,36017.398438,6137.770020,317.0000
VerticalSpawns light Version.esp,240010C8,0015D4D3,LvlGunnerAutoAggro1024,NPC_,-56971.628906,36828.878906,6102.340820,69.0000
VerticalSpawns light Version.esp,240010C7,001CC45A,LvlGunnerAutoAggro2048,NPC_,-56802.570312,36817.828125,6103.225098,69.0000
VerticalSpawns light Version.esp,240008D1,000F757E,LvlRaiderGrenade,NPC_,-36746.199219,36674.898438,4592.047852,280.0000
VerticalSpawns light Version.esp,240008D0,000EFB5E,LvlRaiderBoltActionAggro1200,NPC_,-36654.691406,36766.390625,4592.047852,280.0000
VerticalSpawns light Version.esp,240008CE,0019C5A1,LvlRaiderBossFemale,NPC_,-36404.679688,36766.378906,4592.044922,287.0000
VerticalSpawns light Version.esp,240008CD,0007533E,LvlRaiderBoss,NPC_,-36313.128906,36675.421875,4592.048828,306.0000
VerticalSpawns light Version.esp,240008CC,00184757,LvlRaiderLegendary,NPC_,-36279.679688,36549.871094,4592.045898,314.0000
VerticalSpawns light Version.esp,240010E7,000DE964,LvlGunnerSemiAuto,NPC_,-65295.460937,37346.128906,6139.796875,302.0000
VerticalSpawns light Version.esp,240010E6,000DE968,LvlGunnerMissileLauncher,NPC_,-65163.210937,37397.691406,6141.106934,307.0000
VerticalSpawns light Version.esp,240010E5,001CC460,LvlGunnerRobotAssaultronAggro2048,NPC_,-64949.269531,37334.199219,6141.187988,314.0000
VerticalSpawns light Version.esp,240010E4,00075345,LvlGunnerBoss,NPC_,-64820.140625,37227.019531,6137.814941,332.0000
VerticalSpawns light Version.esp,24000BBA,00093BC3,LvlMrGutsy_Gunner,NPC_,-63539.320312,37808.050781,6137.809082,95.0000
VerticalSpawns light Version.esp,24000BB9,000DE968,LvlGunnerMissileLauncher,NPC_,-63414.320312,37774.558594,6137.815918,95.0000
VerticalSpawns light Version.esp,24000BB7,00184766,LvlGunnerLegendary,NPC_,-63289.769531,37560.300781,6137.830078,95.0000
VerticalSpawns light Version.esp,240008CF,000CE987,LvlRaiderBoltAction,NPC_,-36530.238281,37002.429688,3390.714111,280.0000
VerticalSpawns light Version.esp,24000BC0,00093BC3,LvlMrGutsy_Gunner,NPC_,-58396.011719,42202.531250,5619.312988,3.0000
VerticalSpawns light Version.esp,24000BBE,001CC45C,LvlGunnerBossAggro2048,NPC_,-58178.699219,42080.089844,5638.562012,0.0000
VerticalSpawns light Version.esp,24000BBD,0004CE40,LvlGunnerBoss_PowerArmor,NPC_,-58146.121094,41952.078125,5664.734863,0.0000
VerticalSpawns light Version.esp,240008AA,0013101C,LvlForged,NPC_,-41628.308594,3914.498047,1728.045044,276.0000
VerticalSpawns light Version.esp,240008A0,0013101C,LvlForged,NPC_,-41562.160156,3826.016113,1728.026978,218.0000
VerticalSpawns light Version.esp,2400089F,0013101C,LvlForged,NPC_,-41595.648438,3951.011963,1728.026001,218.0000
VerticalSpawns light Version.esp,2400089E,0013105B,LvlForgedGrenadier,NPC_,-41562.160156,4076.012939,1728.026001,218.0000
VerticalSpawns light Version.esp,24000899,00215CD2,LvLForged_Boss,NPC_,-41095.648438,3951.012939,1728.026001,207.0000
VerticalSpawns light Version.esp,24000918,0002FB88,LvlChildrenofAtom,NPC_,-65424.539062,7029.077148,1801.978027,288.0000
VerticalSpawns light Version.esp,24000917,0002FB88,LvlChildrenofAtom,NPC_,-65299.140625,6995.459961,1767.970947,288.0000
VerticalSpawns light Version.esp,240008B3,0020ED03,LvlForged_Burned,NPC_,-41665.750000,4979.307129,2017.942017,236.0000
VerticalSpawns light Version.esp,240008B2,0002A664,LvlForgedAggro,NPC_,-41712.921875,4978.435059,2017.943970,236.0000
VerticalSpawns light Version.esp,240008B1,0013101C,LvlForged,NPC_,-41748.550781,5099.243164,2017.984985,236.0000
VerticalSpawns light Version.esp,240008AB,00215CD2,LvLForged_Boss,NPC_,-41247.589844,5101.307129,2017.683960,260.0000
VerticalSpawns light Version.esp,240008A8,0013101C,LvlForged,NPC_,-41753.308594,4130.991211,1728.092041,276.0000
VerticalSpawns light Version.esp,240008A7,0013105B,LvlForgedGrenadier,NPC_,-41719.820312,4255.991211,1728.092041,276.0000
VerticalSpawns light Version.esp,240008A6,0020ED06,LvlForgedGrenadier_Burned,NPC_,-41628.308594,4347.587891,1728.074951,276.0000
VerticalSpawns light Version.esp,240008A5,0013105B,LvlForgedGrenadier,NPC_,-41503.281250,4381.012207,1728.071045,276.0000
VerticalSpawns light Version.esp,240008A2,00215CD2,LvLForged_Boss,NPC_,-41253.308594,4130.991211,1728.092041,276.0000
VerticalSpawns light Version.esp,2400089C,0013105B,LvlForgedGrenadier,NPC_,-41345.648438,4201.018066,1728.072998,218.0000
VerticalSpawns light Version.esp,24000910,000D228A,LvlSupermutantRifle,NPC_,-59733.308594,13224.959961,3866.190918,260.0000
VerticalSpawns light Version.esp,2400090F,0010924D,LvlSupermutantMinigun,NPC_,-59641.800781,13133.459961,3866.185059,248.0000
VerticalSpawns light Version.esp,2400090E,00117D85,LvlSupermutantMinigunBoss,NPC_,-59608.308594,13008.459961,3866.180908,237.0000
VerticalSpawns light Version.esp,24001086,000DE965,LvlGunnerAuto,NPC_,-53996.878906,14509.610352,3246.936035,268.0000
VerticalSpawns light Version.esp,24001085,001CC460,LvlGunnerRobotAssaultronAggro2048,NPC_,-53797.199219,14401.209961,3230.791016,268.0000
VerticalSpawns light Version.esp,24000895,0002FB88,LvlChildrenofAtom,NPC_,-36412.890625,13843.139648,1556.345947,158.0000
VerticalSpawns light Version.esp,24000894,0002FB88,LvlChildrenofAtom,NPC_,-36320.578125,13751.379883,1548.067993,158.0000
VerticalSpawns light Version.esp,24000893,0009084C,LvlChildrenofAtomFemale,NPC_,-36290.539062,13629.559570,1532.473999,158.0000
VerticalSpawns light Version.esp,24000909,000EFB5E,LvlRaiderBoltActionAggro1200,NPC_,-35857.750000,18199.119141,4783.958984,255.0000
VerticalSpawns light Version.esp,24000908,000CE987,LvlRaiderBoltAction,NPC_,-35732.750000,18232.619141,4783.963867,255.0000
VerticalSpawns light Version.esp,24000907,0019C5A0,LvlRaiderBossMale,NPC_,-35607.750000,18199.119141,4783.970215,255.0000
VerticalSpawns light Version.esp,24000906,0019C5A0,LvlRaiderBossMale,NPC_,-35516.250000,18107.619141,4783.979004,255.0000
VerticalSpawns light Version.esp,24000905,00184757,LvlRaiderLegendary,NPC_,-35482.839844,17982.740234,4800.090820,255.0000
VerticalSpawns light Version.esp,24000902,000D228A,LvlSupermutantRifle,NPC_,-33226.371094,20773.199219,4770.600098,231.0000
VerticalSpawns light Version.esp,24000901,000D2289,LvlSupermutantAuto,NPC_,-33102.398437,20738.269531,4767.206055,231.0000
VerticalSpawns light Version.esp,24000900,00195650,LvlSupermutantMissileAggro1536,NPC_,-33010.878906,20646.730469,4767.208008,231.0000
VerticalSpawns light Version.esp,240008FF,0017E6F6,LvlSupermutantRifleLegendary,NPC_,-32975.238281,20526.500000,4770.418945,231.0000
VerticalSpawns light Version.esp,240010ED,000DE964,LvlGunnerSemiAuto,NPC_,-60107.050781,30886.970703,5307.356934,37.0000
VerticalSpawns light Version.esp,240010EC,0015D4D3,LvlGunnerAutoAggro1024,NPC_,-59932.070312,30932.919922,5318.293945,37.0000
VerticalSpawns light Version.esp,240010EB,00093BC3,LvlMrGutsy_Gunner,NPC_,-59756.421875,30887.369141,5332.351074,37.0000
VerticalSpawns light Version.esp,240010D0,001CC462,LvlGunnerShotgunAggro2048,NPC_,-74408.812500,36850.421875,6151.277832,259.0000
VerticalSpawns light Version.esp,240010CB,0004CE40,LvlGunnerBoss_PowerArmor,NPC_,-73756.007812,36676.039062,6127.838867,259.0000
VerticalSpawns light Version.esp,240010CF,0015BDD1,LvlGunnerShotgun,NPC_,-74287.171875,37033.828125,6153.149902,259.0000
VerticalSpawns light Version.esp,240010CD,0015D4D3,LvlGunnerAutoAggro1024,NPC_,-73930.843750,36978.570312,6134.263184,259.0000
VerticalSpawns light Version.esp,2400091E,0002FB88,LvlChildrenofAtom,NPC_,-67260.906250,5869.548828,1904.399048,204.0000
VerticalSpawns light Version.esp,2400091C,0009084C,LvlChildrenofAtomFemale,NPC_,-67044.203125,5744.462891,1858.641968,204.0000
VerticalSpawns light Version.esp,2400091B,0002FB88,LvlChildrenofAtom,NPC_,-67009.968750,5619.087891,1838.685059,205.0000
VerticalSpawns light Version.esp,24000919,0002FB88,LvlChildrenofAtom,NPC_,-65549.296875,6995.532227,1814.394043,289.0000
VerticalSpawns light Version.esp,240010D9,0015D4D3,LvlGunnerAutoAggro1024,NPC_,-95858.976562,24525.279297,7854.558105,260.0000
VerticalSpawns light Version.esp,240010D8,00075345,LvlGunnerBoss,NPC_,-95726.906250,24399.320312,7853.036133,260.0000
VerticalSpawns light Version.esp,240010DA,001CC45A,LvlGunnerAutoAggro2048,NPC_,-96101.960938,24888.580078,6492.922852,260.0000
VerticalSpawns light Version.esp,240010E0,001CC45A,LvlGunnerAutoAggro2048,NPC_,-82659.890625,31429.679687,6992.092773,228.0000
VerticalSpawns light Version.esp,240010DF,000DE965,LvlGunnerAuto,NPC_,-82488.507812,31384.179687,6979.407227,229.0000
VerticalSpawns light Version.esp,240010DE,001C64A6,LvlGunnerBossAggro1024,NPC_,-82365.703125,31266.630859,6979.584961,232.0000
VerticalSpawns light Version.esp,240010DD,001ABE5F,LvlGunnerBoss_PowerArmorAggro1024,NPC_,-82316.203125,31084.060547,6986.274902,234.0000
VerticalSpawns light Version.esp,240010D4,0015D4D3,LvlGunnerAutoAggro1024,NPC_,-82873.656250,30886.449219,7099.042969,226.0000
VerticalSpawns light Version.esp,240010D3,001CC45A,LvlGunnerAutoAggro2048,NPC_,-82707.648438,30856.859375,7048.430176,226.0000
VerticalSpawns light Version.esp,240010D2,00075345,LvlGunnerBoss,NPC_,-82582.421875,30732.359375,7035.147949,226.0000
VerticalSpawns light Version.esp,24000B22,00121D4E,LvlProtectronRaider,NPC_,-28053.210937,-32764.550781,3506.322998,89.0000
VerticalSpawns light Version.esp,24000B20,000FD3AB,LvlRaiderMissileLauncher,NPC_,-27816.990234,-32765.689453,3506.320068,89.0000
VerticalSpawns light Version.esp,24000B1D,0013101C,LvlForged,NPC_,-23632.070312,-32617.660156,3490.365967,285.0000
VerticalSpawns light Version.esp,24000B1C,0002A664,LvlForgedAggro,NPC_,-23721.689453,-32541.800781,3490.313965,285.0000
VerticalSpawns light Version.esp,24000B1B,0002A664,LvlForgedAggro,NPC_,-23755.390625,-32415.900391,3490.308105,285.0000
VerticalSpawns light Version.esp,24000B15,00215CD2,LvLForged_Boss,NPC_,-23254.820312,-32417.800781,3490.319092,244.0000
VerticalSpawns light Version.esp,24000B11,000EFB5E,LvlRaiderBoltActionAggro1200,NPC_,-22427.710938,-29271.669922,3246.455078,10.0000
VerticalSpawns light Version.esp,24000B10,000EFB71,LvlRaiderAutoAggro1200,NPC_,-22338.480469,-29183.119141,3246.467041,10.0000
VerticalSpawns light Version.esp,24000B0E,000FD3AB,LvlRaiderMissileLauncher,NPC_,-22086.179688,-29180.029297,3292.303955,10.0000
VerticalSpawns light Version.esp,24000B0D,0019C5A1,LvlRaiderBossFemale,NPC_,-21995.869141,-29275.279297,3248.349121,10.0000
VerticalSpawns light Version.esp,24000B0C,00184757,LvlRaiderLegendary,NPC_,-21961.210938,-29396.439453,3246.448975,10.0000
VerticalSpawns light Version.esp,24000B07,000CE987,LvlRaiderBoltAction,NPC_,-17995.089844,-30930.880859,2112.052002,289.0000
VerticalSpawns light Version.esp,24000B06,001236A4,LvlRaiderBoltActionAggro1536,NPC_,-17868.820312,-30894.890625,2111.785889,289.0000
VerticalSpawns light Version.esp,24000B05,0007533E,LvlRaiderBoss,NPC_,-17743.820312,-30928.380859,2111.785889,289.0000
VerticalSpawns light Version.esp,24000B04,0007533E,LvlRaiderBoss,NPC_,-17652.589844,-31020.289062,2116.050049,289.0000
VerticalSpawns light Version.esp,24000B03,00184757,LvlRaiderLegendary,NPC_,-17618.960938,-31144.849609,2111.784912,289.0000
VerticalSpawns light Version.esp,24000AA5,000F757E,LvlRaiderGrenade,NPC_,-6422.250977,-32294.279297,3087.997070,265.0000
VerticalSpawns light Version.esp,24000AA4,000CE987,LvlRaiderBoltAction,NPC_,-6328.965820,-32203.939453,3087.999023,265.0000
VerticalSpawns light Version.esp,24000AA3,000EFB5E,LvlRaiderBoltActionAggro1200,NPC_,-6205.659180,-32168.970703,3087.997070,265.0000
VerticalSpawns light Version.esp,24000AA2,0019C5A0,LvlRaiderBossMale,NPC_,-6080.659180,-32202.460937,3087.997070,265.0000
VerticalSpawns light Version.esp,24000AA1,0007533E,LvlRaiderBoss,NPC_,-5989.151855,-32293.970703,3087.997070,265.0000
VerticalSpawns light Version.esp,24000A94,000DE965,LvlGunnerAuto,NPC_,-3127.353027,-30505.679687,3918.194092,149.0000
VerticalSpawns light Version.esp,24000A93,000DE968,LvlGunnerMissileLauncher,NPC_,-3002.514893,-30538.830078,3872.753906,149.0000
VerticalSpawns light Version.esp,24000A92,001CC45C,LvlGunnerBossAggro2048,NPC_,-2909.982910,-30630.509766,3839.077881,149.0000
VerticalSpawns light Version.esp,24000A8C,000CE987,LvlRaiderBoltAction,NPC_,-1795.755981,-29023.130859,3693.471924,283.0000
VerticalSpawns light Version.esp,24000A8A,0007533E,LvlRaiderBoss,NPC_,-1544.756958,-29020.689453,3693.464111,283.0000
VerticalSpawns light Version.esp,24000A89,000FD3AB,LvlRaiderMissileLauncher,NPC_,-1452.625000,-29112.269531,3693.483887,283.0000
VerticalSpawns light Version.esp,24000A88,00184757,LvlRaiderLegendary,NPC_,-1419.140015,-29237.130859,3693.479980,283.0000
VerticalSpawns light Version.esp,24000AB1,0020ED03,LvlForged_Burned,NPC_,-6683.362793,-28526.550781,2645.449951,294.0000
VerticalSpawns light Version.esp,24000AB0,0002A664,LvlForgedAggro,NPC_,-6774.835937,-28435.050781,2645.449951,294.0000
VerticalSpawns light Version.esp,24000AAF,0013101C,LvlForged,NPC_,-6808.284180,-28310.080078,2645.469971,294.0000
VerticalSpawns light Version.esp,24000AA9,00215CD2,LvLForged_Boss,NPC_,-6320.355957,-28318.500000,2648.929932,294.0000
VerticalSpawns light Version.esp,24000AE9,0013101C,LvlForged,NPC_,-26453.349609,-21582.429688,2037.967041,146.0000
VerticalSpawns light Version.esp,24000AE8,0002A664,LvlForgedAggro,NPC_,-26486.849609,-21457.419922,2037.979980,136.0000
VerticalSpawns light Version.esp,24000AE7,0013105B,LvlForgedGrenadier,NPC_,-26453.300781,-21332.470703,2037.967041,130.0000
VerticalSpawns light Version.esp,24000AE6,0013105B,LvlForgedGrenadier,NPC_,-26360.429687,-21231.539062,2041.342041,128.0000
VerticalSpawns light Version.esp,24000AE2,00215CD2,LvLForged_Boss,NPC_,-25986.839844,-21457.029297,2038.057007,128.0000
VerticalSpawns light Version.esp,24000AEF,001CC461,LvlGunnerSemiAutoAggro2048,NPC_,-22312.349609,-23946.109375,3523.164062,111.0000
VerticalSpawns light Version.esp,24000AED,000DE965,LvlGunnerAuto,NPC_,-22062.320312,-23947.830078,3523.163086,111.0000
VerticalSpawns light Version.esp,24000AEC,00075345,LvlGunnerBoss,NPC_,-21970.810547,-24039.339844,3523.163086,111.0000
VerticalSpawns light Version.esp,24000AF7,00083AD6,LvlTriggerman,NPC_,-16695.480469,-24016.150391,2384.064941,165.0000
VerticalSpawns light Version.esp,24000AF6,00083AD6,LvlTriggerman,NPC_,-16662.410156,-23891.109375,2384.064941,165.0000
VerticalSpawns light Version.esp,24000AF5,00083AD6,LvlTriggerman,NPC_,-16570.250000,-23799.609375,2384.199951,165.0000
VerticalSpawns light Version.esp,24000AF4,00083AD6,LvlTriggerman,NPC_,-16445.470703,-23766.160156,2384.048096,165.0000
VerticalSpawns light Version.esp,24000AFD,00083AD6,LvlTriggerman,NPC_,-15703.019531,-21690.140625,2384.052979,210.0000
VerticalSpawns light Version.esp,24000AFC,00083AD6,LvlTriggerman,NPC_,-15578.019531,-21723.640625,2384.052002,210.0000
VerticalSpawns light Version.esp,24000AFB,00083AD6,LvlTriggerman,NPC_,-15486.429687,-21815.240234,2384.052979,210.0000
VerticalSpawns light Version.esp,24000AFA,00083AD6,LvlTriggerman,NPC_,-15454.219727,-21940.060547,2389.280029,210.0000
VerticalSpawns light Version.esp,24000AF3,00083AD6,LvlTriggerman,NPC_,-16320.450195,-23799.560547,2384.049072,165.0000
VerticalSpawns light Version.esp,24000AF2,00083AD6,LvlTriggerman,NPC_,-16228.940430,-23891.070312,2384.049072,165.0000
VerticalSpawns light Version.esp,24000AF1,00083AD6,LvlTriggerman,NPC_,-16195.450195,-24016.070312,2384.049072,165.0000
VerticalSpawns light Version.esp,24000AB6,00083AD6,LvlTriggerman,NPC_,-8867.542969,-22458.310547,1872.062988,63.0000
VerticalSpawns light Version.esp,24000AB5,00083AD6,LvlTriggerman,NPC_,-8735.598633,-22460.890625,1875.357056,63.0000
VerticalSpawns light Version.esp,24000AB4,00083AD6,LvlTriggerman,NPC_,-8617.542969,-22458.310547,1872.062988,63.0000
VerticalSpawns light Version.esp,24000AB3,00083AD6,LvlTriggerman,NPC_,-8526.036133,-22549.820312,1872.062988,63.0000
VerticalSpawns light Version.esp,24000AB2,00083AD6,LvlTriggerman,NPC_,-8492.541992,-22674.820312,1872.062988,63.0000
VerticalSpawns light Version.esp,24000AE1,01001EFC,DLC01LvlMechBot_Random,NPC_,-21596.199219,-19954.640625,1940.644043,280.0000
VerticalSpawns light Version.esp,24000ADF,01001EFC,DLC01LvlMechBot_Random,NPC_,-21380.720703,-19829.240234,1940.641968,280.0000
VerticalSpawns light Version.esp,24000ADE,01001EFC,DLC01LvlMechBot_Random,NPC_,-21254.599609,-19862.859375,1940.642944,280.0000
VerticalSpawns light Version.esp,24000ADD,01001EFC,DLC01LvlMechBot_Random,NPC_,-21162.939453,-19954.890625,1940.641968,280.0000
VerticalSpawns light Version.esp,24000ADA,0100444F,DLC01LvlMechRoboBrain,NPC_,-20442.859375,-18968.160156,1941.015991,325.0000
VerticalSpawns light Version.esp,24000AD7,01001EFC,DLC01LvlMechBot_Random,NPC_,-20101.400391,-19059.630859,1940.963989,325.0000
VerticalSpawns light Version.esp,24000AD6,01001EFC,DLC01LvlMechBot_Random,NPC_,-20067.910156,-19184.630859,1940.963989,325.0000
VerticalSpawns light Version.esp,24000AD0,000CE987,LvlRaiderBoltAction,NPC_,-16966.720703,-17286.810547,1928.807983,271.0000
VerticalSpawns light Version.esp,24000ACF,0019C5A0,LvlRaiderBossMale,NPC_,-16841.650391,-17320.730469,1840.750000,271.0000
VerticalSpawns light Version.esp,24000ACE,0007533E,LvlRaiderBoss,NPC_,-16750.269531,-17412.089844,1840.500977,271.0000
VerticalSpawns light Version.esp,24000ACD,00184757,LvlRaiderLegendary,NPC_,-16716.769531,-17537.089844,1840.484009,271.0000
VerticalSpawns light Version.esp,24000ABF,00083AD6,LvlTriggerman,NPC_,-11367.490234,-19273.369141,2119.624023,249.0000
VerticalSpawns light Version.esp,24000ABE,00083AD6,LvlTriggerman,NPC_,-11243.549805,-19259.320312,2097.460937,246.0000
VerticalSpawns light Version.esp,24000ABD,00083AD6,LvlTriggerman,NPC_,-11118.049805,-19275.669922,2094.183105,246.0000
VerticalSpawns light Version.esp,24000ABC,00083AD6,LvlTriggerman,NPC_,-11026.450195,-19366.929688,2094.314941,246.0000
VerticalSpawns light Version.esp,24000ABB,00083AD6,LvlTriggerman,NPC_,-10992.959961,-19491.890625,2094.497070,246.0000
VerticalSpawns light Version.esp,24000AC8,000F757E,LvlRaiderGrenade,NPC_,-15198.169922,-15083.219727,1968.131958,184.0000
VerticalSpawns light Version.esp,24000AC7,001236A4,LvlRaiderBoltActionAggro1536,NPC_,-15074.280273,-15048.339844,1969.480957,184.0000
VerticalSpawns light Version.esp,24000AC6,0019C5A1,LvlRaiderBossFemale,NPC_,-14948.669922,-15076.620117,1965.483032,184.0000
VerticalSpawns light Version.esp,24000AC5,0019C5A0,LvlRaiderBossMale,NPC_,-14857.730469,-15170.650391,1965.473999,184.0000
VerticalSpawns light Version.esp,24000AC4,00184757,LvlRaiderLegendary,NPC_,-14824.169922,-15295.400391,1965.274048,184.0000
VerticalSpawns light Version.esp,24000B6E,000DCDF3,LvlSynthAutoAggro512,NPC_,-5555.628906,-15299.839844,2524.652100,171.0000
VerticalSpawns light Version.esp,24000B6D,001628EE,LvlSynthCourser,NPC_,-5430.025879,-15337.610352,2423.998047,171.0000
VerticalSpawns light Version.esp,24000B6C,00075342,LvlSynthBoss,NPC_,-5338.522949,-15429.110352,2424.051025,171.0000
VerticalSpawns light Version.esp,24000B6B,00184751,LvlSynthLegendary,NPC_,-5304.306152,-15554.089844,2424.047119,171.0000
VerticalSpawns light Version.esp,24000823,0013101C,LvlForged,NPC_,-11209.410156,-4185.537109,1503.973999,354.0000
VerticalSpawns light Version.esp,24000D5C,0013101C,LvlForged,NPC_,-12306.070312,-2877.300049,1632.036987,288.0000
VerticalSpawns light Version.esp,24000D5E,0013101C,LvlForged,NPC_,-12181.530273,-3091.710938,1632.035034,288.0000
VerticalSpawns light Version.esp,24000D5D,0002A664,LvlForgedAggro,NPC_,-12269.480469,-3010.007080,1632.035034,288.0000
VerticalSpawns light Version.esp,24000D5B,0013105B,LvlForgedGrenadier,NPC_,-12272.969727,-2741.970947,1632.036987,288.0000
VerticalSpawns light Version.esp,24000D59,0013105B,LvlForgedGrenadier,NPC_,-12049.480469,-2618.790039,1632.035034,288.0000
VerticalSpawns light Version.esp,24000D56,00215CD2,LvLForged_Boss,NPC_,-11802.110352,-2876.368896,1632.036011,288.0000
VerticalSpawns light Version.esp,24000D55,0007050B,LvlGunnerSniper,NPC_,-9636.658203,-3059.206055,2267.287109,250.0000
VerticalSpawns light Version.esp,24000D53,000DE968,LvlGunnerMissileLauncher,NPC_,-9412.825195,-2900.684082,2267.429932,250.0000
VerticalSpawns light Version.esp,24000D52,0015D4D3,LvlGunnerAutoAggro1024,NPC_,-9329.607422,-2969.785889,2270.642090,251.0000
VerticalSpawns light Version.esp,24000D51,001CC45C,LvlGunnerBossAggro2048,NPC_,-9223.459961,-3088.604980,2267.771973,252.0000
VerticalSpawns light Version.esp,24000822,0020ED03,LvlForged_Burned,NPC_,-11328.469727,-4006.587891,657.699524,354.0000
VerticalSpawns light Version.esp,24000821,0013101C,LvlForged,NPC_,-11330.219727,-3966.264893,650.430481,354.0000
VerticalSpawns light Version.esp,24000820,0013105B,LvlForgedGrenadier,NPC_,-11300.480469,-3843.279053,1506.723999,354.0000
VerticalSpawns light Version.esp,2400081F,0013105B,LvlForgedGrenadier,NPC_,-11209.410156,-3752.523926,1503.973999,354.0000
VerticalSpawns light Version.esp,2400081B,00215CD2,LvLForged_Boss,NPC_,-10834.410156,-3969.031006,1503.973999,354.0000
VerticalSpawns light Version.esp,24000D46,000EFB71,LvlRaiderAutoAggro1200,NPC_,-5767.397949,-2569.201904,1406.863037,69.0000
VerticalSpawns light Version.esp,24000D45,000F757E,LvlRaiderGrenade,NPC_,-5675.437012,-2476.445068,1406.859985,69.0000
VerticalSpawns light Version.esp,24000D44,000F757E,LvlRaiderGrenade,NPC_,-5547.066895,-2445.752930,1406.862061,69.0000
VerticalSpawns light Version.esp,24000D42,0019C5A1,LvlRaiderBossFemale,NPC_,-5333.928223,-2567.879883,1406.801025,69.0000
VerticalSpawns light Version.esp,24000D41,00184757,LvlRaiderLegendary,NPC_,-5300.434082,-2692.879883,1406.801025,60.0000
VerticalSpawns light Version.esp,24000D3D,000CE987,LvlRaiderBoltAction,NPC_,-5713.600098,-860.537109,1406.797974,161.0000
VerticalSpawns light Version.esp,24000D3C,000EFB71,LvlRaiderAutoAggro1200,NPC_,-5622.202148,-769.054688,1406.797974,161.0000
VerticalSpawns light Version.esp,24000D3B,000EFB5E,LvlRaiderBoltActionAggro1200,NPC_,-5496.993164,-735.583008,1406.797974,161.0000
VerticalSpawns light Version.esp,24000D39,0019C5A1,LvlRaiderBossFemale,NPC_,-5281.303223,-860.697083,1412.655029,161.0000
VerticalSpawns light Version.esp,24000D38,0022D9DE,LvlRaiderFatman,NPC_,-5280.420898,-991.890686,1410.151978,161.0000
VerticalSpawns light Version.esp,24000D4D,0009084C,LvlChildrenofAtomFemale,NPC_,-3727.614990,-1810.358032,1958.423950,127.0000
VerticalSpawns light Version.esp,24000D4C,0009084B,LvlChildrenofAtomMale,NPC_,-3602.946045,-1845.279053,1958.187988,127.0000
VerticalSpawns light Version.esp,24000D4A,0002FB88,LvlChildrenofAtom,NPC_,-3477.762939,-2060.556885,1958.187988,145.0000
VerticalSpawns light Version.esp,24000B23,000F757E,LvlRaiderGrenade,NPC_,-28159.570312,-32857.339844,3506.321045,89.0000
VerticalSpawns light Version.esp,24000B1F,0007533E,LvlRaiderBoss,NPC_,-27725.480469,-32857.191406,3506.320068,89.0000
VerticalSpawns light Version.esp,24000B1E,00184757,LvlRaiderLegendary,NPC_,-27691.990234,-32982.191406,3506.320068,89.0000
VerticalSpawns light Version.esp,24001159,000DE964,LvlGunnerSemiAuto,NPC_,-62992.191406,-32601.800781,4848.044922,290.0000
VerticalSpawns light Version.esp,24001158,0015D4D3,LvlGunnerAutoAggro1024,NPC_,-62820.039062,-32573.080078,4848.036133,290.0000
VerticalSpawns light Version.esp,24001157,001CC45A,LvlGunnerAutoAggro2048,NPC_,-62646.039062,-32618.009766,4848.028809,290.0000
VerticalSpawns light Version.esp,2400105C,0015D4D3,LvlGunnerAutoAggro1024,NPC_,-58894.730469,-62721.460937,4335.346191,260.0000
VerticalSpawns light Version.esp,2400105B,000DE968,LvlGunnerMissileLauncher,NPC_,-58713.019531,-62766.320312,4361.257812,260.0000
VerticalSpawns light Version.esp,2400105A,00075345,LvlGunnerBoss,NPC_,-58589.421875,-62896.621094,4353.859863,260.0000
VerticalSpawns light Version.esp,24001064,0015BDD3,LvlGunnerShotgunAggro1024b,NPC_,-61564.421875,-47492.660156,5312.569824,294.0000
VerticalSpawns light Version.esp,24001061,0015D4D3,LvlGunnerAutoAggro1024,NPC_,-61089.660156,-47358.519531,5302.752930,294.0000
VerticalSpawns light Version.esp,24001060,00075345,LvlGunnerBoss,NPC_,-60959.320312,-47486.148438,5297.214844,294.0000
VerticalSpawns light Version.esp,2400114E,000DE964,LvlGunnerSemiAuto,NPC_,-63689.691406,-41491.148438,5091.305176,319.0000
VerticalSpawns light Version.esp,2400114D,0015D4D2,LvlGunnerSemiAutoAggro1024,NPC_,-63562.398437,-41363.351562,5091.348145,319.0000
VerticalSpawns light Version.esp,2400114C,001CC45A,LvlGunnerAutoAggro2048,NPC_,-63385.640625,-41305.968750,5087.164062,319.0000
VerticalSpawns light Version.esp,2400114B,0015D4D3,LvlGunnerAutoAggro1024,NPC_,-63206.031250,-41379.949219,5075.004883,319.0000
VerticalSpawns light Version.esp,2400114A,001C64A6,LvlGunnerBossAggro1024,NPC_,-63078.199219,-41468.781250,5070.837891,319.0000
VerticalSpawns light Version.esp,24001067,000DE968,LvlGunnerMissileLauncher,NPC_,-63060.601562,-41106.000000,5097.812988,314.0000
VerticalSpawns light Version.esp,24001065,00184766,LvlGunnerLegendary,NPC_,-62884.539062,-41406.539062,5062.917969,314.0000
VerticalSpawns light Version.esp,24001153,000DE964,LvlGunnerSemiAuto,NPC_,-63068.980469,-33512.449219,4849.300781,91.0000
VerticalSpawns light Version.esp,24001152,000DE968,LvlGunnerMissileLauncher,NPC_,-62891.070312,-33477.140625,4867.556152,91.0000
VerticalSpawns light Version.esp,24001151,0015D4D3,LvlGunnerAutoAggro1024,NPC_,-62710.859375,-33510.429687,4887.828125,91.0000
VerticalSpawns light Version.esp,24001136,001CC462,LvlGunnerShotgunAggro2048,NPC_,-53400.808594,-87999.117188,5417.277832,173.0000
VerticalSpawns light Version.esp,24001135,0015BDD1,LvlGunnerShotgun,NPC_,-53272.601562,-87870.921875,5429.312988,173.0000
VerticalSpawns light Version.esp,24001133,000DE968,LvlGunnerMissileLauncher,NPC_,-52922.601562,-87874.539062,5389.605957,173.0000
VerticalSpawns light Version.esp,24001132,00075345,LvlGunnerBoss,NPC_,-52793.730469,-88002.882812,5341.136230,173.0000
VerticalSpawns light Version.esp,2400112E,000DE968,LvlGunnerMissileLauncher,NPC_,-54285.140625,-82766.382812,4857.431152,353.0000
VerticalSpawns light Version.esp,2400112D,000DE968,LvlGunnerMissileLauncher,NPC_,-53964.289062,-82755.023438,4849.719238,353.0000
VerticalSpawns light Version.esp,2400112C,00075345,LvlGunnerBoss,NPC_,-53983.988281,-82940.773438,4860.140137,353.0000
VerticalSpawns light Version.esp,24001128,000DE965,LvlGunnerAuto,NPC_,-54794.828125,-78281.351562,5026.529785,170.0000
VerticalSpawns light Version.esp,24001127,000DE965,LvlGunnerAuto,NPC_,-54619.898437,-78328.328125,5042.278809,170.0000
VerticalSpawns light Version.esp,24001126,00075345,LvlGunnerBoss,NPC_,-54493.089844,-78456.703125,5052.121094,170.0000
VerticalSpawns light Version.esp,2400113E,00093BC4,LvlSentryBot_Gunner,NPC_,-68693.882812,-28747.039062,5772.324219,186.0000
VerticalSpawns light Version.esp,2400113D,001ABE5F,LvlGunnerBoss_PowerArmorAggro1024,NPC_,-68647.328125,-28923.000000,5786.100098,186.0000
VerticalSpawns light Version.esp,24001160,001CC462,LvlGunnerShotgunAggro2048,NPC_,-69752.656250,-25920.740234,5536.158203,4.0000
VerticalSpawns light Version.esp,2400106E,001ABE5E,LvlGunnerRobotAssaultronAggro1024,NPC_,-69642.132812,-26217.380859,5055.245117,352.0000
VerticalSpawns light Version.esp,2400115E,0015D4D3,LvlGunnerAutoAggro1024,NPC_,-69449.539062,-25745.009766,5518.991211,4.0000
VerticalSpawns light Version.esp,2400115D,001CC45A,LvlGunnerAutoAggro2048,NPC_,-69274.437500,-25791.900391,5524.187988,4.0000
VerticalSpawns light Version.esp,2400115C,001C64A6,LvlGunnerBossAggro1024,NPC_,-69148.906250,-25915.599609,5537.507812,4.0000
VerticalSpawns light Version.esp,24001140,000DE968,LvlGunnerMissileLauncher,NPC_,-68997.031250,-28563.589844,5741.313965,181.0000
VerticalSpawns light Version.esp,2400113F,000DE965,LvlGunnerAuto,NPC_,-68821.882812,-28608.960937,5745.270996,185.0000
VerticalSpawns light Version.esp,2400106C,00075345,LvlGunnerBoss,NPC_,-69333.156250,-26393.390625,5080.690918,356.0000
VerticalSpawns light Version.esp,2400107C,001CC45D,LvlGunnerMeleeAggro2048,NPC_,-69711.992188,-13137.400391,4539.483887,359.0000
VerticalSpawns light Version.esp,2400107A,001CC460,LvlGunnerRobotAssaultronAggro2048,NPC_,-69411.796875,-12961.719727,4525.853027,359.0000
VerticalSpawns light Version.esp,24001079,000DE965,LvlGunnerAuto,NPC_,-69236.773438,-13008.570312,4527.449219,359.0000
VerticalSpawns light Version.esp,24001074,0015D4D3,LvlGunnerAutoAggro1024,NPC_,-69138.757812,-15764.099609,5136.113770,1.0000
VerticalSpawns light Version.esp,24001073,001CC45A,LvlGunnerAutoAggro2048,NPC_,-68950.132812,-15791.429687,5153.112793,1.0000
VerticalSpawns light Version.esp,24001071,0004CE40,LvlGunnerBoss_PowerArmor,NPC_,-68839.250000,-16047.290039,4633.562988,1.0000
VerticalSpawns light Version.esp,24001082,0015BDD3,LvlGunnerShotgunAggro1024b,NPC_,-69791.773438,-675.968994,3458.080078,308.0000
VerticalSpawns light Version.esp,24001081,00110041,LvlGunnerMelee,NPC_,-69665.289062,-542.181213,3435.499023,297.0000
VerticalSpawns light Version.esp,24001080,001ABE5E,LvlGunnerRobotAssaultronAggro1024,NPC_,-69490.281250,-495.700012,3429.149902,288.0000
VerticalSpawns light Version.esp,2400107F,000DE965,LvlGunnerAuto,NPC_,-69315.273438,-541.267700,3429.783936,288.0000
VerticalSpawns light Version.esp,2400113A,001CC45A,LvlGunnerAutoAggro2048,NPC_,-67948.281250,-37432.171875,5872.051758,333.0000
VerticalSpawns light Version.esp,24001139,001CC45A,LvlGunnerAutoAggro2048,NPC_,-67772.750000,-37480.179688,5872.050781,333.0000
VerticalSpawns light Version.esp,24001138,00075345,LvlGunnerBoss,NPC_,-67641.859375,-37588.199219,5871.985840,333.0000
VerticalSpawns light Version.esp,24001146,001ABE5E,LvlGunnerRobotAssaultronAggro1024,NPC_,-70941.929688,-32998.789062,4450.352051,174.0000
VerticalSpawns light Version.esp,24001145,0015D4D3,LvlGunnerAutoAggro1024,NPC_,-70769.070312,-33052.761719,4467.428223,174.0000
VerticalSpawns light Version.esp,24001144,00075345,LvlGunnerBoss,NPC_,-70641.093750,-33177.250000,4482.640137,174.0000
VerticalSpawns light Version.esp,24001028,00002CE2,PatrolIdleMarker,IDLM,-17578.599609,75818.882812,5807.926758,280.0000
VerticalSpawns light Version.esp,24001027,00002CE2,PatrolIdleMarker,IDLM,-17578.599609,75818.882812,5807.926758,280.0000
VerticalSpawns light Version.esp,24001026,00002CE2,PatrolIdleMarker,IDLM,-15462.629883,76123.148438,5807.953125,91.0000
VerticalSpawns light Version.esp,24001025,00002CE2,PatrolIdleMarker,IDLM,-13355.110352,76726.382812,5807.937012,62.0000
VerticalSpawns light Version.esp,24001024,00002CE2,PatrolIdleMarker,IDLM,-11488.549805,78223.757812,5807.926758,50.0000
VerticalSpawns light Version.esp,24001023,00002CE2,PatrolIdleMarker,IDLM,-12450.500000,78414.703125,5823.601074,243.0000
VerticalSpawns light Version.esp,24001022,00002CE2,PatrolIdleMarker,IDLM,-13800.259766,77313.328125,5807.936035,244.0000
VerticalSpawns light Version.esp,24001021,00002CE2,PatrolIdleMarker,IDLM,-15389.799805,76781.726562,5807.948242,251.0000
VerticalSpawns light Version.esp,24001020,00002CE2,PatrolIdleMarker,IDLM,-11715.450195,77854.492188,5295.966797,227.0000
VerticalSpawns light Version.esp,2400101F,00002CE2,PatrolIdleMarker,IDLM,-11715.450195,77854.492188,5295.966797,227.0000
VerticalSpawns light Version.esp,2400101E,00002CE2,PatrolIdleMarker,IDLM,-12765.309570,77103.312500,5296.023926,251.0000
VerticalSpawns light Version.esp,2400101D,00002CE2,PatrolIdleMarker,IDLM,-12914.379883,77807.859375,5295.941895,281.0000
VerticalSpawns light Version.esp,2400101C,00002CE2,PatrolIdleMarker,IDLM,-10004.410156,79786.750000,4168.020996,43.0000
VerticalSpawns light Version.esp,2400101B,00002CE2,PatrolIdleMarker,IDLM,60679.179687,98927.968750,3375.933105,20.0000
VerticalSpawns light Version.esp,2400101A,00002CE2,PatrolIdleMarker,IDLM,60679.179687,98927.968750,3375.933105,20.0000
VerticalSpawns light Version.esp,24001019,00002CE2,PatrolIdleMarker,IDLM,61733.519531,100968.296875,3375.943115,39.0000
VerticalSpawns light Version.esp,24001018,00002CE2,PatrolIdleMarker,IDLM,59708.878906,98240.226562,3375.961914,359.0000
VerticalSpawns light Version.esp,24001017,00002CE2,PatrolIdleMarker,IDLM,60115.378906,99987.039062,3375.987061,329.0000
VerticalSpawns light Version.esp,24001016,00002CE2,PatrolIdleMarker,IDLM,61444.218750,101907.601562,3375.976074,48.0000
VerticalSpawns light Version.esp,24001015,00002CE2,PatrolIdleMarker,IDLM,63307.109375,103590.000000,3375.962891,48.0000
VerticalSpawns light Version.esp,24001014,00002CE2,PatrolIdleMarker,IDLM,60299.679687,100007.398438,3375.934082,203.0000
VerticalSpawns light Version.esp,24001013,00002CE2,PatrolIdleMarker,IDLM,60284.261719,97107.703125,3375.955078,100.0000
VerticalSpawns light Version.esp,24001012,00002CE2,PatrolIdleMarker,IDLM,60665.460937,98848.296875,2863.975098,20.0000
VerticalSpawns light Version.esp,24001011,00002CE2,PatrolIdleMarker,IDLM,60665.460937,98848.296875,2863.975098,20.0000
VerticalSpawns light Version.esp,24001010,00002CE2,PatrolIdleMarker,IDLM,61496.449219,100659.796875,2864.103027,39.0000
VerticalSpawns light Version.esp,2400100F,00002CE2,PatrolIdleMarker,IDLM,63197.710937,102365.703125,2832.849121,38.0000
VerticalSpawns light Version.esp,2400100E,00002CE2,PatrolIdleMarker,IDLM,63961.441406,103240.398437,2657.408936,24.0000
VerticalSpawns light Version.esp,2400100D,00002CE2,PatrolIdleMarker,IDLM,62917.468750,103085.000000,2814.844971,232.0000
VerticalSpawns light Version.esp,2400100C,00002CE2,PatrolIdleMarker,IDLM,61102.328125,101316.203125,2866.709961,232.0000
VerticalSpawns light Version.esp,2400100B,00002CE2,PatrolIdleMarker,IDLM,60473.160156,99760.843750,2863.965088,198.0000
VerticalSpawns light Version.esp,2400100A,00002CE2,PatrolIdleMarker,IDLM,59931.988281,98328.210938,2863.968994,198.0000
VerticalSpawns light Version.esp,24001009,00002CE2,PatrolIdleMarker,IDLM,59924.648437,93225.812500,2779.045898,1.0000
VerticalSpawns light Version.esp,24001008,00002CE2,PatrolIdleMarker,IDLM,59924.648437,93225.812500,2779.045898,1.0000
VerticalSpawns light Version.esp,24001007,00002CE2,PatrolIdleMarker,IDLM,59874.640625,95079.101562,2740.856934,354.0000
VerticalSpawns light Version.esp,24001006,00002CE2,PatrolIdleMarker,IDLM,60056.980469,96081.132812,2774.492920,10.0000
VerticalSpawns light Version.esp,24001005,00002CE2,PatrolIdleMarker,IDLM,59348.179687,94266.968750,2667.707031,180.0000
VerticalSpawns light Version.esp,24001004,00002CE2,PatrolIdleMarker,IDLM,59081.468750,92415.546875,2819.361084,193.0000
VerticalSpawns light Version.esp,24001003,00002CE2,PatrolIdleMarker,IDLM,59295.269531,91326.578125,2882.044922,125.0000
VerticalSpawns light Version.esp,24001002,00002CE2,PatrolIdleMarker,IDLM,59835.039062,91480.789062,2878.342041,7.0000
VerticalSpawns light Version.esp,24001001,00002CE2,PatrolIdleMarker,IDLM,59996.031250,82888.367188,2867.895020,183.0000
VerticalSpawns light Version.esp,24001000,00002CE2,PatrolIdleMarker,IDLM,59996.031250,82888.367188,2867.895020,183.0000
VerticalSpawns light Version.esp,24000FFF,00002CE2,PatrolIdleMarker,IDLM,59833.351562,82134.382812,2867.750000,177.0000
VerticalSpawns light Version.esp,24000FFE,00002CE2,PatrolIdleMarker,IDLM,59890.699219,84289.390625,2867.791992,0.0000
VerticalSpawns light Version.esp,24000FFD,00002CE2,PatrolIdleMarker,IDLM,59934.289062,85616.562500,2867.791992,0.0000
VerticalSpawns light Version.esp,24000FFC,00002CE2,PatrolIdleMarker,IDLM,60574.601562,88588.062500,2867.758057,4.0000
VerticalSpawns light Version.esp,24000FFB,00002CE2,PatrolIdleMarker,IDLM,59965.589844,86768.226562,2867.791992,6.0000
VerticalSpawns light Version.esp,24000FFA,00002CE2,PatrolIdleMarker,IDLM,59740.960937,89760.742188,2867.791992,7.0000
VerticalSpawns light Version.esp,24000FF9,00002CE2,PatrolIdleMarker,IDLM,59152.421875,88339.226562,2867.793945,180.0000
VerticalSpawns light Version.esp,24000FF8,00002CE2,PatrolIdleMarker,IDLM,59327.230469,86623.007812,2867.791992,180.0000
VerticalSpawns light Version.esp,24000FF7,00002CE2,PatrolIdleMarker,IDLM,59167.578125,84354.429688,2867.791992,180.0000
VerticalSpawns light Version.esp,24000FF6,00002CE2,PatrolIdleMarker,IDLM,58819.511719,55795.238281,2022.220947,14.0000
VerticalSpawns light Version.esp,24000FF5,00002CE2,PatrolIdleMarker,IDLM,58819.511719,55795.238281,2022.220947,14.0000
VerticalSpawns light Version.esp,24000FF4,00002CE2,PatrolIdleMarker,IDLM,58495.320312,57003.570312,1827.197998,3.0000
VerticalSpawns light Version.esp,24000FF3,00002CE2,PatrolIdleMarker,IDLM,59030.109375,57873.171875,1932.781006,8.0000
VerticalSpawns light Version.esp,24000FF2,00002CE2,PatrolIdleMarker,IDLM,59421.789062,59428.691406,1942.495972,15.0000
VerticalSpawns light Version.esp,24000FF1,00002CE2,PatrolIdleMarker,IDLM,60082.238281,61331.171875,2054.868896,18.0000
VerticalSpawns light Version.esp,24000FF0,00002CE2,PatrolIdleMarker,IDLM,59830.839844,61148.218750,2054.877930,196.0000
VerticalSpawns light Version.esp,24000FEF,00002CE2,PatrolIdleMarker,IDLM,59043.250000,59370.410156,1936.006958,196.0000
VerticalSpawns light Version.esp,24000FEE,00002CE2,PatrolIdleMarker,IDLM,58875.691406,57882.171875,1966.253052,196.0000
VerticalSpawns light Version.esp,24000FED,00002CE2,PatrolIdleMarker,IDLM,57874.480469,54512.609375,2054.868896,196.0000
VerticalSpawns light Version.esp,24000FEC,00002CE2,PatrolIdleMarker,IDLM,52695.980469,27777.529297,2204.732910,42.0000
VerticalSpawns light Version.esp,24000FEB,00002CE2,PatrolIdleMarker,IDLM,52695.980469,27777.529297,2204.732910,42.0000
VerticalSpawns light Version.esp,24000FEA,00002CE2,PatrolIdleMarker,IDLM,53780.820312,29172.849609,2214.000977,39.0000
VerticalSpawns light Version.esp,24000FE9,00002CE2,PatrolIdleMarker,IDLM,54895.738281,31097.220703,2214.023926,23.0000
VerticalSpawns light Version.esp,24000FE8,00002CE2,PatrolIdleMarker,IDLM,55395.878906,32751.910156,2214.027100,10.0000
VerticalSpawns light Version.esp,24000FE7,00002CE2,PatrolIdleMarker,IDLM,54805.109375,32343.800781,2214.122070,200.0000
VerticalSpawns light Version.esp,24000FE6,00002CE2,PatrolIdleMarker,IDLM,54052.480469,30269.009766,2214.047119,213.0000
VerticalSpawns light Version.esp,24000FE5,00002CE2,PatrolIdleMarker,IDLM,49526.359375,12091.269531,1719.375000,358.0000
VerticalSpawns light Version.esp,24000FE4,00002CE2,PatrolIdleMarker,IDLM,49526.359375,12091.269531,1719.375000,358.0000
VerticalSpawns light Version.esp,24000FE3,00002CE2,PatrolIdleMarker,IDLM,49020.808594,14096.849609,1798.558960,351.0000
VerticalSpawns light Version.esp,24000FE2,00002CE2,PatrolIdleMarker,IDLM,48661.699219,15074.719727,2010.771973,162.0000
VerticalSpawns light Version.esp,24000FE1,00002CE2,PatrolIdleMarker,IDLM,48573.750000,13624.030273,1855.982056,168.0000
VerticalSpawns light Version.esp,24000FE0,00002CE2,PatrolIdleMarker,IDLM,48965.679688,11526.799805,1704.588013,162.0000
VerticalSpawns light Version.esp,24000FDF,00002CE2,PatrolIdleMarker,IDLM,-323.430908,29685.150391,2151.650879,170.0000
VerticalSpawns light Version.esp,24000FDE,00002CE2,PatrolIdleMarker,IDLM,-323.430908,29685.150391,2151.650879,170.0000
VerticalSpawns light Version.esp,24000FDD,00002CE2,PatrolIdleMarker,IDLM,-346.282288,28328.070312,2151.927979,185.0000
VerticalSpawns light Version.esp,24000FDC,00002CE2,PatrolIdleMarker,IDLM,-121.424400,27131.439453,2133.702881,178.0000
VerticalSpawns light Version.esp,24000FDB,00002CE2,PatrolIdleMarker,IDLM,-15.633960,24559.779297,2133.666016,165.0000
VerticalSpawns light Version.esp,24000FDA,00002CE2,PatrolIdleMarker,IDLM,1177.635986,22009.039062,2133.642090,144.0000
VerticalSpawns light Version.esp,24000FD9,00002CE2,PatrolIdleMarker,IDLM,1262.087036,22930.660156,2133.634033,335.0000
VerticalSpawns light Version.esp,24000FD8,00002CE2,PatrolIdleMarker,IDLM,717.434326,24505.750000,2133.513916,355.0000
VerticalSpawns light Version.esp,24000FD7,00002CE2,PatrolIdleMarker,IDLM,169.445602,26165.570312,2133.728027,354.0000
VerticalSpawns light Version.esp,24000FD6,00002CE2,PatrolIdleMarker,IDLM,110.542503,27265.259766,2133.595947,309.0000
VerticalSpawns light Version.esp,24000FD5,00002CE2,PatrolIdleMarker,IDLM,404.322815,29346.449219,2151.607910,350.0000
VerticalSpawns light Version.esp,24000FD4,00002CE2,PatrolIdleMarker,IDLM,-207.511200,30607.580078,2151.704102,327.0000
VerticalSpawns light Version.esp,24000FD3,00002CE2,PatrolIdleMarker,IDLM,-3003.760010,34187.781250,2399.855957,132.0000
VerticalSpawns light Version.esp,24000FD2,00002CE2,PatrolIdleMarker,IDLM,-3003.760010,34187.781250,2399.855957,132.0000
VerticalSpawns light Version.esp,24000FD1,00002CE2,PatrolIdleMarker,IDLM,-3879.885986,35490.398438,2399.753906,304.0000
VerticalSpawns light Version.esp,24000FD0,00002CE2,PatrolIdleMarker,IDLM,-5922.988770,36235.441406,2500.490967,280.0000
VerticalSpawns light Version.esp,24000FCF,00002CE2,PatrolIdleMarker,IDLM,-7344.463867,36467.808594,2911.738037,272.0000
VerticalSpawns light Version.esp,24000FCE,00002CE2,PatrolIdleMarker,IDLM,-8061.731934,36335.339844,2911.751953,151.0000
VerticalSpawns light Version.esp,24000FCD,00002CE2,PatrolIdleMarker,IDLM,-6656.743164,36486.828125,2746.075928,89.0000
VerticalSpawns light Version.esp,24000FCC,00002CE2,PatrolIdleMarker,IDLM,-4105.087891,35482.761719,2399.747070,118.0000
VerticalSpawns light Version.esp,24000FCB,00002CE2,PatrolIdleMarker,IDLM,-13374.910156,35989.851562,3398.087891,93.0000
VerticalSpawns light Version.esp,24000FCA,00002CE2,PatrolIdleMarker,IDLM,-13374.910156,35989.851562,3398.087891,93.0000
VerticalSpawns light Version.esp,24000FC9,00002CE2,PatrolIdleMarker,IDLM,-10934.440430,35888.089844,3152.902100,89.0000
VerticalSpawns light Version.esp,24000FC8,00002CE2,PatrolIdleMarker,IDLM,-9428.888672,35755.851562,3001.812988,78.0000
VerticalSpawns light Version.esp,24000FC7,00002CE2,PatrolIdleMarker,IDLM,-7472.371094,36500.300781,2911.749023,97.0000
VerticalSpawns light Version.esp,24000FC6,00002CE2,PatrolIdleMarker,IDLM,-8406.815430,35839.570312,2911.746094,264.0000
VerticalSpawns light Version.esp,24000FC5,00002CE2,PatrolIdleMarker,IDLM,-10635.780273,35931.640625,3123.105957,286.0000
VerticalSpawns light Version.esp,24000FC4,00002CE2,PatrolIdleMarker,IDLM,-13049.059570,36636.968750,3365.075928,266.0000
VerticalSpawns light Version.esp,24000FC3,00002CE2,PatrolIdleMarker,IDLM,-15262.459961,36503.609375,3672.306885,272.0000
VerticalSpawns light Version.esp,24000FC2,00002CE2,PatrolIdleMarker,IDLM,-68981.109375,-24738.630859,5438.125977,2.0000
VerticalSpawns light Version.esp,24000FC1,00002CE2,PatrolIdleMarker,IDLM,-68981.109375,-24738.630859,5438.125977,2.0000
VerticalSpawns light Version.esp,24000FC0,00002CE2,PatrolIdleMarker,IDLM,-69262.546875,-20321.289062,5295.065918,6.0000
VerticalSpawns light Version.esp,24000FBF,00002CE2,PatrolIdleMarker,IDLM,-69307.062500,-17996.070312,5213.829102,182.0000
VerticalSpawns light Version.esp,24000FBE,00002CE2,PatrolIdleMarker,IDLM,-70079.796875,-21829.800781,5363.780762,184.0000
VerticalSpawns light Version.esp,24000FBD,00002CE2,PatrolIdleMarker,IDLM,-69664.140625,-24536.199219,5432.304199,180.0000
VerticalSpawns light Version.esp,24000FBC,00002CE2,PatrolIdleMarker,IDLM,-69833.039062,-26655.630859,5609.850098,177.0000
VerticalSpawns light Version.esp,24000FBB,00002CE2,PatrolIdleMarker,IDLM,-64869.230469,-32377.220703,4847.905762,276.0000
VerticalSpawns light Version.esp,24000FBA,00002CE2,PatrolIdleMarker,IDLM,-64869.230469,-32377.220703,4847.905762,276.0000
VerticalSpawns light Version.esp,24000FB9,00002CE2,PatrolIdleMarker,IDLM,-66860.117187,-31485.980469,4847.960938,333.0000
VerticalSpawns light Version.esp,24000FB8,00002CE2,PatrolIdleMarker,IDLM,-65362.890625,-32310.740234,4847.977051,104.0000
VerticalSpawns light Version.esp,24000FB7,00002CE2,PatrolIdleMarker,IDLM,-61803.429687,-33118.980469,4848.000000,102.0000
VerticalSpawns light Version.esp,24000FB6,00002CE2,PatrolIdleMarker,IDLM,-60691.070312,-33130.699219,4848.126953,289.0000
VerticalSpawns light Version.esp,24000FB5,00002CE2,PatrolIdleMarker,IDLM,-60137.828125,-33698.710937,4818.978027,89.0000
VerticalSpawns light Version.esp,24000FB4,00002CE2,PatrolIdleMarker,IDLM,-60137.828125,-33698.710937,4818.978027,89.0000
VerticalSpawns light Version.esp,24000FB3,00002CE2,PatrolIdleMarker,IDLM,-57521.429687,-33413.558594,4263.452148,89.0000
VerticalSpawns light Version.esp,24000FB2,00002CE2,PatrolIdleMarker,IDLM,-55597.128906,-33459.480469,4037.210937,94.0000
VerticalSpawns light Version.esp,24000FB1,00002CE2,PatrolIdleMarker,IDLM,-58835.269531,-32962.101562,4483.893066,280.0000
VerticalSpawns light Version.esp,24000FB0,00002CE2,PatrolIdleMarker,IDLM,-59765.519531,-33744.910156,4769.342773,272.0000
VerticalSpawns light Version.esp,24000FAF,00002CE2,PatrolIdleMarker,IDLM,-63342.601562,-34219.519531,4848.017090,262.0000
VerticalSpawns light Version.esp,24000FAE,00002CE2,PatrolIdleMarker,IDLM,-64880.449219,-34414.359375,4847.943848,264.0000
VerticalSpawns light Version.esp,24000FAD,00002CE2,PatrolIdleMarker,IDLM,-62846.808594,-34107.449219,4848.018066,68.0000
VerticalSpawns light Version.esp,24000FAC,00002CE2,PatrolIdleMarker,IDLM,-64898.468750,-40872.820312,5151.832031,291.0000
VerticalSpawns light Version.esp,24000FAB,00002CE2,PatrolIdleMarker,IDLM,-64898.468750,-40872.820312,5151.832031,291.0000
VerticalSpawns light Version.esp,24000FAA,00002CE2,PatrolIdleMarker,IDLM,-67110.226562,-39672.039062,5243.915039,296.0000
VerticalSpawns light Version.esp,24000FA9,00002CE2,PatrolIdleMarker,IDLM,-64738.859375,-40834.000000,5147.916016,317.0000
VerticalSpawns light Version.esp,24000FA8,00002CE2,PatrolIdleMarker,IDLM,-66822.257812,-38385.050781,5305.890137,51.0000
VerticalSpawns light Version.esp,24000FA7,00002CE2,PatrolIdleMarker,IDLM,-64974.078125,-39686.500000,5195.892090,102.0000
VerticalSpawns light Version.esp,24000FA6,00002CE2,PatrolIdleMarker,IDLM,-66036.773437,-37256.101562,5036.240234,341.0000
VerticalSpawns light Version.esp,24000FA5,00002CE2,PatrolIdleMarker,IDLM,-65906.546875,-34980.300781,4801.917969,40.0000
VerticalSpawns light Version.esp,24000FA4,00002CE2,PatrolIdleMarker,IDLM,-66023.796875,-37262.269531,5038.835938,159.0000
VerticalSpawns light Version.esp,24000FA3,00002CE2,PatrolIdleMarker,IDLM,-64327.750000,-39652.359375,5174.466797,154.0000
VerticalSpawns light Version.esp,24000FA2,00002CE2,PatrolIdleMarker,IDLM,-63275.671875,-41407.140625,5076.449219,136.0000
VerticalSpawns light Version.esp,24000FA1,00002CE2,PatrolIdleMarker,IDLM,-70496.968750,-33695.359375,4494.292969,91.0000
VerticalSpawns light Version.esp,24000FA0,00002CE2,PatrolIdleMarker,IDLM,-70496.968750,-33695.359375,4494.292969,91.0000
VerticalSpawns light Version.esp,24000F9F,00002CE2,PatrolIdleMarker,IDLM,-68346.093750,-33800.640625,4756.591797,91.0000
VerticalSpawns light Version.esp,24000F9E,00002CE2,PatrolIdleMarker,IDLM,-67030.906250,-33716.109375,4873.556152,54.0000
VerticalSpawns light Version.esp,24000F9D,00002CE2,PatrolIdleMarker,IDLM,-67034.289062,-32979.339844,4873.347168,277.0000
VerticalSpawns light Version.esp,24000F9C,00002CE2,PatrolIdleMarker,IDLM,-69845.710938,-32916.019531,4569.592773,269.0000
VerticalSpawns light Version.esp,24000F9B,00002CE2,PatrolIdleMarker,IDLM,-71434.578125,-33107.371094,4413.308105,235.0000
VerticalSpawns light Version.esp,24000F9A,00002CE2,PatrolIdleMarker,IDLM,-69129.960938,-29860.009766,5823.211914,181.0000
VerticalSpawns light Version.esp,24000F99,00002CE2,PatrolIdleMarker,IDLM,-69129.960938,-29860.009766,5823.211914,181.0000
VerticalSpawns light Version.esp,24000F98,00002CE2,PatrolIdleMarker,IDLM,-69009.710938,-32130.130859,5870.504883,186.0000
VerticalSpawns light Version.esp,24000F97,00002CE2,PatrolIdleMarker,IDLM,-68549.296875,-34879.179688,5871.959961,168.0000
VerticalSpawns light Version.esp,24000F96,00002CE2,PatrolIdleMarker,IDLM,-67017.617187,-37719.011719,5871.974121,139.0000
VerticalSpawns light Version.esp,24000F95,00002CE2,PatrolIdleMarker,IDLM,-68587.570312,-34963.328125,5871.954102,343.0000
VerticalSpawns light Version.esp,24000F94,00002CE2,PatrolIdleMarker,IDLM,-68946.859375,-31252.179687,5862.538086,0.0000
VerticalSpawns light Version.esp,24000F93,00002CE2,PatrolIdleMarker,IDLM,-68271.789062,-37116.960938,5871.768066,328.0000
VerticalSpawns light Version.esp,24000F92,00002CE2,PatrolIdleMarker,IDLM,-68271.789062,-37116.960938,5871.768066,328.0000
VerticalSpawns light Version.esp,24000F91,00002CE2,PatrolIdleMarker,IDLM,-69283.968750,-34706.250000,5871.957031,356.0000
VerticalSpawns light Version.esp,24000F90,00002CE2,PatrolIdleMarker,IDLM,-69532.328125,-32554.119141,5871.597168,5.0000
VerticalSpawns light Version.esp,24000F8F,00002CE2,PatrolIdleMarker,IDLM,-69611.148438,-28948.519531,5769.961914,1.0000
VerticalSpawns light Version.esp,24000F8E,00002CE2,PatrolIdleMarker,IDLM,-69476.687500,-32555.310547,5871.597168,168.0000
VerticalSpawns light Version.esp,24000F8D,00002CE2,PatrolIdleMarker,IDLM,-68661.523437,-36632.531250,5871.934082,148.0000
VerticalSpawns light Version.esp,24000F8C,00002CE2,PatrolIdleMarker,IDLM,-53158.589844,-90867.539062,5450.870117,183.0000
VerticalSpawns light Version.esp,24000F8B,00002CE2,PatrolIdleMarker,IDLM,-53158.589844,-90867.539062,5450.870117,183.0000
VerticalSpawns light Version.esp,24000F8A,00002CE2,PatrolIdleMarker,IDLM,-52642.320312,-92688.703125,5299.574219,194.0000
VerticalSpawns light Version.esp,24000F89,00002CE2,PatrolIdleMarker,IDLM,-53822.449219,-94951.046875,5324.924805,202.0000
VerticalSpawns light Version.esp,24000F88,00002CE2,PatrolIdleMarker,IDLM,-51645.410156,-93425.773438,5219.499023,10.0000
VerticalSpawns light Version.esp,24000F87,00002CE2,PatrolIdleMarker,IDLM,-51303.128906,-88500.882812,5302.662109,308.0000
VerticalSpawns light Version.esp,24000F86,00002CE2,PatrolIdleMarker,IDLM,-52736.269531,-89852.906250,5367.774902,357.0000
VerticalSpawns light Version.esp,24000F85,00002CE2,PatrolIdleMarker,IDLM,-53055.679687,-86784.859375,5449.475098,346.0000
VerticalSpawns light Version.esp,24000F84,00002CE2,PatrolIdleMarker,IDLM,-53631.328125,-83911.773438,4917.493164,137.0000
VerticalSpawns light Version.esp,24000F83,00002CE2,PatrolIdleMarker,IDLM,-53631.328125,-83911.773438,4917.493164,137.0000
VerticalSpawns light Version.esp,24000F82,00002CE2,PatrolIdleMarker,IDLM,-54207.511719,-81097.398438,4734.178223,350.0000
VerticalSpawns light Version.esp,24000F81,00002CE2,PatrolIdleMarker,IDLM,-54583.000000,-79745.140625,4639.024902,161.0000
VerticalSpawns light Version.esp,24000F80,00002CE2,PatrolIdleMarker,IDLM,-53554.750000,-83970.429688,4919.222168,196.0000
VerticalSpawns light Version.esp,24000F7F,00002CE2,PatrolIdleMarker,IDLM,-54533.851562,-79656.046875,5141.051758,169.0000
VerticalSpawns light Version.esp,24000F7E,00002CE2,PatrolIdleMarker,IDLM,-54533.851562,-79656.046875,5141.051758,169.0000
VerticalSpawns light Version.esp,24000F7D,00002CE2,PatrolIdleMarker,IDLM,-53641.039062,-82582.156250,5334.996094,168.0000
VerticalSpawns light Version.esp,24000F7C,00002CE2,PatrolIdleMarker,IDLM,-52430.460937,-84915.078125,5525.483887,123.0000
VerticalSpawns light Version.esp,24000F7B,00002CE2,PatrolIdleMarker,IDLM,-53573.128906,-82870.382812,5353.125000,346.0000
VerticalSpawns light Version.esp,24000F7A,00002CE2,PatrolIdleMarker,IDLM,-54477.398437,-79909.101562,5160.473145,346.0000
VerticalSpawns light Version.esp,24000F79,00002CE2,PatrolIdleMarker,IDLM,29059.830078,-83858.601562,2498.970947,111.0000
VerticalSpawns light Version.esp,24000F78,00002CE2,PatrolIdleMarker,IDLM,29059.830078,-83858.601562,2498.970947,111.0000
VerticalSpawns light Version.esp,24000F77,00002CE2,PatrolIdleMarker,IDLM,31924.400391,-85400.929688,2738.040039,139.0000
VerticalSpawns light Version.esp,24000F76,00002CE2,PatrolIdleMarker,IDLM,33915.339844,-86328.640625,2925.556885,157.0000
VerticalSpawns light Version.esp,24000F75,00002CE2,PatrolIdleMarker,IDLM,31435.240234,-84130.132812,2660.647949,305.0000
VerticalSpawns light Version.esp,24000F74,00002CE2,PatrolIdleMarker,IDLM,28061.820312,-83603.156250,2498.813965,273.0000
VerticalSpawns light Version.esp,24000F73,00002CE2,PatrolIdleMarker,IDLM,25328.439453,-83069.000000,2496.852051,292.0000
VerticalSpawns light Version.esp,24000F72,00002CE2,PatrolIdleMarker,IDLM,20531.669922,-79353.406250,2395.916992,326.0000
VerticalSpawns light Version.esp,24000F71,00002CE2,PatrolIdleMarker,IDLM,26631.619141,-83462.750000,2510.833008,100.0000
VerticalSpawns light Version.esp,24000F70,00002CE2,PatrolIdleMarker,IDLM,21605.910156,-80881.671875,1984.911011,133.0000
VerticalSpawns light Version.esp,24000F6F,00002CE2,PatrolIdleMarker,IDLM,21605.910156,-80881.671875,1984.911011,133.0000
VerticalSpawns light Version.esp,24000F6E,00002CE2,PatrolIdleMarker,IDLM,26039.570312,-83435.210938,1956.150024,113.0000
VerticalSpawns light Version.esp,24000F6D,00002CE2,PatrolIdleMarker,IDLM,28421.519531,-84159.601562,1987.156006,115.0000
VerticalSpawns light Version.esp,24000F6C,00002CE2,PatrolIdleMarker,IDLM,27115.410156,-83580.703125,1986.987061,271.0000
VerticalSpawns light Version.esp,24000F6B,00002CE2,PatrolIdleMarker,IDLM,22375.890625,-81459.507812,1984.849976,313.0000
VerticalSpawns light Version.esp,24000F6A,00002CE2,PatrolIdleMarker,IDLM,20523.619141,-79437.671875,1856.458984,327.0000
VerticalSpawns light Version.esp,24000F69,00002CE2,PatrolIdleMarker,IDLM,16169.349609,-70320.796875,1839.860962,177.0000
VerticalSpawns light Version.esp,24000F68,00002CE2,PatrolIdleMarker,IDLM,16169.349609,-70320.796875,1839.860962,177.0000
VerticalSpawns light Version.esp,24000F67,00002CE2,PatrolIdleMarker,IDLM,17040.240234,-75560.203125,1839.988037,140.0000
VerticalSpawns light Version.esp,24000F66,00002CE2,PatrolIdleMarker,IDLM,16741.839844,-72735.750000,1840.112061,4.0000
VerticalSpawns light Version.esp,24000F65,00002CE2,PatrolIdleMarker,IDLM,16911.919922,-70310.046875,1839.860962,1.0000
VerticalSpawns light Version.esp,24000F64,00002CE2,PatrolIdleMarker,IDLM,20811.859375,-34492.941406,1903.734985,183.0000
VerticalSpawns light Version.esp,24000F63,00002CE2,PatrolIdleMarker,IDLM,20811.859375,-34492.941406,1903.734985,183.0000
VerticalSpawns light Version.esp,24000F62,00002CE2,PatrolIdleMarker,IDLM,19942.560547,-37474.511719,2169.185059,186.0000
VerticalSpawns light Version.esp,24000F61,00002CE2,PatrolIdleMarker,IDLM,19953.810547,-42098.101562,2415.960938,181.0000
VerticalSpawns light Version.esp,24000F60,00002CE2,PatrolIdleMarker,IDLM,19995.689453,-38597.031250,2415.937012,10.0000
VerticalSpawns light Version.esp,24000F5F,00002CE2,PatrolIdleMarker,IDLM,20039.039062,-34060.191406,1904.140991,13.0000
VerticalSpawns light Version.esp,24000F5E,00002CE2,PatrolIdleMarker,IDLM,20165.109375,-27494.849609,2657.160889,185.0000
VerticalSpawns light Version.esp,24000F5D,00002CE2,PatrolIdleMarker,IDLM,20165.109375,-27494.849609,2657.160889,185.0000
VerticalSpawns light Version.esp,24000F5C,00002CE2,PatrolIdleMarker,IDLM,20070.470703,-31920.230469,2388.143066,185.0000
VerticalSpawns light Version.esp,24000F5B,00002CE2,PatrolIdleMarker,IDLM,20906.800781,-29200.240234,2486.077881,2.0000
VerticalSpawns light Version.esp,24000F5A,00002CE2,PatrolIdleMarker,IDLM,21124.609375,-15678.169922,3118.833008,208.0000
VerticalSpawns light Version.esp,24000F59,00002CE2,PatrolIdleMarker,IDLM,21124.609375,-15678.169922,3118.833008,208.0000
VerticalSpawns light Version.esp,24000F58,00002CE2,PatrolIdleMarker,IDLM,20771.740234,-18709.289062,3118.472900,186.0000
VerticalSpawns light Version.esp,24000F57,00002CE2,PatrolIdleMarker,IDLM,20096.689453,-23313.390625,2566.022949,180.0000
VerticalSpawns light Version.esp,24000F56,00002CE2,PatrolIdleMarker,IDLM,19704.609375,-27653.880859,2126.683105,197.0000
VerticalSpawns light Version.esp,24000F55,00002CE2,PatrolIdleMarker,IDLM,18415.980469,-31104.419922,1484.762939,243.0000
VerticalSpawns light Version.esp,24000F54,00002CE2,PatrolIdleMarker,IDLM,20098.050781,-24535.070312,2439.569092,8.0000
VerticalSpawns light Version.esp,24000F53,00002CE2,PatrolIdleMarker,IDLM,20828.949219,-19542.050781,3103.897949,0.0000
VerticalSpawns light Version.esp,24000F52,00002CE2,PatrolIdleMarker,IDLM,18959.330078,5082.248047,2941.541016,130.0000
VerticalSpawns light Version.esp,24000F51,00002CE2,PatrolIdleMarker,IDLM,18959.330078,5082.248047,2941.541016,130.0000
VerticalSpawns light Version.esp,24000F50,00002CE2,PatrolIdleMarker,IDLM,20804.189453,2708.825928,3087.211914,139.0000
VerticalSpawns light Version.esp,24000F4F,00002CE2,PatrolIdleMarker,IDLM,24218.570312,-1336.442017,3143.955078,155.0000
VerticalSpawns light Version.esp,24000F4E,00002CE2,PatrolIdleMarker,IDLM,25023.810547,-5048.276855,2995.274902,191.0000
VerticalSpawns light Version.esp,24000F4D,00002CE2,PatrolIdleMarker,IDLM,24446.089844,-3574.074951,3151.329102,358.0000
VerticalSpawns light Version.esp,24000F4C,00002CE2,PatrolIdleMarker,IDLM,21698.480469,1675.046997,3158.236084,311.0000
VerticalSpawns light Version.esp,24000F4B,00002CE2,PatrolIdleMarker,IDLM,20411.609375,4046.544922,3025.664062,317.0000
VerticalSpawns light Version.esp,24000F4A,00002CE2,PatrolIdleMarker,IDLM,19069.439453,5008.256836,2951.331055,315.0000
VerticalSpawns light Version.esp,24000F49,00002CE2,PatrolIdleMarker,IDLM,10828.330078,12827.469727,2160.155029,140.0000
VerticalSpawns light Version.esp,24000F48,00002CE2,PatrolIdleMarker,IDLM,10828.330078,12827.469727,2160.155029,140.0000
VerticalSpawns light Version.esp,24000F47,00002CE2,PatrolIdleMarker,IDLM,13617.269531,9836.068359,2460.618896,141.0000
VerticalSpawns light Version.esp,24000F46,00002CE2,PatrolIdleMarker,IDLM,15604.360352,7899.028809,2665.549072,140.0000
VerticalSpawns light Version.esp,24000F45,00002CE2,PatrolIdleMarker,IDLM,11978.929688,11363.690430,2294.918945,310.0000
VerticalSpawns light Version.esp,24000F44,00002CE2,PatrolIdleMarker,IDLM,10706.769531,12994.349609,2145.320068,320.0000
VerticalSpawns light Version.esp,24000F43,00002CE2,PatrolIdleMarker,IDLM,-26085.789062,35855.000000,4366.315918,94.0000
VerticalSpawns light Version.esp,24000F42,00002CE2,PatrolIdleMarker,IDLM,-26085.789062,35855.000000,4366.315918,94.0000
VerticalSpawns light Version.esp,24000F41,00002CE2,PatrolIdleMarker,IDLM,-18846.580078,35826.300781,3681.009033,92.0000
VerticalSpawns light Version.esp,24000F40,00002CE2,PatrolIdleMarker,IDLM,-13705.910156,35973.308594,2916.503906,91.0000
VerticalSpawns light Version.esp,24000F3F,00002CE2,PatrolIdleMarker,IDLM,-7284.892090,35880.929688,2399.688965,154.0000
VerticalSpawns light Version.esp,24000F3E,00002CE2,PatrolIdleMarker,IDLM,-11733.849609,36922.390625,2718.513916,267.0000
VerticalSpawns light Version.esp,24000F3D,00002CE2,PatrolIdleMarker,IDLM,-16557.470703,36468.050781,3413.032959,271.0000
VerticalSpawns light Version.esp,24000F3C,00002CE2,PatrolIdleMarker,IDLM,-23327.699219,36554.390625,4136.475098,270.0000
VerticalSpawns light Version.esp,24000F3B,00002CE2,PatrolIdleMarker,IDLM,-59279.609375,31595.359375,5462.712891,38.0000
VerticalSpawns light Version.esp,24000F3A,00002CE2,PatrolIdleMarker,IDLM,-59279.609375,31595.359375,5462.712891,38.0000
VerticalSpawns light Version.esp,24000F39,00002CE2,PatrolIdleMarker,IDLM,-59177.441406,34026.761719,6061.741211,338.0000
VerticalSpawns light Version.esp,24000F38,00002CE2,PatrolIdleMarker,IDLM,-62380.488281,35961.019531,6137.696777,284.0000
VerticalSpawns light Version.esp,24000F37,00002CE2,PatrolIdleMarker,IDLM,-67377.203125,36814.000000,6137.777832,288.0000
VerticalSpawns light Version.esp,24000F36,00002CE2,PatrolIdleMarker,IDLM,-60255.660156,35347.148438,6137.758789,149.0000
VerticalSpawns light Version.esp,24000F35,00002CE2,PatrolIdleMarker,IDLM,-67011.953125,37412.218750,6137.778809,295.0000
VerticalSpawns light Version.esp,24000F34,00002CE2,PatrolIdleMarker,IDLM,-67011.953125,37412.218750,6137.778809,295.0000
VerticalSpawns light Version.esp,24000F33,00002CE2,PatrolIdleMarker,IDLM,-61762.601562,37132.199219,6137.767090,93.0000
VerticalSpawns light Version.esp,24000F32,00002CE2,PatrolIdleMarker,IDLM,-63424.269531,37668.710938,6137.771973,87.0000
VerticalSpawns light Version.esp,24000F31,00002CE2,PatrolIdleMarker,IDLM,-59469.250000,38656.429688,6137.728027,42.0000
VerticalSpawns light Version.esp,24000F30,00002CE2,PatrolIdleMarker,IDLM,-58462.941406,40925.351562,5830.039062,8.0000
VerticalSpawns light Version.esp,24000F2F,00002CE2,PatrolIdleMarker,IDLM,-59049.500000,44902.171875,5099.407227,334.0000
VerticalSpawns light Version.esp,24000F2E,00002CE2,PatrolIdleMarker,IDLM,-58869.191406,39512.511719,6052.568848,209.0000
VerticalSpawns light Version.esp,24000F2D,00002CE2,PatrolIdleMarker,IDLM,-63507.480469,37677.941406,6137.770996,254.0000
VerticalSpawns light Version.esp,24000F2C,00002CE2,PatrolIdleMarker,IDLM,-83440.070312,30055.470703,7128.925781,232.0000
VerticalSpawns light Version.esp,24000F2B,00002CE2,PatrolIdleMarker,IDLM,-83440.070312,30055.470703,7128.925781,232.0000
VerticalSpawns light Version.esp,24000F2A,00002CE2,PatrolIdleMarker,IDLM,-86642.882812,28036.230469,7145.382812,245.0000
VerticalSpawns light Version.esp,24000F29,00002CE2,PatrolIdleMarker,IDLM,-91888.406250,25949.419922,7633.080078,254.0000
VerticalSpawns light Version.esp,24000F28,00002CE2,PatrolIdleMarker,IDLM,-84430.273438,29329.330078,7145.396973,59.0000
VerticalSpawns light Version.esp,24000F27,00002CE2,PatrolIdleMarker,IDLM,-80218.812500,32719.949219,6685.241211,61.0000
VerticalSpawns light Version.esp,24000F26,00002CE2,PatrolIdleMarker,IDLM,-83761.601562,29681.699219,7151.165039,226.0000
VerticalSpawns light Version.esp,24000F25,00002CE2,PatrolIdleMarker,IDLM,-83761.601562,29681.699219,7151.165039,226.0000
VerticalSpawns light Version.esp,24000F24,00002CE2,PatrolIdleMarker,IDLM,-85014.406250,28850.519531,7145.384766,258.0000
VerticalSpawns light Version.esp,24000F23,00002CE2,PatrolIdleMarker,IDLM,-85662.453125,28740.019531,7145.393066,234.0000
VerticalSpawns light Version.esp,24000F22,00002CE2,PatrolIdleMarker,IDLM,-86287.468750,28105.500000,7145.384766,241.0000
VerticalSpawns light Version.esp,24000F21,00002CE2,PatrolIdleMarker,IDLM,-87736.500000,27275.820312,7179.363770,241.0000
VerticalSpawns light Version.esp,24000F20,00002CE2,PatrolIdleMarker,IDLM,-89306.273438,26413.470703,7357.981934,241.0000
VerticalSpawns light Version.esp,24000F1F,00002CE2,PatrolIdleMarker,IDLM,-90851.539062,25617.060547,7568.817871,240.0000
VerticalSpawns light Version.esp,24000F1E,00002CE2,PatrolIdleMarker,IDLM,-91778.460938,25182.900391,7649.105957,247.0000
VerticalSpawns light Version.esp,24000F1D,00002CE2,PatrolIdleMarker,IDLM,-90504.609375,25834.820312,7524.020996,62.0000
VerticalSpawns light Version.esp,24000F1C,00002CE2,PatrolIdleMarker,IDLM,-88903.632812,26684.359375,7299.918945,62.0000
VerticalSpawns light Version.esp,24000F1B,00002CE2,PatrolIdleMarker,IDLM,-87625.976562,27358.289062,7172.396973,62.0000
VerticalSpawns light Version.esp,24000F1A,00002CE2,PatrolIdleMarker,IDLM,-85989.203125,28321.410156,7145.386230,47.0000
VerticalSpawns light Version.esp,24000F19,00002CE2,PatrolIdleMarker,IDLM,-85523.617188,28808.529297,7145.372070,65.0000
VerticalSpawns light Version.esp,24000F18,00002CE2,PatrolIdleMarker,IDLM,-84589.773438,29167.490234,7145.382812,50.0000
VerticalSpawns light Version.esp,24000F17,00002CE2,PatrolIdleMarker,IDLM,-82998.109375,30376.599609,7089.184082,52.0000
VerticalSpawns light Version.esp,24000F16,00002CE2,PatrolIdleMarker,IDLM,-75371.906250,36455.648438,6185.514160,237.0000
VerticalSpawns light Version.esp,24000F15,00002CE2,PatrolIdleMarker,IDLM,-75371.906250,36455.648438,6185.514160,237.0000
VerticalSpawns light Version.esp,24000F14,00002CE2,PatrolIdleMarker,IDLM,-76500.117188,35860.339844,6227.905762,239.0000
VerticalSpawns light Version.esp,24000F13,00002CE2,PatrolIdleMarker,IDLM,-77283.953125,35345.000000,6253.248047,239.0000
VerticalSpawns light Version.esp,24000F12,00002CE2,PatrolIdleMarker,IDLM,-76242.601562,36068.761719,6216.352051,59.0000
VerticalSpawns light Version.esp,24000F11,00002CE2,PatrolIdleMarker,IDLM,-75004.187500,36493.851562,6172.527832,75.0000
VerticalSpawns light Version.esp,24000F10,00002CE2,PatrolIdleMarker,IDLM,-73384.281250,36933.968750,6114.667969,64.0000
VerticalSpawns light Version.esp,24000F0F,00002CE2,PatrolIdleMarker,IDLM,-71975.632812,37583.480469,6064.632812,66.0000
VerticalSpawns light Version.esp,24000F0E,00002CE2,PatrolIdleMarker,IDLM,-73539.226562,36889.800781,6120.184082,245.0000
VerticalSpawns light Version.esp,24000F0D,00002CE2,PatrolIdleMarker,IDLM,-55822.960937,36514.179688,5988.592773,84.0000
VerticalSpawns light Version.esp,24000F0C,00002CE2,PatrolIdleMarker,IDLM,-55822.960937,36514.179688,5988.592773,84.0000
VerticalSpawns light Version.esp,24000F0B,00002CE2,PatrolIdleMarker,IDLM,-54588.300781,36736.941406,5808.733887,75.0000
VerticalSpawns light Version.esp,24000F0A,00002CE2,PatrolIdleMarker,IDLM,-53172.050781,37057.238281,5992.820801,84.0000
VerticalSpawns light Version.esp,24000F09,00002CE2,PatrolIdleMarker,IDLM,-52467.089844,37090.980469,6100.067871,91.0000
VerticalSpawns light Version.esp,24000F08,00002CE2,PatrolIdleMarker,IDLM,-50555.640625,36979.160156,6113.125000,91.0000
VerticalSpawns light Version.esp,24000F07,00002CE2,PatrolIdleMarker,IDLM,-52102.128906,37103.128906,6112.654785,272.0000
VerticalSpawns light Version.esp,24000F06,00002CE2,PatrolIdleMarker,IDLM,-52636.730469,37076.449219,6092.474121,265.0000
VerticalSpawns light Version.esp,24000F05,00002CE2,PatrolIdleMarker,IDLM,-54087.011719,36815.308594,5827.871094,262.0000
VerticalSpawns light Version.esp,24000F04,00002CE2,PatrolIdleMarker,IDLM,-55547.480469,36603.089844,5926.253906,264.0000
VerticalSpawns light Version.esp,24000F03,00002CE2,PatrolIdleMarker,IDLM,-57412.089844,36302.750000,6116.689941,264.0000
VerticalSpawns light Version.esp,24000F02,00002CE2,PatrolIdleMarker,IDLM,-14141.179687,104246.000000,4974.423828,352.0000
VerticalSpawns light Version.esp,24000F01,00002CE2,PatrolIdleMarker,IDLM,-14141.179687,104246.000000,4974.423828,352.0000
VerticalSpawns light Version.esp,24000F00,00002CE2,PatrolIdleMarker,IDLM,-14385.200195,105536.101562,4974.423828,354.0000
VerticalSpawns light Version.esp,24000EFF,00002CE2,PatrolIdleMarker,IDLM,-14367.750000,106962.296875,4955.870117,8.0000
VerticalSpawns light Version.esp,24000EFE,00002CE2,PatrolIdleMarker,IDLM,-14207.290039,108240.703125,4832.654785,174.0000
VerticalSpawns light Version.esp,24000EFD,00002CE2,PatrolIdleMarker,IDLM,-14373.580078,106608.000000,4969.269043,181.0000
VerticalSpawns light Version.esp,24000EFC,00002CE2,PatrolIdleMarker,IDLM,-14285.820312,105098.796875,4974.423828,167.0000
VerticalSpawns light Version.esp,24000EFB,00002CE2,PatrolIdleMarker,IDLM,-14091.290039,103525.703125,4974.616211,184.0000
VerticalSpawns light Version.esp,24000EFA,00002CE2,PatrolIdleMarker,IDLM,-14403.650391,100979.296875,4972.725098,178.0000
VerticalSpawns light Version.esp,24000EF9,00002CE2,PatrolIdleMarker,IDLM,-14374.549805,98755.773438,4924.099121,178.0000
VerticalSpawns light Version.esp,24000EF8,00002CE2,PatrolIdleMarker,IDLM,-9769.730469,89584.218750,5177.338867,151.0000
VerticalSpawns light Version.esp,24000EF7,00002CE2,PatrolIdleMarker,IDLM,-9769.730469,89584.218750,5177.338867,151.0000
VerticalSpawns light Version.esp,24000EF6,00002CE2,PatrolIdleMarker,IDLM,-9213.819336,88409.617188,5177.327148,167.0000
VerticalSpawns light Version.esp,24000EF5,00002CE2,PatrolIdleMarker,IDLM,-8826.643555,87186.593750,5181.116211,174.0000
VerticalSpawns light Version.esp,24000EF4,00002CE2,PatrolIdleMarker,IDLM,-8910.363281,85373.492188,5173.462891,183.0000
VerticalSpawns light Version.esp,24000EF3,00002CE2,PatrolIdleMarker,IDLM,-9140.903320,83429.078125,4984.812988,192.0000
VerticalSpawns light Version.esp,24000EF2,00002CE2,PatrolIdleMarker,IDLM,-8884.403320,85179.929688,5169.187012,10.0000
VerticalSpawns light Version.esp,24000EF1,00002CE2,PatrolIdleMarker,IDLM,-8736.162109,86525.718750,5177.125000,355.0000
VerticalSpawns light Version.esp,24000EF0,00002CE2,PatrolIdleMarker,IDLM,-9072.649414,87434.500000,5177.333008,338.0000
VerticalSpawns light Version.esp,24000EEF,00002CE2,PatrolIdleMarker,IDLM,-9376.295898,88993.781250,5177.329102,352.0000
VerticalSpawns light Version.esp,24000EEE,00002CE2,PatrolIdleMarker,IDLM,-10310.160156,90625.648438,5177.320801,328.0000
VerticalSpawns light Version.esp,24000EED,00002CE2,PatrolIdleMarker,IDLM,-24198.980469,73030.226562,5253.083008,36.0000
VerticalSpawns light Version.esp,24000EEC,00002CE2,PatrolIdleMarker,IDLM,-24198.980469,73030.226562,5253.083008,36.0000
VerticalSpawns light Version.esp,24000EEB,00002CE2,PatrolIdleMarker,IDLM,-23449.490234,73788.023438,5271.632812,51.0000
VerticalSpawns light Version.esp,24000EEA,00002CE2,PatrolIdleMarker,IDLM,-21314.259766,75369.406250,5271.622070,62.0000
VerticalSpawns light Version.esp,24000EE9,00002CE2,PatrolIdleMarker,IDLM,-19570.980469,75947.960938,5271.630859,74.0000
VerticalSpawns light Version.esp,24000EE8,00002CE2,PatrolIdleMarker,IDLM,-19756.939453,76352.992188,5271.628906,264.0000
VerticalSpawns light Version.esp,24000EE7,00002CE2,PatrolIdleMarker,IDLM,-22021.640625,75609.640625,5271.625977,236.0000
VerticalSpawns light Version.esp,24000EE6,00002CE2,PatrolIdleMarker,IDLM,-22660.449219,74851.898438,5271.619141,229.0000
VerticalSpawns light Version.esp,24000EE5,00002CE2,PatrolIdleMarker,IDLM,-22963.050781,74513.289062,5271.604004,196.0000
VerticalSpawns light Version.esp,24000EE4,00002CE2,PatrolIdleMarker,IDLM,-22910.240234,74221.593750,5271.624023,221.0000
VerticalSpawns light Version.esp,24000EE3,00002CE2,PatrolIdleMarker,IDLM,-24473.189453,72634.976562,5228.795898,219.0000
VerticalSpawns light Version.esp,24000EE2,00002CE2,PatrolIdleMarker,IDLM,-22445.000000,56083.140625,4108.229980,320.0000
VerticalSpawns light Version.esp,24000EE1,00002CE2,PatrolIdleMarker,IDLM,-22445.000000,56083.140625,4108.229980,320.0000
VerticalSpawns light Version.esp,24000EE0,00002CE2,PatrolIdleMarker,IDLM,-23533.609375,57249.769531,4178.060059,320.0000
VerticalSpawns light Version.esp,24000EDF,00002CE2,PatrolIdleMarker,IDLM,-24708.900391,58659.449219,4404.658203,320.0000
VerticalSpawns light Version.esp,24000EDE,00002CE2,PatrolIdleMarker,IDLM,-25593.400391,59824.859375,4588.891113,321.0000
VerticalSpawns light Version.esp,24000EDD,00002CE2,PatrolIdleMarker,IDLM,-26799.310547,61501.070312,4892.459961,340.0000
VerticalSpawns light Version.esp,24000EDC,00002CE2,PatrolIdleMarker,IDLM,-27153.500000,63489.421875,5138.878906,359.0000
VerticalSpawns light Version.esp,24000EDB,00002CE2,PatrolIdleMarker,IDLM,-27187.269531,66436.859375,5452.181152,359.0000
VerticalSpawns light Version.esp,24000EDA,00002CE2,PatrolIdleMarker,IDLM,-27135.480469,63262.761719,5113.166992,176.0000
VerticalSpawns light Version.esp,24000ED9,00002CE2,PatrolIdleMarker,IDLM,-26473.609375,61084.859375,4814.291992,149.0000
VerticalSpawns light Version.esp,24000ED8,00002CE2,PatrolIdleMarker,IDLM,-25344.250000,59515.429687,4530.006836,140.0000
VerticalSpawns light Version.esp,24000ED7,00002CE2,PatrolIdleMarker,IDLM,-24327.269531,58274.351562,4328.395020,140.0000
VerticalSpawns light Version.esp,24000ED6,00002CE2,PatrolIdleMarker,IDLM,-22141.740234,55554.031250,4080.406006,140.0000
VerticalSpawns light Version.esp,24000ED5,00002CE2,PatrolIdleMarker,IDLM,-23089.679688,32427.710937,4739.999023,201.0000
VerticalSpawns light Version.esp,24000ED4,00002CE2,PatrolIdleMarker,IDLM,-23089.679688,32427.710937,4739.999023,201.0000
VerticalSpawns light Version.esp,24000ED3,00002CE2,PatrolIdleMarker,IDLM,-23974.169922,31137.380859,4591.522949,224.0000
VerticalSpawns light Version.esp,24000ED2,00002CE2,PatrolIdleMarker,IDLM,-24653.119141,30527.080078,4480.039062,208.0000
VerticalSpawns light Version.esp,24000ED1,00002CE2,PatrolIdleMarker,IDLM,-25058.009766,29693.890625,4480.056152,218.0000
VerticalSpawns light Version.esp,24000ED0,00002CE2,PatrolIdleMarker,IDLM,-26640.080078,28188.800781,4480.002930,225.0000
VerticalSpawns light Version.esp,24000ECF,00002CE2,PatrolIdleMarker,IDLM,-27101.179687,28355.619141,4479.999023,19.0000
VerticalSpawns light Version.esp,24000ECE,00002CE2,PatrolIdleMarker,IDLM,-26900.429687,28863.359375,4480.339844,30.0000
VerticalSpawns light Version.esp,24000ECD,00002CE2,PatrolIdleMarker,IDLM,-25843.580078,30187.789062,4479.981934,30.0000
VerticalSpawns light Version.esp,24000ECC,00002CE2,PatrolIdleMarker,IDLM,-25223.199219,31377.880859,4480.030762,341.0000
VerticalSpawns light Version.esp,24000ECB,00002CE2,PatrolIdleMarker,IDLM,-25940.830078,29917.039062,4480.143066,225.0000
VerticalSpawns light Version.esp,24000ECA,00002CE2,PatrolIdleMarker,IDLM,-27157.880859,28190.289062,4479.997070,71.0000
VerticalSpawns light Version.esp,24000EC9,00002CE2,PatrolIdleMarker,IDLM,-26781.050781,28056.380859,4479.991211,53.0000
VerticalSpawns light Version.esp,24000EC8,00002CE2,PatrolIdleMarker,IDLM,-25822.660156,29060.070312,4479.986816,43.0000
VerticalSpawns light Version.esp,24000EC7,00002CE2,PatrolIdleMarker,IDLM,-24947.380859,29897.800781,4480.098145,24.0000
VerticalSpawns light Version.esp,24000EC6,00002CE2,PatrolIdleMarker,IDLM,-24666.220703,30543.589844,4480.033203,49.0000
VerticalSpawns light Version.esp,24000EC5,00002CE2,PatrolIdleMarker,IDLM,-24015.330078,31113.169922,4589.130859,32.0000
VerticalSpawns light Version.esp,24000EC4,00002CE2,PatrolIdleMarker,IDLM,-22965.230469,32693.390625,4773.733887,22.0000
VerticalSpawns light Version.esp,24000EC3,00002CE2,PatrolIdleMarker,IDLM,-22614.810547,33789.019531,4906.056152,15.0000
VerticalSpawns light Version.esp,24000EC2,00002CE2,PatrolIdleMarker,IDLM,-21722.919922,49915.519531,4163.437988,184.0000
VerticalSpawns light Version.esp,24000EC1,00002CE2,PatrolIdleMarker,IDLM,-21722.919922,49915.519531,4163.437988,184.0000
VerticalSpawns light Version.esp,24000EC0,00002CE2,PatrolIdleMarker,IDLM,-21662.619141,48911.468750,4264.180176,162.0000
VerticalSpawns light Version.esp,24000EBF,00002CE2,PatrolIdleMarker,IDLM,-21358.220703,47646.460938,4405.079102,178.0000
VerticalSpawns light Version.esp,24000EBE,00002CE2,PatrolIdleMarker,IDLM,-21330.199219,45459.218750,4627.770996,178.0000
VerticalSpawns light Version.esp,24000EBD,00002CE2,PatrolIdleMarker,IDLM,-21326.640625,43429.449219,4880.035156,180.0000
VerticalSpawns light Version.esp,24000EBC,00002CE2,PatrolIdleMarker,IDLM,-21525.289062,41862.699219,5171.536133,174.0000
VerticalSpawns light Version.esp,24000EBB,00002CE2,PatrolIdleMarker,IDLM,-21581.179688,40063.449219,5416.265137,180.0000
VerticalSpawns light Version.esp,24000EBA,00002CE2,PatrolIdleMarker,IDLM,-21794.410156,38467.320312,5506.388184,183.0000
VerticalSpawns light Version.esp,24000EB9,00002CE2,PatrolIdleMarker,IDLM,-21821.750000,36315.921875,5541.075195,178.0000
VerticalSpawns light Version.esp,24000EB8,00002CE2,PatrolIdleMarker,IDLM,-21414.599609,34791.710938,5520.577148,176.0000
VerticalSpawns light Version.esp,24000EB7,00002CE2,PatrolIdleMarker,IDLM,-22011.900391,32620.769531,5276.416016,198.0000
VerticalSpawns light Version.esp,24000EB6,00002CE2,PatrolIdleMarker,IDLM,-23546.660156,30543.810547,5055.440918,12.0000
VerticalSpawns light Version.esp,24000EB5,00002CE2,PatrolIdleMarker,IDLM,-23203.490234,32399.769531,5248.301758,13.0000
VerticalSpawns light Version.esp,24000EB4,00002CE2,PatrolIdleMarker,IDLM,-23128.089844,33177.691406,5346.657227,33.0000
VerticalSpawns light Version.esp,24000EB3,00002CE2,PatrolIdleMarker,IDLM,-22278.179688,34275.519531,5477.997070,10.0000
VerticalSpawns light Version.esp,24000EB2,00002CE2,PatrolIdleMarker,IDLM,-22197.550781,36050.089844,5535.823242,359.0000
VerticalSpawns light Version.esp,24000EB1,00002CE2,PatrolIdleMarker,IDLM,-22213.880859,36862.980469,5533.180176,56.0000
VerticalSpawns light Version.esp,24000EB0,00002CE2,PatrolIdleMarker,IDLM,-21589.910156,37065.738281,5531.796875,356.0000
VerticalSpawns light Version.esp,24000EAF,00002CE2,PatrolIdleMarker,IDLM,-21858.910156,38099.730469,5527.179199,4.0000
VerticalSpawns light Version.esp,24000EAE,00002CE2,PatrolIdleMarker,IDLM,-21507.980469,39889.781250,5429.776855,0.0000
VerticalSpawns light Version.esp,24000EAD,00002CE2,PatrolIdleMarker,IDLM,-21570.849609,41948.019531,5161.692871,353.0000
VerticalSpawns light Version.esp,24000EAC,00002CE2,PatrolIdleMarker,IDLM,-21525.949219,45143.550781,4642.453125,1.0000
VerticalSpawns light Version.esp,24000EAB,00002CE2,PatrolIdleMarker,IDLM,-21494.359375,47906.878906,4365.196777,359.0000
VerticalSpawns light Version.esp,24000EAA,00002CE2,PatrolIdleMarker,IDLM,-21779.839844,49510.761719,4204.053223,357.0000
VerticalSpawns light Version.esp,24000EA9,00002CE2,PatrolIdleMarker,IDLM,-27183.490234,63533.308594,5146.672852,170.0000
VerticalSpawns light Version.esp,24000EA8,00002CE2,PatrolIdleMarker,IDLM,-27183.490234,63533.308594,5146.672852,170.0000
VerticalSpawns light Version.esp,24000EA7,00002CE2,PatrolIdleMarker,IDLM,-26796.169922,61558.000000,4898.109863,149.0000
VerticalSpawns light Version.esp,24000EA6,00002CE2,PatrolIdleMarker,IDLM,-25754.650391,59952.109375,4619.301758,140.0000
VerticalSpawns light Version.esp,24000EA5,00002CE2,PatrolIdleMarker,IDLM,-24789.539062,58812.578125,4428.857910,140.0000
VerticalSpawns light Version.esp,24000EA4,00002CE2,PatrolIdleMarker,IDLM,-24111.939453,58004.089844,4280.740234,140.0000
VerticalSpawns light Version.esp,24000EA3,00002CE2,PatrolIdleMarker,IDLM,-22606.169922,56166.949219,4112.621094,142.0000
VerticalSpawns light Version.esp,24000EA2,00002CE2,PatrolIdleMarker,IDLM,-21816.080078,54622.449219,4031.707031,293.0000
VerticalSpawns light Version.esp,24000EA1,00002CE2,PatrolIdleMarker,IDLM,-22401.759766,54730.648437,4037.375977,318.0000
VerticalSpawns light Version.esp,24000EA0,00002CE2,PatrolIdleMarker,IDLM,-22988.910156,55951.449219,4101.344238,320.0000
VerticalSpawns light Version.esp,24000E9F,00002CE2,PatrolIdleMarker,IDLM,-24487.169922,57528.480469,4249.007812,314.0000
VerticalSpawns light Version.esp,24000E9E,00002CE2,PatrolIdleMarker,IDLM,-24130.519531,58195.871094,4304.988770,317.0000
VerticalSpawns light Version.esp,24000E9D,00002CE2,PatrolIdleMarker,IDLM,-25359.349609,59515.660156,4531.626953,316.0000
VerticalSpawns light Version.esp,24000E9C,00002CE2,PatrolIdleMarker,IDLM,-26759.949219,61584.800781,4897.102051,332.0000
VerticalSpawns light Version.esp,24000E9B,00002CE2,PatrolIdleMarker,IDLM,-27078.949219,63268.679687,5107.812988,352.0000
VerticalSpawns light Version.esp,24000E9A,00002CE2,PatrolIdleMarker,IDLM,-27153.679687,64975.808594,5295.117188,4.0000
VerticalSpawns light Version.esp,24000E99,00002CE2,PatrolIdleMarker,IDLM,-22922.789062,56563.031250,3620.715088,321.0000
VerticalSpawns light Version.esp,24000E98,00002CE2,PatrolIdleMarker,IDLM,-22922.789062,56563.031250,3620.715088,321.0000
VerticalSpawns light Version.esp,24000E97,00002CE2,PatrolIdleMarker,IDLM,-24001.640625,58061.828125,3765.729980,313.0000
VerticalSpawns light Version.esp,24000E96,00002CE2,PatrolIdleMarker,IDLM,-25307.349609,59291.488281,3997.551025,233.0000
VerticalSpawns light Version.esp,24000E95,00002CE2,PatrolIdleMarker,IDLM,-25625.179688,58766.691406,3959.535889,133.0000
VerticalSpawns light Version.esp,24000E94,00002CE2,PatrolIdleMarker,IDLM,-24698.470703,58063.820312,3814.459961,132.0000
VerticalSpawns light Version.esp,24000E93,00002CE2,PatrolIdleMarker,IDLM,-23653.789062,56981.289062,3647.803955,137.0000
VerticalSpawns light Version.esp,24000E92,00002CE2,PatrolIdleMarker,IDLM,-22552.539062,54935.898437,3535.509033,158.0000
VerticalSpawns light Version.esp,24000E91,00002CE2,PatrolIdleMarker,IDLM,-21995.279297,55111.750000,3544.653076,74.0000
VerticalSpawns light Version.esp,24000E90,00002CE2,PatrolIdleMarker,IDLM,-21601.300781,41309.609375,5248.851074,357.0000
VerticalSpawns light Version.esp,24000E8F,00002CE2,PatrolIdleMarker,IDLM,-21601.300781,41309.609375,5248.851074,357.0000
VerticalSpawns light Version.esp,24000E8E,00002CE2,PatrolIdleMarker,IDLM,-21619.439453,43411.718750,4867.194824,1.0000
VerticalSpawns light Version.esp,24000E8D,00002CE2,PatrolIdleMarker,IDLM,-21472.919922,45958.859375,4560.819824,0.0000
VerticalSpawns light Version.esp,24000E8C,00002CE2,PatrolIdleMarker,IDLM,-21483.769531,48318.769531,4323.799805,347.0000
VerticalSpawns light Version.esp,24000E8B,00002CE2,PatrolIdleMarker,IDLM,-21760.429688,50220.449219,4132.844238,2.0000
VerticalSpawns light Version.esp,24000E8A,00002CE2,PatrolIdleMarker,IDLM,-21591.369141,52131.441406,3866.267090,345.0000
VerticalSpawns light Version.esp,24000E89,00002CE2,PatrolIdleMarker,IDLM,-21742.179688,49792.750000,4175.755859,182.0000
VerticalSpawns light Version.esp,24000E88,00002CE2,PatrolIdleMarker,IDLM,-21421.500000,47749.558594,4382.250000,179.0000
VerticalSpawns light Version.esp,24000E87,00002CE2,PatrolIdleMarker,IDLM,-21464.460938,45315.449219,4625.270020,185.0000
VerticalSpawns light Version.esp,24000E86,00002CE2,PatrolIdleMarker,IDLM,-21649.609375,42068.820312,5137.573242,181.0000
VerticalSpawns light Version.esp,24000E85,00002CE2,PatrolIdleMarker,IDLM,-21609.669922,39908.589844,5428.313965,180.0000
VerticalSpawns light Version.esp,24000E84,00002CE2,PatrolIdleMarker,IDLM,-34315.109375,19602.189453,4783.808105,227.0000
VerticalSpawns light Version.esp,24000E83,00002CE2,PatrolIdleMarker,IDLM,-34315.109375,19602.189453,4783.808105,227.0000
VerticalSpawns light Version.esp,24000E82,00002CE2,PatrolIdleMarker,IDLM,-35462.710938,18278.730469,4783.881836,218.0000
VerticalSpawns light Version.esp,24000E81,00002CE2,PatrolIdleMarker,IDLM,-36524.871094,17134.890625,4781.402832,228.0000
VerticalSpawns light Version.esp,24000E80,00002CE2,PatrolIdleMarker,IDLM,-37780.500000,16025.429687,4689.959961,250.0000
VerticalSpawns light Version.esp,24000E7F,00002CE2,PatrolIdleMarker,IDLM,-39286.738281,15486.519531,4498.160156,251.0000
VerticalSpawns light Version.esp,24000E7E,00002CE2,PatrolIdleMarker,IDLM,-40902.921875,15182.080078,4343.879883,359.0000
VerticalSpawns light Version.esp,24000E7D,00002CE2,PatrolIdleMarker,IDLM,-41009.839844,15988.259766,4409.840820,71.0000
VerticalSpawns light Version.esp,24000E7C,00002CE2,PatrolIdleMarker,IDLM,-39601.539062,16407.900391,4552.798828,76.0000
VerticalSpawns light Version.esp,24000E7B,00002CE2,PatrolIdleMarker,IDLM,-38685.089844,16570.710937,4645.884766,52.0000
VerticalSpawns light Version.esp,24000E7A,00002CE2,PatrolIdleMarker,IDLM,-37995.019531,16906.779297,4719.729004,55.0000
VerticalSpawns light Version.esp,24000E79,00002CE2,PatrolIdleMarker,IDLM,-37439.449219,17480.900391,4772.872070,62.0000
VerticalSpawns light Version.esp,24000E78,00002CE2,PatrolIdleMarker,IDLM,-36799.359375,17723.970703,4783.901855,48.0000
VerticalSpawns light Version.esp,24000E77,00002CE2,PatrolIdleMarker,IDLM,-35367.328125,19142.150391,4783.901855,44.0000
VerticalSpawns light Version.esp,24000E76,00002CE2,PatrolIdleMarker,IDLM,-34558.761719,20217.869141,4786.449219,38.0000
VerticalSpawns light Version.esp,24000E75,00002CE2,PatrolIdleMarker,IDLM,-34029.250000,20661.919922,4830.798828,128.0000
VerticalSpawns light Version.esp,24000E74,00002CE2,PatrolIdleMarker,IDLM,-33900.488281,20549.210938,4857.671875,128.0000
VerticalSpawns light Version.esp,24000E73,00002CE2,PatrolIdleMarker,IDLM,-33564.558594,20214.369141,4783.166016,51.0000
VerticalSpawns light Version.esp,24000E72,00002CE2,PatrolIdleMarker,IDLM,-55277.679687,13823.879883,3320.510986,252.0000
VerticalSpawns light Version.esp,24000E71,00002CE2,PatrolIdleMarker,IDLM,-55277.679687,13823.879883,3320.510986,252.0000
VerticalSpawns light Version.esp,24000E70,00002CE2,PatrolIdleMarker,IDLM,-57596.140625,13043.750000,3353.989990,252.0000
VerticalSpawns light Version.esp,24000E6F,00002CE2,PatrolIdleMarker,IDLM,-59567.640625,12398.559570,3354.311035,233.0000
VerticalSpawns light Version.esp,24000E6E,00002CE2,PatrolIdleMarker,IDLM,-60660.941406,11787.849609,3354.125000,227.0000
VerticalSpawns light Version.esp,24000E6D,00002CE2,PatrolIdleMarker,IDLM,-61668.078125,10663.799805,3354.143066,220.0000
VerticalSpawns light Version.esp,24000E6C,00002CE2,PatrolIdleMarker,IDLM,-60315.398437,12039.080078,3354.145020,57.0000
VerticalSpawns light Version.esp,24000E6B,00002CE2,PatrolIdleMarker,IDLM,-58204.621094,12992.940430,3354.253906,77.0000
VerticalSpawns light Version.esp,24000E6A,00002CE2,PatrolIdleMarker,IDLM,-54606.941406,14050.589844,3290.937012,74.0000
VerticalSpawns light Version.esp,24000E69,00002CE2,PatrolIdleMarker,IDLM,-69108.812500,1441.303955,3276.285889,10.0000
VerticalSpawns light Version.esp,24000E68,00002CE2,PatrolIdleMarker,IDLM,-69108.812500,1441.303955,3276.285889,10.0000
VerticalSpawns light Version.esp,24000E67,00002CE2,PatrolIdleMarker,IDLM,-68727.109375,2440.159912,3193.958008,31.0000
VerticalSpawns light Version.esp,24000E66,00002CE2,PatrolIdleMarker,IDLM,-67857.507812,3390.379883,3097.834961,41.0000
VerticalSpawns light Version.esp,24000E65,00002CE2,PatrolIdleMarker,IDLM,-67821.562500,3496.135986,3085.125977,210.0000
VerticalSpawns light Version.esp,24000E64,00002CE2,PatrolIdleMarker,IDLM,-68761.382812,2463.062988,3192.771973,203.0000
VerticalSpawns light Version.esp,24000E63,00002CE2,PatrolIdleMarker,IDLM,-69239.000000,502.026001,3349.326904,190.0000
VerticalSpawns light Version.esp,24000E62,00002CE2,PatrolIdleMarker,IDLM,-69469.546875,-11141.459961,4462.207031,359.0000
VerticalSpawns light Version.esp,24000E61,00002CE2,PatrolIdleMarker,IDLM,-69469.546875,-11141.459961,4462.207031,359.0000
VerticalSpawns light Version.esp,24000E60,00002CE2,PatrolIdleMarker,IDLM,-69680.437500,-9262.223633,4323.976074,353.0000
VerticalSpawns light Version.esp,24000E5F,00002CE2,PatrolIdleMarker,IDLM,-69727.460938,-8051.719238,4213.548828,358.0000
VerticalSpawns light Version.esp,24000E5E,00002CE2,PatrolIdleMarker,IDLM,-69714.726562,-5773.145996,4084.974121,358.0000
VerticalSpawns light Version.esp,24000E5D,00002CE2,PatrolIdleMarker,IDLM,-69790.953125,-7297.062988,4183.123047,176.0000
VerticalSpawns light Version.esp,24000E5C,00002CE2,PatrolIdleMarker,IDLM,-69687.812500,-8980.300781,4294.574219,176.0000
VerticalSpawns light Version.esp,24000E5B,00002CE2,PatrolIdleMarker,IDLM,-69373.492188,-10038.990234,4397.270996,172.0000
VerticalSpawns light Version.esp,24000E5A,00002CE2,PatrolIdleMarker,IDLM,-69410.140625,-12280.070312,4502.032227,178.0000
VerticalSpawns light Version.esp,24000E59,00002CE2,PatrolIdleMarker,IDLM,-69341.226562,-15086.179687,4599.942871,185.0000
VerticalSpawns light Version.esp,24000E58,00002CE2,PatrolIdleMarker,IDLM,-69136.101562,-14260.049805,5099.412109,359.0000
VerticalSpawns light Version.esp,24000E57,00002CE2,PatrolIdleMarker,IDLM,-69136.101562,-14260.049805,5099.412109,359.0000
VerticalSpawns light Version.esp,24000E56,00002CE2,PatrolIdleMarker,IDLM,-69441.476562,-11699.240234,4994.058105,354.0000
VerticalSpawns light Version.esp,24000E55,00002CE2,PatrolIdleMarker,IDLM,-69341.500000,-13426.990234,5054.298828,177.0000
VerticalSpawns light Version.esp,24000E54,00002CE2,PatrolIdleMarker,IDLM,-69159.882812,-16168.860352,5150.264160,0.0000
VerticalSpawns light Version.esp,24000E53,00002CE2,PatrolIdleMarker,IDLM,-69874.093750,-24842.500000,4931.287109,355.0000
VerticalSpawns light Version.esp,24000E52,00002CE2,PatrolIdleMarker,IDLM,-69874.093750,-24842.500000,4931.287109,355.0000
VerticalSpawns light Version.esp,24000E51,00002CE2,PatrolIdleMarker,IDLM,-69963.289062,-21529.130859,4824.956055,200.0000
VerticalSpawns light Version.esp,24000E50,00002CE2,PatrolIdleMarker,IDLM,-70332.851562,-23090.550781,4879.466797,188.0000
VerticalSpawns light Version.esp,24000E4F,00002CE2,PatrolIdleMarker,IDLM,-70495.320312,-25021.060547,4941.289062,180.0000
VerticalSpawns light Version.esp,24000E4E,00002CE2,PatrolIdleMarker,IDLM,-70548.929688,-27337.710937,4686.543945,240.0000
VerticalSpawns light Version.esp,24000E4D,00002CE2,PatrolIdleMarker,IDLM,-70468.453125,-24877.599609,4949.512207,1.0000
VerticalSpawns light Version.esp,24000E4C,00002CE2,PatrolIdleMarker,IDLM,-69981.343750,-21886.119141,4837.424805,177.0000
VerticalSpawns light Version.esp,24000E4B,00002CE2,PatrolIdleMarker,IDLM,-69826.492188,-24578.039062,4920.851074,181.0000
VerticalSpawns light Version.esp,24000E4A,00002CE2,PatrolIdleMarker,IDLM,-69650.140625,-26109.679687,5044.028809,170.0000
VerticalSpawns light Version.esp,24000E49,00002CE2,PatrolIdleMarker,IDLM,-63857.070312,-40760.839844,5119.333008,322.0000
VerticalSpawns light Version.esp,24000E48,00002CE2,PatrolIdleMarker,IDLM,-63857.070312,-40760.839844,5119.333008,322.0000
VerticalSpawns light Version.esp,24000E47,00002CE2,PatrolIdleMarker,IDLM,-64037.609375,-39988.800781,5152.569824,293.0000
VerticalSpawns light Version.esp,24000E46,00002CE2,PatrolIdleMarker,IDLM,-65054.238281,-39594.628906,5201.895996,314.0000
VerticalSpawns light Version.esp,24000E45,00002CE2,PatrolIdleMarker,IDLM,-65899.242187,-38804.648438,5259.066895,304.0000
VerticalSpawns light Version.esp,24000E44,00002CE2,PatrolIdleMarker,IDLM,-66695.523437,-38086.191406,5311.870117,239.0000
VerticalSpawns light Version.esp,24000E43,00002CE2,PatrolIdleMarker,IDLM,-67101.273437,-38685.589844,5305.294922,131.0000
VerticalSpawns light Version.esp,24000E42,00002CE2,PatrolIdleMarker,IDLM,-65373.050781,-40305.968750,5198.286133,131.0000
VerticalSpawns light Version.esp,24000E41,00002CE2,PatrolIdleMarker,IDLM,-63765.199219,-41468.109375,5091.680176,142.0000
VerticalSpawns light Version.esp,24000E40,00002CE2,PatrolIdleMarker,IDLM,-63650.781250,-42073.261719,5066.162109,329.0000
VerticalSpawns light Version.esp,24000E3F,00002CE2,PatrolIdleMarker,IDLM,-64065.789062,-41149.601562,5113.044922,313.0000
VerticalSpawns light Version.esp,24000E3E,00002CE2,PatrolIdleMarker,IDLM,-65505.820312,-40263.789062,5194.312988,317.0000
VerticalSpawns light Version.esp,24000E3D,00002CE2,PatrolIdleMarker,IDLM,-67153.859375,-38631.859375,5308.966797,60.0000
VerticalSpawns light Version.esp,24000E3C,00002CE2,PatrolIdleMarker,IDLM,-66493.929687,-38239.839844,5299.499023,140.0000
VerticalSpawns light Version.esp,24000E3B,00002CE2,PatrolIdleMarker,IDLM,-64782.738281,-39686.699219,5189.205078,130.0000
VerticalSpawns light Version.esp,24000E3A,00002CE2,PatrolIdleMarker,IDLM,-63992.789062,-40208.519531,5143.368164,165.0000
VerticalSpawns light Version.esp,24000E39,00002CE2,PatrolIdleMarker,IDLM,-63866.140625,-41004.128906,5111.148926,128.0000
VerticalSpawns light Version.esp,24000E38,00002CE2,PatrolIdleMarker,IDLM,-61159.679687,-48554.609375,5190.050781,126.0000
VerticalSpawns light Version.esp,24000E37,00002CE2,PatrolIdleMarker,IDLM,-61159.679687,-48554.609375,5190.050781,126.0000
VerticalSpawns light Version.esp,24000E36,00002CE2,PatrolIdleMarker,IDLM,-60625.390625,-48715.441406,5174.776855,183.0000
VerticalSpawns light Version.esp,24000E35,00002CE2,PatrolIdleMarker,IDLM,-60402.191406,-51778.781250,5103.983887,337.0000
VerticalSpawns light Version.esp,24000E34,00002CE2,PatrolIdleMarker,IDLM,-60584.761719,-49262.179688,5133.761230,279.0000
VerticalSpawns light Version.esp,24000E33,00002CE2,PatrolIdleMarker,IDLM,-61118.359375,-49257.449219,5131.451172,201.0000
VerticalSpawns light Version.esp,24000E32,00002CE2,PatrolIdleMarker,IDLM,-61406.511719,-50166.109375,5103.996094,172.0000
VerticalSpawns light Version.esp,24000E31,00002CE2,PatrolIdleMarker,IDLM,-61174.519531,-50846.339844,5103.933105,181.0000
VerticalSpawns light Version.esp,24000E30,00002CE2,PatrolIdleMarker,IDLM,-61098.160156,-51952.519531,5104.049805,208.0000
VerticalSpawns light Version.esp,24000E2F,00002CE2,PatrolIdleMarker,IDLM,-61171.230469,-50803.410156,5103.933105,346.0000
VerticalSpawns light Version.esp,24000E2E,00002CE2,PatrolIdleMarker,IDLM,-61296.031250,-50011.878906,5103.985840,20.0000
VerticalSpawns light Version.esp,24000E2D,00002CE2,PatrolIdleMarker,IDLM,-61104.199219,-48688.289062,5177.394043,82.0000
VerticalSpawns light Version.esp,24000E2C,00002CE2,PatrolIdleMarker,IDLM,-61188.878906,-47819.480469,5264.793945,153.0000
VerticalSpawns light Version.esp,24000E2B,00002CE2,PatrolIdleMarker,IDLM,-59205.429687,-62116.859375,4370.831055,346.0000
VerticalSpawns light Version.esp,24000E2A,00002CE2,PatrolIdleMarker,IDLM,-59205.429687,-62116.859375,4370.831055,346.0000
VerticalSpawns light Version.esp,24000E29,00002CE2,PatrolIdleMarker,IDLM,-59499.359375,-60027.968750,4400.020020,354.0000
VerticalSpawns light Version.esp,24000E28,00002CE2,PatrolIdleMarker,IDLM,-59857.320312,-57587.179687,4290.462891,355.0000
VerticalSpawns light Version.esp,24000E27,00002CE2,PatrolIdleMarker,IDLM,-59578.761719,-59711.421875,4400.030762,174.0000
VerticalSpawns light Version.esp,24000E26,00002CE2,PatrolIdleMarker,IDLM,-59146.960937,-62269.468750,4364.932129,166.0000
VerticalSpawns light Version.esp,24000E25,00002CE2,PatrolIdleMarker,IDLM,37757.128906,-101734.101562,3085.639893,180.0000
VerticalSpawns light Version.esp,24000E24,00002CE2,PatrolIdleMarker,IDLM,37757.128906,-101734.101562,3085.639893,180.0000
VerticalSpawns light Version.esp,24000E23,00002CE2,PatrolIdleMarker,IDLM,37512.171875,-103787.601562,3104.666992,175.0000
VerticalSpawns light Version.esp,24000E22,00002CE2,PatrolIdleMarker,IDLM,38010.871094,-106088.398437,3104.611084,156.0000
VerticalSpawns light Version.esp,24000E21,00002CE2,PatrolIdleMarker,IDLM,39070.320312,-108422.500000,3104.870117,245.0000
VerticalSpawns light Version.esp,24000E20,00002CE2,PatrolIdleMarker,IDLM,38404.890625,-108769.398437,3104.836914,333.0000
VerticalSpawns light Version.esp,24000E1F,00002CE2,PatrolIdleMarker,IDLM,37556.109375,-107074.898437,3104.806885,333.0000
VerticalSpawns light Version.esp,24000E1E,00002CE2,PatrolIdleMarker,IDLM,37094.960938,-105224.398437,3104.818115,358.0000
VerticalSpawns light Version.esp,24000E1D,00002CE2,PatrolIdleMarker,IDLM,37012.148438,-103098.500000,3103.927002,358.0000
VerticalSpawns light Version.esp,24000E1C,00002CE2,PatrolIdleMarker,IDLM,36926.050781,-99671.843750,2982.031982,166.0000
VerticalSpawns light Version.esp,24000E1B,00002CE2,PatrolIdleMarker,IDLM,36943.519531,-102869.703125,3101.895020,93.0000
VerticalSpawns light Version.esp,24000E1A,00002CE2,PatrolIdleMarker,IDLM,37733.628906,-102850.398437,3101.542969,17.0000
VerticalSpawns light Version.esp,24000E19,00002CE2,PatrolIdleMarker,IDLM,37602.949219,-100361.500000,3030.357910,21.0000
VerticalSpawns light Version.esp,24000E18,00002CE2,PatrolIdleMarker,IDLM,37023.730469,-100640.601562,2533.906982,180.0000
VerticalSpawns light Version.esp,24000E17,00002CE2,PatrolIdleMarker,IDLM,37023.730469,-100640.601562,2533.906982,180.0000
VerticalSpawns light Version.esp,24000E16,00002CE2,PatrolIdleMarker,IDLM,37190.488281,-102321.601562,2584.565918,179.0000
VerticalSpawns light Version.esp,24000E15,00002CE2,PatrolIdleMarker,IDLM,37209.699219,-103885.000000,2593.812012,179.0000
VerticalSpawns light Version.esp,24000E14,00002CE2,PatrolIdleMarker,IDLM,37331.378906,-106724.398437,2592.829102,171.0000
VerticalSpawns light Version.esp,24000E13,00002CE2,PatrolIdleMarker,IDLM,38310.949219,-108469.203125,2592.846924,31.0000
VerticalSpawns light Version.esp,24000E12,00002CE2,PatrolIdleMarker,IDLM,38819.699219,-107907.898437,2592.761963,2.0000
VerticalSpawns light Version.esp,24000E11,00002CE2,PatrolIdleMarker,IDLM,37720.750000,-105425.101562,2592.966064,341.0000
VerticalSpawns light Version.esp,24000E10,00002CE2,PatrolIdleMarker,IDLM,37711.351562,-102969.398437,2590.480957,354.0000
VerticalSpawns light Version.esp,24000E0F,00002CE2,PatrolIdleMarker,IDLM,37419.210938,-100342.796875,2517.228027,1.0000
VerticalSpawns light Version.esp,24000E0E,00002CE2,PatrolIdleMarker,IDLM,37570.179688,-99142.148438,2422.235107,277.0000
VerticalSpawns light Version.esp,24000E0D,00002CE2,PatrolIdleMarker,IDLM,37007.800781,-99139.476562,2420.920898,184.0000
VerticalSpawns light Version.esp,24000E0C,00002CE2,PatrolIdleMarker,IDLM,37766.570312,-100152.601562,3017.541016,177.0000
VerticalSpawns light Version.esp,24000E0B,00002CE2,PatrolIdleMarker,IDLM,37317.250000,-91809.351562,3369.916016,352.0000
VerticalSpawns light Version.esp,24000E0A,00002CE2,PatrolIdleMarker,IDLM,37317.250000,-91809.351562,3369.916016,352.0000
VerticalSpawns light Version.esp,24000E09,00002CE2,PatrolIdleMarker,IDLM,36694.320312,-90125.156250,3369.957031,244.0000
VerticalSpawns light Version.esp,24000E08,00002CE2,PatrolIdleMarker,IDLM,35860.371094,-90582.046875,3369.770996,163.0000
VerticalSpawns light Version.esp,24000E07,00002CE2,PatrolIdleMarker,IDLM,36482.960938,-91971.570312,3369.915039,154.0000
VerticalSpawns light Version.esp,24000E06,00002CE2,PatrolIdleMarker,IDLM,36597.839844,-93457.492188,3369.940918,91.0000
VerticalSpawns light Version.esp,24000E05,00002CE2,PatrolIdleMarker,IDLM,37371.980469,-93477.648438,3369.939941,91.0000
VerticalSpawns light Version.esp,24000E04,00002CE2,PatrolIdleMarker,IDLM,20035.720703,-30060.589844,1898.207031,177.0000
VerticalSpawns light Version.esp,24000E03,00002CE2,PatrolIdleMarker,IDLM,20035.720703,-30060.589844,1898.207031,177.0000
VerticalSpawns light Version.esp,24000E02,00002CE2,PatrolIdleMarker,IDLM,20288.630859,-32305.720703,1873.562012,176.0000
VerticalSpawns light Version.esp,24000E01,00002CE2,PatrolIdleMarker,IDLM,20417.859375,-33197.539062,1904.755005,172.0000
VerticalSpawns light Version.esp,24000E00,00002CE2,PatrolIdleMarker,IDLM,20024.630859,-34322.191406,1904.142944,193.0000
VerticalSpawns light Version.esp,24000DFF,00002CE2,PatrolIdleMarker,IDLM,20218.730469,-35733.128906,1903.808960,173.0000
VerticalSpawns light Version.esp,24000DFE,00002CE2,PatrolIdleMarker,IDLM,20155.980469,-34068.000000,1904.036987,10.0000
VerticalSpawns light Version.esp,24000DFD,00002CE2,PatrolIdleMarker,IDLM,20383.640625,-33297.199219,1904.260010,359.0000
VerticalSpawns light Version.esp,24000DFC,00002CE2,PatrolIdleMarker,IDLM,20377.060547,-32490.220703,1868.595947,359.0000
VerticalSpawns light Version.esp,24000DFB,00002CE2,PatrolIdleMarker,IDLM,20115.740234,-30083.580078,1896.625000,0.0000
VerticalSpawns light Version.esp,24000DFA,00002CE2,PatrolIdleMarker,IDLM,19841.869141,-27377.220703,2154.395996,181.0000
VerticalSpawns light Version.esp,24000DF9,00002CE2,PatrolIdleMarker,IDLM,19497.869141,-29062.369141,1985.396973,199.0000
VerticalSpawns light Version.esp,24000DF8,00002CE2,PatrolIdleMarker,IDLM,19207.779297,-30310.589844,1771.569946,223.0000
VerticalSpawns light Version.esp,24000DF7,00002CE2,PatrolIdleMarker,IDLM,18320.339844,-31235.640625,1444.494995,230.0000
VerticalSpawns light Version.esp,24000DF6,00002CE2,PatrolIdleMarker,IDLM,19189.529297,-30421.019531,1744.259033,29.0000
VerticalSpawns light Version.esp,24000DF5,00002CE2,PatrolIdleMarker,IDLM,19575.210938,-28764.470703,2015.238037,9.0000
VerticalSpawns light Version.esp,24000DF4,00002CE2,PatrolIdleMarker,IDLM,19646.130859,-27732.210937,2118.835937,9.0000
VerticalSpawns light Version.esp,24000DF3,00002CE2,PatrolIdleMarker,IDLM,25416.710938,-2232.589111,3671.934082,174.0000
VerticalSpawns light Version.esp,24000DF2,00002CE2,PatrolIdleMarker,IDLM,25416.710938,-2232.589111,3671.934082,174.0000
VerticalSpawns light Version.esp,24000DF1,00002CE2,PatrolIdleMarker,IDLM,25398.949219,-3401.720947,3655.922119,260.0000
VerticalSpawns light Version.esp,24000DF0,00002CE2,PatrolIdleMarker,IDLM,24635.839844,-3405.739014,3655.662109,350.0000
VerticalSpawns light Version.esp,24000DEF,00002CE2,PatrolIdleMarker,IDLM,23957.019531,-754.826111,3655.934082,119.0000
VerticalSpawns light Version.esp,24000DEE,00002CE2,PatrolIdleMarker,IDLM,24264.279297,-2798.632080,3671.988037,74.0000
VerticalSpawns light Version.esp,24000DED,00002CE2,PatrolIdleMarker,IDLM,25360.119141,-2547.641113,3655.968018,354.0000
VerticalSpawns light Version.esp,24000DEC,00002CE2,PatrolIdleMarker,IDLM,24632.599609,-540.907593,3655.937012,334.0000
VerticalSpawns light Version.esp,24000DEB,00002CE2,PatrolIdleMarker,IDLM,20932.890625,2491.430908,3100.274902,137.0000
VerticalSpawns light Version.esp,24000DEA,00002CE2,PatrolIdleMarker,IDLM,20932.890625,2491.430908,3100.274902,137.0000
VerticalSpawns light Version.esp,24000DE9,00002CE2,PatrolIdleMarker,IDLM,21039.279297,2141.902100,3132.745117,134.0000
VerticalSpawns light Version.esp,24000DE8,00002CE2,PatrolIdleMarker,IDLM,21656.830078,1530.875000,3159.958008,134.0000
VerticalSpawns light Version.esp,24000DE7,00002CE2,PatrolIdleMarker,IDLM,23098.500000,491.219299,3147.208008,30.0000
VerticalSpawns light Version.esp,24000DE6,00002CE2,PatrolIdleMarker,IDLM,23355.429688,1264.056030,3206.079102,328.0000
VerticalSpawns light Version.esp,24000DE5,00002CE2,PatrolIdleMarker,IDLM,22633.539062,1587.926025,3144.009033,334.0000
VerticalSpawns light Version.esp,24000DE4,00002CE2,PatrolIdleMarker,IDLM,22343.470703,2178.770996,3143.941895,241.0000
VerticalSpawns light Version.esp,24000DE3,00002CE2,PatrolIdleMarker,IDLM,21480.240234,1710.316040,3159.943115,311.0000
VerticalSpawns light Version.esp,24000DE2,00002CE2,PatrolIdleMarker,IDLM,19855.480469,3423.373047,3050.041016,326.0000
VerticalSpawns light Version.esp,24000DE1,00002CE2,PatrolIdleMarker,IDLM,18993.310547,5771.262207,3440.694092,311.0000
VerticalSpawns light Version.esp,24000DE0,00002CE2,PatrolIdleMarker,IDLM,18993.310547,5771.262207,3440.694092,311.0000
VerticalSpawns light Version.esp,24000DDF,00002CE2,PatrolIdleMarker,IDLM,19395.769531,5157.192871,3476.364014,197.0000
VerticalSpawns light Version.esp,24000DDE,00002CE2,PatrolIdleMarker,IDLM,18491.089844,4791.336914,3441.728027,291.0000
VerticalSpawns light Version.esp,24000DDD,00002CE2,PatrolIdleMarker,IDLM,17446.500000,5756.665039,3303.908936,311.0000
VerticalSpawns light Version.esp,24000DDC,00002CE2,PatrolIdleMarker,IDLM,16746.949219,6414.193848,3134.108887,311.0000
VerticalSpawns light Version.esp,24000DDB,00002CE2,PatrolIdleMarker,IDLM,16224.669922,6755.856934,3146.495117,352.0000
VerticalSpawns light Version.esp,24000DDA,00002CE2,PatrolIdleMarker,IDLM,17134.580078,5810.631836,3262.983887,133.0000
VerticalSpawns light Version.esp,24000DD9,00002CE2,PatrolIdleMarker,IDLM,18300.460938,4963.970215,3422.656982,119.0000
VerticalSpawns light Version.esp,24000DD8,00002CE2,PatrolIdleMarker,IDLM,19461.779297,5020.773926,3486.628906,338.0000
VerticalSpawns light Version.esp,24000DD7,00002CE2,PatrolIdleMarker,IDLM,18551.679688,6208.019043,3369.487061,307.0000
VerticalSpawns light Version.esp,24000DD6,00002CE2,PatrolIdleMarker,IDLM,14550.559570,9917.964844,3023.720947,133.0000
VerticalSpawns light Version.esp,24000DD5,00002CE2,PatrolIdleMarker,IDLM,14550.559570,9917.964844,3023.720947,133.0000
VerticalSpawns light Version.esp,24000DD4,00002CE2,PatrolIdleMarker,IDLM,16168.059570,8670.630859,3174.947998,210.0000
VerticalSpawns light Version.esp,24000DD3,00002CE2,PatrolIdleMarker,IDLM,15490.480469,8034.002930,3166.134033,318.0000
VerticalSpawns light Version.esp,24000DD2,00002CE2,PatrolIdleMarker,IDLM,14119.650391,9561.269531,3015.691895,318.0000
VerticalSpawns light Version.esp,24000DD1,00002CE2,PatrolIdleMarker,IDLM,13336.599609,9819.655273,2974.395020,318.0000
VerticalSpawns light Version.esp,24000DD0,00002CE2,PatrolIdleMarker,IDLM,12416.589844,11024.879883,2849.218994,318.0000
VerticalSpawns light Version.esp,24000DCF,00002CE2,PatrolIdleMarker,IDLM,13509.900391,9617.021484,2994.237061,136.0000
VerticalSpawns light Version.esp,24000DCE,00002CE2,PatrolIdleMarker,IDLM,14829.179687,8596.584961,3101.717041,120.0000
VerticalSpawns light Version.esp,24000DCD,00002CE2,PatrolIdleMarker,IDLM,16317.580078,8295.476562,3201.324951,312.0000
VerticalSpawns light Version.esp,24000DCC,00002CE2,PatrolIdleMarker,IDLM,13623.809570,10721.469727,2932.804932,311.0000
VerticalSpawns light Version.esp,24000DCB,00002CE2,PatrolIdleMarker,IDLM,11885.290039,12483.009766,2750.294922,312.0000
